/u/ibrahim.eisawy/Neural-Guided-Search/venv/lib/python3.10/site-packages/pymimir_rgnn/model.py:151: UserWarning: index_reduce() is in beta and the API may change at any time. (Triggered internally at /pytorch/aten/src/ATen/native/cuda/Indexing.cu:1541.)
  max_msg.index_reduce_(0, output_indices, output_messages, reduce='amax', include_self=True)
Torch: 2.12.0+cu130
Using GPU:  NVIDIA L40S
563.618: (move f6-0f f5-0f)
565.463: (move f6-0f f7-0f)
564.171: (move f5-0f f4-0f)
inf: (move f5-0f f6-0f)
inf: (move f7-0f f6-0f)
561.096: (move f4-0f f3-0f)
inf: (move f4-0f f5-0f)
553.411: (move f3-0f f2-0f)
inf: (move f3-0f f4-0f)
555.569: (move f2-0f f1-0f)
inf: (move f2-0f f3-0f)
548.710: (move f1-0f f0-0f)
inf: (move f1-0f f2-0f)
548.143: (pickup-laser f0-0f)
548.710: (pickup-bomb f0-0f)
inf: (move f0-0f f1-0f)
536.420: (fire-laser f0-0f f0-1f)
538.023: (detonate-bomb f0-0f f0-1f)
551.470: (move f0-0f f1-0f)
555.569: (move f0-0f f1-0f)
inf: (putdown-laser f0-0f)
inf: (fire-laser f0-0f f1-0f)
538.020: (pickup-bomb f0-0f)
541.955: (move f0-0f f1-0f)
545.383: (move f0-0f f1-0f)
548.643: (move f0-0f f0-1f)
551.473: (move f1-0f f2-0f)
551.539: (fire-laser f1-0f f1-1f)
552.241: (move f0-0f f0-1f)
553.408: (move f1-0f f2-0f)
555.340: (putdown-laser f1-0f)
555.657: (detonate-bomb f1-0f f1-1f)
541.414: (fire-laser f1-0f f1-1f)
544.877: (move f1-0f f2-0f)
545.383: (move f0-0f f1-0f)
545.479: (putdown-laser f1-0f)
546.751: (move f1-0f f2-0f)
548.194: (fire-laser f0-1f f0-2f)
548.358: (fire-laser f0-1f f1-1f)
549.864: (move f1-0f f0-0f)
550.822: (move f1-0f f0-0f)
552.090: (move f1-0f f2-0f)
539.128: (fire-laser f0-0f f0-1f)
539.137: (move f1-0f f0-0f)
539.144: (move f0-1f f0-0f)
543.077: (move f1-0f f0-0f)
544.836: (putdown-laser f1-0f)
545.038: (detonate-bomb f1-0f f1-1f)
546.603: (fire-laser f2-0f f2-1f)
546.752: (move f1-0f f2-0f)
546.759: (move f0-1f f0-0f)
547.454: (fire-laser f0-1f f0-2f)
541.398: (move f1-0f f0-0f)
541.404: (putdown-laser f0-0f)
543.080: (pickup-bomb f0-0f)
543.172: (move f0-1f f0-0f)
544.342: (move f1-0f f0-0f)
544.344: (move f2-0f f1-0f)
544.753: (move f0-0f f1-0f)
547.580: (move f2-0f f2-1f)
548.125: (putdown-laser f0-0f)
548.592: (detonate-bomb f2-0f f2-1f)
540.303: (move f1-0f f0-0f)
541.404: (pickup-bomb f0-0f)
543.408: (fire-laser f1-0f f1-1f)
543.569: (fire-laser f1-0f f1-1f)
543.572: (move f0-0f f1-0f)
544.343: (pickup-bomb f0-0f)
545.457: (putdown-laser f0-0f)
545.479: (move f0-0f f1-0f)
547.854: (move f2-0f f1-0f)
547.892: (putdown-laser f1-0f)
541.874: (move f1-0f f0-0f)
541.878: (putdown-laser f0-0f)
543.079: (move f1-0f f0-0f)
544.834: (move f0-0f f1-0f)
545.038: (move f0-0f f1-0f)
545.454: (pickup-bomb f0-0f)
546.732: (move f1-0f f0-0f)
546.767: (putdown-laser f1-0f)
546.818: (putdown-laser f1-0f)
547.472: (move f0-0f f1-0f)
541.877: (pickup-bomb f0-0f)
545.215: (putdown-laser f0-0f)
546.725: (pickup-bomb f0-0f)
547.470: (move f0-0f f1-0f)
548.131: (move f1-0f f0-0f)
549.210: (move f1-0f f0-0f)
550.824: (move f0-0f f0-1f)
551.363: (move f0-0f f0-1f)
553.173: (move f1-0f f2-0f)
554.100: (move f1-0f f2-0f)
545.216: (pickup-bomb f0-0f)
547.152: (move f0-0f f1-0f)
547.855: (move f0-0f f1-0f)
547.895: (move f0-0f f1-0f)
548.134: (pickup-bomb f0-0f)
549.211: (pickup-bomb f0-0f)
549.936: (fire-laser f0-1f f0-2f)
552.881: (move f0-0f f0-1f)
554.521: (detonate-bomb f2-0f f2-1f)
554.650: (move f0-0f f0-1f)
546.768: (move f0-0f f1-0f)
546.817: (move f0-0f f1-0f)
547.152: (move f0-0f f1-0f)
547.311: (move f0-1f f0-0f)
548.592: (move f1-0f f2-0f)
549.189: (move f1-0f f2-0f)
552.852: (move f2-0f f2-1f)
552.880: (move f0-0f f0-1f)
553.059: (putdown-laser f0-1f)
554.651: (move f0-0f f0-1f)
545.610: (move f0-0f f1-0f)
549.515: (putdown-laser f0-0f)
550.140: (move f2-0f f2-1f)
551.299: (move f2-0f f2-1f)
551.696: (move f0-1f f0-0f)
554.518: (move f1-0f f2-0f)
554.549: (move f2-0f f3-0f)
555.326: (move f1-0f f2-0f)
555.580: (move f2-0f f3-0f)
557.731: (move f1-0f f2-0f)
548.774: (putdown-laser f1-0f)
549.515: (pickup-bomb f0-0f)
549.609: (move f0-0f f1-0f)
550.957: (detonate-bomb f2-1f f3-1f)
550.968: (move f0-0f f1-0f)
551.701: (pickup-bomb f0-0f)
552.120: (detonate-bomb f2-1f f3-1f)
552.847: (move f2-0f f2-1f)
553.770: (detonate-bomb f2-1f f2-2f)
553.884: (detonate-bomb f2-1f f1-1f)
549.611: (move f0-0f f1-0f)
550.969: (move f0-0f f1-0f)
551.484: (move f2-1f f2-0f)
551.938: (move f2-1f f2-0f)
552.674: (move f1-0f f0-0f)
553.059: (move f0-0f f0-1f)
553.567: (detonate-bomb f2-1f f3-1f)
553.866: (move f2-1f f2-0f)
553.959: (move f0-0f f0-1f)
554.620: (move f2-1f f2-2f)
549.139: (move f2-0f f1-0f)
549.187: (move f2-0f f1-0f)
551.653: (move f2-0f f1-0f)
552.672: (pickup-bomb f0-0f)
555.263: (move f0-0f f0-1f)
555.303: (move f2-0f f3-0f)
556.087: (move f2-1f f2-0f)
556.311: (move f2-0f f3-0f)
558.160: (move f1-0f f2-0f)
558.453: (move f2-0f f3-0f)
543.120: (move f1-0f f0-0f)
545.685: (pickup-laser f1-0f)
545.725: (move f1-0f f0-0f)
548.212: (move f1-0f f0-0f)
548.421: (move f2-0f f1-0f)
548.775: (move f0-0f f1-0f)
555.266: (move f0-0f f0-1f)
557.736: (move f3-0f f3-1f)
557.764: (move f2-0f f2-1f)
558.663: (move f3-0f f3-1f)
541.577: (pickup-laser f0-0f)
541.578: (move f1-0f f0-0f)
543.118: (pickup-bomb f0-0f)
544.079: (pickup-laser f0-0f)
544.699: (fire-laser f1-0f f1-1f)
545.724: (pickup-bomb f0-0f)
546.398: (move f1-0f f0-0f)
548.206: (pickup-bomb f0-0f)
549.402: (move f1-0f f2-0f)
556.786: (move f0-0f f0-1f)
544.260: (pickup-laser f0-0f)
544.269: (move f1-0f f0-0f)
546.397: (pickup-bomb f0-0f)
547.932: (putdown-laser f1-0f)
548.007: (move f0-0f f1-0f)
548.397: (move f2-0f f2-1f)
549.132: (move f0-0f f1-0f)
549.187: (move f0-0f f1-0f)
551.649: (move f0-0f f1-0f)
552.867: (move f2-0f f3-0f)
546.361: (fire-laser f1-0f f1-1f)
548.424: (move f0-0f f1-0f)
549.819: (move f1-0f f0-0f)
550.115: (detonate-bomb f1-0f f1-1f)
550.547: (fire-laser f2-1f f2-2f)
550.668: (fire-laser f2-1f f1-1f)
551.436: (putdown-laser f1-0f)
551.478: (move f1-0f f2-0f)
551.782: (move f1-0f f2-0f)
551.940: (move f1-0f f2-0f)
546.201: (move f1-0f f0-0f)
548.320: (move f1-0f f0-0f)
549.704: (putdown-laser f1-0f)
549.816: (pickup-bomb f0-0f)
550.737: (move f2-1f f2-0f)
550.820: (move f1-0f f0-0f)
550.957: (move f2-0f f2-1f)
551.163: (move f2-0f f2-1f)
551.864: (fire-laser f2-1f f1-1f)
551.865: (fire-laser f2-1f f2-2f)
546.815: (move f2-0f f1-0f)
547.934: (move f0-0f f1-0f)
548.319: (pickup-bomb f0-0f)
550.820: (pickup-bomb f0-0f)
551.211: (move f1-0f f0-0f)
552.231: (move f2-1f f2-2f)
552.534: (fire-laser f2-1f f1-1f)
553.155: (detonate-bomb f2-1f f2-2f)
553.694: (move f0-0f f0-1f)
554.592: (move f2-1f f2-0f)
542.764: (move f1-0f f0-0f)
546.250: (move f2-0f f1-0f)
546.259: (fire-laser f1-0f f1-1f)
550.114: (move f0-0f f1-0f)
550.144: (putdown-laser f1-0f)
551.213: (pickup-bomb f0-0f)
551.436: (move f0-0f f1-0f)
552.781: (fire-laser f0-1f f0-2f)
552.812: (move f2-1f f2-0f)
552.944: (fire-laser f2-2f f1-2f)
544.325: (putdown-laser f0-0f)
545.951: (move f1-0f f0-0f)
549.498: (putdown-laser f1-0f)
549.701: (move f0-0f f1-0f)
549.756: (move f1-0f f0-0f)
550.411: (move f0-1f f0-0f)
550.429: (move f2-0f f1-0f)
553.043: (move f1-0f f2-0f)
553.409: (move f2-2f f1-2f)
553.699: (move f2-2f f2-1f)
544.325: (pickup-bomb f0-0f)
548.055: (putdown-laser f0-0f)
548.462: (move f0-0f f1-0f)
549.756: (pickup-bomb f0-0f)
551.482: (move f1-0f f0-0f)
552.593: (putdown-laser f0-0f)
553.076: (fire-laser f2-1f f3-1f)
553.524: (move f2-1f f2-0f)
553.756: (move f0-0f f0-1f)
554.145: (move f2-0f f2-1f)
548.055: (pickup-bomb f0-0f)
548.853: (move f2-0f f1-0f)
550.003: (move f0-0f f1-0f)
550.139: (move f0-0f f1-0f)
550.434: (move f0-0f f1-0f)
551.486: (pickup-bomb f0-0f)
551.611: (putdown-laser f1-0f)
552.465: (move f0-0f f1-0f)
552.496: (move f2-1f f2-0f)
552.593: (pickup-bomb f0-0f)
545.655: (move f1-0f f0-0f)
547.676: (move f2-0f f1-0f)
547.834: (fire-laser f1-0f f1-1f)
549.498: (move f0-0f f1-0f)
550.003: (move f0-0f f1-0f)
552.083: (putdown-laser f1-0f)
552.467: (move f0-0f f1-0f)
552.810: (move f1-0f f2-0f)
553.037: (move f1-0f f2-0f)
555.692: (move f1-0f f0-0f)
544.271: (move f1-0f f0-0f)
547.078: (putdown-laser f0-0f)
547.135: (move f1-0f f0-0f)
547.419: (fire-laser f1-0f f1-1f)
550.796: (putdown-laser f1-0f)
550.931: (putdown-laser f1-0f)
551.567: (move f0-0f f0-1f)
552.565: (move f1-0f f0-0f)
553.151: (move f2-0f f2-1f)
554.142: (move f2-0f f2-1f)
545.681: (putdown-laser f0-0f)
546.638: (move f1-0f f0-0f)
547.076: (pickup-bomb f0-0f)
549.162: (putdown-laser f0-0f)
550.010: (fire-laser f0-1f f0-2f)
550.377: (putdown-laser f1-0f)
550.600: (move f0-0f f0-1f)
551.105: (move f0-0f f0-1f)
551.109: (fire-laser f0-1f f1-1f)
551.549: (move f1-0f f0-0f)
545.681: (pickup-bomb f0-0f)
548.701: (putdown-laser f0-0f)
549.045: (fire-laser f0-1f f0-2f)
549.162: (pickup-bomb f0-0f)
549.877: (fire-laser f0-1f f0-2f)
549.884: (fire-laser f0-1f f1-1f)
550.807: (fire-laser f0-1f f1-1f)
550.808: (move f0-0f f0-1f)
551.553: (pickup-bomb f0-0f)
551.570: (move f0-0f f1-0f)
548.702: (pickup-bomb f0-0f)
549.588: (fire-laser f0-1f f1-1f)
549.597: (fire-laser f0-1f f0-2f)
550.796: (move f0-0f f1-0f)
551.360: (move f0-0f f1-0f)
551.570: (move f0-0f f1-0f)
551.754: (move f0-1f f0-0f)
551.793: (move f0-0f f1-0f)
552.129: (putdown-laser f0-1f)
552.570: (move f0-1f f0-0f)
548.705: (move f0-0f f1-0f)
549.506: (move f0-0f f1-0f)
550.991: (move f0-1f f0-0f)
551.360: (move f0-0f f1-0f)
552.551: (putdown-laser f0-1f)
553.868: (putdown-laser f0-0f)
553.982: (putdown-laser f0-0f)
554.385: (move f1-0f f2-0f)
554.538: (move f1-0f f2-0f)
554.835: (move f0-0f f0-1f)
549.031: (move f0-0f f1-0f)
549.034: (fire-laser f1-0f f1-1f)
551.545: (putdown-laser f1-0f)
552.323: (putdown-laser f1-0f)
552.743: (move f0-0f f1-0f)
553.097: (move f0-0f f0-1f)
553.215: (putdown-laser f0-0f)
553.642: (move f0-0f f1-0f)
553.874: (pickup-bomb f0-0f)
553.982: (pickup-bomb f0-0f)
551.717: (putdown-laser f1-0f)
552.741: (move f0-0f f1-0f)
553.101: (move f0-0f f0-1f)
553.151: (move f0-0f f1-0f)
553.218: (pickup-bomb f0-0f)
553.648: (move f0-0f f1-0f)
553.823: (move f0-0f f0-1f)
554.124: (move f0-0f f0-1f)
556.165: (move f0-1f f0-2f)
558.071: (move f1-0f f2-0f)
553.152: (move f0-0f f1-0f)
553.821: (move f0-0f f0-1f)
556.165: (move f0-1f f0-2f)
557.930: (move f1-0f f0-0f)
558.104: (move f0-2f f1-2f)
558.846: (move f1-0f f2-0f)
559.177: (move f0-1f f0-2f)
559.893: (move f2-0f f2-1f)
560.223: (move f0-1f f0-2f)
562.199: (move f1-0f f2-0f)
554.478: (move f0-0f f0-1f)
557.927: (pickup-bomb f0-0f)
558.100: (move f0-2f f1-2f)
558.591: (detonate-bomb f0-2f f0-3f)
559.180: (move f0-1f f0-2f)
559.901: (move f2-0f f2-1f)
560.598: (move f0-2f f1-2f)
560.792: (move f0-2f f1-2f)
561.309: (move f1-2f f2-2f)
561.311: (move f2-1f f2-2f)
551.718: (move f0-0f f1-0f)
554.415: (move f0-2f f0-1f)
554.482: (move f0-0f f0-1f)
558.224: (move f2-2f f1-2f)
559.568: (move f0-1f f0-2f)
559.900: (move f2-2f f2-1f)
560.597: (move f0-2f f1-2f)
561.308: (move f2-1f f2-2f)
561.311: (move f1-2f f2-2f)
561.523: (move f0-2f f1-2f)
556.353: (move f0-1f f0-0f)
557.199: (move f1-2f f0-2f)
558.842: (move f2-1f f2-0f)
559.569: (move f0-1f f0-2f)
560.290: (move f0-2f f1-2f)
563.060: (move f1-0f f2-0f)
563.212: (move f1-2f f2-2f)
563.292: (detonate-bomb f2-2f f3-2f)
564.232: (detonate-bomb f2-2f f2-3f)
564.953: (move f1-2f f2-2f)
546.925: (move f2-2f f2-3f)
553.686: (move f0-2f f0-1f)
554.087: (move f0-0f f1-0f)
554.892: (pickup-laser f0-0f)
556.352: (pickup-bomb f0-0f)
560.292: (move f0-2f f1-2f)
560.925: (move f2-2f f1-2f)
561.565: (move f2-2f f2-1f)
561.781: (move f2-2f f2-1f)
561.804: (move f2-0f f2-1f)
549.915: (move f0-0f f1-0f)
550.234: (move f0-0f f0-1f)
554.086: (move f0-0f f1-0f)
554.415: (move f0-0f f0-1f)
559.066: (move f1-2f f0-2f)
559.836: (move f0-1f f0-0f)
560.528: (move f2-1f f2-0f)
560.532: (move f1-0f f2-0f)
562.199: (move f2-1f f2-0f)
564.664: (move f1-2f f2-2f)
550.225: (fire-laser f1-0f f1-1f)
550.497: (fire-laser f0-1f f1-1f)
552.743: (putdown-laser f1-0f)
553.134: (putdown-laser f0-1f)
554.549: (detonate-bomb f1-0f f1-1f)
554.851: (detonate-bomb f0-1f f1-1f)
555.781: (move f0-2f f0-1f)
556.281: (move f0-1f f0-2f)
558.190: (move f1-0f f2-0f)
558.589: (move f0-1f f0-2f)
551.688: (move f0-1f f0-0f)
551.691: (move f1-0f f0-0f)
552.947: (putdown-laser f1-0f)
553.263: (putdown-laser f0-1f)
553.988: (move f1-0f f0-0f)
553.990: (move f0-1f f0-0f)
557.229: (move f0-1f f0-0f)
557.374: (move f0-1f f0-2f)
558.618: (move f0-2f f1-2f)
558.677: (move f2-0f f2-1f)
553.989: (pickup-bomb f0-0f)
555.424: (move f0-0f f1-0f)
555.947: (pickup-laser f0-0f)
557.229: (pickup-bomb f0-0f)
557.707: (move f0-1f f0-0f)
557.905: (move f1-0f f0-0f)
559.131: (fire-laser f1-2f f1-3f)
560.065: (fire-laser f2-1f f1-1f)
560.492: (move f2-1f f2-2f)
560.495: (move f1-2f f2-2f)
551.369: (move f0-0f f1-0f)
551.691: (move f0-0f f0-1f)
554.553: (move f0-0f f1-0f)
554.852: (move f0-0f f0-1f)
555.049: (move f0-0f f1-0f)
555.357: (move f0-0f f0-1f)
555.422: (move f0-0f f1-0f)
555.775: (move f0-0f f0-1f)
556.157: (move f1-2f f1-3f)
557.487: (move f1-2f f0-2f)
550.084: (move f0-2f f0-1f)
551.711: (fire-laser f1-0f f1-1f)
552.235: (fire-laser f0-1f f1-1f)
554.206: (putdown-laser f1-0f)
554.786: (putdown-laser f0-1f)
555.860: (fire-laser f1-3f f1-4f)
555.864: (detonate-bomb f1-0f f1-1f)
556.492: (detonate-bomb f0-1f f1-1f)
556.822: (move f0-1f f0-2f)
559.072: (move f0-1f f0-2f)
550.400: (fire-laser f0-1f f1-1f)
553.002: (putdown-laser f0-1f)
554.198: (move f1-0f f0-0f)
554.199: (move f0-1f f0-0f)
554.414: (move f1-3f f1-4f)
554.426: (putdown-laser f1-0f)
555.019: (move f0-1f f0-0f)
555.236: (putdown-laser f0-1f)
556.396: (move f0-1f f0-0f)
556.397: (move f1-0f f0-0f)
549.850: (move f0-0f f1-0f)
551.887: (move f0-1f f0-0f)
553.154: (putdown-laser f0-1f)
555.334: (fire-laser f1-4f f0-4f)
556.397: (pickup-bomb f0-0f)
556.472: (putdown-laser f0-0f)
558.542: (move f0-1f f0-2f)
559.713: (move f0-1f f0-0f)
560.311: (move f0-1f f0-2f)
561.079: (move f1-0f f0-0f)
550.282: (move f0-0f f1-0f)
550.282: (fire-laser f1-0f f1-1f)
552.682: (putdown-laser f1-0f)
554.035: (move f0-0f f1-0f)
554.173: (putdown-laser f0-0f)
554.278: (move f0-0f f0-1f)
555.856: (move f0-0f f1-0f)
556.472: (pickup-bomb f0-0f)
556.494: (move f0-0f f0-1f)
556.603: (move f0-0f f1-0f)
553.038: (putdown-laser f1-0f)
554.034: (move f0-0f f1-0f)
554.171: (pickup-bomb f0-0f)
554.276: (move f0-0f f0-1f)
554.618: (move f0-0f f1-0f)
554.773: (move f0-0f f0-1f)
559.366: (move f1-0f f2-0f)
559.851: (move f0-1f f0-2f)
560.476: (move f1-0f f2-0f)
560.761: (move f1-0f f2-0f)
554.620: (move f0-0f f1-0f)
554.770: (move f0-0f f0-1f)
558.439: (move f1-0f f0-0f)
559.851: (move f0-1f f0-2f)
560.344: (move f2-0f f2-1f)
560.480: (move f1-0f f2-0f)
561.656: (move f2-0f f2-1f)
561.743: (move f2-0f f2-1f)
562.065: (move f0-2f f1-2f)
563.022: (move f0-1f f0-2f)
555.243: (move f0-0f f0-1f)
558.439: (pickup-bomb f0-0f)
558.865: (move f1-2f f1-3f)
561.750: (move f2-0f f2-1f)
562.060: (move f0-2f f1-2f)
563.018: (move f0-1f f0-2f)
563.461: (move f1-0f f2-0f)
563.687: (move f0-2f f0-3f)
564.175: (move f0-2f f1-2f)
564.299: (putdown-laser f2-1f)
553.039: (move f0-0f f1-0f)
555.245: (move f0-0f f0-1f)
558.870: (move f0-3f f1-3f)
558.871: (move f1-2f f1-3f)
562.042: (move f1-2f f1-3f)
563.321: (move f0-1f f0-2f)
563.519: (move f2-0f f2-1f)
563.521: (detonate-bomb f2-1f f1-1f)
563.686: (move f1-3f f0-3f)
564.174: (move f0-2f f1-2f)
562.042: (move f1-2f f1-3f)
562.463: (detonate-bomb f1-3f f2-3f)
563.321: (move f0-1f f0-2f)
563.459: (move f2-1f f2-0f)
564.003: (move f0-2f f1-2f)
564.351: (move f1-0f f2-0f)
567.754: (move f0-2f f0-3f)
567.755: (move f1-3f f0-3f)
568.383: (move f1-2f f2-2f)
568.385: (move f2-1f f2-2f)
547.414: (move f1-3f f2-3f)
561.892: (move f1-2f f1-3f)
561.892: (move f0-3f f1-3f)
563.719: (move f2-0f f2-1f)
564.006: (move f0-2f f1-2f)
565.562: (detonate-bomb f1-3f f2-3f)
566.694: (move f1-3f f1-2f)
567.751: (move f0-2f f0-3f)
567.757: (move f1-3f f0-3f)
568.221: (move f1-2f f2-2f)
550.958: (move f1-3f f2-3f)
561.890: (move f1-2f f1-3f)
561.892: (move f0-3f f1-3f)
563.719: (move f2-2f f2-1f)
564.667: (move f1-2f f0-2f)
568.221: (move f1-2f f2-2f)
568.222: (move f2-1f f2-2f)
568.520: (move f2-3f f2-2f)
568.522: (move f1-2f f2-2f)
568.799: (move f1-3f f1-2f)
559.081: (move f0-2f f0-1f)
564.352: (move f2-1f f2-0f)
565.415: (detonate-bomb f1-3f f2-3f)
566.622: (move f2-2f f2-1f)
567.851: (move f1-2f f0-2f)
568.390: (move f0-2f f0-3f)
570.236: (detonate-bomb f2-2f f3-2f)
571.863: (detonate-bomb f2-2f f2-3f)
572.017: (move f1-2f f2-2f)
572.019: (move f2-3f f2-2f)
550.810: (move f1-3f f2-3f)
550.816: (move f2-2f f2-3f)
559.613: (move f0-2f f0-1f)
561.358: (move f0-1f f0-0f)
565.335: (move f2-1f f2-0f)
566.308: (move f2-2f f2-1f)
566.732: (move f2-2f f1-2f)
568.419: (move f2-2f f2-1f)
568.606: (move f2-2f f2-1f)
568.633: (move f1-3f f1-2f)
558.846: (move f0-0f f1-0f)
558.849: (move f2-0f f1-0f)
559.050: (move f0-1f f0-0f)
559.904: (pickup-laser f0-0f)
561.358: (pickup-bomb f0-0f)
564.724: (move f1-2f f1-3f)
566.047: (move f1-2f f0-2f)
567.428: (move f2-1f f2-0f)
568.149: (move f1-2f f0-2f)
568.331: (move f2-1f f2-0f)
554.666: (move f0-0f f1-0f)
554.895: (move f0-0f f0-1f)
555.788: (move f2-0f f1-0f)
556.768: (pickup-laser f0-0f)
557.929: (move f0-2f f0-1f)
558.850: (move f0-0f f1-0f)
559.050: (pickup-bomb f0-0f)
559.081: (move f0-0f f0-1f)
559.472: (move f0-0f f1-0f)
559.475: (move f2-0f f1-0f)
552.993: (pickup-laser f1-0f)
555.126: (move f0-0f f1-0f)
555.129: (fire-laser f1-0f f1-1f)
555.238: (move f0-0f f0-1f)
555.239: (fire-laser f0-1f f1-1f)
557.495: (putdown-laser f1-0f)
557.805: (putdown-laser f0-1f)
559.477: (move f0-0f f1-0f)
559.618: (move f0-0f f0-1f)
561.593: (move f0-1f f0-0f)
555.086: (move f1-0f f0-0f)
557.887: (putdown-laser f1-0f)
557.995: (putdown-laser f0-1f)
561.597: (pickup-bomb f0-0f)
563.364: (move f0-1f f0-2f)
563.816: (move f1-0f f2-0f)
564.223: (move f1-0f f2-0f)
565.144: (move f0-1f f0-2f)
565.633: (move f1-0f f2-0f)
566.513: (move f0-1f f0-0f)
553.101: (move f0-0f f0-1f)
555.793: (move f0-0f f1-0f)
557.349: (putdown-laser f0-0f)
557.926: (move f0-0f f0-1f)
559.264: (move f0-0f f1-0f)
562.987: (move f2-0f f2-1f)
563.196: (move f0-1f f0-0f)
563.314: (move f1-0f f0-0f)
565.240: (move f2-0f f2-1f)
565.631: (move f0-2f f1-2f)
555.895: (putdown-laser f0-1f)
557.351: (pickup-bomb f0-0f)
557.362: (move f0-0f f1-0f)
557.506: (move f0-0f f0-1f)
559.957: (move f0-0f f1-0f)
560.082: (move f0-0f f0-1f)
562.538: (move f1-2f f1-3f)
563.137: (move f0-1f f0-2f)
563.187: (pickup-bomb f0-0f)
563.317: (pickup-bomb f0-0f)
547.853: (move f1-3f f2-3f)
557.361: (move f0-0f f1-0f)
557.502: (move f0-0f f0-1f)
557.883: (move f0-0f f1-0f)
557.996: (move f0-0f f0-1f)
559.947: (move f0-0f f1-0f)
560.081: (move f0-0f f0-1f)
561.499: (move f0-1f f0-0f)
562.230: (fire-laser f1-3f f1-4f)
563.785: (move f0-2f f1-2f)
549.087: (move f1-3f f2-3f)
550.207: (fire-laser f2-3f f3-3f)
555.095: (putdown-laser f2-3f)
557.803: (move f0-0f f1-0f)
560.364: (move f1-3f f1-4f)
560.873: (fire-laser f2-3f f2-4f)
561.502: (pickup-bomb f0-0f)
561.884: (move f1-2f f1-3f)
565.848: (move f0-1f f0-2f)
566.253: (putdown-laser f1-3f)
529.045: (move f2-3f f2-4f)
551.185: (fire-laser f2-3f f3-3f)
555.081: (move f1-3f f2-3f)
555.890: (move f0-0f f0-1f)
556.393: (putdown-laser f2-3f)
557.227: (putdown-laser f2-3f)
557.798: (move f0-0f f1-0f)
561.471: (fire-laser f1-4f f0-4f)
561.674: (fire-laser f1-3f f1-4f)
563.528: (fire-laser f2-3f f3-3f)
461.231: (fire-laser f2-4f f2-5f)
528.174: (putdown-laser f2-4f)
530.189: (fire-laser f2-4f f1-4f)
531.118: (fire-laser f2-4f f3-4f)
531.664: (move f2-3f f2-4f)
558.260: (putdown-laser f2-3f)
560.360: (move f1-3f f1-4f)
564.270: (move f2-3f f1-3f)
564.564: (fire-laser f1-3f f2-3f)
564.648: (move f1-4f f1-3f)
460.308: (putdown-laser f2-4f)
463.206: (fire-laser f2-4f f2-5f)
465.511: (fire-laser f2-4f f2-5f)
465.511: (fire-laser f2-4f f1-4f)
466.057: (fire-laser f2-4f f2-5f)
466.066: (fire-laser f2-4f f3-4f)
473.199: (move f2-4f f2-3f)
519.581: (move f2-4f f2-5f)
528.979: (putdown-laser f2-4f)
529.877: (putdown-laser f2-4f)
367.242: (fire-laser f2-5f f2-6f)
462.259: (putdown-laser f2-4f)
464.112: (putdown-laser f2-4f)
464.642: (putdown-laser f2-4f)
467.399: (fire-laser f2-4f f1-4f)
468.003: (fire-laser f2-4f f3-4f)
471.528: (fire-laser f2-4f f1-4f)
471.528: (fire-laser f2-4f f3-4f)
476.325: (fire-laser f2-3f f3-3f)
476.327: (move f2-4f f2-3f)
324.305: (move f2-5f f2-4f)
329.867: (move f2-5f f2-6f)
365.763: (fire-laser f2-5f f1-5f)
367.810: (putdown-laser f2-5f)
369.046: (fire-laser f2-5f f3-5f)
465.926: (putdown-laser f2-4f)
466.653: (putdown-laser f2-4f)
469.765: (putdown-laser f2-4f)
473.503: (fire-laser f2-4f f1-4f)
473.505: (fire-laser f2-4f f3-4f)
303.323: (fire-laser f2-6f f3-6f)
318.566: (move f2-5f f2-6f)
321.353: (move f2-5f f3-5f)
322.913: (move f2-5f f1-5f)
324.336: (move f2-5f f2-4f)
326.101: (move f2-5f f2-6f)
326.489: (move f2-5f f2-4f)
326.602: (fire-laser f2-6f f1-6f)
328.831: (fire-laser f2-4f f1-4f)
328.995: (move f2-5f f2-4f)
291.949: (fire-laser f3-5f f3-6f)
292.549: (fire-laser f2-6f f3-6f)
293.599: (fire-laser f2-6f f3-6f)
302.065: (fire-laser f2-6f f1-6f)
302.068: (fire-laser f2-6f f3-6f)
315.012: (move f2-6f f3-6f)
315.247: (fire-laser f2-6f f1-6f)
316.279: (fire-laser f1-5f f1-6f)
322.000: (move f2-6f f2-5f)
323.005: (fire-laser f2-6f f1-6f)
264.343: (fire-laser f3-6f f3-7f)
290.483: (fire-laser f2-6f f3-6f)
290.483: (fire-laser f2-6f f1-6f)
291.061: (move f2-5f f2-4f)
292.070: (fire-laser f2-6f f3-6f)
292.081: (fire-laser f2-6f f1-6f)
296.742: (putdown-laser f3-5f)
297.280: (fire-laser f3-5f f3-4f)
300.160: (fire-laser f3-5f f4-5f)
304.655: (move f2-6f f2-5f)
241.574: (move f3-6f f3-7f)
244.162: (move f3-6f f2-6f)
264.288: (fire-laser f3-6f f4-6f)
264.826: (fire-laser f3-6f f3-5f)
272.747: (putdown-laser f3-6f)
286.073: (move f2-5f f2-4f)
295.510: (move f2-4f f2-3f)
295.581: (fire-laser f2-4f f1-4f)
296.797: (putdown-laser f2-4f)
297.396: (fire-laser f2-4f f3-4f)
232.106: (move f3-6f f3-7f)
233.355: (fire-laser f3-7f f4-7f)
239.786: (move f3-6f f4-6f)
242.346: (fire-laser f2-6f f1-6f)
242.525: (move f3-6f f3-7f)
243.757: (move f3-6f f2-6f)
246.021: (move f3-6f f3-7f)
246.442: (move f3-6f f2-6f)
247.473: (move f3-6f f3-5f)
249.170: (move f3-6f f2-6f)
222.704: (fire-laser f3-7f f4-7f)
226.520: (fire-laser f4-6f f4-7f)
234.450: (fire-laser f3-7f f4-7f)
239.084: (move f3-7f f3-6f)
241.978: (fire-laser f2-6f f1-6f)
244.382: (putdown-laser f4-6f)
244.670: (fire-laser f2-6f f1-6f)
245.337: (fire-laser f4-6f f5-6f)
247.104: (move f3-7f f4-7f)
247.361: (fire-laser f4-6f f4-5f)
229.716: (move f3-6f f2-6f)
231.870: (putdown-laser f4-6f)
234.053: (fire-laser f4-6f f4-7f)
234.061: (fire-laser f4-6f f4-5f)
234.133: (fire-laser f4-6f f5-6f)
234.149: (fire-laser f4-6f f4-7f)
237.312: (move f4-6f f3-6f)
237.312: (move f3-7f f3-6f)
237.316: (fire-laser f3-6f f4-6f)
239.932: (move f3-7f f3-6f)
227.928: (fire-laser f2-6f f1-6f)
229.146: (move f3-6f f2-6f)
231.827: (move f3-6f f2-6f)
232.243: (move f3-6f f3-5f)
238.852: (putdown-laser f4-6f)
238.916: (putdown-laser f4-6f)
240.016: (fire-laser f4-6f f4-5f)
240.024: (fire-laser f4-6f f5-6f)
241.415: (move f4-6f f3-6f)
241.445: (fire-laser f3-6f f3-5f)
225.537: (move f3-6f f3-7f)
226.831: (move f3-6f f3-7f)
227.378: (fire-laser f2-6f f1-6f)
230.070: (fire-laser f2-6f f1-6f)
232.034: (move f3-6f f2-6f)
232.370: (move f3-6f f4-6f)
232.534: (move f3-6f f3-5f)
233.851: (move f3-6f f2-6f)
234.850: (move f2-6f f3-6f)
237.227: (putdown-laser f3-5f)
228.919: (move f3-6f f3-7f)
232.156: (fire-laser f2-6f f1-6f)
232.966: (move f2-6f f3-6f)
232.967: (fire-laser f3-6f f4-6f)
235.842: (move f2-6f f3-6f)
235.851: (fire-laser f3-6f f3-5f)
237.541: (putdown-laser f3-5f)
237.645: (putdown-laser f4-6f)
237.664: (fire-laser f3-5f f3-4f)
239.084: (fire-laser f4-6f f4-5f)
218.160: (move f3-6f f3-7f)
221.064: (move f3-6f f4-6f)
227.994: (move f3-6f f3-5f)
230.065: (move f3-6f f3-7f)
237.308: (fire-laser f3-6f f3-5f)
237.308: (fire-laser f3-6f f4-6f)
237.314: (move f2-6f f3-6f)
241.379: (move f3-7f f4-7f)
242.276: (putdown-laser f3-5f)
243.704: (fire-laser f3-5f f4-5f)
221.061: (move f3-6f f3-7f)
226.419: (putdown-laser f4-6f)
226.970: (move f3-6f f4-6f)
228.243: (move f3-6f f3-5f)
228.443: (fire-laser f4-6f f4-5f)
228.709: (fire-laser f4-6f f5-6f)
233.187: (fire-laser f3-5f f3-4f)
233.279: (putdown-laser f3-5f)
236.042: (fire-laser f3-5f f4-5f)
240.950: (move f4-6f f4-7f)
232.344: (putdown-laser f4-6f)
233.263: (putdown-laser f4-6f)
233.354: (fire-laser f3-5f f3-4f)
233.440: (putdown-laser f4-6f)
233.620: (putdown-laser f3-5f)
233.682: (fire-laser f4-6f f4-5f)
233.777: (fire-laser f4-6f f5-6f)
234.444: (fire-laser f4-6f f5-6f)
234.448: (fire-laser f4-6f f4-5f)
235.558: (fire-laser f3-5f f4-5f)
238.323: (putdown-laser f4-6f)
238.345: (putdown-laser f3-5f)
238.640: (putdown-laser f4-6f)
238.820: (putdown-laser f4-6f)
239.347: (fire-laser f3-5f f4-5f)
239.355: (fire-laser f3-5f f3-4f)
239.777: (fire-laser f4-6f f5-6f)
239.786: (fire-laser f4-6f f4-5f)
240.401: (putdown-laser f3-5f)
240.808: (move f4-6f f3-6f)
224.789: (move f3-6f f3-7f)
230.901: (move f3-6f f3-5f)
235.283: (move f3-6f f2-6f)
243.803: (putdown-laser f3-5f)
244.218: (putdown-laser f4-6f)
246.072: (move f3-5f f3-4f)
248.478: (move f3-5f f4-5f)
248.810: (move f4-6f f4-5f)
249.509: (move f3-5f f3-6f)
250.517: (move f4-6f f5-6f)
236.001: (move f3-6f f3-7f)
237.668: (move f4-5f f4-6f)
238.854: (move f4-5f f3-5f)
239.368: (move f3-4f f2-4f)
241.855: (move f3-6f f4-6f)
246.465: (move f3-6f f2-6f)
248.994: (move f2-6f f2-5f)
248.996: (move f3-5f f2-5f)
249.143: (move f3-7f f4-7f)
255.305: (move f2-6f f1-6f)
232.867: (move f2-5f f2-4f)
247.792: (move f2-4f f2-3f)
250.976: (move f3-5f f3-6f)
251.130: (move f4-6f f3-6f)
257.631: (move f2-6f f2-5f)
257.631: (move f2-4f f2-5f)
259.146: (move f4-6f f4-7f)
259.381: (move f3-5f f2-5f)
260.738: (move f3-7f f4-7f)
260.740: (move f4-6f f4-7f)
234.092: (move f2-4f f2-3f)
236.735: (move f3-6f f3-7f)
237.336: (move f3-6f f3-7f)
237.336: (move f4-7f f3-7f)
245.677: (move f2-5f f2-4f)
247.224: (move f2-5f f2-6f)
247.232: (move f3-6f f2-6f)
247.863: (move f3-6f f2-6f)
273.975: (move f2-3f f1-3f)
274.132: (move f2-3f f2-2f)
247.074: (move f2-4f f2-3f)
258.712: (move f3-7f f4-7f)
259.575: (move f2-6f f2-5f)
261.407: (move f2-3f f1-3f)
261.488: (move f2-3f f2-2f)
267.677: (move f2-6f f1-6f)
268.305: (move f2-6f f1-6f)
274.181: (move f2-2f f1-2f)
274.184: (move f1-3f f1-2f)
275.009: (move f2-2f f2-1f)
246.460: (move f2-5f f2-4f)
262.094: (move f2-2f f1-2f)
262.094: (move f1-3f f1-2f)
262.912: (move f2-2f f2-1f)
267.629: (move f1-3f f0-3f)
273.849: (move f2-3f f1-3f)
273.952: (move f2-3f f2-2f)
275.818: (move f1-2f f0-2f)
276.533: (move f2-1f f2-0f)
283.605: (move f2-1f f1-1f)
247.071: (move f2-4f f2-3f)
263.476: (move f1-2f f0-2f)
263.476: (move f0-3f f0-2f)
264.199: (move f2-1f f2-0f)
265.704: (move f2-0f f1-0f)
265.707: (move f1-1f f1-0f)
265.747: (move f0-2f f0-1f)
265.747: (move f1-1f f0-1f)
271.280: (move f1-2f f1-1f)
271.281: (move f2-1f f1-1f)
253.607: (move f1-1f f1-0f)
253.609: (move f2-0f f1-0f)
253.648: (move f0-2f f0-1f)
253.649: (move f1-1f f0-1f)
267.533: (move f1-0f f0-0f)
267.534: (move f0-1f f0-0f)
269.331: (move f2-0f f3-0f)
274.714: (move f2-3f f1-3f)
274.809: (move f2-3f f2-2f)
inf: (move f2-0f f2-1f)
255.433: (move f0-1f f0-0f)
255.434: (move f1-0f f0-0f)
267.533: (pickup-bomb f0-0f)
272.485: (move f3-0f f3-1f)
272.678: (move f3-0f f4-0f)
275.108: (move f1-3f f1-2f)
275.109: (move f2-2f f1-2f)
275.936: (move f2-2f f2-1f)
280.765: (move f1-3f f0-3f)
inf: (move f3-0f f2-0f)
255.434: (pickup-bomb f0-0f)
265.706: (move f0-0f f1-0f)
265.747: (move f0-0f f0-1f)
271.089: (move f4-0f f5-0f)
276.756: (move f1-2f f0-2f)
276.758: (move f0-3f f0-2f)
277.475: (move f2-1f f2-0f)
284.543: (move f2-1f f1-1f)
284.544: (move f1-2f f1-1f)
285.631: (move f2-1f f3-1f)
253.608: (move f0-0f f1-0f)
253.650: (move f0-0f f0-1f)
266.634: (move f1-1f f1-0f)
266.637: (move f2-0f f1-0f)
266.678: (move f0-2f f0-1f)
266.680: (move f1-1f f0-1f)
270.331: (move f5-0f f6-0f)
275.815: (move f0-1f f0-2f)
276.537: (move f1-0f f2-0f)
282.339: (move f3-1f f3-0f)
263.475: (move f0-1f f0-2f)
264.199: (move f1-0f f2-0f)
268.463: (move f1-0f f0-0f)
268.464: (move f0-1f f0-0f)
271.281: (move f1-0f f1-1f)
271.281: (move f0-1f f1-1f)
272.138: (move f6-0f f7-0f)
274.181: (move f0-2f f1-2f)
275.006: (move f2-0f f2-1f)
279.648: (move f0-2f f0-3f)
262.092: (move f1-1f f1-2f)
262.094: (move f0-2f f1-2f)
262.912: (move f1-1f f2-1f)
262.913: (move f2-0f f2-1f)
267.629: (move f0-2f f0-3f)
268.463: (pickup-bomb f0-0f)
269.330: (move f2-0f f3-0f)
273.976: (move f0-3f f1-3f)
273.976: (move f1-2f f1-3f)
274.128: (move f2-1f f2-2f)
247.789: (move f2-2f f2-3f)
247.791: (move f1-3f f2-3f)
261.406: (move f0-3f f1-3f)
261.407: (move f1-2f f1-3f)
261.488: (move f1-2f f2-2f)
261.488: (move f2-1f f2-2f)
264.349: (detonate-bomb f0-3f f0-4f)
266.639: (move f0-0f f1-0f)
266.678: (move f0-0f f0-1f)
272.487: (move f2-1f f3-1f)
234.089: (move f2-2f f2-3f)
234.092: (move f1-3f f2-3f)
239.369: (move f2-3f f2-4f)
248.542: (detonate-bomb f2-3f f3-3f)
261.026: (move f0-3f f1-3f)
262.501: (detonate-bomb f2-2f f3-2f)
262.642: (move f0-3f f0-2f)
269.233: (move f0-3f f0-4f)
273.618: (detonate-bomb f3-1f f3-2f)
276.752: (move f0-1f f0-2f)
232.870: (move f2-3f f2-4f)
233.456: (move f1-3f f2-3f)
235.611: (detonate-bomb f2-3f f3-3f)
237.376: (move f2-2f f2-3f)
240.631: (move f2-3f f2-4f)
246.073: (move f2-4f f3-4f)
252.647: (move f0-2f f0-1f)
257.632: (move f2-4f f2-5f)
261.410: (move f1-3f f1-2f)
261.414: (move f0-2f f1-2f)
231.777: (move f2-3f f2-4f)
234.139: (move f2-3f f2-4f)
235.236: (move f2-3f f2-4f)
238.345: (move f2-5f f3-5f)
238.352: (move f3-4f f3-5f)
244.875: (move f2-4f f3-4f)
244.875: (detonate-bomb f3-4f f3-3f)
246.465: (move f2-5f f2-6f)
247.662: (detonate-bomb f3-4f f4-4f)
248.996: (move f2-4f f2-5f)
230.910: (move f2-5f f3-5f)
235.278: (move f2-5f f2-6f)
239.450: (move f3-4f f3-5f)
240.719: (move f3-4f f3-5f)
242.017: (move f3-4f f2-4f)
246.832: (move f2-4f f2-5f)
249.281: (detonate-bomb f2-5f f1-5f)
249.509: (move f2-6f f3-6f)
249.511: (move f3-5f f3-6f)
249.730: (move f2-4f f2-5f)
226.523: (move f2-5f f2-6f)
228.203: (move f2-5f f1-5f)
229.671: (move f2-5f f3-5f)
230.233: (move f2-5f f3-5f)
232.168: (move f2-5f f3-5f)
233.179: (move f2-5f f2-4f)
233.547: (move f2-5f f2-6f)
234.507: (pickup-laser f3-5f)
235.797: (pickup-laser f3-5f)
236.004: (move f3-6f f3-7f)
234.213: (move f2-4f f2-3f)
238.907: (move f2-6f f3-6f)
238.908: (move f3-5f f3-6f)
239.905: (move f2-6f f3-6f)
239.909: (move f3-5f f3-6f)
240.505: (fire-laser f3-5f f4-5f)
240.995: (move f3-5f f3-4f)
242.079: (fire-laser f3-5f f4-5f)
242.132: (move f3-5f f3-6f)
244.035: (move f3-5f f3-4f)
223.513: (move f3-6f f3-7f)
223.750: (move f3-6f f3-7f)
226.279: (move f3-6f f3-7f)
230.840: (move f3-6f f4-6f)
231.305: (move f3-6f f4-6f)
233.960: (move f3-6f f4-6f)
236.582: (move f3-6f f2-6f)
236.583: (move f3-4f f2-4f)
237.974: (move f3-4f f2-4f)
243.047: (fire-laser f3-4f f4-4f)
225.430: (pickup-laser f4-6f)
225.926: (pickup-laser f4-6f)
228.554: (pickup-laser f4-6f)
236.619: (move f3-4f f3-5f)
238.889: (move f3-4f f2-4f)
241.580: (fire-laser f2-4f f1-4f)
242.201: (putdown-laser f2-4f)
243.090: (fire-laser f2-4f f1-4f)
243.472: (putdown-laser f2-4f)
245.770: (move f2-4f f2-3f)
232.226: (fire-laser f4-6f f4-5f)
232.244: (fire-laser f4-6f f5-6f)
232.642: (fire-laser f4-6f f4-5f)
232.735: (fire-laser f4-6f f5-6f)
235.216: (fire-laser f4-6f f4-5f)
235.360: (fire-laser f4-6f f5-6f)
235.361: (move f4-6f f3-6f)
236.410: (move f4-6f f3-6f)
238.636: (move f4-6f f3-6f)
241.658: (putdown-laser f3-5f)
219.790: (move f3-6f f3-7f)
220.002: (move f3-6f f3-7f)
222.515: (move f3-6f f3-7f)
223.465: (move f3-6f f2-6f)
226.996: (move f3-6f f3-5f)
227.489: (move f3-6f f3-5f)
229.424: (move f3-6f f3-5f)
230.421: (move f3-6f f2-6f)
233.410: (move f3-6f f2-6f)
236.804: (putdown-laser f4-6f)
232.120: (fire-laser f3-5f f3-4f)
232.270: (putdown-laser f3-5f)
232.601: (fire-laser f3-5f f3-4f)
232.618: (putdown-laser f3-5f)
234.330: (fire-laser f3-5f f4-5f)
234.798: (putdown-laser f3-5f)
234.837: (fire-laser f3-5f f4-5f)
236.716: (fire-laser f3-5f f4-5f)
243.615: (move f3-5f f2-5f)
243.619: (move f2-6f f2-5f)
229.075: (move f2-5f f2-4f)
237.002: (putdown-laser f3-5f)
237.370: (putdown-laser f3-5f)
238.122: (fire-laser f3-5f f3-4f)
238.128: (fire-laser f3-5f f4-5f)
238.623: (fire-laser f3-5f f4-5f)
238.633: (fire-laser f3-5f f3-4f)
239.049: (putdown-laser f3-5f)
239.391: (move f3-5f f3-6f)
239.438: (putdown-laser f3-5f)
224.291: (move f3-6f f3-7f)
227.565: (move f3-6f f2-6f)
229.088: (move f3-6f f4-6f)
230.760: (move f2-4f f2-3f)
233.089: (fire-laser f2-4f f1-4f)
234.252: (fire-laser f2-4f f3-4f)
234.962: (putdown-laser f2-4f)
242.457: (putdown-laser f3-5f)
242.854: (putdown-laser f3-5f)
244.955: (move f3-5f f3-4f)
232.258: (fire-laser f2-3f f3-3f)
237.075: (move f2-4f f2-3f)
238.270: (move f3-4f f2-4f)
238.354: (putdown-laser f2-4f)
238.971: (fire-laser f2-4f f3-4f)
238.973: (fire-laser f2-4f f1-4f)
239.728: (putdown-laser f2-4f)
239.929: (putdown-laser f2-3f)
240.572: (move f2-4f f1-4f)
241.086: (move f2-4f f3-4f)
230.319: (move f2-3f f2-4f)
234.890: (move f2-3f f2-4f)
239.879: (fire-laser f3-4f f3-3f)
241.240: (putdown-laser f2-3f)
241.661: (fire-laser f1-4f f1-5f)
242.929: (fire-laser f3-4f f4-4f)
243.864: (putdown-laser f2-4f)
244.366: (move f2-4f f1-4f)
246.694: (putdown-laser f1-4f)
246.715: (move f2-4f f3-4f)
228.948: (move f1-4f f1-5f)
233.272: (move f3-4f f3-5f)
234.205: (fire-laser f2-4f f1-4f)
234.569: (move f3-4f f3-5f)
235.485: (fire-laser f2-4f f3-4f)
235.485: (move f3-4f f2-4f)
235.928: (move f1-4f f2-4f)
235.971: (move f2-3f f2-4f)
236.307: (putdown-laser f2-4f)
236.891: (move f3-4f f2-4f)
232.327: (fire-laser f1-5f f0-5f)
233.101: (putdown-laser f1-5f)
238.105: (putdown-laser f3-5f)
238.423: (move f2-4f f2-3f)
239.284: (fire-laser f3-5f f4-5f)
239.368: (putdown-laser f3-5f)
239.526: (putdown-laser f2-4f)
240.101: (fire-laser f2-4f f1-4f)
240.103: (fire-laser f2-4f f3-4f)
240.862: (fire-laser f3-5f f4-5f)
236.156: (putdown-laser f1-5f)
239.739: (move f1-5f f0-5f)
243.542: (putdown-laser f3-5f)
243.752: (move f3-5f f3-4f)
244.182: (move f1-5f f1-4f)
244.993: (putdown-laser f2-4f)
245.199: (putdown-laser f3-5f)
245.414: (move f2-4f f1-4f)
246.542: (move f3-5f f3-4f)
248.302: (move f1-5f f1-4f)
238.492: (move f1-4f f2-4f)
239.518: (move f3-4f f2-4f)
240.600: (fire-laser f0-5f f0-6f)
240.625: (move f1-5f f0-5f)
240.916: (move f3-4f f2-4f)
243.585: (putdown-laser f0-5f)
243.657: (move f1-4f f2-4f)
249.702: (move f1-5f f1-4f)
253.109: (putdown-laser f1-4f)
253.711: (move f3-5f f3-4f)
230.443: (move f0-5f f1-5f)
233.579: (move f0-5f f0-6f)
237.627: (move f0-5f f1-5f)
238.873: (move f1-4f f1-5f)
243.626: (putdown-laser f0-5f)
244.175: (move f2-4f f2-3f)
245.978: (move f1-4f f2-4f)
247.884: (move f2-4f f2-3f)
249.242: (move f3-4f f2-4f)
249.303: (putdown-laser f2-4f)
231.283: (fire-laser f0-6f f0-7f)
234.590: (putdown-laser f1-5f)
236.157: (move f0-5f f1-5f)
236.908: (putdown-laser f0-6f)
239.354: (move f0-5f f0-6f)
246.178: (move f1-5f f0-5f)
246.643: (move f1-5f f1-4f)
251.321: (move f2-4f f1-4f)
251.724: (move f2-4f f2-3f)
254.251: (move f1-5f f1-4f)
234.218: (putdown-laser f0-6f)
237.181: (move f1-4f f1-5f)
237.997: (move f0-6f f0-7f)
241.138: (move f1-5f f0-5f)
241.514: (move f0-6f f0-5f)
241.977: (move f1-4f f2-4f)
244.037: (move f0-6f f0-5f)
248.718: (move f1-5f f1-4f)
249.984: (move f1-4f f2-4f)
251.934: (move f1-5f f1-4f)
230.355: (fire-laser f0-7f f1-7f)
230.823: (move f0-5f f1-5f)
233.588: (move f0-5f f1-5f)
236.341: (move f0-5f f0-6f)
241.628: (move f0-6f f0-7f)
243.555: (move f1-5f f0-5f)
244.370: (move f0-6f f0-5f)
244.376: (putdown-laser f0-7f)
244.635: (move f1-4f f2-4f)
244.680: (putdown-laser f0-5f)
217.790: (move f0-7f f0-6f)
233.488: (move f0-7f f1-7f)
233.532: (move f0-5f f1-5f)
234.916: (putdown-laser f1-5f)
236.647: (move f0-5f f1-5f)
236.997: (move f0-5f f0-6f)
239.543: (putdown-laser f0-7f)
241.538: (move f0-7f f0-6f)
246.886: (move f1-5f f1-4f)
248.785: (move f1-5f f1-4f)
222.066: (putdown-laser f0-6f)
223.214: (move f0-7f f0-6f)
232.875: (move f0-6f f0-5f)
240.190: (move f0-6f f1-6f)
240.190: (move f1-7f f1-6f)
240.590: (move f0-7f f1-7f)
242.130: (move f1-5f f0-5f)
242.499: (move f1-4f f2-4f)
244.339: (move f1-4f f2-4f)
244.524: (move f0-6f f0-7f)
221.995: (move f1-6f f1-5f)
221.999: (move f0-5f f1-5f)
229.638: (move f1-6f f2-6f)
233.274: (move f0-6f f0-7f)
234.039: (move f0-5f f0-6f)
235.726: (putdown-laser f0-5f)
235.968: (move f0-6f f0-5f)
236.865: (move f0-6f f0-5f)
243.591: (move f0-6f f1-6f)
245.867: (move f1-7f f1-6f)
223.811: (move f0-5f f0-6f)
225.274: (move f1-6f f1-5f)
225.274: (move f0-5f f1-5f)
226.184: (putdown-laser f1-5f)
227.071: (move f1-6f f1-5f)
227.072: (move f0-5f f1-5f)
227.888: (move f0-5f f1-5f)
232.748: (move f1-6f f2-6f)
235.276: (move f1-6f f2-6f)
236.350: (move f0-7f f1-7f)
233.457: (move f1-5f f0-5f)
236.962: (move f0-6f f0-7f)
240.569: (move f1-5f f1-4f)
240.687: (move f1-5f f1-4f)
242.484: (move f1-5f f1-4f)
243.044: (move f1-5f f1-6f)
243.803: (move f1-5f f1-4f)
246.712: (move f0-6f f1-6f)
246.712: (move f1-5f f1-6f)
247.512: (move f2-6f f3-6f)
220.517: (move f0-5f f0-6f)
220.519: (move f1-6f f0-6f)
232.211: (move f1-6f f2-6f)
232.334: (move f3-6f f3-7f)
236.088: (move f1-4f f2-4f)
236.111: (move f1-6f f1-7f)
236.352: (move f1-4f f2-4f)
236.795: (move f1-6f f2-6f)
237.644: (move f1-4f f2-4f)
237.785: (move f3-6f f4-6f)
233.339: (move f1-7f f0-7f)
233.340: (move f0-6f f0-7f)
242.253: (move f2-4f f2-3f)
243.447: (move f2-4f f2-3f)
244.662: (move f2-4f f2-3f)
246.903: (move f2-6f f3-6f)
251.572: (move f2-6f f3-6f)
252.560: (move f2-4f f2-5f)
252.564: (move f2-6f f2-5f)
253.883: (move f2-4f f2-5f)
231.707: (move f3-6f f3-7f)
236.479: (move f3-6f f3-7f)
237.117: (move f3-6f f4-6f)
237.917: (move f2-5f f3-5f)
237.918: (move f3-6f f3-5f)
238.762: (move f2-5f f3-5f)
241.853: (move f3-6f f4-6f)
242.792: (move f3-6f f3-5f)
267.271: (move f2-3f f1-3f)
268.337: (move f2-3f f1-3f)
256.329: (move f3-7f f4-7f)
256.329: (move f4-6f f4-7f)
256.970: (move f3-5f f2-5f)
261.122: (move f3-7f f4-7f)
261.125: (move f4-6f f4-7f)
269.832: (move f1-3f f1-2f)
270.626: (move f1-3f f1-2f)
273.850: (move f1-3f f0-3f)
274.636: (move f1-3f f0-3f)
inf: (move f3-5f f3-6f)
239.460: (move f2-5f f2-4f)
269.915: (move f1-2f f2-2f)
270.752: (move f0-3f f0-4f)
270.754: (move f1-2f f2-2f)
271.269: (move f0-3f f0-4f)
271.384: (move f1-2f f0-2f)
271.386: (move f0-3f f0-2f)
272.077: (move f1-2f f0-2f)
272.084: (move f0-3f f0-2f)
279.165: (move f1-2f f1-1f)
247.528: (move f2-4f f2-3f)
261.524: (move f1-1f f1-0f)
261.527: (move f0-2f f0-1f)
261.530: (move f1-1f f0-1f)
262.258: (move f0-2f f0-1f)
270.909: (move f1-1f f2-1f)
270.910: (move f2-2f f2-1f)
271.656: (move f2-2f f2-1f)
inf: (move f0-4f f0-3f)
inf: (move f1-1f f1-2f)
263.405: (move f1-0f f0-0f)
263.406: (move f0-1f f0-0f)
264.115: (move f0-1f f0-0f)
272.013: (move f2-1f f2-0f)
272.017: (move f1-0f f2-0f)
272.164: (move f2-3f f1-3f)
272.731: (move f2-1f f2-0f)
274.782: (move f2-3f f2-2f)
279.866: (move f0-1f f1-1f)
279.872: (move f2-1f f1-1f)
262.241: (move f2-0f f1-0f)
262.245: (move f0-0f f1-0f)
262.249: (move f1-1f f1-0f)
263.406: (pickup-bomb f0-0f)
264.118: (pickup-bomb f0-0f)
274.640: (move f1-3f f1-2f)
274.644: (move f2-2f f1-2f)
275.692: (move f2-2f f2-1f)
277.239: (move f2-0f f3-0f)
277.951: (move f2-0f f3-0f)
261.523: (move f0-0f f1-0f)
261.529: (move f0-0f f0-1f)
262.246: (move f0-0f f1-0f)
262.257: (move f0-0f f0-1f)
276.128: (move f1-2f f0-2f)
276.764: (move f2-1f f2-0f)
280.438: (move f3-0f f3-1f)
280.626: (move f3-0f f4-0f)
281.162: (move f3-0f f3-1f)
281.347: (move f3-0f f4-0f)
266.271: (move f2-0f f1-0f)
266.278: (move f0-2f f0-1f)
271.386: (move f0-1f f0-2f)
272.017: (move f1-0f f2-0f)
272.079: (move f0-1f f0-2f)
272.735: (move f1-0f f2-0f)
278.607: (move f0-2f f0-3f)
279.031: (move f4-0f f5-0f)
279.166: (move f1-0f f1-1f)
279.167: (move f0-1f f1-1f)
268.157: (move f0-1f f0-0f)
268.158: (move f1-0f f0-0f)
269.831: (move f1-1f f1-2f)
269.833: (move f0-2f f1-2f)
270.620: (move f0-2f f1-2f)
270.908: (move f2-0f f2-1f)
270.911: (move f1-1f f2-1f)
271.660: (move f2-0f f2-1f)
273.853: (move f0-2f f0-3f)
274.630: (move f0-2f f0-3f)
267.272: (move f0-3f f1-3f)
267.272: (move f1-2f f1-3f)
268.158: (pickup-bomb f0-0f)
268.332: (move f1-2f f1-3f)
268.336: (move f0-3f f1-3f)
269.915: (move f1-2f f2-2f)
269.915: (move f2-1f f2-2f)
270.750: (move f0-3f f0-4f)
270.759: (move f1-2f f2-2f)
270.763: (move f2-1f f2-2f)
233.459: (move f0-4f f0-5f)
240.568: (move f0-4f f1-4f)
240.570: (move f1-3f f1-4f)
240.686: (move f1-3f f1-4f)
242.253: (move f2-2f f2-3f)
242.257: (move f1-3f f2-3f)
243.447: (move f1-3f f2-3f)
243.447: (move f2-2f f2-3f)
266.272: (move f0-0f f1-0f)
266.281: (move f0-0f f0-1f)
220.517: (move f0-5f f0-6f)
225.272: (move f1-4f f1-5f)
226.184: (move f1-4f f1-5f)
226.184: (move f0-5f f1-5f)
236.089: (move f1-4f f2-4f)
236.092: (move f2-3f f2-4f)
236.351: (move f2-3f f2-4f)
236.351: (move f1-4f f2-4f)
243.512: (detonate-bomb f2-3f f3-3f)
244.684: (detonate-bomb f2-3f f3-3f)
233.340: (move f0-6f f0-7f)
235.968: (move f1-5f f0-5f)
237.269: (move f2-3f f2-4f)
237.526: (move f2-3f f2-4f)
243.044: (move f1-5f f1-6f)
243.045: (move f0-6f f1-6f)
243.591: (move f1-5f f1-6f)
252.562: (move f2-4f f2-5f)
252.564: (move f1-5f f2-5f)
253.881: (move f2-4f f2-5f)
222.065: (move f0-5f f0-6f)
222.069: (move f1-6f f0-6f)
232.206: (move f1-6f f2-6f)
232.209: (move f2-5f f2-6f)
232.749: (move f1-6f f2-6f)
232.752: (move f2-5f f2-6f)
236.110: (move f0-7f f1-7f)
236.110: (move f1-6f f1-7f)
236.349: (move f1-6f f1-7f)
237.917: (move f2-5f f3-5f)
233.270: (move f1-7f f0-7f)
233.274: (move f0-6f f0-7f)
245.296: (detonate-bomb f3-5f f4-5f)
246.903: (move f2-6f f3-6f)
246.904: (move f3-5f f3-6f)
247.511: (move f2-6f f3-6f)
266.079: (detonate-bomb f1-7f f2-7f)
266.282: (detonate-bomb f1-7f f2-7f)
272.573: (detonate-bomb f2-6f f2-7f)
273.139: (detonate-bomb f2-6f f2-7f)
231.710: (move f3-6f f3-7f)
232.337: (move f3-6f f3-7f)
237.121: (move f3-6f f4-6f)
237.788: (move f3-6f f4-6f)
238.765: (move f3-6f f3-5f)
255.091: (move f3-5f f4-5f)
255.396: (move f1-7f f0-7f)
255.646: (move f1-7f f0-7f)
257.157: (move f3-5f f3-6f)
263.057: (move f3-5f f2-5f)
238.425: (move f2-5f f1-5f)
243.934: (detonate-bomb f4-6f f5-6f)
243.986: (move f3-6f f4-6f)
243.990: (detonate-bomb f4-6f f4-5f)
243.992: (move f4-5f f4-6f)
244.143: (move f3-6f f2-6f)
244.145: (move f2-5f f2-6f)
244.310: (move f3-6f f3-7f)
244.590: (detonate-bomb f4-6f f4-5f)
244.601: (detonate-bomb f4-6f f5-6f)
234.289: (pickup-laser f1-5f)
246.037: (move f1-5f f0-5f)
253.907: (move f1-5f f1-4f)
255.629: (move f2-6f f1-6f)
255.631: (move f1-5f f1-6f)
255.771: (move f4-6f f4-5f)
257.306: (move f4-6f f5-6f)
257.749: (move f4-6f f3-6f)
257.802: (move f4-6f f3-6f)
258.053: (move f4-6f f5-6f)
233.113: (move f0-5f f0-6f)
233.118: (move f1-6f f0-6f)
244.642: (move f3-6f f3-7f)
244.654: (move f3-6f f2-6f)
244.818: (move f3-6f f2-6f)
244.886: (move f3-6f f3-7f)
245.442: (move f1-5f f0-5f)
246.143: (move f4-5f f3-5f)
246.146: (move f3-6f f3-5f)
248.701: (move f1-6f f1-7f)
230.339: (move f0-5f f0-6f)
245.952: (move f1-7f f0-7f)
245.953: (move f0-6f f0-7f)
248.265: (putdown-laser f0-5f)
256.140: (move f2-6f f1-6f)
256.539: (move f2-6f f1-6f)
264.369: (move f3-5f f2-5f)
264.371: (move f2-6f f2-5f)
264.866: (move f3-7f f4-7f)
265.457: (move f2-6f f2-5f)
234.007: (move f1-6f f0-6f)
234.610: (putdown-laser f0-6f)
234.612: (move f1-6f f0-6f)
236.388: (move f0-5f f0-6f)
237.558: (move f2-5f f1-5f)
237.564: (move f1-6f f1-5f)
239.602: (move f2-5f f1-5f)
239.603: (move f1-6f f1-5f)
240.183: (move f0-5f f1-5f)
242.914: (move f0-6f f0-7f)
235.431: (pickup-laser f1-5f)
245.822: (move f0-6f f0-7f)
246.063: (move f0-7f f1-7f)
246.834: (move f0-6f f0-7f)
246.951: (move f1-5f f0-5f)
246.953: (move f0-6f f0-5f)
248.508: (move f1-5f f0-5f)
248.509: (move f0-6f f0-5f)
249.551: (move f0-6f f0-7f)
252.097: (putdown-laser f0-7f)
235.761: (move f0-7f f0-6f)
246.375: (move f1-5f f0-5f)
248.933: (move f0-7f f1-7f)
249.583: (move f0-7f f1-7f)
251.888: (move f1-5f f1-4f)
252.729: (move f1-7f f1-6f)
253.068: (move f0-7f f1-7f)
253.160: (move f0-7f f1-7f)
253.684: (move f1-5f f1-6f)
263.165: (move f1-5f f2-5f)
231.280: (move f1-6f f0-6f)
231.287: (move f0-5f f0-6f)
241.560: (move f1-6f f2-6f)
242.242: (move f1-6f f2-6f)
242.257: (move f2-5f f2-6f)
246.973: (move f1-6f f1-7f)
247.157: (move f2-5f f2-4f)
247.163: (move f1-4f f2-4f)
247.686: (move f2-5f f3-5f)
249.227: (putdown-laser f0-5f)
235.560: (putdown-laser f0-6f)
237.309: (move f0-5f f0-6f)
241.324: (move f0-5f f1-5f)
243.858: (move f0-6f f0-7f)
243.861: (move f1-7f f0-7f)
251.902: (fire-laser f3-5f f4-5f)
251.968: (fire-laser f3-5f f3-4f)
252.763: (putdown-laser f2-4f)
252.774: (putdown-laser f3-5f)
252.944: (fire-laser f2-4f f3-4f)
246.773: (move f0-6f f0-7f)
249.467: (move f0-6f f0-5f)
250.464: (move f0-6f f0-7f)
253.039: (putdown-laser f0-7f)
254.818: (fire-laser f3-5f f3-4f)
254.819: (fire-laser f3-5f f4-5f)
255.247: (move f2-4f f1-4f)
256.727: (putdown-laser f3-5f)
256.762: (putdown-laser f3-5f)
257.084: (move f0-6f f1-6f)
236.710: (move f0-7f f0-6f)
238.706: (move f0-5f f1-5f)
238.709: (move f1-6f f1-5f)
239.422: (move f1-4f f1-5f)
245.349: (move f1-6f f2-6f)
249.833: (move f1-6f f1-7f)
249.833: (move f0-7f f1-7f)
253.964: (move f0-7f f1-7f)
254.068: (move f0-7f f1-7f)
259.276: (putdown-laser f3-5f)
250.157: (move f1-5f f0-5f)
250.363: (move f0-6f f0-5f)
254.183: (move f1-5f f1-4f)
258.151: (move f1-5f f1-6f)
258.413: (move f2-6f f3-6f)
259.359: (move f1-7f f1-6f)
259.364: (move f0-6f f1-6f)
260.201: (move f1-7f f1-6f)
266.299: (move f1-5f f2-5f)
266.775: (move f1-5f f2-5f)
235.151: (move f0-5f f0-6f)
235.152: (move f1-6f f0-6f)
240.504: (move f1-6f f1-5f)
240.506: (move f0-5f f1-5f)
245.265: (move f3-6f f3-7f)
247.639: (move f2-5f f2-6f)
247.641: (move f1-6f f2-6f)
247.886: (move f1-6f f2-6f)
249.398: (move f1-6f f2-6f)
249.513: (move f2-5f f2-4f)
247.542: (move f0-6f f0-7f)
255.982: (move f1-5f f1-4f)
256.943: (move f2-4f f2-3f)
259.532: (move f2-6f f3-6f)
260.164: (move f2-6f f3-6f)
262.474: (move f2-6f f3-6f)
265.638: (move f3-7f f4-7f)
268.632: (move f1-5f f2-5f)
268.634: (move f2-6f f2-5f)
269.864: (move f2-6f f2-5f)
244.896: (move f3-6f f4-6f)
245.866: (move f3-6f f4-6f)
246.620: (move f3-6f f3-7f)
246.652: (move f3-6f f3-7f)
248.663: (move f3-6f f4-6f)
249.415: (move f3-6f f3-7f)
250.803: (move f0-7f f1-7f)
251.067: (move f2-5f f2-4f)
251.068: (move f1-4f f2-4f)
252.140: (move f3-6f f3-5f)
258.154: (move f2-4f f2-3f)
259.274: (move f4-6f f5-6f)
259.359: (move f4-6f f5-6f)
262.088: (move f4-6f f5-6f)
266.058: (move f4-6f f4-7f)
266.059: (move f3-7f f4-7f)
266.825: (move f3-7f f4-7f)
266.826: (move f4-6f f4-7f)
269.662: (move f3-7f f4-7f)
269.664: (move f4-6f f4-7f)
283.093: (move f2-3f f1-3f)
285.481: (move f2-3f f2-2f)
inf: (move f2-3f f2-4f)
inf: (move f5-6f f4-6f)
inf: (move f5-6f f4-6f)
inf: (move f5-6f f4-6f)
inf: (move f4-7f f3-7f)
inf: (move f4-7f f4-6f)
inf: (move f4-7f f3-7f)
inf: (move f4-7f f4-6f)
285.349: (move f1-3f f1-2f)
285.351: (move f2-2f f1-2f)
286.378: (move f2-2f f2-1f)
289.342: (move f1-3f f0-3f)
inf: (move f1-3f f1-4f)
inf: (move f1-3f f2-3f)
inf: (move f2-2f f2-3f)
285.974: (move f0-3f f0-4f)
286.802: (move f1-2f f0-2f)
286.803: (move f0-3f f0-2f)
287.453: (move f2-1f f2-0f)
294.593: (move f1-2f f1-1f)
294.594: (move f2-1f f1-1f)
295.881: (move f2-1f f3-1f)
inf: (move f1-2f f2-2f)
inf: (move f1-2f f1-3f)
inf: (move f2-1f f2-2f)
276.966: (move f1-1f f1-0f)
276.969: (move f2-0f f1-0f)
276.980: (move f1-1f f0-1f)
276.980: (move f0-2f f0-1f)
292.675: (move f2-0f f3-0f)
292.676: (move f3-1f f3-0f)
inf: (move f0-4f f0-3f)
inf: (move f0-4f f0-5f)
inf: (move f0-4f f1-4f)
inf: (move f0-2f f1-2f)
278.836: (move f0-1f f0-0f)
278.837: (move f1-0f f0-0f)
296.063: (move f3-0f f4-0f)
inf: (move f1-0f f2-0f)
inf: (move f1-0f f1-1f)
inf: (move f0-1f f0-2f)
inf: (move f0-1f f1-1f)
inf: (move f3-0f f2-0f)
inf: (move f3-0f f3-1f)
278.837: (pickup-bomb f0-0f)
294.467: (move f4-0f f5-0f)
inf: (move f0-0f f1-0f)
inf: (move f0-0f f0-1f)
inf: (move f4-0f f3-0f)
276.968: (move f0-0f f1-0f)
276.981: (move f0-0f f0-1f)
293.707: (move f5-0f f6-0f)
inf: (move f5-0f f4-0f)
286.801: (move f0-1f f0-2f)
287.453: (move f1-0f f2-0f)
294.593: (move f1-0f f1-1f)
294.594: (move f0-1f f1-1f)
295.521: (move f6-0f f7-0f)
inf: (move f1-0f f0-0f)
inf: (move f0-1f f0-0f)
inf: (move f6-0f f5-0f)
285.350: (move f0-2f f1-2f)
285.352: (move f1-1f f1-2f)
286.379: (move f2-0f f2-1f)
286.381: (move f1-1f f2-1f)
289.342: (move f0-2f f0-3f)
292.675: (move f2-0f f3-0f)
inf: (move f0-2f f0-1f)
inf: (move f2-0f f1-0f)
inf: (move f1-1f f0-1f)
inf: (move f1-1f f1-0f)
283.093: (move f1-2f f1-3f)
283.094: (move f0-3f f1-3f)
285.481: (move f1-2f f2-2f)
285.483: (move f2-1f f2-2f)
285.975: (move f0-3f f0-4f)
295.881: (move f2-1f f3-1f)
295.881: (move f3-0f f3-1f)
296.063: (move f3-0f f4-0f)
inf: (move f1-2f f0-2f)
inf: (move f1-2f f1-1f)
250.363: (move f0-4f f0-5f)
255.981: (move f1-3f f1-4f)
255.983: (move f0-4f f1-4f)
258.159: (move f1-3f f2-3f)
258.163: (move f2-2f f2-3f)
286.463: (detonate-bomb f2-2f f3-2f)
294.467: (move f4-0f f5-0f)
296.605: (detonate-bomb f3-1f f3-2f)
inf: (move f1-3f f0-3f)
inf: (move f1-3f f1-2f)
236.709: (move f0-5f f0-6f)
240.506: (move f0-5f f1-5f)
240.507: (move f1-4f f1-5f)
251.069: (move f2-3f f2-4f)
251.069: (move f1-4f f2-4f)
259.370: (detonate-bomb f2-3f f3-3f)
261.236: (move f2-2f f2-3f)
286.936: (move f2-2f f1-2f)
287.724: (move f3-1f f2-1f)
287.729: (move f2-2f f2-1f)
252.233: (move f2-3f f2-4f)
253.042: (move f0-6f f0-7f)
253.099: (move f2-3f f2-4f)
259.364: (move f0-6f f1-6f)
259.365: (move f1-5f f1-6f)
268.632: (move f2-4f f2-5f)
268.632: (move f1-5f f2-5f)
284.462: (move f2-3f f1-3f)
285.259: (move f1-2f f1-3f)
285.261: (move f2-3f f1-3f)
247.884: (move f2-5f f2-6f)
247.885: (move f1-6f f2-6f)
252.380: (move f2-5f f3-5f)
254.065: (move f1-6f f1-7f)
254.070: (move f0-7f f1-7f)
256.843: (move f1-3f f1-4f)
256.844: (move f2-4f f1-4f)
258.393: (move f1-3f f1-4f)
258.397: (move f2-4f f1-4f)
269.243: (move f2-4f f2-5f)
241.787: (move f2-5f f1-5f)
241.791: (move f1-4f f1-5f)
242.537: (move f1-4f f1-5f)
248.653: (move f2-5f f2-6f)
252.899: (move f2-5f f3-5f)
256.590: (detonate-bomb f3-5f f4-5f)
259.535: (move f3-5f f3-6f)
259.535: (move f2-6f f3-6f)
278.555: (detonate-bomb f1-7f f2-7f)
285.822: (detonate-bomb f2-6f f2-7f)
245.868: (move f3-6f f4-6f)
246.620: (move f3-6f f3-7f)
251.191: (move f1-5f f0-5f)
252.256: (move f1-5f f0-5f)
260.139: (move f3-5f f3-6f)
260.142: (move f2-6f f3-6f)
260.198: (move f1-5f f1-6f)
260.198: (move f2-6f f1-6f)
261.334: (move f1-5f f1-6f)
265.155: (move f3-5f f3-6f)
237.562: (move f0-5f f0-6f)
237.562: (move f1-6f f0-6f)
238.626: (move f1-6f f0-6f)
238.631: (move f0-5f f0-6f)
246.725: (move f3-6f f4-6f)
247.379: (move f3-6f f3-7f)
249.798: (move f1-6f f2-6f)
251.957: (move f3-6f f4-6f)
251.961: (detonate-bomb f4-6f f4-5f)
254.210: (move f3-6f f3-7f)
253.886: (move f0-6f f0-7f)
254.953: (move f0-6f f0-7f)
260.151: (move f4-6f f5-6f)
261.436: (move f2-6f f3-6f)
267.305: (move f4-6f f4-5f)
267.690: (move f3-7f f4-7f)
267.692: (move f4-6f f4-7f)
268.453: (move f4-6f f5-6f)
270.744: (move f2-6f f2-5f)
272.977: (move f3-7f f4-7f)
244.702: (pickup-laser f0-7f)
245.769: (pickup-laser f0-7f)
247.782: (move f3-6f f4-6f)
248.524: (move f3-6f f3-7f)
254.238: (move f2-5f f3-5f)
254.246: (move f3-6f f3-5f)
254.950: (move f0-7f f1-7f)
256.044: (move f0-7f f1-7f)
inf: (move f4-7f f4-6f)
inf: (move f0-7f f0-6f)
232.138: (move f0-7f f0-6f)
233.204: (move f0-7f f0-6f)
247.846: (move f0-7f f1-7f)
248.946: (move f0-7f f1-7f)
261.186: (move f4-6f f5-6f)
268.741: (move f3-7f f4-7f)
268.741: (move f4-6f f4-7f)
inf: (move f4-6f f3-6f)
inf: (move f1-7f f1-6f)
inf: (move f1-7f f0-7f)
236.410: (putdown-laser f0-6f)
237.477: (putdown-laser f0-6f)
247.201: (move f0-6f f0-5f)
248.264: (move f0-6f f0-5f)
254.508: (move f1-7f f1-6f)
254.509: (move f0-6f f1-6f)
255.650: (move f1-7f f1-6f)
255.653: (move f0-6f f1-6f)
271.839: (putdown-laser f1-7f)
272.939: (putdown-laser f1-7f)
236.710: (move f1-6f f1-5f)
236.719: (move f0-5f f1-5f)
237.460: (move f0-5f f1-5f)
237.461: (move f1-6f f1-5f)
243.004: (move f1-6f f2-6f)
244.157: (move f1-6f f2-6f)
247.619: (move f0-6f f0-7f)
248.686: (move f0-6f f0-7f)
249.878: (move f1-7f f0-7f)
250.051: (putdown-laser f0-5f)
238.172: (move f0-5f f0-6f)
240.754: (putdown-laser f1-5f)
241.644: (putdown-laser f1-5f)
242.598: (move f0-5f f1-5f)
243.029: (move f0-7f f0-6f)
250.715: (move f0-7f f1-7f)
251.807: (move f0-7f f1-7f)
252.751: (move f1-5f f1-4f)
254.301: (move f1-5f f1-4f)
255.933: (move f2-6f f3-6f)
242.399: (move f3-6f f4-6f)
243.024: (move f3-6f f3-7f)
247.808: (move f1-5f f0-5f)
248.196: (move f3-6f f3-5f)
248.334: (move f1-4f f2-4f)
248.874: (move f1-5f f0-5f)
249.189: (move f1-4f f2-4f)
251.316: (move f0-6f f0-7f)
254.942: (move f1-5f f1-4f)
256.460: (move f1-5f f1-4f)
234.932: (move f0-5f f0-6f)
235.965: (move f0-5f f0-6f)
246.923: (putdown-laser f4-6f)
248.485: (fire-laser f4-6f f4-5f)
250.949: (move f1-4f f2-4f)
251.824: (move f1-4f f2-4f)
252.365: (fire-laser f3-5f f4-5f)
252.463: (fire-laser f3-5f f3-4f)
253.340: (putdown-laser f3-5f)
254.023: (putdown-laser f2-4f)
247.753: (move f0-6f f0-7f)
248.792: (move f0-6f f0-7f)
252.899: (putdown-laser f4-6f)
255.342: (fire-laser f3-5f f3-4f)
255.348: (fire-laser f3-5f f4-5f)
256.237: (move f2-4f f1-4f)
256.984: (move f2-4f f2-3f)
257.199: (putdown-laser f3-5f)
257.245: (putdown-laser f3-5f)
257.409: (move f0-6f f1-6f)
240.693: (move f1-4f f1-5f)
245.590: (move f1-6f f2-6f)
250.537: (move f1-6f f1-7f)
250.538: (move f0-7f f1-7f)
251.586: (move f0-7f f1-7f)
259.759: (putdown-laser f3-5f)
264.791: (move f4-6f f3-6f)
265.689: (move f3-5f f3-6f)
266.288: (move f3-5f f3-4f)
266.485: (move f3-5f f3-6f)
251.141: (move f1-5f f0-5f)
252.256: (move f3-6f f4-6f)
253.568: (move f3-6f f2-6f)
254.162: (move f3-6f f3-7f)
254.566: (move f3-6f f2-6f)
254.629: (move f3-6f f3-7f)
256.034: (move f3-6f f3-5f)
256.882: (move f3-6f f4-6f)
257.520: (move f3-6f f2-6f)
257.807: (move f3-4f f2-4f)
236.136: (move f0-5f f0-6f)
261.306: (putdown-laser f4-6f)
264.678: (move f2-6f f1-6f)
265.352: (move f2-6f f1-6f)
265.771: (move f2-4f f1-4f)
267.127: (move f4-6f f4-5f)
267.942: (move f4-6f f5-6f)
268.008: (move f3-5f f4-5f)
269.128: (move f2-6f f1-6f)
269.534: (move f2-4f f2-3f)
242.326: (move f1-6f f0-6f)
242.976: (move f1-6f f0-6f)
246.917: (move f1-6f f0-6f)
246.962: (move f1-6f f1-5f)
247.462: (move f1-6f f1-5f)
248.514: (move f0-6f f0-7f)
249.174: (move f1-4f f1-5f)
250.767: (move f1-6f f1-5f)
258.003: (move f1-6f f1-7f)
258.673: (move f1-6f f1-7f)
251.201: (putdown-laser f0-6f)
251.763: (move f0-7f f1-7f)
254.898: (move f1-7f f0-7f)
254.906: (move f0-6f f0-7f)
254.962: (putdown-laser f1-5f)
255.555: (move f1-7f f0-7f)
255.556: (move f0-6f f0-7f)
257.453: (move f1-5f f0-5f)
257.454: (move f0-6f f0-5f)
258.027: (move f1-5f f0-5f)
259.106: (move f1-7f f1-6f)
262.302: (move f0-6f f0-7f)
262.657: (move f1-5f f0-5f)
265.030: (move f0-6f f0-5f)
269.648: (move f1-5f f1-4f)
272.027: (move f1-5f f1-6f)
272.526: (move f0-6f f1-6f)
277.141: (move f1-5f f2-5f)
293.824: (move f0-5f f0-4f)
294.337: (move f0-5f f0-4f)
248.548: (move f1-6f f2-6f)
249.626: (move f1-6f f0-6f)
249.630: (move f0-5f f0-6f)
254.041: (move f1-6f f1-5f)
254.042: (move f0-5f f1-5f)
257.836: (move f2-5f f3-5f)
260.074: (move f1-6f f2-6f)
260.082: (move f2-5f f2-6f)
260.648: (move f1-6f f2-6f)
262.126: (move f1-4f f2-4f)
260.857: (move f2-6f f3-6f)
262.436: (move f0-6f f0-7f)
266.975: (move f2-6f f2-5f)
269.021: (move f3-5f f3-6f)
269.024: (move f2-6f f3-6f)
269.583: (move f2-6f f3-6f)
269.817: (move f1-5f f1-4f)
271.612: (move f2-4f f3-4f)
271.613: (move f3-5f f3-4f)
272.927: (move f2-4f f2-3f)
245.878: (move f3-6f f4-6f)
247.520: (move f3-6f f3-7f)
252.796: (move f3-6f f3-5f)
252.798: (move f2-5f f3-5f)
258.754: (move f3-6f f3-5f)
259.378: (move f3-6f f4-6f)
259.959: (move f3-6f f4-6f)
260.446: (move f3-6f f3-7f)
261.029: (move f3-6f f3-7f)
261.863: (move f1-4f f2-4f)
260.342: (move f4-6f f5-6f)
267.037: (move f3-7f f4-7f)
267.037: (move f4-6f f4-7f)
271.956: (move f2-4f f3-4f)
271.956: (move f3-5f f3-4f)
274.080: (move f2-4f f2-3f)
274.739: (move f4-6f f5-6f)
275.229: (move f4-6f f4-5f)
275.394: (move f4-6f f5-6f)
275.878: (move f4-6f f4-5f)
298.855: (move f2-3f f1-3f)
298.857: (move f2-3f f3-3f)
298.857: (move f3-4f f3-3f)
300.466: (move f2-3f f2-2f)
inf: (move f5-6f f4-6f)
inf: (move f4-7f f3-7f)
inf: (move f4-7f f4-6f)
inf: (move f3-4f f2-4f)
inf: (move f3-4f f3-5f)
inf: (move f2-3f f2-4f)
299.778: (move f2-2f f1-2f)
299.780: (move f1-3f f1-2f)
300.562: (move f2-2f f2-1f)
303.773: (move f1-3f f0-3f)
inf: (move f1-3f f1-4f)
inf: (move f1-3f f2-3f)
inf: (move f3-3f f2-3f)
inf: (move f3-3f f3-4f)
inf: (move f2-2f f2-3f)
300.899: (move f0-3f f0-4f)
301.125: (move f0-3f f0-2f)
301.126: (move f1-2f f0-2f)
301.800: (move f2-1f f2-0f)
308.966: (move f2-1f f1-1f)
308.966: (move f1-2f f1-1f)
310.092: (move f2-1f f3-1f)
inf: (move f1-2f f2-2f)
inf: (move f1-2f f1-3f)
inf: (move f2-1f f2-2f)
291.279: (move f1-1f f1-0f)
291.280: (move f2-0f f1-0f)
291.287: (move f0-2f f0-1f)
291.287: (move f1-1f f0-1f)
306.983: (move f2-0f f3-0f)
306.986: (move f3-1f f3-0f)
inf: (move f0-4f f0-3f)
inf: (move f0-4f f0-5f)
inf: (move f0-4f f1-4f)
inf: (move f0-2f f1-2f)
293.191: (move f0-1f f0-0f)
293.191: (move f1-0f f0-0f)
310.354: (move f3-0f f4-0f)
inf: (move f1-0f f2-0f)
inf: (move f1-0f f1-1f)
inf: (move f0-1f f0-2f)
inf: (move f0-1f f1-1f)
inf: (move f3-0f f2-0f)
inf: (move f3-0f f3-1f)
293.191: (pickup-bomb f0-0f)
308.755: (move f4-0f f5-0f)
inf: (move f0-0f f1-0f)
inf: (move f0-0f f0-1f)
inf: (move f4-0f f3-0f)
291.281: (move f0-0f f1-0f)
291.288: (move f0-0f f0-1f)
308.015: (move f5-0f f6-0f)
inf: (move f5-0f f4-0f)
301.124: (move f0-1f f0-2f)
301.801: (move f1-0f f2-0f)
308.966: (move f0-1f f1-1f)
308.966: (move f1-0f f1-1f)
309.828: (move f6-0f f7-0f)
inf: (move f1-0f f0-0f)
inf: (move f0-1f f0-0f)
inf: (move f6-0f f5-0f)
299.779: (move f1-1f f1-2f)
299.780: (move f0-2f f1-2f)
300.562: (move f2-0f f2-1f)
300.563: (move f1-1f f2-1f)
303.773: (move f0-2f f0-3f)
306.984: (move f2-0f f3-0f)
inf: (move f0-2f f0-1f)
inf: (move f2-0f f1-0f)
inf: (move f1-1f f0-1f)
inf: (move f1-1f f1-0f)
298.854: (move f0-3f f1-3f)
298.855: (move f1-2f f1-3f)
300.466: (move f2-1f f2-2f)
300.468: (move f1-2f f2-2f)
300.899: (move f0-3f f0-4f)
310.091: (move f3-0f f3-1f)
310.092: (move f2-1f f3-1f)
310.355: (move f3-0f f4-0f)
inf: (move f1-2f f0-2f)
inf: (move f1-2f f1-1f)
265.031: (move f0-4f f0-5f)
269.817: (move f1-3f f1-4f)
269.817: (move f0-4f f1-4f)
274.080: (move f1-3f f2-3f)
274.080: (move f2-2f f2-3f)
301.393: (detonate-bomb f2-2f f3-2f)
308.758: (move f4-0f f5-0f)
310.829: (detonate-bomb f3-1f f3-2f)
inf: (move f1-3f f0-3f)
inf: (move f1-3f f1-2f)
251.199: (move f0-5f f0-6f)
254.043: (move f0-5f f1-5f)
254.044: (move f1-4f f1-5f)
261.862: (move f2-3f f2-4f)
261.863: (move f1-4f f2-4f)
275.819: (move f2-2f f2-3f)
298.858: (move f2-3f f3-3f)
301.441: (move f2-2f f1-2f)
301.868: (move f3-1f f2-1f)
301.870: (move f2-2f f2-1f)
262.303: (move f0-6f f0-7f)
264.014: (move f2-3f f2-4f)
271.955: (move f2-4f f3-4f)
271.957: (move f3-3f f3-4f)
272.524: (move f1-5f f1-6f)
272.525: (move f0-6f f1-6f)
278.466: (move f2-4f f2-5f)
278.466: (move f1-5f f2-5f)
300.023: (move f2-3f f3-3f)
300.024: (detonate-bomb f3-3f f3-2f)
258.754: (move f2-5f f3-5f)
258.758: (move f3-4f f3-5f)
260.650: (move f2-5f f2-6f)
260.652: (move f1-6f f2-6f)
265.513: (move f1-6f f1-7f)
265.515: (move f0-7f f1-7f)
272.257: (move f2-4f f1-4f)
272.810: (detonate-bomb f3-4f f4-4f)
273.848: (move f2-4f f3-4f)
273.854: (move f3-3f f3-4f)
256.149: (move f1-4f f1-5f)
260.440: (move f3-4f f3-5f)
260.659: (move f3-4f f3-5f)
264.053: (move f3-4f f2-4f)
269.585: (move f3-5f f3-6f)
269.586: (move f2-6f f3-6f)
275.877: (move f3-5f f4-5f)
297.617: (detonate-bomb f1-7f f2-7f)
300.295: (move f3-4f f4-4f)
301.070: (move f1-4f f1-3f)
259.956: (move f4-5f f4-6f)
259.958: (move f3-6f f4-6f)
261.030: (move f3-6f f3-7f)
266.969: (move f1-5f f0-5f)
270.600: (move f3-5f f3-6f)
270.829: (move f2-4f f1-4f)
271.493: (move f3-5f f3-6f)
274.550: (move f4-4f f4-5f)
274.551: (detonate-bomb f4-5f f4-4f)
274.556: (move f3-5f f4-5f)
253.135: (move f0-5f f0-6f)
255.245: (move f1-4f f1-5f)
260.880: (move f4-5f f4-6f)
260.882: (move f3-6f f4-6f)
261.669: (move f3-6f f2-6f)
261.884: (move f3-6f f3-7f)
261.884: (move f3-6f f4-6f)
262.628: (move f3-6f f2-6f)
262.948: (move f3-6f f3-7f)
275.398: (move f4-6f f5-6f)
248.854: (pickup-laser f0-6f)
264.233: (move f0-6f f0-7f)
265.877: (move f1-5f f0-5f)
273.505: (move f2-6f f1-6f)
273.506: (move f1-5f f1-6f)
274.563: (move f2-6f f1-6f)
274.565: (move f0-6f f1-6f)
275.152: (detonate-bomb f5-6f f6-6f)
275.978: (move f4-6f f5-6f)
276.265: (detonate-bomb f5-6f f5-7f)
252.076: (move f1-6f f0-6f)
252.078: (move f0-5f f0-6f)
260.547: (move f5-6f f4-6f)
261.267: (move f5-6f f4-6f)
261.339: (move f0-6f f0-7f)
261.380: (move f5-6f f5-7f)
263.922: (move f0-6f f0-5f)
266.394: (move f1-6f f1-7f)
267.554: (move f1-6f f1-7f)
267.557: (move f0-7f f1-7f)
247.799: (pickup-laser f0-6f)
252.871: (move f0-5f f1-5f)
263.177: (move f1-7f f0-7f)
263.178: (move f0-6f f0-7f)
264.688: (move f0-7f f1-7f)
266.767: (putdown-laser f0-5f)
270.523: (putdown-laser f0-7f)
270.969: (move f4-6f f3-6f)
271.337: (move f4-6f f3-6f)
277.557: (move f4-6f f4-5f)
254.279: (move f0-7f f0-6f)
254.897: (move f0-5f f0-6f)
257.077: (putdown-laser f1-5f)
258.754: (move f0-5f f1-5f)
260.276: (move f0-6f f0-7f)
260.360: (move f3-6f f3-5f)
260.369: (move f4-5f f3-5f)
261.010: (move f3-6f f3-5f)
262.184: (move f3-6f f2-6f)
262.419: (move f3-6f f3-7f)
263.515: (move f0-7f f1-7f)
264.618: (move f1-5f f0-5f)
267.880: (move f0-6f f0-5f)
267.977: (move f0-6f f0-7f)
269.461: (putdown-laser f0-7f)
272.082: (move f1-5f f1-4f)
273.573: (move f3-5f f3-4f)
274.085: (move f1-5f f1-6f)
274.148: (move f2-6f f1-6f)
274.744: (move f3-5f f3-4f)
251.638: (move f1-6f f0-6f)
251.649: (move f0-5f f0-6f)
252.825: (move f1-6f f0-6f)
253.226: (move f0-7f f0-6f)
255.664: (move f1-6f f1-5f)
257.947: (move f0-5f f1-5f)
262.131: (move f1-6f f2-6f)
263.494: (move f3-4f f2-4f)
264.287: (move f1-4f f2-4f)
264.640: (move f3-4f f2-4f)
248.540: (pickup-laser f0-6f)
263.924: (move f0-6f f0-7f)
264.445: (move f0-6f f0-7f)
266.651: (move f1-5f f0-5f)
266.652: (move f0-6f f0-5f)
266.794: (move f0-6f f0-5f)
271.015: (move f2-6f f3-6f)
271.437: (move f2-4f f1-4f)
271.439: (move f1-5f f1-4f)
272.703: (move f2-4f f1-4f)
256.716: (move f1-4f f1-5f)
257.043: (move f0-5f f1-5f)
259.817: (move f3-6f f3-5f)
261.034: (move f0-6f f0-7f)
261.387: (move f3-6f f4-6f)
262.443: (move f3-6f f3-7f)
263.606: (move f0-6f f0-5f)
267.146: (move f0-7f f1-7f)
267.335: (move f0-7f f1-7f)
270.757: (move f0-6f f1-6f)
252.393: (move f1-6f f1-5f)
252.394: (move f0-5f f1-5f)
259.055: (move f1-6f f2-6f)
264.269: (move f0-7f f1-7f)
264.270: (move f1-6f f1-7f)
266.457: (putdown-laser f0-5f)
267.822: (move f1-5f f0-5f)
270.214: (putdown-laser f0-7f)
272.646: (move f1-5f f1-4f)
273.537: (move f3-5f f3-4f)
253.959: (move f0-7f f0-6f)
253.969: (move f0-5f f0-6f)
254.578: (move f0-5f f0-6f)
256.584: (putdown-laser f1-5f)
258.270: (move f0-5f f1-5f)
265.628: (move f1-4f f2-4f)
267.869: (move f2-6f f3-6f)
269.150: (move f1-5f f1-4f)
271.379: (move f0-7f f1-7f)
276.439: (move f2-6f f2-5f)
249.691: (pickup-laser f0-6f)
256.941: (move f3-6f f3-5f)
256.950: (move f2-5f f3-5f)
257.467: (move f3-6f f4-6f)
259.381: (move f3-6f f3-7f)
261.166: (move f2-5f f2-4f)
261.166: (move f1-4f f2-4f)
264.279: (move f1-5f f0-5f)
265.090: (move f0-6f f0-7f)
267.564: (move f0-6f f0-5f)
251.255: (move f0-5f f0-6f)
257.473: (move f0-5f f1-5f)
261.362: (putdown-laser f3-5f)
261.879: (putdown-laser f4-6f)
262.201: (move f0-6f f0-7f)
264.778: (move f0-6f f0-5f)
266.555: (putdown-laser f2-4f)
268.267: (move f0-7f f1-7f)
270.561: (move f3-5f f3-4f)
270.564: (move f2-4f f3-4f)
253.448: (move f0-5f f1-5f)
264.058: (move f0-6f f0-7f)
265.388: (move f0-7f f1-7f)
267.628: (putdown-laser f0-5f)
271.363: (move f3-5f f3-6f)
271.381: (putdown-laser f0-7f)
271.405: (fire-laser f3-4f f4-4f)
271.412: (move f2-4f f1-4f)
271.573: (move f4-6f f3-6f)
273.242: (move f1-5f f1-4f)
255.119: (move f0-7f f0-6f)
255.726: (move f0-5f f0-6f)
256.653: (move f1-4f f1-5f)
257.610: (putdown-laser f1-5f)
258.591: (move f3-4f f3-5f)
259.324: (move f0-5f f1-5f)
260.547: (move f3-6f f3-5f)
261.029: (move f3-6f f4-6f)
262.576: (move f3-6f f2-6f)
262.613: (move f3-6f f2-6f)
263.184: (putdown-laser f3-5f)
265.413: (move f1-5f f0-5f)
267.357: (move f1-5f f0-5f)
268.736: (move f0-6f f0-5f)
268.834: (move f0-6f f0-7f)
268.845: (move f3-5f f3-6f)
272.526: (move f1-5f f1-4f)
273.159: (move f3-5f f4-5f)
273.313: (move f3-5f f3-4f)
274.138: (move f2-6f f1-6f)
251.803: (move f1-6f f0-6f)
252.182: (move f0-5f f0-6f)
252.391: (move f0-5f f0-6f)
255.656: (move f1-6f f1-5f)
258.380: (move f4-5f f4-6f)
258.382: (move f3-6f f4-6f)
258.515: (move f0-5f f1-5f)
260.015: (move f3-6f f2-6f)
260.172: (move f3-6f f3-7f)
263.647: (move f3-4f f2-4f)
262.793: (putdown-laser f4-6f)
264.316: (move f0-6f f0-7f)
264.498: (move f0-6f f0-7f)
265.212: (move f0-6f f0-7f)
266.835: (move f1-5f f0-5f)
266.837: (move f0-6f f0-5f)
271.662: (move f2-6f f1-6f)
272.637: (move f1-5f f1-4f)
272.684: (move f2-4f f1-4f)
272.768: (move f4-6f f5-6f)
249.349: (move f1-6f f0-6f)
253.533: (move f1-6f f1-5f)
255.924: (move f1-4f f1-5f)
264.809: (move f1-4f f2-4f)
265.077: (move f1-6f f1-7f)
267.502: (move f0-7f f1-7f)
267.981: (move f0-7f f1-7f)
268.050: (move f0-7f f1-7f)
269.288: (fire-laser f5-6f f5-5f)
272.472: (move f4-6f f3-6f)
253.628: (putdown-laser f0-6f)
257.149: (move f5-6f f4-6f)
257.737: (putdown-laser f1-5f)
261.824: (move f0-6f f0-7f)
261.826: (move f1-7f f0-7f)
262.251: (move f3-6f f3-5f)
263.353: (move f3-6f f2-6f)
264.046: (move f3-6f f3-7f)
264.384: (move f0-6f f0-5f)
264.385: (move f1-5f f0-5f)
261.741: (putdown-laser f4-6f)
264.727: (move f0-6f f0-7f)
265.068: (move f1-5f f0-5f)
267.241: (putdown-laser f0-5f)
267.425: (move f0-6f f0-5f)
267.476: (move f4-6f f3-6f)
271.012: (putdown-laser f0-7f)
271.415: (move f4-6f f4-5f)
272.219: (move f1-5f f1-4f)
274.140: (move f3-5f f3-4f)
252.066: (move f0-5f f0-6f)
254.781: (move f0-7f f0-6f)
255.390: (move f0-5f f0-6f)
256.799: (move f0-5f f1-5f)
257.482: (move f4-5f f3-5f)
257.483: (move f3-6f f3-5f)
258.438: (move f3-6f f2-6f)
258.848: (move f3-6f f3-7f)
259.413: (move f0-5f f1-5f)
265.669: (move f3-4f f2-4f)
262.168: (putdown-laser f3-5f)
264.866: (move f0-6f f0-7f)
268.340: (move f0-6f f0-5f)
268.469: (move f0-6f f0-7f)
270.118: (move f3-5f f3-4f)
270.483: (move f2-6f f1-6f)
272.390: (move f1-5f f1-4f)
273.547: (move f2-4f f1-4f)
274.531: (move f0-6f f1-6f)
275.055: (move f1-5f f1-6f)
248.173: (move f1-6f f0-6f)
252.051: (move f1-6f f1-5f)
256.823: (move f1-4f f1-5f)
258.601: (move f0-5f f1-5f)
261.911: (move f3-4f f2-4f)
262.551: (move f1-6f f2-6f)
263.141: (move f1-6f f2-6f)
263.894: (move f1-6f f1-7f)
265.629: (move f1-4f f2-4f)
267.691: (move f0-7f f1-7f)
252.448: (putdown-laser f0-6f)
256.188: (putdown-laser f1-5f)
260.645: (move f0-6f f0-7f)
260.645: (move f1-7f f0-7f)
263.202: (move f1-5f f0-5f)
263.204: (move f0-6f f0-5f)
267.357: (putdown-laser f2-4f)
267.873: (move f1-5f f0-5f)
268.820: (move f2-4f f1-4f)
268.823: (move f1-5f f1-4f)
252.806: (move f0-5f f0-6f)
263.548: (move f0-6f f0-7f)
263.870: (move f1-5f f0-5f)
266.057: (putdown-laser f0-5f)
266.245: (move f0-6f f0-5f)
269.835: (putdown-laser f0-7f)
270.912: (move f1-5f f1-4f)
271.040: (move f2-4f f1-4f)
272.690: (move f2-4f f3-4f)
273.350: (move f1-5f f1-6f)
250.851: (move f1-6f f0-6f)
250.860: (move f0-5f f0-6f)
253.601: (move f0-7f f0-6f)
254.212: (move f0-5f f0-6f)
255.315: (move f0-5f f1-5f)
256.199: (move f1-4f f1-5f)
257.912: (move f0-5f f1-5f)
260.976: (move f1-6f f2-6f)
261.864: (move f3-4f f3-5f)
264.511: (move f1-4f f2-4f)
263.663: (move f0-6f f0-7f)
266.895: (move f1-5f f0-5f)
267.160: (move f0-6f f0-5f)
267.289: (move f0-6f f0-7f)
270.027: (move f2-6f f3-6f)
271.104: (move f1-5f f1-4f)
272.297: (move f3-5f f3-6f)
272.736: (move f2-4f f3-4f)
273.874: (move f1-5f f1-6f)
273.977: (move f2-4f f2-3f)
251.734: (move f0-5f f0-6f)
257.118: (move f0-5f f1-5f)
259.660: (move f3-6f f4-6f)
259.998: (move f3-6f f3-5f)
259.999: (move f3-4f f3-5f)
260.972: (move f3-6f f4-6f)
261.321: (move f3-6f f3-7f)
261.560: (move f1-6f f2-6f)
262.593: (move f3-6f f3-7f)
263.683: (move f3-6f f2-6f)
264.058: (move f0-6f f0-7f)
270.576: (move f2-6f f3-6f)
271.745: (move f4-6f f5-6f)
272.919: (move f1-5f f1-4f)
273.811: (move f4-6f f5-6f)
273.907: (move f3-5f f4-5f)
273.912: (move f4-6f f4-5f)
275.034: (move f0-6f f1-6f)
275.036: (move f2-6f f1-6f)
275.392: (move f4-6f f4-5f)
260.218: (move f3-6f f4-6f)
260.898: (move f3-6f f3-5f)
261.877: (move f3-6f f3-7f)
265.812: (move f1-4f f2-4f)
267.596: (move f0-7f f1-7f)
267.598: (move f1-6f f1-7f)
300.561: (move f4-5f f5-5f)
300.566: (move f5-6f f5-5f)
301.208: (move f5-6f f6-6f)
301.289: (move f4-5f f4-4f)
272.388: (move f4-6f f5-6f)
273.139: (move f3-5f f3-4f)
274.311: (move f2-4f f3-4f)
274.534: (move f4-6f f4-5f)
274.537: (move f3-5f f4-5f)
276.332: (move f2-4f f2-3f)
279.981: (move f3-5f f2-5f)
281.499: (move f4-6f f4-7f)
281.502: (move f3-7f f4-7f)
281.833: (move f2-4f f2-5f)
262.200: (move f2-5f f3-5f)
262.200: (move f3-4f f3-5f)
264.096: (move f2-5f f2-6f)
264.239: (move f2-5f f2-4f)
264.242: (move f3-4f f2-4f)
301.194: (move f4-5f f5-5f)
301.196: (move f5-6f f5-5f)
301.624: (move f2-3f f1-3f)
301.859: (move f5-6f f6-6f)
301.928: (move f4-5f f4-4f)
271.696: (move f3-5f f3-6f)
271.698: (move f2-6f f3-6f)
275.133: (move f2-4f f2-3f)
275.759: (move f3-5f f4-5f)
276.145: (move f2-6f f1-6f)
302.107: (move f1-3f f1-2f)
306.028: (move f1-3f f0-3f)
inf: (move f4-4f f4-5f)
inf: (move f3-5f f2-5f)
inf: (move f4-4f f3-4f)
261.508: (move f3-6f f4-6f)
261.510: (move f4-5f f4-6f)
263.245: (move f3-6f f3-7f)
270.998: (move f1-6f f1-7f)
300.355: (move f2-3f f1-3f)
302.016: (move f2-3f f2-2f)
302.072: (move f2-3f f3-3f)
302.441: (move f4-5f f5-5f)
303.147: (move f4-5f f4-4f)
303.251: (move f1-2f f2-2f)
273.620: (move f4-6f f5-6f)
273.620: (move f5-5f f5-6f)
282.711: (move f3-7f f4-7f)
282.712: (move f4-6f f4-7f)
300.825: (move f2-2f f1-2f)
300.826: (move f1-3f f1-2f)
301.798: (move f2-2f f2-1f)
303.043: (move f2-2f f2-1f)
304.791: (move f1-3f f0-3f)
inf: (move f2-2f f2-3f)
302.149: (move f0-3f f0-4f)
302.592: (move f1-2f f0-2f)
302.593: (move f0-3f f0-2f)
303.102: (move f5-6f f6-6f)
303.258: (move f2-1f f2-0f)
304.390: (move f2-1f f2-0f)
310.296: (move f2-1f f1-1f)
310.297: (move f1-2f f1-1f)
311.459: (move f2-1f f1-1f)
311.613: (move f2-1f f3-1f)
292.505: (move f1-1f f1-0f)
292.508: (move f2-0f f1-0f)
292.513: (move f1-1f f0-1f)
292.515: (move f0-2f f0-1f)
293.752: (move f2-0f f1-0f)
293.754: (move f1-1f f1-0f)
293.763: (move f1-1f f0-1f)
308.208: (move f2-0f f3-0f)
308.216: (move f3-1f f3-0f)
309.455: (move f2-0f f3-0f)
294.420: (move f0-1f f0-0f)
294.421: (move f1-0f f0-0f)
295.662: (move f0-1f f0-0f)
295.663: (move f1-0f f0-0f)
303.724: (move f0-1f f0-2f)
311.566: (move f3-0f f4-0f)
312.822: (move f3-0f f4-0f)
312.867: (move f3-0f f3-1f)
inf: (move f1-0f f1-1f)
inf: (move f1-0f f2-0f)
294.421: (pickup-bomb f0-0f)
295.663: (pickup-bomb f0-0f)
309.970: (move f4-0f f5-0f)
311.220: (move f4-0f f5-0f)
inf: (move f0-0f f1-0f)
inf: (move f0-0f f0-1f)
inf: (move f0-0f f1-0f)
inf: (move f0-0f f0-1f)
inf: (move f0-2f f0-1f)
inf: (move f0-2f f1-2f)
292.509: (move f0-0f f1-0f)
292.516: (move f0-0f f0-1f)
293.753: (move f0-0f f1-0f)
293.761: (move f0-0f f0-1f)
309.232: (move f5-0f f6-0f)
310.483: (move f5-0f f6-0f)
inf: (move f5-0f f4-0f)
inf: (move f5-0f f4-0f)
302.591: (move f0-1f f0-2f)
303.260: (move f1-0f f2-0f)
303.724: (move f0-1f f0-2f)
304.395: (move f1-0f f2-0f)
310.297: (move f1-0f f1-1f)
310.297: (move f0-1f f1-1f)
311.045: (move f6-0f f7-0f)
311.461: (move f0-1f f1-1f)
311.461: (move f1-0f f1-1f)
312.291: (move f6-0f f7-0f)
300.825: (move f1-1f f1-2f)
300.828: (move f0-2f f1-2f)
301.799: (move f2-0f f2-1f)
301.799: (move f1-1f f2-1f)
302.106: (move f0-2f f1-2f)
302.108: (move f1-1f f1-2f)
303.042: (move f1-1f f2-1f)
303.043: (move f2-0f f2-1f)
304.791: (move f0-2f f0-3f)
306.029: (move f0-2f f0-3f)
300.353: (move f0-3f f1-3f)
300.355: (move f1-2f f1-3f)
301.624: (move f1-2f f1-3f)
301.627: (move f0-3f f1-3f)
302.016: (move f2-1f f2-2f)
302.016: (move f1-2f f2-2f)
302.150: (move f0-3f f0-4f)
303.252: (move f2-1f f2-2f)
303.252: (move f1-2f f2-2f)
303.366: (move f0-3f f0-4f)
266.246: (move f0-4f f0-5f)
267.159: (move f0-4f f0-5f)
271.104: (move f0-4f f1-4f)
271.105: (move f1-3f f1-4f)
272.917: (move f0-4f f1-4f)
272.919: (move f1-3f f1-4f)
275.128: (move f2-2f f2-3f)
275.132: (move f1-3f f2-3f)
276.336: (move f2-2f f2-3f)
276.336: (move f1-3f f2-3f)
252.448: (move f0-5f f0-6f)
253.600: (move f0-5f f0-6f)
255.315: (move f1-4f f1-5f)
255.318: (move f0-5f f1-5f)
257.116: (move f0-5f f1-5f)
257.117: (move f1-4f f1-5f)
264.240: (move f2-3f f2-4f)
264.241: (move f1-4f f2-4f)
265.810: (move f2-3f f2-4f)
265.811: (move f1-4f f2-4f)
263.548: (move f0-6f f0-7f)
269.834: (move f0-6f f0-7f)
273.139: (move f2-4f f3-4f)
273.872: (move f1-5f f1-6f)
273.873: (move f0-6f f1-6f)
274.302: (move f2-4f f3-4f)
276.142: (move f1-5f f1-6f)
276.144: (move f0-6f f1-6f)
279.982: (move f2-4f f2-5f)
279.983: (move f1-5f f2-5f)
260.898: (move f3-4f f3-5f)
260.899: (move f2-5f f3-5f)
261.557: (move f2-5f f2-6f)
261.563: (move f1-6f f2-6f)
262.199: (move f3-4f f3-5f)
264.099: (move f1-6f f2-6f)
266.765: (move f0-7f f1-7f)
266.766: (move f1-6f f1-7f)
270.994: (move f1-6f f1-7f)
270.997: (move f0-7f f1-7f)
270.578: (move f3-5f f3-6f)
270.579: (move f2-6f f3-6f)
271.695: (move f2-6f f3-6f)
271.698: (move f3-5f f3-6f)
274.534: (move f3-5f f4-5f)
275.761: (move f3-5f f4-5f)
281.832: (move f2-6f f2-5f)
281.835: (move f3-5f f2-5f)
296.578: (detonate-bomb f1-7f f2-7f)
298.369: (detonate-bomb f1-7f f2-7f)
260.218: (move f3-6f f4-6f)
260.220: (move f4-5f f4-6f)
261.508: (move f4-5f f4-6f)
261.510: (move f3-6f f4-6f)
261.878: (move f3-6f f3-7f)
263.246: (move f3-6f f3-7f)
286.932: (move f1-7f f0-7f)
290.885: (move f1-7f f0-7f)
293.802: (move f1-7f f1-6f)
295.825: (move f1-7f f1-6f)
272.388: (move f4-6f f5-6f)
273.621: (move f4-6f f5-6f)
281.499: (move f4-6f f4-7f)
281.502: (move f3-7f f4-7f)
282.711: (move f3-7f f4-7f)
282.711: (move f4-6f f4-7f)
284.372: (pickup-laser f0-7f)
288.283: (move f1-6f f0-6f)
288.287: (move f0-7f f0-6f)
290.365: (move f0-7f f0-6f)
276.540: (detonate-bomb f5-6f f5-7f)
277.772: (detonate-bomb f5-6f f5-7f)
285.550: (detonate-bomb f4-7f f5-7f)
286.154: (move f0-7f f0-6f)
286.157: (pickup-laser f0-6f)
286.756: (detonate-bomb f4-7f f5-7f)
295.599: (move f0-7f f1-7f)
301.196: (move f5-6f f5-5f)
301.858: (move f5-6f f6-6f)
302.440: (move f5-6f f5-5f)
262.904: (move f5-6f f5-7f)
262.904: (move f4-7f f5-7f)
264.130: (move f4-7f f5-7f)
264.130: (move f5-6f f5-7f)
264.235: (move f4-7f f4-6f)
264.236: (move f5-6f f4-6f)
265.277: (move f4-7f f3-7f)
265.526: (move f4-7f f4-6f)
265.528: (move f5-6f f4-6f)
266.640: (move f4-7f f3-7f)
273.601: (move f4-6f f3-6f)
273.604: (move f3-7f f3-6f)
274.725: (move f3-7f f3-6f)
274.725: (move f4-6f f3-6f)
279.378: (move f4-6f f4-5f)
280.603: (move f4-6f f4-5f)
inf: (move f5-7f f4-7f)
inf: (move f5-7f f5-6f)
inf: (move f5-7f f4-7f)
inf: (move f5-7f f5-6f)
264.005: (move f3-6f f3-5f)
264.010: (move f4-5f f3-5f)
264.454: (move f3-6f f2-6f)
265.316: (move f4-5f f3-5f)
265.319: (move f3-6f f3-5f)
266.996: (move f3-6f f2-6f)
305.346: (move f4-5f f5-5f)
306.003: (move f4-5f f4-4f)
306.590: (move f4-5f f5-5f)
307.221: (move f4-5f f4-4f)
276.485: (move f3-5f f3-4f)
276.489: (move f4-4f f3-4f)
277.180: (move f2-6f f1-6f)
277.655: (move f4-4f f3-4f)
277.658: (move f3-5f f3-4f)
279.450: (move f2-6f f1-6f)
283.295: (move f2-6f f2-5f)
283.295: (move f3-5f f2-5f)
285.159: (move f2-6f f2-5f)
285.159: (move f3-5f f2-5f)
255.749: (move f1-6f f0-6f)
256.905: (move f1-6f f0-6f)
258.576: (move f2-5f f1-5f)
258.581: (move f1-6f f1-5f)
260.375: (move f2-5f f1-5f)
260.378: (move f1-6f f1-5f)
267.591: (move f2-5f f2-4f)
267.592: (move f3-4f f2-4f)
269.154: (move f2-5f f2-4f)
269.164: (move f3-4f f2-4f)
251.475: (pickup-laser f0-6f)
266.868: (move f0-6f f0-7f)
269.557: (move f0-6f f0-5f)
269.558: (move f1-5f f0-5f)
270.473: (move f1-5f f0-5f)
270.475: (move f0-6f f0-5f)
273.156: (move f0-6f f0-7f)
274.524: (move f2-4f f1-4f)
274.527: (move f1-5f f1-4f)
276.336: (move f2-4f f1-4f)
263.967: (move f0-6f f0-7f)
263.971: (pickup-laser f0-7f)
266.519: (move f0-6f f0-5f)
270.031: (move f0-7f f1-7f)
273.791: (move f0-6f f1-6f)
274.261: (move f0-7f f1-7f)
303.678: (move f1-4f f1-3f)
304.951: (move f1-4f f1-3f)
305.474: (move f1-4f f0-4f)
305.474: (move f0-5f f0-4f)
255.313: (move f1-6f f1-5f)
255.314: (move f0-5f f1-5f)
261.331: (move f1-6f f2-6f)
267.158: (move f0-7f f1-7f)
267.159: (move f1-6f f1-7f)
269.369: (putdown-laser f0-5f)
278.578: (move f1-3f f2-3f)
279.783: (move f1-3f f2-3f)
284.297: (putdown-laser f1-6f)
303.005: (move f0-5f f0-4f)
254.909: (move f1-6f f0-6f)
257.512: (move f0-5f f0-6f)
259.414: (putdown-laser f1-5f)
259.480: (move f1-6f f1-5f)
261.172: (move f0-5f f1-5f)
265.618: (move f1-6f f2-6f)
270.504: (move f2-6f f3-6f)
271.379: (move f1-6f f1-7f)
272.236: (move f0-4f f1-4f)
272.247: (move f1-5f f1-4f)
260.611: (move f3-6f f3-5f)
261.173: (move f3-6f f4-6f)
262.245: (move f3-6f f3-7f)
265.276: (move f1-4f f2-4f)
266.661: (move f1-7f f0-7f)
266.661: (move f0-6f f0-7f)
267.136: (move f1-5f f0-5f)
267.221: (move f0-6f f0-5f)
267.223: (move f1-5f f0-5f)
270.610: (move f0-6f f0-7f)
254.128: (move f0-5f f0-6f)
265.240: (putdown-laser f3-5f)
266.134: (putdown-laser f4-6f)
270.664: (putdown-laser f2-4f)
273.445: (move f4-6f f5-6f)
273.467: (move f2-4f f3-4f)
273.467: (move f3-5f f3-4f)
274.163: (move f0-7f f1-7f)
275.692: (move f2-4f f2-3f)
276.257: (move f4-6f f4-5f)
259.799: (move f5-6f f5-7f)
266.948: (move f0-6f f0-7f)
274.290: (move f4-6f f3-6f)
274.309: (move f3-5f f3-6f)
274.527: (move f2-4f f1-4f)
276.051: (move f2-4f f3-4f)
276.147: (move f3-5f f3-4f)
276.628: (move f4-6f f5-6f)
276.657: (move f0-6f f1-6f)
278.557: (putdown-laser f3-4f)
259.553: (move f1-4f f1-5f)
263.834: (move f5-6f f5-7f)
263.872: (move f1-6f f2-6f)
264.441: (move f3-6f f3-5f)
264.652: (putdown-laser f5-7f)
264.983: (move f3-6f f4-6f)
265.068: (move f3-4f f3-5f)
265.169: (move f3-6f f2-6f)
265.197: (move f3-6f f2-6f)
265.246: (fire-laser f5-7f f6-7f)
269.592: (putdown-laser f5-7f)
270.425: (move f1-5f f0-5f)
273.061: (move f2-6f f3-6f)
275.373: (move f3-5f f3-6f)
275.595: (move f5-7f f6-7f)
276.097: (move f3-5f f3-4f)
276.292: (move f4-6f f5-6f)
277.231: (move f2-6f f1-6f)
277.548: (move f2-6f f1-6f)
278.089: (move f5-7f f5-6f)
254.879: (move f1-6f f0-6f)
255.189: (move f1-6f f0-6f)
255.227: (move f0-5f f0-6f)
258.831: (move f1-6f f1-5f)
259.010: (move f1-6f f1-5f)
262.530: (move f5-6f f5-7f)
263.072: (move f3-6f f3-5f)
263.675: (move f3-6f f4-6f)
264.666: (move f5-6f f4-6f)
264.717: (move f3-6f f3-7f)
267.397: (move f0-6f f0-7f)
267.569: (move f0-6f f0-7f)
267.710: (move f0-6f f0-7f)
269.970: (move f1-5f f0-5f)
269.971: (move f0-6f f0-5f)
270.220: (move f0-6f f0-5f)
270.224: (move f1-5f f0-5f)
274.228: (move f4-6f f3-6f)
275.614: (move f1-5f f1-4f)
275.891: (move f4-6f f5-6f)
262.247: (move f5-6f f5-7f)
264.190: (move f3-6f f3-5f)
264.498: (move f3-6f f2-6f)
267.063: (move f3-6f f3-7f)
267.776: (move f1-4f f2-4f)
270.525: (move f0-7f f1-7f)
270.852: (move f0-7f f1-7f)
271.059: (move f0-7f f1-7f)
304.394: (move f5-6f f6-6f)
304.512: (move f1-4f f1-3f)
277.365: (move f3-5f f3-4f)
277.849: (move f2-6f f1-6f)
278.609: (move f1-7f f1-6f)
278.992: (move f2-4f f2-3f)
279.002: (move f1-3f f2-3f)
279.450: (move f3-5f f4-5f)
282.936: (move f2-4f f2-5f)
283.034: (move f3-5f f2-5f)
283.036: (move f2-6f f2-5f)
284.960: (move f5-7f f4-7f)
255.499: (move f1-6f f0-6f)
259.189: (move f1-6f f1-5f)
259.191: (move f2-5f f1-5f)
266.582: (move f1-6f f2-6f)
269.128: (move f2-5f f2-4f)
269.129: (move f3-4f f2-4f)
271.194: (move f1-6f f1-7f)
305.490: (move f2-3f f3-3f)
305.715: (move f2-3f f2-2f)
305.799: (move f4-5f f5-5f)
267.974: (move f1-7f f0-7f)
267.974: (move f0-6f f0-7f)
270.534: (move f0-6f f0-5f)
270.536: (move f1-5f f0-5f)
276.230: (move f2-4f f1-4f)
276.234: (move f1-5f f1-4f)
279.658: (move f2-4f f2-3f)
282.391: (move f2-6f f2-5f)
304.620: (move f2-2f f1-2f)
305.462: (move f2-2f f2-1f)
305.094: (move f2-3f f1-3f)
305.094: (move f1-4f f1-3f)
306.144: (move f1-2f f0-2f)
306.308: (move f2-3f f2-2f)
306.509: (move f2-3f f3-3f)
306.809: (move f2-1f f2-0f)
307.010: (move f1-4f f0-4f)
307.010: (move f0-5f f0-4f)
313.900: (move f1-2f f1-1f)
313.904: (move f2-1f f1-1f)
296.180: (move f2-0f f1-0f)
296.184: (move f1-1f f1-0f)
296.193: (move f1-1f f0-1f)
296.194: (move f0-2f f0-1f)
305.202: (move f1-3f f1-2f)
305.203: (move f2-2f f1-2f)
306.043: (move f2-2f f2-1f)
308.529: (move f0-2f f0-3f)
309.110: (move f1-3f f0-3f)
309.112: (move f0-4f f0-3f)
298.076: (move f0-1f f0-0f)
298.076: (move f1-0f f0-0f)
306.454: (move f0-3f f0-4f)
306.736: (move f1-2f f0-2f)
306.740: (move f0-3f f0-2f)
307.396: (move f2-1f f2-0f)
314.485: (move f2-1f f1-1f)
314.489: (move f1-2f f1-1f)
315.864: (move f2-1f f3-1f)
inf: (move f0-3f f0-4f)
296.762: (move f1-1f f1-0f)
296.764: (move f2-0f f1-0f)
296.774: (move f1-1f f0-1f)
296.779: (move f0-2f f0-1f)
298.076: (pickup-bomb f0-0f)
312.455: (move f2-0f f3-0f)
312.459: (move f3-1f f3-0f)
inf: (move f0-4f f1-4f)
inf: (move f0-4f f0-5f)
inf: (move f0-2f f1-2f)
296.183: (move f0-0f f1-0f)
296.195: (move f0-0f f0-1f)
298.659: (move f0-1f f0-0f)
298.659: (move f1-0f f0-0f)
315.819: (move f3-0f f4-0f)
inf: (move f1-0f f2-0f)
inf: (move f1-0f f1-1f)
inf: (move f0-1f f0-2f)
inf: (move f0-1f f1-1f)
inf: (move f3-0f f2-0f)
298.660: (pickup-bomb f0-0f)
306.141: (move f0-1f f0-2f)
306.804: (move f1-0f f2-0f)
313.898: (move f1-0f f1-1f)
313.900: (move f0-1f f1-1f)
314.220: (move f4-0f f5-0f)
inf: (move f1-0f f0-0f)
inf: (move f0-1f f0-0f)
inf: (move f0-0f f1-0f)
inf: (move f0-0f f0-1f)
296.765: (move f0-0f f1-0f)
296.778: (move f0-0f f0-1f)
304.618: (move f0-2f f1-2f)
304.620: (move f1-1f f1-2f)
305.459: (move f2-0f f2-1f)
305.460: (move f1-1f f2-1f)
308.527: (move f0-2f f0-3f)
311.873: (move f2-0f f3-0f)
313.484: (move f5-0f f6-0f)
inf: (move f0-2f f0-1f)
304.513: (move f0-3f f1-3f)
304.515: (move f1-2f f1-3f)
305.716: (move f2-1f f2-2f)
305.718: (move f1-2f f2-2f)
306.454: (move f0-3f f0-4f)
306.735: (move f0-1f f0-2f)
307.398: (move f1-0f f2-0f)
314.489: (move f1-0f f1-1f)
314.489: (move f0-1f f1-1f)
315.239: (move f3-0f f4-0f)
269.971: (move f0-4f f0-5f)
275.613: (move f0-4f f1-4f)
275.614: (move f1-3f f1-4f)
278.995: (move f2-2f f2-3f)
278.995: (move f1-3f f2-3f)
305.200: (move f0-2f f1-2f)
305.205: (move f1-1f f1-2f)
306.046: (move f1-1f f2-1f)
306.047: (move f2-0f f2-1f)
306.458: (detonate-bomb f2-2f f3-2f)
254.880: (move f0-5f f0-6f)
258.835: (move f0-5f f1-5f)
258.835: (move f1-4f f1-5f)
267.776: (move f2-3f f2-4f)
267.777: (move f1-4f f2-4f)
280.792: (move f2-2f f2-3f)
305.091: (move f1-2f f1-3f)
305.492: (move f2-3f f3-3f)
306.306: (move f1-2f f2-2f)
306.309: (move f2-1f f2-2f)
267.397: (move f0-6f f0-7f)
269.978: (move f2-3f f2-4f)
276.096: (move f2-4f f3-4f)
276.102: (move f3-3f f3-4f)
276.233: (move f1-3f f1-4f)
277.233: (move f0-6f f1-6f)
277.234: (move f1-5f f1-6f)
279.662: (move f1-3f f2-3f)
279.668: (move f2-2f f2-3f)
282.937: (move f1-5f f2-5f)
259.186: (move f1-4f f1-5f)
264.436: (move f2-5f f3-5f)
264.440: (move f3-4f f3-5f)
265.196: (move f2-5f f2-6f)
265.197: (move f1-6f f2-6f)
269.126: (move f2-3f f2-4f)
269.128: (move f1-4f f2-4f)
270.524: (move f1-6f f1-7f)
270.525: (move f0-7f f1-7f)
278.066: (move f2-4f f3-4f)
266.387: (move f3-4f f3-5f)
270.533: (move f1-5f f0-5f)
274.291: (move f3-5f f3-6f)
274.291: (move f2-6f f3-6f)
277.367: (move f2-4f f3-4f)
277.848: (move f1-5f f1-6f)
278.800: (move f3-5f f4-5f)
283.032: (move f2-4f f2-5f)
283.035: (move f1-5f f2-5f)
303.755: (detonate-bomb f1-7f f2-7f)
255.499: (move f0-5f f0-6f)
255.503: (move f1-6f f0-6f)
264.190: (move f3-4f f3-5f)
264.194: (move f2-5f f3-5f)
264.497: (move f2-5f f2-6f)
264.500: (move f1-6f f2-6f)
265.889: (move f3-6f f3-7f)
266.128: (move f4-5f f4-6f)
266.134: (move f3-6f f4-6f)
271.193: (move f1-6f f1-7f)
267.974: (move f0-6f f0-7f)
267.978: (move f1-7f f0-7f)
274.228: (move f3-5f f3-6f)
274.231: (move f2-6f f3-6f)
276.627: (move f4-6f f5-6f)
279.450: (move f3-5f f4-5f)
285.439: (move f3-7f f4-7f)
285.441: (move f4-6f f4-7f)
302.941: (detonate-bomb f3-7f f2-7f)
304.476: (detonate-bomb f1-7f f2-7f)
263.842: (move f4-7f f5-7f)
263.843: (move f5-6f f5-7f)
264.671: (move f3-6f f4-6f)
264.672: (move f4-5f f4-6f)
267.062: (move f3-6f f3-7f)
293.253: (move f1-7f f0-7f)
299.248: (move f3-7f f3-6f)
301.628: (move f1-7f f1-6f)
304.788: (move f5-6f f6-6f)
305.033: (move f5-6f f5-5f)
278.087: (move f4-6f f5-6f)
285.140: (move f4-6f f4-7f)
285.140: (move f3-7f f4-7f)
295.036: (move f1-6f f0-6f)
295.036: (move f0-7f f0-6f)
300.953: (move f1-6f f1-5f)
303.737: (detonate-bomb f3-7f f2-7f)
306.465: (move f3-6f f3-5f)
307.000: (detonate-bomb f5-5f f6-5f)
307.269: (detonate-bomb f6-6f f6-5f)
264.652: (move f5-6f f5-7f)
264.653: (move f4-7f f5-7f)
280.664: (move f5-5f f5-6f)
280.664: (move f6-6f f5-6f)
282.250: (move f5-5f f4-5f)
299.386: (move f3-7f f3-6f)
305.375: (move f5-6f f6-6f)
305.800: (move f5-6f f5-5f)
310.840: (move f3-7f f4-7f)
311.994: (move f5-5f f6-5f)
267.314: (move f5-6f f5-7f)
268.001: (move f4-5f f3-5f)
269.596: (move f5-6f f4-6f)
269.597: (move f4-5f f4-6f)
306.560: (move f4-7f f4-6f)
306.561: (move f3-6f f4-6f)
306.768: (move f3-6f f3-5f)
307.795: (detonate-bomb f5-5f f6-5f)
307.902: (detonate-bomb f6-6f f6-5f)
308.120: (move f4-7f f5-7f)
264.692: (pickup-laser f4-6f)
277.862: (move f3-5f f3-6f)
277.864: (move f4-6f f3-6f)
279.842: (move f3-5f f3-4f)
282.085: (move f5-5f f5-6f)
282.086: (move f6-6f f5-6f)
282.962: (move f5-5f f4-5f)
286.584: (move f3-5f f2-5f)
289.002: (move f5-7f f4-7f)
289.003: (move f4-6f f4-7f)
262.523: (move f2-5f f1-5f)
267.831: (move f4-5f f3-5f)
268.107: (move f5-6f f5-7f)
268.145: (move f4-5f f4-6f)
268.153: (move f5-6f f4-6f)
268.836: (move f2-5f f2-6f)
268.838: (move f3-6f f2-6f)
269.527: (move f4-7f f3-7f)
269.537: (move f3-6f f3-7f)
271.563: (move f2-5f f2-4f)
263.316: (pickup-laser f5-7f)
273.668: (move f1-5f f0-5f)
277.871: (move f4-6f f3-6f)
277.873: (move f3-5f f3-6f)
279.306: (move f2-4f f1-4f)
279.312: (move f1-5f f1-4f)
280.931: (move f1-5f f1-6f)
280.931: (move f2-6f f1-6f)
281.187: (move f3-5f f3-4f)
282.689: (move f2-4f f2-3f)
258.575: (move f1-6f f0-6f)
258.579: (move f0-5f f0-6f)
268.246: (move f3-6f f2-6f)
269.222: (fire-laser f5-7f f6-7f)
270.783: (move f3-6f f3-7f)
272.970: (move f3-4f f2-4f)
274.217: (move f1-6f f1-7f)
277.637: (move f5-7f f5-6f)
286.044: (move f5-7f f4-7f)
308.205: (move f2-3f f1-3f)
265.937: (move f4-7f f3-7f)
271.089: (move f1-7f f0-7f)
271.094: (move f0-6f f0-7f)
273.520: (putdown-laser f5-7f)
279.261: (move f5-7f f6-7f)
280.055: (move f2-4f f1-4f)
281.641: (move f2-6f f1-6f)
283.113: (putdown-laser f5-6f)
283.498: (move f2-4f f2-3f)
286.835: (move f2-6f f2-5f)
259.281: (move f1-6f f0-6f)
263.015: (move f1-6f f1-5f)
263.015: (move f1-4f f1-5f)
263.021: (move f2-5f f1-5f)
270.237: (move f5-6f f5-7f)
270.845: (move f5-6f f4-6f)
274.166: (move f3-7f f3-6f)
274.973: (move f1-6f f1-7f)
279.233: (fire-laser f6-7f f7-7f)
282.815: (move f5-7f f6-7f)
264.222: (move f3-6f f3-5f)
265.081: (move f3-6f f2-6f)
268.588: (move f6-7f f5-7f)
271.752: (move f1-7f f0-7f)
271.757: (move f0-6f f0-7f)
274.318: (move f0-6f f0-5f)
274.320: (move f1-5f f0-5f)
281.947: (move f4-6f f3-6f)
284.804: (putdown-laser f3-6f)
286.220: (putdown-laser f6-7f)
268.440: (move f3-6f f3-5f)
268.821: (putdown-laser f3-5f)
269.160: (move f3-6f f4-6f)
269.686: (move f3-6f f2-6f)
270.356: (move f3-6f f3-7f)
271.173: (move f3-6f f3-5f)
272.908: (putdown-laser f5-7f)
273.461: (move f3-6f f2-6f)
274.016: (move f6-7f f5-7f)
274.264: (move f3-6f f3-7f)
277.929: (move f3-5f f3-6f)
278.736: (move f3-5f f3-4f)
279.547: (move f4-6f f5-6f)
279.900: (move f2-6f f1-6f)
279.941: (move f3-5f f3-4f)
280.626: (move f3-5f f4-5f)
280.628: (move f4-6f f4-5f)
282.535: (move f3-5f f4-5f)
282.678: (move f5-7f f6-7f)
285.503: (move f3-5f f3-4f)
257.117: (move f1-6f f0-6f)
261.564: (move f1-6f f1-5f)
266.680: (move f5-6f f5-7f)
268.483: (move f3-6f f4-6f)
268.484: (move f4-5f f4-6f)
268.904: (move f3-6f f2-6f)
269.634: (move f3-6f f3-7f)
271.988: (move f3-4f f2-4f)
272.906: (move f1-6f f1-7f)
272.969: (move f3-4f f2-4f)
269.740: (move f1-7f f0-7f)
269.744: (move f0-6f f0-7f)
272.395: (move f0-6f f0-5f)
272.397: (move f1-5f f0-5f)
278.654: (move f2-4f f1-4f)
278.659: (move f1-5f f1-4f)
279.814: (move f2-4f f1-4f)
280.522: (move f4-6f f5-6f)
281.294: (move f2-4f f2-3f)
281.349: (move f2-6f f1-6f)
258.997: (move f1-6f f0-6f)
262.810: (move f1-6f f1-5f)
262.821: (move f1-4f f1-5f)
266.103: (move f5-6f f5-7f)
274.649: (move f1-6f f1-7f)
306.536: (move f2-3f f1-3f)
306.541: (move f1-4f f1-3f)
307.172: (move f5-6f f5-5f)
307.619: (move f2-3f f3-3f)
307.622: (move f5-6f f6-6f)
271.519: (move f0-6f f0-7f)
271.522: (move f1-7f f0-7f)
274.030: (move f0-6f f0-5f)
274.031: (move f1-5f f0-5f)
286.464: (move f1-5f f2-5f)
289.440: (move f5-7f f4-7f)
306.988: (move f1-3f f1-2f)
310.886: (move f1-3f f0-3f)
312.250: (move f6-6f f6-5f)
312.252: (move f5-5f f6-5f)
307.797: (move f1-2f f2-2f)
308.480: (move f0-3f f0-2f)
308.480: (move f1-2f f0-2f)
308.777: (move f0-3f f0-4f)
310.422: (move f0-5f f0-4f)
316.242: (move f1-2f f1-1f)
inf: (move f4-7f f4-6f)
inf: (move f6-5f f6-6f)
inf: (move f6-5f f5-5f)
inf: (move f0-3f f1-3f)
298.530: (move f1-1f f1-0f)
298.542: (move f1-1f f0-1f)
298.546: (move f0-2f f0-1f)
307.809: (move f1-1f f2-1f)
307.810: (move f2-2f f2-1f)
312.513: (move f0-4f f0-3f)
inf: (move f2-2f f1-2f)
inf: (move f2-2f f2-3f)
inf: (move f0-2f f1-2f)
inf: (move f0-2f f0-3f)
300.427: (move f0-1f f0-0f)
300.427: (move f1-0f f0-0f)
308.143: (move f0-3f f1-3f)
309.145: (move f1-0f f2-0f)
309.147: (move f2-1f f2-0f)
310.258: (move f0-3f f0-2f)
317.631: (move f2-1f f3-1f)
inf: (move f1-0f f1-1f)
inf: (move f0-1f f0-2f)
inf: (move f0-1f f1-1f)
282.412: (move f1-3f f2-3f)
300.174: (move f0-2f f0-1f)
300.427: (pickup-bomb f0-0f)
308.611: (move f1-3f f1-2f)
308.612: (move f0-2f f1-2f)
314.222: (move f3-1f f3-0f)
314.224: (move f2-0f f3-0f)
inf: (move f0-0f f1-0f)
inf: (move f0-0f f0-1f)
inf: (move f1-3f f0-3f)
298.537: (move f0-0f f1-0f)
298.547: (move f0-0f f0-1f)
302.058: (move f0-1f f0-0f)
309.104: (move f2-3f f3-3f)
309.407: (move f1-2f f2-2f)
309.407: (move f2-3f f2-2f)
317.585: (move f3-0f f4-0f)
317.982: (move f1-2f f1-1f)
317.986: (move f0-1f f1-1f)
inf: (move f2-3f f1-3f)
300.159: (move f1-1f f1-0f)
300.164: (move f0-0f f1-0f)
302.060: (pickup-bomb f0-0f)
308.482: (move f0-1f f0-2f)
309.145: (move f1-0f f2-0f)
309.426: (move f1-1f f2-1f)
309.434: (move f2-2f f2-1f)
315.991: (move f4-0f f5-0f)
316.246: (move f1-0f f1-1f)
316.246: (move f0-1f f1-1f)
300.162: (move f0-0f f1-0f)
300.174: (move f0-0f f0-1f)
306.990: (move f1-1f f1-2f)
306.993: (move f0-2f f1-2f)
307.809: (move f1-1f f2-1f)
307.810: (move f2-0f f2-1f)
310.889: (move f0-2f f0-3f)
310.918: (move f2-1f f2-0f)
310.920: (move f1-0f f2-0f)
314.224: (move f2-0f f3-0f)
306.535: (move f0-3f f1-3f)
306.539: (move f1-2f f1-3f)
307.797: (move f2-1f f2-2f)
307.797: (move f1-2f f2-2f)
308.776: (move f0-3f f0-4f)
310.258: (move f0-1f f0-2f)
310.920: (move f1-0f f2-0f)
315.848: (move f2-0f f3-0f)
317.596: (move f3-0f f4-0f)
317.629: (move f2-1f f3-1f)
272.397: (move f0-4f f0-5f)
278.657: (move f1-3f f1-4f)
278.658: (move f0-4f f1-4f)
281.296: (move f2-2f f2-3f)
281.296: (move f1-3f f2-3f)
308.576: (detonate-bomb f2-2f f3-2f)
308.611: (move f0-2f f1-2f)
309.431: (move f2-0f f2-1f)
312.511: (move f0-2f f0-3f)
315.848: (move f2-0f f3-0f)
257.115: (move f0-5f f0-6f)
261.560: (move f0-5f f1-5f)
261.561: (move f1-4f f1-5f)
271.989: (move f1-4f f2-4f)
271.990: (move f2-3f f2-4f)
283.099: (move f2-2f f2-3f)
307.620: (move f2-3f f3-3f)
308.142: (move f0-3f f1-3f)
308.143: (move f1-2f f1-3f)
308.682: (move f2-2f f1-2f)
269.744: (move f0-6f f0-7f)
274.191: (move f2-3f f2-4f)
278.736: (move f3-3f f3-4f)
278.737: (move f2-4f f3-4f)
279.810: (move f1-3f f1-4f)
279.895: (move f1-5f f1-6f)
279.896: (move f0-6f f1-6f)
282.409: (move f1-3f f2-3f)
286.386: (move f2-4f f2-5f)
286.386: (move f1-5f f2-5f)
262.821: (move f1-4f f1-5f)
268.431: (move f2-5f f3-5f)
268.437: (move f3-4f f3-5f)
269.684: (move f2-5f f2-6f)
269.691: (move f1-6f f2-6f)
272.903: (move f1-6f f1-7f)
272.906: (move f0-7f f1-7f)
272.965: (move f2-3f f2-4f)
272.970: (move f1-4f f2-4f)
280.687: (move f2-4f f3-4f)
270.377: (move f3-4f f3-5f)
274.030: (move f1-5f f0-5f)
279.941: (move f2-4f f3-4f)
280.629: (move f3-5f f4-5f)
281.349: (move f1-5f f1-6f)
284.801: (move f3-5f f3-6f)
284.805: (move f2-6f f3-6f)
286.464: (move f2-4f f2-5f)
286.465: (move f1-5f f2-5f)
304.503: (detonate-bomb f1-7f f2-7f)
259.005: (move f0-5f f0-6f)
259.006: (move f1-6f f0-6f)
268.816: (move f2-5f f3-5f)
268.824: (move f3-4f f3-5f)
268.900: (move f2-5f f2-6f)
268.906: (move f1-6f f2-6f)
269.159: (move f3-6f f4-6f)
269.165: (move f4-5f f4-6f)
270.346: (move f3-6f f3-7f)
274.658: (move f1-6f f1-7f)
271.517: (move f1-7f f0-7f)
271.519: (move f0-6f f0-7f)
277.928: (move f3-5f f3-6f)
277.930: (move f2-6f f3-6f)
279.545: (move f4-6f f5-6f)
282.534: (move f3-5f f4-5f)
289.431: (move f3-7f f4-7f)
289.436: (move f4-6f f4-7f)
303.477: (detonate-bomb f3-7f f2-7f)
308.120: (detonate-bomb f1-7f f2-7f)
266.672: (move f4-7f f5-7f)
266.682: (move f5-6f f5-7f)
268.482: (move f3-6f f4-6f)
268.485: (move f4-5f f4-6f)
269.634: (move f3-6f f3-7f)
296.872: (move f1-7f f0-7f)
305.132: (move f1-7f f1-6f)
306.133: (move f5-6f f6-6f)
306.203: (move f5-6f f5-5f)
307.169: (move f4-5f f5-5f)
280.513: (move f5-5f f5-6f)
280.519: (move f4-6f f5-6f)
289.438: (move f4-6f f4-7f)
289.440: (move f3-7f f4-7f)
298.644: (move f1-6f f0-6f)
298.646: (move f0-7f f0-6f)
304.576: (move f1-6f f1-5f)
307.085: (detonate-bomb f3-7f f2-7f)
308.168: (detonate-bomb f6-6f f7-6f)
310.589: (move f5-5f f6-5f)
266.104: (move f5-6f f5-7f)
266.106: (move f4-7f f5-7f)
281.006: (move f6-6f f5-6f)
303.008: (move f3-7f f3-6f)
307.623: (move f5-6f f6-6f)
311.396: (detonate-bomb f6-5f f7-5f)
312.959: (detonate-bomb f6-5f f6-4f)
313.532: (move f6-6f f6-5f)
315.394: (move f3-7f f4-7f)
316.142: (move f6-6f f7-6f)
267.940: (move f5-6f f5-7f)
270.350: (move f5-6f f4-6f)
307.407: (move f6-5f f5-5f)
308.080: (move f5-6f f5-5f)
308.081: (move f6-5f f5-5f)
308.837: (move f6-5f f6-6f)
308.972: (move f6-5f f6-6f)
309.174: (move f6-5f f5-5f)
309.521: (move f4-7f f5-7f)
309.638: (detonate-bomb f6-6f f7-6f)
280.882: (move f6-6f f5-6f)
280.882: (move f5-5f f5-6f)
281.687: (move f4-6f f4-5f)
281.690: (move f5-5f f4-5f)
281.826: (move f5-5f f4-5f)
281.987: (move f6-6f f5-6f)
282.662: (move f5-5f f5-6f)
282.664: (move f6-6f f5-6f)
283.709: (move f5-5f f4-5f)
285.860: (move f4-6f f3-6f)
267.360: (move f5-6f f5-7f)
267.885: (move f5-6f f5-7f)
269.498: (move f3-6f f3-5f)
269.502: (move f4-5f f3-5f)
269.629: (move f4-5f f3-5f)
269.638: (move f5-6f f5-7f)
269.680: (move f5-6f f4-6f)
270.372: (move f5-6f f4-6f)
270.375: (move f4-5f f4-6f)
270.810: (move f3-6f f2-6f)
278.989: (move f4-6f f3-6f)
279.778: (move f3-5f f3-4f)
279.898: (move f3-5f f3-4f)
280.957: (move f2-6f f1-6f)
283.646: (move f4-6f f4-5f)
285.965: (move f4-6f f3-6f)
285.970: (move f3-5f f3-6f)
287.433: (move f3-5f f2-5f)
287.435: (move f2-6f f2-5f)
287.564: (move f3-5f f2-5f)
258.159: (move f1-6f f0-6f)
262.591: (move f2-5f f1-5f)
262.598: (move f1-6f f1-5f)
262.714: (move f2-5f f1-5f)
269.817: (move f4-5f f3-5f)
269.818: (move f3-6f f3-5f)
269.990: (move f3-6f f2-6f)
270.783: (move f3-6f f3-7f)
270.871: (move f2-5f f2-6f)
270.874: (move f3-6f f2-6f)
265.231: (pickup-laser f3-5f)
270.785: (move f0-6f f0-7f)
273.441: (move f0-6f f0-5f)
273.441: (move f1-5f f0-5f)
273.555: (move f1-5f f0-5f)
279.704: (move f1-5f f1-4f)
279.819: (move f1-5f f1-4f)
280.907: (move f3-5f f3-4f)
281.051: (move f2-6f f1-6f)
281.057: (move f1-5f f1-6f)
258.264: (move f1-6f f0-6f)
258.277: (move f0-5f f0-6f)
273.019: (move f1-4f f2-4f)
273.147: (move f1-4f f2-4f)
273.945: (move f3-4f f2-4f)
273.947: (move f0-7f f1-7f)
274.065: (move f1-6f f1-7f)
275.224: (move f3-5f f3-6f)
278.228: (move f3-5f f3-4f)
280.891: (move f3-5f f4-5f)
265.876: (move f3-6f f4-6f)
265.878: (move f4-5f f4-6f)
266.151: (move f3-6f f2-6f)
267.093: (move f3-6f f3-7f)
270.058: (move f3-4f f2-4f)
270.904: (move f1-7f f0-7f)
270.905: (move f0-6f f0-7f)
280.787: (move f2-4f f1-4f)
282.340: (move f2-4f f2-3f)
282.456: (move f2-4f f2-3f)
263.802: (move f1-4f f1-5f)
270.777: (putdown-laser f4-6f)
275.449: (putdown-laser f2-4f)
277.025: (move f2-4f f1-4f)
278.567: (move f2-6f f1-6f)
279.108: (move f4-6f f5-6f)
280.470: (move f2-4f f2-3f)
284.435: (move f2-4f f2-5f)
284.436: (move f2-6f f2-5f)
287.009: (move f3-7f f4-7f)
256.244: (move f1-6f f0-6f)
260.082: (move f1-6f f1-5f)
260.082: (move f2-5f f1-5f)
260.083: (move f1-4f f1-5f)
264.566: (move f4-7f f5-7f)
264.570: (move f5-6f f5-7f)
271.924: (move f1-6f f1-7f)
275.005: (move f1-5f f0-5f)
278.961: (move f4-6f f3-6f)
279.319: (move f2-4f f1-4f)
259.974: (move f0-5f f0-6f)
260.520: (putdown-laser f0-6f)
264.191: (putdown-laser f1-5f)
264.350: (move f1-4f f1-5f)
268.731: (move f1-7f f0-7f)
268.738: (move f0-6f f0-7f)
269.080: (move f3-6f f3-5f)
269.301: (fire-laser f5-7f f6-7f)
269.472: (putdown-laser f5-7f)
269.974: (move f3-6f f2-6f)
271.640: (move f0-6f f0-7f)
271.905: (move f1-5f f0-5f)
272.494: (move f0-6f f0-7f)
273.566: (putdown-laser f5-7f)
274.324: (move f0-6f f0-5f)
275.221: (move f1-5f f0-5f)
277.923: (putdown-laser f0-7f)
279.082: (move f1-5f f1-4f)
280.892: (move f3-5f f3-4f)
281.431: (move f1-5f f1-6f)
258.887: (move f1-6f f0-6f)
258.897: (move f0-5f f0-6f)
260.021: (move f0-5f f0-6f)
261.679: (move f0-7f f0-6f)
263.344: (move f0-5f f1-5f)
268.697: (move f1-6f f2-6f)
272.627: (move f3-4f f2-4f)
272.654: (move f1-4f f2-4f)
274.475: (move f1-6f f1-7f)
274.799: (move f0-7f f1-7f)
271.708: (move f1-7f f0-7f)
271.716: (move f0-6f f0-7f)
272.359: (move f0-6f f0-7f)
275.246: (move f0-6f f0-5f)
277.785: (move f2-6f f3-6f)
279.304: (move f1-5f f1-4f)
280.371: (move f2-4f f1-4f)
280.838: (move f2-4f f3-4f)
281.949: (move f1-7f f1-6f)
281.952: (move f1-5f f1-6f)
263.583: (move f1-4f f1-5f)
265.149: (move f0-5f f1-5f)
267.698: (move f3-6f f3-5f)
267.701: (move f3-4f f3-5f)
268.389: (move f3-6f f4-6f)
269.273: (move f1-6f f2-6f)
269.567: (move f3-6f f3-7f)
272.385: (move f1-4f f2-4f)
275.850: (move f0-7f f1-7f)
308.451: (move f1-4f f1-3f)
274.729: (move f1-5f f0-5f)
278.322: (move f2-6f f3-6f)
281.120: (move f1-5f f1-4f)
281.240: (move f2-4f f3-4f)
281.553: (move f4-6f f5-6f)
281.990: (move f1-5f f1-6f)
283.359: (move f1-3f f2-3f)
283.361: (move f2-4f f2-3f)
283.372: (move f4-6f f4-5f)
283.374: (move f3-5f f4-5f)
259.636: (move f1-6f f0-6f)
259.637: (move f0-5f f0-6f)
267.017: (move f5-6f f5-7f)
268.631: (move f3-4f f3-5f)
268.635: (move f3-6f f3-5f)
268.947: (move f3-6f f4-6f)
270.122: (move f3-6f f3-7f)
273.958: (move f1-4f f2-4f)
275.277: (move f1-6f f1-7f)
308.508: (move f4-5f f5-5f)
272.151: (move f1-7f f0-7f)
272.155: (move f0-6f f0-7f)
282.203: (move f4-6f f5-6f)
282.415: (move f2-4f f3-4f)
284.002: (move f4-6f f4-5f)
284.005: (move f3-5f f4-5f)
284.565: (move f2-4f f2-3f)
288.049: (move f3-5f f2-5f)
289.519: (move f5-7f f4-7f)
289.910: (move f2-4f f2-5f)
267.672: (move f5-6f f5-7f)
269.942: (move f2-5f f3-5f)
269.945: (move f3-4f f3-5f)
271.813: (move f2-5f f2-6f)
309.159: (move f4-5f f5-5f)
309.162: (move f5-6f f5-5f)
309.558: (move f5-6f f6-6f)
309.726: (move f2-3f f1-3f)
310.687: (move f4-5f f4-4f)
311.359: (move f2-3f f2-2f)
279.443: (move f3-5f f3-6f)
279.445: (move f2-6f f3-6f)
284.225: (move f2-6f f1-6f)
285.231: (move f3-5f f4-5f)
290.107: (move f5-7f f4-7f)
310.203: (move f2-2f f1-2f)
310.204: (move f1-3f f1-2f)
311.138: (move f2-2f f2-1f)
314.114: (move f1-3f f0-3f)
314.889: (move f6-6f f6-5f)
270.240: (move f3-6f f4-6f)
270.241: (move f4-5f f4-6f)
271.491: (move f3-6f f3-7f)
279.032: (move f1-6f f1-7f)
310.409: (move f4-5f f5-5f)
311.454: (move f0-3f f0-4f)
311.910: (move f4-5f f4-4f)
312.017: (move f1-2f f0-2f)
312.018: (move f0-3f f0-2f)
312.678: (move f2-1f f2-0f)
283.435: (move f4-6f f5-6f)
283.437: (move f5-5f f5-6f)
291.318: (move f4-6f f4-7f)
291.318: (move f3-7f f4-7f)
301.847: (move f2-0f f1-0f)
301.858: (move f0-2f f0-1f)
316.100: (move f5-5f f6-5f)
317.540: (move f2-0f f3-0f)
inf: (move f2-0f f2-1f)
inf: (move f4-6f f3-6f)
268.898: (move f5-6f f5-7f)
268.899: (move f4-7f f5-7f)
303.759: (move f1-0f f0-0f)
303.760: (move f0-1f f0-0f)
310.805: (move f6-5f f6-6f)
310.806: (move f5-6f f6-6f)
319.721: (move f0-1f f1-1f)
319.722: (move f1-0f f1-1f)
320.924: (move f3-0f f4-0f)
320.975: (move f3-0f f3-1f)
303.757: (pickup-bomb f0-0f)
318.680: (move f6-6f f7-6f)
319.318: (move f4-0f f5-0f)
inf: (move f5-7f f4-7f)
inf: (move f5-7f f5-6f)
inf: (move f0-0f f1-0f)
inf: (move f0-0f f0-1f)
inf: (move f6-6f f5-6f)
inf: (move f6-6f f6-5f)
inf: (move f1-1f f0-1f)
301.848: (move f0-0f f1-0f)
301.857: (move f0-0f f0-1f)
318.576: (move f5-0f f6-0f)
inf: (move f7-6f f6-6f)
inf: (move f5-0f f4-0f)
312.016: (move f0-1f f0-2f)
312.683: (move f1-0f f2-0f)
319.720: (move f1-0f f1-1f)
319.721: (move f0-1f f1-1f)
320.411: (move f6-0f f7-0f)
inf: (move f1-0f f0-0f)
inf: (move f0-1f f0-0f)
inf: (move f6-0f f5-0f)
310.201: (move f0-2f f1-2f)
310.203: (move f1-1f f1-2f)
311.138: (move f2-0f f2-1f)
311.139: (move f1-1f f2-1f)
314.113: (move f0-2f f0-3f)
317.543: (move f2-0f f3-0f)
inf: (move f0-2f f0-1f)
inf: (move f2-0f f1-0f)
inf: (move f1-1f f0-1f)
inf: (move f1-1f f1-0f)
309.728: (move f1-2f f1-3f)
309.729: (move f0-3f f1-3f)
311.358: (move f1-2f f2-2f)
311.358: (move f2-1f f2-2f)
311.460: (move f0-3f f0-4f)
320.920: (move f3-0f f4-0f)
320.975: (move f3-0f f3-1f)
320.978: (move f2-1f f3-1f)
inf: (move f1-2f f0-2f)
inf: (move f1-2f f1-1f)
275.246: (move f0-4f f0-5f)
281.117: (move f1-3f f1-4f)
281.120: (move f0-4f f1-4f)
284.564: (move f1-3f f2-3f)
284.565: (move f2-2f f2-3f)
312.080: (detonate-bomb f2-2f f3-2f)
319.318: (move f4-0f f5-0f)
321.590: (detonate-bomb f3-1f f3-2f)
inf: (move f1-3f f0-3f)
inf: (move f1-3f f1-2f)
261.675: (move f0-5f f0-6f)
265.148: (move f0-5f f1-5f)
265.149: (move f1-4f f1-5f)
273.956: (move f1-4f f2-4f)
273.958: (move f2-3f f2-4f)
286.357: (move f2-2f f2-3f)
311.549: (move f2-3f f3-3f)
311.903: (move f2-2f f1-2f)
312.476: (move f2-2f f2-1f)
312.476: (move f3-1f f2-1f)
276.159: (move f2-3f f2-4f)
277.924: (move f0-6f f0-7f)
282.414: (move f3-3f f3-4f)
282.418: (move f2-4f f3-4f)
284.223: (move f1-5f f1-6f)
284.224: (move f0-6f f1-6f)
289.910: (move f1-5f f2-5f)
289.911: (move f2-4f f2-5f)
311.993: (move f1-2f f1-3f)
311.994: (move f2-3f f1-3f)
269.939: (move f2-5f f3-5f)
269.945: (move f3-4f f3-5f)
271.823: (move f2-5f f2-6f)
271.823: (move f1-6f f2-6f)
279.032: (move f1-6f f1-7f)
279.032: (move f0-7f f1-7f)
283.604: (move f2-4f f1-4f)
283.605: (move f1-3f f1-4f)
284.382: (move f2-4f f3-4f)
292.186: (move f2-4f f2-5f)
267.298: (move f2-5f f1-5f)
267.298: (move f1-4f f1-5f)
271.887: (move f3-4f f3-5f)
271.888: (move f2-5f f3-5f)
273.839: (move f2-5f f2-6f)
279.444: (move f3-5f f3-6f)
279.445: (move f2-6f f3-6f)
285.229: (move f3-5f f4-5f)
306.218: (detonate-bomb f1-7f f2-7f)
312.198: (detonate-bomb f2-6f f2-7f)
270.239: (move f4-5f f4-6f)
270.240: (move f3-6f f4-6f)
271.491: (move f3-6f f3-7f)
277.228: (move f1-5f f0-5f)
281.399: (move f2-6f f3-6f)
281.400: (move f3-5f f3-6f)
286.307: (move f2-6f f1-6f)
286.308: (move f1-5f f1-6f)
287.201: (move f3-5f f4-5f)
300.529: (move f1-7f f0-7f)
263.661: (move f0-5f f0-6f)
263.663: (move f1-6f f0-6f)
272.210: (move f3-6f f4-6f)
272.210: (move f4-5f f4-6f)
273.453: (move f3-6f f3-7f)
281.124: (move f1-6f f1-7f)
283.435: (move f4-6f f5-6f)
291.318: (move f3-7f f4-7f)
291.318: (move f4-6f f4-7f)
294.023: (pickup-laser f0-7f)
268.898: (move f4-7f f5-7f)
268.898: (move f5-6f f5-7f)
279.901: (move f0-6f f0-7f)
279.904: (move f1-7f f0-7f)
285.410: (move f4-6f f5-6f)
293.291: (move f3-7f f4-7f)
293.292: (move f4-6f f4-7f)
295.801: (move f0-7f f0-6f)
305.232: (move f0-7f f1-7f)
310.408: (move f5-6f f5-5f)
270.712: (pickup-laser f0-7f)
270.873: (move f4-7f f5-7f)
270.874: (move f5-6f f5-7f)
300.013: (putdown-laser f0-6f)
302.309: (move f1-7f f1-6f)
302.312: (move f0-6f f1-6f)
312.374: (move f5-6f f5-5f)
312.776: (move f5-6f f6-6f)
315.144: (move f0-6f f0-5f)
315.230: (putdown-laser f1-7f)
258.231: (move f0-7f f0-6f)
274.013: (move f0-7f f1-7f)
296.583: (move f0-6f f0-7f)
298.664: (move f1-7f f0-7f)
302.006: (move f0-5f f1-5f)
302.009: (move f1-6f f1-5f)
305.454: (move f0-6f f1-6f)
307.652: (move f1-7f f1-6f)
310.025: (move f1-6f f2-6f)
310.099: (putdown-laser f1-6f)
262.502: (putdown-laser f0-6f)
273.269: (move f0-6f f0-5f)
280.646: (move f1-7f f1-6f)
280.647: (move f0-6f f1-6f)
296.658: (move f1-6f f0-6f)
298.026: (putdown-laser f1-7f)
300.087: (move f1-6f f0-6f)
300.087: (move f0-7f f0-6f)
300.543: (move f2-6f f3-6f)
303.569: (move f1-6f f1-5f)
262.232: (move f0-5f f1-5f)
262.232: (move f1-6f f1-5f)
268.175: (move f1-6f f2-6f)
273.616: (move f0-6f f0-7f)
275.921: (move f1-7f f0-7f)
276.109: (putdown-laser f0-5f)
276.310: (move f0-6f f0-5f)
284.035: (move f0-6f f1-6f)
286.974: (move f1-7f f1-6f)
291.155: (putdown-laser f1-6f)
261.736: (move f1-6f f0-6f)
264.278: (move f0-5f f0-6f)
265.493: (move f1-6f f1-5f)
265.496: (move f0-5f f1-5f)
266.353: (putdown-laser f1-5f)
266.400: (move f1-6f f1-5f)
268.099: (move f0-5f f1-5f)
269.169: (move f1-6f f0-6f)
269.176: (move f0-7f f0-6f)
271.297: (move f1-6f f2-6f)
273.490: (move f0-6f f0-7f)
273.909: (move f1-5f f0-5f)
273.983: (move f0-6f f0-5f)
273.990: (move f1-5f f0-5f)
277.359: (move f0-6f f0-7f)
280.279: (move f2-6f f3-6f)
280.857: (move f1-5f f1-4f)
281.561: (move f1-5f f1-4f)
281.790: (move f1-5f f1-4f)
283.532: (move f1-5f f1-6f)
260.954: (move f1-6f f0-6f)
260.961: (move f0-5f f0-6f)
270.580: (move f3-6f f3-5f)
270.797: (move f1-6f f2-6f)
270.920: (move f3-6f f4-6f)
272.087: (move f3-6f f3-7f)
274.594: (move f1-4f f2-4f)
274.876: (move f1-4f f2-4f)
275.330: (move f1-4f f2-4f)
276.599: (move f1-6f f1-7f)
273.768: (move f1-7f f0-7f)
273.772: (move f0-6f f0-7f)
279.823: (move f2-6f f3-6f)
282.839: (move f2-4f f3-4f)
282.924: (move f2-4f f3-4f)
283.211: (move f3-5f f3-4f)
283.217: (move f2-4f f3-4f)
283.976: (move f2-4f f2-3f)
284.081: (move f2-4f f2-3f)
284.177: (move f4-6f f5-6f)
269.647: (move f5-6f f5-7f)
269.726: (move f3-6f f3-5f)
269.726: (move f3-4f f3-5f)
269.939: (move f3-4f f3-5f)
270.438: (move f3-6f f4-6f)
271.607: (move f3-6f f3-7f)
309.471: (move f2-3f f2-2f)
309.494: (move f2-3f f1-3f)
309.789: (move f2-3f f1-3f)
309.824: (move f3-4f f3-3f)
279.614: (move f3-5f f3-6f)
283.606: (move f4-6f f5-6f)
285.011: (move f3-5f f4-5f)
285.423: (move f4-6f f4-5f)
285.425: (move f3-5f f4-5f)
288.956: (move f3-5f f2-5f)
289.992: (move f3-5f f2-5f)
291.571: (move f4-6f f4-7f)
291.573: (move f3-7f f4-7f)
292.082: (move f5-7f f4-7f)
269.065: (move f4-7f f5-7f)
269.073: (move f5-6f f5-7f)
269.787: (move f4-5f f4-6f)
269.787: (move f3-6f f4-6f)
271.111: (move f3-6f f3-7f)
272.522: (move f2-5f f2-6f)
272.522: (move f3-6f f2-6f)
310.123: (move f4-5f f5-5f)
310.555: (move f5-6f f5-5f)
310.556: (move f4-5f f5-5f)
283.170: (move f5-5f f5-6f)
283.170: (move f4-6f f5-6f)
291.058: (move f4-6f f4-7f)
291.059: (move f3-7f f4-7f)
315.835: (move f5-5f f6-5f)
316.286: (move f5-5f f6-5f)
inf: (move f2-6f f2-5f)
inf: (move f5-5f f5-6f)
inf: (move f5-5f f4-5f)
inf: (move f5-5f f4-5f)
268.626: (move f5-6f f5-7f)
268.626: (move f4-7f f5-7f)
310.527: (move f6-5f f6-6f)
310.528: (move f5-6f f6-6f)
310.933: (move f6-5f f6-6f)
inf: (move f5-6f f4-6f)
inf: (move f5-6f f5-5f)
inf: (move f4-7f f3-7f)
inf: (move f4-7f f4-6f)
inf: (move f6-5f f5-5f)
318.435: (move f6-6f f7-6f)
318.950: (move f6-6f f7-6f)
inf: (move f5-7f f4-7f)
inf: (move f5-7f f5-6f)
inf: (move f6-6f f5-6f)
inf: (move f6-6f f6-5f)
inf: (move f6-6f f5-6f)
inf: (move f6-6f f6-5f)
310.528: (move f7-6f f6-6f)
310.933: (move f7-6f f6-6f)
Failed to find a solution!
