/u/ibrahim.eisawy/Neural-Guided-Search/venv/lib/python3.10/site-packages/pymimir_rgnn/model.py:151: UserWarning: index_reduce() is in beta and the API may change at any time. (Triggered internally at /pytorch/aten/src/ATen/native/cuda/Indexing.cu:1541.)
  max_msg.index_reduce_(0, output_indices, output_messages, reduce='amax', include_self=True)
Torch: 2.12.0+cu130
Using GPU:  NVIDIA L40S
44.103: (navigate rover1 waypoint29 waypoint16)
44.450: (navigate rover0 waypoint26 waypoint27)
44.555: (navigate rover1 waypoint29 waypoint23)
44.604: (calibrate rover1 camera0 objective0 waypoint29)
44.626: (navigate rover0 waypoint26 waypoint23)
44.637: (navigate rover0 waypoint26 waypoint15)
44.640: (calibrate rover0 camera6 objective3 waypoint26)
44.660: (navigate rover2 waypoint9 waypoint12)
44.964: (navigate rover2 waypoint9 waypoint3)
45.178: (navigate rover3 waypoint9 waypoint12)
45.244: (navigate rover0 waypoint26 waypoint4)
45.257: (navigate rover2 waypoint9 waypoint25)
45.328: (navigate rover0 waypoint26 waypoint19)
45.355: (navigate rover0 waypoint26 waypoint29)
45.360: (navigate rover0 waypoint26 waypoint17)
45.430: (navigate rover1 waypoint29 waypoint0)
45.448: (navigate rover0 waypoint26 waypoint14)
45.506: (navigate rover3 waypoint9 waypoint3)
45.586: (navigate rover3 waypoint9 waypoint8)
45.640: (navigate rover0 waypoint26 waypoint24)
45.659: (navigate rover3 waypoint9 waypoint13)
45.847: (navigate rover2 waypoint9 waypoint26)
45.878: (navigate rover1 waypoint29 waypoint8)
45.910: (navigate rover2 waypoint9 waypoint10)
45.981: (navigate rover3 waypoint9 waypoint10)
46.533: (sample_rock rover2 rover2store waypoint9)
46.643: (sample_soil rover0 rover0store waypoint26)
46.982: (sample_soil rover3 rover3store waypoint9)
42.627: (take_image rover1 waypoint29 objective0 camera0 colour)
42.774: (navigate rover0 waypoint26 waypoint23)
42.775: (navigate rover1 waypoint29 waypoint16)
42.786: (navigate rover0 waypoint26 waypoint15)
42.787: (navigate rover1 waypoint29 waypoint16)
42.828: (navigate rover0 waypoint26 waypoint27)
42.828: (navigate rover1 waypoint29 waypoint16)
43.079: (calibrate rover0 camera6 objective3 waypoint26)
43.079: (navigate rover1 waypoint29 waypoint16)
43.137: (navigate rover1 waypoint29 waypoint16)
43.137: (calibrate rover1 camera0 objective0 waypoint16)
43.253: (calibrate rover0 camera2 objective8 waypoint27)
43.304: (navigate rover0 waypoint26 waypoint23)
43.320: (navigate rover1 waypoint29 waypoint16)
43.320: (navigate rover2 waypoint9 waypoint12)
43.326: (calibrate rover0 camera4 objective2 waypoint23)
43.340: (calibrate rover0 camera6 objective3 waypoint26)
43.340: (navigate rover1 waypoint29 waypoint23)
43.350: (navigate rover2 waypoint9 waypoint12)
43.350: (navigate rover0 waypoint26 waypoint27)
43.405: (navigate rover0 waypoint26 waypoint27)
43.405: (navigate rover2 waypoint9 waypoint3)
43.430: (navigate rover0 waypoint26 waypoint27)
43.442: (calibrate rover0 camera4 objective2 waypoint27)
43.455: (calibrate rover0 camera7 objective8 waypoint27)
43.463: (navigate rover2 waypoint9 waypoint3)
43.465: (navigate rover1 waypoint29 waypoint16)
43.475: (navigate rover2 waypoint9 waypoint12)
43.476: (navigate rover0 waypoint26 waypoint23)
43.491: (navigate rover2 waypoint9 waypoint12)
43.491: (navigate rover1 waypoint29 waypoint23)
43.499: (navigate rover0 waypoint26 waypoint27)
43.499: (calibrate rover1 camera0 objective0 waypoint29)
43.505: (calibrate rover0 camera3 objective6 waypoint15)
43.507: (take_image rover0 waypoint26 objective3 camera6 low_res)
43.536: (navigate rover1 waypoint29 waypoint23)
43.537: (navigate rover0 waypoint26 waypoint27)
43.556: (navigate rover1 waypoint29 waypoint23)
43.557: (navigate rover0 waypoint26 waypoint15)
43.579: (calibrate rover1 camera0 objective0 waypoint29)
43.579: (calibrate rover0 camera6 objective3 waypoint26)
43.606: (calibrate rover1 camera0 objective0 waypoint29)
43.606: (navigate rover0 waypoint26 waypoint15)
43.621: (navigate rover0 waypoint26 waypoint15)
43.625: (navigate rover1 waypoint29 waypoint23)
43.668: (calibrate rover1 camera0 objective0 waypoint29)
43.670: (navigate rover2 waypoint9 waypoint12)
43.675: (navigate rover2 waypoint9 waypoint12)
43.677: (calibrate rover0 camera6 objective3 waypoint26)
43.679: (navigate rover0 waypoint26 waypoint23)
43.680: (calibrate rover1 camera0 objective0 waypoint29)
43.682: (navigate rover0 waypoint26 waypoint14)
43.684: (navigate rover1 waypoint29 waypoint16)
43.692: (take_image rover0 waypoint26 objective7 camera6 low_res)
43.737: (sample_rock rover2 rover2store waypoint12)
43.783: (calibrate rover2 camera8 objective6 waypoint12)
43.796: (calibrate rover1 camera1 objective1 waypoint23)
43.832: (navigate rover1 waypoint29 waypoint16)
43.833: (navigate rover0 waypoint26 waypoint19)
43.836: (navigate rover0 waypoint26 waypoint4)
43.848: (navigate rover2 waypoint3 waypoint6)
43.906: (navigate rover1 waypoint0 waypoint6)
43.907: (navigate rover3 waypoint9 waypoint12)
43.907: (navigate rover1 waypoint29 waypoint16)
43.939: (navigate rover0 waypoint26 waypoint4)
43.940: (navigate rover1 waypoint29 waypoint16)
43.952: (navigate rover2 waypoint9 waypoint3)
43.955: (calibrate rover1 camera0 objective0 waypoint29)
43.972: (navigate rover1 waypoint29 waypoint16)
43.973: (navigate rover0 waypoint26 waypoint23)
43.975: (navigate rover0 waypoint26 waypoint17)
43.978: (navigate rover2 waypoint9 waypoint3)
43.982: (navigate rover2 waypoint9 waypoint12)
43.984: (navigate rover0 waypoint26 waypoint15)
43.986: (navigate rover1 waypoint29 waypoint16)
43.987: (navigate rover2 waypoint9 waypoint3)
43.988: (calibrate rover0 camera6 objective3 waypoint26)
43.989: (navigate rover0 waypoint26 waypoint24)
44.017: (navigate rover0 waypoint26 waypoint27)
44.018: (navigate rover2 waypoint9 waypoint25)
44.019: (navigate rover2 waypoint9 waypoint25)
44.019: (navigate rover1 waypoint29 waypoint16)
44.024: (navigate rover0 waypoint26 waypoint19)
44.025: (navigate rover2 waypoint9 waypoint12)
44.026: (navigate rover0 waypoint26 waypoint4)
44.027: (navigate rover1 waypoint29 waypoint23)
44.033: (sample_rock rover1 rover1store waypoint16)
44.034: (navigate rover0 waypoint26 waypoint27)
44.036: (navigate rover3 waypoint9 waypoint12)
44.080: (navigate rover3 waypoint9 waypoint3)
44.084: (navigate rover1 waypoint29 waypoint16)
44.106: (navigate rover0 waypoint26 waypoint29)
44.117: (calibrate rover0 camera2 objective8 waypoint19)
44.131: (navigate rover1 waypoint29 waypoint23)
44.132: (navigate rover0 waypoint26 waypoint15)
44.132: (calibrate rover2 camera8 objective6 waypoint3)
44.133: (navigate rover2 waypoint9 waypoint3)
44.133: (navigate rover0 waypoint23 waypoint6)
44.134: (navigate rover2 waypoint9 waypoint3)
44.161: (navigate rover3 waypoint9 waypoint12)
44.163: (calibrate rover1 camera0 objective0 waypoint29)
44.164: (navigate rover1 waypoint29 waypoint23)
44.165: (navigate rover3 waypoint9 waypoint12)
44.169: (navigate rover0 waypoint26 waypoint23)
44.172: (navigate rover3 waypoint9 waypoint12)
44.178: (navigate rover2 waypoint9 waypoint12)
44.178: (navigate rover3 waypoint9 waypoint12)
44.188: (navigate rover2 waypoint9 waypoint25)
44.190: (navigate rover0 waypoint26 waypoint23)
44.215: (navigate rover0 waypoint26 waypoint29)
44.215: (navigate rover1 waypoint29 waypoint16)
44.223: (calibrate rover0 camera6 objective3 waypoint26)
44.224: (navigate rover3 waypoint9 waypoint12)
44.229: (navigate rover0 waypoint26 waypoint15)
44.232: (navigate rover3 waypoint9 waypoint12)
44.240: (navigate rover2 waypoint9 waypoint25)
44.242: (calibrate rover1 camera0 objective0 waypoint29)
44.246: (navigate rover1 waypoint29 waypoint0)
44.247: (navigate rover0 waypoint26 waypoint27)
44.260: (navigate rover0 waypoint27 waypoint21)
40.892: (take_image rover0 waypoint27 objective9 camera2 high_res)
41.141: (take_image rover0 waypoint15 objective9 camera3 high_res)
41.272: (navigate rover1 waypoint29 waypoint16)
41.272: (take_image rover1 waypoint16 objective0 camera0 colour)
41.285: (take_image rover1 waypoint16 objective9 camera0 colour)
41.378: (navigate rover0 waypoint26 waypoint23)
41.379: (navigate rover1 waypoint29 waypoint16)
41.398: (navigate rover1 waypoint29 waypoint16)
41.401: (calibrate rover0 camera4 objective2 waypoint23)
41.449: (navigate rover1 waypoint29 waypoint23)
41.484: (take_image rover1 waypoint16 objective7 camera0 colour)
41.485: (navigate rover0 waypoint26 waypoint15)
41.487: (navigate rover1 waypoint29 waypoint16)
41.628: (navigate rover0 waypoint26 waypoint27)
41.630: (navigate rover1 waypoint29 waypoint16)
41.643: (calibrate rover0 camera7 objective8 waypoint27)
41.647: (navigate rover1 waypoint29 waypoint16)
41.653: (calibrate rover0 camera4 objective2 waypoint27)
41.658: (navigate rover1 waypoint29 waypoint16)
41.663: (take_image rover1 waypoint29 objective0 camera0 colour)
41.668: (navigate rover2 waypoint9 waypoint12)
41.676: (take_image rover1 waypoint23 objective7 camera1 colour)
41.679: (navigate rover1 waypoint29 waypoint16)
41.680: (calibrate rover0 camera3 objective6 waypoint15)
41.682: (take_image rover1 waypoint23 objective7 camera0 colour)
41.691: (navigate rover1 waypoint29 waypoint16)
41.691: (calibrate rover0 camera2 objective8 waypoint27)
41.758: (calibrate rover0 camera2 objective8 waypoint27)
41.759: (calibrate rover0 camera2 objective8 waypoint27)
41.761: (calibrate rover0 camera4 objective2 waypoint27)
41.797: (take_image rover1 waypoint29 objective0 camera0 colour)
41.798: (navigate rover0 waypoint26 waypoint23)
41.805: (calibrate rover1 camera0 objective0 waypoint16)
41.805: (navigate rover0 waypoint26 waypoint15)
41.805: (navigate rover1 waypoint29 waypoint16)
41.813: (take_image rover1 waypoint29 objective0 camera0 colour)
41.813: (navigate rover0 waypoint26 waypoint27)
41.817: (calibrate rover0 camera2 objective8 waypoint27)
41.821: (calibrate rover0 camera7 objective8 waypoint27)
41.853: (navigate rover0 waypoint26 waypoint23)
41.853: (navigate rover1 waypoint29 waypoint16)
41.853: (navigate rover2 waypoint9 waypoint12)
41.855: (navigate rover1 waypoint29 waypoint16)
41.856: (navigate rover0 waypoint26 waypoint23)
41.857: (calibrate rover1 camera0 objective0 waypoint16)
41.910: (navigate rover1 waypoint29 waypoint16)
41.910: (navigate rover0 waypoint26 waypoint27)
41.911: (calibrate rover1 camera0 objective0 waypoint16)
41.927: (navigate rover0 waypoint26 waypoint15)
41.932: (take_image rover1 waypoint29 objective0 camera0 colour)
41.946: (navigate rover1 waypoint29 waypoint16)
41.948: (navigate rover2 waypoint9 waypoint3)
41.950: (navigate rover0 waypoint26 waypoint27)
41.950: (navigate rover1 waypoint29 waypoint16)
41.953: (take_image rover0 waypoint26 objective7 camera6 low_res)
41.954: (take_image rover0 waypoint27 objective9 camera2 colour)
41.968: (take_image rover1 waypoint29 objective0 camera0 colour)
41.972: (calibrate rover0 camera6 objective3 waypoint26)
41.989: (take_image rover1 waypoint29 objective0 camera0 colour)
41.998: (navigate rover2 waypoint9 waypoint3)
42.012: (take_image rover0 waypoint27 objective0 camera2 colour)
42.048: (calibrate rover0 camera6 objective3 waypoint26)
42.065: (navigate rover1 waypoint29 waypoint16)
42.067: (calibrate rover1 camera0 objective0 waypoint16)
42.068: (calibrate rover0 camera6 objective3 waypoint26)
42.093: (navigate rover0 waypoint26 waypoint27)
42.093: (navigate rover2 waypoint9 waypoint12)
42.094: (navigate rover1 waypoint29 waypoint16)
42.112: (take_image rover0 waypoint26 objective3 camera6 low_res)
42.114: (calibrate rover0 camera3 objective6 waypoint15)
42.114: (navigate rover1 waypoint29 waypoint16)
42.129: (navigate rover0 waypoint26 waypoint23)
42.130: (take_image rover0 waypoint23 objective7 camera4 low_res)
42.130: (take_image rover0 waypoint23 objective7 camera6 low_res)
42.167: (navigate rover1 waypoint29 waypoint16)
42.173: (take_image rover0 waypoint26 objective7 camera6 low_res)
42.174: (navigate rover2 waypoint3 waypoint6)
42.178: (take_image rover0 waypoint26 objective3 camera6 low_res)
42.179: (navigate rover1 waypoint29 waypoint23)
42.180: (navigate rover1 waypoint29 waypoint23)
42.190: (navigate rover1 waypoint29 waypoint23)
42.196: (navigate rover0 waypoint26 waypoint15)
42.202: (take_image rover0 waypoint27 objective7 camera2 colour)
42.207: (navigate rover0 waypoint26 waypoint23)
42.211: (sample_rock rover1 rover1store waypoint16)
42.217: (calibrate rover1 camera0 objective0 waypoint29)
42.230: (calibrate rover0 camera4 objective2 waypoint23)
42.231: (navigate rover0 waypoint26 waypoint23)
42.235: (navigate rover2 waypoint9 waypoint12)
42.235: (navigate rover2 waypoint9 waypoint12)
42.247: (navigate rover2 waypoint9 waypoint12)
42.248: (calibrate rover0 camera2 objective8 waypoint27)
42.257: (take_image rover1 waypoint29 objective0 camera0 colour)
42.257: (navigate rover3 waypoint9 waypoint12)
42.263: (navigate rover1 waypoint29 waypoint23)
42.265: (navigate rover0 waypoint26 waypoint27)
42.284: (navigate rover1 waypoint29 waypoint16)
42.287: (navigate rover2 waypoint9 waypoint25)
42.292: (navigate rover0 waypoint23 waypoint6)
42.293: (navigate rover2 waypoint9 waypoint3)
42.294: (calibrate rover0 camera4 objective2 waypoint27)
42.294: (calibrate rover0 camera2 objective8 waypoint27)
42.295: (navigate rover1 waypoint29 waypoint23)
42.304: (navigate rover2 waypoint9 waypoint12)
42.305: (take_image rover1 waypoint29 objective0 camera0 colour)
42.305: (calibrate rover0 camera7 objective8 waypoint27)
42.306: (navigate rover1 waypoint29 waypoint23)
42.310: (calibrate rover0 camera6 objective3 waypoint26)
42.311: (navigate rover1 waypoint29 waypoint16)
42.311: (navigate rover1 waypoint29 waypoint16)
42.313: (navigate rover1 waypoint29 waypoint23)
42.317: (navigate rover2 waypoint9 waypoint3)
42.318: (navigate rover0 waypoint26 waypoint23)
42.321: (navigate rover2 waypoint9 waypoint12)
42.325: (navigate rover0 waypoint26 waypoint15)
42.333: (navigate rover0 waypoint26 waypoint23)
42.335: (calibrate rover1 camera0 objective0 waypoint29)
42.336: (calibrate rover0 camera4 objective2 waypoint23)
42.337: (navigate rover1 waypoint29 waypoint16)
42.338: (navigate rover2 waypoint9 waypoint12)
38.604: (communicate_image_data rover0 general objective9 high_res waypoint27 waypoint21)
39.202: (navigate rover1 waypoint29 waypoint16)
39.205: (take_image rover0 waypoint27 objective9 camera2 high_res)
39.377: (navigate rover1 waypoint29 waypoint16)
39.379: (take_image rover0 waypoint15 objective9 camera3 high_res)
39.491: (take_image rover0 waypoint27 objective9 camera2 high_res)
39.495: (calibrate rover0 camera4 objective2 waypoint27)
39.496: (take_image rover0 waypoint27 objective9 camera2 high_res)
39.509: (take_image rover0 waypoint27 objective9 camera2 high_res)
39.511: (calibrate rover0 camera7 objective8 waypoint27)
39.787: (take_image rover0 waypoint15 objective9 camera3 high_res)
39.886: (navigate rover1 waypoint29 waypoint23)
39.903: (navigate rover1 waypoint29 waypoint23)
39.916: (take_image rover0 waypoint27 objective9 camera2 high_res)
39.924: (navigate rover2 waypoint9 waypoint12)
39.941: (calibrate rover1 camera0 objective0 waypoint29)
39.973: (calibrate rover0 camera2 objective8 waypoint27)
40.019: (take_image rover0 waypoint27 objective9 camera2 high_res)
40.021: (navigate rover2 waypoint9 waypoint3)
40.049: (take_image rover1 waypoint16 objective9 camera0 colour)
40.051: (navigate rover0 waypoint26 waypoint23)
40.070: (navigate rover1 waypoint29 waypoint16)
40.070: (calibrate rover1 camera0 objective0 waypoint29)
40.071: (navigate rover0 waypoint26 waypoint23)
40.072: (take_image rover1 waypoint16 objective0 camera0 colour)
40.093: (navigate rover0 waypoint26 waypoint23)
40.095: (take_image rover1 waypoint16 objective7 camera0 colour)
40.167: (navigate rover1 waypoint29 waypoint16)
40.169: (navigate rover0 waypoint26 waypoint23)
40.171: (take_image rover0 waypoint23 objective7 camera6 low_res)
40.171: (take_image rover0 waypoint23 objective7 camera4 low_res)
40.194: (take_image rover1 waypoint16 objective9 camera0 colour)
40.195: (navigate rover0 waypoint26 waypoint15)
40.246: (navigate rover1 waypoint29 waypoint16)
40.247: (navigate rover0 waypoint26 waypoint15)
40.250: (take_image rover1 waypoint16 objective0 camera0 colour)
40.260: (calibrate rover0 camera3 objective6 waypoint15)
40.260: (navigate rover1 waypoint29 waypoint16)
40.271: (navigate rover0 waypoint26 waypoint27)
40.280: (take_image rover1 waypoint16 objective7 camera0 colour)
40.281: (navigate rover0 waypoint26 waypoint15)
40.281: (take_image rover1 waypoint16 objective9 camera0 colour)
40.281: (navigate rover1 waypoint29 waypoint16)
40.291: (navigate rover1 waypoint29 waypoint16)
40.293: (calibrate rover0 camera2 objective8 waypoint27)
40.295: (take_image rover0 waypoint27 objective9 camera2 colour)
40.313: (navigate rover1 waypoint29 waypoint16)
40.314: (calibrate rover0 camera4 objective2 waypoint27)
40.318: (calibrate rover0 camera2 objective8 waypoint27)
40.330: (navigate rover0 waypoint26 waypoint27)
40.332: (take_image rover1 waypoint16 objective0 camera0 colour)
40.332: (navigate rover1 waypoint29 waypoint16)
40.348: (navigate rover1 waypoint29 waypoint16)
40.350: (take_image rover0 waypoint27 objective0 camera2 colour)
40.354: (calibrate rover0 camera7 objective8 waypoint27)
40.355: (calibrate rover0 camera2 objective8 waypoint27)
40.356: (navigate rover1 waypoint29 waypoint16)
40.369: (navigate rover1 waypoint29 waypoint23)
40.371: (navigate rover2 waypoint9 waypoint12)
40.381: (navigate rover0 waypoint26 waypoint15)
40.402: (take_image rover1 waypoint16 objective9 camera0 colour)
40.403: (calibrate rover0 camera6 objective3 waypoint26)
40.405: (calibrate rover0 camera4 objective2 waypoint23)
40.407: (navigate rover0 waypoint26 waypoint23)
40.412: (navigate rover2 waypoint9 waypoint12)
40.414: (navigate rover1 waypoint29 waypoint16)
40.418: (navigate rover1 waypoint29 waypoint16)
40.422: (navigate rover0 waypoint26 waypoint23)
40.423: (calibrate rover1 camera0 objective0 waypoint16)
40.439: (navigate rover2 waypoint9 waypoint12)
40.440: (navigate rover1 waypoint29 waypoint16)
40.456: (navigate rover0 waypoint26 waypoint27)
40.456: (calibrate rover1 camera0 objective0 waypoint16)
40.459: (navigate rover2 waypoint9 waypoint12)
40.460: (calibrate rover0 camera4 objective2 waypoint23)
40.465: (navigate rover3 waypoint9 waypoint12)
40.471: (navigate rover2 waypoint9 waypoint12)
40.471: (navigate rover0 waypoint26 waypoint15)
40.471: (calibrate rover1 camera0 objective0 waypoint16)
40.473: (navigate rover1 waypoint29 waypoint16)
40.473: (take_image rover0 waypoint27 objective7 camera2 colour)
40.476: (navigate rover0 waypoint26 waypoint27)
40.480: (take_image rover1 waypoint16 objective7 camera0 colour)
40.527: (navigate rover2 waypoint9 waypoint12)
40.538: (navigate rover0 waypoint26 waypoint23)
40.567: (navigate rover1 waypoint29 waypoint16)
40.569: (navigate rover0 waypoint26 waypoint27)
40.571: (navigate rover2 waypoint9 waypoint3)
40.572: (take_image rover1 waypoint16 objective0 camera0 colour)
40.574: (navigate rover0 waypoint26 waypoint23)
40.575: (navigate rover2 waypoint9 waypoint12)
40.575: (navigate rover1 waypoint29 waypoint16)
40.578: (navigate rover1 waypoint29 waypoint16)
40.578: (navigate rover1 waypoint29 waypoint23)
40.580: (calibrate rover0 camera6 objective3 waypoint26)
40.587: (navigate rover2 waypoint9 waypoint12)
40.587: (calibrate rover0 camera6 objective3 waypoint26)
40.589: (calibrate rover0 camera4 objective2 waypoint23)
40.608: (navigate rover2 waypoint9 waypoint3)
40.608: (navigate rover1 waypoint29 waypoint0)
40.620: (navigate rover2 waypoint9 waypoint12)
40.625: (navigate rover0 waypoint26 waypoint27)
40.633: (calibrate rover1 camera0 objective0 waypoint16)
40.633: (calibrate rover0 camera3 objective6 waypoint15)
40.637: (take_image rover0 waypoint27 objective7 camera6 low_res)
40.637: (take_image rover0 waypoint27 objective7 camera7 low_res)
40.637: (take_image rover0 waypoint27 objective7 camera4 low_res)
40.650: (calibrate rover0 camera6 objective3 waypoint26)
40.651: (navigate rover1 waypoint29 waypoint16)
40.661: (navigate rover2 waypoint9 waypoint25)
40.665: (calibrate rover0 camera7 objective8 waypoint27)
40.674: (calibrate rover0 camera4 objective2 waypoint27)
40.678: (navigate rover2 waypoint9 waypoint12)
40.691: (calibrate rover1 camera0 objective0 waypoint16)
40.692: (navigate rover0 waypoint26 waypoint27)
40.693: (calibrate rover0 camera7 objective8 waypoint27)
40.694: (calibrate rover0 camera4 objective2 waypoint27)
40.702: (navigate rover2 waypoint9 waypoint3)
40.709: (take_image rover0 waypoint27 objective9 camera2 colour)
40.709: (navigate rover2 waypoint9 waypoint12)
37.005: (navigate rover1 waypoint29 waypoint16)
37.005: (communicate_image_data rover0 general objective9 high_res waypoint27 waypoint21)
37.112: (calibrate rover0 camera4 objective2 waypoint27)
37.112: (communicate_image_data rover0 general objective9 high_res waypoint27 waypoint21)
37.114: (communicate_image_data rover0 general objective9 high_res waypoint27 waypoint21)
37.119: (calibrate rover0 camera7 objective8 waypoint27)
37.119: (communicate_image_data rover0 general objective9 high_res waypoint27 waypoint21)
37.537: (communicate_image_data rover0 general objective9 high_res waypoint27 waypoint21)
37.538: (navigate rover1 waypoint29 waypoint23)
37.680: (navigate rover2 waypoint9 waypoint12)
37.680: (communicate_image_data rover0 general objective9 high_res waypoint27 waypoint21)
37.680: (communicate_image_data rover0 general objective9 high_res waypoint27 waypoint21)
37.681: (calibrate rover1 camera0 objective0 waypoint29)
37.705: (calibrate rover0 camera2 objective8 waypoint27)
37.708: (communicate_image_data rover0 general objective9 high_res waypoint27 waypoint21)
37.730: (communicate_image_data rover0 general objective9 high_res waypoint27 waypoint21)
37.732: (navigate rover2 waypoint9 waypoint3)
37.831: (navigate rover1 waypoint29 waypoint16)
37.834: (take_image rover0 waypoint27 objective9 camera2 high_res)
37.839: (take_image rover0 waypoint27 objective9 camera2 high_res)
37.846: (calibrate rover0 camera7 objective8 waypoint27)
37.847: (navigate rover1 waypoint29 waypoint16)
37.856: (navigate rover1 waypoint29 waypoint16)
37.856: (calibrate rover0 camera4 objective2 waypoint27)
37.857: (take_image rover0 waypoint27 objective9 camera2 high_res)
37.889: (navigate rover1 waypoint29 waypoint16)
37.893: (take_image rover0 waypoint15 objective9 camera3 high_res)
38.191: (communicate_image_data rover0 general objective9 high_res waypoint27 waypoint21)
38.192: (navigate rover3 waypoint9 waypoint12)
38.255: (navigate rover1 waypoint29 waypoint0)
38.259: (communicate_image_data rover0 general objective9 high_res waypoint27 waypoint21)
38.267: (navigate rover1 waypoint29 waypoint16)
38.268: (calibrate rover1 camera0 objective0 waypoint16)
38.292: (navigate rover1 waypoint29 waypoint16)
38.294: (calibrate rover0 camera2 objective8 waypoint27)
38.317: (take_image rover0 waypoint15 objective9 camera3 high_res)
38.328: (navigate rover1 waypoint29 waypoint16)
38.329: (calibrate rover1 camera0 objective0 waypoint16)
38.397: (communicate_image_data rover0 general objective9 high_res waypoint27 waypoint21)
38.402: (navigate rover3 waypoint9 waypoint3)
38.405: (navigate rover2 waypoint9 waypoint25)
38.411: (navigate rover1 waypoint29 waypoint16)
38.411: (navigate rover2 waypoint9 waypoint3)
38.506: (calibrate rover0 camera4 objective2 waypoint27)
38.523: (calibrate rover0 camera7 objective8 waypoint27)
38.528: (navigate rover3 waypoint9 waypoint8)
38.531: (calibrate rover0 camera7 objective8 waypoint27)
38.531: (calibrate rover0 camera4 objective2 waypoint27)
38.531: (calibrate rover1 camera0 objective0 waypoint29)
38.532: (calibrate rover1 camera0 objective0 waypoint29)
38.534: (calibrate rover1 camera0 objective0 waypoint29)
38.548: (calibrate rover0 camera7 objective8 waypoint27)
38.549: (calibrate rover0 camera4 objective2 waypoint27)
38.562: (navigate rover1 waypoint29 waypoint23)
38.575: (navigate rover0 waypoint27 waypoint21)
38.593: (navigate rover1 waypoint29 waypoint16)
38.593: (navigate rover2 waypoint9 waypoint12)
38.602: (take_image rover0 waypoint27 objective7 camera6 low_res)
38.602: (take_image rover0 waypoint27 objective7 camera4 low_res)
38.602: (take_image rover0 waypoint27 objective7 camera7 low_res)
38.611: (navigate rover2 waypoint9 waypoint10)
38.623: (navigate rover3 waypoint9 waypoint13)
38.628: (navigate rover1 waypoint29 waypoint23)
38.632: (navigate rover2 waypoint9 waypoint12)
38.634: (calibrate rover0 camera4 objective2 waypoint27)
38.645: (navigate rover2 waypoint9 waypoint12)
38.648: (calibrate rover0 camera7 objective8 waypoint27)
38.649: (navigate rover2 waypoint9 waypoint12)
38.661: (calibrate rover2 camera8 objective6 waypoint12)
38.670: (calibrate rover0 camera4 objective2 waypoint27)
38.672: (navigate rover1 waypoint29 waypoint23)
38.685: (calibrate rover0 camera7 objective8 waypoint27)
38.685: (navigate rover1 waypoint29 waypoint23)
38.695: (calibrate rover0 camera4 objective2 waypoint27)
38.695: (calibrate rover0 camera2 objective8 waypoint27)
38.702: (calibrate rover1 camera0 objective0 waypoint29)
38.707: (calibrate rover0 camera2 objective8 waypoint27)
38.713: (navigate rover2 waypoint9 waypoint3)
38.715: (calibrate rover0 camera4 objective2 waypoint27)
38.724: (navigate rover2 waypoint9 waypoint3)
38.725: (navigate rover2 waypoint9 waypoint3)
38.727: (calibrate rover0 camera7 objective8 waypoint27)
38.748: (take_image rover1 waypoint29 objective0 camera0 colour)
38.757: (calibrate rover2 camera8 objective6 waypoint3)
38.761: (calibrate rover0 camera7 objective8 waypoint27)
38.762: (calibrate rover0 camera2 objective8 waypoint27)
38.764: (calibrate rover0 camera4 objective2 waypoint23)
38.767: (take_image rover1 waypoint16 objective9 camera0 colour)
38.772: (navigate rover1 waypoint29 waypoint8)
38.802: (take_image rover0 waypoint23 objective7 camera4 low_res)
38.805: (navigate rover1 waypoint29 waypoint16)
38.811: (navigate rover0 waypoint26 waypoint23)
38.848: (take_image rover0 waypoint27 objective0 camera7 low_res)
38.848: (take_image rover0 waypoint27 objective0 camera6 low_res)
38.849: (take_image rover0 waypoint27 objective0 camera4 low_res)
38.849: (take_image rover1 waypoint29 objective0 camera0 colour)
38.862: (navigate rover0 waypoint26 waypoint23)
38.863: (take_image rover1 waypoint16 objective9 camera0 colour)
38.867: (navigate rover2 waypoint9 waypoint12)
38.867: (navigate rover1 waypoint29 waypoint16)
38.867: (navigate rover0 waypoint26 waypoint23)
38.886: (navigate rover2 waypoint9 waypoint12)
38.887: (navigate rover0 waypoint26 waypoint23)
38.890: (navigate rover3 waypoint9 waypoint10)
38.895: (navigate rover1 waypoint29 waypoint23)
38.895: (navigate rover1 waypoint29 waypoint16)
38.899: (navigate rover1 waypoint29 waypoint23)
38.900: (calibrate rover0 camera2 objective8 waypoint27)
38.909: (calibrate rover0 camera4 objective2 waypoint23)
38.912: (navigate rover2 waypoint9 waypoint3)
38.918: (take_image rover0 waypoint23 objective7 camera6 low_res)
38.921: (navigate rover0 waypoint27 waypoint7)
38.947: (take_image rover1 waypoint16 objective7 camera0 colour)
38.948: (navigate rover0 waypoint26 waypoint23)
38.949: (navigate rover1 waypoint29 waypoint23)
38.949: (navigate rover2 waypoint9 waypoint12)
38.955: (navigate rover2 waypoint9 waypoint12)
38.957: (navigate rover1 waypoint29 waypoint16)
38.958: (calibrate rover0 camera4 objective2 waypoint23)
38.978: (calibrate rover1 camera0 objective0 waypoint29)
35.577: (navigate rover1 waypoint29 waypoint16)
35.577: (communicate_image_data rover0 general objective9 high_res waypoint27 waypoint21)
35.581: (calibrate rover0 camera7 objective8 waypoint27)
35.581: (navigate rover1 waypoint29 waypoint16)
35.581: (communicate_image_data rover0 general objective9 high_res waypoint27 waypoint21)
35.597: (navigate rover1 waypoint29 waypoint16)
35.597: (calibrate rover0 camera4 objective2 waypoint27)
35.598: (communicate_image_data rover0 general objective9 high_res waypoint27 waypoint21)
36.054: (take_image rover0 waypoint27 objective7 camera4 low_res)
36.054: (take_image rover0 waypoint27 objective7 camera6 low_res)
36.055: (take_image rover0 waypoint27 objective7 camera7 low_res)
36.062: (communicate_image_data rover0 general objective9 high_res waypoint27 waypoint21)
36.107: (navigate rover1 waypoint29 waypoint16)
36.107: (calibrate rover1 camera0 objective0 waypoint16)
36.108: (communicate_image_data rover0 general objective9 high_res waypoint27 waypoint21)
36.112: (communicate_image_data rover0 general objective9 high_res waypoint27 waypoint21)
36.113: (communicate_image_data rover0 general objective9 high_res waypoint27 waypoint21)
36.114: (calibrate rover0 camera4 objective2 waypoint27)
36.115: (calibrate rover1 camera0 objective0 waypoint29)
36.119: (calibrate rover0 camera7 objective8 waypoint27)
36.119: (calibrate rover1 camera0 objective0 waypoint29)
36.125: (calibrate rover1 camera0 objective0 waypoint29)
36.127: (calibrate rover0 camera2 objective8 waypoint27)
36.127: (navigate rover1 waypoint29 waypoint16)
36.128: (communicate_image_data rover0 general objective9 high_res waypoint27 waypoint21)
36.129: (communicate_image_data rover0 general objective9 high_res waypoint27 waypoint21)
36.135: (calibrate rover0 camera4 objective2 waypoint27)
36.138: (communicate_image_data rover0 general objective9 high_res waypoint27 waypoint21)
36.142: (calibrate rover0 camera7 objective8 waypoint27)
36.142: (communicate_image_data rover0 general objective9 high_res waypoint27 waypoint21)
36.164: (calibrate rover0 camera7 objective8 waypoint27)
36.164: (calibrate rover0 camera4 objective2 waypoint27)
36.166: (communicate_image_data rover0 general objective9 high_res waypoint27 waypoint21)
36.194: (navigate rover2 waypoint9 waypoint3)
36.195: (communicate_image_data rover0 general objective9 high_res waypoint27 waypoint21)
36.196: (navigate rover1 waypoint29 waypoint16)
36.224: (navigate rover1 waypoint29 waypoint23)
36.228: (communicate_image_data rover0 general objective9 high_res waypoint27 waypoint21)
36.262: (calibrate rover0 camera4 objective2 waypoint27)
36.263: (navigate rover1 waypoint29 waypoint23)
36.266: (communicate_image_data rover0 general objective9 high_res waypoint27 waypoint21)
36.266: (communicate_image_data rover0 general objective9 high_res waypoint27 waypoint21)
36.267: (calibrate rover0 camera7 objective8 waypoint27)
36.268: (calibrate rover0 camera4 objective2 waypoint27)
36.268: (navigate rover2 waypoint9 waypoint12)
36.268: (navigate rover1 waypoint29 waypoint23)
36.273: (calibrate rover0 camera4 objective2 waypoint27)
36.273: (communicate_image_data rover0 general objective9 high_res waypoint27 waypoint21)
36.273: (communicate_image_data rover0 general objective9 high_res waypoint27 waypoint21)
36.274: (calibrate rover0 camera2 objective8 waypoint27)
36.277: (navigate rover2 waypoint9 waypoint12)
36.278: (calibrate rover0 camera7 objective8 waypoint27)
36.282: (communicate_image_data rover0 general objective9 high_res waypoint27 waypoint21)
36.283: (calibrate rover0 camera2 objective8 waypoint27)
36.287: (communicate_image_data rover0 general objective9 high_res waypoint27 waypoint21)
36.290: (communicate_image_data rover0 general objective9 high_res waypoint27 waypoint21)
36.291: (navigate rover2 waypoint9 waypoint12)
36.317: (communicate_image_data rover0 general objective9 high_res waypoint27 waypoint21)
36.324: (take_image rover0 waypoint27 objective0 camera7 low_res)
36.325: (take_image rover0 waypoint27 objective0 camera4 low_res)
36.325: (take_image rover0 waypoint27 objective0 camera6 low_res)
36.329: (communicate_image_data rover0 general objective9 high_res waypoint27 waypoint21)
36.329: (communicate_image_data rover0 general objective9 high_res waypoint27 waypoint21)
36.331: (navigate rover2 waypoint9 waypoint3)
36.331: (calibrate rover0 camera7 objective8 waypoint27)
36.331: (calibrate rover0 camera2 objective8 waypoint27)
36.332: (calibrate rover0 camera4 objective2 waypoint27)
36.333: (communicate_image_data rover0 general objective9 high_res waypoint27 waypoint21)
36.334: (calibrate rover2 camera8 objective6 waypoint12)
36.338: (navigate rover2 waypoint9 waypoint3)
36.338: (calibrate rover0 camera7 objective8 waypoint27)
36.341: (communicate_image_data rover0 general objective9 high_res waypoint27 waypoint21)
36.350: (navigate rover2 waypoint9 waypoint3)
36.357: (communicate_image_data rover0 general objective9 high_res waypoint27 waypoint21)
36.380: (take_image rover1 waypoint29 objective0 camera0 colour)
36.386: (calibrate rover2 camera8 objective6 waypoint3)
36.394: (communicate_image_data rover0 general objective9 high_res waypoint27 waypoint21)
36.408: (communicate_image_data rover0 general objective9 high_res waypoint27 waypoint21)
36.422: (navigate rover1 waypoint29 waypoint16)
36.422: (navigate rover2 waypoint9 waypoint12)
36.426: (communicate_image_data rover0 general objective9 high_res waypoint27 waypoint21)
36.464: (take_image rover0 waypoint27 objective0 camera2 colour)
36.643: (take_image rover0 waypoint27 objective7 camera2 colour)
36.653: (navigate rover1 waypoint29 waypoint23)
36.653: (communicate_image_data rover0 general objective9 high_res waypoint27 waypoint21)
36.661: (communicate_image_data rover0 general objective9 high_res waypoint27 waypoint21)
36.663: (calibrate rover0 camera2 objective8 waypoint27)
36.665: (navigate rover1 waypoint29 waypoint23)
36.731: (navigate rover3 waypoint9 waypoint12)
36.733: (calibrate rover0 camera4 objective2 waypoint27)
36.739: (navigate rover1 waypoint29 waypoint23)
36.739: (navigate rover2 waypoint9 waypoint12)
36.739: (navigate rover3 waypoint9 waypoint12)
36.740: (calibrate rover0 camera7 objective8 waypoint27)
36.741: (navigate rover3 waypoint9 waypoint12)
36.757: (navigate rover2 waypoint9 waypoint12)
36.757: (calibrate rover1 camera0 objective0 waypoint29)
36.760: (communicate_image_data rover0 general objective9 high_res waypoint27 waypoint21)
36.776: (navigate rover1 waypoint29 waypoint0)
36.792: (calibrate rover0 camera4 objective2 waypoint27)
36.793: (navigate rover2 waypoint9 waypoint12)
36.795: (calibrate rover0 camera2 objective8 waypoint27)
36.796: (navigate rover1 waypoint29 waypoint0)
36.801: (navigate rover1 waypoint29 waypoint0)
36.801: (calibrate rover0 camera7 objective8 waypoint27)
36.815: (calibrate rover1 camera0 objective0 waypoint29)
36.817: (navigate rover2 waypoint9 waypoint3)
36.832: (calibrate rover1 camera0 objective0 waypoint16)
36.834: (navigate rover1 waypoint29 waypoint16)
36.839: (calibrate rover1 camera1 objective1 waypoint23)
36.845: (navigate rover2 waypoint9 waypoint3)
36.846: (calibrate rover0 camera2 objective8 waypoint27)
36.864: (sample_rock rover1 rover1store waypoint16)
36.869: (navigate rover1 waypoint29 waypoint16)
36.869: (calibrate rover0 camera7 objective8 waypoint27)
36.879: (calibrate rover0 camera4 objective2 waypoint27)
36.879: (navigate rover1 waypoint29 waypoint16)
36.889: (navigate rover0 waypoint27 waypoint21)
36.890: (calibrate rover0 camera2 objective8 waypoint27)
36.890: (calibrate rover1 camera0 objective0 waypoint29)
34.395: (take_image rover0 waypoint27 objective7 camera6 low_res)
34.395: (take_image rover0 waypoint27 objective7 camera4 low_res)
34.395: (navigate rover1 waypoint29 waypoint16)
34.395: (take_image rover0 waypoint27 objective7 camera7 low_res)
34.605: (communicate_image_data rover0 general objective9 high_res waypoint27 waypoint21)
34.606: (calibrate rover0 camera7 objective8 waypoint27)
34.606: (navigate rover1 waypoint29 waypoint16)
34.612: (communicate_image_data rover0 general objective9 high_res waypoint27 waypoint21)
34.622: (navigate rover1 waypoint29 waypoint16)
34.623: (calibrate rover0 camera4 objective2 waypoint27)
34.639: (calibrate rover0 camera7 objective8 waypoint27)
34.639: (calibrate rover0 camera4 objective2 waypoint27)
34.640: (navigate rover1 waypoint29 waypoint16)
34.642: (calibrate rover1 camera0 objective0 waypoint16)
34.642: (calibrate rover1 camera0 objective0 waypoint16)
34.643: (navigate rover1 waypoint29 waypoint16)
34.643: (navigate rover1 waypoint29 waypoint16)
34.644: (calibrate rover0 camera7 objective8 waypoint27)
34.660: (calibrate rover1 camera0 objective0 waypoint16)
34.660: (calibrate rover0 camera4 objective2 waypoint27)
34.660: (navigate rover1 waypoint29 waypoint16)
34.673: (take_image rover0 waypoint27 objective7 camera7 low_res)
34.674: (take_image rover0 waypoint27 objective7 camera4 low_res)
34.696: (take_image rover0 waypoint27 objective7 camera7 low_res)
34.696: (take_image rover0 waypoint27 objective7 camera4 low_res)
34.697: (take_image rover0 waypoint27 objective7 camera6 low_res)
34.697: (calibrate rover0 camera2 objective8 waypoint27)
34.715: (calibrate rover1 camera0 objective0 waypoint29)
34.715: (take_image rover0 waypoint27 objective7 camera4 low_res)
34.715: (take_image rover0 waypoint27 objective7 camera7 low_res)
34.716: (take_image rover0 waypoint27 objective7 camera6 low_res)
34.744: (take_image rover0 waypoint27 objective7 camera4 low_res)
34.744: (take_image rover0 waypoint27 objective7 camera6 low_res)
34.746: (calibrate rover0 camera7 objective8 waypoint27)
34.756: (calibrate rover0 camera4 objective2 waypoint27)
34.758: (take_image rover0 waypoint27 objective7 camera7 low_res)
34.759: (take_image rover0 waypoint27 objective0 camera2 colour)
34.759: (take_image rover0 waypoint27 objective7 camera6 low_res)
34.763: (navigate rover1 waypoint29 waypoint16)
34.765: (navigate rover1 waypoint29 waypoint16)
34.767: (calibrate rover0 camera2 objective8 waypoint27)
34.783: (navigate rover1 waypoint29 waypoint16)
34.789: (calibrate rover0 camera2 objective8 waypoint27)
34.793: (calibrate rover0 camera4 objective2 waypoint27)
34.814: (navigate rover1 waypoint29 waypoint16)
34.823: (navigate rover1 waypoint29 waypoint16)
34.824: (calibrate rover0 camera2 objective8 waypoint27)
34.825: (calibrate rover0 camera7 objective8 waypoint27)
34.826: (calibrate rover0 camera7 objective8 waypoint27)
34.827: (navigate rover2 waypoint9 waypoint3)
34.828: (navigate rover2 waypoint9 waypoint3)
34.832: (navigate rover1 waypoint29 waypoint16)
34.835: (communicate_image_data rover0 general objective7 low_res waypoint27 waypoint21)
34.838: (navigate rover1 waypoint29 waypoint16)
34.841: (navigate rover2 waypoint9 waypoint3)
34.846: (calibrate rover0 camera4 objective2 waypoint27)
34.872: (take_image rover1 waypoint16 objective0 camera0 colour)
34.873: (navigate rover1 waypoint29 waypoint16)
34.884: (navigate rover1 waypoint29 waypoint16)
34.892: (calibrate rover2 camera8 objective6 waypoint3)
34.894: (take_image rover0 waypoint27 objective0 camera4 low_res)
34.895: (take_image rover0 waypoint27 objective0 camera7 low_res)
34.895: (navigate rover1 waypoint29 waypoint16)
34.895: (take_image rover0 waypoint27 objective0 camera6 low_res)
34.949: (navigate rover1 waypoint29 waypoint16)
34.950: (take_image rover0 waypoint27 objective7 camera2 colour)
34.955: (take_image rover0 waypoint27 objective0 camera7 low_res)
34.955: (take_image rover0 waypoint27 objective0 camera4 low_res)
34.980: (take_image rover0 waypoint27 objective0 camera6 low_res)
34.981: (calibrate rover0 camera7 objective8 waypoint27)
34.981: (take_image rover0 waypoint27 objective0 camera4 low_res)
34.986: (take_image rover0 waypoint27 objective0 camera7 low_res)
34.987: (take_image rover0 waypoint27 objective0 camera6 low_res)
34.988: (calibrate rover0 camera4 objective2 waypoint27)
35.027: (take_image rover2 waypoint12 objective3 camera8 low_res)
35.061: (take_image rover1 waypoint16 objective7 camera0 colour)
35.073: (navigate rover1 waypoint29 waypoint16)
35.074: (calibrate rover0 camera7 objective8 waypoint27)
35.074: (navigate rover2 waypoint9 waypoint12)
35.092: (navigate rover2 waypoint9 waypoint12)
35.092: (navigate rover2 waypoint9 waypoint12)
35.092: (navigate rover1 waypoint29 waypoint16)
35.093: (calibrate rover0 camera4 objective2 waypoint27)
35.094: (navigate rover1 waypoint29 waypoint16)
35.109: (calibrate rover2 camera8 objective6 waypoint12)
35.112: (take_image rover2 waypoint3 objective3 camera8 low_res)
35.114: (navigate rover1 waypoint29 waypoint16)
35.133: (take_image rover0 waypoint27 objective7 camera7 low_res)
35.133: (navigate rover1 waypoint29 waypoint23)
35.134: (take_image rover0 waypoint27 objective7 camera6 low_res)
35.134: (take_image rover0 waypoint27 objective7 camera4 low_res)
35.136: (calibrate rover1 camera0 objective0 waypoint29)
35.136: (calibrate rover0 camera4 objective2 waypoint27)
35.142: (calibrate rover1 camera0 objective0 waypoint29)
35.142: (calibrate rover0 camera7 objective8 waypoint27)
35.149: (navigate rover2 waypoint9 waypoint12)
35.152: (take_image rover1 waypoint29 objective0 camera0 colour)
35.164: (calibrate rover0 camera4 objective2 waypoint27)
35.164: (calibrate rover0 camera7 objective8 waypoint27)
35.172: (calibrate rover1 camera0 objective0 waypoint29)
35.173: (calibrate rover0 camera4 objective2 waypoint27)
35.176: (calibrate rover2 camera8 objective6 waypoint12)
35.181: (calibrate rover0 camera7 objective8 waypoint27)
35.183: (calibrate rover2 camera8 objective6 waypoint12)
35.187: (calibrate rover0 camera7 objective8 waypoint27)
35.188: (calibrate rover0 camera4 objective2 waypoint27)
35.190: (calibrate rover2 camera8 objective6 waypoint12)
35.209: (take_image rover0 waypoint27 objective7 camera7 low_res)
35.210: (take_image rover0 waypoint27 objective7 camera4 low_res)
35.210: (navigate rover2 waypoint9 waypoint12)
35.214: (take_image rover0 waypoint27 objective7 camera6 low_res)
35.222: (navigate rover1 waypoint29 waypoint23)
35.240: (calibrate rover2 camera8 objective6 waypoint3)
35.245: (navigate rover0 waypoint27 waypoint21)
35.245: (calibrate rover0 camera4 objective2 waypoint27)
35.247: (navigate rover2 waypoint9 waypoint12)
35.248: (calibrate rover2 camera8 objective6 waypoint3)
35.248: (calibrate rover1 camera0 objective0 waypoint29)
35.251: (calibrate rover2 camera8 objective6 waypoint3)
35.251: (calibrate rover0 camera7 objective8 waypoint27)
33.172: (navigate rover1 waypoint29 waypoint16)
33.172: (take_image rover0 waypoint27 objective7 camera4 low_res)
33.173: (take_image rover0 waypoint27 objective7 camera7 low_res)
33.243: (navigate rover1 waypoint29 waypoint16)
33.244: (take_image rover0 waypoint27 objective7 camera6 low_res)
33.245: (calibrate rover0 camera7 objective8 waypoint27)
33.246: (take_image rover0 waypoint27 objective7 camera4 low_res)
33.250: (take_image rover0 waypoint27 objective7 camera4 low_res)
33.251: (take_image rover0 waypoint27 objective7 camera6 low_res)
33.251: (navigate rover1 waypoint29 waypoint16)
33.251: (calibrate rover1 camera0 objective0 waypoint16)
33.251: (take_image rover0 waypoint27 objective7 camera7 low_res)
33.256: (calibrate rover0 camera2 objective8 waypoint27)
33.259: (take_image rover0 waypoint27 objective7 camera4 low_res)
33.259: (take_image rover0 waypoint27 objective7 camera7 low_res)
33.259: (take_image rover0 waypoint27 objective7 camera6 low_res)
33.259: (navigate rover1 waypoint29 waypoint16)
33.262: (navigate rover1 waypoint29 waypoint16)
33.264: (calibrate rover0 camera4 objective2 waypoint27)
33.264: (take_image rover0 waypoint27 objective7 camera6 low_res)
33.265: (take_image rover0 waypoint27 objective7 camera7 low_res)
33.343: (communicate_image_data rover0 general objective7 low_res waypoint27 waypoint21)
33.347: (navigate rover1 waypoint29 waypoint16)
33.355: (take_image rover0 waypoint27 objective7 camera4 low_res)
33.355: (take_image rover0 waypoint27 objective7 camera7 low_res)
33.357: (calibrate rover1 camera0 objective0 waypoint29)
33.358: (calibrate rover0 camera7 objective8 waypoint27)
33.360: (take_image rover2 waypoint12 objective3 camera8 low_res)
33.368: (calibrate rover0 camera4 objective2 waypoint27)
33.370: (take_image rover2 waypoint12 objective3 camera8 low_res)
33.402: (take_image rover2 waypoint12 objective3 camera8 low_res)
33.431: (take_image rover1 waypoint29 objective0 camera0 colour)
33.431: (take_image rover0 waypoint27 objective7 camera6 low_res)
33.432: (take_image rover0 waypoint27 objective7 camera4 low_res)
33.441: (calibrate rover0 camera7 objective8 waypoint27)
33.442: (calibrate rover1 camera0 objective0 waypoint29)
33.452: (calibrate rover0 camera2 objective8 waypoint27)
33.456: (calibrate rover1 camera0 objective0 waypoint29)
33.458: (take_image rover0 waypoint27 objective7 camera7 low_res)
33.459: (take_image rover0 waypoint27 objective7 camera6 low_res)
33.459: (calibrate rover0 camera4 objective2 waypoint27)
33.464: (take_image rover2 waypoint3 objective3 camera8 low_res)
33.465: (calibrate rover0 camera7 objective8 waypoint27)
33.481: (take_image rover2 waypoint3 objective3 camera8 low_res)
33.482: (calibrate rover0 camera4 objective2 waypoint27)
33.501: (take_image rover2 waypoint3 objective3 camera8 low_res)
33.520: (take_image rover0 waypoint27 objective0 camera4 low_res)
33.521: (take_image rover0 waypoint27 objective0 camera7 low_res)
33.524: (take_image rover0 waypoint27 objective0 camera6 low_res)
33.525: (take_image rover0 waypoint27 objective7 camera7 low_res)
33.525: (take_image rover0 waypoint27 objective7 camera6 low_res)
33.526: (take_image rover0 waypoint27 objective7 camera4 low_res)
33.549: (calibrate rover2 camera8 objective6 waypoint12)
33.557: (calibrate rover0 camera2 objective8 waypoint27)
33.557: (calibrate rover0 camera4 objective2 waypoint27)
33.562: (communicate_image_data rover0 general objective7 low_res waypoint27 waypoint21)
33.575: (calibrate rover0 camera2 objective8 waypoint27)
33.580: (calibrate rover0 camera7 objective8 waypoint27)
33.632: (navigate rover1 waypoint29 waypoint16)
33.634: (take_image rover0 waypoint27 objective0 camera4 low_res)
33.636: (take_image rover0 waypoint27 objective0 camera7 low_res)
33.647: (calibrate rover2 camera8 objective6 waypoint3)
33.663: (calibrate rover0 camera7 objective8 waypoint27)
33.663: (take_image rover0 waypoint27 objective0 camera4 low_res)
33.663: (take_image rover0 waypoint27 objective0 camera6 low_res)
33.664: (calibrate rover1 camera0 objective0 waypoint16)
33.664: (calibrate rover0 camera7 objective8 waypoint27)
33.665: (navigate rover1 waypoint29 waypoint16)
33.665: (calibrate rover0 camera7 objective8 waypoint27)
33.665: (calibrate rover0 camera4 objective2 waypoint27)
33.667: (navigate rover1 waypoint29 waypoint16)
33.668: (navigate rover1 waypoint29 waypoint16)
33.681: (calibrate rover1 camera0 objective0 waypoint16)
33.681: (take_image rover0 waypoint27 objective0 camera7 low_res)
33.681: (calibrate rover0 camera4 objective2 waypoint27)
33.682: (take_image rover0 waypoint27 objective0 camera6 low_res)
33.682: (calibrate rover0 camera4 objective2 waypoint27)
33.683: (calibrate rover0 camera2 objective8 waypoint27)
33.684: (navigate rover1 waypoint29 waypoint16)
33.684: (communicate_image_data rover0 general objective7 low_res waypoint27 waypoint21)
33.689: (navigate rover1 waypoint29 waypoint16)
33.694: (calibrate rover1 camera0 objective0 waypoint29)
33.696: (communicate_image_data rover0 general objective7 low_res waypoint27 waypoint21)
33.700: (calibrate rover1 camera0 objective0 waypoint16)
33.701: (calibrate rover0 camera4 objective2 waypoint27)
33.701: (calibrate rover0 camera7 objective8 waypoint27)
33.703: (navigate rover1 waypoint29 waypoint16)
33.725: (communicate_image_data rover0 general objective7 low_res waypoint27 waypoint21)
33.726: (calibrate rover0 camera4 objective2 waypoint27)
33.727: (calibrate rover0 camera7 objective8 waypoint27)
33.728: (communicate_image_data rover0 general objective7 low_res waypoint27 waypoint21)
33.741: (navigate rover1 waypoint29 waypoint16)
33.742: (navigate rover1 waypoint29 waypoint16)
33.754: (calibrate rover0 camera7 objective8 waypoint27)
33.755: (take_image rover0 waypoint27 objective7 camera6 low_res)
33.755: (take_image rover0 waypoint27 objective7 camera7 low_res)
33.757: (take_image rover0 waypoint27 objective7 camera2 colour)
33.758: (navigate rover2 waypoint9 waypoint3)
33.758: (take_image rover0 waypoint27 objective7 camera4 low_res)
33.760: (calibrate rover2 camera8 objective6 waypoint3)
33.763: (navigate rover1 waypoint29 waypoint16)
33.766: (calibrate rover0 camera7 objective8 waypoint27)
33.770: (calibrate rover2 camera8 objective6 waypoint3)
33.782: (calibrate rover0 camera4 objective2 waypoint27)
33.782: (calibrate rover2 camera8 objective6 waypoint3)
33.788: (calibrate rover0 camera4 objective2 waypoint27)
33.789: (take_image rover0 waypoint27 objective7 camera2 colour)
33.804: (calibrate rover0 camera4 objective2 waypoint27)
33.805: (take_image rover0 waypoint27 objective0 camera2 colour)
33.806: (calibrate rover0 camera7 objective8 waypoint27)
33.807: (take_image rover0 waypoint27 objective7 camera4 low_res)
33.807: (calibrate rover0 camera2 objective8 waypoint27)
33.810: (calibrate rover1 camera0 objective0 waypoint29)
33.811: (navigate rover2 waypoint9 waypoint3)
33.813: (navigate rover2 waypoint9 waypoint12)
33.817: (navigate rover2 waypoint9 waypoint12)
33.822: (calibrate rover0 camera2 objective8 waypoint27)
33.836: (navigate rover2 waypoint9 waypoint12)
33.837: (take_image rover0 waypoint27 objective0 camera2 colour)
33.838: (calibrate rover0 camera7 objective8 waypoint27)
31.183: (take_image rover0 waypoint27 objective0 camera6 low_res)
31.183: (communicate_image_data rover0 general objective7 low_res waypoint27 waypoint21)
31.187: (take_image rover0 waypoint27 objective0 camera7 low_res)
31.188: (take_image rover0 waypoint27 objective0 camera4 low_res)
31.849: (take_image rover0 waypoint27 objective7 camera7 low_res)
31.849: (take_image rover0 waypoint27 objective7 camera4 low_res)
31.850: (take_image rover0 waypoint27 objective7 camera6 low_res)
31.915: (communicate_image_data rover0 general objective0 low_res waypoint27 waypoint21)
31.976: (navigate rover1 waypoint29 waypoint16)
31.982: (take_image rover0 waypoint27 objective0 camera7 low_res)
31.983: (take_image rover0 waypoint27 objective7 camera7 low_res)
31.983: (take_image rover0 waypoint27 objective7 camera6 low_res)
31.983: (take_image rover0 waypoint27 objective0 camera6 low_res)
31.983: (take_image rover0 waypoint27 objective0 camera4 low_res)
31.984: (take_image rover0 waypoint27 objective7 camera4 low_res)
32.016: (calibrate rover1 camera0 objective0 waypoint16)
32.017: (navigate rover1 waypoint29 waypoint16)
32.021: (take_image rover0 waypoint27 objective7 camera4 low_res)
32.022: (take_image rover0 waypoint27 objective7 camera7 low_res)
32.075: (communicate_image_data rover0 general objective7 low_res waypoint27 waypoint21)
32.080: (navigate rover1 waypoint29 waypoint16)
32.099: (navigate rover1 waypoint29 waypoint16)
32.101: (calibrate rover0 camera7 objective8 waypoint27)
32.101: (calibrate rover1 camera0 objective0 waypoint16)
32.105: (calibrate rover0 camera2 objective8 waypoint27)
32.106: (navigate rover1 waypoint29 waypoint16)
32.107: (take_image rover0 waypoint27 objective7 camera6 low_res)
32.112: (take_image rover0 waypoint27 objective7 camera7 low_res)
32.113: (take_image rover0 waypoint27 objective7 camera4 low_res)
32.116: (take_image rover0 waypoint27 objective7 camera4 low_res)
32.121: (take_image rover0 waypoint27 objective7 camera4 low_res)
32.121: (take_image rover0 waypoint27 objective7 camera7 low_res)
32.121: (navigate rover1 waypoint29 waypoint16)
32.121: (take_image rover0 waypoint27 objective7 camera6 low_res)
32.124: (calibrate rover1 camera0 objective0 waypoint16)
32.124: (calibrate rover0 camera4 objective2 waypoint27)
32.132: (take_image rover0 waypoint27 objective7 camera6 low_res)
32.132: (take_image rover1 waypoint29 objective0 camera0 colour)
32.132: (take_image rover0 waypoint27 objective7 camera7 low_res)
32.140: (calibrate rover0 camera2 objective8 waypoint27)
32.140: (take_image rover0 waypoint27 objective0 camera6 low_res)
32.143: (take_image rover0 waypoint27 objective0 camera4 low_res)
32.155: (take_image rover0 waypoint27 objective0 camera7 low_res)
32.192: (take_image rover0 waypoint27 objective0 camera6 low_res)
32.194: (take_image rover0 waypoint27 objective0 camera7 low_res)
32.195: (calibrate rover1 camera0 objective0 waypoint29)
32.196: (take_image rover0 waypoint27 objective0 camera4 low_res)
32.202: (take_image rover1 waypoint16 objective0 camera0 colour)
32.202: (navigate rover1 waypoint29 waypoint16)
32.217: (calibrate rover0 camera2 objective8 waypoint27)
32.217: (calibrate rover0 camera4 objective2 waypoint27)
32.220: (take_image rover0 waypoint27 objective7 camera6 low_res)
32.221: (navigate rover1 waypoint29 waypoint16)
32.228: (navigate rover1 waypoint29 waypoint16)
32.233: (take_image rover2 waypoint3 objective3 camera8 low_res)
32.235: (calibrate rover0 camera7 objective8 waypoint27)
32.235: (calibrate rover0 camera2 objective8 waypoint27)
32.236: (navigate rover1 waypoint29 waypoint16)
32.237: (calibrate rover0 camera7 objective8 waypoint27)
32.239: (communicate_image_data rover0 general objective7 low_res waypoint27 waypoint21)
32.240: (take_image rover0 waypoint27 objective7 camera6 low_res)
32.248: (navigate rover1 waypoint29 waypoint16)
32.250: (take_image rover0 waypoint27 objective0 camera2 colour)
32.252: (calibrate rover0 camera4 objective2 waypoint27)
32.252: (communicate_image_data rover0 general objective7 low_res waypoint27 waypoint21)
32.253: (take_image rover2 waypoint3 objective3 camera8 low_res)
32.254: (navigate rover1 waypoint29 waypoint16)
32.258: (navigate rover1 waypoint29 waypoint16)
32.263: (navigate rover1 waypoint29 waypoint16)
32.267: (take_image rover2 waypoint3 objective3 camera8 low_res)
32.293: (navigate rover1 waypoint29 waypoint16)
32.300: (calibrate rover1 camera0 objective0 waypoint16)
32.301: (communicate_image_data rover0 general objective7 low_res waypoint27 waypoint21)
32.302: (take_image rover1 waypoint29 objective0 camera0 colour)
32.303: (calibrate rover0 camera7 objective8 waypoint27)
32.303: (navigate rover1 waypoint29 waypoint16)
32.305: (communicate_image_data rover0 general objective7 low_res waypoint27 waypoint21)
32.305: (calibrate rover0 camera2 objective8 waypoint27)
32.311: (calibrate rover0 camera4 objective2 waypoint27)
32.311: (take_image rover1 waypoint29 objective0 camera0 colour)
32.340: (calibrate rover1 camera0 objective0 waypoint29)
32.341: (communicate_image_data rover0 general objective7 low_res waypoint27 waypoint21)
32.342: (take_image rover1 waypoint29 objective0 camera0 colour)
32.345: (communicate_image_data rover0 general objective7 low_res waypoint27 waypoint21)
32.364: (sample_rock rover2 rover2store waypoint12)
32.373: (navigate rover1 waypoint29 waypoint16)
32.375: (sample_rock rover2 rover2store waypoint12)
32.388: (take_image rover0 waypoint27 objective7 camera4 low_res)
32.388: (calibrate rover0 camera7 objective8 waypoint27)
32.396: (navigate rover1 waypoint29 waypoint16)
32.401: (take_image rover0 waypoint27 objective7 camera7 low_res)
32.408: (calibrate rover0 camera4 objective2 waypoint27)
32.416: (calibrate rover1 camera0 objective0 waypoint29)
32.419: (navigate rover1 waypoint29 waypoint16)
32.420: (sample_rock rover2 rover2store waypoint12)
32.422: (take_image rover1 waypoint29 objective0 camera0 colour)
32.424: (navigate rover2 waypoint9 waypoint12)
32.433: (navigate rover2 waypoint9 waypoint12)
32.434: (navigate rover1 waypoint29 waypoint16)
32.472: (calibrate rover0 camera2 objective8 waypoint27)
32.474: (communicate_image_data rover0 general objective7 low_res waypoint27 waypoint21)
32.476: (take_image rover0 waypoint27 objective7 camera6 low_res)
32.477: (calibrate rover0 camera4 objective2 waypoint27)
32.478: (calibrate rover0 camera7 objective8 waypoint27)
32.490: (calibrate rover1 camera0 objective0 waypoint16)
32.490: (calibrate rover0 camera2 objective8 waypoint27)
32.499: (calibrate rover0 camera7 objective8 waypoint27)
32.499: (calibrate rover1 camera0 objective0 waypoint29)
32.500: (communicate_image_data rover0 general objective7 low_res waypoint27 waypoint21)
32.501: (communicate_image_data rover0 general objective7 low_res waypoint27 waypoint21)
32.503: (calibrate rover0 camera4 objective2 waypoint27)
32.504: (calibrate rover1 camera0 objective0 waypoint29)
32.511: (navigate rover2 waypoint9 waypoint12)
32.512: (calibrate rover0 camera7 objective8 waypoint27)
32.513: (calibrate rover0 camera2 objective8 waypoint27)
32.517: (navigate rover2 waypoint9 waypoint12)
32.524: (take_image rover0 waypoint27 objective0 camera2 colour)
32.525: (take_image rover0 waypoint27 objective7 camera7 low_res)
32.531: (navigate rover2 waypoint9 waypoint12)
32.532: (calibrate rover0 camera4 objective2 waypoint27)
29.722: (navigate rover1 waypoint29 waypoint16)
29.722: (take_image rover0 waypoint27 objective0 camera6 low_res)
29.722: (communicate_image_data rover0 general objective7 low_res waypoint27 waypoint21)
29.722: (take_image rover0 waypoint27 objective0 camera7 low_res)
29.724: (take_image rover0 waypoint27 objective0 camera4 low_res)
29.865: (take_image rover0 waypoint27 objective0 camera6 low_res)
29.866: (communicate_image_data rover0 general objective7 low_res waypoint27 waypoint21)
29.866: (calibrate rover0 camera2 objective8 waypoint27)
29.875: (take_image rover0 waypoint27 objective0 camera6 low_res)
29.878: (communicate_image_data rover0 general objective7 low_res waypoint27 waypoint21)
29.879: (calibrate rover1 camera0 objective0 waypoint29)
29.880: (take_image rover0 waypoint27 objective0 camera7 low_res)
29.880: (take_image rover0 waypoint27 objective0 camera4 low_res)
30.023: (communicate_image_data rover0 general objective7 low_res waypoint27 waypoint21)
30.023: (communicate_image_data rover0 general objective0 low_res waypoint27 waypoint21)
30.367: (navigate rover2 waypoint9 waypoint12)
30.460: (communicate_image_data rover0 general objective0 low_res waypoint27 waypoint21)
30.460: (navigate rover1 waypoint29 waypoint16)
30.561: (navigate rover2 waypoint9 waypoint3)
30.590: (navigate rover1 waypoint29 waypoint23)
30.594: (calibrate rover0 camera2 objective8 waypoint27)
30.597: (communicate_image_data rover0 general objective0 low_res waypoint27 waypoint21)
30.695: (communicate_image_data rover0 general objective0 low_res waypoint27 waypoint21)
30.698: (calibrate rover1 camera0 objective0 waypoint29)
30.724: (navigate rover2 waypoint9 waypoint10)
30.770: (take_image rover0 waypoint27 objective0 camera2 colour)
30.776: (communicate_image_data rover0 general objective7 low_res waypoint27 waypoint21)
30.776: (navigate rover1 waypoint29 waypoint16)
30.789: (navigate rover3 waypoint9 waypoint12)
30.808: (navigate rover1 waypoint29 waypoint16)
30.809: (calibrate rover0 camera2 objective8 waypoint27)
30.809: (take_image rover0 waypoint27 objective0 camera4 low_res)
30.809: (take_image rover0 waypoint27 objective0 camera7 low_res)
30.811: (take_image rover0 waypoint27 objective0 camera6 low_res)
30.844: (navigate rover1 waypoint29 waypoint16)
30.849: (take_image rover0 waypoint27 objective0 camera4 low_res)
30.849: (take_image rover0 waypoint27 objective0 camera7 low_res)
30.849: (calibrate rover1 camera0 objective0 waypoint16)
30.850: (take_image rover0 waypoint27 objective0 camera6 low_res)
30.887: (take_image rover0 waypoint27 objective7 camera7 low_res)
30.888: (navigate rover1 waypoint29 waypoint16)
30.889: (navigate rover1 waypoint29 waypoint16)
30.892: (take_image rover0 waypoint27 objective7 camera4 low_res)
30.892: (take_image rover0 waypoint27 objective7 camera6 low_res)
30.893: (take_image rover0 waypoint27 objective7 camera6 low_res)
30.894: (take_image rover0 waypoint27 objective7 camera4 low_res)
30.896: (take_image rover0 waypoint27 objective7 camera7 low_res)
30.936: (communicate_image_data rover0 general objective7 low_res waypoint27 waypoint21)
30.966: (communicate_image_data rover0 general objective7 low_res waypoint27 waypoint21)
30.966: (calibrate rover1 camera0 objective0 waypoint16)
30.968: (navigate rover1 waypoint29 waypoint16)
30.977: (navigate rover1 waypoint29 waypoint0)
31.010: (take_image rover1 waypoint16 objective0 camera0 colour)
31.013: (navigate rover1 waypoint29 waypoint16)
31.019: (communicate_image_data rover0 general objective7 low_res waypoint27 waypoint21)
31.019: (sample_rock rover2 rover2store waypoint12)
31.020: (take_image rover0 waypoint27 objective7 camera6 low_res)
31.022: (take_image rover0 waypoint27 objective7 camera7 low_res)
31.023: (take_image rover0 waypoint27 objective7 camera4 low_res)
31.052: (navigate rover3 waypoint9 waypoint8)
31.082: (calibrate rover0 camera2 objective8 waypoint27)
31.083: (communicate_image_data rover0 general objective7 low_res waypoint27 waypoint21)
31.086: (navigate rover1 waypoint29 waypoint16)
31.091: (calibrate rover0 camera4 objective2 waypoint27)
31.091: (calibrate rover0 camera7 objective8 waypoint27)
31.098: (navigate rover2 waypoint9 waypoint12)
31.103: (take_image rover1 waypoint16 objective0 camera0 colour)
31.103: (navigate rover1 waypoint29 waypoint16)
31.113: (navigate rover3 waypoint9 waypoint3)
31.120: (calibrate rover1 camera0 objective0 waypoint16)
31.120: (calibrate rover0 camera7 objective8 waypoint27)
31.121: (communicate_image_data rover0 general objective7 low_res waypoint27 waypoint21)
31.122: (navigate rover1 waypoint29 waypoint16)
31.132: (communicate_image_data rover0 general objective7 low_res waypoint27 waypoint21)
31.133: (communicate_image_data rover0 general objective7 low_res waypoint27 waypoint21)
31.133: (calibrate rover1 camera0 objective0 waypoint16)
31.135: (navigate rover1 waypoint29 waypoint16)
31.136: (calibrate rover0 camera4 objective2 waypoint27)
31.143: (navigate rover2 waypoint9 waypoint12)
31.145: (take_image rover1 waypoint29 objective0 camera0 colour)
31.153: (drop rover2 rover2store)
31.154: (drop rover2 rover2store)
31.203: (navigate rover1 waypoint29 waypoint23)
31.208: (navigate rover2 waypoint9 waypoint12)
31.208: (take_image rover0 waypoint27 objective0 camera6 low_res)
31.210: (drop rover2 rover2store)
31.213: (calibrate rover0 camera7 objective8 waypoint27)
31.215: (calibrate rover1 camera0 objective0 waypoint16)
31.233: (navigate rover2 waypoint9 waypoint12)
31.236: (calibrate rover0 camera4 objective2 waypoint27)
31.237: (take_image rover0 waypoint27 objective0 camera6 low_res)
31.241: (take_image rover0 waypoint27 objective0 camera7 low_res)
31.241: (take_image rover0 waypoint27 objective0 camera4 low_res)
31.243: (navigate rover2 waypoint9 waypoint12)
31.246: (calibrate rover2 camera8 objective6 waypoint12)
31.247: (calibrate rover1 camera0 objective0 waypoint16)
31.250: (calibrate rover0 camera7 objective8 waypoint27)
31.252: (calibrate rover0 camera2 objective8 waypoint27)
31.252: (take_image rover1 waypoint16 objective0 camera0 colour)
31.253: (calibrate rover0 camera4 objective2 waypoint27)
31.254: (communicate_image_data rover0 general objective7 low_res waypoint27 waypoint21)
31.258: (navigate rover1 waypoint29 waypoint16)
31.264: (take_image rover1 waypoint16 objective0 camera0 colour)
31.266: (calibrate rover0 camera4 objective2 waypoint27)
31.268: (navigate rover2 waypoint9 waypoint25)
31.269: (navigate rover1 waypoint29 waypoint16)
31.280: (navigate rover0 waypoint27 waypoint21)
31.285: (calibrate rover0 camera7 objective8 waypoint27)
31.285: (navigate rover2 waypoint9 waypoint12)
31.287: (communicate_image_data rover0 general objective7 low_res waypoint27 waypoint21)
31.287: (calibrate rover0 camera2 objective8 waypoint27)
31.287: (communicate_image_data rover0 general objective7 low_res waypoint27 waypoint21)
31.291: (navigate rover3 waypoint9 waypoint13)
31.293: (navigate rover2 waypoint9 waypoint3)
31.314: (calibrate rover0 camera4 objective2 waypoint27)
31.317: (calibrate rover0 camera7 objective8 waypoint27)
31.326: (calibrate rover1 camera0 objective0 waypoint16)
31.328: (calibrate rover0 camera2 objective8 waypoint27)
31.329: (calibrate rover1 camera0 objective0 waypoint16)
31.331: (calibrate rover0 camera7 objective8 waypoint27)
28.265: (take_image rover2 waypoint12 objective3 camera8 low_res)
28.456: (communicate_image_data rover0 general objective0 low_res waypoint27 waypoint21)
28.457: (navigate rover1 waypoint29 waypoint16)
28.457: (communicate_image_data rover0 general objective7 low_res waypoint27 waypoint21)
28.567: (take_image rover0 waypoint27 objective0 camera7 low_res)
28.574: (take_image rover0 waypoint27 objective0 camera6 low_res)
28.575: (navigate rover1 waypoint29 waypoint16)
28.575: (calibrate rover0 camera2 objective8 waypoint27)
28.580: (communicate_image_data rover0 general objective7 low_res waypoint27 waypoint21)
28.581: (navigate rover1 waypoint29 waypoint16)
28.581: (calibrate rover1 camera0 objective0 waypoint16)
28.581: (take_image rover0 waypoint27 objective0 camera4 low_res)
28.582: (take_image rover0 waypoint27 objective0 camera4 low_res)
28.584: (take_image rover0 waypoint27 objective0 camera7 low_res)
28.585: (take_image rover0 waypoint27 objective0 camera6 low_res)
28.587: (communicate_image_data rover0 general objective7 low_res waypoint27 waypoint21)
28.950: (communicate_image_data rover0 general objective7 low_res waypoint27 waypoint21)
28.951: (calibrate rover1 camera0 objective0 waypoint29)
28.951: (communicate_image_data rover0 general objective0 low_res waypoint27 waypoint21)
28.979: (calibrate rover1 camera0 objective0 waypoint29)
28.980: (navigate rover2 waypoint9 waypoint12)
28.981: (communicate_image_data rover0 general objective0 low_res waypoint27 waypoint21)
28.981: (navigate rover2 waypoint9 waypoint12)
28.983: (communicate_image_data rover0 general objective7 low_res waypoint27 waypoint21)
28.984: (communicate_image_data rover0 general objective7 low_res waypoint27 waypoint21)
28.985: (communicate_image_data rover0 general objective0 low_res waypoint27 waypoint21)
28.985: (communicate_image_data rover0 general objective7 low_res waypoint27 waypoint21)
28.986: (calibrate rover0 camera2 objective8 waypoint27)
28.987: (navigate rover2 waypoint9 waypoint12)
28.987: (calibrate rover0 camera2 objective8 waypoint27)
28.991: (communicate_image_data rover0 general objective7 low_res waypoint27 waypoint21)
29.086: (navigate rover1 waypoint29 waypoint16)
29.086: (navigate rover2 waypoint9 waypoint3)
29.201: (navigate rover1 waypoint29 waypoint16)
29.202: (navigate rover2 waypoint9 waypoint12)
29.214: (navigate rover2 waypoint9 waypoint3)
29.215: (calibrate rover0 camera2 objective8 waypoint27)
29.217: (communicate_image_data rover0 general objective7 low_res waypoint27 waypoint21)
29.222: (calibrate rover1 camera0 objective0 waypoint29)
29.223: (navigate rover2 waypoint9 waypoint3)
29.224: (communicate_image_data rover0 general objective0 low_res waypoint27 waypoint21)
29.224: (navigate rover2 waypoint9 waypoint3)
29.292: (navigate rover0 waypoint27 waypoint21)
29.299: (communicate_image_data rover0 general objective0 low_res waypoint27 waypoint21)
29.301: (navigate rover1 waypoint29 waypoint16)
29.301: (calibrate rover0 camera2 objective8 waypoint27)
29.307: (navigate rover1 waypoint29 waypoint16)
29.342: (communicate_image_data rover0 general objective0 low_res waypoint27 waypoint21)
29.344: (navigate rover2 waypoint9 waypoint10)
29.406: (communicate_image_data rover0 general objective0 low_res waypoint27 waypoint21)
29.406: (calibrate rover1 camera0 objective0 waypoint16)
29.408: (navigate rover1 waypoint29 waypoint16)
29.437: (navigate rover3 waypoint9 waypoint12)
29.439: (calibrate rover0 camera2 objective8 waypoint27)
29.441: (navigate rover3 waypoint9 waypoint12)
29.442: (calibrate rover1 camera0 objective0 waypoint29)
29.479: (calibrate rover0 camera2 objective8 waypoint27)
29.479: (navigate rover2 waypoint9 waypoint10)
29.489: (calibrate rover1 camera0 objective0 waypoint29)
29.489: (navigate rover2 waypoint9 waypoint10)
29.503: (navigate rover3 waypoint9 waypoint12)
29.506: (communicate_image_data rover0 general objective0 low_res waypoint27 waypoint21)
29.544: (navigate rover0 waypoint27 waypoint21)
29.572: (navigate rover2 waypoint9 waypoint10)
29.573: (navigate rover1 waypoint29 waypoint16)
29.643: (calibrate rover1 camera0 objective0 waypoint29)
29.649: (calibrate rover0 camera2 objective8 waypoint27)
29.649: (navigate rover0 waypoint27 waypoint21)
29.649: (calibrate rover1 camera0 objective0 waypoint29)
29.663: (navigate rover2 waypoint9 waypoint10)
29.664: (navigate rover1 waypoint29 waypoint23)
29.665: (navigate rover1 waypoint29 waypoint0)
29.667: (communicate_image_data rover0 general objective0 low_res waypoint27 waypoint21)
29.670: (sample_rock rover1 rover1store waypoint16)
29.672: (calibrate rover0 camera7 objective8 waypoint27)
29.679: (calibrate rover0 camera4 objective2 waypoint27)
29.679: (navigate rover1 waypoint29 waypoint16)
29.682: (navigate rover3 waypoint9 waypoint12)
29.682: (navigate rover1 waypoint29 waypoint16)
29.683: (navigate rover1 waypoint29 waypoint16)
29.684: (navigate rover1 waypoint29 waypoint16)
29.685: (navigate rover3 waypoint9 waypoint3)
29.722: (navigate rover2 waypoint9 waypoint12)
29.727: (calibrate rover0 camera2 objective8 waypoint27)
29.727: (communicate_image_data rover0 general objective0 low_res waypoint27 waypoint21)
29.731: (navigate rover3 waypoint9 waypoint8)
29.733: (calibrate rover1 camera0 objective0 waypoint29)
29.737: (navigate rover3 waypoint9 waypoint8)
29.738: (calibrate rover0 camera2 objective8 waypoint27)
29.744: (navigate rover1 waypoint29 waypoint23)
29.745: (communicate_image_data rover0 general objective0 low_res waypoint27 waypoint21)
29.751: (communicate_image_data rover0 general objective7 low_res waypoint27 waypoint21)
29.758: (calibrate rover0 camera2 objective8 waypoint27)
29.761: (navigate rover2 waypoint10 waypoint15)
29.761: (navigate rover1 waypoint29 waypoint0)
29.762: (navigate rover3 waypoint9 waypoint3)
29.762: (calibrate rover0 camera2 objective8 waypoint27)
29.784: (calibrate rover1 camera0 objective0 waypoint29)
29.787: (drop rover2 rover2store)
29.789: (navigate rover3 waypoint9 waypoint3)
29.790: (take_image rover0 waypoint27 objective7 camera7 low_res)
29.792: (take_image rover0 waypoint27 objective7 camera4 low_res)
29.792: (take_image rover0 waypoint27 objective7 camera6 low_res)
29.793: (communicate_image_data rover0 general objective0 low_res waypoint27 waypoint21)
29.795: (calibrate rover0 camera4 objective2 waypoint27)
29.796: (calibrate rover1 camera0 objective0 waypoint29)
29.799: (calibrate rover0 camera7 objective8 waypoint27)
29.800: (calibrate rover1 camera0 objective0 waypoint29)
29.800: (navigate rover3 waypoint9 waypoint3)
29.808: (navigate rover2 waypoint9 waypoint12)
29.809: (navigate rover1 waypoint29 waypoint23)
29.810: (calibrate rover0 camera2 objective8 waypoint27)
29.811: (navigate rover1 waypoint29 waypoint16)
29.815: (navigate rover1 waypoint29 waypoint0)
29.816: (calibrate rover1 camera0 objective0 waypoint0)
29.818: (navigate rover0 waypoint27 waypoint21)
29.819: (communicate_image_data rover0 general objective0 low_res waypoint27 waypoint21)
29.820: (calibrate rover1 camera0 objective0 waypoint29)
29.825: (calibrate rover0 camera2 objective8 waypoint27)
29.825: (navigate rover2 waypoint9 waypoint3)
27.455: (communicate_image_data rover0 general objective7 low_res waypoint27 waypoint21)
27.460: (navigate rover1 waypoint29 waypoint16)
27.460: (calibrate rover1 camera0 objective0 waypoint16)
27.461: (communicate_image_data rover0 general objective0 low_res waypoint27 waypoint21)
27.488: (navigate rover1 waypoint29 waypoint16)
27.489: (calibrate rover0 camera2 objective8 waypoint27)
27.489: (communicate_image_data rover0 general objective0 low_res waypoint27 waypoint21)
27.492: (communicate_image_data rover0 general objective7 low_res waypoint27 waypoint21)
27.718: (navigate rover2 waypoint9 waypoint3)
27.718: (communicate_image_data rover0 general objective0 low_res waypoint27 waypoint21)
27.720: (navigate rover1 waypoint29 waypoint16)
27.733: (communicate_image_data rover0 general objective7 low_res waypoint27 waypoint21)
27.803: (navigate rover1 waypoint29 waypoint16)
27.804: (navigate rover1 waypoint29 waypoint16)
27.805: (communicate_image_data rover0 general objective0 low_res waypoint27 waypoint21)
27.805: (navigate rover2 waypoint9 waypoint12)
27.818: (navigate rover0 waypoint27 waypoint21)
27.819: (navigate rover1 waypoint29 waypoint16)
27.820: (communicate_image_data rover0 general objective7 low_res waypoint27 waypoint21)
27.826: (communicate_image_data rover0 general objective0 low_res waypoint27 waypoint21)
27.826: (navigate rover2 waypoint9 waypoint12)
27.827: (calibrate rover1 camera0 objective0 waypoint29)
27.864: (navigate rover2 waypoint9 waypoint12)
27.864: (communicate_image_data rover0 general objective7 low_res waypoint27 waypoint21)
27.864: (communicate_image_data rover0 general objective0 low_res waypoint27 waypoint21)
27.866: (calibrate rover0 camera2 objective8 waypoint27)
27.898: (navigate rover0 waypoint27 waypoint21)
27.916: (navigate rover0 waypoint27 waypoint21)
27.920: (calibrate rover0 camera2 objective8 waypoint27)
27.921: (navigate rover2 waypoint9 waypoint3)
27.921: (navigate rover1 waypoint29 waypoint16)
27.924: (navigate rover1 waypoint29 waypoint16)
27.936: (navigate rover1 waypoint29 waypoint16)
27.938: (navigate rover2 waypoint9 waypoint3)
27.938: (calibrate rover1 camera0 objective0 waypoint16)
27.943: (sample_rock rover2 rover2store waypoint12)
27.954: (navigate rover1 waypoint29 waypoint16)
27.955: (navigate rover0 waypoint27 waypoint21)
27.955: (calibrate rover1 camera0 objective0 waypoint16)
27.998: (calibrate rover1 camera0 objective0 waypoint16)
27.999: (navigate rover2 waypoint9 waypoint12)
28.001: (navigate rover2 waypoint9 waypoint12)
28.001: (navigate rover1 waypoint29 waypoint16)
28.002: (calibrate rover0 camera2 objective8 waypoint27)
28.002: (navigate rover1 waypoint29 waypoint16)
28.019: (navigate rover3 waypoint9 waypoint12)
28.051: (navigate rover0 waypoint27 waypoint21)
28.107: (calibrate rover0 camera4 objective2 waypoint27)
28.111: (calibrate rover0 camera7 objective8 waypoint27)
28.113: (calibrate rover2 camera8 objective6 waypoint12)
28.131: (navigate rover3 waypoint9 waypoint3)
28.142: (calibrate rover0 camera2 objective8 waypoint27)
28.142: (calibrate rover1 camera0 objective0 waypoint16)
28.147: (navigate rover1 waypoint29 waypoint16)
28.148: (navigate rover2 waypoint9 waypoint3)
28.150: (communicate_image_data rover0 general objective0 low_res waypoint27 waypoint21)
28.152: (calibrate rover1 camera0 objective0 waypoint29)
28.179: (communicate_image_data rover0 general objective0 low_res waypoint27 waypoint21)
28.180: (navigate rover2 waypoint9 waypoint10)
28.181: (calibrate rover0 camera2 objective8 waypoint27)
28.186: (navigate rover2 waypoint9 waypoint3)
28.186: (navigate rover2 waypoint9 waypoint10)
28.189: (communicate_image_data rover0 general objective0 low_res waypoint27 waypoint21)
28.190: (calibrate rover1 camera0 objective0 waypoint29)
28.190: (calibrate rover0 camera2 objective8 waypoint27)
28.193: (communicate_image_data rover0 general objective0 low_res waypoint27 waypoint21)
28.197: (communicate_image_data rover0 general objective0 low_res waypoint27 waypoint21)
28.204: (navigate rover1 waypoint29 waypoint16)
28.204: (navigate rover2 waypoint9 waypoint10)
28.270: (navigate rover0 waypoint27 waypoint21)
28.277: (calibrate rover1 camera0 objective0 waypoint29)
28.279: (navigate rover1 waypoint29 waypoint16)
28.280: (navigate rover2 waypoint10 waypoint15)
28.287: (sample_rock rover1 rover1store waypoint16)
28.291: (communicate_image_data rover0 general objective0 low_res waypoint27 waypoint21)
28.301: (navigate rover1 waypoint29 waypoint16)
28.305: (communicate_image_data rover0 general objective0 low_res waypoint27 waypoint21)
28.306: (navigate rover3 waypoint9 waypoint3)
28.310: (navigate rover1 waypoint29 waypoint16)
28.312: (communicate_image_data rover0 general objective0 low_res waypoint27 waypoint21)
28.314: (navigate rover3 waypoint9 waypoint12)
28.321: (navigate rover3 waypoint9 waypoint13)
28.326: (navigate rover2 waypoint3 waypoint6)
28.333: (navigate rover3 waypoint9 waypoint8)
28.360: (navigate rover2 waypoint9 waypoint10)
28.368: (communicate_image_data rover0 general objective0 low_res waypoint27 waypoint21)
28.371: (navigate rover1 waypoint29 waypoint23)
28.392: (sample_rock rover2 rover2store waypoint12)
28.392: (navigate rover1 waypoint29 waypoint0)
28.393: (navigate rover2 waypoint10 waypoint15)
28.394: (navigate rover2 waypoint9 waypoint3)
28.396: (calibrate rover1 camera0 objective0 waypoint29)
28.396: (communicate_rock_data rover1 general waypoint16 waypoint16 waypoint21)
28.398: (navigate rover0 waypoint27 waypoint21)
28.398: (communicate_image_data rover0 general objective0 low_res waypoint27 waypoint21)
28.400: (calibrate rover1 camera0 objective0 waypoint29)
28.402: (navigate rover3 waypoint9 waypoint12)
28.414: (calibrate rover0 camera2 objective8 waypoint27)
28.415: (navigate rover2 waypoint10 waypoint15)
28.425: (sample_rock rover2 rover2store waypoint12)
28.435: (navigate rover2 waypoint3 waypoint6)
28.444: (navigate rover2 waypoint3 waypoint6)
28.447: (calibrate rover0 camera4 objective2 waypoint27)
28.449: (navigate rover3 waypoint9 waypoint12)
28.449: (communicate_image_data rover0 general objective0 low_res waypoint27 waypoint21)
28.450: (communicate_image_data rover0 general objective0 low_res waypoint27 waypoint21)
28.452: (calibrate rover0 camera2 objective8 waypoint27)
28.458: (calibrate rover0 camera7 objective8 waypoint27)
28.462: (communicate_image_data rover0 general objective0 low_res waypoint27 waypoint21)
28.466: (calibrate rover1 camera0 objective0 waypoint29)
28.467: (calibrate rover0 camera2 objective8 waypoint27)
28.468: (navigate rover2 waypoint9 waypoint12)
28.493: (sample_rock rover2 rover2store waypoint12)
28.496: (navigate rover1 waypoint29 waypoint16)
28.497: (navigate rover2 waypoint9 waypoint10)
28.502: (calibrate rover0 camera2 objective8 waypoint27)
28.505: (navigate rover2 waypoint9 waypoint10)
28.506: (navigate rover1 waypoint29 waypoint16)
28.509: (calibrate rover1 camera0 objective0 waypoint16)
28.511: (navigate rover3 waypoint9 waypoint8)
26.375: (navigate rover0 waypoint27 waypoint21)
26.377: (navigate rover1 waypoint29 waypoint16)
26.534: (navigate rover1 waypoint29 waypoint16)
26.534: (calibrate rover0 camera2 objective8 waypoint27)
26.535: (navigate rover2 waypoint9 waypoint12)
26.542: (communicate_image_data rover0 general objective0 low_res waypoint27 waypoint21)
26.545: (navigate rover1 waypoint29 waypoint16)
26.551: (calibrate rover0 camera2 objective8 waypoint27)
26.552: (navigate rover2 waypoint9 waypoint3)
26.554: (communicate_image_data rover0 general objective0 low_res waypoint27 waypoint21)
26.562: (navigate rover1 waypoint29 waypoint16)
26.565: (calibrate rover1 camera0 objective0 waypoint16)
26.565: (navigate rover0 waypoint27 waypoint21)
26.588: (calibrate rover1 camera0 objective0 waypoint16)
26.588: (navigate rover2 waypoint9 waypoint3)
26.591: (communicate_image_data rover0 general objective0 low_res waypoint27 waypoint21)
26.596: (navigate rover1 waypoint29 waypoint16)
26.609: (calibrate rover2 camera8 objective6 waypoint12)
26.609: (navigate rover1 waypoint29 waypoint16)
26.618: (calibrate rover0 camera7 objective8 waypoint27)
26.618: (navigate rover1 waypoint29 waypoint16)
26.624: (communicate_image_data rover0 general objective0 low_res waypoint27 waypoint21)
26.625: (navigate rover2 waypoint9 waypoint12)
26.625: (navigate rover1 waypoint29 waypoint16)
26.625: (calibrate rover1 camera0 objective0 waypoint16)
26.635: (navigate rover1 waypoint29 waypoint16)
26.638: (calibrate rover0 camera4 objective2 waypoint27)
26.726: (drop rover2 rover2store)
26.822: (communicate_rock_data rover2 general waypoint12 waypoint12 waypoint21)
26.892: (navigate rover0 waypoint27 waypoint21)
26.893: (navigate rover2 waypoint9 waypoint3)
26.916: (sample_soil rover0 rover0store waypoint21)
26.920: (navigate rover2 waypoint10 waypoint15)
26.921: (communicate_image_data rover0 general objective0 low_res waypoint27 waypoint21)
26.922: (communicate_image_data rover0 general objective0 low_res waypoint27 waypoint21)
26.924: (navigate rover2 waypoint3 waypoint6)
26.973: (navigate rover0 waypoint27 waypoint21)
26.973: (navigate rover2 waypoint9 waypoint3)
26.974: (navigate rover2 waypoint3 waypoint6)
26.979: (communicate_image_data rover0 general objective0 low_res waypoint27 waypoint21)
26.981: (navigate rover1 waypoint29 waypoint16)
26.981: (calibrate rover0 camera2 objective8 waypoint27)
26.983: (communicate_rock_data rover1 general waypoint16 waypoint16 waypoint21)
26.990: (navigate rover2 waypoint3 waypoint6)
26.996: (calibrate rover1 camera0 objective0 waypoint16)
26.997: (navigate rover1 waypoint29 waypoint16)
27.036: (take_image rover0 waypoint21 objective3 camera2 colour)
27.046: (communicate_image_data rover0 general objective0 low_res waypoint27 waypoint21)
27.051: (navigate rover2 waypoint3 waypoint6)
27.064: (calibrate rover1 camera0 objective0 waypoint16)
27.065: (navigate rover0 waypoint27 waypoint21)
27.068: (navigate rover2 waypoint9 waypoint3)
27.068: (calibrate rover1 camera0 objective0 waypoint16)
27.069: (navigate rover0 waypoint27 waypoint21)
27.069: (navigate rover1 waypoint29 waypoint16)
27.070: (navigate rover2 waypoint9 waypoint10)
27.071: (calibrate rover0 camera2 objective8 waypoint27)
27.083: (communicate_image_data rover0 general objective0 low_res waypoint27 waypoint21)
27.113: (communicate_image_data rover0 general objective0 low_res waypoint27 waypoint21)
27.116: (navigate rover2 waypoint3 waypoint6)
27.133: (navigate rover1 waypoint29 waypoint16)
27.133: (calibrate rover0 camera2 objective8 waypoint27)
27.134: (navigate rover2 waypoint10 waypoint15)
27.134: (navigate rover2 waypoint10 waypoint15)
27.138: (navigate rover1 waypoint29 waypoint16)
27.138: (calibrate rover1 camera0 objective0 waypoint16)
27.141: (navigate rover2 waypoint12 waypoint21)
27.148: (navigate rover2 waypoint9 waypoint10)
27.151: (navigate rover1 waypoint29 waypoint16)
27.153: (calibrate rover1 camera0 objective0 waypoint16)
27.160: (calibrate rover0 camera2 objective8 waypoint27)
27.162: (sample_rock rover1 rover1store waypoint16)
27.164: (drop rover2 rover2store)
27.167: (communicate_image_data rover0 general objective0 low_res waypoint27 waypoint21)
27.169: (sample_rock rover2 rover2store waypoint12)
27.177: (calibrate rover1 camera0 objective0 waypoint29)
27.179: (sample_rock rover1 rover1store waypoint16)
27.186: (communicate_image_data rover0 general objective0 low_res waypoint27 waypoint21)
27.191: (navigate rover1 waypoint29 waypoint16)
27.194: (calibrate rover0 camera2 objective8 waypoint27)
27.195: (calibrate rover1 camera0 objective0 waypoint16)
27.198: (navigate rover2 waypoint9 waypoint3)
27.200: (navigate rover1 waypoint29 waypoint16)
27.201: (calibrate rover1 camera0 objective0 waypoint16)
27.202: (navigate rover2 waypoint9 waypoint12)
27.204: (calibrate rover0 camera2 objective8 waypoint27)
27.204: (drop rover2 rover2store)
27.204: (calibrate rover1 camera0 objective0 waypoint16)
27.205: (navigate rover3 waypoint9 waypoint12)
27.208: (calibrate rover0 camera2 objective8 waypoint27)
27.211: (sample_rock rover2 rover2store waypoint12)
27.223: (sample_rock rover1 rover1store waypoint16)
27.223: (calibrate rover1 camera0 objective0 waypoint16)
27.227: (communicate_image_data rover0 general objective0 low_res waypoint27 waypoint21)
27.227: (calibrate rover1 camera0 objective0 waypoint16)
27.231: (navigate rover3 waypoint9 waypoint3)
27.233: (calibrate rover0 camera2 objective8 waypoint27)
27.235: (navigate rover2 waypoint9 waypoint12)
27.239: (calibrate rover0 camera2 objective8 waypoint27)
27.239: (navigate rover3 waypoint9 waypoint12)
27.239: (navigate rover3 waypoint9 waypoint12)
27.245: (calibrate rover0 camera6 objective3 waypoint21)
27.246: (navigate rover1 waypoint29 waypoint16)
27.248: (calibrate rover0 camera2 objective8 waypoint27)
27.253: (navigate rover3 waypoint9 waypoint3)
27.253: (drop rover2 rover2store)
27.266: (navigate rover1 waypoint29 waypoint16)
27.267: (navigate rover3 waypoint9 waypoint12)
27.270: (navigate rover2 waypoint9 waypoint3)
27.271: (navigate rover1 waypoint29 waypoint16)
27.274: (navigate rover0 waypoint27 waypoint21)
27.276: (calibrate rover1 camera0 objective0 waypoint16)
27.283: (sample_rock rover1 rover1store waypoint16)
27.286: (navigate rover0 waypoint27 waypoint21)
27.286: (drop rover1 rover1store)
27.290: (navigate rover0 waypoint27 waypoint21)
27.293: (navigate rover2 waypoint9 waypoint25)
27.294: (sample_soil rover0 rover0store waypoint21)
27.295: (navigate rover2 waypoint9 waypoint12)
27.301: (navigate rover0 waypoint27 waypoint11)
25.438: (navigate rover2 waypoint9 waypoint3)
25.439: (navigate rover0 waypoint27 waypoint21)
25.536: (calibrate rover0 camera2 objective8 waypoint27)
25.536: (communicate_image_data rover0 general objective0 low_res waypoint27 waypoint21)
25.536: (navigate rover1 waypoint29 waypoint16)
25.537: (navigate rover2 waypoint3 waypoint6)
25.595: (navigate rover0 waypoint27 waypoint21)
25.595: (navigate rover2 waypoint9 waypoint3)
25.597: (calibrate rover1 camera0 objective0 waypoint16)
25.625: (navigate rover2 waypoint3 waypoint6)
25.625: (navigate rover1 waypoint29 waypoint16)
25.629: (calibrate rover1 camera0 objective0 waypoint16)
25.630: (communicate_image_data rover0 general objective0 low_res waypoint27 waypoint21)
25.645: (take_image rover0 waypoint21 objective3 camera2 colour)
25.749: (communicate_rock_data rover2 general waypoint12 waypoint12 waypoint21)
25.750: (drop rover2 rover2store)
25.770: (navigate rover0 waypoint27 waypoint21)
25.770: (navigate rover2 waypoint3 waypoint6)
25.778: (navigate rover0 waypoint27 waypoint21)
25.778: (navigate rover2 waypoint9 waypoint12)
25.784: (calibrate rover0 camera2 objective8 waypoint27)
25.788: (communicate_image_data rover0 general objective0 low_res waypoint27 waypoint21)
25.788: (communicate_rock_data rover1 general waypoint16 waypoint16 waypoint21)
25.807: (navigate rover0 waypoint27 waypoint21)
25.811: (navigate rover2 waypoint3 waypoint6)
25.830: (drop rover0 rover0store)
25.851: (take_image rover0 waypoint21 objective3 camera2 colour)
25.851: (navigate rover2 waypoint9 waypoint3)
25.874: (communicate_rock_data rover1 general waypoint16 waypoint16 waypoint21)
25.896: (communicate_rock_data rover1 general waypoint16 waypoint16 waypoint21)
25.897: (calibrate rover1 camera0 objective0 waypoint16)
25.902: (navigate rover0 waypoint27 waypoint21)
25.903: (navigate rover2 waypoint3 waypoint6)
25.904: (take_image rover0 waypoint21 objective3 camera2 colour)
25.906: (communicate_image_data rover0 general objective0 low_res waypoint27 waypoint21)
25.908: (navigate rover2 waypoint10 waypoint15)
25.908: (communicate_image_data rover0 general objective0 low_res waypoint27 waypoint21)
25.912: (calibrate rover1 camera0 objective0 waypoint16)
25.916: (navigate rover2 waypoint9 waypoint12)
25.924: (drop rover2 rover2store)
25.926: (navigate rover2 waypoint12 waypoint21)
25.943: (communicate_image_data rover0 general objective0 low_res waypoint27 waypoint21)
25.944: (navigate rover2 waypoint10 waypoint15)
25.946: (calibrate rover0 camera2 objective8 waypoint27)
25.956: (navigate rover0 waypoint27 waypoint21)
25.956: (navigate rover2 waypoint9 waypoint12)
25.966: (sample_rock rover2 rover2store waypoint12)
25.970: (navigate rover1 waypoint29 waypoint16)
25.980: (navigate rover2 waypoint9 waypoint3)
25.980: (calibrate rover0 camera2 objective8 waypoint27)
25.983: (communicate_rock_data rover1 general waypoint16 waypoint16 waypoint21)
25.987: (navigate rover2 waypoint9 waypoint12)
25.995: (navigate rover3 waypoint9 waypoint12)
25.995: (sample_soil rover0 rover0store waypoint21)
26.021: (calibrate rover0 camera6 objective3 waypoint21)
26.026: (navigate rover2 waypoint12 waypoint21)
26.029: (navigate rover1 waypoint29 waypoint16)
26.049: (navigate rover0 waypoint27 waypoint21)
26.053: (navigate rover1 waypoint29 waypoint16)
26.056: (sample_rock rover2 rover2store waypoint12)
26.060: (drop rover1 rover1store)
26.063: (navigate rover3 waypoint9 waypoint12)
26.067: (navigate rover1 waypoint29 waypoint16)
26.070: (navigate rover2 waypoint9 waypoint12)
26.072: (communicate_rock_data rover1 general waypoint16 waypoint16 waypoint21)
26.072: (navigate rover2 waypoint9 waypoint12)
26.076: (navigate rover3 waypoint9 waypoint3)
26.076: (calibrate rover1 camera0 objective0 waypoint16)
26.078: (navigate rover0 waypoint27 waypoint21)
26.087: (calibrate rover2 camera8 objective6 waypoint12)
26.088: (navigate rover0 waypoint27 waypoint21)
26.134: (communicate_image_data rover0 general objective0 low_res waypoint27 waypoint21)
26.135: (drop rover2 rover2store)
26.136: (sample_rock rover2 rover2store waypoint12)
26.143: (navigate rover2 waypoint9 waypoint3)
26.144: (calibrate rover1 camera0 objective0 waypoint29)
26.146: (sample_rock rover1 rover1store waypoint16)
26.148: (drop rover0 rover0store)
26.152: (navigate rover0 waypoint27 waypoint21)
26.153: (calibrate rover0 camera2 objective8 waypoint27)
26.154: (navigate rover3 waypoint9 waypoint3)
26.161: (calibrate rover0 camera2 objective8 waypoint27)
26.164: (navigate rover1 waypoint29 waypoint16)
26.166: (calibrate rover1 camera0 objective0 waypoint16)
26.167: (sample_soil rover0 rover0store waypoint21)
26.168: (communicate_image_data rover0 general objective0 low_res waypoint27 waypoint21)
26.169: (sample_rock rover2 rover2store waypoint12)
26.170: (drop rover2 rover2store)
26.175: (sample_rock rover2 rover2store waypoint12)
26.181: (take_image rover0 waypoint21 objective3 camera2 colour)
26.181: (navigate rover3 waypoint9 waypoint12)
26.182: (calibrate rover2 camera8 objective6 waypoint12)
26.185: (calibrate rover0 camera4 objective2 waypoint27)
26.185: (calibrate rover0 camera2 objective8 waypoint27)
26.186: (navigate rover2 waypoint3 waypoint6)
26.187: (drop rover1 rover1store)
26.187: (navigate rover2 waypoint9 waypoint12)
26.190: (drop rover1 rover1store)
26.190: (navigate rover2 waypoint9 waypoint10)
26.190: (calibrate rover0 camera7 objective8 waypoint27)
26.192: (navigate rover3 waypoint9 waypoint3)
26.193: (calibrate rover1 camera0 objective0 waypoint16)
26.196: (calibrate rover1 camera0 objective0 waypoint16)
26.197: (calibrate rover0 camera2 objective8 waypoint27)
26.203: (navigate rover3 waypoint9 waypoint12)
26.204: (navigate rover3 waypoint9 waypoint12)
26.205: (navigate rover0 waypoint27 waypoint21)
26.208: (calibrate rover0 camera2 objective8 waypoint27)
26.209: (calibrate rover1 camera0 objective0 waypoint16)
26.210: (navigate rover3 waypoint9 waypoint12)
26.212: (communicate_image_data rover0 general objective0 low_res waypoint27 waypoint21)
26.221: (calibrate rover1 camera0 objective0 waypoint16)
26.222: (navigate rover2 waypoint9 waypoint3)
26.223: (calibrate rover1 camera0 objective0 waypoint16)
26.224: (navigate rover2 waypoint9 waypoint3)
26.224: (sample_rock rover1 rover1store waypoint16)
26.226: (sample_soil rover0 rover0store waypoint21)
26.236: (navigate rover0 waypoint27 waypoint21)
26.236: (navigate rover3 waypoint9 waypoint12)
26.241: (navigate rover2 waypoint9 waypoint3)
24.255: (navigate rover2 waypoint3 waypoint6)
24.255: (navigate rover0 waypoint27 waypoint21)
24.345: (calibrate rover1 camera0 objective0 waypoint16)
24.349: (navigate rover2 waypoint3 waypoint6)
24.350: (navigate rover0 waypoint27 waypoint21)
24.417: (take_image rover0 waypoint21 objective3 camera2 colour)
24.418: (navigate rover2 waypoint9 waypoint3)
24.493: (navigate rover2 waypoint9 waypoint12)
24.495: (take_image rover0 waypoint21 objective3 camera2 colour)
24.525: (take_image rover0 waypoint21 objective3 camera2 colour)
24.528: (navigate rover2 waypoint3 waypoint6)
24.732: (navigate rover0 waypoint27 waypoint21)
24.750: (communicate_rock_data rover1 general waypoint16 waypoint16 waypoint21)
24.754: (navigate rover2 waypoint9 waypoint3)
24.756: (calibrate rover0 camera2 objective8 waypoint27)
24.775: (navigate rover2 waypoint9 waypoint10)
24.795: (navigate rover1 waypoint29 waypoint16)
24.795: (calibrate rover0 camera2 objective8 waypoint27)
24.796: (drop rover2 rover2store)
24.834: (drop rover0 rover0store)
24.853: (navigate rover2 waypoint12 waypoint21)
24.859: (drop rover2 rover2store)
24.863: (take_image rover0 waypoint21 objective3 camera2 colour)
24.863: (sample_soil rover0 rover0store waypoint21)
24.888: (drop rover2 rover2store)
24.888: (calibrate rover0 camera2 objective8 waypoint27)
24.889: (calibrate rover1 camera0 objective0 waypoint16)
24.889: (drop rover1 rover1store)
24.891: (navigate rover1 waypoint29 waypoint16)
24.892: (communicate_rock_data rover1 general waypoint16 waypoint16 waypoint21)
24.916: (navigate rover0 waypoint27 waypoint21)
24.925: (communicate_rock_data rover1 general waypoint16 waypoint16 waypoint21)
24.926: (navigate rover2 waypoint9 waypoint3)
24.927: (communicate_rock_data rover1 general waypoint16 waypoint16 waypoint21)
24.927: (sample_soil rover0 rover0store waypoint21)
24.927: (drop rover1 rover1store)
24.927: (calibrate rover1 camera0 objective0 waypoint16)
24.928: (calibrate rover1 camera0 objective0 waypoint16)
24.930: (navigate rover2 waypoint9 waypoint3)
24.959: (navigate rover0 waypoint27 waypoint21)
24.965: (navigate rover2 waypoint12 waypoint21)
25.015: (navigate rover2 waypoint3 waypoint6)
25.018: (navigate rover0 waypoint27 waypoint21)
25.020: (navigate rover2 waypoint9 waypoint3)
25.020: (sample_soil rover0 rover0store waypoint21)
25.022: (drop rover0 rover0store)
25.027: (navigate rover3 waypoint9 waypoint12)
25.028: (calibrate rover1 camera0 objective0 waypoint16)
25.028: (navigate rover3 waypoint3 waypoint6)
25.030: (navigate rover2 waypoint9 waypoint3)
25.035: (navigate rover2 waypoint12 waypoint21)
25.035: (navigate rover0 waypoint27 waypoint21)
25.041: (sample_rock rover2 rover2store waypoint6)
25.053: (sample_rock rover1 rover1store waypoint16)
25.053: (navigate rover0 waypoint27 waypoint21)
25.061: (navigate rover2 waypoint3 waypoint6)
25.064: (navigate rover2 waypoint9 waypoint3)
25.065: (calibrate rover1 camera0 objective0 waypoint16)
25.081: (navigate rover3 waypoint9 waypoint12)
25.087: (calibrate rover1 camera0 objective0 waypoint16)
25.089: (navigate rover2 waypoint9 waypoint12)
25.090: (sample_soil rover0 rover0store waypoint21)
25.097: (navigate rover0 waypoint27 waypoint21)
25.097: (navigate rover2 waypoint9 waypoint12)
25.114: (navigate rover1 waypoint29 waypoint0)
25.116: (drop rover2 rover2store)
25.117: (drop rover2 rover2store)
25.120: (drop rover2 rover2store)
25.122: (communicate_image_data rover0 general objective0 low_res waypoint27 waypoint21)
25.123: (navigate rover1 waypoint29 waypoint16)
25.131: (sample_rock rover2 rover2store waypoint6)
25.136: (calibrate rover1 camera0 objective0 waypoint16)
25.137: (calibrate rover0 camera2 objective8 waypoint27)
25.145: (navigate rover0 waypoint27 waypoint21)
25.145: (navigate rover3 waypoint9 waypoint12)
25.148: (navigate rover2 waypoint3 waypoint6)
25.149: (navigate rover2 waypoint9 waypoint12)
25.151: (calibrate rover2 camera8 objective6 waypoint12)
25.155: (sample_soil rover0 rover0store waypoint21)
25.158: (navigate rover2 waypoint9 waypoint3)
25.158: (navigate rover2 waypoint3 waypoint6)
25.158: (calibrate rover0 camera7 objective8 waypoint27)
25.159: (sample_rock rover1 rover1store waypoint16)
25.163: (sample_rock rover1 rover1store waypoint16)
25.171: (navigate rover0 waypoint27 waypoint21)
25.177: (navigate rover2 waypoint9 waypoint12)
25.183: (calibrate rover0 camera4 objective2 waypoint27)
25.187: (navigate rover3 waypoint9 waypoint12)
25.204: (navigate rover3 waypoint9 waypoint12)
25.206: (sample_rock rover1 rover1store waypoint16)
25.208: (navigate rover2 waypoint9 waypoint26)
25.220: (navigate rover3 waypoint9 waypoint3)
25.224: (navigate rover2 waypoint9 waypoint3)
25.224: (navigate rover1 waypoint29 waypoint16)
25.226: (navigate rover1 waypoint29 waypoint23)
25.228: (drop rover0 rover0store)
25.233: (take_image rover0 waypoint21 objective3 camera2 colour)
25.238: (navigate rover2 waypoint9 waypoint12)
25.238: (navigate rover0 waypoint27 waypoint21)
25.240: (navigate rover3 waypoint9 waypoint3)
25.241: (navigate rover3 waypoint9 waypoint8)
25.242: (sample_rock rover1 rover1store waypoint16)
25.243: (navigate rover3 waypoint9 waypoint3)
25.245: (navigate rover0 waypoint27 waypoint21)
25.245: (navigate rover2 waypoint3 waypoint6)
25.246: (sample_soil rover0 rover0store waypoint21)
25.246: (navigate rover2 waypoint10 waypoint15)
25.247: (navigate rover3 waypoint9 waypoint10)
25.248: (take_image rover0 waypoint21 objective3 camera2 colour)
25.256: (navigate rover2 waypoint12 waypoint21)
25.256: (sample_soil rover0 rover0store waypoint21)
25.259: (navigate rover2 waypoint9 waypoint10)
25.260: (navigate rover3 waypoint9 waypoint12)
25.262: (navigate rover0 waypoint27 waypoint21)
25.265: (navigate rover3 waypoint9 waypoint12)
25.266: (navigate rover2 waypoint9 waypoint25)
25.272: (sample_soil rover0 rover0store waypoint21)
25.275: (navigate rover2 waypoint9 waypoint12)
25.276: (communicate_rock_data rover2 general waypoint12 waypoint12 waypoint21)
25.290: (navigate rover2 waypoint9 waypoint12)
23.076: (take_image rover0 waypoint21 objective3 camera2 colour)
23.076: (navigate rover2 waypoint3 waypoint6)
23.524: (take_image rover0 waypoint21 objective3 camera2 colour)
23.530: (sample_soil rover0 rover0store waypoint21)
23.531: (navigate rover2 waypoint9 waypoint3)
23.574: (communicate_rock_data rover1 general waypoint16 waypoint16 waypoint21)
23.631: (navigate rover2 waypoint9 waypoint3)
23.635: (sample_rock rover1 rover1store waypoint16)
23.638: (take_image rover0 waypoint21 objective3 camera2 colour)
23.651: (communicate_rock_data rover1 general waypoint16 waypoint16 waypoint21)
23.657: (take_image rover0 waypoint21 objective3 camera2 colour)
23.685: (sample_soil rover0 rover0store waypoint21)
23.686: (navigate rover2 waypoint3 waypoint6)
23.686: (navigate rover0 waypoint27 waypoint21)
23.686: (sample_rock rover1 rover1store waypoint16)
23.691: (navigate rover2 waypoint3 waypoint6)
23.692: (calibrate rover1 camera0 objective0 waypoint16)
23.694: (navigate rover2 waypoint9 waypoint12)
23.694: (navigate rover2 waypoint3 waypoint6)
23.696: (sample_soil rover0 rover0store waypoint21)
23.705: (take_image rover0 waypoint21 objective3 camera2 colour)
23.728: (communicate_rock_data rover1 general waypoint16 waypoint16 waypoint21)
23.730: (navigate rover2 waypoint3 waypoint6)
23.733: (calibrate rover0 camera2 objective8 waypoint27)
23.742: (navigate rover0 waypoint27 waypoint21)
23.742: (communicate_rock_data rover1 general waypoint16 waypoint16 waypoint21)
23.743: (navigate rover2 waypoint9 waypoint3)
23.758: (navigate rover2 waypoint3 waypoint6)
23.760: (navigate rover3 waypoint9 waypoint12)
23.760: (navigate rover0 waypoint27 waypoint21)
23.797: (navigate rover0 waypoint27 waypoint21)
23.803: (sample_rock rover2 rover2store waypoint6)
23.834: (take_image rover0 waypoint21 objective3 camera2 colour)
23.834: (navigate rover2 waypoint10 waypoint15)
23.839: (take_image rover0 waypoint21 objective3 camera2 colour)
23.840: (drop rover0 rover0store)
23.864: (navigate rover2 waypoint9 waypoint10)
23.865: (sample_soil rover0 rover0store waypoint21)
23.870: (navigate rover3 waypoint9 waypoint12)
23.872: (navigate rover2 waypoint9 waypoint3)
23.874: (drop rover0 rover0store)
23.879: (navigate rover2 waypoint3 waypoint6)
23.879: (navigate rover0 waypoint27 waypoint21)
23.888: (sample_rock rover2 rover2store waypoint6)
23.893: (navigate rover0 waypoint27 waypoint21)
23.895: (navigate rover2 waypoint3 waypoint6)
23.905: (calibrate rover1 camera0 objective0 waypoint16)
23.911: (sample_rock rover2 rover2store waypoint12)
23.912: (navigate rover2 waypoint12 waypoint21)
23.913: (communicate_rock_data rover1 general waypoint16 waypoint16 waypoint21)
23.917: (drop rover2 rover2store)
23.925: (navigate rover2 waypoint12 waypoint21)
23.931: (drop rover2 rover2store)
23.931: (navigate rover2 waypoint12 waypoint21)
23.936: (calibrate rover1 camera0 objective0 waypoint16)
23.943: (navigate rover2 waypoint9 waypoint3)
23.950: (drop rover0 rover0store)
23.955: (calibrate rover0 camera2 objective8 waypoint27)
23.957: (navigate rover2 waypoint25 waypoint28)
23.963: (sample_rock rover1 rover1store waypoint16)
23.969: (drop rover2 rover2store)
23.969: (navigate rover0 waypoint27 waypoint21)
23.971: (navigate rover2 waypoint9 waypoint12)
23.979: (calibrate rover1 camera0 objective0 waypoint16)
23.980: (navigate rover2 waypoint9 waypoint3)
23.984: (take_image rover0 waypoint21 objective3 camera2 colour)
23.988: (navigate rover3 waypoint9 waypoint12)
24.003: (drop rover0 rover0store)
24.005: (navigate rover2 waypoint9 waypoint12)
24.005: (take_image rover0 waypoint21 objective3 camera2 colour)
24.015: (navigate rover2 waypoint9 waypoint3)
24.015: (drop rover2 rover2store)
24.017: (navigate rover1 waypoint29 waypoint16)
24.018: (navigate rover3 waypoint9 waypoint3)
24.039: (take_image rover0 waypoint21 objective3 camera2 colour)
24.050: (navigate rover3 waypoint9 waypoint12)
24.058: (sample_soil rover0 rover0store waypoint21)
24.058: (navigate rover2 waypoint3 waypoint6)
24.058: (take_image rover0 waypoint21 objective3 camera2 colour)
24.061: (navigate rover2 waypoint3 waypoint6)
24.067: (navigate rover3 waypoint3 waypoint6)
24.068: (navigate rover3 waypoint9 waypoint12)
24.068: (take_image rover0 waypoint21 objective3 camera2 colour)
24.070: (sample_rock rover1 rover1store waypoint16)
24.072: (drop rover2 rover2store)
24.077: (navigate rover0 waypoint27 waypoint21)
24.077: (sample_soil rover0 rover0store waypoint21)
24.078: (drop rover2 rover2store)
24.080: (sample_rock rover1 rover1store waypoint16)
24.081: (navigate rover3 waypoint8 waypoint15)
24.084: (communicate_rock_data rover2 general waypoint12 waypoint12 waypoint21)
24.095: (navigate rover2 waypoint3 waypoint6)
24.098: (navigate rover3 waypoint9 waypoint8)
24.109: (drop rover0 rover0store)
24.121: (sample_rock rover2 rover2store waypoint6)
24.122: (navigate rover2 waypoint9 waypoint3)
24.125: (drop rover1 rover1store)
24.127: (navigate rover2 waypoint9 waypoint12)
24.139: (navigate rover0 waypoint27 waypoint21)
24.139: (navigate rover2 waypoint3 waypoint6)
24.140: (sample_soil rover0 rover0store waypoint21)
24.143: (navigate rover2 waypoint3 waypoint20)
24.144: (navigate rover2 waypoint9 waypoint12)
24.148: (drop rover0 rover0store)
24.149: (navigate rover2 waypoint9 waypoint10)
24.157: (calibrate rover0 camera2 objective8 waypoint27)
24.157: (calibrate rover1 camera0 objective0 waypoint16)
24.160: (navigate rover3 waypoint9 waypoint3)
24.162: (sample_rock rover1 rover1store waypoint16)
24.163: (navigate rover2 waypoint9 waypoint12)
24.163: (calibrate rover2 camera8 objective6 waypoint21)
24.168: (navigate rover2 waypoint9 waypoint3)
24.168: (drop rover1 rover1store)
24.169: (navigate rover2 waypoint3 waypoint6)
24.172: (drop rover0 rover0store)
24.172: (calibrate rover0 camera7 objective8 waypoint27)
24.173: (navigate rover0 waypoint27 waypoint21)
24.180: (navigate rover3 waypoint9 waypoint3)
24.183: (navigate rover3 waypoint9 waypoint10)
24.187: (calibrate rover0 camera4 objective2 waypoint27)
22.177: (take_image rover0 waypoint21 objective3 camera2 colour)
22.178: (communicate_rock_data rover1 general waypoint16 waypoint16 waypoint21)
22.178: (navigate rover2 waypoint9 waypoint3)
22.193: (navigate rover2 waypoint3 waypoint6)
22.193: (communicate_rock_data rover1 general waypoint16 waypoint16 waypoint21)
22.266: (sample_soil rover0 rover0store waypoint21)
22.266: (navigate rover2 waypoint3 waypoint6)
22.267: (take_image rover0 waypoint21 objective3 camera2 colour)
22.269: (take_image rover0 waypoint21 objective3 camera2 colour)
22.275: (sample_rock rover1 rover1store waypoint16)
22.275: (navigate rover2 waypoint3 waypoint6)
22.503: (take_image rover0 waypoint21 objective3 camera2 colour)
22.506: (navigate rover2 waypoint9 waypoint12)
22.511: (communicate_rock_data rover1 general waypoint16 waypoint16 waypoint21)
22.516: (take_image rover0 waypoint21 objective3 camera2 colour)
22.518: (navigate rover2 waypoint9 waypoint3)
22.519: (drop rover0 rover0store)
22.601: (navigate rover3 waypoint9 waypoint12)
22.603: (take_image rover0 waypoint21 objective3 camera2 colour)
22.604: (navigate rover2 waypoint3 waypoint6)
22.664: (communicate_rock_data rover1 general waypoint16 waypoint16 waypoint21)
22.671: (sample_rock rover2 rover2store waypoint6)
22.671: (navigate rover2 waypoint3 waypoint6)
22.671: (take_image rover0 waypoint21 objective3 camera2 colour)
22.672: (navigate rover0 waypoint27 waypoint21)
22.692: (take_image rover0 waypoint21 objective3 camera2 colour)
22.693: (drop rover0 rover0store)
22.695: (navigate rover2 waypoint9 waypoint12)
22.709: (navigate rover2 waypoint3 waypoint6)
22.710: (sample_soil rover0 rover0store waypoint21)
22.710: (communicate_rock_data rover1 general waypoint16 waypoint16 waypoint21)
22.710: (drop rover0 rover0store)
22.714: (sample_soil rover0 rover0store waypoint21)
22.715: (sample_rock rover1 rover1store waypoint16)
22.761: (sample_rock rover2 rover2store waypoint28)
22.766: (navigate rover3 waypoint8 waypoint15)
22.766: (navigate rover2 waypoint3 waypoint6)
22.781: (navigate rover0 waypoint27 waypoint21)
22.783: (drop rover2 rover2store)
22.833: (communicate_rock_data rover1 general waypoint16 waypoint16 waypoint21)
22.837: (navigate rover0 waypoint27 waypoint21)
22.839: (navigate rover2 waypoint3 waypoint6)
22.854: (navigate rover2 waypoint9 waypoint10)
22.861: (drop rover0 rover0store)
22.862: (navigate rover0 waypoint27 waypoint21)
22.866: (navigate rover2 waypoint12 waypoint21)
22.867: (drop rover2 rover2store)
22.873: (drop rover1 rover1store)
22.884: (navigate rover2 waypoint6 waypoint0)
22.887: (drop rover2 rover2store)
22.891: (drop rover2 rover2store)
22.893: (drop rover0 rover0store)
22.896: (navigate rover2 waypoint3 waypoint6)
22.916: (sample_soil rover0 rover0store waypoint21)
22.917: (sample_rock rover1 rover1store waypoint16)
22.931: (navigate rover2 waypoint3 waypoint6)
22.933: (navigate rover3 waypoint9 waypoint13)
22.943: (take_image rover0 waypoint21 objective3 camera2 colour)
22.952: (navigate rover3 waypoint9 waypoint8)
22.979: (sample_soil rover0 rover0store waypoint21)
22.982: (drop rover0 rover0store)
22.988: (navigate rover2 waypoint3 waypoint6)
22.994: (navigate rover2 waypoint9 waypoint12)
22.994: (navigate rover3 waypoint3 waypoint6)
22.998: (navigate rover2 waypoint9 waypoint10)
23.004: (navigate rover3 waypoint3 waypoint6)
23.016: (navigate rover3 waypoint9 waypoint10)
23.017: (drop rover1 rover1store)
23.020: (navigate rover3 waypoint3 waypoint6)
23.029: (take_image rover0 waypoint21 objective3 camera2 colour)
23.034: (calibrate rover2 camera8 objective6 waypoint6)
23.043: (navigate rover2 waypoint9 waypoint10)
23.063: (calibrate rover0 camera3 objective6 waypoint21)
23.067: (sample_rock rover1 rover1store waypoint16)
23.072: (navigate rover3 waypoint9 waypoint12)
23.077: (navigate rover2 waypoint3 waypoint6)
23.078: (calibrate rover0 camera6 objective3 waypoint21)
23.082: (drop rover1 rover1store)
23.086: (sample_rock rover1 rover1store waypoint16)
23.089: (take_image rover0 waypoint21 objective3 camera2 colour)
23.090: (calibrate rover1 camera0 objective0 waypoint16)
23.095: (drop rover1 rover1store)
23.096: (navigate rover3 waypoint9 waypoint12)
23.104: (navigate rover3 waypoint9 waypoint3)
23.105: (drop rover0 rover0store)
23.107: (drop rover1 rover1store)
23.108: (navigate rover2 waypoint6 waypoint0)
23.110: (calibrate rover0 camera2 objective8 waypoint27)
23.111: (calibrate rover1 camera0 objective0 waypoint16)
23.111: (calibrate rover2 camera8 objective6 waypoint21)
23.113: (sample_rock rover1 rover1store waypoint16)
23.114: (navigate rover2 waypoint3 waypoint6)
23.117: (drop rover2 rover2store)
23.121: (navigate rover3 waypoint10 waypoint16)
23.122: (calibrate rover0 camera4 objective2 waypoint27)
23.123: (drop rover2 rover2store)
23.127: (calibrate rover0 camera7 objective8 waypoint27)
23.130: (navigate rover3 waypoint9 waypoint12)
23.131: (drop rover1 rover1store)
23.131: (navigate rover2 waypoint3 waypoint6)
23.135: (sample_soil rover0 rover0store waypoint21)
23.138: (navigate rover2 waypoint10 waypoint15)
23.139: (drop rover2 rover2store)
23.139: (navigate rover0 waypoint27 waypoint21)
23.145: (calibrate rover1 camera0 objective0 waypoint16)
23.149: (sample_soil rover0 rover0store waypoint21)
23.159: (sample_rock rover2 rover2store waypoint6)
23.168: (sample_rock rover1 rover1store waypoint16)
23.178: (sample_soil rover0 rover0store waypoint21)
23.194: (drop rover2 rover2store)
23.201: (calibrate rover1 camera0 objective0 waypoint16)
23.208: (navigate rover3 waypoint9 waypoint12)
23.210: (sample_soil rover0 rover0store waypoint21)
23.225: (drop rover1 rover1store)
23.229: (navigate rover3 waypoint9 waypoint12)
23.231: (calibrate rover1 camera0 objective0 waypoint16)
23.242: (navigate rover3 waypoint9 waypoint10)
23.245: (sample_soil rover0 rover0store waypoint21)
23.251: (drop rover1 rover1store)
23.259: (navigate rover2 waypoint6 waypoint0)
20.807: (communicate_rock_data rover1 general waypoint16 waypoint16 waypoint21)
20.807: (navigate rover2 waypoint3 waypoint6)
20.809: (take_image rover0 waypoint21 objective3 camera2 colour)
21.249: (take_image rover0 waypoint21 objective3 camera2 colour)
21.252: (navigate rover2 waypoint3 waypoint6)
21.253: (drop rover0 rover0store)
21.363: (communicate_rock_data rover1 general waypoint16 waypoint16 waypoint21)
21.364: (sample_soil rover0 rover0store waypoint21)
21.364: (navigate rover2 waypoint9 waypoint3)
21.368: (take_image rover0 waypoint21 objective3 camera2 colour)
21.377: (sample_soil rover0 rover0store waypoint21)
21.378: (communicate_rock_data rover1 general waypoint16 waypoint16 waypoint21)
21.378: (navigate rover2 waypoint3 waypoint6)
21.485: (navigate rover2 waypoint3 waypoint6)
21.485: (sample_soil rover0 rover0store waypoint21)
21.486: (sample_rock rover1 rover1store waypoint16)
21.659: (navigate rover2 waypoint3 waypoint6)
21.663: (drop rover1 rover1store)
21.672: (navigate rover2 waypoint3 waypoint6)
21.681: (sample_rock rover1 rover1store waypoint16)
21.681: (navigate rover3 waypoint9 waypoint12)
21.697: (take_image rover0 waypoint21 objective3 camera2 colour)
21.706: (drop rover1 rover1store)
21.710: (communicate_rock_data rover1 general waypoint16 waypoint16 waypoint21)
21.710: (navigate rover2 waypoint9 waypoint3)
21.716: (sample_rock rover1 rover1store waypoint16)
21.716: (drop rover0 rover0store)
21.717: (sample_rock rover2 rover2store waypoint6)
21.720: (communicate_rock_data rover1 general waypoint16 waypoint16 waypoint21)
21.726: (communicate_rock_data rover1 general waypoint16 waypoint16 waypoint21)
21.726: (navigate rover2 waypoint3 waypoint6)
21.728: (drop rover1 rover1store)
21.738: (navigate rover2 waypoint3 waypoint6)
21.740: (communicate_rock_data rover1 general waypoint16 waypoint16 waypoint21)
21.743: (navigate rover3 waypoint9 waypoint12)
21.744: (communicate_rock_data rover1 general waypoint16 waypoint16 waypoint21)
21.745: (sample_rock rover2 rover2store waypoint6)
21.745: (sample_rock rover1 rover1store waypoint16)
21.745: (take_image rover0 waypoint21 objective3 camera2 colour)
21.746: (drop rover2 rover2store)
21.749: (navigate rover3 waypoint9 waypoint12)
21.761: (drop rover0 rover0store)
21.768: (communicate_rock_data rover1 general waypoint16 waypoint16 waypoint21)
21.800: (drop rover1 rover1store)
21.803: (navigate rover2 waypoint9 waypoint12)
21.804: (communicate_rock_data rover1 general waypoint16 waypoint16 waypoint21)
21.834: (navigate rover2 waypoint10 waypoint15)
21.861: (drop rover2 rover2store)
21.878: (sample_soil rover0 rover0store waypoint21)
21.879: (sample_rock rover2 rover2store waypoint6)
21.882: (drop rover0 rover0store)
21.885: (sample_rock rover1 rover1store waypoint16)
21.899: (take_image rover0 waypoint21 objective3 camera2 colour)
21.901: (navigate rover2 waypoint3 waypoint6)
21.907: (navigate rover3 waypoint10 waypoint16)
21.908: (navigate rover3 waypoint9 waypoint3)
21.911: (navigate rover2 waypoint3 waypoint20)
21.916: (sample_soil rover0 rover0store waypoint21)
21.919: (navigate rover2 waypoint9 waypoint12)
21.921: (take_image rover0 waypoint21 objective3 camera2 colour)
21.924: (navigate rover2 waypoint6 waypoint0)
21.939: (take_image rover0 waypoint21 objective3 camera2 colour)
21.942: (navigate rover3 waypoint8 waypoint15)
21.942: (drop rover2 rover2store)
21.944: (navigate rover2 waypoint6 waypoint0)
21.954: (sample_soil rover0 rover0store waypoint21)
21.955: (navigate rover2 waypoint3 waypoint6)
21.955: (navigate rover3 waypoint9 waypoint12)
21.975: (drop rover0 rover0store)
21.986: (drop rover1 rover1store)
21.987: (sample_soil rover0 rover0store waypoint21)
22.005: (navigate rover3 waypoint9 waypoint8)
22.012: (navigate rover3 waypoint9 waypoint13)
22.021: (navigate rover3 waypoint9 waypoint10)
22.022: (sample_soil rover0 rover0store waypoint21)
22.026: (sample_soil rover0 rover0store waypoint21)
22.034: (sample_rock rover2 rover2store waypoint28)
22.041: (navigate rover2 waypoint3 waypoint6)
22.053: (navigate rover3 waypoint9 waypoint13)
22.064: (drop rover0 rover0store)
22.070: (calibrate rover1 camera0 objective0 waypoint16)
22.070: (navigate rover0 waypoint27 waypoint21)
22.074: (sample_soil rover0 rover0store waypoint21)
22.076: (navigate rover2 waypoint3 waypoint6)
22.077: (drop rover1 rover1store)
22.077: (navigate rover3 waypoint9 waypoint12)
22.080: (navigate rover3 waypoint9 waypoint8)
22.087: (navigate rover3 waypoint9 waypoint3)
22.119: (drop rover1 rover1store)
22.121: (sample_soil rover0 rover0store waypoint21)
22.123: (drop rover0 rover0store)
22.131: (calibrate rover2 camera8 objective6 waypoint6)
22.133: (navigate rover3 waypoint9 waypoint13)
22.134: (drop rover0 rover0store)
22.136: (sample_rock rover1 rover1store waypoint16)
22.136: (sample_rock rover2 rover2store waypoint12)
22.137: (calibrate rover2 camera8 objective6 waypoint3)
22.138: (navigate rover0 waypoint27 waypoint21)
22.143: (navigate rover2 waypoint10 waypoint15)
22.147: (sample_rock rover1 rover1store waypoint16)
22.154: (navigate rover3 waypoint9 waypoint10)
22.165: (sample_rock rover2 rover2store waypoint6)
22.166: (navigate rover2 waypoint6 waypoint0)
22.166: (drop rover2 rover2store)
22.168: (navigate rover3 waypoint9 waypoint12)
22.170: (calibrate rover0 camera3 objective6 waypoint21)
22.175: (navigate rover2 waypoint10 waypoint15)
22.176: (take_image rover0 waypoint21 objective3 camera2 colour)
22.176: (navigate rover3 waypoint9 waypoint10)
22.179: (calibrate rover0 camera3 objective6 waypoint21)
22.179: (calibrate rover0 camera6 objective3 waypoint21)
22.185: (drop rover1 rover1store)
22.185: (navigate rover0 waypoint27 waypoint21)
22.187: (calibrate rover0 camera6 objective3 waypoint21)
22.189: (drop rover0 rover0store)
22.191: (navigate rover2 waypoint3 waypoint6)
22.197: (navigate rover3 waypoint9 waypoint8)
22.202: (navigate rover3 waypoint9 waypoint12)
22.202: (sample_rock rover1 rover1store waypoint16)
22.210: (sample_soil rover0 rover0store waypoint21)
20.009: (navigate rover2 waypoint3 waypoint6)
20.010: (sample_soil rover0 rover0store waypoint21)
20.011: (communicate_rock_data rover1 general waypoint16 waypoint16 waypoint21)
20.300: (take_image rover0 waypoint21 objective3 camera2 colour)
20.315: (drop rover1 rover1store)
20.316: (communicate_rock_data rover1 general waypoint16 waypoint16 waypoint21)
20.316: (navigate rover2 waypoint3 waypoint6)
20.319: (take_image rover0 waypoint21 objective3 camera2 colour)
20.324: (sample_rock rover2 rover2store waypoint6)
20.326: (communicate_rock_data rover1 general waypoint16 waypoint16 waypoint21)
20.362: (communicate_rock_data rover1 general waypoint16 waypoint16 waypoint21)
20.363: (navigate rover3 waypoint9 waypoint12)
20.363: (navigate rover2 waypoint3 waypoint6)
20.365: (take_image rover0 waypoint21 objective3 camera2 colour)
20.377: (navigate rover2 waypoint9 waypoint3)
20.378: (drop rover0 rover0store)
20.380: (take_image rover0 waypoint21 objective3 camera2 colour)
20.380: (communicate_rock_data rover1 general waypoint16 waypoint16 waypoint21)
20.406: (drop rover0 rover0store)
20.407: (communicate_rock_data rover1 general waypoint16 waypoint16 waypoint21)
20.407: (navigate rover2 waypoint3 waypoint6)
20.476: (navigate rover2 waypoint3 waypoint6)
20.478: (drop rover0 rover0store)
20.478: (sample_rock rover1 rover1store waypoint16)
20.669: (communicate_rock_data rover1 general waypoint16 waypoint16 waypoint21)
20.674: (navigate rover2 waypoint3 waypoint6)
20.675: (navigate rover3 waypoint9 waypoint13)
20.684: (communicate_rock_data rover1 general waypoint16 waypoint16 waypoint21)
20.690: (navigate rover3 waypoint3 waypoint6)
20.707: (navigate rover2 waypoint9 waypoint3)
20.720: (sample_soil rover0 rover0store waypoint21)
20.721: (communicate_rock_data rover1 general waypoint16 waypoint16 waypoint21)
20.722: (communicate_rock_data rover1 general waypoint16 waypoint16 waypoint21)
20.722: (drop rover1 rover1store)
20.723: (navigate rover3 waypoint9 waypoint8)
20.724: (navigate rover2 waypoint3 waypoint6)
20.744: (navigate rover2 waypoint3 waypoint6)
20.752: (drop rover1 rover1store)
20.755: (sample_soil rover0 rover0store waypoint21)
20.755: (navigate rover2 waypoint6 waypoint0)
20.769: (calibrate rover2 camera8 objective6 waypoint6)
20.773: (navigate rover2 waypoint3 waypoint6)
20.777: (drop rover1 rover1store)
20.778: (sample_soil rover0 rover0store waypoint21)
20.779: (navigate rover2 waypoint3 waypoint6)
20.788: (navigate rover2 waypoint3 waypoint6)
20.789: (navigate rover3 waypoint9 waypoint10)
20.793: (navigate rover2 waypoint3 waypoint6)
20.800: (calibrate rover0 camera3 objective6 waypoint21)
20.803: (navigate rover2 waypoint6 waypoint0)
20.806: (sample_rock rover1 rover1store waypoint16)
20.815: (navigate rover2 waypoint3 waypoint6)
20.817: (navigate rover2 waypoint6 waypoint0)
20.818: (calibrate rover0 camera6 objective3 waypoint21)
20.854: (drop rover2 rover2store)
20.865: (sample_rock rover2 rover2store waypoint6)
20.865: (drop rover0 rover0store)
20.868: (sample_soil rover0 rover0store waypoint21)
20.875: (drop rover2 rover2store)
20.877: (take_image rover0 waypoint21 objective3 camera2 colour)
20.877: (sample_rock rover2 rover2store waypoint6)
20.878: (calibrate rover1 camera0 objective0 waypoint16)
20.878: (sample_soil rover0 rover0store waypoint21)
20.887: (drop rover2 rover2store)
20.887: (sample_rock rover1 rover1store waypoint16)
20.909: (navigate rover2 waypoint3 waypoint6)
20.909: (navigate rover3 waypoint9 waypoint3)
20.934: (sample_soil rover0 rover0store waypoint21)
20.935: (sample_rock rover2 rover2store waypoint6)
20.935: (sample_rock rover1 rover1store waypoint16)
20.945: (navigate rover3 waypoint9 waypoint12)
20.946: (drop rover0 rover0store)
20.947: (navigate rover2 waypoint9 waypoint12)
20.948: (drop rover0 rover0store)
20.948: (navigate rover2 waypoint3 waypoint6)
20.976: (drop rover0 rover0store)
20.980: (drop rover1 rover1store)
20.984: (sample_rock rover2 rover2store waypoint28)
20.989: (drop rover0 rover0store)
20.994: (drop rover0 rover0store)
21.004: (navigate rover3 waypoint9 waypoint10)
21.008: (navigate rover2 waypoint6 waypoint0)
21.008: (take_image rover0 waypoint21 objective3 camera2 colour)
21.008: (drop rover2 rover2store)
21.034: (drop rover1 rover1store)
21.035: (navigate rover2 waypoint9 waypoint12)
21.036: (sample_soil rover0 rover0store waypoint21)
21.042: (sample_soil rover0 rover0store waypoint21)
21.047: (drop rover2 rover2store)
21.050: (navigate rover3 waypoint8 waypoint15)
21.052: (drop rover1 rover1store)
21.058: (navigate rover3 waypoint8 waypoint15)
21.083: (sample_soil rover0 rover0store waypoint21)
21.084: (navigate rover3 waypoint10 waypoint16)
21.091: (navigate rover2 waypoint3 waypoint6)
21.102: (drop rover2 rover2store)
21.111: (navigate rover3 waypoint9 waypoint12)
21.112: (drop rover1 rover1store)
21.119: (drop rover1 rover1store)
21.122: (drop rover1 rover1store)
21.123: (drop rover0 rover0store)
21.126: (drop rover0 rover0store)
21.143: (sample_rock rover2 rover2store waypoint6)
21.145: (navigate rover3 waypoint9 waypoint12)
21.146: (drop rover1 rover1store)
21.146: (sample_soil rover0 rover0store waypoint21)
21.165: (sample_soil rover0 rover0store waypoint21)
21.165: (sample_soil rover0 rover0store waypoint21)
21.166: (navigate rover3 waypoint9 waypoint12)
21.182: (sample_rock rover1 rover1store waypoint16)
21.183: (sample_soil rover0 rover0store waypoint21)
21.184: (navigate rover3 waypoint9 waypoint12)
21.185: (navigate rover3 waypoint9 waypoint12)
21.187: (sample_soil rover0 rover0store waypoint21)
21.188: (sample_rock rover2 rover2store waypoint6)
21.189: (navigate rover2 waypoint3 waypoint20)
21.190: (drop rover1 rover1store)
21.203: (calibrate rover2 camera8 objective6 waypoint6)
21.205: (drop rover0 rover0store)
21.214: (navigate rover2 waypoint6 waypoint0)
19.016: (drop rover0 rover0store)
19.018: (navigate rover2 waypoint3 waypoint6)
19.018: (communicate_rock_data rover1 general waypoint16 waypoint16 waypoint21)
19.022: (take_image rover0 waypoint21 objective3 camera2 colour)
19.294: (navigate rover2 waypoint6 waypoint0)
19.295: (take_image rover0 waypoint21 objective3 camera2 colour)
19.298: (communicate_rock_data rover1 general waypoint16 waypoint16 waypoint21)
19.377: (communicate_rock_data rover1 general waypoint16 waypoint16 waypoint21)
19.379: (navigate rover2 waypoint3 waypoint6)
19.379: (drop rover1 rover1store)
19.379: (sample_soil rover0 rover0store waypoint21)
19.463: (drop rover2 rover2store)
19.466: (communicate_rock_data rover1 general waypoint16 waypoint16 waypoint21)
19.533: (communicate_rock_data rover1 general waypoint16 waypoint16 waypoint21)
19.533: (sample_soil rover0 rover0store waypoint21)
19.533: (sample_rock rover2 rover2store waypoint6)
19.628: (navigate rover2 waypoint3 waypoint6)
19.633: (navigate rover3 waypoint8 waypoint15)
19.725: (navigate rover2 waypoint9 waypoint3)
19.727: (drop rover0 rover0store)
19.728: (communicate_rock_data rover1 general waypoint16 waypoint16 waypoint21)
19.729: (drop rover1 rover1store)
19.762: (navigate rover2 waypoint3 waypoint6)
19.766: (drop rover1 rover1store)
19.767: (drop rover0 rover0store)
19.792: (drop rover1 rover1store)
19.794: (drop rover0 rover0store)
19.795: (communicate_rock_data rover1 general waypoint16 waypoint16 waypoint21)
19.797: (navigate rover2 waypoint3 waypoint6)
19.802: (navigate rover3 waypoint9 waypoint12)
19.802: (sample_soil rover0 rover0store waypoint21)
19.807: (communicate_rock_data rover1 general waypoint16 waypoint16 waypoint21)
19.811: (navigate rover2 waypoint3 waypoint6)
19.855: (drop rover0 rover0store)
19.856: (drop rover2 rover2store)
19.859: (communicate_rock_data rover1 general waypoint16 waypoint16 waypoint21)
19.878: (sample_rock rover2 rover2store waypoint6)
19.879: (drop rover1 rover1store)
19.906: (sample_soil rover0 rover0store waypoint21)
19.908: (navigate rover3 waypoint10 waypoint16)
19.908: (drop rover2 rover2store)
19.923: (communicate_rock_data rover1 general waypoint16 waypoint16 waypoint21)
19.928: (drop rover0 rover0store)
19.929: (drop rover0 rover0store)
19.931: (sample_rock rover2 rover2store waypoint6)
19.932: (sample_rock rover1 rover1store waypoint16)
19.932: (drop rover2 rover2store)
19.936: (communicate_rock_data rover1 general waypoint16 waypoint16 waypoint21)
19.936: (navigate rover2 waypoint6 waypoint0)
19.936: (navigate rover3 waypoint9 waypoint12)
19.937: (sample_rock rover2 rover2store waypoint6)
19.937: (sample_rock rover2 rover2store waypoint6)
19.939: (navigate rover3 waypoint9 waypoint12)
19.939: (navigate rover3 waypoint9 waypoint13)
19.939: (sample_soil rover0 rover0store waypoint21)
19.940: (drop rover1 rover1store)
19.941: (navigate rover3 waypoint9 waypoint10)
19.942: (sample_soil rover0 rover0store waypoint21)
19.950: (drop rover2 rover2store)
19.952: (drop rover2 rover2store)
19.952: (sample_soil rover0 rover0store waypoint21)
19.953: (sample_rock rover1 rover1store waypoint16)
19.956: (navigate rover2 waypoint6 waypoint0)
19.958: (sample_rock rover1 rover1store waypoint16)
19.972: (calibrate rover2 camera8 objective6 waypoint6)
19.973: (sample_soil rover0 rover0store waypoint21)
19.983: (navigate rover3 waypoint9 waypoint8)
19.984: (sample_soil rover0 rover0store waypoint21)
20.001: (drop rover0 rover0store)
20.001: (drop rover2 rover2store)
20.006: (sample_soil rover0 rover0store waypoint21)
20.007: (calibrate rover0 camera3 objective6 waypoint21)
20.015: (sample_soil rover0 rover0store waypoint21)
20.016: (calibrate rover0 camera6 objective3 waypoint21)
20.021: (drop rover2 rover2store)
20.062: (navigate rover2 waypoint9 waypoint12)
20.063: (sample_soil rover0 rover0store waypoint21)
20.064: (drop rover0 rover0store)
20.065: (drop rover1 rover1store)
20.066: (navigate rover3 waypoint10 waypoint16)
20.070: (drop rover0 rover0store)
20.073: (calibrate rover1 camera0 objective0 waypoint16)
20.075: (sample_soil rover0 rover0store waypoint21)
20.077: (navigate rover2 waypoint6 waypoint0)
20.080: (sample_soil rover0 rover0store waypoint21)
20.081: (navigate rover2 waypoint6 waypoint0)
20.083: (sample_rock rover1 rover1store waypoint16)
20.130: (sample_soil rover0 rover0store waypoint21)
20.132: (navigate rover3 waypoint9 waypoint3)
20.132: (navigate rover3 waypoint9 waypoint10)
20.133: (sample_rock rover2 rover2store waypoint6)
20.160: (drop rover0 rover0store)
20.163: (navigate rover3 waypoint9 waypoint12)
20.180: (navigate rover3 waypoint9 waypoint12)
20.181: (sample_rock rover1 rover1store waypoint16)
20.185: (navigate rover3 waypoint9 waypoint13)
20.186: (sample_rock rover2 rover2store waypoint6)
20.189: (drop rover0 rover0store)
20.190: (drop rover0 rover0store)
20.190: (drop rover0 rover0store)
20.194: (navigate rover2 waypoint6 waypoint0)
20.205: (navigate rover2 waypoint3 waypoint20)
20.211: (drop rover0 rover0store)
20.216: (navigate rover3 waypoint9 waypoint12)
20.221: (drop rover1 rover1store)
20.221: (navigate rover3 waypoint9 waypoint13)
20.231: (sample_soil rover3 rover3store waypoint9)
20.233: (navigate rover3 waypoint9 waypoint8)
20.235: (navigate rover3 waypoint9 waypoint8)
20.235: (calibrate rover1 camera0 objective0 waypoint16)
20.236: (drop rover1 rover1store)
20.237: (drop rover0 rover0store)
20.237: (sample_rock rover2 rover2store waypoint6)
20.238: (drop rover2 rover2store)
20.250: (sample_soil rover0 rover0store waypoint21)
20.254: (navigate rover2 waypoint6 waypoint0)
20.256: (drop rover1 rover1store)
20.260: (sample_rock rover2 rover2store waypoint6)
20.264: (sample_soil rover0 rover0store waypoint21)
20.264: (navigate rover3 waypoint9 waypoint13)
18.381: (drop rover0 rover0store)
18.382: (drop rover1 rover1store)
18.382: (communicate_rock_data rover1 general waypoint16 waypoint16 waypoint21)
18.382: (navigate rover2 waypoint3 waypoint6)
18.465: (take_image rover0 waypoint21 objective3 camera2 colour)
18.465: (communicate_rock_data rover1 general waypoint16 waypoint16 waypoint21)
18.466: (drop rover2 rover2store)
18.467: (navigate rover2 waypoint6 waypoint0)
18.544: (drop rover0 rover0store)
18.544: (sample_rock rover2 rover2store waypoint6)
18.546: (communicate_rock_data rover1 general waypoint16 waypoint16 waypoint21)
18.554: (drop rover2 rover2store)
18.554: (sample_soil rover0 rover0store waypoint21)
18.555: (communicate_rock_data rover1 general waypoint16 waypoint16 waypoint21)
18.638: (communicate_rock_data rover1 general waypoint16 waypoint16 waypoint21)
18.640: (navigate rover2 waypoint6 waypoint0)
18.641: (sample_soil rover0 rover0store waypoint21)
18.810: (drop rover0 rover0store)
18.811: (navigate rover3 waypoint9 waypoint12)
18.818: (navigate rover2 waypoint3 waypoint6)
18.823: (communicate_rock_data rover1 general waypoint16 waypoint16 waypoint21)
18.921: (navigate rover2 waypoint6 waypoint0)
18.924: (drop rover1 rover1store)
18.939: (drop rover1 rover1store)
18.940: (sample_rock rover2 rover2store waypoint6)
18.942: (drop rover0 rover0store)
18.942: (navigate rover2 waypoint3 waypoint6)
18.942: (sample_soil rover0 rover0store waypoint21)
18.943: (navigate rover3 waypoint9 waypoint10)
18.944: (drop rover0 rover0store)
18.944: (navigate rover3 waypoint9 waypoint13)
18.944: (sample_rock rover1 rover1store waypoint16)
18.945: (drop rover2 rover2store)
18.945: (drop rover0 rover0store)
18.946: (communicate_rock_data rover1 general waypoint16 waypoint16 waypoint21)
18.951: (navigate rover2 waypoint6 waypoint0)
18.951: (navigate rover3 waypoint9 waypoint12)
18.953: (drop rover0 rover0store)
18.953: (drop rover2 rover2store)
18.979: (calibrate rover2 camera8 objective6 waypoint6)
18.980: (drop rover0 rover0store)
18.994: (navigate rover3 waypoint9 waypoint8)
18.999: (drop rover0 rover0store)
19.004: (drop rover0 rover0store)
19.005: (drop rover1 rover1store)
19.006: (drop rover2 rover2store)
19.010: (calibrate rover0 camera3 objective6 waypoint21)
19.016: (drop rover0 rover0store)
19.016: (drop rover2 rover2store)
19.018: (navigate rover3 waypoint9 waypoint12)
19.021: (calibrate rover0 camera6 objective3 waypoint21)
19.066: (navigate rover2 waypoint6 waypoint0)
19.076: (drop rover0 rover0store)
19.076: (sample_rock rover1 rover1store waypoint16)
19.085: (drop rover0 rover0store)
19.087: (calibrate rover1 camera0 objective0 waypoint16)
19.123: (navigate rover2 waypoint6 waypoint0)
19.125: (drop rover0 rover0store)
19.126: (navigate rover3 waypoint8 waypoint15)
19.134: (sample_rock rover1 rover1store waypoint16)
19.136: (drop rover0 rover0store)
19.136: (drop rover2 rover2store)
19.137: (navigate rover3 waypoint9 waypoint3)
19.138: (sample_soil rover0 rover0store waypoint21)
19.138: (navigate rover2 waypoint6 waypoint0)
19.139: (drop rover2 rover2store)
19.142: (drop rover1 rover1store)
19.146: (navigate rover2 waypoint6 waypoint0)
19.146: (sample_soil rover0 rover0store waypoint21)
19.178: (navigate rover3 waypoint9 waypoint10)
19.178: (drop rover1 rover1store)
19.179: (navigate rover2 waypoint6 waypoint0)
19.179: (sample_soil rover0 rover0store waypoint21)
19.182: (navigate rover3 waypoint9 waypoint12)
19.216: (sample_rock rover2 rover2store waypoint6)
19.221: (navigate rover3 waypoint8 waypoint15)
19.225: (navigate rover2 waypoint6 waypoint0)
19.229: (drop rover2 rover2store)
19.229: (drop rover0 rover0store)
19.234: (drop rover0 rover0store)
19.242: (sample_soil rover3 rover3store waypoint9)
19.246: (navigate rover3 waypoint8 waypoint15)
19.248: (sample_soil rover0 rover0store waypoint21)
19.248: (drop rover1 rover1store)
19.249: (drop rover0 rover0store)
19.250: (sample_rock rover2 rover2store waypoint6)
19.250: (drop rover1 rover1store)
19.255: (navigate rover3 waypoint9 waypoint3)
19.266: (drop rover2 rover2store)
19.288: (calibrate rover0 camera3 objective6 waypoint21)
19.302: (calibrate rover0 camera6 objective3 waypoint21)
19.304: (navigate rover3 waypoint9 waypoint8)
19.307: (navigate rover2 waypoint6 waypoint0)
19.312: (drop rover1 rover1store)
19.328: (drop rover1 rover1store)
19.331: (drop rover1 rover1store)
19.336: (sample_soil rover0 rover0store waypoint21)
19.337: (navigate rover3 waypoint10 waypoint16)
19.338: (calibrate rover1 camera0 objective0 waypoint16)
19.338: (calibrate rover2 camera8 objective6 waypoint6)
19.340: (drop rover1 rover1store)
19.342: (drop rover1 rover1store)
19.344: (navigate rover3 waypoint9 waypoint13)
19.345: (calibrate rover1 camera0 objective0 waypoint16)
19.345: (navigate rover3 waypoint10 waypoint16)
19.347: (sample_rock rover2 rover2store waypoint6)
19.348: (navigate rover3 waypoint9 waypoint8)
19.349: (sample_soil rover0 rover0store waypoint21)
19.349: (navigate rover3 waypoint9 waypoint13)
19.350: (sample_soil rover0 rover0store waypoint21)
19.351: (drop rover1 rover1store)
19.353: (navigate rover2 waypoint6 waypoint0)
19.353: (navigate rover3 waypoint9 waypoint13)
19.355: (drop rover1 rover1store)
19.356: (navigate rover3 waypoint9 waypoint12)
19.356: (sample_rock rover2 rover2store waypoint6)
19.357: (sample_soil rover0 rover0store waypoint21)
19.357: (drop rover2 rover2store)
19.359: (take_image rover0 waypoint21 objective3 camera2 colour)
19.364: (drop rover1 rover1store)
17.564: (drop rover0 rover0store)
17.565: (drop rover2 rover2store)
17.566: (communicate_rock_data rover1 general waypoint16 waypoint16 waypoint21)
17.641: (drop rover0 rover0store)
17.642: (navigate rover2 waypoint6 waypoint0)
17.645: (communicate_rock_data rover1 general waypoint16 waypoint16 waypoint21)
17.706: (communicate_rock_data rover1 general waypoint16 waypoint16 waypoint21)
17.706: (sample_soil rover0 rover0store waypoint21)
17.706: (drop rover2 rover2store)
17.706: (navigate rover2 waypoint6 waypoint0)
17.942: (drop rover0 rover0store)
17.942: (drop rover1 rover1store)
17.942: (sample_rock rover2 rover2store waypoint6)
17.945: (drop rover2 rover2store)
17.945: (communicate_rock_data rover1 general waypoint16 waypoint16 waypoint21)
17.945: (drop rover1 rover1store)
17.948: (sample_soil rover0 rover0store waypoint21)
17.948: (communicate_rock_data rover1 general waypoint16 waypoint16 waypoint21)
18.092: (navigate rover2 waypoint6 waypoint0)
18.093: (drop rover2 rover2store)
18.094: (drop rover2 rover2store)
18.095: (drop rover1 rover1store)
18.095: (navigate rover2 waypoint6 waypoint0)
18.095: (navigate rover3 waypoint9 waypoint12)
18.120: (drop rover1 rover1store)
18.120: (sample_soil rover0 rover0store waypoint21)
18.121: (navigate rover2 waypoint6 waypoint0)
18.132: (drop rover0 rover0store)
18.133: (navigate rover2 waypoint6 waypoint0)
18.134: (sample_rock rover1 rover1store waypoint16)
18.134: (drop rover2 rover2store)
18.181: (drop rover0 rover0store)
18.183: (navigate rover2 waypoint6 waypoint0)
18.183: (drop rover2 rover2store)
18.185: (navigate rover3 waypoint9 waypoint12)
18.185: (drop rover1 rover1store)
18.185: (drop rover0 rover0store)
18.227: (navigate rover2 waypoint6 waypoint0)
18.236: (navigate rover3 waypoint10 waypoint16)
18.243: (drop rover2 rover2store)
18.243: (drop rover0 rover0store)
18.244: (drop rover0 rover0store)
18.245: (drop rover1 rover1store)
18.246: (navigate rover3 waypoint8 waypoint15)
18.325: (drop rover0 rover0store)
18.325: (navigate rover3 waypoint10 waypoint16)
18.339: (drop rover1 rover1store)
18.339: (drop rover0 rover0store)
18.340: (navigate rover3 waypoint9 waypoint12)
18.340: (sample_soil rover0 rover0store waypoint21)
18.341: (calibrate rover2 camera8 objective6 waypoint6)
18.342: (drop rover0 rover0store)
18.345: (drop rover1 rover1store)
18.347: (drop rover0 rover0store)
18.348: (calibrate rover1 camera0 objective0 waypoint16)
18.350: (drop rover2 rover2store)
18.350: (drop rover1 rover1store)
18.351: (navigate rover3 waypoint9 waypoint13)
18.352: (drop rover1 rover1store)
18.352: (drop rover0 rover0store)
18.353: (navigate rover3 waypoint9 waypoint8)
18.370: (drop rover1 rover1store)
18.372: (navigate rover3 waypoint9 waypoint12)
18.372: (sample_rock rover2 rover2store waypoint6)
18.374: (drop rover2 rover2store)
18.374: (drop rover0 rover0store)
18.376: (calibrate rover0 camera3 objective6 waypoint21)
18.376: (drop rover1 rover1store)
18.380: (drop rover0 rover0store)
18.387: (calibrate rover0 camera6 objective3 waypoint21)
18.389: (drop rover1 rover1store)
18.391: (drop rover2 rover2store)
18.394: (navigate rover3 waypoint9 waypoint10)
18.395: (drop rover1 rover1store)
18.401: (sample_rock rover2 rover2store waypoint6)
18.401: (navigate rover3 waypoint9 waypoint10)
18.444: (navigate rover3 waypoint9 waypoint3)
18.446: (drop rover1 rover1store)
18.457: (drop rover2 rover2store)
18.459: (navigate rover3 waypoint9 waypoint10)
18.461: (drop rover2 rover2store)
18.462: (navigate rover3 waypoint9 waypoint13)
18.462: (calibrate rover0 camera3 objective6 waypoint21)
18.463: (sample_rock rover2 rover2store waypoint6)
18.465: (drop rover2 rover2store)
18.476: (calibrate rover0 camera6 objective3 waypoint21)
18.477: (drop rover2 rover2store)
18.477: (navigate rover3 waypoint9 waypoint3)
18.480: (drop rover1 rover1store)
18.480: (sample_soil rover0 rover0store waypoint21)
18.482: (navigate rover3 waypoint9 waypoint13)
18.486: (navigate rover3 waypoint9 waypoint12)
18.486: (navigate rover2 waypoint6 waypoint0)
18.487: (sample_soil rover0 rover0store waypoint21)
18.498: (navigate rover2 waypoint6 waypoint0)
18.519: (calibrate rover1 camera0 objective0 waypoint16)
18.520: (drop rover2 rover2store)
18.525: (navigate rover3 waypoint9 waypoint8)
18.526: (drop rover2 rover2store)
18.527: (navigate rover3 waypoint9 waypoint8)
18.531: (sample_rock rover2 rover2store waypoint6)
18.531: (navigate rover3 waypoint9 waypoint8)
18.538: (sample_rock rover2 rover2store waypoint6)
18.539: (calibrate rover0 camera3 objective6 waypoint21)
18.540: (calibrate rover2 camera8 objective6 waypoint6)
18.541: (sample_rock rover2 rover2store waypoint6)
18.541: (calibrate rover2 camera8 objective6 waypoint6)
18.542: (sample_rock rover2 rover2store waypoint6)
18.544: (drop rover1 rover1store)
18.545: (calibrate rover0 camera6 objective3 waypoint21)
18.545: (navigate rover2 waypoint6 waypoint0)
18.551: (navigate rover3 waypoint9 waypoint10)
18.553: (calibrate rover0 camera3 objective6 waypoint21)
18.555: (drop rover2 rover2store)
18.558: (calibrate rover0 camera6 objective3 waypoint21)
18.573: (sample_soil rover0 rover0store waypoint21)
18.574: (drop rover1 rover1store)
18.578: (drop rover1 rover1store)
18.581: (sample_soil rover3 rover3store waypoint9)
18.591: (navigate rover3 waypoint9 waypoint13)
16.704: (communicate_rock_data rover1 general waypoint16 waypoint16 waypoint21)
16.704: (drop rover0 rover0store)
16.704: (navigate rover2 waypoint6 waypoint0)
16.704: (drop rover2 rover2store)
16.948: (drop rover0 rover0store)
16.948: (drop rover2 rover2store)
16.949: (drop rover1 rover1store)
16.952: (communicate_rock_data rover1 general waypoint16 waypoint16 waypoint21)
17.113: (drop rover1 rover1store)
17.113: (navigate rover2 waypoint6 waypoint0)
17.115: (drop rover0 rover0store)
17.116: (communicate_rock_data rover1 general waypoint16 waypoint16 waypoint21)
17.180: (drop rover2 rover2store)
17.181: (sample_soil rover0 rover0store waypoint21)
17.181: (navigate rover2 waypoint6 waypoint0)
17.181: (drop rover1 rover1store)
17.188: (communicate_rock_data rover1 general waypoint16 waypoint16 waypoint21)
17.355: (drop rover0 rover0store)
17.356: (drop rover2 rover2store)
17.356: (navigate rover3 waypoint9 waypoint12)
17.440: (navigate rover3 waypoint10 waypoint16)
17.441: (drop rover2 rover2store)
17.449: (navigate rover2 waypoint6 waypoint0)
17.463: (drop rover0 rover0store)
17.465: (navigate rover3 waypoint9 waypoint10)
17.466: (drop rover2 rover2store)
17.484: (drop rover0 rover0store)
17.485: (drop rover2 rover2store)
17.488: (navigate rover3 waypoint9 waypoint13)
17.490: (drop rover0 rover0store)
17.490: (navigate rover2 waypoint6 waypoint0)
17.492: (navigate rover3 waypoint9 waypoint12)
17.518: (drop rover2 rover2store)
17.523: (sample_soil rover0 rover0store waypoint21)
17.524: (navigate rover3 waypoint9 waypoint12)
17.527: (navigate rover2 waypoint6 waypoint0)
17.528: (drop rover0 rover0store)
17.531: (drop rover0 rover0store)
17.531: (navigate rover2 waypoint6 waypoint0)
17.532: (drop rover1 rover1store)
17.532: (drop rover2 rover2store)
17.537: (drop rover2 rover2store)
17.539: (navigate rover3 waypoint9 waypoint8)
17.541: (drop rover2 rover2store)
17.541: (drop rover0 rover0store)
17.549: (calibrate rover2 camera8 objective6 waypoint6)
17.558: (drop rover0 rover0store)
17.559: (drop rover2 rover2store)
17.559: (drop rover2 rover2store)
17.559: (drop rover0 rover0store)
17.560: (calibrate rover0 camera3 objective6 waypoint21)
17.560: (navigate rover3 waypoint10 waypoint16)
17.563: (drop rover1 rover1store)
17.564: (calibrate rover0 camera6 objective3 waypoint21)
17.565: (drop rover0 rover0store)
17.590: (navigate rover3 waypoint8 waypoint15)
17.591: (drop rover1 rover1store)
17.604: (navigate rover3 waypoint9 waypoint10)
17.605: (navigate rover2 waypoint6 waypoint0)
17.629: (navigate rover2 waypoint6 waypoint0)
17.640: (calibrate rover1 camera0 objective0 waypoint16)
17.640: (calibrate rover0 camera3 objective6 waypoint21)
17.641: (navigate rover2 waypoint6 waypoint0)
17.642: (navigate rover2 waypoint6 waypoint0)
17.650: (calibrate rover0 camera6 objective3 waypoint21)
17.651: (navigate rover3 waypoint9 waypoint3)
17.659: (sample_soil rover3 rover3store waypoint9)
17.660: (drop rover1 rover1store)
17.663: (navigate rover2 waypoint6 waypoint0)
17.682: (navigate rover3 waypoint9 waypoint8)
17.683: (navigate rover2 waypoint6 waypoint0)
17.684: (navigate rover2 waypoint6 waypoint0)
17.702: (calibrate rover1 camera0 objective0 waypoint16)
17.706: (sample_soil rover0 rover0store waypoint21)
17.708: (navigate rover2 waypoint6 waypoint0)
17.709: (calibrate rover0 camera3 objective6 waypoint21)
17.710: (navigate rover2 waypoint6 waypoint0)
17.717: (calibrate rover0 camera6 objective3 waypoint21)
17.718: (sample_soil rover0 rover0store waypoint21)
17.731: (navigate rover3 waypoint9 waypoint3)
17.733: (sample_soil rover0 rover0store waypoint21)
17.740: (navigate rover2 waypoint6 waypoint0)
17.740: (sample_soil rover0 rover0store waypoint21)
17.741: (navigate rover3 waypoint9 waypoint3)
17.743: (navigate rover3 waypoint9 waypoint10)
17.744: (navigate rover2 waypoint6 waypoint0)
17.744: (sample_soil rover0 rover0store waypoint21)
17.745: (navigate rover3 waypoint9 waypoint8)
17.749: (navigate rover3 waypoint9 waypoint12)
17.750: (drop rover1 rover1store)
17.753: (navigate rover3 waypoint9 waypoint12)
17.753: (drop rover1 rover1store)
17.760: (drop rover1 rover1store)
17.760: (sample_soil rover0 rover0store waypoint21)
17.762: (sample_soil rover3 rover3store waypoint9)
17.763: (calibrate rover1 camera0 objective0 waypoint16)
17.777: (drop rover1 rover1store)
17.777: (navigate rover2 waypoint6 waypoint0)
17.778: (sample_rock rover2 rover2store waypoint6)
17.778: (navigate rover3 waypoint9 waypoint12)
17.780: (navigate rover3 waypoint9 waypoint13)
17.801: (navigate rover2 waypoint6 waypoint3)
17.812: (sample_soil rover3 rover3store waypoint9)
17.823: (sample_rock rover2 rover2store waypoint6)
17.823: (navigate rover3 waypoint9 waypoint12)
17.824: (navigate rover3 waypoint10 waypoint16)
17.826: (sample_soil rover0 rover0store waypoint21)
17.826: (navigate rover3 waypoint10 waypoint16)
17.835: (sample_soil rover0 rover0store waypoint21)
17.859: (navigate rover2 waypoint6 waypoint0)
17.860: (navigate rover3 waypoint9 waypoint13)
17.860: (sample_soil rover0 rover0store waypoint21)
17.884: (sample_rock rover2 rover2store waypoint6)
17.885: (navigate rover3 waypoint9 waypoint10)
17.887: (drop rover1 rover1store)
17.887: (sample_rock rover2 rover2store waypoint6)
17.895: (navigate rover3 waypoint8 waypoint15)
17.900: (drop rover1 rover1store)
17.901: (navigate rover3 waypoint9 waypoint13)
17.901: (sample_rock rover2 rover2store waypoint6)
16.170: (communicate_rock_data rover1 general waypoint16 waypoint16 waypoint21)
16.171: (navigate rover2 waypoint6 waypoint0)
16.172: (drop rover2 rover2store)
16.172: (drop rover1 rover1store)
16.172: (drop rover0 rover0store)
16.526: (drop rover0 rover0store)
16.526: (drop rover2 rover2store)
16.527: (navigate rover3 waypoint9 waypoint12)
16.527: (navigate rover2 waypoint6 waypoint0)
16.530: (communicate_rock_data rover1 general waypoint16 waypoint16 waypoint21)
16.671: (drop rover0 rover0store)
16.681: (drop rover2 rover2store)
16.682: (navigate rover2 waypoint6 waypoint0)
16.702: (drop rover2 rover2store)
16.702: (navigate rover2 waypoint6 waypoint0)
16.703: (calibrate rover0 camera3 objective6 waypoint21)
16.707: (drop rover0 rover0store)
16.713: (calibrate rover0 camera6 objective3 waypoint21)
16.714: (drop rover0 rover0store)
16.714: (navigate rover2 waypoint6 waypoint0)
16.717: (drop rover2 rover2store)
16.728: (navigate rover3 waypoint9 waypoint3)
16.728: (drop rover2 rover2store)
16.728: (drop rover0 rover0store)
16.729: (navigate rover2 waypoint6 waypoint0)
16.735: (drop rover0 rover0store)
16.738: (navigate rover2 waypoint6 waypoint0)
16.738: (drop rover2 rover2store)
16.739: (navigate rover3 waypoint9 waypoint10)
16.745: (drop rover0 rover0store)
16.747: (drop rover2 rover2store)
16.754: (drop rover2 rover2store)
16.754: (drop rover0 rover0store)
16.755: (navigate rover2 waypoint6 waypoint0)
16.755: (navigate rover3 waypoint9 waypoint8)
16.757: (navigate rover3 waypoint9 waypoint12)
16.757: (drop rover1 rover1store)
16.762: (drop rover2 rover2store)
16.765: (drop rover0 rover0store)
16.766: (calibrate rover1 camera0 objective0 waypoint16)
16.766: (navigate rover2 waypoint6 waypoint0)
16.813: (navigate rover3 waypoint10 waypoint16)
16.813: (drop rover0 rover0store)
16.813: (drop rover2 rover2store)
16.814: (sample_soil rover3 rover3store waypoint9)
16.816: (navigate rover3 waypoint10 waypoint16)
16.817: (drop rover0 rover0store)
16.821: (drop rover2 rover2store)
16.821: (navigate rover2 waypoint6 waypoint0)
16.823: (navigate rover2 waypoint6 waypoint0)
16.824: (drop rover0 rover0store)
16.863: (drop rover2 rover2store)
16.864: (navigate rover3 waypoint9 waypoint13)
16.865: (drop rover0 rover0store)
16.865: (navigate rover2 waypoint6 waypoint0)
16.907: (navigate rover2 waypoint6 waypoint0)
16.907: (drop rover2 rover2store)
16.908: (sample_soil rover0 rover0store waypoint21)
16.910: (navigate rover3 waypoint10 waypoint16)
16.912: (drop rover1 rover1store)
16.912: (navigate rover3 waypoint9 waypoint13)
16.917: (drop rover2 rover2store)
16.918: (drop rover1 rover1store)
16.920: (navigate rover3 waypoint9 waypoint8)
16.920: (calibrate rover1 camera0 objective0 waypoint16)
16.921: (drop rover1 rover1store)
16.927: (drop rover2 rover2store)
16.931: (calibrate rover2 camera8 objective6 waypoint6)
16.933: (drop rover1 rover1store)
16.936: (drop rover2 rover2store)
16.940: (navigate rover3 waypoint8 waypoint15)
16.941: (navigate rover3 waypoint9 waypoint10)
16.941: (drop rover1 rover1store)
16.945: (drop rover1 rover1store)
16.945: (calibrate rover0 camera3 objective6 waypoint21)
16.951: (calibrate rover0 camera6 objective3 waypoint21)
16.951: (drop rover1 rover1store)
16.960: (navigate rover3 waypoint9 waypoint12)
16.960: (drop rover1 rover1store)
16.960: (navigate rover2 waypoint6 waypoint0)
16.975: (drop rover1 rover1store)
16.977: (drop rover2 rover2store)
16.996: (drop rover1 rover1store)
16.996: (navigate rover3 waypoint9 waypoint12)
17.000: (navigate rover2 waypoint6 waypoint0)
17.002: (sample_soil rover0 rover0store waypoint21)
17.022: (drop rover1 rover1store)
17.023: (sample_soil rover3 rover3store waypoint9)
17.075: (navigate rover3 waypoint9 waypoint3)
17.077: (drop rover1 rover1store)
17.077: (calibrate rover1 camera0 objective0 waypoint16)
17.081: (drop rover1 rover1store)
17.093: (drop rover1 rover1store)
17.093: (navigate rover3 waypoint10 waypoint16)
17.095: (sample_rock rover2 rover2store waypoint6)
17.099: (drop rover1 rover1store)
17.100: (navigate rover2 waypoint6 waypoint0)
17.102: (drop rover1 rover1store)
17.105: (navigate rover3 waypoint9 waypoint10)
17.107: (drop rover1 rover1store)
17.112: (calibrate rover0 camera3 objective6 waypoint21)
17.114: (drop rover1 rover1store)
17.121: (calibrate rover0 camera6 objective3 waypoint21)
17.121: (drop rover1 rover1store)
17.129: (navigate rover0 waypoint21 waypoint27)
17.134: (navigate rover3 waypoint9 waypoint3)
17.135: (drop rover1 rover1store)
17.141: (drop rover1 rover1store)
17.142: (calibrate rover1 camera0 objective0 waypoint16)
17.146: (drop rover1 rover1store)
17.148: (drop rover1 rover1store)
17.150: (navigate rover3 waypoint9 waypoint8)
17.158: (navigate rover2 waypoint6 waypoint3)
17.162: (drop rover1 rover1store)
17.181: (drop rover1 rover1store)
17.182: (calibrate rover0 camera3 objective6 waypoint21)
17.190: (calibrate rover0 camera6 objective3 waypoint21)
17.191: (drop rover1 rover1store)
17.200: (navigate rover2 waypoint6 waypoint0)
17.203: (navigate rover3 waypoint9 waypoint13)
15.885: (drop rover0 rover0store)
15.887: (drop rover2 rover2store)
15.887: (navigate rover3 waypoint10 waypoint16)
15.889: (navigate rover2 waypoint6 waypoint0)
15.991: (navigate rover2 waypoint6 waypoint0)
15.991: (drop rover0 rover0store)
15.991: (drop rover2 rover2store)
15.992: (navigate rover3 waypoint9 waypoint12)
15.992: (drop rover1 rover1store)
16.083: (drop rover2 rover2store)
16.083: (drop rover0 rover0store)
16.084: (navigate rover3 waypoint10 waypoint16)
16.085: (drop rover1 rover1store)
16.135: (drop rover2 rover2store)
16.137: (calibrate rover1 camera0 objective0 waypoint16)
16.137: (navigate rover2 waypoint6 waypoint0)
16.137: (drop rover0 rover0store)
16.138: (drop rover1 rover1store)
16.143: (navigate rover2 waypoint6 waypoint0)
16.144: (drop rover1 rover1store)
16.146: (drop rover2 rover2store)
16.151: (drop rover0 rover0store)
16.170: (calibrate rover0 camera3 objective6 waypoint21)
16.170: (drop rover1 rover1store)
16.171: (drop rover2 rover2store)
16.172: (communicate_soil_data rover0 general waypoint21 waypoint27 waypoint21)
16.172: (navigate rover2 waypoint6 waypoint0)
16.177: (drop rover1 rover1store)
16.180: (drop rover1 rover1store)
16.180: (drop rover0 rover0store)
16.180: (calibrate rover0 camera6 objective3 waypoint21)
16.181: (navigate rover2 waypoint6 waypoint0)
16.181: (navigate rover3 waypoint10 waypoint16)
16.183: (navigate rover2 waypoint6 waypoint0)
16.184: (drop rover2 rover2store)
16.190: (drop rover0 rover0store)
16.201: (drop rover1 rover1store)
16.204: (navigate rover3 waypoint9 waypoint3)
16.204: (drop rover2 rover2store)
16.206: (navigate rover2 waypoint6 waypoint0)
16.216: (drop rover2 rover2store)
16.221: (navigate rover2 waypoint6 waypoint0)
16.221: (navigate rover3 waypoint9 waypoint8)
16.222: (drop rover1 rover1store)
16.236: (navigate rover2 waypoint6 waypoint0)
16.238: (drop rover2 rover2store)
16.239: (navigate rover3 waypoint9 waypoint10)
16.240: (drop rover1 rover1store)
16.255: (drop rover1 rover1store)
16.259: (sample_soil rover3 rover3store waypoint9)
16.266: (navigate rover2 waypoint6 waypoint0)
16.278: (drop rover2 rover2store)
16.283: (navigate rover3 waypoint9 waypoint13)
16.283: (drop rover1 rover1store)
16.283: (sample_soil rover0 rover0store waypoint21)
16.283: (navigate rover2 waypoint6 waypoint0)
16.284: (navigate rover2 waypoint6 waypoint0)
16.285: (drop rover1 rover1store)
16.286: (navigate rover3 waypoint8 waypoint15)
16.293: (drop rover1 rover1store)
16.330: (communicate_image_data rover0 general objective3 colour waypoint27 waypoint21)
16.414: (sample_soil rover3 rover3store waypoint16)
16.462: (sample_soil rover3 rover3store waypoint16)
16.500: (sample_soil rover3 rover3store waypoint16)
16.506: (navigate rover3 waypoint9 waypoint12)
16.522: (navigate rover0 waypoint21 waypoint27)
16.526: (drop rover1 rover1store)
16.527: (calibrate rover0 camera3 objective6 waypoint21)
16.527: (navigate rover3 waypoint9 waypoint12)
16.538: (calibrate rover0 camera6 objective3 waypoint21)
16.539: (navigate rover3 waypoint9 waypoint12)
16.562: (navigate rover2 waypoint6 waypoint0)
16.564: (navigate rover3 waypoint8 waypoint15)
16.578: (navigate rover1 waypoint16 waypoint12)
16.580: (navigate rover0 waypoint27 waypoint26)
16.596: (sample_soil rover3 rover3store waypoint16)
16.603: (calibrate rover1 camera0 objective0 waypoint16)
16.603: (navigate rover3 waypoint9 waypoint12)
16.605: (sample_soil rover3 rover3store waypoint16)
16.612: (sample_soil rover3 rover3store waypoint12)
16.625: (navigate rover3 waypoint9 waypoint12)
16.630: (navigate rover3 waypoint12 waypoint21)
16.635: (navigate rover1 waypoint16 waypoint12)
16.643: (navigate rover3 waypoint3 waypoint6)
16.653: (take_image rover1 waypoint16 objective0 camera0 colour)
16.658: (navigate rover3 waypoint8 waypoint18)
16.667: (take_image rover0 waypoint21 objective3 camera6 low_res)
16.671: (navigate rover3 waypoint3 waypoint1)
16.672: (calibrate rover0 camera3 objective6 waypoint21)
16.673: (navigate rover3 waypoint12 waypoint24)
16.681: (take_image rover1 waypoint16 objective7 camera0 colour)
16.684: (take_image rover1 waypoint16 objective2 camera0 colour)
16.685: (take_image rover1 waypoint16 objective9 camera0 colour)
16.689: (calibrate rover0 camera6 objective3 waypoint21)
16.690: (navigate rover3 waypoint3 waypoint22)
16.691: (navigate rover3 waypoint8 waypoint19)
16.691: (take_image rover0 waypoint21 objective3 camera3 high_res)
16.700: (take_image rover0 waypoint21 objective0 camera3 high_res)
16.701: (take_image rover0 waypoint21 objective6 camera3 high_res)
16.702: (take_image rover0 waypoint21 objective1 camera3 high_res)
16.702: (navigate rover3 waypoint9 waypoint3)
16.704: (take_image rover0 waypoint21 objective9 camera6 low_res)
16.704: (take_image rover0 waypoint21 objective6 camera6 low_res)
16.705: (take_image rover0 waypoint21 objective1 camera6 low_res)
16.706: (navigate rover3 waypoint8 waypoint2)
16.710: (navigate rover1 waypoint16 waypoint26)
16.711: (calibrate rover0 camera6 objective3 waypoint21)
16.711: (calibrate rover0 camera3 objective6 waypoint21)
16.712: (navigate rover3 waypoint9 waypoint10)
16.718: (calibrate rover1 camera0 objective0 waypoint16)
16.720: (navigate rover3 waypoint9 waypoint12)
16.724: (calibrate rover0 camera3 objective6 waypoint21)
16.725: (navigate rover3 waypoint9 waypoint3)
16.729: (navigate rover1 waypoint16 waypoint12)
16.729: (navigate rover3 waypoint9 waypoint8)
16.731: (navigate rover3 waypoint13 waypoint7)
16.734: (calibrate rover0 camera3 objective6 waypoint21)
16.735: (calibrate rover0 camera6 objective3 waypoint21)
16.736: (navigate rover3 waypoint9 waypoint10)
16.737: (navigate rover3 waypoint9 waypoint3)
15.244: (drop rover2 rover2store)
15.244: (drop rover0 rover0store)
15.244: (drop rover1 rover1store)
15.244: (navigate rover2 waypoint6 waypoint0)
15.245: (navigate rover3 waypoint10 waypoint16)
15.359: (communicate_image_data rover0 general objective3 colour waypoint27 waypoint21)
15.360: (communicate_soil_data rover0 general waypoint21 waypoint27 waypoint21)
15.446: (communicate_soil_data rover0 general waypoint21 waypoint27 waypoint21)
15.446: (drop rover1 rover1store)
15.486: (drop rover0 rover0store)
15.488: (drop rover2 rover2store)
15.488: (navigate rover2 waypoint6 waypoint0)
15.490: (sample_soil rover3 rover3store waypoint16)
15.512: (communicate_soil_data rover3 general waypoint16 waypoint16 waypoint21)
15.515: (drop rover1 rover1store)
15.515: (sample_soil rover3 rover3store waypoint16)
15.521: (navigate rover2 waypoint6 waypoint0)
15.524: (communicate_soil_data rover3 general waypoint16 waypoint16 waypoint21)
15.525: (communicate_soil_data rover3 general waypoint16 waypoint16 waypoint21)
15.571: (sample_soil rover3 rover3store waypoint16)
15.573: (navigate rover0 waypoint27 waypoint26)
15.580: (sample_soil rover3 rover3store waypoint16)
15.584: (drop rover2 rover2store)
15.585: (drop rover0 rover0store)
15.586: (navigate rover1 waypoint16 waypoint12)
15.588: (sample_soil rover3 rover3store waypoint16)
15.588: (navigate rover1 waypoint16 waypoint12)
15.590: (drop rover1 rover1store)
15.595: (navigate rover2 waypoint6 waypoint0)
15.597: (drop rover1 rover1store)
15.597: (sample_soil rover3 rover3store waypoint16)
15.639: (communicate_soil_data rover3 general waypoint16 waypoint16 waypoint21)
15.650: (navigate rover1 waypoint16 waypoint12)
15.660: (communicate_soil_data rover3 general waypoint16 waypoint16 waypoint21)
15.700: (drop rover1 rover1store)
15.700: (communicate_image_data rover0 general objective3 colour waypoint27 waypoint21)
15.730: (drop rover0 rover0store)
15.733: (navigate rover0 waypoint27 waypoint26)
15.736: (drop rover1 rover1store)
15.737: (navigate rover1 waypoint16 waypoint12)
15.743: (navigate rover1 waypoint16 waypoint12)
15.757: (navigate rover1 waypoint16 waypoint12)
15.839: (navigate rover0 waypoint27 waypoint21)
15.853: (navigate rover1 waypoint16 waypoint12)
15.857: (navigate rover2 waypoint6 waypoint0)
15.861: (navigate rover3 waypoint10 waypoint16)
15.867: (navigate rover0 waypoint27 waypoint21)
15.883: (navigate rover2 waypoint6 waypoint0)
15.885: (navigate rover3 waypoint8 waypoint15)
15.885: (calibrate rover0 camera3 objective6 waypoint21)
15.886: (drop rover1 rover1store)
15.890: (navigate rover3 waypoint10 waypoint16)
15.896: (calibrate rover0 camera6 objective3 waypoint21)
15.899: (sample_soil rover3 rover3store waypoint16)
15.904: (navigate rover0 waypoint26 waypoint15)
15.926: (navigate rover1 waypoint16 waypoint12)
15.948: (calibrate rover1 camera0 objective0 waypoint16)
15.953: (navigate rover2 waypoint6 waypoint0)
15.956: (navigate rover3 waypoint9 waypoint12)
15.956: (calibrate rover1 camera0 objective0 waypoint16)
15.957: (navigate rover2 waypoint6 waypoint0)
15.958: (drop rover1 rover1store)
15.958: (navigate rover1 waypoint16 waypoint12)
15.962: (sample_soil rover0 rover0store waypoint21)
15.970: (drop rover1 rover1store)
15.970: (navigate rover3 waypoint9 waypoint12)
15.993: (calibrate rover0 camera3 objective6 waypoint21)
15.994: (navigate rover3 waypoint9 waypoint12)
15.996: (drop rover1 rover1store)
16.003: (navigate rover3 waypoint9 waypoint12)
16.005: (calibrate rover0 camera6 objective3 waypoint21)
16.014: (drop rover1 rover1store)
16.030: (navigate rover0 waypoint27 waypoint7)
16.047: (sample_soil rover3 rover3store waypoint12)
16.048: (drop rover1 rover1store)
16.053: (navigate rover3 waypoint9 waypoint12)
16.057: (calibrate rover1 camera0 objective0 waypoint16)
16.062: (drop rover1 rover1store)
16.063: (navigate rover3 waypoint9 waypoint12)
16.065: (drop rover1 rover1store)
16.069: (navigate rover0 waypoint27 waypoint11)
16.070: (navigate rover3 waypoint12 waypoint21)
16.074: (calibrate rover2 camera8 objective6 waypoint6)
16.081: (take_image rover1 waypoint16 objective0 camera0 colour)
16.082: (drop rover1 rover1store)
16.083: (calibrate rover0 camera3 objective6 waypoint21)
16.084: (drop rover1 rover1store)
16.086: (drop rover1 rover1store)
16.086: (take_image rover1 waypoint16 objective7 camera0 colour)
16.088: (calibrate rover0 camera6 objective3 waypoint21)
16.088: (take_image rover1 waypoint16 objective9 camera0 colour)
16.098: (drop rover1 rover1store)
16.101: (take_image rover1 waypoint16 objective2 camera0 colour)
16.110: (calibrate rover1 camera0 objective0 waypoint16)
16.123: (navigate rover3 waypoint9 waypoint12)
16.130: (drop rover1 rover1store)
16.133: (drop rover1 rover1store)
16.133: (take_image rover0 waypoint21 objective3 camera6 low_res)
16.134: (calibrate rover1 camera0 objective0 waypoint16)
16.134: (calibrate rover0 camera3 objective6 waypoint21)
16.137: (calibrate rover1 camera0 objective0 waypoint16)
16.137: (calibrate rover0 camera3 objective6 waypoint21)
16.138: (sample_rock rover1 rover1store waypoint12)
16.140: (calibrate rover0 camera6 objective3 waypoint21)
16.141: (calibrate rover1 camera0 objective0 waypoint16)
16.141: (navigate rover3 waypoint3 waypoint6)
16.146: (drop rover1 rover1store)
16.154: (navigate rover3 waypoint8 waypoint18)
16.154: (drop rover1 rover1store)
16.156: (calibrate rover0 camera6 objective3 waypoint21)
16.156: (drop rover1 rover1store)
16.158: (drop rover1 rover1store)
16.158: (drop rover1 rover1store)
16.158: (navigate rover0 waypoint27 waypoint26)
16.158: (take_image rover0 waypoint21 objective3 camera3 high_res)
16.159: (navigate rover3 waypoint12 waypoint24)
16.162: (drop rover1 rover1store)
16.163: (navigate rover3 waypoint3 waypoint22)
16.166: (calibrate rover0 camera4 objective2 waypoint27)
16.166: (calibrate rover0 camera2 objective8 waypoint27)
14.511: (communicate_soil_data rover3 general waypoint16 waypoint16 waypoint21)
14.512: (drop rover1 rover1store)
14.513: (drop rover2 rover2store)
14.513: (drop rover0 rover0store)
14.587: (drop rover2 rover2store)
14.587: (sample_soil rover3 rover3store waypoint16)
14.588: (drop rover1 rover1store)
14.588: (drop rover0 rover0store)
14.588: (sample_soil rover3 rover3store waypoint16)
14.588: (drop rover0 rover0store)
14.588: (drop rover1 rover1store)
14.588: (navigate rover2 waypoint6 waypoint0)
14.589: (navigate rover1 waypoint16 waypoint12)
14.589: (drop rover2 rover2store)
14.625: (drop rover1 rover1store)
14.625: (communicate_soil_data rover0 general waypoint21 waypoint27 waypoint21)
14.626: (communicate_image_data rover0 general objective3 colour waypoint27 waypoint21)
14.627: (communicate_soil_data rover3 general waypoint16 waypoint16 waypoint21)
14.627: (navigate rover2 waypoint6 waypoint0)
14.628: (drop rover1 rover1store)
14.639: (communicate_soil_data rover3 general waypoint16 waypoint16 waypoint21)
14.639: (navigate rover2 waypoint6 waypoint0)
14.640: (drop rover1 rover1store)
14.686: (drop rover2 rover2store)
14.687: (drop rover0 rover0store)
14.687: (communicate_soil_data rover3 general waypoint16 waypoint16 waypoint21)
14.688: (navigate rover2 waypoint6 waypoint0)
14.716: (navigate rover0 waypoint27 waypoint26)
14.735: (communicate_soil_data rover3 general waypoint16 waypoint16 waypoint21)
14.735: (navigate rover1 waypoint16 waypoint12)
14.740: (drop rover1 rover1store)
14.741: (navigate rover1 waypoint16 waypoint12)
14.742: (sample_soil rover3 rover3store waypoint16)
14.743: (sample_soil rover0 rover0store waypoint21)
14.744: (navigate rover2 waypoint6 waypoint0)
14.765: (navigate rover2 waypoint6 waypoint0)
14.765: (navigate rover1 waypoint16 waypoint12)
14.766: (drop rover1 rover1store)
14.766: (sample_soil rover3 rover3store waypoint16)
14.767: (drop rover0 rover0store)
14.767: (drop rover2 rover2store)
14.767: (sample_soil rover3 rover3store waypoint16)
14.769: (navigate rover1 waypoint16 waypoint12)
14.770: (navigate rover2 waypoint6 waypoint0)
14.775: (navigate rover1 waypoint16 waypoint12)
14.775: (communicate_soil_data rover3 general waypoint16 waypoint16 waypoint21)
14.828: (navigate rover1 waypoint16 waypoint12)
14.829: (communicate_soil_data rover3 general waypoint16 waypoint16 waypoint21)
14.935: (navigate rover0 waypoint26 waypoint15)
14.962: (drop rover2 rover2store)
14.963: (navigate rover2 waypoint6 waypoint0)
14.963: (drop rover1 rover1store)
14.963: (drop rover0 rover0store)
14.964: (navigate rover1 waypoint16 waypoint12)
14.981: (navigate rover0 waypoint27 waypoint21)
15.006: (navigate rover0 waypoint26 waypoint15)
15.066: (navigate rover1 waypoint16 waypoint12)
15.067: (communicate_soil_data rover3 general waypoint16 waypoint16 waypoint21)
15.083: (drop rover1 rover1store)
15.084: (navigate rover0 waypoint27 waypoint26)
15.110: (communicate_soil_data rover3 general waypoint16 waypoint16 waypoint21)
15.112: (navigate rover1 waypoint16 waypoint12)
15.116: (communicate_rock_data rover1 general waypoint12 waypoint12 waypoint21)
15.145: (navigate rover0 waypoint26 waypoint15)
15.153: (drop rover1 rover1store)
15.180: (navigate rover0 waypoint27 waypoint7)
15.207: (drop rover1 rover1store)
15.210: (calibrate rover1 camera0 objective0 waypoint16)
15.211: (navigate rover2 waypoint6 waypoint0)
15.217: (navigate rover0 waypoint27 waypoint11)
15.219: (drop rover1 rover1store)
15.219: (drop rover2 rover2store)
15.228: (navigate rover2 waypoint6 waypoint0)
15.238: (navigate rover2 waypoint6 waypoint0)
15.241: (navigate rover3 waypoint9 waypoint12)
15.244: (drop rover1 rover1store)
15.244: (communicate_soil_data rover0 general waypoint21 waypoint27 waypoint21)
15.245: (calibrate rover0 camera3 objective6 waypoint21)
15.249: (communicate_image_data rover0 general objective3 colour waypoint27 waypoint21)
15.251: (navigate rover0 waypoint27 waypoint7)
15.253: (drop rover1 rover1store)
15.255: (calibrate rover0 camera6 objective3 waypoint21)
15.257: (drop rover1 rover1store)
15.260: (navigate rover1 waypoint16 waypoint21)
15.261: (navigate rover2 waypoint6 waypoint0)
15.262: (drop rover3 rover3store)
15.279: (navigate rover1 waypoint16 waypoint21)
15.280: (navigate rover0 waypoint27 waypoint26)
15.280: (drop rover1 rover1store)
15.289: (navigate rover0 waypoint27 waypoint11)
15.291: (navigate rover0 waypoint27 waypoint21)
15.292: (drop rover1 rover1store)
15.293: (navigate rover0 waypoint27 waypoint21)
15.294: (drop rover1 rover1store)
15.294: (drop rover1 rover1store)
15.304: (navigate rover3 waypoint9 waypoint12)
15.308: (navigate rover1 waypoint16 waypoint21)
15.309: (drop rover1 rover1store)
15.333: (communicate_soil_data rover3 general waypoint16 waypoint16 waypoint21)
15.354: (communicate_image_data rover0 general objective3 colour waypoint27 waypoint21)
15.355: (communicate_image_data rover0 general objective3 colour waypoint27 waypoint21)
15.358: (calibrate rover0 camera2 objective8 waypoint27)
15.358: (calibrate rover0 camera4 objective2 waypoint27)
15.358: (navigate rover0 waypoint21 waypoint27)
15.358: (navigate rover1 waypoint16 waypoint26)
15.363: (calibrate rover0 camera7 objective8 waypoint27)
15.377: (navigate rover3 waypoint16 waypoint10)
15.377: (navigate rover1 waypoint16 waypoint21)
15.378: (navigate rover3 waypoint16 waypoint10)
15.382: (navigate rover3 waypoint16 waypoint10)
15.396: (sample_soil rover3 rover3store waypoint9)
15.397: (navigate rover3 waypoint9 waypoint10)
15.405: (calibrate rover1 camera0 objective0 waypoint16)
15.406: (navigate rover0 waypoint21 waypoint27)
15.407: (navigate rover0 waypoint21 waypoint27)
15.407: (drop rover1 rover1store)
15.409: (sample_rock rover1 rover1store waypoint12)
15.411: (calibrate rover1 camera0 objective0 waypoint16)
15.421: (sample_soil rover3 rover3store waypoint16)
15.426: (navigate rover3 waypoint16 waypoint10)
13.671: (drop rover0 rover0store)
13.671: (drop rover2 rover2store)
13.672: (communicate_soil_data rover3 general waypoint16 waypoint16 waypoint21)
13.672: (navigate rover2 waypoint6 waypoint0)
13.672: (drop rover1 rover1store)
13.768: (navigate rover2 waypoint6 waypoint0)
13.768: (navigate rover1 waypoint16 waypoint12)
13.768: (drop rover1 rover1store)
13.768: (drop rover2 rover2store)
13.768: (drop rover0 rover0store)
13.769: (sample_soil rover3 rover3store waypoint16)
13.779: (drop rover0 rover0store)
13.779: (navigate rover1 waypoint16 waypoint12)
13.780: (communicate_soil_data rover3 general waypoint16 waypoint16 waypoint21)
13.780: (drop rover1 rover1store)
13.781: (drop rover2 rover2store)
14.000: (navigate rover0 waypoint26 waypoint15)
14.065: (sample_soil rover0 rover0store waypoint21)
14.066: (drop rover1 rover1store)
14.066: (navigate rover1 waypoint16 waypoint12)
14.067: (navigate rover2 waypoint6 waypoint0)
14.067: (communicate_soil_data rover3 general waypoint16 waypoint16 waypoint21)
14.090: (navigate rover0 waypoint26 waypoint15)
14.090: (drop rover1 rover1store)
14.128: (navigate rover1 waypoint16 waypoint12)
14.128: (navigate rover2 waypoint6 waypoint0)
14.128: (drop rover1 rover1store)
14.129: (communicate_soil_data rover3 general waypoint16 waypoint16 waypoint21)
14.142: (navigate rover1 waypoint16 waypoint12)
14.143: (communicate_soil_data rover3 general waypoint16 waypoint16 waypoint21)
14.143: (navigate rover2 waypoint6 waypoint0)
14.143: (drop rover2 rover2store)
14.143: (drop rover0 rover0store)
14.197: (drop rover1 rover1store)
14.197: (navigate rover0 waypoint27 waypoint26)
14.245: (navigate rover0 waypoint26 waypoint15)
14.253: (drop rover1 rover1store)
14.337: (communicate_soil_data rover0 general waypoint21 waypoint27 waypoint21)
14.340: (drop rover1 rover1store)
14.340: (drop rover0 rover0store)
14.341: (navigate rover1 waypoint16 waypoint21)
14.342: (communicate_soil_data rover3 general waypoint16 waypoint16 waypoint21)
14.346: (drop rover2 rover2store)
14.348: (communicate_soil_data rover0 general waypoint21 waypoint27 waypoint21)
14.359: (communicate_soil_data rover0 general waypoint21 waypoint27 waypoint21)
14.368: (drop rover2 rover2store)
14.369: (drop rover1 rover1store)
14.371: (drop rover0 rover0store)
14.374: (navigate rover3 waypoint16 waypoint10)
14.393: (navigate rover0 waypoint27 waypoint21)
14.395: (drop rover1 rover1store)
14.401: (navigate rover0 waypoint27 waypoint7)
14.402: (drop rover1 rover1store)
14.420: (drop rover2 rover2store)
14.420: (drop rover0 rover0store)
14.421: (drop rover1 rover1store)
14.423: (navigate rover0 waypoint21 waypoint27)
14.428: (drop rover1 rover1store)
14.428: (navigate rover0 waypoint27 waypoint11)
14.430: (navigate rover1 waypoint12 waypoint16)
14.450: (communicate_soil_data rover3 general waypoint16 waypoint16 waypoint21)
14.457: (navigate rover0 waypoint21 waypoint27)
14.469: (navigate rover0 waypoint21 waypoint27)
14.477: (communicate_image_data rover0 general objective3 colour waypoint27 waypoint21)
14.477: (calibrate rover1 camera0 objective0 waypoint16)
14.478: (drop rover1 rover1store)
14.484: (navigate rover3 waypoint9 waypoint12)
14.496: (communicate_soil_data rover3 general waypoint16 waypoint16 waypoint21)
14.500: (calibrate rover2 camera8 objective6 waypoint6)
14.504: (navigate rover1 waypoint16 waypoint26)
14.504: (calibrate rover0 camera6 objective3 waypoint21)
14.506: (calibrate rover0 camera3 objective6 waypoint21)
14.510: (drop rover1 rover1store)
14.510: (sample_soil rover3 rover3store waypoint16)
14.511: (communicate_image_data rover0 general objective3 colour waypoint27 waypoint21)
14.527: (navigate rover1 waypoint16 waypoint21)
14.530: (communicate_image_data rover0 general objective3 colour waypoint27 waypoint21)
14.530: (drop rover3 rover3store)
14.532: (navigate rover2 waypoint6 waypoint0)
14.538: (drop rover3 rover3store)
14.542: (drop rover3 rover3store)
14.547: (navigate rover1 waypoint16 waypoint12)
14.551: (navigate rover3 waypoint16 waypoint10)
14.551: (calibrate rover1 camera0 objective0 waypoint16)
14.552: (sample_soil rover3 rover3store waypoint16)
14.555: (calibrate rover1 camera1 objective1 waypoint12)
14.561: (navigate rover0 waypoint21 waypoint27)
14.562: (calibrate rover1 camera0 objective0 waypoint12)
14.564: (navigate rover0 waypoint27 waypoint26)
14.564: (navigate rover3 waypoint9 waypoint12)
14.566: (sample_soil rover3 rover3store waypoint16)
14.566: (communicate_image_data rover0 general objective3 colour waypoint27 waypoint21)
14.566: (communicate_soil_data rover3 general waypoint16 waypoint16 waypoint21)
14.567: (sample_soil rover3 rover3store waypoint16)
14.569: (navigate rover3 waypoint10 waypoint16)
14.572: (communicate_rock_data rover1 general waypoint12 waypoint12 waypoint21)
14.573: (communicate_rock_data rover1 general waypoint12 waypoint12 waypoint21)
14.576: (calibrate rover2 camera8 objective6 waypoint6)
14.582: (calibrate rover0 camera3 objective6 waypoint21)
14.583: (drop rover1 rover1store)
14.585: (drop rover3 rover3store)
14.588: (drop rover1 rover1store)
14.588: (communicate_image_data rover0 general objective3 colour waypoint27 waypoint21)
14.588: (calibrate rover1 camera0 objective0 waypoint16)
14.588: (calibrate rover1 camera0 objective0 waypoint16)
14.589: (calibrate rover0 camera6 objective3 waypoint21)
14.592: (calibrate rover0 camera3 objective6 waypoint21)
14.594: (sample_soil rover3 rover3store waypoint16)
14.596: (calibrate rover1 camera0 objective0 waypoint16)
14.597: (communicate_soil_data rover3 general waypoint16 waypoint16 waypoint21)
14.597: (navigate rover0 waypoint21 waypoint27)
14.600: (calibrate rover0 camera6 objective3 waypoint21)
14.600: (sample_soil rover3 rover3store waypoint16)
14.608: (navigate rover3 waypoint16 waypoint10)
14.608: (drop rover3 rover3store)
14.611: (sample_rock rover1 rover1store waypoint12)
14.612: (navigate rover2 waypoint6 waypoint0)
14.618: (navigate rover3 waypoint16 waypoint10)
14.621: (navigate rover2 waypoint6 waypoint0)
14.622: (calibrate rover0 camera3 objective6 waypoint21)
13.140: (drop rover2 rover2store)
13.140: (drop rover1 rover1store)
13.140: (navigate rover2 waypoint6 waypoint0)
13.140: (navigate rover1 waypoint16 waypoint12)
13.140: (communicate_soil_data rover3 general waypoint16 waypoint16 waypoint21)
13.140: (drop rover0 rover0store)
13.145: (navigate rover0 waypoint26 waypoint15)
13.146: (drop rover1 rover1store)
13.363: (communicate_soil_data rover0 general waypoint21 waypoint27 waypoint21)
13.365: (drop rover2 rover2store)
13.365: (drop rover1 rover1store)
13.366: (drop rover0 rover0store)
13.429: (communicate_soil_data rover0 general waypoint21 waypoint27 waypoint21)
13.442: (communicate_image_data rover0 general objective3 colour waypoint27 waypoint21)
13.444: (communicate_soil_data rover0 general waypoint21 waypoint27 waypoint21)
13.459: (communicate_soil_data rover3 general waypoint16 waypoint16 waypoint21)
13.460: (communicate_soil_data rover0 general waypoint21 waypoint27 waypoint21)
13.461: (communicate_soil_data rover0 general waypoint21 waypoint27 waypoint21)
13.462: (sample_soil rover3 rover3store waypoint16)
13.467: (communicate_image_data rover0 general objective3 colour waypoint27 waypoint21)
13.495: (communicate_image_data rover0 general objective3 colour waypoint27 waypoint21)
13.496: (communicate_soil_data rover0 general waypoint21 waypoint27 waypoint21)
13.542: (communicate_image_data rover0 general objective3 colour waypoint27 waypoint21)
13.558: (communicate_soil_data rover0 general waypoint21 waypoint27 waypoint21)
13.560: (communicate_soil_data rover3 general waypoint16 waypoint16 waypoint21)
13.563: (communicate_soil_data rover3 general waypoint16 waypoint16 waypoint21)
13.563: (navigate rover0 waypoint21 waypoint27)
13.563: (navigate rover2 waypoint6 waypoint0)
13.564: (drop rover0 rover0store)
13.565: (drop rover1 rover1store)
13.567: (drop rover2 rover2store)
13.570: (drop rover2 rover2store)
13.571: (communicate_image_data rover0 general objective3 colour waypoint27 waypoint21)
13.573: (communicate_image_data rover0 general objective3 colour waypoint27 waypoint21)
13.574: (drop rover0 rover0store)
13.574: (drop rover1 rover1store)
13.575: (drop rover1 rover1store)
13.576: (communicate_soil_data rover3 general waypoint16 waypoint16 waypoint21)
13.578: (navigate rover0 waypoint27 waypoint26)
13.594: (communicate_soil_data rover0 general waypoint21 waypoint27 waypoint21)
13.597: (communicate_soil_data rover3 general waypoint16 waypoint16 waypoint21)
13.612: (navigate rover0 waypoint27 waypoint26)
13.629: (communicate_soil_data rover3 general waypoint16 waypoint16 waypoint21)
13.631: (navigate rover2 waypoint6 waypoint0)
13.632: (calibrate rover1 camera0 objective0 waypoint16)
13.637: (drop rover0 rover0store)
13.637: (drop rover2 rover2store)
13.638: (navigate rover2 waypoint6 waypoint0)
13.638: (communicate_soil_data rover3 general waypoint16 waypoint16 waypoint21)
13.639: (drop rover3 rover3store)
13.641: (drop rover2 rover2store)
13.641: (drop rover0 rover0store)
13.646: (sample_soil rover3 rover3store waypoint16)
13.646: (communicate_rock_data rover1 general waypoint12 waypoint12 waypoint21)
13.649: (drop rover1 rover1store)
13.649: (communicate_soil_data rover3 general waypoint16 waypoint16 waypoint21)
13.651: (communicate_image_data rover0 general objective3 colour waypoint27 waypoint21)
13.652: (navigate rover2 waypoint6 waypoint0)
13.656: (communicate_soil_data rover3 general waypoint16 waypoint16 waypoint21)
13.658: (navigate rover3 waypoint16 waypoint10)
13.658: (navigate rover2 waypoint6 waypoint0)
13.665: (drop rover2 rover2store)
13.666: (calibrate rover0 camera3 objective6 waypoint21)
13.670: (navigate rover2 waypoint6 waypoint0)
13.670: (calibrate rover0 camera6 objective3 waypoint21)
13.671: (drop rover2 rover2store)
13.671: (communicate_soil_data rover3 general waypoint16 waypoint16 waypoint21)
13.673: (communicate_soil_data rover3 general waypoint16 waypoint16 waypoint21)
13.673: (navigate rover2 waypoint6 waypoint0)
13.680: (communicate_image_data rover0 general objective3 colour waypoint27 waypoint21)
13.695: (communicate_soil_data rover3 general waypoint16 waypoint16 waypoint21)
13.712: (navigate rover2 waypoint6 waypoint0)
13.712: (navigate rover1 waypoint16 waypoint12)
13.714: (drop rover3 rover3store)
13.715: (navigate rover2 waypoint6 waypoint0)
13.716: (navigate rover1 waypoint16 waypoint21)
13.716: (communicate_soil_data rover3 general waypoint16 waypoint16 waypoint21)
13.718: (navigate rover1 waypoint12 waypoint16)
13.724: (drop rover1 rover1store)
13.733: (calibrate rover1 camera1 objective1 waypoint12)
13.739: (calibrate rover1 camera0 objective0 waypoint12)
13.740: (navigate rover2 waypoint6 waypoint0)
13.740: (navigate rover1 waypoint16 waypoint12)
13.744: (communicate_rock_data rover1 general waypoint12 waypoint12 waypoint21)
13.746: (drop rover1 rover1store)
13.747: (navigate rover2 waypoint6 waypoint0)
13.751: (navigate rover1 waypoint16 waypoint12)
13.754: (navigate rover2 waypoint6 waypoint0)
13.754: (calibrate rover1 camera1 objective1 waypoint12)
13.757: (communicate_soil_data rover3 general waypoint16 waypoint16 waypoint21)
13.761: (calibrate rover0 camera3 objective6 waypoint21)
13.761: (navigate rover1 waypoint16 waypoint12)
13.762: (calibrate rover1 camera0 objective0 waypoint12)
13.763: (communicate_soil_data rover3 general waypoint16 waypoint16 waypoint21)
13.764: (navigate rover1 waypoint16 waypoint12)
13.765: (calibrate rover2 camera8 objective6 waypoint6)
13.768: (communicate_soil_data rover3 general waypoint16 waypoint16 waypoint21)
13.769: (navigate rover2 waypoint6 waypoint0)
13.769: (navigate rover1 waypoint16 waypoint12)
13.769: (calibrate rover0 camera6 objective3 waypoint21)
13.770: (communicate_soil_data rover3 general waypoint16 waypoint16 waypoint21)
13.771: (navigate rover1 waypoint16 waypoint12)
13.774: (calibrate rover0 camera3 objective6 waypoint21)
13.775: (communicate_soil_data rover3 general waypoint16 waypoint16 waypoint21)
13.776: (navigate rover1 waypoint16 waypoint12)
13.776: (navigate rover2 waypoint6 waypoint0)
13.776: (navigate rover1 waypoint16 waypoint12)
13.777: (navigate rover1 waypoint16 waypoint12)
13.779: (calibrate rover0 camera6 objective3 waypoint21)
13.796: (navigate rover1 waypoint16 waypoint12)
13.799: (navigate rover0 waypoint21 waypoint27)
13.819: (navigate rover3 waypoint16 waypoint10)
13.822: (navigate rover1 waypoint16 waypoint12)
13.826: (navigate rover0 waypoint21 waypoint27)
13.829: (navigate rover1 waypoint16 waypoint12)
13.829: (navigate rover1 waypoint16 waypoint12)
13.842: (communicate_soil_data rover3 general waypoint16 waypoint16 waypoint21)
13.849: (navigate rover0 waypoint26 waypoint15)
13.852: (sample_soil rover0 rover0store waypoint21)
13.853: (navigate rover1 waypoint12 waypoint16)
12.491: (sample_soil rover3 rover3store waypoint16)
12.494: (drop rover1 rover1store)
12.494: (drop rover2 rover2store)
12.494: (communicate_image_data rover0 general objective3 colour waypoint27 waypoint21)
12.494: (drop rover0 rover0store)
12.497: (communicate_soil_data rover0 general waypoint21 waypoint27 waypoint21)
12.502: (navigate rover0 waypoint26 waypoint15)
12.537: (communicate_soil_data rover0 general waypoint21 waypoint27 waypoint21)
12.537: (communicate_image_data rover0 general objective3 colour waypoint27 waypoint21)
12.554: (drop rover0 rover0store)
12.554: (drop rover1 rover1store)
12.555: (communicate_soil_data rover3 general waypoint16 waypoint16 waypoint21)
12.555: (navigate rover2 waypoint6 waypoint0)
12.555: (communicate_soil_data rover0 general waypoint21 waypoint27 waypoint21)
12.555: (drop rover2 rover2store)
12.567: (communicate_soil_data rover0 general waypoint21 waypoint27 waypoint21)
12.570: (communicate_image_data rover0 general objective3 colour waypoint27 waypoint21)
12.570: (communicate_soil_data rover3 general waypoint16 waypoint16 waypoint21)
12.583: (navigate rover0 waypoint27 waypoint26)
12.614: (navigate rover0 waypoint27 waypoint26)
12.653: (communicate_image_data rover0 general objective3 colour waypoint27 waypoint21)
12.654: (communicate_soil_data rover3 general waypoint16 waypoint16 waypoint21)
12.654: (drop rover0 rover0store)
12.654: (navigate rover2 waypoint6 waypoint0)
12.655: (drop rover1 rover1store)
12.656: (drop rover2 rover2store)
12.666: (communicate_image_data rover0 general objective3 colour waypoint27 waypoint21)
12.668: (communicate_soil_data rover3 general waypoint16 waypoint16 waypoint21)
12.671: (communicate_soil_data rover0 general waypoint21 waypoint27 waypoint21)
12.699: (communicate_soil_data rover3 general waypoint16 waypoint16 waypoint21)
12.700: (communicate_image_data rover0 general objective3 colour waypoint27 waypoint21)
12.705: (communicate_soil_data rover0 general waypoint21 waypoint27 waypoint21)
12.786: (drop rover1 rover1store)
12.786: (communicate_rock_data rover1 general waypoint12 waypoint12 waypoint21)
12.828: (communicate_soil_data rover3 general waypoint16 waypoint16 waypoint21)
12.834: (drop rover0 rover0store)
12.839: (navigate rover1 waypoint16 waypoint12)
12.842: (communicate_soil_data rover0 general waypoint21 waypoint27 waypoint21)
12.848: (drop rover2 rover2store)
12.872: (communicate_soil_data rover0 general waypoint21 waypoint27 waypoint21)
12.877: (navigate rover1 waypoint16 waypoint12)
12.886: (navigate rover2 waypoint6 waypoint0)
12.887: (drop rover0 rover0store)
12.912: (communicate_image_data rover0 general objective3 colour waypoint27 waypoint21)
12.915: (navigate rover1 waypoint16 waypoint12)
12.923: (communicate_image_data rover0 general objective3 colour waypoint27 waypoint21)
12.933: (navigate rover1 waypoint16 waypoint12)
12.935: (navigate rover0 waypoint27 waypoint26)
12.938: (navigate rover1 waypoint16 waypoint12)
12.941: (communicate_image_data rover0 general objective3 colour waypoint27 waypoint21)
12.942: (drop rover1 rover1store)
12.960: (drop rover1 rover1store)
12.969: (navigate rover3 waypoint9 waypoint12)
12.984: (communicate_soil_data rover3 general waypoint16 waypoint16 waypoint21)
12.988: (communicate_image_data rover0 general objective3 colour waypoint27 waypoint21)
12.993: (navigate rover1 waypoint16 waypoint12)
13.013: (sample_soil rover3 rover3store waypoint16)
13.013: (navigate rover1 waypoint12 waypoint16)
13.016: (drop rover1 rover1store)
13.053: (navigate rover1 waypoint16 waypoint12)
13.053: (communicate_rock_data rover1 general waypoint12 waypoint12 waypoint21)
13.054: (sample_soil rover0 rover0store waypoint21)
13.056: (communicate_rock_data rover1 general waypoint12 waypoint12 waypoint21)
13.067: (communicate_soil_data rover3 general waypoint16 waypoint16 waypoint21)
13.067: (navigate rover0 waypoint27 waypoint21)
13.069: (sample_soil rover3 rover3store waypoint16)
13.070: (navigate rover0 waypoint27 waypoint26)
13.091: (navigate rover0 waypoint27 waypoint26)
13.096: (navigate rover2 waypoint6 waypoint0)
13.108: (calibrate rover1 camera0 objective0 waypoint16)
13.113: (navigate rover0 waypoint27 waypoint26)
13.113: (navigate rover2 waypoint6 waypoint0)
13.114: (communicate_soil_data rover3 general waypoint16 waypoint16 waypoint21)
13.116: (navigate rover1 waypoint16 waypoint12)
13.118: (calibrate rover1 camera1 objective1 waypoint12)
13.118: (communicate_soil_data rover3 general waypoint16 waypoint16 waypoint21)
13.122: (navigate rover2 waypoint6 waypoint0)
13.123: (navigate rover2 waypoint6 waypoint0)
13.123: (communicate_soil_data rover3 general waypoint16 waypoint16 waypoint21)
13.125: (communicate_soil_data rover3 general waypoint16 waypoint16 waypoint21)
13.125: (calibrate rover1 camera0 objective0 waypoint12)
13.125: (navigate rover1 waypoint16 waypoint12)
13.127: (navigate rover1 waypoint16 waypoint12)
13.131: (navigate rover1 waypoint16 waypoint12)
13.132: (communicate_soil_data rover3 general waypoint16 waypoint16 waypoint21)
13.132: (navigate rover2 waypoint6 waypoint0)
13.133: (calibrate rover0 camera3 objective6 waypoint21)
13.135: (navigate rover1 waypoint16 waypoint12)
13.135: (navigate rover2 waypoint0 waypoint6)
13.135: (navigate rover2 waypoint6 waypoint0)
13.135: (communicate_soil_data rover3 general waypoint16 waypoint16 waypoint21)
13.136: (calibrate rover0 camera6 objective3 waypoint21)
13.138: (calibrate rover0 camera3 objective6 waypoint15)
13.150: (navigate rover0 waypoint27 waypoint26)
13.155: (navigate rover0 waypoint27 waypoint21)
13.173: (navigate rover1 waypoint16 waypoint12)
13.174: (navigate rover0 waypoint26 waypoint15)
13.177: (navigate rover0 waypoint27 waypoint26)
13.179: (navigate rover1 waypoint16 waypoint12)
13.189: (navigate rover0 waypoint27 waypoint21)
13.193: (navigate rover0 waypoint27 waypoint26)
13.193: (sample_soil rover0 rover0store waypoint21)
13.198: (sample_soil rover3 rover3store waypoint9)
13.207: (navigate rover0 waypoint27 waypoint26)
13.208: (navigate rover1 waypoint16 waypoint12)
13.209: (communicate_soil_data rover3 general waypoint16 waypoint16 waypoint21)
13.209: (sample_soil rover0 rover0store waypoint21)
13.210: (navigate rover0 waypoint21 waypoint27)
13.211: (navigate rover1 waypoint16 waypoint12)
13.214: (navigate rover0 waypoint27 waypoint11)
13.214: (navigate rover0 waypoint27 waypoint21)
13.216: (navigate rover3 waypoint9 waypoint10)
13.219: (communicate_soil_data rover3 general waypoint16 waypoint16 waypoint21)
13.220: (communicate_soil_data rover3 general waypoint16 waypoint16 waypoint21)
13.221: (navigate rover1 waypoint16 waypoint12)
13.223: (navigate rover2 waypoint6 waypoint0)
13.229: (navigate rover0 waypoint27 waypoint26)
13.232: (navigate rover0 waypoint27 waypoint21)
13.243: (navigate rover0 waypoint27 waypoint21)
13.243: (navigate rover3 waypoint9 waypoint3)
11.511: (navigate rover0 waypoint26 waypoint15)
11.516: (navigate rover0 waypoint26 waypoint15)
11.585: (navigate rover0 waypoint27 waypoint26)
11.661: (drop rover0 rover0store)
11.662: (communicate_soil_data rover3 general waypoint16 waypoint16 waypoint21)
11.662: (communicate_soil_data rover0 general waypoint21 waypoint27 waypoint21)
11.663: (drop rover1 rover1store)
11.663: (navigate rover2 waypoint6 waypoint0)
11.663: (drop rover2 rover2store)
11.663: (communicate_image_data rover0 general objective3 colour waypoint27 waypoint21)
11.992: (drop rover1 rover1store)
11.994: (communicate_rock_data rover1 general waypoint12 waypoint12 waypoint21)
11.994: (communicate_soil_data rover3 general waypoint16 waypoint16 waypoint21)
12.004: (drop rover1 rover1store)
12.004: (drop rover2 rover2store)
12.006: (communicate_soil_data rover0 general waypoint21 waypoint27 waypoint21)
12.007: (navigate rover1 waypoint16 waypoint12)
12.007: (communicate_image_data rover0 general objective3 colour waypoint27 waypoint21)
12.007: (navigate rover1 waypoint16 waypoint12)
12.008: (sample_soil rover3 rover3store waypoint16)
12.008: (drop rover0 rover0store)
12.008: (communicate_image_data rover0 general objective3 colour waypoint27 waypoint21)
12.011: (communicate_soil_data rover0 general waypoint21 waypoint27 waypoint21)
12.092: (drop rover1 rover1store)
12.092: (drop rover0 rover0store)
12.094: (navigate rover2 waypoint6 waypoint0)
12.094: (communicate_rock_data rover1 general waypoint12 waypoint12 waypoint21)
12.099: (navigate rover1 waypoint16 waypoint12)
12.100: (navigate rover0 waypoint26 waypoint15)
12.140: (navigate rover0 waypoint27 waypoint21)
12.147: (sample_soil rover3 rover3store waypoint16)
12.148: (navigate rover0 waypoint27 waypoint26)
12.148: (drop rover0 rover0store)
12.149: (drop rover1 rover1store)
12.150: (drop rover2 rover2store)
12.161: (drop rover0 rover0store)
12.174: (navigate rover0 waypoint27 waypoint26)
12.177: (navigate rover1 waypoint16 waypoint12)
12.190: (navigate rover0 waypoint27 waypoint26)
12.191: (navigate rover1 waypoint16 waypoint12)
12.203: (communicate_soil_data rover3 general waypoint16 waypoint16 waypoint21)
12.203: (navigate rover0 waypoint27 waypoint26)
12.213: (navigate rover0 waypoint26 waypoint15)
12.216: (sample_soil rover3 rover3store waypoint16)
12.230: (navigate rover0 waypoint26 waypoint15)
12.234: (navigate rover0 waypoint26 waypoint15)
12.234: (communicate_soil_data rover3 general waypoint16 waypoint16 waypoint21)
12.239: (navigate rover0 waypoint27 waypoint21)
12.239: (communicate_soil_data rover0 general waypoint21 waypoint27 waypoint21)
12.240: (navigate rover2 waypoint6 waypoint0)
12.240: (communicate_soil_data rover0 general waypoint21 waypoint27 waypoint21)
12.241: (navigate rover0 waypoint27 waypoint21)
12.241: (drop rover2 rover2store)
12.241: (communicate_soil_data rover3 general waypoint16 waypoint16 waypoint21)
12.241: (navigate rover2 waypoint6 waypoint0)
12.243: (navigate rover1 waypoint16 waypoint12)
12.245: (navigate rover0 waypoint26 waypoint15)
12.246: (drop rover0 rover0store)
12.246: (drop rover0 rover0store)
12.248: (communicate_image_data rover0 general objective3 colour waypoint27 waypoint21)
12.248: (communicate_soil_data rover3 general waypoint16 waypoint16 waypoint21)
12.249: (navigate rover1 waypoint16 waypoint12)
12.250: (communicate_soil_data rover3 general waypoint16 waypoint16 waypoint21)
12.254: (navigate rover0 waypoint27 waypoint21)
12.261: (drop rover0 rover0store)
12.261: (drop rover2 rover2store)
12.261: (drop rover1 rover1store)
12.262: (drop rover1 rover1store)
12.263: (navigate rover3 waypoint10 waypoint16)
12.271: (drop rover0 rover0store)
12.271: (navigate rover2 waypoint6 waypoint0)
12.272: (communicate_soil_data rover3 general waypoint16 waypoint16 waypoint21)
12.273: (navigate rover0 waypoint26 waypoint15)
12.273: (navigate rover2 waypoint6 waypoint0)
12.274: (navigate rover0 waypoint27 waypoint26)
12.275: (communicate_soil_data rover3 general waypoint16 waypoint16 waypoint21)
12.276: (drop rover0 rover0store)
12.285: (navigate rover1 waypoint12 waypoint16)
12.285: (communicate_soil_data rover3 general waypoint16 waypoint16 waypoint21)
12.288: (navigate rover0 waypoint26 waypoint15)
12.293: (communicate_soil_data rover3 general waypoint16 waypoint16 waypoint21)
12.295: (navigate rover2 waypoint6 waypoint0)
12.297: (navigate rover1 waypoint16 waypoint12)
12.298: (communicate_image_data rover0 general objective3 colour waypoint27 waypoint21)
12.299: (drop rover0 rover0store)
12.307: (communicate_soil_data rover3 general waypoint16 waypoint16 waypoint21)
12.309: (drop rover0 rover0store)
12.310: (navigate rover0 waypoint27 waypoint11)
12.311: (navigate rover2 waypoint6 waypoint0)
12.311: (navigate rover0 waypoint27 waypoint26)
12.316: (navigate rover0 waypoint27 waypoint21)
12.319: (communicate_soil_data rover3 general waypoint16 waypoint16 waypoint21)
12.323: (communicate_soil_data rover3 general waypoint16 waypoint16 waypoint21)
12.324: (navigate rover0 waypoint27 waypoint26)
12.339: (navigate rover0 waypoint27 waypoint26)
12.340: (communicate_soil_data rover3 general waypoint16 waypoint16 waypoint21)
12.340: (communicate_soil_data rover3 general waypoint16 waypoint16 waypoint21)
12.342: (navigate rover1 waypoint16 waypoint12)
12.342: (communicate_image_data rover0 general objective3 colour waypoint27 waypoint21)
12.347: (communicate_soil_data rover3 general waypoint16 waypoint16 waypoint21)
12.351: (navigate rover0 waypoint27 waypoint21)
12.379: (navigate rover0 waypoint27 waypoint11)
12.389: (navigate rover3 waypoint16 waypoint10)
12.391: (navigate rover0 waypoint27 waypoint7)
12.401: (navigate rover1 waypoint12 waypoint16)
12.417: (navigate rover2 waypoint6 waypoint0)
12.425: (communicate_soil_data rover3 general waypoint16 waypoint16 waypoint21)
12.426: (navigate rover3 waypoint16 waypoint10)
12.426: (navigate rover0 waypoint27 waypoint11)
12.428: (navigate rover1 waypoint16 waypoint12)
12.435: (navigate rover1 waypoint12 waypoint16)
12.439: (communicate_rock_data rover1 general waypoint12 waypoint12 waypoint21)
12.447: (navigate rover0 waypoint27 waypoint11)
12.447: (sample_soil rover0 rover0store waypoint21)
12.447: (communicate_soil_data rover3 general waypoint16 waypoint16 waypoint21)
12.449: (calibrate rover1 camera0 objective0 waypoint16)
12.450: (navigate rover0 waypoint27 waypoint7)
12.455: (drop rover3 rover3store)
12.457: (calibrate rover1 camera0 objective0 waypoint16)
12.461: (navigate rover0 waypoint26 waypoint15)
10.510: (navigate rover0 waypoint26 waypoint15)
11.103: (navigate rover1 waypoint16 waypoint12)
11.106: (navigate rover0 waypoint26 waypoint15)
11.127: (navigate rover1 waypoint16 waypoint12)
11.129: (navigate rover0 waypoint26 waypoint15)
11.167: (navigate rover0 waypoint27 waypoint26)
11.167: (navigate rover1 waypoint16 waypoint12)
11.233: (drop rover0 rover0store)
11.234: (sample_soil rover3 rover3store waypoint16)
11.236: (drop rover2 rover2store)
11.236: (drop rover1 rover1store)
11.239: (navigate rover0 waypoint26 waypoint15)
11.289: (communicate_soil_data rover3 general waypoint16 waypoint16 waypoint21)
11.291: (drop rover0 rover0store)
11.291: (navigate rover0 waypoint27 waypoint26)
11.291: (navigate rover2 waypoint6 waypoint0)
11.291: (drop rover2 rover2store)
11.292: (drop rover1 rover1store)
11.297: (communicate_soil_data rover3 general waypoint16 waypoint16 waypoint21)
11.298: (drop rover1 rover1store)
11.298: (drop rover2 rover2store)
11.299: (drop rover0 rover0store)
11.302: (navigate rover0 waypoint27 waypoint21)
11.302: (navigate rover2 waypoint6 waypoint0)
11.357: (navigate rover2 waypoint6 waypoint0)
11.358: (communicate_soil_data rover3 general waypoint16 waypoint16 waypoint21)
11.359: (drop rover0 rover0store)
11.359: (navigate rover1 waypoint16 waypoint12)
11.359: (drop rover2 rover2store)
11.360: (communicate_soil_data rover0 general waypoint21 waypoint27 waypoint21)
11.361: (communicate_image_data rover0 general objective3 colour waypoint27 waypoint21)
11.362: (drop rover1 rover1store)
11.415: (drop rover1 rover1store)
11.418: (navigate rover1 waypoint12 waypoint16)
11.463: (sample_soil rover3 rover3store waypoint16)
11.463: (drop rover1 rover1store)
11.464: (navigate rover1 waypoint12 waypoint16)
11.465: (calibrate rover1 camera0 objective0 waypoint16)
11.476: (calibrate rover0 camera3 objective6 waypoint15)
11.484: (calibrate rover1 camera0 objective0 waypoint16)
11.485: (calibrate rover2 camera8 objective6 waypoint6)
11.496: (calibrate rover2 camera8 objective6 waypoint6)
11.497: (calibrate rover0 camera3 objective6 waypoint15)
11.504: (navigate rover0 waypoint27 waypoint11)
11.506: (communicate_soil_data rover3 general waypoint16 waypoint16 waypoint21)
11.508: (navigate rover2 waypoint6 waypoint0)
11.508: (communicate_rock_data rover1 general waypoint12 waypoint12 waypoint21)
11.510: (navigate rover2 waypoint6 waypoint0)
11.512: (communicate_soil_data rover3 general waypoint16 waypoint16 waypoint21)
11.512: (navigate rover3 waypoint16 waypoint10)
11.512: (drop rover0 rover0store)
11.512: (drop rover0 rover0store)
11.522: (navigate rover2 waypoint6 waypoint0)
11.523: (navigate rover0 waypoint26 waypoint15)
11.523: (communicate_soil_data rover3 general waypoint16 waypoint16 waypoint21)
11.525: (navigate rover3 waypoint16 waypoint10)
11.526: (navigate rover0 waypoint26 waypoint15)
11.526: (communicate_soil_data rover3 general waypoint16 waypoint16 waypoint21)
11.532: (drop rover0 rover0store)
11.534: (navigate rover0 waypoint26 waypoint15)
11.535: (communicate_soil_data rover3 general waypoint16 waypoint16 waypoint21)
11.535: (navigate rover2 waypoint6 waypoint0)
11.546: (calibrate rover1 camera0 objective0 waypoint16)
11.548: (communicate_soil_data rover3 general waypoint16 waypoint16 waypoint21)
11.551: (navigate rover0 waypoint26 waypoint15)
11.553: (navigate rover0 waypoint27 waypoint7)
11.555: (calibrate rover2 camera8 objective6 waypoint6)
11.565: (navigate rover3 waypoint16 waypoint10)
11.566: (navigate rover0 waypoint27 waypoint26)
11.569: (communicate_soil_data rover3 general waypoint16 waypoint16 waypoint21)
11.581: (calibrate rover0 camera6 objective3 waypoint26)
11.595: (navigate rover1 waypoint16 waypoint12)
11.596: (navigate rover0 waypoint27 waypoint26)
11.604: (calibrate rover1 camera0 objective0 waypoint16)
11.606: (communicate_soil_data rover3 general waypoint16 waypoint16 waypoint21)
11.612: (communicate_soil_data rover3 general waypoint16 waypoint16 waypoint21)
11.614: (navigate rover0 waypoint26 waypoint15)
11.616: (navigate rover1 waypoint16 waypoint12)
11.617: (navigate rover0 waypoint27 waypoint21)
11.618: (sample_soil rover0 rover0store waypoint21)
11.623: (navigate rover1 waypoint12 waypoint16)
11.631: (navigate rover2 waypoint6 waypoint3)
11.633: (navigate rover2 waypoint6 waypoint3)
11.646: (navigate rover1 waypoint16 waypoint12)
11.647: (navigate rover0 waypoint27 waypoint21)
11.663: (calibrate rover0 camera2 objective8 waypoint27)
11.664: (calibrate rover0 camera4 objective2 waypoint27)
11.667: (calibrate rover0 camera7 objective8 waypoint27)
11.670: (navigate rover2 waypoint6 waypoint0)
11.673: (navigate rover3 waypoint16 waypoint10)
11.681: (navigate rover0 waypoint26 waypoint14)
11.684: (communicate_soil_data rover3 general waypoint16 waypoint16 waypoint21)
11.687: (drop rover3 rover3store)
11.691: (navigate rover2 waypoint6 waypoint0)
11.692: (navigate rover1 waypoint16 waypoint12)
11.708: (navigate rover1 waypoint16 waypoint12)
11.710: (navigate rover1 waypoint16 waypoint12)
11.715: (navigate rover1 waypoint12 waypoint16)
11.733: (navigate rover2 waypoint6 waypoint3)
11.734: (drop rover3 rover3store)
11.734: (navigate rover1 waypoint16 waypoint12)
11.774: (navigate rover1 waypoint16 waypoint12)
11.776: (navigate rover0 waypoint27 waypoint11)
11.776: (navigate rover1 waypoint16 waypoint12)
11.778: (sample_rock rover1 rover1store waypoint12)
11.780: (navigate rover0 waypoint26 waypoint23)
11.790: (navigate rover1 waypoint16 waypoint12)
11.796: (navigate rover2 waypoint6 waypoint0)
11.796: (navigate rover0 waypoint27 waypoint26)
11.804: (navigate rover1 waypoint16 waypoint12)
11.810: (drop rover3 rover3store)
11.820: (navigate rover1 waypoint16 waypoint12)
11.821: (navigate rover0 waypoint27 waypoint11)
11.829: (navigate rover0 waypoint27 waypoint26)
11.830: (navigate rover1 waypoint16 waypoint12)
11.834: (communicate_soil_data rover3 general waypoint16 waypoint16 waypoint21)
11.834: (drop rover3 rover3store)
11.845: (navigate rover0 waypoint27 waypoint7)
11.847: (navigate rover0 waypoint21 waypoint27)
11.857: (navigate rover0 waypoint26 waypoint24)
10.114: (navigate rover0 waypoint26 waypoint15)
10.114: (navigate rover1 waypoint16 waypoint12)
10.469: (calibrate rover1 camera0 objective0 waypoint16)
10.473: (navigate rover0 waypoint26 waypoint15)
10.487: (calibrate rover2 camera8 objective6 waypoint6)
10.490: (navigate rover0 waypoint26 waypoint15)
10.492: (calibrate rover0 camera3 objective6 waypoint15)
10.497: (navigate rover0 waypoint26 waypoint15)
10.504: (navigate rover3 waypoint16 waypoint10)
10.509: (navigate rover0 waypoint26 waypoint15)
10.543: (drop rover2 rover2store)
10.544: (drop rover1 rover1store)
10.546: (drop rover0 rover0store)
10.550: (navigate rover2 waypoint6 waypoint0)
10.550: (communicate_soil_data rover3 general waypoint16 waypoint16 waypoint21)
10.550: (navigate rover0 waypoint26 waypoint15)
10.643: (navigate rover2 waypoint6 waypoint3)
10.644: (navigate rover0 waypoint26 waypoint15)
10.654: (navigate rover1 waypoint12 waypoint16)
10.656: (navigate rover2 waypoint6 waypoint0)
10.656: (communicate_soil_data rover3 general waypoint16 waypoint16 waypoint21)
10.658: (drop rover0 rover0store)
10.666: (drop rover1 rover1store)
10.666: (communicate_rock_data rover1 general waypoint12 waypoint16 waypoint21)
10.705: (navigate rover0 waypoint26 waypoint15)
10.705: (drop rover3 rover3store)
10.735: (navigate rover1 waypoint16 waypoint12)
10.736: (navigate rover0 waypoint26 waypoint15)
10.738: (drop rover2 rover2store)
10.738: (sample_soil rover3 rover3store waypoint16)
10.738: (drop rover0 rover0store)
10.744: (drop rover1 rover1store)
10.760: (drop rover1 rover1store)
10.825: (navigate rover0 waypoint26 waypoint23)
10.837: (navigate rover0 waypoint27 waypoint26)
10.838: (navigate rover2 waypoint6 waypoint0)
10.838: (navigate rover1 waypoint16 waypoint12)
10.839: (communicate_soil_data rover3 general waypoint16 waypoint16 waypoint21)
10.849: (communicate_soil_data rover0 general waypoint21 waypoint27 waypoint21)
10.853: (drop rover0 rover0store)
10.857: (navigate rover0 waypoint26 waypoint23)
10.870: (navigate rover0 waypoint26 waypoint23)
10.922: (navigate rover0 waypoint26 waypoint23)
10.922: (navigate rover2 waypoint6 waypoint0)
10.942: (communicate_image_data rover0 general objective3 colour waypoint27 waypoint21)
10.943: (communicate_rock_data rover1 general waypoint12 waypoint12 waypoint21)
10.981: (sample_rock rover1 rover1store waypoint12)
11.000: (navigate rover2 waypoint6 waypoint0)
11.010: (navigate rover0 waypoint26 waypoint24)
11.025: (communicate_soil_data rover3 general waypoint16 waypoint16 waypoint21)
11.026: (navigate rover2 waypoint6 waypoint0)
11.029: (navigate rover0 waypoint27 waypoint21)
11.029: (navigate rover1 waypoint16 waypoint12)
11.045: (navigate rover0 waypoint26 waypoint23)
11.047: (sample_rock rover1 rover1store waypoint12)
11.050: (navigate rover0 waypoint27 waypoint26)
11.057: (sample_rock rover1 rover1store waypoint12)
11.059: (navigate rover2 waypoint6 waypoint0)
11.064: (navigate rover0 waypoint21 waypoint27)
11.065: (communicate_soil_data rover3 general waypoint16 waypoint16 waypoint21)
11.072: (navigate rover0 waypoint27 waypoint11)
11.076: (navigate rover1 waypoint16 waypoint12)
11.078: (calibrate rover1 camera1 objective1 waypoint12)
11.083: (calibrate rover0 camera3 objective6 waypoint15)
11.083: (navigate rover1 waypoint16 waypoint12)
11.084: (calibrate rover1 camera0 objective0 waypoint12)
11.084: (navigate rover1 waypoint16 waypoint12)
11.088: (navigate rover1 waypoint16 waypoint12)
11.088: (calibrate rover2 camera8 objective6 waypoint6)
11.100: (calibrate rover1 camera1 objective1 waypoint12)
11.103: (navigate rover1 waypoint16 waypoint12)
11.104: (navigate rover2 waypoint6 waypoint0)
11.109: (calibrate rover1 camera0 objective0 waypoint12)
11.109: (navigate rover0 waypoint26 waypoint15)
11.109: (communicate_soil_data rover3 general waypoint16 waypoint16 waypoint21)
11.110: (navigate rover1 waypoint16 waypoint12)
11.113: (navigate rover1 waypoint16 waypoint21)
11.115: (navigate rover1 waypoint16 waypoint12)
11.115: (navigate rover1 waypoint16 waypoint12)
11.116: (calibrate rover2 camera8 objective6 waypoint6)
11.117: (calibrate rover0 camera3 objective6 waypoint15)
11.118: (navigate rover1 waypoint16 waypoint12)
11.124: (communicate_soil_data rover3 general waypoint16 waypoint16 waypoint21)
11.124: (navigate rover1 waypoint16 waypoint12)
11.128: (navigate rover0 waypoint26 waypoint15)
11.130: (navigate rover2 waypoint6 waypoint0)
11.133: (navigate rover1 waypoint12 waypoint16)
11.136: (calibrate rover1 camera1 objective1 waypoint12)
11.137: (communicate_soil_data rover3 general waypoint16 waypoint16 waypoint21)
11.138: (navigate rover0 waypoint21 waypoint27)
11.139: (navigate rover1 waypoint16 waypoint12)
11.139: (navigate rover2 waypoint6 waypoint0)
11.140: (navigate rover0 waypoint27 waypoint7)
11.141: (communicate_soil_data rover3 general waypoint16 waypoint16 waypoint21)
11.142: (navigate rover1 waypoint16 waypoint12)
11.143: (navigate rover1 waypoint16 waypoint12)
11.143: (navigate rover1 waypoint16 waypoint12)
11.144: (calibrate rover1 camera0 objective0 waypoint12)
11.147: (navigate rover0 waypoint15 waypoint2)
11.151: (calibrate rover2 camera8 objective6 waypoint6)
11.153: (navigate rover0 waypoint26 waypoint14)
11.157: (navigate rover2 waypoint6 waypoint0)
11.163: (navigate rover1 waypoint16 waypoint12)
11.165: (calibrate rover0 camera6 objective3 waypoint26)
11.168: (drop rover3 rover3store)
11.180: (navigate rover2 waypoint3 waypoint9)
11.190: (navigate rover2 waypoint0 waypoint6)
11.190: (navigate rover0 waypoint21 waypoint27)
11.194: (navigate rover2 waypoint3 waypoint9)
11.197: (calibrate rover1 camera0 objective0 waypoint16)
11.199: (navigate rover1 waypoint16 waypoint12)
11.209: (communicate_soil_data rover3 general waypoint16 waypoint16 waypoint21)
11.220: (navigate rover3 waypoint16 waypoint10)
11.225: (navigate rover2 waypoint6 waypoint0)
11.226: (sample_rock rover1 rover1store waypoint12)
11.232: (navigate rover0 waypoint27 waypoint26)
11.234: (calibrate rover0 camera3 objective6 waypoint15)
11.246: (calibrate rover1 camera0 objective0 waypoint16)
11.252: (navigate rover2 waypoint6 waypoint0)
11.253: (navigate rover0 waypoint27 waypoint26)
9.946: (drop rover1 rover1store)
9.946: (communicate_soil_data rover0 general waypoint21 waypoint27 waypoint21)
9.946: (communicate_rock_data rover1 general waypoint12 waypoint12 waypoint21)
9.946: (communicate_image_data rover0 general objective3 colour waypoint27 waypoint21)
9.957: (drop rover1 rover1store)
9.958: (navigate rover1 waypoint16 waypoint12)
9.962: (drop rover0 rover0store)
9.962: (navigate rover2 waypoint6 waypoint0)
9.962: (navigate rover0 waypoint26 waypoint23)
9.962: (communicate_soil_data rover3 general waypoint16 waypoint16 waypoint21)
9.963: (navigate rover0 waypoint26 waypoint15)
9.965: (sample_rock rover1 rover1store waypoint12)
10.017: (navigate rover0 waypoint27 waypoint26)
10.018: (drop rover1 rover1store)
10.023: (drop rover1 rover1store)
10.033: (communicate_soil_data rover0 general waypoint21 waypoint27 waypoint21)
10.081: (navigate rover0 waypoint26 waypoint15)
10.084: (calibrate rover1 camera1 objective1 waypoint12)
10.092: (navigate rover1 waypoint16 waypoint12)
10.092: (calibrate rover1 camera0 objective0 waypoint12)
10.097: (navigate rover0 waypoint26 waypoint15)
10.099: (calibrate rover2 camera8 objective6 waypoint6)
10.099: (navigate rover1 waypoint16 waypoint12)
10.099: (navigate rover0 waypoint26 waypoint15)
10.107: (navigate rover1 waypoint16 waypoint12)
10.107: (calibrate rover0 camera3 objective6 waypoint15)
10.109: (navigate rover1 waypoint16 waypoint12)
10.117: (navigate rover0 waypoint26 waypoint15)
10.123: (drop rover2 rover2store)
10.123: (drop rover0 rover0store)
10.125: (navigate rover0 waypoint26 waypoint15)
10.125: (navigate rover2 waypoint6 waypoint0)
10.125: (communicate_soil_data rover3 general waypoint16 waypoint16 waypoint21)
10.126: (navigate rover1 waypoint16 waypoint12)
10.135: (drop rover1 rover1store)
10.138: (navigate rover1 waypoint12 waypoint16)
10.139: (communicate_soil_data rover0 general waypoint21 waypoint27 waypoint21)
10.151: (communicate_soil_data rover0 general waypoint21 waypoint27 waypoint21)
10.189: (communicate_image_data rover0 general objective3 colour waypoint27 waypoint21)
10.189: (communicate_rock_data rover1 general waypoint12 waypoint12 waypoint21)
10.202: (navigate rover0 waypoint27 waypoint26)
10.204: (communicate_rock_data rover1 general waypoint12 waypoint12 waypoint21)
10.204: (navigate rover0 waypoint26 waypoint15)
10.207: (navigate rover1 waypoint12 waypoint16)
10.207: (navigate rover2 waypoint3 waypoint9)
10.208: (navigate rover0 waypoint27 waypoint26)
10.210: (navigate rover0 waypoint27 waypoint26)
10.215: (communicate_image_data rover0 general objective3 colour waypoint27 waypoint21)
10.217: (navigate rover1 waypoint12 waypoint16)
10.226: (navigate rover2 waypoint6 waypoint0)
10.228: (drop rover1 rover1store)
10.255: (communicate_rock_data rover1 general waypoint12 waypoint12 waypoint21)
10.257: (navigate rover1 waypoint12 waypoint16)
10.280: (communicate_image_data rover0 general objective3 colour waypoint27 waypoint21)
10.282: (navigate rover2 waypoint6 waypoint0)
10.283: (communicate_soil_data rover3 general waypoint16 waypoint16 waypoint21)
10.285: (navigate rover0 waypoint21 waypoint27)
10.285: (navigate rover1 waypoint16 waypoint12)
10.285: (drop rover3 rover3store)
10.294: (drop rover0 rover0store)
10.338: (navigate rover2 waypoint9 waypoint12)
10.341: (navigate rover3 waypoint10 waypoint9)
10.344: (navigate rover1 waypoint12 waypoint16)
10.353: (navigate rover1 waypoint12 waypoint16)
10.354: (navigate rover2 waypoint9 waypoint12)
10.358: (navigate rover2 waypoint6 waypoint0)
10.373: (navigate rover1 waypoint12 waypoint16)
10.374: (navigate rover2 waypoint6 waypoint3)
10.375: (navigate rover1 waypoint16 waypoint12)
10.377: (navigate rover0 waypoint27 waypoint26)
10.377: (navigate rover1 waypoint12 waypoint16)
10.381: (navigate rover1 waypoint12 waypoint16)
10.420: (navigate rover3 waypoint16 waypoint10)
10.421: (navigate rover1 waypoint16 waypoint12)
10.435: (navigate rover2 waypoint6 waypoint0)
10.443: (communicate_rock_data rover1 general waypoint12 waypoint12 waypoint21)
10.444: (calibrate rover1 camera0 objective0 waypoint16)
10.444: (calibrate rover2 camera8 objective6 waypoint6)
10.450: (calibrate rover0 camera3 objective6 waypoint15)
10.450: (calibrate rover1 camera0 objective0 waypoint16)
10.456: (calibrate rover1 camera0 objective0 waypoint16)
10.462: (navigate rover2 waypoint6 waypoint0)
10.464: (calibrate rover1 camera0 objective0 waypoint16)
10.465: (navigate rover3 waypoint16 waypoint10)
10.472: (calibrate rover0 camera3 objective6 waypoint15)
10.473: (calibrate rover2 camera8 objective6 waypoint6)
10.474: (calibrate rover2 camera8 objective6 waypoint6)
10.477: (navigate rover3 waypoint16 waypoint10)
10.477: (calibrate rover2 camera8 objective6 waypoint6)
10.486: (navigate rover3 waypoint16 waypoint10)
10.487: (calibrate rover0 camera3 objective6 waypoint15)
10.491: (calibrate rover0 camera3 objective6 waypoint15)
10.492: (navigate rover3 waypoint16 waypoint10)
10.496: (take_image rover0 waypoint15 objective6 camera3 high_res)
10.498: (take_image rover0 waypoint15 objective6 camera6 low_res)
10.503: (take_image rover0 waypoint15 objective0 camera3 high_res)
10.504: (calibrate rover1 camera0 objective0 waypoint16)
10.504: (navigate rover2 waypoint6 waypoint0)
10.509: (take_image rover0 waypoint15 objective9 camera6 low_res)
10.514: (communicate_soil_data rover3 general waypoint16 waypoint16 waypoint21)
10.517: (navigate rover0 waypoint26 waypoint15)
10.529: (communicate_soil_data rover3 general waypoint16 waypoint16 waypoint21)
10.533: (navigate rover2 waypoint6 waypoint0)
10.533: (calibrate rover0 camera3 objective6 waypoint15)
10.534: (navigate rover2 waypoint6 waypoint0)
10.536: (navigate rover0 waypoint14 waypoint12)
10.538: (navigate rover2 waypoint6 waypoint0)
10.543: (navigate rover0 waypoint27 waypoint11)
10.552: (navigate rover2 waypoint6 waypoint0)
10.553: (navigate rover3 waypoint16 waypoint10)
10.554: (take_image rover1 waypoint16 objective2 camera0 colour)
10.560: (take_image rover2 waypoint6 objective6 camera8 low_res)
10.563: (take_image rover2 waypoint6 objective2 camera8 low_res)
10.564: (take_image rover2 waypoint6 objective8 camera8 low_res)
10.565: (take_image rover1 waypoint16 objective0 camera0 colour)
10.570: (take_image rover2 waypoint6 objective1 camera8 low_res)
10.573: (take_image rover1 waypoint16 objective7 camera0 colour)
10.574: (take_image rover1 waypoint16 objective9 camera0 colour)
10.579: (take_image rover2 waypoint6 objective3 camera8 low_res)
10.596: (navigate rover2 waypoint3 waypoint22)
8.931: (drop rover1 rover1store)
8.931: (navigate rover0 waypoint26 waypoint15)
9.158: (navigate rover0 waypoint26 waypoint15)
9.161: (communicate_rock_data rover1 general waypoint12 waypoint12 waypoint21)
9.163: (drop rover1 rover1store)
9.166: (communicate_image_data rover0 general objective3 colour waypoint27 waypoint21)
9.166: (communicate_soil_data rover0 general waypoint21 waypoint27 waypoint21)
9.174: (drop rover1 rover1store)
9.177: (navigate rover0 waypoint27 waypoint26)
9.177: (communicate_rock_data rover1 general waypoint12 waypoint12 waypoint21)
9.201: (navigate rover0 waypoint26 waypoint15)
9.203: (communicate_rock_data rover1 general waypoint12 waypoint12 waypoint21)
9.209: (drop rover1 rover1store)
9.210: (communicate_rock_data rover1 general waypoint12 waypoint16 waypoint21)
9.210: (navigate rover1 waypoint12 waypoint16)
9.211: (drop rover1 rover1store)
9.211: (navigate rover0 waypoint26 waypoint15)
9.212: (communicate_rock_data rover1 general waypoint12 waypoint12 waypoint21)
9.213: (communicate_image_data rover0 general objective3 colour waypoint27 waypoint21)
9.213: (communicate_soil_data rover0 general waypoint21 waypoint27 waypoint21)
9.242: (communicate_soil_data rover3 general waypoint16 waypoint16 waypoint21)
9.244: (drop rover0 rover0store)
9.244: (navigate rover2 waypoint6 waypoint0)
9.245: (communicate_soil_data rover0 general waypoint21 waypoint27 waypoint21)
9.246: (navigate rover1 waypoint12 waypoint16)
9.264: (communicate_soil_data rover0 general waypoint21 waypoint27 waypoint21)
9.265: (communicate_image_data rover0 general objective3 colour waypoint27 waypoint21)
9.282: (navigate rover1 waypoint12 waypoint16)
9.290: (communicate_rock_data rover1 general waypoint12 waypoint16 waypoint21)
9.290: (navigate rover0 waypoint27 waypoint26)
9.302: (communicate_rock_data rover2 general waypoint6 waypoint12 waypoint21)
9.308: (navigate rover1 waypoint12 waypoint16)
9.309: (navigate rover0 waypoint26 waypoint15)
9.316: (navigate rover1 waypoint12 waypoint16)
9.320: (communicate_soil_data rover3 general waypoint16 waypoint16 waypoint21)
9.321: (drop rover1 rover1store)
9.322: (drop rover0 rover0store)
9.322: (communicate_image_data rover0 general objective3 colour waypoint27 waypoint21)
9.322: (navigate rover1 waypoint12 waypoint16)
9.324: (navigate rover2 waypoint6 waypoint0)
9.326: (navigate rover1 waypoint12 waypoint16)
9.327: (navigate rover0 waypoint27 waypoint26)
9.327: (communicate_rock_data rover1 general waypoint12 waypoint16 waypoint21)
9.330: (navigate rover1 waypoint12 waypoint16)
9.334: (communicate_rock_data rover1 general waypoint12 waypoint16 waypoint21)
9.336: (navigate rover1 waypoint12 waypoint16)
9.339: (communicate_rock_data rover2 general waypoint6 waypoint12 waypoint21)
9.342: (navigate rover1 waypoint12 waypoint16)
9.342: (navigate rover2 waypoint6 waypoint0)
9.343: (drop rover1 rover1store)
9.344: (navigate rover0 waypoint26 waypoint15)
9.344: (navigate rover1 waypoint12 waypoint16)
9.357: (navigate rover0 waypoint27 waypoint26)
9.359: (navigate rover2 waypoint9 waypoint12)
9.359: (navigate rover1 waypoint12 waypoint16)
9.365: (drop rover1 rover1store)
9.365: (navigate rover0 waypoint27 waypoint26)
9.365: (navigate rover1 waypoint12 waypoint16)
9.375: (navigate rover1 waypoint12 waypoint16)
9.376: (navigate rover1 waypoint12 waypoint16)
9.378: (communicate_rock_data rover1 general waypoint12 waypoint16 waypoint21)
9.379: (navigate rover2 waypoint6 waypoint0)
9.379: (drop rover1 rover1store)
9.433: (communicate_rock_data rover1 general waypoint12 waypoint12 waypoint21)
9.433: (communicate_image_data rover0 general objective3 colour waypoint27 waypoint21)
9.435: (navigate rover2 waypoint6 waypoint0)
9.439: (communicate_soil_data rover0 general waypoint21 waypoint27 waypoint21)
9.439: (drop rover1 rover1store)
9.605: (communicate_rock_data rover2 general waypoint6 waypoint22 waypoint21)
9.685: (navigate rover0 waypoint26 waypoint23)
9.762: (navigate rover0 waypoint27 waypoint11)
9.767: (communicate_rock_data rover1 general waypoint12 waypoint12 waypoint21)
9.773: (navigate rover0 waypoint27 waypoint26)
9.776: (navigate rover2 waypoint6 waypoint0)
9.795: (navigate rover0 waypoint27 waypoint26)
9.829: (navigate rover0 waypoint27 waypoint26)
9.848: (navigate rover0 waypoint26 waypoint23)
9.868: (navigate rover0 waypoint27 waypoint7)
9.903: (sample_rock rover1 rover1store waypoint12)
9.908: (calibrate rover1 camera1 objective1 waypoint12)
9.917: (calibrate rover1 camera0 objective0 waypoint12)
9.918: (calibrate rover1 camera1 objective1 waypoint12)
9.919: (navigate rover0 waypoint27 waypoint7)
9.923: (calibrate rover1 camera0 objective0 waypoint12)
9.932: (calibrate rover1 camera1 objective1 waypoint12)
9.935: (calibrate rover1 camera0 objective0 waypoint12)
9.940: (navigate rover0 waypoint27 waypoint26)
9.940: (calibrate rover0 camera3 objective6 waypoint15)
9.943: (calibrate rover0 camera4 objective2 waypoint27)
9.944: (calibrate rover0 camera2 objective8 waypoint27)
9.947: (calibrate rover0 camera7 objective8 waypoint27)
9.949: (calibrate rover2 camera8 objective6 waypoint6)
9.951: (calibrate rover1 camera1 objective1 waypoint12)
9.952: (calibrate rover2 camera8 objective6 waypoint6)
9.952: (sample_rock rover1 rover1store waypoint12)
9.953: (calibrate rover2 camera8 objective6 waypoint6)
9.953: (sample_rock rover1 rover1store waypoint12)
9.956: (sample_rock rover1 rover1store waypoint12)
9.957: (calibrate rover0 camera3 objective6 waypoint15)
9.959: (sample_rock rover1 rover1store waypoint12)
9.960: (calibrate rover1 camera0 objective0 waypoint12)
9.960: (sample_rock rover1 rover1store waypoint12)
9.961: (navigate rover3 waypoint16 waypoint10)
9.962: (calibrate rover0 camera4 objective2 waypoint23)
9.964: (navigate rover0 waypoint26 waypoint23)
9.965: (navigate rover0 waypoint27 waypoint26)
9.967: (navigate rover0 waypoint27 waypoint26)
9.968: (navigate rover2 waypoint6 waypoint0)
9.970: (navigate rover0 waypoint27 waypoint11)
9.972: (navigate rover0 waypoint27 waypoint11)
9.977: (navigate rover3 waypoint16 waypoint10)
9.981: (navigate rover2 waypoint6 waypoint0)
9.988: (navigate rover0 waypoint27 waypoint11)
9.991: (calibrate rover1 camera1 objective1 waypoint12)
9.999: (drop rover3 rover3store)
10.000: (calibrate rover1 camera1 objective1 waypoint12)
10.002: (calibrate rover2 camera8 objective6 waypoint6)
10.002: (navigate rover0 waypoint27 waypoint26)
10.002: (calibrate rover1 camera0 objective0 waypoint16)
10.002: (calibrate rover1 camera0 objective0 waypoint12)
8.167: (navigate rover0 waypoint26 waypoint15)
8.168: (communicate_rock_data rover1 general waypoint12 waypoint12 waypoint21)
8.168: (drop rover1 rover1store)
8.279: (navigate rover1 waypoint12 waypoint16)
8.280: (communicate_rock_data rover1 general waypoint12 waypoint16 waypoint21)
8.280: (navigate rover0 waypoint26 waypoint15)
8.282: (navigate rover0 waypoint26 waypoint15)
8.287: (drop rover1 rover1store)
8.287: (navigate rover1 waypoint12 waypoint16)
8.287: (navigate rover0 waypoint27 waypoint26)
8.288: (communicate_rock_data rover1 general waypoint12 waypoint16 waypoint21)
8.288: (navigate rover1 waypoint12 waypoint16)
8.289: (drop rover1 rover1store)
8.294: (navigate rover1 waypoint12 waypoint16)
8.294: (drop rover1 rover1store)
8.295: (navigate rover0 waypoint26 waypoint15)
8.295: (communicate_rock_data rover1 general waypoint12 waypoint16 waypoint21)
8.312: (navigate rover0 waypoint26 waypoint15)
8.312: (communicate_rock_data rover1 general waypoint12 waypoint16 waypoint21)
8.315: (navigate rover1 waypoint12 waypoint16)
8.315: (drop rover1 rover1store)
8.316: (drop rover0 rover0store)
8.316: (communicate_image_data rover0 general objective3 colour waypoint27 waypoint21)
8.317: (communicate_rock_data rover2 general waypoint6 waypoint12 waypoint21)
8.317: (navigate rover2 waypoint6 waypoint0)
8.318: (navigate rover1 waypoint12 waypoint16)
8.318: (communicate_soil_data rover3 general waypoint16 waypoint16 waypoint21)
8.318: (drop rover1 rover1store)
8.319: (communicate_soil_data rover0 general waypoint21 waypoint27 waypoint21)
8.319: (communicate_rock_data rover1 general waypoint12 waypoint16 waypoint21)
8.808: (navigate rover0 waypoint27 waypoint26)
8.891: (drop rover1 rover1store)
8.891: (navigate rover0 waypoint26 waypoint23)
8.891: (navigate rover2 waypoint6 waypoint0)
8.910: (calibrate rover1 camera1 objective1 waypoint12)
8.919: (calibrate rover1 camera0 objective0 waypoint12)
8.921: (calibrate rover2 camera8 objective6 waypoint6)
8.924: (calibrate rover0 camera3 objective6 waypoint15)
8.925: (drop rover1 rover1store)
8.925: (drop rover1 rover1store)
8.926: (drop rover1 rover1store)
8.926: (navigate rover0 waypoint26 waypoint23)
8.926: (navigate rover0 waypoint26 waypoint15)
8.927: (navigate rover0 waypoint26 waypoint15)
8.927: (navigate rover0 waypoint27 waypoint26)
8.930: (drop rover1 rover1store)
8.930: (communicate_rock_data rover1 general waypoint12 waypoint12 waypoint21)
8.937: (drop rover1 rover1store)
8.938: (drop rover1 rover1store)
8.940: (navigate rover0 waypoint26 waypoint15)
8.955: (navigate rover0 waypoint26 waypoint15)
8.965: (drop rover1 rover1store)
8.971: (navigate rover2 waypoint6 waypoint0)
8.975: (communicate_rock_data rover1 general waypoint12 waypoint12 waypoint21)
8.975: (navigate rover0 waypoint27 waypoint26)
8.979: (navigate rover0 waypoint26 waypoint15)
9.012: (communicate_soil_data rover3 general waypoint16 waypoint16 waypoint21)
9.013: (navigate rover2 waypoint6 waypoint0)
9.013: (navigate rover0 waypoint27 waypoint26)
9.018: (drop rover0 rover0store)
9.023: (navigate rover2 waypoint6 waypoint0)
9.023: (navigate rover0 waypoint26 waypoint15)
9.028: (navigate rover2 waypoint6 waypoint0)
9.031: (navigate rover0 waypoint27 waypoint26)
9.031: (navigate rover1 waypoint12 waypoint16)
9.032: (navigate rover1 waypoint12 waypoint16)
9.033: (navigate rover0 waypoint27 waypoint11)
9.034: (navigate rover1 waypoint12 waypoint16)
9.037: (navigate rover2 waypoint6 waypoint0)
9.042: (navigate rover0 waypoint27 waypoint26)
9.053: (navigate rover0 waypoint27 waypoint26)
9.054: (navigate rover1 waypoint12 waypoint16)
9.055: (drop rover0 rover0store)
9.056: (navigate rover2 waypoint6 waypoint0)
9.058: (communicate_soil_data rover3 general waypoint16 waypoint16 waypoint21)
9.090: (navigate rover0 waypoint27 waypoint7)
9.091: (navigate rover0 waypoint26 waypoint23)
9.092: (navigate rover3 waypoint16 waypoint10)
9.097: (communicate_image_data rover0 general objective3 colour waypoint27 waypoint21)
9.105: (navigate rover2 waypoint6 waypoint0)
9.116: (drop rover3 rover3store)
9.118: (navigate rover0 waypoint27 waypoint11)
9.118: (communicate_image_data rover0 general objective3 colour waypoint27 waypoint21)
9.119: (sample_rock rover2 rover2store waypoint12)
9.120: (sample_rock rover2 rover2store waypoint12)
9.134: (navigate rover1 waypoint12 waypoint16)
9.135: (communicate_rock_data rover1 general waypoint12 waypoint12 waypoint21)
9.136: (calibrate rover1 camera0 objective0 waypoint16)
9.138: (communicate_rock_data rover1 general waypoint12 waypoint12 waypoint21)
9.138: (sample_rock rover2 rover2store waypoint12)
9.139: (navigate rover3 waypoint16 waypoint10)
9.139: (navigate rover0 waypoint27 waypoint7)
9.140: (communicate_rock_data rover1 general waypoint12 waypoint12 waypoint21)
9.142: (communicate_image_data rover0 general objective3 colour waypoint27 waypoint21)
9.143: (calibrate rover1 camera1 objective1 waypoint12)
9.144: (calibrate rover0 camera3 objective6 waypoint15)
9.144: (communicate_rock_data rover1 general waypoint12 waypoint12 waypoint21)
9.145: (navigate rover0 waypoint27 waypoint26)
9.146: (calibrate rover1 camera0 objective0 waypoint12)
9.146: (communicate_rock_data rover1 general waypoint12 waypoint12 waypoint21)
9.146: (calibrate rover1 camera1 objective1 waypoint12)
9.147: (navigate rover0 waypoint27 waypoint11)
9.148: (drop rover3 rover3store)
9.148: (navigate rover0 waypoint27 waypoint26)
9.151: (communicate_rock_data rover1 general waypoint12 waypoint12 waypoint21)
9.157: (calibrate rover1 camera0 objective0 waypoint12)
9.158: (communicate_rock_data rover1 general waypoint12 waypoint12 waypoint21)
9.159: (navigate rover0 waypoint27 waypoint26)
9.160: (calibrate rover2 camera8 objective6 waypoint6)
9.162: (navigate rover0 waypoint27 waypoint7)
9.163: (navigate rover2 waypoint6 waypoint0)
9.163: (communicate_soil_data rover3 general waypoint16 waypoint16 waypoint21)
9.164: (navigate rover0 waypoint27 waypoint26)
9.166: (navigate rover0 waypoint27 waypoint26)
9.166: (navigate rover0 waypoint27 waypoint26)
9.166: (calibrate rover2 camera8 objective6 waypoint6)
9.170: (communicate_rock_data rover1 general waypoint12 waypoint12 waypoint21)
9.172: (communicate_soil_data rover3 general waypoint16 waypoint16 waypoint21)
9.172: (calibrate rover0 camera6 objective3 waypoint26)
9.173: (navigate rover0 waypoint26 waypoint23)
7.245: (communicate_rock_data rover1 general waypoint12 waypoint16 waypoint21)
7.245: (navigate rover0 waypoint26 waypoint15)
7.245: (drop rover1 rover1store)
7.245: (navigate rover1 waypoint12 waypoint16)
7.939: (navigate rover0 waypoint26 waypoint15)
7.980: (drop rover0 rover0store)
7.980: (communicate_soil_data rover3 general waypoint16 waypoint16 waypoint21)
7.981: (navigate rover1 waypoint12 waypoint16)
7.982: (navigate rover0 waypoint27 waypoint26)
7.982: (navigate rover2 waypoint6 waypoint0)
7.982: (drop rover1 rover1store)
7.982: (communicate_rock_data rover1 general waypoint12 waypoint16 waypoint21)
8.043: (drop rover2 rover2store)
8.063: (sample_rock rover2 rover2store waypoint12)
8.068: (drop rover2 rover2store)
8.068: (drop rover2 rover2store)
8.069: (communicate_rock_data rover2 general waypoint6 waypoint12 waypoint21)
8.112: (communicate_rock_data rover1 general waypoint12 waypoint12 waypoint21)
8.112: (navigate rover2 waypoint6 waypoint0)
8.112: (navigate rover0 waypoint26 waypoint23)
8.124: (drop rover1 rover1store)
8.139: (communicate_rock_data rover1 general waypoint12 waypoint12 waypoint21)
8.141: (calibrate rover1 camera1 objective1 waypoint12)
8.143: (navigate rover0 waypoint26 waypoint15)
8.148: (communicate_rock_data rover1 general waypoint12 waypoint12 waypoint21)
8.149: (calibrate rover1 camera0 objective0 waypoint12)
8.149: (navigate rover0 waypoint26 waypoint15)
8.158: (calibrate rover0 camera3 objective6 waypoint15)
8.158: (navigate rover0 waypoint26 waypoint15)
8.159: (communicate_rock_data rover1 general waypoint12 waypoint12 waypoint21)
8.160: (communicate_rock_data rover1 general waypoint12 waypoint12 waypoint21)
8.161: (communicate_rock_data rover1 general waypoint12 waypoint12 waypoint21)
8.162: (calibrate rover2 camera8 objective6 waypoint6)
8.164: (navigate rover0 waypoint26 waypoint15)
8.164: (navigate rover0 waypoint26 waypoint15)
8.165: (navigate rover0 waypoint26 waypoint15)
8.170: (navigate rover0 waypoint26 waypoint15)
8.212: (navigate rover0 waypoint27 waypoint11)
8.212: (navigate rover2 waypoint6 waypoint0)
8.215: (communicate_soil_data rover3 general waypoint16 waypoint16 waypoint21)
8.229: (navigate rover0 waypoint26 waypoint15)
8.249: (navigate rover0 waypoint27 waypoint7)
8.255: (communicate_soil_data rover3 general waypoint16 waypoint16 waypoint21)
8.255: (navigate rover2 waypoint6 waypoint0)
8.256: (calibrate rover2 camera8 objective6 waypoint6)
8.256: (navigate rover1 waypoint12 waypoint16)
8.257: (calibrate rover2 camera8 objective6 waypoint6)
8.258: (calibrate rover0 camera3 objective6 waypoint15)
8.260: (calibrate rover2 camera8 objective6 waypoint6)
8.261: (navigate rover1 waypoint12 waypoint16)
8.262: (calibrate rover1 camera0 objective0 waypoint16)
8.263: (navigate rover1 waypoint12 waypoint16)
8.263: (navigate rover1 waypoint12 waypoint16)
8.265: (navigate rover1 waypoint12 waypoint16)
8.265: (communicate_soil_data rover3 general waypoint16 waypoint16 waypoint21)
8.266: (calibrate rover0 camera3 objective6 waypoint15)
8.266: (navigate rover0 waypoint26 waypoint15)
8.267: (navigate rover1 waypoint12 waypoint16)
8.267: (navigate rover2 waypoint6 waypoint0)
8.269: (navigate rover1 waypoint12 waypoint16)
8.270: (navigate rover1 waypoint12 waypoint16)
8.271: (calibrate rover2 camera8 objective6 waypoint6)
8.271: (calibrate rover1 camera0 objective0 waypoint16)
8.271: (navigate rover1 waypoint12 waypoint16)
8.271: (calibrate rover1 camera0 objective0 waypoint16)
8.272: (navigate rover1 waypoint12 waypoint16)
8.272: (calibrate rover0 camera3 objective6 waypoint15)
8.274: (calibrate rover1 camera0 objective0 waypoint16)
8.274: (navigate rover1 waypoint12 waypoint16)
8.277: (navigate rover2 waypoint6 waypoint0)
8.278: (calibrate rover1 camera0 objective0 waypoint16)
8.278: (communicate_soil_data rover3 general waypoint16 waypoint16 waypoint21)
8.278: (navigate rover0 waypoint26 waypoint15)
8.280: (calibrate rover0 camera3 objective6 waypoint15)
8.280: (communicate_rock_data rover1 general waypoint12 waypoint12 waypoint21)
8.281: (navigate rover1 waypoint12 waypoint16)
8.281: (navigate rover1 waypoint12 waypoint16)
8.281: (calibrate rover0 camera6 objective3 waypoint26)
8.282: (navigate rover0 waypoint26 waypoint15)
8.282: (navigate rover1 waypoint12 waypoint16)
8.283: (navigate rover1 waypoint12 waypoint16)
8.285: (navigate rover2 waypoint6 waypoint0)
8.286: (navigate rover1 waypoint12 waypoint16)
8.286: (calibrate rover1 camera0 objective0 waypoint16)
8.287: (navigate rover1 waypoint12 waypoint16)
8.289: (calibrate rover1 camera0 objective0 waypoint16)
8.290: (calibrate rover2 camera8 objective6 waypoint6)
8.294: (calibrate rover0 camera3 objective6 waypoint15)
8.295: (navigate rover2 waypoint6 waypoint0)
8.297: (navigate rover0 waypoint26 waypoint15)
8.298: (communicate_soil_data rover3 general waypoint16 waypoint16 waypoint21)
8.303: (calibrate rover2 camera8 objective6 waypoint12)
8.305: (navigate rover2 waypoint6 waypoint0)
8.306: (navigate rover0 waypoint26 waypoint15)
8.308: (navigate rover3 waypoint16 waypoint10)
8.311: (navigate rover0 waypoint27 waypoint26)
8.312: (communicate_rock_data rover2 general waypoint12 waypoint12 waypoint21)
8.314: (communicate_rock_data rover2 general waypoint12 waypoint12 waypoint21)
8.315: (communicate_rock_data rover2 general waypoint12 waypoint12 waypoint21)
8.317: (calibrate rover0 camera4 objective2 waypoint27)
8.320: (calibrate rover0 camera2 objective8 waypoint27)
8.325: (calibrate rover0 camera7 objective8 waypoint27)
8.329: (navigate rover3 waypoint16 waypoint10)
8.347: (navigate rover3 waypoint16 waypoint10)
8.360: (navigate rover3 waypoint16 waypoint10)
8.366: (navigate rover2 waypoint6 waypoint0)
8.369: (navigate rover3 waypoint16 waypoint10)
8.373: (communicate_rock_data rover1 general waypoint12 waypoint12 waypoint21)
8.375: (drop rover3 rover3store)
8.378: (navigate rover3 waypoint16 waypoint10)
8.399: (navigate rover3 waypoint16 waypoint10)
8.430: (navigate rover2 waypoint6 waypoint3)
8.433: (drop rover3 rover3store)
8.436: (navigate rover2 waypoint6 waypoint3)
8.437: (navigate rover2 waypoint6 waypoint3)
8.444: (navigate rover2 waypoint6 waypoint3)
8.447: (navigate rover2 waypoint6 waypoint3)
8.454: (drop rover3 rover3store)
8.459: (navigate rover3 waypoint16 waypoint10)
8.460: (drop rover3 rover3store)
6.989: (drop rover2 rover2store)
6.989: (communicate_rock_data rover2 general waypoint6 waypoint12 waypoint21)
7.217: (communicate_rock_data rover1 general waypoint12 waypoint16 waypoint21)
7.218: (navigate rover1 waypoint12 waypoint16)
7.219: (calibrate rover2 camera8 objective6 waypoint6)
7.220: (navigate rover0 waypoint26 waypoint15)
7.220: (navigate rover1 waypoint12 waypoint16)
7.220: (navigate rover0 waypoint26 waypoint15)
7.220: (drop rover1 rover1store)
7.220: (navigate rover0 waypoint26 waypoint15)
7.221: (communicate_rock_data rover1 general waypoint12 waypoint16 waypoint21)
7.221: (navigate rover0 waypoint26 waypoint15)
7.222: (navigate rover0 waypoint26 waypoint15)
7.222: (navigate rover1 waypoint12 waypoint16)
7.222: (communicate_rock_data rover1 general waypoint12 waypoint16 waypoint21)
7.223: (calibrate rover0 camera3 objective6 waypoint15)
7.223: (navigate rover0 waypoint26 waypoint15)
7.224: (communicate_rock_data rover1 general waypoint12 waypoint16 waypoint21)
7.224: (drop rover1 rover1store)
7.224: (navigate rover0 waypoint26 waypoint15)
7.225: (drop rover1 rover1store)
7.225: (navigate rover1 waypoint12 waypoint16)
7.225: (navigate rover1 waypoint12 waypoint16)
7.226: (navigate rover1 waypoint12 waypoint16)
7.226: (communicate_rock_data rover1 general waypoint12 waypoint16 waypoint21)
7.226: (navigate rover1 waypoint12 waypoint16)
7.227: (calibrate rover1 camera0 objective0 waypoint16)
7.227: (navigate rover1 waypoint12 waypoint16)
7.234: (communicate_rock_data rover1 general waypoint12 waypoint16 waypoint21)
7.235: (drop rover1 rover1store)
7.242: (drop rover0 rover0store)
7.244: (communicate_soil_data rover3 general waypoint16 waypoint16 waypoint21)
7.244: (navigate rover0 waypoint26 waypoint15)
7.244: (navigate rover2 waypoint6 waypoint0)
7.246: (navigate rover1 waypoint12 waypoint16)
7.251: (drop rover2 rover2store)
7.258: (communicate_rock_data rover2 general waypoint12 waypoint12 waypoint21)
7.266: (communicate_rock_data rover2 general waypoint12 waypoint12 waypoint21)
7.272: (drop rover2 rover2store)
7.276: (communicate_rock_data rover2 general waypoint6 waypoint12 waypoint21)
7.282: (communicate_rock_data rover2 general waypoint12 waypoint12 waypoint21)
7.308: (communicate_rock_data rover2 general waypoint12 waypoint12 waypoint21)
7.309: (navigate rover1 waypoint12 waypoint16)
7.310: (drop rover1 rover1store)
7.310: (communicate_rock_data rover1 general waypoint12 waypoint16 waypoint21)
7.312: (navigate rover0 waypoint26 waypoint15)
7.312: (navigate rover3 waypoint16 waypoint10)
7.316: (drop rover2 rover2store)
7.404: (drop rover1 rover1store)
7.404: (navigate rover0 waypoint26 waypoint15)
7.404: (navigate rover1 waypoint12 waypoint16)
7.407: (navigate rover2 waypoint6 waypoint3)
7.426: (drop rover3 rover3store)
7.437: (navigate rover1 waypoint12 waypoint16)
7.437: (drop rover1 rover1store)
7.755: (navigate rover0 waypoint26 waypoint23)
7.756: (navigate rover1 waypoint12 waypoint16)
7.882: (navigate rover0 waypoint15 waypoint2)
7.883: (drop rover3 rover3store)
7.922: (calibrate rover1 camera0 objective0 waypoint16)
7.936: (calibrate rover0 camera3 objective6 waypoint15)
7.951: (navigate rover2 waypoint6 waypoint0)
7.954: (navigate rover2 waypoint6 waypoint0)
7.955: (calibrate rover1 camera0 objective0 waypoint16)
7.956: (navigate rover0 waypoint27 waypoint26)
7.959: (navigate rover2 waypoint6 waypoint0)
7.968: (navigate rover2 waypoint6 waypoint0)
7.969: (navigate rover0 waypoint27 waypoint26)
7.972: (navigate rover0 waypoint27 waypoint26)
7.974: (navigate rover2 waypoint6 waypoint0)
7.978: (navigate rover0 waypoint27 waypoint26)
7.980: (calibrate rover0 camera6 objective3 waypoint26)
7.980: (navigate rover2 waypoint6 waypoint0)
7.981: (navigate rover2 waypoint6 waypoint0)
7.995: (navigate rover2 waypoint0 waypoint6)
7.997: (navigate rover2 waypoint6 waypoint0)
7.998: (navigate rover0 waypoint27 waypoint26)
8.000: (navigate rover3 waypoint16 waypoint10)
8.012: (calibrate rover1 camera0 objective0 waypoint16)
8.014: (navigate rover3 waypoint16 waypoint10)
8.019: (calibrate rover1 camera0 objective0 waypoint16)
8.021: (calibrate rover0 camera3 objective6 waypoint15)
8.030: (calibrate rover0 camera3 objective6 waypoint15)
8.030: (calibrate rover2 camera8 objective6 waypoint12)
8.031: (calibrate rover1 camera0 objective0 waypoint16)
8.034: (calibrate rover1 camera0 objective0 waypoint16)
8.037: (calibrate rover0 camera3 objective6 waypoint15)
8.038: (sample_rock rover2 rover2store waypoint12)
8.038: (calibrate rover0 camera3 objective6 waypoint15)
8.040: (sample_rock rover2 rover2store waypoint12)
8.048: (calibrate rover2 camera8 objective6 waypoint12)
8.050: (calibrate rover2 camera8 objective6 waypoint12)
8.051: (calibrate rover2 camera8 objective6 waypoint12)
8.055: (sample_rock rover2 rover2store waypoint12)
8.063: (calibrate rover1 camera1 objective1 waypoint12)
8.069: (calibrate rover1 camera0 objective0 waypoint12)
8.078: (navigate rover3 waypoint16 waypoint10)
8.086: (navigate rover3 waypoint16 waypoint10)
8.098: (sample_rock rover2 rover2store waypoint12)
8.100: (navigate rover0 waypoint26 waypoint17)
8.100: (navigate rover3 waypoint16 waypoint10)
8.105: (navigate rover3 waypoint16 waypoint10)
8.109: (calibrate rover0 camera4 objective2 waypoint23)
8.112: (navigate rover3 waypoint16 waypoint10)
8.130: (calibrate rover1 camera1 objective1 waypoint12)
8.130: (calibrate rover0 camera3 objective6 waypoint15)
8.131: (calibrate rover1 camera1 objective1 waypoint12)
8.131: (calibrate rover1 camera1 objective1 waypoint12)
8.133: (calibrate rover1 camera1 objective1 waypoint12)
8.134: (calibrate rover1 camera1 objective1 waypoint12)
8.134: (calibrate rover2 camera8 objective6 waypoint6)
8.135: (calibrate rover1 camera1 objective1 waypoint12)
8.135: (calibrate rover1 camera0 objective0 waypoint12)
8.138: (calibrate rover0 camera3 objective6 waypoint15)
8.139: (drop rover3 rover3store)
8.139: (calibrate rover1 camera1 objective1 waypoint12)
8.139: (calibrate rover1 camera0 objective0 waypoint12)
8.139: (calibrate rover1 camera0 objective0 waypoint12)
8.140: (calibrate rover1 camera0 objective0 waypoint12)
8.141: (calibrate rover2 camera8 objective6 waypoint6)
6.245: (communicate_rock_data rover2 general waypoint12 waypoint12 waypoint21)
6.247: (communicate_rock_data rover2 general waypoint6 waypoint12 waypoint21)
6.247: (drop rover2 rover2store)
6.955: (calibrate rover1 camera0 objective0 waypoint16)
6.956: (drop rover2 rover2store)
6.958: (drop rover2 rover2store)
6.963: (calibrate rover0 camera3 objective6 waypoint15)
6.965: (communicate_rock_data rover2 general waypoint6 waypoint12 waypoint21)
6.967: (communicate_rock_data rover2 general waypoint6 waypoint12 waypoint21)
6.971: (communicate_rock_data rover2 general waypoint6 waypoint12 waypoint21)
6.971: (drop rover2 rover2store)
6.973: (calibrate rover2 camera8 objective6 waypoint12)
7.031: (navigate rover3 waypoint16 waypoint10)
7.031: (communicate_rock_data rover2 general waypoint6 waypoint12 waypoint21)
7.031: (drop rover2 rover2store)
7.145: (drop rover3 rover3store)
7.194: (calibrate rover2 camera8 objective6 waypoint6)
7.195: (calibrate rover2 camera8 objective6 waypoint6)
7.197: (calibrate rover2 camera8 objective6 waypoint6)
7.198: (calibrate rover0 camera3 objective6 waypoint15)
7.199: (calibrate rover2 camera8 objective6 waypoint6)
7.200: (calibrate rover1 camera0 objective0 waypoint16)
7.201: (navigate rover1 waypoint12 waypoint16)
7.201: (calibrate rover2 camera8 objective6 waypoint6)
7.201: (calibrate rover0 camera3 objective6 waypoint15)
7.201: (calibrate rover2 camera8 objective6 waypoint6)
7.201: (navigate rover1 waypoint12 waypoint16)
7.202: (calibrate rover2 camera8 objective6 waypoint6)
7.203: (navigate rover1 waypoint12 waypoint16)
7.204: (calibrate rover1 camera0 objective0 waypoint16)
7.204: (calibrate rover1 camera0 objective0 waypoint16)
7.204: (calibrate rover0 camera3 objective6 waypoint15)
7.204: (navigate rover1 waypoint12 waypoint16)
7.204: (navigate rover1 waypoint12 waypoint16)
7.205: (navigate rover1 waypoint12 waypoint16)
7.206: (navigate rover1 waypoint12 waypoint16)
7.206: (calibrate rover1 camera0 objective0 waypoint16)
7.207: (navigate rover1 waypoint12 waypoint16)
7.208: (navigate rover1 waypoint12 waypoint16)
7.208: (navigate rover1 waypoint12 waypoint16)
7.210: (calibrate rover1 camera0 objective0 waypoint16)
7.210: (calibrate rover1 camera0 objective0 waypoint16)
7.211: (navigate rover3 waypoint10 waypoint9)
7.213: (navigate rover0 waypoint26 waypoint15)
7.213: (navigate rover2 waypoint6 waypoint0)
7.215: (calibrate rover0 camera3 objective6 waypoint15)
7.217: (calibrate rover1 camera0 objective0 waypoint16)
7.217: (navigate rover2 waypoint6 waypoint0)
7.220: (calibrate rover1 camera0 objective0 waypoint16)
7.220: (calibrate rover0 camera3 objective6 waypoint15)
7.221: (calibrate rover0 camera3 objective6 waypoint15)
7.221: (navigate rover2 waypoint6 waypoint0)
7.222: (communicate_soil_data rover3 general waypoint16 waypoint16 waypoint21)
7.222: (navigate rover0 waypoint26 waypoint15)
7.222: (calibrate rover0 camera3 objective6 waypoint15)
7.223: (navigate rover2 waypoint6 waypoint0)
7.224: (navigate rover2 waypoint6 waypoint0)
7.226: (communicate_rock_data rover2 general waypoint12 waypoint12 waypoint21)
7.226: (calibrate rover0 camera3 objective6 waypoint15)
7.226: (navigate rover0 waypoint26 waypoint15)
7.227: (navigate rover0 waypoint26 waypoint15)
7.227: (navigate rover0 waypoint26 waypoint15)
7.228: (take_image rover0 waypoint15 objective6 camera4 low_res)
7.228: (take_image rover0 waypoint15 objective6 camera3 high_res)
7.228: (take_image rover0 waypoint15 objective6 camera7 low_res)
7.228: (take_image rover0 waypoint15 objective6 camera2 high_res)
7.229: (navigate rover2 waypoint6 waypoint0)
7.229: (navigate rover2 waypoint6 waypoint0)
7.229: (calibrate rover0 camera3 objective6 waypoint15)
7.230: (take_image rover0 waypoint15 objective6 camera6 low_res)
7.230: (navigate rover0 waypoint26 waypoint15)
7.231: (take_image rover0 waypoint15 objective6 camera2 colour)
7.232: (navigate rover1 waypoint12 waypoint16)
7.232: (navigate rover2 waypoint6 waypoint0)
7.232: (communicate_soil_data rover3 general waypoint16 waypoint16 waypoint21)
7.235: (navigate rover0 waypoint26 waypoint15)
7.235: (communicate_rock_data rover2 general waypoint12 waypoint12 waypoint21)
7.236: (calibrate rover2 camera8 objective6 waypoint12)
7.237: (calibrate rover1 camera0 objective0 waypoint16)
7.238: (communicate_rock_data rover2 general waypoint12 waypoint12 waypoint21)
7.238: (take_image rover0 waypoint15 objective0 camera2 high_res)
7.238: (take_image rover0 waypoint15 objective0 camera3 high_res)
7.240: (calibrate rover0 camera3 objective6 waypoint15)
7.241: (calibrate rover1 camera0 objective0 waypoint16)
7.243: (communicate_rock_data rover2 general waypoint12 waypoint12 waypoint21)
7.243: (take_image rover0 waypoint15 objective9 camera7 low_res)
7.244: (take_image rover0 waypoint15 objective9 camera6 low_res)
7.244: (take_image rover0 waypoint15 objective9 camera4 low_res)
7.247: (take_image rover0 waypoint15 objective9 camera2 colour)
7.247: (take_image rover0 waypoint15 objective0 camera2 colour)
7.248: (communicate_rock_data rover2 general waypoint12 waypoint12 waypoint21)
7.248: (calibrate rover2 camera8 objective6 waypoint12)
7.251: (communicate_rock_data rover2 general waypoint12 waypoint12 waypoint21)
7.255: (communicate_rock_data rover2 general waypoint12 waypoint12 waypoint21)
7.256: (calibrate rover0 camera3 objective6 waypoint15)
7.258: (calibrate rover2 camera8 objective6 waypoint12)
7.262: (calibrate rover1 camera0 objective0 waypoint16)
7.266: (communicate_rock_data rover2 general waypoint12 waypoint12 waypoint21)
7.266: (communicate_rock_data rover2 general waypoint12 waypoint12 waypoint21)
7.268: (communicate_rock_data rover2 general waypoint12 waypoint12 waypoint21)
7.270: (calibrate rover0 camera3 objective6 waypoint15)
7.270: (communicate_rock_data rover2 general waypoint12 waypoint12 waypoint21)
7.272: (calibrate rover1 camera0 objective0 waypoint16)
7.280: (calibrate rover2 camera8 objective6 waypoint6)
7.282: (calibrate rover2 camera8 objective6 waypoint12)
7.282: (navigate rover3 waypoint16 waypoint10)
7.282: (navigate rover3 waypoint16 waypoint10)
7.289: (navigate rover3 waypoint16 waypoint10)
7.289: (navigate rover3 waypoint16 waypoint10)
7.289: (calibrate rover1 camera0 objective0 waypoint16)
7.290: (navigate rover3 waypoint16 waypoint10)
7.292: (take_image rover1 waypoint16 objective2 camera1 colour)
7.292: (take_image rover1 waypoint16 objective2 camera0 colour)
7.292: (calibrate rover0 camera3 objective6 waypoint15)
7.293: (communicate_rock_data rover2 general waypoint12 waypoint12 waypoint21)
7.293: (navigate rover3 waypoint16 waypoint10)
7.294: (navigate rover3 waypoint16 waypoint10)
7.296: (navigate rover3 waypoint16 waypoint10)
7.297: (take_image rover2 waypoint6 objective6 camera8 low_res)
7.302: (take_image rover1 waypoint16 objective0 camera0 colour)
6.214: (communicate_rock_data rover2 general waypoint6 waypoint12 waypoint21)
6.214: (drop rover2 rover2store)
6.217: (calibrate rover0 camera3 objective6 waypoint15)
6.218: (communicate_rock_data rover2 general waypoint12 waypoint12 waypoint21)
6.221: (calibrate rover2 camera8 objective6 waypoint12)
6.221: (communicate_rock_data rover2 general waypoint12 waypoint12 waypoint21)
6.222: (calibrate rover1 camera0 objective0 waypoint16)
6.223: (communicate_rock_data rover2 general waypoint12 waypoint12 waypoint21)
6.223: (communicate_rock_data rover2 general waypoint6 waypoint12 waypoint21)
6.223: (drop rover2 rover2store)
6.228: (communicate_rock_data rover2 general waypoint6 waypoint12 waypoint21)
6.230: (drop rover2 rover2store)
6.290: (communicate_rock_data rover2 general waypoint12 waypoint12 waypoint21)
6.291: (navigate rover3 waypoint16 waypoint10)
6.351: (navigate rover2 waypoint12 waypoint9)
6.365: (navigate rover2 waypoint12 waypoint14)
6.383: (communicate_rock_data rover2 general waypoint12 waypoint12 waypoint21)
6.383: (drop rover3 rover3store)
6.606: (navigate rover2 waypoint12 waypoint24)
6.768: (navigate rover2 waypoint12 waypoint21)
6.792: (navigate rover1 waypoint16 waypoint12)
6.928: (calibrate rover0 camera3 objective6 waypoint15)
6.929: (calibrate rover1 camera0 objective0 waypoint16)
6.937: (calibrate rover1 camera0 objective0 waypoint16)
6.937: (calibrate rover2 camera8 objective6 waypoint12)
6.952: (calibrate rover2 camera8 objective6 waypoint12)
6.952: (calibrate rover0 camera3 objective6 waypoint15)
6.974: (take_image rover0 waypoint15 objective6 camera3 high_res)
6.982: (take_image rover0 waypoint15 objective0 camera3 high_res)
6.987: (navigate rover3 waypoint10 waypoint9)
6.996: (navigate rover3 waypoint16 waypoint10)
6.997: (calibrate rover1 camera0 objective0 waypoint16)
7.009: (calibrate rover0 camera3 objective6 waypoint15)
7.009: (navigate rover3 waypoint16 waypoint10)
7.012: (calibrate rover2 camera8 objective6 waypoint12)
7.013: (navigate rover3 waypoint16 waypoint10)
7.036: (navigate rover0 waypoint15 waypoint2)
7.040: (take_image rover2 waypoint12 objective6 camera8 low_res)
7.041: (take_image rover1 waypoint16 objective2 camera0 colour)
7.046: (take_image rover1 waypoint16 objective0 camera0 colour)
7.049: (take_image rover2 waypoint12 objective1 camera8 low_res)
7.054: (take_image rover1 waypoint16 objective9 camera0 colour)
7.054: (take_image rover1 waypoint16 objective7 camera0 colour)
7.060: (take_image rover2 waypoint12 objective0 camera8 low_res)
7.061: (take_image rover2 waypoint12 objective3 camera8 low_res)
7.109: (calibrate rover1 camera0 objective0 waypoint16)
7.109: (drop rover3 rover3store)
7.118: (drop rover3 rover3store)
7.118: (calibrate rover0 camera3 objective6 waypoint15)
7.130: (calibrate rover2 camera8 objective6 waypoint12)
7.130: (drop rover3 rover3store)
7.143: (take_image rover2 waypoint12 objective3 camera8 low_res)
7.174: (calibrate rover2 camera8 objective6 waypoint6)
7.175: (calibrate rover2 camera8 objective6 waypoint6)
7.176: (calibrate rover2 camera8 objective6 waypoint6)
7.176: (calibrate rover0 camera3 objective6 waypoint15)
7.176: (calibrate rover2 camera8 objective6 waypoint6)
7.176: (calibrate rover2 camera8 objective6 waypoint6)
7.177: (navigate rover3 waypoint10 waypoint9)
7.178: (calibrate rover1 camera0 objective0 waypoint16)
7.178: (calibrate rover1 camera0 objective0 waypoint16)
7.178: (calibrate rover0 camera3 objective6 waypoint15)
7.178: (calibrate rover2 camera8 objective6 waypoint6)
7.179: (calibrate rover1 camera0 objective0 waypoint16)
7.180: (calibrate rover2 camera8 objective6 waypoint6)
7.180: (calibrate rover2 camera8 objective6 waypoint6)
7.181: (navigate rover3 waypoint10 waypoint9)
7.181: (calibrate rover2 camera8 objective6 waypoint6)
7.182: (calibrate rover2 camera8 objective6 waypoint6)
7.182: (calibrate rover1 camera0 objective0 waypoint16)
7.183: (calibrate rover1 camera0 objective0 waypoint16)
7.184: (calibrate rover2 camera8 objective6 waypoint6)
7.185: (navigate rover3 waypoint10 waypoint9)
7.185: (calibrate rover0 camera3 objective6 waypoint15)
7.186: (navigate rover0 waypoint15 waypoint8)
7.186: (navigate rover3 waypoint10 waypoint9)
7.186: (navigate rover2 waypoint6 waypoint0)
7.187: (calibrate rover0 camera3 objective6 waypoint15)
7.188: (calibrate rover0 camera3 objective6 waypoint15)
7.189: (navigate rover3 waypoint10 waypoint9)
7.189: (calibrate rover1 camera0 objective0 waypoint16)
7.189: (navigate rover3 waypoint10 waypoint9)
7.189: (calibrate rover0 camera3 objective6 waypoint15)
7.190: (take_image rover1 waypoint16 objective0 camera0 colour)
7.191: (navigate rover3 waypoint10 waypoint9)
7.191: (calibrate rover2 camera8 objective6 waypoint6)
7.191: (navigate rover2 waypoint6 waypoint0)
7.191: (navigate rover3 waypoint10 waypoint9)
7.191: (calibrate rover1 camera0 objective0 waypoint16)
7.191: (calibrate rover0 camera3 objective6 waypoint15)
7.192: (calibrate rover1 camera0 objective0 waypoint16)
7.192: (calibrate rover0 camera3 objective6 waypoint15)
7.192: (calibrate rover1 camera0 objective0 waypoint16)
7.192: (calibrate rover1 camera0 objective0 waypoint16)
7.193: (navigate rover2 waypoint6 waypoint0)
7.193: (calibrate rover0 camera3 objective6 waypoint15)
7.194: (calibrate rover1 camera0 objective0 waypoint16)
7.194: (calibrate rover1 camera0 objective0 waypoint16)
7.194: (calibrate rover2 camera8 objective6 waypoint6)
7.194: (calibrate rover1 camera0 objective0 waypoint16)
7.195: (calibrate rover0 camera3 objective6 waypoint15)
7.195: (calibrate rover0 camera3 objective6 waypoint15)
7.195: (calibrate rover0 camera3 objective6 waypoint15)
7.195: (calibrate rover1 camera0 objective0 waypoint16)
7.196: (navigate rover2 waypoint6 waypoint0)
7.197: (calibrate rover1 camera0 objective0 waypoint16)
7.198: (calibrate rover0 camera3 objective6 waypoint15)
7.198: (navigate rover2 waypoint6 waypoint0)
7.198: (calibrate rover2 camera8 objective6 waypoint6)
7.198: (calibrate rover0 camera3 objective6 waypoint15)
7.198: (calibrate rover0 camera3 objective6 waypoint15)
7.198: (calibrate rover2 camera8 objective6 waypoint6)
7.198: (calibrate rover1 camera0 objective0 waypoint16)
7.198: (calibrate rover0 camera3 objective6 waypoint15)
7.198: (navigate rover2 waypoint6 waypoint0)
7.199: (navigate rover2 waypoint6 waypoint0)
7.200: (calibrate rover1 camera0 objective0 waypoint16)
7.200: (navigate rover2 waypoint6 waypoint0)
7.200: (calibrate rover1 camera0 objective0 waypoint16)
7.200: (calibrate rover0 camera3 objective6 waypoint15)
5.850: (navigate rover2 waypoint9 waypoint25)
6.195: (calibrate rover0 camera3 objective6 waypoint15)
6.195: (calibrate rover1 camera0 objective0 waypoint16)
6.195: (communicate_rock_data rover2 general waypoint12 waypoint12 waypoint21)
6.196: (communicate_rock_data rover2 general waypoint12 waypoint12 waypoint21)
6.197: (calibrate rover2 camera8 objective6 waypoint12)
6.198: (calibrate rover1 camera0 objective0 waypoint16)
6.199: (calibrate rover0 camera3 objective6 waypoint15)
6.199: (calibrate rover2 camera8 objective6 waypoint12)
6.200: (communicate_rock_data rover2 general waypoint12 waypoint12 waypoint21)
6.229: (take_image rover0 waypoint15 objective6 camera3 high_res)
6.231: (communicate_rock_data rover2 general waypoint12 waypoint12 waypoint21)
6.238: (communicate_rock_data rover2 general waypoint12 waypoint12 waypoint21)
6.238: (take_image rover0 waypoint15 objective0 camera3 high_res)
6.246: (navigate rover2 waypoint9 waypoint26)
6.257: (navigate rover3 waypoint10 waypoint9)
6.259: (communicate_rock_data rover2 general waypoint12 waypoint12 waypoint21)
6.264: (communicate_rock_data rover2 general waypoint12 waypoint12 waypoint21)
6.265: (communicate_rock_data rover2 general waypoint12 waypoint12 waypoint21)
6.265: (calibrate rover0 camera3 objective6 waypoint15)
6.266: (calibrate rover2 camera8 objective6 waypoint12)
6.266: (navigate rover3 waypoint16 waypoint10)
6.266: (navigate rover3 waypoint16 waypoint10)
6.267: (navigate rover3 waypoint16 waypoint10)
6.267: (calibrate rover1 camera0 objective0 waypoint16)
6.268: (communicate_rock_data rover2 general waypoint12 waypoint12 waypoint21)
6.281: (communicate_rock_data rover2 general waypoint12 waypoint12 waypoint21)
6.281: (communicate_rock_data rover2 general waypoint12 waypoint12 waypoint21)
6.284: (take_image rover2 waypoint12 objective6 camera8 low_res)
6.285: (take_image rover1 waypoint16 objective2 camera0 colour)
6.291: (communicate_rock_data rover2 general waypoint12 waypoint12 waypoint21)
6.292: (communicate_rock_data rover2 general waypoint12 waypoint12 waypoint21)
6.292: (take_image rover2 waypoint12 objective1 camera8 low_res)
6.294: (take_image rover1 waypoint16 objective0 camera0 colour)
6.295: (communicate_rock_data rover2 general waypoint12 waypoint12 waypoint21)
6.297: (communicate_rock_data rover2 general waypoint12 waypoint12 waypoint21)
6.300: (take_image rover2 waypoint12 objective0 camera8 low_res)
6.300: (take_image rover2 waypoint12 objective3 camera8 low_res)
6.300: (communicate_rock_data rover2 general waypoint12 waypoint12 waypoint21)
6.301: (communicate_rock_data rover2 general waypoint12 waypoint12 waypoint21)
6.301: (take_image rover1 waypoint16 objective7 camera0 colour)
6.302: (take_image rover1 waypoint16 objective9 camera0 colour)
6.307: (navigate rover2 waypoint9 waypoint10)
6.324: (navigate rover2 waypoint12 waypoint9)
6.324: (calibrate rover1 camera0 objective0 waypoint16)
6.331: (calibrate rover0 camera3 objective6 waypoint15)
6.331: (navigate rover2 waypoint12 waypoint9)
6.332: (navigate rover2 waypoint12 waypoint9)
6.334: (calibrate rover1 camera0 objective0 waypoint16)
6.336: (navigate rover2 waypoint12 waypoint14)
6.344: (calibrate rover0 camera3 objective6 waypoint15)
6.344: (navigate rover2 waypoint12 waypoint14)
6.345: (navigate rover2 waypoint12 waypoint14)
6.352: (calibrate rover0 camera3 objective6 waypoint15)
6.352: (drop rover3 rover3store)
6.356: (communicate_rock_data rover2 general waypoint12 waypoint12 waypoint21)
6.356: (navigate rover2 waypoint9 waypoint3)
6.357: (calibrate rover1 camera0 objective0 waypoint16)
6.358: (drop rover3 rover3store)
6.359: (communicate_rock_data rover2 general waypoint12 waypoint12 waypoint21)
6.360: (calibrate rover2 camera8 objective6 waypoint12)
6.360: (drop rover3 rover3store)
6.360: (communicate_rock_data rover2 general waypoint12 waypoint12 waypoint21)
6.409: (navigate rover2 waypoint12 waypoint9)
6.409: (navigate rover3 waypoint16 waypoint10)
6.442: (navigate rover3 waypoint16 waypoint10)
6.444: (navigate rover2 waypoint12 waypoint14)
6.457: (navigate rover3 waypoint16 waypoint10)
6.457: (drop rover3 rover3store)
6.483: (navigate rover2 waypoint12 waypoint9)
6.484: (drop rover3 rover3store)
6.496: (drop rover3 rover3store)
6.496: (navigate rover2 waypoint12 waypoint14)
6.580: (navigate rover2 waypoint12 waypoint24)
6.580: (navigate rover2 waypoint12 waypoint24)
6.581: (calibrate rover0 camera3 objective6 waypoint15)
6.581: (calibrate rover1 camera0 objective0 waypoint16)
6.586: (navigate rover2 waypoint12 waypoint24)
6.629: (navigate rover2 waypoint12 waypoint24)
6.629: (navigate rover3 waypoint16 waypoint10)
6.733: (calibrate rover1 camera0 objective0 waypoint16)
6.733: (navigate rover2 waypoint12 waypoint21)
6.742: (drop rover3 rover3store)
6.742: (navigate rover2 waypoint12 waypoint24)
6.745: (navigate rover2 waypoint12 waypoint21)
6.747: (calibrate rover2 camera8 objective6 waypoint21)
6.747: (navigate rover2 waypoint12 waypoint21)
6.748: (calibrate rover0 camera3 objective6 waypoint15)
6.769: (calibrate rover1 camera1 objective1 waypoint12)
6.780: (navigate rover1 waypoint16 waypoint12)
6.780: (calibrate rover1 camera0 objective0 waypoint12)
6.780: (navigate rover1 waypoint16 waypoint12)
6.781: (calibrate rover0 camera3 objective6 waypoint15)
6.790: (navigate rover1 waypoint16 waypoint12)
6.790: (calibrate rover2 camera8 objective6 waypoint12)
6.837: (navigate rover2 waypoint12 waypoint21)
6.837: (drop rover3 rover3store)
6.849: (navigate rover2 waypoint12 waypoint21)
6.850: (navigate rover3 waypoint16 waypoint10)
6.916: (calibrate rover0 camera3 objective6 waypoint15)
6.916: (calibrate rover2 camera8 objective6 waypoint12)
6.916: (calibrate rover1 camera0 objective0 waypoint16)
6.922: (navigate rover3 waypoint9 waypoint3)
6.927: (navigate rover1 waypoint16 waypoint12)
6.927: (drop rover3 rover3store)
6.938: (calibrate rover1 camera0 objective0 waypoint16)
6.940: (take_image rover0 waypoint15 objective6 camera3 high_res)
6.949: (take_image rover0 waypoint15 objective0 camera3 high_res)
6.949: (calibrate rover1 camera0 objective0 waypoint16)
6.952: (navigate rover3 waypoint10 waypoint9)
6.953: (calibrate rover1 camera0 objective0 waypoint16)
6.956: (calibrate rover0 camera3 objective6 waypoint15)
6.961: (calibrate rover0 camera3 objective6 waypoint15)
6.965: (calibrate rover0 camera3 objective6 waypoint15)
6.966: (navigate rover3 waypoint10 waypoint9)
6.967: (calibrate rover2 camera8 objective6 waypoint12)
6.967: (take_image rover0 waypoint15 objective0 camera3 high_res)
6.967: (take_image rover0 waypoint15 objective6 camera3 high_res)
6.967: (calibrate rover2 camera8 objective6 waypoint12)
6.969: (calibrate rover1 camera0 objective0 waypoint16)
4.927: (navigate rover2 waypoint25 waypoint28)
5.637: (navigate rover2 waypoint10 waypoint15)
5.827: (navigate rover2 waypoint9 waypoint25)
5.828: (calibrate rover2 camera8 objective6 waypoint25)
5.828: (calibrate rover0 camera3 objective6 waypoint15)
5.828: (navigate rover2 waypoint9 waypoint25)
5.829: (navigate rover2 waypoint9 waypoint25)
5.830: (calibrate rover1 camera0 objective0 waypoint16)
5.880: (navigate rover2 waypoint9 waypoint25)
5.882: (navigate rover3 waypoint16 waypoint10)
5.918: (navigate rover2 waypoint10 waypoint16)
5.933: (navigate rover2 waypoint26 waypoint23)
5.973: (drop rover3 rover3store)
5.977: (navigate rover2 waypoint9 waypoint25)
6.069: (navigate rover1 waypoint16 waypoint26)
6.092: (navigate rover1 waypoint16 waypoint12)
6.174: (calibrate rover2 camera8 objective6 waypoint12)
6.175: (calibrate rover0 camera3 objective6 waypoint15)
6.175: (calibrate rover1 camera0 objective0 waypoint16)
6.188: (communicate_rock_data rover2 general waypoint12 waypoint12 waypoint21)
6.205: (calibrate rover1 camera0 objective0 waypoint16)
6.206: (navigate rover3 waypoint9 waypoint3)
6.206: (take_image rover0 waypoint15 objective6 camera3 high_res)
6.207: (communicate_rock_data rover2 general waypoint12 waypoint12 waypoint21)
6.208: (communicate_rock_data rover2 general waypoint12 waypoint12 waypoint21)
6.211: (calibrate rover0 camera3 objective6 waypoint15)
6.211: (calibrate rover0 camera3 objective6 waypoint15)
6.212: (communicate_rock_data rover2 general waypoint12 waypoint12 waypoint21)
6.213: (communicate_rock_data rover2 general waypoint12 waypoint12 waypoint21)
6.213: (calibrate rover2 camera8 objective6 waypoint12)
6.214: (calibrate rover2 camera8 objective6 waypoint12)
6.214: (take_image rover0 waypoint15 objective6 camera3 high_res)
6.214: (take_image rover0 waypoint15 objective0 camera3 high_res)
6.215: (communicate_rock_data rover2 general waypoint12 waypoint12 waypoint21)
6.216: (calibrate rover1 camera0 objective0 waypoint16)
6.216: (take_image rover0 waypoint15 objective0 camera3 high_res)
6.217: (communicate_rock_data rover2 general waypoint12 waypoint12 waypoint21)
6.219: (navigate rover1 waypoint12 waypoint16)
6.223: (communicate_rock_data rover2 general waypoint12 waypoint12 waypoint21)
6.223: (navigate rover2 waypoint9 waypoint26)
6.228: (navigate rover3 waypoint9 waypoint12)
6.228: (calibrate rover1 camera0 objective0 waypoint16)
6.230: (navigate rover2 waypoint9 waypoint26)
6.232: (navigate rover3 waypoint10 waypoint9)
6.232: (calibrate rover0 camera3 objective6 waypoint15)
6.233: (calibrate rover0 camera3 objective6 waypoint15)
6.233: (navigate rover3 waypoint10 waypoint9)
6.234: (calibrate rover2 camera8 objective6 waypoint12)
6.234: (calibrate rover1 camera0 objective0 waypoint16)
6.235: (navigate rover3 waypoint10 waypoint9)
6.235: (navigate rover2 waypoint9 waypoint26)
6.237: (calibrate rover2 camera8 objective6 waypoint12)
6.239: (communicate_rock_data rover2 general waypoint12 waypoint12 waypoint21)
6.239: (calibrate rover1 camera0 objective0 waypoint16)
6.239: (communicate_rock_data rover2 general waypoint12 waypoint12 waypoint21)
6.239: (calibrate rover0 camera3 objective6 waypoint15)
6.239: (communicate_rock_data rover2 general waypoint12 waypoint12 waypoint21)
6.240: (calibrate rover1 camera0 objective0 waypoint16)
6.240: (navigate rover3 waypoint16 waypoint10)
6.241: (navigate rover3 waypoint16 waypoint10)
6.245: (calibrate rover0 camera3 objective6 waypoint15)
6.246: (calibrate rover2 camera8 objective6 waypoint12)
6.246: (navigate rover3 waypoint16 waypoint10)
6.254: (navigate rover3 waypoint9 waypoint13)
6.257: (calibrate rover0 camera3 objective6 waypoint15)
6.258: (take_image rover2 waypoint12 objective6 camera8 low_res)
6.258: (take_image rover1 waypoint16 objective2 camera0 colour)
6.259: (calibrate rover0 camera3 objective6 waypoint15)
6.261: (calibrate rover1 camera0 objective0 waypoint16)
6.261: (take_image rover1 waypoint16 objective2 camera0 colour)
6.261: (calibrate rover2 camera8 objective6 waypoint12)
6.262: (calibrate rover2 camera8 objective6 waypoint12)
6.262: (take_image rover2 waypoint12 objective6 camera8 low_res)
6.262: (navigate rover3 waypoint9 waypoint8)
6.263: (take_image rover2 waypoint12 objective1 camera8 low_res)
6.264: (calibrate rover0 camera3 objective6 waypoint15)
6.266: (calibrate rover1 camera0 objective0 waypoint16)
6.267: (take_image rover1 waypoint16 objective0 camera0 colour)
6.268: (calibrate rover2 camera8 objective6 waypoint12)
6.268: (calibrate rover0 camera3 objective6 waypoint15)
6.268: (calibrate rover2 camera8 objective6 waypoint12)
6.269: (calibrate rover2 camera8 objective6 waypoint12)
6.269: (calibrate rover2 camera8 objective6 waypoint12)
6.270: (take_image rover1 waypoint16 objective0 camera0 colour)
6.270: (calibrate rover1 camera0 objective0 waypoint16)
6.270: (take_image rover2 waypoint12 objective1 camera8 low_res)
6.271: (take_image rover2 waypoint12 objective3 camera8 low_res)
6.272: (calibrate rover0 camera3 objective6 waypoint15)
6.272: (calibrate rover0 camera3 objective6 waypoint15)
6.272: (take_image rover2 waypoint12 objective0 camera8 low_res)
6.273: (navigate rover2 waypoint10 waypoint18)
6.273: (take_image rover1 waypoint16 objective7 camera0 colour)
6.273: (calibrate rover0 camera3 objective6 waypoint15)
6.274: (navigate rover2 waypoint9 waypoint10)
6.274: (navigate rover1 waypoint16 waypoint17)
6.274: (take_image rover0 waypoint15 objective6 camera3 high_res)
6.274: (take_image rover1 waypoint16 objective9 camera0 colour)
6.275: (calibrate rover2 camera8 objective6 waypoint12)
6.275: (navigate rover3 waypoint16 waypoint10)
6.276: (take_image rover1 waypoint16 objective7 camera0 colour)
6.276: (take_image rover1 waypoint16 objective9 camera0 colour)
6.276: (calibrate rover0 camera3 objective6 waypoint15)
6.276: (calibrate rover1 camera0 objective0 waypoint16)
6.276: (navigate rover2 waypoint9 waypoint26)
6.278: (calibrate rover1 camera0 objective0 waypoint16)
6.279: (calibrate rover0 camera3 objective6 waypoint15)
6.279: (take_image rover2 waypoint12 objective3 camera8 low_res)
6.279: (calibrate rover2 camera8 objective6 waypoint12)
6.279: (calibrate rover1 camera0 objective0 waypoint16)
6.279: (take_image rover2 waypoint12 objective0 camera8 low_res)
6.280: (navigate rover3 waypoint16 waypoint10)
6.280: (calibrate rover1 camera0 objective0 waypoint16)
6.281: (calibrate rover1 camera0 objective0 waypoint16)
6.284: (navigate rover3 waypoint16 waypoint10)
6.285: (communicate_image_data rover2 general objective6 low_res waypoint12 waypoint21)
6.285: (take_image rover0 waypoint15 objective0 camera3 high_res)
6.285: (communicate_image_data rover1 general objective2 colour waypoint16 waypoint21)
6.288: (navigate rover2 waypoint9 waypoint10)
6.288: (calibrate rover1 camera0 objective0 waypoint16)
6.289: (navigate rover2 waypoint9 waypoint10)
4.647: (sample_rock rover2 rover2store waypoint28)
4.886: (calibrate rover1 camera0 objective0 waypoint16)
4.886: (navigate rover2 waypoint25 waypoint28)
4.895: (calibrate rover0 camera3 objective6 waypoint15)
4.895: (navigate rover2 waypoint25 waypoint28)
4.909: (navigate rover2 waypoint25 waypoint28)
4.909: (calibrate rover2 camera8 objective6 waypoint28)
4.936: (navigate rover1 waypoint16 waypoint26)
4.937: (navigate rover2 waypoint25 waypoint28)
5.000: (navigate rover2 waypoint25 waypoint28)
5.001: (navigate rover3 waypoint16 waypoint10)
5.013: (navigate rover2 waypoint25 waypoint28)
5.015: (navigate rover1 waypoint16 waypoint12)
5.015: (drop rover3 rover3store)
5.016: (navigate rover2 waypoint25 waypoint28)
5.160: (navigate rover1 waypoint16 waypoint17)
5.165: (navigate rover2 waypoint25 waypoint28)
5.318: (navigate rover1 waypoint16 waypoint29)
5.444: (navigate rover1 waypoint16 waypoint4)
5.489: (navigate rover1 waypoint16 waypoint5)
5.593: (navigate rover2 waypoint10 waypoint15)
5.601: (calibrate rover1 camera0 objective0 waypoint16)
5.608: (navigate rover2 waypoint10 waypoint15)
5.616: (calibrate rover2 camera8 objective6 waypoint15)
5.625: (navigate rover2 waypoint10 waypoint15)
5.628: (calibrate rover0 camera3 objective6 waypoint15)
5.654: (navigate rover0 waypoint15 waypoint2)
5.722: (sample_rock rover2 rover2store waypoint15)
5.728: (navigate rover3 waypoint16 waypoint10)
5.731: (drop rover3 rover3store)
5.749: (navigate rover1 waypoint16 waypoint21)
5.805: (calibrate rover1 camera0 objective0 waypoint16)
5.805: (calibrate rover2 camera8 objective6 waypoint25)
5.806: (calibrate rover0 camera3 objective6 waypoint15)
5.806: (calibrate rover1 camera0 objective0 waypoint16)
5.812: (calibrate rover0 camera3 objective6 waypoint15)
5.813: (calibrate rover2 camera8 objective6 waypoint25)
5.833: (take_image rover0 waypoint15 objective6 camera3 high_res)
5.844: (take_image rover0 waypoint15 objective0 camera3 high_res)
5.854: (calibrate rover1 camera0 objective0 waypoint16)
5.854: (navigate rover3 waypoint16 waypoint10)
5.857: (navigate rover3 waypoint16 waypoint10)
5.859: (calibrate rover2 camera8 objective6 waypoint25)
5.863: (navigate rover3 waypoint16 waypoint10)
5.863: (calibrate rover0 camera3 objective6 waypoint15)
5.865: (sample_soil rover0 rover0store waypoint15)
5.870: (navigate rover3 waypoint10 waypoint9)
5.875: (take_image rover2 waypoint25 objective6 camera8 low_res)
5.880: (calibrate rover1 camera0 objective0 waypoint16)
5.882: (take_image rover2 waypoint25 objective2 camera8 low_res)
5.889: (navigate rover2 waypoint10 waypoint16)
5.890: (take_image rover2 waypoint25 objective0 camera8 low_res)
5.891: (calibrate rover1 camera0 objective0 waypoint16)
5.892: (navigate rover2 waypoint26 waypoint23)
5.892: (take_image rover2 waypoint25 objective3 camera8 low_res)
5.893: (navigate rover2 waypoint10 waypoint16)
5.894: (take_image rover1 waypoint16 objective2 camera0 colour)
5.895: (calibrate rover0 camera3 objective6 waypoint15)
5.901: (take_image rover1 waypoint16 objective0 camera0 colour)
5.902: (navigate rover2 waypoint26 waypoint23)
5.903: (navigate rover2 waypoint10 waypoint16)
5.907: (navigate rover0 waypoint15 waypoint8)
5.907: (calibrate rover0 camera3 objective6 waypoint15)
5.911: (take_image rover1 waypoint16 objective9 camera0 colour)
5.911: (take_image rover1 waypoint16 objective7 camera0 colour)
5.917: (navigate rover0 waypoint15 waypoint26)
5.920: (navigate rover2 waypoint26 waypoint23)
5.920: (calibrate rover2 camera5 objective10 waypoint23)
5.926: (navigate rover0 waypoint15 waypoint8)
5.931: (navigate rover0 waypoint15 waypoint2)
5.948: (drop rover3 rover3store)
5.950: (calibrate rover0 camera3 objective6 waypoint15)
5.950: (calibrate rover2 camera8 objective6 waypoint25)
5.950: (drop rover3 rover3store)
5.952: (navigate rover3 waypoint16 waypoint10)
5.952: (calibrate rover1 camera0 objective0 waypoint16)
5.952: (drop rover3 rover3store)
5.955: (navigate rover2 waypoint26 waypoint23)
5.993: (navigate rover3 waypoint16 waypoint10)
6.020: (drop rover3 rover3store)
6.027: (drop rover3 rover3store)
6.039: (navigate rover1 waypoint16 waypoint26)
6.040: (calibrate rover2 camera8 objective6 waypoint25)
6.042: (navigate rover1 waypoint16 waypoint26)
6.047: (navigate rover0 waypoint15 waypoint26)
6.056: (calibrate rover2 camera8 objective6 waypoint25)
6.056: (navigate rover1 waypoint16 waypoint12)
6.067: (calibrate rover1 camera1 objective1 waypoint12)
6.069: (calibrate rover0 camera3 objective6 waypoint15)
6.070: (navigate rover1 waypoint16 waypoint26)
6.074: (calibrate rover1 camera0 objective0 waypoint12)
6.076: (navigate rover1 waypoint16 waypoint12)
6.076: (calibrate rover0 camera3 objective6 waypoint15)
6.076: (drop rover3 rover3store)
6.076: (navigate rover3 waypoint16 waypoint10)
6.077: (navigate rover1 waypoint16 waypoint12)
6.131: (navigate rover3 waypoint16 waypoint10)
6.132: (navigate rover1 waypoint16 waypoint26)
6.136: (navigate rover3 waypoint3 waypoint1)
6.154: (navigate rover1 waypoint16 waypoint12)
6.155: (navigate rover3 waypoint16 waypoint10)
6.172: (navigate rover1 waypoint16 waypoint12)
6.173: (navigate rover2 waypoint15 waypoint2)
6.173: (navigate rover3 waypoint8 waypoint18)
6.179: (navigate rover3 waypoint9 waypoint3)
6.179: (calibrate rover1 camera0 objective0 waypoint16)
6.181: (navigate rover3 waypoint9 waypoint3)
6.182: (calibrate rover0 camera3 objective6 waypoint15)
6.182: (navigate rover3 waypoint3 waypoint6)
6.184: (navigate rover3 waypoint9 waypoint3)
6.185: (navigate rover3 waypoint8 waypoint15)
6.185: (calibrate rover2 camera8 objective6 waypoint12)
6.187: (calibrate rover2 camera8 objective6 waypoint12)
6.188: (calibrate rover0 camera3 objective6 waypoint15)
6.188: (calibrate rover1 camera0 objective0 waypoint16)
6.189: (calibrate rover1 camera0 objective0 waypoint16)
6.190: (calibrate rover0 camera3 objective6 waypoint15)
6.190: (calibrate rover2 camera8 objective6 waypoint12)
6.191: (calibrate rover0 camera3 objective6 waypoint15)
6.191: (calibrate rover2 camera8 objective6 waypoint12)
3.697: (drop rover2 rover2store)
4.581: (sample_rock rover2 rover2store waypoint28)
4.582: (navigate rover1 waypoint16 waypoint26)
4.604: (calibrate rover0 camera3 objective6 waypoint15)
4.604: (sample_rock rover2 rover2store waypoint28)
4.620: (sample_rock rover2 rover2store waypoint28)
4.621: (navigate rover3 waypoint16 waypoint10)
4.627: (calibrate rover1 camera0 objective0 waypoint16)
4.628: (navigate rover1 waypoint16 waypoint12)
4.628: (sample_rock rover2 rover2store waypoint28)
4.628: (sample_rock rover2 rover2store waypoint28)
4.638: (sample_rock rover2 rover2store waypoint28)
4.638: (calibrate rover2 camera8 objective6 waypoint28)
4.688: (drop rover2 rover2store)
4.740: (drop rover3 rover3store)
4.741: (sample_rock rover2 rover2store waypoint28)
4.837: (navigate rover2 waypoint28 waypoint25)
4.854: (calibrate rover1 camera0 objective0 waypoint16)
4.854: (calibrate rover0 camera3 objective6 waypoint15)
4.858: (navigate rover2 waypoint25 waypoint28)
4.864: (navigate rover2 waypoint25 waypoint28)
4.867: (calibrate rover1 camera0 objective0 waypoint16)
4.867: (calibrate rover2 camera8 objective6 waypoint28)
4.886: (navigate rover2 waypoint25 waypoint28)
4.887: (calibrate rover0 camera3 objective6 waypoint15)
4.887: (calibrate rover2 camera8 objective6 waypoint28)
4.889: (sample_rock rover2 rover2store waypoint28)
4.889: (navigate rover1 waypoint16 waypoint17)
4.897: (navigate rover1 waypoint16 waypoint26)
4.898: (navigate rover2 waypoint25 waypoint28)
4.898: (drop rover0 rover0store)
4.910: (take_image rover0 waypoint15 objective6 camera3 high_res)
4.911: (navigate rover2 waypoint25 waypoint28)
4.913: (calibrate rover2 camera8 objective6 waypoint28)
4.913: (navigate rover1 waypoint16 waypoint26)
4.919: (take_image rover0 waypoint15 objective0 camera3 high_res)
4.919: (navigate rover2 waypoint25 waypoint28)
4.924: (calibrate rover0 camera3 objective6 waypoint15)
4.924: (navigate rover1 waypoint16 waypoint26)
4.924: (navigate rover2 waypoint25 waypoint28)
4.929: (navigate rover2 waypoint25 waypoint28)
4.940: (navigate rover2 waypoint25 waypoint28)
4.941: (navigate rover3 waypoint10 waypoint9)
4.950: (navigate rover3 waypoint16 waypoint10)
4.951: (navigate rover2 waypoint25 waypoint28)
4.951: (calibrate rover1 camera0 objective0 waypoint16)
4.956: (navigate rover2 waypoint25 waypoint28)
4.962: (navigate rover2 waypoint25 waypoint28)
4.965: (navigate rover1 waypoint16 waypoint29)
4.966: (sample_rock rover2 rover2store waypoint28)
4.966: (take_image rover1 waypoint16 objective2 camera0 colour)
4.966: (calibrate rover0 camera3 objective6 waypoint15)
4.968: (navigate rover2 waypoint25 waypoint28)
4.968: (take_image rover1 waypoint16 objective0 camera0 colour)
4.969: (navigate rover3 waypoint16 waypoint10)
4.969: (navigate rover2 waypoint25 waypoint28)
4.970: (take_image rover2 waypoint28 objective4 camera8 low_res)
4.970: (navigate rover2 waypoint25 waypoint28)
4.971: (calibrate rover1 camera0 objective0 waypoint16)
4.971: (drop rover3 rover3store)
4.972: (navigate rover3 waypoint16 waypoint10)
4.972: (navigate rover1 waypoint16 waypoint26)
4.974: (take_image rover2 waypoint28 objective6 camera8 low_res)
4.976: (navigate rover2 waypoint25 waypoint28)
4.978: (take_image rover1 waypoint16 objective7 camera0 colour)
4.979: (take_image rover1 waypoint16 objective9 camera0 colour)
4.979: (navigate rover2 waypoint25 waypoint28)
4.979: (take_image rover2 waypoint28 objective2 camera8 low_res)
4.980: (navigate rover2 waypoint25 waypoint28)
4.980: (navigate rover2 waypoint25 waypoint28)
4.980: (calibrate rover2 camera8 objective6 waypoint28)
4.981: (calibrate rover0 camera3 objective6 waypoint15)
4.981: (navigate rover2 waypoint25 waypoint28)
4.981: (navigate rover3 waypoint16 waypoint10)
4.982: (drop rover3 rover3store)
4.985: (navigate rover2 waypoint25 waypoint28)
4.985: (navigate rover2 waypoint25 waypoint28)
4.987: (calibrate rover1 camera1 objective1 waypoint12)
4.987: (navigate rover2 waypoint25 waypoint28)
4.988: (navigate rover2 waypoint25 waypoint28)
4.988: (calibrate rover0 camera3 objective6 waypoint15)
4.988: (navigate rover1 waypoint16 waypoint12)
4.990: (navigate rover2 waypoint25 waypoint28)
4.991: (navigate rover1 waypoint16 waypoint12)
4.991: (calibrate rover1 camera0 objective0 waypoint12)
4.992: (take_image rover2 waypoint28 objective0 camera8 low_res)
4.994: (calibrate rover2 camera8 objective6 waypoint28)
4.994: (navigate rover1 waypoint16 waypoint12)
4.994: (navigate rover2 waypoint25 waypoint28)
4.995: (navigate rover1 waypoint16 waypoint5)
4.996: (sample_rock rover2 rover2store waypoint28)
4.997: (drop rover3 rover3store)
4.997: (calibrate rover2 camera8 objective6 waypoint28)
4.998: (navigate rover2 waypoint25 waypoint28)
4.998: (navigate rover2 waypoint25 waypoint28)
5.021: (navigate rover3 waypoint16 waypoint10)
5.023: (navigate rover1 waypoint16 waypoint12)
5.024: (drop rover3 rover3store)
5.025: (navigate rover1 waypoint16 waypoint26)
5.027: (navigate rover1 waypoint29 waypoint8)
5.028: (navigate rover2 waypoint25 waypoint28)
5.076: (navigate rover1 waypoint16 waypoint12)
5.076: (drop rover3 rover3store)
5.112: (calibrate rover1 camera1 objective1 waypoint17)
5.119: (calibrate rover1 camera0 objective0 waypoint17)
5.120: (navigate rover1 waypoint16 waypoint17)
5.135: (calibrate rover0 camera3 objective6 waypoint15)
5.135: (navigate rover1 waypoint16 waypoint17)
5.141: (navigate rover3 waypoint16 waypoint10)
5.141: (drop rover3 rover3store)
5.146: (navigate rover1 waypoint16 waypoint17)
5.147: (calibrate rover2 camera8 objective6 waypoint28)
5.150: (navigate rover2 waypoint25 waypoint28)
5.180: (navigate rover1 waypoint16 waypoint4)
5.181: (sample_rock rover2 rover2store waypoint28)
5.196: (navigate rover1 waypoint16 waypoint17)
5.197: (navigate rover3 waypoint16 waypoint10)
5.203: (drop rover3 rover3store)
5.203: (navigate rover1 waypoint16 waypoint17)
5.233: (navigate rover1 waypoint29 waypoint0)
3.657: (drop rover2 rover2store)
3.657: (calibrate rover0 camera3 objective6 waypoint15)
3.663: (calibrate rover2 camera8 objective6 waypoint28)
3.663: (drop rover2 rover2store)
3.677: (drop rover2 rover2store)
3.678: (calibrate rover1 camera0 objective0 waypoint16)
3.713: (drop rover2 rover2store)
3.713: (navigate rover3 waypoint16 waypoint10)
3.720: (navigate rover1 waypoint16 waypoint26)
3.720: (drop rover2 rover2store)
3.746: (navigate rover1 waypoint16 waypoint12)
3.746: (drop rover2 rover2store)
3.796: (drop rover3 rover3store)
3.796: (drop rover2 rover2store)
3.965: (drop rover2 rover2store)
3.966: (navigate rover1 waypoint16 waypoint17)
4.010: (navigate rover2 waypoint28 waypoint25)
4.011: (drop rover2 rover2store)
4.053: (drop rover2 rover2store)
4.054: (navigate rover1 waypoint16 waypoint5)
4.065: (navigate rover1 waypoint16 waypoint29)
4.068: (drop rover2 rover2store)
4.259: (drop rover2 rover2store)
4.260: (navigate rover1 waypoint16 waypoint4)
4.389: (navigate rover0 waypoint15 waypoint2)
4.482: (navigate rover1 waypoint16 waypoint21)
4.531: (navigate rover3 waypoint16 waypoint10)
4.531: (navigate rover1 waypoint16 waypoint26)
4.532: (sample_rock rover2 rover2store waypoint28)
4.541: (navigate rover1 waypoint0 waypoint15)
4.553: (sample_rock rover2 rover2store waypoint28)
4.554: (calibrate rover0 camera3 objective6 waypoint15)
4.554: (sample_rock rover2 rover2store waypoint28)
4.554: (navigate rover1 waypoint16 waypoint26)
4.557: (navigate rover3 waypoint16 waypoint10)
4.557: (navigate rover1 waypoint16 waypoint12)
4.562: (sample_rock rover2 rover2store waypoint28)
4.563: (navigate rover1 waypoint16 waypoint26)
4.569: (navigate rover2 waypoint28 waypoint25)
4.570: (navigate rover1 waypoint16 waypoint26)
4.576: (sample_rock rover2 rover2store waypoint28)
4.576: (calibrate rover0 camera3 objective6 waypoint15)
4.576: (navigate rover3 waypoint16 waypoint10)
4.582: (sample_rock rover2 rover2store waypoint28)
4.583: (calibrate rover1 camera0 objective0 waypoint16)
4.583: (calibrate rover0 camera3 objective6 waypoint15)
4.584: (sample_soil rover0 rover0store waypoint15)
4.589: (calibrate rover0 camera3 objective6 waypoint15)
4.590: (navigate rover1 waypoint16 waypoint12)
4.591: (sample_rock rover2 rover2store waypoint28)
4.594: (sample_rock rover2 rover2store waypoint28)
4.595: (navigate rover3 waypoint10 waypoint9)
4.598: (sample_rock rover2 rover2store waypoint28)
4.599: (calibrate rover2 camera8 objective6 waypoint28)
4.599: (navigate rover1 waypoint16 waypoint26)
4.599: (navigate rover3 waypoint16 waypoint10)
4.600: (calibrate rover1 camera0 objective0 waypoint16)
4.600: (sample_rock rover2 rover2store waypoint28)
4.601: (sample_rock rover2 rover2store waypoint28)
4.602: (calibrate rover0 camera3 objective6 waypoint15)
4.603: (calibrate rover2 camera8 objective6 waypoint28)
4.605: (calibrate rover1 camera1 objective1 waypoint12)
4.606: (sample_rock rover2 rover2store waypoint28)
4.607: (navigate rover0 waypoint15 waypoint26)
4.609: (calibrate rover1 camera0 objective0 waypoint12)
4.610: (navigate rover1 waypoint16 waypoint12)
4.611: (navigate rover2 waypoint28 waypoint25)
4.611: (navigate rover1 waypoint16 waypoint12)
4.615: (calibrate rover1 camera0 objective0 waypoint16)
4.615: (sample_rock rover2 rover2store waypoint28)
4.615: (calibrate rover2 camera8 objective6 waypoint28)
4.618: (sample_rock rover2 rover2store waypoint28)
4.618: (calibrate rover2 camera8 objective6 waypoint28)
4.619: (sample_rock rover2 rover2store waypoint28)
4.621: (navigate rover3 waypoint16 waypoint10)
4.624: (sample_rock rover2 rover2store waypoint28)
4.626: (navigate rover1 waypoint16 waypoint12)
4.627: (calibrate rover2 camera8 objective6 waypoint28)
4.628: (take_image rover0 waypoint15 objective6 camera3 high_res)
4.630: (sample_rock rover2 rover2store waypoint28)
4.638: (sample_rock rover2 rover2store waypoint28)
4.641: (take_image rover0 waypoint15 objective0 camera3 high_res)
4.641: (sample_rock rover2 rover2store waypoint28)
4.659: (calibrate rover1 camera0 objective0 waypoint16)
4.662: (sample_rock rover2 rover2store waypoint28)
4.669: (drop rover3 rover3store)
4.670: (navigate rover1 waypoint16 waypoint26)
4.671: (calibrate rover2 camera8 objective6 waypoint15)
4.676: (take_image rover2 waypoint28 objective6 camera8 low_res)
4.681: (sample_rock rover2 rover2store waypoint28)
4.682: (sample_rock rover2 rover2store waypoint28)
4.684: (take_image rover2 waypoint28 objective2 camera8 low_res)
4.685: (take_image rover1 waypoint16 objective2 camera0 colour)
4.685: (sample_rock rover2 rover2store waypoint28)
4.685: (sample_rock rover2 rover2store waypoint28)
4.685: (sample_rock rover2 rover2store waypoint28)
4.687: (calibrate rover0 camera3 objective6 waypoint15)
4.688: (take_image rover2 waypoint28 objective4 camera8 low_res)
4.689: (take_image rover2 waypoint28 objective0 camera8 low_res)
4.691: (sample_rock rover2 rover2store waypoint28)
4.693: (sample_rock rover2 rover2store waypoint28)
4.693: (take_image rover1 waypoint16 objective0 camera0 colour)
4.696: (sample_rock rover2 rover2store waypoint28)
4.697: (calibrate rover0 camera3 objective6 waypoint15)
4.697: (drop rover3 rover3store)
4.697: (navigate rover3 waypoint16 waypoint10)
4.697: (sample_rock rover2 rover2store waypoint28)
4.700: (sample_rock rover2 rover2store waypoint28)
4.704: (navigate rover2 waypoint25 waypoint9)
4.705: (take_image rover1 waypoint16 objective7 camera0 colour)
4.706: (take_image rover1 waypoint16 objective9 camera0 colour)
4.714: (sample_rock rover2 rover2store waypoint28)
4.715: (navigate rover2 waypoint28 waypoint25)
4.716: (navigate rover1 waypoint16 waypoint12)
4.716: (navigate rover3 waypoint16 waypoint10)
4.716: (drop rover3 rover3store)
4.717: (sample_rock rover2 rover2store waypoint28)
4.718: (drop rover3 rover3store)
4.719: (calibrate rover1 camera0 objective0 waypoint16)
4.727: (navigate rover0 waypoint15 waypoint8)
3.630: (calibrate rover2 camera8 objective6 waypoint28)
3.630: (calibrate rover0 camera3 objective6 waypoint15)
3.632: (drop rover2 rover2store)
3.634: (drop rover2 rover2store)
3.637: (drop rover2 rover2store)
3.637: (calibrate rover1 camera0 objective0 waypoint16)
3.637: (calibrate rover0 camera3 objective6 waypoint15)
3.639: (calibrate rover1 camera0 objective0 waypoint16)
3.639: (calibrate rover2 camera8 objective6 waypoint28)
3.652: (drop rover2 rover2store)
3.654: (navigate rover3 waypoint10 waypoint9)
3.662: (drop rover2 rover2store)
3.670: (drop rover0 rover0store)
3.675: (calibrate rover0 camera3 objective6 waypoint15)
3.675: (navigate rover3 waypoint16 waypoint10)
3.676: (navigate rover3 waypoint16 waypoint10)
3.676: (drop rover2 rover2store)
3.676: (drop rover2 rover2store)
3.677: (calibrate rover2 camera8 objective6 waypoint28)
3.678: (take_image rover0 waypoint15 objective6 camera3 high_res)
3.683: (drop rover2 rover2store)
3.683: (drop rover2 rover2store)
3.685: (calibrate rover2 camera8 objective6 waypoint28)
3.685: (navigate rover1 waypoint16 waypoint26)
3.691: (take_image rover0 waypoint15 objective0 camera3 high_res)
3.693: (calibrate rover1 camera0 objective0 waypoint16)
3.693: (navigate rover3 waypoint16 waypoint10)
3.695: (drop rover2 rover2store)
3.698: (drop rover2 rover2store)
3.700: (drop rover2 rover2store)
3.701: (navigate rover3 waypoint16 waypoint10)
3.701: (navigate rover1 waypoint16 waypoint26)
3.703: (navigate rover1 waypoint16 waypoint12)
3.703: (calibrate rover2 camera8 objective6 waypoint28)
3.703: (drop rover2 rover2store)
3.704: (drop rover2 rover2store)
3.706: (drop rover2 rover2store)
3.706: (calibrate rover0 camera3 objective6 waypoint15)
3.707: (navigate rover1 waypoint16 waypoint26)
3.707: (navigate rover1 waypoint16 waypoint26)
3.715: (drop rover2 rover2store)
3.716: (navigate rover1 waypoint16 waypoint12)
3.717: (calibrate rover0 camera3 objective6 waypoint15)
3.730: (calibrate rover1 camera1 objective1 waypoint12)
3.733: (calibrate rover1 camera0 objective0 waypoint12)
3.733: (drop rover2 rover2store)
3.733: (navigate rover1 waypoint16 waypoint12)
3.735: (take_image rover1 waypoint16 objective2 camera0 colour)
3.736: (drop rover2 rover2store)
3.736: (drop rover2 rover2store)
3.738: (take_image rover2 waypoint28 objective6 camera8 low_res)
3.739: (take_image rover2 waypoint28 objective4 camera8 low_res)
3.742: (drop rover2 rover2store)
3.742: (navigate rover3 waypoint16 waypoint10)
3.742: (drop rover2 rover2store)
3.743: (take_image rover1 waypoint16 objective0 camera0 colour)
3.743: (navigate rover1 waypoint16 waypoint12)
3.743: (drop rover2 rover2store)
3.745: (take_image rover2 waypoint28 objective2 camera8 low_res)
3.745: (drop rover2 rover2store)
3.752: (drop rover2 rover2store)
3.755: (drop rover2 rover2store)
3.755: (calibrate rover0 camera3 objective6 waypoint15)
3.755: (take_image rover1 waypoint16 objective7 camera0 colour)
3.756: (drop rover3 rover3store)
3.756: (take_image rover1 waypoint16 objective9 camera0 colour)
3.757: (drop rover2 rover2store)
3.760: (take_image rover2 waypoint28 objective0 camera8 low_res)
3.760: (drop rover2 rover2store)
3.761: (drop rover2 rover2store)
3.761: (calibrate rover2 camera8 objective6 waypoint28)
3.761: (drop rover3 rover3store)
3.768: (drop rover2 rover2store)
3.771: (drop rover2 rover2store)
3.775: (drop rover3 rover3store)
3.776: (calibrate rover1 camera0 objective0 waypoint16)
3.811: (navigate rover1 waypoint16 waypoint26)
3.812: (drop rover3 rover3store)
3.813: (drop rover2 rover2store)
3.825: (navigate rover1 waypoint16 waypoint26)
3.825: (drop rover2 rover2store)
3.826: (navigate rover2 waypoint28 waypoint25)
3.830: (drop rover2 rover2store)
3.833: (navigate rover1 waypoint16 waypoint12)
3.833: (drop rover2 rover2store)
3.834: (navigate rover2 waypoint28 waypoint25)
3.835: (navigate rover2 waypoint25 waypoint9)
3.836: (drop rover2 rover2store)
3.837: (navigate rover1 waypoint16 waypoint12)
3.838: (drop rover3 rover3store)
3.885: (navigate rover3 waypoint16 waypoint10)
3.885: (drop rover3 rover3store)
3.929: (navigate rover1 waypoint16 waypoint17)
3.930: (calibrate rover2 camera8 objective6 waypoint28)
3.937: (navigate rover1 waypoint16 waypoint17)
3.939: (navigate rover1 waypoint29 waypoint8)
3.939: (calibrate rover0 camera3 objective6 waypoint15)
3.948: (calibrate rover1 camera1 objective1 waypoint17)
3.953: (navigate rover1 waypoint16 waypoint17)
3.954: (calibrate rover1 camera0 objective0 waypoint17)
3.958: (navigate rover1 waypoint29 waypoint0)
3.969: (drop rover2 rover2store)
3.972: (navigate rover3 waypoint16 waypoint10)
3.973: (navigate rover3 waypoint16 waypoint10)
3.973: (navigate rover1 waypoint16 waypoint17)
3.973: (navigate rover2 waypoint28 waypoint25)
3.978: (calibrate rover0 camera3 objective6 waypoint15)
3.978: (navigate rover2 waypoint28 waypoint25)
3.990: (navigate rover2 waypoint28 waypoint25)
3.990: (calibrate rover2 camera8 objective6 waypoint25)
3.997: (navigate rover2 waypoint28 waypoint25)
3.998: (calibrate rover1 camera0 objective0 waypoint16)
4.018: (navigate rover1 waypoint16 waypoint17)
4.018: (navigate rover2 waypoint28 waypoint25)
4.018: (navigate rover1 waypoint16 waypoint5)
4.018: (sample_rock rover2 rover2store waypoint28)
4.019: (calibrate rover2 camera8 objective6 waypoint28)
4.027: (navigate rover1 waypoint16 waypoint5)
4.027: (calibrate rover0 camera3 objective6 waypoint15)
4.030: (navigate rover1 waypoint16 waypoint29)
2.348: (sample_rock rover1 rover1store waypoint15)
3.285: (navigate rover1 waypoint0 waypoint15)
3.300: (drop rover2 rover2store)
3.452: (navigate rover2 waypoint9 waypoint26)
3.531: (navigate rover2 waypoint9 waypoint12)
3.599: (navigate rover3 waypoint9 waypoint3)
3.606: (calibrate rover1 camera0 objective0 waypoint16)
3.606: (calibrate rover0 camera3 objective6 waypoint15)
3.606: (calibrate rover2 camera8 objective6 waypoint28)
3.607: (navigate rover2 waypoint9 waypoint10)
3.614: (calibrate rover0 camera3 objective6 waypoint15)
3.614: (navigate rover3 waypoint10 waypoint9)
3.620: (navigate rover3 waypoint10 waypoint9)
3.622: (calibrate rover2 camera8 objective6 waypoint28)
3.624: (calibrate rover0 camera3 objective6 waypoint15)
3.633: (navigate rover3 waypoint9 waypoint8)
3.633: (navigate rover3 waypoint10 waypoint9)
3.633: (calibrate rover1 camera0 objective0 waypoint16)
3.638: (calibrate rover2 camera8 objective6 waypoint28)
3.644: (calibrate rover2 camera8 objective6 waypoint28)
3.644: (calibrate rover0 camera3 objective6 waypoint15)
3.645: (navigate rover3 waypoint16 waypoint10)
3.648: (calibrate rover0 camera3 objective6 waypoint15)
3.649: (calibrate rover2 camera8 objective6 waypoint28)
3.651: (take_image rover0 waypoint15 objective6 camera3 high_res)
3.651: (calibrate rover1 camera0 objective0 waypoint16)
3.651: (calibrate rover0 camera3 objective6 waypoint15)
3.653: (navigate rover3 waypoint16 waypoint10)
3.654: (calibrate rover1 camera0 objective0 waypoint16)
3.654: (calibrate rover2 camera8 objective6 waypoint28)
3.655: (calibrate rover0 camera3 objective6 waypoint15)
3.655: (calibrate rover1 camera0 objective0 waypoint16)
3.656: (take_image rover0 waypoint15 objective0 camera3 high_res)
3.656: (navigate rover3 waypoint16 waypoint10)
3.657: (navigate rover3 waypoint9 waypoint13)
3.657: (calibrate rover2 camera8 objective6 waypoint28)
3.658: (navigate rover1 waypoint16 waypoint26)
3.658: (navigate rover2 waypoint25 waypoint9)
3.658: (calibrate rover1 camera0 objective0 waypoint16)
3.658: (take_image rover0 waypoint15 objective6 camera3 high_res)
3.661: (calibrate rover2 camera8 objective6 waypoint28)
3.662: (navigate rover1 waypoint16 waypoint26)
3.662: (navigate rover3 waypoint16 waypoint10)
3.664: (calibrate rover2 camera8 objective6 waypoint28)
3.668: (navigate rover1 waypoint16 waypoint12)
3.669: (navigate rover3 waypoint10 waypoint9)
3.669: (navigate rover1 waypoint16 waypoint26)
3.672: (take_image rover0 waypoint15 objective0 camera3 high_res)
3.673: (navigate rover3 waypoint10 waypoint9)
3.673: (navigate rover1 waypoint16 waypoint26)
3.673: (calibrate rover1 camera0 objective0 waypoint16)
3.678: (calibrate rover2 camera8 objective6 waypoint28)
3.678: (navigate rover1 waypoint17 waypoint16)
3.679: (calibrate rover0 camera3 objective6 waypoint15)
3.679: (navigate rover1 waypoint16 waypoint26)
3.680: (navigate rover1 waypoint12 waypoint16)
3.681: (navigate rover3 waypoint9 waypoint12)
3.681: (navigate rover2 waypoint25 waypoint9)
3.681: (navigate rover1 waypoint16 waypoint12)
3.682: (navigate rover3 waypoint16 waypoint10)
3.683: (navigate rover1 waypoint16 waypoint12)
3.683: (calibrate rover0 camera3 objective6 waypoint15)
3.684: (calibrate rover0 camera3 objective6 waypoint15)
3.684: (calibrate rover2 camera8 objective6 waypoint28)
3.685: (navigate rover3 waypoint16 waypoint10)
3.685: (calibrate rover1 camera1 objective1 waypoint12)
3.687: (calibrate rover2 camera8 objective6 waypoint28)
3.688: (navigate rover1 waypoint16 waypoint26)
3.688: (calibrate rover1 camera0 objective0 waypoint12)
3.689: (calibrate rover0 camera3 objective6 waypoint15)
3.689: (calibrate rover2 camera8 objective6 waypoint28)
3.691: (navigate rover1 waypoint16 waypoint12)
3.692: (calibrate rover2 camera8 objective6 waypoint28)
3.693: (navigate rover1 waypoint16 waypoint26)
3.693: (take_image rover0 waypoint15 objective6 camera3 high_res)
3.694: (navigate rover3 waypoint16 waypoint10)
3.694: (navigate rover1 waypoint16 waypoint26)
3.694: (navigate rover3 waypoint16 waypoint10)
3.695: (navigate rover1 waypoint16 waypoint12)
3.695: (calibrate rover0 camera3 objective6 waypoint15)
3.695: (calibrate rover0 camera3 objective6 waypoint15)
3.695: (take_image rover1 waypoint16 objective2 camera0 colour)
3.696: (navigate rover3 waypoint16 waypoint10)
3.699: (calibrate rover1 camera1 objective1 waypoint12)
3.699: (calibrate rover0 camera3 objective6 waypoint15)
3.699: (take_image rover2 waypoint28 objective4 camera8 low_res)
3.699: (calibrate rover2 camera8 objective6 waypoint28)
3.699: (take_image rover1 waypoint16 objective2 camera0 colour)
3.699: (calibrate rover0 camera3 objective6 waypoint15)
3.700: (take_image rover2 waypoint28 objective6 camera8 low_res)
3.702: (calibrate rover0 camera3 objective6 waypoint15)
3.703: (calibrate rover1 camera0 objective0 waypoint12)
3.703: (calibrate rover0 camera3 objective6 waypoint15)
3.703: (navigate rover1 waypoint16 waypoint12)
3.704: (take_image rover1 waypoint16 objective0 camera0 colour)
3.705: (take_image rover2 waypoint28 objective2 camera8 low_res)
3.705: (calibrate rover0 camera3 objective6 waypoint15)
3.706: (calibrate rover2 camera8 objective6 waypoint28)
3.706: (calibrate rover2 camera8 objective6 waypoint28)
3.706: (take_image rover0 waypoint15 objective0 camera3 high_res)
3.707: (take_image rover0 waypoint15 objective6 camera3 high_res)
3.707: (navigate rover1 waypoint16 waypoint26)
3.707: (calibrate rover2 camera8 objective6 waypoint28)
3.708: (navigate rover3 waypoint16 waypoint10)
3.708: (take_image rover1 waypoint16 objective0 camera0 colour)
3.712: (navigate rover1 waypoint16 waypoint26)
3.713: (take_image rover0 waypoint15 objective0 camera3 high_res)
3.714: (navigate rover1 waypoint16 waypoint26)
3.714: (calibrate rover0 camera3 objective6 waypoint15)
3.715: (calibrate rover0 camera3 objective6 waypoint15)
3.715: (calibrate rover2 camera8 objective6 waypoint28)
3.715: (take_image rover1 waypoint16 objective7 camera0 colour)
3.716: (calibrate rover2 camera8 objective6 waypoint28)
3.716: (calibrate rover0 camera3 objective6 waypoint15)
3.716: (calibrate rover2 camera8 objective6 waypoint28)
3.717: (take_image rover2 waypoint28 objective4 camera8 low_res)
3.717: (take_image rover1 waypoint16 objective9 camera0 colour)
3.717: (take_image rover2 waypoint28 objective6 camera8 low_res)
3.718: (calibrate rover1 camera0 objective0 waypoint16)
3.718: (navigate rover1 waypoint16 waypoint12)
2.117: (navigate rover0 waypoint15 waypoint2)
2.131: (navigate rover1 waypoint15 waypoint10)
2.295: (drop rover2 rover2store)
2.296: (sample_rock rover1 rover1store waypoint15)
2.306: (drop rover1 rover1store)
2.319: (calibrate rover2 camera8 objective6 waypoint28)
2.325: (navigate rover3 waypoint16 waypoint10)
2.326: (calibrate rover1 camera0 objective0 waypoint15)
2.339: (calibrate rover0 camera3 objective6 waypoint15)
2.349: (sample_soil rover0 rover0store waypoint15)
2.389: (navigate rover2 waypoint28 waypoint25)
2.390: (drop rover3 rover3store)
2.395: (navigate rover0 waypoint15 waypoint26)
2.419: (navigate rover1 waypoint15 waypoint0)
2.437: (navigate rover0 waypoint15 waypoint8)
2.549: (communicate_rock_data rover2 general waypoint28 waypoint12 waypoint21)
3.230: (navigate rover2 waypoint10 waypoint15)
3.235: (calibrate rover2 camera8 objective6 waypoint28)
3.271: (calibrate rover1 camera0 objective0 waypoint15)
3.280: (calibrate rover0 camera3 objective6 waypoint15)
3.367: (drop rover3 rover3store)
3.368: (navigate rover1 waypoint16 waypoint26)
3.369: (navigate rover2 waypoint9 waypoint26)
3.379: (navigate rover3 waypoint16 waypoint10)
3.379: (navigate rover1 waypoint16 waypoint12)
3.384: (navigate rover2 waypoint9 waypoint12)
3.413: (navigate rover2 waypoint28 waypoint25)
3.416: (navigate rover3 waypoint16 waypoint10)
3.438: (calibrate rover1 camera0 objective0 waypoint16)
3.439: (calibrate rover0 camera3 objective6 waypoint15)
3.480: (navigate rover2 waypoint10 waypoint16)
3.489: (navigate rover0 waypoint15 waypoint2)
3.508: (calibrate rover2 camera8 objective6 waypoint12)
3.510: (calibrate rover0 camera3 objective6 waypoint15)
3.512: (calibrate rover1 camera0 objective0 waypoint16)
3.514: (navigate rover1 waypoint16 waypoint26)
3.517: (navigate rover2 waypoint9 waypoint10)
3.523: (navigate rover0 waypoint15 waypoint26)
3.548: (drop rover3 rover3store)
3.556: (navigate rover1 waypoint16 waypoint12)
3.556: (navigate rover2 waypoint9 waypoint26)
3.556: (navigate rover3 waypoint16 waypoint10)
3.561: (calibrate rover0 camera3 objective6 waypoint15)
3.562: (navigate rover3 waypoint9 waypoint3)
3.567: (calibrate rover2 camera8 objective6 waypoint28)
3.568: (navigate rover3 waypoint9 waypoint3)
3.568: (navigate rover2 waypoint9 waypoint12)
3.570: (navigate rover1 waypoint16 waypoint26)
3.576: (calibrate rover1 camera0 objective0 waypoint16)
3.578: (calibrate rover1 camera0 objective0 waypoint16)
3.578: (navigate rover3 waypoint9 waypoint3)
3.582: (calibrate rover0 camera3 objective6 waypoint15)
3.585: (navigate rover1 waypoint16 waypoint17)
3.586: (navigate rover3 waypoint10 waypoint9)
3.586: (navigate rover3 waypoint13 waypoint26)
3.588: (calibrate rover0 camera3 objective6 waypoint15)
3.589: (calibrate rover2 camera8 objective6 waypoint28)
3.593: (calibrate rover1 camera0 objective0 waypoint16)
3.594: (calibrate rover0 camera3 objective6 waypoint15)
3.595: (navigate rover3 waypoint10 waypoint9)
3.595: (calibrate rover0 camera3 objective6 waypoint15)
3.595: (navigate rover3 waypoint9 waypoint8)
3.597: (calibrate rover2 camera8 objective6 waypoint28)
3.597: (calibrate rover0 camera3 objective6 waypoint15)
3.598: (calibrate rover2 camera8 objective6 waypoint28)
3.598: (calibrate rover1 camera0 objective0 waypoint16)
3.599: (calibrate rover2 camera8 objective6 waypoint28)
3.600: (navigate rover3 waypoint10 waypoint9)
3.600: (navigate rover3 waypoint9 waypoint8)
3.604: (calibrate rover1 camera0 objective0 waypoint16)
3.605: (calibrate rover0 camera3 objective6 waypoint15)
3.610: (navigate rover1 waypoint16 waypoint12)
3.611: (navigate rover2 waypoint9 waypoint10)
3.615: (calibrate rover2 camera8 objective6 waypoint28)
3.617: (navigate rover3 waypoint9 waypoint8)
3.617: (calibrate rover1 camera0 objective0 waypoint16)
3.617: (calibrate rover1 camera0 objective0 waypoint16)
3.617: (navigate rover3 waypoint9 waypoint13)
3.619: (calibrate rover0 camera3 objective6 waypoint15)
3.620: (calibrate rover0 camera3 objective6 waypoint15)
3.620: (calibrate rover1 camera0 objective0 waypoint16)
3.620: (calibrate rover2 camera8 objective6 waypoint28)
3.621: (calibrate rover2 camera8 objective6 waypoint28)
3.621: (calibrate rover2 camera8 objective6 waypoint28)
3.621: (calibrate rover2 camera8 objective6 waypoint28)
3.623: (navigate rover3 waypoint9 waypoint13)
3.623: (navigate rover3 waypoint16 waypoint10)
3.625: (navigate rover3 waypoint10 waypoint9)
3.625: (calibrate rover0 camera3 objective6 waypoint15)
3.626: (calibrate rover0 camera3 objective6 waypoint15)
3.627: (calibrate rover2 camera8 objective6 waypoint28)
3.627: (take_image rover0 waypoint15 objective6 camera3 high_res)
3.628: (calibrate rover0 camera3 objective6 waypoint15)
3.628: (navigate rover1 waypoint16 waypoint12)
3.629: (calibrate rover1 camera0 objective0 waypoint16)
3.629: (calibrate rover1 camera0 objective0 waypoint16)
3.629: (calibrate rover0 camera3 objective6 waypoint15)
3.629: (calibrate rover2 camera8 objective6 waypoint28)
3.630: (calibrate rover1 camera0 objective0 waypoint16)
3.631: (calibrate rover2 camera8 objective6 waypoint28)
3.632: (navigate rover1 waypoint12 waypoint16)
3.633: (navigate rover3 waypoint10 waypoint9)
3.633: (take_image rover0 waypoint15 objective0 camera3 high_res)
3.633: (calibrate rover1 camera0 objective0 waypoint16)
3.633: (navigate rover3 waypoint16 waypoint10)
3.634: (take_image rover0 waypoint15 objective6 camera3 high_res)
3.634: (calibrate rover0 camera3 objective6 waypoint15)
3.635: (calibrate rover1 camera0 objective0 waypoint16)
3.637: (calibrate rover2 camera8 objective6 waypoint28)
3.638: (calibrate rover0 camera3 objective6 waypoint15)
3.638: (calibrate rover0 camera3 objective6 waypoint15)
3.639: (navigate rover3 waypoint10 waypoint9)
3.639: (navigate rover3 waypoint9 waypoint13)
3.640: (navigate rover3 waypoint10 waypoint9)
3.640: (navigate rover3 waypoint9 waypoint12)
3.640: (navigate rover1 waypoint16 waypoint26)
3.640: (calibrate rover2 camera8 objective6 waypoint28)
3.641: (navigate rover3 waypoint10 waypoint9)
3.641: (navigate rover1 waypoint12 waypoint16)
3.642: (navigate rover0 waypoint15 waypoint8)
2.074: (drop rover2 rover2store)
2.075: (navigate rover0 waypoint15 waypoint2)
2.075: (sample_rock rover1 rover1store waypoint15)
2.090: (calibrate rover2 camera8 objective6 waypoint28)
2.090: (navigate rover0 waypoint15 waypoint2)
2.102: (navigate rover1 waypoint15 waypoint10)
2.102: (drop rover2 rover2store)
2.103: (navigate rover0 waypoint15 waypoint2)
2.110: (calibrate rover0 camera2 objective8 waypoint2)
2.110: (navigate rover1 waypoint15 waypoint10)
2.110: (navigate rover0 waypoint15 waypoint2)
2.110: (calibrate rover2 camera8 objective6 waypoint28)
2.111: (calibrate rover1 camera0 objective0 waypoint15)
2.116: (calibrate rover0 camera7 objective8 waypoint2)
2.120: (navigate rover0 waypoint15 waypoint2)
2.125: (navigate rover1 waypoint15 waypoint10)
2.126: (navigate rover0 waypoint15 waypoint2)
2.126: (drop rover1 rover1store)
2.127: (navigate rover1 waypoint15 waypoint10)
2.128: (calibrate rover0 camera3 objective6 waypoint15)
2.138: (drop rover1 rover1store)
2.139: (navigate rover1 waypoint15 waypoint10)
2.144: (navigate rover3 waypoint16 waypoint10)
2.144: (navigate rover0 waypoint15 waypoint2)
2.145: (navigate rover0 waypoint15 waypoint2)
2.145: (navigate rover2 waypoint28 waypoint25)
2.174: (sample_soil rover0 rover0store waypoint15)
2.174: (navigate rover1 waypoint15 waypoint10)
2.175: (drop rover3 rover3store)
2.175: (navigate rover0 waypoint15 waypoint2)
2.214: (navigate rover1 waypoint15 waypoint10)
2.215: (drop rover3 rover3store)
2.228: (navigate rover1 waypoint15 waypoint10)
2.228: (navigate rover2 waypoint28 waypoint25)
2.260: (drop rover2 rover2store)
2.261: (drop rover1 rover1store)
2.266: (navigate rover2 waypoint25 waypoint9)
2.274: (sample_rock rover1 rover1store waypoint15)
2.274: (drop rover2 rover2store)
2.275: (navigate rover3 waypoint16 waypoint10)
2.275: (sample_rock rover1 rover1store waypoint15)
2.275: (drop rover2 rover2store)
2.276: (calibrate rover1 camera0 objective0 waypoint15)
2.276: (calibrate rover2 camera8 objective6 waypoint28)
2.276: (drop rover2 rover2store)
2.277: (sample_rock rover1 rover1store waypoint15)
2.285: (calibrate rover2 camera8 objective6 waypoint28)
2.285: (drop rover1 rover1store)
2.285: (drop rover1 rover1store)
2.285: (calibrate rover1 camera0 objective0 waypoint15)
2.288: (drop rover1 rover1store)
2.289: (navigate rover3 waypoint16 waypoint10)
2.292: (drop rover2 rover2store)
2.292: (calibrate rover0 camera3 objective6 waypoint15)
2.296: (sample_rock rover1 rover1store waypoint15)
2.299: (navigate rover3 waypoint16 waypoint10)
2.300: (calibrate rover2 camera8 objective6 waypoint28)
2.301: (calibrate rover1 camera0 objective0 waypoint15)
2.301: (drop rover1 rover1store)
2.302: (calibrate rover2 camera8 objective6 waypoint28)
2.303: (calibrate rover0 camera3 objective6 waypoint15)
2.304: (drop rover2 rover2store)
2.305: (sample_soil rover0 rover0store waypoint15)
2.315: (navigate rover3 waypoint16 waypoint10)
2.315: (sample_soil rover0 rover0store waypoint15)
2.315: (calibrate rover1 camera0 objective0 waypoint15)
2.316: (drop rover1 rover1store)
2.316: (navigate rover3 waypoint16 waypoint10)
2.316: (navigate rover2 waypoint28 waypoint25)
2.317: (drop rover1 rover1store)
2.318: (navigate rover2 waypoint28 waypoint25)
2.318: (navigate rover3 waypoint16 waypoint10)
2.319: (navigate rover1 waypoint15 waypoint10)
2.321: (take_image rover0 waypoint15 objective6 camera3 high_res)
2.321: (navigate rover3 waypoint16 waypoint10)
2.323: (calibrate rover0 camera3 objective6 waypoint15)
2.323: (calibrate rover1 camera0 objective0 waypoint15)
2.323: (calibrate rover0 camera3 objective6 waypoint15)
2.326: (calibrate rover0 camera3 objective6 waypoint15)
2.326: (drop rover0 rover0store)
2.327: (calibrate rover2 camera8 objective6 waypoint28)
2.327: (sample_soil rover0 rover0store waypoint15)
2.329: (calibrate rover2 camera8 objective6 waypoint28)
2.330: (navigate rover3 waypoint16 waypoint10)
2.330: (sample_rock rover2 rover2store waypoint15)
2.331: (navigate rover3 waypoint10 waypoint9)
2.331: (sample_soil rover0 rover0store waypoint15)
2.333: (take_image rover0 waypoint15 objective0 camera3 high_res)
2.334: (sample_soil rover0 rover0store waypoint15)
2.334: (calibrate rover1 camera0 objective0 waypoint15)
2.340: (sample_soil rover0 rover0store waypoint15)
2.341: (calibrate rover0 camera3 objective6 waypoint15)
2.346: (navigate rover0 waypoint15 waypoint2)
2.346: (navigate rover1 waypoint15 waypoint10)
2.347: (navigate rover1 waypoint0 waypoint6)
2.348: (drop rover2 rover2store)
2.348: (drop rover3 rover3store)
2.349: (sample_rock rover1 rover1store waypoint15)
2.351: (sample_rock rover1 rover1store waypoint15)
2.351: (drop rover2 rover2store)
2.351: (navigate rover0 waypoint15 waypoint26)
2.352: (take_image rover2 waypoint28 objective6 camera8 low_res)
2.354: (take_image rover2 waypoint28 objective4 camera8 low_res)
2.355: (take_image rover1 waypoint15 objective6 camera0 colour)
2.357: (navigate rover0 waypoint15 waypoint26)
2.359: (drop rover1 rover1store)
2.361: (drop rover3 rover3store)
2.361: (take_image rover2 waypoint28 objective2 camera8 low_res)
2.362: (navigate rover0 waypoint15 waypoint26)
2.362: (navigate rover2 waypoint28 waypoint25)
2.364: (navigate rover3 waypoint16 waypoint10)
2.365: (drop rover3 rover3store)
2.369: (calibrate rover2 camera8 objective6 waypoint25)
2.369: (navigate rover2 waypoint28 waypoint25)
2.369: (calibrate rover1 camera0 objective0 waypoint15)
2.369: (drop rover3 rover3store)
2.370: (navigate rover2 waypoint28 waypoint25)
2.370: (navigate rover0 waypoint15 waypoint26)
2.370: (calibrate rover2 camera8 objective6 waypoint28)
2.370: (calibrate rover2 camera8 objective6 waypoint28)
1.959: (navigate rover2 waypoint9 waypoint10)
2.038: (navigate rover1 waypoint16 waypoint12)
2.049: (navigate rover0 waypoint15 waypoint2)
2.053: (drop rover2 rover2store)
2.053: (calibrate rover2 camera8 objective6 waypoint28)
2.060: (drop rover2 rover2store)
2.065: (calibrate rover1 camera0 objective0 waypoint15)
2.065: (drop rover2 rover2store)
2.065: (drop rover2 rover2store)
2.066: (navigate rover0 waypoint15 waypoint2)
2.066: (calibrate rover0 camera2 objective8 waypoint2)
2.067: (navigate rover2 waypoint9 waypoint12)
2.068: (navigate rover0 waypoint15 waypoint2)
2.072: (calibrate rover0 camera7 objective8 waypoint2)
2.073: (drop rover2 rover2store)
2.080: (drop rover1 rover1store)
2.081: (drop rover2 rover2store)
2.081: (navigate rover0 waypoint15 waypoint2)
2.081: (calibrate rover2 camera8 objective6 waypoint28)
2.082: (calibrate rover2 camera8 objective6 waypoint28)
2.082: (calibrate rover1 camera0 objective0 waypoint15)
2.082: (calibrate rover0 camera2 objective8 waypoint2)
2.083: (navigate rover0 waypoint15 waypoint2)
2.083: (navigate rover0 waypoint15 waypoint2)
2.083: (drop rover2 rover2store)
2.083: (calibrate rover2 camera8 objective6 waypoint28)
2.085: (navigate rover1 waypoint15 waypoint10)
2.085: (navigate rover0 waypoint15 waypoint2)
2.086: (calibrate rover2 camera8 objective6 waypoint28)
2.087: (calibrate rover2 camera8 objective6 waypoint28)
2.087: (calibrate rover0 camera7 objective8 waypoint2)
2.089: (drop rover2 rover2store)
2.092: (navigate rover1 waypoint15 waypoint10)
2.092: (drop rover1 rover1store)
2.093: (navigate rover0 waypoint15 waypoint2)
2.094: (navigate rover1 waypoint15 waypoint10)
2.094: (drop rover2 rover2store)
2.095: (calibrate rover2 camera8 objective6 waypoint28)
2.095: (navigate rover1 waypoint15 waypoint10)
2.096: (navigate rover0 waypoint15 waypoint2)
2.096: (calibrate rover2 camera8 objective6 waypoint28)
2.096: (drop rover2 rover2store)
2.097: (navigate rover0 waypoint15 waypoint2)
2.098: (calibrate rover1 camera0 objective0 waypoint15)
2.098: (calibrate rover0 camera2 objective8 waypoint2)
2.098: (drop rover1 rover1store)
2.099: (navigate rover3 waypoint16 waypoint10)
2.099: (navigate rover0 waypoint15 waypoint2)
2.099: (navigate rover0 waypoint15 waypoint2)
2.099: (drop rover2 rover2store)
2.100: (calibrate rover0 camera3 objective6 waypoint15)
2.100: (calibrate rover0 camera7 objective8 waypoint2)
2.101: (navigate rover0 waypoint15 waypoint2)
2.101: (navigate rover2 waypoint25 waypoint9)
2.101: (drop rover2 rover2store)
2.102: (calibrate rover0 camera2 objective8 waypoint2)
2.102: (take_image rover0 waypoint2 objective8 camera7 low_res)
2.102: (take_image rover0 waypoint2 objective8 camera2 high_res)
2.102: (take_image rover0 waypoint2 objective8 camera3 high_res)
2.102: (calibrate rover2 camera8 objective6 waypoint28)
2.103: (calibrate rover0 camera7 objective8 waypoint2)
2.104: (take_image rover0 waypoint2 objective8 camera2 colour)
2.106: (navigate rover0 waypoint15 waypoint2)
2.107: (navigate rover1 waypoint15 waypoint10)
2.107: (calibrate rover1 camera0 objective0 waypoint15)
2.107: (take_image rover0 waypoint15 objective6 camera3 high_res)
2.107: (navigate rover0 waypoint15 waypoint2)
2.108: (calibrate rover0 camera2 objective8 waypoint2)
2.110: (calibrate rover1 camera0 objective0 waypoint15)
2.111: (calibrate rover0 camera7 objective8 waypoint2)
2.111: (navigate rover1 waypoint15 waypoint10)
2.111: (drop rover1 rover1store)
2.112: (calibrate rover0 camera2 objective8 waypoint2)
2.112: (calibrate rover2 camera8 objective6 waypoint28)
2.112: (navigate rover0 waypoint15 waypoint2)
2.113: (calibrate rover2 camera8 objective6 waypoint28)
2.113: (communicate_soil_data rover0 general waypoint15 waypoint2 waypoint21)
2.113: (drop rover0 rover0store)
2.114: (navigate rover0 waypoint15 waypoint2)
2.114: (navigate rover0 waypoint15 waypoint2)
2.115: (calibrate rover2 camera8 objective6 waypoint28)
2.115: (drop rover1 rover1store)
2.115: (calibrate rover1 camera0 objective0 waypoint15)
2.115: (navigate rover3 waypoint16 waypoint10)
2.116: (drop rover1 rover1store)
2.116: (navigate rover1 waypoint16 waypoint17)
2.116: (calibrate rover0 camera3 objective6 waypoint15)
2.116: (navigate rover0 waypoint15 waypoint2)
2.116: (calibrate rover1 camera0 objective0 waypoint15)
2.117: (navigate rover1 waypoint15 waypoint10)
2.117: (calibrate rover0 camera7 objective8 waypoint2)
2.117: (drop rover1 rover1store)
2.117: (take_image rover0 waypoint2 objective7 camera3 high_res)
2.118: (take_image rover0 waypoint2 objective7 camera2 high_res)
2.118: (take_image rover0 waypoint2 objective7 camera2 colour)
2.118: (calibrate rover0 camera2 objective8 waypoint2)
2.118: (navigate rover0 waypoint15 waypoint2)
2.119: (take_image rover0 waypoint2 objective5 camera7 low_res)
2.119: (navigate rover0 waypoint15 waypoint2)
2.119: (take_image rover0 waypoint2 objective5 camera3 high_res)
2.119: (take_image rover0 waypoint2 objective5 camera2 high_res)
2.121: (navigate rover0 waypoint15 waypoint2)
2.121: (take_image rover2 waypoint28 objective6 camera8 low_res)
2.121: (navigate rover0 waypoint15 waypoint2)
2.121: (take_image rover0 waypoint2 objective5 camera2 colour)
2.122: (navigate rover0 waypoint15 waypoint2)
2.123: (navigate rover0 waypoint15 waypoint2)
2.123: (calibrate rover0 camera3 objective6 waypoint15)
2.123: (navigate rover2 waypoint28 waypoint25)
2.123: (navigate rover1 waypoint15 waypoint10)
2.123: (navigate rover0 waypoint15 waypoint2)
2.124: (drop rover1 rover1store)
2.124: (calibrate rover2 camera8 objective6 waypoint25)
2.124: (drop rover1 rover1store)
2.125: (navigate rover3 waypoint10 waypoint9)
2.125: (calibrate rover0 camera7 objective8 waypoint2)
2.126: (take_image rover0 waypoint15 objective0 camera3 high_res)
2.126: (navigate rover1 waypoint15 waypoint10)
2.127: (drop rover1 rover1store)
2.127: (navigate rover1 waypoint15 waypoint10)
1.087: (communicate_rock_data rover2 general waypoint28 waypoint12 waypoint21)
1.942: (calibrate rover1 camera0 objective0 waypoint15)
1.945: (drop rover1 rover1store)
1.946: (drop rover2 rover2store)
1.952: (navigate rover2 waypoint9 waypoint10)
1.953: (navigate rover0 waypoint15 waypoint2)
1.961: (calibrate rover0 camera3 objective6 waypoint15)
1.963: (navigate rover0 waypoint15 waypoint2)
1.969: (drop rover2 rover2store)
1.970: (navigate rover0 waypoint15 waypoint2)
1.971: (navigate rover2 waypoint15 waypoint2)
1.974: (navigate rover2 waypoint9 waypoint12)
1.987: (navigate rover3 waypoint16 waypoint10)
1.988: (navigate rover2 waypoint15 waypoint2)
1.998: (sample_soil rover0 rover0store waypoint15)
2.002: (navigate rover0 waypoint15 waypoint2)
2.005: (navigate rover1 waypoint15 waypoint10)
2.005: (calibrate rover2 camera8 objective6 waypoint15)
2.007: (navigate rover2 waypoint15 waypoint10)
2.013: (navigate rover3 waypoint16 waypoint10)
2.017: (drop rover1 rover1store)
2.024: (calibrate rover1 camera1 objective1 waypoint12)
2.029: (calibrate rover1 camera0 objective0 waypoint12)
2.035: (calibrate rover0 camera3 objective6 waypoint15)
2.040: (drop rover2 rover2store)
2.042: (calibrate rover1 camera0 objective0 waypoint15)
2.042: (calibrate rover2 camera8 objective6 waypoint28)
2.044: (drop rover2 rover2store)
2.045: (calibrate rover0 camera2 objective8 waypoint2)
2.045: (calibrate rover2 camera8 objective6 waypoint28)
2.046: (calibrate rover2 camera8 objective6 waypoint12)
2.048: (drop rover2 rover2store)
2.048: (drop rover3 rover3store)
2.048: (drop rover2 rover2store)
2.049: (calibrate rover2 camera8 objective6 waypoint28)
2.049: (calibrate rover1 camera0 objective0 waypoint15)
2.050: (calibrate rover1 camera0 objective0 waypoint15)
2.050: (calibrate rover2 camera8 objective6 waypoint28)
2.051: (calibrate rover0 camera7 objective8 waypoint2)
2.051: (drop rover2 rover2store)
2.052: (drop rover2 rover2store)
2.052: (navigate rover3 waypoint16 waypoint10)
2.053: (navigate rover1 waypoint15 waypoint10)
2.054: (drop rover2 rover2store)
2.055: (calibrate rover0 camera2 objective8 waypoint2)
2.056: (sample_soil rover0 rover0store waypoint15)
2.057: (calibrate rover2 camera8 objective6 waypoint28)
2.057: (drop rover1 rover1store)
2.057: (take_image rover0 waypoint2 objective8 camera7 low_res)
2.058: (calibrate rover0 camera7 objective8 waypoint2)
2.058: (drop rover2 rover2store)
2.058: (calibrate rover0 camera2 objective8 waypoint2)
2.058: (take_image rover0 waypoint2 objective8 camera2 high_res)
2.059: (drop rover2 rover2store)
2.059: (drop rover2 rover2store)
2.059: (drop rover2 rover2store)
2.059: (take_image rover0 waypoint2 objective8 camera3 high_res)
2.059: (calibrate rover0 camera7 objective8 waypoint2)
2.059: (drop rover2 rover2store)
2.059: (drop rover2 rover2store)
2.059: (calibrate rover0 camera2 objective8 waypoint2)
2.060: (calibrate rover1 camera0 objective0 waypoint15)
2.060: (drop rover2 rover2store)
2.060: (drop rover2 rover2store)
2.060: (take_image rover0 waypoint2 objective8 camera2 colour)
2.060: (navigate rover2 waypoint15 waypoint10)
2.060: (drop rover2 rover2store)
2.061: (drop rover2 rover2store)
2.063: (calibrate rover0 camera7 objective8 waypoint2)
2.064: (drop rover2 rover2store)
2.064: (drop rover2 rover2store)
2.065: (calibrate rover1 camera0 objective0 waypoint15)
2.065: (drop rover2 rover2store)
2.065: (drop rover2 rover2store)
2.066: (drop rover1 rover1store)
2.067: (drop rover2 rover2store)
2.068: (drop rover2 rover2store)
2.068: (drop rover2 rover2store)
2.068: (drop rover2 rover2store)
2.068: (calibrate rover2 camera8 objective6 waypoint28)
2.068: (drop rover2 rover2store)
2.069: (drop rover2 rover2store)
2.069: (calibrate rover2 camera8 objective6 waypoint28)
2.069: (calibrate rover0 camera3 objective6 waypoint15)
2.070: (drop rover1 rover1store)
2.071: (drop rover0 rover0store)
2.071: (calibrate rover1 camera0 objective0 waypoint15)
2.072: (drop rover1 rover1store)
2.073: (calibrate rover2 camera8 objective6 waypoint28)
2.073: (calibrate rover0 camera2 objective8 waypoint2)
2.073: (calibrate rover2 camera8 objective6 waypoint28)
2.073: (drop rover2 rover2store)
2.074: (drop rover1 rover1store)
2.074: (drop rover2 rover2store)
2.074: (take_image rover0 waypoint2 objective8 camera2 high_res)
2.074: (calibrate rover2 camera8 objective6 waypoint28)
2.074: (take_image rover0 waypoint2 objective7 camera3 high_res)
2.074: (drop rover2 rover2store)
2.074: (take_image rover0 waypoint2 objective8 camera3 high_res)
2.075: (calibrate rover0 camera7 objective8 waypoint2)
2.075: (take_image rover0 waypoint2 objective7 camera2 high_res)
2.075: (take_image rover0 waypoint2 objective8 camera7 low_res)
2.075: (calibrate rover2 camera8 objective6 waypoint28)
2.075: (calibrate rover2 camera8 objective6 waypoint28)
2.075: (calibrate rover2 camera8 objective6 waypoint28)
2.075: (calibrate rover2 camera8 objective6 waypoint28)
2.075: (drop rover1 rover1store)
2.075: (calibrate rover0 camera2 objective8 waypoint2)
2.075: (take_image rover0 waypoint2 objective7 camera2 colour)
2.075: (take_image rover0 waypoint2 objective8 camera2 colour)
2.076: (take_image rover0 waypoint2 objective5 camera7 low_res)
2.076: (drop rover2 rover2store)
2.076: (navigate rover3 waypoint16 waypoint10)
2.076: (calibrate rover0 camera2 objective8 waypoint2)
2.076: (take_image rover0 waypoint2 objective5 camera3 high_res)
2.077: (calibrate rover2 camera8 objective6 waypoint28)
2.077: (calibrate rover2 camera8 objective6 waypoint28)
2.077: (take_image rover0 waypoint2 objective5 camera2 high_res)
2.077: (calibrate rover0 camera2 objective8 waypoint2)
2.077: (calibrate rover1 camera0 objective0 waypoint15)
0.977: (communicate_rock_data rover2 general waypoint28 waypoint12 waypoint21)
0.978: (navigate rover0 waypoint15 waypoint2)
0.984: (communicate_rock_data rover2 general waypoint28 waypoint2 waypoint21)
0.997: (communicate_rock_data rover2 general waypoint28 waypoint2 waypoint21)
1.024: (communicate_rock_data rover2 general waypoint28 waypoint12 waypoint21)
1.026: (drop rover1 rover1store)
1.062: (navigate rover3 waypoint16 waypoint10)
1.064: (communicate_rock_data rover2 general waypoint28 waypoint12 waypoint21)
1.066: (calibrate rover1 camera0 objective0 waypoint15)
1.066: (communicate_rock_data rover2 general waypoint28 waypoint12 waypoint21)
1.071: (communicate_rock_data rover2 general waypoint28 waypoint12 waypoint21)
1.072: (communicate_rock_data rover2 general waypoint28 waypoint12 waypoint21)
1.073: (navigate rover1 waypoint15 waypoint10)
1.074: (calibrate rover2 camera8 objective6 waypoint12)
1.075: (communicate_rock_data rover2 general waypoint28 waypoint12 waypoint21)
1.085: (calibrate rover0 camera3 objective6 waypoint15)
1.089: (navigate rover2 waypoint12 waypoint21)
1.097: (drop rover2 rover2store)
1.098: (sample_soil rover0 rover0store waypoint15)
1.107: (communicate_rock_data rover2 general waypoint28 waypoint12 waypoint21)
1.108: (communicate_rock_data rover2 general waypoint15 waypoint2 waypoint21)
1.116: (communicate_rock_data rover2 general waypoint15 waypoint2 waypoint21)
1.151: (drop rover3 rover3store)
1.185: (navigate rover1 waypoint15 waypoint0)
1.212: (navigate rover2 waypoint12 waypoint24)
1.217: (navigate rover0 waypoint15 waypoint8)
1.232: (navigate rover2 waypoint12 waypoint9)
1.239: (navigate rover0 waypoint15 waypoint26)
1.267: (navigate rover2 waypoint12 waypoint14)
1.918: (navigate rover2 waypoint10 waypoint15)
1.922: (navigate rover3 waypoint16 waypoint10)
1.924: (drop rover2 rover2store)
1.928: (drop rover2 rover2store)
1.928: (calibrate rover1 camera0 objective0 waypoint15)
1.930: (drop rover2 rover2store)
1.930: (navigate rover0 waypoint15 waypoint2)
1.930: (drop rover1 rover1store)
1.930: (calibrate rover1 camera0 objective0 waypoint15)
1.930: (navigate rover3 waypoint16 waypoint10)
1.930: (navigate rover0 waypoint15 waypoint2)
1.935: (drop rover1 rover1store)
1.935: (drop rover2 rover2store)
1.938: (drop rover2 rover2store)
1.938: (navigate rover2 waypoint15 waypoint2)
1.941: (calibrate rover2 camera8 objective6 waypoint15)
1.943: (calibrate rover0 camera3 objective6 waypoint15)
1.943: (calibrate rover1 camera0 objective0 waypoint15)
1.944: (navigate rover0 waypoint15 waypoint2)
1.944: (navigate rover0 waypoint15 waypoint2)
1.944: (navigate rover2 waypoint15 waypoint2)
1.944: (calibrate rover1 camera0 objective0 waypoint15)
1.945: (calibrate rover2 camera8 objective6 waypoint15)
1.945: (navigate rover3 waypoint16 waypoint10)
1.945: (navigate rover3 waypoint16 waypoint10)
1.946: (drop rover2 rover2store)
1.946: (navigate rover3 waypoint16 waypoint10)
1.946: (navigate rover0 waypoint15 waypoint2)
1.946: (navigate rover0 waypoint15 waypoint2)
1.947: (navigate rover2 waypoint15 waypoint2)
1.947: (drop rover1 rover1store)
1.947: (calibrate rover0 camera3 objective6 waypoint15)
1.948: (drop rover2 rover2store)
1.948: (calibrate rover0 camera2 objective8 waypoint2)
1.948: (calibrate rover2 camera8 objective6 waypoint12)
1.948: (calibrate rover0 camera3 objective6 waypoint15)
1.948: (drop rover2 rover2store)
1.951: (navigate rover0 waypoint15 waypoint2)
1.951: (take_image rover0 waypoint15 objective6 camera3 high_res)
1.951: (navigate rover2 waypoint15 waypoint2)
1.952: (navigate rover0 waypoint15 waypoint2)
1.952: (drop rover1 rover1store)
1.953: (navigate rover0 waypoint15 waypoint2)
1.953: (take_image rover0 waypoint15 objective0 camera3 high_res)
1.955: (calibrate rover0 camera7 objective8 waypoint2)
1.956: (calibrate rover0 camera2 objective8 waypoint2)
1.957: (navigate rover3 waypoint16 waypoint10)
1.957: (navigate rover0 waypoint15 waypoint2)
1.957: (calibrate rover1 camera1 objective1 waypoint12)
1.958: (navigate rover0 waypoint15 waypoint2)
1.958: (calibrate rover1 camera1 objective1 waypoint12)
1.958: (drop rover2 rover2store)
1.958: (navigate rover0 waypoint15 waypoint2)
1.959: (calibrate rover2 camera8 objective6 waypoint15)
1.959: (calibrate rover1 camera0 objective0 waypoint15)
1.959: (drop rover2 rover2store)
1.961: (navigate rover0 waypoint15 waypoint2)
1.961: (calibrate rover0 camera7 objective8 waypoint2)
1.961: (drop rover2 rover2store)
1.962: (navigate rover0 waypoint15 waypoint2)
1.962: (navigate rover3 waypoint16 waypoint10)
1.963: (calibrate rover1 camera0 objective0 waypoint12)
1.963: (calibrate rover1 camera0 objective0 waypoint12)
1.964: (calibrate rover0 camera2 objective8 waypoint2)
1.964: (drop rover2 rover2store)
1.965: (navigate rover0 waypoint15 waypoint2)
1.965: (drop rover1 rover1store)
1.966: (navigate rover2 waypoint15 waypoint2)
1.966: (calibrate rover1 camera1 objective1 waypoint12)
1.966: (drop rover2 rover2store)
1.966: (drop rover2 rover2store)
1.966: (navigate rover0 waypoint15 waypoint2)
1.966: (navigate rover2 waypoint15 waypoint2)
1.968: (navigate rover0 waypoint15 waypoint2)
1.968: (calibrate rover0 camera7 objective8 waypoint2)
1.968: (drop rover2 rover2store)
1.968: (navigate rover0 waypoint15 waypoint2)
1.968: (calibrate rover0 camera3 objective6 waypoint15)
1.968: (calibrate rover1 camera1 objective1 waypoint17)
1.968: (navigate rover2 waypoint15 waypoint2)
1.969: (navigate rover0 waypoint15 waypoint2)
1.970: (calibrate rover0 camera3 objective6 waypoint15)
1.970: (calibrate rover1 camera0 objective0 waypoint12)
1.971: (navigate rover2 waypoint15 waypoint2)
1.973: (navigate rover3 waypoint16 waypoint10)
1.975: (navigate rover2 waypoint10 waypoint15)
1.975: (calibrate rover1 camera0 objective0 waypoint17)
1.976: (navigate rover0 waypoint15 waypoint2)
1.977: (calibrate rover2 camera8 objective6 waypoint15)
1.977: (calibrate rover0 camera3 objective6 waypoint15)
1.978: (navigate rover3 waypoint16 waypoint10)
0.099: (communicate_rock_data rover2 general waypoint15 waypoint2 waypoint21)
[Final] Expanded: 3160, Generated: 79808
Found a solution of length 53!
   1: (calibrate rover0 camera6 objective3 waypoint26)
   2: (navigate rover0 waypoint26 waypoint27)
   3: (calibrate rover0 camera2 objective8 waypoint27)
   4: (take_image rover0 waypoint27 objective9 camera2 high_res)
   5: (communicate_image_data rover0 general objective9 high_res waypoint27 waypoint21)
   6: (calibrate rover0 camera7 objective8 waypoint27)
   7: (take_image rover0 waypoint27 objective7 camera7 low_res)
   8: (communicate_image_data rover0 general objective7 low_res waypoint27 waypoint21)
   9: (take_image rover0 waypoint27 objective0 camera6 low_res)
  10: (navigate rover1 waypoint29 waypoint16)
  11: (communicate_image_data rover0 general objective0 low_res waypoint27 waypoint21)
  12: (sample_rock rover1 rover1store waypoint16)
  13: (calibrate rover0 camera2 objective8 waypoint27)
  14: (navigate rover2 waypoint9 waypoint3)
  15: (communicate_rock_data rover1 general waypoint16 waypoint16 waypoint21)
  16: (navigate rover0 waypoint27 waypoint21)
  17: (take_image rover0 waypoint21 objective3 camera2 colour)
  18: (navigate rover3 waypoint9 waypoint10)
  19: (navigate rover2 waypoint3 waypoint6)
  20: (navigate rover3 waypoint10 waypoint16)
  21: (sample_soil rover0 rover0store waypoint21)
  22: (drop rover0 rover0store)
  23: (sample_rock rover2 rover2store waypoint6)
  24: (drop rover1 rover1store)
  25: (sample_soil rover3 rover3store waypoint16)
  26: (drop rover2 rover2store)
  27: (communicate_soil_data rover3 general waypoint16 waypoint16 waypoint21)
  28: (navigate rover0 waypoint21 waypoint27)
  29: (communicate_image_data rover0 general objective3 colour waypoint27 waypoint21)
  30: (communicate_soil_data rover0 general waypoint21 waypoint27 waypoint21)
  31: (navigate rover0 waypoint27 waypoint26)
  32: (navigate rover0 waypoint26 waypoint15)
  33: (navigate rover2 waypoint6 waypoint3)
  34: (navigate rover2 waypoint3 waypoint9)
  35: (navigate rover2 waypoint9 waypoint12)
  36: (communicate_rock_data rover2 general waypoint6 waypoint12 waypoint21)
  37: (sample_rock rover2 rover2store waypoint12)
  38: (drop rover2 rover2store)
  39: (communicate_rock_data rover2 general waypoint12 waypoint12 waypoint21)
  40: (navigate rover2 waypoint12 waypoint9)
  41: (navigate rover2 waypoint9 waypoint25)
  42: (navigate rover2 waypoint25 waypoint28)
  43: (sample_rock rover2 rover2store waypoint28)
  44: (navigate rover2 waypoint28 waypoint25)
  45: (navigate rover2 waypoint25 waypoint9)
  46: (drop rover2 rover2store)
  47: (navigate rover2 waypoint9 waypoint10)
  48: (navigate rover2 waypoint10 waypoint15)
  49: (sample_rock rover2 rover2store waypoint15)
  50: (navigate rover1 waypoint16 waypoint17)
  51: (navigate rover2 waypoint15 waypoint2)
  52: (communicate_rock_data rover2 general waypoint28 waypoint2 waypoint21)
  53: (communicate_rock_data rover2 general waypoint15 waypoint2 waypoint21)
