/u/ibrahim.eisawy/Neural-Guided-Search/venv/lib/python3.10/site-packages/pymimir_rgnn/model.py:151: UserWarning: index_reduce() is in beta and the API may change at any time. (Triggered internally at /pytorch/aten/src/ATen/native/cuda/Indexing.cu:1541.)
  max_msg.index_reduce_(0, output_indices, output_messages, reduce='amax', include_self=True)
Torch: 2.12.0+cu130
Using GPU:  NVIDIA L40S
64.931: (load-truck p12 t2 l2-3)
64.967: (load-airplane p16 a1 l1-0)
64.967: (load-airplane p16 a2 l1-0)
65.000: (load-airplane p11 a0 l2-0)
65.002: (load-airplane p17 a0 l2-0)
65.638: (drive-truck t2 l2-3 l2-4 c2)
65.843: (drive-truck t2 l2-3 l2-0 c2)
65.846: (fly-airplane a0 l2-0 l1-0)
65.851: (drive-truck t0 l0-1 l0-3 c0)
65.855: (drive-truck t0 l0-1 l0-0 c0)
63.974: (load-airplane p11 a0 l2-0)
63.974: (load-airplane p17 a0 l2-0)
64.009: (load-truck p12 t2 l2-3)
64.010: (load-airplane p16 a1 l1-0)
64.010: (load-airplane p16 a2 l1-0)
64.010: (load-truck p12 t2 l2-3)
64.043: (load-airplane p11 a0 l2-0)
64.043: (load-truck p12 t2 l2-3)
64.046: (load-truck p12 t2 l2-3)
64.046: (load-airplane p17 a0 l2-0)
63.014: (load-airplane p11 a0 l2-0)
63.014: (load-airplane p17 a0 l2-0)
63.015: (load-truck p12 t2 l2-3)
63.089: (load-airplane p16 a1 l1-0)
63.089: (load-airplane p16 a2 l1-0)
63.123: (load-airplane p17 a0 l2-0)
63.124: (load-airplane p16 a2 l1-0)
63.124: (load-airplane p16 a1 l1-0)
63.124: (load-airplane p17 a0 l2-0)
63.156: (load-airplane p11 a0 l2-0)
62.129: (load-airplane p11 a0 l2-0)
62.129: (load-airplane p17 a0 l2-0)
62.129: (load-airplane p11 a0 l2-0)
62.129: (load-airplane p16 a1 l1-0)
62.129: (load-airplane p16 a2 l1-0)
62.129: (load-truck p12 t2 l2-3)
62.129: (load-truck p12 t2 l2-3)
62.839: (drive-truck t2 l2-3 l2-4 c2)
62.839: (drive-truck t2 l2-3 l2-4 c2)
62.941: (fly-airplane a0 l2-0 l1-0)
61.945: (load-airplane p16 a0 l1-0)
62.047: (fly-airplane a0 l2-0 l1-0)
62.047: (fly-airplane a0 l2-0 l1-0)
62.048: (load-airplane p16 a1 l1-0)
62.048: (load-airplane p16 a2 l1-0)
62.072: (drive-truck t0 l0-1 l0-4 c0)
62.072: (drive-truck t0 l0-1 l0-4 c0)
62.085: (drive-truck t2 l2-3 l2-1 c2)
62.085: (drive-truck t2 l2-3 l2-1 c2)
62.091: (fly-airplane a0 l2-0 l0-0)
61.076: (load-truck p6 t0 l0-4)
61.076: (load-truck p6 t0 l0-4)
61.081: (load-airplane p8 a0 l0-0)
61.094: (load-airplane p0 a0 l0-0)
61.107: (load-truck p27 t2 l2-1)
61.107: (load-truck p27 t2 l2-1)
61.113: (load-truck p15 t2 l2-1)
61.114: (load-truck p15 t2 l2-1)
61.116: (load-truck p18 t0 l0-4)
61.116: (load-truck p18 t0 l0-4)
59.285: (load-truck p18 t0 l0-4)
59.286: (load-truck p18 t0 l0-4)
59.287: (load-truck p6 t0 l0-4)
59.287: (load-truck p6 t0 l0-4)
60.085: (load-airplane p8 a0 l0-0)
60.086: (load-airplane p0 a0 l0-0)
60.135: (load-truck p27 t2 l2-1)
60.136: (load-truck p15 t2 l2-1)
60.136: (load-truck p27 t2 l2-1)
60.136: (load-truck p15 t2 l2-1)
59.178: (load-truck p26 t2 l2-1)
59.178: (load-truck p26 t2 l2-1)
59.201: (fly-airplane a0 l2-0 l1-0)
59.202: (fly-airplane a0 l2-0 l1-0)
59.269: (drive-truck t2 l2-3 l2-1 c2)
59.269: (drive-truck t2 l2-3 l2-1 c2)
59.274: (fly-airplane a2 l1-0 l2-0)
59.275: (fly-airplane a1 l1-0 l2-0)
59.285: (fly-airplane a1 l1-0 l2-0)
59.285: (fly-airplane a2 l1-0 l2-0)
58.289: (load-truck p27 t2 l2-1)
58.289: (load-truck p27 t2 l2-1)
58.298: (load-truck p15 t2 l2-1)
58.298: (load-truck p15 t2 l2-1)
58.310: (load-truck p26 t2 l2-1)
58.310: (load-truck p26 t2 l2-1)
59.093: (fly-airplane a0 l2-0 l1-0)
59.093: (fly-airplane a0 l2-0 l1-0)
59.124: (drive-truck t0 l0-1 l0-4 c0)
59.124: (drive-truck t0 l0-1 l0-4 c0)
57.320: (load-truck p27 t2 l2-1)
57.320: (load-truck p15 t2 l2-1)
57.320: (load-truck p27 t2 l2-1)
57.320: (load-truck p15 t2 l2-1)
57.330: (load-truck p26 t2 l2-1)
57.330: (load-truck p26 t2 l2-1)
57.330: (load-truck p27 t2 l2-1)
57.330: (load-truck p27 t2 l2-1)
57.340: (load-truck p15 t2 l2-1)
57.340: (load-truck p15 t2 l2-1)
56.361: (load-truck p15 t2 l2-1)
56.361: (load-truck p27 t2 l2-1)
56.361: (load-truck p26 t2 l2-1)
56.361: (load-truck p27 t2 l2-1)
56.362: (load-truck p15 t2 l2-1)
56.362: (load-truck p26 t2 l2-1)
57.231: (fly-airplane a0 l2-0 l1-0)
57.232: (fly-airplane a0 l2-0 l1-0)
57.244: (fly-airplane a0 l2-0 l1-0)
57.244: (fly-airplane a0 l2-0 l1-0)
56.276: (load-truck p26 t2 l2-1)
56.276: (fly-airplane a0 l2-0 l1-0)
56.276: (load-truck p15 t2 l2-1)
56.276: (fly-airplane a0 l2-0 l1-0)
56.276: (load-truck p15 t2 l2-1)
56.276: (load-truck p26 t2 l2-1)
56.350: (fly-airplane a2 l1-0 l2-0)
56.350: (fly-airplane a1 l1-0 l2-0)
56.351: (drive-truck t2 l2-1 l2-2 c2)
56.352: (drive-truck t2 l2-1 l2-2 c2)
55.400: (load-truck p19 t2 l2-2)
55.400: (load-truck p19 t2 l2-2)
56.043: (unload-truck p26 t2 l2-2)
56.043: (unload-truck p26 t2 l2-2)
56.263: (drive-truck t2 l2-1 l2-2 c2)
56.264: (drive-truck t2 l2-1 l2-2 c2)
56.264: (fly-airplane a0 l2-0 l1-0)
56.264: (fly-airplane a0 l2-0 l1-0)
56.278: (drive-truck t2 l2-1 l2-0 c2)
56.278: (drive-truck t2 l2-1 l2-0 c2)
55.307: (fly-airplane a0 l2-0 l1-0)
55.307: (fly-airplane a0 l2-0 l1-0)
55.308: (load-truck p19 t2 l2-2)
55.308: (load-truck p19 t2 l2-2)
55.332: (drive-truck t2 l2-2 l2-1 c2)
55.333: (drive-truck t2 l2-2 l2-1 c2)
55.346: (drive-truck t2 l2-2 l2-3 c2)
55.347: (drive-truck t2 l2-2 l2-3 c2)
55.377: (drive-truck t2 l2-2 l2-1 c2)
55.377: (drive-truck t2 l2-2 l2-1 c2)
55.244: (fly-airplane a0 l2-0 l1-0)
55.244: (fly-airplane a0 l2-0 l1-0)
55.261: (fly-airplane a0 l2-0 l1-0)
55.261: (fly-airplane a0 l2-0 l1-0)
55.279: (drive-truck t2 l2-2 l2-0 c2)
55.280: (drive-truck t2 l2-2 l2-0 c2)
55.281: (drive-truck t2 l2-2 l2-1 c2)
55.282: (drive-truck t2 l2-2 l2-1 c2)
55.282: (fly-airplane a0 l2-0 l1-0)
55.283: (fly-airplane a0 l2-0 l1-0)
55.251: (drive-truck t2 l2-1 l2-0 c2)
55.251: (drive-truck t2 l2-1 l2-0 c2)
55.251: (drive-truck t2 l2-3 l2-0 c2)
55.251: (drive-truck t2 l2-3 l2-0 c2)
55.273: (drive-truck t1 l1-0 l1-4 c1)
55.273: (drive-truck t1 l1-0 l1-4 c1)
55.274: (drive-truck t1 l1-0 l1-2 c1)
55.274: (drive-truck t1 l1-0 l1-2 c1)
55.281: (fly-airplane a1 l1-0 l2-0)
55.281: (fly-airplane a2 l1-0 l2-0)
54.302: (load-truck p13 t1 l1-4)
54.302: (load-truck p13 t1 l1-4)
54.315: (load-truck p23 t1 l1-4)
54.315: (load-truck p23 t1 l1-4)
54.405: (load-truck p22 t1 l1-2)
54.405: (load-truck p22 t1 l1-2)
54.438: (load-truck p24 t1 l1-4)
54.438: (load-truck p24 t1 l1-4)
54.491: (load-truck p5 t1 l1-2)
54.491: (load-truck p5 t1 l1-2)
53.355: (load-truck p13 t1 l1-4)
53.355: (load-truck p23 t1 l1-4)
53.356: (load-truck p13 t1 l1-4)
53.356: (load-truck p23 t1 l1-4)
53.475: (load-truck p13 t1 l1-4)
53.475: (load-truck p24 t1 l1-4)
53.475: (load-truck p24 t1 l1-4)
53.475: (load-truck p13 t1 l1-4)
53.488: (load-truck p23 t1 l1-4)
53.489: (load-truck p24 t1 l1-4)
52.062: (load-truck p13 t1 l1-4)
52.062: (load-truck p23 t1 l1-4)
52.062: (load-truck p13 t1 l1-4)
52.062: (load-truck p23 t1 l1-4)
52.062: (load-truck p24 t1 l1-4)
52.062: (load-truck p24 t1 l1-4)
53.265: (drive-truck t1 l1-4 l1-3 c1)
53.265: (drive-truck t1 l1-4 l1-3 c1)
53.284: (drive-truck t1 l1-4 l1-3 c1)
53.285: (drive-truck t1 l1-4 l1-3 c1)
51.552: (drive-truck t1 l1-4 l1-3 c1)
51.553: (drive-truck t1 l1-4 l1-3 c1)
51.578: (drive-truck t1 l1-4 l1-1 c1)
51.578: (drive-truck t1 l1-4 l1-1 c1)
51.793: (drive-truck t1 l1-4 l1-2 c1)
51.794: (drive-truck t1 l1-4 l1-2 c1)
52.104: (drive-truck t2 l2-1 l2-0 c2)
52.104: (drive-truck t2 l2-1 l2-0 c2)
52.108: (fly-airplane a1 l1-0 l2-0)
52.108: (fly-airplane a2 l1-0 l2-0)
50.565: (load-truck p4 t1 l1-3)
50.565: (load-truck p4 t1 l1-3)
50.565: (load-truck p20 t1 l1-3)
50.566: (load-truck p20 t1 l1-3)
50.580: (load-truck p3 t1 l1-3)
50.580: (load-truck p3 t1 l1-3)
50.588: (load-truck p2 t1 l1-1)
50.588: (load-truck p2 t1 l1-1)
50.589: (load-truck p14 t1 l1-1)
50.590: (load-truck p14 t1 l1-1)
49.578: (load-truck p20 t1 l1-3)
49.578: (load-truck p20 t1 l1-3)
49.578: (load-truck p4 t1 l1-3)
49.578: (load-truck p4 t1 l1-3)
49.592: (load-truck p3 t1 l1-3)
49.592: (load-truck p3 t1 l1-3)
49.592: (load-truck p3 t1 l1-3)
49.592: (load-truck p20 t1 l1-3)
49.592: (load-truck p20 t1 l1-3)
49.593: (load-truck p3 t1 l1-3)
48.602: (load-truck p3 t1 l1-3)
48.602: (load-truck p20 t1 l1-3)
48.602: (load-truck p3 t1 l1-3)
48.602: (load-truck p20 t1 l1-3)
48.603: (load-truck p4 t1 l1-3)
48.603: (load-truck p4 t1 l1-3)
49.577: (drive-truck t2 l2-1 l2-0 c2)
49.578: (drive-truck t2 l2-1 l2-0 c2)
49.578: (drive-truck t2 l2-1 l2-3 c2)
49.579: (drive-truck t2 l2-1 l2-3 c2)
48.601: (load-truck p3 t1 l1-3)
48.601: (load-truck p3 t1 l1-3)
48.601: (drive-truck t2 l2-1 l2-0 c2)
48.601: (drive-truck t2 l2-1 l2-0 c2)
48.603: (drive-truck t2 l2-1 l2-3 c2)
48.603: (drive-truck t2 l2-1 l2-3 c2)
48.603: (load-truck p3 t1 l1-3)
48.603: (load-truck p3 t1 l1-3)
48.615: (drive-truck t1 l1-3 l1-1 c1)
48.615: (drive-truck t1 l1-3 l1-1 c1)
47.193: (load-truck p14 t1 l1-1)
47.193: (load-truck p14 t1 l1-1)
47.604: (load-truck p21 t1 l1-1)
47.604: (load-truck p21 t1 l1-1)
47.627: (load-truck p2 t1 l1-1)
47.628: (load-truck p2 t1 l1-1)
47.660: (load-truck p7 t1 l1-1)
47.661: (load-truck p7 t1 l1-1)
48.615: (drive-truck t1 l1-3 l1-1 c1)
48.615: (drive-truck t1 l1-3 l1-1 c1)
46.182: (load-truck p14 t1 l1-1)
46.182: (load-truck p14 t1 l1-1)
46.182: (load-truck p21 t1 l1-1)
46.182: (load-truck p21 t1 l1-1)
46.206: (load-truck p2 t1 l1-1)
46.206: (load-truck p2 t1 l1-1)
46.206: (load-truck p14 t1 l1-1)
46.206: (load-truck p14 t1 l1-1)
46.240: (load-truck p7 t1 l1-1)
46.240: (load-truck p7 t1 l1-1)
45.194: (load-truck p21 t1 l1-1)
45.194: (load-truck p21 t1 l1-1)
45.194: (load-truck p2 t1 l1-1)
45.194: (load-truck p2 t1 l1-1)
45.228: (load-truck p21 t1 l1-1)
45.228: (load-truck p7 t1 l1-1)
45.229: (load-truck p21 t1 l1-1)
45.229: (load-truck p7 t1 l1-1)
45.252: (load-truck p7 t1 l1-1)
45.252: (load-truck p7 t1 l1-1)
44.230: (load-truck p7 t1 l1-1)
44.230: (load-truck p7 t1 l1-1)
44.230: (load-truck p2 t1 l1-1)
44.231: (load-truck p21 t1 l1-1)
44.231: (load-truck p2 t1 l1-1)
44.231: (load-truck p21 t1 l1-1)
45.180: (drive-truck t1 l1-1 l1-3 c1)
45.180: (drive-truck t1 l1-1 l1-3 c1)
45.188: (drive-truck t2 l2-1 l2-0 c2)
45.189: (drive-truck t2 l2-1 l2-0 c2)
44.191: (load-truck p2 t1 l1-1)
44.191: (drive-truck t2 l2-1 l2-0 c2)
44.191: (drive-truck t2 l2-1 l2-0 c2)
44.191: (load-truck p2 t1 l1-1)
44.201: (drive-truck t1 l1-1 l1-3 c1)
44.201: (drive-truck t1 l1-1 l1-3 c1)
44.232: (drive-truck t2 l2-1 l2-3 c2)
44.233: (drive-truck t2 l2-1 l2-3 c2)
44.237: (drive-truck t0 l0-4 l0-1 c0)
44.238: (drive-truck t0 l0-4 l0-1 c0)
44.166: (drive-truck t1 l1-1 l1-3 c1)
44.166: (drive-truck t1 l1-1 l1-3 c1)
44.166: (drive-truck t2 l2-1 l2-0 c2)
44.166: (drive-truck t2 l2-1 l2-0 c2)
44.201: (drive-truck t2 l2-1 l2-0 c2)
44.201: (drive-truck t2 l2-1 l2-0 c2)
44.201: (drive-truck t0 l0-4 l0-1 c0)
44.201: (drive-truck t0 l0-4 l0-1 c0)
44.203: (drive-truck t1 l1-1 l1-3 c1)
44.203: (drive-truck t1 l1-1 l1-3 c1)
44.193: (drive-truck t1 l1-1 l1-3 c1)
44.193: (drive-truck t1 l1-1 l1-3 c1)
44.193: (drive-truck t0 l0-4 l0-1 c0)
44.193: (drive-truck t0 l0-4 l0-1 c0)
44.235: (drive-truck t0 l0-4 l0-1 c0)
44.236: (drive-truck t0 l0-4 l0-1 c0)
44.248: (drive-truck t2 l2-0 l2-3 c2)
44.249: (drive-truck t2 l2-0 l2-3 c2)
44.489: (drive-truck t0 l0-4 l0-0 c0)
44.489: (drive-truck t0 l0-4 l0-0 c0)
43.074: (load-truck p8 t0 l0-0)
43.074: (load-truck p8 t0 l0-0)
43.752: (unload-truck p18 t0 l0-0)
43.752: (unload-truck p18 t0 l0-0)
43.779: (unload-truck p23 t1 l1-3)
43.779: (unload-truck p23 t1 l1-3)
44.225: (drive-truck t2 l2-3 l2-1 c2)
44.225: (drive-truck t2 l2-3 l2-1 c2)
44.226: (drive-truck t2 l2-0 l2-1 c2)
44.226: (drive-truck t2 l2-0 l2-1 c2)
42.600: (unload-truck p18 t0 l0-0)
42.601: (unload-truck p18 t0 l0-0)
42.601: (load-truck p8 t0 l0-0)
42.601: (load-truck p8 t0 l0-0)
42.766: (drive-truck t0 l0-0 l0-4 c0)
42.766: (drive-truck t0 l0-0 l0-4 c0)
42.780: (drive-truck t0 l0-0 l0-2 c0)
42.780: (drive-truck t0 l0-0 l0-2 c0)
42.793: (drive-truck t0 l0-0 l0-1 c0)
42.793: (drive-truck t0 l0-0 l0-1 c0)
41.722: (drive-truck t0 l0-0 l0-4 c0)
41.722: (drive-truck t0 l0-0 l0-4 c0)
41.737: (drive-truck t0 l0-0 l0-2 c0)
41.737: (drive-truck t0 l0-0 l0-2 c0)
41.749: (drive-truck t0 l0-0 l0-1 c0)
41.749: (drive-truck t0 l0-0 l0-1 c0)
42.379: (unload-truck p23 t1 l1-3)
42.379: (unload-truck p23 t1 l1-3)
42.579: (drive-truck t2 l2-0 l2-3 c2)
42.579: (drive-truck t2 l2-0 l2-3 c2)
40.707: (fly-airplane a1 l1-0 l0-0)
40.707: (fly-airplane a2 l1-0 l0-0)
40.711: (fly-airplane a0 l1-0 l0-0)
40.711: (fly-airplane a0 l1-0 l0-0)
40.715: (fly-airplane a1 l1-0 l0-0)
40.715: (fly-airplane a2 l1-0 l0-0)
40.720: (fly-airplane a0 l1-0 l0-0)
40.721: (fly-airplane a0 l1-0 l0-0)
40.726: (fly-airplane a1 l1-0 l0-0)
40.727: (fly-airplane a2 l1-0 l0-0)
39.659: (load-airplane p0 a1 l0-0)
39.659: (load-airplane p0 a2 l0-0)
39.662: (load-airplane p0 a0 l0-0)
39.662: (load-airplane p0 a0 l0-0)
39.666: (load-airplane p0 a1 l0-0)
39.666: (load-airplane p0 a2 l0-0)
39.668: (load-airplane p0 a0 l0-0)
39.668: (load-airplane p0 a0 l0-0)
39.677: (load-airplane p0 a1 l0-0)
39.679: (load-airplane p0 a2 l0-0)
39.164: (unload-truck p8 t0 l0-2)
39.164: (unload-truck p8 t0 l0-2)
39.168: (unload-truck p8 t0 l0-2)
39.168: (unload-truck p8 t0 l0-2)
39.244: (unload-truck p23 t1 l1-3)
39.246: (unload-truck p23 t1 l1-3)
39.612: (fly-airplane a2 l1-0 l0-0)
39.612: (fly-airplane a0 l1-0 l0-0)
39.612: (fly-airplane a0 l1-0 l0-0)
39.612: (fly-airplane a1 l1-0 l0-0)
38.341: (drive-truck t0 l0-2 l0-4 c0)
38.341: (drive-truck t0 l0-2 l0-4 c0)
38.345: (drive-truck t0 l0-2 l0-4 c0)
38.345: (drive-truck t0 l0-2 l0-4 c0)
38.357: (drive-truck t0 l0-2 l0-1 c0)
38.357: (drive-truck t0 l0-2 l0-1 c0)
38.360: (drive-truck t0 l0-2 l0-1 c0)
38.361: (drive-truck t0 l0-2 l0-1 c0)
38.616: (drive-truck t2 l2-0 l2-3 c2)
38.616: (drive-truck t2 l2-0 l2-3 c2)
37.920: (unload-truck p23 t1 l1-3)
37.920: (unload-truck p23 t1 l1-3)
37.963: (unload-truck p23 t1 l1-3)
37.964: (unload-truck p23 t1 l1-3)
38.294: (fly-airplane a1 l1-0 l0-0)
38.294: (fly-airplane a0 l1-0 l0-0)
38.294: (fly-airplane a2 l1-0 l0-0)
38.294: (fly-airplane a0 l1-0 l0-0)
38.309: (fly-airplane a1 l1-0 l0-0)
38.310: (fly-airplane a2 l1-0 l0-0)
37.356: (drive-truck t1 l1-3 l1-1 c1)
37.356: (drive-truck t1 l1-3 l1-1 c1)
37.362: (drive-truck t1 l1-3 l1-1 c1)
37.362: (drive-truck t1 l1-3 l1-1 c1)
37.900: (unload-truck p23 t1 l1-3)
37.901: (fly-airplane a2 l1-0 l0-0)
37.901: (fly-airplane a0 l1-0 l0-0)
37.901: (fly-airplane a0 l1-0 l0-0)
37.901: (fly-airplane a1 l1-0 l0-0)
37.902: (unload-truck p23 t1 l1-3)
37.310: (drive-truck t1 l1-3 l1-1 c1)
37.310: (fly-airplane a1 l1-0 l0-0)
37.310: (drive-truck t1 l1-3 l1-1 c1)
37.310: (fly-airplane a0 l1-0 l0-0)
37.310: (fly-airplane a0 l1-0 l0-0)
37.310: (fly-airplane a2 l1-0 l0-0)
37.310: (drive-truck t1 l1-3 l1-1 c1)
37.311: (drive-truck t1 l1-3 l1-1 c1)
37.359: (drive-truck t0 l0-1 l0-4 c0)
37.359: (drive-truck t0 l0-1 l0-4 c0)
37.287: (fly-airplane a1 l1-0 l0-0)
37.287: (fly-airplane a1 l1-0 l0-0)
37.288: (fly-airplane a2 l1-0 l0-0)
37.288: (fly-airplane a2 l1-0 l0-0)
37.313: (drive-truck t0 l0-1 l0-4 c0)
37.313: (drive-truck t0 l0-1 l0-4 c0)
37.313: (drive-truck t0 l0-1 l0-4 c0)
37.313: (fly-airplane a0 l1-0 l0-0)
37.313: (drive-truck t0 l0-1 l0-4 c0)
37.314: (fly-airplane a0 l1-0 l0-0)
37.256: (drive-truck t1 l1-1 l1-0 c1)
37.257: (drive-truck t1 l1-1 l1-0 c1)
37.257: (drive-truck t1 l1-1 l1-0 c1)
37.257: (drive-truck t1 l1-1 l1-0 c1)
37.289: (drive-truck t0 l0-1 l0-4 c0)
37.289: (fly-airplane a1 l1-0 l0-0)
37.290: (fly-airplane a2 l1-0 l0-0)
37.290: (drive-truck t0 l0-1 l0-4 c0)
37.290: (drive-truck t0 l0-1 l0-4 c0)
37.290: (drive-truck t0 l0-1 l0-4 c0)
37.231: (drive-truck t1 l1-1 l1-0 c1)
37.231: (drive-truck t1 l1-1 l1-0 c1)
37.232: (drive-truck t1 l1-1 l1-0 c1)
37.232: (drive-truck t0 l0-1 l0-4 c0)
37.232: (drive-truck t0 l0-1 l0-4 c0)
37.233: (drive-truck t1 l1-1 l1-0 c1)
37.233: (drive-truck t0 l0-1 l0-4 c0)
37.233: (drive-truck t0 l0-1 l0-4 c0)
37.274: (drive-truck t2 l2-0 l2-3 c2)
37.274: (drive-truck t2 l2-0 l2-3 c2)
37.242: (drive-truck t2 l2-0 l2-3 c2)
37.242: (drive-truck t2 l2-0 l2-3 c2)
37.242: (drive-truck t2 l2-0 l2-3 c2)
37.242: (drive-truck t0 l0-1 l0-4 c0)
37.242: (drive-truck t2 l2-0 l2-3 c2)
37.242: (drive-truck t0 l0-1 l0-4 c0)
37.252: (drive-truck t2 l2-0 l2-1 c2)
37.252: (drive-truck t2 l2-0 l2-1 c2)
37.253: (drive-truck t2 l2-0 l2-1 c2)
37.253: (drive-truck t2 l2-0 l2-1 c2)
37.274: (drive-truck t0 l0-4 l0-1 c0)
37.275: (drive-truck t0 l0-4 l0-1 c0)
37.279: (drive-truck t0 l0-4 l0-1 c0)
37.279: (drive-truck t0 l0-4 l0-1 c0)
37.279: (drive-truck t0 l0-4 l0-1 c0)
37.279: (drive-truck t0 l0-4 l0-1 c0)
37.304: (drive-truck t1 l1-0 l1-1 c1)
37.304: (drive-truck t1 l1-0 l1-1 c1)
37.304: (drive-truck t1 l1-0 l1-1 c1)
37.304: (drive-truck t1 l1-0 l1-1 c1)
37.310: (drive-truck t0 l0-4 l0-1 c0)
37.312: (drive-truck t0 l0-4 l0-1 c0)
37.312: (drive-truck t0 l0-4 l0-1 c0)
37.312: (drive-truck t1 l1-0 l1-1 c1)
37.312: (drive-truck t1 l1-0 l1-1 c1)
37.313: (drive-truck t0 l0-4 l0-1 c0)
37.314: (drive-truck t2 l2-3 l2-1 c2)
37.314: (drive-truck t2 l2-3 l2-1 c2)
37.315: (drive-truck t2 l2-3 l2-1 c2)
37.315: (drive-truck t2 l2-3 l2-1 c2)
37.316: (drive-truck t0 l0-4 l0-1 c0)
37.316: (drive-truck t0 l0-4 l0-1 c0)
37.316: (drive-truck t2 l2-3 l2-1 c2)
37.317: (drive-truck t0 l0-4 l0-1 c0)
37.317: (drive-truck t2 l2-3 l2-1 c2)
37.317: (drive-truck t2 l2-3 l2-1 c2)
37.318: (drive-truck t0 l0-4 l0-1 c0)
37.318: (drive-truck t2 l2-3 l2-1 c2)
37.335: (fly-airplane a1 l0-0 l1-0)
37.335: (fly-airplane a1 l0-0 l1-0)
37.327: (drive-truck t0 l0-1 l0-4 c0)
37.327: (drive-truck t0 l0-1 l0-4 c0)
37.339: (fly-airplane a2 l0-0 l1-0)
37.339: (fly-airplane a1 l0-0 l1-0)
37.340: (fly-airplane a1 l0-0 l1-0)
37.340: (drive-truck t2 l2-3 l2-1 c2)
37.340: (fly-airplane a2 l0-0 l1-0)
37.340: (drive-truck t2 l2-3 l2-1 c2)
37.382: (fly-airplane a0 l0-0 l1-0)
37.387: (fly-airplane a2 l0-0 l1-0)
37.335: (drive-truck t2 l2-1 l2-3 c2)
37.335: (drive-truck t2 l2-1 l2-3 c2)
37.339: (drive-truck t0 l0-1 l0-4 c0)
37.339: (drive-truck t0 l0-1 l0-4 c0)
37.339: (drive-truck t2 l2-3 l2-1 c2)
37.339: (drive-truck t2 l2-3 l2-1 c2)
37.340: (drive-truck t0 l0-1 l0-4 c0)
37.340: (drive-truck t0 l0-1 l0-4 c0)
37.374: (fly-airplane a0 l0-0 l1-0)
37.375: (drive-truck t0 l0-1 l0-4 c0)
37.327: (drive-truck t2 l2-1 l2-3 c2)
37.327: (drive-truck t0 l0-1 l0-4 c0)
37.327: (drive-truck t0 l0-1 l0-4 c0)
37.327: (drive-truck t2 l2-1 l2-3 c2)
37.382: (fly-airplane a0 l0-0 l1-0)
37.385: (fly-airplane a0 l0-0 l1-0)
37.386: (drive-truck t2 l2-3 l2-1 c2)
37.386: (fly-airplane a0 l0-0 l1-0)
37.387: (fly-airplane a1 l1-0 l0-0)
37.387: (fly-airplane a1 l0-0 l1-0)
37.371: (drive-truck t2 l2-3 l2-0 c2)
37.373: (drive-truck t0 l0-1 l0-4 c0)
37.373: (fly-airplane a0 l0-0 l1-0)
37.374: (drive-truck t2 l2-1 l2-3 c2)
37.380: (fly-airplane a1 l0-0 l1-0)
37.380: (drive-truck t0 l0-1 l0-4 c0)
37.384: (fly-airplane a0 l0-0 l1-0)
37.385: (drive-truck t0 l0-4 l0-1 c0)
37.385: (drive-truck t0 l0-4 l0-1 c0)
37.386: (drive-truck t2 l2-3 l2-1 c2)
36.459: (unload-airplane p0 a0 l1-0)
37.365: (drive-truck t2 l2-3 l2-0 c2)
37.369: (drive-truck t0 l0-4 l0-1 c0)
37.369: (drive-truck t2 l2-3 l2-0 c2)
37.387: (fly-airplane a2 l1-0 l0-0)
37.392: (fly-airplane a2 l1-0 l0-0)
37.392: (drive-truck t2 l2-3 l2-1 c2)
37.392: (drive-truck t0 l0-4 l0-1 c0)
37.396: (drive-truck t2 l2-3 l2-1 c2)
37.398: (fly-airplane a2 l1-0 l0-0)
36.385: (fly-airplane a0 l1-0 l0-0)
36.444: (drive-truck t2 l2-3 l2-0 c2)
36.444: (unload-airplane p0 a0 l1-0)
36.461: (fly-airplane a2 l1-0 l0-0)
36.466: (unload-airplane p0 a0 l1-0)
36.468: (drive-truck t0 l0-4 l0-1 c0)
36.468: (drive-truck t2 l2-3 l2-1 c2)
36.470: (unload-airplane p0 a0 l1-0)
36.584: (fly-airplane a1 l0-0 l1-0)
36.718: (drive-truck t0 l0-4 l0-2 c0)
36.346: (fly-airplane a2 l1-0 l0-0)
36.346: (fly-airplane a0 l1-0 l0-0)
36.371: (fly-airplane a0 l1-0 l0-0)
36.371: (drive-truck t2 l2-3 l2-0 c2)
36.393: (fly-airplane a0 l1-0 l0-0)
36.393: (drive-truck t0 l0-4 l0-1 c0)
36.397: (drive-truck t2 l2-3 l2-1 c2)
36.398: (fly-airplane a0 l1-0 l0-0)
36.442: (drive-truck t0 l0-4 l0-1 c0)
36.442: (drive-truck t2 l2-3 l2-0 c2)
36.331: (fly-airplane a2 l1-0 l0-0)
36.331: (drive-truck t2 l2-3 l2-0 c2)
36.354: (fly-airplane a2 l1-0 l0-0)
36.354: (drive-truck t0 l0-4 l0-1 c0)
36.358: (drive-truck t2 l2-3 l2-1 c2)
36.358: (fly-airplane a2 l1-0 l0-0)
36.369: (drive-truck t0 l0-4 l0-1 c0)
36.369: (fly-airplane a0 l1-0 l0-0)
36.369: (drive-truck t2 l2-3 l2-0 c2)
36.397: (drive-truck t2 l2-3 l2-1 c2)
36.328: (fly-airplane a2 l1-0 l0-0)
36.329: (drive-truck t0 l0-4 l0-1 c0)
36.329: (drive-truck t2 l2-3 l2-0 c2)
36.358: (drive-truck t2 l2-3 l2-1 c2)
36.359: (drive-truck t0 l0-4 l0-1 c0)
36.359: (fly-airplane a2 l1-0 l0-0)
36.441: (fly-airplane a1 l0-0 l1-0)
36.444: (fly-airplane a1 l0-0 l1-0)
36.445: (fly-airplane a0 l0-0 l1-0)
36.468: (fly-airplane a1 l0-0 l1-0)
36.442: (fly-airplane a2 l1-0 l0-0)
36.442: (drive-truck t0 l0-4 l0-1 c0)
36.442: (fly-airplane a1 l0-0 l1-0)
36.443: (fly-airplane a2 l0-0 l1-0)
36.443: (drive-truck t0 l0-1 l0-4 c0)
36.443: (fly-airplane a0 l0-0 l1-0)
36.443: (drive-truck t0 l0-4 l0-1 c0)
36.460: (drive-truck t2 l2-0 l2-3 c2)
36.466: (drive-truck t2 l2-0 l2-3 c2)
36.467: (drive-truck t2 l2-1 l2-3 c2)
36.457: (drive-truck t2 l2-0 l2-3 c2)
36.458: (drive-truck t0 l0-1 l0-4 c0)
36.458: (fly-airplane a2 l0-0 l1-0)
36.467: (drive-truck t2 l2-0 l2-1 c2)
36.468: (drive-truck t2 l2-0 l2-3 c2)
36.469: (drive-truck t0 l0-4 l0-1 c0)
36.469: (fly-airplane a2 l1-0 l0-0)
36.469: (drive-truck t2 l2-0 l2-3 c2)
36.469: (drive-truck t2 l2-3 l2-1 c2)
36.469: (drive-truck t2 l2-0 l2-1 c2)
36.471: (drive-truck t2 l2-3 l2-1 c2)
36.582: (fly-airplane a0 l0-0 l1-0)
36.584: (fly-airplane a0 l0-0 l1-0)
36.588: (fly-airplane a0 l0-0 l1-0)
36.594: (fly-airplane a0 l0-0 l1-0)
36.594: (fly-airplane a1 l0-0 l1-0)
36.716: (drive-truck t0 l0-4 l0-2 c0)
36.721: (drive-truck t0 l0-1 l0-2 c0)
36.723: (drive-truck t0 l0-1 l0-2 c0)
36.796: (drive-truck t2 l2-1 l2-2 c2)
34.892: (load-truck p19 t2 l2-2)
36.469: (fly-airplane a2 l0-0 l1-0)
36.470: (drive-truck t0 l0-1 l0-4 c0)
36.471: (fly-airplane a1 l1-0 l0-0)
36.560: (drive-truck t2 l2-1 l2-0 c2)
36.564: (drive-truck t2 l2-1 l2-0 c2)
36.570: (drive-truck t2 l2-1 l2-0 c2)
36.571: (drive-truck t2 l2-3 l2-0 c2)
36.579: (drive-truck t2 l2-1 l2-3 c2)
36.580: (drive-truck t0 l0-1 l0-4 c0)
34.658: (drive-truck t2 l2-2 l2-0 c2)
34.672: (drive-truck t2 l2-2 l2-3 c2)
34.687: (drive-truck t2 l2-2 l2-1 c2)
34.819: (fly-airplane a1 l1-0 l0-0)
34.892: (fly-airplane a2 l1-0 l0-0)
34.934: (fly-airplane a0 l0-0 l1-0)
35.486: (drive-truck t0 l0-4 l0-1 c0)
35.654: (drive-truck t2 l2-2 l2-4 c2)
35.700: (load-truck p26 t2 l2-2)
35.742: (unload-airplane p16 a1 l1-0)
34.586: (drive-truck t2 l2-2 l2-0 c2)
34.587: (fly-airplane a1 l1-0 l0-0)
34.601: (fly-airplane a1 l1-0 l0-0)
34.601: (drive-truck t2 l2-2 l2-3 c2)
34.618: (drive-truck t2 l2-2 l2-1 c2)
34.618: (fly-airplane a1 l1-0 l0-0)
34.660: (fly-airplane a2 l1-0 l0-0)
34.660: (drive-truck t2 l2-2 l2-0 c2)
34.662: (drive-truck t2 l2-2 l2-0 c2)
34.662: (drive-truck t0 l0-4 l0-1 c0)
34.549: (fly-airplane a2 l1-0 l0-0)
34.549: (fly-airplane a1 l1-0 l0-0)
34.563: (fly-airplane a2 l1-0 l0-0)
34.581: (fly-airplane a2 l1-0 l0-0)
34.590: (fly-airplane a1 l1-0 l0-0)
34.591: (drive-truck t0 l0-4 l0-1 c0)
34.615: (drive-truck t0 l0-4 l0-1 c0)
34.625: (drive-truck t0 l0-4 l0-1 c0)
34.659: (fly-airplane a0 l0-0 l1-0)
34.665: (fly-airplane a2 l1-0 l0-0)
34.552: (fly-airplane a2 l1-0 l0-0)
34.553: (drive-truck t0 l0-4 l0-1 c0)
34.553: (fly-airplane a1 l1-0 l0-0)
34.577: (fly-airplane a2 l1-0 l0-0)
34.577: (drive-truck t0 l0-4 l0-1 c0)
34.587: (drive-truck t0 l0-4 l0-1 c0)
34.587: (fly-airplane a2 l1-0 l0-0)
34.661: (fly-airplane a0 l0-0 l1-0)
34.662: (fly-airplane a2 l1-0 l0-0)
34.663: (drive-truck t0 l0-4 l0-1 c0)
34.666: (fly-airplane a0 l0-0 l1-0)
34.666: (drive-truck t0 l0-4 l0-1 c0)
34.666: (fly-airplane a2 l1-0 l0-0)
34.676: (drive-truck t2 l2-0 l2-3 c2)
34.689: (drive-truck t2 l2-0 l2-3 c2)
34.689: (fly-airplane a1 l0-0 l1-0)
34.690: (fly-airplane a0 l0-0 l1-0)
34.692: (drive-truck t2 l2-0 l2-1 c2)
34.695: (drive-truck t2 l2-0 l2-1 c2)
34.697: (fly-airplane a1 l0-0 l1-0)
34.673: (drive-truck t0 l0-1 l0-4 c0)
34.673: (fly-airplane a2 l0-0 l1-0)
34.675: (drive-truck t0 l0-1 l0-4 c0)
34.688: (fly-airplane a2 l0-0 l1-0)
34.689: (fly-airplane a2 l0-0 l1-0)
34.689: (drive-truck t0 l0-1 l0-4 c0)
34.690: (drive-truck t0 l0-1 l0-4 c0)
34.694: (fly-airplane a2 l0-0 l1-0)
34.697: (fly-airplane a2 l1-0 l0-0)
34.697: (drive-truck t0 l0-4 l0-1 c0)
34.795: (fly-airplane a0 l0-0 l1-0)
34.799: (fly-airplane a1 l0-0 l1-0)
34.802: (fly-airplane a0 l0-0 l1-0)
34.805: (fly-airplane a1 l0-0 l1-0)
34.813: (fly-airplane a1 l0-0 l1-0)
34.816: (fly-airplane a0 l0-0 l1-0)
34.818: (fly-airplane a0 l0-0 l1-0)
34.895: (drive-truck t2 l2-1 l2-2 c2)
34.896: (drive-truck t2 l2-3 l2-2 c2)
34.931: (drive-truck t0 l0-1 l0-2 c0)
34.777: (drive-truck t2 l2-1 l2-0 c2)
34.777: (drive-truck t2 l2-3 l2-0 c2)
34.779: (drive-truck t2 l2-1 l2-0 c2)
34.780: (drive-truck t2 l2-3 l2-0 c2)
34.793: (drive-truck t2 l2-1 l2-0 c2)
34.797: (drive-truck t2 l2-1 l2-0 c2)
34.797: (drive-truck t2 l2-3 l2-0 c2)
34.814: (drive-truck t0 l0-4 l0-1 c0)
34.815: (drive-truck t2 l2-1 l2-3 c2)
34.816: (fly-airplane a2 l1-0 l0-0)
34.950: (drive-truck t2 l2-0 l2-2 c2)
35.127: (drive-truck t0 l0-1 l0-2 c0)
35.270: (drive-truck t0 l0-1 l0-3 c0)
35.409: (drive-truck t2 l2-0 l2-2 c2)
35.437: (drive-truck t2 l2-0 l2-2 c2)
35.438: (drive-truck t2 l2-3 l2-2 c2)
35.540: (drive-truck t1 l1-1 l1-3 c1)
35.542: (drive-truck t1 l1-1 l1-3 c1)
35.581: (drive-truck t0 l0-4 l0-3 c0)
35.581: (drive-truck t0 l0-1 l0-3 c0)
34.286: (load-truck p25 t0 l0-3)
34.606: (load-truck p25 t0 l0-3)
34.896: (fly-airplane a1 l1-0 l0-0)
34.937: (fly-airplane a0 l1-0 l0-0)
34.938: (fly-airplane a1 l1-0 l0-0)
35.084: (fly-airplane a0 l1-0 l0-0)
35.085: (fly-airplane a1 l1-0 l0-0)
35.123: (fly-airplane a2 l0-0 l1-0)
35.271: (fly-airplane a2 l0-0 l1-0)
35.389: (fly-airplane a0 l1-0 l0-0)
33.781: (drive-truck t0 l0-3 l0-4 c0)
33.796: (drive-truck t0 l0-3 l0-1 c0)
33.801: (drive-truck t0 l0-3 l0-4 c0)
33.821: (drive-truck t0 l0-3 l0-1 c0)
34.101: (fly-airplane a0 l1-0 l0-0)
34.102: (fly-airplane a1 l1-0 l0-0)
34.102: (load-truck p25 t0 l0-3)
34.103: (load-truck p25 t0 l0-3)
34.151: (drive-truck t0 l0-3 l0-2 c0)
34.286: (fly-airplane a2 l0-0 l1-0)
33.667: (fly-airplane a0 l1-0 l0-0)
33.668: (fly-airplane a1 l1-0 l0-0)
33.671: (fly-airplane a0 l1-0 l0-0)
33.672: (fly-airplane a1 l1-0 l0-0)
33.683: (fly-airplane a0 l1-0 l0-0)
33.683: (drive-truck t0 l0-3 l0-4 c0)
33.684: (fly-airplane a1 l1-0 l0-0)
33.685: (drive-truck t0 l0-3 l0-4 c0)
33.698: (fly-airplane a0 l1-0 l0-0)
33.698: (drive-truck t0 l0-3 l0-1 c0)
33.560: (fly-airplane a0 l1-0 l0-0)
33.560: (fly-airplane a1 l1-0 l0-0)
33.563: (fly-airplane a0 l1-0 l0-0)
33.563: (fly-airplane a1 l1-0 l0-0)
33.576: (fly-airplane a0 l1-0 l0-0)
33.576: (fly-airplane a1 l1-0 l0-0)
33.589: (fly-airplane a1 l1-0 l0-0)
33.666: (fly-airplane a2 l0-0 l1-0)
33.666: (fly-airplane a2 l0-0 l1-0)
33.669: (fly-airplane a2 l0-0 l1-0)
33.591: (drive-truck t2 l2-0 l2-1 c2)
33.592: (drive-truck t2 l2-3 l2-1 c2)
33.598: (drive-truck t2 l2-0 l2-1 c2)
33.598: (drive-truck t2 l2-3 l2-1 c2)
33.598: (fly-airplane a2 l0-0 l1-0)
33.598: (fly-airplane a1 l1-0 l0-0)
33.599: (fly-airplane a0 l1-0 l0-0)
33.600: (fly-airplane a1 l1-0 l0-0)
33.601: (fly-airplane a2 l0-0 l1-0)
33.613: (fly-airplane a2 l0-0 l1-0)
33.626: (drive-truck t2 l2-0 l2-3 c2)
33.627: (drive-truck t0 l0-4 l0-1 c0)
33.628: (drive-truck t2 l2-3 l2-1 c2)
33.629: (drive-truck t2 l2-0 l2-1 c2)
33.629: (fly-airplane a2 l0-0 l1-0)
33.634: (drive-truck t2 l2-0 l2-1 c2)
33.635: (fly-airplane a2 l0-0 l1-0)
33.671: (fly-airplane a0 l0-0 l1-0)
33.681: (fly-airplane a1 l0-0 l1-0)
33.683: (fly-airplane a0 l0-0 l1-0)
33.694: (fly-airplane a1 l0-0 l1-0)
33.694: (drive-truck t2 l2-3 l2-1 c2)
33.695: (fly-airplane a1 l0-0 l1-0)
33.695: (drive-truck t0 l0-4 l0-1 c0)
33.696: (fly-airplane a0 l0-0 l1-0)
33.696: (drive-truck t2 l2-3 l2-1 c2)
33.697: (fly-airplane a0 l0-0 l1-0)
33.697: (drive-truck t2 l2-0 l2-3 c2)
33.697: (drive-truck t0 l0-4 l0-1 c0)
33.701: (fly-airplane a1 l0-0 l1-0)
33.696: (fly-airplane a2 l1-0 l0-0)
33.698: (fly-airplane a2 l1-0 l0-0)
33.699: (fly-airplane a2 l1-0 l0-0)
33.702: (drive-truck t0 l0-4 l0-1 c0)
33.702: (drive-truck t2 l2-3 l2-1 c2)
33.704: (fly-airplane a2 l1-0 l0-0)
33.809: (fly-airplane a1 l0-0 l1-0)
33.809: (fly-airplane a0 l0-0 l1-0)
33.821: (fly-airplane a0 l0-0 l1-0)
33.824: (fly-airplane a0 l0-0 l1-0)
33.704: (drive-truck t0 l0-4 l0-1 c0)
33.705: (drive-truck t2 l2-3 l2-1 c2)
33.706: (fly-airplane a2 l1-0 l0-0)
33.784: (drive-truck t2 l2-1 l2-0 c2)
33.799: (drive-truck t2 l2-3 l2-0 c2)
33.800: (drive-truck t2 l2-1 l2-0 c2)
33.804: (drive-truck t0 l0-1 l0-4 c0)
33.805: (drive-truck t2 l2-1 l2-3 c2)
33.807: (fly-airplane a2 l1-0 l0-0)
33.807: (fly-airplane a0 l0-0 l1-0)
33.818: (drive-truck t0 l0-4 l0-1 c0)
33.819: (fly-airplane a1 l0-0 l1-0)
33.941: (drive-truck t2 l2-0 l2-2 c2)
33.941: (drive-truck t2 l2-3 l2-2 c2)
33.956: (drive-truck t2 l2-1 l2-2 c2)
34.148: (drive-truck t0 l0-4 l0-2 c0)
34.416: (drive-truck t2 l2-0 l2-2 c2)
34.454: (drive-truck t0 l0-1 l0-3 c0)
34.503: (drive-truck t2 l2-1 l2-2 c2)
34.505: (drive-truck t0 l0-1 l0-2 c0)
33.899: (fly-airplane a0 l1-0 l0-0)
33.900: (fly-airplane a0 l1-0 l0-0)
33.904: (fly-airplane a1 l1-0 l0-0)
33.905: (fly-airplane a1 l1-0 l0-0)
33.905: (drive-truck t0 l0-1 l0-4 c0)
33.959: (fly-airplane a0 l1-0 l0-0)
33.961: (fly-airplane a1 l1-0 l0-0)
33.967: (drive-truck t2 l2-1 l2-3 c2)
34.326: (fly-airplane a0 l1-0 l0-0)
34.388: (fly-airplane a0 l1-0 l0-0)
32.187: (load-truck p9 t0 l0-3)
33.793: (fly-airplane a0 l1-0 l0-0)
33.793: (fly-airplane a1 l1-0 l0-0)
33.793: (drive-truck t0 l0-1 l0-4 c0)
33.831: (fly-airplane a1 l1-0 l0-0)
33.831: (fly-airplane a0 l1-0 l0-0)
33.858: (fly-airplane a0 l1-0 l0-0)
33.891: (fly-airplane a1 l1-0 l0-0)
33.892: (fly-airplane a0 l1-0 l0-0)
33.964: (fly-airplane a2 l1-0 l0-0)
30.979: (drive-truck t0 l0-3 l0-4 c0)
30.985: (drive-truck t0 l0-3 l0-1 c0)
31.657: (drive-truck t2 l2-1 l2-3 c2)
32.147: (drive-truck t2 l2-1 l2-0 c2)
32.184: (drive-truck t0 l0-3 l0-2 c0)
32.342: (load-truck p10 t0 l0-3)
32.943: (drive-truck t2 l2-1 l2-2 c2)
33.093: (unload-airplane p16 a1 l0-0)
33.121: (load-airplane p18 a0 l0-0)
33.122: (load-airplane p18 a1 l0-0)
30.950: (drive-truck t0 l0-3 l0-4 c0)
30.950: (drive-truck t2 l2-1 l2-0 c2)
30.954: (drive-truck t2 l2-1 l2-0 c2)
30.955: (drive-truck t0 l0-3 l0-1 c0)
30.964: (drive-truck t2 l2-1 l2-3 c2)
30.964: (drive-truck t0 l0-3 l0-4 c0)
30.978: (drive-truck t0 l0-3 l0-1 c0)
30.978: (drive-truck t2 l2-1 l2-3 c2)
31.197: (drive-truck t0 l0-3 l0-4 c0)
31.197: (drive-truck t2 l2-1 l2-2 c2)
31.651: (drive-truck t0 l0-1 l0-2 c0)
31.652: (drive-truck t0 l0-4 l0-2 c0)
31.703: (drive-truck t1 l1-1 l1-0 c1)
31.780: (drive-truck t0 l0-4 l0-1 c0)
31.780: (drive-truck t2 l2-3 l2-2 c2)
31.780: (drive-truck t2 l2-0 l2-2 c2)
31.874: (unload-airplane p16 a1 l0-0)
31.878: (unload-airplane p16 a1 l0-0)
31.889: (unload-airplane p16 a1 l0-0)
31.904: (unload-airplane p16 a1 l0-0)
30.855: (load-airplane p16 a0 l0-0)
30.860: (load-airplane p16 a0 l0-0)
30.869: (load-airplane p16 a0 l0-0)
30.883: (load-airplane p16 a0 l0-0)
30.949: (load-airplane p16 a2 l0-0)
30.955: (load-airplane p16 a2 l0-0)
30.963: (load-airplane p16 a2 l0-0)
30.977: (load-airplane p16 a2 l0-0)
31.885: (drive-truck t2 l2-0 l2-1 c2)
31.886: (drive-truck t2 l2-3 l2-1 c2)
30.884: (drive-truck t2 l2-3 l2-1 c2)
30.884: (load-airplane p16 a0 l0-0)
30.884: (drive-truck t2 l2-0 l2-1 c2)
30.891: (drive-truck t2 l2-0 l2-1 c2)
30.891: (drive-truck t2 l2-3 l2-1 c2)
30.978: (load-airplane p16 a2 l0-0)
30.978: (drive-truck t2 l2-3 l2-1 c2)
30.979: (drive-truck t2 l2-0 l2-1 c2)
30.986: (drive-truck t2 l2-0 l2-1 c2)
30.987: (drive-truck t2 l2-3 l2-1 c2)
31.102: (drive-truck t2 l2-1 l2-2 c2)
31.197: (drive-truck t2 l2-1 l2-2 c2)
31.686: (drive-truck t2 l2-1 l2-2 c2)
31.780: (drive-truck t2 l2-1 l2-2 c2)
31.851: (unload-truck p7 t1 l1-1)
31.852: (unload-truck p7 t1 l1-1)
31.856: (drive-truck t2 l2-1 l2-4 c2)
31.868: (load-airplane p18 a1 l0-0)
31.868: (load-airplane p18 a2 l0-0)
31.871: (load-airplane p18 a0 l0-0)
31.836: (drive-truck t2 l2-1 l2-3 c2)
31.839: (drive-truck t2 l2-1 l2-0 c2)
31.839: (drive-truck t2 l2-1 l2-0 c2)
31.843: (drive-truck t2 l2-1 l2-0 c2)
31.844: (drive-truck t2 l2-1 l2-3 c2)
31.854: (drive-truck t2 l2-1 l2-0 c2)
31.857: (drive-truck t2 l2-1 l2-3 c2)
31.857: (drive-truck t2 l2-1 l2-3 c2)
31.858: (drive-truck t2 l2-1 l2-0 c2)
31.861: (drive-truck t2 l2-1 l2-3 c2)
31.851: (drive-truck t0 l0-4 l0-1 c0)
31.851: (drive-truck t0 l0-4 l0-1 c0)
31.855: (drive-truck t0 l0-4 l0-1 c0)
31.869: (fly-airplane a1 l0-0 l2-0)
31.869: (fly-airplane a2 l0-0 l2-0)
31.877: (drive-truck t0 l0-4 l0-1 c0)
31.878: (drive-truck t0 l0-4 l0-1 c0)
31.878: (fly-airplane a2 l0-0 l2-0)
31.878: (fly-airplane a1 l0-0 l2-0)
31.881: (drive-truck t0 l0-4 l0-1 c0)
31.865: (fly-airplane a1 l0-0 l2-0)
31.865: (fly-airplane a2 l0-0 l2-0)
31.873: (fly-airplane a2 l0-0 l2-0)
31.874: (fly-airplane a1 l0-0 l2-0)
31.880: (drive-truck t2 l2-0 l2-1 c2)
31.880: (drive-truck t2 l2-0 l2-1 c2)
31.880: (drive-truck t2 l2-3 l2-1 c2)
31.881: (drive-truck t2 l2-3 l2-1 c2)
31.883: (drive-truck t2 l2-0 l2-1 c2)
31.884: (drive-truck t2 l2-3 l2-1 c2)
31.881: (drive-truck t2 l2-3 l2-1 c2)
31.882: (drive-truck t2 l2-3 l2-1 c2)
32.040: (fly-airplane a0 l0-0 l2-0)
32.048: (fly-airplane a0 l0-0 l2-0)
32.100: (drive-truck t2 l2-3 l2-2 c2)
32.469: (drive-truck t1 l1-1 l1-0 c1)
32.475: (drive-truck t2 l2-1 l2-2 c2)
32.475: (drive-truck t2 l2-1 l2-2 c2)
32.477: (drive-truck t2 l2-1 l2-2 c2)
32.556: (drive-truck t0 l0-4 l0-2 c0)
31.885: (fly-airplane a2 l2-0 l0-0)
31.885: (fly-airplane a1 l2-0 l0-0)
31.886: (fly-airplane a1 l2-0 l0-0)
31.887: (fly-airplane a2 l2-0 l0-0)
31.990: (drive-truck t0 l0-1 l0-4 c0)
31.990: (drive-truck t0 l0-1 l0-4 c0)
31.994: (drive-truck t0 l0-1 l0-4 c0)
32.038: (fly-airplane a2 l2-0 l0-0)
32.038: (fly-airplane a1 l2-0 l0-0)
32.045: (drive-truck t2 l2-3 l2-1 c2)
32.044: (fly-airplane a1 l2-0 l0-0)
32.044: (drive-truck t2 l2-3 l2-1 c2)
32.044: (drive-truck t2 l2-3 l2-1 c2)
32.044: (fly-airplane a2 l2-0 l0-0)
32.045: (fly-airplane a1 l2-0 l0-0)
32.045: (fly-airplane a2 l2-0 l0-0)
32.045: (drive-truck t0 l0-4 l0-1 c0)
32.045: (drive-truck t0 l0-4 l0-1 c0)
32.045: (fly-airplane a0 l0-0 l2-0)
32.045: (fly-airplane a0 l0-0 l2-0)
32.045: (drive-truck t0 l0-4 l0-1 c0)
32.046: (drive-truck t2 l2-3 l2-1 c2)
32.047: (fly-airplane a1 l0-0 l2-0)
32.051: (drive-truck t0 l0-4 l0-1 c0)
32.052: (fly-airplane a2 l2-0 l0-0)
32.052: (fly-airplane a1 l2-0 l0-0)
32.052: (fly-airplane a2 l2-0 l0-0)
32.052: (fly-airplane a2 l2-0 l0-0)
32.052: (fly-airplane a1 l2-0 l0-0)
32.052: (drive-truck t2 l2-3 l2-1 c2)
32.192: (drive-truck t2 l2-1 l2-2 c2)
32.636: (drive-truck t1 l1-1 l1-0 c1)
32.654: (drive-truck t2 l2-1 l2-2 c2)
32.680: (drive-truck t1 l1-1 l1-0 c1)
32.684: (drive-truck t2 l2-1 l2-2 c2)
32.695: (drive-truck t2 l2-3 l2-2 c2)
32.696: (drive-truck t2 l2-1 l2-2 c2)
32.698: (drive-truck t1 l1-1 l1-0 c1)
32.733: (drive-truck t1 l1-1 l1-0 c1)
32.792: (drive-truck t1 l1-1 l1-3 c1)
32.068: (fly-airplane a0 l2-0 l0-0)
32.172: (drive-truck t0 l0-1 l0-4 c0)
32.188: (drive-truck t0 l0-1 l0-4 c0)
32.188: (fly-airplane a1 l0-0 l2-0)
32.188: (fly-airplane a2 l0-0 l2-0)
32.454: (fly-airplane a0 l2-0 l0-0)
32.568: (fly-airplane a0 l2-0 l0-0)
32.591: (fly-airplane a0 l2-0 l0-0)
32.594: (fly-airplane a0 l2-0 l0-0)
32.595: (fly-airplane a0 l2-0 l0-0)
32.103: (fly-airplane a0 l2-0 l0-0)
32.103: (fly-airplane a1 l0-0 l2-0)
32.103: (fly-airplane a2 l0-0 l2-0)
32.104: (fly-airplane a0 l2-0 l0-0)
32.472: (drive-truck t2 l2-1 l2-3 c2)
32.473: (fly-airplane a1 l0-0 l2-0)
32.473: (fly-airplane a2 l0-0 l2-0)
32.595: (fly-airplane a2 l0-0 l2-0)
32.595: (fly-airplane a1 l2-0 l0-0)
32.610: (fly-airplane a1 l0-0 l2-0)
32.608: (fly-airplane a2 l0-0 l2-0)
32.609: (drive-truck t1 l1-0 l1-3 c1)
32.615: (fly-airplane a0 l0-0 l2-0)
32.615: (fly-airplane a0 l0-0 l2-0)
32.680: (drive-truck t0 l0-4 l0-1 c0)
32.680: (drive-truck t0 l0-4 l0-1 c0)
32.698: (fly-airplane a0 l0-0 l2-0)
32.770: (fly-airplane a0 l0-0 l2-0)
32.864: (drive-truck t2 l2-2 l2-4 c2)
32.864: (drive-truck t2 l2-2 l2-4 c2)
32.596: (fly-airplane a2 l0-0 l2-0)
32.597: (fly-airplane a1 l0-0 l2-0)
32.646: (fly-airplane a2 l2-0 l0-0)
32.646: (fly-airplane a1 l2-0 l0-0)
32.674: (fly-airplane a2 l0-0 l2-0)
32.674: (fly-airplane a1 l0-0 l2-0)
32.684: (fly-airplane a0 l0-0 l2-0)
32.751: (fly-airplane a2 l0-0 l2-0)
32.751: (fly-airplane a0 l0-0 l2-0)
32.771: (fly-airplane a0 l0-0 l2-0)
32.869: (load-truck p26 t2 l2-2)
32.898: (load-truck p26 t2 l2-2)
32.931: (drive-truck t2 l2-3 l2-1 c2)
32.950: (drive-truck t2 l2-3 l2-1 c2)
32.987: (drive-truck t2 l2-2 l2-4 c2)
33.011: (drive-truck t2 l2-2 l2-4 c2)
33.031: (load-truck p26 t2 l2-2)
33.105: (load-truck p0 t1 l1-0)
33.128: (load-truck p23 t1 l1-3)
33.130: (load-truck p23 t1 l1-3)
31.911: (load-truck p7 t1 l1-1)
32.010: (load-truck p7 t1 l1-1)
32.840: (drive-truck t0 l0-1 l0-4 c0)
32.858: (drive-truck t0 l0-1 l0-4 c0)
32.860: (drive-truck t0 l0-1 l0-4 c0)
32.887: (drive-truck t0 l0-1 l0-4 c0)
32.899: (fly-airplane a0 l2-0 l0-0)
32.901: (fly-airplane a2 l2-0 l0-0)
32.901: (fly-airplane a1 l2-0 l0-0)
32.901: (fly-airplane a1 l0-0 l2-0)
31.895: (drive-truck t0 l0-1 l0-4 c0)
31.895: (load-truck p7 t1 l1-1)
32.251: (drive-truck t2 l2-2 l2-0 c2)
32.284: (drive-truck t2 l2-2 l2-3 c2)
32.288: (drive-truck t2 l2-2 l2-1 c2)
32.891: (fly-airplane a2 l0-0 l2-0)
32.891: (fly-airplane a1 l0-0 l2-0)
32.891: (drive-truck t0 l0-1 l0-4 c0)
32.891: (fly-airplane a2 l2-0 l0-0)
32.891: (fly-airplane a1 l2-0 l0-0)
32.244: (drive-truck t2 l2-2 l2-0 c2)
32.244: (drive-truck t0 l0-1 l0-4 c0)
32.270: (drive-truck t0 l0-1 l0-4 c0)
32.271: (drive-truck t2 l2-2 l2-3 c2)
32.280: (drive-truck t2 l2-2 l2-1 c2)
32.281: (drive-truck t0 l0-1 l0-4 c0)
32.879: (load-airplane p18 a1 l0-0)
32.879: (load-airplane p18 a2 l0-0)
32.882: (load-airplane p18 a0 l0-0)
32.893: (unload-truck p4 t1 l1-1)
32.103: (unload-truck p26 t2 l2-2)
32.895: (drive-truck t0 l0-4 l0-1 c0)
32.895: (drive-truck t0 l0-4 l0-1 c0)
32.899: (drive-truck t0 l0-4 l0-1 c0)
32.902: (drive-truck t0 l0-4 l0-1 c0)
32.957: (drive-truck t0 l0-4 l0-2 c0)
32.963: (drive-truck t0 l0-4 l0-3 c0)
33.227: (load-airplane p18 a2 l0-0)
33.227: (load-airplane p18 a1 l0-0)
33.227: (drive-truck t2 l2-2 l2-0 c2)
31.856: (drive-truck t2 l2-2 l2-0 c2)
31.877: (drive-truck t2 l2-2 l2-3 c2)
31.885: (drive-truck t2 l2-2 l2-1 c2)
32.681: (drive-truck t0 l0-4 l0-1 c0)
32.681: (unload-truck p26 t2 l2-2)
32.873: (drive-truck t2 l2-2 l2-4 c2)
32.992: (load-airplane p18 a2 l0-0)
32.992: (load-airplane p18 a1 l0-0)
32.995: (load-airplane p18 a0 l0-0)
33.060: (unload-truck p7 t1 l1-1)
31.855: (drive-truck t0 l0-4 l0-1 c0)
31.856: (drive-truck t2 l2-2 l2-0 c2)
31.885: (drive-truck t0 l0-4 l0-1 c0)
31.885: (drive-truck t0 l0-4 l0-1 c0)
31.886: (drive-truck t2 l2-2 l2-3 c2)
31.886: (drive-truck t2 l2-2 l2-1 c2)
32.567: (drive-truck t0 l0-4 l0-2 c0)
32.569: (drive-truck t0 l0-4 l0-3 c0)
32.834: (drive-truck t2 l2-2 l2-3 c2)
32.836: (unload-truck p7 t1 l1-1)
31.556: (load-truck p4 t1 l1-1)
31.562: (load-truck p4 t1 l1-1)
32.456: (drive-truck t1 l1-1 l1-0 c1)
32.598: (drive-truck t1 l1-1 l1-3 c1)
32.843: (drive-truck t2 l2-3 l2-1 c2)
32.843: (drive-truck t0 l0-4 l0-1 c0)
32.844: (unload-truck p7 t1 l1-1)
32.845: (drive-truck t2 l2-3 l2-0 c2)
32.846: (unload-truck p7 t1 l1-1)
32.847: (load-airplane p18 a2 l0-0)
32.053: (drive-truck t2 l2-3 l2-0 c2)
32.073: (drive-truck t2 l2-3 l2-0 c2)
32.089: (drive-truck t2 l2-3 l2-1 c2)
32.093: (drive-truck t2 l2-3 l2-1 c2)
32.238: (load-truck p8 t0 l0-2)
32.239: (load-truck p10 t0 l0-3)
32.528: (unload-truck p7 t1 l1-1)
32.530: (unload-truck p7 t1 l1-1)
32.567: (load-airplane p18 a2 l0-0)
32.567: (load-airplane p18 a1 l0-0)
32.214: (drive-truck t2 l2-3 l2-0 c2)
32.214: (load-truck p8 t0 l0-2)
32.215: (load-truck p10 t0 l0-3)
32.216: (drive-truck t2 l2-3 l2-0 c2)
32.232: (drive-truck t0 l0-3 l0-4 c0)
32.236: (drive-truck t0 l0-2 l0-4 c0)
32.247: (drive-truck t0 l0-3 l0-1 c0)
32.247: (load-truck p10 t0 l0-3)
32.247: (load-truck p8 t0 l0-2)
32.247: (drive-truck t2 l2-3 l2-1 c2)
32.203: (drive-truck t2 l2-3 l2-0 c2)
32.203: (drive-truck t0 l0-2 l0-4 c0)
32.206: (drive-truck t2 l2-3 l2-0 c2)
32.206: (drive-truck t0 l0-3 l0-4 c0)
32.211: (drive-truck t2 l2-3 l2-0 c2)
32.211: (drive-truck t0 l0-3 l0-1 c0)
32.211: (drive-truck t0 l0-2 l0-1 c0)
32.237: (drive-truck t2 l2-3 l2-1 c2)
32.238: (drive-truck t0 l0-3 l0-4 c0)
32.240: (drive-truck t0 l0-2 l0-4 c0)
32.243: (drive-truck t2 l2-0 l2-1 c2)
32.243: (drive-truck t0 l0-4 l0-1 c0)
32.248: (drive-truck t2 l2-0 l2-1 c2)
32.248: (drive-truck t0 l0-4 l0-1 c0)
32.252: (drive-truck t2 l2-0 l2-3 c2)
32.442: (drive-truck t2 l2-0 l2-2 c2)
32.443: (drive-truck t2 l2-1 l2-2 c2)
32.445: (drive-truck t2 l2-0 l2-2 c2)
32.445: (drive-truck t2 l2-1 l2-2 c2)
32.698: (drive-truck t2 l2-1 l2-4 c2)
32.743: (drive-truck t0 l0-4 l0-2 c0)
32.750: (drive-truck t0 l0-4 l0-2 c0)
32.857: (drive-truck t2 l2-1 l2-4 c2)
32.857: (drive-truck t0 l0-4 l0-1 c0)
32.858: (drive-truck t2 l2-3 l2-4 c2)
33.013: (drive-truck t0 l0-4 l0-1 c0)
33.013: (drive-truck t2 l2-1 l2-2 c2)
33.020: (drive-truck t0 l0-4 l0-3 c0)
33.054: (drive-truck t0 l0-4 l0-1 c0)
33.054: (drive-truck t2 l2-1 l2-2 c2)
32.604: (unload-truck p8 t0 l0-2)
32.848: (unload-truck p10 t0 l0-3)
33.011: (unload-truck p8 t0 l0-2)
33.258: (load-truck p26 t2 l2-2)
33.263: (load-truck p26 t2 l2-2)
33.266: (load-truck p26 t2 l2-2)
33.272: (load-truck p26 t2 l2-2)
33.337: (drive-truck t2 l2-2 l2-4 c2)
33.342: (drive-truck t2 l2-2 l2-4 c2)
33.656: (load-airplane p18 a1 l0-0)
33.075: (unload-truck p8 t0 l0-2)
33.076: (load-truck p26 t2 l2-2)
33.096: (unload-truck p10 t0 l0-3)
33.097: (load-truck p26 t2 l2-2)
33.187: (drive-truck t0 l0-1 l0-4 c0)
33.187: (drive-truck t0 l0-3 l0-4 c0)
33.189: (unload-truck p10 t0 l0-3)
33.191: (drive-truck t0 l0-2 l0-3 c0)
33.191: (drive-truck t2 l2-2 l2-4 c2)
33.242: (drive-truck t2 l2-2 l2-0 c2)
32.982: (unload-truck p8 t0 l0-2)
33.226: (drive-truck t0 l0-2 l0-4 c0)
33.242: (drive-truck t0 l0-2 l0-1 c0)
33.275: (drive-truck t2 l2-0 l2-3 c2)
33.280: (drive-truck t2 l2-0 l2-1 c2)
33.432: (drive-truck t2 l2-2 l2-0 c2)
33.453: (drive-truck t2 l2-2 l2-0 c2)
33.473: (drive-truck t2 l2-2 l2-1 c2)
33.476: (drive-truck t2 l2-2 l2-1 c2)
33.779: (drive-truck t2 l2-0 l2-4 c2)
32.987: (drive-truck t0 l0-2 l0-3 c0)
33.021: (drive-truck t2 l2-0 l2-1 c2)
33.021: (unload-truck p8 t0 l0-2)
33.263: (drive-truck t2 l2-0 l2-3 c2)
33.264: (drive-truck t0 l0-2 l0-4 c0)
33.266: (drive-truck t2 l2-0 l2-1 c2)
33.267: (drive-truck t0 l0-2 l0-4 c0)
33.278: (drive-truck t2 l2-0 l2-1 c2)
33.279: (drive-truck t0 l0-2 l0-1 c0)
33.283: (drive-truck t2 l2-0 l2-3 c2)
32.573: (drive-truck t2 l2-0 l2-3 c2)
33.023: (drive-truck t2 l2-0 l2-1 c2)
33.023: (drive-truck t0 l0-2 l0-3 c0)
33.250: (load-truck p10 t0 l0-3)
33.386: (drive-truck t2 l2-1 l2-2 c2)
33.419: (drive-truck t2 l2-3 l2-2 c2)
33.419: (drive-truck t2 l2-1 l2-2 c2)
33.592: (drive-truck t2 l2-0 l2-2 c2)
33.705: (drive-truck t2 l2-1 l2-4 c2)
33.705: (drive-truck t2 l2-3 l2-4 c2)
33.229: (drive-truck t0 l0-3 l0-4 c0)
33.242: (drive-truck t0 l0-3 l0-1 c0)
33.277: (load-truck p10 t0 l0-3)
33.277: (drive-truck t2 l2-0 l2-3 c2)
33.279: (load-truck p10 t0 l0-3)
33.279: (drive-truck t2 l2-0 l2-1 c2)
33.540: (unload-truck p7 t1 l1-1)
33.579: (unload-truck p4 t1 l1-1)
33.584: (unload-truck p13 t1 l1-1)
33.586: (unload-truck p19 t2 l2-3)
32.573: (unload-airplane p18 a1 l0-0)
32.577: (unload-airplane p18 a1 l0-0)
32.826: (drive-truck t0 l0-3 l0-4 c0)
32.838: (drive-truck t0 l0-3 l0-1 c0)
32.865: (drive-truck t0 l0-3 l0-4 c0)
32.866: (drive-truck t0 l0-3 l0-4 c0)
32.868: (drive-truck t0 l0-3 l0-4 c0)
32.880: (drive-truck t0 l0-3 l0-1 c0)
32.880: (drive-truck t0 l0-3 l0-1 c0)
32.889: (drive-truck t0 l0-3 l0-1 c0)
31.876: (unload-airplane p18 a1 l0-0)
31.877: (drive-truck t0 l0-3 l0-4 c0)
31.879: (unload-airplane p18 a1 l0-0)
31.879: (drive-truck t0 l0-3 l0-4 c0)
31.886: (unload-airplane p18 a1 l0-0)
31.887: (drive-truck t0 l0-3 l0-1 c0)
31.894: (drive-truck t0 l0-3 l0-1 c0)
31.894: (unload-airplane p18 a1 l0-0)
32.568: (drive-truck t0 l0-3 l0-2 c0)
32.571: (drive-truck t0 l0-3 l0-2 c0)
31.866: (drive-truck t2 l2-3 l2-0 c2)
31.866: (drive-truck t2 l2-3 l2-0 c2)
31.885: (drive-truck t2 l2-3 l2-1 c2)
31.891: (drive-truck t2 l2-3 l2-1 c2)
31.917: (drive-truck t2 l2-3 l2-0 c2)
31.922: (drive-truck t2 l2-3 l2-0 c2)
31.941: (drive-truck t2 l2-3 l2-1 c2)
31.947: (drive-truck t2 l2-3 l2-1 c2)
32.113: (drive-truck t2 l2-3 l2-2 c2)
32.133: (drive-truck t2 l2-3 l2-2 c2)
32.585: (drive-truck t1 l1-1 l1-0 c1)
32.690: (drive-truck t0 l0-4 l0-1 c0)
32.691: (drive-truck t2 l2-0 l2-2 c2)
32.691: (drive-truck t2 l2-1 l2-2 c2)
32.722: (drive-truck t2 l2-0 l2-2 c2)
32.723: (drive-truck t0 l0-4 l0-1 c0)
32.723: (drive-truck t2 l2-1 l2-2 c2)
32.843: (unload-truck p7 t1 l1-1)
32.849: (unload-truck p7 t1 l1-1)
32.850: (load-airplane p18 a1 l0-0)
32.836: (drive-truck t2 l2-1 l2-3 c2)
32.848: (drive-truck t2 l2-1 l2-3 c2)
32.854: (drive-truck t2 l2-1 l2-0 c2)
32.857: (drive-truck t0 l0-4 l0-1 c0)
32.862: (drive-truck t2 l2-1 l2-0 c2)
32.869: (drive-truck t2 l2-0 l2-1 c2)
32.875: (drive-truck t1 l1-0 l1-3 c1)
32.877: (fly-airplane a1 l0-0 l2-0)
32.877: (fly-airplane a2 l0-0 l2-0)
32.884: (fly-airplane a1 l0-0 l2-0)
32.869: (fly-airplane a2 l0-0 l2-0)
32.869: (fly-airplane a1 l0-0 l2-0)
32.869: (drive-truck t2 l2-1 l2-3 c2)
32.870: (drive-truck t2 l2-1 l2-3 c2)
32.872: (fly-airplane a1 l0-0 l2-0)
32.872: (fly-airplane a2 l0-0 l2-0)
32.880: (fly-airplane a2 l0-0 l2-0)
32.880: (drive-truck t2 l2-0 l2-1 c2)
32.881: (drive-truck t0 l0-4 l0-1 c0)
32.881: (fly-airplane a1 l0-0 l2-0)
32.866: (fly-airplane a1 l0-0 l2-0)
32.866: (drive-truck t2 l2-1 l2-3 c2)
32.866: (fly-airplane a2 l0-0 l2-0)
32.878: (drive-truck t2 l2-1 l2-3 c2)
32.878: (fly-airplane a2 l0-0 l2-0)
32.881: (drive-truck t0 l0-4 l0-1 c0)
32.884: (fly-airplane a1 l2-0 l0-0)
33.035: (fly-airplane a0 l0-0 l2-0)
33.035: (fly-airplane a0 l0-0 l2-0)
33.038: (fly-airplane a0 l0-0 l2-0)
33.036: (drive-truck t2 l2-1 l2-3 c2)
33.036: (fly-airplane a2 l0-0 l2-0)
33.037: (fly-airplane a1 l0-0 l2-0)
33.037: (fly-airplane a0 l0-0 l2-0)
33.038: (drive-truck t2 l2-3 l2-1 c2)
33.038: (drive-truck t2 l2-3 l2-1 c2)
33.038: (fly-airplane a1 l2-0 l0-0)
33.038: (fly-airplane a2 l2-0 l0-0)
33.040: (fly-airplane a2 l2-0 l0-0)
33.040: (fly-airplane a1 l2-0 l0-0)
33.044: (drive-truck t2 l2-3 l2-1 c2)
33.045: (fly-airplane a1 l2-0 l0-0)
33.045: (fly-airplane a2 l2-0 l0-0)
33.046: (drive-truck t0 l0-4 l0-1 c0)
33.046: (drive-truck t0 l0-4 l0-1 c0)
33.049: (drive-truck t0 l0-4 l0-1 c0)
33.052: (drive-truck t0 l0-4 l0-1 c0)
33.169: (drive-truck t2 l2-3 l2-2 c2)
33.186: (drive-truck t2 l2-1 l2-2 c2)
33.186: (drive-truck t2 l2-1 l2-2 c2)
33.046: (fly-airplane a2 l0-0 l2-0)
33.046: (fly-airplane a1 l0-0 l2-0)
33.046: (drive-truck t2 l2-3 l2-1 c2)
33.047: (drive-truck t2 l2-1 l2-3 c2)
33.047: (drive-truck t2 l2-1 l2-3 c2)
33.048: (fly-airplane a2 l2-0 l0-0)
33.048: (fly-airplane a1 l0-0 l2-0)
33.048: (fly-airplane a2 l0-0 l2-0)
33.048: (fly-airplane a1 l2-0 l0-0)
33.052: (drive-truck t0 l0-4 l0-1 c0)
33.503: (drive-truck t1 l1-1 l1-0 c1)
33.504: (drive-truck t1 l1-1 l1-0 c1)
33.588: (drive-truck t1 l1-1 l1-3 c1)
33.588: (drive-truck t1 l1-1 l1-3 c1)
33.653: (drive-truck t2 l2-1 l2-2 c2)
33.678: (drive-truck t1 l1-1 l1-0 c1)
33.683: (drive-truck t2 l2-3 l2-2 c2)
33.683: (drive-truck t2 l2-3 l2-2 c2)
33.694: (drive-truck t2 l2-1 l2-2 c2)
33.733: (drive-truck t1 l1-1 l1-0 c1)
33.190: (drive-truck t0 l0-1 l0-4 c0)
33.385: (fly-airplane a0 l2-0 l0-0)
33.385: (fly-airplane a0 l2-0 l0-0)
33.470: (fly-airplane a0 l2-0 l0-0)
33.470: (fly-airplane a0 l2-0 l0-0)
33.485: (fly-airplane a1 l0-0 l2-0)
33.485: (fly-airplane a2 l0-0 l2-0)
33.486: (drive-truck t2 l2-1 l2-3 c2)
33.526: (drive-truck t2 l2-1 l2-3 c2)
33.527: (fly-airplane a2 l2-0 l0-0)
33.069: (fly-airplane a0 l2-0 l0-0)
33.362: (fly-airplane a0 l2-0 l0-0)
33.362: (fly-airplane a1 l2-0 l0-0)
33.363: (fly-airplane a2 l2-0 l0-0)
33.381: (fly-airplane a2 l0-0 l2-0)
33.382: (fly-airplane a1 l0-0 l2-0)
33.382: (fly-airplane a0 l2-0 l0-0)
33.447: (fly-airplane a2 l2-0 l0-0)
33.447: (fly-airplane a1 l2-0 l0-0)
33.466: (fly-airplane a1 l0-0 l2-0)
33.106: (fly-airplane a1 l0-0 l2-0)
33.106: (fly-airplane a2 l0-0 l2-0)
33.557: (drive-truck t2 l2-3 l2-1 c2)
33.565: (drive-truck t2 l2-3 l2-0 c2)
33.568: (fly-airplane a0 l0-0 l2-0)
33.584: (drive-truck t2 l2-3 l2-1 c2)
33.611: (fly-airplane a0 l0-0 l2-0)
33.649: (drive-truck t0 l0-4 l0-1 c0)
33.842: (drive-truck t2 l2-2 l2-4 c2)
33.848: (drive-truck t2 l2-3 l2-1 c2)
32.882: (load-truck p7 t1 l1-1)
33.103: (fly-airplane a2 l0-0 l2-0)
33.103: (fly-airplane a1 l0-0 l2-0)
33.586: (fly-airplane a2 l0-0 l2-0)
33.587: (fly-airplane a1 l0-0 l2-0)
33.588: (fly-airplane a2 l2-0 l0-0)
33.588: (fly-airplane a1 l2-0 l0-0)
33.683: (drive-truck t0 l0-4 l0-1 c0)
33.683: (drive-truck t0 l0-4 l0-1 c0)
33.684: (fly-airplane a2 l0-0 l2-0)
33.028: (drive-truck t0 l0-4 l0-1 c0)
33.678: (fly-airplane a2 l0-0 l2-0)
33.678: (drive-truck t0 l0-4 l0-1 c0)
33.678: (fly-airplane a1 l0-0 l2-0)
33.696: (fly-airplane a0 l0-0 l2-0)
33.697: (fly-airplane a0 l0-0 l2-0)
33.826: (load-airplane p18 a1 l0-0)
33.826: (load-airplane p18 a2 l0-0)
33.829: (load-airplane p18 a0 l0-0)
33.863: (drive-truck t2 l2-2 l2-4 c2)
32.797: (load-truck p13 t1 l1-1)
32.798: (load-truck p13 t1 l1-1)
32.803: (load-truck p13 t1 l1-1)
32.850: (drive-truck t2 l2-4 l2-0 c2)
32.852: (drive-truck t2 l2-4 l2-0 c2)
32.868: (drive-truck t2 l2-4 l2-3 c2)
32.869: (drive-truck t2 l2-4 l2-1 c2)
32.872: (drive-truck t2 l2-4 l2-3 c2)
32.874: (drive-truck t2 l2-4 l2-1 c2)
33.001: (drive-truck t2 l2-4 l2-2 c2)
32.857: (drive-truck t0 l0-4 l0-1 c0)
32.860: (drive-truck t0 l0-4 l0-1 c0)
32.880: (drive-truck t0 l0-4 l0-1 c0)
32.882: (drive-truck t0 l0-4 l0-1 c0)
32.884: (drive-truck t0 l0-4 l0-1 c0)
32.885: (drive-truck t0 l0-4 l0-1 c0)
32.965: (drive-truck t0 l0-4 l0-1 c0)
32.965: (drive-truck t0 l0-4 l0-1 c0)
32.967: (drive-truck t0 l0-4 l0-1 c0)
33.001: (drive-truck t2 l2-1 l2-2 c2)
33.457: (drive-truck t1 l1-1 l1-0 c1)
33.460: (drive-truck t1 l1-1 l1-0 c1)
33.478: (drive-truck t2 l2-3 l2-2 c2)
33.479: (drive-truck t2 l2-0 l2-2 c2)
33.479: (drive-truck t0 l0-4 l0-1 c0)
33.479: (drive-truck t2 l2-1 l2-2 c2)
33.480: (drive-truck t2 l2-1 l2-2 c2)
33.480: (drive-truck t2 l2-3 l2-2 c2)
33.480: (drive-truck t2 l2-0 l2-2 c2)
33.581: (drive-truck t0 l0-1 l0-2 c0)
33.004: (drive-truck t0 l0-1 l0-4 c0)
33.584: (drive-truck t0 l0-2 l0-3 c0)
33.712: (drive-truck t1 l1-0 l1-3 c1)
33.715: (drive-truck t1 l1-0 l1-3 c1)
33.896: (load-truck p26 t2 l2-2)
33.901: (load-truck p26 t2 l2-2)
33.905: (load-truck p0 t1 l1-0)
33.908: (load-truck p0 t1 l1-0)
33.983: (drive-truck t2 l2-2 l2-4 c2)
33.985: (drive-truck t2 l2-2 l2-4 c2)
32.573: (load-truck p13 t1 l1-1)
32.909: (unload-airplane p18 a0 l0-0)
32.910: (unload-airplane p18 a2 l0-0)
32.912: (unload-airplane p18 a0 l0-0)
32.914: (unload-airplane p18 a2 l0-0)
33.874: (drive-truck t0 l0-1 l0-4 c0)
33.877: (drive-truck t0 l0-1 l0-4 c0)
33.887: (drive-truck t0 l0-1 l0-4 c0)
33.890: (drive-truck t0 l0-1 l0-4 c0)
33.891: (load-truck p26 t2 l2-2)
32.888: (drive-truck t0 l0-1 l0-4 c0)
32.888: (unload-airplane p18 a2 l0-0)
32.889: (unload-airplane p18 a0 l0-0)
32.902: (unload-airplane p18 a2 l0-0)
32.902: (unload-airplane p18 a0 l0-0)
32.903: (drive-truck t0 l0-1 l0-4 c0)
32.941: (drive-truck t2 l2-0 l2-1 c2)
32.949: (drive-truck t2 l2-0 l2-3 c2)
32.987: (drive-truck t2 l2-3 l2-0 c2)
33.023: (drive-truck t2 l2-3 l2-1 c2)
32.912: (drive-truck t2 l2-0 l2-1 c2)
32.912: (drive-truck t0 l0-1 l0-4 c0)
32.919: (drive-truck t2 l2-0 l2-3 c2)
32.920: (drive-truck t0 l0-1 l0-4 c0)
32.982: (drive-truck t0 l0-3 l0-2 c0)
33.021: (drive-truck t0 l0-3 l0-2 c0)
33.037: (drive-truck t1 l1-0 l1-1 c1)
33.063: (drive-truck t1 l1-0 l1-1 c1)
33.073: (drive-truck t1 l1-0 l1-1 c1)
33.250: (load-truck p10 t0 l0-3)
32.027: (load-truck p13 t1 l1-1)
32.064: (load-truck p13 t1 l1-1)
32.069: (load-truck p13 t1 l1-1)
33.037: (drive-truck t2 l2-3 l2-0 c2)
33.037: (drive-truck t0 l0-4 l0-1 c0)
33.038: (drive-truck t2 l2-1 l2-0 c2)
33.057: (drive-truck t2 l2-0 l2-1 c2)
33.057: (drive-truck t1 l1-0 l1-1 c1)
33.057: (drive-truck t0 l0-1 l0-4 c0)
33.062: (drive-truck t0 l0-1 l0-4 c0)
31.814: (drive-truck t1 l1-1 l1-0 c1)
31.875: (drive-truck t1 l1-1 l1-0 c1)
31.882: (drive-truck t1 l1-1 l1-0 c1)
32.033: (drive-truck t2 l2-3 l2-0 c2)
32.033: (drive-truck t0 l0-4 l0-1 c0)
32.033: (drive-truck t2 l2-1 l2-0 c2)
32.034: (load-truck p13 t1 l1-1)
32.055: (load-truck p13 t1 l1-1)
32.055: (drive-truck t2 l2-0 l2-3 c2)
32.055: (drive-truck t0 l0-1 l0-4 c0)
31.838: (drive-truck t2 l2-3 l2-0 c2)
31.838: (drive-truck t0 l0-4 l0-1 c0)
31.838: (drive-truck t2 l2-1 l2-0 c2)
31.839: (drive-truck t1 l1-1 l1-0 c1)
31.852: (drive-truck t2 l2-0 l2-1 c2)
31.852: (drive-truck t0 l0-1 l0-4 c0)
31.852: (drive-truck t0 l0-1 l0-4 c0)
31.852: (drive-truck t2 l2-0 l2-3 c2)
31.852: (drive-truck t1 l1-1 l1-0 c1)
32.057: (drive-truck t2 l2-3 l2-1 c2)
31.609: (unload-truck p0 t1 l1-0)
32.278: (drive-truck t2 l2-1 l2-2 c2)
32.541: (drive-truck t2 l2-3 l2-2 c2)
32.542: (drive-truck t2 l2-1 l2-2 c2)
32.707: (drive-truck t0 l0-4 l0-2 c0)
32.735: (drive-truck t0 l0-4 l0-3 c0)
32.834: (load-airplane p18 a2 l0-0)
32.834: (load-airplane p18 a1 l0-0)
32.837: (load-airplane p18 a0 l0-0)
32.838: (load-airplane p18 a1 l0-0)
31.911: (drive-truck t1 l1-0 l1-3 c1)
32.363: (drive-truck t0 l0-1 l0-4 c0)
32.529: (unload-truck p0 t1 l1-0)
32.529: (load-airplane p18 a1 l0-0)
32.529: (load-airplane p18 a2 l0-0)
32.530: (unload-truck p0 t1 l1-0)
32.532: (load-airplane p18 a0 l0-0)
32.533: (unload-truck p0 t1 l1-0)
32.548: (drive-truck t1 l1-0 l1-2 c1)
32.620: (unload-truck p19 t2 l2-0)
30.668: (load-truck p5 t1 l1-2)
31.215: (load-truck p22 t1 l1-2)
31.274: (load-truck p1 t1 l1-2)
31.873: (load-truck p23 t1 l1-3)
31.874: (drive-truck t1 l1-0 l1-1 c1)
32.566: (unload-truck p4 t1 l1-3)
32.601: (drive-truck t2 l2-0 l2-3 c2)
32.646: (drive-truck t2 l2-0 l2-1 c2)
32.669: (drive-truck t1 l1-2 l1-4 c1)
32.669: (drive-truck t1 l1-3 l1-4 c1)
28.946: (drive-truck t1 l1-2 l1-1 c1)
29.155: (drive-truck t1 l1-2 l1-1 c1)
29.350: (load-truck p5 t1 l1-2)
29.350: (load-truck p22 t1 l1-2)
29.396: (load-truck p1 t1 l1-2)
29.397: (load-truck p5 t1 l1-2)
29.438: (drive-truck t1 l1-2 l1-1 c1)
29.715: (drive-truck t1 l1-2 l1-0 c1)
29.940: (load-truck p22 t1 l1-2)
29.940: (load-truck p1 t1 l1-2)
27.260: (drive-truck t1 l1-2 l1-1 c1)
27.429: (load-truck p5 t1 l1-2)
27.431: (load-truck p1 t1 l1-2)
27.432: (load-truck p22 t1 l1-2)
27.534: (drive-truck t1 l1-2 l1-1 c1)
27.742: (drive-truck t1 l1-2 l1-1 c1)
28.425: (drive-truck t1 l1-2 l1-0 c1)
28.535: (drive-truck t1 l1-2 l1-0 c1)
28.669: (drive-truck t1 l1-2 l1-3 c1)
28.895: (drive-truck t1 l1-2 l1-3 c1)
25.154: (drive-truck t1 l1-2 l1-1 c1)
26.539: (drive-truck t1 l1-2 l1-0 c1)
26.826: (drive-truck t1 l1-2 l1-3 c1)
27.257: (drive-truck t0 l0-1 l0-4 c0)
27.307: (unload-truck p1 t1 l1-1)
27.377: (drive-truck t2 l2-0 l2-3 c2)
27.418: (drive-truck t2 l2-0 l2-3 c2)
27.431: (drive-truck t1 l1-2 l1-4 c1)
27.482: (drive-truck t2 l2-0 l2-3 c2)
27.495: (drive-truck t2 l2-0 l2-1 c2)
25.007: (drive-truck t2 l2-0 l2-3 c2)
25.151: (drive-truck t0 l0-1 l0-4 c0)
25.170: (unload-truck p1 t1 l1-1)
25.388: (drive-truck t2 l2-0 l2-1 c2)
26.021: (drive-truck t0 l0-1 l0-2 c0)
26.038: (drive-truck t0 l0-1 l0-3 c0)
26.151: (load-airplane p18 a2 l0-0)
26.151: (load-airplane p18 a1 l0-0)
26.154: (load-airplane p18 a0 l0-0)
26.159: (drive-truck t2 l2-0 l2-2 c2)
24.945: (drive-truck t1 l1-1 l1-0 c1)
24.991: (drive-truck t2 l2-0 l2-3 c2)
24.991: (drive-truck t0 l0-1 l0-4 c0)
25.180: (drive-truck t1 l1-1 l1-3 c1)
25.381: (drive-truck t2 l2-0 l2-1 c2)
25.382: (drive-truck t0 l0-1 l0-4 c0)
25.577: (drive-truck t2 l2-0 l2-2 c2)
25.580: (drive-truck t0 l0-1 l0-4 c0)
25.630: (drive-truck t0 l0-1 l0-2 c0)
25.631: (drive-truck t2 l2-0 l2-3 c2)
25.048: (load-truck p0 t1 l1-0)
25.067: (load-truck p23 t1 l1-3)
25.635: (drive-truck t0 l0-2 l0-3 c0)
25.635: (drive-truck t0 l0-4 l0-3 c0)
25.681: (drive-truck t0 l0-1 l0-4 c0)
25.851: (load-airplane p18 a2 l0-0)
25.851: (load-airplane p18 a1 l0-0)
25.854: (load-airplane p18 a0 l0-0)
25.933: (drive-truck t1 l1-0 l1-4 c1)
25.933: (drive-truck t1 l1-0 l1-2 c1)
24.880: (drive-truck t2 l2-0 l2-3 c2)
24.912: (drive-truck t2 l2-0 l2-3 c2)
25.030: (drive-truck t0 l0-1 l0-4 c0)
25.031: (load-truck p0 t1 l1-0)
25.053: (drive-truck t0 l0-1 l0-4 c0)
25.246: (drive-truck t2 l2-0 l2-1 c2)
25.279: (drive-truck t2 l2-0 l2-1 c2)
25.593: (drive-truck t0 l0-1 l0-2 c0)
25.604: (drive-truck t0 l0-1 l0-3 c0)
25.987: (drive-truck t0 l0-1 l0-2 c0)
24.850: (drive-truck t0 l0-1 l0-4 c0)
24.850: (drive-truck t2 l2-0 l2-3 c2)
24.887: (drive-truck t0 l0-1 l0-4 c0)
24.887: (drive-truck t2 l2-0 l2-3 c2)
25.158: (drive-truck t2 l2-0 l2-3 c2)
25.158: (drive-truck t0 l0-1 l0-2 c0)
25.161: (drive-truck t0 l0-1 l0-3 c0)
25.162: (drive-truck t2 l2-0 l2-3 c2)
25.225: (drive-truck t0 l0-1 l0-4 c0)
25.225: (drive-truck t2 l2-0 l2-1 c2)
25.261: (drive-truck t2 l2-3 l2-1 c2)
25.455: (drive-truck t2 l2-1 l2-2 c2)
25.455: (drive-truck t2 l2-3 l2-2 c2)
25.503: (drive-truck t2 l2-3 l2-2 c2)
25.572: (drive-truck t0 l0-4 l0-2 c0)
25.578: (drive-truck t0 l0-4 l0-3 c0)
25.801: (drive-truck t2 l2-3 l2-1 c2)
25.801: (drive-truck t0 l0-4 l0-2 c0)
25.803: (drive-truck t0 l0-4 l0-3 c0)
25.803: (drive-truck t2 l2-3 l2-1 c2)
26.004: (drive-truck t2 l2-3 l2-0 c2)
26.052: (drive-truck t0 l0-4 l0-1 c0)
26.091: (drive-truck t0 l0-4 l0-1 c0)
26.206: (drive-truck t0 l0-4 l0-2 c0)
26.206: (drive-truck t2 l2-3 l2-1 c2)
26.212: (drive-truck t2 l2-3 l2-1 c2)
26.213: (drive-truck t0 l0-4 l0-3 c0)
26.216: (load-truck p26 t2 l2-2)
26.247: (load-airplane p18 a2 l0-0)
26.247: (load-airplane p18 a1 l0-0)
25.876: (drive-truck t2 l2-1 l2-3 c2)
25.876: (drive-truck t2 l2-1 l2-3 c2)
26.042: (drive-truck t2 l2-1 l2-0 c2)
26.042: (drive-truck t2 l2-1 l2-0 c2)
26.227: (drive-truck t2 l2-2 l2-3 c2)
26.247: (load-truck p26 t2 l2-2)
26.247: (drive-truck t0 l0-4 l0-1 c0)
26.271: (drive-truck t0 l0-4 l0-1 c0)
26.271: (drive-truck t0 l0-4 l0-1 c0)
26.301: (load-truck p26 t2 l2-2)
25.902: (drive-truck t2 l2-1 l2-3 c2)
25.903: (drive-truck t2 l2-1 l2-3 c2)
25.903: (drive-truck t0 l0-4 l0-1 c0)
25.903: (drive-truck t0 l0-4 l0-1 c0)
26.064: (drive-truck t2 l2-1 l2-0 c2)
26.064: (drive-truck t2 l2-1 l2-0 c2)
26.065: (drive-truck t0 l0-4 l0-1 c0)
26.065: (drive-truck t0 l0-4 l0-1 c0)
26.254: (drive-truck t2 l2-2 l2-3 c2)
26.254: (drive-truck t0 l0-4 l0-1 c0)
26.096: (unload-truck p23 t1 l1-3)
26.096: (unload-truck p23 t1 l1-3)
26.435: (drive-truck t2 l2-3 l2-0 c2)
26.532: (drive-truck t0 l0-1 l0-2 c0)
26.537: (drive-truck t0 l0-1 l0-3 c0)
26.581: (drive-truck t0 l0-1 l0-2 c0)
26.581: (drive-truck t0 l0-1 l0-2 c0)
26.589: (drive-truck t0 l0-1 l0-3 c0)
26.589: (drive-truck t0 l0-1 l0-3 c0)
26.622: (drive-truck t2 l2-3 l2-1 c2)
26.108: (drive-truck t1 l1-3 l1-1 c1)
26.108: (drive-truck t1 l1-3 l1-1 c1)
26.387: (unload-truck p0 t1 l1-0)
26.414: (drive-truck t0 l0-1 l0-4 c0)
26.601: (drive-truck t0 l0-1 l0-4 c0)
26.786: (drive-truck t2 l2-3 l2-2 c2)
26.789: (drive-truck t2 l2-3 l2-2 c2)
26.878: (drive-truck t1 l1-3 l1-2 c1)
26.878: (drive-truck t1 l1-3 l1-4 c1)
26.878: (drive-truck t1 l1-3 l1-2 c1)
26.440: (unload-truck p26 t2 l2-2)
26.664: (drive-truck t1 l1-0 l1-1 c1)
26.682: (drive-truck t1 l1-0 l1-3 c1)
26.729: (unload-truck p26 t2 l2-2)
26.873: (drive-truck t1 l1-0 l1-2 c1)
26.873: (drive-truck t1 l1-0 l1-4 c1)
26.877: (drive-truck t1 l1-2 l1-4 c1)
26.878: (drive-truck t1 l1-1 l1-4 c1)
26.979: (drive-truck t2 l2-2 l2-0 c2)
26.980: (drive-truck t0 l0-4 l0-2 c0)
26.461: (load-truck p23 t1 l1-3)
26.539: (load-truck p1 t1 l1-1)
26.991: (drive-truck t0 l0-2 l0-3 c0)
27.068: (drive-truck t0 l0-1 l0-4 c0)
27.068: (drive-truck t0 l0-1 l0-4 c0)
27.074: (drive-truck t2 l2-2 l2-4 c2)
27.087: (drive-truck t0 l0-1 l0-4 c0)
27.092: (load-truck p8 t0 l0-2)
27.132: (drive-truck t2 l2-0 l2-3 c2)
27.133: (drive-truck t2 l2-0 l2-3 c2)
26.130: (unload-airplane p18 a2 l0-0)
26.211: (drive-truck t2 l2-2 l2-3 c2)
26.304: (drive-truck t2 l2-0 l2-3 c2)
26.379: (drive-truck t2 l2-2 l2-0 c2)
26.392: (drive-truck t2 l2-0 l2-3 c2)
26.393: (drive-truck t2 l2-0 l2-2 c2)
26.445: (drive-truck t0 l0-1 l0-4 c0)
26.509: (drive-truck t0 l0-2 l0-4 c0)
26.515: (drive-truck t1 l1-4 l1-0 c1)
26.534: (drive-truck t0 l0-1 l0-4 c0)
26.024: (load-truck p0 t1 l1-0)
26.129: (drive-truck t1 l1-4 l1-2 c1)
26.212: (drive-truck t0 l0-2 l0-4 c0)
26.238: (drive-truck t0 l0-2 l0-1 c0)
26.268: (drive-truck t1 l1-4 l1-3 c1)
26.275: (drive-truck t2 l2-0 l2-2 c2)
26.282: (drive-truck t0 l0-1 l0-4 c0)
26.282: (drive-truck t2 l2-0 l2-3 c2)
26.324: (drive-truck t1 l1-4 l1-1 c1)
26.372: (drive-truck t0 l0-2 l0-4 c0)
25.843: (drive-truck t2 l2-0 l2-3 c2)
26.048: (drive-truck t0 l0-4 l0-1 c0)
26.215: (drive-truck t2 l2-0 l2-1 c2)
26.349: (drive-truck t2 l2-0 l2-2 c2)
26.391: (drive-truck t2 l2-0 l2-3 c2)
26.391: (drive-truck t0 l0-4 l0-1 c0)
26.393: (drive-truck t2 l2-3 l2-0 c2)
26.580: (drive-truck t2 l2-0 l2-1 c2)
26.581: (drive-truck t2 l2-3 l2-1 c2)
26.602: (drive-truck t2 l2-3 l2-1 c2)
25.873: (drive-truck t0 l0-4 l0-1 c0)
25.873: (drive-truck t2 l2-0 l2-3 c2)
26.177: (drive-truck t0 l0-4 l0-2 c0)
26.179: (drive-truck t0 l0-4 l0-3 c0)
26.198: (drive-truck t0 l0-4 l0-1 c0)
26.242: (drive-truck t0 l0-4 l0-1 c0)
26.242: (drive-truck t2 l2-0 l2-1 c2)
26.279: (unload-truck p0 t1 l1-0)
26.392: (drive-truck t1 l1-2 l1-4 c1)
26.428: (drive-truck t0 l0-4 l0-3 c0)
26.198: (drive-truck t0 l0-4 l0-1 c0)
26.199: (drive-truck t1 l1-2 l1-4 c1)
26.426: (drive-truck t1 l1-2 l1-4 c1)
26.428: (drive-truck t0 l0-4 l0-3 c0)
26.505: (drive-truck t1 l1-0 l1-1 c1)
26.514: (drive-truck t1 l1-0 l1-3 c1)
26.613: (drive-truck t2 l2-3 l2-2 c2)
26.617: (drive-truck t2 l2-3 l2-0 c2)
26.629: (drive-truck t2 l2-3 l2-0 c2)
26.702: (drive-truck t2 l2-3 l2-1 c2)
26.412: (load-truck p23 t1 l1-3)
26.499: (load-truck p1 t1 l1-1)
26.613: (drive-truck t1 l1-4 l1-2 c1)
26.702: (drive-truck t2 l2-3 l2-1 c2)
26.702: (drive-truck t1 l1-2 l1-4 c1)
26.752: (drive-truck t2 l2-3 l2-0 c2)
26.819: (drive-truck t2 l2-0 l2-1 c2)
26.822: (drive-truck t2 l2-0 l2-1 c2)
26.896: (drive-truck t2 l2-2 l2-1 c2)
26.896: (drive-truck t0 l0-1 l0-4 c0)
26.276: (drive-truck t2 l2-0 l2-3 c2)
26.291: (drive-truck t1 l1-4 l1-0 c1)
26.372: (drive-truck t2 l2-0 l2-3 c2)
26.394: (drive-truck t0 l0-1 l0-4 c0)
26.404: (drive-truck t0 l0-1 l0-2 c0)
26.493: (drive-truck t0 l0-1 l0-4 c0)
26.502: (drive-truck t0 l0-1 l0-2 c0)
26.636: (drive-truck t2 l2-0 l2-1 c2)
26.745: (drive-truck t2 l2-0 l2-1 c2)
26.751: (drive-truck t1 l1-4 l1-2 c1)
26.249: (drive-truck t2 l2-0 l2-3 c2)
26.249: (drive-truck t0 l0-1 l0-2 c0)
26.252: (drive-truck t2 l2-0 l2-3 c2)
26.252: (drive-truck t0 l0-1 l0-4 c0)
26.355: (drive-truck t0 l0-1 l0-2 c0)
26.355: (drive-truck t2 l2-0 l2-3 c2)
26.359: (drive-truck t2 l2-0 l2-3 c2)
26.360: (drive-truck t0 l0-1 l0-4 c0)
26.509: (drive-truck t0 l0-3 l0-2 c0)
26.618: (drive-truck t2 l2-0 l2-1 c2)
26.626: (drive-truck t2 l2-3 l2-1 c2)
26.626: (drive-truck t0 l0-4 l0-2 c0)
26.738: (drive-truck t2 l2-3 l2-1 c2)
26.745: (drive-truck t2 l2-3 l2-1 c2)
26.841: (drive-truck t2 l2-1 l2-2 c2)
26.841: (drive-truck t2 l2-3 l2-2 c2)
26.919: (drive-truck t2 l2-3 l2-2 c2)
27.010: (load-truck p8 t0 l0-2)
27.076: (drive-truck t1 l1-0 l1-2 c1)
27.076: (drive-truck t1 l1-0 l1-4 c1)
26.273: (unload-truck p8 t0 l0-2)
27.000: (drive-truck t0 l0-2 l0-4 c0)
27.057: (drive-truck t2 l2-0 l2-3 c2)
27.057: (drive-truck t2 l2-0 l2-3 c2)
27.129: (drive-truck t2 l2-2 l2-4 c2)
27.129: (drive-truck t2 l2-1 l2-4 c2)
27.135: (drive-truck t2 l2-1 l2-2 c2)
27.135: (drive-truck t0 l0-4 l0-2 c0)
27.182: (drive-truck t2 l2-1 l2-4 c2)
27.218: (drive-truck t0 l0-4 l0-2 c0)
26.278: (drive-truck t0 l0-2 l0-3 c0)
26.748: (unload-truck p8 t0 l0-2)
26.749: (drive-truck t2 l2-1 l2-2 c2)
26.862: (unload-truck p8 t0 l0-2)
27.006: (unload-truck p8 t0 l0-2)
27.008: (drive-truck t2 l2-1 l2-4 c2)
27.268: (unload-truck p27 t2 l2-1)
27.278: (unload-airplane p11 a0 l0-0)
27.278: (unload-airplane p16 a0 l0-0)
27.281: (load-airplane p18 a2 l0-0)
26.285: (drive-truck t0 l0-2 l0-4 c0)
26.360: (drive-truck t0 l0-2 l0-4 c0)
26.367: (load-airplane p16 a2 l0-0)
26.367: (load-airplane p16 a1 l0-0)
26.367: (load-airplane p11 a2 l0-0)
26.367: (load-airplane p11 a1 l0-0)
26.379: (drive-truck t0 l0-2 l0-4 c0)
26.380: (drive-truck t0 l0-2 l0-1 c0)
26.384: (drive-truck t0 l0-2 l0-4 c0)
26.384: (drive-truck t0 l0-2 l0-4 c0)
25.476: (load-airplane p16 a1 l0-0)
25.476: (load-airplane p16 a2 l0-0)
25.476: (drive-truck t0 l0-2 l0-4 c0)
25.476: (drive-truck t0 l0-2 l0-4 c0)
25.476: (drive-truck t0 l0-2 l0-4 c0)
25.476: (load-airplane p11 a1 l0-0)
25.476: (load-airplane p11 a2 l0-0)
25.476: (drive-truck t0 l0-2 l0-4 c0)
25.482: (drive-truck t0 l0-2 l0-1 c0)
25.482: (drive-truck t0 l0-2 l0-1 c0)
25.085: (drive-truck t2 l2-1 l2-3 c2)
25.086: (drive-truck t2 l2-1 l2-3 c2)
25.086: (drive-truck t2 l2-1 l2-3 c2)
25.086: (drive-truck t2 l2-1 l2-3 c2)
25.101: (drive-truck t2 l2-1 l2-3 c2)
25.101: (drive-truck t2 l2-1 l2-3 c2)
25.246: (drive-truck t2 l2-1 l2-0 c2)
25.246: (drive-truck t2 l2-1 l2-0 c2)
25.246: (drive-truck t2 l2-1 l2-0 c2)
25.246: (drive-truck t2 l2-1 l2-0 c2)
25.101: (drive-truck t0 l0-4 l0-1 c0)
25.101: (drive-truck t0 l0-4 l0-1 c0)
25.246: (drive-truck t0 l0-4 l0-1 c0)
25.247: (drive-truck t0 l0-4 l0-1 c0)
25.249: (drive-truck t2 l2-3 l2-0 c2)
25.249: (drive-truck t0 l0-4 l0-1 c0)
25.249: (drive-truck t0 l0-4 l0-1 c0)
25.250: (drive-truck t2 l2-3 l2-0 c2)
25.672: (drive-truck t2 l2-3 l2-2 c2)
25.672: (drive-truck t2 l2-3 l2-2 c2)
25.265: (unload-truck p1 t1 l1-1)
25.266: (unload-truck p1 t1 l1-1)
25.266: (unload-truck p1 t1 l1-1)
25.266: (unload-truck p1 t1 l1-1)
25.482: (drive-truck t2 l2-0 l2-1 c2)
25.482: (drive-truck t2 l2-0 l2-1 c2)
25.482: (drive-truck t2 l2-3 l2-1 c2)
25.482: (drive-truck t2 l2-3 l2-1 c2)
25.725: (drive-truck t0 l0-1 l0-2 c0)
25.725: (drive-truck t0 l0-1 l0-2 c0)
25.040: (drive-truck t1 l1-1 l1-0 c1)
25.040: (drive-truck t1 l1-1 l1-0 c1)
25.040: (drive-truck t1 l1-1 l1-0 c1)
25.040: (drive-truck t1 l1-1 l1-0 c1)
25.275: (drive-truck t1 l1-1 l1-3 c1)
25.275: (drive-truck t1 l1-1 l1-3 c1)
25.275: (drive-truck t1 l1-1 l1-3 c1)
25.275: (drive-truck t1 l1-1 l1-3 c1)
25.729: (drive-truck t0 l0-2 l0-3 c0)
25.729: (drive-truck t0 l0-2 l0-3 c0)
25.143: (load-truck p0 t1 l1-0)
25.143: (load-truck p0 t1 l1-0)
25.143: (load-truck p0 t1 l1-0)
25.144: (load-truck p0 t1 l1-0)
25.161: (load-truck p23 t1 l1-3)
25.162: (load-truck p23 t1 l1-3)
25.162: (load-truck p23 t1 l1-3)
25.162: (load-truck p23 t1 l1-3)
25.776: (drive-truck t0 l0-1 l0-4 c0)
25.776: (drive-truck t0 l0-1 l0-4 c0)
24.975: (drive-truck t2 l2-0 l2-3 c2)
24.975: (drive-truck t2 l2-0 l2-3 c2)
24.975: (drive-truck t2 l2-0 l2-3 c2)
24.975: (drive-truck t2 l2-0 l2-3 c2)
25.006: (drive-truck t2 l2-0 l2-3 c2)
25.006: (drive-truck t2 l2-0 l2-3 c2)
25.007: (drive-truck t2 l2-0 l2-3 c2)
25.007: (drive-truck t2 l2-0 l2-3 c2)
25.125: (drive-truck t0 l0-1 l0-4 c0)
25.125: (drive-truck t0 l0-1 l0-4 c0)
24.944: (drive-truck t0 l0-1 l0-4 c0)
24.944: (drive-truck t0 l0-1 l0-4 c0)
24.944: (drive-truck t0 l0-1 l0-4 c0)
24.944: (drive-truck t0 l0-1 l0-4 c0)
24.945: (drive-truck t2 l2-0 l2-3 c2)
24.945: (drive-truck t2 l2-0 l2-3 c2)
24.982: (drive-truck t0 l0-1 l0-4 c0)
24.982: (drive-truck t0 l0-1 l0-4 c0)
24.982: (drive-truck t0 l0-1 l0-4 c0)
24.982: (drive-truck t0 l0-1 l0-4 c0)
25.125: (drive-truck t2 l2-3 l2-0 c2)
25.125: (drive-truck t2 l2-3 l2-0 c2)
25.148: (drive-truck t2 l2-3 l2-0 c2)
25.148: (drive-truck t2 l2-3 l2-0 c2)
25.148: (drive-truck t2 l2-3 l2-0 c2)
25.148: (drive-truck t2 l2-3 l2-0 c2)
25.252: (drive-truck t0 l0-4 l0-2 c0)
25.252: (drive-truck t0 l0-4 l0-2 c0)
25.252: (drive-truck t0 l0-4 l0-2 c0)
25.252: (drive-truck t0 l0-4 l0-2 c0)
25.256: (drive-truck t0 l0-2 l0-3 c0)
25.256: (drive-truck t0 l0-2 l0-3 c0)
25.257: (drive-truck t0 l0-2 l0-3 c0)
25.257: (drive-truck t0 l0-2 l0-3 c0)
25.319: (drive-truck t2 l2-0 l2-1 c2)
25.319: (drive-truck t2 l2-0 l2-1 c2)
25.355: (drive-truck t2 l2-0 l2-1 c2)
25.356: (drive-truck t2 l2-0 l2-1 c2)
25.356: (drive-truck t2 l2-0 l2-1 c2)
25.356: (drive-truck t2 l2-0 l2-1 c2)
25.340: (drive-truck t0 l0-4 l0-1 c0)
25.340: (drive-truck t0 l0-4 l0-1 c0)
25.373: (drive-truck t0 l0-4 l0-1 c0)
25.373: (drive-truck t0 l0-4 l0-1 c0)
25.373: (drive-truck t0 l0-4 l0-1 c0)
25.373: (drive-truck t0 l0-4 l0-1 c0)
25.549: (drive-truck t2 l2-1 l2-2 c2)
25.549: (drive-truck t2 l2-1 l2-2 c2)
25.595: (drive-truck t2 l2-1 l2-2 c2)
25.596: (drive-truck t2 l2-1 l2-2 c2)
25.895: (drive-truck t0 l0-1 l0-2 c0)
25.895: (drive-truck t0 l0-1 l0-2 c0)
25.897: (drive-truck t0 l0-1 l0-3 c0)
25.897: (drive-truck t0 l0-1 l0-3 c0)
26.147: (drive-truck t0 l0-4 l0-1 c0)
26.147: (drive-truck t0 l0-4 l0-1 c0)
26.147: (drive-truck t2 l2-1 l2-2 c2)
26.147: (drive-truck t2 l2-1 l2-2 c2)
26.185: (drive-truck t2 l2-1 l2-2 c2)
26.185: (drive-truck t2 l2-1 l2-2 c2)
25.687: (drive-truck t2 l2-1 l2-0 c2)
25.687: (drive-truck t2 l2-1 l2-0 c2)
25.699: (drive-truck t2 l2-1 l2-0 c2)
25.699: (drive-truck t2 l2-1 l2-0 c2)
26.342: (load-truck p26 t2 l2-2)
26.342: (load-truck p26 t2 l2-2)
26.395: (load-truck p26 t2 l2-2)
26.396: (load-truck p26 t2 l2-2)
26.534: (drive-truck t0 l0-1 l0-2 c0)
26.534: (drive-truck t0 l0-1 l0-2 c0)
26.310: (drive-truck t0 l0-1 l0-4 c0)
26.310: (drive-truck t0 l0-1 l0-4 c0)
26.349: (drive-truck t2 l2-2 l2-3 c2)
26.349: (drive-truck t2 l2-2 l2-3 c2)
26.370: (drive-truck t0 l0-1 l0-4 c0)
26.370: (drive-truck t0 l0-1 l0-4 c0)
26.385: (unload-truck p0 t1 l1-0)
26.387: (unload-truck p0 t1 l1-0)
26.398: (drive-truck t2 l2-2 l2-3 c2)
26.398: (drive-truck t2 l2-2 l2-3 c2)
25.776: (drive-truck t0 l0-3 l0-4 c0)
26.322: (drive-truck t2 l2-2 l2-3 c2)
26.322: (drive-truck t0 l0-1 l0-4 c0)
26.322: (drive-truck t0 l0-1 l0-4 c0)
26.322: (drive-truck t2 l2-2 l2-3 c2)
26.376: (drive-truck t2 l2-2 l2-3 c2)
26.376: (drive-truck t2 l2-2 l2-3 c2)
26.378: (drive-truck t0 l0-1 l0-4 c0)
26.378: (drive-truck t0 l0-1 l0-4 c0)
26.509: (drive-truck t2 l2-2 l2-0 c2)
26.224: (drive-truck t1 l1-0 l1-2 c1)
26.224: (drive-truck t1 l1-0 l1-4 c1)
26.362: (drive-truck t1 l1-0 l1-3 c1)
26.418: (drive-truck t1 l1-0 l1-1 c1)
26.509: (drive-truck t2 l2-3 l2-0 c2)
26.530: (drive-truck t0 l0-4 l0-1 c0)
26.540: (drive-truck t2 l2-3 l2-0 c2)
26.540: (drive-truck t2 l2-3 l2-0 c2)
26.604: (drive-truck t0 l0-4 l0-2 c0)
26.613: (load-airplane p18 a0 l0-0)
25.951: (drive-truck t0 l0-4 l0-1 c0)
26.028: (drive-truck t0 l0-4 l0-1 c0)
26.028: (drive-truck t0 l0-4 l0-1 c0)
26.124: (load-truck p0 t1 l1-0)
26.483: (unload-truck p0 t1 l1-0)
26.485: (drive-truck t2 l2-0 l2-3 c2)
26.485: (drive-truck t2 l2-0 l2-3 c2)
26.530: (drive-truck t0 l0-4 l0-1 c0)
26.555: (drive-truck t0 l0-4 l0-1 c0)
26.556: (drive-truck t0 l0-4 l0-1 c0)
25.942: (drive-truck t2 l2-0 l2-3 c2)
26.147: (drive-truck t0 l0-4 l0-1 c0)
26.147: (load-truck p0 t1 l1-0)
26.196: (drive-truck t1 l1-0 l1-3 c1)
26.208: (drive-truck t1 l1-0 l1-1 c1)
26.292: (drive-truck t0 l0-4 l0-1 c0)
26.292: (drive-truck t0 l0-4 l0-1 c0)
26.293: (drive-truck t2 l2-0 l2-3 c2)
26.294: (drive-truck t2 l2-0 l2-3 c2)
26.314: (drive-truck t2 l2-0 l2-1 c2)
25.973: (drive-truck t0 l0-4 l0-1 c0)
25.973: (drive-truck t2 l2-0 l2-3 c2)
26.164: (load-truck p23 t1 l1-3)
26.250: (load-truck p1 t1 l1-1)
26.277: (drive-truck t0 l0-4 l0-2 c0)
26.280: (drive-truck t0 l0-4 l0-3 c0)
26.340: (drive-truck t0 l0-4 l0-1 c0)
26.341: (drive-truck t2 l2-0 l2-1 c2)
26.449: (drive-truck t2 l2-1 l2-2 c2)
26.449: (drive-truck t2 l2-3 l2-2 c2)
26.003: (drive-truck t2 l2-0 l2-3 c2)
26.097: (drive-truck t2 l2-0 l2-3 c2)
26.142: (drive-truck t0 l0-1 l0-4 c0)
26.234: (drive-truck t0 l0-1 l0-4 c0)
26.371: (drive-truck t2 l2-0 l2-1 c2)
26.480: (drive-truck t2 l2-0 l2-1 c2)
26.717: (drive-truck t2 l2-3 l2-0 c2)
26.728: (drive-truck t2 l2-3 l2-0 c2)
26.899: (unload-airplane p11 a2 l0-0)
26.919: (drive-truck t0 l0-1 l0-2 c0)
25.878: (load-airplane p11 a0 l0-0)
25.898: (unload-airplane p18 a0 l0-0)
25.974: (load-airplane p11 a1 l0-0)
25.975: (drive-truck t2 l2-0 l2-3 c2)
25.975: (drive-truck t0 l0-1 l0-4 c0)
26.074: (drive-truck t2 l2-0 l2-3 c2)
26.075: (drive-truck t0 l0-1 l0-4 c0)
26.346: (drive-truck t2 l2-0 l2-1 c2)
26.347: (drive-truck t0 l0-1 l0-4 c0)
26.461: (drive-truck t2 l2-0 l2-1 c2)
25.846: (drive-truck t0 l0-1 l0-4 c0)
25.867: (drive-truck t0 l0-1 l0-4 c0)
25.942: (drive-truck t0 l0-1 l0-4 c0)
26.051: (drive-truck t2 l2-3 l2-0 c2)
26.066: (drive-truck t2 l2-3 l2-0 c2)
26.147: (drive-truck t2 l2-3 l2-0 c2)
26.179: (drive-truck t0 l0-1 l0-2 c0)
26.181: (drive-truck t0 l0-1 l0-2 c0)
26.183: (drive-truck t0 l0-1 l0-3 c0)
26.184: (drive-truck t0 l0-1 l0-3 c0)
25.951: (unload-truck p0 t1 l1-0)
25.967: (unload-truck p0 t1 l1-0)
26.028: (drive-truck t2 l2-3 l2-0 c2)
26.028: (drive-truck t0 l0-1 l0-4 c0)
26.048: (drive-truck t2 l2-3 l2-0 c2)
26.048: (drive-truck t0 l0-1 l0-4 c0)
26.123: (drive-truck t0 l0-1 l0-4 c0)
26.124: (drive-truck t2 l2-3 l2-0 c2)
26.218: (drive-truck t2 l2-3 l2-1 c2)
26.227: (drive-truck t2 l2-3 l2-1 c2)
25.318: (load-airplane p11 a1 l0-0)
26.196: (drive-truck t1 l1-0 l1-3 c1)
26.196: (drive-truck t1 l1-0 l1-1 c1)
26.205: (drive-truck t1 l1-0 l1-3 c1)
26.208: (drive-truck t1 l1-0 l1-1 c1)
26.245: (drive-truck t0 l0-4 l0-1 c0)
26.247: (drive-truck t0 l0-4 l0-1 c0)
26.313: (drive-truck t2 l2-0 l2-1 c2)
26.352: (drive-truck t2 l2-1 l2-2 c2)
26.353: (drive-truck t2 l2-0 l2-2 c2)
25.340: (load-airplane p11 a1 l0-0)
25.340: (drive-truck t0 l0-4 l0-1 c0)
25.549: (drive-truck t2 l2-1 l2-2 c2)
25.895: (drive-truck t0 l0-4 l0-2 c0)
25.897: (drive-truck t0 l0-4 l0-3 c0)
26.088: (load-truck p23 t1 l1-3)
26.164: (load-truck p23 t1 l1-3)
26.176: (load-truck p1 t1 l1-1)
26.250: (load-truck p1 t1 l1-1)
26.310: (load-airplane p18 a2 l0-0)
25.687: (drive-truck t2 l2-1 l2-0 c2)
25.699: (drive-truck t2 l2-1 l2-0 c2)
25.931: (drive-truck t2 l2-0 l2-3 c2)
25.939: (drive-truck t2 l2-1 l2-3 c2)
26.004: (drive-truck t2 l2-0 l2-3 c2)
26.025: (drive-truck t2 l2-0 l2-3 c2)
26.073: (drive-truck t0 l0-1 l0-4 c0)
26.096: (drive-truck t2 l2-0 l2-3 c2)
26.120: (drive-truck t2 l2-1 l2-0 c2)
26.142: (drive-truck t0 l0-1 l0-4 c0)
25.906: (drive-truck t2 l2-0 l2-3 c2)
25.907: (drive-truck t0 l0-1 l0-4 c0)
25.967: (drive-truck t0 l0-4 l0-1 c0)
25.975: (drive-truck t0 l0-1 l0-4 c0)
25.976: (drive-truck t2 l2-0 l2-3 c2)
26.009: (drive-truck t0 l0-1 l0-4 c0)
26.073: (drive-truck t0 l0-1 l0-4 c0)
26.143: (drive-truck t0 l0-4 l0-1 c0)
26.263: (drive-truck t2 l2-0 l2-1 c2)
26.272: (drive-truck t0 l0-4 l0-2 c0)
25.969: (unload-truck p0 t1 l1-0)
26.172: (drive-truck t2 l2-3 l2-0 c2)
26.234: (drive-truck t2 l2-3 l2-0 c2)
26.276: (drive-truck t0 l0-2 l0-3 c0)
26.276: (drive-truck t0 l0-1 l0-3 c0)
26.281: (drive-truck t0 l0-4 l0-1 c0)
26.334: (drive-truck t2 l2-0 l2-1 c2)
26.335: (drive-truck t2 l2-3 l2-1 c2)
26.346: (drive-truck t2 l2-3 l2-1 c2)
26.460: (drive-truck t2 l2-3 l2-1 c2)
26.208: (drive-truck t1 l1-0 l1-3 c1)
26.220: (drive-truck t1 l1-0 l1-1 c1)
26.371: (drive-truck t0 l0-4 l0-1 c0)
26.478: (drive-truck t0 l0-4 l0-1 c0)
26.492: (drive-truck t2 l2-1 l2-2 c2)
26.564: (drive-truck t2 l2-0 l2-2 c2)
26.565: (drive-truck t2 l2-1 l2-2 c2)
26.595: (drive-truck t2 l2-0 l2-2 c2)
26.655: (drive-truck t0 l0-1 l0-4 c0)
26.723: (drive-truck t2 l2-3 l2-0 c2)
25.672: (load-airplane p11 a2 l0-0)
26.158: (load-truck p23 t1 l1-3)
26.246: (load-truck p1 t1 l1-1)
26.709: (drive-truck t0 l0-3 l0-2 c0)
26.914: (drive-truck t2 l2-0 l2-1 c2)
26.982: (drive-truck t0 l0-4 l0-1 c0)
26.984: (drive-truck t2 l2-1 l2-2 c2)
26.985: (drive-truck t1 l1-1 l1-2 c1)
26.985: (drive-truck t1 l1-1 l1-4 c1)
26.985: (drive-truck t1 l1-3 l1-4 c1)
25.998: (drive-truck t2 l2-0 l2-3 c2)
26.028: (unload-airplane p18 a2 l0-0)
26.029: (unload-airplane p18 a2 l0-0)
26.094: (drive-truck t2 l2-0 l2-3 c2)
26.136: (drive-truck t0 l0-1 l0-4 c0)
26.231: (drive-truck t0 l0-1 l0-4 c0)
26.254: (drive-truck t0 l0-4 l0-1 c0)
26.364: (drive-truck t2 l2-0 l2-1 c2)
26.379: (drive-truck t2 l2-2 l2-4 c2)
26.471: (load-truck p26 t2 l2-2)
25.971: (drive-truck t0 l0-1 l0-4 c0)
25.971: (drive-truck t2 l2-0 l2-3 c2)
26.072: (drive-truck t2 l2-0 l2-3 c2)
26.072: (drive-truck t0 l0-1 l0-4 c0)
26.224: (drive-truck t0 l0-1 l0-4 c0)
26.224: (drive-truck t0 l0-1 l0-4 c0)
26.293: (drive-truck t2 l2-0 l2-3 c2)
26.294: (drive-truck t2 l2-0 l2-3 c2)
26.341: (drive-truck t2 l2-0 l2-1 c2)
26.341: (drive-truck t0 l0-1 l0-4 c0)
26.362: (drive-truck t1 l1-4 l1-3 c1)
26.362: (drive-truck t1 l1-2 l1-3 c1)
26.418: (drive-truck t1 l1-4 l1-1 c1)
26.418: (drive-truck t1 l1-2 l1-1 c1)
26.458: (drive-truck t2 l2-3 l2-1 c2)
26.485: (drive-truck t2 l2-0 l2-3 c2)
26.486: (drive-truck t2 l2-0 l2-3 c2)
26.486: (drive-truck t0 l0-1 l0-4 c0)
26.486: (drive-truck t0 l0-1 l0-4 c0)
26.506: (drive-truck t2 l2-3 l2-2 c2)
26.475: (drive-truck t0 l0-4 l0-1 c0)
26.523: (drive-truck t0 l0-4 l0-3 c0)
26.524: (drive-truck t0 l0-4 l0-3 c0)
26.581: (drive-truck t2 l2-1 l2-2 c2)
26.710: (drive-truck t2 l2-3 l2-2 c2)
26.710: (drive-truck t2 l2-3 l2-2 c2)
26.991: (drive-truck t2 l2-3 l2-1 c2)
26.991: (drive-truck t2 l2-3 l2-1 c2)
27.018: (drive-truck t0 l0-4 l0-1 c0)
27.060: (load-airplane p18 a0 l0-0)
26.616: (drive-truck t1 l1-3 l1-0 c1)
26.796: (drive-truck t0 l0-4 l0-1 c0)
26.796: (drive-truck t0 l0-4 l0-1 c0)
26.846: (drive-truck t2 l2-3 l2-0 c2)
26.846: (drive-truck t2 l2-3 l2-0 c2)
27.091: (drive-truck t2 l2-1 l2-2 c2)
27.092: (drive-truck t0 l0-4 l0-1 c0)
27.152: (drive-truck t0 l0-3 l0-2 c0)
27.152: (drive-truck t0 l0-3 l0-2 c0)
27.170: (drive-truck t1 l1-3 l1-1 c1)
26.254: (unload-airplane p18 a2 l0-0)
26.386: (drive-truck t1 l1-2 l1-0 c1)
26.387: (drive-truck t1 l1-4 l1-0 c1)
26.889: (load-truck p10 t0 l0-3)
26.889: (load-truck p10 t0 l0-3)
27.170: (drive-truck t0 l0-3 l0-2 c0)
27.171: (drive-truck t2 l2-3 l2-0 c2)
27.171: (drive-truck t0 l0-3 l0-2 c0)
27.171: (drive-truck t2 l2-3 l2-0 c2)
27.185: (drive-truck t1 l1-1 l1-2 c1)
26.488: (load-truck p26 t2 l2-2)
26.535: (drive-truck t2 l2-2 l2-4 c2)
26.604: (drive-truck t0 l0-3 l0-2 c0)
26.604: (drive-truck t1 l1-4 l1-0 c1)
26.604: (drive-truck t1 l1-2 l1-0 c1)
26.821: (drive-truck t0 l0-3 l0-1 c0)
26.821: (drive-truck t0 l0-3 l0-1 c0)
26.843: (drive-truck t0 l0-1 l0-2 c0)
26.851: (load-truck p10 t0 l0-3)
26.851: (drive-truck t1 l1-2 l1-0 c1)
25.725: (drive-truck t2 l2-2 l2-3 c2)
26.117: (drive-truck t2 l2-2 l2-0 c2)
26.379: (drive-truck t0 l0-1 l0-4 c0)
26.438: (drive-truck t0 l0-3 l0-1 c0)
26.438: (drive-truck t1 l1-2 l1-0 c1)
26.439: (drive-truck t1 l1-4 l1-0 c1)
26.471: (drive-truck t0 l0-1 l0-4 c0)
26.473: (load-truck p0 t1 l1-0)
26.487: (drive-truck t2 l2-2 l2-3 c2)
26.634: (drive-truck t2 l2-2 l2-0 c2)
25.730: (drive-truck t0 l0-2 l0-3 c0)
26.133: (drive-truck t0 l0-2 l0-3 c0)
26.307: (drive-truck t2 l2-0 l2-3 c2)
26.450: (load-truck p8 t0 l0-2)
26.460: (drive-truck t0 l0-3 l0-4 c0)
26.475: (drive-truck t2 l2-2 l2-3 c2)
26.475: (drive-truck t0 l0-1 l0-4 c0)
26.478: (drive-truck t0 l0-3 l0-1 c0)
26.478: (load-truck p0 t1 l1-0)
26.596: (load-truck p8 t0 l0-2)
26.284: (drive-truck t0 l0-3 l0-4 c0)
26.286: (drive-truck t2 l2-0 l2-3 c2)
26.315: (drive-truck t0 l0-3 l0-1 c0)
26.316: (drive-truck t2 l2-0 l2-3 c2)
26.373: (drive-truck t2 l2-3 l2-1 c2)
26.373: (drive-truck t2 l2-0 l2-1 c2)
26.446: (load-truck p10 t0 l0-3)
26.454: (drive-truck t0 l0-2 l0-4 c0)
26.466: (drive-truck t0 l0-2 l0-1 c0)
26.588: (drive-truck t0 l0-2 l0-4 c0)
26.440: (drive-truck t0 l0-3 l0-4 c0)
26.457: (drive-truck t0 l0-3 l0-1 c0)
26.593: (drive-truck t2 l2-3 l2-0 c2)
26.593: (drive-truck t0 l0-4 l0-1 c0)
26.594: (drive-truck t2 l2-3 l2-0 c2)
26.654: (drive-truck t2 l2-3 l2-1 c2)
26.674: (drive-truck t2 l2-3 l2-1 c2)
26.827: (drive-truck t2 l2-3 l2-1 c2)
26.827: (load-truck p10 t0 l0-3)
26.832: (drive-truck t2 l2-3 l2-1 c2)
26.588: (drive-truck t2 l2-3 l2-0 c2)
26.588: (drive-truck t0 l0-3 l0-4 c0)
26.592: (drive-truck t0 l0-3 l0-1 c0)
26.593: (drive-truck t2 l2-3 l2-0 c2)
26.599: (unload-truck p1 t1 l1-1)
26.671: (drive-truck t0 l0-1 l0-3 c0)
26.672: (drive-truck t0 l0-4 l0-3 c0)
26.820: (drive-truck t2 l2-3 l2-1 c2)
26.821: (drive-truck t0 l0-3 l0-4 c0)
26.827: (drive-truck t2 l2-3 l2-1 c2)
26.374: (drive-truck t1 l1-1 l1-0 c1)
26.609: (drive-truck t1 l1-1 l1-3 c1)
26.775: (unload-truck p1 t1 l1-1)
27.008: (drive-truck t2 l2-0 l2-2 c2)
27.008: (drive-truck t2 l2-1 l2-2 c2)
27.349: (drive-truck t1 l1-1 l1-4 c1)
27.349: (drive-truck t1 l1-1 l1-2 c1)
27.454: (drive-truck t2 l2-1 l2-2 c2)
27.517: (unload-airplane p11 a1 l0-0)
27.522: (unload-airplane p11 a1 l0-0)
26.487: (load-truck p0 t1 l1-0)
26.494: (load-airplane p11 a0 l0-0)
26.495: (load-airplane p11 a0 l0-0)
26.506: (load-truck p23 t1 l1-3)
26.588: (load-airplane p11 a2 l0-0)
26.589: (load-airplane p11 a2 l0-0)
26.783: (drive-truck t1 l1-1 l1-3 c1)
26.823: (unload-truck p10 t0 l0-3)
26.873: (drive-truck t0 l0-3 l0-4 c0)
27.094: (drive-truck t0 l0-1 l0-4 c0)
26.147: (drive-truck t0 l0-3 l0-1 c0)
26.333: (drive-truck t2 l2-0 l2-3 c2)
26.346: (drive-truck t2 l2-0 l2-3 c2)
26.363: (drive-truck t2 l2-0 l2-3 c2)
26.370: (drive-truck t2 l2-0 l2-3 c2)
26.440: (drive-truck t2 l2-0 l2-3 c2)
26.457: (drive-truck t2 l2-0 l2-3 c2)
26.467: (load-truck p0 t1 l1-0)
26.467: (drive-truck t0 l0-1 l0-4 c0)
26.475: (drive-truck t0 l0-1 l0-2 c0)
26.305: (drive-truck t2 l2-0 l2-3 c2)
26.306: (drive-truck t0 l0-1 l0-4 c0)
26.307: (drive-truck t0 l0-1 l0-2 c0)
26.309: (drive-truck t2 l2-0 l2-3 c2)
26.342: (load-truck p26 t2 l2-2)
26.343: (drive-truck t0 l0-1 l0-2 c0)
26.347: (drive-truck t0 l0-1 l0-4 c0)
26.351: (drive-truck t0 l0-1 l0-3 c0)
26.351: (drive-truck t0 l0-4 l0-3 c0)
26.445: (drive-truck t0 l0-1 l0-3 c0)
25.666: (unload-truck p8 t0 l0-2)
25.729: (unload-truck p10 t0 l0-3)
26.310: (drive-truck t0 l0-1 l0-4 c0)
26.349: (drive-truck t2 l2-2 l2-3 c2)
26.489: (drive-truck t2 l2-3 l2-0 c2)
26.499: (drive-truck t2 l2-3 l2-0 c2)
26.499: (drive-truck t2 l2-3 l2-0 c2)
26.530: (drive-truck t2 l2-2 l2-0 c2)
26.593: (drive-truck t2 l2-3 l2-0 c2)
26.675: (drive-truck t2 l2-3 l2-1 c2)
25.673: (drive-truck t0 l0-2 l0-3 c0)
25.725: (drive-truck t0 l0-3 l0-2 c0)
26.081: (drive-truck t2 l2-3 l2-0 c2)
26.081: (unload-truck p8 t0 l0-2)
26.133: (unload-truck p10 t0 l0-3)
26.133: (drive-truck t2 l2-3 l2-0 c2)
26.300: (drive-truck t2 l2-3 l2-1 c2)
26.322: (drive-truck t0 l0-1 l0-4 c0)
26.322: (drive-truck t2 l2-2 l2-3 c2)
26.373: (drive-truck t2 l2-3 l2-1 c2)
26.099: (drive-truck t2 l2-3 l2-0 c2)
26.099: (drive-truck t0 l0-2 l0-3 c0)
26.116: (drive-truck t2 l2-3 l2-0 c2)
26.116: (drive-truck t0 l0-3 l0-2 c0)
26.306: (drive-truck t0 l0-2 l0-3 c0)
26.307: (drive-truck t2 l2-3 l2-1 c2)
26.355: (load-truck p10 t0 l0-3)
26.450: (load-truck p8 t0 l0-2)
26.509: (drive-truck t2 l2-3 l2-0 c2)
26.601: (unload-airplane p11 a1 l0-0)
25.673: (load-airplane p11 a2 l0-0)
26.340: (drive-truck t0 l0-3 l0-4 c0)
26.367: (drive-truck t0 l0-3 l0-1 c0)
26.454: (drive-truck t0 l0-2 l0-4 c0)
26.465: (drive-truck t0 l0-2 l0-1 c0)
26.509: (drive-truck t2 l2-3 l2-0 c2)
26.509: (load-truck p10 t0 l0-3)
26.593: (drive-truck t0 l0-3 l0-2 c0)
26.596: (load-truck p8 t0 l0-2)
26.597: (drive-truck t2 l2-3 l2-0 c2)
25.666: (drive-truck t0 l0-3 l0-2 c0)
25.667: (load-airplane p11 a2 l0-0)
26.099: (drive-truck t2 l2-3 l2-0 c2)
26.307: (drive-truck t2 l2-3 l2-1 c2)
26.355: (load-truck p10 t0 l0-3)
26.494: (drive-truck t0 l0-3 l0-4 c0)
26.495: (drive-truck t2 l2-3 l2-0 c2)
26.511: (drive-truck t2 l2-3 l2-0 c2)
26.512: (drive-truck t0 l0-3 l0-1 c0)
26.587: (drive-truck t0 l0-2 l0-4 c0)
26.081: (drive-truck t0 l0-3 l0-2 c0)
26.081: (drive-truck t2 l2-3 l2-0 c2)
26.300: (drive-truck t2 l2-3 l2-1 c2)
26.300: (drive-truck t0 l0-3 l0-2 c0)
26.340: (drive-truck t0 l0-3 l0-4 c0)
26.344: (load-truck p8 t0 l0-2)
26.367: (drive-truck t0 l0-3 l0-1 c0)
26.509: (drive-truck t2 l2-3 l2-0 c2)
26.509: (load-truck p10 t0 l0-3)
26.593: (drive-truck t0 l0-4 l0-1 c0)
26.347: (drive-truck t0 l0-2 l0-4 c0)
26.370: (drive-truck t0 l0-2 l0-1 c0)
26.494: (drive-truck t0 l0-3 l0-4 c0)
26.496: (drive-truck t2 l2-3 l2-0 c2)
26.499: (drive-truck t2 l2-3 l2-0 c2)
26.499: (load-truck p8 t0 l0-2)
26.512: (drive-truck t0 l0-3 l0-1 c0)
26.512: (drive-truck t2 l2-3 l2-0 c2)
26.599: (unload-truck p1 t1 l1-1)
26.706: (drive-truck t2 l2-3 l2-1 c2)
26.374: (drive-truck t1 l1-1 l1-0 c1)
26.489: (drive-truck t0 l0-2 l0-4 c0)
26.489: (drive-truck t2 l2-3 l2-0 c2)
26.506: (drive-truck t2 l2-3 l2-0 c2)
26.506: (drive-truck t0 l0-2 l0-1 c0)
26.609: (drive-truck t1 l1-1 l1-3 c1)
26.712: (drive-truck t2 l2-3 l2-1 c2)
26.720: (drive-truck t2 l2-0 l2-1 c2)
26.722: (drive-truck t0 l0-4 l0-3 c0)
26.723: (drive-truck t2 l2-0 l2-1 c2)
26.487: (load-truck p0 t1 l1-0)
26.730: (drive-truck t0 l0-4 l0-1 c0)
26.731: (drive-truck t2 l2-0 l2-1 c2)
26.731: (drive-truck t0 l0-2 l0-1 c0)
26.935: (drive-truck t2 l2-1 l2-2 c2)
26.935: (drive-truck t2 l2-0 l2-2 c2)
27.094: (drive-truck t0 l0-1 l0-4 c0)
27.103: (drive-truck t0 l0-1 l0-2 c0)
27.228: (drive-truck t2 l2-1 l2-2 c2)
27.304: (unload-airplane p11 a2 l0-0)
26.333: (drive-truck t2 l2-0 l2-3 c2)
26.467: (drive-truck t0 l0-1 l0-4 c0)
26.467: (load-truck p0 t1 l1-0)
26.475: (drive-truck t0 l0-1 l0-2 c0)
26.475: (load-truck p0 t1 l1-0)
26.696: (drive-truck t2 l2-0 l2-1 c2)
26.957: (unload-truck p8 t0 l0-2)
27.348: (drive-truck t0 l0-1 l0-3 c0)
27.405: (drive-truck t2 l2-2 l2-4 c2)
27.413: (unload-airplane p11 a2 l0-0)
26.306: (drive-truck t2 l2-0 l2-3 c2)
26.307: (drive-truck t0 l0-1 l0-4 c0)
26.308: (drive-truck t0 l0-1 l0-2 c0)
26.308: (drive-truck t2 l2-0 l2-3 c2)
26.675: (drive-truck t2 l2-0 l2-1 c2)
26.675: (drive-truck t0 l0-1 l0-4 c0)
26.683: (drive-truck t2 l2-0 l2-1 c2)
26.683: (drive-truck t0 l0-1 l0-2 c0)
26.858: (drive-truck t2 l2-0 l2-3 c2)
26.858: (drive-truck t0 l0-1 l0-3 c0)
26.891: (drive-truck t2 l2-3 l2-2 c2)
26.891: (drive-truck t2 l2-1 l2-2 c2)
27.187: (drive-truck t2 l2-1 l2-2 c2)
27.187: (drive-truck t2 l2-3 l2-2 c2)
27.233: (unload-airplane p11 a2 l0-0)
27.234: (unload-airplane p11 a2 l0-0)
27.327: (unload-airplane p16 a0 l0-0)
27.327: (unload-airplane p16 a0 l0-0)
27.338: (load-airplane p18 a1 l0-0)
27.344: (load-airplane p18 a0 l0-0)
26.273: (unload-truck p8 t0 l0-2)
26.306: (load-airplane p16 a2 l0-0)
26.308: (load-airplane p16 a2 l0-0)
26.395: (load-airplane p16 a1 l0-0)
26.397: (load-airplane p16 a1 l0-0)
27.259: (drive-truck t0 l0-2 l0-1 c0)
27.259: (drive-truck t0 l0-4 l0-1 c0)
27.345: (drive-truck t0 l0-4 l0-2 c0)
27.352: (drive-truck t0 l0-4 l0-2 c0)
27.353: (drive-truck t0 l0-2 l0-1 c0)
25.253: (unload-truck p8 t0 l0-2)
25.253: (load-airplane p16 a2 l0-0)
25.340: (unload-truck p8 t0 l0-2)
25.341: (load-airplane p16 a1 l0-0)
25.961: (drive-truck t0 l0-2 l0-4 c0)
25.992: (drive-truck t0 l0-2 l0-1 c0)
26.272: (unload-truck p8 t0 l0-2)
26.276: (drive-truck t0 l0-2 l0-3 c0)
26.331: (load-airplane p16 a2 l0-0)
26.333: (drive-truck t0 l0-4 l0-1 c0)
24.944: (load-airplane p16 a2 l0-0)
24.945: (drive-truck t0 l0-2 l0-4 c0)
24.975: (drive-truck t0 l0-2 l0-1 c0)
24.976: (load-airplane p16 a2 l0-0)
25.037: (drive-truck t0 l0-2 l0-4 c0)
25.038: (load-airplane p16 a1 l0-0)
25.068: (drive-truck t0 l0-2 l0-1 c0)
25.069: (load-airplane p16 a1 l0-0)
25.256: (load-airplane p16 a2 l0-0)
25.256: (drive-truck t0 l0-2 l0-3 c0)
25.125: (drive-truck t2 l2-3 l2-0 c2)
25.143: (drive-truck t2 l2-3 l2-0 c2)
25.217: (drive-truck t2 l2-3 l2-0 c2)
25.235: (drive-truck t2 l2-3 l2-0 c2)
25.319: (drive-truck t2 l2-3 l2-1 c2)
25.340: (drive-truck t2 l2-3 l2-1 c2)
25.344: (drive-truck t0 l0-4 l0-3 c0)
25.344: (drive-truck t0 l0-1 l0-3 c0)
25.411: (drive-truck t2 l2-3 l2-1 c2)
25.433: (drive-truck t2 l2-3 l2-1 c2)
25.040: (unload-truck p0 t1 l1-0)
25.133: (unload-truck p0 t1 l1-0)
25.549: (drive-truck t2 l2-1 l2-2 c2)
25.550: (drive-truck t2 l2-0 l2-2 c2)
25.641: (drive-truck t2 l2-1 l2-2 c2)
25.642: (drive-truck t2 l2-0 l2-2 c2)
25.688: (drive-truck t0 l0-1 l0-2 c0)
25.688: (drive-truck t0 l0-4 l0-2 c0)
25.699: (drive-truck t0 l0-4 l0-3 c0)
25.699: (drive-truck t0 l0-1 l0-3 c0)
25.265: (drive-truck t1 l1-0 l1-1 c1)
25.274: (drive-truck t1 l1-0 l1-3 c1)
25.357: (drive-truck t1 l1-0 l1-1 c1)
25.368: (drive-truck t1 l1-0 l1-3 c1)
25.776: (drive-truck t0 l0-1 l0-4 c0)
25.868: (drive-truck t0 l0-1 l0-4 c0)
25.896: (drive-truck t2 l2-0 l2-1 c2)
25.898: (drive-truck t2 l2-0 l2-1 c2)
25.951: (load-airplane p18 a2 l0-0)
25.952: (load-airplane p18 a0 l0-0)
25.161: (load-truck p23 t1 l1-3)
25.249: (load-truck p1 t1 l1-1)
25.253: (load-truck p23 t1 l1-3)
25.341: (load-truck p1 t1 l1-1)
26.028: (drive-truck t1 l1-3 l1-2 c1)
26.028: (drive-truck t1 l1-3 l1-4 c1)
26.028: (drive-truck t1 l1-1 l1-2 c1)
26.028: (drive-truck t1 l1-1 l1-4 c1)
26.120: (drive-truck t1 l1-3 l1-4 c1)
26.120: (drive-truck t1 l1-3 l1-2 c1)
25.006: (drive-truck t2 l2-0 l2-3 c2)
25.099: (drive-truck t2 l2-0 l2-3 c2)
25.101: (drive-truck t2 l2-0 l2-3 c2)
25.147: (drive-truck t0 l0-1 l0-4 c0)
25.194: (drive-truck t2 l2-0 l2-3 c2)
25.240: (drive-truck t0 l0-1 l0-4 c0)
25.246: (drive-truck t0 l0-1 l0-4 c0)
25.338: (drive-truck t0 l0-1 l0-4 c0)
25.373: (drive-truck t2 l2-0 l2-1 c2)
25.464: (drive-truck t2 l2-0 l2-1 c2)
24.981: (drive-truck t2 l2-0 l2-3 c2)
24.982: (drive-truck t0 l0-1 l0-4 c0)
25.074: (drive-truck t0 l0-1 l0-4 c0)
25.074: (drive-truck t2 l2-0 l2-3 c2)
25.084: (drive-truck t2 l2-0 l2-3 c2)
25.086: (drive-truck t0 l0-1 l0-4 c0)
25.177: (drive-truck t2 l2-0 l2-3 c2)
25.177: (drive-truck t0 l0-1 l0-4 c0)
25.356: (drive-truck t2 l2-0 l2-1 c2)
25.357: (drive-truck t0 l0-1 l0-4 c0)
25.447: (drive-truck t2 l2-3 l2-1 c2)
25.476: (drive-truck t2 l2-3 l2-1 c2)
25.567: (drive-truck t2 l2-3 l2-1 c2)
25.596: (drive-truck t2 l2-1 l2-2 c2)
25.597: (drive-truck t2 l2-3 l2-2 c2)
25.666: (drive-truck t0 l0-4 l0-2 c0)
25.672: (drive-truck t2 l2-3 l2-2 c2)
25.673: (drive-truck t0 l0-4 l0-3 c0)
25.690: (drive-truck t2 l2-3 l2-2 c2)
25.725: (drive-truck t0 l0-4 l0-2 c0)
25.482: (drive-truck t0 l0-4 l0-1 c0)
25.573: (drive-truck t0 l0-4 l0-1 c0)
25.731: (drive-truck t0 l0-2 l0-3 c0)
25.766: (drive-truck t2 l2-1 l2-2 c2)
26.082: (drive-truck t2 l2-3 l2-0 c2)
26.098: (drive-truck t2 l2-3 l2-0 c2)
26.116: (drive-truck t2 l2-3 l2-0 c2)
26.186: (drive-truck t0 l0-4 l0-1 c0)
26.254: (drive-truck t0 l0-4 l0-1 c0)
26.276: (drive-truck t0 l0-4 l0-1 c0)
26.133: (drive-truck t0 l0-2 l0-3 c0)
26.133: (drive-truck t2 l2-3 l2-0 c2)
26.300: (drive-truck t2 l2-0 l2-1 c2)
26.306: (drive-truck t2 l2-0 l2-1 c2)
26.344: (drive-truck t2 l2-1 l2-2 c2)
26.345: (drive-truck t0 l0-4 l0-1 c0)
26.367: (drive-truck t0 l0-1 l0-2 c0)
26.367: (drive-truck t2 l2-0 l2-1 c2)
26.373: (drive-truck t2 l2-3 l2-1 c2)
26.373: (drive-truck t0 l0-1 l0-3 c0)
26.580: (load-truck p26 t2 l2-2)
26.593: (load-truck p10 t0 l0-3)
26.630: (drive-truck t2 l2-2 l2-4 c2)
26.720: (load-truck p8 t0 l0-2)
26.722: (load-truck p10 t0 l0-3)
26.827: (load-truck p10 t0 l0-3)
26.839: (load-truck p8 t0 l0-2)
26.843: (drive-truck t2 l2-1 l2-2 c2)
26.929: (drive-truck t0 l0-1 l0-2 c0)
26.956: (drive-truck t2 l2-1 l2-2 c2)
25.815: (drive-truck t2 l2-2 l2-3 c2)
26.202: (drive-truck t2 l2-2 l2-0 c2)
26.344: (drive-truck t2 l2-1 l2-3 c2)
26.354: (drive-truck t2 l2-1 l2-3 c2)
26.444: (drive-truck t2 l2-2 l2-1 c2)
26.445: (drive-truck t2 l2-1 l2-3 c2)
26.446: (drive-truck t2 l2-0 l2-3 c2)
26.449: (drive-truck t2 l2-1 l2-3 c2)
26.470: (drive-truck t0 l0-1 l0-4 c0)
26.498: (drive-truck t2 l2-1 l2-0 c2)
25.818: (drive-truck t0 l0-2 l0-3 c0)
26.220: (drive-truck t0 l0-2 l0-3 c0)
26.340: (drive-truck t0 l0-3 l0-4 c0)
26.347: (drive-truck t0 l0-2 l0-4 c0)
26.367: (drive-truck t0 l0-3 l0-1 c0)
26.370: (drive-truck t0 l0-2 l0-1 c0)
26.440: (drive-truck t0 l0-3 l0-4 c0)
26.454: (drive-truck t0 l0-2 l0-3 c0)
26.454: (drive-truck t0 l0-2 l0-4 c0)
26.457: (drive-truck t0 l0-3 l0-1 c0)
26.467: (drive-truck t0 l0-4 l0-1 c0)
26.489: (drive-truck t2 l2-3 l2-0 c2)
26.496: (drive-truck t2 l2-3 l2-0 c2)
26.507: (drive-truck t2 l2-3 l2-0 c2)
26.512: (drive-truck t2 l2-3 l2-0 c2)
26.535: (load-truck p10 t0 l0-3)
26.588: (drive-truck t2 l2-3 l2-0 c2)
26.588: (drive-truck t2 l2-3 l2-0 c2)
26.589: (drive-truck t2 l2-3 l2-0 c2)
26.682: (load-truck p10 t0 l0-3)
26.509: (drive-truck t0 l0-4 l0-3 c0)
26.509: (drive-truck t0 l0-1 l0-3 c0)
26.529: (drive-truck t0 l0-3 l0-4 c0)
26.547: (drive-truck t0 l0-3 l0-1 c0)
26.592: (drive-truck t0 l0-4 l0-1 c0)
26.593: (drive-truck t2 l2-3 l2-0 c2)
26.596: (drive-truck t0 l0-4 l0-2 c0)
26.609: (unload-truck p23 t1 l1-3)
26.676: (drive-truck t0 l0-3 l0-4 c0)
26.679: (drive-truck t0 l0-3 l0-1 c0)
26.374: (drive-truck t1 l1-3 l1-0 c1)
26.599: (unload-truck p1 t1 l1-1)
26.599: (drive-truck t1 l1-3 l1-1 c1)
26.840: (drive-truck t2 l2-0 l2-1 c2)
26.866: (unload-truck p1 t1 l1-1)
26.908: (drive-truck t2 l2-3 l2-1 c2)
26.908: (drive-truck t2 l2-0 l2-1 c2)
26.913: (drive-truck t2 l2-3 l2-1 c2)
26.914: (drive-truck t2 l2-0 l2-1 c2)
27.096: (drive-truck t2 l2-0 l2-2 c2)
26.488: (load-truck p0 t1 l1-0)
26.530: (drive-truck t1 l1-1 l1-0 c1)
26.833: (drive-truck t0 l0-1 l0-4 c0)
26.873: (drive-truck t1 l1-1 l1-3 c1)
26.912: (drive-truck t1 l1-1 l1-4 c1)
26.912: (drive-truck t1 l1-1 l1-2 c1)
26.913: (drive-truck t0 l0-4 l0-3 c0)
26.913: (drive-truck t0 l0-1 l0-3 c0)
27.094: (drive-truck t0 l0-1 l0-4 c0)
27.103: (drive-truck t0 l0-1 l0-2 c0)
26.467: (drive-truck t0 l0-1 l0-4 c0)
26.467: (load-truck p0 t1 l1-0)
26.474: (load-truck p0 t1 l1-0)
26.475: (drive-truck t0 l0-1 l0-2 c0)
26.567: (load-truck p0 t1 l1-0)
26.600: (load-truck p23 t1 l1-3)
26.604: (unload-truck p8 t0 l0-2)
26.696: (drive-truck t2 l2-0 l2-1 c2)
26.939: (drive-truck t0 l0-1 l0-3 c0)
26.979: (drive-truck t0 l0-1 l0-3 c0)
26.386: (drive-truck t0 l0-2 l0-3 c0)
26.405: (drive-truck t2 l2-0 l2-3 c2)
26.457: (drive-truck t2 l2-0 l2-3 c2)
26.479: (unload-truck p10 t0 l0-3)
26.548: (drive-truck t0 l0-1 l0-4 c0)
26.562: (load-truck p0 t1 l1-0)
26.562: (drive-truck t0 l0-1 l0-3 c0)
26.585: (drive-truck t0 l0-1 l0-4 c0)
26.599: (drive-truck t0 l0-1 l0-3 c0)
26.675: (drive-truck t0 l0-1 l0-4 c0)
25.786: (load-truck p0 t1 l1-0)
25.786: (unload-truck p10 t0 l0-3)
26.186: (unload-truck p10 t0 l0-3)
26.374: (drive-truck t0 l0-1 l0-4 c0)
26.374: (drive-truck t2 l2-0 l2-3 c2)
26.396: (drive-truck t0 l0-1 l0-3 c0)
26.396: (drive-truck t2 l2-0 l2-3 c2)
26.430: (drive-truck t0 l0-1 l0-4 c0)
26.431: (drive-truck t2 l2-0 l2-3 c2)
26.444: (drive-truck t2 l2-0 l2-3 c2)
25.761: (drive-truck t2 l2-0 l2-3 c2)
25.762: (unload-truck p10 t0 l0-3)
25.775: (drive-truck t0 l0-3 l0-2 c0)
25.983: (drive-truck t2 l2-0 l2-1 c2)
26.169: (drive-truck t0 l0-3 l0-2 c0)
26.390: (drive-truck t2 l2-0 l2-1 c2)
26.719: (unload-airplane p11 a2 l0-0)
26.719: (unload-airplane p16 a1 l0-0)
26.743: (drive-truck t2 l2-3 l2-1 c2)
26.760: (drive-truck t2 l2-3 l2-1 c2)
25.698: (load-airplane p11 a1 l0-0)
25.753: (drive-truck t2 l2-0 l2-3 c2)
25.755: (drive-truck t0 l0-3 l0-2 c0)
25.980: (drive-truck t0 l0-3 l0-2 c0)
25.981: (drive-truck t2 l2-0 l2-1 c2)
26.143: (drive-truck t0 l0-3 l0-4 c0)
26.143: (drive-truck t0 l0-3 l0-4 c0)
26.160: (drive-truck t0 l0-3 l0-1 c0)
26.160: (drive-truck t0 l0-3 l0-1 c0)
26.277: (drive-truck t2 l2-0 l2-3 c2)
25.125: (load-airplane p11 a1 l0-0)
25.125: (drive-truck t0 l0-3 l0-4 c0)
25.143: (load-airplane p11 a1 l0-0)
25.143: (drive-truck t0 l0-3 l0-1 c0)
25.256: (drive-truck t2 l2-0 l2-3 c2)
25.258: (load-airplane p11 a1 l0-0)
25.688: (drive-truck t0 l0-3 l0-2 c0)
25.897: (drive-truck t2 l2-0 l2-1 c2)
25.960: (drive-truck t0 l0-3 l0-4 c0)
25.961: (drive-truck t2 l2-0 l2-3 c2)
24.944: (drive-truck t0 l0-3 l0-4 c0)
24.944: (drive-truck t2 l2-0 l2-3 c2)
24.944: (load-airplane p11 a1 l0-0)
24.975: (drive-truck t0 l0-3 l0-1 c0)
24.975: (drive-truck t2 l2-0 l2-3 c2)
25.040: (unload-truck p0 t1 l1-0)
25.252: (drive-truck t2 l2-0 l2-3 c2)
25.252: (drive-truck t0 l0-3 l0-2 c0)
25.319: (drive-truck t2 l2-0 l2-1 c2)
25.319: (drive-truck t0 l0-3 l0-4 c0)
25.265: (drive-truck t1 l1-0 l1-1 c1)
25.274: (drive-truck t1 l1-0 l1-3 c1)
25.340: (drive-truck t2 l2-3 l2-1 c2)
25.341: (drive-truck t0 l0-4 l0-1 c0)
25.549: (drive-truck t2 l2-1 l2-2 c2)
25.550: (drive-truck t2 l2-3 l2-2 c2)
25.775: (drive-truck t0 l0-1 l0-4 c0)
25.895: (drive-truck t2 l2-3 l2-1 c2)
25.896: (drive-truck t0 l0-4 l0-2 c0)
25.915: (unload-airplane p17 a0 l0-0)
24.850: (load-airplane p17 a1 l0-0)
24.945: (load-airplane p17 a2 l0-0)
25.161: (load-truck p23 t1 l1-3)
25.249: (load-truck p1 t1 l1-1)
25.947: (drive-truck t0 l0-4 l0-1 c0)
26.028: (drive-truck t1 l1-3 l1-2 c1)
26.028: (drive-truck t1 l1-3 l1-4 c1)
26.028: (drive-truck t1 l1-1 l1-2 c1)
26.028: (drive-truck t1 l1-1 l1-4 c1)
26.098: (drive-truck t2 l2-3 l2-0 c2)
24.880: (drive-truck t0 l0-4 l0-1 c0)
24.881: (load-airplane p17 a1 l0-0)
24.975: (drive-truck t0 l0-4 l0-1 c0)
24.975: (load-airplane p17 a2 l0-0)
25.007: (drive-truck t2 l2-0 l2-3 c2)
25.030: (drive-truck t2 l2-3 l2-0 c2)
25.031: (load-airplane p17 a1 l0-0)
25.101: (drive-truck t2 l2-0 l2-3 c2)
25.125: (drive-truck t2 l2-3 l2-0 c2)
25.127: (load-airplane p17 a2 l0-0)
24.981: (drive-truck t0 l0-1 l0-4 c0)
25.048: (drive-truck t2 l2-3 l2-0 c2)
25.048: (drive-truck t0 l0-4 l0-1 c0)
25.085: (drive-truck t0 l0-1 l0-4 c0)
25.142: (drive-truck t0 l0-4 l0-1 c0)
25.143: (drive-truck t2 l2-3 l2-0 c2)
25.158: (drive-truck t0 l0-1 l0-2 c0)
25.161: (drive-truck t0 l0-1 l0-3 c0)
25.225: (drive-truck t2 l2-0 l2-1 c2)
25.246: (drive-truck t2 l2-3 l2-1 c2)
24.945: (unload-truck p0 t1 l1-0)
25.040: (unload-truck p0 t1 l1-0)
25.147: (drive-truck t2 l2-3 l2-0 c2)
25.246: (drive-truck t2 l2-3 l2-0 c2)
25.341: (drive-truck t2 l2-0 l2-1 c2)
25.356: (drive-truck t2 l2-3 l2-1 c2)
25.455: (drive-truck t2 l2-1 l2-2 c2)
25.476: (drive-truck t2 l2-3 l2-1 c2)
25.592: (drive-truck t2 l2-3 l2-0 c2)
25.593: (drive-truck t0 l0-1 l0-2 c0)
25.170: (drive-truck t1 l1-0 l1-1 c1)
25.180: (drive-truck t1 l1-0 l1-3 c1)
25.264: (drive-truck t1 l1-0 l1-1 c1)
25.274: (drive-truck t1 l1-0 l1-3 c1)
25.319: (drive-truck t0 l0-1 l0-4 c0)
25.373: (drive-truck t0 l0-4 l0-1 c0)
25.482: (drive-truck t0 l0-4 l0-1 c0)
25.596: (drive-truck t2 l2-1 l2-2 c2)
25.598: (drive-truck t2 l2-0 l2-2 c2)
25.604: (drive-truck t0 l0-2 l0-3 c0)
25.067: (load-truck p23 t1 l1-3)
25.154: (load-truck p1 t1 l1-1)
25.162: (load-truck p23 t1 l1-3)
25.248: (load-truck p1 t1 l1-1)
25.549: (drive-truck t2 l2-1 l2-2 c2)
25.801: (drive-truck t2 l2-0 l2-1 c2)
25.896: (drive-truck t0 l0-4 l0-2 c0)
25.898: (drive-truck t0 l0-4 l0-3 c0)
25.933: (drive-truck t1 l1-3 l1-2 c1)
25.933: (drive-truck t1 l1-3 l1-4 c1)
24.912: (drive-truck t2 l2-0 l2-3 c2)
25.006: (drive-truck t2 l2-0 l2-3 c2)
25.007: (drive-truck t2 l2-0 l2-3 c2)
25.053: (drive-truck t0 l0-1 l0-4 c0)
25.101: (drive-truck t2 l2-0 l2-3 c2)
25.148: (drive-truck t0 l0-1 l0-4 c0)
25.151: (drive-truck t0 l0-1 l0-4 c0)
25.246: (drive-truck t0 l0-1 l0-4 c0)
25.253: (drive-truck t2 l2-1 l2-3 c2)
25.256: (drive-truck t2 l2-1 l2-3 c2)
24.887: (drive-truck t2 l2-0 l2-3 c2)
24.887: (drive-truck t0 l0-1 l0-4 c0)
24.981: (drive-truck t2 l2-0 l2-3 c2)
24.981: (drive-truck t0 l0-1 l0-4 c0)
24.990: (drive-truck t2 l2-0 l2-3 c2)
24.991: (drive-truck t0 l0-1 l0-4 c0)
25.084: (drive-truck t2 l2-0 l2-3 c2)
25.085: (drive-truck t0 l0-1 l0-4 c0)
25.262: (drive-truck t2 l2-0 l2-1 c2)
25.279: (drive-truck t2 l2-3 l2-1 c2)
25.356: (drive-truck t2 l2-3 l2-1 c2)
25.382: (drive-truck t2 l2-3 l2-1 c2)
25.476: (drive-truck t2 l2-3 l2-1 c2)
25.502: (drive-truck t2 l2-1 l2-2 c2)
25.503: (drive-truck t2 l2-3 l2-2 c2)
25.572: (drive-truck t0 l0-4 l0-2 c0)
25.578: (drive-truck t2 l2-3 l2-2 c2)
25.579: (drive-truck t0 l0-4 l0-3 c0)
25.597: (drive-truck t2 l2-3 l2-2 c2)
25.630: (drive-truck t0 l0-4 l0-2 c0)
25.373: (drive-truck t0 l0-4 l0-1 c0)
25.388: (drive-truck t0 l0-4 l0-1 c0)
25.482: (drive-truck t0 l0-4 l0-1 c0)
25.638: (drive-truck t0 l0-2 l0-3 c0)
25.672: (drive-truck t2 l2-1 l2-2 c2)
25.988: (drive-truck t2 l2-3 l2-0 c2)
26.005: (drive-truck t2 l2-3 l2-0 c2)
26.023: (drive-truck t2 l2-3 l2-0 c2)
26.091: (drive-truck t0 l0-4 l0-1 c0)
26.160: (drive-truck t0 l0-4 l0-1 c0)
26.038: (drive-truck t2 l2-3 l2-0 c2)
26.039: (drive-truck t0 l0-2 l0-3 c0)
26.185: (drive-truck t2 l2-1 l2-2 c2)
26.205: (drive-truck t2 l2-0 l2-1 c2)
26.212: (drive-truck t2 l2-0 l2-1 c2)
26.254: (drive-truck t2 l2-1 l2-2 c2)
26.254: (drive-truck t0 l0-4 l0-1 c0)
26.272: (drive-truck t0 l0-1 l0-2 c0)
26.273: (drive-truck t2 l2-0 l2-1 c2)
26.278: (drive-truck t2 l2-3 l2-1 c2)
26.395: (load-truck p26 t2 l2-2)
26.487: (load-truck p26 t2 l2-2)
26.498: (load-truck p10 t0 l0-3)
26.537: (drive-truck t2 l2-2 l2-4 c2)
26.626: (load-truck p8 t0 l0-2)
26.628: (load-truck p10 t0 l0-3)
26.726: (drive-truck t2 l2-2 l2-4 c2)
26.733: (load-truck p10 t0 l0-3)
26.745: (load-truck p8 t0 l0-2)
26.748: (drive-truck t2 l2-1 l2-2 c2)
26.249: (drive-truck t2 l2-1 l2-3 c2)
26.260: (drive-truck t2 l2-1 l2-3 c2)
26.351: (drive-truck t2 l2-1 l2-3 c2)
26.351: (drive-truck t2 l2-0 l2-3 c2)
26.355: (drive-truck t2 l2-1 l2-3 c2)
26.370: (drive-truck t0 l0-1 l0-4 c0)
26.379: (drive-truck t0 l0-1 l0-4 c0)
26.398: (drive-truck t2 l2-2 l2-3 c2)
26.404: (drive-truck t2 l2-1 l2-0 c2)
26.415: (drive-truck t2 l2-1 l2-0 c2)
26.246: (drive-truck t0 l0-3 l0-4 c0)
26.252: (drive-truck t0 l0-2 l0-4 c0)
26.272: (drive-truck t0 l0-3 l0-1 c0)
26.276: (drive-truck t0 l0-2 l0-1 c0)
26.346: (drive-truck t0 l0-3 l0-4 c0)
26.360: (drive-truck t0 l0-2 l0-4 c0)
26.363: (drive-truck t0 l0-3 l0-1 c0)
26.372: (drive-truck t0 l0-2 l0-1 c0)
26.376: (drive-truck t2 l2-2 l2-3 c2)
26.376: (drive-truck t0 l0-1 l0-4 c0)
26.394: (drive-truck t2 l2-3 l2-0 c2)
26.401: (drive-truck t2 l2-3 l2-0 c2)
26.412: (drive-truck t2 l2-3 l2-0 c2)
26.416: (drive-truck t2 l2-3 l2-0 c2)
26.493: (drive-truck t2 l2-3 l2-0 c2)
26.494: (drive-truck t2 l2-3 l2-0 c2)
26.498: (drive-truck t2 l2-3 l2-0 c2)
26.499: (drive-truck t2 l2-3 l2-0 c2)
26.540: (drive-truck t2 l2-3 l2-0 c2)
26.612: (drive-truck t2 l2-3 l2-1 c2)
26.502: (drive-truck t0 l0-1 l0-2 c0)
26.502: (drive-truck t0 l0-4 l0-2 c0)
26.504: (unload-truck p1 t1 l1-1)
26.515: (unload-truck p23 t1 l1-3)
26.555: (drive-truck t0 l0-4 l0-1 c0)
26.618: (drive-truck t2 l2-0 l2-1 c2)
26.629: (drive-truck t2 l2-0 l2-1 c2)
26.629: (drive-truck t0 l0-4 l0-1 c0)
26.637: (drive-truck t2 l2-0 l2-1 c2)
26.681: (unload-truck p1 t1 l1-1)
26.279: (drive-truck t1 l1-1 l1-0 c1)
26.279: (drive-truck t1 l1-3 l1-0 c1)
26.344: (drive-truck t1 l1-1 l1-0 c1)
26.687: (drive-truck t1 l1-1 l1-3 c1)
26.727: (drive-truck t1 l1-1 l1-2 c1)
26.727: (drive-truck t1 l1-1 l1-4 c1)
26.769: (drive-truck t2 l2-0 l2-1 c2)
26.775: (unload-truck p23 t1 l1-3)
26.841: (drive-truck t2 l2-1 l2-2 c2)
27.182: (drive-truck t2 l2-0 l2-4 c2)
26.383: (load-truck p0 t1 l1-0)
26.393: (load-truck p0 t1 l1-0)
26.482: (drive-truck t1 l1-3 l1-0 c1)
26.751: (drive-truck t0 l0-1 l0-4 c0)
26.756: (drive-truck t0 l0-1 l0-3 c0)
26.759: (drive-truck t1 l1-3 l1-1 c1)
26.794: (drive-truck t0 l0-1 l0-3 c0)
26.795: (drive-truck t0 l0-1 l0-3 c0)
26.917: (drive-truck t0 l0-1 l0-4 c0)
26.917: (drive-truck t0 l0-1 l0-4 c0)
26.221: (drive-truck t2 l2-0 l2-3 c2)
26.238: (drive-truck t2 l2-0 l2-3 c2)
26.291: (unload-truck p10 t0 l0-3)
26.365: (drive-truck t0 l0-1 l0-4 c0)
26.372: (drive-truck t0 l0-1 l0-4 c0)
26.378: (drive-truck t0 l0-1 l0-3 c0)
26.379: (load-truck p0 t1 l1-0)
26.380: (drive-truck t0 l0-1 l0-2 c0)
26.530: (load-truck p0 t1 l1-0)
26.580: (drive-truck t2 l2-0 l2-1 c2)
25.681: (drive-truck t0 l0-3 l0-4 c0)
26.190: (drive-truck t0 l0-1 l0-4 c0)
26.190: (drive-truck t2 l2-0 l2-3 c2)
26.212: (drive-truck t0 l0-1 l0-4 c0)
26.212: (drive-truck t0 l0-1 l0-3 c0)
26.212: (drive-truck t2 l2-0 l2-3 c2)
26.212: (drive-truck t2 l2-0 l2-3 c2)
26.213: (drive-truck t2 l2-0 l2-3 c2)
26.213: (drive-truck t0 l0-1 l0-2 c0)
26.341: (drive-truck t2 l2-0 l2-2 c2)
26.129: (drive-truck t1 l1-0 l1-4 c1)
26.130: (drive-truck t1 l1-0 l1-2 c1)
26.146: (unload-truck p26 t2 l2-2)
26.268: (drive-truck t1 l1-0 l1-3 c1)
26.310: (drive-truck t0 l0-1 l0-4 c0)
26.324: (drive-truck t1 l1-0 l1-1 c1)
26.348: (drive-truck t2 l2-2 l2-3 c2)
26.509: (drive-truck t0 l0-4 l0-2 c0)
26.515: (load-airplane p18 a0 l0-0)
26.515: (load-airplane p18 a2 l0-0)
25.853: (drive-truck t0 l0-4 l0-1 c0)
25.853: (drive-truck t0 l0-4 l0-1 c0)
26.024: (load-truck p0 t1 l1-0)
26.024: (load-truck p0 t1 l1-0)
26.322: (drive-truck t0 l0-1 l0-4 c0)
26.322: (drive-truck t2 l2-2 l2-3 c2)
26.391: (drive-truck t2 l2-0 l2-3 c2)
26.391: (drive-truck t2 l2-0 l2-3 c2)
26.508: (drive-truck t2 l2-2 l2-0 c2)
26.535: (drive-truck t0 l0-1 l0-2 c0)
25.690: (drive-truck t2 l2-2 l2-0 c2)
25.843: (drive-truck t2 l2-0 l2-3 c2)
25.843: (drive-truck t2 l2-0 l2-3 c2)
26.048: (drive-truck t0 l0-4 l0-1 c0)
26.048: (load-truck p0 t1 l1-0)
26.048: (drive-truck t0 l0-4 l0-1 c0)
26.048: (load-truck p0 t1 l1-0)
26.096: (drive-truck t1 l1-0 l1-3 c1)
26.096: (drive-truck t1 l1-0 l1-3 c1)
26.108: (drive-truck t1 l1-0 l1-1 c1)
25.699: (drive-truck t0 l0-2 l0-3 c0)
25.873: (drive-truck t0 l0-4 l0-1 c0)
25.873: (drive-truck t2 l2-0 l2-3 c2)
25.873: (drive-truck t0 l0-4 l0-1 c0)
25.874: (drive-truck t2 l2-0 l2-3 c2)
26.064: (load-truck p23 t1 l1-3)
26.064: (load-truck p23 t1 l1-3)
26.108: (drive-truck t1 l1-3 l1-1 c1)
26.148: (load-truck p1 t1 l1-1)
26.177: (drive-truck t0 l0-4 l0-2 c0)
25.903: (drive-truck t2 l2-0 l2-3 c2)
25.903: (drive-truck t2 l2-0 l2-3 c2)
25.997: (drive-truck t2 l2-0 l2-3 c2)
26.042: (drive-truck t0 l0-1 l0-4 c0)
26.043: (drive-truck t0 l0-1 l0-4 c0)
26.134: (drive-truck t0 l0-1 l0-4 c0)
26.151: (load-truck p1 t1 l1-1)
26.177: (drive-truck t0 l0-1 l0-2 c0)
26.179: (drive-truck t0 l0-1 l0-3 c0)
26.179: (drive-truck t0 l0-1 l0-3 c0)
25.876: (drive-truck t2 l2-0 l2-3 c2)
25.876: (drive-truck t0 l0-1 l0-4 c0)
25.876: (drive-truck t0 l0-1 l0-4 c0)
25.876: (drive-truck t2 l2-0 l2-3 c2)
25.974: (drive-truck t2 l2-0 l2-3 c2)
25.975: (drive-truck t0 l0-1 l0-4 c0)
25.997: (drive-truck t2 l2-0 l2-3 c2)
26.134: (drive-truck t0 l0-1 l0-4 c0)
26.247: (drive-truck t2 l2-0 l2-1 c2)
26.248: (drive-truck t2 l2-0 l2-1 c2)
25.974: (drive-truck t2 l2-0 l2-3 c2)
25.975: (drive-truck t0 l0-1 l0-4 c0)
26.271: (drive-truck t0 l0-4 l0-1 c0)
26.271: (drive-truck t0 l0-4 l0-1 c0)
26.361: (drive-truck t2 l2-3 l2-1 c2)
26.361: (drive-truck t2 l2-0 l2-1 c2)
26.380: (drive-truck t2 l2-3 l2-1 c2)
26.392: (drive-truck t2 l2-1 l2-2 c2)
26.392: (drive-truck t2 l2-3 l2-2 c2)
26.392: (drive-truck t2 l2-1 l2-2 c2)
26.380: (drive-truck t0 l0-4 l0-1 c0)
26.463: (drive-truck t2 l2-1 l2-2 c2)
26.464: (drive-truck t2 l2-3 l2-2 c2)
26.464: (drive-truck t2 l2-1 l2-2 c2)
26.634: (drive-truck t0 l0-4 l0-2 c0)
26.640: (drive-truck t0 l0-4 l0-3 c0)
26.885: (drive-truck t0 l0-4 l0-1 c0)
26.885: (drive-truck t0 l0-4 l0-1 c0)
26.886: (drive-truck t2 l2-1 l2-2 c2)
26.886: (drive-truck t2 l2-1 l2-2 c2)
26.956: (drive-truck t0 l0-4 l0-1 c0)
26.956: (drive-truck t2 l2-1 l2-2 c2)
26.956: (drive-truck t0 l0-4 l0-1 c0)
27.035: (drive-truck t2 l2-3 l2-0 c2)
27.052: (drive-truck t2 l2-3 l2-0 c2)
27.226: (drive-truck t2 l2-2 l2-4 c2)
27.226: (drive-truck t2 l2-2 l2-4 c2)
27.282: (drive-truck t0 l0-1 l0-2 c0)
27.282: (drive-truck t2 l2-3 l2-1 c2)
27.288: (load-truck p26 t2 l2-2)
26.284: (unload-airplane p18 a2 l0-0)
26.284: (unload-airplane p18 a0 l0-0)
26.300: (unload-airplane p18 a2 l0-0)
26.635: (drive-truck t2 l2-1 l2-3 c2)
27.035: (drive-truck t2 l2-1 l2-0 c2)
27.260: (drive-truck t0 l0-1 l0-4 c0)
27.288: (drive-truck t0 l0-2 l0-3 c0)
27.288: (drive-truck t2 l2-0 l2-1 c2)
27.289: (drive-truck t0 l0-2 l0-3 c0)
27.293: (drive-truck t2 l2-2 l2-3 c2)
26.275: (drive-truck t0 l0-1 l0-4 c0)
26.275: (unload-airplane p18 a2 l0-0)
26.303: (unload-airplane p18 a2 l0-0)
26.304: (drive-truck t2 l2-2 l2-3 c2)
26.441: (drive-truck t0 l0-4 l0-1 c0)
26.460: (drive-truck t2 l2-2 l2-0 c2)
26.639: (drive-truck t0 l0-2 l0-3 c0)
26.641: (drive-truck t2 l2-1 l2-3 c2)
26.674: (drive-truck t2 l2-2 l2-1 c2)
27.008: (drive-truck t0 l0-4 l0-2 c0)
26.282: (drive-truck t2 l2-2 l2-3 c2)
26.282: (drive-truck t0 l0-1 l0-4 c0)
26.445: (drive-truck t0 l0-1 l0-4 c0)
26.445: (drive-truck t2 l2-2 l2-0 c2)
26.656: (drive-truck t2 l2-2 l2-1 c2)
26.657: (drive-truck t0 l0-1 l0-4 c0)
26.682: (unload-truck p23 t1 l1-3)
26.963: (drive-truck t0 l0-1 l0-2 c0)
26.970: (drive-truck t0 l0-1 l0-3 c0)
27.051: (drive-truck t2 l2-3 l2-0 c2)
26.387: (drive-truck t1 l1-3 l1-0 c1)
26.664: (drive-truck t1 l1-3 l1-1 c1)
26.873: (drive-truck t1 l1-3 l1-2 c1)
26.873: (drive-truck t1 l1-3 l1-4 c1)
27.212: (drive-truck t2 l2-3 l2-2 c2)
27.222: (drive-truck t2 l2-3 l2-2 c2)
27.271: (load-airplane p18 a0 l0-0)
27.271: (load-airplane p18 a2 l0-0)
27.274: (load-airplane p18 a1 l0-0)
27.281: (unload-truck p13 t1 l1-3)
26.435: (load-truck p0 t1 l1-0)
26.539: (load-truck p1 t1 l1-1)
26.862: (unload-truck p26 t2 l2-2)
27.068: (drive-truck t0 l0-1 l0-4 c0)
27.068: (drive-truck t0 l0-1 l0-4 c0)
27.123: (drive-truck t0 l0-1 l0-4 c0)
27.132: (drive-truck t2 l2-0 l2-3 c2)
27.132: (drive-truck t2 l2-0 l2-3 c2)
27.152: (unload-truck p26 t2 l2-2)
27.167: (drive-truck t2 l2-0 l2-2 c2)
26.247: (drive-truck t2 l2-0 l2-2 c2)
26.254: (drive-truck t2 l2-0 l2-3 c2)
26.392: (drive-truck t2 l2-0 l2-3 c2)
26.393: (drive-truck t2 l2-0 l2-2 c2)
26.414: (load-truck p0 t1 l1-0)
26.414: (drive-truck t0 l0-1 l0-4 c0)
26.534: (drive-truck t0 l0-1 l0-4 c0)
26.622: (drive-truck t2 l2-0 l2-1 c2)
26.773: (drive-truck t2 l2-0 l2-1 c2)
26.980: (drive-truck t0 l0-1 l0-2 c0)
26.052: (unload-truck p26 t2 l2-2)
26.215: (drive-truck t2 l2-0 l2-2 c2)
26.216: (drive-truck t0 l0-1 l0-4 c0)
26.227: (drive-truck t0 l0-1 l0-4 c0)
26.228: (drive-truck t2 l2-0 l2-3 c2)
26.376: (drive-truck t2 l2-0 l2-2 c2)
26.377: (drive-truck t0 l0-1 l0-4 c0)
26.381: (drive-truck t0 l0-1 l0-4 c0)
26.381: (drive-truck t2 l2-0 l2-3 c2)
26.532: (drive-truck t2 l2-0 l2-3 c2)
26.441: (drive-truck t0 l0-1 l0-2 c0)
26.537: (drive-truck t0 l0-2 l0-3 c0)
26.538: (drive-truck t0 l0-4 l0-3 c0)
26.600: (drive-truck t2 l2-2 l2-1 c2)
26.600: (drive-truck t2 l2-3 l2-1 c2)
26.653: (drive-truck t2 l2-2 l2-4 c2)
26.729: (drive-truck t0 l0-1 l0-3 c0)
26.765: (drive-truck t2 l2-2 l2-1 c2)
26.765: (drive-truck t2 l2-3 l2-1 c2)
26.785: (drive-truck t2 l2-3 l2-2 c2)
25.801: (drive-truck t2 l2-2 l2-1 c2)
26.509: (drive-truck t0 l0-1 l0-4 c0)
26.789: (drive-truck t0 l0-2 l0-3 c0)
26.789: (load-truck p26 t2 l2-2)
26.790: (drive-truck t2 l2-3 l2-2 c2)
26.992: (drive-truck t2 l2-3 l2-0 c2)
27.074: (drive-truck t2 l2-2 l2-4 c2)
27.075: (drive-truck t0 l0-1 l0-2 c0)
27.092: (load-truck p8 t0 l0-2)
27.172: (drive-truck t0 l0-4 l0-2 c0)
26.588: (drive-truck t2 l2-2 l2-1 c2)
26.588: (load-truck p8 t0 l0-2)
26.795: (drive-truck t0 l0-2 l0-4 c0)
26.797: (unload-truck p27 t2 l2-1)
26.808: (unload-airplane p11 a1 l0-0)
26.808: (unload-airplane p16 a1 l0-0)
26.820: (load-airplane p18 a2 l0-0)
26.820: (load-airplane p18 a0 l0-0)
26.823: (load-airplane p18 a1 l0-0)
26.870: (unload-airplane p17 a1 l0-0)
25.896: (load-airplane p11 a0 l0-0)
25.896: (load-airplane p11 a2 l0-0)
25.897: (load-airplane p16 a0 l0-0)
25.897: (load-airplane p16 a2 l0-0)
26.163: (drive-truck t2 l2-1 l2-3 c2)
26.179: (drive-truck t2 l2-1 l2-3 c2)
26.180: (drive-truck t2 l2-1 l2-3 c2)
26.181: (drive-truck t2 l2-1 l2-3 c2)
26.215: (drive-truck t0 l0-2 l0-4 c0)
26.215: (drive-truck t0 l0-2 l0-4 c0)
25.252: (drive-truck t2 l2-1 l2-3 c2)
25.252: (drive-truck t2 l2-1 l2-3 c2)
25.252: (drive-truck t2 l2-1 l2-3 c2)
25.252: (drive-truck t2 l2-1 l2-3 c2)
25.253: (load-airplane p11 a2 l0-0)
25.253: (load-airplane p11 a0 l0-0)
25.253: (load-airplane p16 a0 l0-0)
25.253: (load-airplane p16 a2 l0-0)
25.319: (drive-truck t0 l0-2 l0-4 c0)
25.319: (drive-truck t0 l0-2 l0-4 c0)
24.944: (drive-truck t0 l0-2 l0-4 c0)
24.944: (drive-truck t0 l0-2 l0-4 c0)
24.944: (drive-truck t0 l0-2 l0-4 c0)
24.945: (drive-truck t2 l2-1 l2-3 c2)
24.945: (drive-truck t2 l2-1 l2-3 c2)
24.945: (drive-truck t0 l0-2 l0-4 c0)
24.975: (drive-truck t0 l0-2 l0-1 c0)
24.975: (drive-truck t0 l0-2 l0-1 c0)
24.975: (drive-truck t0 l0-2 l0-1 c0)
24.975: (drive-truck t0 l0-2 l0-1 c0)
25.125: (drive-truck t2 l2-3 l2-0 c2)
25.125: (drive-truck t2 l2-3 l2-0 c2)
25.125: (drive-truck t2 l2-3 l2-0 c2)
25.125: (drive-truck t2 l2-3 l2-0 c2)
25.143: (drive-truck t2 l2-3 l2-0 c2)
25.143: (drive-truck t2 l2-3 l2-0 c2)
25.143: (drive-truck t2 l2-3 l2-0 c2)
25.143: (drive-truck t2 l2-3 l2-0 c2)
25.255: (drive-truck t0 l0-4 l0-3 c0)
25.255: (drive-truck t0 l0-4 l0-3 c0)
25.040: (unload-truck p0 t1 l1-0)
25.040: (unload-truck p0 t1 l1-0)
25.041: (unload-truck p0 t1 l1-0)
25.041: (unload-truck p0 t1 l1-0)
25.319: (drive-truck t2 l2-0 l2-1 c2)
25.319: (drive-truck t2 l2-0 l2-1 c2)
25.340: (drive-truck t2 l2-0 l2-1 c2)
25.340: (drive-truck t2 l2-0 l2-1 c2)
25.340: (drive-truck t2 l2-0 l2-1 c2)
25.340: (drive-truck t2 l2-0 l2-1 c2)
25.264: (drive-truck t1 l1-0 l1-1 c1)
25.265: (drive-truck t1 l1-0 l1-1 c1)
25.265: (drive-truck t1 l1-0 l1-1 c1)
25.265: (drive-truck t1 l1-0 l1-1 c1)
25.275: (drive-truck t1 l1-0 l1-3 c1)
25.275: (drive-truck t1 l1-0 l1-3 c1)
25.275: (drive-truck t1 l1-0 l1-3 c1)
25.275: (drive-truck t1 l1-0 l1-3 c1)
25.549: (drive-truck t2 l2-1 l2-2 c2)
25.549: (drive-truck t2 l2-1 l2-2 c2)
25.161: (load-truck p23 t1 l1-3)
25.162: (load-truck p23 t1 l1-3)
25.162: (load-truck p23 t1 l1-3)
25.162: (load-truck p23 t1 l1-3)
25.248: (load-truck p1 t1 l1-1)
25.249: (load-truck p1 t1 l1-1)
25.249: (load-truck p1 t1 l1-1)
25.249: (load-truck p1 t1 l1-1)
26.028: (drive-truck t1 l1-3 l1-4 c1)
26.028: (drive-truck t1 l1-3 l1-2 c1)
25.006: (drive-truck t2 l2-0 l2-3 c2)
25.006: (drive-truck t2 l2-0 l2-3 c2)
25.007: (drive-truck t2 l2-0 l2-3 c2)
25.007: (drive-truck t2 l2-0 l2-3 c2)
25.101: (drive-truck t2 l2-0 l2-3 c2)
25.101: (drive-truck t2 l2-0 l2-3 c2)
25.101: (drive-truck t2 l2-0 l2-3 c2)
25.101: (drive-truck t2 l2-0 l2-3 c2)
25.147: (drive-truck t0 l0-1 l0-4 c0)
25.147: (drive-truck t0 l0-1 l0-4 c0)
24.982: (drive-truck t0 l0-1 l0-4 c0)
24.982: (drive-truck t0 l0-1 l0-4 c0)
24.982: (drive-truck t0 l0-1 l0-4 c0)
24.982: (drive-truck t0 l0-1 l0-4 c0)
24.982: (drive-truck t2 l2-0 l2-3 c2)
24.983: (drive-truck t2 l2-0 l2-3 c2)
25.085: (drive-truck t0 l0-1 l0-4 c0)
25.085: (drive-truck t0 l0-1 l0-4 c0)
25.085: (drive-truck t0 l0-1 l0-4 c0)
25.085: (drive-truck t0 l0-1 l0-4 c0)
25.147: (drive-truck t2 l2-3 l2-0 c2)
25.148: (drive-truck t2 l2-3 l2-0 c2)
25.245: (drive-truck t2 l2-3 l2-0 c2)
25.246: (drive-truck t2 l2-3 l2-0 c2)
25.246: (drive-truck t2 l2-3 l2-0 c2)
25.246: (drive-truck t2 l2-3 l2-0 c2)
25.356: (drive-truck t2 l2-3 l2-1 c2)
25.356: (drive-truck t2 l2-3 l2-1 c2)
25.356: (drive-truck t2 l2-3 l2-1 c2)
25.356: (drive-truck t2 l2-3 l2-1 c2)
25.373: (drive-truck t0 l0-4 l0-1 c0)
25.373: (drive-truck t0 l0-4 l0-1 c0)
25.373: (drive-truck t0 l0-4 l0-1 c0)
25.374: (drive-truck t0 l0-4 l0-1 c0)
25.475: (drive-truck t2 l2-0 l2-1 c2)
25.476: (drive-truck t2 l2-0 l2-1 c2)
25.476: (drive-truck t2 l2-0 l2-1 c2)
25.476: (drive-truck t2 l2-0 l2-1 c2)
25.594: (drive-truck t2 l2-1 l2-2 c2)
25.596: (drive-truck t2 l2-1 l2-2 c2)
25.482: (drive-truck t0 l0-4 l0-1 c0)
25.482: (drive-truck t0 l0-4 l0-1 c0)
25.482: (drive-truck t0 l0-4 l0-1 c0)
25.483: (drive-truck t0 l0-4 l0-1 c0)
25.672: (drive-truck t2 l2-1 l2-2 c2)
25.672: (drive-truck t2 l2-1 l2-2 c2)
25.673: (drive-truck t2 l2-1 l2-2 c2)
25.673: (drive-truck t2 l2-1 l2-2 c2)
26.185: (drive-truck t2 l2-1 l2-2 c2)
26.185: (drive-truck t0 l0-4 l0-1 c0)
25.597: (drive-truck t0 l0-1 l0-4 c0)
26.253: (drive-truck t0 l0-4 l0-1 c0)
26.254: (drive-truck t2 l2-1 l2-2 c2)
26.254: (drive-truck t2 l2-1 l2-2 c2)
26.254: (drive-truck t2 l2-1 l2-2 c2)
26.254: (drive-truck t2 l2-1 l2-2 c2)
26.254: (drive-truck t0 l0-4 l0-1 c0)
26.254: (drive-truck t0 l0-4 l0-1 c0)
26.254: (drive-truck t0 l0-4 l0-1 c0)
26.367: (drive-truck t0 l0-1 l0-2 c0)
25.725: (drive-truck t2 l2-1 l2-3 c2)
26.116: (drive-truck t2 l2-1 l2-0 c2)
26.370: (load-truck p26 t2 l2-2)
26.373: (drive-truck t0 l0-2 l0-3 c0)
26.487: (load-truck p26 t2 l2-2)
26.488: (load-truck p26 t2 l2-2)
26.488: (load-truck p26 t2 l2-2)
26.488: (load-truck p26 t2 l2-2)
26.492: (load-airplane p18 a1 l0-0)
26.493: (load-airplane p18 a2 l0-0)
25.729: (drive-truck t2 l2-1 l2-3 c2)
25.730: (drive-truck t0 l0-2 l0-3 c0)
25.976: (drive-truck t2 l2-2 l2-3 c2)
25.977: (drive-truck t2 l2-2 l2-3 c2)
26.133: (drive-truck t0 l0-2 l0-3 c0)
26.133: (drive-truck t2 l2-1 l2-0 c2)
26.142: (drive-truck t2 l2-2 l2-0 c2)
26.144: (drive-truck t2 l2-2 l2-0 c2)
26.347: (drive-truck t2 l2-2 l2-1 c2)
26.348: (drive-truck t2 l2-2 l2-1 c2)
26.003: (drive-truck t0 l0-4 l0-1 c0)
26.003: (drive-truck t0 l0-4 l0-1 c0)
26.164: (drive-truck t0 l0-4 l0-1 c0)
26.164: (drive-truck t0 l0-4 l0-1 c0)
26.371: (drive-truck t0 l0-4 l0-1 c0)
26.372: (drive-truck t0 l0-4 l0-1 c0)
26.446: (load-truck p10 t0 l0-3)
26.593: (load-truck p10 t0 l0-3)
26.656: (unload-airplane p11 a0 l0-0)
26.681: (drive-truck t0 l0-4 l0-2 c0)
25.666: (unload-airplane p18 a1 l0-0)
25.731: (load-airplane p11 a2 l0-0)
26.009: (drive-truck t0 l0-3 l0-4 c0)
26.025: (drive-truck t0 l0-3 l0-1 c0)
26.196: (unload-truck p23 t1 l1-3)
26.196: (unload-truck p23 t1 l1-3)
26.440: (drive-truck t0 l0-3 l0-4 c0)
26.457: (drive-truck t0 l0-3 l0-1 c0)
26.588: (drive-truck t0 l0-3 l0-4 c0)
26.593: (drive-truck t0 l0-3 l0-1 c0)
25.673: (drive-truck t0 l0-2 l0-3 c0)
25.725: (drive-truck t0 l0-3 l0-2 c0)
25.951: (drive-truck t1 l1-3 l1-0 c1)
25.952: (drive-truck t1 l1-3 l1-0 c1)
26.081: (drive-truck t2 l2-3 l2-0 c2)
26.133: (drive-truck t2 l2-3 l2-0 c2)
26.172: (drive-truck t2 l2-3 l2-0 c2)
26.176: (drive-truck t2 l2-3 l2-0 c2)
26.207: (drive-truck t1 l1-3 l1-1 c1)
26.209: (drive-truck t1 l1-3 l1-1 c1)
26.099: (drive-truck t2 l2-3 l2-0 c2)
26.099: (drive-truck t0 l0-2 l0-3 c0)
26.116: (drive-truck t2 l2-3 l2-0 c2)
26.117: (drive-truck t0 l0-3 l0-2 c0)
26.147: (load-truck p0 t1 l1-0)
26.148: (load-truck p0 t1 l1-0)
26.196: (unload-truck p1 t1 l1-1)
26.249: (load-truck p1 t1 l1-1)
26.250: (load-truck p1 t1 l1-1)
26.300: (drive-truck t2 l2-0 l2-1 c2)
25.967: (drive-truck t1 l1-1 l1-0 c1)
25.973: (drive-truck t2 l2-0 l2-3 c2)
25.974: (drive-truck t2 l2-0 l2-3 c2)
26.096: (drive-truck t2 l2-0 l2-3 c2)
26.097: (drive-truck t2 l2-0 l2-3 c2)
26.124: (drive-truck t0 l0-1 l0-4 c0)
26.125: (drive-truck t0 l0-1 l0-4 c0)
26.205: (drive-truck t1 l1-1 l1-3 c1)
26.234: (drive-truck t0 l0-1 l0-4 c0)
26.234: (drive-truck t0 l0-1 l0-4 c0)
25.942: (drive-truck t0 l0-1 l0-4 c0)
25.942: (drive-truck t2 l2-0 l2-3 c2)
25.943: (drive-truck t0 l0-1 l0-4 c0)
25.944: (drive-truck t2 l2-0 l2-3 c2)
26.066: (load-truck p0 t1 l1-0)
26.074: (drive-truck t0 l0-1 l0-4 c0)
26.074: (drive-truck t0 l0-1 l0-4 c0)
26.076: (drive-truck t2 l2-0 l2-3 c2)
26.077: (drive-truck t2 l2-0 l2-3 c2)
26.088: (load-truck p23 t1 l1-3)
25.898: (drive-truck t2 l2-0 l2-3 c2)
25.931: (drive-truck t2 l2-0 l2-3 c2)
26.049: (drive-truck t0 l0-1 l0-4 c0)
26.073: (drive-truck t0 l0-1 l0-4 c0)
26.248: (drive-truck t2 l2-0 l2-1 c2)
26.277: (drive-truck t0 l0-4 l0-2 c0)
26.278: (drive-truck t0 l0-4 l0-2 c0)
26.280: (drive-truck t0 l0-4 l0-3 c0)
26.281: (drive-truck t0 l0-4 l0-3 c0)
26.281: (drive-truck t2 l2-0 l2-1 c2)
25.256: (unload-airplane p18 a2 l0-0)
25.257: (unload-airplane p18 a1 l0-0)
25.867: (drive-truck t0 l0-1 l0-4 c0)
25.868: (drive-truck t2 l2-0 l2-3 c2)
25.906: (drive-truck t0 l0-1 l0-4 c0)
25.907: (drive-truck t2 l2-0 l2-3 c2)
26.183: (drive-truck t0 l0-1 l0-3 c0)
26.226: (drive-truck t0 l0-1 l0-4 c0)
26.226: (drive-truck t2 l2-0 l2-1 c2)
26.264: (drive-truck t0 l0-1 l0-4 c0)
25.255: (load-airplane p11 a2 l0-0)
25.699: (drive-truck t2 l2-3 l2-0 c2)
25.897: (drive-truck t2 l2-3 l2-1 c2)
26.183: (unload-airplane p16 a2 l0-0)
26.276: (unload-airplane p11 a1 l0-0)
26.276: (load-airplane p18 a0 l0-0)
26.306: (load-truck p10 t0 l0-3)
26.325: (unload-airplane p17 a1 l0-0)
26.473: (drive-truck t2 l2-1 l2-2 c2)
26.473: (drive-truck t2 l2-3 l2-2 c2)
25.255: (load-airplane p11 a2 l0-0)
25.257: (load-airplane p17 a2 l0-0)
25.343: (load-airplane p11 a0 l0-0)
25.344: (load-airplane p17 a0 l0-0)
25.551: (load-airplane p11 a2 l0-0)
25.551: (load-airplane p11 a0 l0-0)
25.687: (drive-truck t0 l0-3 l0-2 c0)
25.699: (drive-truck t2 l2-3 l2-0 c2)
25.868: (drive-truck t0 l0-3 l0-4 c0)
25.897: (drive-truck t2 l2-3 l2-1 c2)
24.944: (drive-truck t0 l0-3 l0-4 c0)
24.944: (drive-truck t0 l0-3 l0-4 c0)
24.975: (drive-truck t0 l0-3 l0-1 c0)
24.975: (drive-truck t0 l0-3 l0-1 c0)
25.038: (drive-truck t0 l0-3 l0-4 c0)
25.038: (drive-truck t0 l0-3 l0-4 c0)
25.068: (drive-truck t0 l0-3 l0-1 c0)
25.068: (drive-truck t0 l0-3 l0-1 c0)
25.252: (drive-truck t0 l0-3 l0-2 c0)
25.253: (drive-truck t0 l0-3 l0-2 c0)
25.125: (drive-truck t2 l2-3 l2-0 c2)
25.125: (drive-truck t2 l2-3 l2-0 c2)
25.143: (drive-truck t2 l2-3 l2-0 c2)
25.143: (drive-truck t2 l2-3 l2-0 c2)
25.217: (drive-truck t2 l2-3 l2-0 c2)
25.217: (drive-truck t2 l2-3 l2-0 c2)
25.234: (drive-truck t2 l2-3 l2-0 c2)
25.234: (drive-truck t2 l2-3 l2-0 c2)
25.319: (drive-truck t2 l2-3 l2-1 c2)
25.319: (drive-truck t2 l2-3 l2-1 c2)
25.040: (unload-truck p0 t1 l1-0)
25.040: (unload-truck p0 t1 l1-0)
25.132: (unload-truck p0 t1 l1-0)
25.134: (unload-truck p0 t1 l1-0)
25.338: (drive-truck t0 l0-4 l0-1 c0)
25.339: (drive-truck t0 l0-4 l0-1 c0)
25.340: (drive-truck t2 l2-0 l2-1 c2)
25.341: (drive-truck t2 l2-0 l2-1 c2)
25.411: (drive-truck t2 l2-0 l2-1 c2)
25.411: (drive-truck t2 l2-0 l2-1 c2)
25.264: (drive-truck t1 l1-0 l1-1 c1)
25.265: (drive-truck t1 l1-0 l1-1 c1)
25.274: (drive-truck t1 l1-0 l1-3 c1)
25.275: (drive-truck t1 l1-0 l1-3 c1)
25.358: (drive-truck t1 l1-0 l1-1 c1)
25.358: (drive-truck t1 l1-0 l1-1 c1)
25.368: (drive-truck t1 l1-0 l1-3 c1)
25.368: (drive-truck t1 l1-0 l1-3 c1)
25.431: (drive-truck t0 l0-4 l0-1 c0)
25.432: (drive-truck t0 l0-4 l0-1 c0)
25.162: (load-truck p23 t1 l1-3)
25.162: (load-truck p23 t1 l1-3)
25.249: (load-truck p1 t1 l1-1)
25.249: (load-truck p1 t1 l1-1)
25.253: (load-truck p23 t1 l1-3)
25.253: (load-truck p23 t1 l1-3)
25.340: (load-truck p1 t1 l1-1)
25.340: (load-truck p1 t1 l1-1)
25.977: (drive-truck t0 l0-1 l0-2 c0)
25.979: (drive-truck t0 l0-1 l0-3 c0)
25.006: (drive-truck t2 l2-0 l2-3 c2)
25.006: (drive-truck t2 l2-0 l2-3 c2)
25.099: (drive-truck t2 l2-0 l2-3 c2)
25.100: (drive-truck t2 l2-0 l2-3 c2)
25.101: (drive-truck t2 l2-0 l2-3 c2)
25.101: (drive-truck t2 l2-0 l2-3 c2)
25.147: (drive-truck t0 l0-1 l0-4 c0)
25.147: (drive-truck t0 l0-1 l0-4 c0)
25.193: (drive-truck t2 l2-0 l2-3 c2)
25.193: (drive-truck t2 l2-0 l2-3 c2)
24.981: (drive-truck t2 l2-0 l2-3 c2)
24.982: (drive-truck t2 l2-0 l2-3 c2)
24.982: (drive-truck t0 l0-1 l0-4 c0)
24.982: (drive-truck t0 l0-1 l0-4 c0)
25.074: (drive-truck t0 l0-1 l0-4 c0)
25.074: (drive-truck t0 l0-1 l0-4 c0)
25.085: (drive-truck t0 l0-1 l0-4 c0)
25.085: (drive-truck t0 l0-1 l0-4 c0)
25.178: (drive-truck t0 l0-1 l0-4 c0)
25.179: (drive-truck t0 l0-1 l0-4 c0)
25.240: (drive-truck t2 l2-3 l2-0 c2)
25.240: (drive-truck t2 l2-3 l2-0 c2)
25.246: (drive-truck t2 l2-3 l2-0 c2)
25.246: (drive-truck t2 l2-3 l2-0 c2)
25.337: (drive-truck t2 l2-3 l2-0 c2)
25.338: (drive-truck t2 l2-3 l2-0 c2)
25.356: (drive-truck t2 l2-3 l2-1 c2)
25.356: (drive-truck t2 l2-3 l2-1 c2)
25.447: (drive-truck t2 l2-3 l2-1 c2)
25.447: (drive-truck t2 l2-3 l2-1 c2)
25.373: (drive-truck t0 l0-4 l0-1 c0)
25.373: (drive-truck t0 l0-4 l0-1 c0)
25.466: (drive-truck t0 l0-4 l0-1 c0)
25.466: (drive-truck t0 l0-4 l0-1 c0)
25.476: (drive-truck t2 l2-0 l2-1 c2)
25.476: (drive-truck t2 l2-0 l2-1 c2)
25.566: (drive-truck t2 l2-0 l2-1 c2)
25.567: (drive-truck t2 l2-0 l2-1 c2)
25.596: (drive-truck t2 l2-1 l2-2 c2)
25.596: (drive-truck t2 l2-1 l2-2 c2)
25.482: (drive-truck t0 l0-4 l0-1 c0)
25.482: (drive-truck t0 l0-4 l0-1 c0)
25.572: (drive-truck t0 l0-4 l0-1 c0)
25.573: (drive-truck t0 l0-4 l0-1 c0)
25.672: (drive-truck t2 l2-1 l2-2 c2)
25.673: (drive-truck t2 l2-1 l2-2 c2)
25.764: (drive-truck t2 l2-1 l2-2 c2)
25.765: (drive-truck t2 l2-1 l2-2 c2)
26.185: (drive-truck t2 l2-1 l2-2 c2)
26.185: (drive-truck t0 l0-4 l0-1 c0)
26.253: (drive-truck t0 l0-4 l0-1 c0)
26.254: (drive-truck t2 l2-1 l2-2 c2)
26.254: (drive-truck t2 l2-1 l2-2 c2)
26.254: (drive-truck t0 l0-4 l0-1 c0)
26.343: (drive-truck t0 l0-4 l0-1 c0)
26.343: (drive-truck t0 l0-4 l0-1 c0)
26.345: (drive-truck t2 l2-1 l2-2 c2)
26.345: (drive-truck t2 l2-1 l2-2 c2)
26.367: (drive-truck t0 l0-1 l0-2 c0)
26.367: (drive-truck t0 l0-1 l0-2 c0)
25.725: (drive-truck t2 l2-1 l2-3 c2)
25.726: (drive-truck t2 l2-1 l2-3 c2)
26.116: (drive-truck t2 l2-1 l2-0 c2)
26.116: (drive-truck t2 l2-1 l2-0 c2)
26.373: (drive-truck t0 l0-2 l0-3 c0)
26.373: (drive-truck t0 l0-2 l0-3 c0)
26.488: (load-truck p26 t2 l2-2)
26.488: (load-truck p26 t2 l2-2)
26.535: (drive-truck t2 l2-2 l2-4 c2)
26.535: (drive-truck t2 l2-2 l2-4 c2)
25.729: (drive-truck t2 l2-1 l2-3 c2)
25.729: (drive-truck t2 l2-1 l2-3 c2)
25.730: (drive-truck t0 l0-2 l0-3 c0)
25.730: (drive-truck t0 l0-2 l0-3 c0)
26.132: (drive-truck t2 l2-1 l2-0 c2)
26.133: (drive-truck t0 l0-2 l0-3 c0)
26.133: (drive-truck t2 l2-1 l2-0 c2)
26.134: (drive-truck t0 l0-2 l0-3 c0)
26.380: (drive-truck t0 l0-1 l0-4 c0)
26.381: (drive-truck t0 l0-1 l0-4 c0)
26.446: (load-truck p10 t0 l0-3)
26.446: (load-truck p10 t0 l0-3)
26.593: (load-truck p10 t0 l0-3)
26.593: (load-truck p10 t0 l0-3)
26.656: (unload-airplane p11 a1 l0-0)
26.711: (unload-airplane p17 a1 l0-0)
26.734: (load-airplane p18 a0 l0-0)
26.735: (load-airplane p18 a0 l0-0)
26.740: (load-airplane p18 a2 l0-0)
26.740: (load-airplane p18 a2 l0-0)
25.634: (load-airplane p17 a2 l0-0)
25.635: (load-airplane p11 a2 l0-0)
25.729: (load-airplane p11 a0 l0-0)
26.009: (drive-truck t0 l0-3 l0-4 c0)
26.025: (drive-truck t0 l0-3 l0-1 c0)
26.056: (drive-truck t0 l0-3 l0-4 c0)
26.072: (drive-truck t0 l0-3 l0-4 c0)
26.072: (drive-truck t0 l0-3 l0-4 c0)
26.072: (drive-truck t0 l0-3 l0-1 c0)
26.075: (drive-truck t0 l0-3 l0-4 c0)
24.990: (load-airplane p17 a2 l0-0)
24.991: (load-airplane p11 a2 l0-0)
24.991: (drive-truck t0 l0-3 l0-4 c0)
25.007: (drive-truck t0 l0-3 l0-1 c0)
25.007: (load-airplane p11 a2 l0-0)
25.007: (load-airplane p17 a2 l0-0)
25.086: (drive-truck t0 l0-3 l0-4 c0)
25.086: (load-airplane p11 a0 l0-0)
25.101: (load-airplane p11 a0 l0-0)
25.101: (drive-truck t0 l0-3 l0-1 c0)
25.151: (drive-truck t2 l2-3 l2-0 c2)
25.154: (drive-truck t2 l2-3 l2-0 c2)
25.246: (drive-truck t2 l2-3 l2-0 c2)
25.248: (drive-truck t2 l2-3 l2-0 c2)
25.382: (drive-truck t2 l2-3 l2-1 c2)
25.388: (drive-truck t2 l2-3 l2-1 c2)
25.476: (drive-truck t2 l2-3 l2-1 c2)
25.482: (drive-truck t2 l2-3 l2-1 c2)
25.578: (drive-truck t2 l2-3 l2-2 c2)
25.630: (drive-truck t0 l0-1 l0-2 c0)
25.170: (unload-truck p1 t1 l1-1)
25.266: (unload-truck p1 t1 l1-1)
25.672: (drive-truck t2 l2-0 l2-2 c2)
25.672: (drive-truck t2 l2-1 l2-2 c2)
26.021: (drive-truck t0 l0-1 l0-2 c0)
26.021: (drive-truck t0 l0-4 l0-2 c0)
26.022: (drive-truck t2 l2-3 l2-0 c2)
26.038: (drive-truck t0 l0-1 l0-3 c0)
26.038: (drive-truck t0 l0-4 l0-3 c0)
26.116: (drive-truck t0 l0-4 l0-2 c0)
24.945: (drive-truck t1 l1-1 l1-0 c1)
25.040: (drive-truck t1 l1-1 l1-0 c1)
25.180: (drive-truck t1 l1-1 l1-3 c1)
25.275: (drive-truck t1 l1-1 l1-3 c1)
25.725: (drive-truck t2 l2-0 l2-3 c2)
25.933: (drive-truck t1 l1-1 l1-2 c1)
25.933: (drive-truck t1 l1-1 l1-4 c1)
26.028: (drive-truck t1 l1-1 l1-2 c1)
26.028: (drive-truck t1 l1-1 l1-4 c1)
26.108: (load-airplane p18 a0 l0-0)
25.048: (load-truck p0 t1 l1-0)
25.067: (load-truck p23 t1 l1-3)
25.144: (load-truck p0 t1 l1-0)
25.162: (load-truck p23 t1 l1-3)
25.681: (drive-truck t0 l0-1 l0-4 c0)
25.776: (drive-truck t0 l0-1 l0-4 c0)
25.851: (load-airplane p18 a1 l0-0)
25.851: (load-airplane p18 a0 l0-0)
25.853: (drive-truck t1 l1-1 l1-0 c1)
25.854: (load-airplane p18 a2 l0-0)
24.880: (drive-truck t2 l2-0 l2-3 c2)
24.912: (drive-truck t2 l2-0 l2-3 c2)
24.975: (drive-truck t2 l2-0 l2-3 c2)
25.007: (drive-truck t2 l2-0 l2-3 c2)
25.030: (load-truck p0 t1 l1-0)
25.030: (drive-truck t0 l0-1 l0-4 c0)
25.053: (drive-truck t0 l0-1 l0-4 c0)
25.125: (load-truck p0 t1 l1-0)
25.125: (drive-truck t0 l0-1 l0-4 c0)
25.148: (drive-truck t0 l0-1 l0-4 c0)
24.850: (drive-truck t0 l0-1 l0-4 c0)
24.850: (drive-truck t2 l2-0 l2-3 c2)
24.887: (drive-truck t0 l0-1 l0-4 c0)
24.887: (drive-truck t2 l2-0 l2-3 c2)
24.944: (drive-truck t0 l0-1 l0-4 c0)
24.944: (drive-truck t2 l2-0 l2-3 c2)
24.982: (drive-truck t2 l2-0 l2-3 c2)
24.982: (drive-truck t0 l0-1 l0-4 c0)
25.158: (drive-truck t0 l0-1 l0-2 c0)
25.161: (drive-truck t0 l0-1 l0-3 c0)
25.225: (drive-truck t2 l2-3 l2-1 c2)
25.252: (drive-truck t0 l0-4 l0-2 c0)
25.255: (drive-truck t0 l0-4 l0-3 c0)
25.261: (drive-truck t2 l2-3 l2-1 c2)
25.319: (drive-truck t2 l2-3 l2-1 c2)
25.356: (drive-truck t2 l2-3 l2-1 c2)
25.455: (drive-truck t2 l2-3 l2-2 c2)
25.503: (drive-truck t2 l2-3 l2-2 c2)
25.549: (drive-truck t2 l2-3 l2-2 c2)
25.572: (drive-truck t0 l0-4 l0-2 c0)
25.246: (drive-truck t0 l0-4 l0-1 c0)
25.279: (drive-truck t0 l0-4 l0-1 c0)
25.340: (drive-truck t0 l0-4 l0-1 c0)
25.373: (drive-truck t0 l0-4 l0-1 c0)
25.577: (drive-truck t0 l0-2 l0-3 c0)
25.595: (drive-truck t2 l2-1 l2-2 c2)
25.687: (drive-truck t2 l2-3 l2-0 c2)
25.699: (drive-truck t2 l2-3 l2-0 c2)
25.801: (drive-truck t0 l0-4 l0-2 c0)
25.802: (drive-truck t0 l0-4 l0-3 c0)
25.595: (drive-truck t2 l2-1 l2-0 c2)
25.603: (drive-truck t2 l2-1 l2-0 c2)
25.895: (drive-truck t0 l0-1 l0-2 c0)
25.896: (drive-truck t2 l2-0 l2-1 c2)
25.897: (drive-truck t0 l0-1 l0-3 c0)
25.897: (drive-truck t2 l2-0 l2-1 c2)
26.004: (drive-truck t2 l2-3 l2-0 c2)
26.052: (drive-truck t2 l2-1 l2-2 c2)
26.091: (drive-truck t2 l2-1 l2-2 c2)
26.147: (drive-truck t2 l2-1 l2-2 c2)
25.988: (drive-truck t0 l0-3 l0-2 c0)
26.212: (drive-truck t2 l2-0 l2-1 c2)
26.247: (load-truck p26 t2 l2-2)
26.292: (unload-truck p0 t1 l1-0)
26.301: (load-truck p26 t2 l2-2)
26.341: (load-truck p26 t2 l2-2)
26.378: (load-truck p10 t0 l0-3)
26.380: (load-truck p8 t0 l0-2)
26.415: (load-truck p10 t0 l0-3)
26.440: (drive-truck t0 l0-1 l0-2 c0)
26.206: (drive-truck t0 l0-3 l0-2 c0)
26.206: (drive-truck t2 l2-0 l2-1 c2)
26.212: (drive-truck t2 l2-0 l2-3 c2)
26.212: (drive-truck t2 l2-0 l2-3 c2)
26.216: (drive-truck t0 l0-1 l0-4 c0)
26.254: (drive-truck t2 l2-2 l2-3 c2)
26.259: (drive-truck t2 l2-0 l2-3 c2)
26.275: (drive-truck t0 l0-1 l0-4 c0)
26.304: (drive-truck t2 l2-2 l2-3 c2)
26.310: (drive-truck t0 l0-1 l0-4 c0)
26.189: (drive-truck t0 l0-3 l0-4 c0)
26.212: (drive-truck t0 l0-2 l0-4 c0)
26.220: (drive-truck t0 l0-3 l0-1 c0)
26.228: (drive-truck t0 l0-1 l0-4 c0)
26.228: (drive-truck t2 l2-2 l2-3 c2)
26.239: (drive-truck t0 l0-2 l0-1 c0)
26.247: (drive-truck t0 l0-3 l0-4 c0)
26.273: (drive-truck t0 l0-3 l0-1 c0)
26.282: (drive-truck t2 l2-2 l2-3 c2)
26.282: (drive-truck t0 l0-1 l0-4 c0)
26.365: (drive-truck t2 l2-3 l2-0 c2)
26.372: (drive-truck t2 l2-3 l2-0 c2)
26.383: (drive-truck t2 l2-3 l2-0 c2)
26.393: (drive-truck t2 l2-3 l2-0 c2)
26.400: (drive-truck t2 l2-3 l2-0 c2)
26.414: (drive-truck t2 l2-3 l2-0 c2)
26.417: (drive-truck t2 l2-3 l2-0 c2)
26.445: (drive-truck t2 l2-3 l2-0 c2)
26.532: (drive-truck t0 l0-4 l0-2 c0)
26.538: (drive-truck t0 l0-4 l0-3 c0)
26.280: (unload-truck p0 t1 l1-0)
26.344: (unload-truck p0 t1 l1-0)
26.435: (drive-truck t0 l0-4 l0-1 c0)
26.461: (drive-truck t0 l0-4 l0-1 c0)
26.560: (drive-truck t2 l2-0 l2-1 c2)
26.580: (drive-truck t2 l2-0 l2-1 c2)
26.581: (drive-truck t2 l2-0 l2-1 c2)
26.600: (drive-truck t2 l2-0 l2-1 c2)
26.602: (drive-truck t2 l2-0 l2-1 c2)
26.612: (drive-truck t2 l2-0 l2-1 c2)
26.387: (unload-truck p0 t1 l1-0)
26.504: (drive-truck t1 l1-0 l1-1 c1)
26.515: (drive-truck t1 l1-0 l1-3 c1)
26.578: (drive-truck t0 l0-4 l0-3 c0)
26.578: (drive-truck t0 l0-1 l0-3 c0)
26.588: (drive-truck t0 l0-4 l0-2 c0)
26.588: (drive-truck t0 l0-1 l0-2 c0)
26.622: (drive-truck t0 l0-4 l0-1 c0)
26.622: (drive-truck t2 l2-0 l2-1 c2)
26.629: (drive-truck t0 l0-4 l0-3 c0)
26.412: (load-truck p23 t1 l1-3)
26.499: (load-truck p1 t1 l1-1)
26.629: (drive-truck t0 l0-3 l0-1 c0)
26.664: (drive-truck t1 l1-0 l1-1 c1)
26.682: (drive-truck t1 l1-0 l1-3 c1)
26.873: (drive-truck t1 l1-0 l1-2 c1)
26.873: (drive-truck t1 l1-0 l1-4 c1)
27.092: (drive-truck t2 l2-1 l2-2 c2)
27.123: (drive-truck t0 l0-1 l0-4 c0)
27.173: (drive-truck t0 l0-1 l0-2 c0)
26.276: (drive-truck t2 l2-0 l2-3 c2)
26.372: (drive-truck t2 l2-0 l2-3 c2)
26.394: (drive-truck t0 l0-1 l0-4 c0)
26.404: (drive-truck t0 l0-1 l0-2 c0)
26.493: (drive-truck t0 l0-1 l0-4 c0)
26.502: (drive-truck t0 l0-1 l0-2 c0)
26.539: (load-truck p1 t1 l1-1)
26.636: (drive-truck t2 l2-0 l2-1 c2)
26.745: (drive-truck t2 l2-0 l2-1 c2)
26.786: (drive-truck t2 l2-1 l2-2 c2)
26.249: (drive-truck t2 l2-0 l2-3 c2)
26.249: (drive-truck t0 l0-1 l0-2 c0)
26.252: (drive-truck t2 l2-0 l2-3 c2)
26.252: (drive-truck t0 l0-1 l0-4 c0)
26.355: (drive-truck t0 l0-1 l0-2 c0)
26.355: (drive-truck t2 l2-0 l2-3 c2)
26.359: (drive-truck t2 l2-0 l2-3 c2)
26.360: (drive-truck t0 l0-1 l0-4 c0)
26.391: (drive-truck t2 l2-0 l2-3 c2)
26.393: (drive-truck t2 l2-0 l2-2 c2)
26.160: (unload-truck p26 t2 l2-2)
26.376: (drive-truck t0 l0-1 l0-4 c0)
26.381: (drive-truck t0 l0-1 l0-4 c0)
26.618: (drive-truck t2 l2-3 l2-1 c2)
26.626: (drive-truck t2 l2-3 l2-1 c2)
26.738: (drive-truck t2 l2-3 l2-1 c2)
26.745: (drive-truck t2 l2-3 l2-1 c2)
26.773: (drive-truck t2 l2-2 l2-1 c2)
26.773: (drive-truck t2 l2-3 l2-1 c2)
26.841: (drive-truck t2 l2-3 l2-2 c2)
26.273: (unload-truck p8 t0 l0-2)
26.441: (drive-truck t2 l2-2 l2-4 c2)
26.534: (drive-truck t2 l2-2 l2-0 c2)
26.534: (drive-truck t2 l2-3 l2-0 c2)
26.749: (drive-truck t0 l0-1 l0-2 c0)
26.764: (drive-truck t0 l0-1 l0-4 c0)
26.765: (drive-truck t2 l2-3 l2-1 c2)
26.765: (drive-truck t2 l2-2 l2-1 c2)
26.919: (drive-truck t2 l2-1 l2-2 c2)
26.956: (load-airplane p18 a1 l0-0)
25.997: (drive-truck t2 l2-2 l2-3 c2)
26.150: (drive-truck t2 l2-2 l2-0 c2)
26.278: (drive-truck t0 l0-2 l0-3 c0)
26.285: (drive-truck t0 l0-1 l0-4 c0)
26.380: (drive-truck t2 l2-2 l2-1 c2)
26.465: (drive-truck t0 l0-1 l0-4 c0)
27.007: (drive-truck t0 l0-1 l0-2 c0)
27.008: (drive-truck t2 l2-2 l2-4 c2)
27.008: (drive-truck t2 l2-1 l2-4 c2)
27.040: (drive-truck t0 l0-2 l0-3 c0)
25.974: (drive-truck t2 l2-2 l2-3 c2)
25.975: (drive-truck t0 l0-1 l0-4 c0)
26.108: (unload-truck p1 t1 l1-1)
26.134: (drive-truck t2 l2-2 l2-0 c2)
26.134: (drive-truck t0 l0-1 l0-4 c0)
26.361: (drive-truck t2 l2-2 l2-1 c2)
26.361: (drive-truck t0 l0-1 l0-4 c0)
26.634: (drive-truck t0 l0-1 l0-2 c0)
26.640: (drive-truck t0 l0-1 l0-3 c0)
26.733: (load-truck p10 t0 l0-3)
26.096: (drive-truck t1 l1-1 l1-3 c1)
26.351: (drive-truck t2 l2-1 l2-3 c2)
26.499: (drive-truck t2 l2-1 l2-0 c2)
26.727: (drive-truck t0 l0-3 l0-4 c0)
26.732: (drive-truck t0 l0-3 l0-1 c0)
26.878: (drive-truck t1 l1-1 l1-2 c1)
26.878: (drive-truck t1 l1-1 l1-4 c1)
26.995: (unload-airplane p16 a2 l0-0)
26.995: (unload-airplane p11 a2 l0-0)
27.035: (drive-truck t0 l0-4 l0-2 c0)
26.009: (unload-airplane p18 a1 l0-0)
26.065: (load-truck p23 t1 l1-3)
26.073: (load-airplane p16 a0 l0-0)
26.073: (load-airplane p11 a0 l0-0)
26.075: (load-airplane p16 a1 l0-0)
26.077: (load-airplane p11 a1 l0-0)
26.346: (drive-truck t2 l2-1 l2-3 c2)
26.346: (drive-truck t0 l0-3 l0-4 c0)
26.363: (drive-truck t0 l0-3 l0-1 c0)
26.363: (drive-truck t2 l2-1 l2-3 c2)
25.085: (unload-airplane p18 a1 l0-0)
25.086: (load-airplane p16 a1 l0-0)
25.086: (load-airplane p16 a0 l0-0)
25.086: (unload-airplane p18 a1 l0-0)
25.903: (drive-truck t2 l2-0 l2-3 c2)
26.025: (drive-truck t0 l0-4 l0-1 c0)
26.043: (drive-truck t0 l0-1 l0-4 c0)
26.094: (drive-truck t0 l0-4 l0-1 c0)
26.094: (drive-truck t0 l0-4 l0-1 c0)
26.097: (drive-truck t0 l0-4 l0-1 c0)
25.101: (load-airplane p16 a1 l0-0)
25.101: (load-airplane p16 a0 l0-0)
25.101: (unload-airplane p18 a1 l0-0)
25.101: (drive-truck t0 l0-4 l0-1 c0)
25.101: (drive-truck t0 l0-4 l0-1 c0)
25.246: (drive-truck t2 l2-3 l2-0 c2)
25.246: (drive-truck t2 l2-3 l2-0 c2)
25.476: (drive-truck t2 l2-3 l2-1 c2)
25.476: (drive-truck t2 l2-3 l2-1 c2)
25.672: (drive-truck t2 l2-3 l2-2 c2)
25.248: (drive-truck t0 l0-4 l0-1 c0)
25.248: (drive-truck t0 l0-4 l0-1 c0)
25.249: (drive-truck t2 l2-3 l2-0 c2)
25.249: (drive-truck t2 l2-3 l2-0 c2)
25.482: (drive-truck t0 l0-4 l0-1 c0)
25.482: (drive-truck t0 l0-4 l0-1 c0)
25.482: (drive-truck t2 l2-3 l2-1 c2)
25.482: (drive-truck t2 l2-3 l2-1 c2)
25.672: (drive-truck t2 l2-0 l2-2 c2)
25.672: (drive-truck t2 l2-1 l2-2 c2)
25.265: (unload-truck p1 t1 l1-1)
25.265: (unload-truck p1 t1 l1-1)
26.116: (drive-truck t0 l0-1 l0-2 c0)
26.116: (drive-truck t0 l0-1 l0-2 c0)
26.133: (drive-truck t0 l0-1 l0-3 c0)
26.133: (drive-truck t0 l0-1 l0-3 c0)
26.175: (unload-airplane p16 a0 l0-0)
26.175: (unload-airplane p16 a1 l0-0)
26.246: (load-airplane p18 a0 l0-0)
26.246: (load-airplane p18 a1 l0-0)
25.040: (drive-truck t1 l1-1 l1-0 c1)
25.040: (drive-truck t1 l1-1 l1-0 c1)
25.275: (drive-truck t1 l1-1 l1-3 c1)
25.275: (drive-truck t1 l1-1 l1-3 c1)
25.725: (drive-truck t2 l2-0 l2-3 c2)
25.725: (drive-truck t2 l2-0 l2-3 c2)
25.729: (drive-truck t2 l2-0 l2-3 c2)
25.729: (drive-truck t2 l2-0 l2-3 c2)
26.028: (drive-truck t1 l1-1 l1-4 c1)
26.028: (drive-truck t1 l1-1 l1-2 c1)
25.143: (load-truck p0 t1 l1-0)
25.144: (load-truck p0 t1 l1-0)
25.162: (load-truck p23 t1 l1-3)
25.162: (load-truck p23 t1 l1-3)
25.776: (drive-truck t0 l0-1 l0-4 c0)
25.776: (drive-truck t0 l0-1 l0-4 c0)
25.951: (load-airplane p18 a2 l0-0)
25.951: (load-airplane p18 a2 l0-0)
25.952: (load-airplane p18 a1 l0-0)
25.952: (load-airplane p18 a0 l0-0)
24.975: (drive-truck t2 l2-0 l2-3 c2)
24.975: (drive-truck t2 l2-0 l2-3 c2)
25.007: (drive-truck t2 l2-0 l2-3 c2)
25.007: (drive-truck t2 l2-0 l2-3 c2)
25.125: (drive-truck t0 l0-1 l0-4 c0)
25.125: (load-truck p0 t1 l1-0)
25.125: (drive-truck t0 l0-1 l0-4 c0)
25.125: (load-truck p0 t1 l1-0)
25.148: (drive-truck t0 l0-1 l0-4 c0)
25.148: (drive-truck t0 l0-1 l0-4 c0)
24.944: (drive-truck t0 l0-1 l0-4 c0)
24.944: (drive-truck t0 l0-1 l0-4 c0)
24.945: (drive-truck t2 l2-0 l2-3 c2)
24.945: (drive-truck t2 l2-0 l2-3 c2)
24.982: (drive-truck t2 l2-0 l2-3 c2)
24.982: (drive-truck t0 l0-1 l0-4 c0)
24.982: (drive-truck t2 l2-0 l2-3 c2)
24.982: (drive-truck t0 l0-1 l0-4 c0)
25.252: (drive-truck t0 l0-1 l0-2 c0)
25.252: (drive-truck t0 l0-1 l0-2 c0)
25.255: (drive-truck t0 l0-2 l0-3 c0)
25.255: (drive-truck t0 l0-2 l0-3 c0)
25.256: (drive-truck t0 l0-4 l0-3 c0)
25.256: (drive-truck t0 l0-4 l0-3 c0)
25.319: (drive-truck t2 l2-3 l2-1 c2)
25.319: (drive-truck t2 l2-3 l2-1 c2)
25.356: (drive-truck t2 l2-3 l2-1 c2)
25.356: (drive-truck t2 l2-3 l2-1 c2)
25.549: (drive-truck t2 l2-3 l2-2 c2)
25.549: (drive-truck t2 l2-3 l2-2 c2)
25.341: (drive-truck t0 l0-4 l0-1 c0)
25.341: (drive-truck t0 l0-4 l0-1 c0)
25.373: (drive-truck t0 l0-4 l0-1 c0)
25.373: (drive-truck t0 l0-4 l0-1 c0)
25.595: (drive-truck t2 l2-1 l2-2 c2)
25.595: (drive-truck t2 l2-1 l2-2 c2)
25.699: (drive-truck t2 l2-3 l2-0 c2)
25.699: (drive-truck t2 l2-3 l2-0 c2)
25.895: (drive-truck t0 l0-4 l0-2 c0)
25.895: (drive-truck t0 l0-4 l0-2 c0)
25.687: (drive-truck t0 l0-3 l0-2 c0)
25.687: (drive-truck t0 l0-3 l0-2 c0)
25.690: (drive-truck t2 l2-1 l2-0 c2)
25.690: (drive-truck t2 l2-1 l2-0 c2)
25.895: (drive-truck t0 l0-2 l0-3 c0)
25.895: (drive-truck t0 l0-2 l0-3 c0)
25.897: (drive-truck t0 l0-1 l0-3 c0)
25.897: (drive-truck t0 l0-1 l0-3 c0)
25.897: (drive-truck t2 l2-0 l2-1 c2)
25.897: (drive-truck t2 l2-0 l2-1 c2)
26.475: (load-truck p8 t0 l0-2)
26.475: (load-truck p8 t0 l0-2)
26.535: (drive-truck t2 l2-0 l2-2 c2)
26.535: (drive-truck t2 l2-0 l2-2 c2)
26.604: (unload-truck p0 t1 l1-0)
26.604: (unload-truck p0 t1 l1-0)
26.613: (unload-airplane p16 a0 l0-0)
26.613: (unload-airplane p16 a1 l0-0)
26.672: (load-truck p10 t0 l0-3)
26.672: (load-truck p10 t0 l0-3)
26.048: (drive-truck t0 l0-2 l0-4 c0)
26.066: (drive-truck t0 l0-2 l0-1 c0)
26.147: (drive-truck t0 l0-2 l0-1 c0)
26.147: (drive-truck t0 l0-2 l0-1 c0)
26.180: (drive-truck t2 l2-0 l2-3 c2)
26.306: (drive-truck t2 l2-1 l2-3 c2)
26.307: (drive-truck t2 l2-1 l2-3 c2)
26.307: (drive-truck t2 l2-0 l2-3 c2)
26.308: (drive-truck t2 l2-0 l2-3 c2)
26.386: (drive-truck t0 l0-2 l0-3 c0)
25.866: (drive-truck t0 l0-2 l0-4 c0)
25.867: (drive-truck t2 l2-0 l2-3 c2)
25.898: (drive-truck t0 l0-2 l0-1 c0)
25.899: (drive-truck t2 l2-0 l2-3 c2)
25.967: (unload-truck p0 t1 l1-0)
26.183: (drive-truck t0 l0-2 l0-3 c0)
26.227: (drive-truck t2 l2-0 l2-1 c2)
26.249: (drive-truck t2 l2-0 l2-1 c2)
26.286: (drive-truck t0 l0-3 l0-4 c0)
26.286: (drive-truck t0 l0-3 l0-4 c0)
26.196: (drive-truck t1 l1-0 l1-1 c1)
26.205: (drive-truck t1 l1-0 l1-3 c1)
26.315: (drive-truck t0 l0-4 l0-1 c0)
26.316: (drive-truck t0 l0-4 l0-1 c0)
26.460: (drive-truck t2 l2-3 l2-0 c2)
26.460: (drive-truck t2 l2-3 l2-0 c2)
26.473: (drive-truck t2 l2-1 l2-2 c2)
26.473: (drive-truck t2 l2-3 l2-2 c2)
26.625: (drive-truck t2 l2-3 l2-0 c2)
26.653: (drive-truck t2 l2-3 l2-1 c2)
26.088: (load-truck p23 t1 l1-3)
26.473: (drive-truck t0 l0-4 l0-3 c0)
26.473: (drive-truck t0 l0-4 l0-3 c0)
26.478: (drive-truck t2 l2-3 l2-0 c2)
26.478: (drive-truck t2 l2-3 l2-0 c2)
26.478: (drive-truck t0 l0-4 l0-1 c0)
26.478: (drive-truck t0 l0-4 l0-1 c0)
26.654: (drive-truck t2 l2-0 l2-1 c2)
26.672: (drive-truck t0 l0-4 l0-1 c0)
26.674: (drive-truck t2 l2-3 l2-1 c2)
25.931: (drive-truck t2 l2-0 l2-3 c2)
26.074: (drive-truck t0 l0-1 l0-4 c0)
26.282: (drive-truck t2 l2-0 l2-1 c2)
26.438: (unload-truck p0 t1 l1-0)
26.439: (unload-truck p0 t1 l1-0)
26.674: (drive-truck t2 l2-0 l2-1 c2)
26.674: (drive-truck t0 l0-4 l0-1 c0)
26.851: (unload-truck p0 t1 l1-0)
26.851: (unload-truck p0 t1 l1-0)
26.873: (drive-truck t2 l2-1 l2-2 c2)
25.906: (drive-truck t2 l2-0 l2-3 c2)
25.906: (drive-truck t0 l0-1 l0-4 c0)
26.264: (drive-truck t0 l0-1 l0-4 c0)
26.264: (drive-truck t2 l2-0 l2-1 c2)
26.387: (unload-truck p10 t0 l0-3)
26.522: (drive-truck t2 l2-0 l2-2 c2)
26.594: (drive-truck t0 l0-1 l0-2 c0)
26.601: (drive-truck t0 l0-1 l0-3 c0)
26.775: (drive-truck t1 l1-0 l1-1 c1)
26.776: (drive-truck t1 l1-0 l1-1 c1)
25.667: (load-airplane p16 a0 l0-0)
25.667: (load-airplane p16 a1 l0-0)
25.673: (load-airplane p16 a0 l0-0)
25.673: (load-airplane p16 a1 l0-0)
26.589: (load-truck p1 t1 l1-1)
26.593: (load-truck p1 t1 l1-1)
26.782: (drive-truck t1 l1-1 l1-3 c1)
26.783: (drive-truck t1 l1-1 l1-3 c1)
26.821: (drive-truck t1 l1-1 l1-4 c1)
26.821: (drive-truck t1 l1-1 l1-2 c1)
26.081: (drive-truck t2 l2-3 l2-0 c2)
26.081: (drive-truck t2 l2-3 l2-0 c2)
26.099: (drive-truck t2 l2-3 l2-0 c2)
26.099: (drive-truck t2 l2-3 l2-0 c2)
26.300: (drive-truck t2 l2-3 l2-1 c2)
26.300: (drive-truck t2 l2-3 l2-1 c2)
26.308: (drive-truck t2 l2-3 l2-1 c2)
26.308: (drive-truck t2 l2-3 l2-1 c2)
26.344: (load-truck p8 t0 l0-2)
26.344: (load-truck p8 t0 l0-2)
26.346: (drive-truck t0 l0-2 l0-4 c0)
26.346: (drive-truck t0 l0-2 l0-4 c0)
26.369: (drive-truck t0 l0-2 l0-1 c0)
26.369: (drive-truck t0 l0-2 l0-1 c0)
26.498: (drive-truck t2 l2-3 l2-0 c2)
26.498: (drive-truck t2 l2-3 l2-0 c2)
26.498: (load-truck p8 t0 l0-2)
26.499: (load-truck p8 t0 l0-2)
26.509: (load-truck p10 t0 l0-3)
26.509: (load-truck p10 t0 l0-3)
26.354: (drive-truck t2 l2-0 l2-3 c2)
26.354: (drive-truck t2 l2-0 l2-3 c2)
26.489: (drive-truck t2 l2-3 l2-0 c2)
26.489: (drive-truck t2 l2-3 l2-0 c2)
26.489: (drive-truck t0 l0-2 l0-4 c0)
26.489: (drive-truck t0 l0-2 l0-4 c0)
26.494: (drive-truck t0 l0-3 l0-4 c0)
26.495: (drive-truck t0 l0-3 l0-4 c0)
26.506: (drive-truck t2 l2-3 l2-0 c2)
26.506: (drive-truck t2 l2-3 l2-0 c2)
26.340: (drive-truck t0 l0-3 l0-4 c0)
26.340: (drive-truck t0 l0-3 l0-4 c0)
26.340: (drive-truck t2 l2-0 l2-3 c2)
26.341: (drive-truck t2 l2-0 l2-3 c2)
26.367: (drive-truck t0 l0-3 l0-1 c0)
26.367: (drive-truck t0 l0-3 l0-1 c0)
26.512: (drive-truck t0 l0-4 l0-1 c0)
26.512: (drive-truck t0 l0-4 l0-1 c0)
26.609: (unload-truck p23 t1 l1-3)
26.609: (unload-truck p23 t1 l1-3)
26.373: (drive-truck t1 l1-3 l1-0 c1)
26.374: (drive-truck t1 l1-3 l1-0 c1)
26.599: (drive-truck t1 l1-3 l1-1 c1)
26.599: (drive-truck t1 l1-3 l1-1 c1)
26.706: (drive-truck t2 l2-3 l2-1 c2)
26.706: (drive-truck t2 l2-3 l2-1 c2)
26.723: (drive-truck t2 l2-0 l2-1 c2)
26.723: (drive-truck t2 l2-0 l2-1 c2)
26.724: (drive-truck t2 l2-3 l2-1 c2)
26.724: (drive-truck t2 l2-3 l2-1 c2)
26.487: (load-truck p0 t1 l1-0)
26.488: (load-truck p0 t1 l1-0)
26.593: (load-truck p1 t1 l1-1)
26.594: (load-truck p1 t1 l1-1)
26.722: (drive-truck t0 l0-1 l0-3 c0)
26.722: (drive-truck t0 l0-4 l0-3 c0)
26.722: (drive-truck t0 l0-4 l0-3 c0)
26.722: (drive-truck t0 l0-1 l0-3 c0)
26.937: (drive-truck t2 l2-1 l2-2 c2)
26.937: (drive-truck t2 l2-1 l2-2 c2)
26.333: (drive-truck t2 l2-0 l2-3 c2)
26.333: (drive-truck t2 l2-0 l2-3 c2)
26.467: (drive-truck t2 l2-0 l2-3 c2)
26.467: (drive-truck t0 l0-1 l0-4 c0)
26.467: (drive-truck t0 l0-1 l0-4 c0)
26.467: (drive-truck t2 l2-0 l2-3 c2)
26.587: (drive-truck t0 l0-1 l0-4 c0)
26.587: (drive-truck t0 l0-1 l0-4 c0)
26.596: (drive-truck t0 l0-1 l0-2 c0)
26.596: (drive-truck t0 l0-1 l0-2 c0)
26.306: (drive-truck t0 l0-1 l0-4 c0)
26.307: (drive-truck t0 l0-1 l0-4 c0)
26.307: (drive-truck t2 l2-0 l2-3 c2)
26.307: (drive-truck t2 l2-0 l2-3 c2)
26.449: (drive-truck t2 l2-0 l2-3 c2)
26.449: (drive-truck t2 l2-0 l2-3 c2)
26.449: (drive-truck t0 l0-1 l0-2 c0)
26.450: (drive-truck t0 l0-1 l0-2 c0)
26.454: (drive-truck t2 l2-0 l2-3 c2)
26.454: (drive-truck t0 l0-1 l0-4 c0)
26.454: (drive-truck t0 l0-2 l0-4 c0)
26.675: (drive-truck t2 l2-3 l2-1 c2)
26.675: (drive-truck t2 l2-3 l2-1 c2)
26.832: (drive-truck t2 l2-3 l2-1 c2)
26.839: (drive-truck t2 l2-3 l2-1 c2)
26.840: (drive-truck t2 l2-3 l2-1 c2)
26.858: (drive-truck t0 l0-4 l0-3 c0)
26.858: (drive-truck t0 l0-4 l0-3 c0)
26.891: (drive-truck t2 l2-3 l2-2 c2)
26.891: (drive-truck t2 l2-3 l2-2 c2)
26.367: (unload-truck p8 t0 l0-2)
26.367: (unload-truck p8 t0 l0-2)
26.683: (drive-truck t0 l0-4 l0-2 c0)
26.683: (drive-truck t0 l0-4 l0-2 c0)
26.696: (drive-truck t0 l0-4 l0-1 c0)
26.697: (drive-truck t0 l0-4 l0-1 c0)
26.832: (drive-truck t0 l0-2 l0-4 c0)
26.832: (drive-truck t2 l2-3 l2-1 c2)
26.839: (drive-truck t0 l0-2 l0-1 c0)
26.840: (drive-truck t0 l0-2 l0-1 c0)
26.373: (drive-truck t0 l0-2 l0-3 c0)
26.373: (drive-truck t0 l0-2 l0-3 c0)
26.843: (drive-truck t2 l2-1 l2-2 c2)
26.843: (drive-truck t2 l2-1 l2-2 c2)
27.013: (drive-truck t2 l2-1 l2-2 c2)
27.102: (drive-truck t2 l2-1 l2-4 c2)
27.102: (drive-truck t2 l2-1 l2-4 c2)
27.187: (drive-truck t2 l2-1 l2-2 c2)
27.187: (drive-truck t2 l2-1 l2-2 c2)
27.224: (drive-truck t2 l2-1 l2-4 c2)
26.254: (drive-truck t0 l0-2 l0-1 c0)
26.254: (drive-truck t0 l0-2 l0-1 c0)
26.379: (drive-truck t0 l0-2 l0-4 c0)
26.380: (drive-truck t0 l0-2 l0-4 c0)
26.536: (drive-truck t0 l0-2 l0-1 c0)
26.536: (drive-truck t0 l0-2 l0-1 c0)
26.827: (load-truck p10 t0 l0-3)
26.827: (load-truck p10 t0 l0-3)
27.134: (drive-truck t2 l2-1 l2-2 c2)
27.134: (drive-truck t2 l2-1 l2-2 c2)
26.445: (drive-truck t2 l2-1 l2-3 c2)
26.445: (drive-truck t2 l2-1 l2-3 c2)
26.488: (load-truck p26 t2 l2-2)
26.488: (load-truck p26 t2 l2-2)
26.593: (drive-truck t2 l2-1 l2-0 c2)
26.593: (drive-truck t2 l2-1 l2-0 c2)
26.821: (drive-truck t0 l0-3 l0-4 c0)
26.821: (drive-truck t0 l0-3 l0-4 c0)
26.827: (drive-truck t0 l0-3 l0-1 c0)
26.827: (drive-truck t0 l0-3 l0-1 c0)
26.440: (drive-truck t2 l2-1 l2-3 c2)
26.441: (drive-truck t0 l0-3 l0-4 c0)
26.441: (drive-truck t0 l0-3 l0-4 c0)
26.441: (drive-truck t2 l2-1 l2-3 c2)
26.457: (drive-truck t2 l2-1 l2-3 c2)
26.457: (drive-truck t2 l2-1 l2-3 c2)
26.457: (drive-truck t0 l0-3 l0-1 c0)
26.457: (drive-truck t0 l0-3 l0-1 c0)
26.471: (drive-truck t0 l0-1 l0-4 c0)
26.472: (drive-truck t0 l0-1 l0-4 c0)
26.475: (drive-truck t2 l2-2 l2-3 c2)
26.475: (drive-truck t2 l2-2 l2-3 c2)
26.588: (drive-truck t2 l2-3 l2-0 c2)
26.588: (drive-truck t2 l2-3 l2-0 c2)
26.628: (drive-truck t2 l2-2 l2-0 c2)
26.628: (drive-truck t2 l2-2 l2-0 c2)
26.859: (drive-truck t2 l2-2 l2-1 c2)
26.859: (drive-truck t2 l2-2 l2-1 c2)
27.008: (drive-truck t2 l2-3 l2-2 c2)
27.008: (drive-truck t2 l2-3 l2-2 c2)
26.487: (drive-truck t0 l0-4 l0-1 c0)
26.487: (drive-truck t0 l0-4 l0-1 c0)
26.633: (drive-truck t0 l0-4 l0-1 c0)
26.633: (drive-truck t0 l0-4 l0-1 c0)
26.867: (drive-truck t0 l0-4 l0-1 c0)
26.867: (drive-truck t0 l0-4 l0-1 c0)
27.110: (drive-truck t0 l0-4 l0-2 c0)
27.111: (drive-truck t0 l0-4 l0-2 c0)
27.116: (drive-truck t0 l0-4 l0-3 c0)
27.116: (drive-truck t0 l0-4 l0-3 c0)
26.759: (unload-truck p1 t1 l1-1)
26.759: (unload-truck p1 t1 l1-1)
27.363: (drive-truck t2 l2-3 l2-2 c2)
27.363: (drive-truck t2 l2-3 l2-2 c2)
27.370: (drive-truck t2 l2-3 l2-2 c2)
27.370: (drive-truck t2 l2-3 l2-2 c2)
27.413: (unload-airplane p16 a1 l0-0)
27.413: (unload-airplane p16 a0 l0-0)
27.480: (load-airplane p18 a1 l0-0)
27.480: (load-airplane p18 a0 l0-0)
26.482: (drive-truck t1 l1-1 l1-0 c1)
26.482: (drive-truck t1 l1-1 l1-0 c1)
26.776: (drive-truck t1 l1-1 l1-3 c1)
26.776: (drive-truck t1 l1-1 l1-3 c1)
26.968: (drive-truck t1 l1-1 l1-2 c1)
26.968: (drive-truck t1 l1-1 l1-4 c1)
26.968: (drive-truck t1 l1-1 l1-4 c1)
26.968: (drive-truck t1 l1-1 l1-2 c1)
27.399: (drive-truck t0 l0-1 l0-4 c0)
27.412: (drive-truck t2 l2-3 l2-2 c2)
26.529: (load-truck p0 t1 l1-0)
26.530: (load-truck p0 t1 l1-0)
26.555: (load-truck p23 t1 l1-3)
26.556: (load-truck p23 t1 l1-3)
27.162: (drive-truck t0 l0-1 l0-4 c0)
27.163: (drive-truck t0 l0-1 l0-4 c0)
27.163: (drive-truck t0 l0-1 l0-4 c0)
27.163: (drive-truck t0 l0-1 l0-4 c0)
27.174: (unload-truck p26 t2 l2-2)
27.217: (drive-truck t0 l0-1 l0-4 c0)
26.342: (drive-truck t2 l2-0 l2-2 c2)
26.342: (drive-truck t2 l2-0 l2-2 c2)
26.348: (drive-truck t2 l2-0 l2-3 c2)
26.349: (drive-truck t2 l2-0 l2-3 c2)
26.391: (drive-truck t2 l2-2 l2-1 c2)
26.395: (drive-truck t2 l2-0 l2-2 c2)
26.395: (drive-truck t2 l2-0 l2-2 c2)
26.398: (drive-truck t2 l2-0 l2-3 c2)
26.398: (drive-truck t2 l2-0 l2-3 c2)
26.509: (drive-truck t0 l0-1 l0-4 c0)
26.185: (unload-truck p26 t2 l2-2)
26.186: (unload-truck p26 t2 l2-2)
26.310: (drive-truck t0 l0-1 l0-4 c0)
26.310: (drive-truck t0 l0-1 l0-4 c0)
26.311: (drive-truck t2 l2-0 l2-2 c2)
26.322: (drive-truck t0 l0-1 l0-4 c0)
26.322: (drive-truck t0 l0-1 l0-4 c0)
26.324: (drive-truck t2 l2-0 l2-3 c2)
26.370: (drive-truck t0 l0-1 l0-4 c0)
26.370: (drive-truck t0 l0-1 l0-4 c0)
26.376: (drive-truck t2 l2-2 l2-3 c2)
26.376: (drive-truck t2 l2-2 l2-3 c2)
26.509: (drive-truck t2 l2-3 l2-0 c2)
26.509: (drive-truck t2 l2-2 l2-0 c2)
26.540: (drive-truck t2 l2-2 l2-0 c2)
26.540: (drive-truck t2 l2-2 l2-0 c2)
26.627: (drive-truck t0 l0-4 l0-2 c0)
26.627: (drive-truck t0 l0-4 l0-2 c0)
26.631: (drive-truck t0 l0-4 l0-3 c0)
26.631: (drive-truck t0 l0-4 l0-3 c0)
26.695: (drive-truck t2 l2-0 l2-1 c2)
26.750: (drive-truck t2 l2-3 l2-1 c2)
26.750: (drive-truck t2 l2-3 l2-1 c2)
26.751: (drive-truck t2 l2-0 l2-1 c2)
26.751: (drive-truck t2 l2-0 l2-1 c2)
26.879: (drive-truck t2 l2-3 l2-2 c2)
26.880: (drive-truck t2 l2-3 l2-2 c2)
26.884: (drive-truck t2 l2-3 l2-2 c2)
26.884: (drive-truck t2 l2-3 l2-2 c2)
27.057: (drive-truck t0 l0-4 l0-2 c0)
26.717: (drive-truck t0 l0-4 l0-1 c0)
26.768: (drive-truck t0 l0-4 l0-1 c0)
26.769: (drive-truck t0 l0-4 l0-1 c0)
26.823: (unload-truck p26 t2 l2-2)
26.823: (unload-truck p26 t2 l2-2)
27.066: (drive-truck t0 l0-2 l0-3 c0)
27.074: (drive-truck t2 l2-2 l2-0 c2)
27.075: (drive-truck t2 l2-2 l2-0 c2)
27.085: (drive-truck t2 l2-2 l2-0 c2)
27.085: (drive-truck t2 l2-2 l2-0 c2)
27.265: (drive-truck t2 l2-0 l2-1 c2)
27.266: (drive-truck t2 l2-0 l2-1 c2)
27.266: (drive-truck t0 l0-1 l0-2 c0)
27.267: (drive-truck t2 l2-0 l2-1 c2)
27.267: (drive-truck t2 l2-0 l2-1 c2)
27.268: (drive-truck t0 l0-1 l0-3 c0)
27.316: (drive-truck t2 l2-3 l2-2 c2)
27.454: (load-truck p10 t0 l0-3)
27.455: (load-truck p10 t0 l0-3)
27.455: (drive-truck t2 l2-2 l2-4 c2)
26.604: (drive-truck t0 l0-3 l0-4 c0)
26.694: (drive-truck t0 l0-2 l0-4 c0)
26.694: (drive-truck t0 l0-3 l0-4 c0)
26.717: (drive-truck t0 l0-3 l0-1 c0)
26.717: (drive-truck t0 l0-2 l0-1 c0)
26.746: (drive-truck t0 l0-3 l0-1 c0)
26.873: (drive-truck t0 l0-3 l0-4 c0)
27.168: (drive-truck t0 l0-3 l0-2 c0)
27.246: (unload-truck p26 t2 l2-2)
27.307: (drive-truck t0 l0-3 l0-2 c0)
26.956: (drive-truck t0 l0-3 l0-2 c0)
26.958: (unload-truck p26 t2 l2-2)
27.458: (drive-truck t0 l0-4 l0-1 c0)
27.471: (load-truck p8 t0 l0-2)
27.475: (drive-truck t2 l2-2 l2-0 c2)
27.509: (load-truck p10 t0 l0-3)
27.529: (unload-airplane p16 a0 l0-0)
27.562: (load-airplane p18 a2 l0-0)
27.563: (load-airplane p18 a0 l0-0)
27.569: (load-airplane p18 a1 l0-0)
25.939: (drive-truck t2 l2-4 l2-3 c2)
25.943: (drive-truck t2 l2-4 l2-3 c2)
25.944: (drive-truck t2 l2-4 l2-3 c2)
26.120: (drive-truck t2 l2-4 l2-0 c2)
26.123: (drive-truck t2 l2-4 l2-0 c2)
26.126: (drive-truck t2 l2-4 l2-0 c2)
26.310: (drive-truck t2 l2-4 l2-1 c2)
26.314: (drive-truck t2 l2-4 l2-1 c2)
26.314: (drive-truck t2 l2-4 l2-1 c2)
26.449: (drive-truck t2 l2-4 l2-2 c2)
25.968: (drive-truck t0 l0-4 l0-1 c0)
25.973: (drive-truck t0 l0-4 l0-1 c0)
25.974: (drive-truck t0 l0-4 l0-1 c0)
26.141: (drive-truck t0 l0-4 l0-1 c0)
26.147: (drive-truck t0 l0-4 l0-1 c0)
26.148: (drive-truck t0 l0-4 l0-1 c0)
26.272: (drive-truck t0 l0-4 l0-2 c0)
26.276: (drive-truck t0 l0-4 l0-3 c0)
26.277: (drive-truck t0 l0-4 l0-2 c0)
26.278: (drive-truck t0 l0-4 l0-2 c0)
25.970: (unload-truck p0 t1 l1-0)
26.280: (drive-truck t0 l0-1 l0-3 c0)
26.280: (drive-truck t0 l0-2 l0-3 c0)
26.280: (drive-truck t0 l0-1 l0-3 c0)
26.280: (drive-truck t0 l0-2 l0-3 c0)
26.335: (drive-truck t2 l2-3 l2-1 c2)
26.335: (drive-truck t2 l2-0 l2-1 c2)
26.340: (drive-truck t2 l2-0 l2-1 c2)
26.341: (drive-truck t2 l2-3 l2-1 c2)
26.341: (drive-truck t2 l2-0 l2-1 c2)
26.208: (drive-truck t1 l1-0 l1-3 c1)
26.220: (drive-truck t1 l1-0 l1-1 c1)
26.655: (drive-truck t0 l0-1 l0-4 c0)
26.728: (drive-truck t2 l2-3 l2-0 c2)
26.730: (drive-truck t2 l2-3 l2-0 c2)
26.876: (unload-airplane p16 a0 l0-0)
26.913: (drive-truck t0 l0-1 l0-2 c0)
26.915: (drive-truck t0 l0-1 l0-3 c0)
26.919: (drive-truck t0 l0-1 l0-2 c0)
26.919: (drive-truck t0 l0-1 l0-2 c0)
26.158: (load-truck p23 t1 l1-3)
26.711: (drive-truck t2 l2-1 l2-0 c2)
26.716: (drive-truck t2 l2-1 l2-0 c2)
26.716: (drive-truck t2 l2-1 l2-0 c2)
26.717: (drive-truck t0 l0-3 l0-2 c0)
26.717: (drive-truck t0 l0-3 l0-2 c0)
26.721: (drive-truck t2 l2-1 l2-0 c2)
26.920: (drive-truck t2 l2-0 l2-1 c2)
26.921: (drive-truck t2 l2-0 l2-1 c2)
26.922: (drive-truck t0 l0-2 l0-3 c0)
25.998: (drive-truck t2 l2-0 l2-3 c2)
26.136: (drive-truck t0 l0-1 l0-4 c0)
26.364: (drive-truck t2 l2-0 l2-1 c2)
27.019: (drive-truck t2 l2-0 l2-2 c2)
27.086: (unload-airplane p16 a0 l0-0)
27.087: (drive-truck t1 l1-3 l1-0 c1)
27.100: (drive-truck t0 l0-1 l0-2 c0)
27.116: (drive-truck t0 l0-1 l0-3 c0)
27.161: (unload-truck p13 t1 l1-3)
27.178: (unload-airplane p11 a2 l0-0)
25.971: (drive-truck t2 l2-0 l2-3 c2)
25.971: (drive-truck t0 l0-1 l0-4 c0)
26.121: (unload-airplane p18 a1 l0-0)
26.160: (load-airplane p11 a0 l0-0)
26.164: (unload-airplane p18 a1 l0-0)
26.164: (load-airplane p16 a1 l0-0)
26.179: (unload-airplane p18 a1 l0-0)
26.258: (load-airplane p11 a1 l0-0)
26.341: (drive-truck t0 l0-1 l0-4 c0)
26.341: (drive-truck t2 l2-0 l2-1 c2)
25.162: (unload-airplane p18 a1 l0-0)
25.162: (load-airplane p11 a0 l0-0)
25.253: (unload-airplane p18 a1 l0-0)
25.253: (load-airplane p11 a1 l0-0)
25.997: (drive-truck t2 l2-0 l2-3 c2)
26.003: (drive-truck t2 l2-0 l2-3 c2)
26.005: (drive-truck t2 l2-0 l2-3 c2)
26.025: (drive-truck t2 l2-0 l2-3 c2)
26.096: (drive-truck t2 l2-0 l2-3 c2)
26.136: (drive-truck t0 l0-1 l0-4 c0)
25.006: (drive-truck t2 l2-0 l2-3 c2)
25.006: (load-airplane p11 a0 l0-0)
25.007: (unload-airplane p18 a1 l0-0)
25.099: (drive-truck t2 l2-0 l2-3 c2)
25.100: (unload-airplane p18 a1 l0-0)
25.100: (load-airplane p11 a1 l0-0)
25.147: (unload-airplane p18 a1 l0-0)
25.147: (drive-truck t0 l0-1 l0-4 c0)
25.240: (drive-truck t0 l0-1 l0-4 c0)
25.274: (unload-truck p23 t1 l1-3)
24.981: (drive-truck t2 l2-0 l2-3 c2)
24.982: (drive-truck t0 l0-1 l0-4 c0)
25.040: (drive-truck t1 l1-3 l1-0 c1)
25.074: (drive-truck t0 l0-1 l0-4 c0)
25.074: (drive-truck t2 l2-0 l2-3 c2)
25.266: (drive-truck t1 l1-3 l1-1 c1)
25.356: (drive-truck t2 l2-0 l2-1 c2)
25.373: (drive-truck t2 l2-3 l2-1 c2)
25.447: (drive-truck t2 l2-0 l2-1 c2)
25.464: (drive-truck t2 l2-3 l2-1 c2)
25.143: (load-truck p0 t1 l1-0)
25.249: (load-truck p1 t1 l1-1)
25.595: (drive-truck t2 l2-1 l2-2 c2)
25.597: (drive-truck t2 l2-3 l2-2 c2)
25.666: (drive-truck t0 l0-4 l0-2 c0)
25.673: (drive-truck t0 l0-4 l0-3 c0)
25.689: (drive-truck t2 l2-1 l2-2 c2)
25.691: (drive-truck t2 l2-3 l2-2 c2)
25.754: (drive-truck t0 l0-4 l0-2 c0)
25.761: (drive-truck t0 l0-4 l0-3 c0)
24.975: (drive-truck t2 l2-0 l2-3 c2)
25.101: (drive-truck t2 l2-0 l2-3 c2)
25.125: (drive-truck t0 l0-1 l0-4 c0)
25.246: (drive-truck t0 l0-1 l0-4 c0)
25.341: (drive-truck t2 l2-0 l2-1 c2)
25.482: (drive-truck t2 l2-0 l2-1 c2)
25.688: (drive-truck t0 l0-1 l0-2 c0)
25.699: (drive-truck t0 l0-1 l0-3 c0)
26.082: (drive-truck t2 l2-3 l2-0 c2)
26.099: (drive-truck t2 l2-3 l2-0 c2)
24.944: (drive-truck t2 l2-0 l2-3 c2)
24.944: (drive-truck t0 l0-1 l0-4 c0)
25.086: (drive-truck t0 l0-1 l0-4 c0)
25.086: (drive-truck t2 l2-0 l2-3 c2)
25.253: (drive-truck t0 l0-1 l0-2 c0)
25.253: (drive-truck t2 l2-0 l2-3 c2)
25.256: (drive-truck t2 l2-0 l2-3 c2)
25.256: (drive-truck t0 l0-1 l0-3 c0)
25.319: (drive-truck t2 l2-0 l2-1 c2)
25.319: (drive-truck t0 l0-1 l0-4 c0)
25.476: (drive-truck t2 l2-3 l2-1 c2)
25.549: (drive-truck t2 l2-1 l2-2 c2)
25.550: (drive-truck t2 l2-3 l2-2 c2)
25.672: (drive-truck t2 l2-3 l2-2 c2)
25.725: (drive-truck t0 l0-4 l0-2 c0)
25.730: (drive-truck t0 l0-4 l0-3 c0)
25.895: (drive-truck t2 l2-3 l2-1 c2)
25.896: (drive-truck t0 l0-4 l0-2 c0)
25.897: (drive-truck t2 l2-3 l2-1 c2)
25.897: (drive-truck t0 l0-4 l0-3 c0)
26.117: (drive-truck t2 l2-3 l2-0 c2)
26.133: (drive-truck t2 l2-3 l2-0 c2)
26.147: (drive-truck t0 l0-4 l0-1 c0)
26.254: (drive-truck t0 l0-4 l0-1 c0)
26.310: (load-truck p26 t2 l2-2)
26.367: (drive-truck t0 l0-4 l0-2 c0)
26.367: (drive-truck t2 l2-3 l2-1 c2)
26.373: (drive-truck t0 l0-4 l0-3 c0)
26.373: (drive-truck t2 l2-3 l2-1 c2)
26.379: (drive-truck t2 l2-2 l2-4 c2)
26.322: (drive-truck t2 l2-2 l2-3 c2)
26.342: (load-truck p26 t2 l2-2)
26.342: (drive-truck t0 l0-4 l0-1 c0)
26.488: (load-truck p26 t2 l2-2)
26.508: (drive-truck t2 l2-2 l2-0 c2)
26.535: (drive-truck t0 l0-1 l0-2 c0)
26.535: (drive-truck t2 l2-2 l2-4 c2)
26.536: (drive-truck t0 l0-4 l0-1 c0)
26.593: (load-truck p10 t0 l0-3)
26.596: (load-truck p8 t0 l0-2)
26.348: (drive-truck t2 l2-2 l2-3 c2)
26.348: (drive-truck t0 l0-4 l0-1 c0)
26.444: (drive-truck t2 l2-0 l2-3 c2)
26.450: (drive-truck t2 l2-0 l2-3 c2)
26.472: (drive-truck t0 l0-1 l0-4 c0)
26.487: (drive-truck t2 l2-2 l2-3 c2)
26.530: (drive-truck t0 l0-4 l0-1 c0)
26.530: (drive-truck t2 l2-2 l2-0 c2)
26.588: (drive-truck t0 l0-3 l0-4 c0)
26.588: (drive-truck t0 l0-2 l0-4 c0)
26.440: (drive-truck t2 l2-0 l2-3 c2)
26.441: (drive-truck t0 l0-3 l0-4 c0)
26.454: (drive-truck t2 l2-0 l2-3 c2)
26.455: (drive-truck t0 l0-2 l0-4 c0)
26.457: (drive-truck t0 l0-3 l0-1 c0)
26.467: (drive-truck t0 l0-2 l0-1 c0)
26.475: (drive-truck t0 l0-1 l0-4 c0)
26.476: (drive-truck t2 l2-2 l2-3 c2)
26.482: (unload-truck p0 t1 l1-0)
26.592: (drive-truck t0 l0-4 l0-1 c0)
26.592: (drive-truck t2 l2-3 l2-0 c2)
26.599: (unload-truck p1 t1 l1-1)
26.627: (drive-truck t2 l2-3 l2-0 c2)
26.759: (drive-truck t1 l1-0 l1-1 c1)
26.775: (drive-truck t1 l1-0 l1-3 c1)
26.821: (drive-truck t2 l2-3 l2-1 c2)
26.827: (drive-truck t2 l2-3 l2-1 c2)
26.832: (drive-truck t2 l2-3 l2-1 c2)
26.839: (drive-truck t2 l2-0 l2-1 c2)
26.840: (drive-truck t2 l2-3 l2-1 c2)
26.374: (drive-truck t1 l1-1 l1-0 c1)
26.555: (load-truck p23 t1 l1-3)
26.609: (drive-truck t1 l1-1 l1-3 c1)
26.633: (load-truck p1 t1 l1-1)
26.634: (drive-truck t0 l0-4 l0-1 c0)
26.775: (unload-truck p1 t1 l1-1)
26.827: (drive-truck t0 l0-4 l0-3 c0)
26.827: (drive-truck t0 l0-1 l0-3 c0)
26.838: (drive-truck t0 l0-1 l0-2 c0)
26.839: (drive-truck t0 l0-4 l0-2 c0)
26.395: (drive-truck t2 l2-0 l2-2 c2)
26.398: (drive-truck t2 l2-0 l2-3 c2)
26.438: (drive-truck t1 l1-1 l1-0 c1)
26.488: (load-truck p0 t1 l1-0)
26.506: (load-truck p23 t1 l1-3)
26.540: (drive-truck t0 l0-1 l0-4 c0)
26.768: (drive-truck t2 l2-0 l2-1 c2)
26.782: (drive-truck t1 l1-1 l1-3 c1)
26.821: (drive-truck t1 l1-1 l1-4 c1)
26.821: (drive-truck t1 l1-1 l1-2 c1)
26.185: (unload-truck p26 t2 l2-2)
26.333: (drive-truck t2 l2-0 l2-3 c2)
26.370: (drive-truck t0 l0-1 l0-4 c0)
26.370: (drive-truck t2 l2-0 l2-2 c2)
26.370: (drive-truck t2 l2-0 l2-3 c2)
26.376: (drive-truck t2 l2-0 l2-3 c2)
26.377: (drive-truck t0 l0-1 l0-4 c0)
26.467: (drive-truck t0 l0-1 l0-4 c0)
26.475: (drive-truck t0 l0-1 l0-2 c0)
26.478: (load-truck p0 t1 l1-0)
26.306: (drive-truck t2 l2-0 l2-3 c2)
26.307: (drive-truck t0 l0-1 l0-4 c0)
26.307: (drive-truck t0 l0-1 l0-2 c0)
26.308: (drive-truck t2 l2-0 l2-3 c2)
26.316: (drive-truck t2 l2-0 l2-3 c2)
26.344: (drive-truck t0 l0-1 l0-2 c0)
26.347: (drive-truck t0 l0-1 l0-4 c0)
26.460: (drive-truck t0 l0-1 l0-4 c0)
26.473: (drive-truck t0 l0-1 l0-3 c0)
26.674: (drive-truck t2 l2-0 l2-1 c2)
26.284: (drive-truck t0 l0-1 l0-4 c0)
26.285: (drive-truck t2 l2-0 l2-3 c2)
26.306: (drive-truck t0 l0-1 l0-3 c0)
26.307: (drive-truck t2 l2-0 l2-3 c2)
26.489: (drive-truck t2 l2-3 l2-0 c2)
26.499: (drive-truck t2 l2-3 l2-0 c2)
26.654: (drive-truck t2 l2-0 l2-1 c2)
26.672: (drive-truck t2 l2-0 l2-1 c2)
26.675: (drive-truck t2 l2-3 l2-1 c2)
26.682: (drive-truck t0 l0-4 l0-2 c0)
26.697: (drive-truck t0 l0-2 l0-1 c0)
26.713: (drive-truck t2 l2-0 l2-1 c2)
26.720: (drive-truck t2 l2-0 l2-1 c2)
26.854: (drive-truck t0 l0-4 l0-2 c0)
26.854: (drive-truck t0 l0-3 l0-2 c0)
26.873: (drive-truck t2 l2-1 l2-2 c2)
26.874: (drive-truck t2 l2-3 l2-2 c2)
26.936: (drive-truck t2 l2-0 l2-2 c2)
27.187: (drive-truck t2 l2-1 l2-2 c2)
27.229: (drive-truck t2 l2-0 l2-2 c2)
26.300: (unload-truck p8 t0 l0-2)
26.730: (drive-truck t0 l0-4 l0-1 c0)
26.731: (drive-truck t0 l0-2 l0-1 c0)
26.890: (drive-truck t0 l0-2 l0-4 c0)
26.958: (unload-truck p8 t0 l0-2)
27.328: (drive-truck t2 l2-3 l2-0 c2)
27.405: (drive-truck t2 l2-1 l2-4 c2)
27.406: (drive-truck t2 l2-2 l2-4 c2)
27.454: (drive-truck t0 l0-4 l0-3 c0)
27.457: (drive-truck t2 l2-1 l2-4 c2)
26.307: (drive-truck t0 l0-2 l0-3 c0)
26.824: (unload-truck p10 t0 l0-3)
27.246: (drive-truck t0 l0-2 l0-3 c0)
27.254: (unload-airplane p17 a2 l0-0)
27.292: (unload-truck p13 t1 l1-3)
27.293: (unload-truck p27 t2 l2-1)
27.307: (unload-airplane p11 a0 l0-0)
27.307: (unload-airplane p16 a0 l0-0)
27.308: (load-truck p26 t2 l2-2)
27.312: (load-airplane p18 a1 l0-0)
26.300: (load-airplane p17 a1 l0-0)
26.300: (load-airplane p16 a2 l0-0)
26.306: (drive-truck t0 l0-2 l0-4 c0)
26.315: (drive-truck t0 l0-2 l0-1 c0)
26.343: (drive-truck t0 l0-2 l0-4 c0)
26.343: (drive-truck t0 l0-2 l0-4 c0)
26.344: (drive-truck t0 l0-2 l0-4 c0)
26.355: (drive-truck t0 l0-2 l0-4 c0)
26.357: (drive-truck t0 l0-2 l0-4 c0)
26.361: (drive-truck t0 l0-2 l0-1 c0)
25.356: (drive-truck t0 l0-2 l0-4 c0)
25.356: (load-airplane p17 a1 l0-0)
25.373: (load-airplane p17 a1 l0-0)
25.373: (drive-truck t0 l0-2 l0-1 c0)
25.449: (load-airplane p16 a1 l0-0)
25.666: (drive-truck t2 l2-1 l2-3 c2)
25.666: (drive-truck t2 l2-1 l2-3 c2)
25.925: (drive-truck t2 l2-1 l2-3 c2)
25.942: (drive-truck t2 l2-1 l2-3 c2)
25.972: (drive-truck t2 l2-1 l2-3 c2)
24.981: (drive-truck t0 l0-2 l0-4 c0)
24.982: (load-airplane p17 a1 l0-0)
24.982: (drive-truck t2 l2-1 l2-3 c2)
25.006: (drive-truck t2 l2-1 l2-3 c2)
25.006: (drive-truck t0 l0-2 l0-1 c0)
25.006: (load-airplane p17 a1 l0-0)
25.074: (drive-truck t2 l2-1 l2-3 c2)
25.147: (drive-truck t2 l2-1 l2-0 c2)
25.161: (drive-truck t2 l2-1 l2-0 c2)
25.240: (drive-truck t2 l2-1 l2-0 c2)
25.099: (drive-truck t0 l0-4 l0-1 c0)
25.253: (drive-truck t0 l0-4 l0-1 c0)
25.273: (unload-truck p23 t1 l1-3)
25.597: (drive-truck t2 l2-3 l2-2 c2)
25.598: (drive-truck t2 l2-0 l2-2 c2)
25.673: (drive-truck t0 l0-1 l0-3 c0)
25.673: (drive-truck t0 l0-4 l0-3 c0)
25.689: (drive-truck t2 l2-0 l2-2 c2)
25.691: (drive-truck t2 l2-3 l2-2 c2)
25.754: (drive-truck t0 l0-4 l0-2 c0)
25.040: (drive-truck t1 l1-3 l1-0 c1)
25.265: (drive-truck t1 l1-3 l1-1 c1)
25.368: (unload-truck p23 t1 l1-3)
25.464: (drive-truck t2 l2-0 l2-1 c2)
25.464: (drive-truck t2 l2-3 l2-1 c2)
25.761: (drive-truck t0 l0-1 l0-3 c0)
25.762: (drive-truck t0 l0-2 l0-3 c0)
26.025: (unload-airplane p11 a0 l0-0)
26.025: (unload-airplane p16 a1 l0-0)
26.028: (drive-truck t1 l1-3 l1-4 c1)
25.133: (drive-truck t1 l1-3 l1-0 c1)
25.143: (load-truck p0 t1 l1-0)
25.249: (load-truck p1 t1 l1-1)
25.358: (drive-truck t1 l1-3 l1-1 c1)
25.776: (drive-truck t0 l0-1 l0-4 c0)
25.951: (load-airplane p18 a0 l0-0)
25.952: (load-airplane p18 a1 l0-0)
25.969: (load-airplane p18 a2 l0-0)
25.999: (drive-truck t0 l0-1 l0-4 c0)
25.999: (drive-truck t0 l0-1 l0-4 c0)
24.975: (drive-truck t2 l2-0 l2-3 c2)
25.101: (drive-truck t2 l2-0 l2-3 c2)
25.125: (load-truck p0 t1 l1-0)
25.125: (drive-truck t0 l0-1 l0-4 c0)
25.235: (load-truck p0 t1 l1-0)
25.246: (drive-truck t0 l0-1 l0-4 c0)
25.340: (load-truck p1 t1 l1-1)
25.340: (drive-truck t2 l2-0 l2-1 c2)
25.483: (drive-truck t2 l2-0 l2-1 c2)
25.688: (drive-truck t0 l0-1 l0-2 c0)
24.944: (drive-truck t2 l2-0 l2-3 c2)
24.944: (drive-truck t0 l0-1 l0-4 c0)
25.068: (drive-truck t2 l2-0 l2-3 c2)
25.085: (drive-truck t2 l2-0 l2-3 c2)
25.086: (drive-truck t0 l0-1 l0-4 c0)
25.193: (drive-truck t2 l2-0 l2-3 c2)
25.217: (drive-truck t0 l0-1 l0-4 c0)
25.253: (drive-truck t0 l0-1 l0-2 c0)
25.254: (drive-truck t2 l2-0 l2-3 c2)
25.256: (drive-truck t0 l0-1 l0-3 c0)
25.037: (drive-truck t0 l0-1 l0-4 c0)
25.038: (drive-truck t2 l2-0 l2-3 c2)
25.178: (drive-truck t0 l0-1 l0-4 c0)
25.319: (drive-truck t2 l2-3 l2-1 c2)
25.341: (drive-truck t0 l0-1 l0-2 c0)
25.344: (drive-truck t0 l0-1 l0-3 c0)
25.411: (drive-truck t2 l2-0 l2-1 c2)
25.432: (drive-truck t2 l2-3 l2-1 c2)
25.476: (drive-truck t2 l2-3 l2-1 c2)
25.550: (drive-truck t2 l2-3 l2-2 c2)
25.338: (drive-truck t2 l2-3 l2-0 c2)
25.567: (drive-truck t2 l2-3 l2-1 c2)
25.642: (drive-truck t2 l2-1 l2-2 c2)
25.642: (drive-truck t2 l2-3 l2-2 c2)
25.672: (drive-truck t2 l2-1 l2-2 c2)
25.765: (drive-truck t2 l2-3 l2-2 c2)
25.775: (drive-truck t2 l2-3 l2-0 c2)
25.786: (drive-truck t2 l2-3 l2-0 c2)
25.813: (drive-truck t0 l0-4 l0-2 c0)
25.818: (drive-truck t0 l0-4 l0-3 c0)
25.573: (drive-truck t0 l0-4 l0-1 c0)
25.981: (drive-truck t2 l2-0 l2-1 c2)
25.983: (drive-truck t2 l2-0 l2-1 c2)
26.203: (drive-truck t2 l2-3 l2-0 c2)
26.204: (drive-truck t0 l0-4 l0-2 c0)
26.220: (drive-truck t2 l2-3 l2-0 c2)
26.221: (drive-truck t0 l0-4 l0-3 c0)
26.238: (drive-truck t0 l0-4 l0-1 c0)
26.254: (drive-truck t0 l0-4 l0-1 c0)
26.266: (unload-airplane p16 a1 l0-0)
26.102: (drive-truck t2 l2-0 l2-3 c2)
26.270: (drive-truck t0 l0-4 l0-1 c0)
26.344: (drive-truck t2 l2-1 l2-2 c2)
26.433: (load-truck p26 t2 l2-2)
26.446: (drive-truck t2 l2-0 l2-1 c2)
26.446: (drive-truck t0 l0-1 l0-2 c0)
26.454: (drive-truck t2 l2-0 l2-1 c2)
26.454: (drive-truck t0 l0-1 l0-3 c0)
26.478: (drive-truck t2 l2-0 l2-1 c2)
26.485: (unload-airplane p16 a1 l0-0)
26.119: (drive-truck t2 l2-0 l2-3 c2)
26.119: (drive-truck t0 l0-4 l0-1 c0)
26.119: (drive-truck t2 l2-1 l2-3 c2)
26.289: (unload-truck p1 t1 l1-1)
26.403: (drive-truck t0 l0-1 l0-4 c0)
26.441: (drive-truck t2 l2-2 l2-3 c2)
26.580: (load-truck p26 t2 l2-2)
26.622: (drive-truck t2 l2-2 l2-0 c2)
26.631: (drive-truck t2 l2-2 l2-4 c2)
26.688: (drive-truck t2 l2-1 l2-2 c2)
26.061: (drive-truck t1 l1-1 l1-0 c1)
26.298: (drive-truck t1 l1-1 l1-3 c1)
26.415: (drive-truck t0 l0-1 l0-4 c0)
26.415: (drive-truck t2 l2-2 l2-3 c2)
26.470: (drive-truck t0 l0-1 l0-4 c0)
26.562: (drive-truck t0 l0-1 l0-4 c0)
26.576: (unload-truck p0 t1 l1-0)
26.578: (drive-truck t2 l2-2 l2-3 c2)
26.600: (drive-truck t0 l0-1 l0-4 c0)
26.602: (drive-truck t2 l2-2 l2-0 c2)
26.160: (load-truck p0 t1 l1-0)
26.181: (load-truck p23 t1 l1-3)
26.567: (drive-truck t0 l0-1 l0-4 c0)
26.567: (drive-truck t2 l2-2 l2-3 c2)
26.715: (drive-truck t0 l0-4 l0-2 c0)
26.720: (drive-truck t2 l2-2 l2-0 c2)
26.720: (drive-truck t0 l0-4 l0-3 c0)
26.725: (drive-truck t2 l2-3 l2-0 c2)
26.786: (drive-truck t2 l2-0 l2-1 c2)
26.786: (drive-truck t2 l2-3 l2-1 c2)
25.992: (drive-truck t2 l2-0 l2-3 c2)
26.142: (drive-truck t0 l0-1 l0-4 c0)
26.167: (drive-truck t0 l0-1 l0-4 c0)
26.342: (drive-truck t2 l2-0 l2-1 c2)
26.375: (drive-truck t2 l2-0 l2-1 c2)
26.707: (drive-truck t0 l0-1 l0-2 c0)
26.719: (drive-truck t0 l0-1 l0-3 c0)
26.808: (drive-truck t0 l0-4 l0-1 c0)
26.853: (unload-truck p1 t1 l1-1)
26.948: (drive-truck t2 l2-0 l2-1 c2)
25.961: (drive-truck t2 l2-0 l2-3 c2)
25.961: (drive-truck t0 l0-1 l0-4 c0)
26.273: (drive-truck t0 l0-1 l0-2 c0)
26.274: (drive-truck t2 l2-0 l2-3 c2)
26.276: (drive-truck t2 l2-0 l2-3 c2)
26.276: (drive-truck t0 l0-1 l0-3 c0)
26.320: (drive-truck t0 l0-1 l0-4 c0)
26.320: (drive-truck t2 l2-0 l2-1 c2)
26.567: (drive-truck t2 l2-0 l2-2 c2)
26.616: (drive-truck t2 l2-0 l2-2 c2)
26.891: (unload-airplane p11 a0 l0-0)
26.901: (drive-truck t2 l2-3 l2-1 c2)
26.902: (drive-truck t0 l0-4 l0-2 c0)
26.905: (drive-truck t0 l0-4 l0-3 c0)
26.905: (drive-truck t2 l2-3 l2-1 c2)
26.932: (unload-airplane p17 a2 l0-0)
26.955: (load-airplane p18 a1 l0-0)
26.963: (load-airplane p18 a2 l0-0)
26.964: (load-airplane p18 a0 l0-0)
27.159: (drive-truck t0 l0-4 l0-1 c0)
25.866: (load-airplane p17 a0 l0-0)
25.868: (load-airplane p16 a2 l0-0)
25.916: (load-airplane p16 a0 l0-0)
25.939: (load-airplane p16 a2 l0-0)
25.939: (load-airplane p16 a0 l0-0)
25.943: (load-airplane p16 a2 l0-0)
25.943: (load-airplane p16 a0 l0-0)
25.944: (load-airplane p16 a2 l0-0)
25.944: (load-airplane p16 a0 l0-0)
25.960: (load-airplane p17 a1 l0-0)
25.899: (drive-truck t0 l0-4 l0-1 c0)
25.899: (drive-truck t0 l0-4 l0-1 c0)
25.946: (drive-truck t0 l0-4 l0-1 c0)
25.967: (drive-truck t0 l0-4 l0-1 c0)
25.968: (drive-truck t0 l0-4 l0-1 c0)
25.973: (drive-truck t0 l0-4 l0-1 c0)
25.974: (drive-truck t0 l0-4 l0-1 c0)
25.974: (drive-truck t0 l0-4 l0-1 c0)
25.976: (drive-truck t0 l0-4 l0-1 c0)
25.992: (drive-truck t0 l0-4 l0-1 c0)
26.066: (drive-truck t2 l2-3 l2-0 c2)
26.066: (drive-truck t2 l2-3 l2-0 c2)
26.117: (drive-truck t2 l2-3 l2-0 c2)
26.141: (drive-truck t2 l2-3 l2-0 c2)
26.142: (drive-truck t2 l2-3 l2-0 c2)
26.147: (drive-truck t2 l2-3 l2-0 c2)
26.148: (drive-truck t2 l2-3 l2-0 c2)
26.148: (drive-truck t2 l2-3 l2-0 c2)
26.150: (drive-truck t2 l2-3 l2-0 c2)
26.160: (drive-truck t2 l2-3 l2-0 c2)
25.951: (unload-truck p0 t1 l1-0)
25.951: (unload-truck p0 t1 l1-0)
25.953: (unload-truck p0 t1 l1-0)
25.953: (unload-truck p0 t1 l1-0)
25.967: (unload-truck p0 t1 l1-0)
25.967: (unload-truck p0 t1 l1-0)
25.969: (unload-truck p0 t1 l1-0)
25.969: (unload-truck p0 t1 l1-0)
26.009: (unload-truck p0 t1 l1-0)
26.048: (drive-truck t0 l0-1 l0-4 c0)
26.123: (drive-truck t1 l1-0 l1-3 c1)
26.195: (drive-truck t1 l1-0 l1-1 c1)
26.195: (drive-truck t1 l1-0 l1-1 c1)
26.196: (drive-truck t1 l1-0 l1-3 c1)
26.196: (drive-truck t1 l1-0 l1-3 c1)
26.196: (drive-truck t1 l1-0 l1-3 c1)
26.197: (drive-truck t1 l1-0 l1-3 c1)
26.205: (drive-truck t1 l1-0 l1-3 c1)
26.206: (drive-truck t1 l1-0 l1-3 c1)
26.207: (drive-truck t1 l1-0 l1-3 c1)
26.086: (load-truck p23 t1 l1-3)
26.088: (load-truck p23 t1 l1-3)
26.096: (load-truck p23 t1 l1-3)
26.160: (load-truck p23 t1 l1-3)
26.164: (load-truck p23 t1 l1-3)
26.164: (load-truck p23 t1 l1-3)
26.164: (load-truck p23 t1 l1-3)
26.165: (load-truck p23 t1 l1-3)
26.176: (load-truck p1 t1 l1-1)
26.176: (load-truck p1 t1 l1-1)
25.931: (drive-truck t2 l2-0 l2-3 c2)
25.931: (drive-truck t2 l2-0 l2-3 c2)
25.998: (drive-truck t2 l2-0 l2-3 c2)
26.003: (drive-truck t2 l2-0 l2-3 c2)
26.003: (drive-truck t2 l2-0 l2-3 c2)
26.004: (drive-truck t2 l2-0 l2-3 c2)
26.004: (drive-truck t2 l2-0 l2-3 c2)
26.025: (drive-truck t2 l2-0 l2-3 c2)
26.074: (drive-truck t0 l0-1 l0-4 c0)
26.074: (drive-truck t0 l0-1 l0-4 c0)
25.905: (drive-truck t2 l2-0 l2-3 c2)
25.906: (drive-truck t0 l0-1 l0-4 c0)
25.906: (drive-truck t0 l0-1 l0-4 c0)
25.907: (drive-truck t2 l2-0 l2-3 c2)
25.971: (drive-truck t0 l0-1 l0-4 c0)
25.975: (drive-truck t0 l0-1 l0-4 c0)
25.975: (drive-truck t0 l0-1 l0-4 c0)
25.976: (drive-truck t0 l0-1 l0-4 c0)
25.976: (drive-truck t0 l0-1 l0-4 c0)
26.008: (drive-truck t0 l0-1 l0-4 c0)
26.136: (drive-truck t2 l2-3 l2-0 c2)
26.142: (drive-truck t2 l2-3 l2-0 c2)
26.142: (drive-truck t2 l2-3 l2-0 c2)
26.143: (drive-truck t2 l2-3 l2-0 c2)
26.143: (drive-truck t2 l2-3 l2-0 c2)
26.171: (drive-truck t2 l2-3 l2-0 c2)
26.264: (drive-truck t2 l2-3 l2-1 c2)
26.264: (drive-truck t2 l2-3 l2-1 c2)
26.341: (drive-truck t2 l2-3 l2-1 c2)
26.347: (drive-truck t2 l2-3 l2-1 c2)
26.281: (drive-truck t0 l0-4 l0-1 c0)
26.282: (drive-truck t0 l0-4 l0-1 c0)
26.346: (drive-truck t2 l2-0 l2-1 c2)
26.347: (drive-truck t2 l2-0 l2-1 c2)
26.348: (drive-truck t2 l2-0 l2-1 c2)
26.365: (drive-truck t0 l0-4 l0-1 c0)
26.372: (drive-truck t0 l0-4 l0-1 c0)
26.492: (drive-truck t2 l2-0 l2-2 c2)
26.492: (drive-truck t2 l2-1 l2-2 c2)
26.492: (drive-truck t2 l2-0 l2-2 c2)
26.370: (drive-truck t0 l0-4 l0-1 c0)
26.372: (drive-truck t0 l0-4 l0-1 c0)
26.373: (drive-truck t0 l0-4 l0-1 c0)
26.493: (drive-truck t2 l2-1 l2-2 c2)
26.493: (drive-truck t2 l2-1 l2-2 c2)
26.983: (drive-truck t2 l2-1 l2-2 c2)
26.983: (drive-truck t0 l0-4 l0-1 c0)
26.983: (drive-truck t0 l0-4 l0-1 c0)
27.018: (drive-truck t2 l2-1 l2-2 c2)
27.106: (drive-truck t2 l2-1 l2-2 c2)
26.186: (unload-airplane p18 a2 l0-0)
26.186: (load-airplane p11 a0 l0-0)
26.187: (unload-airplane p18 a1 l0-0)
26.507: (drive-truck t0 l0-1 l0-4 c0)
26.521: (drive-truck t0 l0-1 l0-4 c0)
26.983: (drive-truck t0 l0-4 l0-1 c0)
26.984: (drive-truck t2 l2-1 l2-2 c2)
26.984: (drive-truck t2 l2-1 l2-2 c2)
26.985: (drive-truck t0 l0-4 l0-1 c0)
27.275: (unload-airplane p11 a0 l0-0)
26.271: (load-airplane p11 a2 l0-0)
26.365: (load-airplane p11 a1 l0-0)
26.395: (load-truck p26 t2 l2-2)
26.726: (drive-truck t2 l2-2 l2-4 c2)
26.923: (drive-truck t2 l2-1 l2-3 c2)
26.956: (drive-truck t0 l0-1 l0-2 c0)
27.086: (drive-truck t2 l2-1 l2-0 c2)
27.183: (unload-truck p13 t1 l1-3)
27.200: (unload-airplane p16 a2 l0-0)
27.212: (unload-airplane p17 a2 l0-0)
25.903: (drive-truck t2 l2-1 l2-3 c2)
25.903: (load-airplane p11 a2 l0-0)
25.998: (drive-truck t2 l2-1 l2-3 c2)
25.998: (load-airplane p11 a1 l0-0)
26.005: (drive-truck t2 l2-2 l2-3 c2)
26.037: (drive-truck t2 l2-2 l2-3 c2)
26.064: (load-airplane p11 a2 l0-0)
26.065: (drive-truck t2 l2-1 l2-0 c2)
26.082: (drive-truck t2 l2-2 l2-0 c2)
26.158: (load-airplane p11 a1 l0-0)
25.876: (drive-truck t0 l0-1 l0-4 c0)
25.971: (drive-truck t0 l0-1 l0-4 c0)
25.980: (drive-truck t0 l0-1 l0-4 c0)
26.018: (drive-truck t0 l0-1 l0-4 c0)
26.042: (drive-truck t0 l0-1 l0-4 c0)
26.096: (unload-truck p23 t1 l1-3)
26.098: (drive-truck t0 l0-2 l0-3 c0)
26.135: (drive-truck t0 l0-1 l0-4 c0)
26.165: (drive-truck t2 l2-3 l2-0 c2)
26.190: (drive-truck t2 l2-3 l2-0 c2)
25.673: (drive-truck t2 l2-0 l2-3 c2)
26.150: (drive-truck t0 l0-1 l0-4 c0)
26.151: (drive-truck t2 l2-3 l2-0 c2)
26.186: (drive-truck t2 l2-3 l2-0 c2)
26.186: (drive-truck t0 l0-1 l0-4 c0)
26.217: (unload-truck p23 t1 l1-3)
26.221: (unload-truck p23 t1 l1-3)
26.247: (drive-truck t2 l2-3 l2-1 c2)
26.248: (drive-truck t2 l2-0 l2-1 c2)
26.306: (drive-truck t2 l2-0 l2-1 c2)
25.940: (drive-truck t1 l1-3 l1-0 c1)
26.103: (drive-truck t1 l1-3 l1-0 c1)
26.126: (drive-truck t1 l1-3 l1-1 c1)
26.331: (drive-truck t1 l1-3 l1-1 c1)
26.343: (drive-truck t2 l2-0 l2-1 c2)
26.355: (load-truck p10 t0 l0-3)
26.392: (drive-truck t2 l2-1 l2-2 c2)
26.399: (drive-truck t2 l2-0 l2-1 c2)
26.593: (drive-truck t2 l2-0 l2-2 c2)
26.601: (unload-airplane p11 a0 l0-0)
25.672: (load-airplane p11 a1 l0-0)
26.145: (load-truck p0 t1 l1-0)
26.211: (load-truck p0 t1 l1-0)
26.239: (load-truck p1 t1 l1-1)
26.316: (load-truck p1 t1 l1-1)
26.341: (drive-truck t0 l0-3 l0-4 c0)
26.365: (drive-truck t0 l0-4 l0-1 c0)
26.367: (drive-truck t0 l0-3 l0-1 c0)
26.408: (drive-truck t0 l0-4 l0-1 c0)
26.509: (drive-truck t2 l2-3 l2-0 c2)
25.666: (drive-truck t0 l0-3 l0-2 c0)
25.966: (drive-truck t2 l2-0 l2-3 c2)
26.040: (drive-truck t2 l2-0 l2-3 c2)
26.085: (drive-truck t2 l2-0 l2-3 c2)
26.099: (drive-truck t2 l2-3 l2-0 c2)
26.126: (drive-truck t0 l0-1 l0-4 c0)
26.166: (drive-truck t2 l2-0 l2-3 c2)
26.192: (drive-truck t0 l0-1 l0-4 c0)
26.236: (drive-truck t0 l0-1 l0-4 c0)
26.307: (drive-truck t2 l2-3 l2-1 c2)
25.935: (drive-truck t2 l2-0 l2-3 c2)
25.936: (drive-truck t0 l0-1 l0-4 c0)
26.008: (drive-truck t0 l0-1 l0-4 c0)
26.010: (drive-truck t2 l2-0 l2-3 c2)
26.067: (drive-truck t2 l2-0 l2-3 c2)
26.069: (drive-truck t0 l0-1 l0-4 c0)
26.081: (drive-truck t2 l2-3 l2-0 c2)
26.082: (drive-truck t0 l0-3 l0-2 c0)
26.150: (drive-truck t0 l0-1 l0-4 c0)
26.244: (drive-truck t0 l0-1 l0-2 c0)
26.247: (drive-truck t0 l0-2 l0-3 c0)
26.247: (drive-truck t0 l0-4 l0-3 c0)
26.296: (drive-truck t2 l2-3 l2-1 c2)
26.301: (drive-truck t2 l2-0 l2-1 c2)
26.312: (drive-truck t2 l2-3 l2-0 c2)
26.322: (drive-truck t0 l0-4 l0-2 c0)
26.325: (drive-truck t0 l0-4 l0-3 c0)
26.382: (drive-truck t2 l2-3 l2-1 c2)
26.451: (drive-truck t2 l2-3 l2-1 c2)
26.498: (load-truck p8 t0 l0-2)
25.318: (load-airplane p17 a0 l0-0)
25.340: (load-airplane p17 a1 l0-0)
26.322: (drive-truck t0 l0-4 l0-1 c0)
26.345: (drive-truck t2 l2-0 l2-3 c2)
26.402: (drive-truck t0 l0-4 l0-1 c0)
26.462: (drive-truck t0 l0-4 l0-1 c0)
26.489: (drive-truck t0 l0-2 l0-4 c0)
26.504: (drive-truck t0 l0-2 l0-1 c0)
26.525: (drive-truck t2 l2-1 l2-2 c2)
26.539: (drive-truck t2 l2-0 l2-1 c2)
25.340: (load-airplane p17 a0 l0-0)
25.340: (drive-truck t0 l0-4 l0-1 c0)
25.549: (drive-truck t2 l2-1 l2-2 c2)
25.775: (drive-truck t2 l2-3 l2-0 c2)
25.895: (drive-truck t0 l0-4 l0-2 c0)
25.897: (drive-truck t0 l0-4 l0-3 c0)
25.981: (drive-truck t2 l2-3 l2-1 c2)
26.227: (unload-airplane p16 a2 l0-0)
26.273: (unload-airplane p11 a0 l0-0)
26.273: (unload-airplane p16 a2 l0-0)
25.687: (drive-truck t2 l2-1 l2-0 c2)
25.698: (drive-truck t2 l2-1 l2-0 c2)
25.786: (drive-truck t0 l0-2 l0-3 c0)
25.961: (drive-truck t0 l0-2 l0-4 c0)
25.983: (drive-truck t0 l0-2 l0-3 c0)
25.992: (drive-truck t0 l0-2 l0-1 c0)
26.147: (drive-truck t2 l2-1 l2-2 c2)
26.147: (drive-truck t0 l0-4 l0-1 c0)
26.247: (drive-truck t0 l0-4 l0-1 c0)
26.249: (unload-airplane p16 a2 l0-0)
26.142: (drive-truck t2 l2-3 l2-0 c2)
26.159: (drive-truck t2 l2-3 l2-0 c2)
26.320: (drive-truck t2 l2-3 l2-1 c2)
26.341: (drive-truck t2 l2-3 l2-1 c2)
26.341: (load-truck p26 t2 l2-2)
26.387: (unload-truck p0 t1 l1-0)
26.473: (load-truck p10 t0 l0-3)
26.475: (load-truck p8 t0 l0-2)
26.480: (unload-truck p0 t1 l1-0)
26.535: (drive-truck t0 l0-1 l0-2 c0)
25.777: (drive-truck t0 l0-3 l0-4 c0)
25.867: (drive-truck t0 l0-3 l0-4 c0)
26.060: (unload-truck p0 t1 l1-0)
26.307: (drive-truck t2 l2-0 l2-3 c2)
26.307: (drive-truck t2 l2-0 l2-3 c2)
26.310: (drive-truck t0 l0-1 l0-4 c0)
26.349: (drive-truck t2 l2-2 l2-3 c2)
26.460: (drive-truck t0 l0-3 l0-4 c0)
26.467: (drive-truck t0 l0-2 l0-4 c0)
26.478: (drive-truck t0 l0-3 l0-1 c0)
26.224: (drive-truck t1 l1-0 l1-2 c1)
26.224: (drive-truck t1 l1-0 l1-4 c1)
26.284: (drive-truck t0 l0-3 l0-4 c0)
26.285: (drive-truck t2 l2-0 l2-3 c2)
26.289: (drive-truck t1 l1-0 l1-1 c1)
26.297: (drive-truck t1 l1-0 l1-3 c1)
26.306: (drive-truck t0 l0-2 l0-4 c0)
26.306: (drive-truck t2 l2-0 l2-3 c2)
26.314: (drive-truck t2 l2-0 l2-3 c2)
26.316: (drive-truck t0 l0-3 l0-1 c0)
26.028: (drive-truck t0 l0-4 l0-1 c0)
26.028: (drive-truck t0 l0-4 l0-1 c0)
26.182: (load-truck p23 t1 l1-3)
26.269: (load-truck p1 t1 l1-1)
26.333: (drive-truck t0 l0-4 l0-1 c0)
26.362: (drive-truck t1 l1-4 l1-3 c1)
26.362: (drive-truck t1 l1-2 l1-3 c1)
26.418: (drive-truck t1 l1-2 l1-1 c1)
26.419: (drive-truck t1 l1-4 l1-1 c1)
26.485: (drive-truck t2 l2-0 l2-3 c2)
26.025: (drive-truck t2 l2-0 l2-3 c2)
26.119: (drive-truck t2 l2-0 l2-3 c2)
26.167: (drive-truck t0 l0-1 l0-4 c0)
26.266: (drive-truck t0 l0-1 l0-4 c0)
26.292: (drive-truck t0 l0-4 l0-1 c0)
26.293: (drive-truck t2 l2-0 l2-3 c2)
26.293: (drive-truck t2 l2-0 l2-3 c2)
26.375: (drive-truck t2 l2-0 l2-1 c2)
26.484: (drive-truck t1 l1-2 l1-4 c1)
26.485: (drive-truck t2 l2-0 l2-1 c2)
26.000: (drive-truck t0 l0-1 l0-4 c0)
26.000: (drive-truck t2 l2-0 l2-3 c2)
26.103: (drive-truck t2 l2-0 l2-3 c2)
26.103: (drive-truck t0 l0-1 l0-4 c0)
26.357: (drive-truck t0 l0-1 l0-4 c0)
26.357: (drive-truck t2 l2-0 l2-1 c2)
26.478: (drive-truck t2 l2-0 l2-1 c2)
26.480: (drive-truck t0 l0-1 l0-4 c0)
26.523: (drive-truck t0 l0-4 l0-3 c0)
26.523: (drive-truck t0 l0-1 l0-3 c0)
26.523: (drive-truck t1 l1-4 l1-2 c1)
26.616: (drive-truck t2 l2-3 l2-2 c2)
26.616: (drive-truck t2 l2-1 l2-2 c2)
26.688: (drive-truck t0 l0-4 l0-2 c0)
26.689: (drive-truck t2 l2-1 l2-2 c2)
26.689: (drive-truck t2 l2-3 l2-2 c2)
26.694: (drive-truck t0 l0-4 l0-3 c0)
26.745: (drive-truck t0 l0-4 l0-2 c0)
26.750: (drive-truck t0 l0-4 l0-3 c0)
26.846: (drive-truck t2 l2-3 l2-0 c2)
25.666: (load-airplane p11 a2 l0-0)
25.673: (load-airplane p11 a2 l0-0)
25.690: (load-airplane p11 a0 l0-0)
25.726: (load-airplane p11 a1 l0-0)
25.729: (load-airplane p11 a1 l0-0)
25.753: (load-airplane p11 a0 l0-0)
25.761: (load-airplane p11 a0 l0-0)
25.812: (load-airplane p11 a0 l0-0)
25.818: (load-airplane p11 a0 l0-0)
26.846: (drive-truck t1 l1-4 l1-2 c1)
26.081: (drive-truck t2 l2-3 l2-0 c2)
26.099: (drive-truck t2 l2-3 l2-0 c2)
26.116: (drive-truck t2 l2-3 l2-0 c2)
26.132: (drive-truck t2 l2-3 l2-0 c2)
26.169: (drive-truck t2 l2-3 l2-0 c2)
26.185: (drive-truck t2 l2-3 l2-0 c2)
26.203: (drive-truck t2 l2-3 l2-0 c2)
26.220: (drive-truck t2 l2-3 l2-0 c2)
26.276: (drive-truck t0 l0-4 l0-1 c0)
26.300: (drive-truck t2 l2-3 l2-1 c2)
26.307: (drive-truck t0 l0-2 l0-3 c0)
26.307: (drive-truck t2 l2-0 l2-1 c2)
26.368: (drive-truck t2 l2-0 l2-1 c2)
26.373: (drive-truck t2 l2-0 l2-1 c2)
26.382: (drive-truck t2 l2-0 l2-1 c2)
26.389: (drive-truck t2 l2-0 l2-1 c2)
26.446: (drive-truck t2 l2-0 l2-1 c2)
26.454: (drive-truck t2 l2-0 l2-1 c2)
26.489: (load-truck p26 t2 l2-2)
26.499: (load-truck p8 t0 l0-2)
26.344: (drive-truck t2 l2-0 l2-3 c2)
26.462: (drive-truck t0 l0-1 l0-4 c0)
26.488: (drive-truck t0 l0-2 l0-4 c0)
26.491: (drive-truck t2 l2-2 l2-3 c2)
26.504: (drive-truck t0 l0-2 l0-1 c0)
26.646: (drive-truck t2 l2-2 l2-0 c2)
26.721: (drive-truck t2 l2-0 l2-1 c2)
26.721: (load-truck p10 t0 l0-3)
26.806: (load-truck p8 t0 l0-2)
26.809: (load-truck p10 t0 l0-3)
26.347: (drive-truck t2 l2-0 l2-3 c2)
26.347: (drive-truck t0 l0-2 l0-4 c0)
26.353: (drive-truck t2 l2-1 l2-3 c2)
26.370: (drive-truck t2 l2-0 l2-3 c2)
26.370: (drive-truck t0 l0-2 l0-1 c0)
26.432: (drive-truck t2 l2-1 l2-3 c2)
26.444: (drive-truck t2 l2-1 l2-3 c2)
26.469: (drive-truck t0 l0-1 l0-4 c0)
26.469: (drive-truck t2 l2-2 l2-3 c2)
26.509: (drive-truck t2 l2-1 l2-0 c2)
26.340: (drive-truck t0 l0-3 l0-4 c0)
26.367: (drive-truck t0 l0-3 l0-1 c0)
26.431: (drive-truck t0 l0-3 l0-4 c0)
26.436: (drive-truck t0 l0-2 l0-4 c0)
26.456: (drive-truck t0 l0-3 l0-1 c0)
26.459: (drive-truck t0 l0-2 l0-1 c0)
26.494: (drive-truck t0 l0-3 l0-4 c0)
26.512: (drive-truck t0 l0-3 l0-1 c0)
26.587: (drive-truck t2 l2-3 l2-0 c2)
26.599: (drive-truck t2 l2-3 l2-0 c2)
26.578: (drive-truck t0 l0-2 l0-4 c0)
26.579: (drive-truck t2 l2-3 l2-0 c2)
26.585: (drive-truck t2 l2-3 l2-0 c2)
26.586: (drive-truck t0 l0-3 l0-4 c0)
26.594: (drive-truck t0 l0-2 l0-1 c0)
26.595: (drive-truck t2 l2-3 l2-0 c2)
26.599: (drive-truck t0 l0-3 l0-1 c0)
26.601: (drive-truck t2 l2-3 l2-0 c2)
26.706: (drive-truck t2 l2-3 l2-1 c2)
26.706: (drive-truck t2 l2-0 l2-1 c2)
26.700: (unload-truck p23 t1 l1-3)
26.723: (drive-truck t0 l0-4 l0-1 c0)
26.794: (drive-truck t2 l2-0 l2-1 c2)
26.800: (drive-truck t2 l2-0 l2-1 c2)
26.811: (drive-truck t2 l2-0 l2-1 c2)
26.817: (drive-truck t2 l2-0 l2-1 c2)
26.873: (unload-truck p23 t1 l1-3)
26.937: (drive-truck t2 l2-1 l2-2 c2)
27.026: (drive-truck t2 l2-0 l2-2 c2)
27.027: (drive-truck t2 l2-0 l2-2 c2)
26.465: (drive-truck t1 l1-3 l1-0 c1)
26.530: (drive-truck t1 l1-3 l1-0 c1)
26.688: (drive-truck t1 l1-3 l1-1 c1)
26.866: (drive-truck t1 l1-3 l1-1 c1)
26.912: (drive-truck t1 l1-3 l1-2 c1)
26.912: (drive-truck t1 l1-3 l1-4 c1)
27.318: (drive-truck t0 l0-4 l0-2 c0)
27.439: (drive-truck t1 l1-3 l1-4 c1)
27.439: (drive-truck t1 l1-3 l1-2 c1)
27.491: (drive-truck t2 l2-2 l2-4 c2)
26.567: (load-truck p0 t1 l1-0)
26.577: (load-truck p0 t1 l1-0)
26.681: (load-truck p1 t1 l1-1)
26.682: (load-truck p1 t1 l1-1)
26.939: (drive-truck t0 l0-1 l0-3 c0)
26.979: (drive-truck t0 l0-1 l0-3 c0)
26.980: (drive-truck t0 l0-1 l0-3 c0)
27.043: (unload-truck p8 t0 l0-2)
27.106: (drive-truck t0 l0-1 l0-4 c0)
27.106: (drive-truck t0 l0-1 l0-4 c0)
26.405: (drive-truck t2 l2-0 l2-3 c2)
26.422: (drive-truck t2 l2-0 l2-3 c2)
26.547: (drive-truck t2 l2-0 l2-3 c2)
26.549: (drive-truck t0 l0-1 l0-4 c0)
26.556: (drive-truck t2 l2-0 l2-3 c2)
26.557: (drive-truck t0 l0-1 l0-4 c0)
26.561: (load-truck p0 t1 l1-0)
26.562: (drive-truck t0 l0-1 l0-3 c0)
26.564: (drive-truck t0 l0-1 l0-2 c0)
26.677: (drive-truck t0 l0-1 l0-4 c0)
26.374: (drive-truck t2 l2-0 l2-3 c2)
26.374: (drive-truck t0 l0-1 l0-4 c0)
26.396: (drive-truck t2 l2-0 l2-3 c2)
26.396: (drive-truck t0 l0-1 l0-3 c0)
26.396: (drive-truck t0 l0-1 l0-4 c0)
26.396: (drive-truck t2 l2-0 l2-3 c2)
26.397: (drive-truck t0 l0-1 l0-2 c0)
26.397: (drive-truck t2 l2-0 l2-3 c2)
26.530: (drive-truck t0 l0-1 l0-4 c0)
26.535: (drive-truck t0 l0-1 l0-3 c0)
26.678: (drive-truck t2 l2-3 l2-0 c2)
26.682: (drive-truck t2 l2-3 l2-0 c2)
26.743: (drive-truck t2 l2-3 l2-1 c2)
26.760: (drive-truck t2 l2-3 l2-1 c2)
26.763: (drive-truck t2 l2-3 l2-1 c2)
26.772: (drive-truck t2 l2-3 l2-1 c2)
26.907: (drive-truck t2 l2-3 l2-1 c2)
26.913: (drive-truck t2 l2-3 l2-1 c2)
26.939: (drive-truck t0 l0-3 l0-2 c0)
26.939: (drive-truck t0 l0-4 l0-2 c0)
26.763: (drive-truck t0 l0-4 l0-1 c0)
26.763: (drive-truck t0 l0-3 l0-1 c0)
26.784: (drive-truck t0 l0-2 l0-1 c0)
26.785: (drive-truck t0 l0-4 l0-1 c0)
26.913: (drive-truck t0 l0-4 l0-1 c0)
26.914: (drive-truck t0 l0-3 l0-1 c0)
26.963: (drive-truck t2 l2-1 l2-2 c2)
26.981: (drive-truck t2 l2-1 l2-2 c2)
27.096: (drive-truck t2 l2-1 l2-2 c2)
27.098: (drive-truck t2 l2-0 l2-2 c2)
27.274: (drive-truck t0 l0-4 l0-2 c0)
27.510: (drive-truck t2 l2-2 l2-4 c2)
27.541: (drive-truck t0 l0-4 l0-3 c0)
27.545: (drive-truck t0 l0-4 l0-1 c0)
27.545: (drive-truck t2 l2-1 l2-2 c2)
27.601: (drive-truck t0 l0-4 l0-1 c0)
27.602: (drive-truck t2 l2-1 l2-2 c2)
27.617: (drive-truck t0 l0-1 l0-2 c0)
27.623: (drive-truck t0 l0-1 l0-3 c0)
27.660: (drive-truck t0 l0-4 l0-1 c0)
26.622: (unload-truck p8 t0 l0-2)
26.909: (unload-truck p10 t0 l0-3)
26.943: (drive-truck t2 l2-1 l2-3 c2)
27.414: (drive-truck t2 l2-1 l2-0 c2)
27.433: (drive-truck t2 l2-1 l2-0 c2)
27.562: (drive-truck t2 l2-2 l2-4 c2)
27.562: (drive-truck t0 l0-4 l0-2 c0)
27.665: (drive-truck t0 l0-1 l0-3 c0)
27.688: (drive-truck t0 l0-4 l0-1 c0)
27.688: (drive-truck t2 l2-2 l2-4 c2)
25.642: (drive-truck t0 l0-3 l0-4 c0)
25.642: (drive-truck t0 l0-2 l0-4 c0)
26.238: (drive-truck t0 l0-2 l0-1 c0)
26.238: (drive-truck t0 l0-3 l0-1 c0)
26.968: (load-truck p26 t2 l2-2)
26.972: (load-truck p26 t2 l2-2)
27.220: (unload-truck p10 t0 l0-3)
27.264: (drive-truck t2 l2-2 l2-4 c2)
27.264: (unload-truck p8 t0 l0-2)
27.546: (drive-truck t2 l2-2 l2-4 c2)
26.403: (load-truck p26 t2 l2-2)
26.403: (drive-truck t0 l0-3 l0-4 c0)
26.403: (drive-truck t0 l0-2 l0-4 c0)
26.434: (load-truck p26 t2 l2-2)
26.434: (drive-truck t0 l0-2 l0-1 c0)
26.434: (drive-truck t0 l0-3 l0-1 c0)
26.563: (load-airplane p18 a2 l0-0)
26.563: (load-airplane p18 a0 l0-0)
26.563: (load-airplane p18 a1 l0-0)
26.566: (unload-airplane p16 a2 l0-0)
26.036: (drive-truck t2 l2-2 l2-3 c2)
26.037: (drive-truck t2 l2-2 l2-3 c2)
26.037: (drive-truck t2 l2-2 l2-3 c2)
26.142: (drive-truck t2 l2-2 l2-0 c2)
26.217: (drive-truck t2 l2-2 l2-0 c2)
26.217: (drive-truck t2 l2-2 l2-0 c2)
26.217: (drive-truck t2 l2-2 l2-0 c2)
26.320: (drive-truck t2 l2-2 l2-1 c2)
26.407: (drive-truck t2 l2-2 l2-1 c2)
26.408: (drive-truck t2 l2-2 l2-1 c2)
26.066: (drive-truck t0 l0-4 l0-1 c0)
26.066: (drive-truck t0 l0-4 l0-1 c0)
26.066: (drive-truck t0 l0-4 l0-1 c0)
26.241: (drive-truck t0 l0-4 l0-1 c0)
26.241: (drive-truck t0 l0-4 l0-1 c0)
26.241: (drive-truck t0 l0-4 l0-1 c0)
26.341: (drive-truck t0 l0-4 l0-1 c0)
26.372: (drive-truck t0 l0-4 l0-2 c0)
26.372: (drive-truck t0 l0-4 l0-2 c0)
26.372: (drive-truck t0 l0-4 l0-2 c0)
26.066: (unload-truck p0 t1 l1-0)
26.066: (unload-truck p0 t1 l1-0)
26.067: (unload-truck p0 t1 l1-0)
26.375: (drive-truck t0 l0-2 l0-3 c0)
26.375: (drive-truck t0 l0-1 l0-3 c0)
26.375: (drive-truck t0 l0-2 l0-3 c0)
26.376: (drive-truck t0 l0-1 l0-3 c0)
26.376: (drive-truck t0 l0-1 l0-3 c0)
26.376: (drive-truck t0 l0-2 l0-3 c0)
26.431: (drive-truck t2 l2-0 l2-1 c2)
26.306: (drive-truck t1 l1-0 l1-3 c1)
26.306: (drive-truck t1 l1-0 l1-3 c1)
26.306: (drive-truck t1 l1-0 l1-3 c1)
26.317: (drive-truck t1 l1-0 l1-1 c1)
26.318: (drive-truck t1 l1-0 l1-1 c1)
26.318: (drive-truck t1 l1-0 l1-1 c1)
26.751: (drive-truck t0 l0-1 l0-4 c0)
26.752: (drive-truck t0 l0-1 l0-4 c0)
26.752: (drive-truck t0 l0-1 l0-4 c0)
26.822: (drive-truck t2 l2-3 l2-0 c2)
26.257: (load-truck p23 t1 l1-3)
26.257: (load-truck p23 t1 l1-3)
26.257: (load-truck p23 t1 l1-3)
26.344: (load-truck p1 t1 l1-1)
26.344: (load-truck p1 t1 l1-1)
26.345: (load-truck p1 t1 l1-1)
26.809: (drive-truck t0 l0-3 l0-2 c0)
27.012: (drive-truck t2 l2-0 l2-1 c2)
27.080: (drive-truck t1 l1-1 l1-2 c1)
27.080: (drive-truck t1 l1-1 l1-4 c1)
26.096: (drive-truck t2 l2-0 l2-3 c2)
26.096: (drive-truck t2 l2-0 l2-3 c2)
26.096: (drive-truck t2 l2-0 l2-3 c2)
26.119: (unload-airplane p18 a0 l0-0)
26.119: (unload-airplane p18 a0 l0-0)
26.192: (drive-truck t2 l2-0 l2-3 c2)
26.193: (drive-truck t2 l2-0 l2-3 c2)
26.193: (drive-truck t2 l2-0 l2-3 c2)
26.235: (drive-truck t0 l0-1 l0-4 c0)
26.235: (drive-truck t0 l0-1 l0-4 c0)
26.069: (drive-truck t2 l2-0 l2-3 c2)
26.069: (drive-truck t0 l0-1 l0-4 c0)
26.070: (drive-truck t0 l0-1 l0-4 c0)
26.070: (drive-truck t0 l0-1 l0-4 c0)
26.070: (drive-truck t2 l2-0 l2-3 c2)
26.170: (drive-truck t0 l0-1 l0-4 c0)
26.170: (drive-truck t0 l0-1 l0-4 c0)
26.170: (drive-truck t0 l0-1 l0-4 c0)
26.319: (drive-truck t0 l0-1 l0-4 c0)
26.319: (drive-truck t0 l0-1 l0-4 c0)
26.235: (drive-truck t2 l2-3 l2-0 c2)
26.329: (drive-truck t2 l2-3 l2-0 c2)
26.329: (drive-truck t2 l2-3 l2-0 c2)
26.329: (drive-truck t2 l2-3 l2-0 c2)
26.439: (drive-truck t2 l2-3 l2-1 c2)
26.439: (drive-truck t2 l2-3 l2-1 c2)
26.439: (drive-truck t2 l2-3 l2-1 c2)
26.449: (drive-truck t1 l1-2 l1-3 c1)
26.449: (drive-truck t1 l1-4 l1-3 c1)
26.503: (drive-truck t1 l1-4 l1-1 c1)
26.462: (drive-truck t0 l0-4 l0-1 c0)
26.463: (drive-truck t0 l0-4 l0-1 c0)
26.463: (drive-truck t0 l0-4 l0-1 c0)
26.555: (drive-truck t2 l2-0 l2-1 c2)
26.556: (drive-truck t2 l2-0 l2-1 c2)
26.556: (drive-truck t2 l2-0 l2-1 c2)
26.603: (drive-truck t2 l2-0 l2-2 c2)
26.603: (drive-truck t2 l2-1 l2-2 c2)
26.604: (drive-truck t2 l2-1 l2-2 c2)
26.604: (drive-truck t2 l2-1 l2-2 c2)
26.572: (drive-truck t0 l0-4 l0-1 c0)
26.572: (drive-truck t0 l0-4 l0-1 c0)
26.573: (drive-truck t0 l0-4 l0-1 c0)
26.678: (drive-truck t2 l2-1 l2-2 c2)
26.678: (drive-truck t2 l2-1 l2-2 c2)
26.678: (drive-truck t2 l2-1 l2-2 c2)
27.114: (drive-truck t0 l0-4 l0-1 c0)
27.115: (drive-truck t0 l0-4 l0-1 c0)
27.115: (drive-truck t2 l2-1 l2-2 c2)
27.115: (drive-truck t2 l2-1 l2-2 c2)
27.188: (drive-truck t2 l2-1 l2-2 c2)
27.188: (drive-truck t2 l2-1 l2-2 c2)
27.188: (drive-truck t0 l0-4 l0-1 c0)
27.188: (drive-truck t0 l0-4 l0-1 c0)
27.188: (drive-truck t2 l2-1 l2-2 c2)
27.188: (drive-truck t0 l0-4 l0-1 c0)
27.429: (drive-truck t2 l2-2 l2-4 c2)
27.430: (drive-truck t2 l2-2 l2-4 c2)
27.430: (drive-truck t2 l2-2 l2-4 c2)
27.471: (drive-truck t0 l0-1 l0-2 c0)
26.470: (unload-airplane p18 a0 l0-0)
26.470: (unload-airplane p18 a1 l0-0)
26.470: (unload-airplane p18 a2 l0-0)
26.829: (drive-truck t2 l2-1 l2-3 c2)
27.229: (drive-truck t2 l2-1 l2-0 c2)
27.479: (drive-truck t0 l0-2 l0-3 c0)
27.576: (load-truck p26 t2 l2-2)
27.577: (load-truck p26 t2 l2-2)
27.577: (load-truck p26 t2 l2-2)
27.604: (drive-truck t2 l2-2 l2-4 c2)
26.579: (unload-airplane p18 a2 l0-0)
26.579: (unload-airplane p18 a1 l0-0)
26.579: (unload-airplane p18 a0 l0-0)
26.630: (unload-airplane p18 a2 l0-0)
26.630: (drive-truck t0 l0-4 l0-1 c0)
26.833: (drive-truck t2 l2-1 l2-3 c2)
26.834: (drive-truck t0 l0-2 l0-3 c0)
27.191: (drive-truck t0 l0-4 l0-2 c0)
27.246: (drive-truck t0 l0-2 l0-3 c0)
27.246: (drive-truck t2 l2-1 l2-0 c2)
26.564: (drive-truck t0 l0-1 l0-4 c0)
26.579: (drive-truck t2 l2-2 l2-3 c2)
26.726: (drive-truck t2 l2-2 l2-0 c2)
26.929: (drive-truck t2 l2-4 l2-2 c2)
26.956: (drive-truck t2 l2-2 l2-1 c2)
27.362: (load-truck p8 t0 l0-2)
27.449: (drive-truck t0 l0-1 l0-2 c0)
27.458: (drive-truck t0 l0-1 l0-3 c0)
27.499: (drive-truck t0 l0-1 l0-3 c0)
27.500: (drive-truck t0 l0-2 l0-3 c0)
26.539: (drive-truck t2 l2-4 l2-3 c2)
26.568: (drive-truck t2 l2-2 l2-3 c2)
26.568: (drive-truck t0 l0-1 l0-4 c0)
26.685: (drive-truck t2 l2-4 l2-0 c2)
26.721: (drive-truck t2 l2-2 l2-0 c2)
26.721: (drive-truck t0 l0-1 l0-4 c0)
26.851: (unload-truck p1 t1 l1-1)
26.924: (drive-truck t2 l2-4 l2-1 c2)
26.948: (drive-truck t0 l0-1 l0-4 c0)
26.949: (drive-truck t2 l2-2 l2-1 c2)
26.544: (drive-truck t0 l0-2 l0-4 c0)
26.576: (drive-truck t1 l1-1 l1-0 c1)
26.869: (drive-truck t1 l1-1 l1-3 c1)
26.916: (drive-truck t0 l0-2 l0-4 c0)
26.924: (drive-truck t0 l0-2 l0-1 c0)
27.060: (drive-truck t1 l1-1 l1-2 c1)
27.060: (drive-truck t1 l1-1 l1-4 c1)
27.198: (drive-truck t0 l0-4 l0-2 c0)
27.204: (drive-truck t0 l0-4 l0-3 c0)
27.398: (drive-truck t2 l2-1 l2-2 c2)
26.622: (load-truck p0 t1 l1-0)
27.104: (drive-truck t2 l2-3 l2-2 c2)
27.105: (drive-truck t2 l2-1 l2-2 c2)
27.106: (drive-truck t0 l0-2 l0-4 c0)
27.258: (drive-truck t0 l0-1 l0-4 c0)
27.258: (drive-truck t0 l0-1 l0-4 c0)
27.306: (drive-truck t2 l2-3 l2-4 c2)
27.306: (drive-truck t2 l2-1 l2-4 c2)
27.309: (drive-truck t0 l0-1 l0-4 c0)
27.320: (drive-truck t2 l2-0 l2-3 c2)
26.441: (drive-truck t2 l2-0 l2-3 c2)
26.600: (load-truck p0 t1 l1-0)
26.601: (drive-truck t0 l0-1 l0-4 c0)
26.808: (drive-truck t2 l2-0 l2-1 c2)
27.162: (drive-truck t0 l0-1 l0-2 c0)
27.174: (drive-truck t0 l0-1 l0-3 c0)
27.320: (drive-truck t1 l1-2 l1-4 c1)
27.355: (drive-truck t2 l2-3 l2-2 c2)
27.473: (drive-truck t0 l0-4 l0-1 c0)
27.518: (drive-truck t2 l2-0 l2-3 c2)
26.415: (drive-truck t2 l2-0 l2-3 c2)
26.415: (drive-truck t0 l0-1 l0-4 c0)
26.715: (drive-truck t2 l2-0 l2-3 c2)
26.715: (drive-truck t0 l0-1 l0-2 c0)
26.719: (drive-truck t0 l0-1 l0-3 c0)
26.720: (drive-truck t2 l2-0 l2-3 c2)
26.786: (drive-truck t2 l2-0 l2-1 c2)
26.786: (drive-truck t0 l0-1 l0-4 c0)
27.350: (drive-truck t0 l0-1 l0-2 c0)
27.350: (drive-truck t2 l2-0 l2-1 c2)
27.341: (unload-airplane p11 a0 l0-0)
27.341: (unload-airplane p16 a2 l0-0)
27.353: (drive-truck t0 l0-4 l0-3 c0)
27.353: (drive-truck t2 l2-3 l2-1 c2)
27.353: (drive-truck t0 l0-2 l0-3 c0)
27.386: (unload-airplane p17 a1 l0-0)
27.415: (load-airplane p18 a2 l0-0)
27.415: (load-airplane p18 a0 l0-0)
27.415: (load-airplane p18 a1 l0-0)
27.649: (unload-airplane p11 a0 l0-0)
26.322: (load-airplane p11 a1 l0-0)
26.322: (load-airplane p11 a2 l0-0)
26.322: (load-airplane p16 a1 l0-0)
26.322: (load-airplane p16 a0 l0-0)
26.323: (load-airplane p17 a2 l0-0)
26.323: (load-airplane p17 a0 l0-0)
26.627: (load-airplane p11 a1 l0-0)
26.627: (load-airplane p11 a2 l0-0)
27.329: (drive-truck t2 l2-3 l2-2 c2)
27.329: (drive-truck t2 l2-3 l2-2 c2)
26.310: (drive-truck t2 l2-3 l2-2 c2)
26.310: (drive-truck t2 l2-3 l2-2 c2)
26.310: (drive-truck t2 l2-3 l2-2 c2)
26.311: (drive-truck t2 l2-3 l2-2 c2)
26.311: (load-airplane p11 a1 l0-0)
26.311: (load-airplane p16 a1 l0-0)
26.311: (load-airplane p11 a2 l0-0)
26.311: (load-airplane p16 a0 l0-0)
26.348: (drive-truck t0 l0-4 l0-1 c0)
26.348: (drive-truck t0 l0-2 l0-1 c0)
25.550: (unload-truck p26 t2 l2-2)
26.342: (drive-truck t0 l0-4 l0-1 c0)
26.342: (drive-truck t0 l0-4 l0-1 c0)
26.342: (drive-truck t0 l0-4 l0-1 c0)
26.342: (drive-truck t2 l2-3 l2-2 c2)
26.342: (drive-truck t0 l0-4 l0-1 c0)
26.509: (drive-truck t2 l2-2 l2-0 c2)
26.509: (drive-truck t2 l2-2 l2-0 c2)
26.509: (drive-truck t2 l2-2 l2-0 c2)
26.509: (drive-truck t2 l2-2 l2-0 c2)
26.146: (unload-truck p26 t2 l2-2)
26.147: (drive-truck t0 l0-4 l0-1 c0)
26.147: (unload-truck p26 t2 l2-2)
26.147: (unload-truck p26 t2 l2-2)
26.147: (unload-truck p26 t2 l2-2)
26.348: (drive-truck t2 l2-2 l2-3 c2)
26.348: (drive-truck t2 l2-2 l2-3 c2)
26.349: (drive-truck t2 l2-2 l2-3 c2)
26.449: (load-airplane p18 a2 l0-0)
26.450: (load-airplane p18 a1 l0-0)
25.944: (drive-truck t2 l2-2 l2-3 c2)
25.944: (drive-truck t2 l2-2 l2-3 c2)
26.125: (drive-truck t2 l2-2 l2-0 c2)
26.126: (drive-truck t2 l2-2 l2-0 c2)
26.314: (drive-truck t2 l2-2 l2-1 c2)
26.316: (drive-truck t2 l2-2 l2-1 c2)
26.529: (drive-truck t2 l2-3 l2-0 c2)
26.529: (drive-truck t2 l2-3 l2-0 c2)
26.530: (drive-truck t2 l2-3 l2-0 c2)
26.535: (drive-truck t0 l0-1 l0-2 c0)
25.897: (drive-truck t2 l2-2 l2-1 c2)
25.974: (drive-truck t0 l0-4 l0-1 c0)
25.974: (drive-truck t0 l0-4 l0-1 c0)
26.147: (drive-truck t0 l0-4 l0-1 c0)
26.148: (drive-truck t0 l0-4 l0-1 c0)
26.277: (drive-truck t0 l0-4 l0-2 c0)
26.278: (drive-truck t0 l0-4 l0-2 c0)
26.280: (drive-truck t0 l0-4 l0-3 c0)
26.280: (drive-truck t0 l0-4 l0-3 c0)
26.341: (drive-truck t0 l0-4 l0-1 c0)
25.897: (drive-truck t0 l0-2 l0-3 c0)
25.951: (unload-truck p0 t1 l1-0)
25.951: (unload-truck p0 t1 l1-0)
26.341: (drive-truck t2 l2-3 l2-1 c2)
26.342: (drive-truck t2 l2-0 l2-1 c2)
26.683: (load-truck p8 t0 l0-2)
26.717: (drive-truck t0 l0-1 l0-2 c0)
26.717: (drive-truck t0 l0-1 l0-2 c0)
26.717: (drive-truck t2 l2-3 l2-0 c2)
26.717: (drive-truck t2 l2-3 l2-0 c2)
25.688: (unload-airplane p18 a1 l0-0)
25.688: (unload-airplane p18 a2 l0-0)
25.699: (drive-truck t2 l2-1 l2-0 c2)
26.196: (drive-truck t1 l1-0 l1-3 c1)
26.197: (drive-truck t1 l1-0 l1-3 c1)
26.208: (drive-truck t1 l1-0 l1-1 c1)
26.209: (drive-truck t1 l1-0 l1-1 c1)
26.307: (drive-truck t2 l2-1 l2-3 c2)
26.475: (drive-truck t2 l2-1 l2-0 c2)
26.613: (drive-truck t0 l0-1 l0-4 c0)
25.699: (drive-truck t0 l0-2 l0-3 c0)
25.775: (unload-airplane p18 a2 l0-0)
25.895: (drive-truck t2 l2-0 l2-1 c2)
26.165: (load-truck p23 t1 l1-3)
26.165: (load-truck p23 t1 l1-3)
26.250: (load-truck p1 t1 l1-1)
26.250: (load-truck p1 t1 l1-1)
26.306: (drive-truck t0 l0-2 l0-4 c0)
26.334: (drive-truck t0 l0-2 l0-1 c0)
26.387: (unload-truck p0 t1 l1-0)
25.897: (drive-truck t0 l0-2 l0-3 c0)
25.897: (drive-truck t2 l2-0 l2-1 c2)
26.002: (drive-truck t2 l2-0 l2-3 c2)
26.003: (drive-truck t2 l2-0 l2-3 c2)
26.096: (drive-truck t2 l2-0 l2-3 c2)
26.097: (drive-truck t2 l2-0 l2-3 c2)
26.142: (drive-truck t0 l0-1 l0-4 c0)
26.143: (drive-truck t0 l0-1 l0-4 c0)
26.224: (drive-truck t1 l1-0 l1-4 c1)
26.224: (drive-truck t1 l1-0 l1-2 c1)
25.975: (drive-truck t0 l0-1 l0-4 c0)
25.976: (drive-truck t2 l2-0 l2-3 c2)
25.976: (drive-truck t0 l0-1 l0-4 c0)
25.976: (drive-truck t2 l2-0 l2-3 c2)
26.028: (drive-truck t0 l0-4 l0-1 c0)
26.029: (drive-truck t0 l0-4 l0-1 c0)
26.074: (drive-truck t0 l0-1 l0-4 c0)
26.347: (drive-truck t2 l2-0 l2-1 c2)
26.348: (drive-truck t2 l2-0 l2-1 c2)
26.356: (drive-truck t1 l1-2 l1-3 c1)
26.235: (drive-truck t2 l2-3 l2-0 c2)
26.293: (drive-truck t2 l2-0 l2-3 c2)
26.294: (drive-truck t2 l2-0 l2-3 c2)
26.371: (drive-truck t0 l0-4 l0-1 c0)
26.372: (drive-truck t0 l0-4 l0-1 c0)
26.417: (drive-truck t1 l1-3 l1-1 c1)
26.462: (drive-truck t2 l2-3 l2-1 c2)
26.492: (drive-truck t2 l2-3 l2-2 c2)
26.492: (drive-truck t2 l2-1 l2-2 c2)
26.493: (drive-truck t2 l2-3 l2-2 c2)
26.479: (drive-truck t0 l0-4 l0-1 c0)
26.485: (drive-truck t0 l0-1 l0-4 c0)
26.486: (drive-truck t0 l0-1 l0-4 c0)
26.523: (drive-truck t0 l0-1 l0-3 c0)
26.523: (drive-truck t0 l0-1 l0-3 c0)
26.565: (drive-truck t2 l2-0 l2-2 c2)
26.566: (drive-truck t2 l2-1 l2-2 c2)
26.796: (drive-truck t2 l2-3 l2-1 c2)
26.796: (drive-truck t2 l2-3 l2-1 c2)
26.983: (drive-truck t0 l0-4 l0-1 c0)
26.710: (drive-truck t2 l2-3 l2-2 c2)
26.710: (drive-truck t2 l2-3 l2-2 c2)
26.846: (drive-truck t2 l2-3 l2-0 c2)
26.847: (drive-truck t2 l2-3 l2-0 c2)
26.990: (drive-truck t2 l2-3 l2-1 c2)
26.990: (drive-truck t2 l2-3 l2-1 c2)
26.990: (drive-truck t0 l0-1 l0-4 c0)
26.990: (drive-truck t0 l0-1 l0-4 c0)
27.055: (drive-truck t2 l2-1 l2-2 c2)
27.056: (drive-truck t0 l0-4 l0-1 c0)
26.387: (drive-truck t1 l1-2 l1-0 c1)
26.387: (drive-truck t1 l1-4 l1-0 c1)
26.889: (load-truck p10 t0 l0-3)
26.889: (load-truck p10 t0 l0-3)
27.171: (drive-truck t0 l0-3 l0-2 c0)
27.171: (drive-truck t0 l0-3 l0-2 c0)
27.248: (drive-truck t1 l1-2 l1-1 c1)
27.249: (drive-truck t1 l1-4 l1-1 c1)
27.365: (drive-truck t1 l1-4 l1-3 c1)
27.365: (drive-truck t1 l1-2 l1-3 c1)
26.603: (drive-truck t1 l1-4 l1-0 c1)
26.604: (drive-truck t0 l0-3 l0-2 c0)
26.605: (drive-truck t1 l1-2 l1-0 c1)
26.821: (drive-truck t0 l0-3 l0-1 c0)
26.821: (drive-truck t0 l0-3 l0-1 c0)
26.851: (load-truck p10 t0 l0-3)
26.851: (drive-truck t1 l1-2 l1-0 c1)
26.851: (drive-truck t1 l1-4 l1-0 c1)
27.011: (drive-truck t0 l0-3 l0-4 c0)
27.011: (drive-truck t0 l0-3 l0-4 c0)
26.439: (drive-truck t1 l1-2 l1-0 c1)
26.439: (drive-truck t1 l1-4 l1-0 c1)
26.439: (drive-truck t0 l0-3 l0-1 c0)
26.474: (load-truck p0 t1 l1-0)
26.775: (drive-truck t1 l1-2 l1-1 c1)
26.775: (drive-truck t1 l1-4 l1-1 c1)
26.782: (drive-truck t1 l1-2 l1-3 c1)
26.783: (drive-truck t1 l1-4 l1-3 c1)
27.103: (load-truck p8 t0 l0-2)
27.116: (drive-truck t2 l2-0 l2-3 c2)
26.306: (drive-truck t2 l2-0 l2-3 c2)
26.374: (drive-truck t0 l0-2 l0-1 c0)
26.460: (drive-truck t0 l0-3 l0-4 c0)
26.475: (load-truck p0 t1 l1-0)
26.478: (load-truck p0 t1 l1-0)
26.478: (drive-truck t0 l0-3 l0-1 c0)
26.592: (load-truck p1 t1 l1-1)
26.672: (drive-truck t2 l2-0 l2-1 c2)
27.094: (drive-truck t0 l0-2 l0-4 c0)
27.116: (drive-truck t1 l1-2 l1-4 c1)
26.284: (drive-truck t2 l2-0 l2-3 c2)
26.284: (drive-truck t0 l0-3 l0-4 c0)
26.308: (drive-truck t2 l2-0 l2-3 c2)
26.316: (drive-truck t0 l0-3 l0-1 c0)
26.316: (drive-truck t2 l2-0 l2-3 c2)
26.457: (drive-truck t2 l2-0 l2-3 c2)
26.467: (load-truck p0 t1 l1-0)
26.467: (drive-truck t0 l0-2 l0-4 c0)
26.488: (drive-truck t0 l0-2 l0-1 c0)
26.488: (load-truck p0 t1 l1-0)
26.307: (drive-truck t0 l0-2 l0-4 c0)
26.307: (drive-truck t2 l2-0 l2-3 c2)
26.333: (drive-truck t0 l0-2 l0-1 c0)
26.334: (drive-truck t2 l2-0 l2-3 c2)
26.440: (drive-truck t0 l0-1 l0-4 c0)
26.655: (drive-truck t2 l2-3 l2-1 c2)
26.675: (drive-truck t2 l2-0 l2-1 c2)
26.675: (drive-truck t2 l2-3 l2-1 c2)
26.683: (drive-truck t2 l2-3 l2-1 c2)
26.696: (drive-truck t2 l2-0 l2-1 c2)
26.589: (drive-truck t2 l2-3 l2-0 c2)
26.820: (drive-truck t2 l2-3 l2-1 c2)
26.858: (drive-truck t0 l0-1 l0-3 c0)
26.858: (drive-truck t0 l0-4 l0-3 c0)
26.874: (drive-truck t2 l2-1 l2-2 c2)
26.890: (drive-truck t2 l2-1 l2-2 c2)
26.891: (drive-truck t2 l2-3 l2-2 c2)
27.008: (drive-truck t2 l2-3 l2-2 c2)
27.186: (drive-truck t2 l2-1 l2-2 c2)
27.280: (unload-airplane p17 a1 l0-0)
26.535: (unload-truck p8 t0 l0-2)
26.827: (drive-truck t0 l0-4 l0-3 c0)
26.827: (drive-truck t0 l0-4 l0-1 c0)
27.282: (drive-truck t0 l0-4 l0-2 c0)
27.307: (drive-truck t0 l0-4 l0-1 c0)
27.349: (drive-truck t2 l2-3 l2-0 c2)
27.421: (drive-truck t2 l2-2 l2-4 c2)
27.444: (drive-truck t2 l2-3 l2-0 c2)
27.453: (drive-truck t0 l0-4 l0-3 c0)
27.458: (drive-truck t0 l0-4 l0-1 c0)
26.228: (unload-truck p8 t0 l0-2)
26.823: (unload-truck p10 t0 l0-3)
26.823: (drive-truck t0 l0-2 l0-3 c0)
26.881: (load-truck p26 t2 l2-2)
27.169: (drive-truck t2 l2-2 l2-4 c2)
27.448: (load-airplane p18 a2 l0-0)
27.449: (load-airplane p18 a1 l0-0)
27.451: (drive-truck t2 l2-3 l2-0 c2)
27.453: (drive-truck t0 l0-4 l0-2 c0)
27.463: (drive-truck t0 l0-4 l0-1 c0)
25.915: (drive-truck t0 l0-2 l0-4 c0)
25.946: (drive-truck t0 l0-2 l0-1 c0)
26.231: (drive-truck t0 l0-2 l0-3 c0)
26.604: (drive-truck t0 l0-2 l0-4 c0)
26.666: (drive-truck t2 l2-3 l2-0 c2)
26.667: (unload-truck p8 t0 l0-2)
26.748: (drive-truck t0 l0-2 l0-1 c0)
26.870: (drive-truck t2 l2-3 l2-1 c2)
26.885: (load-truck p26 t2 l2-2)
26.885: (drive-truck t0 l0-2 l0-3 c0)
26.098: (drive-truck t0 l0-2 l0-4 c0)
26.098: (drive-truck t2 l2-3 l2-0 c2)
26.116: (drive-truck t2 l2-3 l2-0 c2)
26.116: (drive-truck t0 l0-2 l0-1 c0)
26.287: (drive-truck t0 l0-2 l0-4 c0)
26.289: (drive-truck t2 l2-3 l2-1 c2)
26.309: (drive-truck t0 l0-2 l0-1 c0)
26.310: (drive-truck t2 l2-3 l2-1 c2)
26.516: (drive-truck t2 l2-3 l2-2 c2)
26.631: (drive-truck t2 l2-2 l2-3 c2)
26.009: (unload-truck p0 t1 l1-0)
26.678: (drive-truck t0 l0-1 l0-3 c0)
26.678: (drive-truck t0 l0-4 l0-3 c0)
26.742: (unload-truck p0 t1 l1-0)
26.872: (drive-truck t0 l0-1 l0-3 c0)
26.872: (drive-truck t0 l0-4 l0-3 c0)
27.087: (drive-truck t2 l2-3 l2-0 c2)
27.095: (load-airplane p18 a0 l0-0)
27.095: (load-airplane p18 a1 l0-0)
27.102: (load-airplane p18 a2 l0-0)
26.024: (load-airplane p17 a2 l0-0)
26.025: (load-airplane p17 a2 l0-0)
26.030: (load-airplane p17 a2 l0-0)
26.118: (load-airplane p17 a0 l0-0)
26.119: (load-airplane p17 a1 l0-0)
26.123: (drive-truck t1 l1-0 l1-3 c1)
26.123: (load-airplane p17 a0 l0-0)
26.126: (load-airplane p17 a0 l0-0)
26.237: (drive-truck t1 l1-0 l1-1 c1)
26.912: (drive-truck t2 l2-0 l2-3 c2)
25.842: (load-airplane p17 a2 l0-0)
25.843: (drive-truck t2 l2-0 l2-3 c2)
25.843: (drive-truck t2 l2-0 l2-3 c2)
25.846: (drive-truck t2 l2-0 l2-3 c2)
25.937: (load-airplane p17 a0 l0-0)
25.938: (drive-truck t2 l2-0 l2-3 c2)
25.939: (drive-truck t2 l2-0 l2-3 c2)
25.943: (drive-truck t2 l2-0 l2-3 c2)
25.944: (drive-truck t2 l2-0 l2-3 c2)
26.048: (drive-truck t0 l0-4 l0-1 c0)
25.873: (drive-truck t0 l0-4 l0-1 c0)
25.873: (drive-truck t0 l0-4 l0-1 c0)
25.874: (drive-truck t2 l2-0 l2-3 c2)
25.877: (drive-truck t0 l0-4 l0-1 c0)
25.968: (drive-truck t0 l0-4 l0-1 c0)
25.968: (drive-truck t0 l0-4 l0-1 c0)
25.974: (drive-truck t0 l0-4 l0-1 c0)
25.974: (drive-truck t0 l0-4 l0-1 c0)
26.177: (drive-truck t0 l0-4 l0-2 c0)
26.177: (drive-truck t0 l0-4 l0-2 c0)
26.048: (drive-truck t2 l2-3 l2-0 c2)
26.051: (drive-truck t2 l2-3 l2-0 c2)
26.141: (drive-truck t2 l2-3 l2-0 c2)
26.142: (drive-truck t2 l2-3 l2-0 c2)
26.148: (drive-truck t2 l2-3 l2-0 c2)
26.148: (drive-truck t2 l2-3 l2-0 c2)
26.178: (drive-truck t0 l0-2 l0-3 c0)
26.179: (drive-truck t0 l0-2 l0-3 c0)
26.179: (drive-truck t0 l0-1 l0-3 c0)
26.179: (drive-truck t0 l0-1 l0-3 c0)
25.969: (unload-truck p0 t1 l1-0)
25.970: (unload-truck p0 t1 l1-0)
26.242: (drive-truck t2 l2-0 l2-1 c2)
26.245: (drive-truck t2 l2-0 l2-1 c2)
26.335: (drive-truck t2 l2-0 l2-1 c2)
26.335: (drive-truck t2 l2-0 l2-1 c2)
26.341: (drive-truck t2 l2-0 l2-1 c2)
26.341: (drive-truck t2 l2-0 l2-1 c2)
26.617: (drive-truck t0 l0-1 l0-2 c0)
26.620: (drive-truck t0 l0-1 l0-2 c0)
26.182: (drive-truck t2 l2-0 l2-3 c2)
26.208: (drive-truck t1 l1-0 l1-3 c1)
26.208: (drive-truck t1 l1-0 l1-3 c1)
26.215: (drive-truck t0 l0-1 l0-4 c0)
26.218: (drive-truck t0 l0-1 l0-4 c0)
26.220: (drive-truck t1 l1-0 l1-1 c1)
26.220: (drive-truck t1 l1-0 l1-1 c1)
26.309: (drive-truck t0 l0-1 l0-4 c0)
26.310: (drive-truck t0 l0-1 l0-4 c0)
26.314: (drive-truck t0 l0-1 l0-4 c0)
26.158: (load-truck p23 t1 l1-3)
26.159: (load-truck p23 t1 l1-3)
26.184: (drive-truck t0 l0-2 l0-3 c0)
26.247: (load-truck p1 t1 l1-1)
26.247: (load-truck p1 t1 l1-1)
26.349: (drive-truck t2 l2-1 l2-2 c2)
26.352: (drive-truck t2 l2-1 l2-2 c2)
26.449: (drive-truck t2 l2-1 l2-2 c2)
26.464: (drive-truck t2 l2-1 l2-2 c2)
26.464: (drive-truck t2 l2-1 l2-2 c2)
25.998: (drive-truck t2 l2-0 l2-3 c2)
25.998: (drive-truck t2 l2-0 l2-3 c2)
26.094: (drive-truck t2 l2-0 l2-3 c2)
26.095: (drive-truck t2 l2-0 l2-3 c2)
26.136: (drive-truck t0 l0-1 l0-4 c0)
26.136: (drive-truck t0 l0-1 l0-4 c0)
26.231: (drive-truck t0 l0-1 l0-4 c0)
26.231: (drive-truck t0 l0-1 l0-4 c0)
26.364: (drive-truck t2 l2-0 l2-1 c2)
26.364: (drive-truck t2 l2-0 l2-1 c2)
25.971: (drive-truck t0 l0-1 l0-4 c0)
25.971: (drive-truck t0 l0-1 l0-4 c0)
25.971: (drive-truck t2 l2-0 l2-3 c2)
25.972: (drive-truck t2 l2-0 l2-3 c2)
26.072: (drive-truck t2 l2-0 l2-3 c2)
26.073: (drive-truck t0 l0-1 l0-4 c0)
26.340: (drive-truck t2 l2-0 l2-1 c2)
26.340: (drive-truck t2 l2-0 l2-1 c2)
26.342: (drive-truck t0 l0-1 l0-4 c0)
26.343: (drive-truck t0 l0-1 l0-4 c0)
26.458: (drive-truck t2 l2-3 l2-1 c2)
26.506: (drive-truck t2 l2-3 l2-2 c2)
26.506: (drive-truck t2 l2-3 l2-2 c2)
26.506: (drive-truck t2 l2-1 l2-2 c2)
26.506: (drive-truck t2 l2-1 l2-2 c2)
26.581: (drive-truck t2 l2-3 l2-2 c2)
26.673: (drive-truck t0 l0-4 l0-2 c0)
26.674: (drive-truck t0 l0-4 l0-2 c0)
26.681: (drive-truck t0 l0-4 l0-3 c0)
26.682: (drive-truck t0 l0-4 l0-3 c0)
26.475: (drive-truck t0 l0-4 l0-1 c0)
27.019: (drive-truck t0 l0-4 l0-1 c0)
27.019: (drive-truck t0 l0-4 l0-1 c0)
27.091: (drive-truck t0 l0-4 l0-1 c0)
27.100: (drive-truck t2 l2-3 l2-0 c2)
27.100: (drive-truck t2 l2-3 l2-0 c2)
27.116: (drive-truck t2 l2-3 l2-0 c2)
27.117: (drive-truck t2 l2-3 l2-0 c2)
27.312: (drive-truck t2 l2-3 l2-1 c2)
27.313: (drive-truck t2 l2-3 l2-1 c2)
27.318: (drive-truck t0 l0-2 l0-3 c0)
27.318: (drive-truck t0 l0-2 l0-3 c0)
27.320: (drive-truck t2 l2-0 l2-1 c2)
27.320: (drive-truck t2 l2-0 l2-1 c2)
27.376: (drive-truck t0 l0-1 l0-2 c0)
27.382: (drive-truck t0 l0-1 l0-3 c0)
27.384: (load-truck p26 t2 l2-2)
27.384: (load-truck p26 t2 l2-2)
27.447: (unload-airplane p17 a0 l0-0)
27.478: (unload-truck p27 t2 l2-1)
26.396: (unload-airplane p18 a1 l0-0)
26.396: (unload-airplane p18 a0 l0-0)
26.452: (unload-airplane p18 a1 l0-0)
26.480: (unload-airplane p18 a1 l0-0)
26.730: (drive-truck t2 l2-1 l2-3 c2)
26.734: (drive-truck t2 l2-1 l2-3 c2)
27.066: (drive-truck t2 l2-1 l2-3 c2)
27.101: (drive-truck t2 l2-1 l2-3 c2)
27.130: (drive-truck t2 l2-1 l2-0 c2)
27.146: (drive-truck t2 l2-1 l2-0 c2)
26.105: (drive-truck t2 l2-1 l2-3 c2)
26.106: (unload-airplane p18 a1 l0-0)
26.223: (drive-truck t2 l2-1 l2-0 c2)
26.255: (drive-truck t2 l2-1 l2-0 c2)
26.369: (drive-truck t0 l0-1 l0-4 c0)
26.370: (drive-truck t0 l0-1 l0-4 c0)
26.398: (drive-truck t2 l2-2 l2-3 c2)
26.398: (drive-truck t2 l2-2 l2-3 c2)
26.446: (drive-truck t0 l0-1 l0-4 c0)
26.472: (drive-truck t0 l0-1 l0-4 c0)
26.088: (drive-truck t2 l2-1 l2-3 c2)
26.089: (drive-truck t0 l0-1 l0-4 c0)
26.194: (unload-truck p1 t1 l1-1)
26.218: (drive-truck t2 l2-1 l2-0 c2)
26.219: (drive-truck t0 l0-1 l0-4 c0)
26.251: (drive-truck t2 l2-1 l2-0 c2)
26.251: (drive-truck t0 l0-1 l0-4 c0)
26.376: (drive-truck t2 l2-2 l2-3 c2)
26.376: (drive-truck t0 l0-1 l0-4 c0)
26.376: (drive-truck t0 l0-1 l0-4 c0)
25.986: (drive-truck t1 l1-1 l1-0 c1)
26.086: (drive-truck t1 l1-1 l1-3 c1)
26.540: (drive-truck t2 l2-3 l2-0 c2)
26.540: (drive-truck t2 l2-3 l2-0 c2)
26.636: (drive-truck t2 l2-0 l2-2 c2)
26.656: (drive-truck t2 l2-3 l2-2 c2)
26.657: (drive-truck t2 l2-0 l2-2 c2)
26.727: (drive-truck t0 l0-4 l0-2 c0)
26.732: (drive-truck t0 l0-4 l0-3 c0)
26.751: (drive-truck t2 l2-3 l2-1 c2)
26.155: (load-truck p0 t1 l1-0)
26.166: (load-truck p23 t1 l1-3)
26.555: (drive-truck t0 l0-4 l0-1 c0)
26.555: (drive-truck t0 l0-4 l0-1 c0)
26.711: (drive-truck t0 l0-1 l0-4 c0)
26.750: (drive-truck t2 l2-0 l2-1 c2)
26.768: (drive-truck t0 l0-4 l0-1 c0)
26.886: (load-airplane p18 a2 l0-0)
26.886: (load-airplane p18 a0 l0-0)
26.903: (load-airplane p18 a1 l0-0)
25.980: (drive-truck t2 l2-0 l2-3 c2)
26.001: (drive-truck t2 l2-0 l2-3 c2)
26.135: (drive-truck t0 l0-1 l0-4 c0)
26.137: (load-truck p0 t1 l1-0)
26.151: (drive-truck t0 l0-1 l0-4 c0)
26.337: (drive-truck t2 l2-0 l2-1 c2)
26.361: (drive-truck t2 l2-0 l2-1 c2)
26.698: (drive-truck t0 l0-1 l0-2 c0)
26.709: (drive-truck t0 l0-1 l0-3 c0)
26.768: (drive-truck t0 l0-4 l0-1 c0)
25.949: (drive-truck t0 l0-1 l0-4 c0)
25.950: (drive-truck t2 l2-0 l2-3 c2)
25.974: (drive-truck t2 l2-0 l2-3 c2)
25.975: (drive-truck t0 l0-1 l0-4 c0)
26.258: (drive-truck t0 l0-1 l0-2 c0)
26.259: (drive-truck t2 l2-0 l2-3 c2)
26.261: (drive-truck t2 l2-0 l2-3 c2)
26.261: (drive-truck t0 l0-1 l0-3 c0)
26.315: (drive-truck t2 l2-0 l2-1 c2)
26.316: (drive-truck t0 l0-1 l0-4 c0)
26.343: (drive-truck t2 l2-3 l2-1 c2)
26.535: (drive-truck t2 l2-1 l2-2 c2)
26.535: (drive-truck t2 l2-3 l2-2 c2)
26.573: (drive-truck t2 l2-3 l2-2 c2)
26.662: (drive-truck t0 l0-4 l0-2 c0)
26.667: (drive-truck t0 l0-4 l0-3 c0)
26.880: (unload-airplane p17 a0 l0-0)
26.892: (drive-truck t2 l2-3 l2-1 c2)
26.892: (drive-truck t0 l0-4 l0-2 c0)
26.894: (drive-truck t0 l0-4 l0-3 c0)
25.855: (load-airplane p17 a2 l0-0)
25.950: (load-airplane p17 a1 l0-0)
26.911: (drive-truck t0 l0-4 l0-1 c0)
27.066: (drive-truck t2 l2-3 l2-0 c2)
27.089: (drive-truck t2 l2-3 l2-0 c2)
27.104: (drive-truck t2 l2-3 l2-0 c2)
27.132: (drive-truck t0 l0-4 l0-1 c0)
27.172: (drive-truck t0 l0-4 l0-1 c0)
27.193: (drive-truck t0 l0-4 l0-2 c0)
27.196: (drive-truck t0 l0-4 l0-3 c0)
25.886: (drive-truck t0 l0-4 l0-1 c0)
25.887: (load-airplane p17 a2 l0-0)
25.980: (drive-truck t0 l0-4 l0-1 c0)
25.981: (load-airplane p17 a1 l0-0)
26.041: (drive-truck t2 l2-3 l2-0 c2)
26.042: (load-airplane p17 a2 l0-0)
26.135: (drive-truck t2 l2-3 l2-0 c2)
26.137: (load-airplane p17 a1 l0-0)
26.163: (load-airplane p17 a2 l0-0)
26.163: (drive-truck t0 l0-4 l0-2 c0)
26.061: (drive-truck t0 l0-4 l0-1 c0)
26.061: (drive-truck t2 l2-3 l2-0 c2)
26.155: (drive-truck t2 l2-3 l2-0 c2)
26.155: (drive-truck t0 l0-4 l0-1 c0)
26.165: (drive-truck t0 l0-2 l0-3 c0)
26.167: (drive-truck t0 l0-1 l0-3 c0)
26.221: (drive-truck t2 l2-0 l2-1 c2)
26.243: (drive-truck t2 l2-3 l2-1 c2)
26.258: (drive-truck t0 l0-1 l0-2 c0)
26.261: (drive-truck t0 l0-1 l0-3 c0)
25.892: (unload-truck p0 t1 l1-0)
25.986: (unload-truck p0 t1 l1-0)
26.337: (drive-truck t2 l2-0 l2-1 c2)
26.441: (drive-truck t2 l2-1 l2-2 c2)
26.604: (drive-truck t0 l0-1 l0-2 c0)
26.615: (drive-truck t0 l0-1 l0-3 c0)
26.615: (drive-truck t2 l2-3 l2-0 c2)
26.698: (drive-truck t2 l2-3 l2-0 c2)
26.698: (drive-truck t0 l0-1 l0-2 c0)
26.709: (drive-truck t0 l0-1 l0-3 c0)
25.992: (drive-truck t1 l1-0 l1-3 c1)
26.086: (drive-truck t1 l1-0 l1-3 c1)
26.099: (drive-truck t1 l1-0 l1-1 c1)
26.193: (drive-truck t1 l1-0 l1-1 c1)
26.315: (drive-truck t0 l0-1 l0-4 c0)
26.617: (drive-truck t0 l0-1 l0-4 c0)
26.711: (drive-truck t0 l0-1 l0-4 c0)
26.787: (load-airplane p18 a0 l0-0)
26.787: (load-airplane p18 a1 l0-0)
26.789: (load-airplane p18 a2 l0-0)
26.072: (load-truck p23 t1 l1-3)
26.161: (load-truck p1 t1 l1-1)
26.166: (load-truck p23 t1 l1-3)
26.256: (load-truck p1 t1 l1-1)
26.535: (drive-truck t2 l2-1 l2-2 c2)
26.884: (load-airplane p18 a1 l0-0)
26.884: (load-airplane p18 a0 l0-0)
26.884: (drive-truck t1 l1-0 l1-3 c1)
26.885: (drive-truck t1 l1-0 l1-3 c1)
26.886: (drive-truck t1 l1-0 l1-3 c1)
25.907: (drive-truck t2 l2-0 l2-3 c2)
26.001: (drive-truck t2 l2-0 l2-3 c2)
26.011: (drive-truck t2 l2-0 l2-3 c2)
26.057: (drive-truck t0 l0-1 l0-4 c0)
26.105: (drive-truck t2 l2-0 l2-3 c2)
26.151: (drive-truck t0 l0-1 l0-4 c0)
26.158: (drive-truck t0 l0-1 l0-4 c0)
26.251: (drive-truck t0 l0-1 l0-4 c0)
26.267: (drive-truck t2 l2-0 l2-1 c2)
26.361: (drive-truck t2 l2-0 l2-1 c2)
25.880: (drive-truck t2 l2-0 l2-3 c2)
25.881: (drive-truck t0 l0-1 l0-4 c0)
25.974: (drive-truck t2 l2-0 l2-3 c2)
25.975: (drive-truck t0 l0-1 l0-4 c0)
25.994: (drive-truck t2 l2-0 l2-3 c2)
25.995: (drive-truck t0 l0-1 l0-4 c0)
26.089: (drive-truck t2 l2-0 l2-3 c2)
26.089: (drive-truck t0 l0-1 l0-4 c0)
26.249: (drive-truck t2 l2-0 l2-1 c2)
26.250: (drive-truck t0 l0-1 l0-4 c0)
26.344: (drive-truck t2 l2-3 l2-1 c2)
26.378: (drive-truck t2 l2-3 l2-1 c2)
26.473: (drive-truck t2 l2-3 l2-1 c2)
26.479: (drive-truck t2 l2-1 l2-2 c2)
26.479: (drive-truck t2 l2-3 l2-2 c2)
26.562: (drive-truck t2 l2-3 l2-2 c2)
26.568: (drive-truck t0 l0-4 l0-2 c0)
26.573: (drive-truck t0 l0-4 l0-3 c0)
26.573: (drive-truck t2 l2-3 l2-2 c2)
26.633: (drive-truck t0 l0-4 l0-2 c0)
26.385: (drive-truck t0 l0-4 l0-1 c0)
26.480: (drive-truck t0 l0-4 l0-1 c0)
26.640: (drive-truck t0 l0-2 l0-3 c0)
26.657: (drive-truck t2 l2-1 l2-2 c2)
26.995: (drive-truck t2 l2-3 l2-0 c2)
27.009: (drive-truck t2 l2-3 l2-0 c2)
27.029: (drive-truck t2 l2-3 l2-0 c2)
27.078: (drive-truck t0 l0-4 l0-1 c0)
27.143: (drive-truck t0 l0-4 l0-1 c0)
27.170: (drive-truck t0 l0-4 l0-1 c0)
27.043: (drive-truck t2 l2-3 l2-0 c2)
27.043: (drive-truck t0 l0-2 l0-3 c0)
27.198: (drive-truck t2 l2-0 l2-1 c2)
27.205: (drive-truck t2 l2-0 l2-1 c2)
27.237: (drive-truck t0 l0-4 l0-1 c0)
27.238: (drive-truck t2 l2-1 l2-2 c2)
27.268: (drive-truck t2 l2-0 l2-1 c2)
27.268: (drive-truck t0 l0-1 l0-2 c0)
27.274: (drive-truck t0 l0-1 l0-3 c0)
27.275: (drive-truck t2 l2-3 l2-1 c2)
27.461: (drive-truck t2 l2-2 l2-4 c2)
27.494: (load-truck p26 t2 l2-2)
27.505: (load-truck p10 t0 l0-3)
27.613: (load-truck p8 t0 l0-2)
27.615: (load-truck p10 t0 l0-3)
27.724: (drive-truck t2 l2-1 l2-2 c2)
27.731: (load-truck p10 t0 l0-3)
27.744: (load-truck p8 t0 l0-2)
27.819: (drive-truck t0 l0-1 l0-2 c0)
27.851: (drive-truck t2 l2-1 l2-2 c2)
26.728: (drive-truck t2 l2-2 l2-3 c2)
27.122: (drive-truck t2 l2-2 l2-0 c2)
27.243: (drive-truck t2 l2-1 l2-3 c2)
27.255: (drive-truck t2 l2-1 l2-3 c2)
27.300: (drive-truck t0 l0-1 l0-4 c0)
27.355: (drive-truck t2 l2-1 l2-3 c2)
27.356: (drive-truck t2 l2-0 l2-3 c2)
27.361: (drive-truck t2 l2-1 l2-3 c2)
27.364: (drive-truck t2 l2-2 l2-1 c2)
27.407: (drive-truck t2 l2-1 l2-0 c2)
26.732: (drive-truck t0 l0-2 l0-3 c0)
27.138: (drive-truck t0 l0-2 l0-3 c0)
27.239: (drive-truck t0 l0-3 l0-4 c0)
27.246: (drive-truck t0 l0-2 l0-4 c0)
27.268: (drive-truck t0 l0-3 l0-1 c0)
27.270: (drive-truck t0 l0-2 l0-1 c0)
27.349: (drive-truck t0 l0-3 l0-4 c0)
27.367: (drive-truck t0 l0-2 l0-4 c0)
27.367: (drive-truck t0 l0-3 l0-1 c0)
27.369: (drive-truck t0 l0-2 l0-3 c0)
27.381: (drive-truck t0 l0-4 l0-1 c0)
27.399: (drive-truck t2 l2-3 l2-0 c2)
27.405: (drive-truck t2 l2-3 l2-0 c2)
27.417: (drive-truck t2 l2-3 l2-0 c2)
27.422: (drive-truck t2 l2-3 l2-0 c2)
27.450: (load-truck p10 t0 l0-3)
27.499: (drive-truck t2 l2-3 l2-0 c2)
27.500: (drive-truck t2 l2-3 l2-0 c2)
27.502: (drive-truck t2 l2-3 l2-0 c2)
27.600: (load-truck p10 t0 l0-3)
27.328: (unload-truck p23 t1 l1-3)
27.419: (drive-truck t0 l0-4 l0-3 c0)
27.420: (drive-truck t0 l0-1 l0-3 c0)
27.444: (drive-truck t0 l0-3 l0-4 c0)
27.461: (drive-truck t0 l0-3 l0-1 c0)
27.479: (unload-truck p23 t1 l1-3)
27.507: (drive-truck t0 l0-4 l0-1 c0)
27.507: (drive-truck t2 l2-3 l2-0 c2)
27.509: (drive-truck t0 l0-4 l0-2 c0)
27.592: (drive-truck t0 l0-3 l0-4 c0)
27.226: (drive-truck t1 l1-3 l1-0 c1)
27.291: (drive-truck t1 l1-3 l1-0 c1)
27.434: (drive-truck t1 l1-3 l1-1 c1)
27.434: (unload-truck p1 t1 l1-1)
27.598: (drive-truck t2 l2-3 l2-0 c2)
27.601: (drive-truck t0 l0-4 l0-1 c0)
27.611: (drive-truck t1 l1-3 l1-1 c1)
27.734: (drive-truck t1 l1-3 l1-2 c1)
27.734: (drive-truck t1 l1-3 l1-4 c1)
27.745: (drive-truck t2 l2-0 l2-1 c2)
27.395: (load-truck p0 t1 l1-0)
27.405: (load-truck p0 t1 l1-0)
27.698: (drive-truck t0 l0-1 l0-3 c0)
27.706: (unload-truck p1 t1 l1-1)
27.735: (drive-truck t0 l0-1 l0-4 c0)
27.802: (drive-truck t0 l0-1 l0-3 c0)
27.802: (drive-truck t0 l0-1 l0-3 c0)
27.824: (drive-truck t2 l2-0 l2-1 c2)
27.921: (drive-truck t0 l0-1 l0-4 c0)
27.922: (drive-truck t0 l0-1 l0-4 c0)
27.227: (drive-truck t2 l2-0 l2-3 c2)
27.230: (unload-truck p10 t0 l0-3)
27.243: (drive-truck t2 l2-0 l2-3 c2)
27.375: (drive-truck t0 l0-1 l0-4 c0)
27.384: (drive-truck t0 l0-1 l0-4 c0)
27.385: (drive-truck t1 l1-1 l1-0 c1)
27.390: (drive-truck t0 l0-1 l0-3 c0)
27.390: (load-truck p0 t1 l1-0)
27.392: (drive-truck t0 l0-1 l0-2 c0)
27.573: (drive-truck t1 l1-1 l1-3 c1)
27.195: (drive-truck t0 l0-1 l0-4 c0)
27.196: (drive-truck t2 l2-0 l2-3 c2)
27.216: (drive-truck t2 l2-0 l2-3 c2)
27.217: (drive-truck t2 l2-0 l2-3 c2)
27.217: (drive-truck t0 l0-1 l0-3 c0)
27.218: (drive-truck t0 l0-1 l0-4 c0)
27.218: (drive-truck t2 l2-0 l2-3 c2)
27.219: (drive-truck t0 l0-1 l0-2 c0)
27.443: (drive-truck t0 l0-3 l0-2 c0)
27.490: (load-truck p0 t1 l1-0)
27.321: (drive-truck t2 l2-0 l2-3 c2)
27.470: (drive-truck t0 l0-1 l0-4 c0)
27.485: (drive-truck t0 l0-1 l0-3 c0)
27.557: (drive-truck t2 l2-3 l2-1 c2)
27.574: (drive-truck t2 l2-3 l2-1 c2)
27.577: (drive-truck t2 l2-3 l2-1 c2)
27.585: (drive-truck t2 l2-3 l2-1 c2)
27.671: (drive-truck t2 l2-0 l2-1 c2)
27.765: (drive-truck t2 l2-3 l2-2 c2)
27.765: (drive-truck t0 l0-4 l0-2 c0)
26.798: (unload-truck p8 t0 l0-2)
26.799: (unload-truck p10 t0 l0-3)
27.289: (drive-truck t0 l0-1 l0-4 c0)
27.289: (drive-truck t2 l2-0 l2-3 c2)
27.312: (drive-truck t0 l0-1 l0-3 c0)
27.312: (drive-truck t2 l2-0 l2-3 c2)
27.577: (drive-truck t0 l0-4 l0-1 c0)
27.577: (drive-truck t0 l0-3 l0-1 c0)
27.598: (drive-truck t0 l0-4 l0-1 c0)
27.599: (drive-truck t0 l0-2 l0-1 c0)
27.424: (drive-truck t2 l2-1 l2-2 c2)
27.651: (drive-truck t2 l2-3 l2-1 c2)
27.669: (drive-truck t2 l2-3 l2-1 c2)
27.713: (drive-truck t2 l2-1 l2-2 c2)
27.803: (unload-airplane p16 a2 l0-0)
27.803: (unload-airplane p11 a2 l0-0)
27.807: (unload-airplane p16 a2 l0-0)
27.807: (unload-airplane p11 a2 l0-0)
27.823: (load-airplane p18 a1 l0-0)
27.823: (load-airplane p18 a0 l0-0)
26.808: (load-truck p27 t2 l2-1)
26.808: (load-truck p27 t2 l2-1)
26.811: (load-truck p27 t2 l2-1)
26.812: (load-truck p27 t2 l2-1)
26.820: (load-truck p27 t2 l2-1)
26.820: (load-truck p27 t2 l2-1)
26.892: (load-airplane p11 a0 l0-0)
26.892: (load-airplane p11 a1 l0-0)
26.893: (load-airplane p16 a0 l0-0)
26.893: (load-airplane p16 a1 l0-0)
25.895: (load-truck p27 t2 l2-1)
25.895: (load-airplane p11 a1 l0-0)
25.897: (load-airplane p11 a1 l0-0)
26.179: (drive-truck t2 l2-1 l2-3 c2)
26.183: (drive-truck t2 l2-1 l2-3 c2)
26.215: (drive-truck t0 l0-2 l0-4 c0)
26.227: (drive-truck t0 l0-3 l0-4 c0)
26.227: (drive-truck t0 l0-2 l0-4 c0)
26.241: (drive-truck t0 l0-2 l0-1 c0)
26.248: (drive-truck t0 l0-3 l0-1 c0)
25.687: (drive-truck t2 l2-1 l2-0 c2)
25.699: (drive-truck t2 l2-1 l2-0 c2)
26.048: (drive-truck t2 l2-1 l2-0 c2)
26.350: (drive-truck t2 l2-1 l2-2 c2)
26.473: (drive-truck t2 l2-1 l2-2 c2)
26.535: (drive-truck t2 l2-1 l2-2 c2)
26.613: (drive-truck t2 l2-3 l2-0 c2)
26.625: (drive-truck t2 l2-3 l2-0 c2)
26.672: (load-truck p10 t0 l0-3)
26.683: (load-truck p8 t0 l0-2)
25.549: (load-airplane p11 a1 l0-0)
25.549: (drive-truck t0 l0-2 l0-4 c0)
26.147: (drive-truck t0 l0-2 l0-1 c0)
26.307: (drive-truck t2 l2-1 l2-3 c2)
26.308: (drive-truck t2 l2-1 l2-3 c2)
26.387: (unload-truck p0 t1 l1-0)
26.472: (drive-truck t2 l2-1 l2-0 c2)
26.473: (load-truck p10 t0 l0-3)
26.474: (drive-truck t2 l2-1 l2-0 c2)
26.475: (load-truck p8 t0 l0-2)
25.776: (drive-truck t0 l0-3 l0-4 c0)
26.284: (drive-truck t0 l0-3 l0-4 c0)
26.307: (drive-truck t0 l0-2 l0-4 c0)
26.310: (load-truck p26 t2 l2-2)
26.315: (drive-truck t0 l0-3 l0-1 c0)
26.333: (drive-truck t0 l0-2 l0-1 c0)
26.342: (load-truck p26 t2 l2-2)
26.449: (load-airplane p18 a2 l0-0)
26.450: (load-airplane p18 a1 l0-0)
26.460: (drive-truck t0 l0-3 l0-4 c0)
25.942: (drive-truck t2 l2-2 l2-3 c2)
25.943: (drive-truck t2 l2-2 l2-3 c2)
26.125: (drive-truck t2 l2-2 l2-0 c2)
26.126: (drive-truck t2 l2-2 l2-0 c2)
26.224: (drive-truck t1 l1-0 l1-2 c1)
26.224: (drive-truck t1 l1-0 l1-4 c1)
26.314: (drive-truck t2 l2-2 l2-1 c2)
26.314: (drive-truck t2 l2-2 l2-1 c2)
26.322: (drive-truck t2 l2-2 l2-3 c2)
26.348: (drive-truck t2 l2-2 l2-3 c2)
25.973: (drive-truck t0 l0-4 l0-1 c0)
25.974: (drive-truck t0 l0-4 l0-1 c0)
26.028: (drive-truck t0 l0-4 l0-1 c0)
26.028: (drive-truck t0 l0-4 l0-1 c0)
26.147: (drive-truck t0 l0-4 l0-1 c0)
26.148: (drive-truck t0 l0-4 l0-1 c0)
26.277: (drive-truck t0 l0-4 l0-2 c0)
26.278: (drive-truck t0 l0-4 l0-2 c0)
26.279: (drive-truck t0 l0-4 l0-3 c0)
26.281: (drive-truck t0 l0-4 l0-3 c0)
25.951: (unload-truck p0 t1 l1-0)
25.952: (unload-truck p0 t1 l1-0)
26.294: (drive-truck t2 l2-0 l2-3 c2)
26.294: (drive-truck t2 l2-0 l2-3 c2)
26.340: (drive-truck t2 l2-0 l2-1 c2)
26.341: (drive-truck t2 l2-3 l2-1 c2)
26.341: (drive-truck t2 l2-0 l2-1 c2)
26.342: (drive-truck t2 l2-3 l2-1 c2)
26.717: (drive-truck t2 l2-3 l2-0 c2)
26.717: (drive-truck t0 l0-1 l0-2 c0)
26.196: (drive-truck t1 l1-0 l1-3 c1)
26.196: (drive-truck t1 l1-0 l1-3 c1)
26.208: (drive-truck t1 l1-0 l1-1 c1)
26.209: (drive-truck t1 l1-0 l1-1 c1)
26.485: (drive-truck t0 l0-1 l0-4 c0)
26.485: (drive-truck t0 l0-1 l0-4 c0)
26.522: (drive-truck t0 l0-1 l0-3 c0)
26.523: (drive-truck t0 l0-1 l0-3 c0)
26.613: (drive-truck t0 l0-1 l0-4 c0)
26.614: (drive-truck t0 l0-1 l0-4 c0)
26.164: (load-truck p23 t1 l1-3)
26.165: (load-truck p23 t1 l1-3)
26.249: (load-truck p1 t1 l1-1)
26.250: (load-truck p1 t1 l1-1)
26.708: (drive-truck t2 l2-3 l2-2 c2)
26.710: (drive-truck t2 l2-3 l2-2 c2)
26.846: (drive-truck t2 l2-3 l2-0 c2)
26.846: (drive-truck t2 l2-3 l2-0 c2)
26.978: (drive-truck t1 l1-3 l1-2 c1)
26.978: (drive-truck t1 l1-3 l1-4 c1)
26.003: (drive-truck t2 l2-0 l2-3 c2)
26.004: (drive-truck t2 l2-0 l2-3 c2)
26.097: (drive-truck t2 l2-0 l2-3 c2)
26.142: (drive-truck t0 l0-1 l0-4 c0)
26.143: (drive-truck t0 l0-1 l0-4 c0)
26.234: (drive-truck t0 l0-1 l0-4 c0)
26.235: (drive-truck t0 l0-1 l0-4 c0)
26.371: (drive-truck t2 l2-0 l2-1 c2)
26.372: (drive-truck t2 l2-0 l2-1 c2)
26.480: (drive-truck t2 l2-0 l2-1 c2)
25.974: (drive-truck t2 l2-0 l2-3 c2)
25.975: (drive-truck t0 l0-1 l0-4 c0)
25.976: (drive-truck t0 l0-1 l0-4 c0)
25.976: (drive-truck t2 l2-0 l2-3 c2)
26.073: (drive-truck t2 l2-0 l2-3 c2)
26.075: (drive-truck t0 l0-1 l0-4 c0)
26.347: (drive-truck t2 l2-0 l2-1 c2)
26.347: (drive-truck t0 l0-1 l0-4 c0)
26.348: (drive-truck t0 l0-1 l0-4 c0)
26.348: (drive-truck t2 l2-0 l2-1 c2)
26.461: (drive-truck t2 l2-3 l2-1 c2)
26.492: (drive-truck t2 l2-3 l2-2 c2)
26.492: (drive-truck t2 l2-1 l2-2 c2)
26.492: (drive-truck t2 l2-1 l2-2 c2)
26.493: (drive-truck t2 l2-3 l2-2 c2)
26.564: (drive-truck t2 l2-3 l2-2 c2)
26.681: (drive-truck t0 l0-4 l0-2 c0)
26.682: (drive-truck t0 l0-4 l0-2 c0)
26.689: (drive-truck t0 l0-4 l0-3 c0)
26.690: (drive-truck t0 l0-4 l0-3 c0)
26.983: (drive-truck t0 l0-4 l0-1 c0)
26.985: (drive-truck t0 l0-4 l0-1 c0)
27.054: (drive-truck t0 l0-4 l0-1 c0)
27.106: (drive-truck t2 l2-3 l2-0 c2)
27.107: (drive-truck t2 l2-3 l2-0 c2)
27.123: (drive-truck t2 l2-3 l2-0 c2)
27.124: (drive-truck t2 l2-3 l2-0 c2)
27.319: (drive-truck t2 l2-3 l2-1 c2)
27.320: (drive-truck t2 l2-3 l2-1 c2)
27.326: (drive-truck t2 l2-1 l2-4 c2)
27.327: (drive-truck t2 l2-0 l2-1 c2)
27.327: (drive-truck t2 l2-0 l2-1 c2)
27.328: (drive-truck t0 l0-2 l0-3 c0)
27.329: (drive-truck t0 l0-2 l0-3 c0)
27.389: (load-truck p26 t2 l2-2)
27.390: (load-truck p26 t2 l2-2)
27.481: (load-truck p26 t2 l2-2)
27.497: (drive-truck t0 l0-4 l0-1 c0)
27.499: (drive-truck t2 l2-2 l2-4 c2)
27.538: (load-truck p8 t0 l0-2)
26.395: (unload-airplane p18 a2 l0-0)
26.395: (unload-airplane p18 a1 l0-0)
27.361: (drive-truck t0 l0-1 l0-4 c0)
27.362: (drive-truck t0 l0-1 l0-4 c0)
27.384: (drive-truck t2 l2-0 l2-3 c2)
27.394: (drive-truck t2 l2-2 l2-3 c2)
27.396: (drive-truck t2 l2-2 l2-3 c2)
27.458: (drive-truck t0 l0-1 l0-4 c0)
27.482: (drive-truck t2 l2-2 l2-3 c2)
27.524: (drive-truck t0 l0-2 l0-4 c0)
26.370: (unload-airplane p18 a1 l0-0)
26.370: (unload-airplane p18 a2 l0-0)
26.370: (drive-truck t0 l0-1 l0-4 c0)
26.398: (unload-airplane p18 a2 l0-0)
26.398: (drive-truck t2 l2-2 l2-3 c2)
26.398: (unload-airplane p18 a1 l0-0)
26.471: (unload-airplane p18 a2 l0-0)
26.486: (unload-airplane p18 a2 l0-0)
26.555: (drive-truck t2 l2-2 l2-0 c2)
26.768: (drive-truck t2 l2-2 l2-1 c2)
26.376: (drive-truck t2 l2-2 l2-3 c2)
26.377: (drive-truck t0 l0-1 l0-4 c0)
26.476: (drive-truck t0 l0-1 l0-4 c0)
26.476: (drive-truck t2 l2-2 l2-3 c2)
26.540: (drive-truck t0 l0-1 l0-4 c0)
26.540: (drive-truck t2 l2-2 l2-0 c2)
26.629: (drive-truck t2 l2-2 l2-0 c2)
26.633: (drive-truck t2 l2-3 l2-0 c2)
26.750: (drive-truck t2 l2-2 l2-1 c2)
26.751: (drive-truck t0 l0-1 l0-4 c0)
26.760: (unload-truck p1 t1 l1-1)
26.860: (drive-truck t2 l2-0 l2-1 c2)
26.860: (drive-truck t2 l2-3 l2-1 c2)
26.867: (drive-truck t2 l2-0 l2-1 c2)
27.057: (drive-truck t0 l0-4 l0-2 c0)
27.065: (drive-truck t0 l0-4 l0-3 c0)
27.111: (drive-truck t0 l0-4 l0-2 c0)
27.116: (drive-truck t0 l0-4 l0-3 c0)
27.303: (unload-airplane p11 a1 l0-0)
27.366: (load-airplane p18 a0 l0-0)
26.378: (load-airplane p11 a0 l0-0)
26.482: (drive-truck t1 l1-1 l1-0 c1)
26.776: (drive-truck t1 l1-1 l1-3 c1)
26.968: (drive-truck t1 l1-1 l1-2 c1)
26.968: (drive-truck t1 l1-1 l1-4 c1)
27.295: (drive-truck t2 l2-3 l2-2 c2)
27.308: (drive-truck t2 l2-3 l2-2 c2)
27.316: (drive-truck t2 l2-3 l2-2 c2)
27.325: (drive-truck t0 l0-4 l0-1 c0)
27.357: (drive-truck t2 l2-3 l2-2 c2)
26.370: (drive-truck t2 l2-3 l2-2 c2)
26.370: (load-airplane p11 a0 l0-0)
26.398: (drive-truck t0 l0-4 l0-1 c0)
26.400: (load-airplane p11 a0 l0-0)
26.506: (unload-truck p26 t2 l2-2)
26.530: (load-truck p0 t1 l1-0)
26.540: (drive-truck t2 l2-3 l2-0 c2)
26.750: (drive-truck t2 l2-3 l2-1 c2)
26.957: (unload-truck p26 t2 l2-2)
27.057: (drive-truck t0 l0-4 l0-2 c0)
26.341: (drive-truck t2 l2-2 l2-1 c2)
26.509: (drive-truck t0 l0-1 l0-4 c0)
26.555: (drive-truck t2 l2-3 l2-0 c2)
26.555: (drive-truck t0 l0-4 l0-1 c0)
26.717: (drive-truck t2 l2-0 l2-1 c2)
26.768: (drive-truck t0 l0-4 l0-1 c0)
26.768: (drive-truck t2 l2-3 l2-1 c2)
27.019: (drive-truck t0 l0-4 l0-1 c0)
27.064: (drive-truck t0 l0-2 l0-3 c0)
27.064: (drive-truck t0 l0-1 l0-3 c0)
26.694: (drive-truck t2 l2-0 l2-1 c2)
26.694: (drive-truck t0 l0-1 l0-4 c0)
26.776: (unload-truck p23 t1 l1-3)
27.074: (drive-truck t0 l0-4 l0-2 c0)
27.086: (drive-truck t0 l0-4 l0-3 c0)
27.217: (unload-truck p0 t1 l1-0)
27.249: (unload-airplane p11 a1 l0-0)
27.266: (drive-truck t0 l0-1 l0-2 c0)
27.269: (drive-truck t0 l0-1 l0-3 c0)
27.312: (drive-truck t0 l0-4 l0-2 c0)
26.482: (drive-truck t1 l1-3 l1-0 c1)
26.627: (drive-truck t2 l2-1 l2-3 c2)
26.627: (drive-truck t2 l2-0 l2-3 c2)
26.631: (drive-truck t2 l2-1 l2-3 c2)
26.633: (drive-truck t2 l2-0 l2-3 c2)
26.673: (drive-truck t2 l2-1 l2-3 c2)
26.759: (drive-truck t1 l1-3 l1-1 c1)
26.880: (drive-truck t2 l2-1 l2-2 c2)
26.881: (drive-truck t2 l2-0 l2-2 c2)
26.884: (drive-truck t2 l2-1 l2-2 c2)
26.529: (load-truck p0 t1 l1-0)
26.633: (load-truck p1 t1 l1-1)
26.682: (drive-truck t0 l0-2 l0-3 c0)
26.823: (unload-truck p26 t2 l2-2)
26.967: (drive-truck t1 l1-1 l1-4 c1)
26.967: (drive-truck t1 l1-1 l1-2 c1)
26.968: (drive-truck t1 l1-0 l1-2 c1)
26.968: (drive-truck t1 l1-0 l1-4 c1)
27.100: (drive-truck t2 l2-3 l2-0 c2)
27.217: (drive-truck t0 l0-1 l0-4 c0)
26.348: (drive-truck t2 l2-0 l2-3 c2)
26.487: (drive-truck t2 l2-0 l2-3 c2)
26.488: (drive-truck t2 l2-0 l2-2 c2)
26.509: (drive-truck t0 l0-1 l0-4 c0)
26.510: (load-truck p0 t1 l1-0)
26.629: (drive-truck t0 l0-1 l0-4 c0)
26.717: (drive-truck t2 l2-0 l2-1 c2)
26.867: (drive-truck t2 l2-0 l2-1 c2)
27.074: (drive-truck t0 l0-1 l0-2 c0)
27.086: (drive-truck t0 l0-1 l0-3 c0)
26.254: (unload-truck p26 t2 l2-2)
26.470: (drive-truck t2 l2-0 l2-2 c2)
26.472: (drive-truck t0 l0-1 l0-4 c0)
26.475: (drive-truck t2 l2-0 l2-3 c2)
26.475: (drive-truck t0 l0-1 l0-4 c0)
26.627: (drive-truck t0 l0-1 l0-2 c0)
26.627: (drive-truck t2 l2-0 l2-3 c2)
26.631: (drive-truck t2 l2-0 l2-3 c2)
26.632: (drive-truck t0 l0-1 l0-3 c0)
26.694: (drive-truck t0 l0-1 l0-4 c0)
26.535: (drive-truck t2 l2-2 l2-4 c2)
26.843: (drive-truck t0 l0-1 l0-2 c0)
26.860: (drive-truck t2 l2-2 l2-1 c2)
26.860: (drive-truck t2 l2-3 l2-1 c2)
26.881: (drive-truck t2 l2-3 l2-2 c2)
26.885: (drive-truck t2 l2-3 l2-2 c2)
27.054: (load-airplane p18 a2 l0-0)
27.055: (load-airplane p18 a0 l0-0)
27.091: (load-airplane p18 a1 l0-0)
27.110: (drive-truck t0 l0-4 l0-2 c0)
26.096: (drive-truck t2 l2-2 l2-3 c2)
26.097: (drive-truck t2 l2-2 l2-3 c2)
26.245: (drive-truck t2 l2-2 l2-0 c2)
26.250: (drive-truck t2 l2-2 l2-0 c2)
26.250: (drive-truck t2 l2-2 l2-0 c2)
26.367: (drive-truck t2 l2-2 l2-1 c2)
26.379: (drive-truck t0 l0-1 l0-4 c0)
26.476: (drive-truck t2 l2-2 l2-1 c2)
26.478: (drive-truck t2 l2-2 l2-1 c2)
26.480: (drive-truck t2 l2-2 l2-1 c2)
26.074: (drive-truck t0 l0-1 l0-4 c0)
26.076: (drive-truck t0 l0-1 l0-4 c0)
26.208: (unload-truck p1 t1 l1-1)
26.209: (unload-truck p1 t1 l1-1)
26.219: (unload-truck p1 t1 l1-1)
26.231: (drive-truck t0 l0-1 l0-4 c0)
26.234: (drive-truck t0 l0-1 l0-4 c0)
26.235: (drive-truck t0 l0-1 l0-4 c0)
26.373: (drive-truck t0 l0-2 l0-3 c0)
26.458: (drive-truck t0 l0-1 l0-4 c0)
26.133: (drive-truck t2 l2-1 l2-0 c2)
26.461: (drive-truck t2 l2-3 l2-1 c2)
26.461: (drive-truck t2 l2-0 l2-1 c2)
26.462: (drive-truck t2 l2-3 l2-1 c2)
26.462: (drive-truck t2 l2-0 l2-1 c2)
26.564: (drive-truck t2 l2-3 l2-2 c2)
26.565: (drive-truck t2 l2-0 l2-2 c2)
26.565: (drive-truck t2 l2-3 l2-2 c2)
26.566: (drive-truck t2 l2-0 l2-2 c2)
26.580: (drive-truck t2 l2-1 l2-2 c2)
26.593: (load-truck p10 t0 l0-3)
27.061: (unload-airplane p11 a0 l0-0)
27.134: (drive-truck t2 l2-0 l2-2 c2)
27.147: (load-airplane p18 a1 l0-0)
27.152: (load-airplane p18 a2 l0-0)
27.153: (load-airplane p18 a0 l0-0)
27.154: (unload-airplane p16 a2 l0-0)
27.212: (unload-airplane p17 a2 l0-0)
27.249: (unload-truck p1 t1 l1-1)
27.326: (drive-truck t2 l2-1 l2-4 c2)
26.133: (load-airplane p17 a0 l0-0)
26.172: (drive-truck t0 l0-3 l0-4 c0)
26.386: (drive-truck t1 l1-1 l1-0 c1)
26.421: (drive-truck t0 l0-3 l0-4 c0)
26.446: (drive-truck t2 l2-0 l2-3 c2)
26.588: (drive-truck t0 l0-3 l0-4 c0)
26.592: (drive-truck t0 l0-3 l0-1 c0)
26.734: (drive-truck t2 l2-0 l2-3 c2)
26.740: (drive-truck t2 l2-0 l2-3 c2)
26.742: (drive-truck t2 l2-0 l2-3 c2)
26.116: (drive-truck t0 l0-3 l0-2 c0)
26.224: (drive-truck t1 l1-1 l1-2 c1)
26.224: (drive-truck t1 l1-1 l1-4 c1)
26.362: (drive-truck t1 l1-1 l1-3 c1)
26.373: (drive-truck t2 l2-0 l2-1 c2)
26.385: (drive-truck t2 l2-0 l2-1 c2)
26.440: (drive-truck t0 l0-3 l0-4 c0)
26.440: (drive-truck t2 l2-0 l2-3 c2)
26.457: (drive-truck t0 l0-3 l0-1 c0)
26.457: (drive-truck t2 l2-0 l2-3 c2)
26.392: (drive-truck t0 l0-4 l0-1 c0)
26.485: (drive-truck t2 l2-0 l2-3 c2)
26.485: (drive-truck t2 l2-0 l2-3 c2)
26.595: (drive-truck t2 l2-1 l2-2 c2)
26.596: (load-truck p8 t0 l0-2)
26.710: (drive-truck t2 l2-0 l2-2 c2)
26.710: (drive-truck t2 l2-0 l2-2 c2)
26.821: (drive-truck t2 l2-3 l2-1 c2)
26.827: (load-truck p10 t0 l0-3)
26.827: (drive-truck t2 l2-3 l2-1 c2)
26.293: (drive-truck t0 l0-4 l0-1 c0)
26.294: (drive-truck t0 l0-4 l0-1 c0)
26.446: (drive-truck t2 l2-1 l2-3 c2)
26.450: (drive-truck t2 l2-0 l2-3 c2)
26.523: (drive-truck t0 l0-4 l0-3 c0)
26.523: (drive-truck t0 l0-4 l0-3 c0)
26.587: (drive-truck t0 l0-2 l0-4 c0)
26.591: (drive-truck t2 l2-1 l2-0 c2)
26.594: (drive-truck t0 l0-2 l0-1 c0)
26.821: (drive-truck t0 l0-3 l0-4 c0)
26.440: (drive-truck t2 l2-1 l2-3 c2)
26.440: (drive-truck t0 l0-3 l0-4 c0)
26.454: (drive-truck t2 l2-0 l2-3 c2)
26.454: (drive-truck t0 l0-2 l0-4 c0)
26.458: (drive-truck t0 l0-3 l0-1 c0)
26.467: (drive-truck t0 l0-2 l0-1 c0)
26.467: (drive-truck t2 l2-0 l2-3 c2)
26.588: (drive-truck t0 l0-3 l0-4 c0)
26.589: (drive-truck t2 l2-1 l2-0 c2)
26.593: (drive-truck t0 l0-3 l0-1 c0)
26.776: (unload-truck p1 t1 l1-1)
26.826: (drive-truck t2 l2-0 l2-1 c2)
26.827: (drive-truck t2 l2-3 l2-1 c2)
26.832: (drive-truck t2 l2-3 l2-1 c2)
26.840: (drive-truck t2 l2-3 l2-1 c2)
27.008: (drive-truck t2 l2-3 l2-2 c2)
27.008: (drive-truck t2 l2-0 l2-2 c2)
27.014: (drive-truck t2 l2-3 l2-2 c2)
27.224: (drive-truck t2 l2-3 l2-4 c2)
27.336: (drive-truck t0 l0-1 l0-2 c0)
26.439: (drive-truck t1 l1-1 l1-0 c1)
26.783: (drive-truck t1 l1-1 l1-3 c1)
26.821: (drive-truck t1 l1-1 l1-2 c1)
26.821: (drive-truck t1 l1-1 l1-4 c1)
26.839: (drive-truck t0 l0-1 l0-2 c0)
26.840: (drive-truck t0 l0-4 l0-2 c0)
27.277: (drive-truck t0 l0-4 l0-2 c0)
27.313: (drive-truck t0 l0-4 l0-2 c0)
27.383: (drive-truck t0 l0-4 l0-1 c0)
27.385: (drive-truck t2 l2-1 l2-4 c2)
26.511: (load-truck p23 t1 l1-3)
26.842: (unload-truck p8 t0 l0-2)
26.851: (drive-truck t0 l0-1 l0-3 c0)
26.889: (drive-truck t0 l0-1 l0-3 c0)
26.889: (drive-truck t0 l0-1 l0-3 c0)
27.011: (drive-truck t0 l0-1 l0-4 c0)
27.011: (drive-truck t0 l0-1 l0-4 c0)
27.101: (unload-truck p8 t0 l0-2)
27.116: (drive-truck t2 l2-0 l2-3 c2)
27.116: (drive-truck t2 l2-0 l2-3 c2)
26.254: (drive-truck t0 l0-2 l0-1 c0)
26.367: (drive-truck t2 l2-0 l2-3 c2)
26.379: (drive-truck t0 l0-2 l0-4 c0)
26.495: (drive-truck t0 l0-1 l0-4 c0)
26.509: (drive-truck t0 l0-1 l0-3 c0)
26.533: (drive-truck t0 l0-2 l0-1 c0)
26.723: (drive-truck t2 l2-0 l2-1 c2)
27.134: (drive-truck t0 l0-2 l0-3 c0)
27.171: (drive-truck t0 l0-3 l0-4 c0)
27.172: (drive-truck t1 l1-2 l1-0 c1)
26.099: (unload-truck p10 t0 l0-3)
26.340: (drive-truck t2 l2-0 l2-3 c2)
26.340: (drive-truck t0 l0-1 l0-4 c0)
26.354: (drive-truck t2 l2-0 l2-3 c2)
26.355: (drive-truck t0 l0-1 l0-3 c0)
26.488: (load-truck p26 t2 l2-2)
26.706: (drive-truck t2 l2-0 l2-1 c2)
26.706: (drive-truck t0 l0-1 l0-4 c0)
26.722: (drive-truck t0 l0-1 l0-3 c0)
26.722: (drive-truck t2 l2-0 l2-1 c2)
25.673: (unload-truck p10 t0 l0-3)
25.673: (drive-truck t2 l2-0 l2-3 c2)
26.081: (drive-truck t0 l0-3 l0-2 c0)
26.306: (unload-truck p10 t0 l0-3)
26.307: (drive-truck t2 l2-0 l2-1 c2)
26.471: (drive-truck t0 l0-1 l0-4 c0)
26.486: (drive-truck t2 l2-2 l2-3 c2)
26.633: (drive-truck t2 l2-2 l2-0 c2)
26.867: (drive-truck t2 l2-2 l2-1 c2)
26.937: (drive-truck t2 l2-3 l2-2 c2)
25.666: (drive-truck t2 l2-0 l2-3 c2)
25.666: (drive-truck t0 l0-3 l0-2 c0)
26.300: (drive-truck t2 l2-0 l2-1 c2)
26.300: (drive-truck t0 l0-3 l0-2 c0)
26.475: (drive-truck t0 l0-1 l0-4 c0)
26.476: (drive-truck t2 l2-2 l2-3 c2)
26.498: (load-truck p8 t0 l0-2)
26.601: (unload-airplane p16 a2 l0-0)
26.628: (drive-truck t0 l0-1 l0-4 c0)
26.629: (drive-truck t2 l2-2 l2-0 c2)
25.673: (load-airplane p16 a1 l0-0)
26.344: (drive-truck t2 l2-0 l2-3 c2)
26.344: (load-truck p8 t0 l0-2)
26.489: (drive-truck t0 l0-2 l0-4 c0)
26.506: (drive-truck t0 l0-2 l0-1 c0)
26.593: (drive-truck t0 l0-3 l0-2 c0)
26.594: (unload-airplane p16 a2 l0-0)
26.665: (unload-truck p13 t1 l1-3)
26.673: (load-airplane p18 a1 l0-0)
26.681: (load-airplane p18 a0 l0-0)
25.666: (drive-truck t0 l0-3 l0-2 c0)
25.667: (load-airplane p16 a1 l0-0)
25.972: (drive-truck t0 l0-2 l0-4 c0)
25.975: (drive-truck t0 l0-2 l0-4 c0)
25.979: (drive-truck t0 l0-2 l0-4 c0)
25.998: (drive-truck t0 l0-2 l0-1 c0)
26.003: (drive-truck t0 l0-2 l0-1 c0)
26.005: (drive-truck t0 l0-2 l0-1 c0)
26.099: (drive-truck t2 l2-3 l2-0 c2)
26.307: (drive-truck t2 l2-3 l2-1 c2)
26.081: (drive-truck t0 l0-3 l0-2 c0)
26.081: (drive-truck t2 l2-3 l2-0 c2)
26.136: (drive-truck t2 l2-3 l2-0 c2)
26.142: (drive-truck t2 l2-3 l2-0 c2)
26.150: (drive-truck t2 l2-3 l2-0 c2)
26.159: (drive-truck t2 l2-3 l2-0 c2)
26.164: (drive-truck t2 l2-3 l2-0 c2)
26.164: (drive-truck t2 l2-3 l2-0 c2)
26.300: (drive-truck t2 l2-3 l2-1 c2)
26.301: (drive-truck t0 l0-3 l0-2 c0)
26.195: (unload-truck p23 t1 l1-3)
26.208: (unload-truck p23 t1 l1-3)
26.222: (unload-truck p23 t1 l1-3)
26.341: (drive-truck t2 l2-0 l2-1 c2)
26.344: (drive-truck t2 l2-0 l2-1 c2)
26.346: (drive-truck t2 l2-0 l2-1 c2)
26.365: (drive-truck t2 l2-0 l2-1 c2)
26.365: (drive-truck t2 l2-0 l2-1 c2)
26.371: (drive-truck t2 l2-0 l2-1 c2)
26.492: (drive-truck t2 l2-0 l2-2 c2)
25.597: (unload-airplane p18 a0 l0-0)
25.941: (drive-truck t1 l1-3 l1-0 c1)
25.951: (drive-truck t1 l1-3 l1-0 c1)
25.969: (drive-truck t1 l1-3 l1-0 c1)
26.126: (drive-truck t1 l1-3 l1-1 c1)
26.208: (drive-truck t1 l1-3 l1-1 c1)
26.220: (drive-truck t1 l1-3 l1-1 c1)
26.506: (drive-truck t2 l2-1 l2-2 c2)
26.593: (drive-truck t2 l2-1 l2-2 c2)
26.977: (drive-truck t1 l1-3 l1-4 c1)
26.141: (load-truck p0 t1 l1-0)
26.145: (load-truck p0 t1 l1-0)
26.147: (load-truck p0 t1 l1-0)
26.185: (drive-truck t0 l0-4 l0-1 c0)
26.239: (load-truck p1 t1 l1-1)
26.246: (load-truck p1 t1 l1-1)
26.250: (load-truck p1 t1 l1-1)
26.370: (load-truck p26 t2 l2-2)
26.493: (load-airplane p18 a2 l0-0)
26.522: (unload-airplane p16 a2 l0-0)
25.597: (load-airplane p16 a1 l0-0)
25.966: (drive-truck t2 l2-0 l2-3 c2)
25.968: (drive-truck t2 l2-0 l2-3 c2)
25.973: (drive-truck t2 l2-0 l2-3 c2)
25.977: (drive-truck t2 l2-2 l2-3 c2)
26.085: (drive-truck t2 l2-0 l2-3 c2)
26.095: (drive-truck t2 l2-0 l2-3 c2)
26.096: (drive-truck t2 l2-0 l2-3 c2)
26.118: (drive-truck t0 l0-1 l0-4 c0)
26.124: (drive-truck t0 l0-1 l0-4 c0)
25.936: (drive-truck t0 l0-1 l0-4 c0)
25.938: (drive-truck t0 l0-1 l0-4 c0)
25.939: (drive-truck t2 l2-0 l2-3 c2)
25.942: (drive-truck t0 l0-1 l0-4 c0)
25.943: (drive-truck t2 l2-0 l2-3 c2)
26.003: (drive-truck t0 l0-4 l0-1 c0)
26.071: (drive-truck t0 l0-1 l0-4 c0)
26.072: (drive-truck t0 l0-1 l0-4 c0)
26.073: (drive-truck t0 l0-1 l0-4 c0)
26.143: (drive-truck t2 l2-3 l2-0 c2)
26.125: (drive-truck t2 l2-3 l2-0 c2)
26.165: (drive-truck t0 l0-4 l0-1 c0)
26.165: (drive-truck t2 l2-3 l2-0 c2)
26.231: (drive-truck t2 l2-3 l2-0 c2)
26.234: (drive-truck t2 l2-3 l2-0 c2)
26.235: (drive-truck t2 l2-3 l2-0 c2)
26.244: (drive-truck t0 l0-4 l0-2 c0)
26.247: (drive-truck t0 l0-4 l0-3 c0)
26.272: (drive-truck t0 l0-4 l0-2 c0)
26.276: (drive-truck t0 l0-4 l0-3 c0)
26.196: (unload-truck p23 t1 l1-3)
26.296: (drive-truck t2 l2-0 l2-1 c2)
26.372: (drive-truck t2 l2-0 l2-1 c2)
26.451: (drive-truck t2 l2-0 l2-1 c2)
26.458: (drive-truck t2 l2-0 l2-1 c2)
26.460: (drive-truck t2 l2-0 l2-1 c2)
26.525: (drive-truck t2 l2-0 l2-2 c2)
26.564: (drive-truck t2 l2-0 l2-2 c2)
26.581: (drive-truck t2 l2-0 l2-2 c2)
26.642: (drive-truck t2 l2-0 l2-2 c2)
25.952: (drive-truck t1 l1-3 l1-0 c1)
26.209: (drive-truck t1 l1-3 l1-1 c1)
26.322: (drive-truck t0 l0-4 l0-1 c0)
26.347: (drive-truck t0 l0-1 l0-4 c0)
26.462: (drive-truck t0 l0-4 l0-1 c0)
26.474: (drive-truck t0 l0-4 l0-1 c0)
26.478: (drive-truck t0 l0-4 l0-1 c0)
26.877: (drive-truck t0 l0-4 l0-2 c0)
26.881: (drive-truck t0 l0-4 l0-3 c0)
26.979: (drive-truck t1 l1-3 l1-2 c1)
26.148: (load-truck p0 t1 l1-0)
26.251: (load-truck p1 t1 l1-1)
26.614: (drive-truck t0 l0-1 l0-4 c0)
26.689: (drive-truck t2 l2-1 l2-0 c2)
26.698: (drive-truck t2 l2-1 l2-0 c2)
26.876: (unload-airplane p16 a2 l0-0)
26.978: (drive-truck t1 l1-2 l1-4 c1)
26.978: (unload-airplane p11 a0 l0-0)
26.978: (drive-truck t1 l1-0 l1-4 c1)
26.979: (drive-truck t1 l1-1 l1-4 c1)
25.969: (load-airplane p16 a1 l0-0)
25.974: (drive-truck t2 l2-0 l2-3 c2)
26.061: (unload-airplane p18 a2 l0-0)
26.065: (load-airplane p11 a1 l0-0)
26.098: (drive-truck t2 l2-0 l2-3 c2)
26.124: (drive-truck t0 l0-1 l0-4 c0)
26.125: (load-truck p0 t1 l1-0)
26.236: (drive-truck t0 l0-1 l0-4 c0)
26.342: (drive-truck t2 l2-0 l2-1 c2)
26.481: (drive-truck t2 l2-0 l2-1 c2)
25.943: (drive-truck t0 l0-1 l0-4 c0)
25.943: (drive-truck t2 l2-0 l2-3 c2)
26.074: (drive-truck t2 l2-0 l2-3 c2)
26.074: (drive-truck t0 l0-1 l0-4 c0)
26.141: (load-truck p0 t1 l1-0)
26.160: (load-truck p0 t1 l1-0)
26.208: (drive-truck t1 l1-0 l1-3 c1)
26.220: (drive-truck t1 l1-0 l1-1 c1)
26.240: (load-truck p0 t1 l1-0)
26.278: (drive-truck t0 l0-1 l0-2 c0)
25.968: (drive-truck t2 l2-0 l2-3 c2)
25.992: (drive-truck t2 l2-0 l2-3 c2)
26.066: (drive-truck t2 l2-0 l2-3 c2)
26.118: (drive-truck t0 l0-1 l0-4 c0)
26.142: (drive-truck t0 l0-1 l0-4 c0)
26.158: (load-truck p23 t1 l1-3)
26.217: (drive-truck t0 l0-1 l0-4 c0)
26.247: (load-truck p1 t1 l1-1)
26.281: (drive-truck t0 l0-4 l0-3 c0)
26.281: (drive-truck t0 l0-2 l0-3 c0)
25.938: (drive-truck t2 l2-0 l2-3 c2)
25.938: (drive-truck t0 l0-1 l0-4 c0)
25.961: (drive-truck t2 l2-0 l2-3 c2)
25.961: (drive-truck t0 l0-1 l0-4 c0)
25.998: (drive-truck t2 l2-0 l2-3 c2)
26.036: (drive-truck t0 l0-1 l0-4 c0)
26.037: (drive-truck t2 l2-0 l2-3 c2)
26.095: (drive-truck t2 l2-0 l2-3 c2)
26.135: (drive-truck t0 l0-1 l0-4 c0)
26.231: (drive-truck t0 l0-1 l0-4 c0)
25.971: (drive-truck t0 l0-1 l0-4 c0)
25.972: (drive-truck t2 l2-0 l2-3 c2)
26.072: (drive-truck t0 l0-1 l0-4 c0)
26.072: (drive-truck t2 l2-0 l2-3 c2)
26.272: (drive-truck t0 l0-4 l0-2 c0)
26.273: (drive-truck t0 l0-4 l0-2 c0)
26.276: (drive-truck t0 l0-4 l0-3 c0)
26.276: (drive-truck t0 l0-4 l0-3 c0)
26.310: (drive-truck t2 l2-3 l2-1 c2)
26.320: (drive-truck t2 l2-3 l2-1 c2)
25.340: (load-airplane p11 a1 l0-0)
26.334: (drive-truck t0 l0-4 l0-1 c0)
26.341: (drive-truck t2 l2-3 l2-1 c2)
26.341: (drive-truck t0 l0-4 l0-1 c0)
26.458: (drive-truck t2 l2-3 l2-1 c2)
26.465: (drive-truck t2 l2-1 l2-2 c2)
26.506: (drive-truck t2 l2-3 l2-2 c2)
26.566: (drive-truck t2 l2-1 l2-2 c2)
26.581: (drive-truck t2 l2-3 l2-2 c2)
26.673: (drive-truck t0 l0-4 l0-2 c0)
25.642: (load-airplane p11 a1 l0-0)
25.674: (unload-airplane p18 a2 l0-0)
25.775: (drive-truck t2 l2-3 l2-0 c2)
26.273: (unload-airplane p16 a2 l0-0)
26.322: (unload-airplane p17 a0 l0-0)
26.364: (drive-truck t0 l0-4 l0-1 c0)
26.372: (load-airplane p18 a1 l0-0)
26.372: (load-airplane p18 a2 l0-0)
26.372: (load-airplane p18 a0 l0-0)
26.397: (load-truck p8 t0 l0-2)
25.786: (drive-truck t0 l0-2 l0-3 c0)
25.961: (drive-truck t0 l0-2 l0-4 c0)
25.992: (drive-truck t0 l0-2 l0-1 c0)
26.010: (drive-truck t0 l0-2 l0-4 c0)
26.037: (drive-truck t0 l0-2 l0-4 c0)
26.037: (drive-truck t0 l0-2 l0-4 c0)
26.041: (drive-truck t0 l0-2 l0-1 c0)
26.065: (drive-truck t0 l0-2 l0-1 c0)
26.066: (drive-truck t0 l0-2 l0-1 c0)
26.238: (drive-truck t0 l0-4 l0-1 c0)
26.142: (drive-truck t2 l2-3 l2-0 c2)
26.160: (drive-truck t2 l2-3 l2-0 c2)
26.192: (drive-truck t2 l2-3 l2-0 c2)
26.210: (drive-truck t2 l2-3 l2-0 c2)
26.217: (drive-truck t2 l2-3 l2-0 c2)
26.218: (drive-truck t2 l2-3 l2-0 c2)
26.241: (drive-truck t2 l2-3 l2-0 c2)
26.241: (drive-truck t2 l2-3 l2-0 c2)
26.276: (drive-truck t0 l0-1 l0-3 c0)
26.276: (drive-truck t0 l0-4 l0-3 c0)
26.061: (unload-truck p0 t1 l1-0)
26.066: (unload-truck p0 t1 l1-0)
26.067: (unload-truck p0 t1 l1-0)
26.104: (unload-truck p0 t1 l1-0)
26.320: (drive-truck t2 l2-0 l2-1 c2)
26.342: (drive-truck t2 l2-0 l2-1 c2)
26.382: (drive-truck t2 l2-0 l2-1 c2)
26.404: (drive-truck t2 l2-0 l2-1 c2)
26.407: (drive-truck t2 l2-0 l2-1 c2)
26.408: (drive-truck t2 l2-0 l2-1 c2)
26.217: (drive-truck t1 l1-0 l1-3 c1)
26.289: (drive-truck t1 l1-0 l1-1 c1)
26.298: (drive-truck t1 l1-0 l1-3 c1)
26.306: (drive-truck t1 l1-0 l1-3 c1)
26.306: (drive-truck t1 l1-0 l1-3 c1)
26.317: (drive-truck t1 l1-0 l1-1 c1)
26.317: (drive-truck t1 l1-0 l1-1 c1)
26.331: (drive-truck t1 l1-0 l1-1 c1)
26.431: (drive-truck t0 l0-4 l0-1 c0)
26.432: (drive-truck t0 l0-4 l0-1 c0)
26.181: (load-truck p23 t1 l1-3)
26.190: (load-truck p23 t1 l1-3)
26.256: (load-truck p23 t1 l1-3)
26.256: (load-truck p23 t1 l1-3)
26.269: (load-truck p1 t1 l1-1)
26.315: (load-truck p1 t1 l1-1)
26.344: (load-truck p1 t1 l1-1)
26.344: (load-truck p1 t1 l1-1)
27.010: (drive-truck t0 l0-1 l0-2 c0)
27.011: (drive-truck t0 l0-1 l0-2 c0)
26.025: (drive-truck t2 l2-0 l2-3 c2)
26.036: (drive-truck t2 l2-0 l2-3 c2)
26.096: (drive-truck t2 l2-0 l2-3 c2)
26.096: (drive-truck t2 l2-0 l2-3 c2)
26.119: (drive-truck t2 l2-0 l2-3 c2)
26.166: (drive-truck t2 l2-0 l2-3 c2)
26.167: (drive-truck t0 l0-1 l0-4 c0)
26.185: (drive-truck t0 l0-1 l0-4 c0)
26.193: (drive-truck t2 l2-0 l2-3 c2)
26.193: (drive-truck t2 l2-0 l2-3 c2)
25.999: (drive-truck t2 l2-0 l2-3 c2)
26.000: (drive-truck t0 l0-1 l0-4 c0)
26.018: (drive-truck t0 l0-1 l0-4 c0)
26.019: (drive-truck t2 l2-0 l2-3 c2)
26.069: (drive-truck t0 l0-1 l0-4 c0)
26.069: (drive-truck t0 l0-1 l0-4 c0)
26.103: (drive-truck t0 l0-1 l0-4 c0)
26.150: (drive-truck t0 l0-1 l0-4 c0)
26.171: (drive-truck t0 l0-1 l0-4 c0)
26.172: (drive-truck t0 l0-1 l0-4 c0)
26.235: (drive-truck t2 l2-3 l2-0 c2)
26.235: (drive-truck t2 l2-3 l2-0 c2)
26.265: (drive-truck t2 l2-3 l2-0 c2)
26.312: (drive-truck t2 l2-3 l2-0 c2)
26.329: (drive-truck t2 l2-3 l2-0 c2)
26.329: (drive-truck t2 l2-3 l2-0 c2)
26.357: (drive-truck t2 l2-3 l2-1 c2)
26.399: (drive-truck t2 l2-3 l2-1 c2)
26.438: (drive-truck t2 l2-3 l2-1 c2)
26.439: (drive-truck t2 l2-3 l2-1 c2)
26.375: (drive-truck t0 l0-4 l0-1 c0)
26.408: (drive-truck t0 l0-4 l0-1 c0)
26.462: (drive-truck t0 l0-4 l0-1 c0)
26.462: (drive-truck t0 l0-4 l0-1 c0)
26.478: (drive-truck t2 l2-0 l2-1 c2)
26.539: (drive-truck t2 l2-0 l2-1 c2)
26.555: (drive-truck t2 l2-0 l2-1 c2)
26.556: (drive-truck t2 l2-0 l2-1 c2)
26.602: (drive-truck t2 l2-1 l2-2 c2)
26.602: (drive-truck t2 l2-1 l2-2 c2)
25.689: (unload-airplane p18 a1 l0-0)
25.689: (unload-airplane p18 a0 l0-0)
26.485: (drive-truck t0 l0-4 l0-1 c0)
26.545: (drive-truck t0 l0-4 l0-1 c0)
26.571: (drive-truck t0 l0-4 l0-1 c0)
26.572: (drive-truck t0 l0-4 l0-1 c0)
26.678: (drive-truck t2 l2-1 l2-2 c2)
26.678: (drive-truck t2 l2-1 l2-2 c2)
26.689: (drive-truck t2 l2-1 l2-2 c2)
26.730: (drive-truck t2 l2-1 l2-2 c2)
25.673: (load-airplane p16 a1 l0-0)
26.276: (drive-truck t0 l0-4 l0-1 c0)
26.462: (load-truck p26 t2 l2-2)
26.603: (load-airplane p18 a2 l0-0)
26.616: (unload-airplane p11 a1 l0-0)
26.616: (unload-airplane p16 a2 l0-0)
26.632: (unload-airplane p17 a0 l0-0)
26.674: (drive-truck t2 l2-2 l2-4 c2)
26.685: (unload-truck p13 t1 l1-3)
27.043: (drive-truck t0 l0-4 l0-2 c0)
25.753: (drive-truck t2 l2-2 l2-3 c2)
25.999: (drive-truck t2 l2-2 l2-3 c2)
26.069: (drive-truck t2 l2-2 l2-3 c2)
26.071: (drive-truck t2 l2-2 l2-3 c2)
26.167: (drive-truck t2 l2-2 l2-0 c2)
26.168: (drive-truck t2 l2-2 l2-0 c2)
26.235: (drive-truck t2 l2-2 l2-0 c2)
26.240: (drive-truck t2 l2-2 l2-0 c2)
26.254: (drive-truck t0 l0-4 l0-1 c0)
26.357: (drive-truck t2 l2-2 l2-1 c2)
25.762: (drive-truck t0 l0-2 l0-3 c0)
26.025: (drive-truck t0 l0-4 l0-1 c0)
26.096: (drive-truck t0 l0-4 l0-1 c0)
26.098: (drive-truck t0 l0-4 l0-1 c0)
26.181: (drive-truck t0 l0-4 l0-1 c0)
26.185: (drive-truck t0 l0-2 l0-3 c0)
26.255: (drive-truck t0 l0-4 l0-1 c0)
26.256: (drive-truck t0 l0-4 l0-1 c0)
26.377: (drive-truck t0 l0-4 l0-1 c0)
26.382: (drive-truck t2 l2-0 l2-1 c2)
26.298: (unload-truck p23 t1 l1-3)
26.306: (unload-truck p23 t1 l1-3)
26.314: (unload-truck p23 t1 l1-3)
26.389: (drive-truck t2 l2-0 l2-1 c2)
26.390: (drive-truck t0 l0-2 l0-3 c0)
26.390: (drive-truck t2 l2-3 l2-1 c2)
26.445: (load-truck p10 t0 l0-3)
26.456: (drive-truck t2 l2-0 l2-1 c2)
26.456: (drive-truck t2 l2-3 l2-1 c2)
26.462: (drive-truck t2 l2-0 l2-1 c2)
26.034: (drive-truck t1 l1-3 l1-0 c1)
26.218: (drive-truck t1 l1-3 l1-1 c1)
26.289: (drive-truck t1 l1-3 l1-1 c1)
26.318: (drive-truck t1 l1-3 l1-1 c1)
26.430: (drive-truck t0 l0-3 l0-4 c0)
26.434: (drive-truck t0 l0-1 l0-4 c0)
26.438: (drive-truck t0 l0-1 l0-4 c0)
26.456: (drive-truck t0 l0-3 l0-1 c0)
26.598: (drive-truck t2 l2-3 l2-0 c2)
26.809: (load-truck p10 t0 l0-3)
26.236: (load-truck p0 t1 l1-0)
26.269: (load-truck p1 t1 l1-1)
26.330: (load-truck p1 t1 l1-1)
26.345: (load-truck p1 t1 l1-1)
26.585: (drive-truck t2 l2-3 l2-0 c2)
26.586: (drive-truck t0 l0-3 l0-4 c0)
26.599: (drive-truck t0 l0-3 l0-1 c0)
26.600: (drive-truck t2 l2-3 l2-0 c2)
26.757: (drive-truck t0 l0-1 l0-4 c0)
26.794: (drive-truck t2 l2-3 l2-1 c2)
26.059: (drive-truck t2 l2-0 l2-3 c2)
26.119: (drive-truck t2 l2-0 l2-3 c2)
26.177: (drive-truck t2 l2-0 l2-3 c2)
26.192: (drive-truck t2 l2-0 l2-3 c2)
26.217: (drive-truck t0 l0-1 l0-4 c0)
26.218: (load-truck p0 t1 l1-0)
26.266: (drive-truck t0 l0-1 l0-4 c0)
26.328: (drive-truck t0 l0-1 l0-4 c0)
26.329: (drive-truck t0 l0-1 l0-4 c0)
26.414: (drive-truck t2 l2-0 l2-1 c2)
26.027: (drive-truck t2 l2-0 l2-3 c2)
26.028: (drive-truck t0 l0-1 l0-4 c0)
26.103: (drive-truck t2 l2-0 l2-3 c2)
26.103: (drive-truck t0 l0-1 l0-4 c0)
26.162: (drive-truck t0 l0-1 l0-4 c0)
26.162: (drive-truck t2 l2-0 l2-3 c2)
26.170: (drive-truck t2 l2-0 l2-3 c2)
26.170: (drive-truck t0 l0-1 l0-4 c0)
26.332: (drive-truck t0 l0-1 l0-2 c0)
26.335: (drive-truck t0 l0-1 l0-3 c0)
26.387: (drive-truck t2 l2-3 l2-1 c2)
26.478: (drive-truck t2 l2-3 l2-1 c2)
26.541: (drive-truck t2 l2-3 l2-1 c2)
26.556: (drive-truck t2 l2-3 l2-1 c2)
26.617: (drive-truck t2 l2-3 l2-2 c2)
26.678: (drive-truck t2 l2-3 l2-2 c2)
26.689: (drive-truck t2 l2-3 l2-2 c2)
26.734: (drive-truck t2 l2-3 l2-2 c2)
26.745: (drive-truck t0 l0-4 l0-2 c0)
26.750: (drive-truck t0 l0-4 l0-3 c0)
25.814: (load-airplane p11 a1 l0-0)
25.818: (load-airplane p11 a1 l0-0)
26.485: (drive-truck t0 l0-4 l0-1 c0)
26.552: (drive-truck t0 l0-4 l0-1 c0)
26.573: (drive-truck t0 l0-4 l0-1 c0)
26.962: (drive-truck t0 l0-4 l0-2 c0)
26.966: (drive-truck t0 l0-4 l0-3 c0)
27.138: (drive-truck t2 l2-3 l2-0 c2)
27.154: (drive-truck t2 l2-3 l2-0 c2)
27.188: (drive-truck t0 l0-4 l0-1 c0)
26.203: (load-airplane p11 a1 l0-0)
26.204: (drive-truck t2 l2-3 l2-0 c2)
26.220: (load-airplane p11 a1 l0-0)
26.220: (drive-truck t2 l2-3 l2-0 c2)
26.446: (drive-truck t2 l2-3 l2-1 c2)
26.454: (drive-truck t2 l2-3 l2-1 c2)
26.535: (load-truck p10 t0 l0-3)
26.539: (load-truck p8 t0 l0-2)
26.745: (unload-airplane p16 a2 l0-0)
26.750: (unload-airplane p16 a2 l0-0)
25.725: (load-airplane p16 a1 l0-0)
25.731: (load-airplane p16 a1 l0-0)
26.529: (drive-truck t0 l0-3 l0-4 c0)
26.542: (drive-truck t0 l0-2 l0-4 c0)
26.546: (drive-truck t0 l0-3 l0-1 c0)
26.554: (drive-truck t0 l0-2 l0-1 c0)
26.682: (drive-truck t2 l2-3 l2-0 c2)
26.682: (load-truck p10 t0 l0-3)
26.685: (drive-truck t2 l2-3 l2-0 c2)
26.685: (load-truck p8 t0 l0-2)
26.116: (drive-truck t2 l2-3 l2-0 c2)
26.133: (drive-truck t2 l2-3 l2-0 c2)
26.367: (drive-truck t2 l2-3 l2-1 c2)
26.373: (drive-truck t2 l2-3 l2-1 c2)
26.446: (load-truck p10 t0 l0-3)
26.450: (load-truck p8 t0 l0-2)
26.675: (drive-truck t0 l0-2 l0-4 c0)
26.677: (drive-truck t0 l0-3 l0-4 c0)
26.677: (drive-truck t2 l2-3 l2-0 c2)
26.678: (drive-truck t2 l2-3 l2-0 c2)
26.440: (drive-truck t0 l0-3 l0-4 c0)
26.454: (drive-truck t0 l0-2 l0-4 c0)
26.457: (drive-truck t0 l0-3 l0-1 c0)
26.466: (drive-truck t0 l0-2 l0-1 c0)
26.593: (drive-truck t2 l2-3 l2-0 c2)
26.593: (load-truck p10 t0 l0-3)
26.596: (drive-truck t2 l2-3 l2-0 c2)
26.596: (load-truck p8 t0 l0-2)
26.681: (drive-truck t0 l0-4 l0-1 c0)
26.682: (drive-truck t0 l0-4 l0-1 c0)
26.587: (drive-truck t0 l0-2 l0-4 c0)
26.587: (drive-truck t2 l2-3 l2-0 c2)
26.588: (drive-truck t0 l0-3 l0-4 c0)
26.588: (drive-truck t2 l2-3 l2-0 c2)
26.592: (drive-truck t2 l2-3 l2-0 c2)
26.593: (drive-truck t0 l0-2 l0-1 c0)
26.593: (drive-truck t0 l0-3 l0-1 c0)
26.593: (drive-truck t2 l2-3 l2-0 c2)
26.687: (unload-truck p1 t1 l1-1)
26.821: (drive-truck t2 l2-3 l2-1 c2)
26.464: (drive-truck t1 l1-1 l1-0 c1)
26.599: (unload-truck p1 t1 l1-1)
26.699: (drive-truck t1 l1-1 l1-3 c1)
26.775: (unload-truck p1 t1 l1-1)
26.826: (drive-truck t0 l0-4 l0-1 c0)
26.827: (drive-truck t0 l0-4 l0-3 c0)
26.827: (drive-truck t2 l2-0 l2-1 c2)
26.832: (drive-truck t2 l2-0 l2-1 c2)
26.840: (drive-truck t2 l2-0 l2-1 c2)
27.008: (drive-truck t2 l2-1 l2-2 c2)
26.374: (drive-truck t1 l1-1 l1-0 c1)
26.439: (drive-truck t1 l1-1 l1-0 c1)
26.577: (load-truck p0 t1 l1-0)
26.595: (load-truck p23 t1 l1-3)
26.609: (drive-truck t1 l1-1 l1-3 c1)
26.783: (drive-truck t1 l1-1 l1-3 c1)
26.821: (drive-truck t1 l1-1 l1-4 c1)
26.821: (drive-truck t1 l1-1 l1-2 c1)
26.839: (drive-truck t0 l0-4 l0-2 c0)
26.840: (drive-truck t0 l0-1 l0-2 c0)
26.423: (drive-truck t2 l2-0 l2-3 c2)
26.459: (drive-truck t2 l2-0 l2-3 c2)
26.478: (load-truck p0 t1 l1-0)
26.488: (load-truck p0 t1 l1-0)
26.507: (load-truck p23 t1 l1-3)
26.512: (load-truck p23 t1 l1-3)
26.556: (drive-truck t0 l0-1 l0-4 c0)
26.564: (drive-truck t0 l0-1 l0-2 c0)
26.579: (drive-truck t0 l0-1 l0-4 c0)
26.587: (drive-truck t0 l0-1 l0-2 c0)
26.316: (drive-truck t2 l2-0 l2-3 c2)
26.333: (drive-truck t2 l2-0 l2-3 c2)
26.367: (drive-truck t2 l2-0 l2-3 c2)
26.370: (drive-truck t2 l2-0 l2-3 c2)
26.396: (drive-truck t2 l2-0 l2-3 c2)
26.396: (drive-truck t0 l0-1 l0-4 c0)
26.433: (drive-truck t0 l0-1 l0-2 c0)
26.434: (drive-truck t2 l2-0 l2-3 c2)
26.436: (drive-truck t2 l2-0 l2-3 c2)
26.436: (drive-truck t0 l0-1 l0-4 c0)
26.284: (drive-truck t0 l0-1 l0-4 c0)
26.307: (drive-truck t0 l0-1 l0-4 c0)
26.307: (drive-truck t0 l0-1 l0-3 c0)
26.307: (drive-truck t0 l0-1 l0-2 c0)
26.340: (drive-truck t0 l0-1 l0-4 c0)
26.344: (drive-truck t0 l0-1 l0-2 c0)
26.347: (drive-truck t0 l0-1 l0-4 c0)
26.355: (drive-truck t0 l0-1 l0-3 c0)
26.675: (drive-truck t2 l2-3 l2-1 c2)
26.696: (drive-truck t2 l2-3 l2-1 c2)
25.666: (unload-truck p8 t0 l0-2)
25.672: (unload-truck p10 t0 l0-3)
26.459: (drive-truck t2 l2-3 l2-0 c2)
26.467: (drive-truck t2 l2-3 l2-0 c2)
26.474: (drive-truck t2 l2-3 l2-0 c2)
26.475: (drive-truck t2 l2-3 l2-0 c2)
26.489: (drive-truck t2 l2-3 l2-0 c2)
26.494: (drive-truck t2 l2-3 l2-0 c2)
26.499: (drive-truck t2 l2-3 l2-0 c2)
26.509: (drive-truck t2 l2-3 l2-0 c2)
26.081: (unload-truck p8 t0 l0-2)
26.081: (drive-truck t2 l2-3 l2-0 c2)
26.098: (unload-truck p10 t0 l0-3)
26.099: (drive-truck t2 l2-3 l2-0 c2)
26.300: (drive-truck t2 l2-3 l2-1 c2)
26.307: (drive-truck t2 l2-3 l2-1 c2)
26.613: (unload-airplane p17 a0 l0-0)
26.615: (unload-airplane p17 a0 l0-0)
26.654: (drive-truck t2 l2-0 l2-1 c2)
26.665: (unload-truck p13 t1 l1-3)
25.667: (load-airplane p17 a2 l0-0)
25.673: (load-airplane p17 a2 l0-0)
25.924: (drive-truck t0 l0-2 l0-4 c0)
25.924: (drive-truck t0 l0-3 l0-4 c0)
25.941: (drive-truck t0 l0-2 l0-1 c0)
25.941: (drive-truck t0 l0-3 l0-1 c0)
25.979: (drive-truck t0 l0-2 l0-4 c0)
26.005: (drive-truck t0 l0-2 l0-1 c0)
26.672: (drive-truck t0 l0-4 l0-3 c0)
26.672: (drive-truck t0 l0-2 l0-3 c0)
26.081: (drive-truck t2 l2-3 l2-0 c2)
26.092: (drive-truck t2 l2-3 l2-0 c2)
26.097: (drive-truck t2 l2-3 l2-0 c2)
26.099: (drive-truck t2 l2-3 l2-0 c2)
26.151: (drive-truck t2 l2-3 l2-0 c2)
26.164: (drive-truck t2 l2-3 l2-0 c2)
26.300: (drive-truck t2 l2-3 l2-1 c2)
26.305: (drive-truck t2 l2-3 l2-1 c2)
26.307: (drive-truck t2 l2-3 l2-1 c2)
26.314: (drive-truck t2 l2-3 l2-1 c2)
26.123: (unload-truck p23 t1 l1-3)
26.221: (unload-truck p23 t1 l1-3)
26.342: (drive-truck t2 l2-0 l2-1 c2)
26.365: (drive-truck t2 l2-0 l2-1 c2)
26.499: (load-truck p8 t0 l0-2)
26.509: (load-truck p10 t0 l0-3)
26.537: (drive-truck t2 l2-1 l2-2 c2)
26.538: (drive-truck t2 l2-0 l2-2 c2)
26.593: (drive-truck t2 l2-0 l2-2 c2)
26.720: (load-truck p8 t0 l0-2)
25.941: (drive-truck t1 l1-3 l1-0 c1)
26.009: (drive-truck t1 l1-3 l1-0 c1)
26.125: (drive-truck t1 l1-3 l1-1 c1)
26.237: (drive-truck t1 l1-3 l1-1 c1)
26.344: (drive-truck t2 l2-0 l2-3 c2)
26.344: (drive-truck t2 l2-1 l2-3 c2)
26.354: (drive-truck t2 l2-0 l2-3 c2)
26.489: (drive-truck t0 l0-2 l0-4 c0)
26.494: (drive-truck t0 l0-3 l0-4 c0)
26.506: (drive-truck t0 l0-2 l0-1 c0)
26.117: (load-truck p0 t1 l1-0)
26.145: (load-truck p0 t1 l1-0)
26.222: (load-truck p1 t1 l1-1)
26.239: (load-truck p1 t1 l1-1)
26.340: (drive-truck t0 l0-3 l0-4 c0)
26.340: (drive-truck t2 l2-0 l2-3 c2)
26.347: (drive-truck t2 l2-0 l2-3 c2)
26.347: (drive-truck t0 l0-2 l0-4 c0)
26.367: (drive-truck t0 l0-3 l0-1 c0)
26.368: (drive-truck t2 l2-0 l2-3 c2)
25.966: (drive-truck t2 l2-0 l2-3 c2)
26.072: (drive-truck t2 l2-0 l2-3 c2)
26.084: (drive-truck t2 l2-0 l2-3 c2)
26.125: (drive-truck t0 l0-1 l0-4 c0)
26.220: (drive-truck t0 l0-1 l0-4 c0)
26.236: (drive-truck t0 l0-1 l0-4 c0)
26.310: (drive-truck t2 l2-0 l2-1 c2)
26.322: (drive-truck t2 l2-0 l2-1 c2)
26.452: (drive-truck t2 l2-0 l2-1 c2)
26.462: (drive-truck t2 l2-0 l2-1 c2)
25.935: (drive-truck t0 l0-1 l0-4 c0)
25.936: (drive-truck t2 l2-0 l2-3 c2)
26.056: (drive-truck t0 l0-1 l0-4 c0)
26.056: (drive-truck t2 l2-0 l2-3 c2)
26.069: (drive-truck t0 l0-1 l0-4 c0)
26.070: (drive-truck t2 l2-0 l2-3 c2)
26.244: (drive-truck t0 l0-1 l0-2 c0)
26.248: (drive-truck t0 l0-1 l0-3 c0)
26.287: (drive-truck t0 l0-1 l0-4 c0)
26.296: (drive-truck t2 l2-0 l2-1 c2)
26.445: (drive-truck t2 l2-3 l2-1 c2)
26.451: (drive-truck t2 l2-3 l2-1 c2)
26.515: (drive-truck t2 l2-1 l2-2 c2)
26.524: (drive-truck t2 l2-1 l2-2 c2)
26.525: (drive-truck t2 l2-3 l2-2 c2)
26.636: (drive-truck t2 l2-3 l2-2 c2)
26.642: (drive-truck t2 l2-3 l2-2 c2)
26.689: (drive-truck t2 l2-3 l2-0 c2)
26.699: (drive-truck t2 l2-3 l2-0 c2)
26.705: (drive-truck t0 l0-4 l0-2 c0)
25.726: (load-airplane p17 a2 l0-0)
26.711: (drive-truck t0 l0-2 l0-3 c0)
26.876: (drive-truck t2 l2-0 l2-1 c2)
26.881: (drive-truck t2 l2-0 l2-1 c2)
27.101: (drive-truck t2 l2-3 l2-0 c2)
27.110: (drive-truck t0 l0-4 l0-1 c0)
27.120: (drive-truck t0 l0-4 l0-1 c0)
27.214: (drive-truck t0 l0-4 l0-1 c0)
27.220: (drive-truck t0 l0-4 l0-1 c0)
27.279: (unload-truck p0 t1 l1-0)
25.729: (load-airplane p17 a2 l0-0)
25.730: (drive-truck t0 l0-2 l0-3 c0)
26.116: (load-airplane p17 a2 l0-0)
26.116: (drive-truck t2 l2-3 l2-0 c2)
26.146: (load-airplane p17 a0 l0-0)
26.367: (drive-truck t2 l2-3 l2-1 c2)
26.450: (load-truck p8 t0 l0-2)
26.665: (drive-truck t0 l0-3 l0-4 c0)
26.730: (load-airplane p18 a0 l0-0)
26.735: (load-airplane p18 a1 l0-0)
26.072: (drive-truck t0 l0-2 l0-4 c0)
26.074: (drive-truck t0 l0-2 l0-4 c0)
26.095: (drive-truck t0 l0-2 l0-1 c0)
26.097: (drive-truck t0 l0-2 l0-1 c0)
26.133: (drive-truck t0 l0-2 l0-3 c0)
26.133: (drive-truck t2 l2-3 l2-0 c2)
26.342: (load-truck p26 t2 l2-2)
26.372: (drive-truck t0 l0-2 l0-3 c0)
26.373: (drive-truck t2 l2-3 l2-1 c2)
26.446: (load-truck p10 t0 l0-3)
26.231: (drive-truck t2 l2-3 l2-0 c2)
26.235: (drive-truck t2 l2-3 l2-0 c2)
26.246: (drive-truck t2 l2-3 l2-0 c2)
26.250: (drive-truck t2 l2-3 l2-0 c2)
26.310: (drive-truck t0 l0-1 l0-4 c0)
26.348: (drive-truck t2 l2-2 l2-3 c2)
26.440: (drive-truck t0 l0-3 l0-4 c0)
26.457: (drive-truck t0 l0-3 l0-1 c0)
26.458: (drive-truck t2 l2-3 l2-1 c2)
26.461: (drive-truck t2 l2-3 l2-1 c2)
26.208: (unload-truck p1 t1 l1-1)
26.219: (unload-truck p1 t1 l1-1)
26.322: (drive-truck t0 l0-1 l0-4 c0)
26.323: (drive-truck t2 l2-2 l2-3 c2)
26.476: (drive-truck t2 l2-0 l2-1 c2)
26.478: (drive-truck t0 l0-4 l0-1 c0)
26.480: (drive-truck t2 l2-0 l2-1 c2)
26.481: (drive-truck t0 l0-4 l0-1 c0)
26.509: (drive-truck t2 l2-2 l2-0 c2)
26.529: (drive-truck t2 l2-3 l2-0 c2)
25.951: (drive-truck t1 l1-1 l1-0 c1)
25.969: (drive-truck t1 l1-1 l1-0 c1)
26.195: (drive-truck t1 l1-1 l1-3 c1)
26.208: (drive-truck t1 l1-1 l1-3 c1)
26.482: (unload-truck p0 t1 l1-0)
26.628: (drive-truck t0 l0-4 l0-2 c0)
26.633: (drive-truck t0 l0-4 l0-3 c0)
26.694: (drive-truck t2 l2-0 l2-1 c2)
26.694: (drive-truck t2 l2-3 l2-1 c2)
26.717: (drive-truck t2 l2-0 l2-1 c2)
26.142: (load-truck p0 t1 l1-0)
26.147: (load-truck p0 t1 l1-0)
26.158: (load-truck p23 t1 l1-3)
26.165: (load-truck p23 t1 l1-3)
26.613: (drive-truck t0 l0-1 l0-4 c0)
26.655: (drive-truck t0 l0-1 l0-4 c0)
26.759: (drive-truck t1 l1-0 l1-1 c1)
26.775: (drive-truck t1 l1-0 l1-3 c1)
26.880: (drive-truck t2 l2-3 l2-2 c2)
26.884: (drive-truck t2 l2-3 l2-2 c2)
25.776: (unload-airplane p18 a0 l0-0)
25.776: (unload-airplane p18 a1 l0-0)
25.968: (drive-truck t2 l2-0 l2-3 c2)
25.974: (drive-truck t2 l2-0 l2-3 c2)
25.997: (drive-truck t2 l2-0 l2-3 c2)
26.002: (drive-truck t2 l2-0 l2-3 c2)
26.118: (drive-truck t0 l0-1 l0-4 c0)
26.119: (load-truck p0 t1 l1-0)
26.123: (load-truck p0 t1 l1-0)
26.123: (drive-truck t0 l0-1 l0-4 c0)
25.939: (drive-truck t0 l0-1 l0-4 c0)
25.939: (drive-truck t2 l2-0 l2-3 c2)
25.942: (drive-truck t0 l0-1 l0-4 c0)
25.944: (drive-truck t2 l2-0 l2-3 c2)
25.971: (drive-truck t0 l0-1 l0-4 c0)
25.976: (drive-truck t0 l0-1 l0-4 c0)
26.224: (drive-truck t1 l1-0 l1-2 c1)
26.224: (drive-truck t1 l1-0 l1-4 c1)
26.272: (drive-truck t0 l0-1 l0-2 c0)
26.276: (drive-truck t0 l0-1 l0-3 c0)
26.028: (drive-truck t0 l0-4 l0-1 c0)
26.028: (drive-truck t0 l0-4 l0-1 c0)
26.136: (drive-truck t2 l2-3 l2-0 c2)
26.143: (drive-truck t2 l2-3 l2-0 c2)
26.277: (drive-truck t0 l0-4 l0-2 c0)
26.280: (drive-truck t0 l0-4 l0-3 c0)
26.310: (drive-truck t2 l2-3 l2-1 c2)
26.315: (drive-truck t2 l2-3 l2-1 c2)
26.341: (drive-truck t2 l2-3 l2-1 c2)
26.347: (drive-truck t2 l2-3 l2-1 c2)
26.293: (drive-truck t2 l2-0 l2-3 c2)
26.293: (drive-truck t2 l2-0 l2-3 c2)
26.333: (drive-truck t0 l0-4 l0-1 c0)
26.341: (drive-truck t0 l0-4 l0-1 c0)
26.365: (drive-truck t0 l0-4 l0-1 c0)
26.372: (drive-truck t0 l0-4 l0-1 c0)
26.449: (drive-truck t2 l2-1 l2-2 c2)
26.464: (drive-truck t2 l2-1 l2-2 c2)
26.492: (drive-truck t2 l2-1 l2-2 c2)
26.492: (drive-truck t2 l2-0 l2-2 c2)
26.485: (drive-truck t0 l0-1 l0-4 c0)
26.485: (drive-truck t0 l0-1 l0-4 c0)
26.523: (drive-truck t0 l0-1 l0-3 c0)
26.523: (drive-truck t0 l0-1 l0-3 c0)
26.796: (drive-truck t2 l2-3 l2-1 c2)
26.796: (drive-truck t2 l2-3 l2-1 c2)
26.913: (drive-truck t0 l0-1 l0-2 c0)
26.916: (drive-truck t0 l0-1 l0-3 c0)
26.919: (drive-truck t0 l0-1 l0-2 c0)
26.920: (drive-truck t0 l0-1 l0-3 c0)
26.710: (drive-truck t2 l2-3 l2-2 c2)
26.710: (drive-truck t2 l2-3 l2-2 c2)
26.711: (drive-truck t2 l2-1 l2-0 c2)
26.717: (drive-truck t2 l2-1 l2-0 c2)
26.722: (drive-truck t2 l2-1 l2-0 c2)
26.727: (drive-truck t2 l2-1 l2-0 c2)
26.846: (drive-truck t2 l2-3 l2-0 c2)
26.846: (drive-truck t2 l2-3 l2-0 c2)
26.990: (drive-truck t2 l2-3 l2-1 c2)
26.990: (drive-truck t2 l2-3 l2-1 c2)
26.386: (drive-truck t1 l1-4 l1-0 c1)
26.387: (drive-truck t1 l1-2 l1-0 c1)
26.890: (load-truck p10 t0 l0-3)
26.890: (load-truck p10 t0 l0-3)
27.170: (drive-truck t0 l0-3 l0-2 c0)
27.171: (drive-truck t0 l0-3 l0-2 c0)
27.248: (drive-truck t1 l1-2 l1-1 c1)
27.249: (drive-truck t1 l1-4 l1-1 c1)
27.251: (unload-truck p0 t1 l1-0)
27.288: (unload-truck p0 t1 l1-0)
26.418: (drive-truck t0 l0-3 l0-4 c0)
26.603: (drive-truck t1 l1-4 l1-0 c1)
26.604: (drive-truck t0 l0-3 l0-2 c0)
26.605: (drive-truck t1 l1-2 l1-0 c1)
26.821: (drive-truck t0 l0-3 l0-1 c0)
26.821: (drive-truck t0 l0-3 l0-1 c0)
26.851: (load-truck p10 t0 l0-3)
26.851: (drive-truck t1 l1-2 l1-0 c1)
26.851: (drive-truck t1 l1-4 l1-0 c1)
27.011: (drive-truck t0 l0-3 l0-4 c0)
26.359: (drive-truck t1 l1-1 l1-3 c1)
26.438: (drive-truck t0 l0-3 l0-1 c0)
26.439: (drive-truck t1 l1-2 l1-0 c1)
26.439: (drive-truck t1 l1-4 l1-0 c1)
26.473: (load-truck p0 t1 l1-0)
26.775: (drive-truck t1 l1-2 l1-1 c1)
26.775: (drive-truck t1 l1-4 l1-1 c1)
26.783: (drive-truck t1 l1-2 l1-3 c1)
26.783: (drive-truck t1 l1-4 l1-3 c1)
27.011: (drive-truck t0 l0-1 l0-4 c0)
26.307: (drive-truck t2 l2-0 l2-3 c2)
26.460: (drive-truck t0 l0-3 l0-4 c0)
26.478: (drive-truck t0 l0-3 l0-1 c0)
26.478: (load-truck p0 t1 l1-0)
26.512: (load-truck p23 t1 l1-3)
26.593: (load-truck p1 t1 l1-1)
26.672: (drive-truck t2 l2-0 l2-1 c2)
27.054: (unload-airplane p17 a2 l0-0)
27.059: (load-airplane p18 a1 l0-0)
27.061: (load-airplane p18 a2 l0-0)
26.144: (load-truck p23 t1 l1-3)
26.198: (drive-truck t0 l0-4 l0-1 c0)
26.284: (drive-truck t2 l2-0 l2-3 c2)
26.284: (drive-truck t0 l0-3 l0-4 c0)
26.315: (drive-truck t2 l2-0 l2-3 c2)
26.316: (drive-truck t0 l0-3 l0-1 c0)
26.359: (load-airplane p17 a0 l0-0)
26.588: (drive-truck t0 l0-1 l0-4 c0)
26.593: (drive-truck t0 l0-1 l0-3 c0)
26.616: (drive-truck t1 l1-3 l1-0 c1)
25.950: (drive-truck t0 l0-4 l0-1 c0)
25.952: (drive-truck t1 l1-3 l1-0 c1)
25.976: (drive-truck t2 l2-0 l2-3 c2)
26.125: (load-truck p0 t1 l1-0)
26.165: (load-truck p23 t1 l1-3)
26.165: (drive-truck t0 l0-4 l0-1 c0)
26.209: (drive-truck t1 l1-3 l1-1 c1)
26.225: (drive-truck t1 l1-3 l1-4 c1)
26.225: (drive-truck t1 l1-3 l1-2 c1)
26.347: (drive-truck t2 l2-0 l2-1 c2)
25.943: (drive-truck t2 l2-0 l2-3 c2)
26.002: (drive-truck t2 l2-0 l2-3 c2)
26.003: (drive-truck t0 l0-4 l0-1 c0)
26.148: (load-truck p0 t1 l1-0)
26.148: (drive-truck t0 l0-4 l0-1 c0)
26.250: (load-truck p1 t1 l1-1)
26.316: (drive-truck t2 l2-0 l2-1 c2)
26.371: (drive-truck t0 l0-4 l0-1 c0)
26.372: (drive-truck t2 l2-0 l2-1 c2)
26.417: (drive-truck t1 l1-4 l1-1 c1)
25.974: (drive-truck t2 l2-0 l2-3 c2)
25.974: (drive-truck t0 l0-4 l0-1 c0)
26.097: (drive-truck t2 l2-0 l2-3 c2)
26.235: (drive-truck t0 l0-1 l0-4 c0)
26.278: (drive-truck t0 l0-4 l0-2 c0)
26.280: (drive-truck t0 l0-4 l0-3 c0)
26.341: (drive-truck t0 l0-4 l0-1 c0)
26.343: (drive-truck t2 l2-0 l2-1 c2)
26.450: (drive-truck t2 l2-3 l2-2 c2)
26.450: (drive-truck t2 l2-1 l2-2 c2)
26.075: (drive-truck t2 l2-0 l2-3 c2)
26.075: (drive-truck t0 l0-1 l0-4 c0)
26.462: (drive-truck t2 l2-0 l2-1 c2)
26.481: (drive-truck t2 l2-3 l2-1 c2)
26.565: (drive-truck t2 l2-0 l2-2 c2)
26.717: (drive-truck t2 l2-3 l2-0 c2)
26.728: (drive-truck t2 l2-3 l2-0 c2)
26.736: (drive-truck t0 l0-1 l0-2 c0)
26.741: (drive-truck t0 l0-1 l0-3 c0)
26.919: (drive-truck t0 l0-1 l0-2 c0)
26.921: (drive-truck t2 l2-0 l2-1 c2)
26.924: (drive-truck t0 l0-2 l0-3 c0)
27.044: (unload-airplane p17 a2 l0-0)
27.056: (drive-truck t0 l0-4 l0-1 c0)
27.056: (drive-truck t2 l2-1 l2-2 c2)
27.097: (unload-airplane p16 a1 l0-0)
27.097: (unload-airplane p11 a1 l0-0)
27.136: (drive-truck t2 l2-3 l2-0 c2)
27.152: (drive-truck t2 l2-3 l2-0 c2)
27.251: (unload-truck p0 t1 l1-0)
26.073: (load-airplane p17 a0 l0-0)
26.073: (load-airplane p11 a2 l0-0)
26.103: (unload-airplane p18 a2 l0-0)
26.103: (unload-airplane p18 a2 l0-0)
26.169: (load-airplane p16 a0 l0-0)
26.170: (load-airplane p11 a0 l0-0)
27.066: (drive-truck t0 l0-4 l0-1 c0)
27.120: (drive-truck t0 l0-4 l0-1 c0)
27.120: (drive-truck t0 l0-4 l0-1 c0)
27.206: (drive-truck t2 l2-3 l2-0 c2)
25.177: (unload-airplane p18 a2 l0-0)
25.178: (load-airplane p16 a0 l0-0)
26.094: (drive-truck t0 l0-4 l0-1 c0)
26.095: (load-airplane p17 a0 l0-0)
26.097: (drive-truck t0 l0-4 l0-1 c0)
26.098: (load-airplane p11 a2 l0-0)
26.118: (unload-airplane p18 a2 l0-0)
26.119: (drive-truck t0 l0-4 l0-1 c0)
26.119: (unload-airplane p18 a2 l0-0)
26.119: (drive-truck t0 l0-4 l0-1 c0)
25.194: (load-airplane p16 a0 l0-0)
25.194: (drive-truck t0 l0-4 l0-1 c0)
25.338: (drive-truck t2 l2-3 l2-0 c2)
25.567: (drive-truck t2 l2-3 l2-1 c2)
25.765: (drive-truck t2 l2-3 l2-2 c2)
25.813: (drive-truck t0 l0-4 l0-2 c0)
25.818: (drive-truck t0 l0-4 l0-3 c0)
26.103: (unload-airplane p11 a1 l0-0)
26.150: (unload-airplane p17 a2 l0-0)
26.171: (load-airplane p18 a1 l0-0)
25.341: (drive-truck t2 l2-3 l2-0 c2)
25.341: (drive-truck t0 l0-4 l0-1 c0)
25.573: (drive-truck t2 l2-3 l2-1 c2)
25.573: (drive-truck t0 l0-4 l0-1 c0)
26.119: (drive-truck t0 l0-4 l0-1 c0)
26.119: (unload-airplane p11 a1 l0-0)
26.165: (unload-airplane p17 a2 l0-0)
26.166: (drive-truck t0 l0-4 l0-1 c0)
26.193: (drive-truck t0 l0-4 l0-1 c0)
26.193: (load-airplane p18 a0 l0-0)
25.357: (unload-truck p1 t1 l1-1)
26.170: (drive-truck t0 l0-1 l0-4 c0)
26.204: (drive-truck t0 l0-1 l0-2 c0)
26.221: (drive-truck t0 l0-1 l0-3 c0)
26.269: (unload-airplane p11 a1 l0-0)
26.269: (unload-airplane p16 a0 l0-0)
26.269: (drive-truck t2 l2-3 l2-0 c2)
26.316: (unload-airplane p17 a2 l0-0)
26.316: (drive-truck t2 l2-3 l2-0 c2)
26.344: (load-airplane p18 a0 l0-0)
25.133: (drive-truck t1 l1-1 l1-0 c1)
25.367: (drive-truck t1 l1-1 l1-3 c1)
26.121: (drive-truck t1 l1-1 l1-2 c1)
26.121: (drive-truck t1 l1-1 l1-4 c1)
26.265: (drive-truck t0 l0-1 l0-4 c0)
26.265: (drive-truck t0 l0-1 l0-4 c0)
26.289: (unload-airplane p11 a1 l0-0)
26.289: (unload-truck p1 t1 l1-1)
26.289: (unload-airplane p16 a0 l0-0)
26.289: (unload-truck p1 t1 l1-1)
25.235: (load-truck p0 t1 l1-0)
25.868: (drive-truck t0 l0-1 l0-4 c0)
26.061: (unload-airplane p11 a1 l0-0)
26.061: (unload-airplane p16 a0 l0-0)
26.061: (drive-truck t1 l1-1 l1-0 c1)
26.061: (drive-truck t1 l1-1 l1-0 c1)
26.067: (load-airplane p18 a2 l0-0)
26.067: (load-airplane p18 a0 l0-0)
26.067: (load-airplane p18 a1 l0-0)
26.103: (unload-airplane p17 a2 l0-0)
25.068: (drive-truck t2 l2-0 l2-3 c2)
25.217: (drive-truck t0 l0-1 l0-4 c0)
25.217: (load-truck p0 t1 l1-0)
25.432: (drive-truck t2 l2-0 l2-1 c2)
25.775: (drive-truck t0 l0-1 l0-2 c0)
25.787: (drive-truck t0 l0-1 l0-3 c0)
26.160: (load-truck p0 t1 l1-0)
26.160: (unload-airplane p16 a0 l0-0)
26.160: (unload-airplane p11 a1 l0-0)
26.160: (load-truck p0 t1 l1-0)
25.037: (drive-truck t2 l2-0 l2-3 c2)
25.037: (drive-truck t0 l0-1 l0-4 c0)
25.340: (drive-truck t2 l2-0 l2-3 c2)
25.340: (drive-truck t0 l0-1 l0-2 c0)
25.343: (drive-truck t2 l2-0 l2-3 c2)
25.344: (drive-truck t0 l0-1 l0-3 c0)
25.411: (drive-truck t2 l2-0 l2-1 c2)
25.411: (drive-truck t0 l0-1 l0-4 c0)
25.642: (drive-truck t2 l2-0 l2-2 c2)
25.981: (drive-truck t2 l2-0 l2-1 c2)
25.961: (unload-airplane p11 a1 l0-0)
25.961: (unload-airplane p16 a0 l0-0)
25.982: (drive-truck t0 l0-4 l0-3 c0)
25.983: (drive-truck t2 l2-3 l2-1 c2)
25.983: (drive-truck t0 l0-2 l0-3 c0)
26.009: (unload-airplane p17 a2 l0-0)
26.036: (load-airplane p18 a0 l0-0)
26.036: (load-airplane p18 a1 l0-0)
26.036: (load-airplane p18 a2 l0-0)
26.236: (drive-truck t0 l0-4 l0-1 c0)
25.992: (drive-truck t0 l0-4 l0-1 c0)
25.992: (drive-truck t0 l0-4 l0-1 c0)
26.040: (drive-truck t0 l0-4 l0-1 c0)
26.066: (drive-truck t0 l0-4 l0-1 c0)
26.067: (drive-truck t0 l0-4 l0-1 c0)
26.067: (drive-truck t0 l0-4 l0-1 c0)
26.142: (drive-truck t2 l2-3 l2-0 c2)
26.142: (drive-truck t2 l2-3 l2-0 c2)
26.192: (drive-truck t2 l2-3 l2-0 c2)
26.217: (drive-truck t2 l2-3 l2-0 c2)
26.209: (drive-truck t0 l0-4 l0-1 c0)
26.210: (drive-truck t2 l2-3 l2-0 c2)
26.239: (drive-truck t2 l2-3 l2-0 c2)
26.240: (drive-truck t2 l2-3 l2-0 c2)
26.241: (drive-truck t0 l0-4 l0-1 c0)
26.241: (drive-truck t2 l2-3 l2-0 c2)
26.273: (drive-truck t0 l0-1 l0-2 c0)
26.273: (drive-truck t0 l0-1 l0-2 c0)
26.276: (drive-truck t0 l0-1 l0-3 c0)
26.276: (drive-truck t0 l0-1 l0-3 c0)
26.217: (drive-truck t0 l0-1 l0-4 c0)
26.217: (drive-truck t0 l0-1 l0-4 c0)
26.404: (drive-truck t2 l2-0 l2-1 c2)
26.433: (drive-truck t2 l2-0 l2-1 c2)
26.433: (drive-truck t2 l2-0 l2-1 c2)
26.434: (drive-truck t2 l2-0 l2-1 c2)
26.707: (drive-truck t2 l2-3 l2-0 c2)
26.707: (drive-truck t2 l2-3 l2-0 c2)
26.718: (drive-truck t2 l2-3 l2-0 c2)
26.718: (drive-truck t2 l2-3 l2-0 c2)
26.382: (drive-truck t0 l0-1 l0-4 c0)
26.407: (drive-truck t0 l0-1 l0-4 c0)
26.408: (drive-truck t0 l0-1 l0-4 c0)
26.408: (drive-truck t2 l2-0 l2-1 c2)
26.408: (drive-truck t0 l0-1 l0-4 c0)
26.408: (drive-truck t2 l2-0 l2-1 c2)
26.563: (drive-truck t2 l2-0 l2-2 c2)
26.563: (drive-truck t2 l2-0 l2-2 c2)
26.752: (unload-truck p0 t1 l1-0)
26.752: (unload-truck p0 t1 l1-0)
26.562: (drive-truck t2 l2-1 l2-2 c2)
26.609: (drive-truck t2 l2-1 l2-2 c2)
26.963: (drive-truck t0 l0-4 l0-2 c0)
26.965: (drive-truck t0 l0-4 l0-3 c0)
27.012: (drive-truck t0 l0-4 l0-2 c0)
27.012: (drive-truck t0 l0-4 l0-2 c0)
27.013: (drive-truck t0 l0-4 l0-2 c0)
27.014: (drive-truck t0 l0-4 l0-3 c0)
27.014: (drive-truck t0 l0-4 l0-3 c0)
27.015: (drive-truck t0 l0-4 l0-3 c0)
25.897: (load-airplane p17 a1 l0-0)
26.321: (drive-truck t2 l2-1 l2-3 c2)
26.325: (drive-truck t2 l2-1 l2-3 c2)
26.372: (drive-truck t2 l2-1 l2-3 c2)
26.373: (drive-truck t2 l2-1 l2-3 c2)
26.373: (drive-truck t2 l2-1 l2-3 c2)
26.375: (drive-truck t2 l2-1 l2-3 c2)
26.375: (drive-truck t2 l2-1 l2-3 c2)
26.376: (drive-truck t2 l2-1 l2-3 c2)
26.760: (drive-truck t2 l2-1 l2-0 c2)
25.690: (load-airplane p17 a1 l0-0)
25.699: (drive-truck t2 l2-1 l2-0 c2)
26.672: (load-truck p10 t0 l0-3)
26.771: (drive-truck t0 l0-2 l0-3 c0)
26.771: (drive-truck t2 l2-3 l2-0 c2)
26.811: (drive-truck t2 l2-3 l2-0 c2)
26.811: (drive-truck t2 l2-3 l2-0 c2)
26.811: (drive-truck t2 l2-3 l2-0 c2)
26.812: (unload-airplane p16 a0 l0-0)
26.820: (drive-truck t2 l2-3 l2-0 c2)
26.225: (drive-truck t0 l0-3 l0-4 c0)
26.248: (drive-truck t0 l0-3 l0-1 c0)
26.307: (drive-truck t2 l2-1 l2-3 c2)
26.387: (unload-truck p0 t1 l1-0)
26.473: (load-truck p10 t0 l0-3)
26.474: (drive-truck t2 l2-1 l2-0 c2)
26.475: (load-truck p8 t0 l0-2)
26.535: (drive-truck t2 l2-0 l2-2 c2)
26.604: (unload-truck p0 t1 l1-0)
26.613: (unload-airplane p16 a0 l0-0)
25.776: (drive-truck t0 l0-3 l0-4 c0)
25.776: (drive-truck t0 l0-2 l0-4 c0)
25.899: (drive-truck t2 l2-1 l2-3 c2)
26.048: (drive-truck t2 l2-1 l2-0 c2)
26.050: (drive-truck t0 l0-2 l0-4 c0)
26.066: (drive-truck t2 l2-1 l2-0 c2)
26.066: (drive-truck t0 l0-2 l0-1 c0)
26.147: (drive-truck t0 l0-2 l0-1 c0)
26.284: (drive-truck t0 l0-3 l0-4 c0)
26.307: (drive-truck t2 l2-0 l2-3 c2)
25.967: (unload-truck p0 t1 l1-0)
26.224: (drive-truck t1 l1-0 l1-2 c1)
26.224: (drive-truck t1 l1-0 l1-4 c1)
26.306: (drive-truck t0 l0-2 l0-4 c0)
26.316: (drive-truck t0 l0-4 l0-1 c0)
26.333: (drive-truck t0 l0-2 l0-1 c0)
26.342: (load-truck p26 t2 l2-2)
26.362: (drive-truck t1 l1-0 l1-3 c1)
26.418: (drive-truck t1 l1-0 l1-1 c1)
26.460: (drive-truck t2 l2-3 l2-0 c2)
26.196: (drive-truck t1 l1-0 l1-1 c1)
26.205: (drive-truck t1 l1-0 l1-3 c1)
26.310: (drive-truck t0 l0-1 l0-4 c0)
26.348: (drive-truck t2 l2-2 l2-3 c2)
26.467: (drive-truck t2 l2-3 l2-0 c2)
26.475: (drive-truck t0 l0-4 l0-1 c0)
26.478: (drive-truck t2 l2-3 l2-0 c2)
26.485: (drive-truck t2 l2-0 l2-3 c2)
26.485: (drive-truck t2 l2-0 l2-3 c2)
26.488: (drive-truck t2 l2-3 l2-0 c2)
26.088: (load-truck p23 t1 l1-3)
26.175: (load-truck p1 t1 l1-1)
26.292: (drive-truck t0 l0-4 l0-1 c0)
26.292: (drive-truck t0 l0-4 l0-1 c0)
26.322: (drive-truck t0 l0-1 l0-4 c0)
26.322: (drive-truck t2 l2-2 l2-3 c2)
26.372: (unload-truck p0 t1 l1-0)
26.438: (unload-truck p0 t1 l1-0)
26.509: (drive-truck t2 l2-2 l2-0 c2)
26.523: (drive-truck t0 l0-4 l0-3 c0)
25.931: (drive-truck t2 l2-0 l2-3 c2)
26.025: (drive-truck t2 l2-0 l2-3 c2)
26.074: (drive-truck t0 l0-1 l0-4 c0)
26.172: (drive-truck t0 l0-1 l0-4 c0)
26.282: (drive-truck t2 l2-0 l2-1 c2)
26.392: (drive-truck t2 l2-0 l2-1 c2)
26.522: (drive-truck t1 l1-2 l1-4 c1)
26.523: (drive-truck t0 l0-1 l0-3 c0)
26.529: (drive-truck t0 l0-4 l0-1 c0)
26.599: (drive-truck t1 l1-0 l1-1 c1)
25.906: (drive-truck t0 l0-1 l0-4 c0)
25.907: (drive-truck t2 l2-0 l2-3 c2)
26.009: (drive-truck t0 l0-1 l0-4 c0)
26.009: (drive-truck t2 l2-0 l2-3 c2)
26.263: (drive-truck t0 l0-1 l0-4 c0)
26.264: (drive-truck t2 l2-0 l2-1 c2)
26.384: (drive-truck t0 l0-1 l0-4 c0)
26.385: (drive-truck t2 l2-0 l2-1 c2)
26.479: (unload-truck p0 t1 l1-0)
26.522: (drive-truck t2 l2-0 l2-2 c2)
26.594: (drive-truck t0 l0-4 l0-2 c0)
26.595: (drive-truck t2 l2-3 l2-2 c2)
26.596: (drive-truck t2 l2-1 l2-2 c2)
26.601: (drive-truck t0 l0-4 l0-3 c0)
26.651: (drive-truck t0 l0-4 l0-2 c0)
26.656: (drive-truck t0 l0-4 l0-3 c0)
26.759: (drive-truck t1 l1-0 l1-1 c1)
26.775: (drive-truck t1 l1-0 l1-3 c1)
26.880: (unload-truck p13 t1 l1-3)
26.896: (load-airplane p18 a2 l0-0)
25.666: (load-airplane p16 a0 l0-0)
25.673: (load-airplane p16 a0 l0-0)
25.726: (load-airplane p16 a0 l0-0)
25.729: (load-airplane p16 a0 l0-0)
25.886: (load-airplane p16 a1 l0-0)
25.971: (load-airplane p16 a0 l0-0)
25.981: (load-airplane p16 a2 l0-0)
25.981: (load-airplane p16 a0 l0-0)
26.555: (load-truck p23 t1 l1-3)
26.633: (load-truck p1 t1 l1-1)
25.911: (drive-truck t0 l0-4 l0-1 c0)
25.998: (drive-truck t0 l0-4 l0-1 c0)
26.005: (drive-truck t0 l0-4 l0-1 c0)
26.005: (drive-truck t0 l0-4 l0-1 c0)
26.056: (drive-truck t2 l2-3 l2-0 c2)
26.081: (drive-truck t2 l2-3 l2-0 c2)
26.099: (drive-truck t2 l2-3 l2-0 c2)
26.116: (drive-truck t2 l2-3 l2-0 c2)
26.133: (drive-truck t2 l2-3 l2-0 c2)
26.135: (drive-truck t2 l2-3 l2-0 c2)
26.069: (drive-truck t0 l0-4 l0-1 c0)
26.070: (drive-truck t2 l2-3 l2-0 c2)
26.158: (drive-truck t2 l2-3 l2-0 c2)
26.159: (drive-truck t0 l0-4 l0-1 c0)
26.165: (drive-truck t2 l2-3 l2-0 c2)
26.165: (drive-truck t2 l2-3 l2-0 c2)
26.249: (drive-truck t2 l2-0 l2-1 c2)
26.270: (drive-truck t2 l2-3 l2-1 c2)
26.299: (drive-truck t2 l2-0 l2-1 c2)
26.306: (drive-truck t2 l2-0 l2-1 c2)
26.127: (unload-truck p23 t1 l1-3)
26.151: (drive-truck t0 l0-1 l0-4 c0)
26.151: (drive-truck t0 l0-1 l0-4 c0)
26.208: (unload-truck p23 t1 l1-3)
26.221: (unload-truck p23 t1 l1-3)
26.221: (unload-truck p23 t1 l1-3)
26.364: (drive-truck t2 l2-0 l2-1 c2)
26.365: (drive-truck t2 l2-0 l2-1 c2)
26.365: (drive-truck t2 l2-0 l2-1 c2)
26.498: (drive-truck t2 l2-1 l2-2 c2)
25.846: (drive-truck t1 l1-3 l1-0 c1)
25.940: (drive-truck t1 l1-3 l1-0 c1)
25.940: (drive-truck t1 l1-3 l1-0 c1)
25.969: (drive-truck t1 l1-3 l1-0 c1)
26.031: (drive-truck t1 l1-3 l1-1 c1)
26.126: (drive-truck t1 l1-3 l1-1 c1)
26.126: (drive-truck t1 l1-3 l1-1 c1)
26.220: (drive-truck t1 l1-3 l1-1 c1)
26.340: (drive-truck t0 l0-1 l0-4 c0)
26.342: (drive-truck t0 l0-1 l0-4 c0)
26.050: (load-truck p0 t1 l1-0)
26.141: (load-truck p0 t1 l1-0)
26.144: (load-truck p0 t1 l1-0)
26.145: (load-truck p0 t1 l1-0)
26.145: (load-truck p1 t1 l1-1)
26.239: (load-truck p1 t1 l1-1)
26.239: (load-truck p1 t1 l1-1)
26.246: (load-truck p1 t1 l1-1)
26.508: (drive-truck t2 l2-1 l2-2 c2)
26.571: (drive-truck t0 l0-1 l0-4 c0)
25.872: (drive-truck t2 l2-0 l2-3 c2)
25.966: (drive-truck t2 l2-0 l2-3 c2)
25.966: (drive-truck t2 l2-0 l2-3 c2)
25.968: (drive-truck t2 l2-0 l2-3 c2)
25.990: (drive-truck t2 l2-0 l2-3 c2)
26.030: (load-truck p0 t1 l1-0)
26.031: (drive-truck t0 l0-1 l0-4 c0)
26.085: (drive-truck t2 l2-0 l2-3 c2)
26.085: (drive-truck t2 l2-0 l2-3 c2)
26.095: (drive-truck t2 l2-0 l2-3 c2)
25.840: (drive-truck t2 l2-0 l2-3 c2)
25.841: (drive-truck t0 l0-1 l0-4 c0)
25.936: (drive-truck t0 l0-1 l0-4 c0)
25.936: (drive-truck t0 l0-1 l0-4 c0)
25.938: (drive-truck t0 l0-1 l0-4 c0)
25.976: (drive-truck t0 l0-1 l0-4 c0)
26.070: (drive-truck t0 l0-1 l0-4 c0)
26.070: (drive-truck t0 l0-1 l0-4 c0)
26.073: (drive-truck t0 l0-1 l0-4 c0)
26.149: (drive-truck t0 l0-1 l0-2 c0)
26.118: (drive-truck t2 l2-3 l2-0 c2)
26.125: (drive-truck t2 l2-3 l2-0 c2)
26.126: (drive-truck t2 l2-3 l2-0 c2)
26.141: (drive-truck t2 l2-3 l2-0 c2)
26.149: (drive-truck t0 l0-2 l0-3 c0)
26.153: (drive-truck t0 l0-4 l0-3 c0)
26.202: (drive-truck t2 l2-3 l2-1 c2)
26.231: (drive-truck t2 l2-3 l2-0 c2)
26.235: (drive-truck t2 l2-3 l2-0 c2)
26.235: (drive-truck t2 l2-3 l2-0 c2)
26.227: (drive-truck t0 l0-4 l0-1 c0)
26.296: (drive-truck t2 l2-0 l2-1 c2)
26.296: (drive-truck t2 l2-0 l2-1 c2)
26.310: (drive-truck t2 l2-0 l2-1 c2)
26.357: (drive-truck t2 l2-0 l2-1 c2)
26.430: (drive-truck t2 l2-1 l2-2 c2)
26.450: (drive-truck t2 l2-0 l2-1 c2)
26.450: (drive-truck t2 l2-0 l2-1 c2)
26.458: (drive-truck t2 l2-0 l2-1 c2)
26.465: (drive-truck t2 l2-0 l2-2 c2)
26.322: (drive-truck t0 l0-4 l0-1 c0)
26.322: (drive-truck t0 l0-4 l0-1 c0)
26.335: (drive-truck t0 l0-4 l0-1 c0)
26.368: (drive-truck t0 l0-4 l0-1 c0)
26.461: (drive-truck t0 l0-4 l0-1 c0)
26.462: (drive-truck t0 l0-4 l0-1 c0)
26.475: (drive-truck t0 l0-4 l0-1 c0)
26.525: (drive-truck t2 l2-1 l2-2 c2)
26.526: (drive-truck t2 l2-1 l2-2 c2)
26.548: (drive-truck t2 l2-1 l2-2 c2)
26.877: (drive-truck t0 l0-1 l0-2 c0)
26.877: (drive-truck t0 l0-1 l0-2 c0)
26.881: (drive-truck t0 l0-1 l0-3 c0)
26.881: (drive-truck t0 l0-1 l0-3 c0)
26.913: (drive-truck t0 l0-1 l0-2 c0)
26.915: (drive-truck t0 l0-1 l0-3 c0)
26.985: (drive-truck t2 l2-1 l2-2 c2)
27.092: (drive-truck t2 l2-1 l2-2 c2)
27.119: (drive-truck t2 l2-1 l2-2 c2)
27.120: (drive-truck t2 l2-1 l2-2 c2)
26.244: (drive-truck t2 l2-1 l2-3 c2)
26.244: (drive-truck t2 l2-1 l2-3 c2)
26.247: (drive-truck t2 l2-1 l2-3 c2)
26.247: (drive-truck t2 l2-1 l2-3 c2)
26.273: (drive-truck t2 l2-1 l2-3 c2)
26.276: (drive-truck t2 l2-1 l2-3 c2)
26.582: (drive-truck t0 l0-1 l0-4 c0)
26.689: (drive-truck t2 l2-1 l2-0 c2)
26.689: (drive-truck t2 l2-1 l2-0 c2)
26.700: (drive-truck t2 l2-1 l2-0 c2)
26.698: (drive-truck t0 l0-2 l0-3 c0)
26.701: (drive-truck t2 l2-3 l2-0 c2)
26.711: (drive-truck t2 l2-3 l2-0 c2)
26.721: (drive-truck t2 l2-3 l2-0 c2)
27.148: (unload-airplane p16 a0 l0-0)
27.148: (unload-airplane p16 a2 l0-0)
27.152: (unload-airplane p16 a2 l0-0)
27.152: (unload-airplane p16 a0 l0-0)
27.194: (unload-airplane p16 a0 l0-0)
27.197: (unload-airplane p16 a0 l0-0)
26.836: (drive-truck t0 l0-2 l0-4 c0)
26.836: (drive-truck t0 l0-3 l0-4 c0)
26.861: (drive-truck t0 l0-2 l0-4 c0)
26.861: (drive-truck t0 l0-3 l0-4 c0)
26.868: (drive-truck t0 l0-2 l0-1 c0)
26.869: (drive-truck t0 l0-3 l0-1 c0)
26.891: (drive-truck t0 l0-3 l0-1 c0)
26.892: (drive-truck t0 l0-2 l0-1 c0)
27.279: (unload-truck p0 t1 l1-0)
27.289: (unload-truck p0 t1 l1-0)
26.655: (drive-truck t0 l0-3 l0-4 c0)
26.666: (drive-truck t0 l0-3 l0-4 c0)
27.026: (drive-truck t2 l2-3 l2-0 c2)
27.043: (drive-truck t2 l2-3 l2-0 c2)
27.045: (drive-truck t2 l2-3 l2-0 c2)
27.067: (drive-truck t2 l2-3 l2-0 c2)
27.201: (drive-truck t2 l2-3 l2-1 c2)
27.216: (drive-truck t2 l2-3 l2-1 c2)
27.227: (drive-truck t2 l2-3 l2-1 c2)
27.245: (drive-truck t2 l2-3 l2-1 c2)
26.242: (load-airplane p16 a1 l0-0)
26.314: (load-airplane p16 a2 l0-0)
26.342: (load-airplane p16 a2 l0-0)
26.840: (unload-truck p0 t1 l1-0)
26.876: (unload-truck p0 t1 l1-0)
27.105: (drive-truck t1 l1-0 l1-3 c1)
27.170: (drive-truck t1 l1-0 l1-4 c1)
27.170: (drive-truck t1 l1-0 l1-2 c1)
27.194: (drive-truck t1 l1-0 l1-2 c1)
27.194: (drive-truck t1 l1-0 l1-4 c1)
26.450: (drive-truck t2 l2-1 l2-2 c2)
26.821: (drive-truck t0 l0-1 l0-3 c0)
26.850: (drive-truck t2 l2-1 l2-2 c2)
26.920: (drive-truck t0 l0-1 l0-2 c0)
26.920: (drive-truck t0 l0-4 l0-2 c0)
26.921: (drive-truck t0 l0-1 l0-3 c0)
26.922: (drive-truck t0 l0-4 l0-3 c0)
26.948: (drive-truck t2 l2-1 l2-2 c2)
26.978: (drive-truck t0 l0-4 l0-1 c0)
26.979: (drive-truck t0 l0-4 l0-1 c0)
26.349: (drive-truck t0 l0-1 l0-4 c0)
26.628: (drive-truck t2 l2-1 l2-0 c2)
26.718: (drive-truck t2 l2-1 l2-0 c2)
26.729: (drive-truck t2 l2-1 l2-0 c2)
27.238: (load-truck p26 t2 l2-2)
27.239: (drive-truck t2 l2-0 l2-3 c2)
27.239: (drive-truck t2 l2-0 l2-3 c2)
27.307: (load-truck p26 t2 l2-2)
27.339: (load-truck p26 t2 l2-2)
27.349: (drive-truck t0 l0-1 l0-2 c0)
26.616: (drive-truck t2 l2-2 l2-0 c2)
26.617: (drive-truck t0 l0-3 l0-2 c0)
27.154: (unload-truck p0 t1 l1-0)
27.207: (load-truck p26 t2 l2-2)
27.208: (drive-truck t0 l0-1 l0-4 c0)
27.247: (drive-truck t2 l2-2 l2-3 c2)
27.251: (unload-truck p0 t1 l1-0)
27.322: (drive-truck t2 l2-2 l2-3 c2)
27.349: (drive-truck t2 l2-2 l2-3 c2)
27.374: (unload-airplane p16 a1 l0-0)
26.386: (unload-airplane p18 a2 l0-0)
26.472: (unload-airplane p18 a2 l0-0)
26.614: (drive-truck t0 l0-3 l0-4 c0)
27.221: (drive-truck t0 l0-1 l0-4 c0)
27.221: (drive-truck t2 l2-2 l2-3 c2)
27.342: (unload-truck p0 t1 l1-0)
27.343: (drive-truck t0 l0-3 l0-2 c0)
27.409: (drive-truck t2 l2-2 l2-0 c2)
27.419: (load-truck p8 t0 l0-2)
27.436: (drive-truck t2 l2-3 l2-0 c2)
25.776: (unload-airplane p18 a2 l0-0)
25.776: (drive-truck t0 l0-3 l0-4 c0)
26.604: (drive-truck t0 l0-3 l0-2 c0)
26.846: (drive-truck t1 l1-0 l1-2 c1)
26.846: (drive-truck t1 l1-0 l1-4 c1)
26.851: (load-truck p10 t0 l0-3)
27.061: (drive-truck t1 l1-0 l1-3 c1)
27.067: (drive-truck t0 l0-4 l0-1 c0)
27.170: (drive-truck t1 l1-0 l1-1 c1)
27.186: (drive-truck t1 l1-0 l1-2 c1)
26.028: (drive-truck t0 l0-3 l0-1 c0)
26.028: (drive-truck t0 l0-3 l0-1 c0)
26.224: (drive-truck t0 l0-3 l0-4 c0)
26.224: (unload-airplane p18 a2 l0-0)
26.224: (drive-truck t0 l0-3 l0-4 c0)
26.224: (drive-truck t1 l1-0 l1-2 c1)
26.224: (drive-truck t1 l1-0 l1-4 c1)
26.362: (drive-truck t1 l1-0 l1-3 c1)
26.363: (unload-airplane p18 a2 l0-0)
26.418: (drive-truck t1 l1-0 l1-1 c1)
26.293: (drive-truck t2 l2-0 l2-3 c2)
26.293: (drive-truck t2 l2-0 l2-3 c2)
26.485: (drive-truck t2 l2-0 l2-3 c2)
26.485: (drive-truck t2 l2-0 l2-3 c2)
26.710: (drive-truck t2 l2-0 l2-2 c2)
26.710: (drive-truck t2 l2-0 l2-2 c2)
26.796: (drive-truck t2 l2-0 l2-1 c2)
26.796: (drive-truck t2 l2-0 l2-1 c2)
26.945: (unload-airplane p16 a2 l0-0)
26.945: (unload-airplane p16 a2 l0-0)
26.523: (drive-truck t0 l0-1 l0-3 c0)
26.523: (drive-truck t0 l0-1 l0-3 c0)
26.523: (drive-truck t0 l0-4 l0-3 c0)
26.523: (drive-truck t0 l0-4 l0-3 c0)
26.990: (drive-truck t0 l0-1 l0-4 c0)
26.990: (drive-truck t0 l0-1 l0-4 c0)
26.990: (drive-truck t2 l2-2 l2-1 c2)
26.990: (drive-truck t2 l2-2 l2-1 c2)
26.990: (drive-truck t2 l2-3 l2-1 c2)
26.991: (drive-truck t2 l2-3 l2-1 c2)
27.152: (drive-truck t0 l0-3 l0-2 c0)
27.152: (drive-truck t0 l0-3 l0-2 c0)
27.174: (load-truck p10 t0 l0-3)
27.174: (load-truck p10 t0 l0-3)
27.453: (unload-airplane p16 a2 l0-0)
27.453: (unload-airplane p16 a2 l0-0)
27.547: (unload-airplane p11 a1 l0-0)
27.547: (unload-airplane p11 a1 l0-0)
27.557: (load-airplane p18 a0 l0-0)
27.557: (load-airplane p18 a0 l0-0)
26.428: (load-airplane p16 a1 l0-0)
26.428: (load-airplane p16 a1 l0-0)
26.614: (load-airplane p11 a0 l0-0)
26.615: (load-airplane p11 a0 l0-0)
26.889: (drive-truck t2 l2-3 l2-0 c2)
26.889: (drive-truck t2 l2-3 l2-0 c2)
27.116: (drive-truck t0 l0-3 l0-1 c0)
27.116: (drive-truck t0 l0-3 l0-1 c0)
27.171: (drive-truck t2 l2-3 l2-0 c2)
27.171: (drive-truck t2 l2-3 l2-0 c2)
26.198: (drive-truck t0 l0-3 l0-1 c0)
26.199: (drive-truck t0 l0-3 l0-1 c0)
26.386: (drive-truck t0 l0-3 l0-1 c0)
26.386: (drive-truck t0 l0-3 l0-1 c0)
26.581: (drive-truck t0 l0-3 l0-4 c0)
26.581: (drive-truck t0 l0-3 l0-4 c0)
26.752: (drive-truck t2 l2-3 l2-0 c2)
26.752: (drive-truck t2 l2-3 l2-0 c2)
26.821: (drive-truck t0 l0-3 l0-1 c0)
26.821: (drive-truck t0 l0-3 l0-1 c0)
26.437: (drive-truck t1 l1-4 l1-0 c1)
26.438: (drive-truck t1 l1-2 l1-0 c1)
26.701: (drive-truck t2 l2-3 l2-1 c2)
26.702: (drive-truck t2 l2-3 l2-1 c2)
26.775: (drive-truck t1 l1-4 l1-1 c1)
26.777: (drive-truck t1 l1-2 l1-1 c1)
26.783: (drive-truck t1 l1-4 l1-3 c1)
26.783: (drive-truck t1 l1-2 l1-3 c1)
26.804: (drive-truck t2 l2-3 l2-2 c2)
26.805: (drive-truck t2 l2-3 l2-2 c2)
26.478: (load-truck p0 t1 l1-0)
26.512: (load-truck p23 t1 l1-3)
26.592: (load-truck p1 t1 l1-1)
26.896: (drive-truck t0 l0-1 l0-4 c0)
26.896: (drive-truck t0 l0-1 l0-4 c0)
27.085: (drive-truck t2 l2-2 l2-1 c2)
27.085: (drive-truck t2 l2-2 l2-1 c2)
27.171: (drive-truck t0 l0-1 l0-4 c0)
27.285: (drive-truck t2 l2-1 l2-2 c2)
27.285: (drive-truck t2 l2-1 l2-2 c2)
26.315: (drive-truck t2 l2-0 l2-3 c2)
26.367: (drive-truck t2 l2-0 l2-3 c2)
26.457: (drive-truck t2 l2-0 l2-3 c2)
26.459: (drive-truck t0 l0-1 l0-4 c0)
26.460: (load-truck p0 t1 l1-0)
26.473: (drive-truck t0 l0-1 l0-3 c0)
26.495: (drive-truck t0 l0-1 l0-4 c0)
26.509: (drive-truck t0 l0-1 l0-3 c0)
26.588: (drive-truck t0 l0-1 l0-4 c0)
26.593: (drive-truck t0 l0-1 l0-3 c0)
26.284: (drive-truck t2 l2-0 l2-3 c2)
26.284: (drive-truck t0 l0-1 l0-4 c0)
26.340: (drive-truck t0 l0-1 l0-4 c0)
26.340: (drive-truck t2 l2-0 l2-3 c2)
26.354: (drive-truck t2 l2-0 l2-3 c2)
26.355: (drive-truck t0 l0-1 l0-3 c0)
26.441: (drive-truck t0 l0-1 l0-4 c0)
26.441: (drive-truck t2 l2-0 l2-3 c2)
26.446: (drive-truck t0 l0-1 l0-3 c0)
26.446: (drive-truck t2 l2-0 l2-3 c2)
26.654: (drive-truck t2 l2-3 l2-1 c2)
26.706: (drive-truck t2 l2-3 l2-1 c2)
26.722: (drive-truck t2 l2-3 l2-1 c2)
26.821: (drive-truck t2 l2-3 l2-1 c2)
26.826: (drive-truck t2 l2-3 l2-1 c2)
26.854: (drive-truck t0 l0-4 l0-2 c0)
26.873: (drive-truck t2 l2-3 l2-2 c2)
26.937: (drive-truck t2 l2-3 l2-2 c2)
27.008: (drive-truck t2 l2-3 l2-2 c2)
27.210: (unload-airplane p16 a2 l0-0)
26.308: (unload-truck p10 t0 l0-3)
26.672: (drive-truck t0 l0-4 l0-3 c0)
26.674: (drive-truck t0 l0-4 l0-1 c0)
26.723: (drive-truck t0 l0-4 l0-1 c0)
26.724: (drive-truck t0 l0-3 l0-1 c0)
26.826: (drive-truck t0 l0-3 l0-1 c0)
26.827: (drive-truck t0 l0-4 l0-1 c0)
27.232: (drive-truck t0 l0-4 l0-3 c0)
27.241: (drive-truck t0 l0-4 l0-1 c0)
27.327: (drive-truck t2 l2-3 l2-0 c2)
27.223: (unload-airplane p16 a2 l0-0)
27.246: (drive-truck t2 l2-1 l2-2 c2)
27.298: (unload-truck p27 t2 l2-1)
27.301: (unload-truck p13 t1 l1-3)
27.316: (unload-airplane p11 a1 l0-0)
27.319: (load-airplane p18 a0 l0-0)
27.328: (load-airplane p18 a1 l0-0)
27.329: (load-airplane p18 a2 l0-0)
27.349: (unload-airplane p17 a1 l0-0)
27.400: (drive-truck t2 l2-3 l2-0 c2)
26.340: (drive-truck t0 l0-3 l0-4 c0)
26.343: (drive-truck t0 l0-3 l0-4 c0)
26.344: (drive-truck t0 l0-3 l0-4 c0)
26.361: (drive-truck t0 l0-3 l0-1 c0)
26.365: (drive-truck t0 l0-3 l0-1 c0)
26.625: (unload-truck p10 t0 l0-3)
26.667: (drive-truck t2 l2-1 l2-3 c2)
26.671: (drive-truck t2 l2-1 l2-3 c2)
26.682: (drive-truck t2 l2-1 l2-3 c2)
26.689: (drive-truck t2 l2-1 l2-3 c2)
25.971: (drive-truck t2 l2-1 l2-3 c2)
25.971: (drive-truck t0 l0-3 l0-4 c0)
25.974: (drive-truck t0 l0-3 l0-4 c0)
25.974: (drive-truck t2 l2-1 l2-3 c2)
25.998: (drive-truck t0 l0-3 l0-1 c0)
25.998: (drive-truck t2 l2-1 l2-3 c2)
26.001: (drive-truck t2 l2-1 l2-3 c2)
26.001: (drive-truck t0 l0-3 l0-1 c0)
26.136: (drive-truck t2 l2-1 l2-0 c2)
26.151: (drive-truck t2 l2-1 l2-0 c2)
26.159: (drive-truck t2 l2-3 l2-0 c2)
26.159: (drive-truck t0 l0-4 l0-1 c0)
26.166: (drive-truck t2 l2-3 l2-0 c2)
26.166: (drive-truck t0 l0-4 l0-1 c0)
26.506: (drive-truck t2 l2-3 l2-2 c2)
26.506: (drive-truck t2 l2-0 l2-2 c2)
26.573: (drive-truck t2 l2-0 l2-2 c2)
26.573: (drive-truck t2 l2-3 l2-2 c2)
26.662: (drive-truck t0 l0-4 l0-2 c0)
26.662: (drive-truck t0 l0-1 l0-2 c0)
26.086: (unload-truck p23 t1 l1-3)
26.208: (unload-truck p23 t1 l1-3)
27.018: (drive-truck t0 l0-4 l0-1 c0)
27.019: (drive-truck t2 l2-0 l2-2 c2)
27.086: (unload-airplane p16 a2 l0-0)
27.086: (unload-airplane p16 a2 l0-0)
27.087: (drive-truck t1 l1-3 l1-0 c1)
27.089: (drive-truck t2 l2-3 l2-0 c2)
27.089: (drive-truck t0 l0-1 l0-2 c0)
27.100: (drive-truck t0 l0-1 l0-2 c0)
25.969: (drive-truck t1 l1-3 l1-0 c1)
25.986: (drive-truck t1 l1-3 l1-0 c1)
26.072: (load-airplane p16 a1 l0-0)
26.121: (unload-airplane p18 a0 l0-0)
26.164: (load-airplane p16 a0 l0-0)
26.166: (load-airplane p16 a0 l0-0)
26.193: (drive-truck t1 l1-3 l1-1 c1)
26.220: (drive-truck t1 l1-3 l1-1 c1)
26.673: (drive-truck t2 l2-0 l2-3 c2)
26.920: (drive-truck t2 l2-0 l2-3 c2)
25.907: (drive-truck t2 l2-0 l2-3 c2)
25.908: (load-airplane p16 a1 l0-0)
25.992: (unload-truck p23 t1 l1-3)
26.001: (drive-truck t2 l2-0 l2-3 c2)
26.001: (load-airplane p16 a0 l0-0)
26.003: (drive-truck t2 l2-0 l2-3 c2)
26.057: (drive-truck t0 l0-1 l0-4 c0)
26.087: (unload-truck p23 t1 l1-3)
26.141: (load-truck p0 t1 l1-0)
26.143: (drive-truck t0 l0-1 l0-4 c0)
25.880: (drive-truck t2 l2-0 l2-3 c2)
25.881: (drive-truck t0 l0-1 l0-4 c0)
25.892: (drive-truck t1 l1-3 l1-0 c1)
25.968: (drive-truck t2 l2-0 l2-3 c2)
25.975: (drive-truck t0 l0-1 l0-4 c0)
25.976: (drive-truck t0 l0-1 l0-4 c0)
25.976: (drive-truck t2 l2-0 l2-3 c2)
25.986: (drive-truck t1 l1-3 l1-0 c1)
26.099: (drive-truck t1 l1-3 l1-1 c1)
26.119: (drive-truck t0 l0-1 l0-4 c0)
25.938: (drive-truck t0 l0-1 l0-4 c0)
25.939: (drive-truck t2 l2-0 l2-3 c2)
26.061: (load-truck p0 t1 l1-0)
26.151: (drive-truck t2 l2-3 l2-0 c2)
26.156: (load-truck p0 t1 l1-0)
26.162: (load-truck p1 t1 l1-1)
26.193: (drive-truck t1 l1-0 l1-1 c1)
26.249: (drive-truck t2 l2-3 l2-1 c2)
26.273: (drive-truck t0 l0-1 l0-2 c0)
26.309: (drive-truck t2 l2-0 l2-1 c2)
25.885: (drive-truck t2 l2-0 l2-3 c2)
25.980: (drive-truck t2 l2-0 l2-3 c2)
26.010: (drive-truck t2 l2-0 l2-3 c2)
26.041: (drive-truck t0 l0-1 l0-4 c0)
26.135: (drive-truck t0 l0-1 l0-4 c0)
26.157: (drive-truck t0 l0-1 l0-4 c0)
26.243: (drive-truck t2 l2-0 l2-1 c2)
26.255: (load-truck p1 t1 l1-1)
26.267: (drive-truck t0 l0-4 l0-1 c0)
26.334: (drive-truck t0 l0-4 l0-1 c0)
25.855: (drive-truck t0 l0-1 l0-4 c0)
25.855: (drive-truck t2 l2-0 l2-3 c2)
25.948: (drive-truck t2 l2-0 l2-3 c2)
25.949: (drive-truck t0 l0-1 l0-4 c0)
25.994: (drive-truck t2 l2-0 l2-3 c2)
25.996: (drive-truck t0 l0-1 l0-4 c0)
26.105: (drive-truck t2 l2-0 l2-3 c2)
26.167: (drive-truck t0 l0-1 l0-3 c0)
26.221: (drive-truck t0 l0-1 l0-4 c0)
26.221: (drive-truck t2 l2-0 l2-1 c2)
26.089: (drive-truck t0 l0-1 l0-4 c0)
26.258: (drive-truck t0 l0-4 l0-2 c0)
26.261: (drive-truck t0 l0-4 l0-3 c0)
26.315: (drive-truck t2 l2-3 l2-1 c2)
26.379: (drive-truck t2 l2-3 l2-1 c2)
26.441: (drive-truck t2 l2-3 l2-2 c2)
26.441: (drive-truck t2 l2-1 l2-2 c2)
26.479: (drive-truck t2 l2-3 l2-1 c2)
26.535: (drive-truck t2 l2-3 l2-2 c2)
26.563: (drive-truck t2 l2-3 l2-2 c2)
26.251: (drive-truck t2 l2-3 l2-0 c2)
26.337: (drive-truck t0 l0-4 l0-1 c0)
26.387: (drive-truck t0 l0-4 l0-1 c0)
26.473: (drive-truck t2 l2-3 l2-1 c2)
26.473: (drive-truck t0 l0-1 l0-4 c0)
26.656: (drive-truck t2 l2-3 l2-2 c2)
26.698: (drive-truck t2 l2-3 l2-0 c2)
26.709: (drive-truck t2 l2-3 l2-0 c2)
26.727: (drive-truck t0 l0-4 l0-2 c0)
26.731: (drive-truck t0 l0-4 l0-3 c0)
26.892: (drive-truck t0 l0-1 l0-2 c0)
26.893: (drive-truck t2 l2-0 l2-1 c2)
26.893: (drive-truck t2 l2-0 l2-1 c2)
26.894: (drive-truck t0 l0-1 l0-3 c0)
27.121: (drive-truck t0 l0-4 l0-2 c0)
27.121: (drive-truck t2 l2-3 l2-0 c2)
27.132: (drive-truck t2 l2-1 l2-2 c2)
27.137: (drive-truck t2 l2-3 l2-0 c2)
27.137: (drive-truck t0 l0-4 l0-3 c0)
27.144: (drive-truck t2 l2-1 l2-2 c2)
27.349: (load-truck p26 t2 l2-2)
27.363: (drive-truck t2 l2-0 l2-1 c2)
27.367: (drive-truck t2 l2-2 l2-4 c2)
27.368: (drive-truck t2 l2-0 l2-1 c2)
27.400: (load-truck p26 t2 l2-2)
27.517: (drive-truck t0 l0-1 l0-2 c0)
27.518: (drive-truck t2 l2-1 l2-2 c2)
27.599: (load-truck p10 t0 l0-3)
27.602: (load-truck p8 t0 l0-2)
27.669: (load-truck p10 t0 l0-3)
26.367: (load-truck p27 t2 l2-1)
26.373: (load-truck p27 t2 l2-1)
27.207: (drive-truck t0 l0-1 l0-4 c0)
27.312: (drive-truck t2 l2-1 l2-3 c2)
27.317: (drive-truck t0 l0-1 l0-4 c0)
27.356: (drive-truck t2 l2-2 l2-3 c2)
27.382: (drive-truck t0 l0-1 l0-4 c0)
27.398: (drive-truck t2 l2-2 l2-3 c2)
27.448: (drive-truck t2 l2-0 l2-3 c2)
27.455: (drive-truck t2 l2-0 l2-3 c2)
26.827: (load-truck p10 t0 l0-3)
26.839: (load-truck p8 t0 l0-2)
26.843: (drive-truck t2 l2-1 l2-2 c2)
27.102: (drive-truck t2 l2-1 l2-4 c2)
27.134: (drive-truck t2 l2-1 l2-2 c2)
27.278: (unload-airplane p16 a0 l0-0)
27.286: (unload-airplane p16 a0 l0-0)
27.289: (drive-truck t0 l0-3 l0-4 c0)
27.321: (drive-truck t0 l0-3 l0-1 c0)
27.329: (drive-truck t0 l0-1 l0-4 c0)
26.379: (drive-truck t0 l0-2 l0-4 c0)
26.446: (drive-truck t2 l2-1 l2-3 c2)
26.450: (drive-truck t2 l2-1 l2-3 c2)
26.535: (drive-truck t0 l0-2 l0-1 c0)
26.593: (drive-truck t2 l2-1 l2-0 c2)
26.596: (drive-truck t2 l2-1 l2-0 c2)
26.820: (drive-truck t0 l0-3 l0-4 c0)
26.827: (drive-truck t0 l0-3 l0-1 c0)
26.832: (drive-truck t0 l0-2 l0-4 c0)
26.840: (drive-truck t0 l0-2 l0-1 c0)
26.440: (drive-truck t2 l2-1 l2-3 c2)
26.441: (drive-truck t0 l0-3 l0-4 c0)
26.455: (drive-truck t0 l0-2 l0-4 c0)
26.455: (drive-truck t2 l2-1 l2-3 c2)
26.457: (drive-truck t0 l0-3 l0-1 c0)
26.457: (drive-truck t2 l2-1 l2-3 c2)
26.467: (drive-truck t2 l2-1 l2-3 c2)
26.467: (drive-truck t0 l0-2 l0-1 c0)
26.587: (drive-truck t0 l0-2 l0-4 c0)
26.588: (drive-truck t2 l2-1 l2-0 c2)
26.588: (drive-truck t2 l2-3 l2-0 c2)
26.592: (drive-truck t2 l2-3 l2-0 c2)
26.593: (drive-truck t2 l2-3 l2-0 c2)
26.594: (drive-truck t0 l0-4 l0-1 c0)
27.008: (drive-truck t2 l2-3 l2-2 c2)
27.013: (drive-truck t2 l2-0 l2-2 c2)
27.014: (drive-truck t2 l2-3 l2-2 c2)
27.223: (drive-truck t2 l2-0 l2-4 c2)
27.224: (drive-truck t2 l2-3 l2-4 c2)
27.336: (drive-truck t0 l0-1 l0-2 c0)
26.775: (unload-truck p1 t1 l1-1)
27.276: (drive-truck t0 l0-4 l0-2 c0)
27.313: (drive-truck t0 l0-4 l0-2 c0)
27.384: (drive-truck t0 l0-4 l0-1 c0)
27.384: (drive-truck t2 l2-0 l2-4 c2)
27.518: (unload-airplane p16 a0 l0-0)
27.522: (unload-airplane p16 a0 l0-0)
27.523: (unload-airplane p16 a0 l0-0)
27.574: (drive-truck t0 l0-4 l0-1 c0)
27.575: (drive-truck t2 l2-0 l2-2 c2)
26.593: (load-airplane p16 a2 l0-0)
26.783: (drive-truck t1 l1-1 l1-3 c1)
26.821: (drive-truck t1 l1-1 l1-4 c1)
26.821: (drive-truck t1 l1-1 l1-2 c1)
27.366: (drive-truck t2 l2-0 l2-3 c2)
27.384: (drive-truck t2 l2-0 l2-3 c2)
27.394: (drive-truck t2 l2-0 l2-3 c2)
27.462: (drive-truck t0 l0-1 l0-3 c0)
27.515: (drive-truck t0 l0-1 l0-4 c0)
27.522: (drive-truck t0 l0-1 l0-3 c0)
26.466: (load-airplane p16 a2 l0-0)
26.466: (drive-truck t2 l2-0 l2-3 c2)
26.511: (load-truck p23 t1 l1-3)
26.587: (drive-truck t0 l0-1 l0-4 c0)
26.588: (load-airplane p16 a2 l0-0)
26.596: (drive-truck t0 l0-1 l0-2 c0)
26.598: (unload-truck p1 t1 l1-1)
26.840: (drive-truck t2 l2-0 l2-1 c2)
26.850: (drive-truck t1 l1-1 l1-0 c1)
26.887: (drive-truck t1 l1-1 l1-4 c1)
26.367: (drive-truck t2 l2-0 l2-3 c2)
26.374: (drive-truck t1 l1-1 l1-0 c1)
26.449: (drive-truck t2 l2-0 l2-3 c2)
26.450: (drive-truck t0 l0-1 l0-2 c0)
26.454: (drive-truck t2 l2-0 l2-3 c2)
26.454: (drive-truck t0 l0-1 l0-4 c0)
26.495: (drive-truck t0 l0-1 l0-4 c0)
26.509: (drive-truck t0 l0-1 l0-3 c0)
26.609: (drive-truck t1 l1-1 l1-3 c1)
26.723: (drive-truck t2 l2-0 l2-1 c2)
26.340: (drive-truck t0 l0-1 l0-4 c0)
26.341: (drive-truck t2 l2-0 l2-3 c2)
26.354: (drive-truck t2 l2-0 l2-3 c2)
26.355: (drive-truck t0 l0-1 l0-3 c0)
26.488: (load-truck p0 t1 l1-0)
26.506: (load-truck p23 t1 l1-3)
26.706: (drive-truck t2 l2-0 l2-1 c2)
26.707: (drive-truck t0 l0-1 l0-4 c0)
26.722: (drive-truck t2 l2-0 l2-1 c2)
26.722: (drive-truck t0 l0-1 l0-3 c0)
26.333: (drive-truck t2 l2-0 l2-3 c2)
26.370: (drive-truck t2 l2-0 l2-3 c2)
26.467: (drive-truck t0 l0-1 l0-4 c0)
26.475: (drive-truck t0 l0-1 l0-2 c0)
26.489: (drive-truck t0 l0-1 l0-4 c0)
26.499: (drive-truck t0 l0-1 l0-2 c0)
26.697: (drive-truck t2 l2-0 l2-1 c2)
26.731: (drive-truck t2 l2-0 l2-1 c2)
26.937: (drive-truck t2 l2-1 l2-2 c2)
26.938: (drive-truck t2 l2-3 l2-2 c2)
26.307: (drive-truck t0 l0-1 l0-4 c0)
26.307: (drive-truck t2 l2-0 l2-3 c2)
26.308: (drive-truck t0 l0-1 l0-2 c0)
26.308: (drive-truck t2 l2-0 l2-3 c2)
26.343: (drive-truck t2 l2-0 l2-3 c2)
26.344: (drive-truck t0 l0-1 l0-2 c0)
26.347: (drive-truck t0 l0-1 l0-4 c0)
26.347: (drive-truck t2 l2-0 l2-3 c2)
26.674: (drive-truck t0 l0-1 l0-4 c0)
26.675: (drive-truck t2 l2-0 l2-1 c2)
26.683: (drive-truck t0 l0-4 l0-2 c0)
26.683: (drive-truck t2 l2-3 l2-1 c2)
26.713: (drive-truck t2 l2-3 l2-1 c2)
26.720: (drive-truck t2 l2-3 l2-1 c2)
26.858: (drive-truck t0 l0-2 l0-3 c0)
26.858: (drive-truck t0 l0-4 l0-3 c0)
26.889: (drive-truck t2 l2-1 l2-2 c2)
26.891: (drive-truck t2 l2-3 l2-2 c2)
26.936: (drive-truck t2 l2-3 l2-2 c2)
27.187: (drive-truck t2 l2-3 l2-2 c2)
26.535: (unload-truck p8 t0 l0-2)
27.228: (drive-truck t0 l0-4 l0-2 c0)
27.229: (drive-truck t2 l2-1 l2-2 c2)
27.348: (drive-truck t2 l2-3 l2-0 c2)
27.405: (drive-truck t2 l2-1 l2-4 c2)
27.406: (drive-truck t2 l2-2 l2-4 c2)
27.420: (drive-truck t2 l2-2 l2-4 c2)
27.457: (drive-truck t2 l2-1 l2-4 c2)
27.472: (drive-truck t2 l2-2 l2-4 c2)
27.472: (drive-truck t2 l2-1 l2-4 c2)
26.823: (drive-truck t0 l0-2 l0-3 c0)
26.881: (load-truck p26 t2 l2-2)
26.956: (unload-truck p8 t0 l0-2)
27.169: (unload-truck p8 t0 l0-2)
27.169: (drive-truck t2 l2-2 l2-4 c2)
27.448: (load-airplane p18 a1 l0-0)
27.448: (load-airplane p18 a2 l0-0)
27.459: (unload-airplane p16 a2 l0-0)
27.468: (load-airplane p18 a0 l0-0)
27.497: (unload-truck p8 t0 l0-2)
26.449: (drive-truck t0 l0-2 l0-4 c0)
26.464: (drive-truck t0 l0-2 l0-4 c0)
26.580: (drive-truck t0 l0-2 l0-4 c0)
26.604: (drive-truck t0 l0-2 l0-4 c0)
26.709: (drive-truck t2 l2-2 l2-0 c2)
26.716: (drive-truck t2 l2-2 l2-0 c2)
26.725: (drive-truck t0 l0-2 l0-1 c0)
26.748: (drive-truck t0 l0-2 l0-1 c0)
26.885: (load-truck p26 t2 l2-2)
26.885: (drive-truck t0 l0-2 l0-3 c0)
26.314: (drive-truck t2 l2-2 l2-1 c2)
26.631: (drive-truck t2 l2-2 l2-3 c2)
26.722: (drive-truck t0 l0-2 l0-3 c0)
26.728: (drive-truck t0 l0-2 l0-3 c0)
26.913: (drive-truck t2 l2-0 l2-1 c2)
26.919: (drive-truck t2 l2-0 l2-1 c2)
26.948: (drive-truck t0 l0-4 l0-1 c0)
26.985: (drive-truck t0 l0-4 l0-1 c0)
27.087: (drive-truck t2 l2-2 l2-0 c2)
27.266: (drive-truck t2 l2-2 l2-1 c2)
26.340: (drive-truck t0 l0-2 l0-1 c0)
26.340: (drive-truck t2 l2-2 l2-1 c2)
26.341: (drive-truck t0 l0-4 l0-1 c0)
26.530: (drive-truck t0 l0-3 l0-1 c0)
26.695: (drive-truck t0 l0-3 l0-4 c0)
26.715: (drive-truck t0 l0-3 l0-1 c0)
26.915: (drive-truck t0 l0-2 l0-3 c0)
26.915: (drive-truck t2 l2-0 l2-1 c2)
26.920: (drive-truck t2 l2-0 l2-1 c2)
26.921: (drive-truck t0 l0-2 l0-3 c0)
26.482: (unload-truck p0 t1 l1-0)
27.074: (drive-truck t0 l0-1 l0-2 c0)
27.252: (unload-airplane p16 a2 l0-0)
27.266: (drive-truck t0 l0-4 l0-2 c0)
27.266: (drive-truck t0 l0-1 l0-2 c0)
27.344: (unload-truck p27 t2 l2-1)
27.348: (unload-airplane p11 a1 l0-0)
27.411: (unload-airplane p17 a1 l0-0)
27.453: (unload-airplane p16 a2 l0-0)
27.529: (load-airplane p18 a0 l0-0)
26.245: (load-airplane p16 a1 l0-0)
26.336: (unload-airplane p18 a1 l0-0)
26.341: (load-airplane p16 a0 l0-0)
26.432: (load-airplane p11 a0 l0-0)
26.759: (drive-truck t1 l1-0 l1-1 c1)
26.776: (drive-truck t1 l1-0 l1-3 c1)
26.899: (drive-truck t2 l2-1 l2-3 c2)
26.968: (drive-truck t1 l1-0 l1-2 c1)
26.968: (drive-truck t1 l1-0 l1-4 c1)
26.980: (drive-truck t2 l2-1 l2-3 c2)
25.877: (drive-truck t2 l2-1 l2-3 c2)
25.878: (load-airplane p16 a1 l0-0)
25.973: (drive-truck t2 l2-1 l2-3 c2)
25.974: (load-airplane p16 a0 l0-0)
25.979: (unload-airplane p18 a1 l0-0)
25.979: (drive-truck t2 l2-1 l2-3 c2)
26.051: (drive-truck t2 l2-1 l2-0 c2)
26.147: (drive-truck t2 l2-1 l2-0 c2)
26.155: (drive-truck t2 l2-1 l2-0 c2)
26.218: (drive-truck t0 l0-1 l0-4 c0)
25.846: (drive-truck t0 l0-1 l0-4 c0)
25.847: (drive-truck t2 l2-1 l2-3 c2)
25.854: (unload-truck p0 t1 l1-0)
25.942: (drive-truck t0 l0-1 l0-4 c0)
25.949: (drive-truck t0 l0-1 l0-4 c0)
25.951: (unload-truck p0 t1 l1-0)
26.027: (drive-truck t2 l2-1 l2-0 c2)
26.028: (drive-truck t0 l0-1 l0-4 c0)
26.123: (drive-truck t0 l0-1 l0-4 c0)
26.136: (drive-truck t0 l0-1 l0-4 c0)
26.100: (drive-truck t1 l1-0 l1-3 c1)
26.112: (drive-truck t1 l1-0 l1-1 c1)
26.184: (drive-truck t0 l0-4 l0-3 c0)
26.195: (drive-truck t1 l1-0 l1-3 c1)
26.208: (drive-truck t1 l1-0 l1-1 c1)
26.257: (drive-truck t0 l0-4 l0-2 c0)
26.261: (drive-truck t0 l0-4 l0-3 c0)
26.277: (drive-truck t0 l0-4 l0-2 c0)
26.280: (drive-truck t0 l0-4 l0-3 c0)
26.314: (drive-truck t2 l2-0 l2-1 c2)
26.068: (load-truck p23 t1 l1-3)
26.154: (load-truck p1 t1 l1-1)
26.164: (load-truck p23 t1 l1-3)
26.250: (load-truck p1 t1 l1-1)
26.450: (drive-truck t2 l2-1 l2-2 c2)
26.632: (drive-truck t2 l2-3 l2-0 c2)
26.698: (drive-truck t2 l2-3 l2-0 c2)
26.709: (drive-truck t2 l2-3 l2-0 c2)
26.716: (drive-truck t2 l2-3 l2-0 c2)
26.728: (drive-truck t2 l2-3 l2-0 c2)
25.907: (drive-truck t2 l2-0 l2-3 c2)
26.001: (drive-truck t2 l2-0 l2-3 c2)
26.002: (drive-truck t2 l2-0 l2-3 c2)
26.047: (drive-truck t0 l0-1 l0-4 c0)
26.097: (drive-truck t2 l2-0 l2-3 c2)
26.138: (drive-truck t0 l0-1 l0-4 c0)
26.143: (drive-truck t0 l0-1 l0-4 c0)
26.234: (drive-truck t0 l0-1 l0-4 c0)
26.275: (drive-truck t2 l2-0 l2-1 c2)
26.370: (drive-truck t2 l2-0 l2-1 c2)
25.879: (drive-truck t2 l2-0 l2-3 c2)
25.880: (drive-truck t0 l0-1 l0-4 c0)
25.975: (drive-truck t0 l0-1 l0-4 c0)
25.976: (drive-truck t2 l2-0 l2-3 c2)
25.977: (drive-truck t2 l2-0 l2-3 c2)
25.978: (drive-truck t0 l0-1 l0-4 c0)
26.073: (drive-truck t2 l2-0 l2-3 c2)
26.074: (drive-truck t0 l0-1 l0-4 c0)
26.250: (drive-truck t2 l2-0 l2-1 c2)
26.252: (drive-truck t0 l0-1 l0-4 c0)
26.346: (drive-truck t2 l2-3 l2-1 c2)
26.365: (drive-truck t2 l2-3 l2-1 c2)
26.395: (drive-truck t2 l2-1 l2-2 c2)
26.396: (drive-truck t2 l2-3 l2-2 c2)
26.460: (drive-truck t2 l2-3 l2-1 c2)
26.468: (drive-truck t2 l2-3 l2-2 c2)
26.492: (drive-truck t2 l2-3 l2-2 c2)
26.564: (drive-truck t2 l2-3 l2-2 c2)
26.585: (drive-truck t0 l0-4 l0-2 c0)
26.593: (drive-truck t0 l0-4 l0-3 c0)
26.383: (drive-truck t0 l0-4 l0-1 c0)
26.480: (drive-truck t0 l0-4 l0-1 c0)
26.888: (drive-truck t0 l0-4 l0-1 c0)
26.958: (drive-truck t0 l0-4 l0-1 c0)
26.983: (drive-truck t0 l0-4 l0-1 c0)
27.010: (drive-truck t2 l2-3 l2-0 c2)
27.027: (drive-truck t2 l2-3 l2-0 c2)
27.054: (drive-truck t0 l0-4 l0-1 c0)
27.224: (drive-truck t2 l2-3 l2-1 c2)
27.230: (drive-truck t2 l2-1 l2-4 c2)
27.231: (drive-truck t2 l2-0 l2-1 c2)
27.232: (drive-truck t0 l0-2 l0-3 c0)
27.285: (drive-truck t0 l0-1 l0-2 c0)
27.292: (drive-truck t0 l0-1 l0-3 c0)
27.293: (load-truck p26 t2 l2-2)
27.381: (drive-truck t0 l0-1 l0-2 c0)
27.385: (load-truck p26 t2 l2-2)
27.387: (unload-truck p27 t2 l2-1)
27.388: (drive-truck t0 l0-1 l0-3 c0)
27.388: (load-truck p26 t2 l2-2)
26.395: (unload-airplane p18 a1 l0-0)
26.639: (drive-truck t2 l2-1 l2-3 c2)
26.644: (drive-truck t2 l2-1 l2-3 c2)
26.736: (drive-truck t2 l2-1 l2-3 c2)
26.740: (drive-truck t2 l2-1 l2-3 c2)
27.008: (drive-truck t2 l2-1 l2-3 c2)
27.039: (drive-truck t2 l2-1 l2-0 c2)
27.056: (drive-truck t2 l2-1 l2-0 c2)
27.135: (drive-truck t2 l2-1 l2-0 c2)
27.152: (drive-truck t2 l2-1 l2-0 c2)
26.370: (drive-truck t0 l0-1 l0-4 c0)
26.398: (drive-truck t2 l2-2 l2-3 c2)
26.768: (drive-truck t2 l2-2 l2-1 c2)
26.985: (drive-truck t0 l0-1 l0-4 c0)
27.165: (drive-truck t2 l2-3 l2-0 c2)
27.308: (drive-truck t0 l0-1 l0-2 c0)
27.317: (drive-truck t0 l0-1 l0-3 c0)
27.322: (unload-airplane p16 a0 l0-0)
27.384: (load-airplane p18 a2 l0-0)
27.386: (load-truck p10 t0 l0-3)
26.376: (drive-truck t2 l2-2 l2-3 c2)
26.377: (drive-truck t0 l0-1 l0-4 c0)
26.395: (load-airplane p16 a2 l0-0)
26.540: (drive-truck t2 l2-2 l2-0 c2)
26.750: (drive-truck t2 l2-2 l2-1 c2)
26.751: (drive-truck t0 l0-1 l0-4 c0)
26.956: (unload-truck p26 t2 l2-2)
27.017: (unload-truck p1 t1 l1-1)
27.018: (unload-truck p26 t2 l2-2)
27.057: (drive-truck t2 l2-2 l2-3 c2)
26.398: (drive-truck t2 l2-2 l2-3 c2)
26.555: (drive-truck t2 l2-2 l2-0 c2)
26.768: (drive-truck t2 l2-2 l2-1 c2)
26.790: (drive-truck t1 l1-1 l1-0 c1)
26.886: (drive-truck t1 l1-1 l1-3 c1)
27.065: (drive-truck t0 l0-4 l0-3 c0)
27.066: (drive-truck t0 l0-2 l0-3 c0)
27.228: (load-truck p8 t0 l0-2)
27.246: (drive-truck t0 l0-2 l0-3 c0)
27.303: (unload-airplane p16 a0 l0-0)
26.343: (drive-truck t2 l2-2 l2-3 c2)
26.377: (drive-truck t0 l0-1 l0-4 c0)
26.378: (load-airplane p16 a2 l0-0)
26.498: (drive-truck t2 l2-2 l2-0 c2)
26.540: (drive-truck t0 l0-1 l0-4 c0)
26.720: (drive-truck t2 l2-2 l2-1 c2)
26.751: (drive-truck t0 l0-1 l0-4 c0)
26.935: (drive-truck t0 l0-2 l0-4 c0)
27.057: (drive-truck t0 l0-1 l0-2 c0)
27.065: (drive-truck t0 l0-1 l0-3 c0)
26.347: (drive-truck t0 l0-2 l0-4 c0)
26.347: (drive-truck t2 l2-2 l2-3 c2)
26.370: (drive-truck t0 l0-2 l0-1 c0)
26.489: (drive-truck t0 l0-2 l0-4 c0)
26.489: (drive-truck t2 l2-2 l2-0 c2)
26.506: (drive-truck t0 l0-2 l0-1 c0)
26.713: (drive-truck t0 l0-2 l0-4 c0)
26.713: (drive-truck t2 l2-2 l2-1 c2)
26.731: (drive-truck t0 l0-2 l0-1 c0)
27.272: (unload-airplane p16 a0 l0-0)
26.610: (unload-truck p23 t1 l1-3)
27.274: (unload-airplane p16 a0 l0-0)
27.276: (drive-truck t0 l0-2 l0-4 c0)
27.294: (drive-truck t0 l0-1 l0-3 c0)
27.294: (drive-truck t0 l0-4 l0-3 c0)
27.298: (drive-truck t0 l0-2 l0-1 c0)
27.298: (unload-airplane p16 a0 l0-0)
27.345: (unload-truck p13 t1 l1-3)
27.368: (unload-airplane p11 a1 l0-0)
27.368: (unload-truck p13 t1 l1-3)
26.347: (load-airplane p11 a0 l0-0)
26.437: (load-airplane p11 a2 l0-0)
27.341: (drive-truck t0 l0-4 l0-2 c0)
27.342: (drive-truck t0 l0-1 l0-2 c0)
27.349: (drive-truck t1 l1-3 l1-2 c1)
27.349: (drive-truck t1 l1-3 l1-4 c1)
27.365: (drive-truck t0 l0-4 l0-2 c0)
27.391: (drive-truck t0 l0-4 l0-1 c0)
27.418: (drive-truck t2 l2-3 l2-0 c2)
27.435: (drive-truck t2 l2-3 l2-0 c2)
26.343: (load-airplane p11 a0 l0-0)
26.344: (drive-truck t0 l0-4 l0-2 c0)
26.369: (load-airplane p11 a0 l0-0)
26.370: (drive-truck t0 l0-4 l0-1 c0)
26.433: (load-airplane p11 a2 l0-0)
26.433: (drive-truck t0 l0-4 l0-2 c0)
26.459: (load-airplane p11 a2 l0-0)
26.459: (drive-truck t0 l0-4 l0-1 c0)
26.489: (drive-truck t2 l2-3 l2-0 c2)
26.578: (drive-truck t2 l2-3 l2-0 c2)
25.754: (unload-truck p8 t0 l0-2)
26.498: (drive-truck t0 l0-4 l0-2 c0)
26.498: (drive-truck t2 l2-3 l2-0 c2)
26.506: (drive-truck t2 l2-3 l2-0 c2)
26.506: (drive-truck t0 l0-4 l0-1 c0)
26.587: (drive-truck t2 l2-3 l2-0 c2)
26.587: (drive-truck t0 l0-4 l0-2 c0)
26.595: (drive-truck t0 l0-4 l0-1 c0)
26.595: (drive-truck t2 l2-3 l2-0 c2)
26.712: (drive-truck t2 l2-0 l2-1 c2)
25.075: (drive-truck t0 l0-2 l0-4 c0)
25.099: (drive-truck t0 l0-2 l0-1 c0)
25.761: (drive-truck t0 l0-2 l0-3 c0)
26.081: (unload-truck p8 t0 l0-2)
26.169: (drive-truck t2 l2-3 l2-0 c2)
26.169: (unload-truck p8 t0 l0-2)
26.382: (drive-truck t2 l2-3 l2-1 c2)
26.610: (unload-truck p23 t1 l1-3)
26.688: (unload-airplane p16 a0 l0-0)
26.688: (unload-airplane p11 a2 l0-0)
25.239: (drive-truck t0 l0-2 l0-4 c0)
25.240: (drive-truck t2 l2-3 l2-0 c2)
25.253: (drive-truck t0 l0-2 l0-1 c0)
25.253: (drive-truck t2 l2-3 l2-0 c2)
25.447: (drive-truck t0 l0-2 l0-4 c0)
25.447: (drive-truck t2 l2-3 l2-1 c2)
25.464: (drive-truck t0 l0-2 l0-1 c0)
25.464: (drive-truck t2 l2-3 l2-1 c2)
25.665: (load-airplane p16 a1 l0-0)
25.690: (drive-truck t2 l2-3 l2-2 c2)
25.368: (unload-truck p23 t1 l1-3)
25.673: (drive-truck t0 l0-2 l0-3 c0)
26.082: (drive-truck t2 l2-3 l2-0 c2)
26.167: (unload-airplane p16 a0 l0-0)
26.167: (unload-airplane p11 a2 l0-0)
26.181: (unload-airplane p16 a0 l0-0)
26.181: (unload-airplane p11 a2 l0-0)
26.185: (unload-airplane p17 a1 l0-0)
26.186: (drive-truck t0 l0-1 l0-3 c0)
26.186: (drive-truck t0 l0-4 l0-3 c0)
25.133: (drive-truck t1 l1-3 l1-0 c1)
25.357: (drive-truck t1 l1-3 l1-1 c1)
25.999: (drive-truck t2 l2-0 l2-3 c2)
26.000: (drive-truck t2 l2-0 l2-3 c2)
26.019: (drive-truck t2 l2-0 l2-3 c2)
26.025: (drive-truck t2 l2-0 l2-3 c2)
26.026: (drive-truck t2 l2-0 l2-3 c2)
26.099: (drive-truck t2 l2-3 l2-0 c2)
26.099: (drive-truck t0 l0-2 l0-3 c0)
26.121: (drive-truck t1 l1-3 l1-2 c1)
25.235: (load-truck p0 t1 l1-0)
25.341: (load-truck p1 t1 l1-1)
25.868: (drive-truck t0 l0-1 l0-4 c0)
26.035: (drive-truck t0 l0-4 l0-1 c0)
26.061: (unload-airplane p11 a2 l0-0)
26.061: (unload-airplane p16 a0 l0-0)
26.067: (load-airplane p18 a0 l0-0)
26.067: (load-airplane p18 a2 l0-0)
26.067: (load-airplane p18 a1 l0-0)
26.103: (unload-airplane p17 a1 l0-0)
25.068: (drive-truck t2 l2-0 l2-3 c2)
25.194: (drive-truck t2 l2-0 l2-3 c2)
25.217: (drive-truck t0 l0-1 l0-4 c0)
25.217: (load-truck p0 t1 l1-0)
25.338: (drive-truck t0 l0-1 l0-4 c0)
25.432: (drive-truck t2 l2-0 l2-1 c2)
25.573: (drive-truck t2 l2-0 l2-1 c2)
25.775: (drive-truck t0 l0-1 l0-2 c0)
25.787: (drive-truck t0 l0-1 l0-3 c0)
26.160: (load-truck p0 t1 l1-0)
25.037: (drive-truck t0 l0-1 l0-4 c0)
25.037: (drive-truck t2 l2-0 l2-3 c2)
25.178: (drive-truck t2 l2-0 l2-3 c2)
25.179: (drive-truck t0 l0-1 l0-4 c0)
25.340: (drive-truck t2 l2-0 l2-3 c2)
25.340: (drive-truck t0 l0-1 l0-2 c0)
25.343: (drive-truck t2 l2-0 l2-3 c2)
25.344: (drive-truck t0 l0-1 l0-3 c0)
25.411: (drive-truck t2 l2-0 l2-1 c2)
25.411: (drive-truck t0 l0-1 l0-4 c0)
25.567: (drive-truck t2 l2-3 l2-1 c2)
25.642: (drive-truck t2 l2-3 l2-2 c2)
25.642: (drive-truck t2 l2-1 l2-2 c2)
25.765: (drive-truck t2 l2-3 l2-2 c2)
25.813: (drive-truck t0 l0-4 l0-2 c0)
25.818: (drive-truck t0 l0-4 l0-3 c0)
25.961: (unload-airplane p11 a2 l0-0)
25.961: (unload-airplane p16 a0 l0-0)
25.980: (drive-truck t2 l2-3 l2-1 c2)
25.981: (drive-truck t0 l0-4 l0-2 c0)
25.984: (drive-truck t0 l0-2 l0-3 c0)
25.992: (drive-truck t0 l0-4 l0-1 c0)
25.992: (drive-truck t0 l0-4 l0-1 c0)
26.143: (drive-truck t2 l2-3 l2-0 c2)
26.143: (drive-truck t2 l2-3 l2-0 c2)
26.203: (drive-truck t2 l2-3 l2-0 c2)
26.220: (drive-truck t2 l2-3 l2-0 c2)
26.238: (drive-truck t0 l0-4 l0-1 c0)
26.273: (drive-truck t0 l0-4 l0-2 c0)
26.274: (drive-truck t0 l0-4 l0-2 c0)
26.160: (drive-truck t0 l0-4 l0-1 c0)
26.160: (drive-truck t2 l2-3 l2-0 c2)
26.276: (drive-truck t0 l0-1 l0-3 c0)
26.276: (drive-truck t0 l0-1 l0-3 c0)
26.277: (drive-truck t0 l0-2 l0-3 c0)
26.277: (drive-truck t0 l0-2 l0-3 c0)
26.320: (drive-truck t2 l2-0 l2-1 c2)
26.320: (drive-truck t2 l2-0 l2-1 c2)
26.342: (drive-truck t2 l2-3 l2-1 c2)
26.342: (drive-truck t2 l2-3 l2-1 c2)
26.566: (drive-truck t2 l2-1 l2-2 c2)
26.566: (drive-truck t2 l2-1 l2-2 c2)
26.707: (drive-truck t0 l0-1 l0-2 c0)
26.719: (drive-truck t2 l2-3 l2-0 c2)
26.719: (drive-truck t2 l2-3 l2-0 c2)
26.719: (drive-truck t0 l0-1 l0-3 c0)
26.901: (drive-truck t0 l0-1 l0-2 c0)
26.901: (drive-truck t0 l0-1 l0-2 c0)
26.901: (drive-truck t0 l0-4 l0-2 c0)
26.902: (drive-truck t0 l0-4 l0-2 c0)
26.707: (drive-truck t2 l2-1 l2-0 c2)
26.707: (drive-truck t0 l0-3 l0-2 c0)
26.904: (drive-truck t0 l0-2 l0-3 c0)
26.904: (drive-truck t2 l2-0 l2-1 c2)
26.905: (drive-truck t0 l0-2 l0-3 c0)
26.905: (drive-truck t2 l2-0 l2-1 c2)
27.160: (drive-truck t0 l0-4 l0-1 c0)
27.161: (drive-truck t0 l0-4 l0-1 c0)
27.328: (load-truck p26 t2 l2-2)
27.329: (load-truck p26 t2 l2-2)
25.687: (load-airplane p16 a1 l0-0)
26.147: (load-airplane p16 a1 l0-0)
26.310: (load-airplane p16 a1 l0-0)
26.403: (load-airplane p11 a2 l0-0)
26.403: (load-airplane p16 a0 l0-0)
27.340: (drive-truck t2 l2-2 l2-3 c2)
27.340: (drive-truck t2 l2-2 l2-3 c2)
27.359: (drive-truck t0 l0-4 l0-1 c0)
27.359: (drive-truck t0 l0-4 l0-1 c0)
27.359: (load-truck p26 t2 l2-2)
26.322: (load-airplane p16 a1 l0-0)
26.322: (drive-truck t2 l2-2 l2-3 c2)
26.341: (load-airplane p16 a1 l0-0)
26.342: (load-truck p26 t2 l2-2)
26.342: (drive-truck t0 l0-4 l0-1 c0)
26.415: (drive-truck t2 l2-2 l2-3 c2)
26.415: (load-airplane p11 a2 l0-0)
26.415: (load-airplane p16 a0 l0-0)
26.434: (load-airplane p16 a0 l0-0)
26.434: (drive-truck t0 l0-4 l0-1 c0)
26.348: (drive-truck t0 l0-4 l0-1 c0)
26.348: (drive-truck t2 l2-2 l2-3 c2)
26.441: (drive-truck t0 l0-4 l0-1 c0)
26.441: (drive-truck t2 l2-2 l2-3 c2)
26.509: (drive-truck t2 l2-3 l2-0 c2)
26.530: (drive-truck t2 l2-2 l2-0 c2)
26.601: (drive-truck t2 l2-3 l2-0 c2)
26.622: (drive-truck t2 l2-2 l2-0 c2)
26.627: (drive-truck t0 l0-4 l0-2 c0)
26.632: (drive-truck t0 l0-4 l0-3 c0)
26.483: (unload-truck p0 t1 l1-0)
26.576: (unload-truck p0 t1 l1-0)
26.695: (drive-truck t2 l2-0 l2-1 c2)
26.715: (drive-truck t0 l0-1 l0-2 c0)
26.717: (drive-truck t2 l2-0 l2-1 c2)
26.717: (drive-truck t2 l2-3 l2-1 c2)
26.719: (drive-truck t0 l0-1 l0-3 c0)
26.785: (drive-truck t2 l2-0 l2-1 c2)
26.807: (drive-truck t2 l2-0 l2-1 c2)
26.808: (drive-truck t2 l2-3 l2-1 c2)
26.759: (drive-truck t1 l1-0 l1-1 c1)
26.776: (drive-truck t1 l1-0 l1-3 c1)
26.851: (drive-truck t1 l1-0 l1-1 c1)
26.869: (drive-truck t1 l1-0 l1-3 c1)
26.967: (drive-truck t2 l2-3 l2-2 c2)
26.968: (drive-truck t1 l1-0 l1-2 c1)
26.968: (drive-truck t1 l1-0 l1-4 c1)
26.971: (drive-truck t2 l2-3 l2-2 c2)
27.061: (drive-truck t1 l1-0 l1-4 c1)
27.061: (drive-truck t1 l1-0 l1-2 c1)
26.555: (load-truck p23 t1 l1-3)
26.622: (unload-truck p26 t2 l2-2)
26.633: (load-truck p1 t1 l1-1)
26.647: (load-truck p23 t1 l1-3)
26.726: (load-truck p1 t1 l1-1)
26.912: (unload-truck p26 t2 l2-2)
27.162: (drive-truck t2 l2-2 l2-0 c2)
27.163: (drive-truck t0 l0-1 l0-4 c0)
27.163: (drive-truck t0 l0-1 l0-4 c0)
27.175: (drive-truck t2 l2-2 l2-0 c2)
26.395: (drive-truck t2 l2-0 l2-2 c2)
26.398: (drive-truck t2 l2-0 l2-3 c2)
26.486: (drive-truck t2 l2-0 l2-3 c2)
26.487: (drive-truck t2 l2-0 l2-2 c2)
26.490: (drive-truck t2 l2-0 l2-3 c2)
26.540: (drive-truck t0 l0-1 l0-4 c0)
26.578: (drive-truck t2 l2-0 l2-3 c2)
26.579: (drive-truck t2 l2-0 l2-2 c2)
26.629: (drive-truck t0 l0-1 l0-4 c0)
26.632: (drive-truck t0 l0-1 l0-4 c0)
26.185: (unload-truck p26 t2 l2-2)
26.276: (unload-truck p26 t2 l2-2)
26.343: (unload-truck p26 t2 l2-2)
26.370: (drive-truck t2 l2-0 l2-2 c2)
26.370: (drive-truck t0 l0-1 l0-4 c0)
26.376: (drive-truck t2 l2-0 l2-3 c2)
26.377: (drive-truck t0 l0-1 l0-4 c0)
26.462: (drive-truck t0 l0-1 l0-4 c0)
26.464: (drive-truck t2 l2-0 l2-2 c2)
26.470: (drive-truck t0 l0-1 l0-4 c0)
26.631: (drive-truck t2 l2-2 l2-4 c2)
26.726: (drive-truck t2 l2-2 l2-4 c2)
26.751: (drive-truck t2 l2-3 l2-1 c2)
26.751: (drive-truck t2 l2-2 l2-1 c2)
26.821: (drive-truck t2 l2-2 l2-4 c2)
26.841: (drive-truck t2 l2-2 l2-1 c2)
26.842: (drive-truck t2 l2-3 l2-1 c2)
26.929: (drive-truck t0 l0-1 l0-2 c0)
26.956: (drive-truck t0 l0-1 l0-2 c0)
26.983: (load-airplane p18 a1 l0-0)
26.003: (drive-truck t2 l2-2 l2-3 c2)
26.164: (drive-truck t2 l2-2 l2-0 c2)
26.300: (drive-truck t2 l2-2 l2-1 c2)
26.371: (drive-truck t2 l2-2 l2-1 c2)
26.446: (drive-truck t2 l2-2 l2-1 c2)
26.470: (drive-truck t0 l0-1 l0-4 c0)
26.492: (drive-truck t0 l0-1 l0-4 c0)
26.582: (drive-truck t0 l0-1 l0-4 c0)
26.673: (drive-truck t0 l0-1 l0-4 c0)
26.769: (drive-truck t0 l0-4 l0-1 c0)
25.975: (drive-truck t0 l0-1 l0-4 c0)
25.976: (drive-truck t2 l2-2 l2-3 c2)
26.142: (drive-truck t2 l2-2 l2-0 c2)
26.142: (drive-truck t0 l0-1 l0-4 c0)
26.196: (unload-truck p23 t1 l1-3)
26.308: (drive-truck t0 l0-2 l0-3 c0)
26.347: (drive-truck t0 l0-1 l0-4 c0)
26.348: (drive-truck t2 l2-2 l2-1 c2)
26.454: (drive-truck t0 l0-2 l0-3 c0)
26.681: (drive-truck t0 l0-1 l0-2 c0)
25.952: (drive-truck t1 l1-3 l1-0 c1)
26.209: (drive-truck t1 l1-3 l1-1 c1)
26.688: (drive-truck t0 l0-2 l0-3 c0)
26.689: (drive-truck t0 l0-4 l0-3 c0)
26.722: (load-truck p10 t0 l0-3)
26.902: (unload-airplane p11 a2 l0-0)
26.913: (load-truck p10 t0 l0-3)
26.973: (unload-truck p13 t1 l1-3)
26.978: (drive-truck t1 l1-3 l1-2 c1)
26.978: (drive-truck t1 l1-3 l1-4 c1)
25.976: (load-airplane p11 a0 l0-0)
25.979: (unload-airplane p18 a1 l0-0)
26.029: (unload-airplane p18 a1 l0-0)
26.029: (unload-airplane p18 a1 l0-0)
26.147: (load-truck p0 t1 l1-0)
26.250: (load-truck p1 t1 l1-1)
26.355: (drive-truck t2 l2-1 l2-3 c2)
26.509: (drive-truck t2 l2-1 l2-0 c2)
26.534: (drive-truck t2 l2-1 l2-3 c2)
26.613: (drive-truck t0 l0-1 l0-4 c0)
25.776: (unload-airplane p18 a1 l0-0)
25.974: (drive-truck t2 l2-0 l2-3 c2)
26.003: (drive-truck t0 l0-4 l0-1 c0)
26.005: (drive-truck t0 l0-4 l0-1 c0)
26.096: (drive-truck t2 l2-0 l2-3 c2)
26.123: (drive-truck t0 l0-1 l0-4 c0)
26.124: (load-truck p0 t1 l1-0)
26.142: (drive-truck t2 l2-3 l2-0 c2)
26.151: (drive-truck t2 l2-3 l2-0 c2)
26.224: (drive-truck t0 l0-1 l0-4 c0)
25.942: (drive-truck t0 l0-1 l0-4 c0)
25.942: (drive-truck t2 l2-0 l2-3 c2)
26.073: (drive-truck t0 l0-1 l0-4 c0)
26.164: (drive-truck t0 l0-4 l0-1 c0)
26.164: (drive-truck t2 l2-3 l2-0 c2)
26.165: (drive-truck t0 l0-4 l0-1 c0)
26.165: (drive-truck t2 l2-3 l2-0 c2)
26.224: (drive-truck t1 l1-2 l1-4 c1)
26.224: (drive-truck t1 l1-0 l1-4 c1)
26.277: (drive-truck t0 l0-1 l0-2 c0)
26.196: (unload-truck p23 t1 l1-3)
26.221: (unload-truck p23 t1 l1-3)
26.234: (drive-truck t2 l2-3 l2-0 c2)
26.280: (drive-truck t0 l0-4 l0-3 c0)
26.280: (drive-truck t0 l0-2 l0-3 c0)
26.314: (drive-truck t2 l2-3 l2-1 c2)
26.363: (drive-truck t1 l1-4 l1-3 c1)
26.365: (drive-truck t2 l2-0 l2-1 c2)
26.371: (drive-truck t2 l2-0 l2-1 c2)
26.418: (drive-truck t1 l1-4 l1-1 c1)
25.941: (drive-truck t1 l1-3 l1-0 c1)
25.951: (drive-truck t1 l1-3 l1-0 c1)
26.126: (drive-truck t1 l1-3 l1-1 c1)
26.208: (drive-truck t1 l1-3 l1-1 c1)
26.341: (drive-truck t0 l0-4 l0-1 c0)
26.343: (drive-truck t0 l0-1 l0-4 c0)
26.348: (drive-truck t0 l0-1 l0-4 c0)
26.449: (drive-truck t2 l2-1 l2-2 c2)
26.461: (drive-truck t2 l2-0 l2-1 c2)
26.564: (drive-truck t2 l2-0 l2-2 c2)
26.145: (load-truck p0 t1 l1-0)
26.147: (load-truck p0 t1 l1-0)
26.239: (load-truck p1 t1 l1-1)
26.250: (load-truck p1 t1 l1-1)
26.479: (drive-truck t0 l0-4 l0-1 c0)
26.492: (drive-truck t2 l2-1 l2-2 c2)
26.592: (drive-truck t2 l2-1 l2-2 c2)
26.613: (drive-truck t0 l0-1 l0-4 c0)
26.665: (drive-truck t0 l0-1 l0-4 c0)
26.828: (load-airplane p18 a1 l0-0)
25.596: (unload-airplane p18 a1 l0-0)
25.776: (unload-airplane p18 a1 l0-0)
25.966: (drive-truck t2 l2-0 l2-3 c2)
25.974: (drive-truck t2 l2-0 l2-3 c2)
26.085: (drive-truck t2 l2-0 l2-3 c2)
26.097: (drive-truck t2 l2-0 l2-3 c2)
26.123: (drive-truck t0 l0-1 l0-4 c0)
26.125: (load-truck p0 t1 l1-0)
26.125: (load-truck p0 t1 l1-0)
26.125: (drive-truck t0 l0-1 l0-4 c0)
25.934: (drive-truck t2 l2-0 l2-3 c2)
25.936: (drive-truck t0 l0-1 l0-4 c0)
25.942: (drive-truck t0 l0-1 l0-4 c0)
25.943: (drive-truck t2 l2-0 l2-3 c2)
26.070: (drive-truck t0 l0-1 l0-4 c0)
26.073: (drive-truck t0 l0-1 l0-4 c0)
26.185: (drive-truck t0 l0-4 l0-1 c0)
26.224: (drive-truck t1 l1-0 l1-2 c1)
26.224: (drive-truck t1 l1-0 l1-4 c1)
26.244: (drive-truck t0 l0-1 l0-2 c0)
26.028: (drive-truck t0 l0-4 l0-1 c0)
26.028: (drive-truck t0 l0-4 l0-1 c0)
26.234: (drive-truck t2 l2-3 l2-0 c2)
26.236: (drive-truck t2 l2-3 l2-0 c2)
26.246: (drive-truck t0 l0-2 l0-3 c0)
26.247: (drive-truck t0 l0-4 l0-3 c0)
26.277: (drive-truck t0 l0-4 l0-2 c0)
26.280: (drive-truck t0 l0-4 l0-3 c0)
26.296: (drive-truck t2 l2-3 l2-1 c2)
26.315: (drive-truck t2 l2-3 l2-1 c2)
26.293: (drive-truck t2 l2-0 l2-3 c2)
26.293: (drive-truck t2 l2-0 l2-3 c2)
26.322: (drive-truck t0 l0-4 l0-1 c0)
26.341: (drive-truck t0 l0-4 l0-1 c0)
26.451: (drive-truck t2 l2-1 l2-2 c2)
26.451: (drive-truck t2 l2-0 l2-1 c2)
26.461: (drive-truck t2 l2-0 l2-1 c2)
26.525: (drive-truck t2 l2-1 l2-2 c2)
26.564: (drive-truck t2 l2-0 l2-2 c2)
26.642: (drive-truck t2 l2-0 l2-2 c2)
26.462: (drive-truck t0 l0-4 l0-1 c0)
26.478: (drive-truck t0 l0-4 l0-1 c0)
26.485: (drive-truck t0 l0-1 l0-4 c0)
26.485: (drive-truck t0 l0-1 l0-4 c0)
26.523: (drive-truck t0 l0-1 l0-3 c0)
26.523: (drive-truck t0 l0-1 l0-3 c0)
26.796: (drive-truck t2 l2-3 l2-1 c2)
26.796: (drive-truck t2 l2-3 l2-1 c2)
26.877: (drive-truck t0 l0-1 l0-2 c0)
26.881: (drive-truck t0 l0-1 l0-3 c0)
26.690: (drive-truck t2 l2-1 l2-0 c2)
26.699: (drive-truck t2 l2-1 l2-0 c2)
26.710: (drive-truck t2 l2-3 l2-2 c2)
26.710: (drive-truck t2 l2-3 l2-2 c2)
26.846: (drive-truck t2 l2-3 l2-0 c2)
26.846: (drive-truck t2 l2-3 l2-0 c2)
26.990: (drive-truck t0 l0-1 l0-4 c0)
26.990: (drive-truck t0 l0-1 l0-4 c0)
26.990: (drive-truck t2 l2-3 l2-1 c2)
26.991: (drive-truck t2 l2-3 l2-1 c2)
26.386: (drive-truck t1 l1-4 l1-0 c1)
26.386: (drive-truck t1 l1-2 l1-0 c1)
26.889: (load-truck p10 t0 l0-3)
26.889: (load-truck p10 t0 l0-3)
27.170: (drive-truck t0 l0-3 l0-2 c0)
27.171: (drive-truck t0 l0-3 l0-2 c0)
27.249: (drive-truck t1 l1-4 l1-1 c1)
27.249: (drive-truck t1 l1-2 l1-1 c1)
27.279: (unload-truck p0 t1 l1-0)
27.369: (drive-truck t1 l1-2 l1-3 c1)
25.699: (load-truck p0 t1 l1-0)
26.097: (load-truck p23 t1 l1-3)
26.363: (drive-truck t0 l0-3 l0-4 c0)
26.418: (drive-truck t0 l0-3 l0-4 c0)
26.604: (drive-truck t0 l0-3 l0-2 c0)
26.604: (drive-truck t1 l1-4 l1-0 c1)
26.604: (drive-truck t1 l1-2 l1-0 c1)
26.821: (drive-truck t0 l0-3 l0-1 c0)
26.821: (drive-truck t0 l0-3 l0-1 c0)
26.851: (drive-truck t1 l1-2 l1-0 c1)
25.673: (drive-truck t2 l2-0 l2-3 c2)
25.687: (load-truck p0 t1 l1-0)
25.688: (drive-truck t0 l0-3 l0-2 c0)
25.897: (drive-truck t2 l2-0 l2-1 c2)
26.081: (drive-truck t0 l0-3 l0-2 c0)
26.307: (drive-truck t2 l2-0 l2-1 c2)
26.438: (drive-truck t0 l0-3 l0-1 c0)
26.438: (drive-truck t1 l1-2 l1-0 c1)
26.438: (drive-truck t1 l1-4 l1-0 c1)
26.473: (load-truck p0 t1 l1-0)
25.666: (drive-truck t2 l2-0 l2-3 c2)
25.666: (drive-truck t0 l0-3 l0-2 c0)
26.300: (drive-truck t0 l0-3 l0-2 c0)
26.300: (drive-truck t2 l2-0 l2-1 c2)
26.307: (drive-truck t2 l2-0 l2-3 c2)
26.355: (load-truck p10 t0 l0-3)
26.460: (drive-truck t0 l0-3 l0-4 c0)
26.475: (load-truck p8 t0 l0-2)
26.478: (drive-truck t0 l0-3 l0-1 c0)
26.478: (load-truck p0 t1 l1-0)
26.284: (drive-truck t0 l0-3 l0-4 c0)
26.286: (drive-truck t2 l2-0 l2-3 c2)
26.307: (drive-truck t2 l2-0 l2-3 c2)
26.315: (drive-truck t0 l0-3 l0-1 c0)
26.316: (drive-truck t2 l2-0 l2-3 c2)
26.340: (drive-truck t0 l0-3 l0-4 c0)
26.344: (load-truck p8 t0 l0-2)
26.367: (drive-truck t0 l0-3 l0-1 c0)
26.467: (drive-truck t0 l0-2 l0-4 c0)
26.488: (drive-truck t0 l0-2 l0-1 c0)
26.306: (drive-truck t2 l2-0 l2-3 c2)
26.306: (drive-truck t0 l0-2 l0-4 c0)
26.333: (drive-truck t2 l2-0 l2-3 c2)
26.333: (drive-truck t0 l0-2 l0-1 c0)
26.347: (drive-truck t0 l0-2 l0-4 c0)
26.370: (drive-truck t0 l0-2 l0-1 c0)
26.372: (unload-truck p0 t1 l1-0)
26.495: (drive-truck t2 l2-3 l2-0 c2)
26.499: (drive-truck t2 l2-3 l2-0 c2)
26.512: (drive-truck t2 l2-3 l2-0 c2)
26.489: (drive-truck t2 l2-3 l2-0 c2)
26.489: (drive-truck t0 l0-2 l0-4 c0)
26.506: (drive-truck t2 l2-3 l2-0 c2)
26.506: (drive-truck t0 l0-2 l0-1 c0)
26.509: (drive-truck t0 l0-1 l0-3 c0)
26.509: (drive-truck t0 l0-4 l0-3 c0)
26.599: (drive-truck t1 l1-0 l1-1 c1)
26.609: (drive-truck t1 l1-0 l1-3 c1)
26.675: (drive-truck t2 l2-3 l2-1 c2)
26.696: (drive-truck t2 l2-3 l2-1 c2)
26.594: (load-truck p1 t1 l1-1)
26.682: (drive-truck t0 l0-1 l0-2 c0)
26.683: (drive-truck t0 l0-4 l0-2 c0)
26.712: (drive-truck t2 l2-0 l2-1 c2)
26.722: (drive-truck t2 l2-0 l2-1 c2)
26.730: (drive-truck t2 l2-0 l2-1 c2)
26.889: (drive-truck t2 l2-1 l2-2 c2)
26.935: (drive-truck t2 l2-0 l2-2 c2)
27.349: (drive-truck t1 l1-1 l1-4 c1)
27.349: (drive-truck t1 l1-1 l1-2 c1)
26.466: (drive-truck t2 l2-0 l2-3 c2)
26.587: (drive-truck t0 l0-1 l0-4 c0)
26.596: (drive-truck t0 l0-1 l0-2 c0)
26.706: (drive-truck t0 l0-3 l0-4 c0)
26.720: (drive-truck t0 l0-1 l0-2 c0)
26.720: (drive-truck t0 l0-4 l0-2 c0)
26.724: (drive-truck t0 l0-3 l0-1 c0)
26.840: (drive-truck t2 l2-0 l2-1 c2)
27.186: (drive-truck t0 l0-4 l0-2 c0)
27.187: (drive-truck t2 l2-1 l2-2 c2)
26.449: (drive-truck t2 l2-0 l2-3 c2)
26.450: (drive-truck t0 l0-1 l0-2 c0)
26.454: (drive-truck t2 l2-0 l2-3 c2)
26.454: (drive-truck t0 l0-1 l0-4 c0)
26.535: (unload-truck p8 t0 l0-2)
26.832: (drive-truck t0 l0-1 l0-4 c0)
26.832: (drive-truck t2 l2-0 l2-1 c2)
26.839: (drive-truck t0 l0-1 l0-2 c0)
26.840: (drive-truck t2 l2-0 l2-1 c2)
26.939: (drive-truck t2 l2-1 l2-2 c2)
26.823: (drive-truck t0 l0-2 l0-3 c0)
26.881: (load-truck p26 t2 l2-2)
27.014: (drive-truck t2 l2-3 l2-2 c2)
27.014: (drive-truck t2 l2-1 l2-2 c2)
27.170: (drive-truck t2 l2-2 l2-4 c2)
27.224: (drive-truck t2 l2-1 l2-4 c2)
27.224: (drive-truck t2 l2-3 l2-4 c2)
27.276: (drive-truck t2 l2-1 l2-4 c2)
27.277: (drive-truck t2 l2-3 l2-4 c2)
27.313: (drive-truck t2 l2-1 l2-2 c2)
26.604: (drive-truck t0 l0-2 l0-4 c0)
26.627: (drive-truck t2 l2-2 l2-3 c2)
26.748: (drive-truck t0 l0-2 l0-1 c0)
26.842: (unload-truck p8 t0 l0-2)
26.885: (load-truck p26 t2 l2-2)
26.885: (drive-truck t0 l0-2 l0-3 c0)
27.074: (drive-truck t2 l2-2 l2-0 c2)
27.101: (unload-truck p8 t0 l0-2)
27.266: (drive-truck t2 l2-2 l2-1 c2)
27.384: (drive-truck t0 l0-4 l0-1 c0)
26.380: (drive-truck t0 l0-2 l0-4 c0)
26.536: (drive-truck t0 l0-2 l0-1 c0)
26.631: (drive-truck t2 l2-2 l2-3 c2)
26.632: (drive-truck t0 l0-2 l0-3 c0)
26.695: (drive-truck t0 l0-2 l0-4 c0)
26.717: (drive-truck t0 l0-2 l0-1 c0)
27.085: (drive-truck t0 l0-2 l0-3 c0)
27.086: (drive-truck t2 l2-2 l2-0 c2)
27.135: (drive-truck t0 l0-2 l0-3 c0)
27.268: (drive-truck t0 l0-2 l0-3 c0)
27.304: (unload-airplane p11 a0 l0-0)
27.326: (load-airplane p18 a1 l0-0)
27.327: (load-airplane p18 a0 l0-0)
27.334: (load-airplane p18 a2 l0-0)
27.372: (load-truck p26 t2 l2-2)
27.398: (unload-airplane p16 a1 l0-0)
27.411: (drive-truck t2 l2-2 l2-4 c2)
27.412: (drive-truck t0 l0-4 l0-3 c0)
27.412: (drive-truck t0 l0-1 l0-3 c0)
27.462: (unload-airplane p11 a0 l0-0)
26.072: (drive-truck t2 l2-4 l2-3 c2)
26.076: (drive-truck t2 l2-4 l2-3 c2)
26.103: (drive-truck t2 l2-4 l2-3 c2)
26.230: (drive-truck t2 l2-4 l2-0 c2)
26.235: (drive-truck t2 l2-4 l2-0 c2)
26.265: (drive-truck t2 l2-4 l2-0 c2)
26.379: (load-airplane p11 a2 l0-0)
26.380: (load-airplane p16 a0 l0-0)
26.385: (drive-truck t2 l2-4 l2-1 c2)
26.392: (drive-truck t2 l2-4 l2-1 c2)
26.094: (drive-truck t0 l0-4 l0-1 c0)
26.098: (drive-truck t0 l0-4 l0-1 c0)
26.119: (drive-truck t0 l0-4 l0-1 c0)
26.246: (drive-truck t0 l0-4 l0-1 c0)
26.251: (drive-truck t0 l0-4 l0-1 c0)
26.270: (drive-truck t0 l0-4 l0-1 c0)
26.458: (drive-truck t2 l2-3 l2-1 c2)
26.458: (drive-truck t2 l2-0 l2-1 c2)
26.462: (drive-truck t2 l2-0 l2-1 c2)
26.462: (drive-truck t2 l2-3 l2-1 c2)
26.209: (unload-truck p1 t1 l1-1)
26.219: (unload-truck p1 t1 l1-1)
26.289: (unload-truck p1 t1 l1-1)
26.474: (drive-truck t0 l0-4 l0-1 c0)
26.475: (drive-truck t2 l2-0 l2-1 c2)
26.475: (drive-truck t2 l2-3 l2-1 c2)
26.479: (drive-truck t0 l0-4 l0-1 c0)
26.480: (drive-truck t2 l2-0 l2-1 c2)
26.481: (drive-truck t2 l2-3 l2-1 c2)
26.485: (drive-truck t2 l2-3 l2-1 c2)
25.952: (drive-truck t1 l1-1 l1-0 c1)
25.969: (drive-truck t1 l1-1 l1-0 c1)
26.061: (drive-truck t1 l1-1 l1-0 c1)
26.197: (drive-truck t1 l1-1 l1-3 c1)
26.208: (drive-truck t1 l1-1 l1-3 c1)
26.297: (drive-truck t1 l1-1 l1-3 c1)
26.478: (drive-truck t0 l0-1 l0-4 c0)
26.979: (drive-truck t1 l1-1 l1-2 c1)
26.979: (drive-truck t1 l1-1 l1-4 c1)
26.985: (drive-truck t1 l1-1 l1-4 c1)
26.142: (load-truck p0 t1 l1-0)
26.148: (load-truck p0 t1 l1-0)
26.158: (load-truck p23 t1 l1-3)
26.164: (load-truck p23 t1 l1-3)
26.182: (load-truck p23 t1 l1-3)
26.614: (drive-truck t0 l0-1 l0-4 c0)
26.655: (drive-truck t0 l0-1 l0-4 c0)
26.688: (drive-truck t2 l2-1 l2-2 c2)
26.795: (drive-truck t0 l0-1 l0-4 c0)
26.876: (unload-airplane p11 a0 l0-0)
25.967: (load-airplane p11 a2 l0-0)
25.968: (drive-truck t2 l2-0 l2-3 c2)
25.974: (drive-truck t2 l2-0 l2-3 c2)
25.998: (drive-truck t2 l2-0 l2-3 c2)
26.003: (drive-truck t2 l2-0 l2-3 c2)
26.025: (drive-truck t2 l2-0 l2-3 c2)
26.118: (drive-truck t0 l0-1 l0-4 c0)
26.119: (load-truck p0 t1 l1-0)
26.123: (load-truck p0 t1 l1-0)
26.124: (drive-truck t0 l0-1 l0-4 c0)
25.938: (drive-truck t0 l0-1 l0-4 c0)
25.939: (drive-truck t2 l2-0 l2-3 c2)
25.943: (drive-truck t0 l0-1 l0-4 c0)
25.944: (drive-truck t2 l2-0 l2-3 c2)
25.971: (drive-truck t0 l0-1 l0-4 c0)
25.976: (drive-truck t0 l0-1 l0-4 c0)
25.999: (drive-truck t0 l0-1 l0-4 c0)
26.141: (load-truck p0 t1 l1-0)
26.208: (drive-truck t1 l1-0 l1-3 c1)
26.220: (drive-truck t1 l1-0 l1-1 c1)
25.968: (drive-truck t2 l2-0 l2-3 c2)
26.119: (drive-truck t0 l0-1 l0-4 c0)
26.136: (drive-truck t2 l2-3 l2-0 c2)
26.143: (drive-truck t2 l2-3 l2-0 c2)
26.158: (load-truck p23 t1 l1-3)
26.168: (drive-truck t2 l2-3 l2-0 c2)
26.246: (load-truck p1 t1 l1-1)
26.272: (drive-truck t0 l0-4 l0-2 c0)
26.276: (drive-truck t0 l0-4 l0-3 c0)
26.278: (drive-truck t0 l0-4 l0-2 c0)
25.938: (drive-truck t2 l2-0 l2-3 c2)
25.938: (drive-truck t0 l0-1 l0-4 c0)
25.998: (drive-truck t2 l2-0 l2-3 c2)
26.095: (drive-truck t2 l2-0 l2-3 c2)
26.137: (drive-truck t0 l0-1 l0-4 c0)
26.231: (drive-truck t0 l0-1 l0-4 c0)
26.272: (drive-truck t0 l0-1 l0-2 c0)
26.276: (drive-truck t0 l0-1 l0-3 c0)
26.280: (drive-truck t0 l0-2 l0-3 c0)
26.310: (drive-truck t2 l2-0 l2-1 c2)
25.971: (drive-truck t2 l2-0 l2-3 c2)
25.971: (drive-truck t0 l0-1 l0-4 c0)
26.071: (drive-truck t2 l2-0 l2-3 c2)
26.072: (drive-truck t0 l0-1 l0-4 c0)
26.334: (drive-truck t0 l0-4 l0-1 c0)
26.341: (drive-truck t2 l2-0 l2-1 c2)
26.364: (drive-truck t2 l2-3 l2-1 c2)
26.458: (drive-truck t2 l2-0 l2-1 c2)
26.464: (drive-truck t2 l2-1 l2-2 c2)
26.465: (drive-truck t2 l2-3 l2-2 c2)
26.474: (drive-truck t0 l0-4 l0-1 c0)
26.506: (drive-truck t2 l2-3 l2-2 c2)
26.506: (drive-truck t2 l2-1 l2-2 c2)
26.581: (drive-truck t2 l2-1 l2-2 c2)
26.581: (drive-truck t2 l2-3 l2-2 c2)
26.673: (drive-truck t0 l0-4 l0-2 c0)
26.681: (drive-truck t0 l0-4 l0-3 c0)
26.730: (drive-truck t0 l0-4 l0-2 c0)
26.735: (drive-truck t0 l0-4 l0-3 c0)
26.896: (unload-airplane p11 a2 l0-0)
26.923: (drive-truck t0 l0-4 l0-1 c0)
27.019: (drive-truck t0 l0-4 l0-1 c0)
27.063: (drive-truck t2 l2-3 l2-0 c2)
27.091: (drive-truck t0 l0-4 l0-1 c0)
27.091: (drive-truck t2 l2-1 l2-2 c2)
27.100: (drive-truck t2 l2-3 l2-0 c2)
27.116: (drive-truck t2 l2-3 l2-0 c2)
27.131: (drive-truck t2 l2-3 l2-0 c2)
27.147: (drive-truck t2 l2-3 l2-0 c2)
27.249: (drive-truck t2 l2-3 l2-1 c2)
26.348: (load-airplane p11 a0 l0-0)
27.086: (drive-truck t0 l0-4 l0-1 c0)
27.086: (drive-truck t2 l2-3 l2-0 c2)
27.275: (drive-truck t2 l2-3 l2-1 c2)
27.276: (drive-truck t0 l0-4 l0-1 c0)
27.312: (drive-truck t2 l2-0 l2-1 c2)
27.320: (drive-truck t2 l2-0 l2-1 c2)
27.376: (drive-truck t2 l2-0 l2-1 c2)
27.383: (drive-truck t2 l2-0 l2-1 c2)
27.384: (load-truck p26 t2 l2-2)
26.367: (unload-airplane p18 a0 l0-0)
26.372: (load-airplane p11 a0 l0-0)
26.372: (drive-truck t0 l0-4 l0-1 c0)
26.373: (unload-airplane p18 a0 l0-0)
26.493: (drive-truck t2 l2-1 l2-2 c2)
27.119: (unload-truck p23 t1 l1-3)
27.321: (drive-truck t0 l0-4 l0-2 c0)
27.329: (drive-truck t0 l0-4 l0-3 c0)
27.336: (unload-truck p13 t1 l1-3)
27.337: (unload-truck p27 t2 l2-1)
26.342: (unload-airplane p18 a0 l0-0)
26.344: (unload-airplane p18 a0 l0-0)
26.682: (drive-truck t2 l2-1 l2-3 c2)
26.690: (drive-truck t2 l2-1 l2-3 c2)
26.827: (load-truck p10 t0 l0-3)
26.839: (load-truck p8 t0 l0-2)
26.843: (drive-truck t2 l2-1 l2-2 c2)
26.969: (drive-truck t2 l2-1 l2-3 c2)
26.974: (drive-truck t2 l2-1 l2-3 c2)
26.984: (drive-truck t2 l2-1 l2-2 c2)
25.974: (drive-truck t2 l2-1 l2-3 c2)
25.976: (unload-airplane p18 a0 l0-0)
25.979: (drive-truck t2 l2-1 l2-3 c2)
25.981: (unload-airplane p18 a0 l0-0)
26.151: (drive-truck t2 l2-1 l2-0 c2)
26.151: (drive-truck t2 l2-1 l2-0 c2)
26.361: (drive-truck t0 l0-4 l0-1 c0)
26.365: (drive-truck t0 l0-4 l0-1 c0)
26.445: (drive-truck t2 l2-1 l2-3 c2)
26.450: (drive-truck t2 l2-1 l2-3 c2)
26.001: (drive-truck t2 l2-1 l2-3 c2)
26.001: (drive-truck t0 l0-4 l0-1 c0)
26.005: (drive-truck t0 l0-4 l0-1 c0)
26.005: (drive-truck t2 l2-1 l2-3 c2)
26.164: (drive-truck t2 l2-1 l2-0 c2)
26.165: (drive-truck t0 l0-4 l0-1 c0)
26.166: (drive-truck t0 l0-4 l0-1 c0)
26.166: (drive-truck t2 l2-1 l2-0 c2)
26.440: (drive-truck t0 l0-3 l0-4 c0)
26.454: (drive-truck t0 l0-2 l0-4 c0)
26.086: (unload-truck p23 t1 l1-3)
26.221: (unload-truck p23 t1 l1-3)
26.457: (drive-truck t0 l0-4 l0-1 c0)
26.466: (drive-truck t0 l0-4 l0-1 c0)
26.587: (drive-truck t2 l2-3 l2-0 c2)
26.588: (drive-truck t2 l2-3 l2-0 c2)
26.662: (drive-truck t0 l0-1 l0-2 c0)
26.665: (drive-truck t0 l0-1 l0-2 c0)
26.667: (drive-truck t0 l0-1 l0-3 c0)
26.672: (drive-truck t0 l0-1 l0-3 c0)
25.941: (drive-truck t1 l1-3 l1-0 c1)
25.986: (drive-truck t1 l1-3 l1-0 c1)
26.126: (drive-truck t1 l1-3 l1-1 c1)
26.193: (drive-truck t1 l1-3 l1-1 c1)
26.593: (drive-truck t2 l2-3 l2-0 c2)
26.593: (drive-truck t0 l0-4 l0-1 c0)
26.593: (drive-truck t0 l0-4 l0-3 c0)
26.593: (drive-truck t2 l2-3 l2-0 c2)
26.594: (drive-truck t0 l0-4 l0-1 c0)
26.597: (drive-truck t0 l0-4 l0-2 c0)
26.145: (load-truck p0 t1 l1-0)
26.155: (load-truck p0 t1 l1-0)
26.239: (load-truck p1 t1 l1-1)
26.256: (load-truck p1 t1 l1-1)
26.599: (unload-truck p1 t1 l1-1)
26.665: (drive-truck t0 l0-1 l0-4 c0)
26.711: (drive-truck t0 l0-1 l0-4 c0)
26.776: (unload-truck p1 t1 l1-1)
26.827: (drive-truck t2 l2-0 l2-1 c2)
26.828: (load-airplane p18 a1 l0-0)
25.966: (drive-truck t2 l2-0 l2-3 c2)
25.979: (drive-truck t2 l2-0 l2-3 c2)
26.085: (drive-truck t2 l2-0 l2-3 c2)
26.105: (drive-truck t2 l2-0 l2-3 c2)
26.125: (load-truck p0 t1 l1-0)
26.125: (drive-truck t0 l0-1 l0-4 c0)
26.135: (drive-truck t0 l0-1 l0-4 c0)
26.137: (load-truck p0 t1 l1-0)
26.236: (drive-truck t0 l0-1 l0-4 c0)
26.252: (drive-truck t0 l0-1 l0-4 c0)
25.935: (drive-truck t2 l2-0 l2-3 c2)
25.935: (drive-truck t0 l0-1 l0-4 c0)
25.948: (drive-truck t2 l2-0 l2-3 c2)
25.949: (drive-truck t0 l0-1 l0-4 c0)
26.069: (drive-truck t0 l0-1 l0-4 c0)
26.070: (drive-truck t2 l2-0 l2-3 c2)
26.088: (drive-truck t2 l2-0 l2-3 c2)
26.089: (drive-truck t0 l0-1 l0-4 c0)
26.244: (drive-truck t0 l0-1 l0-2 c0)
26.247: (drive-truck t0 l0-1 l0-3 c0)
26.258: (drive-truck t0 l0-4 l0-2 c0)
26.261: (drive-truck t0 l0-4 l0-3 c0)
26.296: (drive-truck t2 l2-3 l2-1 c2)
26.315: (drive-truck t2 l2-3 l2-1 c2)
26.451: (drive-truck t2 l2-3 l2-1 c2)
26.472: (drive-truck t2 l2-3 l2-1 c2)
26.525: (drive-truck t2 l2-3 l2-2 c2)
26.535: (drive-truck t2 l2-3 l2-2 c2)
26.642: (drive-truck t2 l2-3 l2-2 c2)
26.657: (drive-truck t2 l2-3 l2-2 c2)
26.322: (drive-truck t0 l0-4 l0-1 c0)
26.337: (drive-truck t0 l0-4 l0-1 c0)
26.461: (drive-truck t0 l0-4 l0-1 c0)
26.481: (drive-truck t0 l0-4 l0-1 c0)
26.698: (drive-truck t2 l2-3 l2-0 c2)
26.709: (drive-truck t2 l2-3 l2-0 c2)
26.877: (drive-truck t0 l0-4 l0-2 c0)
26.881: (drive-truck t0 l0-4 l0-3 c0)
26.891: (drive-truck t0 l0-4 l0-2 c0)
26.892: (drive-truck t2 l2-3 l2-1 c2)
26.688: (drive-truck t2 l2-1 l2-0 c2)
26.699: (drive-truck t2 l2-1 l2-0 c2)
26.893: (drive-truck t0 l0-2 l0-3 c0)
26.893: (drive-truck t2 l2-0 l2-1 c2)
26.894: (drive-truck t0 l0-1 l0-3 c0)
27.119: (drive-truck t2 l2-1 l2-2 c2)
27.132: (drive-truck t2 l2-1 l2-2 c2)
27.219: (drive-truck t2 l2-1 l2-2 c2)
27.227: (unload-airplane p11 a0 l0-0)
27.237: (drive-truck t2 l2-1 l2-2 c2)
26.868: (drive-truck t2 l2-1 l2-3 c2)
27.046: (drive-truck t2 l2-1 l2-0 c2)
27.200: (drive-truck t0 l0-1 l0-4 c0)
27.279: (unload-truck p0 t1 l1-0)
27.334: (load-truck p26 t2 l2-2)
27.348: (load-truck p26 t2 l2-2)
27.461: (drive-truck t2 l2-2 l2-4 c2)
27.473: (load-truck p26 t2 l2-2)
27.474: (load-truck p10 t0 l0-3)
27.475: (load-truck p8 t0 l0-2)
26.836: (drive-truck t2 l2-1 l2-3 c2)
26.836: (drive-truck t0 l0-1 l0-4 c0)
26.840: (unload-truck p0 t1 l1-0)
27.026: (drive-truck t2 l2-1 l2-0 c2)
27.027: (drive-truck t0 l0-1 l0-4 c0)
27.148: (drive-truck t0 l0-1 l0-2 c0)
27.152: (drive-truck t0 l0-1 l0-3 c0)
27.298: (drive-truck t2 l2-0 l2-3 c2)
27.299: (drive-truck t2 l2-0 l2-3 c2)
27.299: (drive-truck t0 l0-1 l0-4 c0)
27.025: (drive-truck t1 l1-0 l1-1 c1)
27.121: (drive-truck t1 l1-0 l1-3 c1)
27.276: (drive-truck t0 l0-3 l0-4 c0)
27.297: (drive-truck t0 l0-2 l0-4 c0)
27.306: (drive-truck t0 l0-3 l0-1 c0)
27.323: (drive-truck t0 l0-2 l0-1 c0)
27.424: (drive-truck t2 l2-3 l2-2 c2)
27.425: (drive-truck t2 l2-0 l2-2 c2)
27.561: (drive-truck t0 l0-1 l0-4 c0)
27.562: (unload-truck p0 t1 l1-0)
27.066: (load-truck p23 t1 l1-3)
27.140: (load-truck p1 t1 l1-1)
27.459: (drive-truck t2 l2-3 l2-0 c2)
27.468: (drive-truck t2 l2-3 l2-0 c2)
27.480: (drive-truck t2 l2-3 l2-0 c2)
27.491: (drive-truck t2 l2-3 l2-0 c2)
27.631: (drive-truck t2 l2-3 l2-1 c2)
27.652: (drive-truck t2 l2-3 l2-1 c2)
27.657: (drive-truck t2 l2-3 l2-1 c2)
27.678: (drive-truck t2 l2-3 l2-1 c2)
26.906: (drive-truck t2 l2-0 l2-3 c2)
26.986: (drive-truck t2 l2-0 l2-3 c2)
27.052: (drive-truck t0 l0-1 l0-4 c0)
27.136: (drive-truck t0 l0-1 l0-4 c0)
27.269: (drive-truck t2 l2-0 l2-1 c2)
27.274: (unload-truck p0 t1 l1-0)
27.339: (unload-truck p0 t1 l1-0)
27.366: (drive-truck t2 l2-0 l2-1 c2)
27.653: (drive-truck t0 l0-4 l0-3 c0)
27.653: (drive-truck t0 l0-1 l0-3 c0)
26.881: (drive-truck t0 l0-1 l0-4 c0)
26.881: (drive-truck t2 l2-0 l2-3 c2)
26.970: (drive-truck t0 l0-1 l0-4 c0)
26.970: (drive-truck t2 l2-0 l2-3 c2)
27.247: (drive-truck t0 l0-1 l0-4 c0)
27.248: (drive-truck t2 l2-0 l2-1 c2)
27.354: (drive-truck t0 l0-1 l0-4 c0)
27.355: (drive-truck t2 l2-0 l2-1 c2)
27.460: (drive-truck t1 l1-0 l1-1 c1)
27.492: (drive-truck t2 l2-0 l2-2 c2)
26.521: (load-truck p13 t1 l1-3)
26.592: (load-airplane p11 a0 l0-0)
27.539: (drive-truck t2 l2-3 l2-2 c2)
27.540: (drive-truck t2 l2-1 l2-2 c2)
27.557: (drive-truck t1 l1-1 l1-3 c1)
27.570: (drive-truck t0 l0-4 l0-2 c0)
27.576: (drive-truck t0 l0-4 l0-3 c0)
27.583: (load-truck p1 t1 l1-1)
27.613: (drive-truck t0 l0-4 l0-2 c0)
27.618: (drive-truck t0 l0-4 l0-3 c0)
26.571: (load-airplane p11 a1 l0-0)
26.577: (load-airplane p11 a1 l0-0)
26.593: (load-truck p13 t1 l1-3)
26.601: (load-truck p13 t1 l1-3)
26.615: (load-airplane p11 a1 l0-0)
26.623: (load-airplane p11 a1 l0-0)
26.665: (load-airplane p11 a2 l0-0)
26.672: (load-airplane p11 a2 l0-0)
26.710: (load-airplane p11 a2 l0-0)
26.710: (load-airplane p11 a0 l0-0)
26.716: (drive-truck t0 l0-2 l0-3 c0)
26.717: (drive-truck t0 l0-2 l0-3 c0)
26.989: (drive-truck t2 l2-3 l2-0 c2)
27.006: (drive-truck t2 l2-3 l2-0 c2)
27.010: (drive-truck t2 l2-3 l2-0 c2)
27.013: (drive-truck t2 l2-3 l2-0 c2)
27.028: (drive-truck t2 l2-3 l2-0 c2)
27.030: (drive-truck t2 l2-3 l2-0 c2)
27.082: (drive-truck t2 l2-3 l2-0 c2)
27.099: (drive-truck t2 l2-3 l2-0 c2)
27.124: (drive-truck t2 l2-3 l2-0 c2)
27.124: (drive-truck t2 l2-3 l2-0 c2)
27.197: (drive-truck t2 l2-0 l2-1 c2)
27.207: (drive-truck t2 l2-0 l2-1 c2)
27.213: (drive-truck t2 l2-0 l2-1 c2)
27.223: (drive-truck t2 l2-0 l2-1 c2)
27.251: (drive-truck t2 l2-0 l2-1 c2)
27.260: (drive-truck t2 l2-0 l2-1 c2)
27.290: (drive-truck t2 l2-0 l2-1 c2)
27.300: (drive-truck t2 l2-0 l2-1 c2)
27.107: (drive-truck t0 l0-3 l0-2 c0)
27.107: (drive-truck t0 l0-3 l0-2 c0)
27.354: (drive-truck t2 l2-0 l2-1 c2)
27.354: (drive-truck t2 l2-0 l2-1 c2)
27.582: (load-truck p10 t0 l0-3)
27.582: (load-truck p10 t0 l0-3)
27.617: (load-truck p8 t0 l0-2)
27.619: (load-truck p10 t0 l0-3)
27.631: (load-truck p8 t0 l0-2)
27.633: (load-truck p10 t0 l0-3)
26.721: (load-airplane p11 a2 l0-0)
27.247: (drive-truck t2 l2-1 l2-3 c2)
27.258: (drive-truck t2 l2-1 l2-3 c2)
27.272: (drive-truck t2 l2-1 l2-3 c2)
27.283: (drive-truck t2 l2-1 l2-3 c2)
27.345: (drive-truck t2 l2-0 l2-1 c2)
27.345: (drive-truck t2 l2-0 l2-1 c2)
27.346: (drive-truck t0 l0-3 l0-2 c0)
27.346: (drive-truck t0 l0-3 l0-2 c0)
27.407: (drive-truck t2 l2-1 l2-0 c2)
26.343: (load-airplane p11 a2 l0-0)
26.344: (drive-truck t2 l2-1 l2-3 c2)
26.498: (drive-truck t2 l2-1 l2-0 c2)
26.713: (drive-truck t0 l0-2 l0-4 c0)
26.731: (drive-truck t0 l0-2 l0-1 c0)
27.229: (drive-truck t2 l2-1 l2-2 c2)
27.244: (drive-truck t0 l0-3 l0-4 c0)
27.251: (drive-truck t0 l0-2 l0-4 c0)
27.268: (drive-truck t0 l0-3 l0-4 c0)
27.271: (drive-truck t0 l0-3 l0-1 c0)
26.340: (load-airplane p11 a2 l0-0)
26.347: (drive-truck t2 l2-1 l2-3 c2)
26.347: (drive-truck t0 l0-2 l0-4 c0)
26.370: (drive-truck t2 l2-1 l2-3 c2)
26.370: (drive-truck t0 l0-2 l0-1 c0)
26.489: (drive-truck t2 l2-1 l2-0 c2)
26.489: (drive-truck t0 l0-2 l0-4 c0)
26.506: (drive-truck t0 l0-2 l0-1 c0)
26.506: (drive-truck t2 l2-1 l2-0 c2)
26.935: (drive-truck t0 l0-2 l0-4 c0)
26.367: (drive-truck t0 l0-4 l0-1 c0)
26.495: (drive-truck t2 l2-3 l2-0 c2)
26.609: (unload-truck p23 t1 l1-3)
26.706: (drive-truck t2 l2-3 l2-1 c2)
26.938: (drive-truck t2 l2-3 l2-2 c2)
27.274: (unload-airplane p11 a2 l0-0)
27.284: (drive-truck t0 l0-4 l0-2 c0)
27.293: (drive-truck t0 l0-1 l0-3 c0)
27.294: (drive-truck t0 l0-4 l0-3 c0)
27.298: (unload-airplane p11 a2 l0-0)
26.374: (drive-truck t1 l1-3 l1-0 c1)
26.511: (drive-truck t0 l0-4 l0-1 c0)
26.511: (drive-truck t2 l2-3 l2-0 c2)
26.723: (drive-truck t2 l2-3 l2-1 c2)
26.724: (drive-truck t0 l0-4 l0-1 c0)
27.295: (unload-airplane p11 a2 l0-0)
27.349: (drive-truck t1 l1-3 l1-4 c1)
27.349: (drive-truck t1 l1-3 l1-2 c1)
27.365: (unload-truck p13 t1 l1-3)
27.388: (unload-airplane p16 a1 l0-0)
26.455: (load-airplane p16 a0 l0-0)
26.487: (load-truck p0 t1 l1-0)
26.783: (unload-truck p23 t1 l1-3)
27.094: (drive-truck t0 l0-1 l0-4 c0)
27.103: (drive-truck t0 l0-1 l0-2 c0)
27.304: (unload-airplane p11 a2 l0-0)
27.330: (load-airplane p18 a1 l0-0)
27.331: (load-airplane p18 a2 l0-0)
27.337: (drive-truck t0 l0-1 l0-4 c0)
27.347: (load-airplane p18 a0 l0-0)
26.333: (drive-truck t2 l2-0 l2-3 c2)
26.430: (drive-truck t0 l0-1 l0-4 c0)
26.439: (drive-truck t1 l1-3 l1-0 c1)
26.445: (drive-truck t0 l0-1 l0-3 c0)
26.467: (drive-truck t0 l0-1 l0-4 c0)
26.467: (load-truck p0 t1 l1-0)
26.475: (drive-truck t0 l0-1 l0-2 c0)
26.475: (load-truck p0 t1 l1-0)
26.600: (drive-truck t2 l2-3 l2-0 c2)
26.604: (unload-truck p8 t0 l0-2)
26.306: (drive-truck t2 l2-0 l2-3 c2)
26.307: (drive-truck t0 l0-1 l0-4 c0)
26.307: (drive-truck t2 l2-0 l2-3 c2)
26.308: (drive-truck t0 l0-1 l0-2 c0)
26.386: (drive-truck t0 l0-2 l0-3 c0)
26.478: (load-truck p0 t1 l1-0)
26.585: (drive-truck t0 l0-1 l0-4 c0)
26.585: (drive-truck t2 l2-3 l2-0 c2)
26.599: (drive-truck t2 l2-3 l2-0 c2)
26.599: (drive-truck t0 l0-1 l0-3 c0)
26.316: (drive-truck t2 l2-0 l2-3 c2)
26.459: (drive-truck t0 l0-1 l0-4 c0)
26.473: (drive-truck t0 l0-1 l0-3 c0)
26.674: (drive-truck t2 l2-0 l2-1 c2)
26.675: (drive-truck t2 l2-3 l2-1 c2)
26.683: (drive-truck t2 l2-3 l2-1 c2)
26.793: (drive-truck t2 l2-0 l2-1 c2)
26.809: (drive-truck t2 l2-0 l2-1 c2)
26.846: (drive-truck t1 l1-0 l1-2 c1)
26.846: (drive-truck t1 l1-0 l1-4 c1)
26.284: (drive-truck t2 l2-0 l2-3 c2)
26.284: (drive-truck t0 l0-1 l0-4 c0)
26.306: (drive-truck t0 l0-1 l0-3 c0)
26.307: (drive-truck t2 l2-0 l2-3 c2)
26.389: (unload-truck p10 t0 l0-3)
26.522: (drive-truck t2 l2-0 l2-3 c2)
26.522: (drive-truck t2 l2-0 l2-3 c2)
26.654: (drive-truck t2 l2-0 l2-1 c2)
26.655: (drive-truck t0 l0-1 l0-4 c0)
26.672: (drive-truck t0 l0-1 l0-3 c0)
26.292: (drive-truck t0 l0-3 l0-1 c0)
26.294: (drive-truck t0 l0-3 l0-1 c0)
26.486: (drive-truck t0 l0-3 l0-4 c0)
26.486: (drive-truck t0 l0-3 l0-4 c0)
26.854: (drive-truck t0 l0-3 l0-2 c0)
26.854: (drive-truck t0 l0-4 l0-2 c0)
26.873: (drive-truck t2 l2-3 l2-2 c2)
26.874: (drive-truck t2 l2-1 l2-2 c2)
27.151: (drive-truck t0 l0-3 l0-2 c0)
27.152: (drive-truck t0 l0-3 l0-2 c0)
26.710: (drive-truck t2 l2-3 l2-2 c2)
26.710: (drive-truck t2 l2-3 l2-2 c2)
26.796: (drive-truck t2 l2-3 l2-1 c2)
26.796: (drive-truck t2 l2-3 l2-1 c2)
26.990: (drive-truck t2 l2-3 l2-1 c2)
26.991: (drive-truck t2 l2-3 l2-1 c2)
27.069: (drive-truck t1 l1-2 l1-0 c1)
27.070: (drive-truck t1 l1-4 l1-0 c1)
27.170: (drive-truck t2 l2-3 l2-0 c2)
27.170: (drive-truck t2 l2-3 l2-0 c2)
27.379: (drive-truck t0 l0-4 l0-1 c0)
27.379: (drive-truck t0 l0-4 l0-1 c0)
27.379: (drive-truck t2 l2-1 l2-2 c2)
27.379: (drive-truck t2 l2-1 l2-2 c2)
27.446: (load-truck p26 t2 l2-2)
27.446: (load-truck p26 t2 l2-2)
27.540: (drive-truck t1 l1-2 l1-1 c1)
27.540: (drive-truck t1 l1-4 l1-1 c1)
27.548: (load-truck p8 t0 l0-2)
27.549: (load-truck p8 t0 l0-2)
27.249: (drive-truck t0 l0-2 l0-3 c0)
27.262: (drive-truck t0 l0-4 l0-1 c0)
27.262: (drive-truck t0 l0-4 l0-1 c0)
27.262: (load-truck p26 t2 l2-2)
27.262: (load-truck p26 t2 l2-2)
27.423: (drive-truck t2 l2-2 l2-3 c2)
27.423: (drive-truck t2 l2-2 l2-3 c2)
27.540: (drive-truck t0 l0-2 l0-4 c0)
27.541: (drive-truck t0 l0-2 l0-4 c0)
27.611: (drive-truck t1 l1-1 l1-3 c1)
27.227: (drive-truck t2 l2-2 l2-3 c2)
27.227: (drive-truck t0 l0-4 l0-1 c0)
27.227: (drive-truck t0 l0-4 l0-1 c0)
27.227: (drive-truck t2 l2-2 l2-3 c2)
27.368: (drive-truck t1 l1-1 l1-3 c1)
27.368: (drive-truck t0 l0-2 l0-3 c0)
27.442: (drive-truck t0 l0-4 l0-3 c0)
27.443: (drive-truck t0 l0-4 l0-3 c0)
27.462: (load-truck p10 t0 l0-3)
27.680: (drive-truck t1 l1-2 l1-3 c1)
26.851: (drive-truck t1 l1-1 l1-0 c1)
26.889: (drive-truck t1 l1-1 l1-2 c1)
26.889: (drive-truck t1 l1-1 l1-4 c1)
27.436: (load-truck p10 t0 l0-3)
27.436: (drive-truck t1 l1-1 l1-3 c1)
27.689: (drive-truck t0 l0-4 l0-2 c0)
27.735: (drive-truck t2 l2-3 l2-1 c2)
27.735: (drive-truck t2 l2-3 l2-1 c2)
27.735: (drive-truck t1 l1-3 l1-1 c1)
27.744: (drive-truck t2 l2-3 l2-0 c2)
26.821: (drive-truck t0 l0-3 l0-1 c0)
26.821: (drive-truck t0 l0-3 l0-1 c0)
27.011: (drive-truck t0 l0-3 l0-4 c0)
27.011: (drive-truck t0 l0-3 l0-4 c0)
27.171: (drive-truck t0 l0-3 l0-4 c0)
27.174: (drive-truck t2 l2-0 l2-3 c2)
27.175: (drive-truck t2 l2-0 l2-3 c2)
27.670: (drive-truck t2 l2-0 l2-1 c2)
27.670: (drive-truck t2 l2-0 l2-1 c2)
27.742: (drive-truck t1 l1-2 l1-4 c1)
27.115: (drive-truck t0 l0-3 l0-1 c0)
27.115: (drive-truck t0 l0-3 l0-1 c0)
27.115: (drive-truck t2 l2-0 l2-3 c2)
27.115: (drive-truck t2 l2-0 l2-3 c2)
27.296: (drive-truck t0 l0-3 l0-4 c0)
27.296: (drive-truck t2 l2-0 l2-3 c2)
27.296: (drive-truck t0 l0-3 l0-4 c0)
27.296: (drive-truck t2 l2-0 l2-3 c2)
27.496: (drive-truck t2 l2-0 l2-2 c2)
27.496: (drive-truck t2 l2-0 l2-2 c2)
27.602: (drive-truck t2 l2-3 l2-1 c2)
27.602: (drive-truck t2 l2-3 l2-1 c2)
27.791: (drive-truck t2 l2-2 l2-1 c2)
27.791: (drive-truck t2 l2-2 l2-1 c2)
27.792: (drive-truck t2 l2-3 l2-1 c2)
27.792: (drive-truck t2 l2-3 l2-1 c2)
28.044: (unload-airplane p11 a2 l0-0)
28.044: (unload-airplane p11 a2 l0-0)
28.131: (load-airplane p18 a0 l0-0)
28.131: (load-airplane p18 a0 l0-0)
27.020: (load-airplane p11 a1 l0-0)
27.020: (load-airplane p11 a1 l0-0)
27.115: (load-airplane p11 a0 l0-0)
27.115: (load-airplane p11 a0 l0-0)
27.742: (drive-truck t2 l2-3 l2-0 c2)
27.742: (drive-truck t2 l2-3 l2-0 c2)
27.839: (drive-truck t2 l2-3 l2-0 c2)
27.841: (drive-truck t2 l2-3 l2-0 c2)
28.103: (drive-truck t0 l0-1 l0-3 c0)
28.104: (drive-truck t0 l0-1 l0-3 c0)
27.079: (drive-truck t0 l0-1 l0-3 c0)
27.080: (drive-truck t0 l0-1 l0-3 c0)
27.081: (load-airplane p11 a1 l0-0)
27.081: (load-airplane p11 a1 l0-0)
27.175: (drive-truck t0 l0-1 l0-3 c0)
27.175: (drive-truck t0 l0-1 l0-3 c0)
27.176: (load-airplane p11 a0 l0-0)
27.176: (load-airplane p11 a0 l0-0)
27.201: (drive-truck t0 l0-1 l0-4 c0)
27.201: (drive-truck t0 l0-1 l0-4 c0)
27.296: (drive-truck t0 l0-3 l0-4 c0)
27.296: (drive-truck t0 l0-3 l0-4 c0)
27.401: (drive-truck t2 l2-3 l2-2 c2)
27.401: (drive-truck t2 l2-3 l2-2 c2)
27.575: (drive-truck t2 l2-3 l2-1 c2)
27.576: (drive-truck t2 l2-3 l2-1 c2)
27.670: (drive-truck t2 l2-3 l2-1 c2)
27.670: (drive-truck t2 l2-3 l2-1 c2)
27.697: (drive-truck t2 l2-3 l2-1 c2)
27.698: (drive-truck t2 l2-3 l2-1 c2)
27.011: (drive-truck t2 l2-3 l2-0 c2)
27.011: (drive-truck t2 l2-3 l2-0 c2)
27.495: (drive-truck t2 l2-3 l2-2 c2)
27.495: (drive-truck t2 l2-3 l2-2 c2)
27.507: (drive-truck t0 l0-4 l0-1 c0)
27.509: (drive-truck t0 l0-3 l0-1 c0)
27.509: (drive-truck t0 l0-3 l0-1 c0)
27.509: (drive-truck t0 l0-4 l0-1 c0)
27.519: (unload-truck p10 t0 l0-3)
27.519: (unload-truck p10 t0 l0-3)
27.171: (drive-truck t1 l1-2 l1-0 c1)
27.171: (drive-truck t1 l1-4 l1-0 c1)
27.791: (drive-truck t2 l2-0 l2-1 c2)
27.791: (drive-truck t2 l2-0 l2-1 c2)
27.792: (drive-truck t2 l2-2 l2-1 c2)
27.792: (drive-truck t2 l2-2 l2-1 c2)
27.845: (drive-truck t0 l0-3 l0-2 c0)
27.846: (drive-truck t0 l0-3 l0-2 c0)
27.864: (drive-truck t1 l1-4 l1-3 c1)
27.865: (drive-truck t1 l1-2 l1-3 c1)
26.782: (drive-truck t0 l0-4 l0-1 c0)
27.057: (drive-truck t2 l2-1 l2-3 c2)
27.058: (drive-truck t2 l2-1 l2-3 c2)
27.076: (drive-truck t2 l2-1 l2-0 c2)
27.077: (drive-truck t2 l2-1 l2-0 c2)
27.436: (drive-truck t0 l0-4 l0-3 c0)
27.602: (drive-truck t0 l0-4 l0-1 c0)
27.603: (drive-truck t0 l0-4 l0-1 c0)
27.922: (drive-truck t1 l1-3 l1-1 c1)
27.923: (drive-truck t1 l1-0 l1-1 c1)
26.775: (drive-truck t1 l1-3 l1-1 c1)
26.776: (drive-truck t0 l0-4 l0-1 c0)
27.444: (drive-truck t1 l1-4 l1-1 c1)
27.445: (drive-truck t1 l1-2 l1-1 c1)
27.454: (load-truck p8 t0 l0-2)
27.454: (load-truck p8 t0 l0-2)
27.462: (drive-truck t0 l0-4 l0-3 c0)
27.463: (drive-truck t1 l1-3 l1-1 c1)
27.515: (drive-truck t1 l1-4 l1-3 c1)
27.516: (drive-truck t1 l1-2 l1-3 c1)
27.008: (drive-truck t1 l1-4 l1-0 c1)
27.008: (drive-truck t1 l1-2 l1-0 c1)
27.154: (drive-truck t0 l0-2 l0-3 c0)
27.254: (drive-truck t0 l0-2 l0-1 c0)
27.255: (drive-truck t0 l0-2 l0-1 c0)
27.274: (drive-truck t0 l0-2 l0-3 c0)
27.446: (drive-truck t0 l0-2 l0-4 c0)
27.446: (drive-truck t0 l0-2 l0-4 c0)
27.594: (drive-truck t1 l1-2 l1-3 c1)
27.594: (drive-truck t1 l1-4 l1-3 c1)
26.999: (drive-truck t0 l0-2 l0-4 c0)
27.000: (drive-truck t1 l1-4 l1-0 c1)
27.000: (drive-truck t1 l1-2 l1-0 c1)
27.341: (load-truck p10 t0 l0-3)
27.368: (load-truck p10 t0 l0-3)
27.545: (drive-truck t2 l2-0 l2-3 c2)
27.545: (drive-truck t2 l2-0 l2-3 c2)
27.584: (drive-truck t0 l0-2 l0-4 c0)
27.585: (drive-truck t1 l1-4 l1-3 c1)
27.585: (drive-truck t1 l1-2 l1-3 c1)
27.641: (drive-truck t1 l1-0 l1-1 c1)
27.641: (drive-truck t1 l1-3 l1-1 c1)
27.730: (drive-truck t0 l0-1 l0-2 c0)
27.730: (drive-truck t0 l0-1 l0-2 c0)
27.731: (drive-truck t0 l0-1 l0-4 c0)
27.732: (drive-truck t0 l0-1 l0-4 c0)
27.770: (drive-truck t0 l0-3 l0-4 c0)
27.828: (drive-truck t0 l0-3 l0-4 c0)
27.877: (load-airplane p18 a2 l0-0)
27.877: (load-airplane p18 a0 l0-0)
27.078: (drive-truck t1 l1-3 l1-0 c1)
27.078: (drive-truck t1 l1-1 l1-0 c1)
27.229: (drive-truck t0 l0-4 l0-1 c0)
27.233: (drive-truck t0 l0-4 l0-1 c0)
27.405: (load-truck p0 t1 l1-0)
27.405: (load-truck p0 t1 l1-0)
27.650: (drive-truck t0 l0-4 l0-2 c0)
27.893: (drive-truck t0 l0-4 l0-2 c0)
27.894: (drive-truck t0 l0-4 l0-2 c0)
28.015: (drive-truck t2 l2-3 l2-2 c2)
27.243: (drive-truck t2 l2-0 l2-3 c2)
27.244: (drive-truck t2 l2-0 l2-3 c2)
27.343: (unload-truck p8 t0 l0-2)
27.419: (load-truck p0 t1 l1-0)
27.420: (drive-truck t0 l0-4 l0-2 c0)
27.430: (load-truck p0 t1 l1-0)
27.430: (load-truck p0 t1 l1-0)
27.431: (drive-truck t0 l0-4 l0-1 c0)
27.431: (drive-truck t0 l0-4 l0-1 c0)
27.475: (drive-truck t1 l1-0 l1-3 c1)
26.617: (load-truck p0 t1 l1-0)
26.618: (unload-truck p8 t0 l0-2)
27.153: (drive-truck t0 l0-2 l0-3 c0)
27.251: (drive-truck t2 l2-0 l2-3 c2)
27.252: (drive-truck t0 l0-4 l0-2 c0)
27.252: (drive-truck t0 l0-4 l0-2 c0)
27.271: (drive-truck t0 l0-4 l0-1 c0)
27.271: (drive-truck t0 l0-4 l0-1 c0)
27.272: (drive-truck t2 l2-0 l2-3 c2)
27.272: (drive-truck t2 l2-0 l2-3 c2)
26.628: (drive-truck t0 l0-2 l0-3 c0)
26.629: (load-truck p0 t1 l1-0)
27.350: (drive-truck t2 l2-0 l2-2 c2)
27.520: (drive-truck t1 l1-0 l1-4 c1)
27.520: (drive-truck t1 l1-0 l1-2 c1)
27.628: (drive-truck t2 l2-3 l2-1 c2)
27.628: (drive-truck t2 l2-3 l2-1 c2)
27.634: (unload-airplane p11 a1 l0-0)
27.634: (unload-airplane p16 a1 l0-0)
27.640: (drive-truck t2 l2-3 l2-1 c2)
26.349: (drive-truck t0 l0-2 l0-4 c0)
26.600: (unload-airplane p18 a2 l0-0)
26.611: (unload-airplane p18 a0 l0-0)
26.709: (load-airplane p11 a2 l0-0)
26.717: (load-airplane p16 a0 l0-0)
26.717: (load-airplane p11 a0 l0-0)
26.821: (drive-truck t2 l2-0 l2-1 c2)
26.850: (drive-truck t0 l0-2 l0-1 c0)
26.879: (drive-truck t0 l0-3 l0-1 c0)
26.879: (drive-truck t0 l0-3 l0-1 c0)
26.123: (drive-truck t0 l0-2 l0-4 c0)
26.148: (drive-truck t0 l0-2 l0-1 c0)
26.241: (drive-truck t0 l0-3 l0-1 c0)
26.241: (drive-truck t2 l2-2 l2-1 c2)
26.279: (drive-truck t2 l2-0 l2-3 c2)
26.581: (drive-truck t0 l0-1 l0-4 c0)
26.625: (drive-truck t0 l0-2 l0-3 c0)
26.722: (drive-truck t0 l0-2 l0-3 c0)
26.729: (drive-truck t0 l0-2 l0-3 c0)
26.729: (drive-truck t0 l0-2 l0-3 c0)
25.943: (drive-truck t2 l2-0 l2-3 c2)
25.943: (drive-truck t0 l0-2 l0-4 c0)
25.952: (unload-truck p0 t1 l1-0)
25.974: (drive-truck t0 l0-2 l0-1 c0)
25.974: (drive-truck t2 l2-0 l2-3 c2)
26.280: (drive-truck t0 l0-2 l0-3 c0)
26.281: (drive-truck t2 l2-0 l2-3 c2)
26.315: (drive-truck t2 l2-0 l2-1 c2)
26.342: (drive-truck t2 l2-0 l2-1 c2)
26.450: (drive-truck t2 l2-0 l2-2 c2)
26.196: (drive-truck t1 l1-0 l1-3 c1)
26.209: (drive-truck t1 l1-0 l1-1 c1)
26.614: (drive-truck t0 l0-1 l0-4 c0)
26.861: (unload-airplane p16 a0 l0-0)
26.876: (unload-airplane p16 a0 l0-0)
26.892: (unload-airplane p16 a0 l0-0)
26.919: (drive-truck t0 l0-1 l0-2 c0)
26.919: (drive-truck t0 l0-4 l0-2 c0)
26.921: (drive-truck t0 l0-1 l0-3 c0)
26.921: (drive-truck t2 l2-3 l2-1 c2)
26.251: (load-truck p1 t1 l1-1)
26.978: (drive-truck t1 l1-3 l1-2 c1)
26.979: (drive-truck t1 l1-3 l1-4 c1)
26.979: (drive-truck t1 l1-1 l1-2 c1)
26.979: (drive-truck t1 l1-1 l1-4 c1)
27.043: (drive-truck t2 l2-3 l2-0 c2)
27.061: (drive-truck t0 l0-1 l0-4 c0)
27.061: (drive-truck t1 l1-0 l1-3 c1)
27.068: (load-truck p0 t1 l1-0)
27.068: (drive-truck t2 l2-3 l2-0 c2)
26.098: (drive-truck t2 l2-0 l2-3 c2)
26.235: (drive-truck t0 l0-1 l0-4 c0)
26.480: (drive-truck t2 l2-0 l2-1 c2)
27.055: (drive-truck t2 l2-0 l2-2 c2)
27.136: (drive-truck t0 l0-1 l0-2 c0)
27.153: (drive-truck t0 l0-1 l0-3 c0)
27.171: (drive-truck t1 l1-3 l1-1 c1)
27.171: (unload-airplane p16 a0 l0-0)
27.187: (drive-truck t1 l1-3 l1-4 c1)
27.187: (drive-truck t1 l1-3 l1-2 c1)
26.075: (drive-truck t0 l0-1 l0-4 c0)
26.076: (drive-truck t2 l2-0 l2-3 c2)
26.245: (load-airplane p16 a2 l0-0)
26.461: (drive-truck t0 l0-1 l0-4 c0)
26.462: (drive-truck t2 l2-0 l2-1 c2)
26.565: (drive-truck t0 l0-1 l0-4 c0)
26.565: (drive-truck t2 l2-0 l2-2 c2)
26.736: (drive-truck t0 l0-1 l0-2 c0)
26.736: (drive-truck t2 l2-0 l2-3 c2)
26.741: (drive-truck t0 l0-1 l0-3 c0)
26.094: (drive-truck t2 l2-0 l2-3 c2)
26.230: (drive-truck t0 l0-1 l0-4 c0)
26.475: (drive-truck t2 l2-0 l2-1 c2)
26.995: (unload-airplane p16 a0 l0-0)
27.091: (drive-truck t2 l2-0 l2-2 c2)
27.097: (unload-airplane p11 a1 l0-0)
27.130: (drive-truck t0 l0-1 l0-2 c0)
27.146: (unload-airplane p17 a1 l0-0)
27.147: (drive-truck t0 l0-1 l0-3 c0)
27.266: (unload-airplane p11 a1 l0-0)
26.071: (load-airplane p16 a2 l0-0)
26.073: (drive-truck t2 l2-0 l2-3 c2)
26.073: (drive-truck t0 l0-1 l0-4 c0)
26.074: (load-airplane p11 a0 l0-0)
26.103: (unload-airplane p18 a0 l0-0)
26.170: (load-airplane p11 a2 l0-0)
26.458: (drive-truck t2 l2-0 l2-1 c2)
26.458: (drive-truck t0 l0-1 l0-4 c0)
26.581: (drive-truck t0 l0-1 l0-4 c0)
26.581: (drive-truck t2 l2-0 l2-2 c2)
26.097: (drive-truck t0 l0-4 l0-1 c0)
26.119: (drive-truck t0 l0-4 l0-1 c0)
26.192: (drive-truck t0 l0-4 l0-1 c0)
26.234: (drive-truck t2 l2-3 l2-0 c2)
26.266: (drive-truck t2 l2-3 l2-0 c2)
26.329: (drive-truck t2 l2-3 l2-0 c2)
26.461: (drive-truck t2 l2-3 l2-1 c2)
26.478: (drive-truck t2 l2-3 l2-1 c2)
26.556: (drive-truck t2 l2-3 l2-1 c2)
26.564: (drive-truck t2 l2-3 l2-2 c2)
26.250: (drive-truck t0 l0-4 l0-1 c0)
26.250: (drive-truck t2 l2-3 l2-0 c2)
26.269: (drive-truck t2 l2-3 l2-0 c2)
26.270: (drive-truck t0 l0-4 l0-1 c0)
26.344: (drive-truck t2 l2-3 l2-0 c2)
26.344: (drive-truck t0 l0-4 l0-1 c0)
26.479: (drive-truck t0 l0-4 l0-1 c0)
26.480: (drive-truck t2 l2-3 l2-1 c2)
26.485: (drive-truck t0 l0-4 l0-1 c0)
26.486: (drive-truck t2 l2-3 l2-1 c2)
26.208: (unload-truck p1 t1 l1-1)
26.289: (unload-truck p1 t1 l1-1)
26.317: (unload-truck p1 t1 l1-1)
26.573: (drive-truck t2 l2-0 l2-1 c2)
27.054: (drive-truck t2 l2-0 l2-2 c2)
27.055: (drive-truck t2 l2-1 l2-2 c2)
27.135: (drive-truck t0 l0-1 l0-2 c0)
27.137: (drive-truck t0 l0-1 l0-2 c0)
27.152: (drive-truck t0 l0-1 l0-3 c0)
27.155: (drive-truck t0 l0-1 l0-3 c0)
26.116: (load-airplane p11 a0 l0-0)
26.116: (unload-airplane p18 a0 l0-0)
26.132: (load-airplane p11 a0 l0-0)
26.134: (unload-airplane p18 a0 l0-0)
26.196: (drive-truck t1 l1-1 l1-3 c1)
26.298: (drive-truck t1 l1-1 l1-3 c1)
26.306: (drive-truck t1 l1-1 l1-3 c1)
26.735: (drive-truck t2 l2-0 l2-3 c2)
26.742: (drive-truck t2 l2-0 l2-3 c2)
26.745: (drive-truck t2 l2-0 l2-3 c2)
25.725: (load-airplane p11 a0 l0-0)
25.725: (unload-airplane p18 a0 l0-0)
25.725: (drive-truck t2 l2-0 l2-3 c2)
25.729: (unload-airplane p18 a0 l0-0)
25.730: (drive-truck t2 l2-0 l2-3 c2)
26.165: (load-truck p23 t1 l1-3)
26.256: (load-truck p23 t1 l1-3)
26.367: (drive-truck t2 l2-0 l2-1 c2)
26.373: (drive-truck t2 l2-0 l2-1 c2)
26.593: (load-truck p10 t0 l0-3)
26.002: (drive-truck t2 l2-0 l2-3 c2)
26.096: (drive-truck t2 l2-0 l2-3 c2)
26.143: (drive-truck t0 l0-1 l0-4 c0)
26.235: (drive-truck t0 l0-1 l0-4 c0)
26.371: (drive-truck t2 l2-0 l2-1 c2)
26.444: (drive-truck t2 l2-0 l2-3 c2)
26.446: (load-truck p10 t0 l0-3)
26.450: (load-truck p8 t0 l0-2)
26.462: (drive-truck t2 l2-0 l2-1 c2)
26.588: (drive-truck t0 l0-3 l0-4 c0)
25.975: (drive-truck t2 l2-0 l2-3 c2)
25.976: (drive-truck t0 l0-1 l0-4 c0)
26.069: (drive-truck t2 l2-0 l2-3 c2)
26.070: (drive-truck t0 l0-1 l0-4 c0)
26.346: (drive-truck t2 l2-0 l2-1 c2)
26.347: (drive-truck t0 l0-1 l0-4 c0)
26.438: (drive-truck t0 l0-1 l0-4 c0)
26.439: (drive-truck t2 l2-0 l2-1 c2)
26.440: (drive-truck t2 l2-0 l2-3 c2)
26.440: (drive-truck t0 l0-3 l0-4 c0)
26.457: (drive-truck t0 l0-4 l0-1 c0)
26.492: (drive-truck t2 l2-1 l2-2 c2)
26.492: (drive-truck t2 l2-3 l2-2 c2)
26.603: (drive-truck t2 l2-3 l2-2 c2)
26.603: (drive-truck t2 l2-1 l2-2 c2)
26.681: (drive-truck t0 l0-4 l0-2 c0)
26.689: (drive-truck t0 l0-4 l0-3 c0)
26.773: (drive-truck t0 l0-4 l0-2 c0)
26.781: (drive-truck t0 l0-4 l0-3 c0)
26.821: (drive-truck t2 l2-3 l2-1 c2)
26.592: (drive-truck t2 l2-3 l2-0 c2)
26.826: (drive-truck t0 l0-4 l0-1 c0)
26.827: (drive-truck t2 l2-3 l2-1 c2)
26.827: (drive-truck t0 l0-4 l0-3 c0)
26.984: (drive-truck t0 l0-4 l0-1 c0)
27.008: (drive-truck t2 l2-1 l2-2 c2)
27.106: (drive-truck t2 l2-3 l2-0 c2)
27.116: (drive-truck t0 l0-4 l0-1 c0)
27.123: (drive-truck t2 l2-3 l2-0 c2)
27.199: (drive-truck t2 l2-3 l2-0 c2)
26.097: (unload-airplane p18 a0 l0-0)
26.185: (unload-airplane p18 a0 l0-0)
26.775: (unload-truck p1 t1 l1-1)
27.214: (drive-truck t0 l0-2 l0-3 c0)
27.320: (drive-truck t2 l2-0 l2-1 c2)
27.327: (drive-truck t2 l2-0 l2-1 c2)
27.389: (load-truck p26 t2 l2-2)
27.405: (drive-truck t2 l2-0 l2-1 c2)
27.481: (load-truck p26 t2 l2-2)
27.538: (load-truck p8 t0 l0-2)
26.306: (unload-airplane p18 a0 l0-0)
26.307: (drive-truck t2 l2-0 l2-1 c2)
26.395: (load-truck p26 t2 l2-2)
26.396: (unload-airplane p18 a0 l0-0)
26.439: (drive-truck t1 l1-1 l1-0 c1)
26.509: (load-truck p10 t0 l0-3)
26.726: (drive-truck t2 l2-2 l2-4 c2)
26.783: (drive-truck t1 l1-1 l1-3 c1)
26.821: (drive-truck t1 l1-1 l1-4 c1)
26.821: (drive-truck t1 l1-1 l1-2 c1)
26.355: (drive-truck t2 l2-0 l2-3 c2)
26.369: (drive-truck t0 l0-1 l0-4 c0)
26.398: (drive-truck t2 l2-2 l2-3 c2)
26.478: (load-truck p0 t1 l1-0)
26.496: (drive-truck t0 l0-3 l0-4 c0)
26.511: (drive-truck t0 l0-3 l0-1 c0)
26.512: (load-truck p23 t1 l1-3)
26.555: (drive-truck t2 l2-2 l2-0 c2)
26.583: (drive-truck t0 l0-1 l0-4 c0)
26.721: (load-truck p10 t0 l0-3)
26.316: (drive-truck t2 l2-0 l2-3 c2)
26.340: (drive-truck t2 l2-0 l2-3 c2)
26.340: (drive-truck t0 l0-3 l0-4 c0)
26.367: (drive-truck t0 l0-3 l0-1 c0)
26.367: (drive-truck t2 l2-0 l2-3 c2)
26.376: (drive-truck t0 l0-1 l0-4 c0)
26.377: (drive-truck t2 l2-2 l2-3 c2)
26.459: (drive-truck t0 l0-1 l0-4 c0)
26.473: (drive-truck t0 l0-1 l0-3 c0)
26.540: (drive-truck t2 l2-2 l2-0 c2)
26.284: (drive-truck t0 l0-1 l0-4 c0)
26.285: (drive-truck t2 l2-0 l2-3 c2)
26.307: (drive-truck t0 l0-1 l0-3 c0)
26.307: (drive-truck t2 l2-0 l2-3 c2)
26.655: (drive-truck t2 l2-0 l2-1 c2)
26.672: (drive-truck t2 l2-0 l2-1 c2)
26.675: (drive-truck t2 l2-3 l2-1 c2)
26.706: (drive-truck t2 l2-3 l2-1 c2)
26.724: (drive-truck t2 l2-3 l2-1 c2)
26.751: (drive-truck t2 l2-0 l2-1 c2)
26.768: (drive-truck t0 l0-4 l0-1 c0)
26.854: (drive-truck t0 l0-4 l0-2 c0)
26.854: (drive-truck t0 l0-3 l0-2 c0)
26.874: (drive-truck t2 l2-3 l2-2 c2)
26.874: (drive-truck t2 l2-1 l2-2 c2)
26.937: (drive-truck t2 l2-1 l2-2 c2)
27.258: (unload-airplane p17 a1 l0-0)
27.281: (unload-airplane p17 a1 l0-0)
27.304: (unload-airplane p16 a0 l0-0)
27.304: (unload-airplane p11 a0 l0-0)
26.191: (load-airplane p17 a0 l0-0)
26.212: (load-airplane p17 a0 l0-0)
26.231: (unload-truck p10 t0 l0-3)
26.374: (load-airplane p11 a2 l0-0)
27.290: (drive-truck t0 l0-4 l0-1 c0)
27.290: (drive-truck t0 l0-3 l0-1 c0)
27.326: (drive-truck t0 l0-4 l0-3 c0)
27.326: (drive-truck t0 l0-4 l0-3 c0)
27.328: (drive-truck t2 l2-3 l2-0 c2)
27.334: (drive-truck t0 l0-4 l0-1 c0)
26.220: (drive-truck t0 l0-3 l0-1 c0)
26.221: (drive-truck t0 l0-4 l0-1 c0)
26.221: (load-airplane p17 a0 l0-0)
26.228: (drive-truck t0 l0-3 l0-2 c0)
26.276: (unload-truck p10 t0 l0-3)
26.365: (drive-truck t2 l2-3 l2-0 c2)
26.379: (drive-truck t2 l2-3 l2-0 c2)
26.396: (drive-truck t0 l0-4 l0-3 c0)
26.396: (load-airplane p11 a2 l0-0)
26.404: (load-airplane p11 a2 l0-0)
26.383: (drive-truck t2 l2-3 l2-0 c2)
26.383: (drive-truck t0 l0-4 l0-1 c0)
26.383: (drive-truck t0 l0-3 l0-1 c0)
26.560: (drive-truck t2 l2-0 l2-1 c2)
26.561: (drive-truck t2 l2-3 l2-0 c2)
26.567: (drive-truck t2 l2-3 l2-0 c2)
26.578: (drive-truck t2 l2-0 l2-1 c2)
26.580: (drive-truck t2 l2-3 l2-1 c2)
26.666: (drive-truck t2 l2-3 l2-0 c2)
26.719: (drive-truck t2 l2-3 l2-0 c2)
26.098: (drive-truck t0 l0-2 l0-4 c0)
26.344: (unload-truck p0 t1 l1-0)
26.530: (unload-truck p0 t1 l1-0)
26.548: (drive-truck t0 l0-1 l0-4 c0)
26.548: (drive-truck t0 l0-3 l0-4 c0)
26.678: (drive-truck t0 l0-2 l0-3 c0)
26.705: (drive-truck t0 l0-3 l0-2 c0)
26.760: (drive-truck t2 l2-0 l2-1 c2)
26.764: (drive-truck t2 l2-0 l2-1 c2)
26.779: (drive-truck t2 l2-1 l2-2 c2)
26.289: (drive-truck t2 l2-0 l2-1 c2)
26.516: (drive-truck t2 l2-0 l2-2 c2)
26.680: (drive-truck t1 l1-0 l1-1 c1)
26.688: (drive-truck t1 l1-0 l1-3 c1)
26.726: (drive-truck t1 l1-0 l1-4 c1)
26.726: (drive-truck t1 l1-0 l1-2 c1)
26.742: (unload-truck p0 t1 l1-0)
26.742: (drive-truck t0 l0-3 l0-4 c0)
26.743: (drive-truck t0 l0-1 l0-4 c0)
26.743: (drive-truck t2 l2-0 l2-1 c2)
25.775: (load-airplane p17 a2 l0-0)
26.310: (drive-truck t0 l0-4 l0-1 c0)
26.417: (load-truck p23 t1 l1-3)
26.795: (drive-truck t0 l0-1 l0-3 c0)
26.795: (drive-truck t0 l0-1 l0-3 c0)
26.870: (drive-truck t0 l0-4 l0-2 c0)
26.871: (drive-truck t0 l0-4 l0-3 c0)
26.917: (drive-truck t0 l0-1 l0-4 c0)
26.917: (drive-truck t0 l0-1 l0-4 c0)
26.961: (drive-truck t2 l2-1 l2-2 c2)
26.224: (drive-truck t1 l1-0 l1-2 c1)
26.224: (drive-truck t1 l1-0 l1-4 c1)
26.272: (drive-truck t2 l2-0 l2-3 c2)
26.359: (drive-truck t1 l1-0 l1-3 c1)
26.387: (drive-truck t0 l0-4 l0-3 c0)
26.401: (drive-truck t0 l0-1 l0-4 c0)
26.415: (drive-truck t0 l0-1 l0-3 c0)
26.418: (drive-truck t1 l1-0 l1-1 c1)
26.604: (drive-truck t0 l0-4 l0-2 c0)
26.613: (load-airplane p18 a0 l0-0)
26.028: (drive-truck t0 l0-4 l0-1 c0)
26.028: (drive-truck t0 l0-4 l0-1 c0)
26.124: (load-truck p0 t1 l1-0)
26.245: (drive-truck t0 l0-1 l0-4 c0)
26.247: (drive-truck t2 l2-0 l2-3 c2)
26.260: (drive-truck t2 l2-0 l2-3 c2)
26.260: (drive-truck t0 l0-1 l0-3 c0)
26.485: (drive-truck t2 l2-0 l2-3 c2)
26.485: (drive-truck t2 l2-0 l2-3 c2)
26.612: (drive-truck t2 l2-0 l2-1 c2)
26.293: (drive-truck t0 l0-4 l0-1 c0)
26.293: (drive-truck t0 l0-4 l0-1 c0)
26.293: (drive-truck t2 l2-0 l2-3 c2)
26.293: (drive-truck t2 l2-0 l2-3 c2)
26.314: (drive-truck t2 l2-0 l2-1 c2)
26.449: (drive-truck t2 l2-0 l2-2 c2)
26.523: (drive-truck t0 l0-4 l0-3 c0)
26.524: (drive-truck t0 l0-4 l0-3 c0)
26.627: (drive-truck t0 l0-4 l0-3 c0)
26.628: (drive-truck t2 l2-3 l2-1 c2)
26.342: (drive-truck t0 l0-4 l0-1 c0)
26.629: (drive-truck t0 l0-3 l0-1 c0)
26.796: (drive-truck t2 l2-3 l2-1 c2)
26.796: (drive-truck t2 l2-3 l2-1 c2)
26.846: (drive-truck t2 l2-3 l2-0 c2)
26.847: (drive-truck t2 l2-3 l2-0 c2)
26.919: (drive-truck t0 l0-4 l0-2 c0)
26.921: (drive-truck t0 l0-4 l0-3 c0)
26.948: (drive-truck t0 l0-4 l0-1 c0)
27.069: (drive-truck t1 l1-4 l1-0 c1)
26.279: (drive-truck t2 l2-1 l2-3 c2)
26.282: (drive-truck t2 l2-1 l2-3 c2)
26.717: (drive-truck t2 l2-1 l2-0 c2)
26.729: (drive-truck t2 l2-1 l2-0 c2)
26.889: (load-truck p10 t0 l0-3)
26.889: (load-truck p10 t0 l0-3)
26.991: (drive-truck t0 l0-1 l0-4 c0)
26.991: (drive-truck t0 l0-1 l0-4 c0)
27.171: (drive-truck t0 l0-3 l0-2 c0)
27.171: (drive-truck t0 l0-3 l0-2 c0)
26.707: (drive-truck t2 l2-1 l2-2 c2)
26.708: (drive-truck t2 l2-1 l2-2 c2)
26.851: (drive-truck t1 l1-2 l1-0 c1)
26.851: (drive-truck t1 l1-4 l1-0 c1)
27.012: (drive-truck t0 l0-3 l0-4 c0)
27.012: (drive-truck t0 l0-3 l0-4 c0)
27.151: (drive-truck t2 l2-0 l2-3 c2)
27.152: (drive-truck t2 l2-0 l2-3 c2)
27.173: (drive-truck t2 l2-0 l2-3 c2)
27.173: (drive-truck t2 l2-0 l2-3 c2)
27.115: (drive-truck t0 l0-3 l0-1 c0)
27.116: (drive-truck t0 l0-3 l0-1 c0)
27.171: (drive-truck t1 l1-4 l1-0 c1)
27.171: (drive-truck t0 l0-3 l0-4 c0)
27.172: (drive-truck t1 l1-2 l1-0 c1)
27.296: (drive-truck t0 l0-3 l0-4 c0)
27.296: (drive-truck t2 l2-0 l2-3 c2)
27.296: (drive-truck t0 l0-3 l0-4 c0)
27.297: (drive-truck t2 l2-0 l2-3 c2)
27.379: (drive-truck t0 l0-4 l0-1 c0)
27.261: (load-truck p26 t2 l2-2)
27.378: (drive-truck t1 l1-2 l1-4 c1)
27.495: (drive-truck t2 l2-3 l2-2 c2)
27.496: (drive-truck t2 l2-3 l2-2 c2)
27.602: (drive-truck t2 l2-3 l2-1 c2)
27.602: (drive-truck t2 l2-3 l2-1 c2)
27.792: (drive-truck t2 l2-3 l2-1 c2)
27.792: (drive-truck t2 l2-3 l2-1 c2)
27.861: (drive-truck t1 l1-0 l1-3 c1)
27.923: (drive-truck t1 l1-0 l1-1 c1)
26.494: (load-truck p23 t1 l1-3)
26.968: (drive-truck t2 l2-2 l2-0 c2)
27.227: (drive-truck t2 l2-2 l2-3 c2)
27.262: (drive-truck t1 l1-2 l1-4 c1)
27.262: (load-truck p26 t2 l2-2)
27.431: (drive-truck t0 l0-4 l0-3 c0)
27.446: (drive-truck t0 l0-1 l0-4 c0)
27.461: (drive-truck t0 l0-4 l0-3 c0)
27.670: (drive-truck t0 l0-1 l0-3 c0)
27.671: (drive-truck t0 l0-1 l0-3 c0)
26.340: (drive-truck t2 l2-0 l2-3 c2)
26.509: (drive-truck t0 l0-4 l0-3 c0)
26.509: (load-truck p23 t1 l1-3)
26.511: (drive-truck t0 l0-4 l0-1 c0)
26.706: (drive-truck t2 l2-0 l2-1 c2)
26.938: (drive-truck t2 l2-0 l2-2 c2)
26.968: (drive-truck t2 l2-2 l2-0 c2)
26.968: (drive-truck t1 l1-2 l1-4 c1)
27.162: (drive-truck t0 l0-1 l0-4 c0)
27.163: (drive-truck t2 l2-2 l2-0 c2)
26.355: (drive-truck t0 l0-4 l0-3 c0)
26.355: (drive-truck t2 l2-0 l2-3 c2)
26.367: (drive-truck t2 l2-0 l2-3 c2)
26.367: (drive-truck t0 l0-4 l0-1 c0)
26.721: (drive-truck t2 l2-0 l2-1 c2)
26.722: (drive-truck t0 l0-4 l0-3 c0)
26.724: (drive-truck t0 l0-4 l0-1 c0)
26.724: (drive-truck t2 l2-0 l2-1 c2)
27.162: (drive-truck t1 l1-2 l1-4 c1)
27.162: (drive-truck t0 l0-1 l0-4 c0)
27.217: (drive-truck t1 l1-4 l1-0 c1)
27.283: (drive-truck t0 l0-1 l0-2 c0)
27.284: (drive-truck t0 l0-3 l0-2 c0)
27.301: (unload-airplane p17 a2 l0-0)
27.308: (unload-airplane p17 a2 l0-0)
27.353: (unload-truck p13 t1 l1-3)
27.365: (unload-truck p13 t1 l1-3)
27.376: (unload-airplane p11 a0 l0-0)
27.376: (unload-airplane p16 a0 l0-0)
27.387: (load-airplane p18 a1 l0-0)
26.444: (load-airplane p11 a1 l0-0)
26.444: (load-airplane p16 a1 l0-0)
26.616: (unload-truck p10 t0 l0-3)
26.671: (unload-truck p10 t0 l0-3)
26.681: (unload-truck p10 t0 l0-3)
26.694: (unload-truck p10 t0 l0-3)
26.694: (unload-truck p10 t0 l0-3)
27.289: (drive-truck t0 l0-1 l0-4 c0)
27.289: (drive-truck t0 l0-3 l0-4 c0)
27.337: (drive-truck t0 l0-3 l0-4 c0)
25.980: (drive-truck t0 l0-3 l0-4 c0)
25.999: (drive-truck t0 l0-3 l0-4 c0)
26.005: (drive-truck t0 l0-3 l0-1 c0)
26.430: (drive-truck t0 l0-3 l0-4 c0)
26.430: (drive-truck t0 l0-3 l0-4 c0)
26.457: (drive-truck t0 l0-3 l0-1 c0)
26.457: (drive-truck t0 l0-3 l0-1 c0)
26.599: (drive-truck t2 l2-3 l2-0 c2)
26.599: (drive-truck t2 l2-3 l2-0 c2)
26.613: (drive-truck t0 l0-3 l0-2 c0)
26.151: (drive-truck t2 l2-3 l2-0 c2)
26.165: (drive-truck t2 l2-3 l2-0 c2)
26.167: (drive-truck t2 l2-3 l2-0 c2)
26.185: (unload-truck p10 t0 l0-3)
26.186: (unload-truck p10 t0 l0-3)
26.365: (drive-truck t2 l2-3 l2-1 c2)
26.585: (drive-truck t2 l2-3 l2-0 c2)
26.585: (drive-truck t0 l0-3 l0-4 c0)
26.585: (drive-truck t2 l2-3 l2-0 c2)
26.586: (drive-truck t0 l0-3 l0-4 c0)
26.169: (drive-truck t0 l0-3 l0-2 c0)
26.169: (drive-truck t0 l0-3 l0-2 c0)
26.221: (unload-truck p23 t1 l1-3)
26.389: (drive-truck t2 l2-0 l2-1 c2)
26.390: (drive-truck t2 l2-0 l2-1 c2)
26.593: (drive-truck t2 l2-0 l2-2 c2)
26.600: (drive-truck t0 l0-4 l0-1 c0)
26.600: (drive-truck t0 l0-4 l0-1 c0)
26.616: (drive-truck t2 l2-0 l2-2 c2)
26.794: (drive-truck t2 l2-0 l2-1 c2)
25.940: (drive-truck t1 l1-3 l1-0 c1)
26.126: (drive-truck t1 l1-3 l1-1 c1)
26.382: (drive-truck t2 l2-0 l2-1 c2)
26.382: (drive-truck t2 l2-0 l2-1 c2)
26.382: (drive-truck t0 l0-3 l0-2 c0)
26.382: (drive-truck t0 l0-3 l0-2 c0)
26.587: (load-truck p8 t0 l0-2)
26.588: (load-truck p8 t0 l0-2)
26.809: (load-truck p10 t0 l0-3)
26.810: (load-truck p10 t0 l0-3)
26.145: (load-truck p0 t1 l1-0)
26.238: (load-truck p1 t1 l1-1)
26.432: (drive-truck t2 l2-0 l2-3 c2)
26.433: (drive-truck t2 l2-0 l2-3 c2)
26.578: (drive-truck t0 l0-2 l0-4 c0)
26.578: (drive-truck t0 l0-2 l0-4 c0)
26.595: (drive-truck t0 l0-2 l0-1 c0)
26.595: (drive-truck t0 l0-2 l0-1 c0)
26.665: (drive-truck t0 l0-1 l0-4 c0)
26.794: (drive-truck t0 l0-3 l0-4 c0)
Failed to find a solution!
