/u/ibrahim.eisawy/Neural-Guided-Search/venv/lib/python3.10/site-packages/pymimir_rgnn/model.py:151: UserWarning: index_reduce() is in beta and the API may change at any time. (Triggered internally at /pytorch/aten/src/ATen/native/cuda/Indexing.cu:1541.)
  max_msg.index_reduce_(0, output_indices, output_messages, reduce='amax', include_self=True)
Torch: 2.12.0+cu130
Using GPU:  NVIDIA L40S
33.319: (calibrate rover2 camera4 objective3 waypoint24)
33.407: (calibrate rover3 camera5 objective3 waypoint5)
33.683: (navigate rover3 waypoint5 waypoint28)
33.799: (navigate rover0 waypoint2 waypoint8)
34.079: (navigate rover1 waypoint4 waypoint19)
34.480: (navigate rover0 waypoint2 waypoint26)
34.558: (navigate rover2 waypoint24 waypoint12)
34.734: (navigate rover3 waypoint5 waypoint9)
34.754: (navigate rover3 waypoint5 waypoint15)
34.853: (navigate rover3 waypoint5 waypoint23)
31.139: (take_image rover3 waypoint5 objective0 camera5 low_res)
31.934: (calibrate rover2 camera4 objective3 waypoint24)
31.935: (navigate rover3 waypoint5 waypoint28)
31.959: (take_image rover2 waypoint24 objective9 camera4 high_res)
32.077: (navigate rover3 waypoint5 waypoint28)
32.077: (calibrate rover3 camera5 objective3 waypoint28)
32.118: (navigate rover0 waypoint2 waypoint8)
32.118: (calibrate rover2 camera4 objective3 waypoint24)
32.230: (navigate rover0 waypoint2 waypoint8)
32.230: (calibrate rover3 camera5 objective3 waypoint5)
29.355: (calibrate rover2 camera4 objective3 waypoint24)
29.485: (calibrate rover3 camera5 objective3 waypoint5)
29.791: (navigate rover3 waypoint5 waypoint28)
29.803: (take_image rover3 waypoint5 objective0 camera5 low_res)
29.805: (navigate rover0 waypoint2 waypoint8)
30.117: (navigate rover1 waypoint4 waypoint19)
30.422: (navigate rover0 waypoint2 waypoint26)
30.681: (calibrate rover2 camera4 objective3 waypoint24)
30.683: (navigate rover2 waypoint24 waypoint12)
30.692: (take_image rover3 waypoint28 objective9 camera5 high_res)
28.007: (navigate rover3 waypoint5 waypoint28)
28.008: (calibrate rover2 camera4 objective3 waypoint24)
28.127: (take_image rover2 waypoint24 objective9 camera4 high_res)
28.130: (navigate rover3 waypoint5 waypoint28)
28.130: (calibrate rover3 camera5 objective3 waypoint28)
28.186: (navigate rover0 waypoint2 waypoint8)
28.186: (calibrate rover2 camera4 objective3 waypoint24)
28.310: (calibrate rover3 camera5 objective3 waypoint5)
28.311: (navigate rover0 waypoint2 waypoint8)
28.316: (navigate rover1 waypoint4 waypoint19)
26.706: (calibrate rover2 camera4 objective3 waypoint24)
26.819: (calibrate rover3 camera5 objective3 waypoint5)
26.835: (navigate rover0 waypoint2 waypoint8)
26.835: (navigate rover3 waypoint5 waypoint28)
26.836: (sample_soil rover3 rover3store waypoint28)
26.876: (navigate rover1 waypoint4 waypoint19)
26.877: (navigate rover3 waypoint5 waypoint28)
26.911: (take_image rover2 waypoint24 objective9 camera4 high_res)
26.911: (navigate rover3 waypoint5 waypoint28)
26.948: (sample_soil rover3 rover3store waypoint28)
24.291: (take_image rover3 waypoint5 objective8 camera5 high_res)
24.310: (take_image rover3 waypoint5 objective8 camera5 low_res)
25.354: (calibrate rover2 camera4 objective3 waypoint24)
25.354: (navigate rover3 waypoint5 waypoint28)
25.465: (calibrate rover3 camera5 objective3 waypoint28)
25.466: (navigate rover3 waypoint5 waypoint28)
25.582: (navigate rover0 waypoint2 waypoint8)
25.600: (navigate rover1 waypoint4 waypoint19)
25.615: (navigate rover0 waypoint2 waypoint8)
25.615: (navigate rover1 waypoint4 waypoint19)
23.143: (navigate rover1 waypoint4 waypoint19)
23.188: (navigate rover3 waypoint5 waypoint28)
23.188: (take_image rover3 waypoint28 objective8 camera5 high_res)
23.210: (navigate rover0 waypoint2 waypoint8)
23.213: (communicate_image_data rover2 general objective9 high_res waypoint24 waypoint16)
23.225: (navigate rover0 waypoint2 waypoint8)
23.266: (navigate rover3 waypoint5 waypoint28)
23.266: (take_image rover3 waypoint28 objective8 camera5 low_res)
23.309: (navigate rover1 waypoint4 waypoint19)
23.433: (navigate rover0 waypoint2 waypoint26)
21.708: (navigate rover1 waypoint4 waypoint19)
21.708: (navigate rover0 waypoint2 waypoint8)
21.814: (navigate rover0 waypoint2 waypoint8)
21.815: (navigate rover1 waypoint4 waypoint19)
21.817: (navigate rover1 waypoint4 waypoint19)
21.817: (navigate rover3 waypoint5 waypoint28)
21.825: (navigate rover3 waypoint5 waypoint28)
21.825: (navigate rover1 waypoint4 waypoint19)
21.923: (sample_soil rover3 rover3store waypoint28)
21.967: (sample_soil rover3 rover3store waypoint28)
20.519: (navigate rover1 waypoint4 waypoint19)
20.520: (sample_soil rover3 rover3store waypoint28)
20.532: (sample_soil rover3 rover3store waypoint28)
20.532: (navigate rover1 waypoint4 waypoint19)
20.550: (navigate rover0 waypoint2 waypoint8)
20.550: (navigate rover3 waypoint5 waypoint28)
20.553: (navigate rover0 waypoint2 waypoint8)
20.553: (navigate rover3 waypoint5 waypoint28)
20.673: (communicate_image_data rover2 general objective9 high_res waypoint24 waypoint16)
20.720: (communicate_image_data rover2 general objective9 high_res waypoint24 waypoint16)
19.382: (sample_soil rover3 rover3store waypoint28)
19.382: (navigate rover0 waypoint2 waypoint8)
19.399: (navigate rover0 waypoint2 waypoint8)
19.399: (sample_soil rover3 rover3store waypoint28)
19.414: (communicate_image_data rover2 general objective9 high_res waypoint24 waypoint16)
19.415: (navigate rover1 waypoint4 waypoint19)
19.516: (drop rover3 rover3store)
19.533: (drop rover3 rover3store)
19.577: (communicate_image_data rover2 general objective9 high_res waypoint24 waypoint16)
19.577: (navigate rover3 waypoint5 waypoint28)
18.299: (sample_soil rover3 rover3store waypoint28)
18.299: (communicate_image_data rover2 general objective9 high_res waypoint24 waypoint16)
18.299: (navigate rover0 waypoint2 waypoint8)
18.335: (navigate rover0 waypoint2 waypoint8)
18.335: (drop rover3 rover3store)
18.357: (navigate rover0 waypoint2 waypoint8)
18.357: (drop rover3 rover3store)
18.401: (drop rover3 rover3store)
18.402: (communicate_image_data rover2 general objective9 high_res waypoint24 waypoint16)
18.986: (calibrate rover2 camera4 objective3 waypoint24)
17.252: (navigate rover0 waypoint2 waypoint8)
17.252: (communicate_image_data rover2 general objective9 high_res waypoint24 waypoint16)
17.253: (drop rover3 rover3store)
17.871: (calibrate rover2 camera4 objective3 waypoint24)
17.872: (navigate rover0 waypoint2 waypoint8)
17.911: (calibrate rover3 camera5 objective3 waypoint28)
17.982: (navigate rover0 waypoint2 waypoint26)
17.986: (drop rover3 rover3store)
17.986: (calibrate rover2 camera4 objective3 waypoint24)
18.004: (navigate rover1 waypoint19 waypoint18)
16.847: (drop rover3 rover3store)
16.847: (navigate rover0 waypoint2 waypoint8)
16.847: (calibrate rover2 camera4 objective3 waypoint24)
16.848: (navigate rover0 waypoint26 waypoint10)
16.878: (calibrate rover3 camera5 objective3 waypoint28)
16.878: (drop rover3 rover3store)
16.891: (navigate rover0 waypoint26 waypoint18)
17.171: (navigate rover0 waypoint2 waypoint8)
17.171: (navigate rover1 waypoint19 waypoint18)
17.255: (sample_soil rover0 rover0store waypoint8)
16.199: (drop rover0 rover0store)
16.245: (sample_soil rover0 rover0store waypoint18)
16.435: (calibrate rover2 camera4 objective3 waypoint24)
16.452: (navigate rover1 waypoint19 waypoint18)
16.454: (calibrate rover3 camera5 objective3 waypoint28)
16.492: (calibrate rover2 camera4 objective3 waypoint24)
16.546: (calibrate rover3 camera5 objective3 waypoint28)
16.570: (sample_soil rover0 rover0store waypoint10)
16.618: (calibrate rover0 camera1 objective7 waypoint10)
16.655: (calibrate rover2 camera4 objective3 waypoint24)
15.202: (drop rover0 rover0store)
15.524: (drop rover0 rover0store)
15.683: (navigate rover2 waypoint24 waypoint12)
15.826: (calibrate rover3 camera5 objective3 waypoint28)
15.833: (sample_soil rover0 rover0store waypoint18)
15.833: (calibrate rover2 camera4 objective3 waypoint24)
15.862: (navigate rover0 waypoint8 waypoint19)
15.875: (calibrate rover2 camera4 objective3 waypoint24)
15.889: (calibrate rover3 camera5 objective3 waypoint28)
15.890: (sample_soil rover0 rover0store waypoint18)
13.581: (navigate rover2 waypoint12 waypoint10)
14.724: (navigate rover1 waypoint19 waypoint18)
14.790: (drop rover0 rover0store)
14.791: (calibrate rover2 camera4 objective3 waypoint24)
14.845: (drop rover0 rover0store)
14.846: (calibrate rover3 camera5 objective3 waypoint28)
14.868: (sample_soil rover0 rover0store waypoint19)
14.881: (navigate rover2 waypoint12 waypoint26)
14.996: (calibrate rover0 camera1 objective7 waypoint18)
15.039: (navigate rover0 waypoint8 waypoint19)
13.141: (calibrate rover3 camera5 objective3 waypoint28)
13.192: (calibrate rover2 camera4 objective3 waypoint10)
13.229: (navigate rover1 waypoint19 waypoint18)
13.380: (calibrate rover2 camera2 objective7 waypoint10)
13.496: (navigate rover2 waypoint12 waypoint10)
13.497: (navigate rover0 waypoint8 waypoint19)
13.556: (sample_soil rover2 rover2store waypoint10)
13.820: (drop rover0 rover0store)
13.838: (navigate rover2 waypoint24 waypoint12)
13.838: (navigate rover1 waypoint19 waypoint18)
12.174: (navigate rover2 waypoint12 waypoint10)
12.175: (navigate rover1 waypoint19 waypoint18)
12.175: (navigate rover0 waypoint8 waypoint19)
12.419: (sample_soil rover0 rover0store waypoint19)
12.457: (drop rover2 rover2store)
12.770: (take_image rover2 waypoint10 objective0 camera2 high_res)
12.770: (take_image rover2 waypoint10 objective0 camera4 high_res)
12.819: (navigate rover1 waypoint19 waypoint18)
12.820: (calibrate rover3 camera5 objective3 waypoint28)
12.872: (calibrate rover2 camera4 objective3 waypoint10)
11.163: (navigate rover1 waypoint19 waypoint18)
11.164: (sample_soil rover0 rover0store waypoint19)
11.377: (drop rover0 rover0store)
11.700: (calibrate rover3 camera5 objective3 waypoint28)
11.701: (navigate rover0 waypoint8 waypoint19)
11.737: (calibrate rover2 camera4 objective3 waypoint10)
11.737: (navigate rover0 waypoint8 waypoint19)
11.883: (calibrate rover1 camera7 objective2 waypoint18)
11.933: (calibrate rover3 camera5 objective3 waypoint28)
11.977: (calibrate rover2 camera2 objective7 waypoint10)
10.216: (drop rover0 rover0store)
10.216: (navigate rover1 waypoint19 waypoint18)
10.840: (sample_soil rover0 rover0store waypoint19)
10.840: (calibrate rover2 camera4 objective3 waypoint10)
10.866: (navigate rover1 waypoint19 waypoint18)
10.866: (sample_soil rover0 rover0store waypoint19)
10.866: (calibrate rover3 camera5 objective3 waypoint28)
10.897: (drop rover0 rover0store)
10.897: (calibrate rover3 camera5 objective3 waypoint28)
10.951: (sample_soil rover0 rover0store waypoint19)
9.844: (calibrate rover2 camera4 objective3 waypoint10)
9.844: (drop rover0 rover0store)
9.870: (navigate rover1 waypoint19 waypoint18)
9.870: (calibrate rover3 camera5 objective3 waypoint28)
9.870: (drop rover0 rover0store)
10.008: (calibrate rover2 camera2 objective7 waypoint10)
10.009: (drop rover0 rover0store)
10.035: (calibrate rover1 camera7 objective2 waypoint18)
10.273: (sample_soil rover2 rover2store waypoint10)
10.420: (take_image rover2 waypoint10 objective0 camera2 high_res)
9.298: (drop rover2 rover2store)
9.469: (drop rover0 rover0store)
9.469: (take_image rover2 waypoint10 objective0 camera2 high_res)
9.469: (take_image rover2 waypoint10 objective0 camera4 high_res)
9.489: (take_image rover1 waypoint18 objective8 camera7 low_res)
9.525: (take_image rover1 waypoint18 objective0 camera7 low_res)
9.608: (take_image rover2 waypoint10 objective0 camera4 low_res)
9.786: (calibrate rover3 camera5 objective3 waypoint28)
9.786: (calibrate rover2 camera2 objective7 waypoint10)
9.799: (calibrate rover3 camera5 objective3 waypoint28)
9.012: (calibrate rover2 camera4 objective3 waypoint10)
9.055: (calibrate rover3 camera5 objective3 waypoint28)
9.065: (calibrate rover2 camera2 objective7 waypoint10)
9.141: (calibrate rover1 camera7 objective2 waypoint18)
9.203: (calibrate rover1 camera7 objective2 waypoint18)
9.206: (calibrate rover3 camera5 objective3 waypoint28)
9.207: (take_image rover2 waypoint10 objective0 camera4 low_res)
9.213: (take_image rover2 waypoint10 objective0 camera4 high_res)
9.214: (take_image rover2 waypoint10 objective0 camera2 high_res)
9.214: (calibrate rover3 camera5 objective3 waypoint28)
8.549: (take_image rover2 waypoint10 objective0 camera4 high_res)
8.549: (take_image rover2 waypoint10 objective0 camera2 high_res)
8.736: (take_image rover2 waypoint10 objective0 camera4 low_res)
8.740: (take_image rover1 waypoint18 objective8 camera7 low_res)
8.753: (take_image rover1 waypoint18 objective0 camera7 low_res)
8.894: (take_image rover1 waypoint18 objective8 camera7 low_res)
8.959: (calibrate rover3 camera5 objective3 waypoint28)
8.959: (calibrate rover2 camera2 objective7 waypoint10)
8.963: (calibrate rover2 camera4 objective3 waypoint10)
8.963: (calibrate rover3 camera5 objective3 waypoint28)
8.370: (calibrate rover3 camera5 objective3 waypoint28)
8.370: (take_image rover2 waypoint10 objective0 camera2 high_res)
8.370: (take_image rover2 waypoint10 objective0 camera4 high_res)
8.371: (calibrate rover2 camera4 objective3 waypoint10)
8.374: (calibrate rover2 camera2 objective7 waypoint10)
8.374: (calibrate rover1 camera7 objective2 waypoint18)
8.382: (calibrate rover2 camera4 objective3 waypoint10)
8.384: (calibrate rover3 camera5 objective3 waypoint28)
8.385: (take_image rover2 waypoint10 objective0 camera4 low_res)
8.472: (calibrate rover2 camera2 objective7 waypoint10)
8.117: (take_image rover1 waypoint18 objective8 camera7 low_res)
8.193: (take_image rover1 waypoint18 objective0 camera7 low_res)
8.314: (calibrate rover3 camera5 objective3 waypoint28)
8.314: (calibrate rover2 camera2 objective7 waypoint10)
8.320: (calibrate rover3 camera5 objective3 waypoint28)
8.320: (calibrate rover2 camera4 objective3 waypoint10)
8.322: (calibrate rover3 camera5 objective3 waypoint28)
8.322: (calibrate rover2 camera2 objective7 waypoint10)
8.329: (calibrate rover3 camera5 objective3 waypoint28)
8.330: (calibrate rover1 camera7 objective2 waypoint18)
8.084: (calibrate rover1 camera7 objective2 waypoint18)
8.128: (calibrate rover2 camera2 objective7 waypoint10)
8.139: (calibrate rover2 camera4 objective3 waypoint10)
8.142: (take_image rover1 waypoint18 objective8 camera7 low_res)
8.143: (calibrate rover3 camera5 objective3 waypoint28)
8.148: (calibrate rover1 camera7 objective2 waypoint18)
8.179: (calibrate rover2 camera2 objective7 waypoint10)
8.238: (calibrate rover3 camera5 objective3 waypoint28)
8.239: (take_image rover1 waypoint18 objective0 camera7 low_res)
8.242: (calibrate rover2 camera4 objective3 waypoint10)
8.007: (take_image rover2 waypoint10 objective0 camera4 low_res)
8.023: (calibrate rover2 camera4 objective3 waypoint10)
8.024: (calibrate rover1 camera7 objective2 waypoint18)
8.026: (calibrate rover1 camera7 objective2 waypoint18)
8.026: (calibrate rover3 camera5 objective3 waypoint28)
8.058: (calibrate rover1 camera7 objective2 waypoint18)
8.058: (calibrate rover2 camera2 objective7 waypoint10)
8.065: (take_image rover2 waypoint10 objective4 camera4 low_res)
8.074: (take_image rover2 waypoint10 objective3 camera4 low_res)
8.074: (take_image rover3 waypoint28 objective3 camera5 low_res)
7.976: (calibrate rover2 camera4 objective3 waypoint10)
7.976: (calibrate rover3 camera5 objective3 waypoint28)
7.985: (calibrate rover2 camera2 objective7 waypoint10)
7.988: (calibrate rover2 camera2 objective7 waypoint10)
7.989: (calibrate rover3 camera5 objective3 waypoint28)
8.023: (calibrate rover2 camera2 objective7 waypoint10)
8.024: (calibrate rover2 camera4 objective3 waypoint10)
8.034: (take_image rover2 waypoint10 objective4 camera2 high_res)
8.034: (take_image rover2 waypoint10 objective4 camera4 high_res)
8.036: (take_image rover2 waypoint10 objective3 camera4 high_res)
7.931: (take_image rover2 waypoint10 objective0 camera4 low_res)
7.958: (take_image rover2 waypoint10 objective0 camera4 low_res)
7.959: (calibrate rover1 camera7 objective2 waypoint18)
7.977: (calibrate rover2 camera4 objective3 waypoint10)
7.978: (calibrate rover3 camera5 objective3 waypoint28)
7.978: (calibrate rover2 camera2 objective7 waypoint10)
7.991: (take_image rover2 waypoint10 objective4 camera2 high_res)
7.994: (take_image rover2 waypoint10 objective1 camera2 high_res)
7.998: (take_image rover2 waypoint10 objective4 camera2 high_res)
7.998: (calibrate rover2 camera4 objective3 waypoint10)
7.879: (calibrate rover2 camera4 objective3 waypoint10)
7.890: (calibrate rover3 camera5 objective3 waypoint28)
7.890: (calibrate rover2 camera2 objective7 waypoint10)
7.891: (take_image rover2 waypoint10 objective0 camera4 low_res)
7.923: (calibrate rover2 camera4 objective3 waypoint10)
7.949: (take_image rover2 waypoint10 objective4 camera2 high_res)
7.949: (calibrate rover3 camera5 objective3 waypoint28)
7.953: (calibrate rover2 camera2 objective7 waypoint10)
7.954: (take_image rover2 waypoint10 objective7 camera2 high_res)
7.954: (take_image rover2 waypoint10 objective1 camera2 high_res)
7.878: (take_image rover2 waypoint10 objective4 camera2 high_res)
7.881: (calibrate rover2 camera4 objective3 waypoint10)
7.881: (calibrate rover3 camera5 objective3 waypoint28)
7.881: (calibrate rover2 camera2 objective7 waypoint10)
7.882: (take_image rover2 waypoint10 objective7 camera2 high_res)
7.884: (take_image rover2 waypoint10 objective4 camera2 high_res)
7.884: (take_image rover2 waypoint10 objective4 camera4 high_res)
7.885: (take_image rover2 waypoint10 objective0 camera4 low_res)
7.888: (take_image rover2 waypoint10 objective0 camera4 low_res)
7.889: (take_image rover2 waypoint10 objective7 camera2 high_res)
7.831: (calibrate rover2 camera4 objective3 waypoint10)
7.832: (calibrate rover3 camera5 objective3 waypoint28)
7.832: (take_image rover2 waypoint10 objective4 camera2 high_res)
7.837: (calibrate rover2 camera4 objective3 waypoint10)
7.837: (calibrate rover3 camera5 objective3 waypoint28)
7.837: (take_image rover2 waypoint10 objective7 camera2 high_res)
7.846: (take_image rover2 waypoint10 objective3 camera2 high_res)
7.846: (calibrate rover2 camera2 objective7 waypoint10)
7.847: (take_image rover2 waypoint10 objective4 camera4 high_res)
7.855: (calibrate rover2 camera2 objective7 waypoint10)
7.833: (calibrate rover2 camera4 objective3 waypoint10)
7.834: (calibrate rover2 camera2 objective7 waypoint10)
7.842: (calibrate rover2 camera4 objective3 waypoint10)
7.842: (calibrate rover2 camera2 objective7 waypoint10)
7.850: (calibrate rover2 camera2 objective7 waypoint10)
7.863: (take_image rover2 waypoint10 objective1 camera4 low_res)
7.865: (take_image rover2 waypoint10 objective4 camera4 high_res)
7.865: (take_image rover2 waypoint10 objective7 camera4 high_res)
7.865: (take_image rover2 waypoint10 objective1 camera4 high_res)
7.866: (take_image rover2 waypoint10 objective7 camera2 high_res)
7.809: (calibrate rover2 camera4 objective3 waypoint10)
7.813: (calibrate rover2 camera4 objective3 waypoint10)
7.813: (take_image rover2 waypoint10 objective4 camera2 high_res)
7.814: (take_image rover2 waypoint10 objective7 camera2 high_res)
7.814: (take_image rover2 waypoint10 objective1 camera2 high_res)
7.815: (calibrate rover2 camera4 objective3 waypoint10)
7.819: (take_image rover2 waypoint10 objective1 camera2 high_res)
7.823: (take_image rover2 waypoint10 objective4 camera2 high_res)
7.824: (take_image rover2 waypoint10 objective1 camera4 low_res)
7.824: (take_image rover2 waypoint10 objective3 camera2 high_res)
7.810: (calibrate rover2 camera4 objective3 waypoint10)
7.812: (calibrate rover2 camera2 objective7 waypoint10)
7.815: (calibrate rover2 camera2 objective7 waypoint10)
7.819: (calibrate rover2 camera2 objective7 waypoint10)
7.825: (calibrate rover2 camera2 objective7 waypoint10)
7.826: (calibrate rover2 camera2 objective7 waypoint10)
7.842: (take_image rover3 waypoint28 objective10 camera5 low_res)
7.843: (take_image rover2 waypoint10 objective1 camera4 low_res)
7.844: (take_image rover2 waypoint10 objective7 camera4 high_res)
7.846: (take_image rover2 waypoint10 objective1 camera4 high_res)
7.791: (calibrate rover2 camera4 objective3 waypoint10)
7.792: (take_image rover2 waypoint10 objective7 camera2 high_res)
7.796: (calibrate rover2 camera4 objective3 waypoint10)
7.796: (take_image rover2 waypoint10 objective7 camera2 high_res)
7.796: (take_image rover2 waypoint10 objective1 camera2 high_res)
7.797: (take_image rover2 waypoint10 objective4 camera2 high_res)
7.802: (calibrate rover3 camera5 objective3 waypoint28)
7.802: (take_image rover2 waypoint10 objective3 camera2 high_res)
7.807: (take_image rover2 waypoint10 objective1 camera2 high_res)
7.807: (take_image rover2 waypoint10 objective3 camera2 high_res)
7.797: (calibrate rover2 camera2 objective7 waypoint10)
7.802: (calibrate rover2 camera2 objective7 waypoint10)
7.802: (calibrate rover2 camera2 objective7 waypoint10)
7.806: (calibrate rover2 camera2 objective7 waypoint10)
7.810: (calibrate rover2 camera2 objective7 waypoint10)
7.823: (take_image rover3 waypoint28 objective10 camera5 low_res)
7.831: (take_image rover3 waypoint28 objective10 camera5 low_res)
7.832: (take_image rover3 waypoint28 objective10 camera5 low_res)
7.834: (take_image rover2 waypoint10 objective7 camera4 high_res)
7.834: (take_image rover2 waypoint10 objective3 camera4 high_res)
7.782: (take_image rover2 waypoint10 objective7 camera2 high_res)
7.782: (calibrate rover3 camera5 objective3 waypoint28)
7.785: (take_image rover2 waypoint10 objective3 camera2 high_res)
7.786: (take_image rover2 waypoint10 objective7 camera2 high_res)
7.787: (calibrate rover2 camera4 objective3 waypoint10)
7.789: (take_image rover2 waypoint10 objective3 camera2 high_res)
7.790: (take_image rover2 waypoint10 objective7 camera2 high_res)
7.792: (calibrate rover3 camera5 objective3 waypoint28)
7.792: (take_image rover2 waypoint10 objective1 camera2 high_res)
7.794: (take_image rover2 waypoint10 objective3 camera2 high_res)
7.787: (calibrate rover2 camera2 objective7 waypoint10)
7.792: (calibrate rover2 camera2 objective7 waypoint10)
7.794: (calibrate rover2 camera2 objective7 waypoint10)
7.794: (calibrate rover2 camera2 objective7 waypoint10)
7.797: (calibrate rover2 camera2 objective7 waypoint10)
7.798: (calibrate rover2 camera2 objective7 waypoint10)
7.814: (take_image rover3 waypoint28 objective10 camera5 low_res)
7.818: (take_image rover3 waypoint28 objective3 camera5 high_res)
7.822: (take_image rover3 waypoint28 objective10 camera5 low_res)
7.822: (take_image rover3 waypoint28 objective9 camera5 low_res)
7.775: (calibrate rover3 camera5 objective3 waypoint28)
7.776: (take_image rover2 waypoint10 objective3 camera2 high_res)
7.777: (take_image rover2 waypoint10 objective7 camera2 high_res)
7.780: (take_image rover2 waypoint10 objective1 camera2 high_res)
7.781: (calibrate rover3 camera5 objective3 waypoint28)
7.781: (calibrate rover3 camera5 objective3 waypoint28)
7.784: (take_image rover2 waypoint10 objective3 camera2 high_res)
7.785: (take_image rover2 waypoint10 objective3 camera2 high_res)
7.785: (calibrate rover3 camera5 objective3 waypoint28)
7.786: (take_image rover2 waypoint10 objective1 camera2 high_res)
7.782: (calibrate rover2 camera2 objective7 waypoint10)
7.786: (calibrate rover2 camera2 objective7 waypoint10)
7.788: (calibrate rover2 camera2 objective7 waypoint10)
7.788: (calibrate rover2 camera2 objective7 waypoint10)
7.789: (calibrate rover2 camera2 objective7 waypoint10)
7.792: (calibrate rover2 camera2 objective7 waypoint10)
7.813: (take_image rover3 waypoint28 objective1 camera5 low_res)
7.814: (take_image rover3 waypoint28 objective10 camera5 low_res)
7.814: (take_image rover3 waypoint28 objective9 camera5 low_res)
7.814: (take_image rover3 waypoint28 objective1 camera5 low_res)
7.772: (calibrate rover3 camera5 objective3 waypoint28)
7.774: (calibrate rover3 camera5 objective3 waypoint28)
7.774: (calibrate rover3 camera5 objective3 waypoint28)
7.774: (take_image rover2 waypoint10 objective1 camera2 high_res)
7.774: (take_image rover2 waypoint10 objective3 camera2 high_res)
7.776: (take_image rover2 waypoint10 objective3 camera2 high_res)
7.779: (calibrate rover3 camera5 objective3 waypoint28)
7.779: (take_image rover2 waypoint10 objective1 camera2 high_res)
7.781: (take_image rover2 waypoint10 objective3 camera2 high_res)
7.782: (take_image rover2 waypoint10 objective1 camera2 high_res)
7.781: (calibrate rover2 camera2 objective7 waypoint10)
7.781: (calibrate rover2 camera2 objective7 waypoint10)
7.782: (calibrate rover2 camera2 objective7 waypoint10)
7.784: (calibrate rover2 camera2 objective7 waypoint10)
7.787: (calibrate rover2 camera2 objective7 waypoint10)
7.788: (calibrate rover2 camera2 objective7 waypoint10)
7.789: (calibrate rover2 camera2 objective7 waypoint10)
7.813: (take_image rover3 waypoint28 objective9 camera5 low_res)
7.813: (take_image rover3 waypoint28 objective1 camera5 low_res)
7.814: (take_image rover3 waypoint28 objective9 camera5 low_res)
7.775: (take_image rover2 waypoint10 objective1 camera2 high_res)
7.776: (calibrate rover3 camera5 objective3 waypoint28)
7.776: (take_image rover2 waypoint10 objective1 camera2 high_res)
7.776: (take_image rover2 waypoint10 objective3 camera2 high_res)
7.776: (calibrate rover3 camera5 objective3 waypoint28)
7.779: (calibrate rover3 camera5 objective3 waypoint28)
7.779: (take_image rover2 waypoint10 objective3 camera2 high_res)
7.779: (take_image rover2 waypoint10 objective1 camera2 high_res)
7.785: (take_image rover2 waypoint10 objective9 camera4 low_res)
7.785: (take_image rover2 waypoint10 objective9 camera4 low_res)
7.777: (calibrate rover2 camera4 objective3 waypoint10)
7.780: (calibrate rover2 camera4 objective3 waypoint10)
7.781: (calibrate rover2 camera2 objective7 waypoint10)
7.782: (calibrate rover2 camera2 objective7 waypoint10)
7.783: (calibrate rover2 camera2 objective7 waypoint10)
7.784: (calibrate rover2 camera2 objective7 waypoint10)
7.788: (calibrate rover2 camera2 objective7 waypoint10)
7.813: (take_image rover3 waypoint28 objective9 camera5 low_res)
7.814: (take_image rover3 waypoint28 objective1 camera5 low_res)
7.814: (take_image rover3 waypoint28 objective8 camera5 high_res)
7.771: (take_image rover2 waypoint10 objective7 camera2 high_res)
7.771: (take_image rover2 waypoint10 objective9 camera2 high_res)
7.771: (take_image rover2 waypoint10 objective4 camera2 high_res)
7.771: (take_image rover2 waypoint10 objective3 camera2 high_res)
7.771: (take_image rover2 waypoint10 objective1 camera2 high_res)
7.771: (take_image rover2 waypoint10 objective0 camera2 high_res)
7.772: (take_image rover2 waypoint10 objective0 camera2 high_res)
7.772: (take_image rover2 waypoint10 objective1 camera2 high_res)
7.772: (take_image rover2 waypoint10 objective3 camera2 high_res)
7.772: (take_image rover2 waypoint10 objective7 camera2 high_res)
7.810: (take_image rover3 waypoint28 objective1 camera5 low_res)
7.810: (take_image rover3 waypoint28 objective8 camera5 high_res)
7.810: (take_image rover3 waypoint28 objective8 camera5 high_res)
7.810: (take_image rover3 waypoint28 objective10 camera5 low_res)
7.810: (take_image rover3 waypoint28 objective10 camera5 low_res)
7.810: (take_image rover3 waypoint28 objective1 camera5 low_res)
7.813: (take_image rover3 waypoint28 objective9 camera5 low_res)
7.813: (take_image rover3 waypoint28 objective9 camera5 low_res)
7.814: (take_image rover3 waypoint28 objective3 camera5 high_res)
7.814: (take_image rover3 waypoint28 objective3 camera5 high_res)
7.771: (calibrate rover3 camera5 objective3 waypoint28)
7.776: (calibrate rover3 camera5 objective3 waypoint28)
7.776: (calibrate rover3 camera5 objective3 waypoint28)
7.777: (calibrate rover3 camera5 objective3 waypoint28)
7.778: (calibrate rover3 camera5 objective3 waypoint28)
7.815: (calibrate rover2 camera2 objective7 waypoint10)
7.815: (calibrate rover2 camera2 objective7 waypoint10)
7.815: (calibrate rover2 camera2 objective7 waypoint10)
7.818: (calibrate rover2 camera2 objective7 waypoint10)
7.818: (calibrate rover2 camera2 objective7 waypoint10)
7.778: (calibrate rover2 camera2 objective7 waypoint10)
7.778: (calibrate rover3 camera5 objective3 waypoint28)
7.780: (calibrate rover3 camera5 objective3 waypoint28)
7.781: (calibrate rover3 camera5 objective3 waypoint28)
7.781: (calibrate rover2 camera2 objective7 waypoint10)
7.782: (calibrate rover2 camera2 objective7 waypoint10)
7.783: (calibrate rover2 camera2 objective7 waypoint10)
7.784: (calibrate rover2 camera2 objective7 waypoint10)
7.813: (take_image rover3 waypoint28 objective1 camera5 low_res)
7.813: (take_image rover3 waypoint28 objective9 camera5 low_res)
7.776: (calibrate rover3 camera5 objective3 waypoint28)
7.785: (take_image rover2 waypoint10 objective0 camera4 high_res)
7.786: (take_image rover2 waypoint10 objective1 camera4 high_res)
7.786: (take_image rover2 waypoint10 objective0 camera4 low_res)
7.786: (take_image rover2 waypoint10 objective9 camera4 high_res)
7.786: (take_image rover2 waypoint10 objective1 camera4 low_res)
7.786: (take_image rover2 waypoint10 objective7 camera4 high_res)
7.786: (take_image rover2 waypoint10 objective9 camera4 low_res)
7.786: (take_image rover2 waypoint10 objective4 camera4 high_res)
7.786: (take_image rover2 waypoint10 objective3 camera4 high_res)
7.782: (calibrate rover2 camera2 objective7 waypoint10)
7.816: (take_image rover3 waypoint28 objective3 camera5 high_res)
7.818: (take_image rover3 waypoint28 objective10 camera5 high_res)
7.818: (take_image rover3 waypoint28 objective1 camera5 high_res)
7.820: (take_image rover3 waypoint28 objective9 camera5 high_res)
7.820: (take_image rover2 waypoint10 objective0 camera2 high_res)
7.820: (take_image rover2 waypoint10 objective3 camera2 high_res)
7.820: (take_image rover2 waypoint10 objective4 camera2 high_res)
7.820: (take_image rover2 waypoint10 objective1 camera2 high_res)
7.820: (take_image rover2 waypoint10 objective7 camera2 high_res)
7.778: (calibrate rover3 camera5 objective3 waypoint28)
7.782: (calibrate rover3 camera5 objective3 waypoint28)
7.783: (calibrate rover3 camera5 objective3 waypoint28)
7.785: (calibrate rover3 camera5 objective3 waypoint28)
7.790: (take_image rover2 waypoint10 objective1 camera4 high_res)
7.790: (take_image rover2 waypoint10 objective0 camera4 high_res)
7.790: (take_image rover2 waypoint10 objective3 camera4 high_res)
7.790: (take_image rover2 waypoint10 objective4 camera4 high_res)
7.790: (take_image rover2 waypoint10 objective1 camera4 low_res)
7.790: (take_image rover2 waypoint10 objective0 camera4 low_res)
7.785: (calibrate rover2 camera2 objective7 waypoint10)
7.788: (calibrate rover2 camera2 objective7 waypoint10)
7.789: (calibrate rover2 camera2 objective7 waypoint10)
7.791: (calibrate rover2 camera2 objective7 waypoint10)
7.818: (take_image rover3 waypoint28 objective1 camera5 high_res)
7.818: (take_image rover3 waypoint28 objective10 camera5 high_res)
7.819: (take_image rover3 waypoint28 objective3 camera5 high_res)
7.819: (take_image rover3 waypoint28 objective1 camera5 high_res)
7.819: (take_image rover3 waypoint28 objective10 camera5 high_res)
7.819: (take_image rover3 waypoint28 objective3 camera5 high_res)
7.781: (calibrate rover3 camera5 objective3 waypoint28)
7.783: (calibrate rover3 camera5 objective3 waypoint28)
7.785: (calibrate rover3 camera5 objective3 waypoint28)
7.793: (take_image rover2 waypoint10 objective1 camera4 low_res)
7.793: (take_image rover2 waypoint10 objective7 camera4 high_res)
7.793: (take_image rover2 waypoint10 objective9 camera4 high_res)
7.793: (take_image rover2 waypoint10 objective0 camera4 low_res)
7.793: (take_image rover2 waypoint10 objective0 camera4 high_res)
7.793: (take_image rover2 waypoint10 objective4 camera4 high_res)
7.793: (take_image rover2 waypoint10 objective3 camera4 high_res)
7.789: (calibrate rover2 camera2 objective7 waypoint10)
7.789: (calibrate rover2 camera2 objective7 waypoint10)
7.789: (calibrate rover2 camera2 objective7 waypoint10)
7.819: (take_image rover3 waypoint28 objective3 camera5 high_res)
7.819: (take_image rover3 waypoint28 objective1 camera5 high_res)
7.819: (take_image rover3 waypoint28 objective10 camera5 high_res)
7.821: (take_image rover3 waypoint28 objective9 camera5 high_res)
7.822: (take_image rover3 waypoint28 objective9 camera5 high_res)
7.823: (take_image rover3 waypoint28 objective9 camera5 high_res)
7.826: (take_image rover3 waypoint28 objective3 camera5 low_res)
7.783: (calibrate rover3 camera5 objective3 waypoint28)
7.785: (calibrate rover3 camera5 objective3 waypoint28)
7.785: (calibrate rover3 camera5 objective3 waypoint28)
7.789: (calibrate rover3 camera5 objective3 waypoint28)
7.792: (calibrate rover3 camera5 objective3 waypoint28)
7.796: (take_image rover2 waypoint10 objective0 camera4 low_res)
7.796: (take_image rover2 waypoint10 objective1 camera4 low_res)
7.796: (take_image rover2 waypoint10 objective9 camera4 high_res)
7.796: (take_image rover2 waypoint10 objective7 camera4 high_res)
7.796: (take_image rover2 waypoint10 objective0 camera4 high_res)
7.790: (calibrate rover2 camera2 objective7 waypoint10)
7.792: (calibrate rover2 camera2 objective7 waypoint10)
7.792: (calibrate rover2 camera2 objective7 waypoint10)
7.794: (calibrate rover2 camera2 objective7 waypoint10)
7.798: (calibrate rover2 camera2 objective7 waypoint10)
7.821: (take_image rover3 waypoint28 objective1 camera5 high_res)
7.821: (take_image rover3 waypoint28 objective10 camera5 high_res)
7.821: (take_image rover3 waypoint28 objective9 camera5 high_res)
7.822: (take_image rover3 waypoint28 objective3 camera5 high_res)
7.825: (take_image rover3 waypoint28 objective3 camera5 high_res)
7.789: (calibrate rover3 camera5 objective3 waypoint28)
7.793: (calibrate rover3 camera5 objective3 waypoint28)
7.797: (take_image rover2 waypoint10 objective1 camera4 low_res)
7.797: (take_image rover2 waypoint10 objective0 camera4 low_res)
7.797: (take_image rover2 waypoint10 objective9 camera4 high_res)
7.797: (take_image rover2 waypoint10 objective7 camera4 high_res)
7.797: (take_image rover2 waypoint10 objective4 camera4 high_res)
7.797: (take_image rover2 waypoint10 objective3 camera4 high_res)
7.797: (take_image rover2 waypoint10 objective0 camera4 high_res)
7.797: (take_image rover2 waypoint10 objective1 camera4 high_res)
7.793: (calibrate rover2 camera2 objective7 waypoint10)
7.799: (calibrate rover2 camera2 objective7 waypoint10)
7.829: (take_image rover3 waypoint28 objective9 camera5 high_res)
7.829: (take_image rover3 waypoint28 objective3 camera5 low_res)
7.833: (take_image rover2 waypoint10 objective9 camera2 high_res)
7.833: (take_image rover2 waypoint10 objective4 camera2 high_res)
7.833: (take_image rover2 waypoint10 objective3 camera2 high_res)
7.833: (take_image rover2 waypoint10 objective1 camera2 high_res)
7.833: (take_image rover2 waypoint10 objective0 camera2 high_res)
7.833: (take_image rover2 waypoint10 objective7 camera2 high_res)
7.795: (calibrate rover3 camera5 objective3 waypoint28)
7.800: (take_image rover2 waypoint10 objective1 camera4 low_res)
7.800: (take_image rover2 waypoint10 objective0 camera4 low_res)
7.800: (take_image rover2 waypoint10 objective7 camera4 high_res)
7.800: (take_image rover2 waypoint10 objective1 camera4 high_res)
7.800: (take_image rover2 waypoint10 objective9 camera4 high_res)
7.800: (take_image rover2 waypoint10 objective0 camera4 high_res)
7.800: (take_image rover2 waypoint10 objective4 camera4 high_res)
7.800: (take_image rover2 waypoint10 objective3 camera4 high_res)
7.801: (take_image rover2 waypoint10 objective9 camera4 low_res)
7.801: (calibrate rover2 camera2 objective7 waypoint10)
7.836: (take_image rover2 waypoint10 objective3 camera2 high_res)
7.836: (take_image rover2 waypoint10 objective1 camera2 high_res)
7.836: (take_image rover2 waypoint10 objective4 camera2 high_res)
7.836: (take_image rover2 waypoint10 objective7 camera2 high_res)
7.836: (take_image rover2 waypoint10 objective9 camera2 high_res)
7.836: (take_image rover2 waypoint10 objective0 camera2 high_res)
7.839: (take_image rover2 waypoint10 objective4 camera4 low_res)
7.841: (take_image rover2 waypoint10 objective3 camera4 low_res)
7.842: (take_image rover2 waypoint10 objective1 camera4 low_res)
7.792: (calibrate rover2 camera4 objective3 waypoint10)
7.794: (calibrate rover2 camera4 objective3 waypoint10)
7.804: (take_image rover2 waypoint10 objective4 camera4 low_res)
7.804: (calibrate rover2 camera2 objective7 waypoint10)
7.806: (take_image rover2 waypoint10 objective7 camera4 low_res)
7.807: (calibrate rover2 camera2 objective7 waypoint10)
7.807: (take_image rover2 waypoint10 objective3 camera4 low_res)
7.807: (calibrate rover2 camera2 objective7 waypoint10)
7.807: (take_image rover2 waypoint10 objective1 camera4 high_res)
7.807: (take_image rover2 waypoint10 objective0 camera4 high_res)
7.798: (calibrate rover2 camera2 objective7 waypoint10)
7.798: (calibrate rover2 camera4 objective3 waypoint10)
7.800: (calibrate rover2 camera4 objective3 waypoint10)
7.801: (calibrate rover2 camera2 objective7 waypoint10)
7.801: (calibrate rover2 camera4 objective3 waypoint10)
7.825: (take_image rover3 waypoint28 objective1 camera5 low_res)
7.825: (take_image rover3 waypoint28 objective3 camera5 low_res)
7.825: (take_image rover3 waypoint28 objective10 camera5 high_res)
7.826: (take_image rover3 waypoint28 objective10 camera5 low_res)
7.826: (take_image rover3 waypoint28 objective9 camera5 low_res)
7.794: (take_image rover2 waypoint10 objective7 camera2 high_res)
7.794: (take_image rover2 waypoint10 objective9 camera2 high_res)
7.794: (take_image rover2 waypoint10 objective4 camera2 high_res)
7.794: (take_image rover2 waypoint10 objective3 camera2 high_res)
7.794: (take_image rover2 waypoint10 objective1 camera2 high_res)
7.794: (take_image rover2 waypoint10 objective0 camera2 high_res)
7.802: (take_image rover2 waypoint10 objective4 camera4 low_res)
7.803: (take_image rover2 waypoint10 objective7 camera4 low_res)
7.803: (take_image rover2 waypoint10 objective3 camera4 low_res)
7.803: (take_image rover2 waypoint10 objective4 camera4 low_res)
7.797: (calibrate rover2 camera4 objective3 waypoint10)
7.798: (calibrate rover2 camera4 objective3 waypoint10)
7.829: (take_image rover3 waypoint28 objective1 camera5 low_res)
7.829: (take_image rover3 waypoint28 objective3 camera5 low_res)
7.829: (take_image rover3 waypoint28 objective3 camera5 high_res)
7.829: (take_image rover3 waypoint28 objective8 camera5 high_res)
7.829: (take_image rover3 waypoint28 objective9 camera5 high_res)
7.829: (take_image rover3 waypoint28 objective1 camera5 high_res)
7.829: (take_image rover3 waypoint28 objective10 camera5 high_res)
7.829: (take_image rover3 waypoint28 objective9 camera5 low_res)
7.791: (take_image rover2 waypoint10 objective0 camera2 high_res)
7.791: (take_image rover2 waypoint10 objective3 camera2 high_res)
7.791: (take_image rover2 waypoint10 objective7 camera2 high_res)
7.791: (take_image rover2 waypoint10 objective4 camera2 high_res)
7.791: (take_image rover2 waypoint10 objective1 camera2 high_res)
7.791: (take_image rover2 waypoint10 objective9 camera2 high_res)
7.791: (take_image rover2 waypoint10 objective4 camera2 high_res)
7.791: (take_image rover2 waypoint10 objective7 camera2 high_res)
7.791: (take_image rover2 waypoint10 objective9 camera2 high_res)
7.791: (take_image rover2 waypoint10 objective0 camera2 high_res)
7.825: (take_image rover3 waypoint28 objective1 camera5 low_res)
7.825: (take_image rover3 waypoint28 objective3 camera5 low_res)
7.825: (take_image rover3 waypoint28 objective10 camera5 low_res)
7.825: (take_image rover3 waypoint28 objective10 camera5 high_res)
7.825: (take_image rover3 waypoint28 objective9 camera5 low_res)
7.825: (take_image rover3 waypoint28 objective8 camera5 high_res)
7.825: (take_image rover3 waypoint28 objective9 camera5 high_res)
7.825: (take_image rover3 waypoint28 objective3 camera5 high_res)
7.825: (take_image rover3 waypoint28 objective1 camera5 high_res)
7.825: (take_image rover3 waypoint28 objective3 camera5 high_res)
7.829: (calibrate rover2 camera2 objective7 waypoint10)
7.830: (calibrate rover2 camera2 objective7 waypoint10)
7.904: (take_image rover1 waypoint18 objective8 camera7 colour)
7.904: (take_image rover1 waypoint18 objective8 camera7 colour)
7.936: (take_image rover1 waypoint18 objective2 camera7 colour)
7.936: (take_image rover1 waypoint18 objective2 camera7 colour)
7.936: (take_image rover1 waypoint18 objective7 camera7 colour)
7.937: (take_image rover1 waypoint18 objective3 camera7 colour)
7.937: (take_image rover1 waypoint18 objective3 camera7 colour)
7.938: (take_image rover1 waypoint18 objective7 camera7 colour)
7.800: (calibrate rover1 camera7 objective2 waypoint18)
7.800: (calibrate rover1 camera7 objective2 waypoint18)
7.820: (calibrate rover1 camera7 objective2 waypoint18)
7.820: (calibrate rover1 camera7 objective2 waypoint18)
7.821: (calibrate rover1 camera7 objective2 waypoint18)
7.822: (calibrate rover1 camera7 objective2 waypoint18)
7.822: (calibrate rover1 camera7 objective2 waypoint18)
7.823: (calibrate rover1 camera7 objective2 waypoint18)
7.847: (take_image rover2 waypoint10 objective7 camera4 low_res)
7.847: (take_image rover2 waypoint10 objective3 camera4 low_res)
7.765: (calibrate rover3 camera5 objective3 waypoint28)
7.765: (calibrate rover3 camera5 objective3 waypoint28)
7.784: (calibrate rover3 camera5 objective3 waypoint28)
7.785: (calibrate rover3 camera5 objective3 waypoint28)
7.785: (calibrate rover3 camera5 objective3 waypoint28)
7.786: (calibrate rover3 camera5 objective3 waypoint28)
7.788: (calibrate rover3 camera5 objective3 waypoint28)
7.789: (calibrate rover3 camera5 objective3 waypoint28)
7.802: (calibrate rover3 camera5 objective3 waypoint28)
7.803: (calibrate rover2 camera2 objective7 waypoint10)
7.763: (calibrate rover3 camera5 objective3 waypoint28)
7.770: (calibrate rover2 camera2 objective7 waypoint10)
7.771: (calibrate rover2 camera2 objective7 waypoint10)
7.790: (calibrate rover2 camera2 objective7 waypoint10)
7.791: (calibrate rover2 camera2 objective7 waypoint10)
7.791: (calibrate rover2 camera2 objective7 waypoint10)
7.792: (calibrate rover2 camera2 objective7 waypoint10)
7.792: (calibrate rover2 camera2 objective7 waypoint10)
7.793: (calibrate rover2 camera2 objective7 waypoint10)
7.798: (calibrate rover2 camera4 objective3 waypoint10)
7.776: (take_image rover2 waypoint10 objective3 camera4 low_res)
7.777: (take_image rover2 waypoint10 objective7 camera4 low_res)
7.777: (take_image rover2 waypoint10 objective4 camera4 high_res)
7.777: (take_image rover2 waypoint10 objective7 camera4 high_res)
7.777: (take_image rover2 waypoint10 objective0 camera4 low_res)
7.777: (take_image rover2 waypoint10 objective9 camera4 high_res)
7.777: (take_image rover2 waypoint10 objective1 camera4 low_res)
7.777: (take_image rover2 waypoint10 objective4 camera4 low_res)
7.777: (take_image rover2 waypoint10 objective3 camera4 high_res)
7.777: (take_image rover2 waypoint10 objective1 camera4 high_res)
7.769: (calibrate rover2 camera4 objective3 waypoint10)
7.810: (take_image rover2 waypoint10 objective0 camera2 high_res)
7.810: (take_image rover2 waypoint10 objective1 camera2 high_res)
7.810: (take_image rover2 waypoint10 objective3 camera2 high_res)
7.810: (take_image rover2 waypoint10 objective4 camera2 high_res)
7.810: (take_image rover2 waypoint10 objective7 camera2 high_res)
7.810: (take_image rover2 waypoint10 objective9 camera2 high_res)
7.811: (take_image rover2 waypoint10 objective7 camera2 high_res)
7.811: (take_image rover2 waypoint10 objective9 camera2 high_res)
7.811: (take_image rover2 waypoint10 objective4 camera2 high_res)
7.764: (take_image rover2 waypoint10 objective7 camera2 high_res)
7.764: (take_image rover2 waypoint10 objective9 camera2 high_res)
7.764: (take_image rover2 waypoint10 objective4 camera2 high_res)
7.764: (take_image rover2 waypoint10 objective1 camera2 high_res)
7.764: (take_image rover2 waypoint10 objective0 camera2 high_res)
7.764: (take_image rover2 waypoint10 objective3 camera2 high_res)
7.764: (calibrate rover2 camera4 objective3 waypoint10)
7.803: (take_image rover3 waypoint28 objective3 camera5 low_res)
7.803: (take_image rover3 waypoint28 objective10 camera5 high_res)
7.803: (take_image rover3 waypoint28 objective1 camera5 low_res)
7.799: (take_image rover3 waypoint28 objective3 camera5 low_res)
7.799: (take_image rover3 waypoint28 objective1 camera5 low_res)
7.799: (take_image rover3 waypoint28 objective9 camera5 low_res)
7.799: (take_image rover3 waypoint28 objective10 camera5 high_res)
7.799: (take_image rover3 waypoint28 objective10 camera5 low_res)
7.799: (take_image rover3 waypoint28 objective9 camera5 high_res)
7.799: (take_image rover3 waypoint28 objective8 camera5 high_res)
7.799: (take_image rover3 waypoint28 objective1 camera5 high_res)
7.799: (take_image rover3 waypoint28 objective3 camera5 high_res)
7.800: (take_image rover2 waypoint10 objective0 camera2 high_res)
7.902: (take_image rover1 waypoint18 objective2 camera7 colour)
7.902: (take_image rover1 waypoint18 objective3 camera7 colour)
7.903: (take_image rover1 waypoint18 objective7 camera7 colour)
7.904: (take_image rover1 waypoint18 objective8 camera7 low_res)
7.904: (take_image rover1 waypoint18 objective8 camera7 colour)
7.910: (take_image rover1 waypoint18 objective2 camera7 low_res)
7.913: (take_image rover1 waypoint18 objective3 camera7 low_res)
7.917: (take_image rover1 waypoint18 objective7 camera7 low_res)
7.921: (take_image rover1 waypoint18 objective0 camera7 colour)
7.930: (take_image rover2 waypoint10 objective9 camera4 low_res)
7.793: (calibrate rover1 camera7 objective2 waypoint18)
7.795: (calibrate rover1 camera7 objective2 waypoint18)
7.797: (calibrate rover1 camera7 objective2 waypoint18)
7.802: (calibrate rover1 camera7 objective2 waypoint18)
7.803: (calibrate rover1 camera7 objective2 waypoint18)
7.804: (calibrate rover1 camera7 objective2 waypoint18)
7.808: (calibrate rover1 camera7 objective2 waypoint18)
7.823: (calibrate rover2 camera2 objective7 waypoint10)
7.866: (take_image rover1 waypoint18 objective2 camera7 colour)
7.867: (take_image rover2 waypoint10 objective9 camera4 low_res)
7.758: (calibrate rover3 camera5 objective3 waypoint28)
7.759: (calibrate rover3 camera5 objective3 waypoint28)
7.763: (calibrate rover3 camera5 objective3 waypoint28)
7.767: (calibrate rover3 camera5 objective3 waypoint28)
7.768: (calibrate rover3 camera5 objective3 waypoint28)
7.769: (calibrate rover3 camera5 objective3 waypoint28)
7.777: (calibrate rover3 camera5 objective3 waypoint28)
7.797: (calibrate rover2 camera2 objective7 waypoint10)
7.799: (calibrate rover2 camera2 objective7 waypoint10)
7.801: (calibrate rover2 camera2 objective7 waypoint10)
7.761: (calibrate rover3 camera5 objective3 waypoint28)
7.763: (calibrate rover3 camera5 objective3 waypoint28)
7.764: (calibrate rover2 camera2 objective7 waypoint10)
7.765: (calibrate rover2 camera2 objective7 waypoint10)
7.767: (calibrate rover3 camera5 objective3 waypoint28)
7.767: (calibrate rover2 camera2 objective7 waypoint10)
7.771: (calibrate rover2 camera2 objective7 waypoint10)
7.775: (calibrate rover2 camera2 objective7 waypoint10)
7.775: (calibrate rover2 camera2 objective7 waypoint10)
7.782: (calibrate rover2 camera2 objective7 waypoint10)
7.771: (take_image rover2 waypoint10 objective1 camera4 high_res)
7.771: (take_image rover2 waypoint10 objective0 camera4 high_res)
7.771: (take_image rover2 waypoint10 objective1 camera4 low_res)
7.771: (take_image rover2 waypoint10 objective7 camera4 high_res)
7.771: (take_image rover2 waypoint10 objective3 camera4 high_res)
7.771: (take_image rover2 waypoint10 objective9 camera4 high_res)
7.771: (take_image rover2 waypoint10 objective0 camera4 low_res)
7.771: (take_image rover2 waypoint10 objective3 camera4 low_res)
7.771: (take_image rover2 waypoint10 objective4 camera4 high_res)
7.772: (take_image rover2 waypoint10 objective4 camera4 low_res)
7.805: (take_image rover2 waypoint10 objective3 camera2 high_res)
7.805: (take_image rover2 waypoint10 objective4 camera2 high_res)
7.805: (take_image rover2 waypoint10 objective7 camera2 high_res)
7.805: (take_image rover2 waypoint10 objective9 camera2 high_res)
7.805: (take_image rover2 waypoint10 objective1 camera2 high_res)
7.805: (take_image rover2 waypoint10 objective0 camera2 high_res)
7.817: (take_image rover3 waypoint28 objective1 camera5 low_res)
7.817: (take_image rover3 waypoint28 objective8 camera5 high_res)
7.817: (take_image rover3 waypoint28 objective9 camera5 high_res)
7.817: (take_image rover3 waypoint28 objective3 camera5 high_res)
7.803: (take_image rover1 waypoint18 objective0 camera7 colour)
7.820: (take_image rover1 waypoint18 objective2 camera7 colour)
7.823: (take_image rover1 waypoint18 objective3 camera7 colour)
7.823: (take_image rover1 waypoint18 objective8 camera7 colour)
7.823: (take_image rover1 waypoint18 objective8 camera7 low_res)
7.824: (take_image rover1 waypoint18 objective7 camera7 colour)
7.848: (take_image rover1 waypoint18 objective3 camera7 low_res)
7.851: (take_image rover1 waypoint18 objective2 camera7 low_res)
7.853: (take_image rover1 waypoint18 objective7 camera7 low_res)
7.915: (take_image rover1 waypoint18 objective2 camera7 colour)
7.806: (calibrate rover1 camera7 objective2 waypoint18)
7.817: (calibrate rover1 camera7 objective2 waypoint18)
7.820: (calibrate rover1 camera7 objective2 waypoint18)
7.822: (calibrate rover1 camera7 objective2 waypoint18)
7.822: (calibrate rover1 camera7 objective2 waypoint18)
7.824: (calibrate rover1 camera7 objective2 waypoint18)
7.825: (calibrate rover1 camera7 objective2 waypoint18)
7.865: (calibrate rover2 camera4 objective3 waypoint10)
7.866: (take_image rover3 waypoint28 objective9 camera5 low_res)
7.866: (take_image rover3 waypoint28 objective10 camera5 low_res)
7.760: (calibrate rover1 camera7 objective2 waypoint18)
7.761: (calibrate rover2 camera4 objective3 waypoint10)
7.772: (calibrate rover3 camera5 objective3 waypoint28)
7.773: (calibrate rover3 camera5 objective3 waypoint28)
7.774: (calibrate rover2 camera2 objective7 waypoint10)
7.775: (calibrate rover3 camera5 objective3 waypoint28)
7.777: (calibrate rover3 camera5 objective3 waypoint28)
7.778: (calibrate rover3 camera5 objective3 waypoint28)
7.782: (calibrate rover3 camera5 objective3 waypoint28)
7.798: (calibrate rover2 camera4 objective3 waypoint10)
7.762: (calibrate rover3 camera5 objective3 waypoint28)
7.764: (calibrate rover2 camera4 objective3 waypoint10)
7.766: (calibrate rover2 camera2 objective7 waypoint10)
7.766: (calibrate rover2 camera4 objective3 waypoint10)
7.769: (calibrate rover2 camera4 objective3 waypoint10)
7.770: (calibrate rover2 camera4 objective3 waypoint10)
7.771: (calibrate rover2 camera4 objective3 waypoint10)
7.777: (calibrate rover2 camera4 objective3 waypoint10)
7.795: (take_image rover2 waypoint10 objective0 camera2 high_res)
7.795: (take_image rover2 waypoint10 objective1 camera2 high_res)
7.758: (calibrate rover3 camera5 objective3 waypoint28)
7.758: (take_image rover2 waypoint10 objective9 camera2 high_res)
7.758: (take_image rover2 waypoint10 objective7 camera2 high_res)
7.758: (take_image rover2 waypoint10 objective4 camera2 high_res)
7.758: (take_image rover2 waypoint10 objective3 camera2 high_res)
7.758: (take_image rover2 waypoint10 objective1 camera2 high_res)
7.758: (take_image rover2 waypoint10 objective0 camera2 high_res)
7.764: (take_image rover2 waypoint10 objective1 camera2 high_res)
7.764: (take_image rover2 waypoint10 objective4 camera2 high_res)
7.764: (take_image rover2 waypoint10 objective3 camera2 high_res)
7.799: (take_image rover3 waypoint28 objective10 camera5 low_res)
7.799: (take_image rover3 waypoint28 objective9 camera5 low_res)
7.799: (take_image rover3 waypoint28 objective1 camera5 low_res)
7.799: (take_image rover3 waypoint28 objective3 camera5 low_res)
7.799: (take_image rover3 waypoint28 objective10 camera5 high_res)
7.799: (take_image rover3 waypoint28 objective9 camera5 high_res)
7.799: (take_image rover3 waypoint28 objective8 camera5 high_res)
7.799: (take_image rover3 waypoint28 objective1 camera5 high_res)
7.799: (take_image rover3 waypoint28 objective3 camera5 high_res)
7.804: (take_image rover2 waypoint10 objective4 camera4 low_res)
7.802: (calibrate rover2 camera2 objective7 waypoint10)
7.910: (take_image rover1 waypoint18 objective2 camera7 colour)
7.912: (take_image rover1 waypoint18 objective7 camera7 colour)
7.912: (take_image rover1 waypoint18 objective8 camera7 colour)
7.912: (take_image rover1 waypoint18 objective3 camera7 colour)
7.912: (take_image rover1 waypoint18 objective8 camera7 low_res)
7.912: (take_image rover1 waypoint18 objective7 camera7 low_res)
7.914: (take_image rover1 waypoint18 objective2 camera7 low_res)
7.914: (take_image rover1 waypoint18 objective2 camera7 colour)
7.916: (take_image rover1 waypoint18 objective8 camera7 low_res)
7.799: (calibrate rover1 camera7 objective2 waypoint18)
7.801: (calibrate rover1 camera7 objective2 waypoint18)
7.805: (calibrate rover1 camera7 objective2 waypoint18)
7.809: (calibrate rover1 camera7 objective2 waypoint18)
7.865: (calibrate rover2 camera4 objective3 waypoint10)
7.866: (take_image rover3 waypoint28 objective8 camera5 high_res)
7.866: (take_image rover3 waypoint28 objective9 camera5 high_res)
7.866: (take_image rover3 waypoint28 objective10 camera5 high_res)
7.866: (take_image rover3 waypoint28 objective3 camera5 high_res)
7.866: (take_image rover3 waypoint28 objective1 camera5 low_res)
7.758: (calibrate rover1 camera7 objective2 waypoint18)
7.760: (calibrate rover2 camera4 objective3 waypoint10)
7.763: (calibrate rover3 camera5 objective3 waypoint28)
7.766: (calibrate rover3 camera5 objective3 waypoint28)
7.773: (calibrate rover2 camera2 objective7 waypoint10)
7.773: (calibrate rover3 camera5 objective3 waypoint28)
7.802: (calibrate rover2 camera2 objective7 waypoint10)
7.803: (calibrate rover2 camera2 objective7 waypoint10)
7.813: (calibrate rover2 camera2 objective7 waypoint10)
7.821: (calibrate rover2 camera2 objective7 waypoint10)
7.766: (calibrate rover2 camera4 objective3 waypoint10)
7.766: (calibrate rover2 camera2 objective7 waypoint10)
7.768: (calibrate rover2 camera2 objective7 waypoint10)
7.769: (calibrate rover3 camera5 objective3 waypoint28)
7.770: (calibrate rover3 camera5 objective3 waypoint28)
7.771: (calibrate rover2 camera2 objective7 waypoint10)
7.779: (calibrate rover2 camera2 objective7 waypoint10)
7.780: (calibrate rover3 camera5 objective3 waypoint28)
7.795: (take_image rover3 waypoint28 objective10 camera5 low_res)
7.795: (take_image rover3 waypoint28 objective9 camera5 low_res)
7.776: (take_image rover2 waypoint10 objective4 camera4 high_res)
7.776: (take_image rover2 waypoint10 objective7 camera4 high_res)
7.776: (take_image rover2 waypoint10 objective9 camera4 high_res)
7.776: (take_image rover2 waypoint10 objective0 camera4 low_res)
7.776: (take_image rover2 waypoint10 objective1 camera4 low_res)
7.776: (take_image rover2 waypoint10 objective3 camera4 low_res)
7.776: (take_image rover2 waypoint10 objective4 camera4 low_res)
7.776: (take_image rover2 waypoint10 objective7 camera4 low_res)
7.776: (take_image rover2 waypoint10 objective9 camera4 low_res)
7.776: (take_image rover2 waypoint10 objective3 camera4 high_res)
7.809: (take_image rover2 waypoint10 objective7 camera2 high_res)
7.809: (take_image rover2 waypoint10 objective3 camera2 high_res)
7.809: (take_image rover2 waypoint10 objective4 camera2 high_res)
7.809: (take_image rover2 waypoint10 objective9 camera2 high_res)
7.809: (take_image rover2 waypoint10 objective0 camera2 high_res)
7.809: (take_image rover2 waypoint10 objective1 camera2 high_res)
7.822: (take_image rover3 waypoint28 objective8 camera5 high_res)
7.822: (take_image rover3 waypoint28 objective3 camera5 high_res)
7.822: (take_image rover3 waypoint28 objective9 camera5 high_res)
7.822: (take_image rover3 waypoint28 objective1 camera5 high_res)
7.831: (take_image rover1 waypoint18 objective0 camera7 colour)
7.850: (take_image rover1 waypoint18 objective2 camera7 colour)
7.853: (take_image rover1 waypoint18 objective8 camera7 low_res)
7.853: (take_image rover1 waypoint18 objective7 camera7 low_res)
7.853: (take_image rover1 waypoint18 objective7 camera7 colour)
7.853: (take_image rover1 waypoint18 objective8 camera7 colour)
7.853: (take_image rover1 waypoint18 objective3 camera7 colour)
7.859: (take_image rover1 waypoint18 objective3 camera7 low_res)
7.860: (take_image rover1 waypoint18 objective2 camera7 low_res)
7.924: (take_image rover1 waypoint18 objective2 camera7 colour)
7.810: (calibrate rover1 camera7 objective2 waypoint18)
7.824: (calibrate rover1 camera7 objective2 waypoint18)
7.831: (calibrate rover1 camera7 objective2 waypoint18)
7.832: (calibrate rover1 camera7 objective2 waypoint18)
7.832: (calibrate rover1 camera7 objective2 waypoint18)
7.877: (calibrate rover2 camera4 objective3 waypoint10)
7.880: (take_image rover3 waypoint28 objective8 camera5 high_res)
7.880: (take_image rover3 waypoint28 objective3 camera5 high_res)
7.880: (take_image rover3 waypoint28 objective10 camera5 high_res)
7.880: (take_image rover3 waypoint28 objective9 camera5 high_res)
7.765: (calibrate rover1 camera7 objective2 waypoint18)
7.765: (calibrate rover2 camera4 objective3 waypoint10)
7.777: (calibrate rover3 camera5 objective3 waypoint28)
7.777: (calibrate rover2 camera2 objective7 waypoint10)
7.786: (calibrate rover3 camera5 objective3 waypoint28)
7.786: (calibrate rover3 camera5 objective3 waypoint28)
7.790: (calibrate rover3 camera5 objective3 waypoint28)
7.804: (calibrate rover2 camera4 objective3 waypoint10)
7.813: (calibrate rover2 camera4 objective3 waypoint10)
7.814: (calibrate rover2 camera4 objective3 waypoint10)
7.770: (calibrate rover3 camera5 objective3 waypoint28)
7.770: (calibrate rover2 camera4 objective3 waypoint10)
7.770: (calibrate rover2 camera2 objective7 waypoint10)
7.779: (calibrate rover2 camera4 objective3 waypoint10)
7.780: (calibrate rover2 camera4 objective3 waypoint10)
7.780: (calibrate rover3 camera5 objective3 waypoint28)
7.780: (calibrate rover3 camera5 objective3 waypoint28)
7.784: (calibrate rover2 camera4 objective3 waypoint10)
7.800: (take_image rover2 waypoint10 objective9 camera2 high_res)
7.800: (take_image rover2 waypoint10 objective7 camera2 high_res)
7.773: (take_image rover2 waypoint10 objective9 camera2 high_res)
7.773: (take_image rover2 waypoint10 objective4 camera2 high_res)
7.773: (take_image rover2 waypoint10 objective3 camera2 high_res)
7.773: (take_image rover2 waypoint10 objective1 camera2 high_res)
7.773: (take_image rover2 waypoint10 objective0 camera2 high_res)
7.773: (take_image rover2 waypoint10 objective7 camera2 high_res)
7.774: (take_image rover2 waypoint10 objective9 camera2 high_res)
7.774: (take_image rover2 waypoint10 objective7 camera2 high_res)
7.774: (take_image rover2 waypoint10 objective1 camera2 high_res)
7.774: (take_image rover2 waypoint10 objective4 camera2 high_res)
7.809: (take_image rover3 waypoint28 objective9 camera5 low_res)
7.809: (take_image rover3 waypoint28 objective10 camera5 low_res)
7.809: (take_image rover3 waypoint28 objective10 camera5 low_res)
7.809: (take_image rover3 waypoint28 objective9 camera5 high_res)
7.809: (take_image rover3 waypoint28 objective1 camera5 low_res)
7.809: (take_image rover3 waypoint28 objective3 camera5 low_res)
7.809: (take_image rover3 waypoint28 objective1 camera5 low_res)
7.809: (take_image rover3 waypoint28 objective10 camera5 high_res)
7.809: (take_image rover3 waypoint28 objective3 camera5 high_res)
7.809: (take_image rover3 waypoint28 objective3 camera5 low_res)
7.913: (take_image rover1 waypoint18 objective2 camera7 colour)
7.913: (take_image rover1 waypoint18 objective7 camera7 colour)
7.913: (take_image rover1 waypoint18 objective3 camera7 colour)
7.913: (take_image rover1 waypoint18 objective2 camera7 low_res)
7.913: (take_image rover1 waypoint18 objective7 camera7 low_res)
7.913: (take_image rover1 waypoint18 objective8 camera7 low_res)
7.914: (take_image rover1 waypoint18 objective8 camera7 colour)
7.919: (take_image rover1 waypoint18 objective2 camera7 colour)
7.921: (take_image rover1 waypoint18 objective3 camera7 low_res)
7.921: (take_image rover1 waypoint18 objective8 camera7 colour)
7.808: (calibrate rover1 camera7 objective2 waypoint18)
7.811: (calibrate rover1 camera7 objective2 waypoint18)
7.878: (calibrate rover3 camera5 objective3 waypoint28)
7.879: (calibrate rover3 camera5 objective3 waypoint28)
7.885: (calibrate rover3 camera5 objective3 waypoint28)
7.886: (take_image rover2 waypoint10 objective0 camera4 low_res)
7.886: (take_image rover2 waypoint10 objective7 camera4 low_res)
7.886: (take_image rover2 waypoint10 objective9 camera4 low_res)
7.886: (take_image rover2 waypoint10 objective9 camera4 high_res)
7.886: (take_image rover2 waypoint10 objective4 camera4 low_res)
7.773: (calibrate rover3 camera5 objective3 waypoint28)
7.773: (calibrate rover1 camera7 objective2 waypoint18)
7.776: (calibrate rover1 camera7 objective2 waypoint18)
7.776: (calibrate rover3 camera5 objective3 waypoint28)
7.813: (calibrate rover2 camera2 objective7 waypoint10)
7.814: (calibrate rover2 camera2 objective7 waypoint10)
7.856: (calibrate rover2 camera2 objective7 waypoint10)
7.885: (calibrate rover2 camera2 objective7 waypoint10)
7.886: (calibrate rover2 camera2 objective7 waypoint10)
7.891: (calibrate rover2 camera2 objective7 waypoint10)
7.779: (calibrate rover3 camera5 objective3 waypoint28)
7.780: (calibrate rover2 camera2 objective7 waypoint10)
7.780: (calibrate rover1 camera7 objective2 waypoint18)
7.781: (calibrate rover2 camera2 objective7 waypoint10)
7.782: (calibrate rover3 camera5 objective3 waypoint28)
7.783: (calibrate rover1 camera7 objective2 waypoint18)
7.819: (take_image rover2 waypoint10 objective0 camera4 high_res)
7.819: (take_image rover2 waypoint10 objective3 camera4 high_res)
7.819: (take_image rover2 waypoint10 objective3 camera4 low_res)
7.819: (take_image rover2 waypoint10 objective1 camera4 low_res)
7.786: (take_image rover2 waypoint10 objective7 camera4 low_res)
7.786: (take_image rover2 waypoint10 objective9 camera4 low_res)
7.786: (take_image rover2 waypoint10 objective4 camera4 low_res)
7.786: (take_image rover2 waypoint10 objective1 camera4 low_res)
7.786: (take_image rover2 waypoint10 objective3 camera4 low_res)
7.786: (take_image rover2 waypoint10 objective0 camera4 low_res)
7.786: (take_image rover2 waypoint10 objective9 camera4 high_res)
7.786: (take_image rover2 waypoint10 objective7 camera4 high_res)
7.786: (take_image rover2 waypoint10 objective4 camera4 high_res)
7.786: (take_image rover2 waypoint10 objective1 camera4 high_res)
7.832: (take_image rover3 waypoint28 objective3 camera5 low_res)
7.832: (take_image rover3 waypoint28 objective1 camera5 low_res)
7.832: (take_image rover3 waypoint28 objective9 camera5 high_res)
7.832: (take_image rover3 waypoint28 objective10 camera5 high_res)
7.832: (take_image rover3 waypoint28 objective1 camera5 high_res)
7.832: (take_image rover3 waypoint28 objective8 camera5 high_res)
7.832: (take_image rover3 waypoint28 objective3 camera5 high_res)
7.832: (take_image rover3 waypoint28 objective9 camera5 low_res)
7.832: (take_image rover3 waypoint28 objective10 camera5 low_res)
7.890: (take_image rover3 waypoint28 objective8 camera5 low_res)
7.835: (take_image rover1 waypoint18 objective0 camera7 colour)
7.853: (calibrate rover3 camera5 objective3 waypoint28)
7.860: (take_image rover1 waypoint18 objective8 camera7 low_res)
7.860: (take_image rover1 waypoint18 objective7 camera7 low_res)
7.860: (take_image rover1 waypoint18 objective8 camera7 colour)
7.860: (take_image rover1 waypoint18 objective7 camera7 colour)
7.860: (take_image rover1 waypoint18 objective2 camera7 low_res)
7.860: (take_image rover1 waypoint18 objective3 camera7 colour)
7.860: (take_image rover1 waypoint18 objective2 camera7 colour)
7.866: (take_image rover1 waypoint18 objective3 camera7 low_res)
7.840: (calibrate rover1 camera7 objective2 waypoint18)
7.844: (calibrate rover1 camera7 objective2 waypoint18)
7.850: (calibrate rover2 camera4 objective3 waypoint10)
7.882: (take_image rover2 waypoint10 objective7 camera2 high_res)
7.882: (take_image rover2 waypoint10 objective9 camera2 high_res)
7.882: (take_image rover2 waypoint10 objective3 camera2 high_res)
7.882: (take_image rover2 waypoint10 objective4 camera2 high_res)
7.882: (take_image rover2 waypoint10 objective1 camera2 high_res)
7.882: (take_image rover2 waypoint10 objective0 camera2 high_res)
7.889: (take_image rover2 waypoint10 objective0 camera2 high_res)
7.796: (calibrate rover3 camera5 objective3 waypoint28)
7.805: (calibrate rover3 camera5 objective3 waypoint28)
7.823: (calibrate rover2 camera4 objective3 waypoint10)
7.830: (calibrate rover2 camera4 objective3 waypoint10)
7.840: (take_image rover1 waypoint18 objective3 camera7 low_res)
7.840: (take_image rover1 waypoint18 objective0 camera7 colour)
7.843: (take_image rover2 waypoint10 objective9 camera2 high_res)
7.843: (take_image rover2 waypoint10 objective0 camera2 high_res)
7.843: (take_image rover2 waypoint10 objective3 camera2 high_res)
7.843: (take_image rover2 waypoint10 objective4 camera2 high_res)
7.789: (calibrate rover3 camera5 objective3 waypoint28)
7.789: (calibrate rover2 camera4 objective3 waypoint10)
7.801: (calibrate rover3 camera5 objective3 waypoint28)
7.801: (calibrate rover2 camera4 objective3 waypoint10)
7.818: (take_image rover2 waypoint10 objective0 camera2 high_res)
7.818: (take_image rover2 waypoint10 objective4 camera2 high_res)
7.818: (take_image rover2 waypoint10 objective3 camera2 high_res)
7.818: (take_image rover2 waypoint10 objective7 camera2 high_res)
7.818: (take_image rover2 waypoint10 objective1 camera2 high_res)
7.818: (take_image rover2 waypoint10 objective9 camera2 high_res)
7.782: (take_image rover2 waypoint10 objective0 camera2 high_res)
7.782: (take_image rover2 waypoint10 objective1 camera2 high_res)
7.782: (take_image rover2 waypoint10 objective4 camera2 high_res)
7.782: (take_image rover2 waypoint10 objective3 camera2 high_res)
7.782: (take_image rover2 waypoint10 objective7 camera2 high_res)
7.782: (take_image rover2 waypoint10 objective9 camera2 high_res)
7.783: (calibrate rover3 camera5 objective3 waypoint28)
7.796: (take_image rover2 waypoint10 objective9 camera2 high_res)
7.797: (take_image rover2 waypoint10 objective1 camera2 high_res)
7.797: (take_image rover2 waypoint10 objective3 camera2 high_res)
7.827: (take_image rover3 waypoint28 objective10 camera5 low_res)
7.827: (take_image rover3 waypoint28 objective8 camera5 high_res)
7.827: (take_image rover3 waypoint28 objective9 camera5 low_res)
7.827: (take_image rover3 waypoint28 objective9 camera5 high_res)
7.827: (take_image rover3 waypoint28 objective3 camera5 high_res)
7.827: (take_image rover3 waypoint28 objective10 camera5 high_res)
7.827: (take_image rover3 waypoint28 objective3 camera5 low_res)
7.827: (take_image rover3 waypoint28 objective1 camera5 high_res)
7.827: (take_image rover3 waypoint28 objective1 camera5 low_res)
7.829: (take_image rover2 waypoint10 objective4 camera4 low_res)
7.935: (take_image rover1 waypoint18 objective2 camera7 low_res)
7.935: (take_image rover1 waypoint18 objective7 camera7 low_res)
7.935: (take_image rover1 waypoint18 objective8 camera7 low_res)
7.935: (take_image rover1 waypoint18 objective2 camera7 colour)
7.935: (take_image rover1 waypoint18 objective7 camera7 colour)
7.935: (take_image rover1 waypoint18 objective3 camera7 colour)
7.935: (take_image rover1 waypoint18 objective8 camera7 colour)
7.935: (take_image rover1 waypoint18 objective3 camera7 low_res)
7.942: (take_image rover1 waypoint18 objective2 camera7 colour)
7.942: (take_image rover1 waypoint18 objective0 camera7 colour)
7.887: (calibrate rover2 camera4 objective3 waypoint10)
7.895: (take_image rover3 waypoint28 objective1 camera5 high_res)
7.895: (take_image rover3 waypoint28 objective3 camera5 high_res)
7.895: (take_image rover3 waypoint28 objective8 camera5 high_res)
7.895: (take_image rover3 waypoint28 objective9 camera5 high_res)
7.895: (take_image rover3 waypoint28 objective10 camera5 low_res)
7.895: (take_image rover3 waypoint28 objective9 camera5 low_res)
7.895: (take_image rover3 waypoint28 objective10 camera5 high_res)
7.895: (take_image rover3 waypoint28 objective3 camera5 low_res)
7.895: (take_image rover3 waypoint28 objective1 camera5 low_res)
7.895: (calibrate rover2 camera2 objective7 waypoint10)
7.921: (take_image rover3 waypoint28 objective10 camera5 high_res)
7.921: (take_image rover3 waypoint28 objective9 camera5 high_res)
7.921: (take_image rover3 waypoint28 objective9 camera5 low_res)
7.921: (take_image rover3 waypoint28 objective3 camera5 high_res)
7.921: (take_image rover3 waypoint28 objective8 camera5 high_res)
7.921: (calibrate rover2 camera4 objective3 waypoint10)
7.921: (take_image rover3 waypoint28 objective10 camera5 low_res)
7.921: (take_image rover3 waypoint28 objective1 camera5 low_res)
7.921: (take_image rover3 waypoint28 objective3 camera5 low_res)
7.901: (take_image rover2 waypoint10 objective0 camera4 high_res)
7.901: (take_image rover2 waypoint10 objective1 camera4 high_res)
7.901: (take_image rover2 waypoint10 objective3 camera4 high_res)
7.901: (take_image rover2 waypoint10 objective4 camera4 high_res)
7.901: (take_image rover2 waypoint10 objective4 camera4 low_res)
7.901: (take_image rover2 waypoint10 objective7 camera4 high_res)
7.901: (take_image rover2 waypoint10 objective1 camera4 low_res)
7.901: (take_image rover2 waypoint10 objective9 camera4 high_res)
7.901: (take_image rover2 waypoint10 objective3 camera4 low_res)
7.901: (take_image rover2 waypoint10 objective0 camera4 low_res)
7.959: (take_image rover3 waypoint28 objective8 camera5 low_res)
8.164: (navigate rover0 waypoint19 waypoint8)
8.251: (navigate rover3 waypoint28 waypoint21)
8.383: (navigate rover3 waypoint28 waypoint5)
8.452: (navigate rover1 waypoint18 waypoint19)
8.524: (navigate rover2 waypoint10 waypoint12)
inf: (take_image rover2 waypoint10 objective9 camera2 high_res)
inf: (take_image rover2 waypoint10 objective7 camera2 high_res)
inf: (take_image rover2 waypoint10 objective4 camera2 high_res)
inf: (take_image rover2 waypoint10 objective3 camera2 high_res)
7.571: (communicate_soil_data rover2 general waypoint10 waypoint12 waypoint16)
7.797: (communicate_image_data rover2 general objective0 low_res waypoint12 waypoint16)
7.898: (calibrate rover1 camera7 objective2 waypoint18)
7.969: (calibrate rover3 camera5 objective3 waypoint28)
7.988: (take_image rover2 waypoint10 objective9 camera2 high_res)
7.988: (take_image rover2 waypoint10 objective7 camera2 high_res)
7.988: (take_image rover2 waypoint10 objective4 camera2 high_res)
7.988: (take_image rover2 waypoint10 objective3 camera2 high_res)
7.988: (take_image rover2 waypoint10 objective1 camera2 high_res)
7.988: (take_image rover2 waypoint10 objective0 camera2 high_res)
6.843: (communicate_soil_data rover2 general waypoint10 waypoint12 waypoint16)
6.843: (communicate_image_data rover2 general objective0 low_res waypoint12 waypoint16)
7.104: (navigate rover2 waypoint12 waypoint26)
7.174: (navigate rover2 waypoint12 waypoint10)
7.263: (navigate rover2 waypoint12 waypoint10)
7.330: (navigate rover2 waypoint12 waypoint26)
7.359: (navigate rover2 waypoint12 waypoint22)
7.364: (navigate rover2 waypoint12 waypoint24)
7.392: (navigate rover2 waypoint12 waypoint1)
7.462: (calibrate rover1 camera7 objective2 waypoint18)
6.316: (navigate rover2 waypoint12 waypoint26)
6.541: (navigate rover2 waypoint12 waypoint10)
6.583: (communicate_image_data rover2 general objective0 low_res waypoint24 waypoint16)
6.584: (navigate rover2 waypoint12 waypoint24)
6.617: (navigate rover2 waypoint12 waypoint22)
6.618: (communicate_image_data rover2 general objective0 low_res waypoint22 waypoint16)
6.633: (navigate rover2 waypoint12 waypoint1)
6.718: (navigate rover2 waypoint12 waypoint11)
6.803: (calibrate rover1 camera7 objective2 waypoint18)
6.803: (communicate_image_data rover2 general objective0 low_res waypoint12 waypoint16)
6.135: (take_image rover2 waypoint1 objective8 camera2 high_res)
6.278: (calibrate rover1 camera7 objective2 waypoint18)
6.278: (navigate rover2 waypoint12 waypoint26)
6.315: (take_image rover3 waypoint28 objective8 camera5 low_res)
6.338: (take_image rover3 waypoint28 objective10 camera5 high_res)
6.338: (take_image rover3 waypoint28 objective9 camera5 high_res)
6.338: (take_image rover3 waypoint28 objective1 camera5 high_res)
6.338: (take_image rover3 waypoint28 objective1 camera5 low_res)
6.338: (take_image rover3 waypoint28 objective8 camera5 high_res)
6.338: (take_image rover3 waypoint28 objective9 camera5 low_res)
6.050: (take_image rover3 waypoint28 objective8 camera5 low_res)
6.067: (take_image rover3 waypoint28 objective9 camera5 low_res)
6.067: (take_image rover3 waypoint28 objective10 camera5 low_res)
6.067: (take_image rover3 waypoint28 objective8 camera5 high_res)
6.067: (take_image rover3 waypoint28 objective3 camera5 high_res)
6.067: (take_image rover3 waypoint28 objective1 camera5 high_res)
6.067: (take_image rover3 waypoint28 objective9 camera5 high_res)
6.067: (take_image rover3 waypoint28 objective1 camera5 low_res)
6.067: (take_image rover3 waypoint28 objective10 camera5 high_res)
6.067: (take_image rover3 waypoint28 objective3 camera5 low_res)
6.014: (calibrate rover1 camera7 objective2 waypoint18)
6.031: (calibrate rover1 camera7 objective2 waypoint18)
6.077: (navigate rover3 waypoint28 waypoint21)
6.089: (navigate rover3 waypoint28 waypoint21)
6.120: (calibrate rover3 camera5 objective3 waypoint28)
6.151: (navigate rover3 waypoint28 waypoint5)
6.164: (navigate rover3 waypoint28 waypoint5)
6.253: (navigate rover0 waypoint19 waypoint8)
6.258: (navigate rover2 waypoint1 waypoint12)
6.270: (navigate rover0 waypoint19 waypoint8)
5.772: (navigate rover2 waypoint12 waypoint26)
5.949: (navigate rover3 waypoint5 waypoint9)
5.954: (navigate rover2 waypoint12 waypoint10)
5.955: (navigate rover3 waypoint5 waypoint9)
5.978: (navigate rover2 waypoint12 waypoint24)
6.033: (calibrate rover1 camera7 objective2 waypoint18)
6.033: (navigate rover3 waypoint28 waypoint21)
6.047: (calibrate rover1 camera7 objective2 waypoint18)
6.047: (navigate rover3 waypoint28 waypoint21)
6.051: (take_image rover1 waypoint18 objective0 camera7 colour)
4.968: (communicate_soil_data rover3 general waypoint28 waypoint9 waypoint16)
4.977: (communicate_soil_data rover3 general waypoint28 waypoint9 waypoint16)
5.224: (navigate rover3 waypoint9 waypoint18)
5.239: (navigate rover3 waypoint9 waypoint18)
5.732: (calibrate rover1 camera7 objective2 waypoint18)
5.804: (navigate rover2 waypoint24 waypoint21)
5.845: (calibrate rover3 camera5 objective3 waypoint28)
5.878: (navigate rover2 waypoint24 waypoint5)
5.904: (calibrate rover1 camera7 objective2 waypoint18)
5.906: (communicate_image_data rover3 general objective8 high_res waypoint9 waypoint16)
3.955: (sample_soil rover3 rover3store waypoint18)
3.974: (sample_soil rover3 rover3store waypoint18)
4.260: (navigate rover3 waypoint9 waypoint18)
4.275: (navigate rover3 waypoint9 waypoint18)
4.929: (calibrate rover1 camera7 objective2 waypoint18)
4.939: (calibrate rover1 camera7 objective2 waypoint18)
4.940: (communicate_soil_data rover3 general waypoint28 waypoint9 waypoint16)
4.940: (communicate_image_data rover3 general objective8 high_res waypoint9 waypoint16)
4.940: (communicate_image_data rover3 general objective8 high_res waypoint9 waypoint16)
4.960: (communicate_image_data rover3 general objective10 high_res waypoint9 waypoint16)
2.932: (sample_soil rover3 rover3store waypoint18)
2.953: (sample_soil rover3 rover3store waypoint18)
3.910: (drop rover3 rover3store)
3.926: (sample_soil rover2 rover2store waypoint1)
3.931: (drop rover3 rover3store)
3.942: (sample_soil rover2 rover2store waypoint1)
3.944: (navigate rover1 waypoint18 waypoint19)
3.956: (calibrate rover1 camera7 objective2 waypoint18)
3.964: (navigate rover1 waypoint18 waypoint19)
3.973: (calibrate rover1 camera7 objective2 waypoint18)
2.892: (drop rover3 rover3store)
2.911: (sample_soil rover2 rover2store waypoint1)
2.915: (drop rover3 rover3store)
2.922: (navigate rover1 waypoint18 waypoint19)
2.931: (sample_soil rover2 rover2store waypoint1)
2.933: (calibrate rover1 camera7 objective2 waypoint18)
2.944: (navigate rover1 waypoint18 waypoint19)
2.952: (calibrate rover1 camera7 objective2 waypoint18)
3.052: (calibrate rover3 camera5 objective3 waypoint18)
3.065: (calibrate rover3 camera5 objective3 waypoint18)
2.881: (sample_soil rover2 rover2store waypoint1)
2.881: (drop rover3 rover3store)
2.888: (drop rover3 rover3store)
2.888: (navigate rover1 waypoint18 waypoint19)
2.895: (drop rover3 rover3store)
2.895: (calibrate rover1 camera7 objective2 waypoint18)
2.900: (sample_soil rover2 rover2store waypoint1)
2.901: (navigate rover1 waypoint18 waypoint19)
2.903: (drop rover3 rover3store)
2.903: (sample_soil rover2 rover2store waypoint1)
2.869: (navigate rover1 waypoint19 waypoint8)
2.876: (sample_soil rover2 rover2store waypoint1)
2.876: (navigate rover1 waypoint18 waypoint19)
2.876: (drop rover3 rover3store)
2.881: (calibrate rover1 camera7 objective2 waypoint18)
2.881: (navigate rover1 waypoint19 waypoint8)
2.881: (sample_soil rover2 rover2store waypoint1)
2.886: (drop rover2 rover2store)
2.892: (navigate rover1 waypoint18 waypoint19)
2.896: (take_image rover1 waypoint18 objective0 camera7 colour)
2.852: (navigate rover1 waypoint19 waypoint8)
2.852: (sample_soil rover2 rover2store waypoint1)
2.852: (drop rover3 rover3store)
2.862: (calibrate rover1 camera7 objective2 waypoint8)
2.862: (navigate rover1 waypoint19 waypoint8)
2.870: (calibrate rover1 camera7 objective2 waypoint8)
2.877: (sample_soil rover2 rover2store waypoint1)
2.877: (navigate rover1 waypoint18 waypoint19)
2.882: (drop rover2 rover2store)
2.882: (navigate rover1 waypoint18 waypoint19)
2.843: (drop rover3 rover3store)
2.843: (sample_soil rover2 rover2store waypoint1)
2.843: (calibrate rover1 camera7 objective2 waypoint8)
2.843: (navigate rover1 waypoint19 waypoint8)
2.863: (drop rover2 rover2store)
2.863: (navigate rover1 waypoint19 waypoint8)
2.863: (take_image rover1 waypoint8 objective6 camera7 colour)
2.864: (take_image rover1 waypoint8 objective6 camera7 low_res)
2.865: (navigate rover0 waypoint19 waypoint8)
2.871: (take_image rover1 waypoint8 objective1 camera7 colour)
2.847: (take_image rover1 waypoint8 objective6 camera7 colour)
2.847: (sample_soil rover2 rover2store waypoint1)
2.847: (sample_soil rover2 rover2store waypoint1)
2.847: (take_image rover1 waypoint8 objective6 camera7 low_res)
2.854: (sample_soil rover2 rover2store waypoint1)
2.854: (take_image rover1 waypoint8 objective1 camera7 colour)
2.854: (take_image rover1 waypoint8 objective10 camera7 colour)
2.856: (drop rover2 rover2store)
2.856: (calibrate rover1 camera7 objective2 waypoint8)
2.856: (take_image rover1 waypoint8 objective1 camera7 low_res)
2.839: (calibrate rover1 camera7 objective2 waypoint8)
2.839: (calibrate rover1 camera7 objective2 waypoint8)
2.844: (calibrate rover1 camera7 objective2 waypoint8)
2.845: (calibrate rover1 camera7 objective2 waypoint8)
2.850: (calibrate rover1 camera7 objective2 waypoint8)
2.858: (take_image rover1 waypoint8 objective6 camera7 colour)
2.858: (drop rover2 rover2store)
2.858: (take_image rover1 waypoint8 objective6 camera7 low_res)
2.859: (drop rover2 rover2store)
2.865: (take_image rover1 waypoint8 objective1 camera7 colour)
2.845: (take_image rover1 waypoint8 objective6 camera7 colour)
2.845: (take_image rover1 waypoint8 objective6 camera7 low_res)
2.848: (take_image rover1 waypoint8 objective6 camera7 colour)
2.848: (take_image rover1 waypoint8 objective1 camera7 colour)
2.848: (take_image rover1 waypoint8 objective6 camera7 low_res)
2.849: (take_image rover1 waypoint8 objective10 camera7 colour)
2.849: (take_image rover1 waypoint8 objective6 camera7 colour)
2.849: (take_image rover1 waypoint8 objective1 camera7 colour)
2.850: (take_image rover1 waypoint8 objective10 camera7 colour)
2.850: (take_image rover1 waypoint8 objective6 camera7 low_res)
2.836: (calibrate rover1 camera7 objective2 waypoint8)
2.840: (calibrate rover1 camera7 objective2 waypoint8)
2.840: (calibrate rover1 camera7 objective2 waypoint8)
2.840: (calibrate rover1 camera7 objective2 waypoint8)
2.841: (calibrate rover1 camera7 objective2 waypoint8)
2.856: (drop rover2 rover2store)
2.860: (drop rover2 rover2store)
2.860: (drop rover2 rover2store)
2.860: (drop rover2 rover2store)
2.861: (drop rover2 rover2store)
2.846: (take_image rover1 waypoint8 objective1 camera7 colour)
2.846: (take_image rover1 waypoint8 objective6 camera7 low_res)
2.847: (take_image rover1 waypoint8 objective10 camera7 colour)
2.847: (take_image rover1 waypoint8 objective6 camera7 colour)
2.847: (take_image rover1 waypoint8 objective6 camera7 low_res)
2.847: (take_image rover1 waypoint8 objective6 camera7 colour)
2.849: (take_image rover1 waypoint8 objective1 camera7 low_res)
2.849: (take_image rover1 waypoint8 objective10 camera7 low_res)
2.850: (drop rover2 rover2store)
2.850: (take_image rover1 waypoint8 objective1 camera7 colour)
2.838: (calibrate rover1 camera7 objective2 waypoint8)
2.838: (calibrate rover1 camera7 objective2 waypoint8)
2.841: (calibrate rover1 camera7 objective2 waypoint8)
2.843: (calibrate rover1 camera7 objective2 waypoint8)
2.843: (calibrate rover1 camera7 objective2 waypoint8)
2.857: (take_image rover1 waypoint8 objective1 camera7 colour)
2.858: (drop rover2 rover2store)
2.858: (drop rover2 rover2store)
2.858: (take_image rover1 waypoint8 objective10 camera7 colour)
2.860: (take_image rover1 waypoint8 objective1 camera7 low_res)
2.847: (take_image rover1 waypoint8 objective6 camera7 low_res)
2.848: (take_image rover1 waypoint8 objective10 camera7 colour)
2.848: (take_image rover1 waypoint8 objective1 camera7 colour)
2.849: (take_image rover1 waypoint8 objective1 camera7 low_res)
2.849: (take_image rover1 waypoint8 objective1 camera7 colour)
2.849: (take_image rover1 waypoint8 objective10 camera7 low_res)
2.850: (take_image rover1 waypoint8 objective1 camera7 low_res)
2.850: (take_image rover1 waypoint8 objective10 camera7 low_res)
2.851: (take_image rover1 waypoint8 objective10 camera7 colour)
2.851: (calibrate rover1 camera7 objective2 waypoint8)
2.839: (calibrate rover1 camera7 objective2 waypoint8)
2.843: (calibrate rover1 camera7 objective2 waypoint8)
2.843: (calibrate rover1 camera7 objective2 waypoint8)
2.843: (calibrate rover1 camera7 objective2 waypoint8)
2.859: (drop rover2 rover2store)
2.859: (take_image rover1 waypoint8 objective10 camera7 colour)
2.861: (take_image rover1 waypoint8 objective1 camera7 low_res)
2.861: (drop rover2 rover2store)
2.861: (drop rover2 rover2store)
2.862: (drop rover2 rover2store)
2.850: (take_image rover1 waypoint8 objective10 camera7 low_res)
2.850: (take_image rover1 waypoint8 objective1 camera7 colour)
2.850: (take_image rover1 waypoint8 objective1 camera7 low_res)
2.851: (take_image rover1 waypoint8 objective10 camera7 colour)
2.851: (take_image rover1 waypoint8 objective1 camera7 low_res)
2.851: (take_image rover1 waypoint8 objective10 camera7 colour)
2.851: (take_image rover1 waypoint8 objective10 camera7 low_res)
2.851: (take_image rover1 waypoint8 objective1 camera7 colour)
2.852: (calibrate rover1 camera7 objective2 waypoint8)
2.852: (drop rover2 rover2store)
2.843: (calibrate rover1 camera7 objective2 waypoint8)
2.843: (calibrate rover1 camera7 objective2 waypoint8)
2.844: (calibrate rover1 camera7 objective2 waypoint8)
2.844: (calibrate rover1 camera7 objective2 waypoint8)
2.862: (drop rover2 rover2store)
2.862: (drop rover2 rover2store)
2.862: (take_image rover1 waypoint8 objective1 camera7 low_res)
2.862: (take_image rover1 waypoint8 objective10 camera7 low_res)
2.862: (drop rover2 rover2store)
2.862: (drop rover2 rover2store)
2.850: (take_image rover1 waypoint8 objective10 camera7 colour)
2.850: (take_image rover1 waypoint8 objective1 camera7 colour)
2.851: (take_image rover1 waypoint8 objective10 camera7 low_res)
2.851: (take_image rover1 waypoint8 objective1 camera7 low_res)
2.857: (calibrate rover1 camera7 objective2 waypoint8)
2.857: (calibrate rover1 camera7 objective2 waypoint8)
2.857: (drop rover2 rover2store)
2.857: (drop rover2 rover2store)
2.857: (drop rover2 rover2store)
2.858: (drop rover2 rover2store)
2.843: (calibrate rover1 camera7 objective2 waypoint8)
2.861: (take_image rover1 waypoint8 objective10 camera7 colour)
2.861: (take_image rover1 waypoint8 objective1 camera7 low_res)
2.861: (take_image rover1 waypoint8 objective10 camera7 low_res)
2.862: (drop rover2 rover2store)
2.862: (take_image rover1 waypoint8 objective1 camera7 colour)
2.879: (navigate rover1 waypoint8 waypoint19)
2.889: (navigate rover1 waypoint8 waypoint19)
2.890: (navigate rover1 waypoint8 waypoint19)
2.890: (navigate rover1 waypoint8 waypoint19)
2.857: (calibrate rover1 camera7 objective2 waypoint8)
2.857: (drop rover2 rover2store)
2.876: (take_image rover1 waypoint19 objective5 camera7 colour)
2.876: (take_image rover1 waypoint19 objective5 camera7 colour)
2.877: (take_image rover1 waypoint19 objective5 camera7 colour)
2.878: (navigate rover0 waypoint19 waypoint8)
2.878: (navigate rover0 waypoint19 waypoint8)
2.880: (take_image rover1 waypoint19 objective5 camera7 low_res)
2.880: (navigate rover0 waypoint19 waypoint8)
2.881: (take_image rover1 waypoint19 objective5 camera7 low_res)
2.852: (navigate rover1 waypoint19 waypoint8)
2.852: (navigate rover1 waypoint19 waypoint8)
2.853: (navigate rover1 waypoint19 waypoint8)
2.856: (navigate rover1 waypoint19 waypoint8)
2.857: (navigate rover1 waypoint19 waypoint8)
2.880: (navigate rover1 waypoint19 waypoint18)
2.881: (navigate rover1 waypoint19 waypoint18)
2.881: (navigate rover1 waypoint19 waypoint18)
2.884: (navigate rover1 waypoint19 waypoint18)
2.885: (navigate rover1 waypoint19 waypoint18)
2.848: (calibrate rover1 camera7 objective2 waypoint8)
2.848: (calibrate rover1 camera7 objective2 waypoint8)
2.849: (calibrate rover1 camera7 objective2 waypoint8)
2.852: (calibrate rover1 camera7 objective2 waypoint8)
2.852: (calibrate rover1 camera7 objective2 waypoint8)
2.884: (calibrate rover1 camera7 objective2 waypoint18)
2.884: (calibrate rover1 camera7 objective2 waypoint18)
2.884: (calibrate rover1 camera7 objective2 waypoint18)
2.888: (calibrate rover1 camera7 objective2 waypoint18)
2.888: (calibrate rover1 camera7 objective2 waypoint18)
2.852: (take_image rover1 waypoint8 objective10 camera7 colour)
2.852: (take_image rover1 waypoint8 objective1 camera7 low_res)
2.852: (take_image rover1 waypoint8 objective1 camera7 colour)
2.855: (take_image rover1 waypoint8 objective10 camera7 colour)
2.856: (take_image rover1 waypoint8 objective1 camera7 colour)
2.881: (navigate rover1 waypoint18 waypoint19)
2.881: (take_image rover1 waypoint18 objective0 camera7 colour)
2.882: (navigate rover1 waypoint8 waypoint19)
2.882: (navigate rover1 waypoint18 waypoint19)
2.882: (navigate rover1 waypoint18 waypoint19)
2.848: (calibrate rover1 camera7 objective2 waypoint8)
2.852: (calibrate rover1 camera7 objective2 waypoint8)
2.871: (navigate rover0 waypoint19 waypoint8)
2.871: (navigate rover0 waypoint19 waypoint8)
2.872: (navigate rover0 waypoint19 waypoint8)
2.876: (take_image rover1 waypoint19 objective1 camera7 colour)
2.876: (take_image rover1 waypoint19 objective1 camera7 low_res)
2.876: (take_image rover1 waypoint19 objective10 camera7 colour)
2.876: (navigate rover1 waypoint8 waypoint19)
2.877: (take_image rover1 waypoint19 objective5 camera7 low_res)
2.852: (navigate rover1 waypoint19 waypoint8)
2.880: (navigate rover1 waypoint19 waypoint18)
2.881: (navigate rover1 waypoint19 waypoint18)
2.882: (navigate rover1 waypoint8 waypoint19)
2.884: (navigate rover0 waypoint19 waypoint8)
2.884: (take_image rover1 waypoint19 objective10 camera7 colour)
2.884: (take_image rover1 waypoint19 objective5 camera7 low_res)
2.884: (take_image rover1 waypoint19 objective5 camera7 low_res)
2.885: (take_image rover1 waypoint19 objective1 camera7 colour)
2.885: (take_image rover1 waypoint19 objective5 camera7 colour)
2.849: (calibrate rover1 camera7 objective2 waypoint8)
2.871: (navigate rover0 waypoint19 waypoint8)
2.877: (navigate rover0 waypoint8 waypoint19)
2.877: (take_image rover1 waypoint19 objective5 camera7 low_res)
2.878: (take_image rover1 waypoint19 objective0 camera7 colour)
2.884: (navigate rover1 waypoint19 waypoint18)
2.884: (calibrate rover1 camera7 objective2 waypoint18)
2.885: (calibrate rover1 camera7 objective2 waypoint18)
2.895: (take_image rover1 waypoint19 objective0 camera7 low_res)
2.949: (calibrate rover3 camera5 objective3 waypoint18)
2.844: (take_image rover3 waypoint18 objective2 camera5 low_res)
2.848: (take_image rover3 waypoint18 objective2 camera5 high_res)
2.850: (take_image rover3 waypoint18 objective7 camera5 high_res)
2.851: (take_image rover3 waypoint18 objective7 camera5 low_res)
2.851: (take_image rover3 waypoint18 objective0 camera5 high_res)
2.852: (navigate rover1 waypoint19 waypoint8)
2.852: (navigate rover1 waypoint19 waypoint8)
2.852: (take_image rover1 waypoint8 objective10 camera7 colour)
2.854: (navigate rover1 waypoint19 waypoint8)
2.871: (navigate rover1 waypoint19 waypoint8)
2.837: (calibrate rover1 camera7 objective2 waypoint8)
2.841: (calibrate rover1 camera7 objective2 waypoint8)
2.847: (calibrate rover1 camera7 objective2 waypoint8)
2.847: (calibrate rover1 camera7 objective2 waypoint8)
2.848: (calibrate rover1 camera7 objective2 waypoint8)
2.849: (calibrate rover1 camera7 objective2 waypoint8)
2.849: (calibrate rover1 camera7 objective2 waypoint8)
2.851: (calibrate rover1 camera7 objective2 waypoint8)
2.867: (calibrate rover1 camera7 objective2 waypoint8)
2.868: (navigate rover1 waypoint8 waypoint19)
2.844: (take_image rover1 waypoint8 objective10 camera7 colour)
2.849: (take_image rover1 waypoint8 objective10 camera7 colour)
2.851: (take_image rover1 waypoint8 objective10 camera7 colour)
2.851: (take_image rover1 waypoint8 objective10 camera7 colour)
2.852: (take_image rover1 waypoint8 objective10 camera7 colour)
2.872: (navigate rover1 waypoint19 waypoint18)
2.872: (navigate rover1 waypoint8 waypoint19)
2.874: (navigate rover1 waypoint8 waypoint19)
2.876: (navigate rover0 waypoint19 waypoint8)
2.881: (navigate rover1 waypoint8 waypoint19)
2.838: (calibrate rover1 camera7 objective2 waypoint8)
2.841: (calibrate rover1 camera7 objective2 waypoint8)
2.848: (calibrate rover1 camera7 objective2 waypoint8)
2.848: (calibrate rover1 camera7 objective2 waypoint8)
2.848: (calibrate rover1 camera7 objective2 waypoint8)
2.858: (navigate rover0 waypoint19 waypoint8)
2.863: (navigate rover0 waypoint19 waypoint8)
2.867: (take_image rover1 waypoint19 objective10 camera7 colour)
2.868: (navigate rover1 waypoint8 waypoint19)
2.869: (navigate rover0 waypoint19 waypoint8)
2.872: (navigate rover1 waypoint19 waypoint18)
2.873: (navigate rover1 waypoint8 waypoint19)
2.875: (navigate rover1 waypoint8 waypoint19)
2.875: (take_image rover1 waypoint19 objective10 camera7 colour)
2.877: (navigate rover0 waypoint19 waypoint8)
2.877: (take_image rover1 waypoint19 objective0 camera7 colour)
2.880: (take_image rover1 waypoint19 objective1 camera7 low_res)
2.880: (take_image rover1 waypoint19 objective10 camera7 low_res)
2.880: (take_image rover1 waypoint19 objective5 camera7 low_res)
2.881: (take_image rover1 waypoint19 objective5 camera7 colour)
2.859: (navigate rover0 waypoint19 waypoint8)
2.863: (navigate rover0 waypoint19 waypoint8)
2.869: (navigate rover0 waypoint8 waypoint19)
2.870: (take_image rover1 waypoint19 objective0 camera7 colour)
2.874: (navigate rover0 waypoint8 waypoint19)
2.874: (take_image rover1 waypoint19 objective10 camera7 low_res)
2.874: (take_image rover1 waypoint19 objective10 camera7 colour)
2.874: (take_image rover1 waypoint19 objective5 camera7 low_res)
2.874: (take_image rover1 waypoint19 objective1 camera7 low_res)
2.874: (take_image rover1 waypoint19 objective5 camera7 colour)
2.845: (navigate rover1 waypoint19 waypoint8)
2.845: (navigate rover1 waypoint19 waypoint8)
2.873: (navigate rover1 waypoint19 waypoint18)
2.874: (navigate rover1 waypoint19 waypoint18)
2.877: (navigate rover1 waypoint19 waypoint18)
2.878: (take_image rover1 waypoint19 objective0 camera7 colour)
2.878: (navigate rover1 waypoint19 waypoint18)
2.878: (navigate rover0 waypoint19 waypoint8)
2.881: (take_image rover1 waypoint19 objective10 camera7 colour)
2.881: (take_image rover1 waypoint19 objective1 camera7 low_res)
2.843: (calibrate rover1 camera7 objective2 waypoint8)
2.843: (calibrate rover1 camera7 objective2 waypoint8)
2.874: (calibrate rover1 camera7 objective2 waypoint18)
2.874: (calibrate rover1 camera7 objective2 waypoint18)
2.878: (calibrate rover1 camera7 objective2 waypoint18)
2.878: (calibrate rover1 camera7 objective2 waypoint18)
2.944: (calibrate rover3 camera5 objective3 waypoint18)
2.944: (calibrate rover3 camera5 objective3 waypoint18)
2.968: (navigate rover3 waypoint18 waypoint9)
2.968: (navigate rover3 waypoint18 waypoint9)
1.964: (communicate_soil_data rover3 general waypoint18 waypoint9 waypoint16)
1.964: (communicate_soil_data rover3 general waypoint18 waypoint9 waypoint16)
2.843: (take_image rover3 waypoint18 objective2 camera5 high_res)
2.844: (take_image rover3 waypoint18 objective2 camera5 high_res)
2.844: (take_image rover3 waypoint18 objective7 camera5 high_res)
2.845: (take_image rover3 waypoint18 objective7 camera5 low_res)
2.845: (take_image rover3 waypoint18 objective0 camera5 high_res)
2.845: (take_image rover3 waypoint18 objective0 camera5 high_res)
2.845: (take_image rover3 waypoint18 objective7 camera5 high_res)
2.845: (take_image rover3 waypoint18 objective7 camera5 low_res)
1.904: (communicate_image_data rover3 general objective8 high_res waypoint9 waypoint16)
1.906: (communicate_image_data rover3 general objective8 high_res waypoint9 waypoint16)
1.933: (navigate rover3 waypoint9 waypoint5)
1.933: (navigate rover3 waypoint9 waypoint5)
1.945: (navigate rover3 waypoint9 waypoint18)
1.945: (navigate rover3 waypoint9 waypoint18)
1.952: (communicate_image_data rover3 general objective1 high_res waypoint9 waypoint16)
1.952: (communicate_image_data rover3 general objective10 high_res waypoint9 waypoint16)
1.952: (communicate_image_data rover3 general objective1 high_res waypoint9 waypoint16)
1.952: (communicate_image_data rover3 general objective10 high_res waypoint9 waypoint16)
1.860: (navigate rover3 waypoint9 waypoint16)
1.862: (navigate rover3 waypoint9 waypoint16)
1.877: (navigate rover2 waypoint1 waypoint12)
1.879: (navigate rover2 waypoint1 waypoint12)
1.879: (navigate rover3 waypoint5 waypoint28)
1.879: (navigate rover3 waypoint5 waypoint28)
1.903: (calibrate rover3 camera5 objective3 waypoint9)
1.904: (communicate_image_data rover3 general objective8 low_res waypoint9 waypoint16)
1.904: (communicate_image_data rover3 general objective9 low_res waypoint9 waypoint16)
1.904: (navigate rover3 waypoint5 waypoint15)
1.763: (navigate rover2 waypoint12 waypoint26)
1.765: (navigate rover2 waypoint12 waypoint26)
1.780: (navigate rover2 waypoint12 waypoint10)
1.782: (navigate rover2 waypoint12 waypoint10)
1.791: (navigate rover2 waypoint12 waypoint22)
1.793: (navigate rover2 waypoint12 waypoint22)
1.832: (navigate rover2 waypoint12 waypoint24)
1.834: (navigate rover2 waypoint12 waypoint24)
1.839: (navigate rover3 waypoint9 waypoint16)
1.839: (calibrate rover3 camera5 objective3 waypoint16)
1.628: (navigate rover2 waypoint24 waypoint16)
1.630: (navigate rover2 waypoint24 waypoint16)
1.689: (navigate rover3 waypoint9 waypoint16)
1.692: (navigate rover3 waypoint9 waypoint16)
1.737: (navigate rover3 waypoint9 waypoint16)
1.739: (navigate rover3 waypoint9 waypoint16)
1.756: (navigate rover3 waypoint9 waypoint16)
1.759: (navigate rover3 waypoint9 waypoint16)
1.763: (navigate rover2 waypoint24 waypoint5)
1.763: (calibrate rover3 camera5 objective3 waypoint9)
1.613: (calibrate rover2 camera4 objective3 waypoint16)
1.616: (calibrate rover2 camera4 objective3 waypoint16)
1.618: (calibrate rover3 camera5 objective3 waypoint9)
1.621: (calibrate rover3 camera5 objective3 waypoint9)
1.628: (communicate_image_data rover3 general objective9 low_res waypoint9 waypoint16)
1.628: (communicate_image_data rover3 general objective8 low_res waypoint9 waypoint16)
1.629: (communicate_image_data rover3 general objective1 high_res waypoint9 waypoint16)
1.629: (communicate_image_data rover3 general objective1 low_res waypoint9 waypoint16)
1.630: (communicate_image_data rover3 general objective2 low_res waypoint9 waypoint16)
1.630: (communicate_image_data rover3 general objective9 low_res waypoint9 waypoint16)
1.612: (calibrate rover2 camera4 objective3 waypoint16)
1.612: (calibrate rover3 camera5 objective3 waypoint9)
1.613: (communicate_image_data rover3 general objective9 low_res waypoint9 waypoint16)
1.613: (communicate_image_data rover3 general objective8 low_res waypoint9 waypoint16)
1.614: (calibrate rover2 camera4 objective3 waypoint16)
1.614: (calibrate rover2 camera4 objective3 waypoint16)
1.614: (communicate_image_data rover3 general objective1 high_res waypoint9 waypoint16)
1.614: (communicate_image_data rover3 general objective1 low_res waypoint9 waypoint16)
1.614: (calibrate rover2 camera4 objective3 waypoint16)
1.614: (calibrate rover2 camera4 objective3 waypoint16)
1.610: (take_image rover2 waypoint16 objective2 camera4 high_res)
1.610: (take_image rover3 waypoint9 objective5 camera5 high_res)
1.610: (take_image rover2 waypoint16 objective2 camera4 low_res)
1.611: (take_image rover3 waypoint9 objective5 camera5 low_res)
1.612: (calibrate rover3 camera5 objective3 waypoint9)
1.612: (communicate_image_data rover3 general objective9 low_res waypoint9 waypoint16)
1.612: (calibrate rover3 camera5 objective3 waypoint9)
1.613: (calibrate rover3 camera5 objective3 waypoint9)
1.613: (communicate_image_data rover3 general objective8 low_res waypoint9 waypoint16)
1.613: (take_image rover3 waypoint9 objective2 camera5 high_res)
1.605: (calibrate rover2 camera4 objective3 waypoint16)
1.605: (calibrate rover2 camera4 objective3 waypoint16)
1.609: (take_image rover2 waypoint16 objective2 camera4 high_res)
1.609: (take_image rover3 waypoint9 objective5 camera5 low_res)
1.610: (take_image rover2 waypoint16 objective2 camera4 low_res)
1.610: (take_image rover3 waypoint9 objective5 camera5 high_res)
1.610: (communicate_image_data rover3 general objective8 low_res waypoint9 waypoint16)
1.610: (communicate_image_data rover3 general objective9 low_res waypoint9 waypoint16)
1.610: (take_image rover2 waypoint16 objective2 camera4 high_res)
1.610: (communicate_image_data rover3 general objective9 low_res waypoint9 waypoint16)
1.604: (take_image rover3 waypoint9 objective5 camera5 low_res)
1.604: (take_image rover3 waypoint9 objective5 camera5 high_res)
1.604: (take_image rover3 waypoint9 objective5 camera5 high_res)
1.604: (take_image rover3 waypoint9 objective5 camera5 low_res)
1.605: (communicate_image_data rover3 general objective9 low_res waypoint9 waypoint16)
1.605: (communicate_image_data rover3 general objective8 low_res waypoint9 waypoint16)
1.605: (calibrate rover2 camera4 objective3 waypoint16)
1.605: (calibrate rover2 camera4 objective3 waypoint16)
1.605: (communicate_image_data rover3 general objective8 low_res waypoint9 waypoint16)
1.605: (communicate_image_data rover3 general objective9 low_res waypoint9 waypoint16)
1.603: (calibrate rover3 camera5 objective3 waypoint9)
1.603: (calibrate rover3 camera5 objective3 waypoint9)
1.603: (take_image rover3 waypoint9 objective5 camera5 low_res)
1.603: (calibrate rover3 camera5 objective3 waypoint9)
1.603: (calibrate rover3 camera5 objective3 waypoint9)
1.603: (take_image rover3 waypoint9 objective5 camera5 high_res)
1.603: (take_image rover3 waypoint9 objective5 camera5 low_res)
1.603: (take_image rover3 waypoint9 objective5 camera5 high_res)
1.603: (communicate_image_data rover3 general objective9 low_res waypoint9 waypoint16)
1.604: (communicate_image_data rover3 general objective8 low_res waypoint9 waypoint16)
1.602: (communicate_image_data rover3 general objective9 low_res waypoint9 waypoint16)
1.602: (take_image rover3 waypoint9 objective5 camera5 high_res)
1.602: (communicate_image_data rover3 general objective8 low_res waypoint9 waypoint16)
1.602: (communicate_image_data rover3 general objective9 low_res waypoint9 waypoint16)
1.603: (take_image rover3 waypoint9 objective5 camera5 low_res)
1.603: (communicate_image_data rover3 general objective1 high_res waypoint9 waypoint16)
1.603: (communicate_image_data rover3 general objective1 low_res waypoint9 waypoint16)
1.603: (calibrate rover3 camera5 objective3 waypoint9)
1.603: (communicate_image_data rover3 general objective8 low_res waypoint9 waypoint16)
1.603: (take_image rover3 waypoint9 objective2 camera5 high_res)
1.602: (communicate_image_data rover3 general objective2 low_res waypoint9 waypoint16)
1.602: (communicate_image_data rover3 general objective9 low_res waypoint9 waypoint16)
1.603: (communicate_image_data rover3 general objective2 low_res waypoint9 waypoint16)
1.603: (calibrate rover3 camera5 objective3 waypoint9)
1.603: (communicate_image_data rover3 general objective8 low_res waypoint9 waypoint16)
1.603: (communicate_image_data rover3 general objective1 low_res waypoint9 waypoint16)
1.603: (communicate_image_data rover3 general objective9 low_res waypoint9 waypoint16)
1.603: (take_image rover3 waypoint9 objective5 camera5 high_res)
1.603: (communicate_image_data rover3 general objective5 low_res waypoint9 waypoint16)
1.603: (take_image rover3 waypoint9 objective2 camera5 high_res)
1.601: (calibrate rover3 camera5 objective3 waypoint9)
1.602: (communicate_image_data rover3 general objective9 low_res waypoint9 waypoint16)
1.603: (communicate_image_data rover3 general objective8 low_res waypoint9 waypoint16)
1.603: (take_image rover3 waypoint9 objective2 camera5 high_res)
1.603: (communicate_image_data rover3 general objective1 low_res waypoint9 waypoint16)
1.604: (take_image rover3 waypoint9 objective3 camera5 high_res)
1.604: (take_image rover3 waypoint9 objective9 camera5 high_res)
1.604: (communicate_image_data rover3 general objective1 high_res waypoint9 waypoint16)
1.604: (take_image rover3 waypoint9 objective2 camera5 low_res)
1.604: (take_image rover3 waypoint9 objective9 camera5 low_res)
1.602: (calibrate rover3 camera5 objective3 waypoint9)
1.603: (communicate_image_data rover3 general objective9 low_res waypoint9 waypoint16)
1.603: (take_image rover3 waypoint9 objective3 camera5 high_res)
1.603: (take_image rover3 waypoint9 objective5 camera5 low_res)
1.603: (take_image rover3 waypoint9 objective3 camera5 low_res)
1.603: (take_image rover3 waypoint9 objective9 camera5 low_res)
1.603: (take_image rover3 waypoint9 objective2 camera5 low_res)
1.603: (take_image rover3 waypoint9 objective5 camera5 high_res)
1.603: (take_image rover3 waypoint9 objective9 camera5 high_res)
1.603: (communicate_image_data rover3 general objective1 high_res waypoint9 waypoint16)
1.603: (communicate_image_data rover3 general objective9 low_res waypoint9 waypoint16)
1.604: (communicate_image_data rover3 general objective8 low_res waypoint9 waypoint16)
1.604: (communicate_image_data rover3 general objective9 low_res waypoint9 waypoint16)
1.604: (communicate_image_data rover3 general objective9 low_res waypoint9 waypoint16)
1.604: (take_image rover3 waypoint9 objective2 camera5 high_res)
1.604: (take_image rover3 waypoint9 objective3 camera5 low_res)
1.604: (take_image rover3 waypoint9 objective5 camera5 high_res)
1.604: (take_image rover3 waypoint9 objective3 camera5 high_res)
1.604: (take_image rover3 waypoint9 objective9 camera5 high_res)
1.604: (take_image rover3 waypoint9 objective2 camera5 low_res)
1.603: (communicate_image_data rover3 general objective9 low_res waypoint9 waypoint16)
1.604: (take_image rover3 waypoint9 objective9 camera5 low_res)
1.604: (calibrate rover3 camera5 objective3 waypoint9)
1.604: (take_image rover3 waypoint9 objective3 camera5 low_res)
1.604: (take_image rover3 waypoint9 objective5 camera5 low_res)
1.604: (take_image rover3 waypoint9 objective2 camera5 low_res)
1.604: (communicate_image_data rover3 general objective8 low_res waypoint9 waypoint16)
1.604: (take_image rover3 waypoint9 objective9 camera5 high_res)
1.604: (take_image rover3 waypoint9 objective5 camera5 high_res)
1.604: (take_image rover3 waypoint9 objective3 camera5 high_res)
1.605: (communicate_image_data rover3 general objective3 high_res waypoint9 waypoint16)
1.605: (communicate_image_data rover3 general objective5 low_res waypoint9 waypoint16)
1.605: (communicate_image_data rover3 general objective1 high_res waypoint9 waypoint16)
1.605: (communicate_image_data rover3 general objective1 high_res waypoint9 waypoint16)
1.605: (communicate_image_data rover3 general objective5 high_res waypoint9 waypoint16)
1.605: (communicate_image_data rover3 general objective1 low_res waypoint9 waypoint16)
1.605: (communicate_image_data rover3 general objective3 low_res waypoint9 waypoint16)
1.605: (communicate_image_data rover3 general objective1 low_res waypoint9 waypoint16)
1.605: (communicate_image_data rover3 general objective3 high_res waypoint9 waypoint16)
1.605: (communicate_image_data rover3 general objective5 high_res waypoint9 waypoint16)
1.604: (communicate_image_data rover3 general objective1 low_res waypoint9 waypoint16)
1.604: (communicate_image_data rover3 general objective5 high_res waypoint9 waypoint16)
1.604: (communicate_image_data rover3 general objective5 high_res waypoint9 waypoint16)
1.605: (communicate_image_data rover3 general objective5 low_res waypoint9 waypoint16)
1.605: (calibrate rover3 camera5 objective3 waypoint9)
1.605: (take_image rover3 waypoint9 objective9 camera5 low_res)
1.605: (take_image rover3 waypoint9 objective5 camera5 high_res)
1.605: (take_image rover3 waypoint9 objective9 camera5 high_res)
1.605: (take_image rover3 waypoint9 objective3 camera5 high_res)
1.605: (take_image rover3 waypoint9 objective2 camera5 high_res)
1.604: (communicate_image_data rover3 general objective1 low_res waypoint9 waypoint16)
1.605: (communicate_image_data rover3 general objective1 low_res waypoint9 waypoint16)
1.605: (communicate_image_data rover3 general objective3 high_res waypoint9 waypoint16)
1.605: (calibrate rover3 camera5 objective3 waypoint9)
1.605: (take_image rover3 waypoint9 objective2 camera5 low_res)
1.605: (take_image rover3 waypoint9 objective9 camera5 low_res)
1.605: (take_image rover3 waypoint9 objective5 camera5 low_res)
1.605: (take_image rover3 waypoint9 objective3 camera5 low_res)
1.605: (take_image rover3 waypoint9 objective9 camera5 low_res)
1.605: (communicate_image_data rover3 general objective3 low_res waypoint9 waypoint16)
1.605: (take_image rover3 waypoint9 objective2 camera5 low_res)
1.605: (take_image rover3 waypoint9 objective3 camera5 low_res)
1.605: (take_image rover3 waypoint9 objective9 camera5 low_res)
1.605: (take_image rover3 waypoint9 objective5 camera5 low_res)
1.605: (take_image rover3 waypoint9 objective5 camera5 high_res)
1.605: (take_image rover3 waypoint9 objective9 camera5 high_res)
1.605: (take_image rover3 waypoint9 objective3 camera5 high_res)
1.605: (take_image rover3 waypoint9 objective2 camera5 high_res)
1.605: (communicate_image_data rover3 general objective3 high_res waypoint9 waypoint16)
1.605: (communicate_image_data rover3 general objective5 high_res waypoint9 waypoint16)
1.606: (communicate_image_data rover3 general objective8 low_res waypoint9 waypoint16)
1.606: (take_image rover3 waypoint9 objective5 camera5 high_res)
1.606: (take_image rover3 waypoint9 objective9 camera5 high_res)
1.606: (communicate_image_data rover3 general objective1 low_res waypoint9 waypoint16)
1.606: (take_image rover3 waypoint9 objective9 camera5 low_res)
1.606: (take_image rover3 waypoint9 objective5 camera5 low_res)
1.606: (take_image rover3 waypoint9 objective3 camera5 low_res)
1.606: (take_image rover3 waypoint9 objective2 camera5 low_res)
1.606: (take_image rover3 waypoint9 objective3 camera5 high_res)
1.606: (take_image rover3 waypoint9 objective2 camera5 high_res)
1.605: (communicate_image_data rover3 general objective8 low_res waypoint9 waypoint16)
1.605: (take_image rover3 waypoint9 objective9 camera5 low_res)
1.605: (take_image rover3 waypoint9 objective5 camera5 low_res)
1.606: (take_image rover3 waypoint9 objective3 camera5 low_res)
1.606: (take_image rover3 waypoint9 objective2 camera5 low_res)
1.606: (take_image rover3 waypoint9 objective9 camera5 high_res)
1.606: (take_image rover3 waypoint9 objective5 camera5 high_res)
1.606: (take_image rover3 waypoint9 objective3 camera5 high_res)
1.606: (take_image rover3 waypoint9 objective2 camera5 high_res)
1.606: (communicate_image_data rover3 general objective1 low_res waypoint9 waypoint16)
1.606: (take_image rover3 waypoint9 objective5 camera5 low_res)
1.606: (take_image rover3 waypoint9 objective3 camera5 low_res)
1.606: (take_image rover3 waypoint9 objective2 camera5 low_res)
1.606: (take_image rover3 waypoint9 objective9 camera5 low_res)
1.606: (take_image rover3 waypoint9 objective3 camera5 high_res)
1.606: (take_image rover3 waypoint9 objective2 camera5 high_res)
1.606: (take_image rover3 waypoint9 objective9 camera5 high_res)
1.606: (take_image rover3 waypoint9 objective5 camera5 high_res)
1.607: (communicate_image_data rover3 general objective8 low_res waypoint9 waypoint16)
1.607: (communicate_image_data rover3 general objective2 high_res waypoint9 waypoint16)
1.608: (communicate_image_data rover3 general objective3 high_res waypoint9 waypoint16)
1.608: (calibrate rover3 camera5 objective3 waypoint9)
1.608: (communicate_image_data rover3 general objective3 low_res waypoint9 waypoint16)
1.609: (communicate_image_data rover3 general objective2 low_res waypoint9 waypoint16)
1.609: (communicate_image_data rover3 general objective2 low_res waypoint9 waypoint16)
1.609: (communicate_image_data rover3 general objective8 low_res waypoint9 waypoint16)
1.609: (communicate_image_data rover3 general objective2 high_res waypoint9 waypoint16)
1.610: (communicate_image_data rover3 general objective10 high_res waypoint9 waypoint16)
1.610: (communicate_image_data rover3 general objective10 low_res waypoint9 waypoint16)
1.610: (communicate_image_data rover3 general objective3 high_res waypoint9 waypoint16)
1.607: (calibrate rover3 camera5 objective3 waypoint9)
1.607: (calibrate rover3 camera5 objective3 waypoint9)
1.607: (calibrate rover3 camera5 objective3 waypoint9)
1.608: (communicate_image_data rover3 general objective2 high_res waypoint9 waypoint16)
1.608: (communicate_image_data rover3 general objective3 high_res waypoint9 waypoint16)
1.608: (communicate_image_data rover3 general objective3 low_res waypoint9 waypoint16)
1.608: (communicate_image_data rover3 general objective2 low_res waypoint9 waypoint16)
1.608: (communicate_image_data rover3 general objective3 low_res waypoint9 waypoint16)
1.608: (communicate_image_data rover3 general objective3 high_res waypoint9 waypoint16)
1.609: (calibrate rover3 camera5 objective3 waypoint9)
1.607: (communicate_image_data rover3 general objective3 low_res waypoint9 waypoint16)
1.607: (calibrate rover3 camera5 objective3 waypoint9)
1.607: (communicate_image_data rover3 general objective3 high_res waypoint9 waypoint16)
1.608: (communicate_image_data rover3 general objective2 high_res waypoint9 waypoint16)
1.608: (communicate_image_data rover3 general objective8 low_res waypoint9 waypoint16)
1.608: (communicate_image_data rover3 general objective3 high_res waypoint9 waypoint16)
1.609: (communicate_image_data rover3 general objective2 low_res waypoint9 waypoint16)
1.609: (communicate_image_data rover3 general objective2 high_res waypoint9 waypoint16)
1.609: (communicate_image_data rover3 general objective2 low_res waypoint9 waypoint16)
1.609: (communicate_image_data rover3 general objective3 high_res waypoint9 waypoint16)
1.608: (take_image rover3 waypoint9 objective2 camera5 high_res)
1.608: (take_image rover3 waypoint9 objective9 camera5 low_res)
1.608: (take_image rover3 waypoint9 objective5 camera5 low_res)
1.608: (take_image rover3 waypoint9 objective5 camera5 high_res)
1.608: (take_image rover3 waypoint9 objective9 camera5 high_res)
1.608: (take_image rover3 waypoint9 objective3 camera5 high_res)
1.608: (take_image rover3 waypoint9 objective3 camera5 low_res)
1.608: (take_image rover3 waypoint9 objective2 camera5 low_res)
1.608: (communicate_image_data rover3 general objective3 high_res waypoint9 waypoint16)
1.609: (calibrate rover3 camera5 objective3 waypoint9)
1.610: (calibrate rover3 camera5 objective3 waypoint9)
1.610: (communicate_image_data rover3 general objective3 high_res waypoint9 waypoint16)
1.610: (communicate_image_data rover3 general objective3 high_res waypoint9 waypoint16)
1.611: (communicate_image_data rover3 general objective10 high_res waypoint9 waypoint16)
1.612: (communicate_image_data rover3 general objective10 low_res waypoint9 waypoint16)
1.612: (communicate_image_data rover3 general objective10 high_res waypoint9 waypoint16)
1.612: (communicate_image_data rover3 general objective10 low_res waypoint9 waypoint16)
1.613: (communicate_image_data rover3 general objective10 high_res waypoint9 waypoint16)
1.613: (communicate_image_data rover3 general objective10 low_res waypoint9 waypoint16)
1.616: (take_image rover2 waypoint16 objective2 camera4 low_res)
1.610: (calibrate rover3 camera5 objective3 waypoint9)
1.610: (communicate_image_data rover3 general objective3 high_res waypoint9 waypoint16)
1.611: (calibrate rover2 camera4 objective3 waypoint16)
1.611: (calibrate rover3 camera5 objective3 waypoint9)
1.611: (communicate_image_data rover3 general objective10 low_res waypoint9 waypoint16)
1.611: (calibrate rover3 camera5 objective3 waypoint9)
1.612: (communicate_image_data rover3 general objective10 high_res waypoint9 waypoint16)
1.612: (communicate_image_data rover3 general objective3 high_res waypoint9 waypoint16)
1.612: (communicate_image_data rover3 general objective3 low_res waypoint9 waypoint16)
1.612: (communicate_image_data rover3 general objective10 low_res waypoint9 waypoint16)
1.608: (take_image rover3 waypoint9 objective9 camera5 low_res)
1.609: (take_image rover3 waypoint9 objective3 camera5 low_res)
1.609: (take_image rover3 waypoint9 objective2 camera5 low_res)
1.609: (take_image rover3 waypoint9 objective9 camera5 high_res)
1.609: (take_image rover3 waypoint9 objective5 camera5 high_res)
1.609: (take_image rover3 waypoint9 objective3 camera5 high_res)
1.609: (take_image rover3 waypoint9 objective2 camera5 high_res)
1.609: (take_image rover3 waypoint9 objective5 camera5 low_res)
1.610: (communicate_image_data rover3 general objective3 high_res waypoint9 waypoint16)
1.610: (calibrate rover2 camera4 objective3 waypoint16)
1.609: (take_image rover3 waypoint9 objective9 camera5 low_res)
1.609: (take_image rover3 waypoint9 objective5 camera5 low_res)
1.609: (take_image rover3 waypoint9 objective3 camera5 low_res)
1.609: (take_image rover3 waypoint9 objective2 camera5 low_res)
1.609: (take_image rover3 waypoint9 objective9 camera5 high_res)
1.609: (take_image rover3 waypoint9 objective5 camera5 high_res)
1.610: (take_image rover3 waypoint9 objective3 camera5 high_res)
1.610: (take_image rover3 waypoint9 objective2 camera5 high_res)
1.610: (communicate_image_data rover3 general objective3 high_res waypoint9 waypoint16)
1.613: (communicate_image_data rover3 general objective10 high_res waypoint9 waypoint16)
1.612: (take_image rover3 waypoint9 objective5 camera5 low_res)
1.612: (take_image rover3 waypoint9 objective3 camera5 low_res)
1.612: (take_image rover3 waypoint9 objective9 camera5 high_res)
1.612: (take_image rover3 waypoint9 objective2 camera5 low_res)
1.612: (take_image rover3 waypoint9 objective9 camera5 low_res)
1.612: (take_image rover3 waypoint9 objective5 camera5 high_res)
1.612: (take_image rover3 waypoint9 objective3 camera5 high_res)
1.612: (take_image rover3 waypoint9 objective2 camera5 high_res)
1.613: (communicate_image_data rover3 general objective10 low_res waypoint9 waypoint16)
1.613: (communicate_image_data rover3 general objective10 low_res waypoint9 waypoint16)
1.612: (communicate_image_data rover3 general objective10 high_res waypoint9 waypoint16)
1.612: (calibrate rover3 camera5 objective3 waypoint9)
1.612: (take_image rover3 waypoint9 objective5 camera5 low_res)
1.612: (take_image rover3 waypoint9 objective9 camera5 low_res)
1.612: (take_image rover3 waypoint9 objective3 camera5 low_res)
1.612: (take_image rover3 waypoint9 objective2 camera5 low_res)
1.612: (take_image rover3 waypoint9 objective9 camera5 high_res)
1.612: (take_image rover3 waypoint9 objective5 camera5 high_res)
1.612: (take_image rover3 waypoint9 objective3 camera5 high_res)
1.612: (take_image rover3 waypoint9 objective2 camera5 high_res)
1.618: (take_image rover2 waypoint16 objective3 camera4 low_res)
1.618: (take_image rover2 waypoint16 objective2 camera4 low_res)
1.618: (take_image rover2 waypoint16 objective9 camera4 low_res)
1.618: (take_image rover2 waypoint16 objective9 camera4 high_res)
1.618: (take_image rover2 waypoint16 objective0 camera4 low_res)
1.618: (take_image rover2 waypoint16 objective0 camera4 high_res)
1.618: (take_image rover2 waypoint16 objective2 camera4 high_res)
1.618: (take_image rover2 waypoint16 objective3 camera4 high_res)
1.625: (calibrate rover1 camera7 objective2 waypoint8)
1.625: (calibrate rover1 camera7 objective2 waypoint8)
1.618: (communicate_image_data rover3 general objective10 high_res waypoint9 waypoint16)
1.624: (communicate_image_data rover3 general objective10 high_res waypoint9 waypoint16)
1.624: (calibrate rover3 camera5 objective3 waypoint9)
1.625: (take_image rover3 waypoint9 objective2 camera5 high_res)
1.625: (take_image rover3 waypoint9 objective9 camera5 low_res)
1.625: (take_image rover3 waypoint9 objective3 camera5 low_res)
1.625: (take_image rover3 waypoint9 objective2 camera5 low_res)
1.625: (take_image rover3 waypoint9 objective9 camera5 high_res)
1.625: (take_image rover3 waypoint9 objective5 camera5 high_res)
1.625: (take_image rover3 waypoint9 objective5 camera5 low_res)
1.627: (take_image rover3 waypoint9 objective3 camera5 low_res)
1.628: (take_image rover3 waypoint9 objective2 camera5 low_res)
1.628: (take_image rover3 waypoint9 objective5 camera5 low_res)
1.628: (take_image rover3 waypoint9 objective3 camera5 high_res)
1.628: (take_image rover3 waypoint9 objective9 camera5 high_res)
1.628: (take_image rover3 waypoint9 objective5 camera5 high_res)
1.628: (take_image rover3 waypoint9 objective9 camera5 low_res)
1.628: (take_image rover3 waypoint9 objective2 camera5 high_res)
1.630: (calibrate rover1 camera7 objective2 waypoint8)
1.630: (take_image rover2 waypoint16 objective9 camera4 high_res)
1.634: (calibrate rover1 camera7 objective2 waypoint8)
1.634: (take_image rover3 waypoint9 objective9 camera5 high_res)
1.634: (take_image rover3 waypoint9 objective2 camera5 low_res)
1.634: (take_image rover3 waypoint9 objective9 camera5 low_res)
1.634: (take_image rover3 waypoint9 objective5 camera5 low_res)
1.634: (take_image rover3 waypoint9 objective3 camera5 low_res)
1.634: (take_image rover3 waypoint9 objective5 camera5 high_res)
1.634: (take_image rover3 waypoint9 objective3 camera5 high_res)
1.635: (take_image rover3 waypoint9 objective2 camera5 high_res)
1.752: (navigate rover3 waypoint9 waypoint5)
1.732: (calibrate rover2 camera4 objective3 waypoint16)
1.740: (navigate rover3 waypoint5 waypoint28)
1.743: (calibrate rover3 camera5 objective3 waypoint5)
1.755: (calibrate rover1 camera7 objective2 waypoint8)
1.755: (navigate rover3 waypoint9 waypoint5)
1.771: (navigate rover3 waypoint5 waypoint15)
1.772: (navigate rover3 waypoint9 waypoint16)
1.799: (navigate rover3 waypoint5 waypoint2)
1.812: (navigate rover2 waypoint16 waypoint24)
1.838: (navigate rover3 waypoint5 waypoint23)
1.623: (navigate rover3 waypoint2 waypoint7)
1.719: (navigate rover3 waypoint5 waypoint28)
1.719: (calibrate rover2 camera4 objective3 waypoint16)
1.720: (navigate rover3 waypoint15 waypoint10)
1.728: (navigate rover3 waypoint5 waypoint28)
1.728: (calibrate rover3 camera5 objective3 waypoint28)
1.733: (calibrate rover3 camera5 objective3 waypoint5)
1.733: (calibrate rover2 camera4 objective3 waypoint16)
1.738: (navigate rover3 waypoint5 waypoint28)
1.738: (calibrate rover1 camera7 objective2 waypoint8)
1.613: (calibrate rover3 camera5 objective3 waypoint7)
1.615: (calibrate rover2 camera4 objective3 waypoint16)
1.626: (sample_soil rover3 rover3store waypoint7)
1.629: (calibrate rover1 camera7 objective2 waypoint8)
1.712: (calibrate rover3 camera5 objective3 waypoint10)
1.715: (calibrate rover1 camera7 objective2 waypoint8)
1.717: (calibrate rover2 camera4 objective3 waypoint16)
1.718: (navigate rover3 waypoint5 waypoint28)
1.719: (calibrate rover2 camera4 objective3 waypoint16)
1.719: (calibrate rover3 camera5 objective3 waypoint28)
1.603: (drop rover3 rover3store)
1.613: (calibrate rover2 camera4 objective3 waypoint16)
1.613: (calibrate rover3 camera5 objective3 waypoint7)
1.618: (calibrate rover3 camera5 objective3 waypoint7)
1.619: (sample_soil rover3 rover3store waypoint7)
1.620: (sample_soil rover3 rover3store waypoint7)
1.620: (calibrate rover2 camera4 objective3 waypoint16)
1.623: (take_image rover3 waypoint7 objective0 camera5 high_res)
1.623: (take_image rover3 waypoint7 objective7 camera5 low_res)
1.623: (take_image rover3 waypoint7 objective7 camera5 high_res)
1.594: (calibrate rover3 camera5 objective3 waypoint7)
1.595: (drop rover3 rover3store)
1.596: (drop rover3 rover3store)
1.596: (calibrate rover2 camera4 objective3 waypoint16)
1.603: (communicate_soil_data rover3 general waypoint7 waypoint7 waypoint16)
1.610: (calibrate rover1 camera7 objective2 waypoint8)
1.611: (calibrate rover3 camera5 objective3 waypoint7)
1.612: (calibrate rover3 camera5 objective3 waypoint7)
1.612: (calibrate rover3 camera5 objective3 waypoint7)
1.614: (calibrate rover2 camera4 objective3 waypoint16)
1.594: (communicate_soil_data rover3 general waypoint7 waypoint7 waypoint16)
1.594: (calibrate rover3 camera5 objective3 waypoint7)
1.596: (calibrate rover2 camera4 objective3 waypoint16)
1.596: (communicate_soil_data rover3 general waypoint7 waypoint7 waypoint16)
1.596: (calibrate rover2 camera4 objective3 waypoint16)
1.596: (calibrate rover3 camera5 objective3 waypoint7)
1.603: (take_image rover3 waypoint7 objective7 camera5 low_res)
1.603: (take_image rover3 waypoint7 objective7 camera5 high_res)
1.603: (take_image rover3 waypoint7 objective0 camera5 high_res)
1.606: (calibrate rover3 camera5 objective3 waypoint7)
1.594: (calibrate rover3 camera5 objective3 waypoint7)
1.595: (calibrate rover3 camera5 objective3 waypoint7)
1.595: (calibrate rover3 camera5 objective3 waypoint7)
1.596: (take_image rover3 waypoint7 objective7 camera5 low_res)
1.596: (communicate_soil_data rover3 general waypoint7 waypoint7 waypoint16)
1.596: (calibrate rover2 camera4 objective3 waypoint16)
1.596: (calibrate rover3 camera5 objective3 waypoint7)
1.597: (take_image rover3 waypoint7 objective7 camera5 high_res)
1.597: (take_image rover3 waypoint7 objective0 camera5 high_res)
1.598: (calibrate rover2 camera4 objective3 waypoint16)
1.593: (communicate_soil_data rover3 general waypoint7 waypoint7 waypoint16)
1.594: (communicate_soil_data rover3 general waypoint7 waypoint7 waypoint16)
1.594: (communicate_soil_data rover3 general waypoint7 waypoint7 waypoint16)
1.594: (calibrate rover3 camera5 objective3 waypoint7)
1.594: (communicate_image_data rover3 general objective0 high_res waypoint7 waypoint16)
1.595: (communicate_soil_data rover3 general waypoint7 waypoint7 waypoint16)
1.595: (communicate_soil_data rover3 general waypoint7 waypoint7 waypoint16)
1.595: (take_image rover3 waypoint7 objective0 camera5 high_res)
1.596: (take_image rover3 waypoint7 objective7 camera5 high_res)
1.596: (take_image rover3 waypoint7 objective7 camera5 low_res)
1.592: (calibrate rover3 camera5 objective3 waypoint7)
1.593: (calibrate rover3 camera5 objective3 waypoint7)
1.594: (communicate_soil_data rover3 general waypoint7 waypoint7 waypoint16)
1.594: (communicate_image_data rover3 general objective0 high_res waypoint7 waypoint16)
1.595: (calibrate rover2 camera4 objective3 waypoint16)
1.595: (communicate_image_data rover3 general objective7 low_res waypoint7 waypoint16)
1.596: (calibrate rover2 camera4 objective3 waypoint16)
1.596: (communicate_image_data rover3 general objective7 high_res waypoint7 waypoint16)
1.596: (calibrate rover2 camera4 objective3 waypoint16)
1.596: (communicate_image_data rover3 general objective0 high_res waypoint7 waypoint16)
1.595: (communicate_soil_data rover3 general waypoint7 waypoint7 waypoint16)
1.596: (calibrate rover2 camera4 objective3 waypoint16)
1.596: (take_image rover3 waypoint7 objective7 camera5 high_res)
1.596: (take_image rover3 waypoint7 objective0 camera5 high_res)
1.596: (take_image rover3 waypoint7 objective0 camera5 high_res)
1.596: (take_image rover3 waypoint7 objective7 camera5 high_res)
1.596: (take_image rover3 waypoint7 objective7 camera5 low_res)
1.596: (take_image rover3 waypoint7 objective7 camera5 low_res)
1.596: (take_image rover3 waypoint7 objective3 camera5 high_res)
1.596: (take_image rover3 waypoint7 objective8 camera5 high_res)
1.594: (communicate_soil_data rover3 general waypoint7 waypoint7 waypoint16)
1.595: (communicate_image_data rover3 general objective0 high_res waypoint7 waypoint16)
1.595: (calibrate rover3 camera5 objective3 waypoint7)
1.595: (calibrate rover3 camera5 objective3 waypoint7)
1.596: (communicate_soil_data rover3 general waypoint7 waypoint7 waypoint16)
1.596: (communicate_image_data rover3 general objective0 high_res waypoint7 waypoint16)
1.596: (calibrate rover3 camera5 objective3 waypoint7)
1.596: (take_image rover3 waypoint7 objective0 camera5 high_res)
1.596: (take_image rover3 waypoint7 objective1 camera5 low_res)
1.596: (take_image rover3 waypoint7 objective8 camera5 high_res)
1.594: (take_image rover2 waypoint16 objective9 camera4 low_res)
1.594: (take_image rover2 waypoint16 objective3 camera4 low_res)
1.594: (take_image rover2 waypoint16 objective2 camera4 low_res)
1.594: (take_image rover2 waypoint16 objective0 camera4 low_res)
1.594: (take_image rover2 waypoint16 objective9 camera4 high_res)
1.594: (take_image rover2 waypoint16 objective3 camera4 high_res)
1.594: (take_image rover2 waypoint16 objective2 camera4 high_res)
1.594: (take_image rover2 waypoint16 objective0 camera4 high_res)
1.594: (take_image rover2 waypoint16 objective0 camera4 high_res)
1.594: (take_image rover2 waypoint16 objective2 camera4 high_res)
1.594: (communicate_image_data rover3 general objective0 high_res waypoint7 waypoint16)
1.596: (communicate_image_data rover3 general objective7 low_res waypoint7 waypoint16)
1.596: (communicate_image_data rover3 general objective7 high_res waypoint7 waypoint16)
1.596: (communicate_image_data rover3 general objective7 low_res waypoint7 waypoint16)
1.603: (take_image rover3 waypoint7 objective7 camera5 low_res)
1.603: (take_image rover3 waypoint7 objective10 camera5 low_res)
1.603: (take_image rover3 waypoint7 objective8 camera5 low_res)
1.603: (take_image rover3 waypoint7 objective1 camera5 high_res)
1.603: (take_image rover3 waypoint7 objective10 camera5 high_res)
1.603: (take_image rover3 waypoint7 objective3 camera5 low_res)
1.595: (communicate_image_data rover3 general objective0 high_res waypoint7 waypoint16)
1.596: (communicate_image_data rover3 general objective7 low_res waypoint7 waypoint16)
1.596: (communicate_image_data rover3 general objective7 high_res waypoint7 waypoint16)
1.596: (calibrate rover2 camera4 objective3 waypoint16)
1.596: (communicate_image_data rover3 general objective7 low_res waypoint7 waypoint16)
1.597: (calibrate rover2 camera4 objective3 waypoint16)
1.597: (calibrate rover2 camera4 objective3 waypoint16)
1.598: (calibrate rover2 camera4 objective3 waypoint16)
1.602: (take_image rover3 waypoint7 objective10 camera5 low_res)
1.602: (take_image rover3 waypoint7 objective7 camera5 low_res)
1.595: (take_image rover3 waypoint7 objective7 camera5 high_res)
1.597: (take_image rover3 waypoint7 objective1 camera5 low_res)
1.597: (take_image rover3 waypoint7 objective3 camera5 low_res)
1.597: (take_image rover3 waypoint7 objective7 camera5 low_res)
1.597: (take_image rover3 waypoint7 objective8 camera5 low_res)
1.597: (take_image rover3 waypoint7 objective10 camera5 low_res)
1.597: (take_image rover3 waypoint7 objective10 camera5 low_res)
1.597: (take_image rover3 waypoint7 objective3 camera5 low_res)
1.597: (take_image rover3 waypoint7 objective8 camera5 low_res)
1.597: (take_image rover3 waypoint7 objective7 camera5 low_res)
1.596: (calibrate rover3 camera5 objective3 waypoint7)
1.598: (communicate_image_data rover3 general objective0 high_res waypoint7 waypoint16)
1.598: (communicate_image_data rover3 general objective7 low_res waypoint7 waypoint16)
1.598: (communicate_image_data rover3 general objective7 high_res waypoint7 waypoint16)
1.598: (communicate_image_data rover3 general objective7 high_res waypoint7 waypoint16)
1.603: (take_image rover2 waypoint16 objective2 camera4 high_res)
1.603: (take_image rover2 waypoint16 objective9 camera4 high_res)
1.603: (take_image rover2 waypoint16 objective3 camera4 high_res)
1.603: (take_image rover2 waypoint16 objective9 camera4 low_res)
1.603: (take_image rover2 waypoint16 objective0 camera4 low_res)
1.594: (take_image rover2 waypoint16 objective2 camera4 high_res)
1.594: (take_image rover2 waypoint16 objective3 camera4 high_res)
1.594: (take_image rover2 waypoint16 objective0 camera4 high_res)
1.594: (take_image rover2 waypoint16 objective9 camera4 high_res)
1.594: (take_image rover2 waypoint16 objective0 camera4 low_res)
1.594: (take_image rover2 waypoint16 objective2 camera4 low_res)
1.594: (take_image rover2 waypoint16 objective3 camera4 low_res)
1.594: (take_image rover2 waypoint16 objective9 camera4 low_res)
1.594: (calibrate rover3 camera5 objective3 waypoint7)
1.597: (communicate_image_data rover3 general objective7 low_res waypoint7 waypoint16)
1.596: (communicate_image_data rover3 general objective7 low_res waypoint7 waypoint16)
1.596: (communicate_image_data rover3 general objective7 high_res waypoint7 waypoint16)
1.598: (calibrate rover3 camera5 objective3 waypoint7)
1.604: (take_image rover2 waypoint16 objective0 camera4 high_res)
1.604: (take_image rover2 waypoint16 objective3 camera4 high_res)
1.604: (take_image rover2 waypoint16 objective2 camera4 high_res)
1.604: (take_image rover2 waypoint16 objective2 camera4 low_res)
1.604: (take_image rover2 waypoint16 objective0 camera4 low_res)
1.604: (take_image rover2 waypoint16 objective3 camera4 low_res)
1.604: (take_image rover2 waypoint16 objective9 camera4 low_res)
1.596: (take_image rover2 waypoint16 objective2 camera4 high_res)
1.596: (communicate_image_data rover3 general objective7 high_res waypoint7 waypoint16)
1.596: (take_image rover2 waypoint16 objective0 camera4 high_res)
1.596: (take_image rover2 waypoint16 objective0 camera4 low_res)
1.596: (take_image rover2 waypoint16 objective2 camera4 low_res)
1.596: (take_image rover2 waypoint16 objective3 camera4 high_res)
1.596: (take_image rover2 waypoint16 objective9 camera4 high_res)
1.596: (calibrate rover3 camera5 objective3 waypoint7)
1.596: (communicate_image_data rover3 general objective7 low_res waypoint7 waypoint16)
1.596: (take_image rover2 waypoint16 objective3 camera4 low_res)
1.608: (calibrate rover1 camera7 objective2 waypoint8)
1.782: (navigate rover3 waypoint7 waypoint2)
1.816: (navigate rover1 waypoint8 waypoint19)
1.860: (navigate rover0 waypoint19 waypoint8)
1.865: (navigate rover1 waypoint8 waypoint2)
1.869: (navigate rover3 waypoint7 waypoint29)
1.931: (navigate rover2 waypoint16 waypoint24)
inf: (communicate_image_data rover3 general objective10 low_res waypoint7 waypoint16)
inf: (communicate_image_data rover3 general objective7 high_res waypoint7 waypoint16)
inf: (take_image rover3 waypoint7 objective0 camera5 high_res)
1.600: (navigate rover0 waypoint19 waypoint8)
1.600: (navigate rover1 waypoint8 waypoint19)
1.611: (take_image rover3 waypoint7 objective10 camera5 low_res)
1.611: (take_image rover3 waypoint7 objective1 camera5 low_res)
1.611: (take_image rover3 waypoint7 objective10 camera5 high_res)
1.611: (take_image rover3 waypoint7 objective8 camera5 low_res)
1.611: (take_image rover3 waypoint7 objective7 camera5 low_res)
1.611: (take_image rover3 waypoint7 objective3 camera5 high_res)
1.611: (take_image rover3 waypoint7 objective8 camera5 high_res)
1.611: (take_image rover3 waypoint7 objective3 camera5 low_res)
1.603: (calibrate rover2 camera4 objective3 waypoint16)
1.608: (take_image rover3 waypoint7 objective10 camera5 high_res)
1.608: (take_image rover3 waypoint7 objective7 camera5 low_res)
1.608: (take_image rover3 waypoint7 objective3 camera5 low_res)
1.608: (take_image rover3 waypoint7 objective1 camera5 low_res)
1.608: (take_image rover3 waypoint7 objective0 camera5 low_res)
1.608: (take_image rover3 waypoint7 objective10 camera5 low_res)
1.608: (take_image rover3 waypoint7 objective8 camera5 low_res)
1.608: (take_image rover3 waypoint7 objective0 camera5 high_res)
1.608: (take_image rover3 waypoint7 objective8 camera5 high_res)
1.603: (take_image rover3 waypoint7 objective8 camera5 low_res)
1.603: (take_image rover3 waypoint7 objective10 camera5 low_res)
1.603: (take_image rover3 waypoint7 objective1 camera5 low_res)
1.603: (take_image rover3 waypoint7 objective3 camera5 low_res)
1.603: (take_image rover3 waypoint7 objective0 camera5 low_res)
1.603: (take_image rover3 waypoint7 objective0 camera5 high_res)
1.603: (take_image rover3 waypoint7 objective1 camera5 high_res)
1.603: (take_image rover3 waypoint7 objective7 camera5 high_res)
1.603: (take_image rover3 waypoint7 objective10 camera5 high_res)
1.603: (take_image rover3 waypoint7 objective3 camera5 high_res)
1.806: (navigate rover3 waypoint7 waypoint2)
1.818: (navigate rover0 waypoint8 waypoint19)
1.832: (navigate rover0 waypoint8 waypoint2)
1.835: (navigate rover1 waypoint19 waypoint4)
1.862: (navigate rover1 waypoint19 waypoint8)
1.866: (navigate rover0 waypoint8 waypoint0)
1.892: (navigate rover3 waypoint7 waypoint29)
1.893: (navigate rover0 waypoint8 waypoint3)
1.945: (navigate rover1 waypoint19 waypoint13)
1.960: (navigate rover2 waypoint16 waypoint24)
1.733: (navigate rover1 waypoint19 waypoint4)
1.733: (navigate rover0 waypoint8 waypoint3)
1.735: (navigate rover1 waypoint19 waypoint4)
1.736: (navigate rover0 waypoint8 waypoint2)
1.738: (navigate rover1 waypoint19 waypoint13)
1.741: (navigate rover0 waypoint8 waypoint0)
1.750: (navigate rover3 waypoint2 waypoint5)
1.764: (navigate rover0 waypoint8 waypoint19)
1.765: (navigate rover1 waypoint19 waypoint13)
1.766: (navigate rover0 waypoint8 waypoint0)
1.645: (navigate rover3 waypoint5 waypoint9)
1.699: (navigate rover0 waypoint2 waypoint22)
1.724: (navigate rover3 waypoint5 waypoint28)
1.726: (calibrate rover0 camera1 objective7 waypoint3)
1.731: (calibrate rover0 camera8 objective3 waypoint0)
1.734: (calibrate rover3 camera5 objective3 waypoint7)
1.735: (calibrate rover0 camera1 objective7 waypoint0)
1.736: (calibrate rover3 camera5 objective3 waypoint7)
1.737: (calibrate rover3 camera5 objective3 waypoint7)
1.740: (take_image rover2 waypoint16 objective3 camera4 low_res)
0.691: (communicate_soil_data rover0 general waypoint8 waypoint22 waypoint16)
0.704: (communicate_soil_data rover0 general waypoint19 waypoint22 waypoint16)
1.646: (calibrate rover3 camera5 objective3 waypoint9)
1.660: (take_image rover2 waypoint16 objective0 camera4 high_res)
1.660: (take_image rover2 waypoint16 objective2 camera4 high_res)
1.660: (take_image rover2 waypoint16 objective3 camera4 high_res)
1.660: (take_image rover2 waypoint16 objective9 camera4 high_res)
1.660: (take_image rover2 waypoint16 objective9 camera4 low_res)
1.660: (take_image rover2 waypoint16 objective0 camera4 low_res)
1.660: (take_image rover2 waypoint16 objective2 camera4 low_res)
-0.305: (communicate_soil_data rover0 general waypoint8 waypoint22 waypoint16)
[Final] Expanded: 1364, Generated: 39260
Found a solution of length 225!
   1: (calibrate rover3 camera5 objective3 waypoint5)
   2: (take_image rover3 waypoint5 objective0 camera5 low_res)
   3: (calibrate rover2 camera4 objective3 waypoint24)
   4: (take_image rover2 waypoint24 objective9 camera4 high_res)
   5: (calibrate rover3 camera5 objective3 waypoint5)
   6: (take_image rover3 waypoint5 objective8 camera5 high_res)
   7: (navigate rover1 waypoint4 waypoint19)
   8: (navigate rover3 waypoint5 waypoint28)
   9: (sample_soil rover3 rover3store waypoint28)
  10: (communicate_image_data rover2 general objective9 high_res waypoint24 waypoint16)
  11: (drop rover3 rover3store)
  12: (navigate rover0 waypoint2 waypoint8)
  13: (sample_soil rover0 rover0store waypoint8)
  14: (drop rover0 rover0store)
  15: (navigate rover2 waypoint24 waypoint12)
  16: (navigate rover0 waypoint8 waypoint19)
  17: (navigate rover2 waypoint12 waypoint10)
  18: (sample_soil rover0 rover0store waypoint19)
  19: (navigate rover1 waypoint19 waypoint18)
  20: (drop rover0 rover0store)
  21: (sample_soil rover2 rover2store waypoint10)
  22: (drop rover2 rover2store)
  23: (calibrate rover2 camera4 objective3 waypoint10)
  24: (take_image rover2 waypoint10 objective0 camera4 high_res)
  25: (calibrate rover1 camera7 objective2 waypoint18)
  26: (calibrate rover3 camera5 objective3 waypoint28)
  27: (take_image rover1 waypoint18 objective8 camera7 low_res)
  28: (calibrate rover1 camera7 objective2 waypoint18)
  29: (calibrate rover2 camera2 objective7 waypoint10)
  30: (calibrate rover2 camera4 objective3 waypoint10)
  31: (take_image rover2 waypoint10 objective7 camera2 high_res)
  32: (take_image rover2 waypoint10 objective0 camera4 low_res)
  33: (calibrate rover2 camera4 objective3 waypoint10)
  34: (take_image rover2 waypoint10 objective4 camera4 high_res)
  35: (calibrate rover2 camera4 objective3 waypoint10)
  36: (take_image rover2 waypoint10 objective1 camera4 low_res)
  37: (calibrate rover2 camera4 objective3 waypoint10)
  38: (calibrate rover2 camera2 objective7 waypoint10)
  39: (take_image rover2 waypoint10 objective1 camera2 high_res)
  40: (calibrate rover2 camera2 objective7 waypoint10)
  41: (take_image rover2 waypoint10 objective3 camera2 high_res)
  42: (take_image rover3 waypoint28 objective10 camera5 low_res)
  43: (calibrate rover3 camera5 objective3 waypoint28)
  44: (calibrate rover2 camera2 objective7 waypoint10)
  45: (take_image rover2 waypoint10 objective9 camera4 low_res)
  46: (calibrate rover2 camera4 objective3 waypoint10)
  47: (take_image rover2 waypoint10 objective7 camera2 high_res)
  48: (take_image rover3 waypoint28 objective9 camera5 low_res)
  49: (calibrate rover3 camera5 objective3 waypoint28)
  50: (take_image rover3 waypoint28 objective1 camera5 low_res)
  51: (calibrate rover3 camera5 objective3 waypoint28)
  52: (take_image rover3 waypoint28 objective10 camera5 high_res)
  53: (calibrate rover3 camera5 objective3 waypoint28)
  54: (take_image rover3 waypoint28 objective1 camera5 high_res)
  55: (calibrate rover3 camera5 objective3 waypoint28)
  56: (take_image rover3 waypoint28 objective3 camera5 low_res)
  57: (calibrate rover3 camera5 objective3 waypoint28)
  58: (take_image rover3 waypoint28 objective3 camera5 high_res)
  59: (calibrate rover3 camera5 objective3 waypoint28)
  60: (take_image rover3 waypoint28 objective9 camera5 high_res)
  61: (calibrate rover3 camera5 objective3 waypoint28)
  62: (calibrate rover2 camera2 objective7 waypoint10)
  63: (take_image rover2 waypoint10 objective7 camera4 low_res)
  64: (calibrate rover2 camera4 objective3 waypoint10)
  65: (take_image rover2 waypoint10 objective4 camera4 low_res)
  66: (calibrate rover2 camera4 objective3 waypoint10)
  67: (take_image rover2 waypoint10 objective4 camera2 high_res)
  68: (take_image rover3 waypoint28 objective3 camera5 high_res)
  69: (take_image rover1 waypoint18 objective8 camera7 colour)
  70: (calibrate rover1 camera7 objective2 waypoint18)
  71: (calibrate rover2 camera2 objective7 waypoint10)
  72: (calibrate rover3 camera5 objective3 waypoint28)
  73: (take_image rover2 waypoint10 objective3 camera4 low_res)
  74: (calibrate rover2 camera4 objective3 waypoint10)
  75: (take_image rover2 waypoint10 objective7 camera2 high_res)
  76: (take_image rover3 waypoint28 objective3 camera5 low_res)
  77: (take_image rover1 waypoint18 objective3 camera7 colour)
  78: (calibrate rover1 camera7 objective2 waypoint18)
  79: (calibrate rover2 camera2 objective7 waypoint10)
  80: (calibrate rover3 camera5 objective3 waypoint28)
  81: (take_image rover2 waypoint10 objective1 camera4 high_res)
  82: (take_image rover3 waypoint28 objective1 camera5 low_res)
  83: (take_image rover1 waypoint18 objective7 camera7 low_res)
  84: (calibrate rover1 camera7 objective2 waypoint18)
  85: (calibrate rover3 camera5 objective3 waypoint28)
  86: (calibrate rover2 camera4 objective3 waypoint10)
  87: (take_image rover2 waypoint10 objective1 camera2 high_res)
  88: (take_image rover3 waypoint28 objective10 camera5 low_res)
  89: (take_image rover1 waypoint18 objective7 camera7 colour)
  90: (calibrate rover1 camera7 objective2 waypoint18)
  91: (calibrate rover3 camera5 objective3 waypoint28)
  92: (calibrate rover2 camera2 objective7 waypoint10)
  93: (take_image rover2 waypoint10 objective4 camera4 high_res)
  94: (take_image rover3 waypoint28 objective8 camera5 high_res)
  95: (take_image rover1 waypoint18 objective2 camera7 low_res)
  96: (calibrate rover1 camera7 objective2 waypoint18)
  97: (calibrate rover3 camera5 objective3 waypoint28)
  98: (calibrate rover2 camera4 objective3 waypoint10)
  99: (take_image rover2 waypoint10 objective9 camera2 high_res)
 100: (take_image rover3 waypoint28 objective10 camera5 low_res)
 101: (take_image rover1 waypoint18 objective2 camera7 colour)
 102: (calibrate rover1 camera7 objective2 waypoint18)
 103: (calibrate rover2 camera2 objective7 waypoint10)
 104: (calibrate rover3 camera5 objective3 waypoint28)
 105: (take_image rover2 waypoint10 objective7 camera4 low_res)
 106: (take_image rover3 waypoint28 objective3 camera5 low_res)
 107: (take_image rover1 waypoint18 objective3 camera7 low_res)
 108: (calibrate rover1 camera7 objective2 waypoint18)
 109: (calibrate rover2 camera4 objective3 waypoint10)
 110: (calibrate rover3 camera5 objective3 waypoint28)
 111: (take_image rover2 waypoint10 objective0 camera2 high_res)
 112: (take_image rover2 waypoint10 objective4 camera4 low_res)
 113: (take_image rover1 waypoint18 objective2 camera7 low_res)
 114: (calibrate rover2 camera4 objective3 waypoint10)
 115: (calibrate rover2 camera2 objective7 waypoint10)
 116: (take_image rover2 waypoint10 objective0 camera4 high_res)
 117: (navigate rover2 waypoint10 waypoint12)
 118: (communicate_image_data rover2 general objective0 low_res waypoint12 waypoint16)
 119: (communicate_soil_data rover2 general waypoint10 waypoint12 waypoint16)
 120: (navigate rover2 waypoint12 waypoint1)
 121: (take_image rover2 waypoint1 objective8 camera2 high_res)
 122: (take_image rover3 waypoint28 objective8 camera5 low_res)
 123: (navigate rover3 waypoint28 waypoint5)
 124: (navigate rover3 waypoint5 waypoint9)
 125: (communicate_soil_data rover3 general waypoint28 waypoint9 waypoint16)
 126: (navigate rover3 waypoint9 waypoint18)
 127: (sample_soil rover3 rover3store waypoint18)
 128: (navigate rover1 waypoint18 waypoint19)
 129: (drop rover3 rover3store)
 130: (navigate rover1 waypoint19 waypoint8)
 131: (calibrate rover1 camera7 objective2 waypoint8)
 132: (take_image rover1 waypoint8 objective6 camera7 low_res)
 133: (sample_soil rover2 rover2store waypoint1)
 134: (calibrate rover1 camera7 objective2 waypoint8)
 135: (take_image rover1 waypoint8 objective6 camera7 colour)
 136: (calibrate rover1 camera7 objective2 waypoint8)
 137: (take_image rover1 waypoint8 objective1 camera7 colour)
 138: (calibrate rover1 camera7 objective2 waypoint8)
 139: (take_image rover1 waypoint8 objective1 camera7 low_res)
 140: (calibrate rover1 camera7 objective2 waypoint8)
 141: (take_image rover1 waypoint8 objective10 camera7 low_res)
 142: (drop rover2 rover2store)
 143: (calibrate rover1 camera7 objective2 waypoint8)
 144: (navigate rover1 waypoint8 waypoint19)
 145: (take_image rover1 waypoint19 objective5 camera7 colour)
 146: (navigate rover1 waypoint19 waypoint18)
 147: (calibrate rover1 camera7 objective2 waypoint18)
 148: (navigate rover1 waypoint18 waypoint19)
 149: (take_image rover1 waypoint19 objective5 camera7 low_res)
 150: (navigate rover1 waypoint19 waypoint8)
 151: (calibrate rover3 camera5 objective3 waypoint18)
 152: (take_image rover3 waypoint18 objective2 camera5 low_res)
 153: (calibrate rover1 camera7 objective2 waypoint8)
 154: (take_image rover1 waypoint8 objective10 camera7 colour)
 155: (calibrate rover1 camera7 objective2 waypoint8)
 156: (navigate rover1 waypoint8 waypoint19)
 157: (take_image rover1 waypoint19 objective0 camera7 colour)
 158: (navigate rover1 waypoint19 waypoint8)
 159: (navigate rover3 waypoint18 waypoint9)
 160: (communicate_soil_data rover3 general waypoint18 waypoint9 waypoint16)
 161: (communicate_image_data rover3 general objective8 high_res waypoint9 waypoint16)
 162: (navigate rover2 waypoint1 waypoint12)
 163: (navigate rover2 waypoint12 waypoint24)
 164: (navigate rover2 waypoint24 waypoint16)
 165: (calibrate rover3 camera5 objective3 waypoint9)
 166: (calibrate rover2 camera4 objective3 waypoint16)
 167: (take_image rover2 waypoint16 objective2 camera4 high_res)
 168: (calibrate rover2 camera4 objective3 waypoint16)
 169: (take_image rover3 waypoint9 objective5 camera5 low_res)
 170: (calibrate rover3 camera5 objective3 waypoint9)
 171: (take_image rover3 waypoint9 objective5 camera5 high_res)
 172: (calibrate rover3 camera5 objective3 waypoint9)
 173: (take_image rover3 waypoint9 objective2 camera5 high_res)
 174: (calibrate rover3 camera5 objective3 waypoint9)
 175: (communicate_image_data rover3 general objective9 low_res waypoint9 waypoint16)
 176: (take_image rover3 waypoint9 objective9 camera5 low_res)
 177: (communicate_image_data rover3 general objective1 high_res waypoint9 waypoint16)
 178: (communicate_image_data rover3 general objective5 low_res waypoint9 waypoint16)
 179: (calibrate rover3 camera5 objective3 waypoint9)
 180: (communicate_image_data rover3 general objective5 high_res waypoint9 waypoint16)
 181: (communicate_image_data rover3 general objective1 low_res waypoint9 waypoint16)
 182: (communicate_image_data rover3 general objective8 low_res waypoint9 waypoint16)
 183: (take_image rover3 waypoint9 objective5 camera5 low_res)
 184: (communicate_image_data rover3 general objective3 low_res waypoint9 waypoint16)
 185: (communicate_image_data rover3 general objective2 high_res waypoint9 waypoint16)
 186: (communicate_image_data rover3 general objective2 low_res waypoint9 waypoint16)
 187: (calibrate rover3 camera5 objective3 waypoint9)
 188: (take_image rover2 waypoint16 objective2 camera4 low_res)
 189: (calibrate rover2 camera4 objective3 waypoint16)
 190: (communicate_image_data rover3 general objective3 high_res waypoint9 waypoint16)
 191: (take_image rover3 waypoint9 objective9 camera5 low_res)
 192: (communicate_image_data rover3 general objective10 low_res waypoint9 waypoint16)
 193: (calibrate rover3 camera5 objective3 waypoint9)
 194: (take_image rover2 waypoint16 objective3 camera4 low_res)
 195: (communicate_image_data rover3 general objective10 high_res waypoint9 waypoint16)
 196: (take_image rover3 waypoint9 objective3 camera5 low_res)
 197: (navigate rover3 waypoint9 waypoint5)
 198: (navigate rover3 waypoint5 waypoint2)
 199: (navigate rover3 waypoint2 waypoint7)
 200: (sample_soil rover3 rover3store waypoint7)
 201: (drop rover3 rover3store)
 202: (calibrate rover3 camera5 objective3 waypoint7)
 203: (calibrate rover2 camera4 objective3 waypoint16)
 204: (communicate_soil_data rover3 general waypoint7 waypoint7 waypoint16)
 205: (take_image rover3 waypoint7 objective7 camera5 low_res)
 206: (calibrate rover3 camera5 objective3 waypoint7)
 207: (take_image rover3 waypoint7 objective0 camera5 high_res)
 208: (calibrate rover3 camera5 objective3 waypoint7)
 209: (take_image rover2 waypoint16 objective0 camera4 high_res)
 210: (communicate_image_data rover3 general objective0 high_res waypoint7 waypoint16)
 211: (calibrate rover2 camera4 objective3 waypoint16)
 212: (take_image rover3 waypoint7 objective7 camera5 high_res)
 213: (communicate_image_data rover3 general objective7 high_res waypoint7 waypoint16)
 214: (communicate_image_data rover3 general objective7 low_res waypoint7 waypoint16)
 215: (calibrate rover3 camera5 objective3 waypoint7)
 216: (take_image rover2 waypoint16 objective2 camera4 high_res)
 217: (navigate rover1 waypoint8 waypoint19)
 218: (navigate rover0 waypoint19 waypoint8)
 219: (calibrate rover2 camera4 objective3 waypoint16)
 220: (take_image rover3 waypoint7 objective8 camera5 low_res)
 221: (navigate rover0 waypoint8 waypoint2)
 222: (navigate rover1 waypoint19 waypoint4)
 223: (navigate rover0 waypoint2 waypoint22)
 224: (communicate_soil_data rover0 general waypoint19 waypoint22 waypoint16)
 225: (communicate_soil_data rover0 general waypoint8 waypoint22 waypoint16)
