/u/ibrahim.eisawy/Neural-Guided-Search/venv/lib/python3.10/site-packages/pymimir_rgnn/model.py:162: UserWarning: index_reduce() is in beta and the API may change at any time. (Triggered internally at /pytorch/aten/src/ATen/native/cuda/Indexing.cu:1541.)
  exps_max.index_reduce_(0, output_indices, output_messages, reduce="amax", include_self=False)
Torch: 2.12.0+cu130
Loading model... (models/satellite_dqn.pth)
Using GPU:  NVIDIA L40S
heuristic_weight = 8.0
Starting Q* search...
[f=265.031] Expanded: 3, Generated: 2
[f=252.364] Expanded: 5, Generated: 4
[f=239.208] Expanded: 7, Generated: 6
[f=237.462] Expanded: 9, Generated: 8
[f=234.320] Expanded: 11, Generated: 10
[f=230.258] Expanded: 13, Generated: 12
[f=226.057] Expanded: 15, Generated: 14
[f=224.621] Expanded: 17, Generated: 16
[f=224.746] Expanded: 18, Generated: 17
[f=222.097] Expanded: 20, Generated: 19
[f=222.295] Expanded: 21, Generated: 20
[f=212.345] Expanded: 23, Generated: 22
[f=212.643] Expanded: 24, Generated: 23
[f=218.512] Expanded: 26, Generated: 25
[f=218.607] Expanded: 27, Generated: 26
[f=212.983] Expanded: 29, Generated: 28
[f=213.178] Expanded: 30, Generated: 29
[f=216.743] Expanded: 32, Generated: 31
[f=216.979] Expanded: 34, Generated: 33
[f=216.682] Expanded: 36, Generated: 35
[f=216.877] Expanded: 38, Generated: 37
[f=214.397] Expanded: 40, Generated: 39
[f=214.696] Expanded: 41, Generated: 40
[f=213.987] Expanded: 43, Generated: 42
[f=214.275] Expanded: 44, Generated: 43
[f=216.645] Expanded: 46, Generated: 45
[f=214.604] Expanded: 48, Generated: 47
[f=214.908] Expanded: 49, Generated: 48
[f=216.860] Expanded: 51, Generated: 50
[f=216.621] Expanded: 53, Generated: 52
[f=216.523] Expanded: 55, Generated: 54
[f=216.534] Expanded: 57, Generated: 56
[f=216.830] Expanded: 59, Generated: 58
[f=216.852] Expanded: 61, Generated: 60
[f=216.803] Expanded: 63, Generated: 62
[f=217.072] Expanded: 65, Generated: 64
[f=221.976] Expanded: 66, Generated: 65
[f=215.371] Expanded: 68, Generated: 67
[f=215.683] Expanded: 69, Generated: 68
[f=214.567] Expanded: 71, Generated: 70
[f=214.889] Expanded: 72, Generated: 71
[f=219.425] Expanded: 74, Generated: 73
[f=219.636] Expanded: 75, Generated: 74
[f=221.105] Expanded: 77, Generated: 76
[f=221.205] Expanded: 78, Generated: 77
[f=221.469] Expanded: 79, Generated: 78
[f=222.148] Expanded: 80, Generated: 79
[f=215.187] Expanded: 82, Generated: 81
[f=215.328] Expanded: 83, Generated: 82
[f=215.382] Expanded: 84, Generated: 83
[f=215.582] Expanded: 86, Generated: 85
[f=215.727] Expanded: 87, Generated: 86
[f=215.776] Expanded: 88, Generated: 87
[f=216.317] Expanded: 90, Generated: 89
[f=214.248] Expanded: 92, Generated: 91
[f=214.389] Expanded: 93, Generated: 92
[f=214.442] Expanded: 94, Generated: 93
[f=209.916] Expanded: 96, Generated: 95
[f=210.108] Expanded: 97, Generated: 96
[f=218.880] Expanded: 98, Generated: 97
[f=215.756] Expanded: 100, Generated: 99
[f=215.958] Expanded: 101, Generated: 100
[f=214.266] Expanded: 103, Generated: 102
[f=214.503] Expanded: 105, Generated: 104
[f=214.221] Expanded: 107, Generated: 106
[f=211.963] Expanded: 109, Generated: 108
[f=212.156] Expanded: 110, Generated: 109
[f=211.567] Expanded: 112, Generated: 111
[f=211.749] Expanded: 113, Generated: 112
[f=214.166] Expanded: 115, Generated: 114
[f=212.183] Expanded: 117, Generated: 116
[f=212.380] Expanded: 118, Generated: 117
[f=214.388] Expanded: 120, Generated: 119
[f=214.144] Expanded: 122, Generated: 121
[f=214.036] Expanded: 124, Generated: 123
[f=214.055] Expanded: 126, Generated: 125
[f=214.356] Expanded: 128, Generated: 127
[f=214.366] Expanded: 130, Generated: 129
[f=214.325] Expanded: 132, Generated: 131
[f=214.592] Expanded: 134, Generated: 133
[f=212.931] Expanded: 136, Generated: 135
[f=213.137] Expanded: 137, Generated: 136
[f=212.128] Expanded: 139, Generated: 138
[f=212.343] Expanded: 140, Generated: 139
[f=218.552] Expanded: 142, Generated: 141
[f=218.757] Expanded: 143, Generated: 142
[f=218.913] Expanded: 144, Generated: 143
[f=213.838] Expanded: 146, Generated: 145
[f=219.994] Expanded: 146, Generated: 146
[f=214.141] Expanded: 148, Generated: 148
[f=214.334] Expanded: 149, Generated: 149
[f=213.837] Expanded: 151, Generated: 151
[f=214.030] Expanded: 152, Generated: 152
[f=213.858] Expanded: 154, Generated: 154
[f=214.051] Expanded: 155, Generated: 155
[f=204.613] Expanded: 157, Generated: 157
[f=214.499] Expanded: 158, Generated: 158
[f=214.503] Expanded: 159, Generated: 159
[f=214.511] Expanded: 160, Generated: 160
[f=214.518] Expanded: 161, Generated: 161
[f=206.361] Expanded: 163, Generated: 163
[f=205.961] Expanded: 165, Generated: 165
[f=214.528] Expanded: 166, Generated: 166
[f=207.212] Expanded: 168, Generated: 168
[f=214.559] Expanded: 169, Generated: 169
[f=214.567] Expanded: 170, Generated: 170
[f=214.571] Expanded: 171, Generated: 171
[f=214.591] Expanded: 172, Generated: 172
[f=214.598] Expanded: 173, Generated: 173
[f=214.642] Expanded: 174, Generated: 174
[f=208.060] Expanded: 176, Generated: 176
[f=214.647] Expanded: 177, Generated: 177
[f=214.684] Expanded: 178, Generated: 178
[f=207.353] Expanded: 180, Generated: 180
[f=214.797] Expanded: 181, Generated: 181
[f=213.275] Expanded: 183, Generated: 183
[f=210.547] Expanded: 185, Generated: 185
[f=215.702] Expanded: 186, Generated: 186
[f=215.714] Expanded: 187, Generated: 187
[f=215.723] Expanded: 188, Generated: 188
[f=213.706] Expanded: 190, Generated: 190
[f=214.679] Expanded: 191, Generated: 191
[f=215.954] Expanded: 191, Generated: 192
[f=215.965] Expanded: 191, Generated: 193
[f=215.977] Expanded: 191, Generated: 194
[f=215.978] Expanded: 191, Generated: 195
[f=215.981] Expanded: 191, Generated: 196
[f=215.996] Expanded: 191, Generated: 197
[f=216.000] Expanded: 191, Generated: 198
[f=216.006] Expanded: 191, Generated: 199
[f=216.022] Expanded: 191, Generated: 200
[f=216.022] Expanded: 191, Generated: 201
[f=216.037] Expanded: 191, Generated: 202
[f=216.042] Expanded: 191, Generated: 203
[f=216.055] Expanded: 191, Generated: 204
[f=216.105] Expanded: 191, Generated: 205
[f=216.107] Expanded: 191, Generated: 206
[f=216.113] Expanded: 191, Generated: 207
[f=216.147] Expanded: 191, Generated: 208
[f=216.200] Expanded: 191, Generated: 209
[f=216.227] Expanded: 191, Generated: 210
[f=216.252] Expanded: 191, Generated: 211
[f=205.270] Expanded: 193, Generated: 213
[f=215.194] Expanded: 194, Generated: 214
[f=215.201] Expanded: 195, Generated: 215
[f=215.208] Expanded: 196, Generated: 216
[f=207.027] Expanded: 198, Generated: 218
[f=206.632] Expanded: 200, Generated: 220
[f=215.218] Expanded: 201, Generated: 221
[f=207.889] Expanded: 203, Generated: 223
[f=215.249] Expanded: 204, Generated: 224
[f=215.257] Expanded: 205, Generated: 225
[f=215.261] Expanded: 206, Generated: 226
[f=215.280] Expanded: 207, Generated: 227
[f=215.288] Expanded: 208, Generated: 228
[f=215.331] Expanded: 209, Generated: 229
[f=215.336] Expanded: 210, Generated: 230
[f=208.750] Expanded: 212, Generated: 232
[f=215.372] Expanded: 213, Generated: 233
[f=208.038] Expanded: 215, Generated: 235
[f=215.486] Expanded: 216, Generated: 236
[f=214.043] Expanded: 218, Generated: 238
[f=215.589] Expanded: 219, Generated: 239
[f=207.965] Expanded: 221, Generated: 241
[f=207.973] Expanded: 222, Generated: 242
[f=208.181] Expanded: 224, Generated: 244
[f=208.192] Expanded: 225, Generated: 245
[f=206.450] Expanded: 227, Generated: 247
[f=206.468] Expanded: 228, Generated: 248
[f=216.279] Expanded: 229, Generated: 249
[f=204.967] Expanded: 231, Generated: 251
[f=214.891] Expanded: 232, Generated: 252
[f=214.894] Expanded: 233, Generated: 253
[f=214.910] Expanded: 234, Generated: 254
[f=206.802] Expanded: 236, Generated: 256
[f=206.479] Expanded: 238, Generated: 258
[f=214.920] Expanded: 239, Generated: 259
[f=207.584] Expanded: 241, Generated: 261
[f=214.950] Expanded: 242, Generated: 262
[f=214.958] Expanded: 243, Generated: 263
[f=214.962] Expanded: 244, Generated: 264
[f=214.981] Expanded: 245, Generated: 265
[f=214.989] Expanded: 246, Generated: 266
[f=215.034] Expanded: 247, Generated: 267
[f=215.037] Expanded: 248, Generated: 268
[f=208.448] Expanded: 250, Generated: 270
[f=215.074] Expanded: 251, Generated: 271
[f=207.736] Expanded: 253, Generated: 273
[f=215.186] Expanded: 254, Generated: 274
[f=213.746] Expanded: 256, Generated: 276
[f=215.289] Expanded: 257, Generated: 277
[f=210.939] Expanded: 259, Generated: 279
[f=216.097] Expanded: 260, Generated: 280
[f=216.109] Expanded: 261, Generated: 281
[f=216.118] Expanded: 262, Generated: 282
[f=216.145] Expanded: 263, Generated: 283
[f=205.083] Expanded: 265, Generated: 285
[f=215.010] Expanded: 266, Generated: 286
[f=215.015] Expanded: 267, Generated: 287
[f=215.023] Expanded: 268, Generated: 288
[f=206.848] Expanded: 270, Generated: 290
[f=206.444] Expanded: 272, Generated: 292
[f=215.039] Expanded: 273, Generated: 293
[f=207.690] Expanded: 275, Generated: 295
[f=215.070] Expanded: 276, Generated: 296
[f=215.078] Expanded: 277, Generated: 297
[f=215.082] Expanded: 278, Generated: 298
[f=215.101] Expanded: 279, Generated: 299
[f=215.109] Expanded: 280, Generated: 300
[f=215.152] Expanded: 281, Generated: 301
[f=208.564] Expanded: 283, Generated: 303
[f=215.157] Expanded: 284, Generated: 304
[f=215.193] Expanded: 285, Generated: 305
[f=207.851] Expanded: 287, Generated: 307
[f=215.306] Expanded: 288, Generated: 308
[f=213.845] Expanded: 290, Generated: 310
[f=215.409] Expanded: 291, Generated: 311
[f=211.086] Expanded: 293, Generated: 313
[f=216.218] Expanded: 294, Generated: 314
[f=216.230] Expanded: 295, Generated: 315
[f=216.239] Expanded: 296, Generated: 316
[f=216.273] Expanded: 297, Generated: 317
[f=207.784] Expanded: 299, Generated: 319
[f=207.787] Expanded: 300, Generated: 320
[f=207.884] Expanded: 302, Generated: 322
[f=207.888] Expanded: 303, Generated: 323
[f=216.303] Expanded: 303, Generated: 324
[f=216.308] Expanded: 303, Generated: 325
[f=216.316] Expanded: 303, Generated: 326
[f=216.318] Expanded: 303, Generated: 327
[f=216.324] Expanded: 303, Generated: 328
[f=216.328] Expanded: 303, Generated: 329
[f=216.332] Expanded: 303, Generated: 330
[f=216.341] Expanded: 303, Generated: 331
[f=210.501] Expanded: 305, Generated: 333
[f=205.018] Expanded: 307, Generated: 335
[f=214.946] Expanded: 308, Generated: 336
[f=214.950] Expanded: 309, Generated: 337
[f=214.959] Expanded: 310, Generated: 338
[f=214.965] Expanded: 311, Generated: 339
[f=206.848] Expanded: 313, Generated: 341
[f=206.441] Expanded: 315, Generated: 343
[f=214.975] Expanded: 316, Generated: 344
[f=207.629] Expanded: 318, Generated: 346
[f=215.014] Expanded: 319, Generated: 347
[f=215.018] Expanded: 320, Generated: 348
[f=215.037] Expanded: 321, Generated: 349
[f=215.044] Expanded: 322, Generated: 350
[f=215.088] Expanded: 323, Generated: 351
[f=208.496] Expanded: 325, Generated: 353
[f=215.093] Expanded: 326, Generated: 354
[f=215.129] Expanded: 327, Generated: 355
[f=207.786] Expanded: 329, Generated: 357
[f=215.242] Expanded: 330, Generated: 358
[f=213.776] Expanded: 332, Generated: 360
[f=215.345] Expanded: 333, Generated: 361
[f=211.002] Expanded: 335, Generated: 363
[f=216.154] Expanded: 336, Generated: 364
[f=216.165] Expanded: 337, Generated: 365
[f=216.174] Expanded: 338, Generated: 366
[f=216.285] Expanded: 339, Generated: 367
[f=205.110] Expanded: 341, Generated: 369
[f=215.035] Expanded: 342, Generated: 370
[f=215.039] Expanded: 343, Generated: 371
[f=215.048] Expanded: 344, Generated: 372
[f=215.054] Expanded: 345, Generated: 373
[f=206.727] Expanded: 347, Generated: 375
[f=206.483] Expanded: 349, Generated: 377
[f=215.064] Expanded: 350, Generated: 378
[f=207.574] Expanded: 352, Generated: 380
[f=215.095] Expanded: 353, Generated: 381
[f=215.107] Expanded: 354, Generated: 382
[f=215.126] Expanded: 355, Generated: 383
[f=215.134] Expanded: 356, Generated: 384
[f=215.177] Expanded: 357, Generated: 385
[f=208.566] Expanded: 359, Generated: 387
[f=215.182] Expanded: 360, Generated: 388
[f=215.218] Expanded: 361, Generated: 389
[f=207.729] Expanded: 363, Generated: 391
[f=215.321] Expanded: 364, Generated: 392
[f=213.727] Expanded: 366, Generated: 394
[f=215.434] Expanded: 367, Generated: 395
[f=210.957] Expanded: 369, Generated: 397
[f=216.242] Expanded: 370, Generated: 398
[f=216.254] Expanded: 371, Generated: 399
[f=216.263] Expanded: 372, Generated: 400
[f=216.363] Expanded: 372, Generated: 401
[f=216.364] Expanded: 372, Generated: 402
[f=210.347] Expanded: 374, Generated: 404
[f=209.186] Expanded: 376, Generated: 406
[f=205.286] Expanded: 378, Generated: 408
[f=215.208] Expanded: 379, Generated: 409
[f=215.213] Expanded: 380, Generated: 410
[f=215.220] Expanded: 381, Generated: 411
[f=215.227] Expanded: 382, Generated: 412
[f=207.049] Expanded: 384, Generated: 414
[f=206.647] Expanded: 386, Generated: 416
[f=215.237] Expanded: 387, Generated: 417
[f=207.903] Expanded: 389, Generated: 419
[f=215.267] Expanded: 390, Generated: 420
[f=215.276] Expanded: 391, Generated: 421
[f=215.299] Expanded: 392, Generated: 422
[f=215.307] Expanded: 393, Generated: 423
[f=215.350] Expanded: 394, Generated: 424
[f=208.768] Expanded: 396, Generated: 426
[f=215.356] Expanded: 397, Generated: 427
[f=215.392] Expanded: 398, Generated: 428
[f=208.058] Expanded: 400, Generated: 430
[f=215.505] Expanded: 401, Generated: 431
[f=214.052] Expanded: 403, Generated: 433
[f=215.608] Expanded: 404, Generated: 434
[f=216.373] Expanded: 405, Generated: 435
[f=216.374] Expanded: 405, Generated: 436
[f=216.379] Expanded: 405, Generated: 437
[f=210.206] Expanded: 407, Generated: 439
[f=216.384] Expanded: 407, Generated: 440
[f=204.903] Expanded: 409, Generated: 442
[f=214.848] Expanded: 410, Generated: 443
[f=214.851] Expanded: 411, Generated: 444
[f=214.860] Expanded: 412, Generated: 445
[f=214.866] Expanded: 413, Generated: 446
[f=206.737] Expanded: 415, Generated: 448
[f=206.332] Expanded: 417, Generated: 450
[f=214.877] Expanded: 418, Generated: 451
[f=207.523] Expanded: 420, Generated: 453
[f=214.906] Expanded: 421, Generated: 454
[f=214.915] Expanded: 422, Generated: 455
[f=214.919] Expanded: 423, Generated: 456
[f=214.938] Expanded: 424, Generated: 457
[f=214.989] Expanded: 425, Generated: 458
[f=208.387] Expanded: 427, Generated: 460
[f=214.994] Expanded: 428, Generated: 461
[f=215.030] Expanded: 429, Generated: 462
[f=207.681] Expanded: 431, Generated: 464
[f=215.143] Expanded: 432, Generated: 465
[f=213.667] Expanded: 434, Generated: 467
[f=215.246] Expanded: 435, Generated: 468
[f=210.845] Expanded: 437, Generated: 470
[f=216.054] Expanded: 438, Generated: 471
[f=216.065] Expanded: 439, Generated: 472
[f=216.074] Expanded: 440, Generated: 473
[f=216.243] Expanded: 441, Generated: 474
[f=216.381] Expanded: 441, Generated: 475
[f=216.392] Expanded: 441, Generated: 476
[f=205.234] Expanded: 443, Generated: 478
[f=215.159] Expanded: 444, Generated: 479
[f=215.163] Expanded: 445, Generated: 480
[f=215.171] Expanded: 446, Generated: 481
[f=215.178] Expanded: 447, Generated: 482
[f=207.001] Expanded: 449, Generated: 484
[f=206.607] Expanded: 451, Generated: 486
[f=215.188] Expanded: 452, Generated: 487
[f=207.843] Expanded: 454, Generated: 489
[f=215.219] Expanded: 455, Generated: 490
[f=215.227] Expanded: 456, Generated: 491
[f=215.231] Expanded: 457, Generated: 492
[f=215.258] Expanded: 458, Generated: 493
[f=215.301] Expanded: 459, Generated: 494
[f=215.306] Expanded: 460, Generated: 495
[f=208.718] Expanded: 462, Generated: 497
[f=215.342] Expanded: 463, Generated: 498
[f=207.999] Expanded: 465, Generated: 500
[f=215.455] Expanded: 466, Generated: 501
[f=213.985] Expanded: 468, Generated: 503
[f=215.559] Expanded: 469, Generated: 504
[f=211.231] Expanded: 471, Generated: 506
[f=216.368] Expanded: 472, Generated: 507
[f=216.379] Expanded: 473, Generated: 508
[f=216.389] Expanded: 474, Generated: 509
[f=216.392] Expanded: 474, Generated: 510
[f=208.832] Expanded: 476, Generated: 512
[f=208.852] Expanded: 477, Generated: 513
[f=209.079] Expanded: 479, Generated: 515
[f=216.397] Expanded: 479, Generated: 516
[f=211.246] Expanded: 481, Generated: 518
[f=209.235] Expanded: 483, Generated: 520
[f=216.399] Expanded: 484, Generated: 521
[f=209.239] Expanded: 486, Generated: 523
[f=216.403] Expanded: 486, Generated: 524
[f=216.405] Expanded: 486, Generated: 525
[f=216.405] Expanded: 486, Generated: 526
[f=216.408] Expanded: 486, Generated: 527
[f=216.410] Expanded: 487, Generated: 528
[f=216.415] Expanded: 487, Generated: 529
[f=211.267] Expanded: 489, Generated: 531
[f=209.673] Expanded: 491, Generated: 533
[f=209.697] Expanded: 492, Generated: 534
[f=216.417] Expanded: 493, Generated: 535
[f=216.420] Expanded: 494, Generated: 536
[f=210.337] Expanded: 496, Generated: 538
[f=210.269] Expanded: 498, Generated: 540
[f=216.424] Expanded: 498, Generated: 541
[f=210.493] Expanded: 500, Generated: 543
[f=216.428] Expanded: 500, Generated: 544
[f=210.315] Expanded: 502, Generated: 546
[f=216.429] Expanded: 503, Generated: 547
[f=216.433] Expanded: 503, Generated: 548
[f=216.436] Expanded: 503, Generated: 549
[f=216.438] Expanded: 504, Generated: 550
[f=216.441] Expanded: 504, Generated: 551
[f=216.441] Expanded: 504, Generated: 552
[f=216.444] Expanded: 504, Generated: 553
[f=216.445] Expanded: 504, Generated: 554
[f=216.447] Expanded: 504, Generated: 555
[f=205.189] Expanded: 506, Generated: 557
[f=215.118] Expanded: 507, Generated: 558
[f=215.122] Expanded: 508, Generated: 559
[f=215.130] Expanded: 509, Generated: 560
[f=215.137] Expanded: 510, Generated: 561
[f=206.810] Expanded: 512, Generated: 563
[f=206.408] Expanded: 514, Generated: 565
[f=215.147] Expanded: 515, Generated: 566
[f=207.666] Expanded: 517, Generated: 568
[f=215.177] Expanded: 518, Generated: 569
[f=215.185] Expanded: 519, Generated: 570
[f=215.189] Expanded: 520, Generated: 571
[f=215.208] Expanded: 521, Generated: 572
[f=215.216] Expanded: 522, Generated: 573
[f=215.260] Expanded: 523, Generated: 574
[f=215.265] Expanded: 524, Generated: 575
[f=215.301] Expanded: 525, Generated: 576
[f=207.821] Expanded: 527, Generated: 578
[f=215.414] Expanded: 528, Generated: 579
[f=213.771] Expanded: 530, Generated: 581
[f=215.517] Expanded: 531, Generated: 582
[f=211.026] Expanded: 533, Generated: 584
[f=216.326] Expanded: 534, Generated: 585
[f=216.337] Expanded: 535, Generated: 586
[f=216.346] Expanded: 536, Generated: 587
[f=216.448] Expanded: 536, Generated: 588
[f=210.436] Expanded: 538, Generated: 590
[f=216.449] Expanded: 538, Generated: 591
[f=216.449] Expanded: 538, Generated: 592
[f=216.450] Expanded: 538, Generated: 593
[f=216.451] Expanded: 539, Generated: 594
[f=216.455] Expanded: 539, Generated: 595
[f=216.459] Expanded: 539, Generated: 596
[f=210.139] Expanded: 541, Generated: 598
[f=216.463] Expanded: 541, Generated: 599
[f=210.064] Expanded: 543, Generated: 601
[f=216.468] Expanded: 543, Generated: 602
[f=216.468] Expanded: 543, Generated: 603
[f=205.161] Expanded: 545, Generated: 605
[f=215.086] Expanded: 546, Generated: 606
[f=215.091] Expanded: 547, Generated: 607
[f=215.099] Expanded: 548, Generated: 608
[f=215.105] Expanded: 549, Generated: 609
[f=206.928] Expanded: 551, Generated: 611
[f=206.678] Expanded: 553, Generated: 613
[f=215.116] Expanded: 554, Generated: 614
[f=207.781] Expanded: 556, Generated: 616
[f=215.146] Expanded: 557, Generated: 617
[f=215.154] Expanded: 558, Generated: 618
[f=215.158] Expanded: 559, Generated: 619
[f=215.177] Expanded: 560, Generated: 620
[f=215.185] Expanded: 561, Generated: 621
[f=208.645] Expanded: 563, Generated: 623
[f=215.234] Expanded: 564, Generated: 624
[f=215.271] Expanded: 565, Generated: 625
[f=207.937] Expanded: 567, Generated: 627
[f=215.383] Expanded: 568, Generated: 628
[f=213.919] Expanded: 570, Generated: 630
[f=215.487] Expanded: 571, Generated: 631
[f=211.147] Expanded: 573, Generated: 633
[f=216.294] Expanded: 574, Generated: 634
[f=216.306] Expanded: 575, Generated: 635
[f=216.314] Expanded: 576, Generated: 636
[f=216.472] Expanded: 576, Generated: 637
[f=216.472] Expanded: 576, Generated: 638
[f=205.262] Expanded: 578, Generated: 640
[f=215.188] Expanded: 579, Generated: 641
[f=215.192] Expanded: 580, Generated: 642
[f=215.200] Expanded: 581, Generated: 643
[f=215.207] Expanded: 582, Generated: 644
[f=207.028] Expanded: 584, Generated: 646
[f=206.628] Expanded: 586, Generated: 648
[f=215.217] Expanded: 587, Generated: 649
[f=207.868] Expanded: 589, Generated: 651
[f=215.247] Expanded: 590, Generated: 652
[f=215.255] Expanded: 591, Generated: 653
[f=215.259] Expanded: 592, Generated: 654
[f=215.278] Expanded: 593, Generated: 655
[f=215.287] Expanded: 594, Generated: 656
[f=215.330] Expanded: 595, Generated: 657
[f=208.745] Expanded: 597, Generated: 659
[f=215.371] Expanded: 598, Generated: 660
[f=208.023] Expanded: 600, Generated: 662
[f=215.484] Expanded: 601, Generated: 663
[f=214.003] Expanded: 603, Generated: 665
[f=215.588] Expanded: 604, Generated: 666
[f=211.249] Expanded: 606, Generated: 668
[f=216.396] Expanded: 607, Generated: 669
[f=216.407] Expanded: 608, Generated: 670
[f=216.416] Expanded: 609, Generated: 671
[f=216.475] Expanded: 609, Generated: 672
[f=216.475] Expanded: 609, Generated: 673
[f=216.475] Expanded: 609, Generated: 674
[f=216.481] Expanded: 609, Generated: 675
[f=216.486] Expanded: 609, Generated: 676
[f=216.486] Expanded: 609, Generated: 677
[f=216.486] Expanded: 609, Generated: 678
[f=216.487] Expanded: 609, Generated: 679
[f=216.491] Expanded: 609, Generated: 680
[f=216.495] Expanded: 609, Generated: 681
[f=216.499] Expanded: 609, Generated: 682
[f=216.499] Expanded: 609, Generated: 683
[f=216.499] Expanded: 609, Generated: 684
[f=216.500] Expanded: 609, Generated: 685
[f=216.502] Expanded: 609, Generated: 686
[f=216.503] Expanded: 609, Generated: 687
[f=216.507] Expanded: 609, Generated: 688
[f=213.029] Expanded: 611, Generated: 690
[f=210.434] Expanded: 613, Generated: 692
[f=209.865] Expanded: 615, Generated: 694
[f=209.896] Expanded: 616, Generated: 695
[f=210.459] Expanded: 618, Generated: 697
[f=216.513] Expanded: 618, Generated: 698
[f=216.516] Expanded: 618, Generated: 699
[f=216.516] Expanded: 618, Generated: 700
[f=216.517] Expanded: 618, Generated: 701
[f=216.518] Expanded: 618, Generated: 702
[f=216.519] Expanded: 618, Generated: 703
[f=216.521] Expanded: 618, Generated: 704
[f=205.319] Expanded: 620, Generated: 706
[f=215.248] Expanded: 621, Generated: 707
[f=215.252] Expanded: 622, Generated: 708
[f=215.261] Expanded: 623, Generated: 709
[f=215.267] Expanded: 624, Generated: 710
[f=207.087] Expanded: 626, Generated: 712
[f=206.837] Expanded: 628, Generated: 714
[f=215.277] Expanded: 629, Generated: 715
[f=207.941] Expanded: 631, Generated: 717
[f=215.307] Expanded: 632, Generated: 718
[f=215.315] Expanded: 633, Generated: 719
[f=215.320] Expanded: 634, Generated: 720
[f=215.338] Expanded: 635, Generated: 721
[f=215.347] Expanded: 636, Generated: 722
[f=215.391] Expanded: 637, Generated: 723
[f=215.394] Expanded: 638, Generated: 724
[f=208.802] Expanded: 640, Generated: 726
[f=208.095] Expanded: 642, Generated: 728
[f=215.544] Expanded: 643, Generated: 729
[f=214.076] Expanded: 645, Generated: 731
[f=215.647] Expanded: 646, Generated: 732
[f=211.302] Expanded: 648, Generated: 734
[f=216.453] Expanded: 649, Generated: 735
[f=216.464] Expanded: 650, Generated: 736
[f=216.473] Expanded: 651, Generated: 737
[f=216.522] Expanded: 651, Generated: 738
[f=216.524] Expanded: 651, Generated: 739
[f=216.526] Expanded: 651, Generated: 740
[f=216.526] Expanded: 651, Generated: 741
[f=216.530] Expanded: 651, Generated: 742
[f=216.530] Expanded: 651, Generated: 743
[f=216.531] Expanded: 651, Generated: 744
[f=216.531] Expanded: 651, Generated: 745
[f=216.531] Expanded: 651, Generated: 746
[f=216.532] Expanded: 651, Generated: 747
[f=216.532] Expanded: 651, Generated: 748
[f=216.532] Expanded: 651, Generated: 749
[f=216.535] Expanded: 651, Generated: 750
[f=216.536] Expanded: 651, Generated: 751
[f=216.537] Expanded: 651, Generated: 752
[f=216.540] Expanded: 651, Generated: 753
[f=216.540] Expanded: 651, Generated: 754
[f=216.543] Expanded: 651, Generated: 755
[f=216.543] Expanded: 651, Generated: 756
[f=216.543] Expanded: 651, Generated: 757
[f=216.544] Expanded: 651, Generated: 758
[f=216.549] Expanded: 651, Generated: 759
[f=216.550] Expanded: 652, Generated: 760
[f=216.550] Expanded: 652, Generated: 761
[f=210.654] Expanded: 654, Generated: 763
[f=216.554] Expanded: 654, Generated: 764
[f=216.555] Expanded: 654, Generated: 765
[f=216.557] Expanded: 654, Generated: 766
[f=216.557] Expanded: 654, Generated: 767
[f=207.877] Expanded: 656, Generated: 769
[f=207.895] Expanded: 657, Generated: 770
[f=216.559] Expanded: 658, Generated: 771
[f=216.559] Expanded: 658, Generated: 772
[f=216.559] Expanded: 658, Generated: 773
[f=216.562] Expanded: 658, Generated: 774
[f=216.562] Expanded: 658, Generated: 775
[f=216.564] Expanded: 658, Generated: 776
[f=216.572] Expanded: 658, Generated: 777
[f=216.572] Expanded: 658, Generated: 778
[f=216.572] Expanded: 659, Generated: 779
[f=216.575] Expanded: 659, Generated: 780
[f=216.575] Expanded: 659, Generated: 781
[f=216.575] Expanded: 659, Generated: 782
[f=216.576] Expanded: 659, Generated: 783
[f=216.581] Expanded: 659, Generated: 784
[f=216.587] Expanded: 659, Generated: 785
[f=216.590] Expanded: 659, Generated: 786
[f=216.594] Expanded: 659, Generated: 787
[f=216.595] Expanded: 659, Generated: 788
[f=216.598] Expanded: 659, Generated: 789
[f=216.599] Expanded: 659, Generated: 790
[f=216.599] Expanded: 659, Generated: 791
[f=216.599] Expanded: 659, Generated: 792
[f=216.600] Expanded: 659, Generated: 793
[f=216.608] Expanded: 659, Generated: 794
[f=216.613] Expanded: 659, Generated: 795
[f=216.624] Expanded: 659, Generated: 796
[f=216.625] Expanded: 659, Generated: 797
[f=216.626] Expanded: 659, Generated: 798
[f=216.626] Expanded: 659, Generated: 799
[f=216.626] Expanded: 659, Generated: 800
[f=210.219] Expanded: 661, Generated: 802
[f=216.633] Expanded: 661, Generated: 803
[f=216.634] Expanded: 661, Generated: 804
[f=216.638] Expanded: 661, Generated: 805
[f=216.639] Expanded: 661, Generated: 806
[f=205.925] Expanded: 663, Generated: 808
[f=215.872] Expanded: 664, Generated: 809
[f=215.876] Expanded: 665, Generated: 810
[f=215.884] Expanded: 666, Generated: 811
[f=215.891] Expanded: 667, Generated: 812
[f=207.683] Expanded: 669, Generated: 814
[f=207.394] Expanded: 671, Generated: 816
[f=215.901] Expanded: 672, Generated: 817
[f=208.538] Expanded: 674, Generated: 819
[f=215.931] Expanded: 675, Generated: 820
[f=215.939] Expanded: 676, Generated: 821
[f=215.943] Expanded: 677, Generated: 822
[f=215.962] Expanded: 678, Generated: 823
[f=215.970] Expanded: 679, Generated: 824
[f=216.014] Expanded: 680, Generated: 825
[f=209.393] Expanded: 682, Generated: 827
[f=216.019] Expanded: 683, Generated: 828
[f=216.055] Expanded: 684, Generated: 829
[f=208.696] Expanded: 686, Generated: 831
[f=214.655] Expanded: 688, Generated: 833
[f=216.271] Expanded: 689, Generated: 834
[f=216.649] Expanded: 689, Generated: 835
[f=216.651] Expanded: 689, Generated: 836
[f=216.657] Expanded: 689, Generated: 837
[f=216.657] Expanded: 689, Generated: 838
[f=216.658] Expanded: 689, Generated: 839
[f=216.658] Expanded: 689, Generated: 840
[f=216.662] Expanded: 689, Generated: 841
[f=216.662] Expanded: 690, Generated: 842
[f=216.662] Expanded: 690, Generated: 843
[f=216.662] Expanded: 690, Generated: 844
[f=209.381] Expanded: 692, Generated: 846
[f=209.427] Expanded: 693, Generated: 847
[f=216.664] Expanded: 693, Generated: 848
[f=216.665] Expanded: 693, Generated: 849
[f=216.666] Expanded: 693, Generated: 850
[f=216.666] Expanded: 693, Generated: 851
[f=216.666] Expanded: 693, Generated: 852
[f=204.925] Expanded: 695, Generated: 854
[f=214.872] Expanded: 696, Generated: 855
[f=214.876] Expanded: 697, Generated: 856
[f=214.884] Expanded: 698, Generated: 857
[f=214.891] Expanded: 699, Generated: 858
[f=206.683] Expanded: 701, Generated: 860
[f=206.394] Expanded: 703, Generated: 862
[f=214.901] Expanded: 704, Generated: 863
[f=207.538] Expanded: 706, Generated: 865
[f=214.931] Expanded: 707, Generated: 866
[f=214.939] Expanded: 708, Generated: 867
[f=214.943] Expanded: 709, Generated: 868
[f=214.962] Expanded: 710, Generated: 869
[f=214.970] Expanded: 711, Generated: 870
[f=215.014] Expanded: 712, Generated: 871
[f=208.393] Expanded: 714, Generated: 873
[f=215.019] Expanded: 715, Generated: 874
[f=215.055] Expanded: 716, Generated: 875
[f=207.696] Expanded: 718, Generated: 877
[f=213.656] Expanded: 720, Generated: 879
[f=215.271] Expanded: 721, Generated: 880
[f=210.901] Expanded: 723, Generated: 882
[f=216.075] Expanded: 724, Generated: 883
[f=216.086] Expanded: 725, Generated: 884
[f=216.095] Expanded: 726, Generated: 885
[f=216.393] Expanded: 726, Generated: 886
[f=216.440] Expanded: 726, Generated: 887
[f=216.451] Expanded: 726, Generated: 888
[f=216.463] Expanded: 726, Generated: 889
[f=216.464] Expanded: 726, Generated: 890
[f=216.467] Expanded: 726, Generated: 891
[f=216.482] Expanded: 726, Generated: 892
[f=216.486] Expanded: 726, Generated: 893
[f=216.491] Expanded: 726, Generated: 894
[f=216.507] Expanded: 726, Generated: 895
[f=216.507] Expanded: 726, Generated: 896
[f=216.509] Expanded: 727, Generated: 897
[f=216.522] Expanded: 727, Generated: 898
[f=216.527] Expanded: 727, Generated: 899
[f=216.540] Expanded: 727, Generated: 900
[f=216.589] Expanded: 727, Generated: 901
[f=216.591] Expanded: 727, Generated: 902
[f=216.598] Expanded: 727, Generated: 903
[f=216.631] Expanded: 727, Generated: 904
[f=216.669] Expanded: 727, Generated: 905
[f=216.672] Expanded: 727, Generated: 906
[f=216.675] Expanded: 727, Generated: 907
[f=216.680] Expanded: 727, Generated: 908
[f=216.681] Expanded: 727, Generated: 909
[f=216.681] Expanded: 727, Generated: 910
[f=216.682] Expanded: 727, Generated: 911
[f=216.682] Expanded: 727, Generated: 912
[f=216.683] Expanded: 727, Generated: 913
[f=216.683] Expanded: 727, Generated: 914
[f=216.683] Expanded: 727, Generated: 915
[f=216.684] Expanded: 727, Generated: 916
[f=216.685] Expanded: 727, Generated: 917
[f=216.685] Expanded: 727, Generated: 918
[f=216.685] Expanded: 727, Generated: 919
[f=216.686] Expanded: 727, Generated: 920
[f=216.688] Expanded: 727, Generated: 921
[f=216.689] Expanded: 727, Generated: 922
[f=216.690] Expanded: 727, Generated: 923
[f=216.693] Expanded: 727, Generated: 924
[f=216.697] Expanded: 727, Generated: 925
[f=216.698] Expanded: 727, Generated: 926
[f=216.698] Expanded: 727, Generated: 927
[f=216.698] Expanded: 727, Generated: 928
[f=216.698] Expanded: 727, Generated: 929
[f=216.700] Expanded: 727, Generated: 930
[f=216.700] Expanded: 727, Generated: 931
[f=216.702] Expanded: 727, Generated: 932
[f=205.368] Expanded: 729, Generated: 934
[f=215.243] Expanded: 730, Generated: 935
[f=215.255] Expanded: 731, Generated: 936
[f=215.259] Expanded: 732, Generated: 937
[f=215.267] Expanded: 733, Generated: 938
[f=215.275] Expanded: 734, Generated: 939
[f=206.792] Expanded: 736, Generated: 941
[f=215.285] Expanded: 737, Generated: 942
[f=207.966] Expanded: 739, Generated: 944
[f=215.315] Expanded: 740, Generated: 945
[f=215.323] Expanded: 741, Generated: 946
[f=215.327] Expanded: 742, Generated: 947
[f=215.347] Expanded: 743, Generated: 948
[f=215.354] Expanded: 744, Generated: 949
[f=215.399] Expanded: 745, Generated: 950
[f=208.823] Expanded: 747, Generated: 952
[f=215.404] Expanded: 748, Generated: 953
[f=215.441] Expanded: 749, Generated: 954
[f=208.115] Expanded: 751, Generated: 956
[f=215.553] Expanded: 752, Generated: 957
[f=214.040] Expanded: 754, Generated: 959
[f=211.542] Expanded: 756, Generated: 961
[f=211.336] Expanded: 758, Generated: 963
[f=216.456] Expanded: 759, Generated: 964
[f=216.467] Expanded: 760, Generated: 965
[f=214.430] Expanded: 762, Generated: 967
[f=215.404] Expanded: 763, Generated: 968
[f=210.912] Expanded: 765, Generated: 970
[f=210.918] Expanded: 766, Generated: 971
[f=216.704] Expanded: 766, Generated: 972
[f=216.704] Expanded: 766, Generated: 973
[f=216.705] Expanded: 766, Generated: 974
[f=216.705] Expanded: 766, Generated: 975
[f=209.506] Expanded: 768, Generated: 977
[f=216.706] Expanded: 768, Generated: 978
[f=216.706] Expanded: 768, Generated: 979
[f=216.707] Expanded: 768, Generated: 980
[f=216.708] Expanded: 768, Generated: 981
[f=215.026] Expanded: 770, Generated: 983
[f=215.974] Expanded: 771, Generated: 984
[f=210.673] Expanded: 773, Generated: 986
[f=210.684] Expanded: 774, Generated: 987
[f=216.709] Expanded: 774, Generated: 988
[f=216.710] Expanded: 774, Generated: 989
[f=205.438] Expanded: 776, Generated: 991
[f=215.321] Expanded: 777, Generated: 992
[f=215.333] Expanded: 778, Generated: 993
[f=215.337] Expanded: 779, Generated: 994
[f=215.347] Expanded: 780, Generated: 995
[f=215.353] Expanded: 781, Generated: 996
[f=207.206] Expanded: 783, Generated: 998
[f=215.363] Expanded: 784, Generated: 999
[f=207.980] Expanded: 786, Generated: 1001
[f=215.392] Expanded: 787, Generated: 1002
[f=215.401] Expanded: 788, Generated: 1003
[f=215.406] Expanded: 789, Generated: 1004
[f=215.424] Expanded: 790, Generated: 1005
[f=215.432] Expanded: 791, Generated: 1006
[f=215.478] Expanded: 792, Generated: 1007
[f=208.825] Expanded: 794, Generated: 1009
[f=215.481] Expanded: 795, Generated: 1010
[f=215.519] Expanded: 796, Generated: 1011
[f=208.195] Expanded: 798, Generated: 1013
[f=215.621] Expanded: 799, Generated: 1014
[f=214.125] Expanded: 801, Generated: 1016
[f=211.184] Expanded: 803, Generated: 1018
[f=211.390] Expanded: 805, Generated: 1020
[f=216.530] Expanded: 806, Generated: 1021
[f=216.542] Expanded: 807, Generated: 1022
[f=214.496] Expanded: 809, Generated: 1024
[f=215.470] Expanded: 810, Generated: 1025
[f=216.710] Expanded: 810, Generated: 1026
[f=216.710] Expanded: 810, Generated: 1027
[f=216.713] Expanded: 810, Generated: 1028
[f=216.715] Expanded: 810, Generated: 1029
[f=216.717] Expanded: 810, Generated: 1030
[f=216.718] Expanded: 810, Generated: 1031
[f=216.718] Expanded: 810, Generated: 1032
[f=216.720] Expanded: 810, Generated: 1033
[f=216.720] Expanded: 810, Generated: 1034
[f=216.721] Expanded: 810, Generated: 1035
[f=216.721] Expanded: 810, Generated: 1036
[f=205.322] Expanded: 812, Generated: 1038
[f=215.204] Expanded: 813, Generated: 1039
[f=215.216] Expanded: 814, Generated: 1040
[f=215.220] Expanded: 815, Generated: 1041
[f=215.236] Expanded: 816, Generated: 1042
[f=207.141] Expanded: 818, Generated: 1044
[f=206.811] Expanded: 820, Generated: 1046
[f=215.246] Expanded: 821, Generated: 1047
[f=207.905] Expanded: 823, Generated: 1049
[f=215.276] Expanded: 824, Generated: 1050
[f=215.284] Expanded: 825, Generated: 1051
[f=215.288] Expanded: 826, Generated: 1052
[f=215.308] Expanded: 827, Generated: 1053
[f=215.316] Expanded: 828, Generated: 1054
[f=215.362] Expanded: 829, Generated: 1055
[f=208.763] Expanded: 831, Generated: 1057
[f=215.365] Expanded: 832, Generated: 1058
[f=215.402] Expanded: 833, Generated: 1059
[f=208.060] Expanded: 835, Generated: 1061
[f=215.514] Expanded: 836, Generated: 1062
[f=214.018] Expanded: 838, Generated: 1064
[f=211.261] Expanded: 840, Generated: 1066
[f=216.417] Expanded: 841, Generated: 1067
[f=216.429] Expanded: 842, Generated: 1068
[f=216.466] Expanded: 843, Generated: 1069
[f=214.435] Expanded: 845, Generated: 1071
[f=215.409] Expanded: 846, Generated: 1072
[f=216.721] Expanded: 846, Generated: 1073
[f=216.724] Expanded: 846, Generated: 1074
[f=216.725] Expanded: 846, Generated: 1075
[f=216.725] Expanded: 846, Generated: 1076
[f=216.725] Expanded: 846, Generated: 1077
[f=216.726] Expanded: 846, Generated: 1078
[f=216.726] Expanded: 846, Generated: 1079
[f=216.726] Expanded: 846, Generated: 1080
[f=216.726] Expanded: 846, Generated: 1081
[f=205.472] Expanded: 848, Generated: 1083
[f=215.357] Expanded: 849, Generated: 1084
[f=215.362] Expanded: 850, Generated: 1085
[f=215.368] Expanded: 851, Generated: 1086
[f=215.376] Expanded: 852, Generated: 1087
[f=206.842] Expanded: 854, Generated: 1089
[f=215.386] Expanded: 855, Generated: 1090
[f=207.140] Expanded: 857, Generated: 1092
[f=208.085] Expanded: 859, Generated: 1094
[f=215.416] Expanded: 860, Generated: 1095
[f=215.426] Expanded: 861, Generated: 1096
[f=215.429] Expanded: 862, Generated: 1097
[f=215.450] Expanded: 863, Generated: 1098
[f=215.456] Expanded: 864, Generated: 1099
[f=215.500] Expanded: 865, Generated: 1100
[f=208.937] Expanded: 867, Generated: 1102
[f=215.505] Expanded: 868, Generated: 1103
[f=215.541] Expanded: 869, Generated: 1104
[f=208.221] Expanded: 871, Generated: 1106
[f=215.654] Expanded: 872, Generated: 1107
[f=214.154] Expanded: 874, Generated: 1109
[f=211.644] Expanded: 876, Generated: 1111
[f=216.558] Expanded: 877, Generated: 1112
[f=216.570] Expanded: 878, Generated: 1113
[f=216.579] Expanded: 879, Generated: 1114
[f=216.730] Expanded: 880, Generated: 1115
[f=216.730] Expanded: 880, Generated: 1116
[f=216.730] Expanded: 880, Generated: 1117
[f=210.207] Expanded: 882, Generated: 1119
[f=210.219] Expanded: 883, Generated: 1120
[f=214.567] Expanded: 885, Generated: 1122
[f=215.540] Expanded: 886, Generated: 1123
[f=205.731] Expanded: 888, Generated: 1125
[f=205.738] Expanded: 889, Generated: 1126
[f=206.430] Expanded: 891, Generated: 1128
[f=206.594] Expanded: 893, Generated: 1130
[f=215.686] Expanded: 893, Generated: 1131
[f=206.547] Expanded: 895, Generated: 1133
[f=206.428] Expanded: 897, Generated: 1135
[f=215.696] Expanded: 897, Generated: 1136
[f=210.290] Expanded: 899, Generated: 1138
[f=210.298] Expanded: 901, Generated: 1140
[f=206.107] Expanded: 903, Generated: 1142
[f=206.113] Expanded: 904, Generated: 1143
[f=204.723] Expanded: 906, Generated: 1145
[f=204.741] Expanded: 907, Generated: 1146
[f=209.518] Expanded: 909, Generated: 1148
[f=209.503] Expanded: 911, Generated: 1150
[f=207.079] Expanded: 913, Generated: 1152
[f=207.097] Expanded: 914, Generated: 1153
[f=214.705] Expanded: 914, Generated: 1154
[f=209.084] Expanded: 916, Generated: 1156
[f=206.803] Expanded: 918, Generated: 1158
[f=206.820] Expanded: 919, Generated: 1159
[f=208.980] Expanded: 921, Generated: 1161
[f=214.715] Expanded: 921, Generated: 1162
[f=214.721] Expanded: 921, Generated: 1163
[f=208.221] Expanded: 923, Generated: 1165
[f=208.243] Expanded: 924, Generated: 1166
[f=214.731] Expanded: 924, Generated: 1167
[f=214.732] Expanded: 924, Generated: 1168
[f=214.732] Expanded: 924, Generated: 1169
[f=209.294] Expanded: 926, Generated: 1171
[f=209.615] Expanded: 928, Generated: 1173
[f=209.358] Expanded: 930, Generated: 1175
[f=209.599] Expanded: 932, Generated: 1177
[f=214.751] Expanded: 932, Generated: 1178
[f=207.434] Expanded: 934, Generated: 1180
[f=209.563] Expanded: 936, Generated: 1182
[f=214.767] Expanded: 936, Generated: 1183
[f=207.484] Expanded: 938, Generated: 1185
[f=207.686] Expanded: 940, Generated: 1187
[f=207.567] Expanded: 942, Generated: 1189
[f=209.519] Expanded: 944, Generated: 1191
[f=208.415] Expanded: 946, Generated: 1193
[f=208.445] Expanded: 947, Generated: 1194
[f=209.460] Expanded: 949, Generated: 1196
[f=207.587] Expanded: 951, Generated: 1198
[f=207.569] Expanded: 953, Generated: 1200
[f=209.722] Expanded: 955, Generated: 1202
[f=209.193] Expanded: 957, Generated: 1204
[f=207.496] Expanded: 959, Generated: 1206
[f=207.645] Expanded: 961, Generated: 1208
[f=207.106] Expanded: 963, Generated: 1210
[f=207.125] Expanded: 964, Generated: 1211
[f=207.902] Expanded: 966, Generated: 1213
[f=207.948] Expanded: 967, Generated: 1214
[f=209.144] Expanded: 969, Generated: 1216
[f=207.116] Expanded: 971, Generated: 1218
[f=207.131] Expanded: 973, Generated: 1220
[f=213.146] Expanded: 975, Generated: 1222
[f=214.116] Expanded: 976, Generated: 1223
[f=215.010] Expanded: 976, Generated: 1224
[f=206.434] Expanded: 978, Generated: 1226
[f=206.732] Expanded: 980, Generated: 1228
[f=206.738] Expanded: 981, Generated: 1229
[f=206.484] Expanded: 983, Generated: 1231
[f=206.686] Expanded: 985, Generated: 1233
[f=209.984] Expanded: 987, Generated: 1235
[f=209.875] Expanded: 989, Generated: 1237
[f=206.904] Expanded: 991, Generated: 1239
[f=206.910] Expanded: 992, Generated: 1240
[f=206.567] Expanded: 994, Generated: 1242
[f=208.559] Expanded: 996, Generated: 1244
[f=208.568] Expanded: 997, Generated: 1245
[f=206.938] Expanded: 999, Generated: 1247
[f=206.943] Expanded: 1000, Generated: 1248
[f=210.154] Expanded: 1002, Generated: 1250
[f=210.042] Expanded: 1004, Generated: 1252
[f=210.536] Expanded: 1006, Generated: 1254
[f=210.441] Expanded: 1008, Generated: 1256
[f=206.587] Expanded: 1010, Generated: 1258
[f=206.569] Expanded: 1012, Generated: 1260
[f=206.496] Expanded: 1014, Generated: 1262
[f=206.645] Expanded: 1016, Generated: 1264
[f=210.454] Expanded: 1018, Generated: 1266
[f=206.106] Expanded: 1020, Generated: 1268
[f=206.125] Expanded: 1021, Generated: 1269
[f=208.981] Expanded: 1023, Generated: 1271
[f=208.999] Expanded: 1024, Generated: 1272
[f=210.204] Expanded: 1026, Generated: 1274
[f=210.503] Expanded: 1028, Generated: 1276
[f=213.489] Expanded: 1030, Generated: 1278
[f=213.493] Expanded: 1032, Generated: 1280
[f=210.033] Expanded: 1034, Generated: 1282
[f=213.497] Expanded: 1036, Generated: 1284
[f=210.768] Expanded: 1038, Generated: 1286
[f=210.801] Expanded: 1039, Generated: 1287
[f=211.581] Expanded: 1041, Generated: 1289
[f=206.116] Expanded: 1043, Generated: 1291
[f=210.403] Expanded: 1045, Generated: 1293
[f=210.433] Expanded: 1046, Generated: 1294
[f=215.947] Expanded: 1046, Generated: 1295
[f=215.952] Expanded: 1046, Generated: 1296
[f=207.924] Expanded: 1048, Generated: 1298
[f=207.958] Expanded: 1049, Generated: 1299
[f=215.960] Expanded: 1049, Generated: 1300
[f=206.131] Expanded: 1051, Generated: 1302
[f=215.970] Expanded: 1051, Generated: 1303
[f=215.971] Expanded: 1051, Generated: 1304
[f=215.971] Expanded: 1051, Generated: 1305
[f=215.978] Expanded: 1051, Generated: 1306
[f=215.989] Expanded: 1051, Generated: 1307
[f=215.990] Expanded: 1051, Generated: 1308
[f=215.996] Expanded: 1051, Generated: 1309
[f=216.005] Expanded: 1051, Generated: 1310
[f=216.007] Expanded: 1051, Generated: 1311
[f=216.009] Expanded: 1051, Generated: 1312
[f=209.928] Expanded: 1053, Generated: 1314
[f=213.832] Expanded: 1055, Generated: 1316
[f=214.807] Expanded: 1056, Generated: 1317
[f=215.811] Expanded: 1058, Generated: 1319
[f=216.030] Expanded: 1058, Generated: 1320
[f=216.058] Expanded: 1059, Generated: 1321
[f=216.059] Expanded: 1059, Generated: 1322
[f=216.063] Expanded: 1059, Generated: 1323
[f=216.063] Expanded: 1060, Generated: 1324
[f=216.067] Expanded: 1060, Generated: 1325
[f=216.070] Expanded: 1061, Generated: 1326
[f=216.077] Expanded: 1062, Generated: 1327
[f=216.078] Expanded: 1062, Generated: 1328
[f=207.858] Expanded: 1064, Generated: 1330
[f=216.079] Expanded: 1064, Generated: 1331
[f=216.080] Expanded: 1064, Generated: 1332
[f=210.787] Expanded: 1066, Generated: 1334
[f=216.081] Expanded: 1066, Generated: 1335
[f=216.082] Expanded: 1066, Generated: 1336
[f=216.083] Expanded: 1067, Generated: 1337
[f=210.754] Expanded: 1069, Generated: 1339
[f=207.685] Expanded: 1071, Generated: 1341
[f=216.088] Expanded: 1072, Generated: 1342
[f=208.693] Expanded: 1074, Generated: 1344
[f=208.697] Expanded: 1075, Generated: 1345
[f=216.089] Expanded: 1076, Generated: 1346
[f=207.773] Expanded: 1078, Generated: 1348
[f=216.090] Expanded: 1078, Generated: 1349
[f=216.095] Expanded: 1079, Generated: 1350
[f=208.972] Expanded: 1081, Generated: 1352
[f=208.170] Expanded: 1083, Generated: 1354
[f=208.174] Expanded: 1084, Generated: 1355
[f=216.103] Expanded: 1085, Generated: 1356
[f=216.103] Expanded: 1085, Generated: 1357
[f=210.481] Expanded: 1087, Generated: 1359
[f=207.875] Expanded: 1089, Generated: 1361
[f=210.390] Expanded: 1091, Generated: 1363
[f=210.845] Expanded: 1093, Generated: 1365
[f=216.110] Expanded: 1093, Generated: 1366
[f=210.726] Expanded: 1095, Generated: 1368
[f=207.828] Expanded: 1097, Generated: 1370
[f=216.113] Expanded: 1098, Generated: 1371
[f=216.114] Expanded: 1098, Generated: 1372
[f=207.785] Expanded: 1100, Generated: 1374
[f=216.115] Expanded: 1100, Generated: 1375
[f=216.117] Expanded: 1100, Generated: 1376
[f=216.118] Expanded: 1101, Generated: 1377
[f=207.960] Expanded: 1103, Generated: 1379
[f=207.980] Expanded: 1104, Generated: 1380
[f=216.122] Expanded: 1104, Generated: 1381
[f=209.021] Expanded: 1106, Generated: 1383
[f=208.230] Expanded: 1108, Generated: 1385
[f=208.236] Expanded: 1109, Generated: 1386
[f=216.127] Expanded: 1110, Generated: 1387
[f=210.476] Expanded: 1112, Generated: 1389
[f=216.129] Expanded: 1113, Generated: 1390
[f=210.340] Expanded: 1115, Generated: 1392
[f=208.632] Expanded: 1117, Generated: 1394
[f=208.652] Expanded: 1118, Generated: 1395
[f=210.635] Expanded: 1120, Generated: 1397
[f=210.561] Expanded: 1122, Generated: 1399
[f=211.024] Expanded: 1124, Generated: 1401
[f=216.142] Expanded: 1124, Generated: 1402
[f=216.143] Expanded: 1125, Generated: 1403
[f=211.006] Expanded: 1127, Generated: 1405
[f=208.116] Expanded: 1129, Generated: 1407
[f=208.147] Expanded: 1130, Generated: 1408
[f=209.190] Expanded: 1132, Generated: 1410
[f=209.206] Expanded: 1133, Generated: 1411
[f=216.151] Expanded: 1134, Generated: 1412
[f=216.152] Expanded: 1135, Generated: 1413
[f=216.155] Expanded: 1136, Generated: 1414
[f=210.677] Expanded: 1138, Generated: 1416
[f=216.158] Expanded: 1139, Generated: 1417
[f=210.897] Expanded: 1141, Generated: 1419
[f=211.003] Expanded: 1143, Generated: 1421
[f=210.524] Expanded: 1145, Generated: 1423
[f=210.982] Expanded: 1147, Generated: 1425
[f=216.176] Expanded: 1148, Generated: 1426
[f=216.183] Expanded: 1149, Generated: 1427
[f=216.184] Expanded: 1149, Generated: 1428
[f=210.892] Expanded: 1151, Generated: 1430
[f=216.194] Expanded: 1151, Generated: 1431
[f=216.195] Expanded: 1151, Generated: 1432
[f=216.200] Expanded: 1152, Generated: 1433
[f=209.858] Expanded: 1154, Generated: 1435
[f=216.205] Expanded: 1155, Generated: 1436
[f=216.206] Expanded: 1155, Generated: 1437
[f=210.908] Expanded: 1157, Generated: 1439
[f=210.075] Expanded: 1159, Generated: 1441
[f=210.092] Expanded: 1160, Generated: 1442
[f=216.226] Expanded: 1161, Generated: 1443
[f=210.697] Expanded: 1163, Generated: 1445
[f=209.869] Expanded: 1165, Generated: 1447
[f=216.231] Expanded: 1165, Generated: 1448
[f=216.231] Expanded: 1166, Generated: 1449
[f=216.235] Expanded: 1166, Generated: 1450
[f=216.237] Expanded: 1166, Generated: 1451
[f=216.242] Expanded: 1167, Generated: 1452
[f=210.904] Expanded: 1169, Generated: 1454
[f=209.519] Expanded: 1171, Generated: 1456
[f=209.527] Expanded: 1172, Generated: 1457
[f=210.963] Expanded: 1174, Generated: 1459
[f=210.676] Expanded: 1176, Generated: 1461
[f=210.541] Expanded: 1178, Generated: 1463
[f=216.268] Expanded: 1179, Generated: 1464
[f=210.941] Expanded: 1181, Generated: 1466
[f=216.285] Expanded: 1181, Generated: 1467
[f=216.288] Expanded: 1181, Generated: 1468
[f=209.892] Expanded: 1183, Generated: 1470
[f=209.924] Expanded: 1184, Generated: 1471
[f=216.321] Expanded: 1185, Generated: 1472
[f=209.168] Expanded: 1187, Generated: 1474
[f=216.326] Expanded: 1188, Generated: 1475
[f=216.333] Expanded: 1189, Generated: 1476
[f=216.338] Expanded: 1190, Generated: 1477
[f=216.339] Expanded: 1191, Generated: 1478
[f=216.341] Expanded: 1192, Generated: 1479
[f=208.252] Expanded: 1194, Generated: 1481
[f=216.343] Expanded: 1195, Generated: 1482
[f=216.345] Expanded: 1196, Generated: 1483
[f=216.350] Expanded: 1197, Generated: 1484
[f=208.157] Expanded: 1199, Generated: 1486
[f=216.351] Expanded: 1200, Generated: 1487
[f=208.908] Expanded: 1202, Generated: 1489
[f=208.916] Expanded: 1203, Generated: 1490
[f=216.352] Expanded: 1204, Generated: 1491
[f=208.073] Expanded: 1206, Generated: 1493
[f=208.178] Expanded: 1208, Generated: 1495
[f=216.355] Expanded: 1208, Generated: 1496
[f=216.355] Expanded: 1209, Generated: 1497
[f=216.357] Expanded: 1210, Generated: 1498
[f=208.249] Expanded: 1212, Generated: 1500
[f=207.704] Expanded: 1214, Generated: 1502
[f=215.027] Expanded: 1216, Generated: 1504
[f=209.322] Expanded: 1218, Generated: 1506
[f=216.364] Expanded: 1218, Generated: 1507
[f=208.082] Expanded: 1220, Generated: 1509
[f=207.946] Expanded: 1222, Generated: 1511
[f=216.367] Expanded: 1223, Generated: 1512
[f=208.084] Expanded: 1225, Generated: 1514
[f=209.022] Expanded: 1227, Generated: 1516
[f=210.426] Expanded: 1229, Generated: 1518
[f=209.192] Expanded: 1231, Generated: 1520
[f=216.382] Expanded: 1232, Generated: 1521
[f=216.383] Expanded: 1233, Generated: 1522
[f=214.774] Expanded: 1235, Generated: 1524
[f=215.753] Expanded: 1236, Generated: 1525
[f=216.387] Expanded: 1237, Generated: 1526
[f=215.039] Expanded: 1239, Generated: 1528
[f=216.391] Expanded: 1240, Generated: 1529
[f=211.011] Expanded: 1242, Generated: 1531
[f=211.019] Expanded: 1243, Generated: 1532
[f=211.028] Expanded: 1244, Generated: 1533
[f=216.393] Expanded: 1245, Generated: 1534
[f=216.394] Expanded: 1246, Generated: 1535
[f=216.395] Expanded: 1247, Generated: 1536
[f=211.528] Expanded: 1249, Generated: 1538
[f=211.535] Expanded: 1250, Generated: 1539
[f=211.546] Expanded: 1251, Generated: 1540
[f=216.402] Expanded: 1252, Generated: 1541
[f=216.402] Expanded: 1253, Generated: 1542
[f=208.092] Expanded: 1255, Generated: 1544
[f=216.405] Expanded: 1256, Generated: 1545
[f=210.406] Expanded: 1258, Generated: 1547
[f=205.322] Expanded: 1260, Generated: 1549
[f=205.340] Expanded: 1261, Generated: 1550
[f=209.910] Expanded: 1263, Generated: 1552
[f=209.897] Expanded: 1265, Generated: 1554
[f=207.717] Expanded: 1267, Generated: 1556
[f=207.735] Expanded: 1268, Generated: 1557
[f=209.764] Expanded: 1270, Generated: 1559
[f=208.193] Expanded: 1272, Generated: 1561
[f=209.663] Expanded: 1274, Generated: 1563
[f=207.969] Expanded: 1276, Generated: 1565
[f=207.992] Expanded: 1278, Generated: 1567
[f=208.569] Expanded: 1280, Generated: 1569
[f=208.591] Expanded: 1281, Generated: 1570
[f=208.083] Expanded: 1283, Generated: 1572
[f=209.862] Expanded: 1285, Generated: 1574
[f=207.968] Expanded: 1287, Generated: 1576
[f=209.912] Expanded: 1289, Generated: 1578
[f=210.018] Expanded: 1291, Generated: 1580
[f=210.051] Expanded: 1293, Generated: 1582
[f=207.659] Expanded: 1295, Generated: 1584
[f=207.664] Expanded: 1296, Generated: 1585
[f=208.018] Expanded: 1298, Generated: 1587
[f=210.027] Expanded: 1300, Generated: 1589
[f=208.108] Expanded: 1302, Generated: 1591
[f=208.278] Expanded: 1304, Generated: 1593
[f=208.284] Expanded: 1305, Generated: 1594
[f=208.283] Expanded: 1307, Generated: 1596
[f=208.231] Expanded: 1309, Generated: 1598
[f=210.044] Expanded: 1311, Generated: 1600
[f=208.750] Expanded: 1313, Generated: 1602
[f=208.780] Expanded: 1314, Generated: 1603
[f=209.980] Expanded: 1316, Generated: 1605
[f=208.258] Expanded: 1318, Generated: 1607
[f=208.185] Expanded: 1320, Generated: 1609
[f=210.249] Expanded: 1322, Generated: 1611
[f=209.649] Expanded: 1324, Generated: 1613
[f=208.157] Expanded: 1326, Generated: 1615
[f=208.317] Expanded: 1328, Generated: 1617
[f=207.648] Expanded: 1330, Generated: 1619
[f=207.668] Expanded: 1331, Generated: 1620
[f=208.242] Expanded: 1333, Generated: 1622
[f=208.287] Expanded: 1334, Generated: 1623
[f=209.775] Expanded: 1336, Generated: 1625
[f=207.755] Expanded: 1338, Generated: 1627
[f=207.918] Expanded: 1340, Generated: 1629
[f=213.595] Expanded: 1342, Generated: 1631
[f=214.564] Expanded: 1343, Generated: 1632
[f=211.783] Expanded: 1345, Generated: 1634
[f=210.369] Expanded: 1347, Generated: 1636
[f=208.603] Expanded: 1349, Generated: 1638
[f=216.407] Expanded: 1350, Generated: 1639
[f=216.409] Expanded: 1351, Generated: 1640
[f=208.001] Expanded: 1353, Generated: 1642
[f=216.410] Expanded: 1354, Generated: 1643
[f=213.920] Expanded: 1356, Generated: 1645
[f=214.929] Expanded: 1357, Generated: 1646
[f=205.262] Expanded: 1359, Generated: 1648
[f=205.281] Expanded: 1360, Generated: 1649
[f=210.323] Expanded: 1362, Generated: 1651
[f=207.701] Expanded: 1364, Generated: 1653
[f=207.719] Expanded: 1365, Generated: 1654
[f=208.243] Expanded: 1367, Generated: 1656
[f=209.623] Expanded: 1369, Generated: 1658
[f=209.531] Expanded: 1371, Generated: 1660
[f=207.353] Expanded: 1373, Generated: 1662
[f=207.370] Expanded: 1374, Generated: 1663
[f=208.254] Expanded: 1376, Generated: 1665
[f=208.783] Expanded: 1378, Generated: 1667
[f=208.805] Expanded: 1379, Generated: 1668
[f=207.918] Expanded: 1381, Generated: 1670
[f=209.874] Expanded: 1383, Generated: 1672
[f=207.809] Expanded: 1385, Generated: 1674
[f=215.304] Expanded: 1385, Generated: 1675
[f=209.923] Expanded: 1387, Generated: 1677
[f=210.164] Expanded: 1389, Generated: 1679
[f=210.193] Expanded: 1391, Generated: 1681
[f=207.497] Expanded: 1393, Generated: 1683
[f=207.503] Expanded: 1394, Generated: 1684
[f=207.848] Expanded: 1396, Generated: 1686
[f=210.167] Expanded: 1398, Generated: 1688
[f=207.883] Expanded: 1400, Generated: 1690
[f=208.140] Expanded: 1402, Generated: 1692
[f=208.147] Expanded: 1403, Generated: 1693
[f=208.115] Expanded: 1405, Generated: 1695
[f=208.009] Expanded: 1407, Generated: 1697
[f=210.179] Expanded: 1409, Generated: 1699
[f=208.979] Expanded: 1411, Generated: 1701
[f=209.009] Expanded: 1412, Generated: 1702
[f=210.115] Expanded: 1414, Generated: 1704
[f=208.085] Expanded: 1416, Generated: 1706
[f=208.011] Expanded: 1418, Generated: 1708
[f=210.385] Expanded: 1420, Generated: 1710
[f=209.784] Expanded: 1422, Generated: 1712
[f=208.119] Expanded: 1424, Generated: 1714
[f=208.281] Expanded: 1426, Generated: 1716
[f=207.500] Expanded: 1428, Generated: 1718
[f=207.519] Expanded: 1429, Generated: 1719
[f=208.464] Expanded: 1431, Generated: 1721
[f=208.510] Expanded: 1432, Generated: 1722
[f=209.905] Expanded: 1434, Generated: 1724
[f=207.579] Expanded: 1436, Generated: 1726
[f=207.741] Expanded: 1438, Generated: 1728
[f=213.774] Expanded: 1440, Generated: 1730
[f=214.743] Expanded: 1441, Generated: 1731
[f=211.623] Expanded: 1443, Generated: 1733
[f=210.496] Expanded: 1445, Generated: 1735
[f=208.423] Expanded: 1447, Generated: 1737
[f=216.412] Expanded: 1448, Generated: 1738
[f=208.062] Expanded: 1450, Generated: 1740
[f=216.415] Expanded: 1451, Generated: 1741
[f=216.415] Expanded: 1452, Generated: 1742
[f=216.422] Expanded: 1453, Generated: 1743
[f=216.422] Expanded: 1454, Generated: 1744
[f=209.097] Expanded: 1456, Generated: 1746
[f=216.426] Expanded: 1457, Generated: 1747
[f=213.911] Expanded: 1459, Generated: 1749
[f=216.428] Expanded: 1460, Generated: 1750
[f=210.566] Expanded: 1462, Generated: 1752
[f=210.583] Expanded: 1463, Generated: 1753
[f=210.586] Expanded: 1464, Generated: 1754
[f=205.178] Expanded: 1466, Generated: 1756
[f=205.197] Expanded: 1467, Generated: 1757
[f=209.635] Expanded: 1469, Generated: 1759
[f=209.620] Expanded: 1471, Generated: 1761
[f=207.566] Expanded: 1473, Generated: 1763
[f=207.584] Expanded: 1474, Generated: 1764
[f=208.084] Expanded: 1476, Generated: 1766
[f=209.391] Expanded: 1478, Generated: 1768
[f=207.302] Expanded: 1480, Generated: 1770
[f=207.320] Expanded: 1481, Generated: 1771
[f=207.919] Expanded: 1483, Generated: 1773
[f=207.940] Expanded: 1485, Generated: 1775
[f=208.411] Expanded: 1487, Generated: 1777
[f=208.433] Expanded: 1488, Generated: 1778
[f=207.916] Expanded: 1490, Generated: 1780
[f=210.044] Expanded: 1492, Generated: 1782
[f=215.229] Expanded: 1492, Generated: 1783
[f=209.633] Expanded: 1494, Generated: 1785
[f=209.740] Expanded: 1496, Generated: 1787
[f=209.769] Expanded: 1498, Generated: 1789
[f=207.568] Expanded: 1500, Generated: 1791
[f=207.573] Expanded: 1501, Generated: 1792
[f=208.426] Expanded: 1503, Generated: 1794
[f=209.744] Expanded: 1505, Generated: 1796
[f=207.999] Expanded: 1507, Generated: 1798
[f=208.200] Expanded: 1509, Generated: 1800
[f=208.206] Expanded: 1510, Generated: 1801
[f=208.230] Expanded: 1512, Generated: 1803
[f=208.122] Expanded: 1514, Generated: 1805
[f=209.756] Expanded: 1516, Generated: 1807
[f=208.616] Expanded: 1518, Generated: 1809
[f=208.645] Expanded: 1519, Generated: 1810
[f=209.702] Expanded: 1521, Generated: 1812
[f=208.199] Expanded: 1523, Generated: 1814
[f=208.126] Expanded: 1525, Generated: 1816
[f=209.961] Expanded: 1527, Generated: 1818
[f=209.367] Expanded: 1529, Generated: 1820
[f=208.102] Expanded: 1531, Generated: 1822
[f=208.258] Expanded: 1533, Generated: 1824
[f=207.581] Expanded: 1535, Generated: 1826
[f=207.601] Expanded: 1536, Generated: 1827
[f=208.100] Expanded: 1538, Generated: 1829
[f=208.145] Expanded: 1539, Generated: 1830
[f=209.483] Expanded: 1541, Generated: 1832
[f=207.696] Expanded: 1543, Generated: 1834
[f=207.855] Expanded: 1545, Generated: 1836
[f=213.410] Expanded: 1547, Generated: 1838
[f=214.381] Expanded: 1548, Generated: 1839
[f=211.736] Expanded: 1550, Generated: 1841
[f=210.073] Expanded: 1552, Generated: 1843
[f=208.540] Expanded: 1554, Generated: 1845
[f=213.679] Expanded: 1556, Generated: 1847
[f=213.684] Expanded: 1558, Generated: 1849
[f=213.697] Expanded: 1560, Generated: 1851
[f=211.260] Expanded: 1562, Generated: 1853
[f=211.292] Expanded: 1563, Generated: 1854
[f=212.148] Expanded: 1565, Generated: 1856
[f=210.886] Expanded: 1567, Generated: 1858
[f=210.916] Expanded: 1568, Generated: 1859
[f=213.728] Expanded: 1570, Generated: 1861
[f=208.250] Expanded: 1572, Generated: 1863
[f=216.431] Expanded: 1573, Generated: 1864
[f=216.432] Expanded: 1574, Generated: 1865
[f=210.812] Expanded: 1576, Generated: 1867
[f=210.826] Expanded: 1577, Generated: 1868
[f=210.829] Expanded: 1578, Generated: 1869
[f=216.437] Expanded: 1579, Generated: 1870
[f=208.233] Expanded: 1581, Generated: 1872
[f=216.439] Expanded: 1582, Generated: 1873
[f=208.151] Expanded: 1584, Generated: 1875
[f=216.443] Expanded: 1585, Generated: 1876
[f=216.443] Expanded: 1586, Generated: 1877
[f=216.449] Expanded: 1587, Generated: 1878
[f=212.182] Expanded: 1589, Generated: 1880
[f=214.104] Expanded: 1591, Generated: 1882
[f=209.394] Expanded: 1593, Generated: 1884
[f=214.113] Expanded: 1595, Generated: 1886
[f=216.455] Expanded: 1596, Generated: 1887
[f=216.455] Expanded: 1597, Generated: 1888
[f=212.022] Expanded: 1599, Generated: 1890
[f=205.356] Expanded: 1601, Generated: 1892
[f=205.375] Expanded: 1602, Generated: 1893
[f=210.175] Expanded: 1604, Generated: 1895
[f=210.167] Expanded: 1606, Generated: 1897
[f=207.733] Expanded: 1608, Generated: 1899
[f=207.751] Expanded: 1609, Generated: 1900
[f=208.266] Expanded: 1611, Generated: 1902
[f=209.745] Expanded: 1613, Generated: 1904
[f=209.648] Expanded: 1615, Generated: 1906
[f=207.458] Expanded: 1617, Generated: 1908
[f=207.476] Expanded: 1618, Generated: 1909
[f=208.105] Expanded: 1620, Generated: 1911
[f=208.128] Expanded: 1622, Generated: 1913
[f=208.879] Expanded: 1624, Generated: 1915
[f=208.901] Expanded: 1625, Generated: 1916
[f=208.219] Expanded: 1627, Generated: 1918
[f=209.993] Expanded: 1629, Generated: 1920
[f=208.105] Expanded: 1631, Generated: 1922
[f=215.402] Expanded: 1631, Generated: 1923
[f=210.041] Expanded: 1633, Generated: 1925
[f=210.310] Expanded: 1635, Generated: 1927
[f=207.741] Expanded: 1637, Generated: 1929
[f=207.746] Expanded: 1638, Generated: 1930
[f=208.145] Expanded: 1640, Generated: 1932
[f=210.284] Expanded: 1642, Generated: 1934
[f=208.181] Expanded: 1644, Generated: 1936
[f=208.411] Expanded: 1646, Generated: 1938
[f=208.306] Expanded: 1648, Generated: 1940
[f=210.296] Expanded: 1650, Generated: 1942
[f=209.083] Expanded: 1652, Generated: 1944
[f=209.113] Expanded: 1653, Generated: 1945
[f=210.232] Expanded: 1655, Generated: 1947
[f=208.382] Expanded: 1657, Generated: 1949
[f=208.306] Expanded: 1659, Generated: 1951
[f=210.501] Expanded: 1661, Generated: 1953
[f=209.905] Expanded: 1663, Generated: 1955
[f=208.281] Expanded: 1665, Generated: 1957
[f=208.442] Expanded: 1667, Generated: 1959
[f=207.750] Expanded: 1669, Generated: 1961
[f=207.769] Expanded: 1670, Generated: 1962
[f=208.564] Expanded: 1672, Generated: 1964
[f=208.609] Expanded: 1673, Generated: 1965
[f=210.017] Expanded: 1675, Generated: 1967
[f=207.876] Expanded: 1677, Generated: 1969
[f=208.036] Expanded: 1679, Generated: 1971
[f=213.883] Expanded: 1681, Generated: 1973
[f=214.852] Expanded: 1682, Generated: 1974
[f=211.924] Expanded: 1684, Generated: 1976
[f=210.609] Expanded: 1686, Generated: 1978
[f=208.718] Expanded: 1688, Generated: 1980
[f=208.296] Expanded: 1690, Generated: 1982
[f=216.466] Expanded: 1691, Generated: 1983
[f=210.176] Expanded: 1693, Generated: 1985
[f=216.470] Expanded: 1694, Generated: 1986
[f=216.470] Expanded: 1695, Generated: 1987
[f=207.838] Expanded: 1697, Generated: 1989
[f=216.472] Expanded: 1698, Generated: 1990
[f=216.472] Expanded: 1699, Generated: 1991
[f=214.122] Expanded: 1701, Generated: 1993
[f=208.218] Expanded: 1703, Generated: 1995
[f=211.180] Expanded: 1705, Generated: 1997
[f=211.212] Expanded: 1706, Generated: 1998
[f=216.474] Expanded: 1707, Generated: 1999
[f=216.476] Expanded: 1708, Generated: 2000
[f=216.477] Expanded: 1709, Generated: 2001
[f=216.478] Expanded: 1710, Generated: 2002
[f=216.478] Expanded: 1711, Generated: 2003
[f=216.479] Expanded: 1712, Generated: 2004
[f=212.036] Expanded: 1714, Generated: 2006
[f=205.227] Expanded: 1716, Generated: 2008
[f=205.245] Expanded: 1717, Generated: 2009
[f=209.874] Expanded: 1719, Generated: 2011
[f=209.875] Expanded: 1721, Generated: 2013
[f=207.603] Expanded: 1723, Generated: 2015
[f=207.621] Expanded: 1724, Generated: 2016
[f=208.060] Expanded: 1726, Generated: 2018
[f=210.048] Expanded: 1728, Generated: 2020
[f=209.486] Expanded: 1730, Generated: 2022
[f=207.323] Expanded: 1732, Generated: 2024
[f=207.341] Expanded: 1733, Generated: 2025
[f=207.850] Expanded: 1735, Generated: 2027
[f=207.930] Expanded: 1737, Generated: 2029
[f=208.616] Expanded: 1739, Generated: 2031
[f=208.638] Expanded: 1740, Generated: 2032
[f=208.429] Expanded: 1742, Generated: 2034
[f=207.850] Expanded: 1744, Generated: 2036
[f=215.274] Expanded: 1744, Generated: 2037
[f=209.876] Expanded: 1746, Generated: 2039
[f=209.991] Expanded: 1748, Generated: 2041
[f=210.012] Expanded: 1750, Generated: 2043
[f=207.546] Expanded: 1752, Generated: 2045
[f=207.551] Expanded: 1753, Generated: 2046
[f=209.984] Expanded: 1755, Generated: 2048
[f=208.178] Expanded: 1757, Generated: 2050
[f=208.185] Expanded: 1758, Generated: 2051
[f=207.921] Expanded: 1760, Generated: 2053
[f=208.146] Expanded: 1762, Generated: 2055
[f=208.037] Expanded: 1764, Generated: 2057
[f=209.988] Expanded: 1766, Generated: 2059
[f=208.824] Expanded: 1768, Generated: 2061
[f=208.854] Expanded: 1769, Generated: 2062
[f=209.926] Expanded: 1771, Generated: 2064
[f=208.106] Expanded: 1773, Generated: 2066
[f=208.039] Expanded: 1775, Generated: 2068
[f=210.194] Expanded: 1777, Generated: 2070
[f=209.594] Expanded: 1779, Generated: 2072
[f=208.007] Expanded: 1781, Generated: 2074
[f=208.165] Expanded: 1783, Generated: 2076
[f=207.615] Expanded: 1785, Generated: 2078
[f=207.635] Expanded: 1786, Generated: 2079
[f=208.302] Expanded: 1788, Generated: 2081
[f=208.347] Expanded: 1789, Generated: 2082
[f=209.704] Expanded: 1791, Generated: 2084
[f=207.605] Expanded: 1793, Generated: 2086
[f=207.751] Expanded: 1795, Generated: 2088
[f=213.600] Expanded: 1797, Generated: 2090
[f=214.571] Expanded: 1798, Generated: 2091
[f=211.675] Expanded: 1800, Generated: 2093
[f=210.288] Expanded: 1802, Generated: 2095
[f=208.429] Expanded: 1804, Generated: 2097
[f=213.927] Expanded: 1806, Generated: 2099
[f=213.934] Expanded: 1808, Generated: 2101
[f=213.944] Expanded: 1810, Generated: 2103
[f=211.223] Expanded: 1812, Generated: 2105
[f=211.256] Expanded: 1813, Generated: 2106
[f=212.070] Expanded: 1815, Generated: 2108
[f=210.851] Expanded: 1817, Generated: 2110
[f=210.880] Expanded: 1818, Generated: 2111
[f=209.877] Expanded: 1820, Generated: 2113
[f=216.481] Expanded: 1821, Generated: 2114
[f=216.481] Expanded: 1822, Generated: 2115
[f=216.482] Expanded: 1823, Generated: 2116
[f=216.483] Expanded: 1824, Generated: 2117
[f=216.484] Expanded: 1825, Generated: 2118
[f=209.144] Expanded: 1827, Generated: 2120
[f=216.484] Expanded: 1828, Generated: 2121
[f=210.051] Expanded: 1830, Generated: 2123
[f=205.429] Expanded: 1832, Generated: 2125
[f=205.448] Expanded: 1833, Generated: 2126
[f=210.085] Expanded: 1835, Generated: 2128
[f=209.924] Expanded: 1837, Generated: 2130
[f=207.677] Expanded: 1839, Generated: 2132
[f=207.694] Expanded: 1840, Generated: 2133
[f=209.637] Expanded: 1842, Generated: 2135
[f=208.096] Expanded: 1844, Generated: 2137
[f=209.540] Expanded: 1846, Generated: 2139
[f=207.401] Expanded: 1848, Generated: 2141
[f=207.419] Expanded: 1849, Generated: 2142
[f=207.885] Expanded: 1851, Generated: 2144
[f=207.913] Expanded: 1853, Generated: 2146
[f=208.687] Expanded: 1855, Generated: 2148
[f=208.709] Expanded: 1856, Generated: 2149
[f=208.001] Expanded: 1858, Generated: 2151
[f=209.875] Expanded: 1860, Generated: 2153
[f=207.888] Expanded: 1862, Generated: 2155
[f=215.469] Expanded: 1862, Generated: 2156
[f=210.040] Expanded: 1864, Generated: 2158
[f=210.064] Expanded: 1866, Generated: 2160
[f=207.591] Expanded: 1868, Generated: 2162
[f=207.596] Expanded: 1869, Generated: 2163
[f=207.921] Expanded: 1871, Generated: 2165
[f=210.036] Expanded: 1873, Generated: 2167
[f=208.205] Expanded: 1875, Generated: 2169
[f=208.211] Expanded: 1876, Generated: 2170
[f=208.185] Expanded: 1878, Generated: 2172
[f=208.128] Expanded: 1880, Generated: 2174
[f=210.043] Expanded: 1882, Generated: 2176
[f=209.006] Expanded: 1884, Generated: 2178
[f=209.036] Expanded: 1885, Generated: 2179
[f=209.981] Expanded: 1887, Generated: 2181
[f=208.146] Expanded: 1889, Generated: 2183
[f=208.067] Expanded: 1891, Generated: 2185
[f=210.249] Expanded: 1893, Generated: 2187
[f=209.659] Expanded: 1895, Generated: 2189
[f=208.047] Expanded: 1897, Generated: 2191
[f=208.206] Expanded: 1899, Generated: 2193
[f=207.582] Expanded: 1901, Generated: 2195
[f=207.601] Expanded: 1902, Generated: 2196
[f=208.356] Expanded: 1904, Generated: 2198
[f=208.401] Expanded: 1905, Generated: 2199
[f=209.522] Expanded: 1907, Generated: 2201
[f=207.645] Expanded: 1909, Generated: 2203
[f=207.936] Expanded: 1911, Generated: 2205
[f=213.650] Expanded: 1913, Generated: 2207
[f=214.621] Expanded: 1914, Generated: 2208
[f=211.711] Expanded: 1916, Generated: 2210
[f=210.349] Expanded: 1918, Generated: 2212
[f=208.474] Expanded: 1920, Generated: 2214
[f=216.486] Expanded: 1921, Generated: 2215
[f=216.489] Expanded: 1922, Generated: 2216
[f=214.145] Expanded: 1924, Generated: 2218
[f=216.490] Expanded: 1925, Generated: 2219
[f=216.492] Expanded: 1926, Generated: 2220
[f=208.318] Expanded: 1928, Generated: 2222
[f=205.414] Expanded: 1930, Generated: 2224
[f=205.433] Expanded: 1931, Generated: 2225
[f=210.206] Expanded: 1933, Generated: 2227
[f=210.196] Expanded: 1935, Generated: 2229
[f=207.784] Expanded: 1937, Generated: 2231
[f=207.802] Expanded: 1938, Generated: 2232
[f=209.775] Expanded: 1940, Generated: 2234
[f=208.278] Expanded: 1942, Generated: 2236
[f=209.679] Expanded: 1944, Generated: 2238
[f=207.502] Expanded: 1946, Generated: 2240
[f=207.520] Expanded: 1947, Generated: 2241
[f=208.118] Expanded: 1949, Generated: 2243
[f=208.149] Expanded: 1951, Generated: 2245
[f=208.928] Expanded: 1953, Generated: 2247
[f=208.950] Expanded: 1954, Generated: 2248
[f=208.233] Expanded: 1956, Generated: 2250
[f=210.014] Expanded: 1958, Generated: 2252
[f=208.118] Expanded: 1960, Generated: 2254
[f=215.457] Expanded: 1960, Generated: 2255
[f=210.311] Expanded: 1962, Generated: 2257
[f=210.067] Expanded: 1964, Generated: 2259
[f=207.798] Expanded: 1966, Generated: 2261
[f=207.803] Expanded: 1967, Generated: 2262
[f=208.148] Expanded: 1969, Generated: 2264
[f=210.300] Expanded: 1971, Generated: 2266
[f=208.430] Expanded: 1973, Generated: 2268
[f=208.436] Expanded: 1974, Generated: 2269
[f=208.187] Expanded: 1976, Generated: 2271
[f=208.301] Expanded: 1978, Generated: 2273
[f=210.302] Expanded: 1980, Generated: 2275
[f=209.137] Expanded: 1982, Generated: 2277
[f=209.167] Expanded: 1983, Generated: 2278
[f=210.234] Expanded: 1985, Generated: 2280
[f=208.367] Expanded: 1987, Generated: 2282
[f=208.303] Expanded: 1989, Generated: 2284
[f=210.508] Expanded: 1991, Generated: 2286
[f=209.920] Expanded: 1993, Generated: 2288
[f=208.266] Expanded: 1995, Generated: 2290
[f=208.427] Expanded: 1997, Generated: 2292
[f=207.802] Expanded: 1999, Generated: 2294
[f=207.821] Expanded: 2000, Generated: 2295
[f=208.613] Expanded: 2002, Generated: 2297
[f=208.659] Expanded: 2003, Generated: 2298
[f=210.015] Expanded: 2005, Generated: 2300
[f=207.868] Expanded: 2007, Generated: 2302
[f=208.010] Expanded: 2009, Generated: 2304
[f=213.923] Expanded: 2011, Generated: 2306
[f=214.892] Expanded: 2012, Generated: 2307
[f=211.946] Expanded: 2014, Generated: 2309
[f=210.596] Expanded: 2016, Generated: 2311
[f=208.681] Expanded: 2018, Generated: 2313
[f=216.497] Expanded: 2019, Generated: 2314
[f=210.807] Expanded: 2021, Generated: 2316
[f=210.836] Expanded: 2022, Generated: 2317
[f=216.497] Expanded: 2023, Generated: 2318
[f=208.269] Expanded: 2025, Generated: 2320
[f=208.177] Expanded: 2027, Generated: 2322
[f=208.211] Expanded: 2029, Generated: 2324
[f=216.501] Expanded: 2030, Generated: 2325
[f=216.502] Expanded: 2031, Generated: 2326
[f=216.503] Expanded: 2032, Generated: 2327
[f=208.285] Expanded: 2034, Generated: 2329
[f=216.504] Expanded: 2035, Generated: 2330
[f=208.166] Expanded: 2037, Generated: 2332
[f=211.621] Expanded: 2039, Generated: 2334
[f=211.624] Expanded: 2040, Generated: 2335
[f=208.006] Expanded: 2042, Generated: 2337
[f=216.507] Expanded: 2043, Generated: 2338
[f=216.507] Expanded: 2044, Generated: 2339
[f=216.508] Expanded: 2045, Generated: 2340
[f=209.309] Expanded: 2047, Generated: 2342
[f=209.328] Expanded: 2048, Generated: 2343
[f=216.508] Expanded: 2049, Generated: 2344
[f=208.169] Expanded: 2051, Generated: 2346
[f=208.077] Expanded: 2053, Generated: 2348
[f=216.510] Expanded: 2054, Generated: 2349
[f=216.512] Expanded: 2055, Generated: 2350
[f=216.513] Expanded: 2056, Generated: 2351
[f=209.452] Expanded: 2058, Generated: 2353
[f=212.070] Expanded: 2060, Generated: 2355
[f=216.515] Expanded: 2061, Generated: 2356
[f=213.966] Expanded: 2063, Generated: 2358
[f=205.375] Expanded: 2065, Generated: 2360
[f=205.394] Expanded: 2066, Generated: 2361
[f=210.179] Expanded: 2068, Generated: 2363
[f=210.169] Expanded: 2070, Generated: 2365
[f=207.760] Expanded: 2072, Generated: 2367
[f=207.778] Expanded: 2073, Generated: 2368
[f=209.749] Expanded: 2075, Generated: 2370
[f=208.223] Expanded: 2077, Generated: 2372
[f=209.650] Expanded: 2079, Generated: 2374
[f=207.484] Expanded: 2081, Generated: 2376
[f=207.501] Expanded: 2082, Generated: 2377
[f=208.012] Expanded: 2084, Generated: 2379
[f=208.041] Expanded: 2086, Generated: 2381
[f=208.892] Expanded: 2088, Generated: 2383
[f=208.914] Expanded: 2089, Generated: 2384
[f=208.124] Expanded: 2091, Generated: 2386
[f=209.987] Expanded: 2093, Generated: 2388
[f=208.008] Expanded: 2095, Generated: 2390
[f=215.422] Expanded: 2095, Generated: 2391
[f=210.039] Expanded: 2097, Generated: 2393
[f=210.285] Expanded: 2099, Generated: 2395
[f=210.300] Expanded: 2101, Generated: 2397
[f=207.691] Expanded: 2103, Generated: 2399
[f=207.696] Expanded: 2104, Generated: 2400
[f=208.038] Expanded: 2106, Generated: 2402
[f=208.130] Expanded: 2108, Generated: 2404
[f=208.361] Expanded: 2110, Generated: 2406
[f=208.367] Expanded: 2111, Generated: 2407
[f=208.300] Expanded: 2113, Generated: 2409
[f=210.270] Expanded: 2115, Generated: 2411
[f=209.102] Expanded: 2117, Generated: 2413
[f=209.131] Expanded: 2118, Generated: 2414
[f=210.207] Expanded: 2120, Generated: 2416
[f=208.251] Expanded: 2122, Generated: 2418
[f=208.192] Expanded: 2124, Generated: 2420
[f=210.476] Expanded: 2126, Generated: 2422
[f=209.893] Expanded: 2128, Generated: 2424
[f=208.153] Expanded: 2130, Generated: 2426
[f=208.311] Expanded: 2132, Generated: 2428
[f=207.706] Expanded: 2134, Generated: 2430
[f=207.725] Expanded: 2135, Generated: 2431
[f=208.579] Expanded: 2137, Generated: 2433
[f=208.624] Expanded: 2138, Generated: 2434
[f=209.979] Expanded: 2140, Generated: 2436
[f=207.754] Expanded: 2142, Generated: 2438
[f=207.888] Expanded: 2144, Generated: 2440
[f=213.877] Expanded: 2146, Generated: 2442
[f=214.846] Expanded: 2147, Generated: 2443
[f=211.840] Expanded: 2149, Generated: 2445
[f=210.560] Expanded: 2151, Generated: 2447
[f=208.561] Expanded: 2153, Generated: 2449
[f=216.518] Expanded: 2154, Generated: 2450
[f=209.340] Expanded: 2156, Generated: 2452
[f=213.968] Expanded: 2158, Generated: 2454
[f=209.323] Expanded: 2160, Generated: 2456
[f=216.521] Expanded: 2161, Generated: 2457
[f=208.338] Expanded: 2163, Generated: 2459
[f=216.523] Expanded: 2164, Generated: 2460
[f=216.526] Expanded: 2165, Generated: 2461
[f=212.178] Expanded: 2167, Generated: 2463
[f=208.169] Expanded: 2169, Generated: 2465
[f=210.075] Expanded: 2171, Generated: 2467
[f=216.531] Expanded: 2172, Generated: 2468
[f=216.531] Expanded: 2173, Generated: 2469
[f=208.242] Expanded: 2175, Generated: 2471
[f=216.533] Expanded: 2176, Generated: 2472
[f=216.536] Expanded: 2177, Generated: 2473
[f=216.537] Expanded: 2178, Generated: 2474
[f=213.985] Expanded: 2180, Generated: 2476
[f=216.538] Expanded: 2181, Generated: 2477
[f=209.328] Expanded: 2183, Generated: 2479
[f=209.347] Expanded: 2184, Generated: 2480
[f=214.063] Expanded: 2186, Generated: 2482
[f=211.308] Expanded: 2188, Generated: 2484
[f=211.341] Expanded: 2189, Generated: 2485
[f=216.541] Expanded: 2190, Generated: 2486
[f=209.469] Expanded: 2192, Generated: 2488
[f=209.187] Expanded: 2194, Generated: 2490
[f=209.205] Expanded: 2195, Generated: 2491
[f=216.543] Expanded: 2196, Generated: 2492
[f=212.204] Expanded: 2198, Generated: 2494
[f=216.545] Expanded: 2199, Generated: 2495
[f=216.546] Expanded: 2200, Generated: 2496
[f=216.547] Expanded: 2201, Generated: 2497
[f=214.226] Expanded: 2203, Generated: 2499
[f=216.550] Expanded: 2204, Generated: 2500
[f=216.550] Expanded: 2205, Generated: 2501
[f=214.231] Expanded: 2207, Generated: 2503
[f=210.248] Expanded: 2209, Generated: 2505
[f=216.558] Expanded: 2210, Generated: 2506
[f=216.562] Expanded: 2211, Generated: 2507
[f=210.936] Expanded: 2213, Generated: 2509
[f=210.966] Expanded: 2214, Generated: 2510
[f=209.461] Expanded: 2216, Generated: 2512
[f=216.564] Expanded: 2217, Generated: 2513
[f=212.207] Expanded: 2219, Generated: 2515
[f=216.568] Expanded: 2220, Generated: 2516
[f=214.218] Expanded: 2222, Generated: 2518
[f=209.189] Expanded: 2224, Generated: 2520
[f=216.570] Expanded: 2225, Generated: 2521
[f=216.570] Expanded: 2226, Generated: 2522
[f=205.330] Expanded: 2228, Generated: 2524
[f=205.348] Expanded: 2229, Generated: 2525
[f=210.169] Expanded: 2231, Generated: 2527
[f=210.013] Expanded: 2233, Generated: 2529
[f=207.561] Expanded: 2235, Generated: 2531
[f=207.579] Expanded: 2236, Generated: 2532
[f=208.164] Expanded: 2238, Generated: 2534
[f=209.593] Expanded: 2240, Generated: 2536
[f=209.496] Expanded: 2242, Generated: 2538
[f=207.281] Expanded: 2244, Generated: 2540
[f=207.298] Expanded: 2245, Generated: 2541
[f=208.015] Expanded: 2247, Generated: 2543
[f=208.051] Expanded: 2249, Generated: 2545
[f=208.706] Expanded: 2251, Generated: 2547
[f=208.728] Expanded: 2252, Generated: 2548
[f=208.129] Expanded: 2254, Generated: 2550
[f=209.830] Expanded: 2256, Generated: 2552
[f=208.016] Expanded: 2258, Generated: 2554
[f=215.380] Expanded: 2258, Generated: 2555
[f=210.027] Expanded: 2260, Generated: 2557
[f=210.127] Expanded: 2262, Generated: 2559
[f=210.144] Expanded: 2264, Generated: 2561
[f=207.721] Expanded: 2266, Generated: 2563
[f=207.726] Expanded: 2267, Generated: 2564
[f=208.041] Expanded: 2269, Generated: 2566
[f=210.115] Expanded: 2271, Generated: 2568
[f=208.344] Expanded: 2273, Generated: 2570
[f=208.350] Expanded: 2274, Generated: 2571
[f=208.070] Expanded: 2276, Generated: 2573
[f=208.304] Expanded: 2278, Generated: 2575
[f=208.193] Expanded: 2280, Generated: 2577
[f=210.115] Expanded: 2282, Generated: 2579
[f=210.053] Expanded: 2284, Generated: 2581
[f=208.256] Expanded: 2286, Generated: 2583
[f=210.321] Expanded: 2288, Generated: 2585
[f=209.736] Expanded: 2290, Generated: 2587
[f=208.158] Expanded: 2292, Generated: 2589
[f=208.316] Expanded: 2294, Generated: 2591
[f=207.723] Expanded: 2296, Generated: 2593
[f=207.742] Expanded: 2297, Generated: 2594
[f=208.392] Expanded: 2299, Generated: 2596
[f=208.438] Expanded: 2300, Generated: 2597
[f=209.827] Expanded: 2302, Generated: 2599
[f=207.762] Expanded: 2304, Generated: 2601
[f=207.895] Expanded: 2306, Generated: 2603
[f=213.695] Expanded: 2308, Generated: 2605
[f=214.665] Expanded: 2309, Generated: 2606
[f=211.843] Expanded: 2311, Generated: 2608
[f=210.406] Expanded: 2313, Generated: 2610
[f=208.565] Expanded: 2315, Generated: 2612
[f=214.061] Expanded: 2317, Generated: 2614
[f=214.067] Expanded: 2319, Generated: 2616
[f=214.076] Expanded: 2321, Generated: 2618
[f=211.400] Expanded: 2323, Generated: 2620
[f=211.433] Expanded: 2324, Generated: 2621
[f=212.229] Expanded: 2326, Generated: 2623
[f=216.571] Expanded: 2327, Generated: 2624
[f=214.243] Expanded: 2329, Generated: 2626
[f=216.572] Expanded: 2330, Generated: 2627
[f=214.223] Expanded: 2332, Generated: 2629
[f=211.036] Expanded: 2334, Generated: 2631
[f=211.065] Expanded: 2335, Generated: 2632
[f=216.573] Expanded: 2336, Generated: 2633
[f=216.574] Expanded: 2337, Generated: 2634
[f=211.412] Expanded: 2339, Generated: 2636
[f=211.445] Expanded: 2340, Generated: 2637
[f=216.577] Expanded: 2341, Generated: 2638
[f=212.333] Expanded: 2343, Generated: 2640
[f=216.577] Expanded: 2344, Generated: 2641
[f=216.578] Expanded: 2345, Generated: 2642
[f=209.337] Expanded: 2347, Generated: 2644
[f=216.583] Expanded: 2348, Generated: 2645
[f=216.585] Expanded: 2349, Generated: 2646
[f=208.400] Expanded: 2351, Generated: 2648
[f=216.586] Expanded: 2352, Generated: 2649
[f=210.007] Expanded: 2354, Generated: 2651
[f=214.233] Expanded: 2356, Generated: 2653
[f=216.591] Expanded: 2357, Generated: 2654
[f=216.591] Expanded: 2358, Generated: 2655
[f=205.396] Expanded: 2360, Generated: 2657
[f=205.414] Expanded: 2361, Generated: 2658
[f=210.193] Expanded: 2363, Generated: 2660
[f=210.182] Expanded: 2365, Generated: 2662
[f=207.780] Expanded: 2367, Generated: 2664
[f=207.797] Expanded: 2368, Generated: 2665
[f=209.761] Expanded: 2370, Generated: 2667
[f=208.249] Expanded: 2372, Generated: 2669
[f=209.661] Expanded: 2374, Generated: 2671
[f=207.502] Expanded: 2376, Generated: 2673
[f=207.520] Expanded: 2377, Generated: 2674
[f=208.090] Expanded: 2379, Generated: 2676
[f=208.123] Expanded: 2381, Generated: 2678
[f=208.909] Expanded: 2383, Generated: 2680
[f=208.931] Expanded: 2384, Generated: 2681
[f=208.203] Expanded: 2386, Generated: 2683
[f=209.991] Expanded: 2388, Generated: 2685
[f=208.085] Expanded: 2390, Generated: 2687
[f=215.441] Expanded: 2390, Generated: 2688
[f=210.297] Expanded: 2392, Generated: 2690
[f=210.047] Expanded: 2394, Generated: 2692
[f=210.302] Expanded: 2396, Generated: 2694
[f=207.767] Expanded: 2398, Generated: 2696
[f=207.772] Expanded: 2399, Generated: 2697
[f=208.108] Expanded: 2401, Generated: 2699
[f=210.270] Expanded: 2403, Generated: 2701
[f=208.437] Expanded: 2405, Generated: 2703
[f=208.444] Expanded: 2406, Generated: 2704
[f=208.149] Expanded: 2408, Generated: 2706
[f=208.368] Expanded: 2410, Generated: 2708
[f=208.252] Expanded: 2412, Generated: 2710
[f=209.121] Expanded: 2414, Generated: 2712
[f=209.151] Expanded: 2415, Generated: 2713
[f=210.195] Expanded: 2417, Generated: 2715
[f=208.256] Expanded: 2419, Generated: 2717
[f=210.462] Expanded: 2421, Generated: 2719
[f=209.894] Expanded: 2423, Generated: 2721
[f=208.207] Expanded: 2425, Generated: 2723
[f=208.362] Expanded: 2427, Generated: 2725
[f=207.783] Expanded: 2429, Generated: 2727
[f=207.803] Expanded: 2430, Generated: 2728
[f=208.595] Expanded: 2432, Generated: 2730
[f=208.641] Expanded: 2433, Generated: 2731
[f=209.950] Expanded: 2435, Generated: 2733
[f=207.812] Expanded: 2437, Generated: 2735
[f=207.921] Expanded: 2439, Generated: 2737
[f=213.886] Expanded: 2441, Generated: 2739
[f=214.855] Expanded: 2442, Generated: 2740
[f=211.920] Expanded: 2444, Generated: 2742
[f=210.517] Expanded: 2446, Generated: 2744
[f=208.583] Expanded: 2448, Generated: 2746
[f=214.219] Expanded: 2450, Generated: 2748
[f=214.224] Expanded: 2452, Generated: 2750
[f=208.384] Expanded: 2454, Generated: 2752
[f=211.371] Expanded: 2456, Generated: 2754
[f=211.404] Expanded: 2457, Generated: 2755
[f=216.594] Expanded: 2458, Generated: 2756
[f=216.594] Expanded: 2459, Generated: 2757
[f=208.300] Expanded: 2461, Generated: 2759
[f=216.596] Expanded: 2462, Generated: 2760
[f=211.040] Expanded: 2464, Generated: 2762
[f=211.070] Expanded: 2465, Generated: 2763
[f=212.224] Expanded: 2467, Generated: 2765
[f=216.597] Expanded: 2468, Generated: 2766
[f=214.276] Expanded: 2470, Generated: 2768
[f=216.602] Expanded: 2471, Generated: 2769
[f=204.991] Expanded: 2473, Generated: 2771
[f=205.010] Expanded: 2474, Generated: 2772
[f=209.788] Expanded: 2476, Generated: 2774
[f=209.787] Expanded: 2478, Generated: 2776
[f=207.386] Expanded: 2480, Generated: 2778
[f=207.404] Expanded: 2481, Generated: 2779
[f=209.373] Expanded: 2483, Generated: 2781
[f=207.941] Expanded: 2485, Generated: 2783
[f=209.279] Expanded: 2487, Generated: 2785
[f=207.040] Expanded: 2489, Generated: 2787
[f=207.058] Expanded: 2490, Generated: 2788
[f=207.728] Expanded: 2492, Generated: 2790
[f=207.810] Expanded: 2494, Generated: 2792
[f=208.526] Expanded: 2496, Generated: 2794
[f=208.548] Expanded: 2497, Generated: 2795
[f=207.844] Expanded: 2499, Generated: 2797
[f=209.596] Expanded: 2501, Generated: 2799
[f=207.722] Expanded: 2503, Generated: 2801
[f=215.062] Expanded: 2503, Generated: 2802
[f=209.661] Expanded: 2505, Generated: 2804
[f=209.906] Expanded: 2507, Generated: 2806
[f=209.920] Expanded: 2509, Generated: 2808
[f=207.317] Expanded: 2511, Generated: 2810
[f=207.322] Expanded: 2512, Generated: 2811
[f=207.807] Expanded: 2514, Generated: 2813
[f=209.893] Expanded: 2516, Generated: 2815
[f=207.797] Expanded: 2518, Generated: 2817
[f=207.942] Expanded: 2520, Generated: 2819
[f=207.948] Expanded: 2521, Generated: 2820
[f=208.021] Expanded: 2523, Generated: 2822
[f=207.910] Expanded: 2525, Generated: 2824
[f=209.895] Expanded: 2527, Generated: 2826
[f=208.721] Expanded: 2529, Generated: 2828
[f=208.751] Expanded: 2530, Generated: 2829
[f=209.830] Expanded: 2532, Generated: 2831
[f=207.975] Expanded: 2534, Generated: 2833
[f=207.914] Expanded: 2536, Generated: 2835
[f=210.098] Expanded: 2538, Generated: 2837
[f=207.877] Expanded: 2540, Generated: 2839
[f=208.036] Expanded: 2542, Generated: 2841
[f=208.212] Expanded: 2544, Generated: 2843
[f=208.257] Expanded: 2545, Generated: 2844
[f=209.605] Expanded: 2547, Generated: 2846
[f=207.475] Expanded: 2549, Generated: 2848
[f=207.617] Expanded: 2551, Generated: 2850
[f=213.496] Expanded: 2553, Generated: 2852
[f=214.467] Expanded: 2554, Generated: 2853
[f=211.561] Expanded: 2556, Generated: 2855
[f=210.190] Expanded: 2558, Generated: 2857
[f=208.297] Expanded: 2560, Generated: 2859
[f=213.839] Expanded: 2562, Generated: 2861
[f=213.843] Expanded: 2564, Generated: 2863
[f=213.854] Expanded: 2566, Generated: 2865
[f=210.998] Expanded: 2568, Generated: 2867
[f=211.031] Expanded: 2569, Generated: 2868
[f=211.945] Expanded: 2571, Generated: 2870
[f=210.585] Expanded: 2573, Generated: 2872
[f=210.614] Expanded: 2574, Generated: 2873
[f=213.993] Expanded: 2576, Generated: 2875
[f=211.969] Expanded: 2578, Generated: 2877
[f=211.970] Expanded: 2579, Generated: 2878
[f=214.247] Expanded: 2581, Generated: 2880
[f=216.605] Expanded: 2582, Generated: 2881
[f=209.544] Expanded: 2584, Generated: 2883
[f=208.433] Expanded: 2586, Generated: 2885
[f=214.253] Expanded: 2588, Generated: 2887
[f=214.232] Expanded: 2590, Generated: 2889
[f=211.450] Expanded: 2592, Generated: 2891
[f=211.483] Expanded: 2593, Generated: 2892
[f=208.262] Expanded: 2595, Generated: 2894
[f=205.406] Expanded: 2597, Generated: 2896
[f=205.424] Expanded: 2598, Generated: 2897
[f=210.131] Expanded: 2600, Generated: 2899
[f=210.119] Expanded: 2602, Generated: 2901
[f=207.792] Expanded: 2604, Generated: 2903
[f=207.810] Expanded: 2605, Generated: 2904
[f=209.708] Expanded: 2607, Generated: 2906
[f=208.148] Expanded: 2609, Generated: 2908
[f=209.598] Expanded: 2611, Generated: 2910
[f=207.512] Expanded: 2613, Generated: 2912
[f=207.530] Expanded: 2614, Generated: 2913
[f=208.123] Expanded: 2616, Generated: 2915
[f=208.022] Expanded: 2618, Generated: 2917
[f=208.934] Expanded: 2620, Generated: 2919
[f=208.956] Expanded: 2621, Generated: 2920
[f=208.105] Expanded: 2623, Generated: 2922
[f=209.929] Expanded: 2625, Generated: 2924
[f=207.985] Expanded: 2627, Generated: 2926
[f=215.453] Expanded: 2627, Generated: 2927
[f=209.984] Expanded: 2629, Generated: 2929
[f=210.234] Expanded: 2631, Generated: 2931
[f=210.234] Expanded: 2633, Generated: 2933
[f=207.639] Expanded: 2635, Generated: 2935
[f=207.644] Expanded: 2636, Generated: 2936
[f=208.008] Expanded: 2638, Generated: 2938
[f=210.207] Expanded: 2640, Generated: 2940
[f=208.271] Expanded: 2642, Generated: 2942
[f=208.278] Expanded: 2643, Generated: 2943
[f=208.050] Expanded: 2645, Generated: 2945
[f=208.265] Expanded: 2647, Generated: 2947
[f=208.153] Expanded: 2649, Generated: 2949
[f=210.195] Expanded: 2651, Generated: 2951
[f=209.133] Expanded: 2653, Generated: 2953
[f=209.163] Expanded: 2654, Generated: 2954
[f=208.206] Expanded: 2656, Generated: 2956
[f=208.157] Expanded: 2658, Generated: 2958
[f=210.401] Expanded: 2660, Generated: 2960
[f=209.830] Expanded: 2662, Generated: 2962
[f=208.398] Expanded: 2664, Generated: 2964
[f=207.644] Expanded: 2666, Generated: 2966
[f=207.663] Expanded: 2667, Generated: 2967
[f=208.621] Expanded: 2669, Generated: 2969
[f=208.667] Expanded: 2670, Generated: 2970
[f=209.889] Expanded: 2672, Generated: 2972
[f=207.714] Expanded: 2674, Generated: 2974
[f=207.827] Expanded: 2676, Generated: 2976
[f=213.898] Expanded: 2678, Generated: 2978
[f=214.867] Expanded: 2679, Generated: 2979
[f=211.819] Expanded: 2681, Generated: 2981
[f=210.458] Expanded: 2683, Generated: 2983
[f=208.491] Expanded: 2685, Generated: 2985
[f=214.156] Expanded: 2687, Generated: 2987
[f=214.161] Expanded: 2689, Generated: 2989
[f=212.290] Expanded: 2691, Generated: 2991
[f=216.615] Expanded: 2692, Generated: 2992
[f=211.030] Expanded: 2694, Generated: 2994
[f=211.060] Expanded: 2695, Generated: 2995
[f=216.616] Expanded: 2696, Generated: 2996
[f=213.978] Expanded: 2698, Generated: 2998
[f=208.332] Expanded: 2700, Generated: 3000
[f=216.620] Expanded: 2701, Generated: 3001
[f=213.984] Expanded: 2703, Generated: 3003
[f=210.317] Expanded: 2705, Generated: 3005
[f=214.169] Expanded: 2707, Generated: 3007
[f=216.621] Expanded: 2708, Generated: 3008
[f=216.621] Expanded: 2709, Generated: 3009
[f=216.622] Expanded: 2710, Generated: 3010
[f=211.339] Expanded: 2712, Generated: 3012
[f=211.371] Expanded: 2713, Generated: 3013
[f=216.624] Expanded: 2714, Generated: 3014
[f=209.237] Expanded: 2716, Generated: 3016
[f=215.390] Expanded: 2718, Generated: 3018
[f=210.334] Expanded: 2720, Generated: 3020
[f=212.549] Expanded: 2722, Generated: 3022
[f=212.575] Expanded: 2723, Generated: 3023
[f=214.262] Expanded: 2725, Generated: 3025
[f=216.626] Expanded: 2726, Generated: 3026
[f=209.579] Expanded: 2728, Generated: 3028
[f=216.627] Expanded: 2729, Generated: 3029
[f=212.190] Expanded: 2731, Generated: 3031
[f=216.628] Expanded: 2732, Generated: 3032
[f=211.481] Expanded: 2734, Generated: 3034
[f=211.513] Expanded: 2735, Generated: 3035
[f=216.631] Expanded: 2736, Generated: 3036
[f=212.336] Expanded: 2738, Generated: 3038
[f=216.633] Expanded: 2739, Generated: 3039
[f=211.112] Expanded: 2741, Generated: 3041
[f=211.141] Expanded: 2742, Generated: 3042
[f=216.636] Expanded: 2743, Generated: 3043
[f=216.636] Expanded: 2744, Generated: 3044
[f=215.068] Expanded: 2746, Generated: 3046
[f=213.995] Expanded: 2748, Generated: 3048
[f=211.251] Expanded: 2750, Generated: 3050
[f=211.284] Expanded: 2751, Generated: 3051
[f=215.249] Expanded: 2753, Generated: 3053
[f=212.107] Expanded: 2755, Generated: 3055
[f=205.603] Expanded: 2757, Generated: 3057
[f=205.621] Expanded: 2758, Generated: 3058
[f=210.396] Expanded: 2760, Generated: 3060
[f=210.386] Expanded: 2762, Generated: 3062
[f=207.989] Expanded: 2764, Generated: 3064
[f=208.007] Expanded: 2765, Generated: 3065
[f=209.964] Expanded: 2767, Generated: 3067
[f=208.306] Expanded: 2769, Generated: 3069
[f=209.864] Expanded: 2771, Generated: 3071
[f=207.709] Expanded: 2773, Generated: 3073
[f=207.727] Expanded: 2774, Generated: 3074
[f=208.282] Expanded: 2776, Generated: 3076
[f=208.180] Expanded: 2778, Generated: 3078
[f=209.133] Expanded: 2780, Generated: 3080
[f=209.155] Expanded: 2781, Generated: 3081
[f=208.259] Expanded: 2783, Generated: 3083
[f=210.193] Expanded: 2785, Generated: 3085
[f=208.142] Expanded: 2787, Generated: 3087
[f=215.648] Expanded: 2787, Generated: 3088
[f=210.499] Expanded: 2789, Generated: 3090
[f=210.249] Expanded: 2791, Generated: 3092
[f=210.504] Expanded: 2793, Generated: 3094
[f=207.839] Expanded: 2795, Generated: 3096
[f=207.844] Expanded: 2796, Generated: 3097
[f=208.164] Expanded: 2798, Generated: 3099
[f=210.473] Expanded: 2800, Generated: 3101
[f=208.493] Expanded: 2802, Generated: 3103
[f=208.500] Expanded: 2803, Generated: 3104
[f=208.206] Expanded: 2805, Generated: 3106
[f=208.425] Expanded: 2807, Generated: 3108
[f=208.310] Expanded: 2809, Generated: 3110
[f=210.459] Expanded: 2811, Generated: 3112
[f=209.330] Expanded: 2813, Generated: 3114
[f=209.360] Expanded: 2814, Generated: 3115
[f=210.397] Expanded: 2816, Generated: 3117
[f=208.359] Expanded: 2818, Generated: 3119
[f=208.312] Expanded: 2820, Generated: 3121
[f=210.095] Expanded: 2822, Generated: 3123
[f=208.395] Expanded: 2824, Generated: 3125
[f=207.843] Expanded: 2826, Generated: 3127
[f=207.862] Expanded: 2827, Generated: 3128
[f=208.819] Expanded: 2829, Generated: 3130
[f=208.864] Expanded: 2830, Generated: 3131
[f=210.150] Expanded: 2832, Generated: 3133
[f=207.868] Expanded: 2834, Generated: 3135
[f=207.976] Expanded: 2836, Generated: 3137
[f=214.091] Expanded: 2838, Generated: 3139
[f=215.060] Expanded: 2839, Generated: 3140
[f=211.975] Expanded: 2841, Generated: 3142
[f=210.716] Expanded: 2843, Generated: 3144
[f=208.637] Expanded: 2845, Generated: 3146
[f=216.645] Expanded: 2846, Generated: 3147
[f=210.970] Expanded: 2848, Generated: 3149
[f=210.999] Expanded: 2849, Generated: 3150
[f=216.646] Expanded: 2850, Generated: 3151
[f=210.336] Expanded: 2852, Generated: 3153
[f=211.114] Expanded: 2854, Generated: 3155
[f=211.143] Expanded: 2855, Generated: 3156
[f=209.538] Expanded: 2857, Generated: 3158
[f=216.655] Expanded: 2858, Generated: 3159
[f=216.657] Expanded: 2859, Generated: 3160
[f=216.657] Expanded: 2860, Generated: 3161
[f=216.663] Expanded: 2861, Generated: 3162
[f=210.877] Expanded: 2863, Generated: 3164
[f=210.907] Expanded: 2864, Generated: 3165
[f=216.663] Expanded: 2865, Generated: 3166
[f=216.664] Expanded: 2866, Generated: 3167
[f=216.671] Expanded: 2867, Generated: 3168
[f=216.679] Expanded: 2868, Generated: 3169
[f=216.680] Expanded: 2868, Generated: 3170
[f=216.680] Expanded: 2868, Generated: 3171
[f=209.293] Expanded: 2870, Generated: 3173
[f=216.686] Expanded: 2871, Generated: 3174
[f=215.150] Expanded: 2873, Generated: 3176
[f=216.686] Expanded: 2874, Generated: 3177
[f=210.502] Expanded: 2876, Generated: 3179
[f=210.520] Expanded: 2877, Generated: 3180
[f=210.540] Expanded: 2878, Generated: 3181
[f=213.327] Expanded: 2880, Generated: 3183
[f=213.337] Expanded: 2881, Generated: 3184
[f=216.700] Expanded: 2881, Generated: 3185
[f=216.704] Expanded: 2881, Generated: 3186
[f=216.704] Expanded: 2881, Generated: 3187
[f=208.363] Expanded: 2883, Generated: 3189
[f=216.708] Expanded: 2884, Generated: 3190
[f=216.708] Expanded: 2885, Generated: 3191
[f=216.710] Expanded: 2885, Generated: 3192
[f=210.397] Expanded: 2887, Generated: 3194
[f=216.712] Expanded: 2888, Generated: 3195
[f=215.443] Expanded: 2890, Generated: 3197
[f=209.596] Expanded: 2892, Generated: 3199
[f=216.717] Expanded: 2892, Generated: 3200
[f=209.487] Expanded: 2894, Generated: 3202
[f=209.467] Expanded: 2896, Generated: 3204
[f=212.402] Expanded: 2898, Generated: 3206
[f=216.724] Expanded: 2898, Generated: 3207
[f=216.729] Expanded: 2899, Generated: 3208
[f=205.489] Expanded: 2901, Generated: 3210
[f=215.351] Expanded: 2902, Generated: 3211
[f=215.375] Expanded: 2903, Generated: 3212
[f=215.384] Expanded: 2904, Generated: 3213
[f=215.387] Expanded: 2905, Generated: 3214
[f=215.395] Expanded: 2906, Generated: 3215
[f=206.907] Expanded: 2908, Generated: 3217
[f=215.404] Expanded: 2909, Generated: 3218
[f=208.080] Expanded: 2911, Generated: 3220
[f=215.434] Expanded: 2912, Generated: 3221
[f=215.443] Expanded: 2913, Generated: 3222
[f=215.447] Expanded: 2914, Generated: 3223
[f=215.467] Expanded: 2915, Generated: 3224
[f=215.474] Expanded: 2916, Generated: 3225
[f=215.519] Expanded: 2917, Generated: 3226
[f=208.947] Expanded: 2919, Generated: 3228
[f=215.523] Expanded: 2920, Generated: 3229
[f=215.560] Expanded: 2921, Generated: 3230
[f=208.233] Expanded: 2923, Generated: 3232
[f=215.673] Expanded: 2924, Generated: 3233
[f=214.143] Expanded: 2926, Generated: 3235
[f=211.671] Expanded: 2928, Generated: 3237
[f=211.443] Expanded: 2930, Generated: 3239
[f=216.588] Expanded: 2931, Generated: 3240
[f=216.597] Expanded: 2932, Generated: 3241
[f=216.731] Expanded: 2932, Generated: 3242
[f=216.731] Expanded: 2932, Generated: 3243
[f=209.479] Expanded: 2934, Generated: 3245
[f=205.562] Expanded: 2936, Generated: 3247
[f=215.443] Expanded: 2937, Generated: 3248
[f=215.456] Expanded: 2938, Generated: 3249
[f=215.460] Expanded: 2939, Generated: 3250
[f=215.468] Expanded: 2940, Generated: 3251
[f=215.476] Expanded: 2941, Generated: 3252
[f=207.323] Expanded: 2943, Generated: 3254
[f=206.924] Expanded: 2945, Generated: 3256
[f=215.486] Expanded: 2946, Generated: 3257
[f=215.516] Expanded: 2947, Generated: 3258
[f=215.524] Expanded: 2948, Generated: 3259
[f=215.528] Expanded: 2949, Generated: 3260
[f=215.548] Expanded: 2950, Generated: 3261
[f=215.556] Expanded: 2951, Generated: 3262
[f=215.600] Expanded: 2952, Generated: 3263
[f=209.022] Expanded: 2954, Generated: 3265
[f=215.605] Expanded: 2955, Generated: 3266
[f=215.642] Expanded: 2956, Generated: 3267
[f=208.316] Expanded: 2958, Generated: 3269
[f=215.754] Expanded: 2959, Generated: 3270
[f=214.201] Expanded: 2961, Generated: 3272
[f=211.520] Expanded: 2963, Generated: 3274
[f=216.659] Expanded: 2964, Generated: 3275
[f=216.670] Expanded: 2965, Generated: 3276
[f=212.403] Expanded: 2967, Generated: 3278
[f=216.733] Expanded: 2967, Generated: 3279
[f=205.738] Expanded: 2969, Generated: 3281
[f=215.603] Expanded: 2970, Generated: 3282
[f=215.637] Expanded: 2971, Generated: 3283
[f=215.640] Expanded: 2972, Generated: 3284
[f=215.647] Expanded: 2973, Generated: 3285
[f=207.481] Expanded: 2975, Generated: 3287
[f=207.075] Expanded: 2977, Generated: 3289
[f=215.657] Expanded: 2978, Generated: 3290
[f=208.326] Expanded: 2980, Generated: 3292
[f=215.688] Expanded: 2981, Generated: 3293
[f=215.696] Expanded: 2982, Generated: 3294
[f=215.700] Expanded: 2983, Generated: 3295
[f=215.719] Expanded: 2984, Generated: 3296
[f=215.727] Expanded: 2985, Generated: 3297
[f=215.772] Expanded: 2986, Generated: 3298
[f=209.184] Expanded: 2988, Generated: 3300
[f=215.776] Expanded: 2989, Generated: 3301
[f=215.813] Expanded: 2990, Generated: 3302
[f=208.472] Expanded: 2992, Generated: 3304
[f=215.927] Expanded: 2993, Generated: 3305
[f=214.403] Expanded: 2995, Generated: 3307
[f=216.733] Expanded: 2995, Generated: 3308
[f=208.213] Expanded: 2997, Generated: 3310
[f=208.233] Expanded: 2998, Generated: 3311
[f=209.405] Expanded: 3000, Generated: 3313
[f=216.733] Expanded: 3000, Generated: 3314
[f=210.436] Expanded: 3002, Generated: 3316
[f=205.589] Expanded: 3004, Generated: 3318
[f=215.456] Expanded: 3005, Generated: 3319
[f=215.486] Expanded: 3006, Generated: 3320
[f=215.493] Expanded: 3007, Generated: 3321
[f=215.501] Expanded: 3008, Generated: 3322
[f=207.344] Expanded: 3010, Generated: 3324
[f=206.948] Expanded: 3012, Generated: 3326
[f=215.511] Expanded: 3013, Generated: 3327
[f=208.198] Expanded: 3015, Generated: 3329
[f=215.542] Expanded: 3016, Generated: 3330
[f=215.550] Expanded: 3017, Generated: 3331
[f=215.553] Expanded: 3018, Generated: 3332
[f=215.573] Expanded: 3019, Generated: 3333
[f=215.581] Expanded: 3020, Generated: 3334
[f=215.625] Expanded: 3021, Generated: 3335
[f=209.042] Expanded: 3023, Generated: 3337
[f=215.630] Expanded: 3024, Generated: 3338
[f=215.667] Expanded: 3025, Generated: 3339
[f=208.335] Expanded: 3027, Generated: 3341
[f=215.780] Expanded: 3028, Generated: 3342
[f=214.261] Expanded: 3030, Generated: 3344
[f=211.524] Expanded: 3032, Generated: 3346
[f=216.685] Expanded: 3033, Generated: 3347
[f=216.706] Expanded: 3034, Generated: 3348
[f=216.734] Expanded: 3034, Generated: 3349
[f=216.734] Expanded: 3034, Generated: 3350
[f=216.735] Expanded: 3035, Generated: 3351
[f=209.554] Expanded: 3037, Generated: 3353
[f=216.735] Expanded: 3037, Generated: 3354
[f=209.561] Expanded: 3039, Generated: 3356
[f=205.594] Expanded: 3041, Generated: 3358
[f=215.478] Expanded: 3042, Generated: 3359
[f=215.489] Expanded: 3043, Generated: 3360
[f=215.497] Expanded: 3044, Generated: 3361
[f=207.269] Expanded: 3046, Generated: 3363
[f=207.166] Expanded: 3048, Generated: 3365
[f=215.507] Expanded: 3049, Generated: 3366
[f=207.169] Expanded: 3051, Generated: 3368
[f=208.340] Expanded: 3053, Generated: 3370
[f=215.537] Expanded: 3054, Generated: 3371
[f=215.546] Expanded: 3055, Generated: 3372
[f=215.550] Expanded: 3056, Generated: 3373
[f=215.570] Expanded: 3057, Generated: 3374
[f=215.577] Expanded: 3058, Generated: 3375
[f=215.621] Expanded: 3059, Generated: 3376
[f=209.334] Expanded: 3061, Generated: 3378
[f=215.626] Expanded: 3062, Generated: 3379
[f=215.663] Expanded: 3063, Generated: 3380
[f=208.487] Expanded: 3065, Generated: 3382
[f=215.776] Expanded: 3066, Generated: 3383
[f=214.407] Expanded: 3068, Generated: 3385
[f=216.681] Expanded: 3069, Generated: 3386
[f=216.693] Expanded: 3070, Generated: 3387
[f=216.702] Expanded: 3071, Generated: 3388
[f=216.729] Expanded: 3072, Generated: 3389
[f=214.081] Expanded: 3074, Generated: 3391
[f=216.737] Expanded: 3074, Generated: 3392
[f=203.723] Expanded: 3076, Generated: 3394
[f=203.741] Expanded: 3077, Generated: 3395
[f=208.518] Expanded: 3079, Generated: 3397
[f=208.503] Expanded: 3081, Generated: 3399
[f=206.079] Expanded: 3083, Generated: 3401
[f=206.097] Expanded: 3084, Generated: 3402
[f=213.705] Expanded: 3084, Generated: 3403
[f=208.084] Expanded: 3086, Generated: 3405
[f=205.803] Expanded: 3088, Generated: 3407
[f=205.820] Expanded: 3089, Generated: 3408
[f=207.980] Expanded: 3091, Generated: 3410
[f=213.715] Expanded: 3091, Generated: 3411
[f=213.721] Expanded: 3091, Generated: 3412
[f=207.221] Expanded: 3093, Generated: 3414
[f=207.243] Expanded: 3094, Generated: 3415
[f=213.731] Expanded: 3094, Generated: 3416
[f=213.732] Expanded: 3094, Generated: 3417
[f=213.732] Expanded: 3094, Generated: 3418
[f=208.294] Expanded: 3096, Generated: 3420
[f=208.615] Expanded: 3098, Generated: 3422
[f=208.358] Expanded: 3100, Generated: 3424
[f=208.599] Expanded: 3102, Generated: 3426
[f=213.751] Expanded: 3102, Generated: 3427
[f=213.758] Expanded: 3102, Generated: 3428
[f=208.563] Expanded: 3104, Generated: 3430
[f=213.767] Expanded: 3104, Generated: 3431
[f=213.768] Expanded: 3104, Generated: 3432
[f=213.772] Expanded: 3104, Generated: 3433
[f=213.791] Expanded: 3104, Generated: 3434
[f=208.519] Expanded: 3106, Generated: 3436
[f=207.415] Expanded: 3108, Generated: 3438
[f=207.445] Expanded: 3109, Generated: 3439
[f=208.460] Expanded: 3111, Generated: 3441
[f=213.844] Expanded: 3111, Generated: 3442
[f=213.845] Expanded: 3111, Generated: 3443
[f=208.722] Expanded: 3113, Generated: 3445
[f=208.193] Expanded: 3115, Generated: 3447
[f=213.860] Expanded: 3115, Generated: 3448
[f=213.883] Expanded: 3115, Generated: 3449
[f=213.883] Expanded: 3115, Generated: 3450
[f=206.902] Expanded: 3117, Generated: 3452
[f=206.948] Expanded: 3118, Generated: 3453
[f=208.144] Expanded: 3120, Generated: 3455
[f=213.952] Expanded: 3120, Generated: 3456
[f=213.976] Expanded: 3120, Generated: 3457
[f=212.145] Expanded: 3122, Generated: 3459
[f=213.116] Expanded: 3123, Generated: 3460
[f=214.010] Expanded: 3123, Generated: 3461
[f=212.489] Expanded: 3125, Generated: 3463
[f=212.493] Expanded: 3127, Generated: 3465
[f=212.497] Expanded: 3129, Generated: 3467
[f=209.768] Expanded: 3131, Generated: 3469
[f=209.801] Expanded: 3132, Generated: 3470
[f=210.582] Expanded: 3134, Generated: 3472
[f=209.403] Expanded: 3136, Generated: 3474
[f=209.433] Expanded: 3137, Generated: 3475
[f=214.811] Expanded: 3139, Generated: 3477
[f=210.011] Expanded: 3141, Generated: 3479
[f=210.019] Expanded: 3142, Generated: 3480
[f=210.028] Expanded: 3143, Generated: 3481
[f=210.528] Expanded: 3145, Generated: 3483
[f=210.535] Expanded: 3146, Generated: 3484
[f=210.546] Expanded: 3147, Generated: 3485
[f=204.322] Expanded: 3149, Generated: 3487
[f=204.340] Expanded: 3150, Generated: 3488
[f=208.910] Expanded: 3152, Generated: 3490
[f=208.897] Expanded: 3154, Generated: 3492
[f=206.717] Expanded: 3156, Generated: 3494
[f=206.735] Expanded: 3157, Generated: 3495
[f=208.764] Expanded: 3159, Generated: 3497
[f=207.193] Expanded: 3161, Generated: 3499
[f=208.663] Expanded: 3163, Generated: 3501
[f=206.969] Expanded: 3165, Generated: 3503
[f=206.992] Expanded: 3167, Generated: 3505
[f=207.569] Expanded: 3169, Generated: 3507
[f=207.591] Expanded: 3170, Generated: 3508
[f=207.083] Expanded: 3172, Generated: 3510
[f=208.862] Expanded: 3174, Generated: 3512
[f=206.968] Expanded: 3176, Generated: 3514
[f=208.912] Expanded: 3178, Generated: 3516
[f=209.019] Expanded: 3180, Generated: 3518
[f=209.051] Expanded: 3182, Generated: 3520
[f=206.659] Expanded: 3184, Generated: 3522
[f=206.664] Expanded: 3185, Generated: 3523
[f=207.018] Expanded: 3187, Generated: 3525
[f=209.027] Expanded: 3189, Generated: 3527
[f=207.108] Expanded: 3191, Generated: 3529
[f=207.278] Expanded: 3193, Generated: 3531
[f=207.284] Expanded: 3194, Generated: 3532
[f=207.283] Expanded: 3196, Generated: 3534
[f=207.231] Expanded: 3198, Generated: 3536
[f=209.044] Expanded: 3200, Generated: 3538
[f=207.750] Expanded: 3202, Generated: 3540
[f=207.780] Expanded: 3203, Generated: 3541
[f=208.980] Expanded: 3205, Generated: 3543
[f=207.258] Expanded: 3207, Generated: 3545
[f=207.185] Expanded: 3209, Generated: 3547
[f=209.249] Expanded: 3211, Generated: 3549
[f=208.649] Expanded: 3213, Generated: 3551
[f=207.157] Expanded: 3215, Generated: 3553
[f=207.317] Expanded: 3217, Generated: 3555
[f=206.648] Expanded: 3219, Generated: 3557
[f=206.667] Expanded: 3220, Generated: 3558
[f=207.242] Expanded: 3222, Generated: 3560
[f=207.287] Expanded: 3223, Generated: 3561
[f=208.775] Expanded: 3225, Generated: 3563
[f=206.755] Expanded: 3227, Generated: 3565
[f=206.918] Expanded: 3229, Generated: 3567
[f=212.595] Expanded: 3231, Generated: 3569
[f=213.564] Expanded: 3232, Generated: 3570
[f=210.783] Expanded: 3234, Generated: 3572
[f=209.369] Expanded: 3236, Generated: 3574
[f=207.603] Expanded: 3238, Generated: 3576
[f=204.262] Expanded: 3240, Generated: 3578
[f=204.281] Expanded: 3241, Generated: 3579
[f=209.323] Expanded: 3243, Generated: 3581
[f=206.701] Expanded: 3245, Generated: 3583
[f=206.719] Expanded: 3246, Generated: 3584
[f=207.243] Expanded: 3248, Generated: 3586
[f=208.623] Expanded: 3250, Generated: 3588
[f=208.531] Expanded: 3252, Generated: 3590
[f=206.353] Expanded: 3254, Generated: 3592
[f=206.370] Expanded: 3255, Generated: 3593
[f=207.254] Expanded: 3257, Generated: 3595
[f=207.783] Expanded: 3259, Generated: 3597
[f=207.805] Expanded: 3260, Generated: 3598
[f=206.918] Expanded: 3262, Generated: 3600
[f=208.874] Expanded: 3264, Generated: 3602
[f=206.809] Expanded: 3266, Generated: 3604
[f=214.304] Expanded: 3266, Generated: 3605
[f=208.923] Expanded: 3268, Generated: 3607
[f=209.164] Expanded: 3270, Generated: 3609
[f=209.193] Expanded: 3272, Generated: 3611
[f=206.497] Expanded: 3274, Generated: 3613
[f=206.503] Expanded: 3275, Generated: 3614
[f=206.848] Expanded: 3277, Generated: 3616
[f=209.167] Expanded: 3279, Generated: 3618
[f=206.883] Expanded: 3281, Generated: 3620
[f=207.140] Expanded: 3283, Generated: 3622
[f=207.147] Expanded: 3284, Generated: 3623
[f=207.115] Expanded: 3286, Generated: 3625
[f=207.009] Expanded: 3288, Generated: 3627
[f=209.179] Expanded: 3290, Generated: 3629
[f=207.979] Expanded: 3292, Generated: 3631
[f=208.009] Expanded: 3293, Generated: 3632
[f=209.115] Expanded: 3295, Generated: 3634
[f=207.085] Expanded: 3297, Generated: 3636
[f=207.011] Expanded: 3299, Generated: 3638
[f=209.385] Expanded: 3301, Generated: 3640
[f=208.784] Expanded: 3303, Generated: 3642
[f=207.119] Expanded: 3305, Generated: 3644
[f=207.281] Expanded: 3307, Generated: 3646
[f=206.500] Expanded: 3309, Generated: 3648
[f=206.519] Expanded: 3310, Generated: 3649
[f=207.464] Expanded: 3312, Generated: 3651
[f=207.510] Expanded: 3313, Generated: 3652
[f=208.905] Expanded: 3315, Generated: 3654
[f=206.579] Expanded: 3317, Generated: 3656
[f=206.741] Expanded: 3319, Generated: 3658
[f=212.774] Expanded: 3321, Generated: 3660
[f=213.743] Expanded: 3322, Generated: 3661
[f=210.623] Expanded: 3324, Generated: 3663
[f=209.496] Expanded: 3326, Generated: 3665
[f=207.423] Expanded: 3328, Generated: 3667
[f=212.911] Expanded: 3330, Generated: 3669
[f=209.566] Expanded: 3332, Generated: 3671
[f=209.583] Expanded: 3333, Generated: 3672
[f=209.586] Expanded: 3334, Generated: 3673
[f=204.178] Expanded: 3336, Generated: 3675
[f=204.197] Expanded: 3337, Generated: 3676
[f=208.635] Expanded: 3339, Generated: 3678
[f=208.620] Expanded: 3341, Generated: 3680
[f=206.566] Expanded: 3343, Generated: 3682
[f=206.584] Expanded: 3344, Generated: 3683
[f=207.084] Expanded: 3346, Generated: 3685
[f=208.391] Expanded: 3348, Generated: 3687
[f=206.302] Expanded: 3350, Generated: 3689
[f=206.320] Expanded: 3351, Generated: 3690
[f=206.919] Expanded: 3353, Generated: 3692
[f=206.940] Expanded: 3355, Generated: 3694
[f=207.411] Expanded: 3357, Generated: 3696
[f=207.433] Expanded: 3358, Generated: 3697
[f=206.916] Expanded: 3360, Generated: 3699
[f=209.044] Expanded: 3362, Generated: 3701
[f=214.229] Expanded: 3362, Generated: 3702
[f=208.633] Expanded: 3364, Generated: 3704
[f=208.740] Expanded: 3366, Generated: 3706
[f=208.769] Expanded: 3368, Generated: 3708
[f=206.568] Expanded: 3370, Generated: 3710
[f=206.573] Expanded: 3371, Generated: 3711
[f=207.426] Expanded: 3373, Generated: 3713
[f=208.744] Expanded: 3375, Generated: 3715
[f=206.999] Expanded: 3377, Generated: 3717
[f=207.200] Expanded: 3379, Generated: 3719
[f=207.206] Expanded: 3380, Generated: 3720
[f=207.230] Expanded: 3382, Generated: 3722
[f=207.122] Expanded: 3384, Generated: 3724
[f=208.756] Expanded: 3386, Generated: 3726
[f=207.616] Expanded: 3388, Generated: 3728
[f=207.645] Expanded: 3389, Generated: 3729
[f=208.702] Expanded: 3391, Generated: 3731
[f=207.199] Expanded: 3393, Generated: 3733
[f=207.126] Expanded: 3395, Generated: 3735
[f=208.961] Expanded: 3397, Generated: 3737
[f=208.367] Expanded: 3399, Generated: 3739
[f=207.102] Expanded: 3401, Generated: 3741
[f=207.258] Expanded: 3403, Generated: 3743
[f=206.581] Expanded: 3405, Generated: 3745
[f=206.601] Expanded: 3406, Generated: 3746
[f=207.099] Expanded: 3408, Generated: 3748
[f=207.145] Expanded: 3409, Generated: 3749
[f=208.483] Expanded: 3411, Generated: 3751
[f=206.696] Expanded: 3413, Generated: 3753
[f=206.855] Expanded: 3415, Generated: 3755
[f=212.410] Expanded: 3417, Generated: 3757
[f=213.381] Expanded: 3418, Generated: 3758
[f=210.736] Expanded: 3420, Generated: 3760
[f=209.073] Expanded: 3422, Generated: 3762
[f=207.540] Expanded: 3424, Generated: 3764
[f=212.679] Expanded: 3426, Generated: 3766
[f=212.684] Expanded: 3428, Generated: 3768
[f=212.697] Expanded: 3430, Generated: 3770
[f=210.260] Expanded: 3432, Generated: 3772
[f=210.292] Expanded: 3433, Generated: 3773
[f=211.148] Expanded: 3435, Generated: 3775
[f=209.886] Expanded: 3437, Generated: 3777
[f=209.916] Expanded: 3438, Generated: 3778
[f=212.728] Expanded: 3440, Generated: 3780
[f=209.812] Expanded: 3442, Generated: 3782
[f=209.826] Expanded: 3443, Generated: 3783
[f=209.829] Expanded: 3444, Generated: 3784
[f=211.182] Expanded: 3446, Generated: 3786
[f=213.104] Expanded: 3448, Generated: 3788
[f=213.113] Expanded: 3450, Generated: 3790
[f=211.022] Expanded: 3452, Generated: 3792
[f=204.356] Expanded: 3454, Generated: 3794
[f=204.375] Expanded: 3455, Generated: 3795
[f=209.175] Expanded: 3457, Generated: 3797
[f=209.167] Expanded: 3459, Generated: 3799
[f=206.733] Expanded: 3461, Generated: 3801
[f=206.751] Expanded: 3462, Generated: 3802
[f=207.266] Expanded: 3464, Generated: 3804
[f=208.745] Expanded: 3466, Generated: 3806
[f=208.648] Expanded: 3468, Generated: 3808
[f=206.458] Expanded: 3470, Generated: 3810
[f=206.476] Expanded: 3471, Generated: 3811
[f=207.105] Expanded: 3473, Generated: 3813
[f=207.128] Expanded: 3475, Generated: 3815
[f=207.879] Expanded: 3477, Generated: 3817
[f=207.901] Expanded: 3478, Generated: 3818
[f=207.219] Expanded: 3480, Generated: 3820
[f=208.993] Expanded: 3482, Generated: 3822
[f=207.105] Expanded: 3484, Generated: 3824
[f=214.402] Expanded: 3484, Generated: 3825
[f=209.041] Expanded: 3486, Generated: 3827
[f=209.310] Expanded: 3488, Generated: 3829
[f=206.741] Expanded: 3490, Generated: 3831
[f=206.746] Expanded: 3491, Generated: 3832
[f=207.145] Expanded: 3493, Generated: 3834
[f=209.284] Expanded: 3495, Generated: 3836
[f=207.181] Expanded: 3497, Generated: 3838
[f=207.411] Expanded: 3499, Generated: 3840
[f=207.306] Expanded: 3501, Generated: 3842
[f=209.296] Expanded: 3503, Generated: 3844
[f=208.083] Expanded: 3505, Generated: 3846
[f=208.113] Expanded: 3506, Generated: 3847
[f=209.232] Expanded: 3508, Generated: 3849
[f=207.382] Expanded: 3510, Generated: 3851
[f=207.306] Expanded: 3512, Generated: 3853
[f=209.501] Expanded: 3514, Generated: 3855
[f=208.905] Expanded: 3516, Generated: 3857
[f=207.281] Expanded: 3518, Generated: 3859
[f=207.442] Expanded: 3520, Generated: 3861
[f=206.750] Expanded: 3522, Generated: 3863
[f=206.769] Expanded: 3523, Generated: 3864
[f=207.564] Expanded: 3525, Generated: 3866
[f=207.609] Expanded: 3526, Generated: 3867
[f=209.018] Expanded: 3528, Generated: 3869
[f=206.876] Expanded: 3530, Generated: 3871
[f=207.036] Expanded: 3532, Generated: 3873
[f=212.883] Expanded: 3534, Generated: 3875
[f=213.852] Expanded: 3535, Generated: 3876
[f=210.924] Expanded: 3537, Generated: 3878
[f=209.609] Expanded: 3539, Generated: 3880
[f=207.718] Expanded: 3541, Generated: 3882
[f=213.122] Expanded: 3543, Generated: 3884
[f=210.180] Expanded: 3545, Generated: 3886
[f=210.212] Expanded: 3546, Generated: 3887
[f=211.036] Expanded: 3548, Generated: 3889
[f=204.227] Expanded: 3550, Generated: 3891
[f=204.245] Expanded: 3551, Generated: 3892
[f=208.874] Expanded: 3553, Generated: 3894
[f=208.875] Expanded: 3555, Generated: 3896
[f=206.603] Expanded: 3557, Generated: 3898
[f=206.621] Expanded: 3558, Generated: 3899
[f=207.060] Expanded: 3560, Generated: 3901
[f=209.048] Expanded: 3562, Generated: 3903
[f=208.486] Expanded: 3564, Generated: 3905
[f=206.323] Expanded: 3566, Generated: 3907
[f=206.341] Expanded: 3567, Generated: 3908
[f=206.850] Expanded: 3569, Generated: 3910
[f=206.930] Expanded: 3571, Generated: 3912
[f=207.616] Expanded: 3573, Generated: 3914
[f=207.638] Expanded: 3574, Generated: 3915
[f=207.429] Expanded: 3576, Generated: 3917
[f=206.850] Expanded: 3578, Generated: 3919
[f=214.274] Expanded: 3578, Generated: 3920
[f=208.876] Expanded: 3580, Generated: 3922
[f=208.991] Expanded: 3582, Generated: 3924
[f=209.012] Expanded: 3584, Generated: 3926
[f=206.546] Expanded: 3586, Generated: 3928
[f=206.551] Expanded: 3587, Generated: 3929
[f=208.984] Expanded: 3589, Generated: 3931
[f=207.178] Expanded: 3591, Generated: 3933
[f=207.185] Expanded: 3592, Generated: 3934
[f=206.921] Expanded: 3594, Generated: 3936
[f=207.146] Expanded: 3596, Generated: 3938
[f=207.037] Expanded: 3598, Generated: 3940
[f=208.988] Expanded: 3600, Generated: 3942
[f=207.824] Expanded: 3602, Generated: 3944
[f=207.854] Expanded: 3603, Generated: 3945
[f=208.926] Expanded: 3605, Generated: 3947
[f=207.106] Expanded: 3607, Generated: 3949
[f=207.039] Expanded: 3609, Generated: 3951
[f=209.194] Expanded: 3611, Generated: 3953
[f=208.594] Expanded: 3613, Generated: 3955
[f=207.007] Expanded: 3615, Generated: 3957
[f=207.165] Expanded: 3617, Generated: 3959
[f=206.615] Expanded: 3619, Generated: 3961
[f=206.634] Expanded: 3620, Generated: 3962
[f=207.302] Expanded: 3622, Generated: 3964
[f=207.347] Expanded: 3623, Generated: 3965
[f=208.704] Expanded: 3625, Generated: 3967
[f=206.605] Expanded: 3627, Generated: 3969
[f=206.751] Expanded: 3629, Generated: 3971
[f=212.600] Expanded: 3631, Generated: 3973
[f=213.571] Expanded: 3632, Generated: 3974
[f=210.675] Expanded: 3634, Generated: 3976
[f=209.288] Expanded: 3636, Generated: 3978
[f=207.429] Expanded: 3638, Generated: 3980
[f=212.927] Expanded: 3640, Generated: 3982
[f=212.934] Expanded: 3642, Generated: 3984
[f=212.944] Expanded: 3644, Generated: 3986
[f=210.224] Expanded: 3646, Generated: 3988
[f=210.256] Expanded: 3647, Generated: 3989
[f=211.070] Expanded: 3649, Generated: 3991
[f=209.851] Expanded: 3651, Generated: 3993
[f=209.881] Expanded: 3652, Generated: 3994
[f=204.429] Expanded: 3654, Generated: 3996
[f=204.448] Expanded: 3655, Generated: 3997
[f=209.085] Expanded: 3657, Generated: 3999
[f=208.924] Expanded: 3659, Generated: 4001
[f=206.677] Expanded: 3661, Generated: 4003
[f=206.694] Expanded: 3662, Generated: 4004
[f=208.637] Expanded: 3664, Generated: 4006
[f=207.096] Expanded: 3666, Generated: 4008
[f=208.540] Expanded: 3668, Generated: 4010
[f=206.401] Expanded: 3670, Generated: 4012
[f=206.419] Expanded: 3671, Generated: 4013
[f=206.885] Expanded: 3673, Generated: 4015
[f=206.914] Expanded: 3675, Generated: 4017
[f=207.687] Expanded: 3677, Generated: 4019
[f=207.709] Expanded: 3678, Generated: 4020
[f=207.001] Expanded: 3680, Generated: 4022
[f=208.875] Expanded: 3682, Generated: 4024
[f=206.888] Expanded: 3684, Generated: 4026
[f=214.469] Expanded: 3684, Generated: 4027
[f=209.040] Expanded: 3686, Generated: 4029
[f=209.064] Expanded: 3688, Generated: 4031
[f=206.591] Expanded: 3690, Generated: 4033
[f=206.596] Expanded: 3691, Generated: 4034
[f=206.921] Expanded: 3693, Generated: 4036
[f=209.036] Expanded: 3695, Generated: 4038
[f=207.205] Expanded: 3697, Generated: 4040
[f=207.211] Expanded: 3698, Generated: 4041
[f=207.185] Expanded: 3700, Generated: 4043
[f=207.128] Expanded: 3702, Generated: 4045
[f=209.043] Expanded: 3704, Generated: 4047
[f=208.006] Expanded: 3706, Generated: 4049
[f=208.036] Expanded: 3707, Generated: 4050
[f=208.981] Expanded: 3709, Generated: 4052
[f=207.146] Expanded: 3711, Generated: 4054
[f=207.067] Expanded: 3713, Generated: 4056
[f=209.249] Expanded: 3715, Generated: 4058
[f=208.659] Expanded: 3717, Generated: 4060
[f=207.047] Expanded: 3719, Generated: 4062
[f=207.205] Expanded: 3721, Generated: 4064
[f=206.582] Expanded: 3723, Generated: 4066
[f=206.601] Expanded: 3724, Generated: 4067
[f=207.356] Expanded: 3726, Generated: 4069
[f=207.401] Expanded: 3727, Generated: 4070
[f=208.522] Expanded: 3729, Generated: 4072
[f=206.645] Expanded: 3731, Generated: 4074
[f=206.936] Expanded: 3733, Generated: 4076
[f=212.650] Expanded: 3735, Generated: 4078
[f=213.621] Expanded: 3736, Generated: 4079
[f=210.711] Expanded: 3738, Generated: 4081
[f=209.349] Expanded: 3740, Generated: 4083
[f=207.474] Expanded: 3742, Generated: 4085
[f=213.145] Expanded: 3744, Generated: 4087
[f=204.414] Expanded: 3746, Generated: 4089
[f=204.433] Expanded: 3747, Generated: 4090
[f=209.206] Expanded: 3749, Generated: 4092
[f=209.196] Expanded: 3751, Generated: 4094
[f=206.784] Expanded: 3753, Generated: 4096
[f=206.802] Expanded: 3754, Generated: 4097
[f=208.775] Expanded: 3756, Generated: 4099
[f=207.278] Expanded: 3758, Generated: 4101
[f=208.679] Expanded: 3760, Generated: 4103
[f=206.502] Expanded: 3762, Generated: 4105
[f=206.520] Expanded: 3763, Generated: 4106
[f=207.118] Expanded: 3765, Generated: 4108
[f=207.149] Expanded: 3767, Generated: 4110
[f=207.928] Expanded: 3769, Generated: 4112
[f=207.950] Expanded: 3770, Generated: 4113
[f=207.233] Expanded: 3772, Generated: 4115
[f=209.014] Expanded: 3774, Generated: 4117
[f=207.118] Expanded: 3776, Generated: 4119
[f=214.457] Expanded: 3776, Generated: 4120
[f=209.311] Expanded: 3778, Generated: 4122
[f=209.067] Expanded: 3780, Generated: 4124
[f=206.798] Expanded: 3782, Generated: 4126
[f=206.803] Expanded: 3783, Generated: 4127
[f=207.148] Expanded: 3785, Generated: 4129
[f=209.300] Expanded: 3787, Generated: 4131
[f=207.430] Expanded: 3789, Generated: 4133
[f=207.436] Expanded: 3790, Generated: 4134
[f=207.187] Expanded: 3792, Generated: 4136
[f=207.301] Expanded: 3794, Generated: 4138
[f=209.302] Expanded: 3796, Generated: 4140
[f=208.137] Expanded: 3798, Generated: 4142
[f=208.167] Expanded: 3799, Generated: 4143
[f=209.234] Expanded: 3801, Generated: 4145
[f=207.367] Expanded: 3803, Generated: 4147
[f=207.303] Expanded: 3805, Generated: 4149
[f=209.508] Expanded: 3807, Generated: 4151
[f=208.920] Expanded: 3809, Generated: 4153
[f=207.266] Expanded: 3811, Generated: 4155
[f=207.427] Expanded: 3813, Generated: 4157
[f=206.802] Expanded: 3815, Generated: 4159
[f=206.821] Expanded: 3816, Generated: 4160
[f=207.613] Expanded: 3818, Generated: 4162
[f=207.659] Expanded: 3819, Generated: 4163
[f=209.015] Expanded: 3821, Generated: 4165
[f=206.868] Expanded: 3823, Generated: 4167
[f=207.010] Expanded: 3825, Generated: 4169
[f=212.923] Expanded: 3827, Generated: 4171
[f=213.892] Expanded: 3828, Generated: 4172
[f=210.946] Expanded: 3830, Generated: 4174
[f=209.596] Expanded: 3832, Generated: 4176
[f=207.681] Expanded: 3834, Generated: 4178
[f=209.807] Expanded: 3836, Generated: 4180
[f=209.836] Expanded: 3837, Generated: 4181
[f=210.621] Expanded: 3839, Generated: 4183
[f=210.624] Expanded: 3840, Generated: 4184
[f=208.309] Expanded: 3842, Generated: 4186
[f=208.328] Expanded: 3843, Generated: 4187
[f=211.070] Expanded: 3845, Generated: 4189
[f=212.966] Expanded: 3847, Generated: 4191
[f=204.375] Expanded: 3849, Generated: 4193
[f=204.394] Expanded: 3850, Generated: 4194
[f=209.179] Expanded: 3852, Generated: 4196
[f=209.169] Expanded: 3854, Generated: 4198
[f=206.760] Expanded: 3856, Generated: 4200
[f=206.778] Expanded: 3857, Generated: 4201
[f=208.749] Expanded: 3859, Generated: 4203
[f=207.223] Expanded: 3861, Generated: 4205
[f=208.650] Expanded: 3863, Generated: 4207
[f=206.484] Expanded: 3865, Generated: 4209
[f=206.501] Expanded: 3866, Generated: 4210
[f=207.012] Expanded: 3868, Generated: 4212
[f=207.041] Expanded: 3870, Generated: 4214
[f=207.892] Expanded: 3872, Generated: 4216
[f=207.914] Expanded: 3873, Generated: 4217
[f=207.125] Expanded: 3875, Generated: 4219
[f=208.987] Expanded: 3877, Generated: 4221
[f=207.008] Expanded: 3879, Generated: 4223
[f=214.422] Expanded: 3879, Generated: 4224
[f=209.039] Expanded: 3881, Generated: 4226
[f=209.285] Expanded: 3883, Generated: 4228
[f=209.300] Expanded: 3885, Generated: 4230
[f=206.691] Expanded: 3887, Generated: 4232
[f=206.696] Expanded: 3888, Generated: 4233
[f=207.038] Expanded: 3890, Generated: 4235
[f=207.130] Expanded: 3892, Generated: 4237
[f=207.361] Expanded: 3894, Generated: 4239
[f=207.367] Expanded: 3895, Generated: 4240
[f=207.300] Expanded: 3897, Generated: 4242
[f=209.270] Expanded: 3899, Generated: 4244
[f=208.102] Expanded: 3901, Generated: 4246
[f=208.131] Expanded: 3902, Generated: 4247
[f=209.207] Expanded: 3904, Generated: 4249
[f=207.251] Expanded: 3906, Generated: 4251
[f=207.192] Expanded: 3908, Generated: 4253
[f=209.476] Expanded: 3910, Generated: 4255
[f=208.893] Expanded: 3912, Generated: 4257
[f=207.153] Expanded: 3914, Generated: 4259
[f=207.311] Expanded: 3916, Generated: 4261
[f=206.706] Expanded: 3918, Generated: 4263
[f=206.725] Expanded: 3919, Generated: 4264
[f=207.579] Expanded: 3921, Generated: 4266
[f=207.624] Expanded: 3922, Generated: 4267
[f=208.979] Expanded: 3924, Generated: 4269
[f=206.754] Expanded: 3926, Generated: 4271
[f=206.888] Expanded: 3928, Generated: 4273
[f=212.877] Expanded: 3930, Generated: 4275
[f=213.846] Expanded: 3931, Generated: 4276
[f=210.840] Expanded: 3933, Generated: 4278
[f=209.560] Expanded: 3935, Generated: 4280
[f=207.561] Expanded: 3937, Generated: 4282
[f=212.968] Expanded: 3939, Generated: 4284
[f=211.178] Expanded: 3941, Generated: 4286
[f=212.985] Expanded: 3943, Generated: 4288
[f=208.328] Expanded: 3945, Generated: 4290
[f=208.347] Expanded: 3946, Generated: 4291
[f=213.063] Expanded: 3948, Generated: 4293
[f=210.308] Expanded: 3950, Generated: 4295
[f=210.340] Expanded: 3951, Generated: 4296
[f=208.187] Expanded: 3953, Generated: 4298
[f=208.205] Expanded: 3954, Generated: 4299
[f=211.204] Expanded: 3956, Generated: 4301
[f=213.226] Expanded: 3958, Generated: 4303
[f=213.231] Expanded: 3960, Generated: 4305
[f=209.936] Expanded: 3962, Generated: 4307
[f=209.966] Expanded: 3963, Generated: 4308
[f=211.207] Expanded: 3965, Generated: 4310
[f=213.218] Expanded: 3967, Generated: 4312
[f=204.330] Expanded: 3969, Generated: 4314
[f=204.348] Expanded: 3970, Generated: 4315
[f=209.169] Expanded: 3972, Generated: 4317
[f=209.013] Expanded: 3974, Generated: 4319
[f=206.561] Expanded: 3976, Generated: 4321
[f=206.579] Expanded: 3977, Generated: 4322
[f=207.164] Expanded: 3979, Generated: 4324
[f=208.593] Expanded: 3981, Generated: 4326
[f=208.496] Expanded: 3983, Generated: 4328
[f=206.281] Expanded: 3985, Generated: 4330
[f=206.298] Expanded: 3986, Generated: 4331
[f=207.015] Expanded: 3988, Generated: 4333
[f=207.051] Expanded: 3990, Generated: 4335
[f=207.706] Expanded: 3992, Generated: 4337
[f=207.728] Expanded: 3993, Generated: 4338
[f=207.129] Expanded: 3995, Generated: 4340
[f=208.830] Expanded: 3997, Generated: 4342
[f=207.016] Expanded: 3999, Generated: 4344
[f=214.380] Expanded: 3999, Generated: 4345
[f=209.027] Expanded: 4001, Generated: 4347
[f=209.127] Expanded: 4003, Generated: 4349
[f=209.144] Expanded: 4005, Generated: 4351
[f=206.721] Expanded: 4007, Generated: 4353
[f=206.726] Expanded: 4008, Generated: 4354
[f=207.041] Expanded: 4010, Generated: 4356
[f=209.115] Expanded: 4012, Generated: 4358
[f=207.344] Expanded: 4014, Generated: 4360
[f=207.350] Expanded: 4015, Generated: 4361
[f=207.070] Expanded: 4017, Generated: 4363
[f=207.304] Expanded: 4019, Generated: 4365
[f=207.193] Expanded: 4021, Generated: 4367
[f=209.115] Expanded: 4023, Generated: 4369
[f=209.053] Expanded: 4025, Generated: 4371
[f=207.256] Expanded: 4027, Generated: 4373
[f=209.321] Expanded: 4029, Generated: 4375
[f=208.736] Expanded: 4031, Generated: 4377
[f=207.158] Expanded: 4033, Generated: 4379
[f=207.315] Expanded: 4035, Generated: 4381
[f=206.723] Expanded: 4037, Generated: 4383
[f=206.742] Expanded: 4038, Generated: 4384
[f=207.392] Expanded: 4040, Generated: 4386
[f=207.438] Expanded: 4041, Generated: 4387
[f=208.827] Expanded: 4043, Generated: 4389
[f=206.762] Expanded: 4045, Generated: 4391
[f=206.895] Expanded: 4047, Generated: 4393
[f=212.695] Expanded: 4049, Generated: 4395
[f=213.665] Expanded: 4050, Generated: 4396
[f=210.843] Expanded: 4052, Generated: 4398
[f=209.406] Expanded: 4054, Generated: 4400
[f=207.565] Expanded: 4056, Generated: 4402
[f=213.061] Expanded: 4058, Generated: 4404
[f=213.067] Expanded: 4060, Generated: 4406
[f=213.076] Expanded: 4062, Generated: 4408
[f=210.400] Expanded: 4064, Generated: 4410
[f=210.433] Expanded: 4065, Generated: 4411
[f=211.229] Expanded: 4067, Generated: 4413
[f=213.243] Expanded: 4069, Generated: 4415
[f=210.036] Expanded: 4071, Generated: 4417
[f=210.065] Expanded: 4072, Generated: 4418
[f=213.223] Expanded: 4074, Generated: 4420
[f=210.413] Expanded: 4076, Generated: 4422
[f=210.445] Expanded: 4077, Generated: 4423
[f=211.333] Expanded: 4079, Generated: 4425
[f=213.233] Expanded: 4081, Generated: 4427
[f=204.396] Expanded: 4083, Generated: 4429
[f=204.414] Expanded: 4084, Generated: 4430
[f=209.193] Expanded: 4086, Generated: 4432
[f=209.182] Expanded: 4088, Generated: 4434
[f=206.780] Expanded: 4090, Generated: 4436
[f=206.797] Expanded: 4091, Generated: 4437
[f=208.761] Expanded: 4093, Generated: 4439
[f=207.249] Expanded: 4095, Generated: 4441
[f=208.661] Expanded: 4097, Generated: 4443
[f=206.502] Expanded: 4099, Generated: 4445
[f=206.520] Expanded: 4100, Generated: 4446
[f=207.090] Expanded: 4102, Generated: 4448
[f=207.123] Expanded: 4104, Generated: 4450
[f=207.909] Expanded: 4106, Generated: 4452
[f=207.931] Expanded: 4107, Generated: 4453
[f=207.203] Expanded: 4109, Generated: 4455
[f=208.991] Expanded: 4111, Generated: 4457
[f=207.085] Expanded: 4113, Generated: 4459
[f=214.441] Expanded: 4113, Generated: 4460
[f=209.297] Expanded: 4115, Generated: 4462
[f=209.047] Expanded: 4117, Generated: 4464
[f=209.302] Expanded: 4119, Generated: 4466
[f=206.767] Expanded: 4121, Generated: 4468
[f=206.772] Expanded: 4122, Generated: 4469
[f=207.108] Expanded: 4124, Generated: 4471
[f=209.270] Expanded: 4126, Generated: 4473
[f=207.437] Expanded: 4128, Generated: 4475
[f=207.444] Expanded: 4129, Generated: 4476
[f=207.149] Expanded: 4131, Generated: 4478
[f=207.368] Expanded: 4133, Generated: 4480
[f=207.252] Expanded: 4135, Generated: 4482
[f=208.121] Expanded: 4137, Generated: 4484
[f=208.151] Expanded: 4138, Generated: 4485
[f=209.195] Expanded: 4140, Generated: 4487
[f=207.256] Expanded: 4142, Generated: 4489
[f=209.462] Expanded: 4144, Generated: 4491
[f=208.894] Expanded: 4146, Generated: 4493
[f=207.207] Expanded: 4148, Generated: 4495
[f=207.362] Expanded: 4150, Generated: 4497
[f=206.783] Expanded: 4152, Generated: 4499
[f=206.803] Expanded: 4153, Generated: 4500
[f=207.595] Expanded: 4155, Generated: 4502
[f=207.641] Expanded: 4156, Generated: 4503
[f=208.950] Expanded: 4158, Generated: 4505
[f=206.812] Expanded: 4160, Generated: 4507
[f=206.921] Expanded: 4162, Generated: 4509
[f=212.886] Expanded: 4164, Generated: 4511
[f=213.855] Expanded: 4165, Generated: 4512
[f=210.920] Expanded: 4167, Generated: 4514
[f=209.517] Expanded: 4169, Generated: 4516
[f=207.583] Expanded: 4171, Generated: 4518
[f=213.219] Expanded: 4173, Generated: 4520
[f=213.224] Expanded: 4175, Generated: 4522
[f=210.371] Expanded: 4177, Generated: 4524
[f=210.404] Expanded: 4178, Generated: 4525
[f=210.040] Expanded: 4180, Generated: 4527
[f=210.070] Expanded: 4181, Generated: 4528
[f=211.224] Expanded: 4183, Generated: 4530
[f=213.276] Expanded: 4185, Generated: 4532
[f=203.991] Expanded: 4187, Generated: 4534
[f=204.010] Expanded: 4188, Generated: 4535
[f=208.788] Expanded: 4190, Generated: 4537
[f=208.787] Expanded: 4192, Generated: 4539
[f=206.386] Expanded: 4194, Generated: 4541
[f=206.404] Expanded: 4195, Generated: 4542
[f=208.373] Expanded: 4197, Generated: 4544
[f=206.941] Expanded: 4199, Generated: 4546
[f=208.279] Expanded: 4201, Generated: 4548
[f=206.040] Expanded: 4203, Generated: 4550
[f=206.058] Expanded: 4204, Generated: 4551
[f=206.728] Expanded: 4206, Generated: 4553
[f=206.810] Expanded: 4208, Generated: 4555
[f=207.526] Expanded: 4210, Generated: 4557
[f=207.548] Expanded: 4211, Generated: 4558
[f=206.844] Expanded: 4213, Generated: 4560
[f=208.596] Expanded: 4215, Generated: 4562
[f=206.722] Expanded: 4217, Generated: 4564
[f=214.062] Expanded: 4217, Generated: 4565
[f=208.661] Expanded: 4219, Generated: 4567
[f=208.906] Expanded: 4221, Generated: 4569
[f=208.920] Expanded: 4223, Generated: 4571
[f=206.317] Expanded: 4225, Generated: 4573
[f=206.322] Expanded: 4226, Generated: 4574
[f=206.807] Expanded: 4228, Generated: 4576
[f=208.893] Expanded: 4230, Generated: 4578
[f=206.942] Expanded: 4232, Generated: 4580
[f=206.948] Expanded: 4233, Generated: 4581
[f=206.797] Expanded: 4235, Generated: 4583
[f=207.021] Expanded: 4237, Generated: 4585
[f=206.910] Expanded: 4239, Generated: 4587
[f=208.895] Expanded: 4241, Generated: 4589
[f=207.721] Expanded: 4243, Generated: 4591
[f=207.751] Expanded: 4244, Generated: 4592
[f=208.830] Expanded: 4246, Generated: 4594
[f=206.975] Expanded: 4248, Generated: 4596
[f=206.914] Expanded: 4250, Generated: 4598
[f=209.098] Expanded: 4252, Generated: 4600
[f=206.877] Expanded: 4254, Generated: 4602
[f=207.036] Expanded: 4256, Generated: 4604
[f=207.212] Expanded: 4258, Generated: 4606
[f=207.257] Expanded: 4259, Generated: 4607
[f=208.605] Expanded: 4261, Generated: 4609
[f=206.475] Expanded: 4263, Generated: 4611
[f=206.617] Expanded: 4265, Generated: 4613
[f=212.496] Expanded: 4267, Generated: 4615
[f=213.467] Expanded: 4268, Generated: 4616
[f=214.351] Expanded: 4268, Generated: 4617
[f=209.190] Expanded: 4270, Generated: 4619
[f=207.297] Expanded: 4272, Generated: 4621
[f=212.839] Expanded: 4274, Generated: 4623
[f=212.843] Expanded: 4276, Generated: 4625
[f=212.854] Expanded: 4278, Generated: 4627
[f=209.998] Expanded: 4280, Generated: 4629
[f=210.031] Expanded: 4281, Generated: 4630
[f=210.945] Expanded: 4283, Generated: 4632
[f=209.585] Expanded: 4285, Generated: 4634
[f=209.614] Expanded: 4286, Generated: 4635
[f=212.993] Expanded: 4288, Generated: 4637
[f=210.969] Expanded: 4290, Generated: 4639
[f=210.970] Expanded: 4291, Generated: 4640
[f=213.247] Expanded: 4293, Generated: 4642
[f=213.253] Expanded: 4295, Generated: 4644
[f=213.232] Expanded: 4297, Generated: 4646
[f=210.450] Expanded: 4299, Generated: 4648
[f=210.483] Expanded: 4300, Generated: 4649
[f=204.406] Expanded: 4302, Generated: 4651
[f=204.424] Expanded: 4303, Generated: 4652
[f=209.131] Expanded: 4305, Generated: 4654
[f=209.119] Expanded: 4307, Generated: 4656
[f=206.792] Expanded: 4309, Generated: 4658
[f=206.810] Expanded: 4310, Generated: 4659
[f=208.708] Expanded: 4312, Generated: 4661
[f=207.148] Expanded: 4314, Generated: 4663
[f=208.598] Expanded: 4316, Generated: 4665
[f=206.512] Expanded: 4318, Generated: 4667
[f=206.530] Expanded: 4319, Generated: 4668
[f=207.123] Expanded: 4321, Generated: 4670
[f=207.022] Expanded: 4323, Generated: 4672
[f=207.934] Expanded: 4325, Generated: 4674
[f=207.956] Expanded: 4326, Generated: 4675
[f=207.105] Expanded: 4328, Generated: 4677
[f=208.929] Expanded: 4330, Generated: 4679
[f=206.985] Expanded: 4332, Generated: 4681
[f=214.453] Expanded: 4332, Generated: 4682
[f=208.984] Expanded: 4334, Generated: 4684
[f=209.234] Expanded: 4336, Generated: 4686
[f=209.234] Expanded: 4338, Generated: 4688
[f=206.639] Expanded: 4340, Generated: 4690
[f=206.644] Expanded: 4341, Generated: 4691
[f=207.008] Expanded: 4343, Generated: 4693
[f=209.207] Expanded: 4345, Generated: 4695
[f=207.271] Expanded: 4347, Generated: 4697
[f=207.278] Expanded: 4348, Generated: 4698
[f=207.050] Expanded: 4350, Generated: 4700
[f=207.266] Expanded: 4352, Generated: 4702
[f=207.153] Expanded: 4354, Generated: 4704
[f=209.195] Expanded: 4356, Generated: 4706
[f=208.133] Expanded: 4358, Generated: 4708
[f=208.163] Expanded: 4359, Generated: 4709
[f=207.206] Expanded: 4361, Generated: 4711
[f=207.157] Expanded: 4363, Generated: 4713
[f=209.401] Expanded: 4365, Generated: 4715
[f=208.830] Expanded: 4367, Generated: 4717
[f=207.398] Expanded: 4369, Generated: 4719
[f=206.644] Expanded: 4371, Generated: 4721
[f=206.663] Expanded: 4372, Generated: 4722
[f=207.621] Expanded: 4374, Generated: 4724
[f=207.667] Expanded: 4375, Generated: 4725
[f=208.889] Expanded: 4377, Generated: 4727
[f=206.714] Expanded: 4379, Generated: 4729
[f=206.827] Expanded: 4381, Generated: 4731
[f=212.898] Expanded: 4383, Generated: 4733
[f=213.867] Expanded: 4384, Generated: 4734
[f=210.819] Expanded: 4386, Generated: 4736
[f=209.458] Expanded: 4388, Generated: 4738
[f=207.491] Expanded: 4390, Generated: 4740
[f=213.156] Expanded: 4392, Generated: 4742
[f=213.161] Expanded: 4394, Generated: 4744
[f=211.290] Expanded: 4396, Generated: 4746
[f=210.030] Expanded: 4398, Generated: 4748
[f=210.060] Expanded: 4399, Generated: 4749
[f=212.978] Expanded: 4401, Generated: 4751
[f=212.984] Expanded: 4403, Generated: 4753
[f=213.169] Expanded: 4405, Generated: 4755
[f=210.339] Expanded: 4407, Generated: 4757
[f=210.371] Expanded: 4408, Generated: 4758
[f=211.549] Expanded: 4410, Generated: 4760
[f=211.575] Expanded: 4411, Generated: 4761
[f=213.262] Expanded: 4413, Generated: 4763
[f=211.190] Expanded: 4415, Generated: 4765
[f=210.481] Expanded: 4417, Generated: 4767
[f=210.513] Expanded: 4418, Generated: 4768
[f=211.336] Expanded: 4420, Generated: 4770
[f=210.112] Expanded: 4422, Generated: 4772
[f=210.141] Expanded: 4423, Generated: 4773
[f=212.995] Expanded: 4425, Generated: 4775
[f=210.251] Expanded: 4427, Generated: 4777
[f=210.284] Expanded: 4428, Generated: 4778
[f=211.107] Expanded: 4430, Generated: 4780
[f=204.603] Expanded: 4432, Generated: 4782
[f=204.621] Expanded: 4433, Generated: 4783
[f=209.396] Expanded: 4435, Generated: 4785
[f=209.386] Expanded: 4437, Generated: 4787
[f=206.989] Expanded: 4439, Generated: 4789
[f=207.007] Expanded: 4440, Generated: 4790
[f=208.964] Expanded: 4442, Generated: 4792
[f=207.306] Expanded: 4444, Generated: 4794
[f=208.864] Expanded: 4446, Generated: 4796
[f=206.709] Expanded: 4448, Generated: 4798
[f=206.727] Expanded: 4449, Generated: 4799
[f=207.282] Expanded: 4451, Generated: 4801
[f=207.180] Expanded: 4453, Generated: 4803
[f=208.133] Expanded: 4455, Generated: 4805
[f=208.155] Expanded: 4456, Generated: 4806
[f=207.259] Expanded: 4458, Generated: 4808
[f=209.193] Expanded: 4460, Generated: 4810
[f=207.142] Expanded: 4462, Generated: 4812
[f=214.648] Expanded: 4462, Generated: 4813
[f=209.499] Expanded: 4464, Generated: 4815
[f=209.249] Expanded: 4466, Generated: 4817
[f=209.504] Expanded: 4468, Generated: 4819
[f=206.839] Expanded: 4470, Generated: 4821
[f=206.844] Expanded: 4471, Generated: 4822
[f=207.164] Expanded: 4473, Generated: 4824
[f=209.473] Expanded: 4475, Generated: 4826
[f=207.493] Expanded: 4477, Generated: 4828
[f=207.500] Expanded: 4478, Generated: 4829
[f=207.206] Expanded: 4480, Generated: 4831
[f=207.425] Expanded: 4482, Generated: 4833
[f=207.310] Expanded: 4484, Generated: 4835
[f=209.459] Expanded: 4486, Generated: 4837
[f=208.330] Expanded: 4488, Generated: 4839
[f=208.360] Expanded: 4489, Generated: 4840
[f=209.397] Expanded: 4491, Generated: 4842
[f=207.359] Expanded: 4493, Generated: 4844
[f=207.312] Expanded: 4495, Generated: 4846
[f=209.095] Expanded: 4497, Generated: 4848
[f=207.395] Expanded: 4499, Generated: 4850
[f=206.843] Expanded: 4501, Generated: 4852
[f=206.862] Expanded: 4502, Generated: 4853
[f=207.819] Expanded: 4504, Generated: 4855
[f=207.864] Expanded: 4505, Generated: 4856
[f=209.150] Expanded: 4507, Generated: 4858
[f=206.868] Expanded: 4509, Generated: 4860
[f=206.976] Expanded: 4511, Generated: 4862
[f=213.091] Expanded: 4513, Generated: 4864
[f=214.060] Expanded: 4514, Generated: 4865
[f=210.975] Expanded: 4516, Generated: 4867
[f=209.716] Expanded: 4518, Generated: 4869
[f=207.637] Expanded: 4520, Generated: 4871
[f=209.970] Expanded: 4522, Generated: 4873
[f=209.999] Expanded: 4523, Generated: 4874
[f=210.114] Expanded: 4525, Generated: 4876
[f=210.143] Expanded: 4526, Generated: 4877
[f=209.877] Expanded: 4528, Generated: 4879
[f=209.907] Expanded: 4529, Generated: 4880
[f=209.502] Expanded: 4531, Generated: 4882
[f=209.520] Expanded: 4532, Generated: 4883
[f=209.540] Expanded: 4533, Generated: 4884
[f=212.327] Expanded: 4535, Generated: 4886
[f=212.337] Expanded: 4536, Generated: 4887
[f=215.710] Expanded: 4536, Generated: 4888
[f=211.402] Expanded: 4538, Generated: 4890
[f=213.081] Expanded: 4540, Generated: 4892
[f=213.382] Expanded: 4542, Generated: 4894
[f=213.397] Expanded: 4544, Generated: 4896
[f=211.212] Expanded: 4546, Generated: 4898
[f=204.150] Expanded: 4548, Generated: 4900
[f=204.169] Expanded: 4549, Generated: 4901
[f=208.922] Expanded: 4551, Generated: 4903
[f=208.909] Expanded: 4553, Generated: 4905
[f=206.526] Expanded: 4555, Generated: 4907
[f=206.544] Expanded: 4556, Generated: 4908
[f=208.490] Expanded: 4558, Generated: 4910
[f=206.907] Expanded: 4560, Generated: 4912
[f=206.259] Expanded: 4562, Generated: 4914
[f=206.277] Expanded: 4563, Generated: 4915
[f=208.390] Expanded: 4565, Generated: 4917
[f=206.747] Expanded: 4567, Generated: 4919
[f=206.786] Expanded: 4569, Generated: 4921
[f=207.677] Expanded: 4571, Generated: 4923
[f=207.700] Expanded: 4572, Generated: 4924
[f=206.860] Expanded: 4574, Generated: 4926
[f=208.708] Expanded: 4576, Generated: 4928
[f=214.210] Expanded: 4576, Generated: 4929
[f=206.742] Expanded: 4578, Generated: 4931
[f=208.525] Expanded: 4580, Generated: 4933
[f=209.020] Expanded: 4582, Generated: 4935
[f=209.016] Expanded: 4584, Generated: 4937
[f=206.399] Expanded: 4586, Generated: 4939
[f=206.404] Expanded: 4587, Generated: 4940
[f=206.754] Expanded: 4589, Generated: 4942
[f=208.980] Expanded: 4591, Generated: 4944
[f=207.034] Expanded: 4593, Generated: 4946
[f=207.041] Expanded: 4594, Generated: 4947
[f=206.941] Expanded: 4596, Generated: 4949
[f=207.012] Expanded: 4598, Generated: 4951
[f=206.891] Expanded: 4600, Generated: 4953
[f=208.950] Expanded: 4602, Generated: 4955
[f=207.859] Expanded: 4604, Generated: 4957
[f=207.889] Expanded: 4605, Generated: 4958
[f=208.889] Expanded: 4607, Generated: 4960
[f=206.922] Expanded: 4609, Generated: 4962
[f=206.896] Expanded: 4611, Generated: 4964
[f=209.154] Expanded: 4613, Generated: 4966
[f=208.605] Expanded: 4615, Generated: 4968
[f=206.829] Expanded: 4617, Generated: 4970
[f=206.981] Expanded: 4619, Generated: 4972
[f=206.407] Expanded: 4621, Generated: 4974
[f=206.426] Expanded: 4622, Generated: 4975
[f=207.365] Expanded: 4624, Generated: 4977
[f=207.411] Expanded: 4625, Generated: 4978
[f=206.443] Expanded: 4627, Generated: 4980
[f=212.583] Expanded: 4629, Generated: 4982
[f=213.554] Expanded: 4630, Generated: 4983
[f=210.575] Expanded: 4632, Generated: 4985
[f=209.144] Expanded: 4634, Generated: 4987
[f=207.128] Expanded: 4636, Generated: 4989
[f=212.921] Expanded: 4638, Generated: 4991
[f=212.926] Expanded: 4640, Generated: 4993
[f=212.932] Expanded: 4642, Generated: 4995
[f=210.084] Expanded: 4644, Generated: 4997
[f=210.117] Expanded: 4645, Generated: 4998
[f=210.923] Expanded: 4647, Generated: 5000
[f=209.715] Expanded: 4649, Generated: 5002
[f=209.744] Expanded: 4650, Generated: 5003
[f=215.657] Expanded: 4650, Generated: 5004
[f=213.262] Expanded: 4652, Generated: 5006
[f=211.394] Expanded: 4654, Generated: 5008
[f=211.486] Expanded: 4656, Generated: 5010
[f=211.270] Expanded: 4658, Generated: 5012
[f=215.780] Expanded: 4659, Generated: 5013
[f=215.786] Expanded: 4659, Generated: 5014
[f=213.418] Expanded: 4661, Generated: 5016
[f=213.424] Expanded: 4663, Generated: 5018
[f=215.796] Expanded: 4663, Generated: 5019
[f=215.804] Expanded: 4664, Generated: 5020
[f=215.805] Expanded: 4664, Generated: 5021
[f=215.809] Expanded: 4664, Generated: 5022
[f=215.811] Expanded: 4664, Generated: 5023
[f=215.812] Expanded: 4664, Generated: 5024
[f=213.432] Expanded: 4666, Generated: 5026
[f=210.517] Expanded: 4668, Generated: 5028
[f=210.550] Expanded: 4669, Generated: 5029
[f=204.624] Expanded: 4671, Generated: 5031
[f=204.642] Expanded: 4672, Generated: 5032
[f=209.176] Expanded: 4674, Generated: 5034
[f=209.604] Expanded: 4676, Generated: 5036
[f=207.411] Expanded: 4678, Generated: 5038
[f=209.025] Expanded: 4680, Generated: 5040
[f=206.748] Expanded: 4682, Generated: 5042
[f=206.766] Expanded: 4683, Generated: 5043
[f=208.925] Expanded: 4685, Generated: 5045
[f=207.610] Expanded: 4687, Generated: 5047
[f=207.865] Expanded: 4689, Generated: 5049
[f=207.887] Expanded: 4690, Generated: 5050
[f=209.247] Expanded: 4692, Generated: 5052
[f=214.628] Expanded: 4692, Generated: 5053
[f=207.291] Expanded: 4694, Generated: 5055
[f=207.180] Expanded: 4696, Generated: 5057
[f=209.081] Expanded: 4698, Generated: 5059
[f=209.275] Expanded: 4700, Generated: 5061
[f=209.162] Expanded: 4702, Generated: 5063
[f=209.269] Expanded: 4704, Generated: 5065
[f=206.950] Expanded: 4706, Generated: 5067
[f=206.956] Expanded: 4707, Generated: 5068
[f=206.070] Expanded: 4709, Generated: 5070
[f=206.080] Expanded: 4710, Generated: 5071
[f=207.245] Expanded: 4712, Generated: 5073
[f=209.226] Expanded: 4714, Generated: 5075
[f=207.537] Expanded: 4716, Generated: 5077
[f=207.544] Expanded: 4717, Generated: 5078
[f=207.245] Expanded: 4719, Generated: 5080
[f=207.444] Expanded: 4721, Generated: 5082
[f=207.318] Expanded: 4723, Generated: 5084
[f=208.045] Expanded: 4725, Generated: 5086
[f=208.076] Expanded: 4726, Generated: 5087
[f=209.184] Expanded: 4728, Generated: 5089
[f=209.130] Expanded: 4730, Generated: 5091
[f=207.335] Expanded: 4732, Generated: 5093
[f=207.340] Expanded: 4734, Generated: 5095
[f=209.391] Expanded: 4736, Generated: 5097
[f=208.850] Expanded: 4738, Generated: 5099
[f=207.252] Expanded: 4740, Generated: 5101
[f=207.402] Expanded: 4742, Generated: 5103
[f=207.016] Expanded: 4744, Generated: 5105
[f=207.035] Expanded: 4745, Generated: 5106
[f=207.534] Expanded: 4747, Generated: 5108
[f=207.580] Expanded: 4748, Generated: 5109
[f=208.819] Expanded: 4750, Generated: 5111
[f=206.877] Expanded: 4752, Generated: 5113
[f=206.893] Expanded: 4754, Generated: 5115
[f=212.818] Expanded: 4756, Generated: 5117
[f=213.788] Expanded: 4757, Generated: 5118
[f=210.998] Expanded: 4759, Generated: 5120
[f=211.276] Expanded: 4761, Generated: 5122
[f=211.278] Expanded: 4762, Generated: 5123
[f=213.157] Expanded: 4764, Generated: 5125
[f=211.328] Expanded: 4766, Generated: 5127
[f=213.165] Expanded: 4768, Generated: 5129
[f=210.560] Expanded: 4770, Generated: 5131
[f=210.594] Expanded: 4771, Generated: 5132
[f=211.345] Expanded: 4773, Generated: 5134
[f=215.818] Expanded: 4773, Generated: 5135
[f=211.344] Expanded: 4775, Generated: 5137
[f=215.822] Expanded: 4775, Generated: 5138
[f=210.759] Expanded: 4777, Generated: 5140
[f=210.766] Expanded: 4778, Generated: 5141
[f=210.778] Expanded: 4779, Generated: 5142
[f=215.825] Expanded: 4779, Generated: 5143
[f=208.598] Expanded: 4781, Generated: 5145
[f=208.616] Expanded: 4782, Generated: 5146
[f=215.827] Expanded: 4782, Generated: 5147
[f=210.311] Expanded: 4784, Generated: 5149
[f=210.320] Expanded: 4785, Generated: 5150
[f=210.330] Expanded: 4786, Generated: 5151
[f=215.834] Expanded: 4786, Generated: 5152
[f=215.835] Expanded: 4786, Generated: 5153
[f=213.455] Expanded: 4788, Generated: 5155
[f=210.170] Expanded: 4790, Generated: 5157
[f=210.199] Expanded: 4791, Generated: 5158
[f=204.660] Expanded: 4793, Generated: 5160
[f=204.679] Expanded: 4794, Generated: 5161
[f=209.710] Expanded: 4796, Generated: 5163
[f=207.082] Expanded: 4798, Generated: 5165
[f=207.100] Expanded: 4799, Generated: 5166
[f=207.586] Expanded: 4801, Generated: 5168
[f=208.994] Expanded: 4803, Generated: 5170
[f=206.744] Expanded: 4805, Generated: 5172
[f=206.762] Expanded: 4806, Generated: 5173
[f=208.897] Expanded: 4808, Generated: 5175
[f=207.610] Expanded: 4810, Generated: 5177
[f=208.159] Expanded: 4812, Generated: 5179
[f=208.181] Expanded: 4813, Generated: 5180
[f=209.504] Expanded: 4815, Generated: 5182
[f=207.249] Expanded: 4817, Generated: 5184
[f=214.667] Expanded: 4817, Generated: 5185
[f=207.137] Expanded: 4819, Generated: 5187
[f=209.218] Expanded: 4821, Generated: 5189
[f=209.532] Expanded: 4823, Generated: 5191
[f=209.282] Expanded: 4825, Generated: 5193
[f=209.519] Expanded: 4827, Generated: 5195
[f=206.887] Expanded: 4829, Generated: 5197
[f=206.893] Expanded: 4830, Generated: 5198
[f=206.038] Expanded: 4832, Generated: 5200
[f=206.047] Expanded: 4833, Generated: 5201
[f=207.148] Expanded: 4835, Generated: 5203
[f=209.482] Expanded: 4837, Generated: 5205
[f=207.522] Expanded: 4839, Generated: 5207
[f=207.529] Expanded: 4840, Generated: 5208
[f=207.198] Expanded: 4842, Generated: 5210
[f=207.396] Expanded: 4844, Generated: 5212
[f=207.277] Expanded: 4846, Generated: 5214
[f=209.439] Expanded: 4848, Generated: 5216
[f=208.351] Expanded: 4850, Generated: 5218
[f=208.381] Expanded: 4851, Generated: 5219
[f=209.381] Expanded: 4853, Generated: 5221
[f=207.297] Expanded: 4855, Generated: 5223
[f=207.283] Expanded: 4857, Generated: 5225
[f=209.646] Expanded: 4859, Generated: 5227
[f=209.113] Expanded: 4861, Generated: 5229
[f=207.341] Expanded: 4863, Generated: 5231
[f=207.495] Expanded: 4865, Generated: 5233
[f=206.895] Expanded: 4867, Generated: 5235
[f=206.914] Expanded: 4868, Generated: 5236
[f=207.843] Expanded: 4870, Generated: 5238
[f=207.889] Expanded: 4871, Generated: 5239
[f=209.067] Expanded: 4873, Generated: 5241
[f=206.825] Expanded: 4875, Generated: 5243
[f=206.844] Expanded: 4877, Generated: 5245
[f=213.077] Expanded: 4879, Generated: 5247
[f=214.047] Expanded: 4880, Generated: 5248
[f=210.953] Expanded: 4882, Generated: 5250
[f=213.407] Expanded: 4884, Generated: 5252
[f=213.415] Expanded: 4886, Generated: 5254
[f=210.535] Expanded: 4888, Generated: 5256
[f=210.569] Expanded: 4889, Generated: 5257
[f=211.295] Expanded: 4891, Generated: 5259
[f=215.844] Expanded: 4891, Generated: 5260
[f=215.844] Expanded: 4891, Generated: 5261
[f=208.287] Expanded: 4893, Generated: 5263
[f=204.716] Expanded: 4895, Generated: 5265
[f=204.735] Expanded: 4896, Generated: 5266
[f=209.135] Expanded: 4898, Generated: 5268
[f=209.573] Expanded: 4900, Generated: 5270
[f=209.113] Expanded: 4902, Generated: 5272
[f=206.830] Expanded: 4904, Generated: 5274
[f=206.848] Expanded: 4905, Generated: 5275
[f=209.020] Expanded: 4907, Generated: 5277
[f=207.387] Expanded: 4909, Generated: 5279
[f=207.596] Expanded: 4911, Generated: 5281
[f=209.247] Expanded: 4913, Generated: 5283
[f=207.948] Expanded: 4915, Generated: 5285
[f=207.970] Expanded: 4916, Generated: 5286
[f=214.721] Expanded: 4916, Generated: 5287
[f=207.407] Expanded: 4918, Generated: 5289
[f=207.302] Expanded: 4920, Generated: 5291
[f=209.170] Expanded: 4922, Generated: 5293
[f=209.368] Expanded: 4924, Generated: 5295
[f=209.251] Expanded: 4926, Generated: 5297
[f=206.423] Expanded: 4928, Generated: 5299
[f=206.437] Expanded: 4929, Generated: 5300
[f=209.359] Expanded: 4931, Generated: 5302
[f=207.040] Expanded: 4933, Generated: 5304
[f=207.045] Expanded: 4934, Generated: 5305
[f=207.360] Expanded: 4936, Generated: 5307
[f=209.320] Expanded: 4938, Generated: 5309
[f=207.639] Expanded: 4940, Generated: 5311
[f=207.646] Expanded: 4941, Generated: 5312
[f=207.360] Expanded: 4943, Generated: 5314
[f=207.561] Expanded: 4945, Generated: 5316
[f=207.438] Expanded: 4947, Generated: 5318
[f=209.278] Expanded: 4949, Generated: 5320
[f=208.138] Expanded: 4951, Generated: 5322
[f=208.169] Expanded: 4952, Generated: 5323
[f=209.217] Expanded: 4954, Generated: 5325
[f=207.459] Expanded: 4956, Generated: 5327
[f=207.451] Expanded: 4958, Generated: 5329
[f=209.484] Expanded: 4960, Generated: 5331
[f=208.943] Expanded: 4962, Generated: 5333
[f=207.367] Expanded: 4964, Generated: 5335
[f=207.521] Expanded: 4966, Generated: 5337
[f=207.105] Expanded: 4968, Generated: 5339
[f=207.124] Expanded: 4969, Generated: 5340
[f=207.620] Expanded: 4971, Generated: 5342
[f=207.666] Expanded: 4972, Generated: 5343
[f=208.909] Expanded: 4974, Generated: 5345
[f=206.992] Expanded: 4976, Generated: 5347
[f=207.009] Expanded: 4978, Generated: 5349
[f=212.900] Expanded: 4980, Generated: 5351
[f=213.870] Expanded: 4981, Generated: 5352
[f=211.114] Expanded: 4983, Generated: 5354
[f=211.371] Expanded: 4985, Generated: 5356
[f=211.372] Expanded: 4986, Generated: 5357
[f=215.848] Expanded: 4986, Generated: 5358
[f=213.392] Expanded: 4988, Generated: 5360
[f=213.432] Expanded: 4990, Generated: 5362
[f=210.273] Expanded: 4992, Generated: 5364
[f=210.276] Expanded: 4993, Generated: 5365
[f=210.293] Expanded: 4994, Generated: 5366
[f=204.765] Expanded: 4996, Generated: 5368
[f=204.784] Expanded: 4997, Generated: 5369
[f=209.400] Expanded: 4999, Generated: 5371
[f=206.986] Expanded: 5001, Generated: 5373
[f=207.004] Expanded: 5002, Generated: 5374
[f=208.979] Expanded: 5004, Generated: 5376
[f=206.714] Expanded: 5006, Generated: 5378
[f=206.733] Expanded: 5007, Generated: 5379
[f=208.885] Expanded: 5009, Generated: 5381
[f=207.290] Expanded: 5011, Generated: 5383
[f=209.518] Expanded: 5013, Generated: 5385
[f=207.388] Expanded: 5015, Generated: 5387
[f=208.119] Expanded: 5017, Generated: 5389
[f=208.142] Expanded: 5018, Generated: 5390
[f=207.398] Expanded: 5020, Generated: 5392
[f=207.535] Expanded: 5022, Generated: 5394
[f=207.289] Expanded: 5024, Generated: 5396
[f=209.185] Expanded: 5026, Generated: 5398
[f=206.566] Expanded: 5028, Generated: 5400
[f=206.579] Expanded: 5029, Generated: 5401
[f=209.513] Expanded: 5031, Generated: 5403
[f=209.409] Expanded: 5033, Generated: 5405
[f=209.500] Expanded: 5035, Generated: 5407
[f=207.006] Expanded: 5037, Generated: 5409
[f=207.012] Expanded: 5038, Generated: 5410
[f=207.342] Expanded: 5040, Generated: 5412
[f=209.462] Expanded: 5042, Generated: 5414
[f=207.634] Expanded: 5044, Generated: 5416
[f=207.641] Expanded: 5045, Generated: 5417
[f=207.392] Expanded: 5047, Generated: 5419
[f=207.542] Expanded: 5049, Generated: 5421
[f=207.474] Expanded: 5051, Generated: 5423
[f=209.420] Expanded: 5053, Generated: 5425
[f=208.465] Expanded: 5055, Generated: 5427
[f=208.495] Expanded: 5056, Generated: 5428
[f=209.359] Expanded: 5058, Generated: 5430
[f=207.442] Expanded: 5060, Generated: 5432
[f=207.417] Expanded: 5062, Generated: 5434
[f=209.626] Expanded: 5064, Generated: 5436
[f=209.086] Expanded: 5066, Generated: 5438
[f=207.349] Expanded: 5068, Generated: 5440
[f=207.504] Expanded: 5070, Generated: 5442
[f=207.093] Expanded: 5072, Generated: 5444
[f=207.111] Expanded: 5073, Generated: 5445
[f=207.809] Expanded: 5075, Generated: 5447
[f=207.855] Expanded: 5076, Generated: 5448
[f=209.049] Expanded: 5078, Generated: 5450
[f=206.970] Expanded: 5080, Generated: 5452
[f=206.989] Expanded: 5082, Generated: 5454
[f=213.038] Expanded: 5084, Generated: 5456
[f=214.009] Expanded: 5085, Generated: 5457
[f=211.099] Expanded: 5087, Generated: 5459
[f=215.856] Expanded: 5087, Generated: 5460
[f=208.624] Expanded: 5089, Generated: 5462
[f=208.643] Expanded: 5090, Generated: 5463
[f=204.507] Expanded: 5092, Generated: 5465
[f=204.526] Expanded: 5093, Generated: 5466
[f=208.924] Expanded: 5095, Generated: 5468
[f=208.897] Expanded: 5097, Generated: 5470
[f=206.880] Expanded: 5099, Generated: 5472
[f=206.898] Expanded: 5100, Generated: 5473
[f=207.310] Expanded: 5102, Generated: 5475
[f=208.760] Expanded: 5104, Generated: 5477
[f=206.623] Expanded: 5106, Generated: 5479
[f=206.641] Expanded: 5107, Generated: 5480
[f=207.137] Expanded: 5109, Generated: 5482
[f=207.181] Expanded: 5111, Generated: 5484
[f=207.719] Expanded: 5113, Generated: 5486
[f=207.741] Expanded: 5114, Generated: 5487
[f=208.980] Expanded: 5116, Generated: 5489
[f=207.244] Expanded: 5118, Generated: 5491
[f=207.323] Expanded: 5120, Generated: 5493
[f=208.826] Expanded: 5122, Generated: 5495
[f=209.006] Expanded: 5124, Generated: 5497
[f=208.895] Expanded: 5126, Generated: 5499
[f=209.001] Expanded: 5128, Generated: 5501
[f=206.894] Expanded: 5130, Generated: 5503
[f=206.899] Expanded: 5131, Generated: 5504
[f=206.037] Expanded: 5133, Generated: 5506
[f=206.047] Expanded: 5134, Generated: 5507
[f=207.148] Expanded: 5136, Generated: 5509
[f=208.959] Expanded: 5138, Generated: 5511
[f=207.500] Expanded: 5140, Generated: 5513
[f=207.507] Expanded: 5141, Generated: 5514
[f=207.201] Expanded: 5143, Generated: 5516
[f=207.397] Expanded: 5145, Generated: 5518
[f=207.272] Expanded: 5147, Generated: 5520
[f=207.909] Expanded: 5149, Generated: 5522
[f=207.940] Expanded: 5150, Generated: 5523
[f=208.917] Expanded: 5152, Generated: 5525
[f=208.863] Expanded: 5154, Generated: 5527
[f=207.285] Expanded: 5156, Generated: 5529
[f=207.293] Expanded: 5158, Generated: 5531
[f=208.605] Expanded: 5160, Generated: 5533
[f=209.123] Expanded: 5162, Generated: 5535
[f=207.206] Expanded: 5164, Generated: 5537
[f=206.900] Expanded: 5166, Generated: 5539
[f=206.919] Expanded: 5167, Generated: 5540
[f=207.355] Expanded: 5169, Generated: 5542
[f=207.433] Expanded: 5171, Generated: 5544
[f=207.478] Expanded: 5172, Generated: 5545
[f=207.294] Expanded: 5174, Generated: 5547
[f=208.553] Expanded: 5176, Generated: 5549
[f=206.845] Expanded: 5178, Generated: 5551
[f=212.625] Expanded: 5180, Generated: 5553
[f=213.597] Expanded: 5181, Generated: 5554
[f=210.954] Expanded: 5183, Generated: 5556
[f=212.886] Expanded: 5185, Generated: 5558
[f=212.894] Expanded: 5187, Generated: 5560
[f=210.523] Expanded: 5189, Generated: 5562
[f=210.557] Expanded: 5190, Generated: 5563
[f=211.298] Expanded: 5192, Generated: 5565
[f=212.927] Expanded: 5194, Generated: 5567
[f=211.325] Expanded: 5196, Generated: 5569
[f=215.527] Expanded: 5198, Generated: 5571
[f=204.738] Expanded: 5200, Generated: 5573
[f=204.757] Expanded: 5201, Generated: 5574
[f=209.565] Expanded: 5203, Generated: 5576
[f=209.540] Expanded: 5205, Generated: 5578
[f=207.130] Expanded: 5207, Generated: 5580
[f=207.148] Expanded: 5208, Generated: 5581
[f=207.546] Expanded: 5210, Generated: 5583
[f=209.124] Expanded: 5212, Generated: 5585
[f=206.859] Expanded: 5214, Generated: 5587
[f=206.877] Expanded: 5215, Generated: 5588
[f=209.021] Expanded: 5217, Generated: 5590
[f=207.376] Expanded: 5219, Generated: 5592
[f=207.426] Expanded: 5221, Generated: 5594
[f=209.626] Expanded: 5223, Generated: 5596
[f=214.750] Expanded: 5223, Generated: 5597
[f=207.492] Expanded: 5225, Generated: 5599
[f=207.375] Expanded: 5227, Generated: 5601
[f=209.341] Expanded: 5229, Generated: 5603
[f=209.651] Expanded: 5231, Generated: 5605
[f=209.405] Expanded: 5233, Generated: 5607
[f=209.642] Expanded: 5235, Generated: 5609
[f=206.254] Expanded: 5237, Generated: 5611
[f=206.263] Expanded: 5238, Generated: 5612
[f=207.386] Expanded: 5240, Generated: 5614
[f=209.604] Expanded: 5242, Generated: 5616
[f=207.736] Expanded: 5244, Generated: 5618
[f=207.742] Expanded: 5245, Generated: 5619
[f=207.434] Expanded: 5247, Generated: 5621
[f=207.635] Expanded: 5249, Generated: 5623
[f=207.514] Expanded: 5251, Generated: 5625
[f=208.453] Expanded: 5253, Generated: 5627
[f=208.483] Expanded: 5254, Generated: 5628
[f=209.561] Expanded: 5256, Generated: 5630
[f=209.505] Expanded: 5258, Generated: 5632
[f=207.524] Expanded: 5260, Generated: 5634
[f=207.534] Expanded: 5262, Generated: 5636
[f=209.764] Expanded: 5264, Generated: 5638
[f=209.236] Expanded: 5266, Generated: 5640
[f=207.447] Expanded: 5268, Generated: 5642
[f=207.125] Expanded: 5270, Generated: 5644
[f=207.144] Expanded: 5271, Generated: 5645
[f=207.593] Expanded: 5273, Generated: 5647
[f=207.945] Expanded: 5275, Generated: 5649
[f=207.990] Expanded: 5276, Generated: 5650
[f=209.190] Expanded: 5278, Generated: 5652
[f=207.074] Expanded: 5280, Generated: 5654
[f=207.083] Expanded: 5282, Generated: 5656
[f=213.213] Expanded: 5284, Generated: 5658
[f=214.181] Expanded: 5285, Generated: 5659
[f=211.190] Expanded: 5287, Generated: 5661
[f=209.312] Expanded: 5289, Generated: 5663
[f=209.318] Expanded: 5290, Generated: 5664
[f=209.330] Expanded: 5291, Generated: 5665
[f=210.715] Expanded: 5293, Generated: 5667
[f=210.721] Expanded: 5294, Generated: 5668
[f=210.738] Expanded: 5295, Generated: 5669
[f=208.435] Expanded: 5297, Generated: 5671
[f=208.453] Expanded: 5298, Generated: 5672
[f=210.373] Expanded: 5300, Generated: 5674
[f=210.377] Expanded: 5301, Generated: 5675
[f=210.398] Expanded: 5302, Generated: 5676
[f=215.861] Expanded: 5302, Generated: 5677
[f=211.531] Expanded: 5304, Generated: 5679
[f=211.443] Expanded: 5306, Generated: 5681
[f=213.253] Expanded: 5308, Generated: 5683
[f=215.867] Expanded: 5308, Generated: 5684
[f=215.867] Expanded: 5308, Generated: 5685
[f=204.652] Expanded: 5310, Generated: 5687
[f=204.670] Expanded: 5311, Generated: 5688
[f=209.379] Expanded: 5313, Generated: 5690
[f=207.612] Expanded: 5315, Generated: 5692
[f=209.237] Expanded: 5317, Generated: 5694
[f=209.215] Expanded: 5319, Generated: 5696
[f=207.037] Expanded: 5321, Generated: 5698
[f=207.055] Expanded: 5322, Generated: 5699
[f=209.083] Expanded: 5324, Generated: 5701
[f=207.523] Expanded: 5326, Generated: 5703
[f=208.975] Expanded: 5328, Generated: 5705
[f=207.295] Expanded: 5330, Generated: 5707
[f=207.342] Expanded: 5332, Generated: 5709
[f=207.886] Expanded: 5334, Generated: 5711
[f=207.908] Expanded: 5335, Generated: 5712
[f=207.415] Expanded: 5337, Generated: 5714
[f=207.294] Expanded: 5339, Generated: 5716
[f=209.141] Expanded: 5341, Generated: 5718
[f=209.207] Expanded: 5343, Generated: 5720
[f=209.326] Expanded: 5345, Generated: 5722
[f=209.318] Expanded: 5347, Generated: 5724
[f=206.987] Expanded: 5349, Generated: 5726
[f=206.992] Expanded: 5350, Generated: 5727
[f=207.304] Expanded: 5352, Generated: 5729
[f=209.277] Expanded: 5354, Generated: 5731
[f=207.575] Expanded: 5356, Generated: 5733
[f=207.581] Expanded: 5357, Generated: 5734
[f=207.411] Expanded: 5359, Generated: 5736
[f=207.557] Expanded: 5361, Generated: 5738
[f=207.486] Expanded: 5363, Generated: 5740
[f=209.234] Expanded: 5365, Generated: 5742
[f=208.057] Expanded: 5367, Generated: 5744
[f=208.087] Expanded: 5368, Generated: 5745
[f=209.178] Expanded: 5370, Generated: 5747
[f=207.452] Expanded: 5372, Generated: 5749
[f=207.443] Expanded: 5374, Generated: 5751
[f=208.916] Expanded: 5376, Generated: 5753
[f=209.436] Expanded: 5378, Generated: 5755
[f=207.364] Expanded: 5380, Generated: 5757
[f=206.979] Expanded: 5382, Generated: 5759
[f=206.998] Expanded: 5383, Generated: 5760
[f=207.511] Expanded: 5385, Generated: 5762
[f=207.558] Expanded: 5387, Generated: 5764
[f=207.603] Expanded: 5388, Generated: 5765
[f=208.864] Expanded: 5390, Generated: 5767
[f=206.990] Expanded: 5392, Generated: 5769
[f=207.000] Expanded: 5394, Generated: 5771
[f=212.824] Expanded: 5396, Generated: 5773
[f=213.794] Expanded: 5397, Generated: 5774
[f=211.107] Expanded: 5399, Generated: 5776
[f=210.911] Expanded: 5401, Generated: 5778
[f=210.913] Expanded: 5402, Generated: 5779
[f=213.207] Expanded: 5404, Generated: 5781
[f=211.436] Expanded: 5406, Generated: 5783
[f=213.217] Expanded: 5408, Generated: 5785
[f=210.617] Expanded: 5410, Generated: 5787
[f=210.649] Expanded: 5411, Generated: 5788
[f=210.259] Expanded: 5413, Generated: 5790
[f=210.288] Expanded: 5414, Generated: 5791
[f=215.868] Expanded: 5414, Generated: 5792
[f=204.634] Expanded: 5416, Generated: 5794
[f=204.653] Expanded: 5417, Generated: 5795
[f=209.400] Expanded: 5419, Generated: 5797
[f=207.053] Expanded: 5421, Generated: 5799
[f=207.071] Expanded: 5422, Generated: 5800
[f=207.290] Expanded: 5424, Generated: 5802
[f=208.960] Expanded: 5426, Generated: 5804
[f=206.706] Expanded: 5428, Generated: 5806
[f=206.724] Expanded: 5429, Generated: 5807
[f=208.870] Expanded: 5431, Generated: 5809
[f=209.504] Expanded: 5433, Generated: 5811
[f=207.598] Expanded: 5435, Generated: 5813
[f=208.122] Expanded: 5437, Generated: 5815
[f=208.144] Expanded: 5438, Generated: 5816
[f=207.233] Expanded: 5440, Generated: 5818
[f=207.311] Expanded: 5442, Generated: 5820
[f=207.128] Expanded: 5444, Generated: 5822
[f=209.183] Expanded: 5446, Generated: 5824
[f=206.402] Expanded: 5448, Generated: 5826
[f=206.416] Expanded: 5449, Generated: 5827
[f=209.499] Expanded: 5451, Generated: 5829
[f=209.247] Expanded: 5453, Generated: 5831
[f=209.485] Expanded: 5455, Generated: 5833
[f=206.861] Expanded: 5457, Generated: 5835
[f=206.867] Expanded: 5458, Generated: 5836
[f=207.132] Expanded: 5460, Generated: 5838
[f=209.449] Expanded: 5462, Generated: 5840
[f=207.498] Expanded: 5464, Generated: 5842
[f=207.505] Expanded: 5465, Generated: 5843
[f=207.182] Expanded: 5467, Generated: 5845
[f=207.382] Expanded: 5469, Generated: 5847
[f=207.263] Expanded: 5471, Generated: 5849
[f=209.406] Expanded: 5473, Generated: 5851
[f=208.323] Expanded: 5475, Generated: 5853
[f=208.353] Expanded: 5476, Generated: 5854
[f=209.344] Expanded: 5478, Generated: 5856
[f=207.282] Expanded: 5480, Generated: 5858
[f=207.268] Expanded: 5482, Generated: 5860
[f=209.613] Expanded: 5484, Generated: 5862
[f=209.081] Expanded: 5486, Generated: 5864
[f=207.323] Expanded: 5488, Generated: 5866
[f=207.480] Expanded: 5490, Generated: 5868
[f=206.866] Expanded: 5492, Generated: 5870
[f=206.885] Expanded: 5493, Generated: 5871
[f=207.806] Expanded: 5495, Generated: 5873
[f=207.852] Expanded: 5496, Generated: 5874
[f=209.033] Expanded: 5498, Generated: 5876
[f=206.809] Expanded: 5500, Generated: 5878
[f=206.829] Expanded: 5502, Generated: 5880
[f=213.030] Expanded: 5504, Generated: 5882
[f=214.000] Expanded: 5505, Generated: 5883
[f=210.937] Expanded: 5507, Generated: 5885
[f=213.380] Expanded: 5509, Generated: 5887
[f=213.379] Expanded: 5511, Generated: 5889
[f=211.281] Expanded: 5513, Generated: 5891
[f=213.395] Expanded: 5515, Generated: 5893
[f=210.147] Expanded: 5517, Generated: 5895
[f=210.178] Expanded: 5518, Generated: 5896
[f=211.298] Expanded: 5520, Generated: 5898
[f=215.871] Expanded: 5520, Generated: 5899
[f=211.314] Expanded: 5522, Generated: 5901
[f=211.422] Expanded: 5524, Generated: 5903
[f=204.626] Expanded: 5526, Generated: 5905
[f=204.645] Expanded: 5527, Generated: 5906
[f=209.503] Expanded: 5529, Generated: 5908
[f=207.432] Expanded: 5531, Generated: 5910
[f=209.690] Expanded: 5533, Generated: 5912
[f=207.123] Expanded: 5535, Generated: 5914
[f=207.141] Expanded: 5536, Generated: 5915
[f=207.558] Expanded: 5538, Generated: 5917
[f=208.985] Expanded: 5540, Generated: 5919
[f=206.636] Expanded: 5542, Generated: 5921
[f=206.654] Expanded: 5543, Generated: 5922
[f=208.939] Expanded: 5545, Generated: 5924
[f=207.644] Expanded: 5547, Generated: 5926
[f=208.195] Expanded: 5549, Generated: 5928
[f=208.217] Expanded: 5550, Generated: 5929
[f=207.233] Expanded: 5552, Generated: 5931
[f=207.297] Expanded: 5554, Generated: 5933
[f=207.171] Expanded: 5556, Generated: 5935
[f=209.256] Expanded: 5558, Generated: 5937
[f=209.515] Expanded: 5560, Generated: 5939
[f=209.319] Expanded: 5562, Generated: 5941
[f=209.561] Expanded: 5564, Generated: 5943
[f=206.857] Expanded: 5566, Generated: 5945
[f=206.863] Expanded: 5567, Generated: 5946
[f=207.179] Expanded: 5569, Generated: 5948
[f=209.472] Expanded: 5571, Generated: 5950
[f=207.411] Expanded: 5573, Generated: 5952
[f=207.418] Expanded: 5574, Generated: 5953
[f=207.228] Expanded: 5576, Generated: 5955
[f=207.432] Expanded: 5578, Generated: 5957
[f=207.317] Expanded: 5580, Generated: 5959
[f=209.433] Expanded: 5582, Generated: 5961
[f=208.383] Expanded: 5584, Generated: 5963
[f=208.413] Expanded: 5585, Generated: 5964
[f=209.421] Expanded: 5587, Generated: 5966
[f=207.336] Expanded: 5589, Generated: 5968
[f=207.315] Expanded: 5591, Generated: 5970
[f=209.683] Expanded: 5593, Generated: 5972
[f=209.043] Expanded: 5595, Generated: 5974
[f=207.374] Expanded: 5597, Generated: 5976
[f=207.525] Expanded: 5599, Generated: 5978
[f=206.791] Expanded: 5601, Generated: 5980
[f=206.810] Expanded: 5602, Generated: 5981
[f=207.877] Expanded: 5604, Generated: 5983
[f=207.923] Expanded: 5605, Generated: 5984
[f=209.105] Expanded: 5607, Generated: 5986
[f=206.860] Expanded: 5609, Generated: 5988
[f=206.876] Expanded: 5611, Generated: 5990
[f=213.096] Expanded: 5613, Generated: 5992
[f=214.066] Expanded: 5614, Generated: 5993
[f=210.983] Expanded: 5616, Generated: 5995
[f=213.449] Expanded: 5618, Generated: 5997
[f=213.457] Expanded: 5620, Generated: 5999
[f=210.520] Expanded: 5622, Generated: 6001
[f=210.552] Expanded: 5623, Generated: 6002
[f=213.469] Expanded: 5625, Generated: 6004
[f=210.153] Expanded: 5627, Generated: 6006
[f=210.183] Expanded: 5628, Generated: 6007
[f=211.342] Expanded: 5630, Generated: 6009
[f=215.879] Expanded: 5630, Generated: 6010
[f=213.253] Expanded: 5632, Generated: 6012
[f=215.884] Expanded: 5632, Generated: 6013
[f=204.601] Expanded: 5634, Generated: 6015
[f=204.620] Expanded: 5635, Generated: 6016
[f=208.885] Expanded: 5637, Generated: 6018
[f=208.870] Expanded: 5639, Generated: 6020
[f=206.976] Expanded: 5641, Generated: 6022
[f=206.994] Expanded: 5642, Generated: 6023
[f=208.850] Expanded: 5644, Generated: 6025
[f=206.696] Expanded: 5646, Generated: 6027
[f=206.714] Expanded: 5647, Generated: 6028
[f=207.288] Expanded: 5649, Generated: 6030
[f=207.126] Expanded: 5651, Generated: 6032
[f=208.980] Expanded: 5653, Generated: 6034
[f=207.302] Expanded: 5655, Generated: 6036
[f=207.807] Expanded: 5657, Generated: 6038
[f=207.830] Expanded: 5658, Generated: 6039
[f=207.361] Expanded: 5660, Generated: 6041
[f=207.440] Expanded: 5662, Generated: 6043
[f=208.916] Expanded: 5664, Generated: 6045
[f=209.102] Expanded: 5666, Generated: 6047
[f=208.984] Expanded: 5668, Generated: 6049
[f=206.387] Expanded: 5670, Generated: 6051
[f=206.400] Expanded: 5671, Generated: 6052
[f=209.093] Expanded: 5673, Generated: 6054
[f=206.988] Expanded: 5675, Generated: 6056
[f=206.994] Expanded: 5676, Generated: 6057
[f=207.265] Expanded: 5678, Generated: 6059
[f=209.055] Expanded: 5680, Generated: 6061
[f=207.603] Expanded: 5682, Generated: 6063
[f=207.610] Expanded: 5683, Generated: 6064
[f=207.317] Expanded: 5685, Generated: 6066
[f=207.516] Expanded: 5687, Generated: 6068
[f=207.394] Expanded: 5689, Generated: 6070
[f=209.012] Expanded: 5691, Generated: 6072
[f=208.007] Expanded: 5693, Generated: 6074
[f=208.038] Expanded: 5694, Generated: 6075
[f=208.951] Expanded: 5696, Generated: 6077
[f=207.414] Expanded: 5698, Generated: 6079
[f=207.403] Expanded: 5700, Generated: 6081
[f=208.699] Expanded: 5702, Generated: 6083
[f=209.218] Expanded: 5704, Generated: 6085
[f=207.322] Expanded: 5706, Generated: 6087
[f=206.977] Expanded: 5708, Generated: 6089
[f=206.995] Expanded: 5709, Generated: 6090
[f=207.476] Expanded: 5711, Generated: 6092
[f=207.520] Expanded: 5713, Generated: 6094
[f=207.564] Expanded: 5714, Generated: 6095
[f=207.411] Expanded: 5716, Generated: 6097
[f=208.645] Expanded: 5718, Generated: 6099
[f=206.963] Expanded: 5720, Generated: 6101
[f=212.709] Expanded: 5722, Generated: 6103
[f=213.682] Expanded: 5723, Generated: 6104
[f=211.071] Expanded: 5725, Generated: 6106
[f=212.984] Expanded: 5727, Generated: 6108
[f=212.985] Expanded: 5729, Generated: 6110
[f=211.415] Expanded: 5731, Generated: 6112
[f=210.272] Expanded: 5733, Generated: 6114
[f=210.303] Expanded: 5734, Generated: 6115
[f=213.014] Expanded: 5736, Generated: 6117
[f=211.440] Expanded: 5738, Generated: 6119
[f=210.437] Expanded: 5740, Generated: 6121
[f=210.449] Expanded: 5741, Generated: 6122
[f=210.455] Expanded: 5742, Generated: 6123
[f=204.826] Expanded: 5744, Generated: 6125
[f=204.844] Expanded: 5745, Generated: 6126
[f=209.517] Expanded: 5747, Generated: 6128
[f=209.502] Expanded: 5749, Generated: 6130
[f=207.218] Expanded: 5751, Generated: 6132
[f=207.236] Expanded: 5752, Generated: 6133
[f=209.206] Expanded: 5754, Generated: 6135
[f=206.936] Expanded: 5756, Generated: 6137
[f=206.954] Expanded: 5757, Generated: 6138
[f=209.110] Expanded: 5759, Generated: 6140
[f=207.517] Expanded: 5761, Generated: 6142
[f=207.357] Expanded: 5763, Generated: 6144
[f=209.624] Expanded: 5765, Generated: 6146
[f=207.540] Expanded: 5767, Generated: 6148
[f=207.678] Expanded: 5769, Generated: 6150
[f=207.603] Expanded: 5771, Generated: 6152
[f=207.493] Expanded: 5773, Generated: 6154
[f=209.423] Expanded: 5775, Generated: 6156
[f=209.739] Expanded: 5777, Generated: 6158
[f=209.487] Expanded: 5779, Generated: 6160
[f=206.610] Expanded: 5781, Generated: 6162
[f=206.623] Expanded: 5782, Generated: 6163
[f=209.725] Expanded: 5784, Generated: 6165
[f=207.496] Expanded: 5786, Generated: 6167
[f=209.691] Expanded: 5788, Generated: 6169
[f=207.835] Expanded: 5790, Generated: 6171
[f=207.841] Expanded: 5791, Generated: 6172
[f=207.544] Expanded: 5793, Generated: 6174
[f=207.747] Expanded: 5795, Generated: 6176
[f=207.629] Expanded: 5797, Generated: 6178
[f=209.647] Expanded: 5799, Generated: 6180
[f=208.541] Expanded: 5801, Generated: 6182
[f=208.571] Expanded: 5802, Generated: 6183
[f=209.584] Expanded: 5804, Generated: 6185
[f=207.649] Expanded: 5806, Generated: 6187
[f=207.636] Expanded: 5808, Generated: 6189
[f=209.850] Expanded: 5810, Generated: 6191
[f=209.321] Expanded: 5812, Generated: 6193
[f=207.555] Expanded: 5814, Generated: 6195
[f=207.707] Expanded: 5816, Generated: 6197
[f=207.209] Expanded: 5818, Generated: 6199
[f=207.228] Expanded: 5819, Generated: 6200
[f=208.023] Expanded: 5821, Generated: 6202
[f=208.068] Expanded: 5822, Generated: 6203
[f=209.273] Expanded: 5824, Generated: 6205
[f=207.184] Expanded: 5826, Generated: 6207
[f=207.194] Expanded: 5828, Generated: 6209
[f=213.288] Expanded: 5830, Generated: 6211
[f=214.256] Expanded: 5831, Generated: 6212
[f=211.301] Expanded: 5833, Generated: 6214
[f=211.460] Expanded: 5835, Generated: 6216
[f=204.663] Expanded: 5837, Generated: 6218
[f=204.682] Expanded: 5838, Generated: 6219
[f=208.980] Expanded: 5840, Generated: 6221
[f=208.960] Expanded: 5842, Generated: 6223
[f=207.034] Expanded: 5844, Generated: 6225
[f=207.053] Expanded: 5845, Generated: 6226
[f=206.772] Expanded: 5847, Generated: 6228
[f=206.790] Expanded: 5848, Generated: 6229
[f=208.851] Expanded: 5850, Generated: 6231
[f=207.398] Expanded: 5852, Generated: 6233
[f=207.232] Expanded: 5854, Generated: 6235
[f=209.085] Expanded: 5856, Generated: 6237
[f=207.408] Expanded: 5858, Generated: 6239
[f=207.877] Expanded: 5860, Generated: 6241
[f=207.900] Expanded: 5861, Generated: 6242
[f=207.552] Expanded: 5863, Generated: 6244
[f=207.362] Expanded: 5865, Generated: 6246
[f=209.475] Expanded: 5867, Generated: 6248
[f=209.197] Expanded: 5869, Generated: 6250
[f=206.485] Expanded: 5871, Generated: 6252
[f=206.498] Expanded: 5872, Generated: 6253
[f=209.079] Expanded: 5874, Generated: 6255
[f=209.187] Expanded: 5876, Generated: 6257
[f=207.050] Expanded: 5878, Generated: 6259
[f=207.056] Expanded: 5879, Generated: 6260
[f=207.838] Expanded: 5881, Generated: 6262
[f=209.152] Expanded: 5883, Generated: 6264
[f=207.669] Expanded: 5885, Generated: 6266
[f=207.676] Expanded: 5886, Generated: 6267
[f=207.425] Expanded: 5888, Generated: 6269
[f=207.628] Expanded: 5890, Generated: 6271
[f=207.507] Expanded: 5892, Generated: 6273
[f=209.108] Expanded: 5894, Generated: 6275
[f=208.081] Expanded: 5896, Generated: 6277
[f=208.111] Expanded: 5897, Generated: 6278
[f=209.048] Expanded: 5899, Generated: 6280
[f=207.527] Expanded: 5901, Generated: 6282
[f=207.511] Expanded: 5903, Generated: 6284
[f=209.311] Expanded: 5905, Generated: 6286
[f=208.787] Expanded: 5907, Generated: 6288
[f=207.435] Expanded: 5909, Generated: 6290
[f=207.585] Expanded: 5911, Generated: 6292
[f=207.059] Expanded: 5913, Generated: 6294
[f=207.078] Expanded: 5914, Generated: 6295
[f=207.568] Expanded: 5916, Generated: 6297
[f=207.614] Expanded: 5917, Generated: 6298
[f=208.735] Expanded: 5919, Generated: 6300
[f=207.056] Expanded: 5921, Generated: 6302
[f=207.071] Expanded: 5923, Generated: 6304
[f=212.788] Expanded: 5925, Generated: 6306
[f=213.760] Expanded: 5926, Generated: 6307
[f=211.177] Expanded: 5928, Generated: 6309
[f=213.075] Expanded: 5930, Generated: 6311
[f=213.078] Expanded: 5932, Generated: 6313
[f=211.521] Expanded: 5934, Generated: 6315
[f=210.358] Expanded: 5936, Generated: 6317
[f=210.389] Expanded: 5937, Generated: 6318
[f=213.092] Expanded: 5939, Generated: 6320
[f=213.539] Expanded: 5941, Generated: 6322
[f=215.894] Expanded: 5941, Generated: 6323
[f=204.470] Expanded: 5943, Generated: 6325
[f=204.489] Expanded: 5944, Generated: 6326
[f=208.980] Expanded: 5946, Generated: 6328
[f=207.427] Expanded: 5948, Generated: 6330
[f=208.902] Expanded: 5950, Generated: 6332
[f=208.939] Expanded: 5952, Generated: 6334
[f=206.920] Expanded: 5954, Generated: 6336
[f=206.938] Expanded: 5955, Generated: 6337
[f=207.277] Expanded: 5957, Generated: 6339
[f=208.748] Expanded: 5959, Generated: 6341
[f=206.509] Expanded: 5961, Generated: 6343
[f=206.527] Expanded: 5962, Generated: 6344
[f=207.168] Expanded: 5964, Generated: 6346
[f=207.211] Expanded: 5966, Generated: 6348
[f=207.754] Expanded: 5968, Generated: 6350
[f=207.776] Expanded: 5969, Generated: 6351
[f=207.224] Expanded: 5971, Generated: 6353
[f=207.294] Expanded: 5973, Generated: 6355
[f=208.861] Expanded: 5975, Generated: 6357
[f=208.987] Expanded: 5977, Generated: 6359
[f=208.929] Expanded: 5979, Generated: 6361
[f=209.042] Expanded: 5981, Generated: 6363
[f=206.860] Expanded: 5983, Generated: 6365
[f=206.866] Expanded: 5984, Generated: 6366
[f=207.175] Expanded: 5986, Generated: 6368
[f=208.948] Expanded: 5988, Generated: 6370
[f=207.387] Expanded: 5990, Generated: 6372
[f=207.394] Expanded: 5991, Generated: 6373
[f=207.226] Expanded: 5993, Generated: 6375
[f=207.429] Expanded: 5995, Generated: 6377
[f=207.309] Expanded: 5997, Generated: 6379
[f=208.910] Expanded: 5999, Generated: 6381
[f=207.941] Expanded: 6001, Generated: 6383
[f=207.971] Expanded: 6002, Generated: 6384
[f=208.900] Expanded: 6004, Generated: 6386
[f=207.313] Expanded: 6006, Generated: 6388
[f=207.329] Expanded: 6008, Generated: 6390
[f=208.537] Expanded: 6010, Generated: 6392
[f=209.159] Expanded: 6012, Generated: 6394
[f=207.235] Expanded: 6014, Generated: 6396
[f=206.791] Expanded: 6016, Generated: 6398
[f=206.810] Expanded: 6017, Generated: 6399
[f=207.382] Expanded: 6019, Generated: 6401
[f=207.469] Expanded: 6021, Generated: 6403
[f=207.513] Expanded: 6022, Generated: 6404
[f=207.326] Expanded: 6024, Generated: 6406
[f=208.590] Expanded: 6026, Generated: 6408
[f=206.872] Expanded: 6028, Generated: 6410
[f=212.643] Expanded: 6030, Generated: 6412
[f=213.616] Expanded: 6031, Generated: 6413
[f=210.980] Expanded: 6033, Generated: 6415
[f=212.926] Expanded: 6035, Generated: 6417
[f=212.935] Expanded: 6037, Generated: 6419
[f=210.504] Expanded: 6039, Generated: 6421
[f=210.537] Expanded: 6040, Generated: 6422
[f=210.157] Expanded: 6042, Generated: 6424
[f=210.186] Expanded: 6043, Generated: 6425
[f=212.963] Expanded: 6045, Generated: 6427
[f=211.350] Expanded: 6047, Generated: 6429
[f=215.494] Expanded: 6049, Generated: 6431
[f=204.704] Expanded: 6051, Generated: 6433
[f=204.723] Expanded: 6052, Generated: 6434
[f=209.623] Expanded: 6054, Generated: 6436
[f=207.672] Expanded: 6056, Generated: 6438
[f=209.543] Expanded: 6058, Generated: 6440
[f=209.580] Expanded: 6060, Generated: 6442
[f=207.170] Expanded: 6062, Generated: 6444
[f=207.187] Expanded: 6063, Generated: 6445
[f=207.522] Expanded: 6065, Generated: 6447
[f=209.109] Expanded: 6067, Generated: 6449
[f=206.750] Expanded: 6069, Generated: 6451
[f=206.768] Expanded: 6070, Generated: 6452
[f=209.060] Expanded: 6072, Generated: 6454
[f=207.414] Expanded: 6074, Generated: 6456
[f=207.465] Expanded: 6076, Generated: 6458
[f=207.477] Expanded: 6078, Generated: 6460
[f=207.542] Expanded: 6080, Generated: 6462
[f=207.413] Expanded: 6082, Generated: 6464
[f=209.376] Expanded: 6084, Generated: 6466
[f=209.439] Expanded: 6086, Generated: 6468
[f=209.635] Expanded: 6088, Generated: 6470
[f=209.682] Expanded: 6090, Generated: 6472
[f=207.421] Expanded: 6092, Generated: 6474
[f=209.589] Expanded: 6094, Generated: 6476
[f=207.468] Expanded: 6096, Generated: 6478
[f=207.628] Expanded: 6098, Generated: 6480
[f=207.634] Expanded: 6099, Generated: 6481
[f=207.676] Expanded: 6101, Generated: 6483
[f=207.556] Expanded: 6103, Generated: 6485
[f=209.550] Expanded: 6105, Generated: 6487
[f=208.482] Expanded: 6107, Generated: 6489
[f=208.512] Expanded: 6108, Generated: 6490
[f=209.542] Expanded: 6110, Generated: 6492
[f=207.575] Expanded: 6112, Generated: 6494
[f=207.561] Expanded: 6114, Generated: 6496
[f=209.799] Expanded: 6116, Generated: 6498
[f=209.165] Expanded: 6118, Generated: 6500
[f=207.484] Expanded: 6120, Generated: 6502
[f=207.628] Expanded: 6122, Generated: 6504
[f=207.020] Expanded: 6124, Generated: 6506
[f=207.039] Expanded: 6125, Generated: 6507
[f=207.970] Expanded: 6127, Generated: 6509
[f=208.015] Expanded: 6128, Generated: 6510
[f=209.225] Expanded: 6130, Generated: 6512
[f=207.111] Expanded: 6132, Generated: 6514
[f=207.118] Expanded: 6134, Generated: 6516
[f=213.228] Expanded: 6136, Generated: 6518
[f=214.197] Expanded: 6137, Generated: 6519
[f=211.224] Expanded: 6139, Generated: 6521
[f=213.566] Expanded: 6141, Generated: 6523
[f=213.575] Expanded: 6143, Generated: 6525
[f=212.491] Expanded: 6145, Generated: 6527
[f=212.495] Expanded: 6146, Generated: 6528
[f=210.744] Expanded: 6148, Generated: 6530
[f=210.777] Expanded: 6149, Generated: 6531
[f=213.543] Expanded: 6151, Generated: 6533
[f=204.491] Expanded: 6153, Generated: 6535
[f=204.509] Expanded: 6154, Generated: 6536
[f=209.085] Expanded: 6156, Generated: 6538
[f=207.548] Expanded: 6158, Generated: 6540
[f=209.008] Expanded: 6160, Generated: 6542
[f=208.987] Expanded: 6162, Generated: 6544
[f=206.936] Expanded: 6164, Generated: 6546
[f=206.954] Expanded: 6165, Generated: 6547
[f=207.401] Expanded: 6167, Generated: 6549
[f=206.598] Expanded: 6169, Generated: 6551
[f=206.616] Expanded: 6170, Generated: 6552
[f=208.749] Expanded: 6172, Generated: 6554
[f=207.232] Expanded: 6174, Generated: 6556
[f=207.275] Expanded: 6176, Generated: 6558
[f=207.776] Expanded: 6178, Generated: 6560
[f=207.798] Expanded: 6179, Generated: 6561
[f=207.416] Expanded: 6181, Generated: 6563
[f=207.225] Expanded: 6183, Generated: 6565
[f=209.377] Expanded: 6185, Generated: 6567
[f=209.095] Expanded: 6187, Generated: 6569
[f=208.980] Expanded: 6189, Generated: 6571
[f=209.091] Expanded: 6191, Generated: 6573
[f=206.875] Expanded: 6193, Generated: 6575
[f=206.880] Expanded: 6194, Generated: 6576
[f=207.706] Expanded: 6196, Generated: 6578
[f=208.999] Expanded: 6198, Generated: 6580
[f=207.477] Expanded: 6200, Generated: 6582
[f=207.483] Expanded: 6201, Generated: 6583
[f=207.292] Expanded: 6203, Generated: 6585
[f=207.497] Expanded: 6205, Generated: 6587
[f=207.376] Expanded: 6207, Generated: 6589
[f=208.960] Expanded: 6209, Generated: 6591
[f=207.973] Expanded: 6211, Generated: 6593
[f=208.003] Expanded: 6212, Generated: 6594
[f=208.960] Expanded: 6214, Generated: 6596
[f=207.396] Expanded: 6216, Generated: 6598
[f=207.378] Expanded: 6218, Generated: 6600
[f=209.209] Expanded: 6220, Generated: 6602
[f=208.631] Expanded: 6222, Generated: 6604
[f=207.305] Expanded: 6224, Generated: 6606
[f=207.448] Expanded: 6226, Generated: 6608
[f=206.882] Expanded: 6228, Generated: 6610
[f=206.901] Expanded: 6229, Generated: 6611
[f=207.465] Expanded: 6231, Generated: 6613
[f=207.511] Expanded: 6232, Generated: 6614
[f=208.637] Expanded: 6234, Generated: 6616
[f=206.926] Expanded: 6236, Generated: 6618
[f=206.938] Expanded: 6238, Generated: 6620
[f=212.684] Expanded: 6240, Generated: 6622
[f=213.657] Expanded: 6241, Generated: 6623
[f=211.043] Expanded: 6243, Generated: 6625
[f=212.976] Expanded: 6245, Generated: 6627
[f=212.986] Expanded: 6247, Generated: 6629
[f=210.548] Expanded: 6249, Generated: 6631
[f=210.581] Expanded: 6250, Generated: 6632
[f=210.178] Expanded: 6252, Generated: 6634
[f=210.207] Expanded: 6253, Generated: 6635
[f=212.999] Expanded: 6255, Generated: 6637
[f=211.401] Expanded: 6257, Generated: 6639
[f=215.564] Expanded: 6259, Generated: 6641
[f=211.533] Expanded: 6261, Generated: 6643
[f=210.304] Expanded: 6263, Generated: 6645
[f=210.335] Expanded: 6264, Generated: 6646
[f=210.365] Expanded: 6266, Generated: 6648
[f=210.394] Expanded: 6267, Generated: 6649
[f=211.262] Expanded: 6269, Generated: 6651
[f=211.286] Expanded: 6270, Generated: 6652
[f=204.639] Expanded: 6272, Generated: 6654
[f=204.658] Expanded: 6273, Generated: 6655
[f=209.290] Expanded: 6275, Generated: 6657
[f=209.220] Expanded: 6277, Generated: 6659
[f=206.937] Expanded: 6279, Generated: 6661
[f=206.955] Expanded: 6280, Generated: 6662
[f=207.424] Expanded: 6282, Generated: 6664
[f=209.448] Expanded: 6284, Generated: 6666
[f=206.734] Expanded: 6286, Generated: 6668
[f=206.752] Expanded: 6287, Generated: 6669
[f=208.829] Expanded: 6289, Generated: 6671
[f=207.148] Expanded: 6291, Generated: 6673
[f=207.245] Expanded: 6293, Generated: 6675
[f=207.949] Expanded: 6295, Generated: 6677
[f=207.971] Expanded: 6296, Generated: 6678
[f=209.297] Expanded: 6298, Generated: 6680
[f=207.780] Expanded: 6300, Generated: 6682
[f=207.389] Expanded: 6302, Generated: 6684
[f=207.148] Expanded: 6304, Generated: 6686
[f=209.387] Expanded: 6306, Generated: 6688
[f=209.270] Expanded: 6308, Generated: 6690
[f=209.328] Expanded: 6310, Generated: 6692
[f=206.886] Expanded: 6312, Generated: 6694
[f=206.892] Expanded: 6313, Generated: 6695
[f=206.019] Expanded: 6315, Generated: 6697
[f=206.029] Expanded: 6316, Generated: 6698
[f=209.339] Expanded: 6318, Generated: 6700
[f=207.569] Expanded: 6320, Generated: 6702
[f=207.576] Expanded: 6321, Generated: 6703
[f=207.264] Expanded: 6323, Generated: 6705
[f=207.412] Expanded: 6325, Generated: 6707
[f=207.338] Expanded: 6327, Generated: 6709
[f=209.296] Expanded: 6329, Generated: 6711
[f=208.154] Expanded: 6331, Generated: 6713
[f=208.184] Expanded: 6332, Generated: 6714
[f=209.242] Expanded: 6334, Generated: 6716
[f=207.359] Expanded: 6336, Generated: 6718
[f=207.298] Expanded: 6338, Generated: 6720
[f=209.503] Expanded: 6340, Generated: 6722
[f=208.963] Expanded: 6342, Generated: 6724
[f=207.272] Expanded: 6344, Generated: 6726
[f=207.026] Expanded: 6346, Generated: 6728
[f=207.045] Expanded: 6347, Generated: 6729
[f=207.421] Expanded: 6349, Generated: 6731
[f=207.701] Expanded: 6351, Generated: 6733
[f=207.746] Expanded: 6352, Generated: 6734
[f=208.887] Expanded: 6354, Generated: 6736
[f=206.891] Expanded: 6356, Generated: 6738
[f=206.869] Expanded: 6358, Generated: 6740
[f=212.923] Expanded: 6360, Generated: 6742
[f=213.894] Expanded: 6361, Generated: 6743
[f=211.018] Expanded: 6363, Generated: 6745
[f=213.270] Expanded: 6365, Generated: 6747
[f=213.277] Expanded: 6367, Generated: 6749
[f=210.584] Expanded: 6369, Generated: 6751
[f=210.618] Expanded: 6370, Generated: 6752
[f=211.364] Expanded: 6372, Generated: 6754
[f=212.447] Expanded: 6374, Generated: 6756
[f=212.450] Expanded: 6375, Generated: 6757
[f=210.774] Expanded: 6377, Generated: 6759
[f=210.806] Expanded: 6378, Generated: 6760
[f=213.395] Expanded: 6380, Generated: 6762
[f=204.856] Expanded: 6382, Generated: 6764
[f=204.875] Expanded: 6383, Generated: 6765
[f=209.514] Expanded: 6385, Generated: 6767
[f=209.284] Expanded: 6387, Generated: 6769
[f=207.028] Expanded: 6389, Generated: 6771
[f=207.046] Expanded: 6390, Generated: 6772
[f=207.474] Expanded: 6392, Generated: 6774
[f=206.830] Expanded: 6394, Generated: 6776
[f=206.848] Expanded: 6395, Generated: 6777
[f=209.052] Expanded: 6397, Generated: 6779
[f=208.896] Expanded: 6399, Generated: 6781
[f=207.199] Expanded: 6401, Generated: 6783
[f=207.246] Expanded: 6403, Generated: 6785
[f=208.037] Expanded: 6405, Generated: 6787
[f=208.060] Expanded: 6406, Generated: 6788
[f=209.360] Expanded: 6408, Generated: 6790
[f=207.497] Expanded: 6410, Generated: 6792
[f=207.368] Expanded: 6412, Generated: 6794
[f=209.269] Expanded: 6414, Generated: 6796
[f=207.201] Expanded: 6416, Generated: 6798
[f=209.450] Expanded: 6418, Generated: 6800
[f=209.392] Expanded: 6420, Generated: 6802
[f=206.950] Expanded: 6422, Generated: 6804
[f=206.956] Expanded: 6423, Generated: 6805
[f=206.066] Expanded: 6425, Generated: 6807
[f=206.076] Expanded: 6426, Generated: 6808
[f=207.264] Expanded: 6428, Generated: 6810
[f=209.402] Expanded: 6430, Generated: 6812
[f=207.612] Expanded: 6432, Generated: 6814
[f=207.619] Expanded: 6433, Generated: 6815
[f=207.463] Expanded: 6435, Generated: 6817
[f=207.440] Expanded: 6437, Generated: 6819
[f=209.360] Expanded: 6439, Generated: 6821
[f=208.349] Expanded: 6441, Generated: 6823
[f=208.379] Expanded: 6442, Generated: 6824
[f=209.306] Expanded: 6444, Generated: 6826
[f=207.408] Expanded: 6446, Generated: 6828
[f=207.337] Expanded: 6448, Generated: 6830
[f=209.566] Expanded: 6450, Generated: 6832
[f=209.040] Expanded: 6452, Generated: 6834
[f=207.321] Expanded: 6454, Generated: 6836
[f=207.009] Expanded: 6456, Generated: 6838
[f=207.028] Expanded: 6457, Generated: 6839
[f=207.470] Expanded: 6459, Generated: 6841
[f=207.771] Expanded: 6461, Generated: 6843
[f=207.817] Expanded: 6462, Generated: 6844
[f=208.711] Expanded: 6464, Generated: 6846
[f=206.942] Expanded: 6466, Generated: 6848
[f=207.061] Expanded: 6468, Generated: 6850
[f=212.990] Expanded: 6470, Generated: 6852
[f=213.962] Expanded: 6471, Generated: 6853
[f=211.071] Expanded: 6473, Generated: 6855
[f=204.838] Expanded: 6475, Generated: 6857
[f=204.856] Expanded: 6476, Generated: 6858
[f=209.513] Expanded: 6478, Generated: 6860
[f=209.498] Expanded: 6480, Generated: 6862
[f=207.195] Expanded: 6482, Generated: 6864
[f=207.213] Expanded: 6483, Generated: 6865
[f=209.196] Expanded: 6485, Generated: 6867
[f=206.923] Expanded: 6487, Generated: 6869
[f=206.941] Expanded: 6488, Generated: 6870
[f=209.101] Expanded: 6490, Generated: 6872
[f=207.579] Expanded: 6492, Generated: 6874
[f=207.416] Expanded: 6494, Generated: 6876
[f=209.615] Expanded: 6496, Generated: 6878
[f=207.594] Expanded: 6498, Generated: 6880
[f=208.334] Expanded: 6500, Generated: 6882
[f=208.357] Expanded: 6501, Generated: 6883
[f=207.659] Expanded: 6503, Generated: 6885
[f=214.851] Expanded: 6503, Generated: 6886
[f=207.550] Expanded: 6505, Generated: 6888
[f=209.416] Expanded: 6507, Generated: 6890
[f=206.619] Expanded: 6509, Generated: 6892
[f=206.632] Expanded: 6510, Generated: 6893
[f=209.480] Expanded: 6512, Generated: 6895
[f=209.717] Expanded: 6514, Generated: 6897
[f=207.218] Expanded: 6516, Generated: 6899
[f=207.223] Expanded: 6517, Generated: 6900
[f=207.554] Expanded: 6519, Generated: 6902
[f=209.683] Expanded: 6521, Generated: 6904
[f=207.605] Expanded: 6523, Generated: 6906
[f=207.803] Expanded: 6525, Generated: 6908
[f=207.686] Expanded: 6527, Generated: 6910
[f=209.639] Expanded: 6529, Generated: 6912
[f=208.541] Expanded: 6531, Generated: 6914
[f=208.571] Expanded: 6532, Generated: 6915
[f=209.578] Expanded: 6534, Generated: 6917
[f=207.705] Expanded: 6536, Generated: 6919
[f=207.690] Expanded: 6538, Generated: 6921
[f=209.845] Expanded: 6540, Generated: 6923
[f=209.318] Expanded: 6542, Generated: 6925
[f=207.613] Expanded: 6544, Generated: 6927
[f=207.768] Expanded: 6546, Generated: 6929
[f=207.225] Expanded: 6548, Generated: 6931
[f=207.244] Expanded: 6549, Generated: 6932
[f=208.018] Expanded: 6551, Generated: 6934
[f=208.063] Expanded: 6552, Generated: 6935
[f=209.265] Expanded: 6554, Generated: 6937
[f=207.232] Expanded: 6556, Generated: 6939
[f=207.251] Expanded: 6558, Generated: 6941
[f=213.255] Expanded: 6560, Generated: 6943
[f=214.225] Expanded: 6561, Generated: 6944
[f=211.362] Expanded: 6563, Generated: 6946
[f=211.537] Expanded: 6565, Generated: 6948
[f=215.623] Expanded: 6567, Generated: 6950
[f=215.741] Expanded: 6569, Generated: 6952
[f=213.342] Expanded: 6571, Generated: 6954
[f=215.925] Expanded: 6571, Generated: 6955
[f=204.649] Expanded: 6573, Generated: 6957
[f=204.668] Expanded: 6574, Generated: 6958
[f=209.615] Expanded: 6576, Generated: 6960
[f=207.725] Expanded: 6578, Generated: 6962
[f=209.528] Expanded: 6580, Generated: 6964
[f=209.515] Expanded: 6582, Generated: 6966
[f=207.082] Expanded: 6584, Generated: 6968
[f=207.100] Expanded: 6585, Generated: 6969
[f=207.570] Expanded: 6587, Generated: 6971
[f=209.093] Expanded: 6589, Generated: 6973
[f=206.733] Expanded: 6591, Generated: 6975
[f=206.751] Expanded: 6592, Generated: 6976
[f=208.987] Expanded: 6594, Generated: 6978
[f=207.407] Expanded: 6596, Generated: 6980
[f=207.450] Expanded: 6598, Generated: 6982
[f=208.223] Expanded: 6600, Generated: 6984
[f=208.245] Expanded: 6601, Generated: 6985
[f=207.523] Expanded: 6603, Generated: 6987
[f=214.670] Expanded: 6603, Generated: 6988
[f=207.402] Expanded: 6605, Generated: 6990
[f=209.305] Expanded: 6607, Generated: 6992
[f=209.368] Expanded: 6609, Generated: 6994
[f=209.611] Expanded: 6611, Generated: 6996
[f=207.032] Expanded: 6613, Generated: 6998
[f=207.037] Expanded: 6614, Generated: 6999
[f=207.411] Expanded: 6616, Generated: 7001
[f=209.522] Expanded: 6618, Generated: 7003
[f=207.461] Expanded: 6620, Generated: 7005
[f=207.663] Expanded: 6622, Generated: 7007
[f=207.550] Expanded: 6624, Generated: 7009
[f=209.482] Expanded: 6626, Generated: 7011
[f=208.417] Expanded: 6628, Generated: 7013
[f=208.446] Expanded: 6629, Generated: 7014
[f=209.471] Expanded: 6631, Generated: 7016
[f=207.569] Expanded: 6633, Generated: 7018
[f=207.546] Expanded: 6635, Generated: 7020
[f=209.732] Expanded: 6637, Generated: 7022
[f=209.148] Expanded: 6639, Generated: 7024
[f=207.473] Expanded: 6641, Generated: 7026
[f=207.622] Expanded: 6643, Generated: 7028
[f=207.031] Expanded: 6645, Generated: 7030
[f=207.050] Expanded: 6646, Generated: 7031
[f=207.905] Expanded: 6648, Generated: 7033
[f=207.951] Expanded: 6649, Generated: 7034
[f=209.153] Expanded: 6651, Generated: 7036
[f=207.093] Expanded: 6653, Generated: 7038
[f=207.107] Expanded: 6655, Generated: 7040
[f=213.133] Expanded: 6657, Generated: 7042
[f=214.103] Expanded: 6658, Generated: 7043
[f=211.217] Expanded: 6660, Generated: 7045
[f=213.497] Expanded: 6662, Generated: 7047
[f=213.506] Expanded: 6664, Generated: 7049
[f=210.691] Expanded: 6666, Generated: 7051
[f=210.724] Expanded: 6667, Generated: 7052
[f=210.312] Expanded: 6669, Generated: 7054
[f=210.341] Expanded: 6670, Generated: 7055
[f=213.525] Expanded: 6672, Generated: 7057
[f=211.819] Expanded: 6674, Generated: 7059
[f=211.845] Expanded: 6675, Generated: 7060
[f=215.927] Expanded: 6675, Generated: 7061
[f=204.757] Expanded: 6677, Generated: 7063
[f=204.776] Expanded: 6678, Generated: 7064
[f=209.552] Expanded: 6680, Generated: 7066
[f=209.522] Expanded: 6682, Generated: 7068
[f=207.103] Expanded: 6684, Generated: 7070
[f=207.121] Expanded: 6685, Generated: 7071
[f=207.574] Expanded: 6687, Generated: 7073
[f=209.109] Expanded: 6689, Generated: 7075
[f=206.842] Expanded: 6691, Generated: 7077
[f=206.860] Expanded: 6692, Generated: 7078
[f=209.004] Expanded: 6694, Generated: 7080
[f=207.397] Expanded: 6696, Generated: 7082
[f=207.446] Expanded: 6698, Generated: 7084
[f=208.246] Expanded: 6700, Generated: 7086
[f=208.269] Expanded: 6701, Generated: 7087
[f=209.603] Expanded: 6703, Generated: 7089
[f=207.519] Expanded: 6705, Generated: 7091
[f=207.588] Expanded: 6707, Generated: 7093
[f=207.398] Expanded: 6709, Generated: 7095
[f=209.329] Expanded: 6711, Generated: 7097
[f=209.636] Expanded: 6713, Generated: 7099
[f=209.393] Expanded: 6715, Generated: 7101
[f=207.126] Expanded: 6717, Generated: 7103
[f=207.131] Expanded: 6718, Generated: 7104
[f=206.266] Expanded: 6720, Generated: 7106
[f=206.276] Expanded: 6721, Generated: 7107
[f=207.412] Expanded: 6723, Generated: 7109
[f=209.588] Expanded: 6725, Generated: 7111
[f=207.750] Expanded: 6727, Generated: 7113
[f=207.757] Expanded: 6728, Generated: 7114
[f=207.464] Expanded: 6730, Generated: 7116
[f=207.537] Expanded: 6732, Generated: 7118
[f=208.453] Expanded: 6734, Generated: 7120
[f=208.483] Expanded: 6735, Generated: 7121
[f=209.545] Expanded: 6737, Generated: 7123
[f=209.492] Expanded: 6739, Generated: 7125
[f=207.544] Expanded: 6741, Generated: 7127
[f=207.558] Expanded: 6743, Generated: 7129
[f=209.752] Expanded: 6745, Generated: 7131
[f=209.223] Expanded: 6747, Generated: 7133
[f=207.473] Expanded: 6749, Generated: 7135
[f=207.143] Expanded: 6751, Generated: 7137
[f=207.162] Expanded: 6752, Generated: 7138
[f=207.620] Expanded: 6754, Generated: 7140
[f=207.941] Expanded: 6756, Generated: 7142
[f=207.987] Expanded: 6757, Generated: 7143
[f=209.176] Expanded: 6759, Generated: 7145
[f=207.090] Expanded: 6761, Generated: 7147
[f=207.107] Expanded: 6763, Generated: 7149
[f=213.172] Expanded: 6765, Generated: 7151
[f=214.142] Expanded: 6766, Generated: 7152
[f=211.221] Expanded: 6768, Generated: 7154
[f=213.521] Expanded: 6770, Generated: 7156
[f=213.529] Expanded: 6772, Generated: 7158
[f=215.933] Expanded: 6772, Generated: 7159
[f=213.398] Expanded: 6774, Generated: 7161
[f=215.705] Expanded: 6776, Generated: 7163
[f=215.696] Expanded: 6778, Generated: 7165
[f=211.285] Expanded: 6780, Generated: 7167
[f=211.310] Expanded: 6781, Generated: 7168
[f=215.941] Expanded: 6781, Generated: 7169
[f=210.775] Expanded: 6783, Generated: 7171
[f=210.809] Expanded: 6784, Generated: 7172
[f=211.440] Expanded: 6786, Generated: 7174
[f=215.944] Expanded: 6786, Generated: 7175
[f=204.672] Expanded: 6788, Generated: 7177
[f=204.691] Expanded: 6789, Generated: 7178
[f=209.186] Expanded: 6791, Generated: 7180
[f=209.184] Expanded: 6793, Generated: 7182
[f=207.033] Expanded: 6795, Generated: 7184
[f=207.051] Expanded: 6796, Generated: 7185
[f=209.474] Expanded: 6798, Generated: 7187
[f=206.755] Expanded: 6800, Generated: 7189
[f=206.773] Expanded: 6801, Generated: 7190
[f=208.917] Expanded: 6803, Generated: 7192
[f=207.341] Expanded: 6805, Generated: 7194
[f=207.131] Expanded: 6807, Generated: 7196
[f=209.296] Expanded: 6809, Generated: 7198
[f=207.361] Expanded: 6811, Generated: 7200
[f=208.036] Expanded: 6813, Generated: 7202
[f=208.059] Expanded: 6814, Generated: 7203
[f=207.838] Expanded: 6816, Generated: 7205
[f=207.452] Expanded: 6818, Generated: 7207
[f=207.266] Expanded: 6820, Generated: 7209
[f=209.418] Expanded: 6822, Generated: 7211
[f=206.387] Expanded: 6824, Generated: 7213
[f=206.400] Expanded: 6825, Generated: 7214
[f=209.295] Expanded: 6827, Generated: 7216
[f=209.407] Expanded: 6829, Generated: 7218
[f=206.983] Expanded: 6831, Generated: 7220
[f=206.989] Expanded: 6832, Generated: 7221
[f=209.370] Expanded: 6834, Generated: 7223
[f=207.610] Expanded: 6836, Generated: 7225
[f=207.617] Expanded: 6837, Generated: 7226
[f=207.321] Expanded: 6839, Generated: 7228
[f=207.520] Expanded: 6841, Generated: 7230
[f=207.400] Expanded: 6843, Generated: 7232
[f=209.327] Expanded: 6845, Generated: 7234
[f=208.251] Expanded: 6847, Generated: 7236
[f=208.281] Expanded: 6848, Generated: 7237
[f=209.266] Expanded: 6850, Generated: 7239
[f=207.420] Expanded: 6852, Generated: 7241
[f=207.405] Expanded: 6854, Generated: 7243
[f=209.533] Expanded: 6856, Generated: 7245
[f=208.993] Expanded: 6858, Generated: 7247
[f=207.328] Expanded: 6860, Generated: 7249
[f=207.482] Expanded: 6862, Generated: 7251
[f=207.055] Expanded: 6864, Generated: 7253
[f=207.074] Expanded: 6865, Generated: 7254
[f=207.725] Expanded: 6867, Generated: 7256
[f=207.770] Expanded: 6868, Generated: 7257
[f=208.955] Expanded: 6870, Generated: 7259
[f=206.948] Expanded: 6872, Generated: 7261
[f=206.967] Expanded: 6874, Generated: 7263
[f=212.939] Expanded: 6876, Generated: 7265
[f=213.910] Expanded: 6877, Generated: 7266
[f=211.076] Expanded: 6879, Generated: 7268
[f=213.302] Expanded: 6881, Generated: 7270
[f=213.305] Expanded: 6883, Generated: 7272
[f=211.421] Expanded: 6885, Generated: 7274
[f=210.256] Expanded: 6887, Generated: 7276
[f=210.287] Expanded: 6888, Generated: 7277
[f=215.945] Expanded: 6888, Generated: 7278
[f=215.945] Expanded: 6888, Generated: 7279
[f=215.945] Expanded: 6888, Generated: 7280
[f=211.564] Expanded: 6890, Generated: 7282
[f=215.948] Expanded: 6890, Generated: 7283
[f=204.887] Expanded: 6892, Generated: 7285
[f=204.906] Expanded: 6893, Generated: 7286
[f=209.410] Expanded: 6895, Generated: 7288
[f=209.247] Expanded: 6897, Generated: 7290
[f=207.124] Expanded: 6899, Generated: 7292
[f=207.142] Expanded: 6900, Generated: 7293
[f=209.078] Expanded: 6902, Generated: 7295
[f=206.851] Expanded: 6904, Generated: 7297
[f=206.869] Expanded: 6905, Generated: 7298
[f=208.985] Expanded: 6907, Generated: 7300
[f=207.392] Expanded: 6909, Generated: 7302
[f=207.181] Expanded: 6911, Generated: 7304
[f=209.359] Expanded: 6913, Generated: 7306
[f=207.361] Expanded: 6915, Generated: 7308
[f=208.125] Expanded: 6917, Generated: 7310
[f=208.148] Expanded: 6918, Generated: 7311
[f=207.559] Expanded: 6920, Generated: 7313
[f=207.425] Expanded: 6922, Generated: 7315
[f=207.318] Expanded: 6924, Generated: 7317
[f=209.295] Expanded: 6926, Generated: 7319
[f=209.481] Expanded: 6928, Generated: 7321
[f=206.434] Expanded: 6930, Generated: 7323
[f=206.447] Expanded: 6931, Generated: 7324
[f=209.471] Expanded: 6933, Generated: 7326
[f=207.046] Expanded: 6935, Generated: 7328
[f=207.052] Expanded: 6936, Generated: 7329
[f=207.321] Expanded: 6938, Generated: 7331
[f=209.433] Expanded: 6940, Generated: 7333
[f=207.652] Expanded: 6942, Generated: 7335
[f=207.660] Expanded: 6943, Generated: 7336
[f=207.571] Expanded: 6945, Generated: 7338
[f=207.502] Expanded: 6947, Generated: 7340
[f=209.391] Expanded: 6949, Generated: 7342
[f=208.445] Expanded: 6951, Generated: 7344
[f=208.476] Expanded: 6952, Generated: 7345
[f=209.329] Expanded: 6954, Generated: 7347
[f=207.469] Expanded: 6956, Generated: 7349
[f=207.444] Expanded: 6958, Generated: 7351
[f=209.597] Expanded: 6960, Generated: 7353
[f=209.070] Expanded: 6962, Generated: 7355
[f=207.377] Expanded: 6964, Generated: 7357
[f=207.531] Expanded: 6966, Generated: 7359
[f=207.039] Expanded: 6968, Generated: 7361
[f=207.057] Expanded: 6969, Generated: 7362
[f=207.795] Expanded: 6971, Generated: 7364
[f=207.841] Expanded: 6972, Generated: 7365
[f=208.779] Expanded: 6974, Generated: 7367
[f=206.998] Expanded: 6976, Generated: 7369
[f=207.158] Expanded: 6978, Generated: 7371
[f=213.005] Expanded: 6980, Generated: 7373
[f=213.977] Expanded: 6981, Generated: 7374
[f=211.128] Expanded: 6983, Generated: 7376
[f=215.949] Expanded: 6983, Generated: 7377
[f=211.436] Expanded: 6985, Generated: 7379
[f=210.781] Expanded: 6987, Generated: 7381
[f=210.783] Expanded: 6988, Generated: 7382
[f=210.800] Expanded: 6989, Generated: 7383
[f=204.750] Expanded: 6991, Generated: 7385
[f=204.769] Expanded: 6992, Generated: 7386
[f=209.562] Expanded: 6994, Generated: 7388
[f=209.485] Expanded: 6996, Generated: 7390
[f=207.058] Expanded: 6998, Generated: 7392
[f=207.076] Expanded: 6999, Generated: 7393
[f=207.552] Expanded: 7001, Generated: 7395
[f=209.121] Expanded: 7003, Generated: 7397
[f=206.859] Expanded: 7005, Generated: 7399
[f=206.877] Expanded: 7006, Generated: 7400
[f=208.962] Expanded: 7008, Generated: 7402
[f=207.278] Expanded: 7010, Generated: 7404
[f=207.319] Expanded: 7012, Generated: 7406
[f=208.194] Expanded: 7014, Generated: 7408
[f=208.217] Expanded: 7015, Generated: 7409
[f=209.566] Expanded: 7017, Generated: 7411
[f=207.444] Expanded: 7019, Generated: 7413
[f=207.567] Expanded: 7021, Generated: 7415
[f=209.340] Expanded: 7023, Generated: 7417
[f=207.272] Expanded: 7025, Generated: 7419
[f=209.651] Expanded: 7027, Generated: 7421
[f=209.403] Expanded: 7029, Generated: 7423
[f=209.588] Expanded: 7031, Generated: 7425
[f=206.999] Expanded: 7033, Generated: 7427
[f=207.005] Expanded: 7034, Generated: 7428
[f=206.173] Expanded: 7036, Generated: 7430
[f=206.183] Expanded: 7037, Generated: 7431
[f=207.338] Expanded: 7039, Generated: 7433
[f=207.725] Expanded: 7041, Generated: 7435
[f=207.732] Expanded: 7042, Generated: 7436
[f=207.441] Expanded: 7044, Generated: 7438
[f=207.537] Expanded: 7046, Generated: 7440
[f=209.563] Expanded: 7048, Generated: 7442
[f=208.393] Expanded: 7050, Generated: 7444
[f=208.424] Expanded: 7051, Generated: 7445
[f=209.502] Expanded: 7053, Generated: 7447
[f=207.488] Expanded: 7055, Generated: 7449
[f=207.423] Expanded: 7057, Generated: 7451
[f=209.767] Expanded: 7059, Generated: 7453
[f=209.236] Expanded: 7061, Generated: 7455
[f=207.395] Expanded: 7063, Generated: 7457
[f=207.548] Expanded: 7065, Generated: 7459
[f=207.079] Expanded: 7067, Generated: 7461
[f=207.098] Expanded: 7068, Generated: 7462
[f=207.947] Expanded: 7070, Generated: 7464
[f=207.993] Expanded: 7071, Generated: 7465
[f=209.146] Expanded: 7073, Generated: 7467
[f=207.019] Expanded: 7075, Generated: 7469
[f=206.991] Expanded: 7077, Generated: 7471
[f=213.157] Expanded: 7079, Generated: 7473
[f=214.127] Expanded: 7080, Generated: 7474
[f=211.145] Expanded: 7082, Generated: 7476
[f=213.533] Expanded: 7084, Generated: 7478
[f=213.539] Expanded: 7086, Generated: 7480
[f=210.700] Expanded: 7088, Generated: 7482
[f=210.734] Expanded: 7089, Generated: 7483
[f=211.488] Expanded: 7091, Generated: 7485
[f=213.405] Expanded: 7093, Generated: 7487
[f=215.955] Expanded: 7093, Generated: 7488
[f=204.759] Expanded: 7095, Generated: 7490
[f=204.778] Expanded: 7096, Generated: 7491
[f=209.360] Expanded: 7098, Generated: 7493
[f=207.484] Expanded: 7100, Generated: 7495
[f=209.430] Expanded: 7102, Generated: 7497
[f=209.320] Expanded: 7104, Generated: 7499
[f=207.072] Expanded: 7106, Generated: 7501
[f=207.090] Expanded: 7107, Generated: 7502
[f=207.385] Expanded: 7109, Generated: 7504
[f=208.980] Expanded: 7111, Generated: 7506
[f=206.658] Expanded: 7113, Generated: 7508
[f=206.676] Expanded: 7114, Generated: 7509
[f=208.930] Expanded: 7116, Generated: 7511
[f=207.227] Expanded: 7118, Generated: 7513
[f=207.275] Expanded: 7120, Generated: 7515
[f=208.076] Expanded: 7122, Generated: 7517
[f=208.098] Expanded: 7123, Generated: 7518
[f=207.412] Expanded: 7125, Generated: 7520
[f=207.292] Expanded: 7127, Generated: 7522
[f=207.228] Expanded: 7129, Generated: 7524
[f=209.244] Expanded: 7131, Generated: 7526
[f=209.370] Expanded: 7133, Generated: 7528
[f=209.423] Expanded: 7135, Generated: 7530
[f=206.922] Expanded: 7137, Generated: 7532
[f=206.928] Expanded: 7138, Generated: 7533
[f=207.235] Expanded: 7140, Generated: 7535
[f=209.330] Expanded: 7142, Generated: 7537
[f=207.441] Expanded: 7144, Generated: 7539
[f=207.448] Expanded: 7145, Generated: 7540
[f=207.488] Expanded: 7147, Generated: 7542
[f=207.421] Expanded: 7149, Generated: 7544
[f=209.292] Expanded: 7151, Generated: 7546
[f=208.382] Expanded: 7153, Generated: 7548
[f=208.412] Expanded: 7154, Generated: 7549
[f=209.282] Expanded: 7156, Generated: 7551
[f=207.358] Expanded: 7158, Generated: 7553
[f=207.388] Expanded: 7160, Generated: 7555
[f=209.541] Expanded: 7162, Generated: 7557
[f=208.907] Expanded: 7164, Generated: 7559
[f=207.295] Expanded: 7166, Generated: 7561
[f=207.441] Expanded: 7168, Generated: 7563
[f=206.844] Expanded: 7170, Generated: 7565
[f=206.863] Expanded: 7171, Generated: 7566
[f=207.744] Expanded: 7173, Generated: 7568
[f=207.789] Expanded: 7174, Generated: 7569
[f=208.728] Expanded: 7176, Generated: 7571
[f=206.917] Expanded: 7178, Generated: 7573
[f=207.071] Expanded: 7180, Generated: 7575
[f=212.949] Expanded: 7182, Generated: 7577
[f=213.920] Expanded: 7183, Generated: 7578
[f=211.041] Expanded: 7185, Generated: 7580
[f=213.311] Expanded: 7187, Generated: 7582
[f=213.321] Expanded: 7189, Generated: 7584
[f=210.555] Expanded: 7191, Generated: 7586
[f=210.588] Expanded: 7192, Generated: 7587
[f=215.955] Expanded: 7192, Generated: 7588
[f=215.956] Expanded: 7192, Generated: 7589
[f=215.734] Expanded: 7194, Generated: 7591
[f=215.958] Expanded: 7194, Generated: 7592
[f=213.368] Expanded: 7196, Generated: 7594
[f=215.960] Expanded: 7196, Generated: 7595
[f=210.275] Expanded: 7198, Generated: 7597
[f=210.306] Expanded: 7199, Generated: 7598
[f=204.841] Expanded: 7201, Generated: 7600
[f=204.860] Expanded: 7202, Generated: 7601
[f=209.500] Expanded: 7204, Generated: 7603
[f=209.485] Expanded: 7206, Generated: 7605
[f=207.194] Expanded: 7208, Generated: 7607
[f=207.212] Expanded: 7209, Generated: 7608
[f=209.187] Expanded: 7211, Generated: 7610
[f=206.915] Expanded: 7213, Generated: 7612
[f=206.933] Expanded: 7214, Generated: 7613
[f=209.093] Expanded: 7216, Generated: 7615
[f=207.542] Expanded: 7218, Generated: 7617
[f=207.380] Expanded: 7220, Generated: 7619
[f=209.600] Expanded: 7222, Generated: 7621
[f=207.561] Expanded: 7224, Generated: 7623
[f=208.328] Expanded: 7226, Generated: 7625
[f=208.350] Expanded: 7227, Generated: 7626
[f=207.627] Expanded: 7229, Generated: 7628
[f=207.701] Expanded: 7231, Generated: 7630
[f=207.516] Expanded: 7233, Generated: 7632
[f=209.406] Expanded: 7235, Generated: 7634
[f=209.718] Expanded: 7237, Generated: 7636
[f=206.627] Expanded: 7239, Generated: 7638
[f=206.641] Expanded: 7240, Generated: 7639
[f=209.471] Expanded: 7242, Generated: 7641
[f=207.216] Expanded: 7244, Generated: 7643
[f=207.222] Expanded: 7245, Generated: 7644
[f=207.519] Expanded: 7247, Generated: 7646
[f=209.671] Expanded: 7249, Generated: 7648
[f=207.841] Expanded: 7251, Generated: 7650
[f=207.849] Expanded: 7252, Generated: 7651
[f=207.570] Expanded: 7254, Generated: 7653
[f=207.649] Expanded: 7256, Generated: 7655
[f=209.628] Expanded: 7258, Generated: 7657
[f=208.543] Expanded: 7260, Generated: 7659
[f=208.573] Expanded: 7261, Generated: 7660
[f=209.566] Expanded: 7263, Generated: 7662
[f=207.655] Expanded: 7265, Generated: 7664
[f=207.669] Expanded: 7267, Generated: 7666
[f=209.834] Expanded: 7269, Generated: 7668
[f=209.304] Expanded: 7271, Generated: 7670
[f=207.578] Expanded: 7273, Generated: 7672
[f=207.731] Expanded: 7275, Generated: 7674
[f=207.224] Expanded: 7277, Generated: 7676
[f=207.242] Expanded: 7278, Generated: 7677
[f=208.015] Expanded: 7280, Generated: 7679
[f=208.061] Expanded: 7281, Generated: 7680
[f=209.255] Expanded: 7283, Generated: 7682
[f=207.197] Expanded: 7285, Generated: 7684
[f=207.215] Expanded: 7287, Generated: 7686
[f=213.239] Expanded: 7289, Generated: 7688
[f=214.209] Expanded: 7290, Generated: 7689
[f=211.328] Expanded: 7292, Generated: 7691
[f=215.963] Expanded: 7292, Generated: 7692
[f=215.964] Expanded: 7292, Generated: 7693
[f=215.732] Expanded: 7294, Generated: 7695
[f=215.964] Expanded: 7294, Generated: 7696
[f=215.778] Expanded: 7296, Generated: 7698
[f=215.964] Expanded: 7296, Generated: 7699
[f=215.964] Expanded: 7296, Generated: 7700
[f=210.424] Expanded: 7298, Generated: 7702
[f=210.376] Expanded: 7300, Generated: 7704
[f=215.755] Expanded: 7302, Generated: 7706
[f=215.967] Expanded: 7302, Generated: 7707
[f=210.183] Expanded: 7304, Generated: 7709
[f=210.212] Expanded: 7305, Generated: 7710
[f=204.718] Expanded: 7307, Generated: 7712
[f=204.736] Expanded: 7308, Generated: 7713
[f=209.600] Expanded: 7310, Generated: 7715
[f=207.685] Expanded: 7312, Generated: 7717
[f=209.524] Expanded: 7314, Generated: 7719
[f=209.562] Expanded: 7316, Generated: 7721
[f=207.146] Expanded: 7318, Generated: 7723
[f=207.164] Expanded: 7319, Generated: 7724
[f=207.539] Expanded: 7321, Generated: 7726
[f=209.090] Expanded: 7323, Generated: 7728
[f=206.727] Expanded: 7325, Generated: 7730
[f=206.745] Expanded: 7326, Generated: 7731
[f=209.042] Expanded: 7328, Generated: 7733
[f=207.430] Expanded: 7330, Generated: 7735
[f=207.479] Expanded: 7332, Generated: 7737
[f=208.283] Expanded: 7334, Generated: 7739
[f=208.305] Expanded: 7335, Generated: 7740
[f=207.495] Expanded: 7337, Generated: 7742
[f=207.557] Expanded: 7339, Generated: 7744
[f=207.429] Expanded: 7341, Generated: 7746
[f=209.359] Expanded: 7343, Generated: 7748
[f=209.611] Expanded: 7345, Generated: 7750
[f=209.423] Expanded: 7347, Generated: 7752
[f=207.096] Expanded: 7349, Generated: 7754
[f=207.101] Expanded: 7350, Generated: 7755
[f=207.437] Expanded: 7352, Generated: 7757
[f=209.571] Expanded: 7354, Generated: 7759
[f=207.634] Expanded: 7356, Generated: 7761
[f=207.641] Expanded: 7357, Generated: 7762
[f=207.487] Expanded: 7359, Generated: 7764
[f=207.572] Expanded: 7361, Generated: 7766
[f=208.484] Expanded: 7363, Generated: 7768
[f=208.514] Expanded: 7364, Generated: 7769
[f=209.532] Expanded: 7366, Generated: 7771
[f=209.518] Expanded: 7368, Generated: 7773
[f=207.573] Expanded: 7370, Generated: 7775
[f=207.591] Expanded: 7372, Generated: 7777
[f=209.782] Expanded: 7374, Generated: 7779
[f=209.146] Expanded: 7376, Generated: 7781
[f=207.495] Expanded: 7378, Generated: 7783
[f=207.644] Expanded: 7380, Generated: 7785
[f=207.032] Expanded: 7382, Generated: 7787
[f=207.052] Expanded: 7383, Generated: 7788
[f=207.968] Expanded: 7385, Generated: 7790
[f=208.014] Expanded: 7386, Generated: 7791
[f=209.207] Expanded: 7388, Generated: 7793
[f=207.119] Expanded: 7390, Generated: 7795
[f=207.132] Expanded: 7392, Generated: 7797
[f=213.185] Expanded: 7394, Generated: 7799
[f=214.156] Expanded: 7395, Generated: 7800
[f=211.244] Expanded: 7397, Generated: 7802
[f=213.555] Expanded: 7399, Generated: 7804
[f=213.565] Expanded: 7401, Generated: 7806
[f=210.750] Expanded: 7403, Generated: 7808
[f=210.783] Expanded: 7404, Generated: 7809
[f=210.383] Expanded: 7406, Generated: 7811
[f=210.413] Expanded: 7407, Generated: 7812
[f=215.968] Expanded: 7407, Generated: 7813
[f=210.796] Expanded: 7409, Generated: 7815
[f=215.969] Expanded: 7409, Generated: 7816
[f=200.556] Expanded: 7411, Generated: 7818
[f=200.575] Expanded: 7412, Generated: 7819
[f=205.109] Expanded: 7414, Generated: 7821
[f=205.540] Expanded: 7416, Generated: 7823
[f=203.375] Expanded: 7418, Generated: 7825
[f=204.967] Expanded: 7420, Generated: 7827
[f=202.658] Expanded: 7422, Generated: 7829
[f=202.675] Expanded: 7423, Generated: 7830
[f=204.854] Expanded: 7425, Generated: 7832
[f=203.578] Expanded: 7427, Generated: 7834
[f=203.783] Expanded: 7429, Generated: 7836
[f=203.804] Expanded: 7430, Generated: 7837
[f=203.267] Expanded: 7432, Generated: 7839
[f=205.000] Expanded: 7434, Generated: 7841
[f=203.357] Expanded: 7436, Generated: 7843
[f=203.145] Expanded: 7438, Generated: 7845
[f=205.232] Expanded: 7440, Generated: 7847
[f=205.081] Expanded: 7442, Generated: 7849
[f=205.190] Expanded: 7444, Generated: 7851
[f=202.884] Expanded: 7446, Generated: 7853
[f=202.888] Expanded: 7447, Generated: 7854
[f=203.199] Expanded: 7449, Generated: 7856
[f=205.155] Expanded: 7451, Generated: 7858
[f=203.491] Expanded: 7453, Generated: 7860
[f=203.497] Expanded: 7454, Generated: 7861
[f=203.198] Expanded: 7456, Generated: 7863
[f=203.401] Expanded: 7458, Generated: 7865
[f=203.281] Expanded: 7460, Generated: 7867
[f=205.107] Expanded: 7462, Generated: 7869
[f=203.956] Expanded: 7464, Generated: 7871
[f=203.986] Expanded: 7465, Generated: 7872
[f=205.045] Expanded: 7467, Generated: 7874
[f=203.298] Expanded: 7469, Generated: 7876
[f=203.302] Expanded: 7471, Generated: 7878
[f=205.304] Expanded: 7473, Generated: 7880
[f=204.781] Expanded: 7475, Generated: 7882
[f=203.207] Expanded: 7477, Generated: 7884
[f=203.353] Expanded: 7479, Generated: 7886
[f=202.935] Expanded: 7481, Generated: 7888
[f=202.954] Expanded: 7482, Generated: 7889
[f=203.441] Expanded: 7484, Generated: 7891
[f=203.486] Expanded: 7485, Generated: 7892
[f=204.717] Expanded: 7487, Generated: 7894
[f=202.838] Expanded: 7489, Generated: 7896
[f=202.833] Expanded: 7491, Generated: 7898
[f=209.152] Expanded: 7493, Generated: 7900
[f=210.109] Expanded: 7494, Generated: 7901
[f=207.495] Expanded: 7496, Generated: 7903
[f=207.134] Expanded: 7498, Generated: 7905
[f=207.136] Expanded: 7499, Generated: 7906
[f=209.060] Expanded: 7501, Generated: 7908
[f=209.064] Expanded: 7503, Generated: 7910
[f=207.278] Expanded: 7505, Generated: 7912
[f=209.064] Expanded: 7507, Generated: 7914
[f=206.479] Expanded: 7509, Generated: 7916
[f=206.511] Expanded: 7510, Generated: 7917
[f=207.292] Expanded: 7512, Generated: 7919
[f=206.130] Expanded: 7514, Generated: 7921
[f=206.160] Expanded: 7515, Generated: 7922
[f=211.887] Expanded: 7516, Generated: 7923
[f=207.349] Expanded: 7518, Generated: 7925
[f=207.355] Expanded: 7519, Generated: 7926
[f=207.366] Expanded: 7520, Generated: 7927
[f=201.147] Expanded: 7522, Generated: 7929
[f=201.166] Expanded: 7523, Generated: 7930
[f=205.747] Expanded: 7525, Generated: 7932
[f=206.179] Expanded: 7527, Generated: 7934
[f=205.622] Expanded: 7529, Generated: 7936
[f=203.951] Expanded: 7531, Generated: 7938
[f=205.513] Expanded: 7533, Generated: 7940
[f=204.093] Expanded: 7535, Generated: 7942
[f=204.403] Expanded: 7537, Generated: 7944
[f=204.424] Expanded: 7538, Generated: 7945
[f=203.779] Expanded: 7540, Generated: 7947
[f=205.695] Expanded: 7542, Generated: 7949
[f=203.659] Expanded: 7544, Generated: 7951
[f=205.882] Expanded: 7546, Generated: 7953
[f=205.755] Expanded: 7548, Generated: 7955
[f=205.894] Expanded: 7550, Generated: 7957
[f=203.430] Expanded: 7552, Generated: 7959
[f=203.434] Expanded: 7553, Generated: 7960
[f=203.764] Expanded: 7555, Generated: 7962
[f=205.871] Expanded: 7557, Generated: 7964
[f=204.029] Expanded: 7559, Generated: 7966
[f=204.035] Expanded: 7560, Generated: 7967
[f=203.802] Expanded: 7562, Generated: 7969
[f=203.981] Expanded: 7564, Generated: 7971
[f=203.927] Expanded: 7566, Generated: 7973
[f=205.892] Expanded: 7568, Generated: 7975
[f=204.562] Expanded: 7570, Generated: 7977
[f=204.592] Expanded: 7571, Generated: 7978
[f=205.824] Expanded: 7573, Generated: 7980
[f=203.958] Expanded: 7575, Generated: 7982
[f=203.896] Expanded: 7577, Generated: 7984
[f=206.093] Expanded: 7579, Generated: 7986
[f=205.484] Expanded: 7581, Generated: 7988
[f=203.858] Expanded: 7583, Generated: 7990
[f=204.016] Expanded: 7585, Generated: 7992
[f=203.471] Expanded: 7587, Generated: 7994
[f=203.490] Expanded: 7588, Generated: 7995
[f=204.051] Expanded: 7590, Generated: 7997
[f=204.096] Expanded: 7591, Generated: 7998
[f=205.621] Expanded: 7593, Generated: 8000
[f=203.457] Expanded: 7595, Generated: 8002
[f=203.625] Expanded: 7597, Generated: 8004
[f=209.831] Expanded: 7599, Generated: 8006
[f=210.786] Expanded: 7600, Generated: 8007
[f=208.014] Expanded: 7602, Generated: 8009
[f=206.274] Expanded: 7604, Generated: 8011
[f=204.351] Expanded: 7606, Generated: 8013
[f=201.458] Expanded: 7608, Generated: 8015
[f=201.477] Expanded: 7609, Generated: 8016
[f=206.295] Expanded: 7611, Generated: 8018
[f=204.402] Expanded: 7613, Generated: 8020
[f=205.890] Expanded: 7615, Generated: 8022
[f=205.789] Expanded: 7617, Generated: 8024
[f=203.569] Expanded: 7619, Generated: 8026
[f=203.586] Expanded: 7620, Generated: 8027
[f=204.705] Expanded: 7622, Generated: 8029
[f=204.727] Expanded: 7623, Generated: 8030
[f=204.020] Expanded: 7625, Generated: 8032
[f=205.970] Expanded: 7627, Generated: 8034
[f=203.906] Expanded: 7629, Generated: 8036
[f=204.091] Expanded: 7631, Generated: 8038
[f=206.164] Expanded: 7633, Generated: 8040
[f=206.033] Expanded: 7635, Generated: 8042
[f=206.173] Expanded: 7637, Generated: 8044
[f=203.633] Expanded: 7639, Generated: 8046
[f=203.638] Expanded: 7640, Generated: 8047
[f=203.999] Expanded: 7642, Generated: 8049
[f=206.149] Expanded: 7644, Generated: 8051
[f=204.263] Expanded: 7646, Generated: 8053
[f=204.270] Expanded: 7647, Generated: 8054
[f=203.982] Expanded: 7649, Generated: 8056
[f=204.214] Expanded: 7651, Generated: 8058
[f=204.108] Expanded: 7653, Generated: 8060
[f=206.165] Expanded: 7655, Generated: 8062
[f=204.884] Expanded: 7657, Generated: 8064
[f=204.913] Expanded: 7658, Generated: 8065
[f=206.098] Expanded: 7660, Generated: 8067
[f=204.188] Expanded: 7662, Generated: 8069
[f=204.128] Expanded: 7664, Generated: 8071
[f=206.368] Expanded: 7666, Generated: 8073
[f=205.759] Expanded: 7668, Generated: 8075
[f=204.221] Expanded: 7670, Generated: 8077
[f=204.381] Expanded: 7672, Generated: 8079
[f=203.694] Expanded: 7674, Generated: 8081
[f=203.713] Expanded: 7675, Generated: 8082
[f=204.370] Expanded: 7677, Generated: 8084
[f=204.415] Expanded: 7678, Generated: 8085
[f=205.889] Expanded: 7680, Generated: 8087
[f=203.688] Expanded: 7682, Generated: 8089
[f=203.849] Expanded: 7684, Generated: 8091
[f=210.149] Expanded: 7686, Generated: 8093
[f=211.104] Expanded: 7687, Generated: 8094
[f=208.277] Expanded: 7689, Generated: 8096
[f=206.534] Expanded: 7691, Generated: 8098
[f=204.571] Expanded: 7693, Generated: 8100
[f=212.279] Expanded: 7694, Generated: 8101
[f=209.510] Expanded: 7696, Generated: 8103
[f=206.390] Expanded: 7698, Generated: 8105
[f=206.407] Expanded: 7699, Generated: 8106
[f=206.410] Expanded: 7700, Generated: 8107
[f=200.969] Expanded: 7702, Generated: 8109
[f=200.987] Expanded: 7703, Generated: 8110
[f=205.457] Expanded: 7705, Generated: 8112
[f=205.889] Expanded: 7707, Generated: 8114
[f=203.820] Expanded: 7709, Generated: 8116
[f=205.232] Expanded: 7711, Generated: 8118
[f=203.113] Expanded: 7713, Generated: 8120
[f=203.130] Expanded: 7714, Generated: 8121
[f=204.021] Expanded: 7716, Generated: 8123
[f=204.210] Expanded: 7718, Generated: 8125
[f=204.231] Expanded: 7719, Generated: 8126
[f=205.859] Expanded: 7721, Generated: 8128
[f=203.583] Expanded: 7723, Generated: 8130
[f=203.778] Expanded: 7725, Generated: 8132
[f=205.588] Expanded: 7727, Generated: 8134
[f=205.464] Expanded: 7729, Generated: 8136
[f=205.598] Expanded: 7731, Generated: 8138
[f=203.300] Expanded: 7733, Generated: 8140
[f=203.305] Expanded: 7734, Generated: 8141
[f=204.147] Expanded: 7736, Generated: 8143
[f=205.573] Expanded: 7738, Generated: 8145
[f=203.918] Expanded: 7740, Generated: 8147
[f=203.924] Expanded: 7741, Generated: 8148
[f=203.671] Expanded: 7743, Generated: 8150
[f=203.905] Expanded: 7745, Generated: 8152
[f=203.796] Expanded: 7747, Generated: 8154
[f=205.589] Expanded: 7749, Generated: 8156
[f=204.397] Expanded: 7751, Generated: 8158
[f=204.426] Expanded: 7752, Generated: 8159
[f=205.531] Expanded: 7754, Generated: 8161
[f=203.876] Expanded: 7756, Generated: 8163
[f=203.818] Expanded: 7758, Generated: 8165
[f=205.790] Expanded: 7760, Generated: 8167
[f=203.779] Expanded: 7762, Generated: 8169
[f=205.188] Expanded: 7764, Generated: 8171
[f=203.933] Expanded: 7766, Generated: 8173
[f=203.370] Expanded: 7768, Generated: 8175
[f=203.389] Expanded: 7769, Generated: 8176
[f=203.878] Expanded: 7771, Generated: 8178
[f=203.923] Expanded: 7772, Generated: 8179
[f=205.314] Expanded: 7774, Generated: 8181
[f=203.379] Expanded: 7776, Generated: 8183
[f=203.538] Expanded: 7778, Generated: 8185
[f=209.661] Expanded: 7780, Generated: 8187
[f=210.617] Expanded: 7781, Generated: 8188
[f=207.961] Expanded: 7783, Generated: 8190
[f=205.961] Expanded: 7785, Generated: 8192
[f=204.264] Expanded: 7787, Generated: 8194
[f=207.609] Expanded: 7789, Generated: 8196
[f=207.611] Expanded: 7790, Generated: 8197
[f=209.493] Expanded: 7792, Generated: 8199
[f=209.497] Expanded: 7794, Generated: 8201
[f=207.791] Expanded: 7796, Generated: 8203
[f=209.506] Expanded: 7798, Generated: 8205
[f=206.947] Expanded: 7800, Generated: 8207
[f=206.979] Expanded: 7801, Generated: 8208
[f=207.815] Expanded: 7803, Generated: 8210
[f=206.591] Expanded: 7805, Generated: 8212
[f=206.620] Expanded: 7806, Generated: 8213
[f=209.537] Expanded: 7808, Generated: 8215
[f=207.848] Expanded: 7810, Generated: 8217
[f=206.641] Expanded: 7812, Generated: 8219
[f=206.655] Expanded: 7813, Generated: 8220
[f=206.658] Expanded: 7814, Generated: 8221
[f=207.747] Expanded: 7816, Generated: 8223
[f=201.165] Expanded: 7818, Generated: 8225
[f=201.183] Expanded: 7819, Generated: 8226
[f=205.729] Expanded: 7821, Generated: 8228
[f=206.166] Expanded: 7823, Generated: 8230
[f=205.591] Expanded: 7825, Generated: 8232
[f=204.004] Expanded: 7827, Generated: 8234
[f=205.485] Expanded: 7829, Generated: 8236
[f=203.286] Expanded: 7831, Generated: 8238
[f=203.303] Expanded: 7832, Generated: 8239
[f=204.209] Expanded: 7834, Generated: 8241
[f=204.413] Expanded: 7836, Generated: 8243
[f=204.435] Expanded: 7837, Generated: 8244
[f=203.897] Expanded: 7839, Generated: 8246
[f=205.666] Expanded: 7841, Generated: 8248
[f=203.779] Expanded: 7843, Generated: 8250
[f=203.969] Expanded: 7845, Generated: 8252
[f=205.730] Expanded: 7847, Generated: 8254
[f=205.869] Expanded: 7849, Generated: 8256
[f=203.493] Expanded: 7851, Generated: 8258
[f=203.498] Expanded: 7852, Generated: 8259
[f=203.871] Expanded: 7854, Generated: 8261
[f=205.845] Expanded: 7856, Generated: 8263
[f=203.855] Expanded: 7858, Generated: 8265
[f=204.087] Expanded: 7860, Generated: 8267
[f=203.981] Expanded: 7862, Generated: 8269
[f=205.859] Expanded: 7864, Generated: 8271
[f=204.597] Expanded: 7866, Generated: 8273
[f=204.626] Expanded: 7867, Generated: 8274
[f=205.792] Expanded: 7869, Generated: 8276
[f=204.060] Expanded: 7871, Generated: 8278
[f=204.000] Expanded: 7873, Generated: 8280
[f=206.061] Expanded: 7875, Generated: 8282
[f=205.459] Expanded: 7877, Generated: 8284
[f=203.959] Expanded: 7879, Generated: 8286
[f=204.119] Expanded: 7881, Generated: 8288
[f=203.555] Expanded: 7883, Generated: 8290
[f=203.574] Expanded: 7884, Generated: 8291
[f=204.075] Expanded: 7886, Generated: 8293
[f=204.120] Expanded: 7887, Generated: 8294
[f=205.580] Expanded: 7889, Generated: 8296
[f=203.560] Expanded: 7891, Generated: 8298
[f=203.721] Expanded: 7893, Generated: 8300
[f=209.852] Expanded: 7895, Generated: 8302
[f=210.808] Expanded: 7896, Generated: 8303
[f=208.150] Expanded: 7898, Generated: 8305
[f=206.229] Expanded: 7900, Generated: 8307
[f=204.443] Expanded: 7902, Generated: 8309
[f=200.998] Expanded: 7904, Generated: 8311
[f=201.016] Expanded: 7905, Generated: 8312
[f=205.535] Expanded: 7907, Generated: 8314
[f=205.970] Expanded: 7909, Generated: 8316
[f=205.862] Expanded: 7911, Generated: 8318
[f=203.795] Expanded: 7913, Generated: 8320
[f=205.296] Expanded: 7915, Generated: 8322
[f=203.113] Expanded: 7917, Generated: 8324
[f=203.130] Expanded: 7918, Generated: 8325
[f=204.000] Expanded: 7920, Generated: 8327
[f=204.240] Expanded: 7922, Generated: 8329
[f=204.261] Expanded: 7923, Generated: 8330
[f=204.149] Expanded: 7925, Generated: 8332
[f=203.570] Expanded: 7927, Generated: 8334
[f=203.763] Expanded: 7929, Generated: 8336
[f=205.665] Expanded: 7931, Generated: 8338
[f=205.537] Expanded: 7933, Generated: 8340
[f=205.666] Expanded: 7935, Generated: 8342
[f=203.320] Expanded: 7937, Generated: 8344
[f=203.325] Expanded: 7938, Generated: 8345
[f=205.639] Expanded: 7940, Generated: 8347
[f=203.939] Expanded: 7942, Generated: 8349
[f=203.946] Expanded: 7943, Generated: 8350
[f=203.640] Expanded: 7945, Generated: 8352
[f=203.868] Expanded: 7947, Generated: 8354
[f=203.758] Expanded: 7949, Generated: 8356
[f=205.646] Expanded: 7951, Generated: 8358
[f=204.430] Expanded: 7953, Generated: 8360
[f=204.460] Expanded: 7954, Generated: 8361
[f=205.581] Expanded: 7956, Generated: 8363
[f=203.829] Expanded: 7958, Generated: 8365
[f=203.778] Expanded: 7960, Generated: 8367
[f=205.848] Expanded: 7962, Generated: 8369
[f=205.253] Expanded: 7964, Generated: 8371
[f=203.731] Expanded: 7966, Generated: 8373
[f=203.887] Expanded: 7968, Generated: 8375
[f=203.384] Expanded: 7970, Generated: 8377
[f=203.404] Expanded: 7971, Generated: 8378
[f=203.907] Expanded: 7973, Generated: 8380
[f=203.952] Expanded: 7974, Generated: 8381
[f=205.361] Expanded: 7976, Generated: 8383
[f=203.336] Expanded: 7978, Generated: 8385
[f=203.479] Expanded: 7980, Generated: 8387
[f=209.687] Expanded: 7982, Generated: 8389
[f=210.644] Expanded: 7983, Generated: 8390
[f=207.951] Expanded: 7985, Generated: 8392
[f=205.997] Expanded: 7987, Generated: 8394
[f=204.197] Expanded: 7989, Generated: 8396
[f=207.636] Expanded: 7991, Generated: 8398
[f=207.638] Expanded: 7992, Generated: 8399
[f=209.565] Expanded: 7994, Generated: 8401
[f=209.570] Expanded: 7996, Generated: 8403
[f=207.761] Expanded: 7998, Generated: 8405
[f=209.577] Expanded: 8000, Generated: 8407
[f=206.948] Expanded: 8002, Generated: 8409
[f=206.981] Expanded: 8003, Generated: 8410
[f=207.785] Expanded: 8005, Generated: 8412
[f=206.593] Expanded: 8007, Generated: 8414
[f=206.622] Expanded: 8008, Generated: 8415
[f=201.212] Expanded: 8010, Generated: 8417
[f=201.231] Expanded: 8011, Generated: 8418
[f=205.748] Expanded: 8013, Generated: 8420
[f=206.034] Expanded: 8015, Generated: 8422
[f=205.466] Expanded: 8017, Generated: 8424
[f=203.828] Expanded: 8019, Generated: 8426
[f=205.361] Expanded: 8021, Generated: 8428
[f=203.204] Expanded: 8023, Generated: 8430
[f=203.221] Expanded: 8024, Generated: 8431
[f=203.983] Expanded: 8026, Generated: 8433
[f=204.327] Expanded: 8028, Generated: 8435
[f=204.349] Expanded: 8029, Generated: 8436
[f=203.671] Expanded: 8031, Generated: 8438
[f=205.537] Expanded: 8033, Generated: 8440
[f=203.555] Expanded: 8035, Generated: 8442
[f=203.802] Expanded: 8037, Generated: 8444
[f=205.729] Expanded: 8039, Generated: 8446
[f=205.734] Expanded: 8041, Generated: 8448
[f=203.313] Expanded: 8043, Generated: 8450
[f=203.318] Expanded: 8044, Generated: 8451
[f=203.639] Expanded: 8046, Generated: 8453
[f=205.707] Expanded: 8048, Generated: 8455
[f=203.915] Expanded: 8050, Generated: 8457
[f=203.922] Expanded: 8051, Generated: 8458
[f=203.855] Expanded: 8053, Generated: 8460
[f=203.796] Expanded: 8055, Generated: 8462
[f=205.717] Expanded: 8057, Generated: 8464
[f=204.627] Expanded: 8059, Generated: 8466
[f=204.656] Expanded: 8060, Generated: 8467
[f=205.651] Expanded: 8062, Generated: 8469
[f=203.817] Expanded: 8064, Generated: 8471
[f=203.755] Expanded: 8066, Generated: 8473
[f=205.919] Expanded: 8068, Generated: 8475
[f=205.321] Expanded: 8070, Generated: 8477
[f=203.718] Expanded: 8072, Generated: 8479
[f=203.875] Expanded: 8074, Generated: 8481
[f=203.362] Expanded: 8076, Generated: 8483
[f=203.381] Expanded: 8077, Generated: 8484
[f=203.977] Expanded: 8079, Generated: 8486
[f=204.022] Expanded: 8080, Generated: 8487
[f=205.196] Expanded: 8082, Generated: 8489
[f=203.323] Expanded: 8084, Generated: 8491
[f=203.612] Expanded: 8086, Generated: 8493
[f=209.755] Expanded: 8088, Generated: 8495
[f=210.711] Expanded: 8089, Generated: 8496
[f=207.937] Expanded: 8091, Generated: 8498
[f=206.076] Expanded: 8093, Generated: 8500
[f=204.191] Expanded: 8095, Generated: 8502
[f=205.645] Expanded: 8097, Generated: 8504
[f=205.664] Expanded: 8098, Generated: 8505
[f=201.197] Expanded: 8100, Generated: 8507
[f=201.215] Expanded: 8101, Generated: 8508
[f=205.739] Expanded: 8103, Generated: 8510
[f=206.175] Expanded: 8105, Generated: 8512
[f=205.601] Expanded: 8107, Generated: 8514
[f=204.011] Expanded: 8109, Generated: 8516
[f=205.495] Expanded: 8111, Generated: 8518
[f=203.304] Expanded: 8113, Generated: 8520
[f=203.321] Expanded: 8114, Generated: 8521
[f=204.217] Expanded: 8116, Generated: 8523
[f=204.439] Expanded: 8118, Generated: 8525
[f=204.460] Expanded: 8119, Generated: 8526
[f=203.906] Expanded: 8121, Generated: 8528
[f=205.667] Expanded: 8123, Generated: 8530
[f=203.788] Expanded: 8125, Generated: 8532
[f=203.982] Expanded: 8127, Generated: 8534
[f=205.869] Expanded: 8129, Generated: 8536
[f=205.735] Expanded: 8131, Generated: 8538
[f=203.521] Expanded: 8133, Generated: 8540
[f=203.525] Expanded: 8134, Generated: 8541
[f=203.869] Expanded: 8136, Generated: 8543
[f=205.839] Expanded: 8138, Generated: 8545
[f=204.140] Expanded: 8140, Generated: 8547
[f=204.146] Expanded: 8141, Generated: 8548
[f=203.856] Expanded: 8143, Generated: 8550
[f=203.971] Expanded: 8145, Generated: 8552
[f=205.844] Expanded: 8147, Generated: 8554
[f=204.630] Expanded: 8149, Generated: 8556
[f=204.659] Expanded: 8150, Generated: 8557
[f=205.772] Expanded: 8152, Generated: 8559
[f=204.040] Expanded: 8154, Generated: 8561
[f=203.992] Expanded: 8156, Generated: 8563
[f=206.046] Expanded: 8158, Generated: 8565
[f=203.938] Expanded: 8160, Generated: 8567
[f=205.453] Expanded: 8162, Generated: 8569
[f=204.098] Expanded: 8164, Generated: 8571
[f=203.582] Expanded: 8166, Generated: 8573
[f=203.601] Expanded: 8167, Generated: 8574
[f=204.105] Expanded: 8169, Generated: 8576
[f=204.150] Expanded: 8170, Generated: 8577
[f=205.555] Expanded: 8172, Generated: 8579
[f=203.547] Expanded: 8174, Generated: 8581
[f=203.687] Expanded: 8176, Generated: 8583
[f=209.897] Expanded: 8178, Generated: 8585
[f=210.853] Expanded: 8179, Generated: 8586
[f=208.172] Expanded: 8181, Generated: 8588
[f=206.188] Expanded: 8183, Generated: 8590
[f=204.398] Expanded: 8185, Generated: 8592
[f=209.699] Expanded: 8187, Generated: 8594
[f=201.157] Expanded: 8189, Generated: 8596
[f=201.176] Expanded: 8190, Generated: 8597
[f=205.713] Expanded: 8192, Generated: 8599
[f=206.150] Expanded: 8194, Generated: 8601
[f=205.576] Expanded: 8196, Generated: 8603
[f=203.955] Expanded: 8198, Generated: 8605
[f=205.468] Expanded: 8200, Generated: 8607
[f=203.286] Expanded: 8202, Generated: 8609
[f=203.303] Expanded: 8203, Generated: 8610
[f=204.110] Expanded: 8205, Generated: 8612
[f=204.402] Expanded: 8207, Generated: 8614
[f=204.423] Expanded: 8208, Generated: 8615
[f=203.796] Expanded: 8210, Generated: 8617
[f=205.640] Expanded: 8212, Generated: 8619
[f=203.677] Expanded: 8214, Generated: 8621
[f=203.928] Expanded: 8216, Generated: 8623
[f=205.844] Expanded: 8218, Generated: 8625
[f=205.708] Expanded: 8220, Generated: 8627
[f=205.839] Expanded: 8222, Generated: 8629
[f=203.413] Expanded: 8224, Generated: 8631
[f=203.418] Expanded: 8225, Generated: 8632
[f=203.758] Expanded: 8227, Generated: 8634
[f=204.070] Expanded: 8229, Generated: 8636
[f=204.076] Expanded: 8230, Generated: 8637
[f=203.797] Expanded: 8232, Generated: 8639
[f=203.970] Expanded: 8234, Generated: 8641
[f=205.812] Expanded: 8236, Generated: 8643
[f=204.593] Expanded: 8238, Generated: 8645
[f=204.623] Expanded: 8239, Generated: 8646
[f=205.746] Expanded: 8241, Generated: 8648
[f=203.922] Expanded: 8243, Generated: 8650
[f=203.879] Expanded: 8245, Generated: 8652
[f=206.015] Expanded: 8247, Generated: 8654
[f=205.427] Expanded: 8249, Generated: 8656
[f=203.823] Expanded: 8251, Generated: 8658
[f=203.980] Expanded: 8253, Generated: 8660
[f=203.486] Expanded: 8255, Generated: 8662
[f=203.505] Expanded: 8256, Generated: 8663
[f=204.069] Expanded: 8258, Generated: 8665
[f=204.114] Expanded: 8259, Generated: 8666
[f=205.520] Expanded: 8261, Generated: 8668
[f=203.432] Expanded: 8263, Generated: 8670
[f=203.563] Expanded: 8265, Generated: 8672
[f=209.851] Expanded: 8267, Generated: 8674
[f=210.806] Expanded: 8268, Generated: 8675
[f=208.064] Expanded: 8270, Generated: 8677
[f=206.153] Expanded: 8272, Generated: 8679
[f=204.276] Expanded: 8274, Generated: 8681
[f=207.787] Expanded: 8276, Generated: 8683
[f=207.789] Expanded: 8277, Generated: 8684
[f=205.715] Expanded: 8279, Generated: 8686
[f=205.733] Expanded: 8280, Generated: 8687
[f=205.569] Expanded: 8282, Generated: 8689
[f=205.587] Expanded: 8283, Generated: 8690
[f=207.409] Expanded: 8285, Generated: 8692
[f=207.412] Expanded: 8286, Generated: 8693
[f=207.793] Expanded: 8288, Generated: 8695
[f=207.795] Expanded: 8289, Generated: 8696
[f=207.922] Expanded: 8291, Generated: 8698
[f=209.786] Expanded: 8293, Generated: 8700
[f=207.787] Expanded: 8295, Generated: 8702
[f=207.789] Expanded: 8296, Generated: 8703
[f=209.788] Expanded: 8298, Generated: 8705
[f=207.866] Expanded: 8300, Generated: 8707
[f=212.401] Expanded: 8300, Generated: 8708
[f=209.738] Expanded: 8302, Generated: 8710
[f=207.864] Expanded: 8304, Generated: 8712
[f=209.742] Expanded: 8306, Generated: 8714
[f=207.864] Expanded: 8308, Generated: 8716
[f=209.758] Expanded: 8310, Generated: 8718
[f=209.801] Expanded: 8312, Generated: 8720
[f=209.763] Expanded: 8314, Generated: 8722
[f=207.025] Expanded: 8316, Generated: 8724
[f=207.058] Expanded: 8317, Generated: 8725
[f=207.976] Expanded: 8319, Generated: 8727
[f=207.891] Expanded: 8321, Generated: 8729
[f=207.817] Expanded: 8323, Generated: 8731
[f=207.819] Expanded: 8324, Generated: 8732
[f=201.134] Expanded: 8326, Generated: 8734
[f=201.153] Expanded: 8327, Generated: 8735
[f=205.704] Expanded: 8329, Generated: 8737
[f=205.995] Expanded: 8331, Generated: 8739
[f=203.915] Expanded: 8333, Generated: 8741
[f=205.421] Expanded: 8335, Generated: 8743
[f=205.315] Expanded: 8337, Generated: 8745
[f=203.104] Expanded: 8339, Generated: 8747
[f=203.121] Expanded: 8340, Generated: 8748
[f=204.131] Expanded: 8342, Generated: 8750
[f=204.235] Expanded: 8344, Generated: 8752
[f=204.257] Expanded: 8345, Generated: 8753
[f=203.819] Expanded: 8347, Generated: 8755
[f=205.485] Expanded: 8349, Generated: 8757
[f=203.702] Expanded: 8351, Generated: 8759
[f=203.897] Expanded: 8353, Generated: 8761
[f=205.688] Expanded: 8355, Generated: 8763
[f=205.697] Expanded: 8357, Generated: 8765
[f=205.685] Expanded: 8359, Generated: 8767
[f=203.466] Expanded: 8361, Generated: 8769
[f=203.471] Expanded: 8362, Generated: 8770
[f=203.779] Expanded: 8364, Generated: 8772
[f=205.657] Expanded: 8366, Generated: 8774
[f=204.075] Expanded: 8368, Generated: 8776
[f=204.081] Expanded: 8369, Generated: 8777
[f=203.757] Expanded: 8371, Generated: 8779
[f=203.992] Expanded: 8373, Generated: 8781
[f=203.880] Expanded: 8375, Generated: 8783
[f=205.660] Expanded: 8377, Generated: 8785
[f=205.594] Expanded: 8379, Generated: 8787
[f=203.946] Expanded: 8381, Generated: 8789
[f=205.861] Expanded: 8383, Generated: 8791
[f=205.272] Expanded: 8385, Generated: 8793
[f=203.848] Expanded: 8387, Generated: 8795
[f=204.004] Expanded: 8389, Generated: 8797
[f=203.522] Expanded: 8391, Generated: 8799
[f=203.542] Expanded: 8392, Generated: 8800
[f=203.900] Expanded: 8394, Generated: 8802
[f=203.945] Expanded: 8395, Generated: 8803
[f=205.369] Expanded: 8397, Generated: 8805
[f=203.455] Expanded: 8399, Generated: 8807
[f=203.589] Expanded: 8401, Generated: 8809
[f=209.659] Expanded: 8403, Generated: 8811
[f=210.616] Expanded: 8404, Generated: 8812
[f=208.074] Expanded: 8406, Generated: 8814
[f=206.001] Expanded: 8408, Generated: 8816
[f=204.300] Expanded: 8410, Generated: 8818
[f=207.608] Expanded: 8412, Generated: 8820
[f=207.610] Expanded: 8413, Generated: 8821
[f=209.584] Expanded: 8415, Generated: 8823
[f=209.590] Expanded: 8417, Generated: 8825
[f=207.887] Expanded: 8419, Generated: 8827
[f=209.595] Expanded: 8421, Generated: 8829
[f=207.087] Expanded: 8423, Generated: 8831
[f=207.120] Expanded: 8424, Generated: 8832
[f=207.909] Expanded: 8426, Generated: 8834
[f=209.749] Expanded: 8428, Generated: 8836
[f=207.042] Expanded: 8430, Generated: 8838
[f=207.074] Expanded: 8431, Generated: 8839
[f=206.733] Expanded: 8433, Generated: 8841
[f=206.763] Expanded: 8434, Generated: 8842
[f=207.886] Expanded: 8436, Generated: 8844
[f=209.772] Expanded: 8438, Generated: 8846
[f=207.713] Expanded: 8440, Generated: 8848
[f=207.715] Expanded: 8441, Generated: 8849
[f=207.109] Expanded: 8443, Generated: 8851
[f=207.141] Expanded: 8444, Generated: 8852
[f=206.672] Expanded: 8446, Generated: 8854
[f=206.701] Expanded: 8447, Generated: 8855
[f=208.000] Expanded: 8449, Generated: 8857
[f=209.766] Expanded: 8451, Generated: 8859
[f=209.772] Expanded: 8453, Generated: 8861
[f=201.179] Expanded: 8455, Generated: 8863
[f=201.198] Expanded: 8456, Generated: 8864
[f=205.731] Expanded: 8458, Generated: 8866
[f=206.166] Expanded: 8460, Generated: 8868
[f=205.591] Expanded: 8462, Generated: 8870
[f=203.984] Expanded: 8464, Generated: 8872
[f=205.482] Expanded: 8466, Generated: 8874
[f=203.306] Expanded: 8468, Generated: 8876
[f=203.323] Expanded: 8469, Generated: 8877
[f=204.191] Expanded: 8471, Generated: 8879
[f=204.420] Expanded: 8473, Generated: 8881
[f=204.442] Expanded: 8474, Generated: 8882
[f=203.877] Expanded: 8476, Generated: 8884
[f=205.646] Expanded: 8478, Generated: 8886
[f=203.757] Expanded: 8480, Generated: 8888
[f=203.959] Expanded: 8482, Generated: 8890
[f=205.859] Expanded: 8484, Generated: 8892
[f=205.718] Expanded: 8486, Generated: 8894
[f=205.843] Expanded: 8488, Generated: 8896
[f=203.490] Expanded: 8490, Generated: 8898
[f=203.495] Expanded: 8491, Generated: 8899
[f=203.829] Expanded: 8493, Generated: 8901
[f=205.812] Expanded: 8495, Generated: 8903
[f=204.147] Expanded: 8497, Generated: 8905
[f=204.153] Expanded: 8498, Generated: 8906
[f=203.819] Expanded: 8500, Generated: 8908
[f=204.040] Expanded: 8502, Generated: 8910
[f=203.922] Expanded: 8504, Generated: 8912
[f=204.614] Expanded: 8506, Generated: 8914
[f=204.644] Expanded: 8507, Generated: 8915
[f=205.735] Expanded: 8509, Generated: 8917
[f=203.945] Expanded: 8511, Generated: 8919
[f=206.001] Expanded: 8513, Generated: 8921
[f=205.430] Expanded: 8515, Generated: 8923
[f=203.878] Expanded: 8517, Generated: 8925
[f=204.032] Expanded: 8519, Generated: 8927
[f=203.564] Expanded: 8521, Generated: 8929
[f=203.583] Expanded: 8522, Generated: 8930
[f=204.086] Expanded: 8524, Generated: 8932
[f=204.131] Expanded: 8525, Generated: 8933
[f=205.489] Expanded: 8527, Generated: 8935
[f=203.491] Expanded: 8529, Generated: 8937
[f=203.595] Expanded: 8531, Generated: 8939
[f=209.863] Expanded: 8533, Generated: 8941
[f=210.819] Expanded: 8534, Generated: 8942
[f=208.146] Expanded: 8536, Generated: 8944
[f=206.106] Expanded: 8538, Generated: 8946
[f=204.295] Expanded: 8540, Generated: 8948
[f=207.812] Expanded: 8542, Generated: 8950
[f=207.814] Expanded: 8543, Generated: 8951
[f=209.741] Expanded: 8545, Generated: 8953
[f=209.746] Expanded: 8547, Generated: 8955
[f=207.935] Expanded: 8549, Generated: 8957
[f=207.976] Expanded: 8551, Generated: 8959
[f=209.751] Expanded: 8553, Generated: 8961
[f=207.120] Expanded: 8555, Generated: 8963
[f=207.152] Expanded: 8556, Generated: 8964
[f=206.717] Expanded: 8558, Generated: 8966
[f=206.747] Expanded: 8559, Generated: 8967
[f=209.632] Expanded: 8561, Generated: 8969
[f=207.955] Expanded: 8563, Generated: 8971
[f=206.755] Expanded: 8565, Generated: 8973
[f=206.783] Expanded: 8566, Generated: 8974
[f=209.638] Expanded: 8568, Generated: 8976
[f=200.769] Expanded: 8570, Generated: 8978
[f=200.787] Expanded: 8571, Generated: 8979
[f=205.329] Expanded: 8573, Generated: 8981
[f=205.761] Expanded: 8575, Generated: 8983
[f=205.192] Expanded: 8577, Generated: 8985
[f=203.671] Expanded: 8579, Generated: 8987
[f=205.088] Expanded: 8581, Generated: 8989
[f=202.836] Expanded: 8583, Generated: 8991
[f=202.853] Expanded: 8584, Generated: 8992
[f=203.872] Expanded: 8586, Generated: 8994
[f=204.034] Expanded: 8588, Generated: 8996
[f=204.056] Expanded: 8589, Generated: 8997
[f=203.562] Expanded: 8591, Generated: 8999
[f=205.255] Expanded: 8593, Generated: 9001
[f=203.438] Expanded: 8595, Generated: 9003
[f=203.643] Expanded: 8597, Generated: 9005
[f=205.459] Expanded: 8599, Generated: 9007
[f=205.323] Expanded: 8601, Generated: 9009
[f=205.454] Expanded: 8603, Generated: 9011
[f=203.100] Expanded: 8605, Generated: 9013
[f=203.105] Expanded: 8606, Generated: 9014
[f=203.528] Expanded: 8608, Generated: 9016
[f=205.428] Expanded: 8610, Generated: 9018
[f=203.710] Expanded: 8612, Generated: 9020
[f=203.716] Expanded: 8613, Generated: 9021
[f=203.512] Expanded: 8615, Generated: 9023
[f=203.739] Expanded: 8617, Generated: 9025
[f=203.625] Expanded: 8619, Generated: 9027
[f=205.432] Expanded: 8621, Generated: 9029
[f=204.209] Expanded: 8623, Generated: 9031
[f=204.239] Expanded: 8624, Generated: 9032
[f=205.364] Expanded: 8626, Generated: 9034
[f=203.694] Expanded: 8628, Generated: 9036
[f=203.649] Expanded: 8630, Generated: 9038
[f=205.632] Expanded: 8632, Generated: 9040
[f=203.596] Expanded: 8634, Generated: 9042
[f=203.753] Expanded: 8636, Generated: 9044
[f=203.699] Expanded: 8638, Generated: 9046
[f=203.743] Expanded: 8639, Generated: 9047
[f=205.141] Expanded: 8641, Generated: 9049
[f=203.201] Expanded: 8643, Generated: 9051
[f=203.342] Expanded: 8645, Generated: 9053
[f=209.456] Expanded: 8647, Generated: 9055
[f=210.412] Expanded: 8648, Generated: 9056
[f=207.833] Expanded: 8650, Generated: 9058
[f=205.780] Expanded: 8652, Generated: 9060
[f=204.062] Expanded: 8654, Generated: 9062
[f=207.429] Expanded: 8656, Generated: 9064
[f=207.431] Expanded: 8657, Generated: 9065
[f=209.352] Expanded: 8659, Generated: 9067
[f=209.356] Expanded: 8661, Generated: 9069
[f=207.632] Expanded: 8663, Generated: 9071
[f=209.364] Expanded: 8665, Generated: 9073
[f=206.729] Expanded: 8667, Generated: 9075
[f=206.761] Expanded: 8668, Generated: 9076
[f=207.654] Expanded: 8670, Generated: 9078
[f=206.330] Expanded: 8672, Generated: 9080
[f=206.359] Expanded: 8673, Generated: 9081
[f=209.508] Expanded: 8675, Generated: 9083
[f=207.739] Expanded: 8677, Generated: 9085
[f=207.740] Expanded: 8678, Generated: 9086
[f=207.746] Expanded: 8680, Generated: 9088
[f=209.808] Expanded: 8682, Generated: 9090
[f=209.777] Expanded: 8684, Generated: 9092
[f=207.153] Expanded: 8686, Generated: 9094
[f=207.185] Expanded: 8687, Generated: 9095
[f=201.187] Expanded: 8689, Generated: 9097
[f=201.206] Expanded: 8690, Generated: 9098
[f=205.664] Expanded: 8692, Generated: 9100
[f=206.099] Expanded: 8694, Generated: 9102
[f=205.534] Expanded: 8696, Generated: 9104
[f=203.883] Expanded: 8698, Generated: 9106
[f=205.416] Expanded: 8700, Generated: 9108
[f=203.313] Expanded: 8702, Generated: 9110
[f=203.331] Expanded: 8703, Generated: 9111
[f=204.223] Expanded: 8705, Generated: 9113
[f=204.445] Expanded: 8707, Generated: 9115
[f=204.467] Expanded: 8708, Generated: 9116
[f=203.779] Expanded: 8710, Generated: 9118
[f=205.581] Expanded: 8712, Generated: 9120
[f=203.656] Expanded: 8714, Generated: 9122
[f=203.858] Expanded: 8716, Generated: 9124
[f=205.792] Expanded: 8718, Generated: 9126
[f=205.652] Expanded: 8720, Generated: 9128
[f=205.771] Expanded: 8722, Generated: 9130
[f=203.363] Expanded: 8724, Generated: 9132
[f=203.368] Expanded: 8725, Generated: 9133
[f=203.730] Expanded: 8727, Generated: 9135
[f=205.746] Expanded: 8729, Generated: 9137
[f=203.982] Expanded: 8731, Generated: 9139
[f=203.988] Expanded: 8732, Generated: 9140
[f=203.719] Expanded: 8734, Generated: 9142
[f=203.937] Expanded: 8736, Generated: 9144
[f=203.823] Expanded: 8738, Generated: 9146
[f=205.735] Expanded: 8740, Generated: 9148
[f=204.625] Expanded: 8742, Generated: 9150
[f=204.654] Expanded: 8743, Generated: 9151
[f=203.877] Expanded: 8745, Generated: 9153
[f=203.846] Expanded: 8747, Generated: 9155
[f=205.937] Expanded: 8749, Generated: 9157
[f=205.363] Expanded: 8751, Generated: 9159
[f=204.066] Expanded: 8753, Generated: 9161
[f=203.424] Expanded: 8755, Generated: 9163
[f=203.444] Expanded: 8756, Generated: 9164
[f=204.112] Expanded: 8758, Generated: 9166
[f=204.157] Expanded: 8759, Generated: 9167
[f=205.426] Expanded: 8761, Generated: 9169
[f=203.393] Expanded: 8763, Generated: 9171
[f=203.502] Expanded: 8765, Generated: 9173
[f=209.875] Expanded: 8767, Generated: 9175
[f=210.830] Expanded: 8768, Generated: 9176
[f=208.045] Expanded: 8770, Generated: 9178
[f=206.044] Expanded: 8772, Generated: 9180
[f=204.204] Expanded: 8774, Generated: 9182
[f=207.824] Expanded: 8776, Generated: 9184
[f=207.826] Expanded: 8777, Generated: 9185
[f=209.676] Expanded: 8779, Generated: 9187
[f=209.682] Expanded: 8781, Generated: 9189
[f=207.835] Expanded: 8783, Generated: 9191
[f=209.685] Expanded: 8785, Generated: 9193
[f=207.008] Expanded: 8787, Generated: 9195
[f=207.040] Expanded: 8788, Generated: 9196
[f=207.855] Expanded: 8790, Generated: 9198
[f=207.999] Expanded: 8792, Generated: 9200
[f=206.797] Expanded: 8794, Generated: 9202
[f=206.826] Expanded: 8795, Generated: 9203
[f=209.644] Expanded: 8797, Generated: 9205
[f=206.926] Expanded: 8799, Generated: 9207
[f=206.958] Expanded: 8800, Generated: 9208
[f=206.655] Expanded: 8802, Generated: 9210
[f=206.684] Expanded: 8803, Generated: 9211
[f=207.769] Expanded: 8805, Generated: 9213
[f=206.797] Expanded: 8807, Generated: 9215
[f=206.827] Expanded: 8808, Generated: 9216
[f=208.248] Expanded: 8810, Generated: 9218
[f=208.274] Expanded: 8811, Generated: 9219
[f=201.385] Expanded: 8813, Generated: 9221
[f=201.403] Expanded: 8814, Generated: 9222
[f=205.929] Expanded: 8816, Generated: 9224
[f=206.366] Expanded: 8818, Generated: 9226
[f=205.789] Expanded: 8820, Generated: 9228
[f=204.039] Expanded: 8822, Generated: 9230
[f=205.681] Expanded: 8824, Generated: 9232
[f=203.511] Expanded: 8826, Generated: 9234
[f=203.528] Expanded: 8827, Generated: 9235
[f=204.382] Expanded: 8829, Generated: 9237
[f=204.644] Expanded: 8831, Generated: 9239
[f=204.665] Expanded: 8832, Generated: 9240
[f=203.932] Expanded: 8834, Generated: 9242
[f=205.845] Expanded: 8836, Generated: 9244
[f=203.813] Expanded: 8838, Generated: 9246
[f=204.015] Expanded: 8840, Generated: 9248
[f=206.057] Expanded: 8842, Generated: 9250
[f=205.917] Expanded: 8844, Generated: 9252
[f=206.041] Expanded: 8846, Generated: 9254
[f=203.564] Expanded: 8848, Generated: 9256
[f=203.569] Expanded: 8849, Generated: 9257
[f=203.884] Expanded: 8851, Generated: 9259
[f=206.011] Expanded: 8853, Generated: 9261
[f=204.202] Expanded: 8855, Generated: 9263
[f=204.208] Expanded: 8856, Generated: 9264
[f=203.874] Expanded: 8858, Generated: 9266
[f=204.094] Expanded: 8860, Generated: 9268
[f=203.978] Expanded: 8862, Generated: 9270
[f=205.998] Expanded: 8864, Generated: 9272
[f=204.822] Expanded: 8866, Generated: 9274
[f=204.851] Expanded: 8867, Generated: 9275
[f=205.933] Expanded: 8869, Generated: 9277
[f=204.028] Expanded: 8871, Generated: 9279
[f=204.000] Expanded: 8873, Generated: 9281
[f=205.627] Expanded: 8875, Generated: 9283
[f=204.063] Expanded: 8877, Generated: 9285
[f=203.623] Expanded: 8879, Generated: 9287
[f=203.643] Expanded: 8880, Generated: 9288
[f=204.309] Expanded: 8882, Generated: 9290
[f=204.354] Expanded: 8883, Generated: 9291
[f=205.686] Expanded: 8885, Generated: 9293
[f=203.546] Expanded: 8887, Generated: 9295
[f=203.648] Expanded: 8889, Generated: 9297
[f=210.071] Expanded: 8891, Generated: 9299
[f=211.026] Expanded: 8892, Generated: 9300
[f=208.203] Expanded: 8894, Generated: 9302
[f=206.299] Expanded: 8896, Generated: 9304
[f=204.346] Expanded: 8898, Generated: 9306
[f=206.569] Expanded: 8900, Generated: 9308
[f=206.599] Expanded: 8901, Generated: 9309
[f=212.507] Expanded: 8901, Generated: 9310
[f=206.312] Expanded: 8903, Generated: 9312
[f=206.329] Expanded: 8904, Generated: 9313
[f=206.349] Expanded: 8905, Generated: 9314
[f=208.813] Expanded: 8907, Generated: 9316
[f=208.822] Expanded: 8908, Generated: 9317
[f=209.732] Expanded: 8910, Generated: 9319
[f=209.905] Expanded: 8912, Generated: 9321
[f=208.085] Expanded: 8914, Generated: 9323
[f=209.919] Expanded: 8916, Generated: 9325
[f=207.876] Expanded: 8918, Generated: 9327
[f=208.060] Expanded: 8920, Generated: 9329
[f=208.152] Expanded: 8922, Generated: 9331
[f=208.017] Expanded: 8924, Generated: 9333
[f=208.019] Expanded: 8925, Generated: 9334
[f=200.931] Expanded: 8927, Generated: 9336
[f=200.949] Expanded: 8928, Generated: 9337
[f=205.458] Expanded: 8930, Generated: 9339
[f=205.892] Expanded: 8932, Generated: 9341
[f=205.317] Expanded: 8934, Generated: 9343
[f=203.647] Expanded: 8936, Generated: 9345
[f=205.209] Expanded: 8938, Generated: 9347
[f=203.059] Expanded: 8940, Generated: 9349
[f=203.077] Expanded: 8941, Generated: 9350
[f=203.854] Expanded: 8943, Generated: 9352
[f=204.187] Expanded: 8945, Generated: 9354
[f=204.209] Expanded: 8946, Generated: 9355
[f=203.540] Expanded: 8948, Generated: 9357
[f=205.361] Expanded: 8950, Generated: 9359
[f=203.419] Expanded: 8952, Generated: 9361
[f=203.628] Expanded: 8954, Generated: 9363
[f=205.580] Expanded: 8956, Generated: 9365
[f=205.195] Expanded: 8958, Generated: 9367
[f=205.555] Expanded: 8960, Generated: 9369
[f=203.120] Expanded: 8962, Generated: 9371
[f=203.125] Expanded: 8963, Generated: 9372
[f=203.480] Expanded: 8965, Generated: 9374
[f=205.519] Expanded: 8967, Generated: 9376
[f=203.745] Expanded: 8969, Generated: 9378
[f=203.752] Expanded: 8970, Generated: 9379
[f=203.615] Expanded: 8972, Generated: 9381
[f=203.687] Expanded: 8974, Generated: 9383
[f=203.564] Expanded: 8976, Generated: 9385
[f=205.489] Expanded: 8978, Generated: 9387
[f=204.350] Expanded: 8980, Generated: 9389
[f=204.379] Expanded: 8981, Generated: 9390
[f=205.425] Expanded: 8983, Generated: 9392
[f=203.595] Expanded: 8985, Generated: 9394
[f=203.589] Expanded: 8987, Generated: 9396
[f=205.689] Expanded: 8989, Generated: 9398
[f=205.140] Expanded: 8991, Generated: 9400
[f=203.502] Expanded: 8993, Generated: 9402
[f=203.651] Expanded: 8995, Generated: 9404
[f=203.187] Expanded: 8997, Generated: 9406
[f=203.206] Expanded: 8998, Generated: 9407
[f=203.856] Expanded: 9000, Generated: 9409
[f=203.901] Expanded: 9001, Generated: 9410
[f=203.126] Expanded: 9003, Generated: 9412
[f=209.571] Expanded: 9005, Generated: 9414
[f=210.528] Expanded: 9006, Generated: 9415
[f=207.810] Expanded: 9008, Generated: 9417
[f=205.718] Expanded: 9010, Generated: 9419
[f=203.831] Expanded: 9012, Generated: 9421
[f=207.552] Expanded: 9014, Generated: 9423
[f=207.554] Expanded: 9015, Generated: 9424
[f=209.449] Expanded: 9017, Generated: 9426
[f=209.454] Expanded: 9019, Generated: 9428
[f=207.579] Expanded: 9021, Generated: 9430
[f=209.455] Expanded: 9023, Generated: 9432
[f=206.754] Expanded: 9025, Generated: 9434
[f=206.786] Expanded: 9026, Generated: 9435
[f=207.594] Expanded: 9028, Generated: 9437
[f=206.396] Expanded: 9030, Generated: 9439
[f=206.425] Expanded: 9031, Generated: 9440
[f=212.462] Expanded: 9031, Generated: 9441
[f=209.802] Expanded: 9033, Generated: 9443
[f=207.957] Expanded: 9035, Generated: 9445
[f=205.890] Expanded: 9037, Generated: 9447
[f=205.909] Expanded: 9038, Generated: 9448
[f=209.939] Expanded: 9040, Generated: 9450
[f=209.945] Expanded: 9042, Generated: 9452
[f=207.988] Expanded: 9044, Generated: 9454
[f=205.967] Expanded: 9046, Generated: 9456
[f=205.985] Expanded: 9047, Generated: 9457
[f=209.948] Expanded: 9049, Generated: 9459
[f=207.188] Expanded: 9051, Generated: 9461
[f=207.221] Expanded: 9052, Generated: 9462
[f=205.771] Expanded: 9054, Generated: 9464
[f=205.790] Expanded: 9055, Generated: 9465
[f=208.008] Expanded: 9057, Generated: 9467
[f=209.987] Expanded: 9059, Generated: 9469
[f=207.521] Expanded: 9061, Generated: 9471
[f=207.528] Expanded: 9062, Generated: 9472
[f=207.540] Expanded: 9063, Generated: 9473
[f=209.921] Expanded: 9065, Generated: 9475
[f=212.673] Expanded: 9065, Generated: 9476
[f=206.855] Expanded: 9067, Generated: 9478
[f=206.884] Expanded: 9068, Generated: 9479
[f=207.071] Expanded: 9070, Generated: 9481
[f=207.080] Expanded: 9071, Generated: 9482
[f=207.090] Expanded: 9072, Generated: 9483
[f=207.745] Expanded: 9074, Generated: 9485
[f=207.747] Expanded: 9075, Generated: 9486
[f=201.868] Expanded: 9077, Generated: 9488
[f=201.887] Expanded: 9078, Generated: 9489
[f=206.709] Expanded: 9080, Generated: 9491
[f=204.780] Expanded: 9082, Generated: 9493
[f=206.289] Expanded: 9084, Generated: 9495
[f=203.976] Expanded: 9086, Generated: 9497
[f=203.994] Expanded: 9087, Generated: 9498
[f=206.185] Expanded: 9089, Generated: 9500
[f=205.102] Expanded: 9091, Generated: 9502
[f=205.124] Expanded: 9092, Generated: 9503
[f=206.540] Expanded: 9094, Generated: 9505
[f=204.384] Expanded: 9096, Generated: 9507
[f=206.336] Expanded: 9098, Generated: 9509
[f=204.482] Expanded: 9100, Generated: 9511
[f=204.270] Expanded: 9102, Generated: 9513
[f=206.558] Expanded: 9104, Generated: 9515
[f=206.416] Expanded: 9106, Generated: 9517
[f=206.522] Expanded: 9108, Generated: 9519
[f=204.039] Expanded: 9110, Generated: 9521
[f=204.045] Expanded: 9111, Generated: 9522
[f=203.195] Expanded: 9113, Generated: 9524
[f=203.205] Expanded: 9114, Generated: 9525
[f=204.329] Expanded: 9116, Generated: 9527
[f=206.485] Expanded: 9118, Generated: 9529
[f=204.658] Expanded: 9120, Generated: 9531
[f=204.665] Expanded: 9121, Generated: 9532
[f=204.327] Expanded: 9123, Generated: 9534
[f=204.526] Expanded: 9125, Generated: 9536
[f=204.405] Expanded: 9127, Generated: 9538
[f=206.439] Expanded: 9129, Generated: 9540
[f=205.276] Expanded: 9131, Generated: 9542
[f=205.306] Expanded: 9132, Generated: 9543
[f=206.378] Expanded: 9134, Generated: 9545
[f=204.423] Expanded: 9136, Generated: 9547
[f=204.431] Expanded: 9138, Generated: 9549
[f=206.641] Expanded: 9140, Generated: 9551
[f=206.111] Expanded: 9142, Generated: 9553
[f=204.466] Expanded: 9144, Generated: 9555
[f=204.616] Expanded: 9146, Generated: 9557
[f=204.102] Expanded: 9148, Generated: 9559
[f=204.121] Expanded: 9149, Generated: 9560
[f=204.764] Expanded: 9151, Generated: 9562
[f=204.810] Expanded: 9152, Generated: 9563
[f=206.054] Expanded: 9154, Generated: 9565
[f=203.962] Expanded: 9156, Generated: 9567
[f=203.961] Expanded: 9158, Generated: 9569
[f=210.488] Expanded: 9160, Generated: 9571
[f=211.444] Expanded: 9161, Generated: 9572
[f=208.633] Expanded: 9163, Generated: 9574
[f=208.205] Expanded: 9165, Generated: 9576
[f=208.096] Expanded: 9167, Generated: 9578
[f=210.065] Expanded: 9169, Generated: 9580
[f=201.562] Expanded: 9171, Generated: 9582
[f=201.581] Expanded: 9172, Generated: 9583
[f=206.403] Expanded: 9174, Generated: 9585
[f=205.828] Expanded: 9176, Generated: 9587
[f=203.533] Expanded: 9178, Generated: 9589
[f=203.551] Expanded: 9179, Generated: 9590
[f=205.726] Expanded: 9181, Generated: 9592
[f=206.110] Expanded: 9183, Generated: 9594
[f=204.488] Expanded: 9185, Generated: 9596
[f=204.648] Expanded: 9187, Generated: 9598
[f=204.670] Expanded: 9188, Generated: 9599
[f=204.169] Expanded: 9190, Generated: 9601
[f=205.871] Expanded: 9192, Generated: 9603
[f=204.330] Expanded: 9194, Generated: 9605
[f=204.057] Expanded: 9196, Generated: 9607
[f=203.363] Expanded: 9198, Generated: 9609
[f=203.376] Expanded: 9199, Generated: 9610
[f=206.095] Expanded: 9201, Generated: 9612
[f=206.098] Expanded: 9203, Generated: 9614
[f=206.057] Expanded: 9205, Generated: 9616
[f=203.811] Expanded: 9207, Generated: 9618
[f=203.816] Expanded: 9208, Generated: 9619
[f=204.110] Expanded: 9210, Generated: 9621
[f=206.020] Expanded: 9212, Generated: 9623
[f=204.426] Expanded: 9214, Generated: 9625
[f=204.433] Expanded: 9215, Generated: 9626
[f=204.157] Expanded: 9217, Generated: 9628
[f=204.308] Expanded: 9219, Generated: 9630
[f=204.238] Expanded: 9221, Generated: 9632
[f=205.975] Expanded: 9223, Generated: 9634
[f=204.973] Expanded: 9225, Generated: 9636
[f=205.003] Expanded: 9226, Generated: 9637
[f=205.911] Expanded: 9228, Generated: 9639
[f=204.202] Expanded: 9230, Generated: 9641
[f=204.201] Expanded: 9232, Generated: 9643
[f=206.176] Expanded: 9234, Generated: 9645
[f=205.654] Expanded: 9236, Generated: 9647
[f=204.111] Expanded: 9238, Generated: 9649
[f=204.261] Expanded: 9240, Generated: 9651
[f=203.887] Expanded: 9242, Generated: 9653
[f=203.906] Expanded: 9243, Generated: 9654
[f=204.317] Expanded: 9245, Generated: 9656
[f=204.363] Expanded: 9246, Generated: 9657
[f=205.590] Expanded: 9248, Generated: 9659
[f=203.743] Expanded: 9250, Generated: 9661
[f=203.741] Expanded: 9252, Generated: 9663
[f=210.038] Expanded: 9254, Generated: 9665
[f=210.994] Expanded: 9255, Generated: 9666
[f=208.411] Expanded: 9257, Generated: 9668
[f=201.304] Expanded: 9259, Generated: 9670
[f=201.322] Expanded: 9260, Generated: 9671
[f=205.763] Expanded: 9262, Generated: 9673
[f=206.185] Expanded: 9264, Generated: 9675
[f=204.075] Expanded: 9266, Generated: 9677
[f=205.627] Expanded: 9268, Generated: 9679
[f=203.443] Expanded: 9270, Generated: 9681
[f=203.460] Expanded: 9271, Generated: 9682
[f=204.271] Expanded: 9273, Generated: 9684
[f=204.529] Expanded: 9275, Generated: 9686
[f=204.551] Expanded: 9276, Generated: 9687
[f=205.855] Expanded: 9278, Generated: 9689
[f=203.943] Expanded: 9280, Generated: 9691
[f=205.659] Expanded: 9282, Generated: 9693
[f=204.048] Expanded: 9284, Generated: 9695
[f=205.870] Expanded: 9286, Generated: 9697
[f=205.741] Expanded: 9288, Generated: 9699
[f=205.842] Expanded: 9290, Generated: 9701
[f=203.635] Expanded: 9292, Generated: 9703
[f=203.640] Expanded: 9293, Generated: 9704
[f=202.784] Expanded: 9295, Generated: 9706
[f=202.794] Expanded: 9296, Generated: 9707
[f=203.896] Expanded: 9298, Generated: 9709
[f=205.800] Expanded: 9300, Generated: 9711
[f=204.225] Expanded: 9302, Generated: 9713
[f=204.232] Expanded: 9303, Generated: 9714
[f=203.897] Expanded: 9305, Generated: 9716
[f=204.096] Expanded: 9307, Generated: 9718
[f=203.969] Expanded: 9309, Generated: 9720
[f=204.701] Expanded: 9311, Generated: 9722
[f=204.731] Expanded: 9312, Generated: 9723
[f=205.755] Expanded: 9314, Generated: 9725
[f=205.698] Expanded: 9316, Generated: 9727
[f=204.002] Expanded: 9318, Generated: 9729
[f=203.987] Expanded: 9320, Generated: 9731
[f=205.956] Expanded: 9322, Generated: 9733
[f=205.440] Expanded: 9324, Generated: 9735
[f=203.900] Expanded: 9326, Generated: 9737
[f=204.046] Expanded: 9328, Generated: 9739
[f=203.696] Expanded: 9330, Generated: 9741
[f=203.714] Expanded: 9331, Generated: 9742
[f=204.220] Expanded: 9333, Generated: 9744
[f=204.264] Expanded: 9334, Generated: 9745
[f=203.997] Expanded: 9336, Generated: 9747
[f=205.376] Expanded: 9338, Generated: 9749
[f=203.531] Expanded: 9340, Generated: 9751
[f=209.911] Expanded: 9342, Generated: 9753
[f=210.867] Expanded: 9343, Generated: 9754
[f=208.203] Expanded: 9345, Generated: 9756
[f=207.910] Expanded: 9347, Generated: 9758
[f=207.911] Expanded: 9348, Generated: 9759
[f=209.722] Expanded: 9350, Generated: 9761
[f=209.730] Expanded: 9352, Generated: 9763
[f=207.978] Expanded: 9354, Generated: 9765
[f=207.204] Expanded: 9356, Generated: 9767
[f=207.238] Expanded: 9357, Generated: 9768
[f=207.994] Expanded: 9359, Generated: 9770
[f=209.752] Expanded: 9361, Generated: 9772
[f=208.014] Expanded: 9363, Generated: 9774
[f=212.648] Expanded: 9364, Generated: 9775
[f=210.074] Expanded: 9366, Generated: 9777
[f=208.104] Expanded: 9368, Generated: 9779
[f=201.575] Expanded: 9370, Generated: 9781
[f=201.593] Expanded: 9371, Generated: 9782
[f=206.156] Expanded: 9373, Generated: 9784
[f=206.577] Expanded: 9375, Generated: 9786
[f=204.341] Expanded: 9377, Generated: 9788
[f=206.007] Expanded: 9379, Generated: 9790
[f=203.719] Expanded: 9381, Generated: 9792
[f=203.736] Expanded: 9382, Generated: 9793
[f=205.896] Expanded: 9384, Generated: 9795
[f=204.538] Expanded: 9386, Generated: 9797
[f=206.254] Expanded: 9388, Generated: 9799
[f=204.227] Expanded: 9390, Generated: 9801
[f=206.047] Expanded: 9392, Generated: 9803
[f=204.320] Expanded: 9394, Generated: 9805
[f=204.108] Expanded: 9396, Generated: 9807
[f=206.269] Expanded: 9398, Generated: 9809
[f=206.127] Expanded: 9400, Generated: 9811
[f=206.233] Expanded: 9402, Generated: 9813
[f=203.039] Expanded: 9404, Generated: 9815
[f=203.048] Expanded: 9405, Generated: 9816
[f=204.166] Expanded: 9407, Generated: 9818
[f=206.196] Expanded: 9409, Generated: 9820
[f=204.498] Expanded: 9411, Generated: 9822
[f=204.504] Expanded: 9412, Generated: 9823
[f=204.161] Expanded: 9414, Generated: 9825
[f=204.365] Expanded: 9416, Generated: 9827
[f=204.242] Expanded: 9418, Generated: 9829
[f=204.998] Expanded: 9420, Generated: 9831
[f=205.028] Expanded: 9421, Generated: 9832
[f=206.149] Expanded: 9423, Generated: 9834
[f=206.089] Expanded: 9425, Generated: 9836
[f=204.268] Expanded: 9427, Generated: 9838
[f=204.260] Expanded: 9429, Generated: 9840
[f=206.346] Expanded: 9431, Generated: 9842
[f=205.824] Expanded: 9433, Generated: 9844
[f=204.173] Expanded: 9435, Generated: 9846
[f=204.315] Expanded: 9437, Generated: 9848
[f=203.958] Expanded: 9439, Generated: 9850
[f=203.977] Expanded: 9440, Generated: 9851
[f=204.486] Expanded: 9442, Generated: 9853
[f=204.531] Expanded: 9443, Generated: 9854
[f=205.763] Expanded: 9445, Generated: 9856
[f=203.807] Expanded: 9447, Generated: 9858
[f=203.800] Expanded: 9449, Generated: 9860
[f=210.202] Expanded: 9451, Generated: 9862
[f=211.158] Expanded: 9452, Generated: 9863
[f=208.449] Expanded: 9454, Generated: 9865
[f=206.074] Expanded: 9456, Generated: 9867
[f=206.080] Expanded: 9457, Generated: 9868
[f=206.092] Expanded: 9458, Generated: 9869
[f=207.548] Expanded: 9460, Generated: 9871
[f=207.553] Expanded: 9461, Generated: 9872
[f=207.569] Expanded: 9462, Generated: 9873
[f=207.190] Expanded: 9464, Generated: 9875
[f=207.194] Expanded: 9465, Generated: 9876
[f=207.214] Expanded: 9466, Generated: 9877
[f=201.511] Expanded: 9468, Generated: 9879
[f=201.530] Expanded: 9469, Generated: 9880
[f=206.278] Expanded: 9471, Generated: 9882
[f=204.355] Expanded: 9473, Generated: 9884
[f=206.117] Expanded: 9475, Generated: 9886
[f=206.540] Expanded: 9477, Generated: 9888
[f=205.986] Expanded: 9479, Generated: 9890
[f=204.320] Expanded: 9481, Generated: 9892
[f=205.871] Expanded: 9483, Generated: 9894
[f=204.459] Expanded: 9485, Generated: 9896
[f=204.754] Expanded: 9487, Generated: 9898
[f=204.776] Expanded: 9488, Generated: 9899
[f=204.148] Expanded: 9490, Generated: 9901
[f=206.012] Expanded: 9492, Generated: 9903
[f=204.024] Expanded: 9494, Generated: 9905
[f=206.233] Expanded: 9496, Generated: 9907
[f=206.090] Expanded: 9498, Generated: 9909
[f=206.198] Expanded: 9500, Generated: 9911
[f=203.792] Expanded: 9502, Generated: 9913
[f=203.797] Expanded: 9503, Generated: 9914
[f=204.086] Expanded: 9505, Generated: 9916
[f=206.158] Expanded: 9507, Generated: 9918
[f=204.360] Expanded: 9509, Generated: 9920
[f=204.366] Expanded: 9510, Generated: 9921
[f=204.140] Expanded: 9512, Generated: 9923
[f=204.289] Expanded: 9514, Generated: 9925
[f=204.216] Expanded: 9516, Generated: 9927
[f=206.111] Expanded: 9518, Generated: 9929
[f=204.901] Expanded: 9520, Generated: 9931
[f=204.931] Expanded: 9521, Generated: 9932
[f=206.051] Expanded: 9523, Generated: 9934
[f=204.181] Expanded: 9525, Generated: 9936
[f=204.189] Expanded: 9527, Generated: 9938
[f=206.308] Expanded: 9529, Generated: 9940
[f=205.791] Expanded: 9531, Generated: 9942
[f=204.092] Expanded: 9533, Generated: 9944
[f=204.236] Expanded: 9535, Generated: 9946
[f=203.835] Expanded: 9537, Generated: 9948
[f=203.854] Expanded: 9538, Generated: 9949
[f=204.398] Expanded: 9540, Generated: 9951
[f=204.443] Expanded: 9541, Generated: 9952
[f=205.725] Expanded: 9543, Generated: 9954
[f=203.725] Expanded: 9545, Generated: 9956
[f=203.720] Expanded: 9547, Generated: 9958
[f=210.092] Expanded: 9549, Generated: 9960
[f=211.048] Expanded: 9550, Generated: 9961
[f=208.365] Expanded: 9552, Generated: 9963
[f=208.115] Expanded: 9554, Generated: 9965
[f=208.117] Expanded: 9555, Generated: 9966
[f=207.728] Expanded: 9557, Generated: 9968
[f=207.730] Expanded: 9558, Generated: 9969
[f=212.715] Expanded: 9558, Generated: 9970
[f=201.844] Expanded: 9560, Generated: 9972
[f=201.863] Expanded: 9561, Generated: 9973
[f=206.404] Expanded: 9563, Generated: 9975
[f=204.489] Expanded: 9565, Generated: 9977
[f=206.256] Expanded: 9567, Generated: 9979
[f=203.938] Expanded: 9569, Generated: 9981
[f=203.956] Expanded: 9570, Generated: 9982
[f=206.157] Expanded: 9572, Generated: 9984
[f=206.540] Expanded: 9574, Generated: 9986
[f=205.063] Expanded: 9576, Generated: 9988
[f=205.085] Expanded: 9577, Generated: 9989
[f=204.371] Expanded: 9579, Generated: 9991
[f=206.302] Expanded: 9581, Generated: 9993
[f=204.474] Expanded: 9583, Generated: 9995
[f=204.262] Expanded: 9585, Generated: 9997
[f=203.546] Expanded: 9587, Generated: 9999
[f=203.559] Expanded: 9588, Generated: 10000
[f=206.526] Expanded: 9590, Generated: 10002
[f=206.383] Expanded: 9592, Generated: 10004
[f=206.489] Expanded: 9594, Generated: 10006
[f=204.010] Expanded: 9596, Generated: 10008
[f=204.015] Expanded: 9597, Generated: 10009
[f=204.315] Expanded: 9599, Generated: 10011
[f=206.454] Expanded: 9601, Generated: 10013
[f=204.635] Expanded: 9603, Generated: 10015
[f=204.642] Expanded: 9604, Generated: 10016
[f=204.314] Expanded: 9606, Generated: 10018
[f=204.513] Expanded: 9608, Generated: 10020
[f=204.393] Expanded: 9610, Generated: 10022
[f=206.408] Expanded: 9612, Generated: 10024
[f=205.246] Expanded: 9614, Generated: 10026
[f=205.276] Expanded: 9615, Generated: 10027
[f=206.343] Expanded: 9617, Generated: 10029
[f=204.410] Expanded: 9619, Generated: 10031
[f=204.418] Expanded: 9621, Generated: 10033
[f=206.610] Expanded: 9623, Generated: 10035
[f=206.082] Expanded: 9625, Generated: 10037
[f=204.451] Expanded: 9627, Generated: 10039
[f=204.603] Expanded: 9629, Generated: 10041
[f=204.074] Expanded: 9631, Generated: 10043
[f=204.093] Expanded: 9632, Generated: 10044
[f=204.729] Expanded: 9634, Generated: 10046
[f=204.775] Expanded: 9635, Generated: 10047
[f=206.021] Expanded: 9637, Generated: 10049
[f=203.948] Expanded: 9639, Generated: 10051
[f=203.947] Expanded: 9641, Generated: 10053
[f=210.452] Expanded: 9643, Generated: 10055
[f=211.408] Expanded: 9644, Generated: 10056
[f=208.621] Expanded: 9646, Generated: 10058
[f=212.719] Expanded: 9646, Generated: 10059
[f=201.699] Expanded: 9648, Generated: 10061
[f=201.717] Expanded: 9649, Generated: 10062
[f=206.630] Expanded: 9651, Generated: 10064
[f=203.907] Expanded: 9653, Generated: 10066
[f=203.925] Expanded: 9654, Generated: 10067
[f=205.949] Expanded: 9656, Generated: 10069
[f=205.836] Expanded: 9658, Generated: 10071
[f=203.637] Expanded: 9660, Generated: 10073
[f=203.654] Expanded: 9661, Generated: 10074
[f=204.529] Expanded: 9663, Generated: 10076
[f=204.375] Expanded: 9665, Generated: 10078
[f=205.051] Expanded: 9667, Generated: 10080
[f=205.073] Expanded: 9668, Generated: 10081
[f=204.374] Expanded: 9670, Generated: 10083
[f=206.130] Expanded: 9672, Generated: 10085
[f=204.520] Expanded: 9674, Generated: 10087
[f=204.248] Expanded: 9676, Generated: 10089
[f=206.490] Expanded: 9678, Generated: 10091
[f=206.354] Expanded: 9680, Generated: 10093
[f=206.446] Expanded: 9682, Generated: 10095
[f=203.942] Expanded: 9684, Generated: 10097
[f=203.947] Expanded: 9685, Generated: 10098
[f=204.296] Expanded: 9687, Generated: 10100
[f=206.411] Expanded: 9689, Generated: 10102
[f=204.583] Expanded: 9691, Generated: 10104
[f=204.590] Expanded: 9692, Generated: 10105
[f=204.345] Expanded: 9694, Generated: 10107
[f=204.497] Expanded: 9696, Generated: 10109
[f=204.431] Expanded: 9698, Generated: 10111
[f=206.364] Expanded: 9700, Generated: 10113
[f=205.382] Expanded: 9702, Generated: 10115
[f=205.411] Expanded: 9703, Generated: 10116
[f=206.301] Expanded: 9705, Generated: 10118
[f=204.394] Expanded: 9707, Generated: 10120
[f=204.383] Expanded: 9709, Generated: 10122
[f=206.561] Expanded: 9711, Generated: 10124
[f=206.039] Expanded: 9713, Generated: 10126
[f=204.303] Expanded: 9715, Generated: 10128
[f=204.449] Expanded: 9717, Generated: 10130
[f=204.019] Expanded: 9719, Generated: 10132
[f=204.038] Expanded: 9720, Generated: 10133
[f=204.730] Expanded: 9722, Generated: 10135
[f=204.775] Expanded: 9723, Generated: 10136
[f=205.972] Expanded: 9725, Generated: 10138
[f=203.931] Expanded: 9727, Generated: 10140
[f=203.927] Expanded: 9729, Generated: 10142
[f=210.426] Expanded: 9731, Generated: 10144
[f=211.383] Expanded: 9732, Generated: 10145
[f=208.617] Expanded: 9734, Generated: 10147
[f=210.081] Expanded: 9736, Generated: 10149
[f=210.067] Expanded: 9738, Generated: 10151
[f=201.854] Expanded: 9740, Generated: 10153
[f=201.873] Expanded: 9741, Generated: 10154
[f=206.540] Expanded: 9743, Generated: 10156
[f=204.580] Expanded: 9745, Generated: 10158
[f=206.707] Expanded: 9747, Generated: 10160
[f=204.757] Expanded: 9749, Generated: 10162
[f=206.297] Expanded: 9751, Generated: 10164
[f=206.242] Expanded: 9753, Generated: 10166
[f=203.889] Expanded: 9755, Generated: 10168
[f=203.906] Expanded: 9756, Generated: 10169
[f=205.152] Expanded: 9758, Generated: 10171
[f=205.173] Expanded: 9759, Generated: 10172
[f=204.373] Expanded: 9761, Generated: 10174
[f=206.391] Expanded: 9763, Generated: 10176
[f=204.308] Expanded: 9765, Generated: 10178
[f=204.463] Expanded: 9767, Generated: 10180
[f=206.559] Expanded: 9769, Generated: 10182
[f=206.471] Expanded: 9771, Generated: 10184
[f=206.581] Expanded: 9773, Generated: 10186
[f=204.025] Expanded: 9775, Generated: 10188
[f=204.030] Expanded: 9776, Generated: 10189
[f=204.365] Expanded: 9778, Generated: 10191
[f=206.493] Expanded: 9780, Generated: 10193
[f=204.567] Expanded: 9782, Generated: 10195
[f=204.573] Expanded: 9783, Generated: 10196
[f=204.363] Expanded: 9785, Generated: 10198
[f=204.567] Expanded: 9787, Generated: 10200
[f=204.451] Expanded: 9789, Generated: 10202
[f=206.451] Expanded: 9791, Generated: 10204
[f=205.321] Expanded: 9793, Generated: 10206
[f=205.351] Expanded: 9794, Generated: 10207
[f=206.435] Expanded: 9796, Generated: 10209
[f=204.467] Expanded: 9798, Generated: 10211
[f=204.468] Expanded: 9800, Generated: 10213
[f=206.696] Expanded: 9802, Generated: 10215
[f=206.059] Expanded: 9804, Generated: 10217
[f=204.504] Expanded: 9806, Generated: 10219
[f=204.652] Expanded: 9808, Generated: 10221
[f=204.017] Expanded: 9810, Generated: 10223
[f=204.036] Expanded: 9811, Generated: 10224
[f=204.816] Expanded: 9813, Generated: 10226
[f=204.861] Expanded: 9814, Generated: 10227
[f=206.109] Expanded: 9816, Generated: 10229
[f=204.003] Expanded: 9818, Generated: 10231
[f=203.998] Expanded: 9820, Generated: 10233
[f=210.511] Expanded: 9822, Generated: 10235
[f=211.466] Expanded: 9823, Generated: 10236
[f=208.667] Expanded: 9825, Generated: 10238
[f=207.269] Expanded: 9827, Generated: 10240
[f=207.302] Expanded: 9828, Generated: 10241
[f=208.164] Expanded: 9830, Generated: 10243
[f=201.674] Expanded: 9832, Generated: 10245
[f=201.693] Expanded: 9833, Generated: 10246
[f=206.256] Expanded: 9835, Generated: 10248
[f=206.235] Expanded: 9837, Generated: 10250
[f=204.035] Expanded: 9839, Generated: 10252
[f=204.053] Expanded: 9840, Generated: 10253
[f=204.519] Expanded: 9842, Generated: 10255
[f=206.101] Expanded: 9844, Generated: 10257
[f=205.981] Expanded: 9846, Generated: 10259
[f=204.293] Expanded: 9848, Generated: 10261
[f=204.356] Expanded: 9850, Generated: 10263
[f=204.893] Expanded: 9852, Generated: 10265
[f=204.915] Expanded: 9853, Generated: 10266
[f=204.409] Expanded: 9855, Generated: 10268
[f=206.144] Expanded: 9857, Generated: 10270
[f=204.281] Expanded: 9859, Generated: 10272
[f=206.365] Expanded: 9861, Generated: 10274
[f=206.210] Expanded: 9863, Generated: 10276
[f=206.318] Expanded: 9865, Generated: 10278
[f=204.008] Expanded: 9867, Generated: 10280
[f=204.013] Expanded: 9868, Generated: 10281
[f=204.287] Expanded: 9870, Generated: 10283
[f=206.285] Expanded: 9872, Generated: 10285
[f=204.628] Expanded: 9874, Generated: 10287
[f=204.634] Expanded: 9875, Generated: 10288
[f=204.393] Expanded: 9877, Generated: 10290
[f=204.537] Expanded: 9879, Generated: 10292
[f=204.472] Expanded: 9881, Generated: 10294
[f=206.238] Expanded: 9883, Generated: 10296
[f=205.061] Expanded: 9885, Generated: 10298
[f=205.090] Expanded: 9886, Generated: 10299
[f=206.174] Expanded: 9888, Generated: 10301
[f=204.435] Expanded: 9890, Generated: 10303
[f=204.438] Expanded: 9892, Generated: 10305
[f=206.434] Expanded: 9894, Generated: 10307
[f=205.926] Expanded: 9896, Generated: 10309
[f=204.344] Expanded: 9898, Generated: 10311
[f=204.490] Expanded: 9900, Generated: 10313
[f=203.984] Expanded: 9902, Generated: 10315
[f=204.003] Expanded: 9903, Generated: 10316
[f=204.552] Expanded: 9905, Generated: 10318
[f=204.597] Expanded: 9906, Generated: 10319
[f=205.846] Expanded: 9908, Generated: 10321
[f=203.975] Expanded: 9910, Generated: 10323
[f=203.969] Expanded: 9912, Generated: 10325
[f=210.269] Expanded: 9914, Generated: 10327
[f=211.225] Expanded: 9915, Generated: 10328
[f=208.635] Expanded: 9917, Generated: 10330
[f=208.128] Expanded: 9919, Generated: 10332
[f=207.196] Expanded: 9921, Generated: 10334
[f=207.209] Expanded: 9922, Generated: 10335
[f=207.214] Expanded: 9923, Generated: 10336
[f=201.401] Expanded: 9925, Generated: 10338
[f=201.420] Expanded: 9926, Generated: 10339
[f=205.726] Expanded: 9928, Generated: 10341
[f=206.157] Expanded: 9930, Generated: 10343
[f=205.720] Expanded: 9932, Generated: 10345
[f=203.519] Expanded: 9934, Generated: 10347
[f=203.537] Expanded: 9935, Generated: 10348
[f=204.056] Expanded: 9937, Generated: 10350
[f=204.260] Expanded: 9939, Generated: 10352
[f=205.855] Expanded: 9941, Generated: 10354
[f=204.614] Expanded: 9943, Generated: 10356
[f=204.636] Expanded: 9944, Generated: 10357
[f=204.063] Expanded: 9946, Generated: 10359
[f=205.752] Expanded: 9948, Generated: 10361
[f=204.168] Expanded: 9950, Generated: 10363
[f=205.967] Expanded: 9952, Generated: 10365
[f=203.121] Expanded: 9954, Generated: 10367
[f=203.134] Expanded: 9955, Generated: 10368
[f=205.833] Expanded: 9957, Generated: 10370
[f=205.935] Expanded: 9959, Generated: 10372
[f=203.727] Expanded: 9961, Generated: 10374
[f=203.732] Expanded: 9962, Generated: 10375
[f=204.016] Expanded: 9964, Generated: 10377
[f=205.898] Expanded: 9966, Generated: 10379
[f=204.330] Expanded: 9968, Generated: 10381
[f=204.337] Expanded: 9969, Generated: 10382
[f=204.017] Expanded: 9971, Generated: 10384
[f=204.217] Expanded: 9973, Generated: 10386
[f=204.094] Expanded: 9975, Generated: 10388
[f=205.852] Expanded: 9977, Generated: 10390
[f=204.796] Expanded: 9979, Generated: 10392
[f=204.826] Expanded: 9980, Generated: 10393
[f=205.788] Expanded: 9982, Generated: 10395
[f=204.111] Expanded: 9984, Generated: 10397
[f=204.122] Expanded: 9986, Generated: 10399
[f=206.053] Expanded: 9988, Generated: 10401
[f=205.536] Expanded: 9990, Generated: 10403
[f=204.019] Expanded: 9992, Generated: 10405
[f=204.170] Expanded: 9994, Generated: 10407
[f=203.775] Expanded: 9996, Generated: 10409
[f=203.793] Expanded: 9997, Generated: 10410
[f=204.308] Expanded: 9999, Generated: 10412
[f=204.352] Expanded: 10000, Generated: 10413
[f=204.118] Expanded: 10002, Generated: 10415
[f=205.470] Expanded: 10004, Generated: 10417
[f=203.651] Expanded: 10006, Generated: 10419
[f=210.000] Expanded: 10008, Generated: 10421
[f=210.957] Expanded: 10009, Generated: 10422
[f=208.324] Expanded: 10011, Generated: 10424
[f=208.003] Expanded: 10013, Generated: 10426
[f=208.004] Expanded: 10014, Generated: 10427
[f=209.821] Expanded: 10016, Generated: 10429
[f=208.097] Expanded: 10018, Generated: 10431
[f=209.819] Expanded: 10020, Generated: 10433
[f=208.113] Expanded: 10022, Generated: 10435
[f=206.964] Expanded: 10024, Generated: 10437
[f=206.995] Expanded: 10025, Generated: 10438
[f=209.846] Expanded: 10027, Generated: 10440
[f=208.136] Expanded: 10029, Generated: 10442
[f=201.664] Expanded: 10031, Generated: 10444
[f=201.682] Expanded: 10032, Generated: 10445
[f=206.109] Expanded: 10034, Generated: 10447
[f=206.539] Expanded: 10036, Generated: 10449
[f=206.091] Expanded: 10038, Generated: 10451
[f=203.796] Expanded: 10040, Generated: 10453
[f=203.813] Expanded: 10041, Generated: 10454
[f=205.985] Expanded: 10043, Generated: 10456
[f=204.314] Expanded: 10045, Generated: 10458
[f=204.520] Expanded: 10047, Generated: 10460
[Final] Expanded: 10048, Generated: 10461
Failed to find a solution!
