/u/ibrahim.eisawy/Neural-Guided-Search/venv/lib/python3.10/site-packages/pymimir_rgnn/model.py:151: UserWarning: index_reduce() is in beta and the API may change at any time. (Triggered internally at /pytorch/aten/src/ATen/native/cuda/Indexing.cu:1541.)
  max_msg.index_reduce_(0, output_indices, output_messages, reduce='amax', include_self=True)
Torch: 2.12.0+cu130
Using GPU:  NVIDIA L40S
65.388: (move f3-4f f4-4f)
67.026: (move f3-4f f3-5f)
67.620: (move f3-4f f2-4f)
67.736: (move f3-4f f3-3f)
65.785: (move f4-4f f5-4f)
66.739: (move f3-5f f2-5f)
66.739: (move f2-4f f2-5f)
66.942: (move f4-4f f4-5f)
66.943: (move f3-5f f4-5f)
67.992: (move f3-3f f3-2f)
69.182: (move f2-4f f1-4f)
70.288: (move f3-3f f2-3f)
70.289: (move f2-4f f2-3f)
inf: (move f4-4f f3-4f)
inf: (move f3-5f f3-4f)
inf: (move f2-4f f3-4f)
inf: (move f3-3f f3-4f)
63.289: (pickup f4-5f key0-4)
63.672: (move f4-5f f5-5f)
63.672: (move f5-4f f5-5f)
66.223: (move f5-4f f6-4f)
66.543: (move f4-5f f4-6f)
67.422: (move f3-2f f3-1f)
68.098: (move f3-2f f4-2f)
68.124: (move f1-4f f1-5f)
68.124: (move f2-5f f1-5f)
68.504: (move f5-4f f5-3f)
68.586: (move f1-4f f0-4f)
68.660: (move f2-3f f1-3f)
68.660: (move f1-4f f1-3f)
71.083: (move f2-5f f2-6f)
inf: (move f1-4f f2-4f)
inf: (move f2-3f f3-3f)
inf: (move f2-3f f2-4f)
inf: (move f3-2f f3-3f)
inf: (move f4-5f f3-5f)
inf: (move f4-5f f4-4f)
inf: (move f2-5f f3-5f)
inf: (move f2-5f f2-4f)
inf: (move f5-4f f4-4f)
61.566: (move f4-5f f5-5f)
62.529: (pickup f6-4f key0-2)
62.632: (move f4-5f f3-5f)
63.452: (move f5-5f f6-5f)
63.452: (move f6-4f f6-5f)
63.595: (move f4-5f f4-4f)
64.072: (pickup f3-1f key2-0)
64.891: (move f4-5f f4-6f)
65.059: (move f6-4f f7-4f)
66.505: (move f5-5f f5-6f)
66.506: (move f4-6f f5-6f)
67.418: (move f4-2f f5-2f)
67.418: (move f5-3f f5-2f)
67.539: (move f4-2f f4-1f)
67.539: (move f3-1f f4-1f)
67.685: (pickup f5-3f key3-4)
68.129: (move f3-1f f2-1f)
68.242: (move f1-5f f0-5f)
68.242: (move f0-4f f0-5f)
68.587: (move f3-1f f3-0f)
70.238: (move f0-4f f0-3f)
70.239: (move f1-3f f0-3f)
70.452: (move f1-3f f1-2f)
inf: (move f1-3f f2-3f)
inf: (move f0-4f f1-4f)
inf: (move f1-3f f1-4f)
inf: (move f2-6f f2-5f)
inf: (move f5-3f f5-4f)
inf: (move f1-5f f2-5f)
inf: (move f1-5f f1-4f)
inf: (move f4-2f f3-2f)
inf: (move f3-1f f3-2f)
inf: (move f4-6f f4-5f)
inf: (move f6-4f f5-4f)
inf: (move f5-5f f4-5f)
inf: (move f5-5f f5-4f)
inf: (putdown f4-5f key0-4)
61.981: (move f6-4f f6-5f)
62.060: (move f6-4f f7-4f)
62.289: (move f5-5f f6-5f)
62.638: (move f6-4f f5-4f)
62.765: (move f3-5f f3-4f)
62.765: (move f4-4f f3-4f)
62.831: (move f3-5f f2-5f)
62.931: (putdown f3-5f key0-4)
63.426: (move f7-4f f7-5f)
63.426: (move f6-5f f7-5f)
63.684: (unlock f4-6f f4-7f key0-4 shape0)
64.099: (pickup f7-4f key3-3)
64.107: (move f4-4f f5-4f)
64.108: (move f5-5f f5-4f)
64.156: (move f3-1f f4-1f)
64.361: (move f3-1f f3-2f)
64.506: (move f3-1f f2-1f)
64.725: (move f4-6f f5-6f)
64.725: (move f5-5f f5-6f)
64.910: (move f5-3f f5-4f)
64.922: (move f3-1f f3-0f)
65.896: (putdown f5-5f key0-4)
66.072: (move f6-5f f6-6f)
66.073: (move f5-6f f6-6f)
66.207: (putdown f4-4f key0-4)
66.450: (move f5-3f f5-2f)
66.780: (putdown f4-6f key0-4)
66.843: (move f7-4f f7-3f)
67.189: (pickup f0-5f key3-0)
67.341: (move f5-2f f5-1f)
67.341: (move f4-1f f5-1f)
67.444: (move f7-4f f8-4f)
67.730: (move f2-1f f1-1f)
67.730: (move f1-2f f1-1f)
67.754: (pickup f0-5f key0-1)
67.754: (pickup f0-5f key0-3)
68.620: (move f4-1f f4-0f)
68.622: (move f3-0f f4-0f)
68.658: (move f2-1f f2-0f)
68.659: (move f3-0f f2-0f)
68.733: (move f5-2f f6-2f)
69.647: (move f0-3f f0-2f)
69.648: (move f1-2f f0-2f)
69.749: (move f0-5f f0-6f)
inf: (move f0-3f f1-3f)
inf: (move f3-0f f3-1f)
inf: (move f0-5f f1-5f)
inf: (move f0-3f f0-4f)
inf: (move f0-5f f0-4f)
inf: (move f2-1f f3-1f)
inf: (move f1-2f f1-3f)
inf: (putdown f5-3f key3-4)
inf: (move f4-1f f4-2f)
inf: (move f4-1f f3-1f)
inf: (move f5-2f f5-3f)
inf: (move f5-2f f4-2f)
inf: (move f5-6f f4-6f)
inf: (move f5-6f f5-5f)
inf: (move f7-4f f6-4f)
inf: (move f4-6f f4-5f)
inf: (putdown f3-1f key2-0)
inf: (move f4-4f f4-5f)
inf: (move f6-5f f5-5f)
inf: (move f6-5f f6-4f)
inf: (move f3-5f f4-5f)
inf: (putdown f6-4f key0-2)
inf: (move f5-5f f4-5f)
59.185: (pickup f6-6f key2-1)
60.930: (move f3-5f f3-4f)
60.960: (move f6-5f f7-5f)
61.013: (move f3-5f f2-5f)
61.226: (move f6-5f f5-5f)
61.226: (move f5-4f f5-5f)
61.366: (move f7-4f f7-5f)
61.366: (move f6-5f f7-5f)
61.442: (move f3-5f f4-5f)
62.228: (move f7-4f f7-5f)
62.612: (move f6-5f f6-6f)
62.788: (move f5-4f f4-4f)
62.802: (move f6-5f f6-6f)
62.802: (move f5-6f f6-6f)
62.937: (move f5-4f f6-4f)
62.937: (move f6-5f f6-4f)
63.018: (move f5-5f f6-5f)
63.080: (move f5-4f f5-5f)
63.339: (move f7-4f f7-3f)
63.383: (move f4-6f f4-5f)
63.439: (pickup f7-3f key2-4)
63.560: (unlock f3-2f f2-2f key2-0 shape2)
63.697: (unlock f2-1f f2-2f key2-0 shape2)
63.778: (move f3-4f f3-3f)
63.898: (move f2-5f f2-4f)
63.899: (move f3-4f f2-4f)
63.948: (move f2-5f f1-5f)
64.015: (pickup-and-loose f7-4f key3-3 key0-2)
64.237: (unlock f5-6f f5-7f key0-4 shape0)
64.266: (move f4-1f f5-1f)
64.385: (move f2-1f f1-1f)
64.417: (move f3-2f f3-3f)
64.439: (putdown f7-4f key0-2)
64.600: (move f7-4f f8-4f)
64.774: (move f4-4f f5-4f)
64.811: (move f4-6f f5-6f)
64.833: (move f3-2f f4-2f)
64.834: (move f4-1f f4-2f)
64.961: (move f4-1f f4-0f)
64.963: (move f3-0f f4-0f)
65.010: (move f5-4f f4-4f)
65.117: (move f3-0f f2-0f)
65.118: (move f2-1f f2-0f)
65.151: (move f5-5f f5-4f)
65.190: (move f6-6f f7-6f)
65.192: (move f7-5f f7-6f)
65.403: (move f0-5f f1-5f)
65.441: (move f4-6f f5-6f)
65.588: (move f7-4f f6-4f)
65.608: (move f5-4f f5-3f)
65.756: (putdown f6-5f key0-2)
65.882: (putdown f6-5f key0-4)
65.892: (move f5-4f f6-4f)
65.946: (move f0-5f f0-4f)
66.031: (putdown f5-4f key3-4)
66.050: (move f5-5f f5-6f)
66.172: (move f5-4f f5-3f)
66.257: (move f7-4f f7-3f)
66.404: (move f7-4f f8-4f)
66.488: (move f7-3f f8-3f)
66.489: (move f8-4f f8-3f)
66.608: (putdown f2-5f key0-4)
66.667: (putdown f5-4f key0-2)
66.713: (putdown f3-4f key0-4)
66.721: (move f5-2f f5-1f)
66.772: (putdown f4-6f key0-4)
66.793: (move f7-3f f7-2f)
66.793: (move f6-2f f7-2f)
66.923: (move f2-5f f2-6f)
66.988: (move f4-6f f4-7f)
67.001: (move f4-4f f3-4f)
67.008: (putdown f5-4f key0-4)
67.151: (putdown f5-6f key0-4)
67.229: (move f4-6f f4-5f)
67.341: (move f4-4f f4-5f)
67.423: (putdown f3-2f key2-0)
67.438: (putdown f2-1f key2-0)
67.472: (move f5-2f f4-2f)
67.509: (putdown f4-1f key2-0)
67.526: (move f5-5f f4-5f)
67.534: (putdown f3-0f key2-0)
67.692: (move f6-6f f6-7f)
67.746: (move f0-5f f1-5f)
67.747: (move f0-5f f1-5f)
67.821: (pickup f6-2f key1-4)
68.074: (putdown f5-2f key3-4)
68.148: (move f0-5f f0-4f)
68.150: (move f0-5f f0-4f)
68.155: (move f5-2f f6-2f)
68.589: (move f0-6f f0-7f)
69.045: (move f0-5f f0-6f)
69.283: (move f0-5f f0-6f)
69.288: (move f0-5f f0-6f)
69.335: (move f5-1f f6-1f)
69.337: (move f6-2f f6-1f)
69.572: (pickup f0-6f key1-1)
69.634: (move f1-1f f0-1f)
69.634: (move f0-2f f0-1f)
69.661: (move f4-0f f5-0f)
69.661: (move f5-1f f5-0f)
69.719: (move f1-1f f1-0f)
69.719: (move f2-0f f1-0f)
70.754: (move f8-4f f9-4f)
inf: (pickup-and-loose f0-5f key3-0 key0-3)
inf: (move f6-6f f5-6f)
inf: (pickup-and-loose f0-5f key0-3 key0-1)
inf: (pickup-and-loose f0-5f key3-0 key0-1)
inf: (move f2-5f f3-5f)
inf: (putdown f0-5f key0-1)
inf: (move f6-6f f6-5f)
inf: (pickup f5-5f key0-4)
inf: (pickup f3-5f key0-4)
inf: (pickup-and-loose f0-5f key0-1 key0-3)
inf: (move f0-2f f1-2f)
inf: (putdown f0-5f key0-3)
inf: (move f4-0f f3-0f)
inf: (move f1-1f f1-2f)
inf: (move f4-0f f4-1f)
inf: (move f2-0f f3-0f)
inf: (move f2-0f f2-1f)
inf: (move f0-6f f0-5f)
inf: (move f6-2f f5-2f)
inf: (move f4-1f f3-1f)
inf: (move f6-5f f6-4f)
inf: (move f0-2f f0-3f)
inf: (move f7-4f f6-4f)
inf: (move f5-6f f4-6f)
inf: (move f5-6f f5-5f)
inf: (move f5-4f f5-3f)
inf: (move f5-2f f5-3f)
inf: (move f7-5f f6-5f)
inf: (move f2-1f f3-1f)
inf: (move f5-4f f6-4f)
inf: (pickup f4-6f key0-4)
inf: (putdown f7-4f key3-3)
inf: (move f5-4f f4-4f)
inf: (move f7-3f f7-4f)
inf: (move f5-4f f5-5f)
inf: (move f6-5f f5-5f)
inf: (move f3-4f f3-5f)
inf: (move f7-5f f7-4f)
inf: (pickup-and-loose f0-5f key0-1 key3-0)
inf: (pickup-and-loose f0-5f key0-3 key3-0)
inf: (putdown f0-5f key3-0)
inf: (move f5-1f f4-1f)
inf: (move f3-0f f3-1f)
inf: (move f5-1f f5-2f)
inf: (move f3-2f f3-1f)
inf: (move f8-4f f7-4f)
inf: (move f1-1f f2-1f)
inf: (pickup f4-4f key0-4)
inf: (move f3-4f f4-4f)
59.426: (move f4-5f f5-5f)
59.589: (move f6-6f f6-5f)
60.687: (unlock f7-5f f8-5f key0-4 shape0)
60.943: (pickup-and-loose f6-6f key2-1 key0-2)
60.996: (pickup-and-loose f6-6f key2-1 key0-4)
61.070: (unlock f7-5f f8-5f key0-2 shape0)
61.177: (move f5-6f f5-5f)
61.309: (move f6-6f f5-6f)
61.321: (move f3-4f f4-4f)
61.322: (move f4-5f f4-4f)
61.463: (move f6-6f f7-6f)
61.642: (move f7-4f f7-5f)
61.661: (move f6-4f f7-4f)
61.662: (move f7-5f f7-4f)
61.677: (move f3-4f f3-3f)
61.798: (move f4-5f f5-5f)
61.802: (move f5-6f f5-5f)
61.804: (move f2-5f f2-4f)
61.804: (move f3-4f f2-4f)
61.854: (move f2-5f f1-5f)
61.975: (move f7-4f f7-5f)
62.022: (pickup-and-loose f7-3f key2-4 key0-2)
62.178: (pickup-and-loose f6-4f key0-2 key3-3)
62.230: (move f7-5f f7-6f)
62.230: (move f6-6f f7-6f)
62.303: (move f3-3f f3-4f)
62.338: (move f7-3f f7-2f)
62.520: (move f8-4f f8-3f)
62.529: (move f7-3f f8-3f)
62.581: (move f4-5f f4-6f)
62.595: (pickup-and-loose f6-4f key0-2 key3-4)
62.642: (move f6-5f f7-5f)
62.668: (move f5-6f f6-6f)
62.707: (move f6-5f f7-5f)
62.719: (move f6-6f f7-6f)
62.719: (move f7-5f f7-6f)
62.724: (move f7-5f f6-5f)
62.725: (move f6-4f f6-5f)
62.778: (unlock f8-4f f8-5f key0-2 shape0)
62.794: (move f5-5f f5-6f)
62.796: (move f6-6f f5-6f)
62.830: (move f5-5f f6-5f)
62.836: (move f4-5f f3-5f)
62.840: (move f6-4f f6-5f)
62.850: (move f7-3f f7-2f)
62.861: (pickup-and-loose f6-4f key0-2 key0-4)
62.937: (move f4-4f f3-4f)
63.016: (move f5-6f f6-6f)
63.022: (move f7-4f f6-4f)
63.042: (putdown f6-6f key0-2)
63.052: (move f4-4f f4-5f)
63.052: (move f5-5f f4-5f)
63.070: (move f7-3f f7-4f)
63.099: (putdown f6-6f key0-4)
63.108: (putdown f6-4f key0-4)
63.166: (putdown f7-3f key0-2)
63.182: (unlock f7-3f f6-3f key2-4 shape2)
63.355: (pickup-and-loose f7-3f key2-4 key3-3)
63.387: (move f7-4f f6-4f)
63.445: (move f6-5f f7-5f)
63.455: (move f6-5f f5-5f)
63.590: (putdown f7-5f key3-3)
63.623: (move f4-5f f5-5f)
63.623: (move f5-6f f5-5f)
63.666: (move f5-4f f5-5f)
63.671: (move f4-5f f5-5f)
63.773: (move f6-6f f6-7f)
63.815: (move f4-5f f4-4f)
63.824: (putdown f5-5f key3-4)
63.857: (move f6-6f f6-7f)
63.872: (move f5-4f f5-5f)
63.916: (putdown f5-5f key0-2)
63.932: (move f5-1f f5-2f)
63.933: (move f5-4f f5-5f)
63.935: (move f4-2f f5-2f)
63.939: (move f6-5f f5-5f)
64.085: (move f2-1f f2-2f)
64.085: (move f3-2f f2-2f)
64.104: (move f2-1f f3-1f)
64.104: (move f3-2f f3-1f)
64.135: (putdown f4-4f key0-2)
64.283: (move f6-6f f6-7f)
64.371: (move f1-5f f1-4f)
64.375: (move f0-4f f1-4f)
64.382: (move f5-4f f5-5f)
64.387: (unlock f5-6f f5-7f key0-4 shape0)
64.404: (move f5-3f f5-2f)
64.470: (move f5-6f f5-5f)
64.480: (move f2-1f f1-1f)
64.484: (move f7-3f f8-3f)
64.491: (move f5-6f f4-6f)
64.506: (move f3-2f f3-3f)
64.549: (move f7-5f f7-6f)
64.558: (move f3-3f f3-2f)
64.614: (move f2-5f f2-6f)
64.708: (unlock f1-5f f1-6f key3-0 shape3)
64.789: (move f1-5f f0-5f)
64.802: (move f5-3f f5-2f)
64.835: (move f3-2f f4-2f)
64.867: (move f6-4f f7-4f)
64.940: (move f1-5f f2-5f)
64.990: (move f6-4f f5-4f)
65.043: (move f5-1f f6-1f)
65.128: (move f2-1f f2-0f)
65.155: (move f5-4f f6-4f)
65.164: (move f0-4f f0-3f)
65.199: (move f6-5f f6-4f)
65.275: (move f5-1f f5-0f)
65.278: (move f4-0f f5-0f)
65.367: (putdown f4-4f key3-4)
65.385: (move f5-6f f6-6f)
65.385: (move f7-4f f8-4f)
65.399: (move f3-4f f4-4f)
65.401: (move f6-5f f6-6f)
65.410: (move f5-6f f6-6f)
65.422: (move f1-1f f0-1f)
65.442: (move f2-0f f1-0f)
65.459: (move f1-1f f1-0f)
65.485: (move f5-4f f4-4f)
65.556: (move f6-5f f6-4f)
65.568: (move f5-4f f6-4f)
65.643: (move f7-4f f7-3f)
65.653: (move f5-4f f4-4f)
65.734: (move f7-4f f8-4f)
65.746: (move f5-4f f6-4f)
65.754: (move f3-4f f3-3f)
65.785: (move f4-5f f4-4f)
65.788: (move f4-6f f5-6f)
65.793: (move f6-5f f6-6f)
65.797: (putdown f7-5f key0-4)
65.825: (move f5-6f f5-7f)
65.836: (putdown f3-3f key2-0)
65.845: (move f5-4f f4-4f)
65.848: (move f4-5f f4-4f)
65.855: (move f3-4f f2-4f)
65.881: (move f2-5f f2-4f)
65.884: (move f5-6f f6-6f)
65.885: (putdown f7-5f key0-2)
65.904: (move f5-5f f5-6f)
65.904: (move f6-5f f6-4f)
65.910: (move f2-5f f1-5f)
65.915: (move f1-5f f1-4f)
65.915: (move f2-4f f1-4f)
65.916: (move f6-5f f6-6f)
65.970: (putdown f6-4f key3-3)
65.994: (unlock f4-7f f5-7f key0-4 shape0)
65.994: (move f7-4f f7-3f)
66.018: (move f3-3f f2-3f)
66.028: (move f5-4f f6-4f)
66.098: (putdown f2-4f key0-4)
66.156: (move f7-3f f8-3f)
66.156: (move f8-4f f8-3f)
66.174: (move f1-1f f1-2f)
66.229: (putdown f3-3f key0-4)
66.263: (putdown f5-6f key0-4)
66.275: (move f3-4f f3-3f)
66.307: (putdown f6-4f key3-4)
66.345: (move f3-4f f2-4f)
66.366: (move f5-4f f6-4f)
66.382: (move f4-4f f3-4f)
66.392: (putdown f1-1f key2-0)
66.433: (move f6-7f f6-8f)
66.435: (move f6-2f f7-2f)
66.439: (move f1-5f f2-5f)
66.439: (move f1-5f f2-5f)
66.480: (move f7-3f f7-2f)
66.535: (putdown f1-5f key0-4)
66.542: (putdown f7-3f key3-3)
66.545: (move f6-2f f7-2f)
66.605: (move f6-2f f5-2f)
66.738: (move f4-4f f4-5f)
66.741: (move f5-5f f4-5f)
66.882: (move f3-3f f2-3f)
66.883: (move f2-4f f2-3f)
66.889: (move f4-7f f4-8f)
66.909: (move f7-6f f8-6f)
66.927: (move f5-1f f4-1f)
66.928: (move f4-2f f4-1f)
66.983: (move f8-4f f9-4f)
67.023: (move f2-5f f3-5f)
67.027: (putdown f4-5f key0-4)
67.039: (move f3-4f f3-5f)
67.093: (putdown f8-4f key3-3)
67.098: (move f5-4f f4-4f)
67.234: (putdown f8-4f key0-2)
67.263: (putdown f5-6f key0-4)
67.267: (move f5-6f f4-6f)
67.269: (move f4-5f f4-6f)
67.280: (move f0-6f f0-7f)
67.361: (pickup-and-loose f5-3f key3-4 key0-4)
67.366: (putdown f1-5f key3-0)
67.370: (move f4-5f f4-6f)
67.371: (putdown f3-2f key2-0)
67.383: (putdown f2-1f key2-0)
67.384: (putdown f2-6f key0-4)
67.401: (putdown f4-7f key0-4)
67.419: (move f3-2f f3-1f)
67.424: (move f4-5f f3-5f)
67.425: (move f4-2f f3-2f)
67.428: (move f4-1f f3-1f)
58.293: (pickup f6-6f key2-1)
58.454: (pickup f6-6f key2-1)
58.847: (move f5-6f f5-5f)
58.848: (move f6-5f f5-5f)
58.960: (move f6-5f f7-5f)
58.960: (move f7-6f f7-5f)
59.391: (move f5-5f f6-5f)
59.446: (move f7-3f f7-2f)
59.478: (move f6-6f f6-5f)
59.499: (pickup f6-6f key2-1)
59.536: (pickup f6-6f key2-1)
59.605: (move f6-6f f6-5f)
59.792: (pickup f6-6f key2-1)
59.848: (move f6-6f f7-6f)
60.217: (move f6-6f f7-6f)
60.633: (move f6-6f f5-6f)
60.675: (move f7-3f f7-4f)
60.712: (move f6-5f f6-4f)
60.745: (move f4-4f f5-4f)
60.745: (move f5-5f f5-4f)
60.817: (pickup-and-loose f6-6f key2-1 key0-4)
60.819: (move f3-4f f4-4f)
61.141: (move f3-3f f3-2f)
61.176: (pickup-and-loose f6-6f key2-1 key0-4)
61.232: (move f7-3f f8-3f)
61.271: (move f5-5f f5-6f)
61.274: (move f4-6f f5-6f)
61.345: (move f5-6f f5-5f)
61.422: (move f1-5f f0-5f)
61.475: (pickup f6-4f key0-2)
61.570: (move f5-6f f4-6f)
61.595: (pickup f6-4f key0-2)
61.614: (move f7-6f f8-6f)
61.629: (move f6-4f f7-4f)
61.703: (unlock f7-2f f7-1f key2-4 shape2)
61.761: (pickup-and-loose f4-5f key0-4 key0-2)
61.884: (move f7-5f f7-4f)
62.028: (unlock f7-3f f6-3f key2-4 shape2)
62.029: (move f7-4f f7-5f)
62.054: (pickup-and-loose f7-3f key2-4 key3-3)
62.062: (move f6-4f f7-4f)
62.094: (move f6-4f f6-5f)
62.107: (putdown f7-2f key0-2)
62.116: (move f6-4f f6-5f)
62.180: (move f6-4f f6-5f)
62.183: (move f7-5f f6-5f)
62.189: (move f6-4f f6-5f)
62.238: (move f7-5f f6-5f)
62.283: (move f7-5f f7-4f)
62.285: (move f8-4f f7-4f)
62.295: (move f5-5f f6-5f)
62.295: (move f6-6f f6-5f)
62.300: (move f6-6f f5-6f)
62.313: (move f6-4f f7-4f)
62.330: (move f6-4f f7-4f)
62.332: (move f7-3f f7-4f)
62.340: (unlock f5-6f f5-7f key0-2 shape0)
62.354: (move f6-7f f6-8f)
62.379: (move f7-3f f7-2f)
62.395: (pickup f6-4f key0-2)
62.398: (pickup f7-3f key2-4)
62.410: (move f3-3f f3-4f)
62.427: (move f1-4f f1-3f)
62.430: (move f0-3f f1-3f)
62.479: (move f3-4f f3-5f)
62.512: (move f7-5f f7-6f)
62.526: (move f7-5f f6-5f)
62.530: (move f6-4f f6-5f)
62.533: (move f7-3f f7-2f)
62.558: (move f7-5f f6-5f)
62.566: (move f5-6f f4-6f)
62.574: (move f4-5f f4-6f)
62.595: (move f5-5f f6-5f)
62.599: (move f2-4f f1-4f)
62.599: (move f1-5f f1-4f)
62.600: (move f7-5f f7-6f)
62.601: (move f6-6f f6-5f)
62.690: (move f7-3f f8-3f)
62.691: (move f5-5f f6-5f)
62.697: (pickup f6-4f key0-2)
62.730: (move f8-4f f8-3f)
62.748: (move f6-6f f7-6f)
62.753: (move f6-4f f5-4f)
62.755: (move f6-6f f6-5f)
62.796: (move f7-4f f7-5f)
62.801: (move f6-5f f7-5f)
62.808: (move f6-4f f5-4f)
62.813: (pickup f6-4f key0-2)
62.829: (putdown f4-5f key0-2)
62.837: (move f7-5f f7-6f)
62.853: (move f6-7f f6-8f)
62.858: (move f5-6f f6-6f)
62.921: (putdown f6-6f key0-4)
62.921: (putdown f7-5f key3-3)
62.928: (move f7-3f f7-4f)
62.959: (unlock f6-7f f5-7f key0-2 shape0)
62.964: (move f7-6f f8-6f)
62.970: (move f7-3f f7-2f)
62.974: (move f6-4f f6-5f)
62.989: (move f4-4f f3-4f)
62.994: (move f3-5f f3-4f)
62.996: (putdown f7-2f key2-4)
63.022: (move f6-7f f6-8f)
63.024: (move f4-5f f3-5f)
63.024: (move f3-4f f3-5f)
63.035: (move f6-6f f7-6f)
63.040: (move f6-6f f6-7f)
63.051: (move f3-5f f2-5f)
63.071: (unlock f7-3f f6-3f key2-4 shape2)
63.093: (move f7-5f f7-6f)
63.099: (putdown f3-5f key0-4)
63.116: (move f6-4f f6-5f)
63.137: (unlock f7-6f f7-7f key3-3 shape3)
63.194: (move f6-5f f5-5f)
63.197: (move f5-4f f5-5f)
63.271: (move f5-5f f4-5f)
63.272: (putdown f6-6f key0-4)
63.274: (move f4-6f f4-5f)
63.313: (move f6-4f f6-5f)
63.330: (move f6-6f f7-6f)
63.362: (move f6-6f f6-5f)
63.391: (move f7-3f f6-3f)
63.417: (move f7-3f f7-4f)
63.418: (move f7-4f f7-3f)
63.445: (move f3-4f f2-4f)
63.447: (move f4-7f f4-6f)
63.450: (unlock f6-7f f5-7f key0-4 shape0)
63.453: (move f6-6f f6-7f)
63.459: (move f6-6f f6-7f)
63.464: (unlock f4-6f f4-7f key0-4 shape0)
63.468: (move f5-6f f4-6f)
63.469: (move f2-3f f2-4f)
63.469: (move f5-7f f6-7f)
63.487: (move f5-6f f5-5f)
63.490: (move f8-3f f8-2f)
63.490: (move f7-2f f8-2f)
63.496: (move f5-7f f5-8f)
63.511: (move f2-4f f2-3f)
63.512: (move f3-3f f2-3f)
63.517: (move f6-4f f6-5f)
63.528: (move f5-5f f6-5f)
63.549: (move f6-6f f5-6f)
63.557: (move f7-2f f8-2f)
63.565: (move f6-6f f6-5f)
63.568: (move f8-3f f8-2f)
63.571: (move f7-5f f6-5f)
63.574: (move f5-5f f6-5f)
63.579: (pickup-and-loose f4-5f key0-4 key3-4)
63.591: (move f7-4f f6-4f)
63.591: (move f7-6f f8-6f)
63.591: (pickup-and-loose f7-4f key3-3 key0-4)
63.597: (move f7-5f f7-4f)
63.651: (move f6-6f f7-6f)
63.673: (move f6-4f f5-4f)
63.684: (move f6-4f f7-4f)
63.687: (move f7-5f f7-4f)
63.695: (move f6-6f f7-6f)
63.708: (move f7-5f f7-6f)
63.727: (move f6-4f f6-5f)
63.733: (move f5-5f f6-5f)
63.738: (move f7-5f f6-5f)
63.800: (move f8-4f f8-5f)
63.801: (move f7-5f f8-5f)
63.811: (move f5-5f f6-5f)
63.813: (move f6-6f f7-6f)
63.813: (move f7-5f f7-6f)
63.824: (move f4-5f f5-5f)
63.828: (move f6-4f f5-4f)
63.844: (move f5-2f f5-1f)
63.891: (move f7-4f f8-4f)
63.895: (move f2-5f f2-4f)
63.896: (move f1-4f f2-4f)
63.933: (move f4-4f f3-4f)
63.979: (putdown f8-3f key0-2)
63.982: (move f4-4f f5-4f)
63.988: (move f3-4f f2-4f)
63.991: (move f3-4f f3-3f)
63.998: (move f5-6f f5-5f)
64.005: (move f3-2f f3-1f)
64.010: (move f5-5f f6-5f)
64.012: (move f6-4f f6-5f)
64.025: (putdown f7-4f key0-4)
64.029: (move f4-2f f5-2f)
64.031: (move f5-5f f5-6f)
64.056: (move f5-5f f5-4f)
64.105: (move f6-4f f5-4f)
64.107: (move f7-5f f6-5f)
64.116: (move f5-2f f5-3f)
64.124: (putdown f6-5f key3-3)
64.133: (move f7-5f f8-5f)
64.151: (unlock f6-1f f7-1f key2-0 shape2)
64.152: (putdown f6-5f key3-4)
64.165: (putdown f3-4f key2-0)
64.200: (move f5-2f f6-2f)
64.201: (move f7-2f f6-2f)
64.203: (move f7-5f f7-6f)
64.205: (move f5-2f f6-2f)
64.210: (move f2-5f f3-5f)
64.222: (move f5-5f f6-5f)
64.226: (move f6-6f f6-5f)
57.446: (move f6-5f f7-5f)
58.886: (move f7-6f f7-5f)
58.888: (move f6-5f f7-5f)
58.952: (unlock f7-2f f7-1f key2-4 shape2)
59.033: (move f5-6f f5-5f)
59.034: (move f6-5f f5-5f)
59.088: (move f6-6f f6-5f)
59.145: (move f7-6f f7-5f)
59.146: (move f6-5f f7-5f)
59.206: (move f6-4f f7-4f)
59.206: (move f7-5f f7-4f)
59.281: (move f5-6f f6-6f)
59.289: (move f6-5f f6-6f)
59.444: (move f5-4f f6-4f)
59.447: (move f6-5f f6-4f)
59.580: (move f6-6f f6-5f)
59.651: (move f4-5f f3-5f)
59.668: (move f7-3f f7-2f)
59.760: (move f4-5f f5-5f)
59.880: (move f6-6f f6-5f)
59.890: (move f6-5f f5-5f)
59.896: (move f5-6f f5-5f)
59.923: (move f6-6f f7-6f)
59.989: (move f7-2f f8-2f)
59.991: (move f8-3f f8-2f)
60.099: (move f7-4f f7-5f)
60.110: (move f5-5f f5-4f)
60.113: (move f6-4f f5-4f)
60.144: (move f6-6f f6-5f)
60.202: (move f6-6f f7-6f)
60.214: (move f6-6f f7-6f)
60.267: (move f6-5f f6-4f)
60.318: (move f5-6f f4-6f)
60.420: (pickup f0-5f key3-0)
60.469: (move f6-6f f6-5f)
60.485: (move f7-3f f7-2f)
60.489: (move f6-6f f7-6f)
60.510: (move f6-6f f6-5f)
60.512: (move f3-2f f3-1f)
60.607: (move f7-3f f7-2f)
60.633: (move f6-6f f5-6f)
60.700: (move f7-3f f6-3f)
60.709: (move f8-6f f8-7f)
60.743: (move f7-2f f6-2f)
60.762: (move f6-5f f6-4f)
60.796: (unlock f6-4f f6-3f key2-1 shape2)
60.797: (move f7-5f f6-5f)
60.814: (move f6-4f f6-5f)
60.838: (move f6-6f f7-6f)
60.854: (move f5-6f f5-5f)
60.861: (move f6-6f f6-5f)
60.908: (move f6-5f f7-5f)
60.912: (move f7-6f f7-5f)
60.918: (move f7-4f f7-5f)
60.918: (move f7-4f f7-5f)
60.918: (move f6-5f f7-5f)
60.920: (move f6-5f f7-5f)
60.921: (move f3-4f f4-4f)
60.922: (move f5-5f f4-5f)
60.924: (move f4-6f f4-5f)
60.985: (pickup-and-loose f6-6f key2-1 key0-4)
60.991: (move f7-3f f7-4f)
60.994: (move f6-6f f5-6f)
61.015: (pickup f0-5f key0-3)
61.015: (pickup f0-5f key0-1)
61.078: (move f6-6f f7-6f)
61.092: (move f3-5f f3-4f)
61.113: (unlock f7-6f f7-7f key3-3 shape3)
61.155: (move f6-4f f7-4f)
61.158: (move f4-5f f4-6f)
61.175: (move f7-6f f7-5f)
61.177: (move f6-5f f7-5f)
61.177: (move f3-5f f2-5f)
61.205: (move f6-6f f7-6f)
61.232: (move f7-6f f8-6f)
61.274: (move f4-5f f5-5f)
61.287: (move f5-4f f5-5f)
61.289: (move f6-5f f5-5f)
61.292: (move f7-4f f6-4f)
61.303: (move f7-4f f7-5f)
61.316: (move f6-5f f5-5f)
61.318: (move f5-4f f5-5f)
61.380: (move f3-4f f4-4f)
61.393: (move f6-6f f5-6f)
61.455: (move f6-5f f5-5f)
61.457: (move f4-4f f5-4f)
61.464: (move f7-4f f7-5f)
61.466: (move f3-5f f4-5f)
61.468: (move f6-5f f7-5f)
61.469: (move f4-5f f4-4f)
61.478: (move f5-3f f5-4f)
61.505: (move f6-6f f5-6f)
61.509: (move f6-6f f5-6f)
61.518: (move f6-4f f6-5f)
61.528: (move f7-3f f8-3f)
61.532: (move f3-2f f4-2f)
61.534: (move f6-5f f7-5f)
61.548: (move f7-4f f7-5f)
61.572: (move f7-4f f7-5f)
61.597: (unlock f4-6f f4-7f key0-2 shape0)
61.612: (pickup f7-4f key3-3)
61.613: (move f4-5f f5-5f)
61.616: (move f7-6f f7-5f)
61.617: (move f6-5f f7-5f)
61.647: (move f6-4f f7-4f)
61.657: (move f7-4f f7-5f)
61.703: (move f1-4f f0-4f)
61.714: (move f0-5f f0-4f)
61.721: (unlock f5-3f f6-3f key2-0 shape2)
61.743: (unlock f7-2f f7-1f key2-4 shape2)
61.749: (move f7-6f f8-6f)
61.759: (pickup f7-4f key3-3)
61.815: (unlock f7-3f f6-3f key2-4 shape2)
61.823: (move f6-5f f5-5f)
61.826: (move f6-7f f6-8f)
61.840: (move f6-4f f7-4f)
61.854: (putdown f3-5f key2-0)
61.893: (unlock f7-2f f7-1f key2-4 shape2)
61.915: (move f5-6f f5-5f)
61.923: (move f6-5f f5-5f)
61.924: (move f6-4f f7-4f)
61.979: (move f7-4f f7-5f)
61.983: (pickup-and-loose f7-3f key2-4 key0-4)
62.009: (move f6-4f f6-5f)
62.086: (move f7-4f f8-4f)
62.089: (move f7-2f f7-3f)
62.091: (unlock f8-4f f8-5f key0-4 shape0)
62.092: (move f8-5f f8-4f)
62.098: (move f2-3f f1-3f)
62.098: (move f1-4f f1-3f)
62.111: (unlock f7-3f f6-3f key2-4 shape2)
62.115: (move f5-4f f5-3f)
62.123: (move f6-5f f7-5f)
62.125: (move f7-6f f7-5f)
62.136: (move f6-6f f5-6f)
62.140: (move f7-6f f7-5f)
62.143: (move f6-4f f7-4f)
62.145: (putdown f7-2f key2-4)
62.172: (move f3-5f f2-5f)
62.179: (putdown f3-5f key0-2)
62.194: (move f2-4f f2-5f)
62.199: (move f5-6f f4-6f)
62.227: (move f7-2f f8-2f)
62.286: (unlock f6-2f f6-3f key2-0 shape2)
62.344: (move f6-2f f7-2f)
62.346: (move f6-6f f5-6f)
62.350: (move f7-3f f8-3f)
62.373: (move f6-7f f6-8f)
62.378: (move f7-3f f8-3f)
62.390: (move f6-7f f6-8f)
62.392: (move f3-5f f4-5f)
62.399: (pickup-and-loose f6-4f key0-2 key2-1)
62.402: (move f4-4f f4-5f)
62.429: (move f6-4f f5-4f)
62.443: (move f6-5f f7-5f)
62.460: (move f6-4f f6-5f)
62.466: (move f7-4f f7-5f)
62.483: (move f6-7f f6-6f)
62.492: (move f6-5f f5-5f)
62.496: (move f5-6f f6-6f)
62.505: (move f5-4f f5-5f)
62.507: (move f6-5f f7-5f)
62.554: (move f7-3f f7-2f)
62.558: (move f4-5f f3-5f)
62.567: (move f3-4f f3-5f)
62.567: (move f7-5f f7-6f)
62.582: (move f4-5f f4-6f)
62.585: (putdown f7-2f key2-4)
62.600: (move f5-5f f6-5f)
62.611: (move f6-6f f6-5f)
62.624: (move f6-8f f7-8f)
62.629: (move f6-6f f6-7f)
62.660: (move f6-5f f6-6f)
62.717: (move f6-4f f5-4f)
62.717: (move f2-4f f2-5f)
62.720: (move f3-5f f2-5f)
62.729: (move f6-5f f6-6f)
62.742: (move f6-5f f6-4f)
62.742: (move f7-4f f6-4f)
62.765: (move f6-5f f6-6f)
62.766: (move f6-4f f5-4f)
62.776: (pickup f7-4f key3-3)
62.779: (move f7-3f f7-4f)
62.779: (move f5-4f f5-5f)
62.790: (move f5-4f f4-4f)
62.806: (move f7-2f f7-3f)
62.819: (putdown f6-4f key2-1)
62.820: (move f4-5f f3-5f)
62.830: (move f6-4f f5-4f)
62.832: (pickup-and-loose f8-6f key0-0 key0-2)
62.839: (move f4-5f f4-4f)
62.845: (move f5-4f f5-5f)
62.848: (move f6-5f f5-5f)
62.854: (move f5-4f f6-4f)
62.855: (move f0-5f f0-6f)
62.872: (pickup-and-loose f8-6f key0-0 key2-1)
62.878: (move f6-5f f6-4f)
62.912: (move f7-2f f6-2f)
62.913: (move f6-3f f6-2f)
62.914: (move f6-4f f6-5f)
52.981: (pickup f6-6f key2-1)
56.072: (pickup f6-4f key0-2)
57.165: (pickup f3-1f key2-0)
58.174: (move f7-5f f7-4f)
58.174: (move f6-4f f7-4f)
58.187: (move f6-5f f7-5f)
58.191: (move f7-6f f7-5f)
58.369: (move f7-6f f7-5f)
58.369: (move f6-5f f7-5f)
58.804: (move f7-6f f7-5f)
58.805: (move f6-5f f7-5f)
59.005: (move f6-5f f5-5f)
59.020: (move f5-6f f5-5f)
59.074: (move f7-6f f7-5f)
59.079: (move f6-5f f7-5f)
59.084: (move f0-5f f0-4f)
59.104: (move f5-4f f5-5f)
59.114: (move f4-5f f5-5f)
59.127: (move f0-5f f1-5f)
59.154: (move f6-5f f7-5f)
59.167: (move f7-6f f7-5f)
59.176: (unlock f7-2f f7-1f key2-4 shape2)
59.198: (move f5-4f f4-4f)
59.213: (move f4-5f f4-4f)
59.216: (move f3-5f f2-5f)
59.264: (move f5-6f f5-5f)
59.265: (move f6-5f f5-5f)
59.281: (move f6-4f f6-3f)
59.329: (move f7-6f f7-5f)
59.329: (move f6-5f f7-5f)
59.444: (move f3-5f f3-4f)
59.456: (move f4-4f f3-4f)
59.476: (move f6-5f f5-5f)
59.479: (move f7-5f f7-4f)
59.481: (move f5-6f f5-5f)
59.485: (move f6-6f f7-6f)
59.486: (move f7-5f f7-6f)
59.488: (move f6-4f f7-4f)
59.540: (move f7-8f f8-8f)
59.558: (move f8-7f f8-8f)
59.568: (move f6-4f f7-4f)
59.592: (move f4-5f f5-5f)
59.658: (move f6-5f f5-5f)
59.660: (move f6-4f f6-5f)
59.667: (move f5-6f f5-5f)
59.763: (move f7-6f f7-5f)
59.764: (unlock f6-4f f6-3f key2-1 shape2)
59.766: (move f6-5f f7-5f)
59.768: (move f7-3f f7-2f)
59.850: (move f6-6f f6-5f)
59.851: (unlock f7-2f f7-1f key2-4 shape2)
59.878: (move f7-5f f6-5f)
59.884: (move f6-4f f6-5f)
59.982: (unlock f7-2f f7-1f key2-4 shape2)
60.002: (move f6-4f f7-4f)
60.004: (move f7-5f f7-4f)
60.012: (move f7-2f f8-2f)
60.018: (move f7-5f f7-6f)
60.071: (move f6-5f f5-5f)
60.074: (move f5-4f f5-5f)
60.102: (move f7-3f f7-4f)
60.168: (move f6-5f f5-5f)
60.172: (move f5-6f f5-5f)
60.173: (move f6-4f f5-4f)
60.194: (unlock f4-6f f4-7f key0-4 shape0)
60.224: (move f6-5f f5-5f)
60.236: (move f5-6f f5-5f)
60.243: (move f7-2f f8-2f)
60.263: (move f8-3f f8-2f)
60.289: (move f6-5f f6-4f)
60.314: (move f7-2f f6-2f)
60.318: (unlock f6-2f f6-3f key2-4 shape2)
60.322: (move f6-3f f6-2f)
60.333: (move f7-4f f7-5f)
60.369: (move f6-5f f6-4f)
60.370: (pickup f7-3f key2-4)
60.378: (move f6-5f f7-5f)
60.385: (move f7-4f f7-5f)
60.397: (move f6-5f f5-5f)
60.409: (move f5-6f f5-5f)
60.451: (move f6-5f f6-4f)
60.485: (move f6-6f f7-6f)
60.485: (move f8-6f f8-7f)
60.534: (move f6-4f f5-4f)
60.539: (move f5-5f f5-4f)
60.565: (move f7-2f f7-1f)
60.577: (move f6-5f f6-4f)
60.621: (unlock f7-5f f8-5f key0-4 shape0)
60.636: (unlock f7-5f f8-5f key0-2 shape0)
60.645: (move f6-5f f6-4f)
60.669: (move f5-5f f6-5f)
60.680: (move f7-3f f7-2f)
60.686: (move f6-4f f5-4f)
60.729: (move f7-2f f6-2f)
60.744: (move f5-3f f6-3f)
60.745: (move f6-2f f6-3f)
60.754: (unlock f6-4f f6-3f key2-4 shape2)
60.757: (move f7-4f f6-4f)
60.758: (move f6-3f f6-4f)
60.767: (pickup-and-loose f6-6f key2-1 key0-2)
60.772: (move f6-6f f6-7f)
60.786: (move f7-4f f7-3f)
60.788: (move f7-4f f7-5f)
60.792: (move f7-3f f7-2f)
60.850: (move f7-2f f8-2f)
60.854: (unlock f6-4f f6-3f key2-1 shape2)
60.875: (move f5-5f f4-5f)
60.876: (move f4-6f f4-5f)
60.890: (unlock f7-5f f8-5f key0-2 shape0)
60.905: (unlock f7-5f f8-5f key0-4 shape0)
60.918: (move f6-5f f6-4f)
60.930: (move f4-5f f3-5f)
60.934: (move f7-3f f7-4f)
60.957: (move f7-5f f6-5f)
60.979: (move f8-6f f8-7f)
60.986: (move f7-4f f7-5f)
61.000: (move f7-4f f7-5f)
61.000: (move f7-5f f6-5f)
61.003: (pickup-and-loose f6-6f key2-1 key0-2)
61.028: (pickup-and-loose f6-6f key2-1 key0-2)
61.030: (move f7-4f f7-5f)
61.033: (move f4-2f f4-1f)
61.039: (move f3-1f f4-1f)
61.076: (pickup-and-loose f6-6f key2-1 key0-2)
61.084: (move f6-5f f7-5f)
61.147: (move f7-6f f8-6f)
61.150: (move f7-2f f7-3f)
61.164: (unlock f7-5f f8-5f key0-2 shape0)
61.206: (move f5-6f f4-6f)
61.207: (move f6-4f f7-4f)
61.215: (move f3-1f f2-1f)
61.256: (move f7-4f f8-4f)
61.276: (move f5-3f f5-2f)
61.277: (move f7-6f f8-6f)
61.284: (move f4-2f f5-2f)
61.304: (pickup-and-loose f4-5f key0-4 key2-0)
61.336: (move f4-4f f5-4f)
61.337: (move f5-5f f5-4f)
61.357: (move f4-5f f4-6f)
61.365: (unlock f4-6f f4-7f key0-2 shape0)
61.370: (move f0-5f f0-4f)
61.370: (move f0-5f f0-4f)
61.430: (move f5-5f f5-6f)
61.436: (move f4-6f f5-6f)
61.436: (move f5-4f f5-5f)
61.463: (move f6-5f f5-5f)
61.475: (move f5-6f f4-6f)
61.476: (move f7-4f f7-5f)
61.477: (move f6-5f f7-5f)
61.495: (pickup-and-loose f4-5f key0-4 key2-1)
61.496: (move f4-5f f4-4f)
61.510: (move f3-4f f4-4f)
61.512: (move f0-5f f1-5f)
61.512: (move f0-5f f1-5f)
61.535: (move f7-6f f8-6f)
61.546: (move f7-2f f6-2f)
61.556: (move f6-6f f5-6f)
61.557: (move f6-2f f5-2f)
61.561: (move f4-4f f5-4f)
61.562: (move f5-3f f5-4f)
61.565: (move f6-5f f6-4f)
61.570: (move f7-4f f7-5f)
61.581: (move f6-5f f7-5f)
61.583: (move f6-4f f7-4f)
61.584: (move f7-6f f7-5f)
61.601: (move f7-5f f7-4f)
61.644: (move f7-6f f8-6f)
61.653: (move f7-3f f6-3f)
61.653: (move f6-4f f5-4f)
61.654: (move f5-5f f5-4f)
61.655: (move f7-3f f8-3f)
61.662: (putdown f7-2f key2-0)
61.671: (move f3-1f f3-0f)
61.700: (move f7-4f f7-5f)
61.702: (move f0-6f f0-7f)
61.721: (move f5-4f f4-4f)
61.740: (move f5-4f f6-4f)
61.754: (move f7-6f f8-6f)
61.775: (putdown f7-2f key2-4)
61.789: (move f7-3f f6-3f)
61.813: (unlock f7-2f f7-1f key2-0 shape2)
61.842: (move f6-5f f5-5f)
61.846: (move f5-4f f5-5f)
61.847: (move f3-4f f3-3f)
61.885: (move f7-5f f7-4f)
61.909: (putdown f3-5f key2-0)
61.910: (move f7-6f f8-6f)
61.910: (move f3-5f f4-5f)
61.921: (move f7-3f f7-4f)
61.921: (unlock f7-2f f7-1f key2-4 shape2)
61.934: (move f7-6f f7-7f)
61.935: (move f5-5f f6-5f)
61.939: (move f6-6f f6-5f)
61.976: (move f3-4f f2-4f)
61.977: (move f2-5f f2-4f)
61.980: (move f4-5f f4-6f)
62.004: (unlock f7-3f f6-3f key2-4 shape2)
62.023: (move f6-4f f7-4f)
62.026: (move f2-5f f1-5f)
62.028: (move f3-5f f3-4f)
54.576: (move f6-6f f7-6f)
54.675: (move f6-6f f6-5f)
55.252: (move f6-4f f7-4f)
55.998: (move f6-6f f5-6f)
56.799: (move f6-4f f6-5f)
56.956: (move f6-6f f6-7f)
57.251: (move f3-1f f4-1f)
57.536: (move f3-1f f3-2f)
57.552: (move f6-4f f5-4f)
57.582: (move f0-4f f1-4f)
57.584: (move f1-5f f1-4f)
57.585: (pickup f7-4f key3-3)
57.601: (move f3-1f f2-1f)
57.920: (move f4-5f f5-5f)
58.017: (move f3-1f f3-0f)
58.102: (move f7-5f f7-4f)
58.125: (move f6-4f f7-4f)
58.263: (move f0-4f f0-3f)
58.472: (unlock f1-5f f1-6f key3-0 shape3)
58.540: (pickup f4-5f key0-4)
58.550: (move f4-5f f5-5f)
58.794: (move f7-5f f7-4f)
58.800: (move f6-4f f7-4f)
58.901: (move f7-5f f7-4f)
58.914: (move f6-4f f7-4f)
58.915: (move f7-4f f7-5f)
58.917: (move f6-5f f5-5f)
58.924: (move f5-4f f5-5f)
58.939: (move f6-5f f7-5f)
58.951: (move f7-6f f7-5f)
59.135: (move f7-3f f7-2f)
59.151: (pickup f7-3f key0-2)
59.165: (move f7-5f f7-4f)
59.174: (move f6-4f f7-4f)
59.189: (move f7-3f f7-4f)
59.198: (move f5-4f f5-5f)
59.201: (move f5-4f f5-5f)
59.207: (move f6-5f f5-5f)
59.240: (unlock f7-2f f7-1f key2-4 shape2)
59.290: (move f1-5f f2-5f)
59.305: (move f4-5f f3-5f)
59.370: (move f6-5f f7-5f)
59.370: (move f7-4f f7-5f)
59.374: (move f7-5f f7-4f)
59.383: (move f6-4f f7-4f)
59.415: (move f6-5f f7-5f)
59.443: (move f5-4f f5-5f)
59.444: (move f6-5f f6-6f)
59.456: (move f4-5f f5-5f)
59.466: (move f6-6f f6-5f)
59.482: (move f4-5f f3-5f)
59.490: (move f6-4f f6-5f)
59.499: (move f8-7f f8-8f)
59.524: (move f5-5f f5-4f)
59.525: (move f6-4f f5-4f)
59.528: (move f6-7f f6-8f)
59.537: (move f5-4f f4-4f)
59.572: (move f7-4f f7-5f)
59.572: (move f6-4f f6-5f)
59.578: (move f5-5f f6-5f)
59.610: (move f5-5f f6-5f)
59.617: (move f6-4f f6-3f)
59.620: (move f6-6f f6-5f)
59.630: (move f6-4f f7-4f)
59.639: (move f7-5f f7-4f)
59.650: (move f6-6f f6-5f)
59.679: (move f6-4f f6-5f)
59.701: (move f6-6f f6-5f)
59.724: (move f4-5f f4-4f)
59.726: (move f6-5f f5-5f)
59.732: (move f6-4f f5-4f)
59.736: (move f5-5f f5-4f)
59.738: (move f5-6f f5-5f)
59.796: (move f6-6f f7-6f)
59.827: (move f7-3f f7-2f)
59.831: (move f7-3f f8-3f)
59.846: (move f6-6f f7-6f)
59.848: (move f6-4f f7-4f)
59.863: (unlock f7-3f f6-3f key2-4 shape2)
59.877: (move f6-6f f7-6f)
59.921: (move f7-5f f6-5f)
59.932: (move f6-4f f6-5f)
59.942: (move f7-4f f7-3f)
59.945: (move f4-5f f4-4f)
59.968: (move f8-7f f8-8f)
59.977: (move f6-4f f7-4f)
59.991: (move f7-6f f8-6f)
60.007: (move f7-5f f7-4f)
60.010: (unlock f6-4f f6-3f key2-1 shape2)
60.041: (unlock f7-2f f7-1f key2-4 shape2)
60.048: (move f7-4f f7-5f)
60.068: (move f6-6f f5-6f)
60.099: (move f6-4f f6-3f)
60.109: (move f7-3f f6-3f)
60.138: (unlock f7-5f f8-5f key0-2 shape0)
60.143: (unlock f7-2f f7-1f key2-4 shape2)
60.148: (move f5-4f f5-3f)
60.149: (move f6-3f f5-3f)
60.177: (move f7-4f f6-4f)
60.218: (move f6-6f f7-6f)
60.221: (move f6-5f f5-5f)
60.227: (move f7-5f f7-6f)
60.237: (move f8-6f f8-7f)
60.273: (move f7-2f f8-2f)
60.295: (unlock f6-2f f6-3f key2-4 shape2)
60.296: (move f6-4f f7-4f)
60.300: (move f7-2f f6-2f)
60.335: (move f7-6f f6-6f)
60.336: (move f6-5f f6-6f)
60.345: (move f5-5f f5-4f)
60.346: (move f6-4f f5-4f)
60.357: (move f8-6f f8-7f)
60.390: (unlock f6-4f f6-3f key2-1 shape2)
60.432: (pickup f7-4f key3-3)
60.453: (move f7-3f f7-4f)
60.471: (unlock f6-4f f6-3f key2-1 shape2)
60.471: (move f5-5f f4-5f)
60.478: (move f6-5f f6-6f)
60.478: (move f5-6f f6-6f)
60.480: (move f4-6f f4-5f)
60.484: (move f5-4f f4-4f)
60.506: (move f6-5f f5-5f)
60.506: (move f7-2f f8-2f)
60.508: (move f7-4f f8-4f)
60.519: (move f8-3f f8-2f)
60.534: (move f4-5f f4-4f)
60.536: (move f7-3f f8-3f)
60.540: (move f5-4f f4-4f)
60.543: (move f4-4f f3-4f)
60.544: (move f8-4f f8-3f)
60.545: (move f3-4f f4-4f)
60.551: (move f4-5f f4-4f)
60.560: (move f5-4f f6-4f)
60.563: (move f3-5f f3-4f)
60.582: (move f6-5f f6-4f)
60.597: (move f6-4f f7-4f)
60.602: (move f7-6f f8-6f)
60.609: (move f8-6f f8-7f)
60.614: (move f5-5f f5-4f)
60.620: (move f6-4f f5-4f)
60.670: (pickup f7-4f key3-3)
60.671: (move f3-5f f2-5f)
60.688: (move f6-6f f5-6f)
60.690: (unlock f6-4f f6-3f key2-1 shape2)
60.696: (move f6-4f f5-4f)
60.719: (move f6-6f f5-6f)
60.741: (putdown f0-4f key3-0)
60.747: (unlock f6-4f f6-3f key2-1 shape2)
60.763: (move f1-5f f2-5f)
60.763: (move f1-5f f2-5f)
60.781: (unlock f7-5f f8-5f key0-2 shape0)
60.791: (move f6-3f f6-2f)
60.795: (move f6-5f f6-4f)
60.803: (move f7-2f f7-1f)
60.810: (move f7-5f f6-5f)
60.812: (move f4-5f f3-5f)
60.814: (move f6-4f f5-4f)
60.814: (move f5-5f f5-4f)
60.819: (unlock f7-5f f8-5f key0-4 shape0)
60.824: (move f7-3f f7-2f)
60.827: (unlock f7-3f f6-3f key2-1 shape2)
60.839: (move f6-4f f5-4f)
60.844: (move f7-4f f7-3f)
60.844: (move f6-3f f7-3f)
60.860: (move f8-6f f8-7f)
60.867: (move f8-6f f8-7f)
60.872: (move f4-5f f4-6f)
60.874: (move f7-2f f8-2f)
60.920: (move f4-4f f5-4f)
60.925: (move f5-5f f5-4f)
60.979: (move f4-1f f5-1f)
60.979: (move f5-2f f5-1f)
60.981: (unlock f5-6f f5-7f key0-4 shape0)
61.010: (unlock f6-4f f6-3f key2-1 shape2)
61.026: (move f7-3f f7-4f)
61.034: (putdown f1-5f key3-0)
61.053: (move f2-1f f1-1f)
61.096: (move f7-5f f7-6f)
61.114: (putdown f7-2f key2-0)
61.119: (move f7-4f f7-5f)
61.131: (move f8-6f f8-7f)
61.136: (move f5-4f f4-4f)
61.149: (move f3-4f f3-3f)
61.158: (move f7-5f f7-6f)
61.179: (unlock f7-5f f8-5f key0-2 shape0)
61.182: (move f7-2f f7-3f)
61.190: (move f7-4f f6-4f)
61.227: (move f7-4f f7-3f)
61.246: (move f7-4f f7-3f)
61.251: (putdown f8-8f key2-1)
61.259: (pickup-and-loose f7-3f key2-4 key2-1)
61.263: (move f6-5f f7-5f)
61.270: (move f3-4f f2-4f)
61.273: (move f2-5f f2-4f)
61.302: (unlock f7-5f f8-5f key0-2 shape0)
61.310: (pickup f6-2f key1-4)
61.327: (move f3-3f f3-2f)
61.330: (putdown f7-5f key3-3)
61.333: (move f5-5f f5-6f)
61.337: (move f4-6f f5-6f)
52.671: (move f6-5f f7-5f)
52.671: (move f7-6f f7-5f)
53.890: (move f6-5f f6-4f)
54.554: (move f5-6f f5-5f)
54.555: (move f6-5f f5-5f)
54.705: (move f7-6f f8-6f)
54.925: (move f7-4f f7-5f)
54.925: (move f6-5f f7-5f)
55.500: (move f1-4f f1-3f)
55.504: (move f0-3f f1-3f)
55.871: (move f6-5f f6-6f)
55.945: (move f6-7f f6-8f)
56.531: (move f7-4f f7-3f)
56.546: (pickup f7-3f key2-4)
56.623: (move f4-5f f5-5f)
56.734: (unlock f3-2f f2-2f key2-0 shape2)
56.800: (unlock f2-1f f2-2f key2-0 shape2)
56.843: (move f7-4f f7-5f)
56.933: (move f5-4f f5-5f)
56.935: (move f6-5f f5-5f)
57.111: (pickup-and-loose f7-4f key3-3 key0-2)
57.321: (pickup f6-4f key0-2)
57.368: (move f4-1f f5-1f)
57.481: (move f5-6f f4-6f)
57.491: (move f2-1f f1-1f)
57.565: (putdown f7-4f key0-2)
57.629: (move f6-5f f7-5f)
57.676: (move f1-4f f2-4f)
57.678: (move f2-5f f2-4f)
57.726: (move f1-5f f1-4f)
57.780: (move f7-4f f8-4f)
57.869: (move f7-3f f7-4f)
57.935: (move f3-2f f4-2f)
57.936: (move f4-1f f4-2f)
57.957: (move f7-5f f6-5f)
57.964: (move f6-4f f6-5f)
58.059: (move f3-0f f4-0f)
58.060: (move f4-1f f4-0f)
58.086: (move f7-4f f7-5f)
58.089: (pickup f8-6f key0-0)
58.106: (move f3-2f f3-3f)
58.217: (move f3-0f f2-0f)
58.219: (move f2-1f f2-0f)
58.237: (move f5-5f f6-5f)
58.446: (move f4-5f f4-4f)
58.467: (move f6-4f f7-4f)
58.551: (move f7-4f f7-5f)
58.551: (move f6-5f f7-5f)
58.553: (move f7-6f f7-5f)
58.572: (move f0-3f f0-2f)
58.581: (move f6-5f f5-5f)
58.582: (move f5-5f f6-5f)
58.591: (move f5-6f f5-5f)
58.622: (move f7-4f f7-5f)
58.622: (move f5-4f f4-4f)
58.667: (move f7-3f f8-3f)
58.726: (move f6-4f f6-3f)
58.787: (move f7-4f f6-4f)
58.830: (move f6-4f f6-3f)
58.848: (move f3-5f f2-5f)
58.870: (unlock f7-2f f7-1f key2-4 shape2)
58.886: (move f6-5f f7-5f)
58.888: (move f7-6f f7-5f)
58.926: (move f4-5f f3-5f)
58.973: (move f4-4f f3-4f)
58.981: (move f3-5f f3-4f)
58.991: (move f6-4f f6-3f)
59.046: (move f7-4f f7-5f)
59.077: (move f5-4f f5-5f)
59.087: (move f6-5f f5-5f)
59.093: (move f8-7f f8-8f)
59.101: (move f5-6f f5-5f)
59.108: (move f6-5f f5-5f)
59.110: (move f5-4f f5-5f)
59.135: (move f6-5f f5-5f)
59.135: (move f5-6f f5-5f)
59.137: (unlock f7-5f f8-5f key0-4 shape0)
59.139: (move f6-5f f5-5f)
59.151: (move f6-4f f5-4f)
59.153: (move f6-4f f6-5f)
59.153: (move f6-4f f7-4f)
59.157: (pickup-and-loose f7-2f key0-2 key2-4)
59.157: (move f7-3f f7-2f)
59.159: (putdown f6-7f key2-1)
59.172: (putdown f7-6f key2-1)
59.173: (move f6-5f f7-5f)
59.174: (move f7-6f f7-5f)
59.181: (move f6-5f f7-5f)
59.185: (move f7-6f f7-5f)
59.194: (pickup f7-3f key0-2)
59.206: (move f7-3f f7-2f)
59.219: (move f8-7f f8-8f)
59.253: (move f6-4f f7-4f)
59.267: (move f8-3f f8-2f)
59.268: (move f7-2f f8-2f)
59.288: (move f7-3f f6-3f)
59.311: (move f6-5f f7-5f)
59.311: (move f7-4f f7-5f)
59.317: (putdown f6-5f key2-1)
59.320: (unlock f7-2f f7-1f key2-4 shape2)
59.327: (move f6-5f f7-5f)
59.330: (move f7-4f f7-5f)
59.331: (move f7-4f f7-3f)
59.338: (move f3-5f f3-4f)
59.353: (move f7-3f f7-2f)
59.366: (move f4-4f f3-4f)
59.371: (move f5-6f f5-5f)
59.380: (move f1-5f f2-5f)
59.402: (move f6-5f f7-5f)
59.418: (move f7-4f f7-5f)
59.421: (move f5-6f f6-6f)
59.436: (move f7-3f f7-4f)
59.439: (move f6-4f f6-3f)
59.445: (move f6-4f f7-4f)
59.451: (move f8-7f f8-8f)
59.452: (move f3-5f f2-5f)
59.477: (move f6-5f f6-6f)
59.482: (move f6-4f f6-3f)
59.497: (move f6-4f f7-4f)
59.512: (move f7-5f f7-4f)
59.523: (move f6-4f f5-4f)
59.584: (move f7-3f f8-3f)
59.584: (move f5-4f f6-4f)
59.588: (move f5-4f f5-3f)
59.595: (move f8-4f f8-3f)
59.629: (move f6-5f f6-4f)
59.646: (move f6-4f f6-5f)
59.647: (move f5-5f f6-5f)
59.654: (move f7-4f f6-4f)
59.665: (move f7-5f f6-5f)
59.692: (move f1-5f f1-6f)
59.703: (move f8-7f f8-8f)
59.716: (move f5-4f f4-4f)
59.727: (move f7-4f f6-4f)
59.734: (move f6-4f f7-4f)
59.739: (move f6-4f f6-3f)
59.770: (move f6-6f f7-6f)
59.771: (move f5-5f f6-5f)
59.773: (move f7-3f f7-4f)
59.775: (move f7-5f f7-6f)
59.784: (putdown f6-5f key0-2)
59.786: (move f7-5f f7-6f)
59.789: (move f7-5f f7-6f)
59.802: (move f6-4f f5-4f)
59.818: (move f7-5f f7-4f)
59.825: (move f6-4f f7-4f)
59.843: (move f8-7f f8-8f)
59.866: (move f6-3f f6-2f)
59.876: (move f7-2f f6-2f)
59.878: (move f7-3f f7-2f)
59.899: (move f5-6f f4-6f)
59.902: (move f7-2f f6-2f)
59.902: (move f6-5f f5-5f)
59.906: (unlock f4-6f f4-7f key0-4 shape0)
59.906: (move f5-4f f4-4f)
59.931: (move f4-5f f4-6f)
59.942: (move f7-4f f6-4f)
59.943: (move f6-4f f6-5f)
59.977: (move f6-4f f7-4f)
59.978: (move f7-4f f7-5f)
59.988: (move f6-4f f6-5f)
60.005: (move f7-4f f8-4f)
60.020: (move f7-5f f6-5f)
60.051: (move f7-3f f8-3f)
60.074: (move f8-7f f8-8f)
60.105: (move f2-5f f3-5f)
60.160: (move f6-5f f5-5f)
60.173: (move f6-5f f6-4f)
60.194: (move f8-6f f8-7f)
60.220: (move f4-4f f5-4f)
60.221: (move f5-5f f5-4f)
60.282: (move f6-5f f6-4f)
60.288: (unlock f7-2f f7-1f key2-1 shape2)
60.300: (move f6-4f f5-4f)
60.320: (move f7-4f f7-3f)
60.322: (move f5-6f f4-6f)
60.329: (move f7-4f f6-4f)
60.339: (move f5-6f f6-6f)
60.342: (move f7-4f f7-3f)
60.356: (move f5-6f f4-6f)
60.365: (move f7-5f f7-6f)
60.459: (move f7-3f f8-3f)
60.463: (pickup f7-4f key3-3)
60.485: (move f5-5f f5-6f)
60.510: (move f6-6f f5-6f)
60.516: (move f4-5f f4-4f)
60.517: (move f5-4f f4-4f)
60.522: (move f7-2f f8-2f)
60.534: (move f7-6f f6-6f)
60.535: (putdown f2-1f key2-0)
60.538: (move f6-4f f6-5f)
60.540: (move f6-5f f6-6f)
60.550: (move f3-5f f2-5f)
60.556: (move f6-5f f6-4f)
60.563: (putdown f3-2f key2-0)
60.607: (putdown f4-1f key2-0)
60.619: (move f5-4f f4-4f)
60.620: (move f6-4f f6-5f)
60.624: (move f5-4f f4-4f)
60.636: (putdown f3-0f key2-0)
52.317: (move f7-5f f7-4f)
52.317: (move f6-4f f7-4f)
53.186: (pickup f6-6f key2-1)
53.784: (move f8-6f f8-7f)
53.982: (unlock f6-4f f6-3f key2-1 shape2)
54.116: (pickup-and-loose f6-6f key2-1 key0-2)
54.649: (unlock f7-5f f8-5f key0-2 shape0)
54.886: (move f5-5f f5-4f)
54.886: (move f6-4f f5-4f)
55.117: (pickup-and-loose f7-3f key2-4 key0-2)
55.342: (move f6-4f f6-5f)
55.437: (move f7-3f f7-2f)
55.605: (move f5-5f f4-5f)
55.606: (move f4-6f f4-5f)
55.663: (pickup-and-loose f6-4f key0-2 key2-1)
55.682: (pickup-and-loose f6-4f key0-2 key3-3)
55.700: (move f1-4f f1-3f)
55.706: (move f6-8f f7-8f)
55.706: (move f8-4f f8-3f)
55.713: (move f7-3f f8-3f)
55.808: (move f7-5f f7-6f)
55.809: (move f6-6f f7-6f)
55.948: (unlock f8-4f f8-5f key0-2 shape0)
55.997: (putdown f6-4f key2-1)
56.004: (move f8-6f f9-6f)
56.037: (move f7-3f f7-2f)
56.043: (pickup-and-loose f8-6f key0-0 key2-1)
56.109: (move f6-4f f5-4f)
56.139: (putdown f1-3f key3-0)
56.181: (move f7-3f f7-4f)
56.215: (putdown f6-6f key0-2)
56.258: (putdown f7-3f key0-2)
56.274: (move f7-4f f7-5f)
56.289: (unlock f7-3f f6-3f key2-4 shape2)
56.298: (pickup f6-4f key0-2)
56.300: (move f6-8f f5-8f)
56.302: (putdown f8-6f key2-1)
56.439: (pickup-and-loose f7-3f key2-4 key3-3)
56.441: (move f7-4f f7-5f)
56.635: (move f3-3f f3-4f)
56.772: (move f7-4f f7-5f)
56.811: (move f5-4f f5-5f)
56.822: (move f6-5f f5-5f)
56.857: (move f6-7f f6-6f)
56.964: (move f6-6f f6-7f)
56.986: (move f4-2f f5-2f)
56.989: (move f5-1f f5-2f)
56.992: (pickup-and-loose f6-4f key0-2 key3-3)
57.190: (move f2-1f f2-2f)
57.190: (move f3-2f f2-2f)
57.198: (putdown f7-5f key3-3)
57.199: (move f2-1f f3-1f)
57.200: (move f3-2f f3-1f)
57.231: (move f6-5f f7-5f)
57.260: (move f6-4f f6-5f)
57.260: (move f7-5f f6-5f)
57.304: (move f4-4f f3-4f)
57.422: (move f5-5f f6-5f)
57.472: (move f6-5f f7-5f)
57.473: (move f7-4f f6-4f)
57.483: (move f7-6f f7-5f)
57.513: (move f6-5f f7-5f)
57.553: (move f5-3f f5-2f)
57.582: (move f2-1f f1-1f)
57.586: (move f7-3f f8-3f)
57.587: (move f1-3f f2-3f)
57.588: (move f2-4f f2-3f)
57.601: (move f0-2f f1-2f)
57.613: (move f1-3f f1-2f)
57.619: (move f5-5f f5-6f)
57.622: (move f6-6f f5-6f)
57.623: (move f6-5f f7-5f)
57.624: (move f7-5f f6-5f)
57.634: (move f6-4f f6-5f)
57.675: (move f6-8f f6-9f)
57.695: (unlock f8-6f f8-5f key0-0 shape0)
57.798: (move f8-6f f7-6f)
57.848: (move f5-5f f4-5f)
57.852: (move f4-4f f4-5f)
57.856: (move f7-4f f6-4f)
57.865: (move f2-5f f2-4f)
57.876: (move f1-4f f2-4f)
57.917: (move f7-6f f6-6f)
57.939: (move f3-2f f4-2f)
57.941: (move f7-4f f7-5f)
57.949: (move f7-3f f7-4f)
58.059: (move f3-5f f2-5f)
58.091: (move f6-5f f6-6f)
58.096: (putdown f6-8f key2-1)
58.097: (move f7-2f f8-2f)
58.100: (move f8-3f f8-2f)
58.139: (move f5-1f f6-1f)
58.162: (move f6-7f f6-8f)
58.175: (move f7-5f f7-6f)
58.191: (move f3-2f f3-3f)
58.215: (move f3-5f f3-4f)
58.228: (move f2-1f f2-0f)
58.239: (move f2-4f f3-4f)
58.248: (move f3-5f f3-4f)
58.259: (move f4-4f f3-4f)
58.346: (move f7-5f f7-4f)
58.352: (move f6-4f f7-4f)
58.377: (move f5-1f f5-0f)
58.378: (move f4-0f f5-0f)
58.390: (pickup-and-loose f3-5f key2-0 key0-4)
58.408: (move f6-4f f5-4f)
58.475: (move f5-4f f4-4f)
58.517: (move f1-1f f0-1f)
58.557: (move f1-1f f1-0f)
58.559: (move f2-0f f1-0f)
58.569: (move f3-5f f4-5f)
58.581: (move f6-5f f7-5f)
58.583: (move f7-4f f7-5f)
58.609: (move f6-5f f6-6f)
58.618: (putdown f7-5f key2-1)
58.638: (move f7-5f f6-5f)
58.641: (move f6-4f f6-5f)
58.682: (move f8-6f f8-7f)
58.687: (putdown f7-5f key3-3)
58.689: (unlock f4-6f f4-7f key0-4 shape0)
58.699: (unlock f7-2f f7-1f key2-4 shape2)
58.706: (move f7-4f f7-3f)
58.711: (move f7-2f f6-2f)
58.735: (move f7-4f f7-5f)
58.737: (move f7-3f f8-3f)
58.744: (move f7-3f f7-2f)
58.750: (move f6-5f f6-6f)
58.754: (pickup-and-loose f7-2f key0-2 key2-4)
58.772: (move f6-4f f5-4f)
58.797: (move f7-5f f6-5f)
58.797: (move f6-4f f6-5f)
58.807: (move f7-4f f7-5f)
58.810: (move f7-4f f8-4f)
58.901: (move f4-4f f5-4f)
58.903: (move f5-5f f5-4f)
58.908: (move f6-5f f6-4f)
58.993: (move f7-5f f7-6f)
59.035: (move f7-5f f7-6f)
59.062: (move f6-3f f6-4f)
59.076: (move f7-4f f6-4f)
59.080: (move f7-4f f6-4f)
59.086: (move f5-4f f5-3f)
59.086: (unlock f6-4f f6-3f key2-4 shape2)
59.087: (move f7-4f f7-3f)
59.110: (move f6-3f f5-3f)
59.122: (move f6-5f f6-6f)
59.123: (unlock f7-2f f7-1f key2-4 shape2)
59.132: (move f6-4f f6-5f)
59.145: (move f7-6f f6-6f)
59.151: (putdown f7-5f key0-2)
59.159: (move f7-5f f6-5f)
59.162: (move f6-5f f6-6f)
59.178: (move f7-4f f8-4f)
59.182: (move f7-5f f7-6f)
59.196: (move f7-3f f8-3f)
59.205: (putdown f6-4f key3-3)
59.213: (move f8-4f f8-3f)
59.230: (move f7-4f f7-5f)
59.233: (move f6-5f f7-5f)
59.243: (move f6-5f f6-4f)
59.244: (move f6-2f f5-2f)
59.252: (move f6-5f f5-5f)
59.253: (move f3-3f f2-3f)
59.253: (pickup-and-loose f7-2f key0-2 key2-4)
59.267: (move f1-4f f0-4f)
59.269: (move f6-5f f5-5f)
59.277: (move f1-1f f1-2f)
59.282: (move f6-5f f5-5f)
59.348: (move f7-2f f8-2f)
59.358: (move f6-5f f5-5f)
59.361: (move f5-4f f5-5f)
59.450: (putdown f3-3f key2-0)
59.467: (move f8-3f f8-2f)
59.470: (move f6-5f f5-5f)
59.476: (move f7-2f f8-2f)
59.483: (move f6-5f f7-5f)
59.483: (move f7-4f f7-5f)
59.492: (putdown f1-1f key2-0)
59.494: (move f6-3f f6-2f)
59.500: (move f7-2f f6-2f)
59.501: (move f7-5f f7-4f)
59.501: (unlock f6-2f f6-3f key2-4 shape2)
59.505: (move f6-5f f7-5f)
59.527: (move f7-6f f8-6f)
59.529: (move f7-4f f7-5f)
59.531: (move f6-5f f7-5f)
59.532: (move f4-6f f5-6f)
59.536: (move f5-5f f5-6f)
59.555: (move f7-3f f7-2f)
59.569: (move f7-4f f7-5f)
59.575: (move f6-5f f7-5f)
59.601: (move f6-5f f6-6f)
59.612: (putdown f7-3f key3-3)
59.641: (move f7-5f f7-6f)
59.650: (move f6-6f f7-6f)
59.652: (move f7-4f f8-4f)
59.660: (move f8-3f f8-4f)
59.688: (move f8-6f f9-6f)
59.704: (move f7-5f f7-6f)
59.724: (move f5-4f f6-4f)
52.361: (move f6-4f f6-3f)
52.546: (move f7-3f f7-2f)
52.633: (move f8-7f f8-8f)
52.634: (move f7-8f f8-8f)
52.677: (move f6-4f f7-4f)
52.682: (pickup f6-6f key2-1)
53.462: (move f6-6f f7-6f)
53.732: (pickup f6-6f key2-1)
53.820: (move f7-3f f7-4f)
53.882: (move f7-4f f7-3f)
54.313: (move f6-5f f5-5f)
54.317: (move f5-4f f5-5f)
54.337: (move f7-4f f8-4f)
54.360: (move f7-3f f8-3f)
54.425: (move f6-4f f7-4f)
54.607: (move f6-6f f6-5f)
54.748: (move f6-6f f7-6f)
54.806: (unlock f7-2f f7-1f key2-4 shape2)
54.849: (move f6-6f f6-5f)
54.872: (move f6-4f f6-5f)
54.987: (move f6-4f f5-4f)
55.036: (move f7-6f f7-5f)
55.127: (move f6-4f f7-4f)
55.131: (unlock f7-3f f6-3f key2-4 shape2)
55.143: (pickup-and-loose f7-3f key2-4 key3-3)
55.172: (move f5-4f f4-4f)
55.174: (move f4-5f f4-4f)
55.206: (putdown f7-2f key0-2)
55.258: (move f6-4f f7-4f)
55.374: (move f6-6f f5-6f)
55.468: (move f6-4f f7-4f)
55.469: (move f7-3f f7-4f)
55.470: (move f7-3f f7-2f)
55.471: (move f8-4f f7-4f)
55.472: (move f7-5f f7-4f)
55.524: (pickup f7-3f key2-4)
55.527: (move f6-7f f6-8f)
55.535: (move f6-4f f6-5f)
55.546: (move f8-7f f9-7f)
55.548: (move f9-6f f9-7f)
55.552: (move f7-4f f7-5f)
55.629: (move f7-3f f7-2f)
55.645: (move f6-5f f7-5f)
55.661: (unlock f9-6f f9-5f key2-1 shape2)
55.732: (move f6-5f f6-6f)
55.801: (pickup-and-loose f6-4f key0-2 key2-1)
55.821: (move f7-3f f8-3f)
55.866: (pickup-and-loose f7-4f key3-3 key2-1)
55.871: (move f5-4f f4-4f)
55.916: (move f8-4f f8-3f)
55.926: (move f5-4f f5-3f)
55.949: (move f1-3f f1-4f)
55.980: (move f7-5f f7-6f)
55.986: (move f1-3f f2-3f)
55.988: (unlock f7-5f f8-5f key0-2 shape0)
56.010: (move f1-3f f1-2f)
56.014: (move f7-3f f7-4f)
56.052: (move f6-6f f5-6f)
56.068: (move f7-6f f6-6f)
56.070: (move f7-3f f7-2f)
56.099: (putdown f7-2f key2-4)
56.134: (move f6-6f f6-7f)
56.138: (unlock f6-7f f5-7f key0-2 shape0)
56.142: (move f7-6f f8-6f)
56.157: (putdown f6-4f key2-1)
56.160: (unlock f7-3f f6-3f key2-4 shape2)
56.187: (unlock f8-6f f8-5f key0-0 shape0)
56.208: (move f7-5f f7-6f)
56.210: (move f6-4f f5-4f)
56.213: (move f8-6f f8-7f)
56.293: (putdown f1-3f key3-0)
56.322: (move f7-5f f7-4f)
56.333: (putdown f7-4f key2-1)
56.346: (pickup f6-4f key0-2)
56.346: (move f7-4f f7-5f)
56.440: (move f6-6f f7-6f)
56.475: (move f5-4f f5-5f)
56.486: (move f6-5f f5-5f)
56.487: (move f7-3f f6-3f)
56.506: (move f3-5f f2-5f)
56.520: (move f7-3f f7-4f)
56.555: (move f4-5f f5-5f)
56.624: (move f6-5f f5-5f)
56.627: (move f5-4f f5-5f)
56.637: (move f6-4f f7-4f)
56.643: (putdown f7-8f key2-1)
56.644: (move f8-6f f7-6f)
56.653: (move f7-2f f8-2f)
56.661: (move f8-3f f8-2f)
56.675: (move f7-5f f7-4f)
56.676: (move f8-3f f8-2f)
56.678: (move f7-2f f8-2f)
56.707: (move f1-2f f1-1f)
56.724: (move f3-3f f3-4f)
56.742: (move f1-3f f0-3f)
56.793: (move f3-4f f4-4f)
56.811: (move f7-4f f6-4f)
56.833: (move f6-4f f6-5f)
56.864: (move f4-5f f3-5f)
56.866: (putdown f7-5f key3-3)
56.867: (move f7-5f f7-4f)
56.910: (move f3-5f f4-5f)
56.945: (move f6-4f f6-5f)
56.966: (move f7-5f f7-6f)
56.983: (move f7-5f f8-5f)
56.985: (move f8-6f f8-7f)
56.987: (move f8-4f f8-5f)
57.013: (move f5-2f f5-1f)
57.013: (move f6-4f f6-5f)
57.038: (move f6-4f f5-4f)
57.041: (move f7-5f f6-5f)
57.064: (move f4-2f f5-2f)
57.074: (putdown f8-3f key0-2)
57.124: (unlock f5-6f f5-7f key0-2 shape0)
57.167: (move f6-6f f6-7f)
57.185: (putdown f8-7f key2-1)
57.228: (unlock f6-1f f7-1f key2-0 shape2)
57.262: (move f3-4f f2-4f)
57.273: (move f2-3f f2-4f)
57.290: (move f3-4f f3-3f)
57.298: (move f7-5f f7-6f)
57.298: (move f5-2f f6-2f)
57.309: (move f6-1f f6-2f)
57.316: (move f2-3f f3-3f)
57.328: (move f4-2f f4-1f)
57.334: (unlock f7-5f f8-5f key0-4 shape0)
57.335: (move f3-1f f4-1f)
57.347: (pickup-and-loose f7-8f key2-2 key2-1)
57.363: (unlock f7-6f f7-7f key3-3 shape3)
57.381: (move f8-6f f7-6f)
57.387: (putdown f5-8f key2-1)
57.397: (move f7-2f f6-2f)
57.398: (move f5-2f f6-2f)
57.409: (move f7-3f f8-3f)
57.410: (move f8-4f f8-3f)
57.422: (move f7-4f f6-4f)
57.496: (move f6-6f f6-5f)
57.499: (move f6-5f f6-6f)
57.508: (move f5-6f f6-6f)
57.523: (move f6-4f f6-5f)
57.537: (move f5-2f f5-3f)
57.540: (move f1-2f f1-3f)
57.540: (move f2-3f f1-3f)
57.545: (move f5-2f f4-2f)
57.578: (unlock f7-6f f7-7f key3-3 shape3)
57.621: (move f6-5f f6-4f)
57.647: (move f5-4f f6-4f)
57.661: (move f6-6f f6-7f)
57.667: (move f6-4f f7-4f)
57.676: (move f7-5f f7-4f)
57.678: (move f7-3f f8-3f)
57.693: (move f8-4f f8-3f)
57.697: (move f7-3f f8-3f)
57.701: (unlock f7-6f f7-7f key3-3 shape3)
57.711: (move f3-4f f3-3f)
57.720: (move f6-4f f5-4f)
57.741: (move f6-4f f5-4f)
57.745: (pickup f7-4f key3-3)
57.761: (move f8-6f f9-6f)
57.765: (unlock f8-4f f8-5f key0-2 shape0)
57.766: (move f6-4f f5-4f)
57.769: (move f7-5f f6-5f)
57.774: (move f6-4f f6-5f)
57.804: (move f7-3f f8-3f)
57.825: (move f2-4f f2-3f)
57.839: (move f1-3f f2-3f)
57.859: (move f3-4f f2-4f)
57.861: (move f5-8f f4-8f)
57.864: (move f1-3f f1-2f)
57.869: (move f7-5f f7-4f)
57.882: (move f6-8f f5-8f)
57.889: (move f6-4f f7-4f)
57.917: (move f6-5f f6-6f)
57.922: (move f7-6f f6-6f)
57.922: (move f6-4f f7-4f)
57.966: (putdown f6-5f key3-3)
57.967: (putdown f6-4f key3-3)
57.970: (move f6-5f f5-5f)
57.975: (move f7-3f f7-2f)
57.994: (move f8-7f f8-8f)
58.019: (unlock f0-1f f0-0f key2-0 shape2)
58.025: (move f5-4f f4-4f)
58.039: (move f7-3f f7-4f)
58.040: (move f6-6f f7-6f)
58.041: (move f7-5f f7-6f)
58.047: (unlock f1-0f f0-0f key2-0 shape2)
58.057: (move f7-5f f7-6f)
58.057: (move f8-6f f7-6f)
58.074: (move f2-0f f3-0f)
58.076: (move f7-2f f6-2f)
58.082: (move f7-5f f7-4f)
58.087: (move f7-5f f6-5f)
58.088: (move f7-5f f6-5f)
58.088: (move f6-4f f6-5f)
58.095: (move f3-1f f3-0f)
58.114: (move f6-9f f5-9f)
58.114: (move f5-8f f5-9f)
58.140: (move f6-2f f5-2f)
58.157: (move f7-3f f7-2f)
58.165: (pickup f8-6f key0-0)
52.052: (unlock f7-2f f7-1f key2-4 shape2)
52.687: (move f7-8f f8-8f)
52.766: (move f7-3f f7-2f)
52.848: (move f6-5f f7-5f)
52.852: (move f7-6f f7-5f)
52.894: (move f6-5f f7-5f)
52.897: (move f7-6f f7-5f)
53.083: (move f7-4f f7-5f)
53.084: (move f6-5f f7-5f)
53.156: (move f8-3f f8-2f)
53.159: (move f7-2f f8-2f)
53.229: (move f6-6f f6-5f)
53.355: (move f6-5f f6-6f)
53.552: (move f7-3f f7-2f)
53.588: (move f6-3f f5-3f)
53.590: (move f5-4f f5-3f)
53.597: (unlock f5-3f f6-3f key2-1 shape2)
53.619: (move f8-4f f8-3f)
53.619: (move f7-3f f8-3f)
53.656: (move f7-4f f7-5f)
53.701: (move f7-3f f7-2f)
53.840: (move f7-3f f6-3f)
53.849: (move f6-6f f7-6f)
53.864: (move f6-3f f6-2f)
53.903: (move f6-5f f6-4f)
53.905: (move f7-3f f7-2f)
53.920: (move f7-2f f6-2f)
53.945: (move f6-3f f7-3f)
53.945: (move f7-4f f7-3f)
53.946: (unlock f7-3f f6-3f key2-1 shape2)
54.053: (move f6-5f f6-4f)
54.058: (pickup-and-loose f6-6f key2-1 key0-2)
54.132: (move f7-3f f7-4f)
54.320: (move f6-5f f5-5f)
54.326: (move f7-6f f8-6f)
54.328: (putdown f8-8f key2-1)
54.331: (move f5-4f f5-5f)
54.360: (pickup-and-loose f7-3f key2-4 key2-1)
54.412: (move f6-4f f7-4f)
54.420: (move f6-6f f5-6f)
54.434: (move f6-4f f6-3f)
54.523: (move f7-6f f7-5f)
54.541: (move f7-5f f7-4f)
54.545: (move f9-7f f9-8f)
54.548: (move f8-8f f9-8f)
54.587: (move f7-4f f7-5f)
54.590: (pickup-and-loose f6-6f key2-1 key0-0)
54.599: (move f6-5f f7-5f)
54.611: (pickup f7-4f key3-3)
54.618: (move f6-6f f6-5f)
54.646: (move f7-3f f8-3f)
54.663: (move f1-2f f1-1f)
54.678: (move f7-4f f7-5f)
54.678: (move f7-6f f7-5f)
54.684: (move f6-5f f7-5f)
54.700: (unlock f7-5f f8-5f key0-0 shape0)
54.714: (move f6-5f f5-5f)
54.730: (pickup f7-4f key3-3)
54.740: (move f5-6f f5-5f)
54.745: (move f5-6f f5-5f)
54.746: (move f7-4f f8-4f)
54.751: (move f6-5f f5-5f)
54.761: (move f6-4f f7-4f)
54.774: (move f7-6f f6-6f)
54.830: (unlock f7-2f f7-1f key2-4 shape2)
54.831: (move f7-4f f6-4f)
54.869: (move f4-4f f3-4f)
54.871: (pickup-and-loose f8-6f key2-1 key0-0)
54.873: (move f7-6f f8-6f)
54.879: (move f3-5f f3-4f)
54.890: (move f4-5f f5-5f)
54.892: (move f6-6f f7-6f)
54.895: (move f6-5f f6-6f)
54.904: (move f6-5f f5-5f)
54.907: (move f5-4f f5-5f)
54.912: (unlock f7-3f f6-3f key2-4 shape2)
54.929: (move f6-7f f6-8f)
54.929: (move f9-6f f8-6f)
54.937: (move f8-8f f8-9f)
54.986: (move f3-5f f2-5f)
55.001: (unlock f7-2f f7-1f key2-4 shape2)
55.120: (move f6-4f f6-3f)
55.134: (move f7-4f f7-5f)
55.147: (move f6-5f f7-5f)
55.177: (unlock f5-3f f6-3f key2-0 shape2)
55.181: (move f7-2f f7-3f)
55.189: (move f7-4f f7-5f)
55.220: (unlock f7-3f f6-3f key2-4 shape2)
55.236: (move f2-3f f3-3f)
55.243: (putdown f7-2f key2-4)
55.270: (move f5-3f f5-2f)
55.298: (move f7-6f f7-5f)
55.312: (move f7-2f f8-2f)
55.341: (move f6-5f f7-5f)
55.346: (move f7-4f f7-5f)
55.376: (unlock f7-5f f8-5f key0-4 shape0)
55.389: (move f7-8f f8-8f)
55.408: (move f6-4f f6-5f)
55.409: (move f6-2f f7-2f)
55.427: (move f7-3f f8-3f)
55.430: (move f7-5f f6-5f)
55.445: (unlock f6-2f f6-3f key2-0 shape2)
55.475: (move f6-4f f7-4f)
55.476: (move f7-3f f8-3f)
55.483: (putdown f7-3f key2-1)
55.505: (move f7-6f f6-6f)
55.511: (move f5-4f f4-4f)
55.524: (move f8-7f f8-8f)
55.525: (move f6-7f f6-8f)
55.528: (move f6-6f f5-6f)
55.541: (move f6-5f f6-6f)
55.542: (move f7-4f f7-5f)
55.582: (move f1-4f f2-4f)
55.582: (move f2-3f f2-4f)
55.591: (unlock f7-6f f7-7f key3-3 shape3)
55.612: (move f7-5f f6-5f)
55.620: (move f6-5f f7-5f)
55.621: (move f7-6f f7-5f)
55.663: (move f7-3f f7-2f)
55.686: (putdown f7-2f key2-4)
55.706: (move f6-5f f6-6f)
55.726: (move f5-6f f6-6f)
55.732: (move f6-7f f6-6f)
55.762: (move f9-6f f9-7f)
55.810: (move f7-5f f6-5f)
55.812: (move f8-7f f8-8f)
55.820: (move f6-6f f6-5f)
55.859: (move f7-4f f7-5f)
55.884: (move f5-5f f5-6f)
55.892: (move f6-6f f5-6f)
55.892: (move f5-4f f4-4f)
55.900: (move f7-3f f7-4f)
55.901: (move f6-5f f7-5f)
55.906: (move f7-2f f7-3f)
55.936: (move f6-5f f6-6f)
55.937: (pickup f7-4f key3-3)
55.940: (move f7-4f f7-5f)
55.952: (move f7-4f f7-3f)
55.995: (move f7-4f f7-5f)
56.000: (pickup-and-loose f8-6f key0-0 key0-2)
56.011: (unlock f6-2f f6-3f key2-4 shape2)
56.011: (move f1-3f f1-4f)
56.015: (move f7-5f f6-5f)
56.015: (move f6-3f f6-2f)
56.016: (move f7-2f f6-2f)
56.034: (move f7-3f f7-4f)
56.034: (move f6-4f f6-5f)
56.035: (move f4-4f f3-4f)
56.047: (putdown f6-3f key2-1)
56.059: (move f7-5f f7-6f)
56.060: (unlock f7-5f f8-5f key0-2 shape0)
56.086: (move f6-5f f6-6f)
56.089: (move f7-6f f8-6f)
56.123: (move f6-7f f6-8f)
56.149: (move f1-3f f2-3f)
56.151: (move f4-4f f4-5f)
56.151: (move f5-5f f4-5f)
56.167: (putdown f6-6f key0-2)
56.175: (move f7-5f f7-6f)
56.182: (move f1-3f f1-2f)
56.184: (move f6-4f f5-4f)
56.191: (pickup-and-loose f7-4f key3-3 key0-2)
56.194: (pickup f7-4f key3-3)
56.197: (move f7-2f f8-2f)
56.197: (pickup-and-loose f7-4f key3-3 key2-1)
56.203: (move f6-5f f6-6f)
56.206: (move f7-6f f6-6f)
56.217: (putdown f8-6f key0-2)
56.244: (putdown f7-3f key2-4)
56.244: (move f5-6f f4-6f)
56.247: (move f6-7f f6-8f)
56.257: (move f7-3f f7-4f)
56.259: (move f8-5f f8-6f)
56.263: (move f5-3f f5-4f)
56.268: (putdown f7-2f key2-4)
56.268: (move f7-6f f6-6f)
56.271: (move f4-4f f5-4f)
56.271: (move f7-6f f8-6f)
56.272: (unlock f8-6f f8-5f key0-2 shape0)
56.287: (move f7-4f f6-4f)
56.296: (move f7-4f f7-5f)
56.308: (move f6-5f f6-4f)
56.310: (pickup f7-4f key3-3)
56.314: (putdown f7-2f key2-4)
56.329: (move f8-6f f8-7f)
56.351: (move f7-5f f7-4f)
56.353: (move f7-4f f7-3f)
56.360: (move f6-4f f7-4f)
56.362: (move f5-6f f4-6f)
56.371: (move f7-5f f7-6f)
56.390: (move f7-4f f8-4f)
56.395: (move f6-6f f6-7f)
56.397: (move f7-6f f7-7f)
56.400: (move f7-6f f7-7f)
56.481: (move f5-8f f6-8f)
56.490: (putdown f8-6f key0-0)
56.508: (move f7-3f f6-3f)
56.511: (move f5-9f f4-9f)
56.512: (move f8-6f f8-7f)
56.513: (pickup-and-loose f7-3f key0-2 key2-4)
51.968: (move f5-6f f5-5f)
51.970: (move f6-5f f5-5f)
52.273: (unlock f7-2f f7-1f key2-4 shape2)
52.275: (move f7-3f f7-2f)
52.483: (move f6-4f f7-4f)
52.487: (move f7-5f f7-4f)
52.897: (move f7-3f f7-4f)
52.939: (unlock f7-2f f7-1f key2-4 shape2)
53.076: (unlock f7-2f f7-1f key2-4 shape2)
53.110: (move f6-4f f7-4f)
53.113: (move f7-5f f7-4f)
53.162: (move f6-5f f7-5f)
53.162: (move f7-6f f7-5f)
53.181: (move f7-2f f8-2f)
53.247: (move f6-6f f6-5f)
53.360: (unlock f6-4f f6-3f key2-1 shape2)
53.374: (unlock f7-2f f7-1f key2-1 shape2)
53.412: (move f8-3f f8-2f)
53.417: (move f7-2f f8-2f)
53.472: (pickup f7-3f key2-4)
53.496: (putdown f8-8f key2-2)
53.497: (unlock f6-2f f6-3f key2-4 shape2)
53.499: (move f6-3f f6-2f)
53.500: (move f7-2f f6-2f)
53.571: (move f8-6f f8-7f)
53.690: (move f7-5f f7-6f)
53.719: (move f6-6f f7-6f)
53.723: (move f8-8f f8-7f)
53.730: (move f6-6f f5-6f)
53.735: (move f7-2f f7-1f)
53.770: (move f7-3f f7-2f)
53.833: (move f5-3f f6-3f)
53.842: (move f6-2f f6-3f)
53.856: (move f7-3f f8-3f)
53.864: (move f8-4f f8-3f)
53.874: (move f7-3f f7-2f)
53.879: (move f7-4f f7-5f)
53.906: (move f7-2f f6-2f)
53.941: (pickup-and-loose f6-6f key2-1 key0-2)
53.948: (move f7-2f f8-2f)
53.959: (move f8-6f f8-7f)
54.001: (move f6-6f f6-5f)
54.001: (move f7-3f f7-2f)
54.004: (move f6-2f f7-2f)
54.031: (pickup-and-loose f6-6f key2-1 key0-2)
54.036: (move f8-6f f8-7f)
54.047: (move f7-3f f7-4f)
54.054: (move f9-7f f8-7f)
54.054: (move f8-6f f8-7f)
54.066: (move f8-8f f9-8f)
54.138: (move f6-5f f6-4f)
54.144: (unlock f6-4f f6-3f key2-1 shape2)
54.147: (move f7-6f f7-5f)
54.158: (move f6-5f f7-5f)
54.209: (pickup-and-loose f6-6f key2-1 key0-2)
54.232: (unlock f7-5f f8-5f key0-0 shape0)
54.238: (move f7-5f f7-4f)
54.250: (move f7-2f f7-3f)
54.271: (move f7-3f f8-3f)
54.291: (pickup-and-loose f6-6f key2-1 key0-2)
54.294: (move f6-3f f6-4f)
54.294: (move f7-4f f6-4f)
54.301: (unlock f6-4f f6-3f key2-4 shape2)
54.373: (move f5-4f f5-5f)
54.376: (move f6-5f f5-5f)
54.389: (move f7-2f f6-2f)
54.392: (unlock f7-5f f8-5f key0-2 shape0)
54.419: (pickup-and-loose f7-3f key2-4 key2-1)
54.420: (unlock f7-3f f6-3f key2-4 shape2)
54.458: (pickup-and-loose f6-6f key2-1 key0-2)
54.464: (unlock f7-5f f8-5f key0-2 shape0)
54.467: (putdown f8-8f key0-0)
54.504: (unlock f8-4f f8-5f key0-2 shape0)
54.532: (move f8-3f f8-2f)
54.536: (move f7-2f f8-2f)
54.543: (move f6-5f f5-5f)
54.603: (pickup-and-loose f7-3f key2-4 key0-2)
54.623: (move f7-3f f7-4f)
54.646: (move f7-2f f6-2f)
54.661: (move f7-2f f7-3f)
54.716: (move f5-6f f4-6f)
54.718: (move f6-2f f5-2f)
54.722: (putdown f7-2f key2-1)
54.732: (move f6-5f f6-4f)
54.762: (putdown f7-2f key2-0)
54.770: (move f7-6f f8-6f)
54.771: (move f7-3f f6-3f)
54.778: (move f7-5f f6-5f)
54.786: (move f6-4f f6-5f)
54.786: (move f7-5f f7-4f)
54.792: (pickup-and-loose f6-6f key2-1 key0-0)
54.801: (move f7-4f f7-5f)
54.803: (move f8-8f f7-8f)
54.826: (move f7-6f f8-6f)
54.828: (move f7-2f f7-3f)
54.829: (move f9-7f f9-8f)
54.833: (move f7-4f f7-5f)
54.837: (move f1-2f f1-1f)
54.838: (pickup-and-loose f4-5f key0-4 key0-2)
54.839: (pickup f7-4f key3-3)
54.859: (move f7-4f f7-5f)
54.863: (unlock f7-5f f8-5f key0-2 shape0)
54.864: (move f7-5f f7-6f)
54.864: (move f6-6f f7-6f)
54.874: (putdown f7-2f key2-4)
54.882: (move f7-3f f6-3f)
54.882: (move f8-6f f7-6f)
54.897: (unlock f7-2f f7-1f key2-0 shape2)
54.897: (move f5-5f f6-5f)
54.898: (move f2-4f f3-4f)
54.900: (move f5-2f f5-1f)
54.900: (move f7-4f f7-5f)
54.906: (move f3-3f f3-4f)
54.939: (pickup-and-loose f7-3f key2-4 key0-2)
54.950: (move f8-6f f7-6f)
54.975: (move f5-4f f6-4f)
54.980: (move f7-6f f7-7f)
55.015: (move f3-3f f3-2f)
55.020: (unlock f7-2f f7-1f key2-4 shape2)
55.024: (move f8-6f f8-5f)
55.051: (move f7-3f f7-4f)
55.052: (move f7-5f f7-4f)
55.058: (move f7-4f f7-5f)
55.059: (move f6-5f f5-5f)
55.060: (move f6-4f f5-4f)
55.066: (move f5-5f f5-4f)
55.071: (move f8-8f f9-8f)
55.079: (move f1-1f f2-1f)
55.101: (move f5-6f f5-5f)
55.128: (move f4-4f f3-4f)
55.215: (move f7-2f f7-3f)
55.234: (move f7-2f f7-3f)
55.242: (move f7-4f f7-5f)
55.276: (move f7-3f f6-3f)
55.289: (putdown f7-2f key2-4)
55.354: (move f7-4f f6-4f)
55.356: (move f6-4f f5-4f)
55.370: (move f5-5f f5-4f)
55.392: (move f7-2f f8-2f)
55.393: (move f7-2f f8-2f)
55.397: (move f7-2f f8-2f)
55.402: (move f8-2f f8-3f)
55.405: (move f7-3f f8-3f)
55.410: (move f7-3f f6-3f)
55.412: (unlock f5-6f f5-7f key0-2 shape0)
55.418: (move f2-3f f3-3f)
55.421: (move f8-3f f8-2f)
55.441: (move f7-3f f7-4f)
55.454: (move f7-2f f8-2f)
55.461: (move f7-2f f7-3f)
55.469: (move f6-2f f5-2f)
55.470: (move f6-8f f7-8f)
55.470: (move f5-3f f5-2f)
55.477: (putdown f7-2f key2-4)
55.487: (move f7-2f f8-2f)
55.493: (move f5-2f f4-2f)
55.495: (move f6-2f f6-1f)
55.504: (move f8-3f f8-2f)
55.523: (move f6-2f f7-2f)
55.535: (putdown f7-3f key2-1)
55.564: (move f8-2f f8-3f)
55.565: (move f7-3f f8-3f)
55.578: (move f6-4f f5-4f)
55.605: (putdown f7-2f key2-4)
55.633: (move f7-4f f7-5f)
55.633: (move f7-6f f6-6f)
55.635: (move f4-6f f4-5f)
55.636: (move f6-5f f6-6f)
55.638: (move f4-6f f4-5f)
55.642: (move f5-5f f4-5f)
55.647: (pickup-and-loose f8-6f key0-0 key2-1)
55.648: (move f3-4f f3-3f)
55.648: (move f7-4f f7-3f)
55.649: (move f5-5f f4-5f)
55.662: (move f8-6f f7-6f)
55.664: (move f7-3f f8-3f)
55.666: (move f6-3f f5-3f)
55.672: (move f7-3f f8-3f)
55.673: (move f5-6f f4-6f)
55.674: (move f4-5f f4-6f)
55.676: (move f7-5f f6-5f)
55.679: (move f8-8f f8-9f)
55.692: (move f8-4f f8-3f)
55.695: (move f6-3f f5-3f)
55.695: (move f7-3f f8-3f)
55.697: (move f8-2f f8-1f)
55.709: (putdown f7-3f key0-2)
55.711: (move f6-6f f7-6f)
55.726: (move f7-3f f7-4f)
55.729: (move f7-3f f8-3f)
55.734: (move f1-4f f2-4f)
55.737: (move f2-3f f2-4f)
55.741: (move f7-4f f7-5f)
55.748: (unlock f7-5f f8-5f key0-2 shape0)
55.753: (move f3-4f f2-4f)
55.753: (move f2-5f f2-4f)
55.762: (move f6-6f f7-6f)
55.764: (move f7-5f f7-6f)
55.772: (move f6-6f f7-6f)
55.775: (move f7-2f f6-2f)
51.774: (unlock f7-2f f7-1f key2-4 shape2)
52.112: (move f5-6f f5-5f)
52.116: (move f6-5f f5-5f)
52.229: (move f7-3f f7-2f)
52.296: (move f7-3f f7-4f)
52.321: (move f7-5f f7-4f)
52.327: (move f7-6f f7-5f)
52.328: (move f8-5f f7-5f)
52.337: (move f6-4f f7-4f)
52.348: (pickup f7-3f key0-2)
52.352: (move f7-3f f7-2f)
52.411: (move f7-4f f7-5f)
52.471: (move f8-5f f8-4f)
52.508: (move f7-3f f7-2f)
52.536: (move f6-4f f6-3f)
52.561: (move f7-8f f8-8f)
52.565: (move f8-7f f8-8f)
52.587: (move f7-3f f7-2f)
52.743: (move f4-5f f3-5f)
52.802: (move f8-7f f8-8f)
52.835: (move f7-3f f6-3f)
52.856: (move f4-5f f5-5f)
52.860: (move f6-4f f7-4f)
52.890: (move f6-5f f7-5f)
52.904: (move f8-7f f8-8f)
52.905: (move f9-8f f8-8f)
52.935: (move f7-3f f8-3f)
52.949: (move f8-7f f8-8f)
52.949: (move f7-6f f7-5f)
52.954: (move f7-3f f7-4f)
52.979: (unlock f7-3f f6-3f key2-4 shape2)
53.108: (pickup f7-8f key2-2)
53.117: (unlock f7-2f f7-1f key2-4 shape2)
53.134: (move f7-6f f7-5f)
53.160: (move f6-5f f7-5f)
53.219: (move f6-4f f6-3f)
53.226: (unlock f7-2f f7-1f key2-4 shape2)
53.262: (move f7-3f f7-4f)
53.283: (move f5-5f f5-4f)
53.293: (move f6-4f f5-4f)
53.317: (move f7-6f f6-6f)
53.330: (move f8-3f f8-2f)
53.336: (move f7-2f f8-2f)
53.365: (move f6-6f f7-6f)
53.402: (move f7-6f f6-6f)
53.406: (move f7-4f f6-4f)
53.408: (move f6-4f f7-4f)
53.411: (move f6-6f f7-6f)
53.419: (move f5-6f f4-6f)
53.446: (move f6-6f f6-5f)
53.446: (move f7-2f f8-2f)
53.478: (unlock f7-2f f7-1f key2-1 shape2)
53.485: (move f7-2f f6-2f)
53.487: (unlock f6-2f f6-3f key2-4 shape2)
53.497: (pickup f7-4f key3-3)
53.562: (move f7-4f f7-5f)
53.573: (move f7-6f f6-6f)
53.596: (move f6-5f f6-6f)
53.637: (pickup-and-loose f6-4f key2-1 key3-3)
53.643: (move f6-6f f7-6f)
53.657: (move f6-6f f7-6f)
53.688: (unlock f6-4f f6-3f key2-1 shape2)
53.692: (move f7-3f f7-4f)
53.693: (move f6-4f f7-4f)
53.695: (move f6-6f f5-6f)
53.753: (move f7-6f f8-6f)
53.776: (move f7-3f f7-4f)
53.822: (pickup f6-2f key1-4)
53.831: (move f6-6f f7-6f)
53.850: (move f8-6f f8-7f)
53.874: (move f7-5f f7-6f)
53.917: (pickup f7-4f key3-3)
53.924: (move f5-6f f5-5f)
53.935: (move f8-6f f8-7f)
53.941: (move f7-2f f7-3f)
53.972: (move f7-3f f7-4f)
53.977: (move f7-2f f7-1f)
54.028: (move f7-2f f8-2f)
54.040: (move f6-5f f5-5f)
54.054: (move f7-4f f7-3f)
54.059: (move f4-6f f4-5f)
54.061: (pickup-and-loose f6-6f key2-1 key2-4)
54.063: (move f5-5f f4-5f)
54.106: (move f7-3f f7-4f)
54.108: (move f7-3f f7-4f)
54.114: (move f8-8f f7-8f)
54.146: (move f7-3f f7-4f)
54.151: (move f6-5f f6-4f)
54.162: (move f6-6f f6-5f)
54.180: (putdown f7-2f key2-1)
54.192: (move f8-8f f8-7f)
54.195: (move f3-2f f3-1f)
54.195: (move f2-1f f3-1f)
54.199: (putdown f7-2f key2-0)
54.260: (pickup-and-loose f7-3f key2-4 key2-0)
54.262: (move f4-5f f4-6f)
54.290: (move f7-2f f7-3f)
54.308: (move f7-2f f8-2f)
54.336: (move f6-5f f7-5f)
54.340: (move f7-6f f7-5f)
54.349: (move f7-4f f7-3f)
54.352: (move f7-2f f7-3f)
54.355: (move f7-3f f8-3f)
54.359: (move f7-6f f8-6f)
54.362: (pickup f7-4f key3-3)
54.371: (move f7-3f f7-4f)
54.378: (move f7-2f f6-2f)
54.384: (move f7-3f f8-3f)
54.419: (pickup f6-2f key1-4)
54.447: (move f8-8f f8-7f)
54.454: (move f7-3f f6-3f)
54.480: (move f7-5f f7-4f)
54.496: (move f8-2f f8-3f)
54.498: (move f6-6f f6-5f)
54.508: (move f7-3f f8-3f)
54.515: (move f8-7f f8-6f)
54.519: (pickup f7-4f key3-3)
54.519: (move f7-4f f8-4f)
54.519: (move f7-4f f6-4f)
54.521: (move f7-4f f7-5f)
54.523: (move f7-2f f8-2f)
54.525: (move f7-3f f8-3f)
54.535: (move f7-2f f6-2f)
54.536: (move f4-5f f4-4f)
54.567: (move f6-2f f6-3f)
54.572: (move f7-3f f6-3f)
54.587: (move f7-2f f7-1f)
54.611: (move f6-5f f5-5f)
54.644: (move f7-5f f7-4f)
54.645: (move f5-4f f5-5f)
54.649: (move f7-3f f7-4f)
54.654: (move f8-4f f7-4f)
54.660: (move f6-4f f6-5f)
54.663: (unlock f4-6f f4-7f key0-2 shape0)
54.674: (putdown f9-8f key2-2)
54.675: (move f6-5f f5-5f)
54.694: (move f6-4f f5-4f)
54.699: (move f5-2f f5-1f)
54.702: (move f5-5f f5-4f)
54.704: (move f6-1f f5-1f)
54.709: (pickup f7-3f key3-3)
54.714: (move f7-2f f6-2f)
54.728: (unlock f7-3f f6-3f key2-4 shape2)
54.744: (unlock f7-5f f8-5f key0-2 shape0)
54.758: (move f6-6f f6-5f)
54.759: (move f7-6f f7-5f)
54.773: (move f6-6f f6-5f)
54.792: (move f6-2f f5-2f)
54.797: (move f6-6f f6-5f)
54.809: (move f8-2f f8-3f)
54.811: (move f7-1f f6-1f)
54.811: (move f8-3f f8-2f)
54.812: (move f7-2f f8-2f)
54.815: (putdown f7-2f key2-1)
54.816: (move f7-6f f7-5f)
54.816: (move f6-2f f6-1f)
54.824: (move f6-6f f5-6f)
54.827: (move f7-3f f8-3f)
54.834: (putdown f7-2f key2-0)
54.836: (move f6-5f f6-6f)
54.857: (unlock f6-1f f7-1f key2-4 shape2)
54.860: (move f7-5f f6-5f)
54.873: (move f7-2f f7-3f)
54.878: (unlock f6-4f f6-3f key2-1 shape2)
54.879: (putdown f7-2f key2-4)
54.890: (move f6-4f f6-5f)
54.904: (move f7-5f f7-6f)
54.906: (move f6-2f f5-2f)
54.907: (pickup-and-loose f7-3f key2-4 key3-3)
54.910: (move f7-6f f8-6f)
54.913: (unlock f8-1f f7-1f key2-4 shape2)
54.926: (move f5-3f f5-2f)
54.927: (unlock f8-5f f9-5f key2-1 shape2)
54.928: (move f7-3f f7-4f)
54.929: (move f7-2f f7-3f)
54.932: (move f7-5f f7-6f)
54.941: (move f7-1f f8-1f)
54.944: (move f8-2f f8-1f)
54.946: (move f9-8f f9-7f)
54.946: (move f6-2f f5-2f)
54.952: (move f3-4f f4-4f)
54.956: (pickup f7-4f key3-3)
54.974: (unlock f7-3f f6-3f key2-4 shape2)
54.984: (move f5-1f f4-1f)
54.984: (move f4-2f f4-1f)
55.011: (unlock f7-2f f7-1f key2-0 shape2)
55.031: (move f7-2f f8-2f)
55.033: (unlock f6-4f f6-3f key2-0 shape2)
55.036: (unlock f7-5f f8-5f key0-2 shape0)
55.039: (move f7-2f f7-1f)
55.055: (move f7-2f f7-3f)
55.056: (move f7-5f f7-4f)
55.057: (move f6-3f f6-4f)
55.065: (move f6-4f f6-5f)
55.076: (move f3-3f f3-4f)
55.079: (move f6-4f f7-4f)
55.095: (move f5-5f f4-5f)
55.097: (move f7-4f f7-5f)
55.104: (move f5-2f f5-1f)
55.104: (move f7-2f f7-3f)
50.495: (move f7-8f f8-8f)
50.799: (pickup f3-1f key2-0)
50.879: (pickup f6-4f key0-2)
50.912: (move f9-8f f8-8f)
51.057: (move f7-3f f7-4f)
51.769: (pickup f7-3f key0-2)
51.803: (pickup f7-3f key2-4)
51.855: (unlock f7-2f f7-1f key2-4 shape2)
51.857: (move f7-3f f8-3f)
51.882: (move f7-4f f7-5f)
51.898: (pickup f7-3f key2-4)
51.971: (unlock f7-2f f7-1f key2-4 shape2)
51.998: (unlock f7-2f f7-1f key2-4 shape2)
52.043: (move f7-4f f7-5f)
52.067: (move f7-3f f7-2f)
52.082: (unlock f7-2f f7-1f key2-4 shape2)
52.105: (pickup f8-6f key0-0)
52.110: (move f6-4f f7-4f)
52.123: (move f6-5f f5-5f)
52.125: (move f5-6f f5-5f)
52.219: (move f7-4f f7-5f)
52.286: (move f4-5f f4-4f)
52.308: (move f5-4f f4-4f)
52.311: (move f3-5f f2-5f)
52.320: (move f7-3f f7-4f)
52.341: (pickup-and-loose f7-2f key0-2 key2-4)
52.342: (move f7-3f f7-2f)
52.352: (move f7-3f f7-4f)
52.372: (move f7-2f f8-2f)
52.374: (move f8-3f f8-2f)
52.414: (move f7-3f f6-3f)
52.417: (pickup f7-3f key0-2)
52.439: (move f8-4f f7-4f)
52.441: (move f7-5f f7-4f)
52.451: (move f7-3f f7-2f)
52.476: (move f7-4f f7-5f)
52.530: (move f7-3f f7-4f)
52.536: (move f7-4f f7-5f)
52.537: (move f3-5f f3-4f)
52.550: (move f6-5f f7-5f)
52.554: (move f6-4f f6-3f)
52.564: (move f8-5f f7-5f)
52.570: (move f6-5f f7-5f)
52.572: (move f7-6f f7-5f)
52.575: (move f4-4f f3-4f)
52.582: (move f7-6f f7-5f)
52.583: (move f6-4f f7-4f)
52.596: (move f7-5f f7-4f)
52.617: (move f7-3f f7-2f)
52.645: (move f7-2f f6-2f)
52.646: (move f6-3f f6-2f)
52.660: (unlock f6-2f f6-3f key2-4 shape2)
52.664: (move f8-5f f8-4f)
52.689: (move f7-3f f7-2f)
52.700: (move f6-4f f6-5f)
52.702: (move f7-5f f6-5f)
52.705: (move f8-7f f8-8f)
52.746: (move f6-4f f7-4f)
52.750: (move f7-5f f7-4f)
52.793: (move f7-4f f7-5f)
52.801: (move f8-7f f8-8f)
52.803: (move f7-6f f7-5f)
52.813: (move f6-5f f7-5f)
52.824: (move f7-3f f7-2f)
52.863: (move f6-5f f7-5f)
52.866: (move f7-4f f6-4f)
52.871: (move f7-5f f7-6f)
52.931: (move f7-3f f6-3f)
53.011: (move f7-2f f6-2f)
53.074: (move f6-5f f7-5f)
53.080: (move f7-6f f7-5f)
53.106: (pickup f7-8f key2-1)
53.117: (move f6-5f f7-5f)
53.122: (move f7-4f f7-5f)
53.138: (move f7-2f f8-2f)
53.139: (move f7-3f f8-3f)
53.161: (move f8-3f f8-2f)
53.194: (move f7-4f f6-4f)
53.233: (move f6-5f f7-5f)
53.239: (move f7-4f f6-4f)
53.250: (move f7-2f f8-2f)
53.262: (move f7-4f f7-5f)
53.272: (move f8-3f f8-2f)
53.276: (unlock f4-6f f4-7f key0-4 shape0)
53.284: (move f7-3f f7-4f)
53.313: (move f7-4f f7-5f)
53.339: (pickup-and-loose f6-6f key2-1 key2-0)
53.354: (move f7-2f f8-2f)
53.384: (move f5-6f f4-6f)
53.414: (move f7-4f f7-5f)
53.424: (move f6-4f f6-5f)
53.467: (move f6-4f f5-4f)
53.480: (move f7-4f f6-4f)
53.502: (move f6-5f f6-6f)
53.537: (move f6-3f f6-4f)
53.542: (move f7-4f f6-4f)
53.543: (move f7-3f f7-4f)
53.553: (pickup f7-4f key3-3)
53.554: (move f7-4f f7-5f)
53.562: (move f6-5f f6-4f)
53.569: (pickup f7-4f key3-3)
53.579: (move f7-3f f8-3f)
53.589: (move f8-6f f8-7f)
53.602: (move f7-2f f8-2f)
53.604: (move f8-3f f8-2f)
53.615: (move f7-3f f7-4f)
53.639: (move f7-3f f8-3f)
53.648: (move f8-2f f8-3f)
53.695: (pickup f7-4f key3-3)
53.746: (unlock f6-4f f6-3f key2-1 shape2)
53.750: (move f8-4f f8-3f)
53.757: (move f6-3f f5-3f)
53.779: (move f7-4f f6-4f)
53.781: (move f6-5f f6-6f)
53.791: (move f7-6f f6-6f)
53.792: (move f7-3f f7-4f)
53.799: (move f7-3f f8-3f)
53.808: (move f8-4f f8-3f)
53.819: (move f7-4f f7-5f)
53.819: (move f6-5f f6-4f)
53.842: (move f7-2f f6-2f)
53.857: (move f9-8f f9-7f)
53.867: (move f5-2f f5-1f)
53.880: (pickup f6-2f key1-4)
53.883: (move f7-3f f7-2f)
53.912: (move f7-2f f6-2f)
53.917: (move f7-2f f7-1f)
53.944: (move f6-4f f5-4f)
53.946: (move f7-3f f8-3f)
53.969: (move f7-3f f6-3f)
53.973: (move f6-2f f6-3f)
53.977: (move f7-6f f8-6f)
53.979: (pickup f7-4f key3-3)
53.980: (move f4-6f f4-5f)
53.981: (move f5-5f f4-5f)
53.983: (move f7-4f f7-5f)
53.989: (move f6-5f f7-5f)
53.989: (move f7-6f f7-5f)
53.992: (pickup-and-loose f6-6f key2-1 key2-4)
53.993: (move f8-6f f8-7f)
54.004: (move f7-2f f7-3f)
54.006: (move f5-5f f6-5f)
54.008: (move f5-5f f5-4f)
54.013: (unlock f7-3f f6-3f key2-1 shape2)
54.023: (move f7-4f f6-4f)
54.031: (move f8-6f f8-7f)
54.035: (move f6-3f f6-2f)
54.035: (move f6-6f f6-5f)
54.040: (move f7-3f f7-4f)
54.055: (move f6-2f f6-3f)
54.065: (move f7-3f f7-2f)
54.068: (move f4-5f f3-5f)
54.072: (move f6-4f f7-4f)
54.078: (move f6-6f f7-6f)
54.081: (move f6-5f f6-4f)
54.096: (move f6-5f f6-4f)
54.101: (unlock f7-3f f6-3f key2-1 shape2)
54.107: (pickup f7-4f key3-3)
54.110: (move f7-3f f7-4f)
54.118: (move f6-3f f7-3f)
54.119: (move f7-4f f7-3f)
54.124: (move f7-3f f7-4f)
54.214: (move f6-5f f5-5f)
54.228: (move f7-6f f8-6f)
54.240: (move f7-3f f7-4f)
54.251: (move f6-5f f6-6f)
54.258: (move f7-5f f7-6f)
54.259: (unlock f6-4f f6-3f key2-1 shape2)
54.269: (putdown f7-2f key2-1)
54.275: (move f5-6f f5-5f)
54.277: (move f6-5f f5-5f)
54.278: (move f7-8f f6-8f)
54.279: (putdown f8-8f key2-1)
54.301: (move f7-6f f8-6f)
54.302: (unlock f7-3f f6-3f key2-4 shape2)
54.314: (putdown f7-2f key2-0)
54.325: (move f7-6f f8-6f)
54.332: (move f6-5f f6-4f)
54.335: (putdown f7-2f key2-4)
54.356: (unlock f7-3f f6-3f key2-1 shape2)
54.364: (move f6-3f f7-3f)
54.365: (move f4-4f f5-4f)
54.366: (move f7-4f f7-3f)
54.371: (move f7-4f f8-4f)
54.377: (move f8-7f f8-6f)
54.382: (move f5-2f f4-2f)
54.422: (move f7-2f f6-2f)
54.425: (move f6-2f f5-2f)
54.432: (move f8-7f f8-6f)
54.442: (move f7-4f f6-4f)
54.445: (pickup f6-2f key1-4)
54.451: (move f7-3f f8-3f)
54.455: (move f7-2f f7-3f)
54.458: (move f4-1f f3-1f)
54.461: (move f7-3f f7-4f)
54.461: (pickup-and-loose f7-3f key2-4 key2-1)
54.464: (move f7-6f f8-6f)
54.477: (move f8-8f f9-8f)
54.481: (unlock f7-5f f8-5f key0-0 shape0)
54.494: (putdown f8-8f key2-1)
49.862: (move f7-4f f7-5f)
50.177: (move f6-4f f6-5f)
50.354: (pickup f6-4f key0-2)
50.507: (move f8-8f f9-8f)
50.518: (pickup-and-loose f6-4f key0-2 key3-3)
50.544: (pickup f6-4f key0-2)
50.812: (move f8-6f f8-7f)
50.881: (pickup f8-6f key2-1)
50.882: (move f3-1f f4-1f)
50.991: (pickup f6-4f key0-2)
51.019: (move f6-4f f5-4f)
51.084: (pickup f7-4f key0-2)
51.142: (move f7-3f f7-4f)
51.148: (move f7-3f f7-4f)
51.196: (move f7-3f f7-4f)
51.284: (move f8-3f f8-2f)
51.285: (move f7-2f f8-2f)
51.286: (move f7-5f f7-6f)
51.423: (move f3-1f f3-2f)
51.447: (move f8-8f f8-7f)
51.451: (move f7-3f f6-3f)
51.455: (unlock f7-3f f6-3f key2-4 shape2)
51.460: (move f7-3f f7-4f)
51.484: (move f3-1f f2-1f)
51.518: (unlock f7-3f f6-3f key2-4 shape2)
51.569: (unlock f7-2f f7-1f key2-4 shape2)
51.644: (move f7-3f f7-2f)
51.647: (move f3-1f f3-0f)
51.661: (move f7-8f f8-8f)
51.668: (pickup-and-loose f8-8f key2-1 key2-2)
51.722: (move f8-6f f7-6f)
51.734: (move f7-3f f7-2f)
51.787: (move f7-4f f7-5f)
51.811: (unlock f8-6f f8-5f key0-0 shape0)
51.869: (move f7-3f f8-3f)
51.912: (move f7-2f f6-2f)
51.928: (move f7-3f f8-3f)
51.937: (move f7-3f f7-2f)
51.939: (pickup-and-loose f7-2f key0-2 key2-4)
51.945: (move f7-4f f7-5f)
51.969: (move f7-4f f7-5f)
52.103: (unlock f7-2f f7-1f key2-4 shape2)
52.120: (putdown f7-5f key3-3)
52.166: (move f7-3f f7-2f)
52.190: (unlock f7-2f f7-1f key2-4 shape2)
52.200: (unlock f7-2f f7-1f key2-4 shape2)
52.240: (move f7-4f f7-5f)
52.254: (move f7-4f f7-5f)
52.308: (move f6-4f f6-3f)
52.320: (move f7-4f f7-5f)
52.334: (move f6-2f f5-2f)
52.352: (unlock f7-2f f7-1f key2-4 shape2)
52.361: (move f7-3f f6-3f)
52.363: (move f6-4f f7-4f)
52.367: (move f6-2f f6-3f)
52.368: (move f7-5f f6-5f)
52.369: (move f7-5f f6-5f)
52.371: (move f6-4f f6-5f)
52.377: (move f7-6f f6-6f)
52.380: (move f6-5f f6-6f)
52.381: (move f6-4f f6-5f)
52.384: (move f7-3f f8-3f)
52.384: (move f6-5f f5-5f)
52.384: (move f5-4f f5-5f)
52.420: (move f7-3f f6-3f)
52.451: (move f7-2f f8-2f)
52.461: (pickup-and-loose f7-2f key0-2 key2-4)
52.464: (move f7-3f f7-2f)
52.468: (move f7-3f f8-3f)
52.477: (move f7-5f f7-6f)
52.521: (unlock f6-2f f6-3f key2-4 shape2)
52.531: (move f6-3f f6-4f)
52.533: (move f7-4f f6-4f)
52.538: (move f7-2f f6-2f)
52.540: (unlock f6-4f f6-3f key2-4 shape2)
52.542: (move f6-3f f6-2f)
52.560: (move f6-5f f5-5f)
52.566: (move f7-2f f8-2f)
52.575: (move f5-4f f5-5f)
52.575: (move f8-3f f8-2f)
52.596: (move f8-7f f8-8f)
52.598: (move f6-3f f6-2f)
52.600: (move f7-2f f6-2f)
52.603: (unlock f6-2f f6-3f key2-4 shape2)
52.622: (move f7-4f f7-5f)
52.631: (move f7-4f f7-5f)
52.632: (move f7-4f f7-5f)
52.639: (move f7-4f f7-5f)
52.639: (move f7-2f f6-2f)
52.676: (move f7-5f f6-5f)
52.687: (move f6-4f f6-5f)
52.697: (move f7-3f f7-4f)
52.700: (move f5-4f f4-4f)
52.709: (move f8-4f f7-4f)
52.710: (move f7-5f f7-4f)
52.717: (move f7-2f f8-2f)
52.722: (move f8-3f f8-2f)
52.741: (move f7-3f f7-4f)
52.778: (move f7-5f f6-5f)
52.779: (move f7-4f f7-5f)
52.783: (move f6-4f f6-5f)
52.803: (move f7-5f f7-6f)
52.811: (move f7-5f f7-6f)
52.830: (pickup f7-4f key3-3)
52.833: (move f8-3f f8-4f)
52.834: (move f7-4f f8-4f)
52.848: (move f8-7f f8-8f)
52.891: (pickup f8-6f key0-0)
52.906: (move f7-5f f6-5f)
52.920: (move f6-4f f6-5f)
52.931: (move f7-4f f7-5f)
52.939: (move f7-4f f6-4f)
52.947: (move f6-4f f7-4f)
52.949: (move f7-5f f7-6f)
52.954: (move f7-5f f7-4f)
52.974: (move f6-6f f7-6f)
52.975: (move f6-4f f6-3f)
53.023: (move f6-4f f7-4f)
53.025: (move f7-4f f6-4f)
53.031: (move f7-3f f7-4f)
53.038: (move f7-5f f7-4f)
53.050: (move f6-6f f6-5f)
53.067: (move f5-4f f6-4f)
53.069: (move f8-6f f9-6f)
53.070: (move f7-2f f7-1f)
53.084: (move f5-4f f5-5f)
53.120: (move f7-5f f7-6f)
53.121: (move f6-4f f7-4f)
53.134: (move f6-5f f6-6f)
53.142: (move f7-2f f6-2f)
53.149: (move f6-4f f7-4f)
53.153: (move f7-6f f8-6f)
53.154: (move f7-5f f7-4f)
53.155: (move f7-2f f8-2f)
53.165: (move f6-3f f6-4f)
53.178: (pickup f7-4f key3-3)
53.181: (move f6-2f f6-1f)
53.202: (unlock f6-4f f6-3f key2-1 shape2)
53.224: (move f6-4f f5-4f)
53.226: (move f6-4f f7-4f)
53.228: (move f7-5f f7-4f)
53.231: (move f7-4f f6-4f)
53.245: (move f9-7f f8-7f)
53.248: (move f8-8f f8-7f)
53.250: (move f6-4f f7-4f)
53.255: (move f8-8f f8-9f)
53.264: (unlock f6-4f f6-3f key2-1 shape2)
53.265: (move f7-2f f8-2f)
53.275: (move f7-4f f7-5f)
53.294: (putdown f6-4f key3-3)
53.297: (move f7-4f f6-4f)
53.299: (move f7-5f f7-4f)
53.309: (move f8-3f f8-2f)
53.352: (move f7-2f f8-2f)
53.360: (unlock f7-2f f7-1f key2-1 shape2)
53.398: (move f7-4f f6-4f)
53.400: (move f7-4f f7-5f)
53.434: (move f5-2f f5-1f)
53.434: (move f7-4f f7-5f)
53.440: (move f7-2f f8-2f)
53.445: (move f7-5f f7-6f)
53.458: (move f6-6f f7-6f)
53.465: (move f8-2f f8-1f)
53.468: (move f8-8f f7-8f)
53.480: (move f8-6f f8-7f)
53.487: (move f7-4f f7-3f)
53.523: (move f8-8f f8-7f)
53.529: (unlock f6-4f f6-3f key2-1 shape2)
53.531: (move f7-2f f8-2f)
53.543: (unlock f6-4f f6-3f key2-1 shape2)
53.545: (move f7-4f f7-5f)
53.553: (unlock f7-2f f7-1f key2-1 shape2)
53.555: (move f6-4f f5-4f)
53.564: (move f8-7f f8-8f)
53.568: (move f7-2f f7-3f)
53.570: (move f6-6f f7-6f)
53.580: (move f8-6f f8-7f)
53.585: (move f7-2f f6-2f)
53.597: (move f7-5f f7-6f)
53.597: (move f6-5f f6-6f)
53.613: (move f7-5f f7-6f)
53.620: (move f6-3f f6-2f)
53.621: (unlock f6-2f f6-3f key2-4 shape2)
53.621: (move f8-6f f8-7f)
53.623: (pickup f7-4f key3-3)
53.626: (move f4-5f f4-4f)
53.631: (move f5-4f f4-4f)
53.638: (move f7-2f f8-2f)
53.642: (move f7-4f f6-4f)
53.652: (move f4-4f f3-4f)
53.652: (move f7-4f f6-4f)
53.662: (move f7-6f f7-5f)
53.665: (move f7-2f f8-2f)
53.665: (move f3-5f f3-4f)
53.666: (move f6-5f f7-5f)
53.682: (move f6-8f f5-8f)
53.710: (move f7-2f f7-1f)
53.724: (pickup f7-4f key3-3)
53.737: (pickup-and-loose f7-4f key3-3 key0-2)
53.757: (move f7-4f f7-3f)
46.124: (pickup f6-6f key2-1)
48.919: (move f7-6f f7-5f)
48.992: (move f6-5f f6-6f)
49.172: (move f7-5f f7-6f)
49.402: (move f7-6f f6-6f)
49.503: (move f7-4f f7-5f)
49.570: (unlock f7-5f f8-5f key0-2 shape0)
49.661: (pickup f6-4f key0-2)
49.890: (move f8-6f f8-7f)
49.946: (move f7-4f f7-5f)
49.972: (move f7-4f f7-5f)
50.021: (move f5-4f f5-5f)
50.022: (move f6-5f f5-5f)
50.090: (pickup-and-loose f7-2f key2-1 key2-4)
50.125: (move f6-4f f6-5f)
50.184: (pickup-and-loose f6-4f key0-2 key3-3)
50.186: (move f7-4f f7-5f)
50.210: (move f6-4f f6-5f)
50.260: (move f6-4f f6-5f)
50.361: (move f6-4f f6-5f)
50.403: (move f8-6f f7-6f)
50.485: (pickup-and-loose f6-4f key0-2 key1-4)
50.637: (pickup-and-loose f6-4f key0-2 key3-3)
50.728: (unlock f3-2f f2-2f key2-0 shape2)
50.790: (unlock f7-6f f7-7f key3-3 shape3)
50.791: (unlock f2-1f f2-2f key2-0 shape2)
50.915: (pickup f7-8f key2-1)
50.919: (move f6-4f f5-4f)
51.015: (move f8-6f f8-7f)
51.024: (unlock f8-4f f8-5f key0-2 shape0)
51.029: (move f4-1f f5-1f)
51.099: (move f6-4f f5-4f)
51.099: (move f7-6f f6-6f)
51.102: (move f6-5f f6-6f)
51.115: (move f2-1f f1-1f)
51.119: (move f6-4f f7-4f)
51.128: (move f6-4f f5-4f)
51.129: (move f6-4f f5-4f)
51.153: (move f8-7f f8-8f)
51.204: (move f7-6f f7-5f)
51.204: (move f6-5f f7-5f)
51.262: (pickup f8-6f key0-0)
51.282: (move f7-6f f8-6f)
51.286: (putdown f9-8f key2-2)
51.295: (move f7-3f f6-3f)
51.347: (move f6-2f f5-2f)
51.348: (move f7-2f f8-2f)
51.358: (move f7-2f f8-2f)
51.359: (move f8-3f f8-2f)
51.362: (move f8-7f f9-7f)
51.363: (move f9-8f f9-7f)
51.365: (unlock f7-2f f7-1f key2-4 shape2)
51.365: (move f8-3f f8-2f)
51.415: (move f7-4f f7-5f)
51.452: (move f7-4f f6-4f)
51.463: (move f7-3f f6-3f)
51.466: (unlock f7-2f f7-1f key2-4 shape2)
51.474: (move f7-2f f6-2f)
51.482: (move f6-3f f6-2f)
51.483: (move f8-6f f8-5f)
51.495: (move f7-5f f7-6f)
51.515: (move f7-3f f7-4f)
51.590: (move f4-1f f4-2f)
51.594: (move f3-2f f4-2f)
51.621: (pickup-and-loose f7-2f key2-0 key2-4)
51.660: (unlock f7-2f f7-1f key2-4 shape2)
51.667: (move f3-2f f3-3f)
51.698: (move f5-4f f4-4f)
51.708: (move f4-1f f4-0f)
51.711: (move f3-0f f4-0f)
51.771: (move f7-3f f7-4f)
51.820: (move f6-4f f7-4f)
51.832: (move f7-3f f7-2f)
51.835: (move f6-3f f5-3f)
51.849: (move f2-1f f2-0f)
51.852: (move f3-0f f2-0f)
51.896: (pickup-and-loose f7-3f key0-2 key3-3)
51.911: (move f7-3f f7-2f)
51.923: (move f8-8f f8-7f)
51.937: (move f7-4f f7-3f)
51.962: (move f8-6f f7-6f)
51.970: (move f7-2f f7-1f)
51.972: (move f8-6f f9-6f)
51.973: (move f7-2f f6-2f)
52.011: (move f7-4f f7-5f)
52.033: (unlock f7-6f f7-7f key3-3 shape3)
52.037: (move f7-4f f6-4f)
52.040: (move f7-4f f7-5f)
52.044: (move f7-2f f8-2f)
52.045: (move f8-3f f8-2f)
52.051: (move f8-3f f8-2f)
52.056: (pickup-and-loose f7-2f key0-2 key2-4)
52.059: (move f7-2f f8-2f)
52.069: (move f7-5f f7-6f)
52.074: (move f8-2f f8-1f)
52.084: (move f7-2f f6-2f)
52.085: (move f6-3f f6-2f)
52.088: (move f7-5f f7-6f)
52.110: (move f7-6f f6-6f)
52.112: (move f6-5f f6-6f)
52.122: (move f8-7f f8-6f)
52.131: (move f5-2f f5-1f)
52.132: (move f6-1f f5-1f)
52.168: (move f7-4f f7-5f)
52.182: (move f6-2f f6-1f)
52.182: (move f5-4f f5-5f)
52.195: (move f6-5f f5-5f)
52.199: (putdown f7-5f key3-3)
52.229: (putdown f7-5f key3-3)
52.302: (putdown f8-7f key0-0)
52.326: (move f5-4f f5-5f)
52.326: (move f7-1f f6-1f)
52.328: (move f6-2f f6-1f)
52.328: (unlock f6-1f f7-1f key2-4 shape2)
52.332: (move f7-4f f7-5f)
52.340: (move f5-4f f5-3f)
52.344: (move f6-5f f5-5f)
52.376: (move f8-6f f7-6f)
52.421: (move f7-3f f7-4f)
52.433: (move f7-5f f7-6f)
52.446: (move f7-4f f8-4f)
52.451: (move f7-5f f6-5f)
52.453: (move f6-4f f6-5f)
52.455: (move f7-6f f6-6f)
52.456: (move f6-5f f6-6f)
52.457: (move f7-6f f6-6f)
52.458: (move f6-5f f6-6f)
52.460: (move f6-2f f5-2f)
52.473: (move f8-7f f8-8f)
52.488: (putdown f7-5f key3-3)
52.488: (move f7-5f f6-5f)
52.495: (move f6-4f f6-5f)
52.509: (move f8-7f f8-8f)
52.510: (move f6-2f f5-2f)
52.513: (move f8-6f f8-7f)
52.536: (move f7-2f f6-2f)
52.540: (move f8-2f f8-1f)
52.552: (move f7-5f f7-6f)
52.558: (putdown f7-6f key3-3)
52.561: (move f6-4f f6-5f)
52.561: (unlock f8-1f f7-1f key2-4 shape2)
52.563: (move f8-7f f8-8f)
52.567: (move f7-5f f6-5f)
52.567: (move f6-4f f6-5f)
52.571: (move f7-1f f8-1f)
52.580: (unlock f8-6f f8-5f key0-0 shape0)
52.604: (move f7-6f f6-6f)
52.618: (move f7-3f f8-3f)
52.637: (move f7-2f f8-2f)
52.646: (move f6-5f f5-5f)
52.660: (move f6-4f f6-5f)
52.681: (move f7-4f f7-5f)
52.688: (move f6-5f f5-5f)
52.691: (move f5-2f f4-2f)
52.692: (move f7-6f f6-6f)
52.698: (move f6-5f f6-6f)
52.711: (move f7-3f f8-3f)
52.716: (putdown f6-5f key3-3)
52.723: (move f7-2f f6-2f)
52.729: (move f7-5f f7-6f)
52.733: (unlock f6-2f f6-3f key2-4 shape2)
52.735: (move f7-2f f8-2f)
52.735: (move f8-2f f9-2f)
52.763: (move f7-6f f8-6f)
52.814: (move f7-6f f8-6f)
52.852: (move f7-5f f6-5f)
52.905: (move f8-3f f8-4f)
52.913: (move f7-4f f8-4f)
52.927: (move f7-5f f7-6f)
52.938: (move f6-5f f5-5f)
52.939: (move f8-3f f8-4f)
52.942: (move f7-4f f8-4f)
52.955: (move f7-5f f6-5f)
52.957: (move f7-2f f8-2f)
52.961: (move f6-2f f6-3f)
52.969: (move f6-4f f6-5f)
53.000: (move f7-8f f6-8f)
53.019: (move f7-5f f7-6f)
53.034: (move f6-5f f5-5f)
53.042: (move f8-2f f8-3f)
53.048: (move f6-5f f6-4f)
53.049: (move f7-3f f8-3f)
53.050: (putdown f6-5f key0-2)
53.058: (move f7-4f f7-5f)
53.066: (move f7-5f f7-6f)
53.068: (move f6-4f f6-5f)
53.069: (move f7-2f f7-3f)
53.080: (unlock f7-3f f6-3f key2-4 shape2)
53.082: (putdown f7-5f key0-2)
53.085: (move f7-5f f6-5f)
53.088: (move f6-4f f6-5f)
53.088: (move f5-5f f6-5f)
53.092: (move f7-6f f7-5f)
53.100: (move f7-5f f7-6f)
53.110: (move f7-5f f6-5f)
53.112: (move f6-4f f6-5f)
53.115: (move f6-4f f6-3f)
53.152: (move f7-6f f8-6f)
53.233: (move f7-6f f8-6f)
53.235: (move f8-6f f9-6f)
46.264: (pickup f6-6f key2-1)
46.282: (pickup f6-6f key2-1)
46.515: (pickup-and-loose f6-6f key2-1 key3-3)
46.589: (pickup f6-6f key2-1)
46.793: (move f7-8f f8-8f)
47.039: (pickup f6-6f key2-1)
47.120: (pickup-and-loose f6-6f key2-1 key0-2)
47.410: (move f7-5f f7-4f)
47.932: (move f7-6f f7-5f)
47.982: (move f6-6f f6-5f)
48.002: (move f6-6f f7-6f)
48.393: (move f7-6f f6-6f)
48.628: (move f8-5f f7-5f)
48.634: (unlock f7-5f f8-5f key0-0 shape0)
48.635: (move f7-6f f7-5f)
48.659: (move f8-5f f8-4f)
48.831: (move f6-4f f7-4f)
48.919: (move f6-5f f6-6f)
48.946: (move f9-8f f8-8f)
48.979: (move f6-5f f6-6f)
49.023: (move f7-2f f7-3f)
49.075: (move f6-5f f6-6f)
49.110: (move f7-5f f7-6f)
49.116: (move f6-6f f5-6f)
49.134: (move f6-5f f6-6f)
49.253: (move f7-5f f7-6f)
49.258: (move f7-6f f8-6f)
49.276: (move f7-2f f8-2f)
49.315: (move f7-5f f7-6f)
49.335: (putdown f6-6f key0-2)
49.349: (unlock f7-5f f8-5f key0-2 shape0)
49.490: (move f7-6f f7-7f)
49.497: (move f7-4f f7-5f)
49.497: (move f6-5f f7-5f)
49.564: (move f7-5f f7-6f)
49.613: (move f7-6f f6-6f)
49.649: (unlock f7-5f f8-5f key0-2 shape0)
49.677: (unlock f7-5f f8-5f key0-2 shape0)
49.765: (unlock f7-2f f7-1f key2-1 shape2)
49.772: (pickup-and-loose f7-2f key2-1 key2-4)
49.792: (move f9-8f f9-7f)
49.799: (pickup-and-loose f8-8f key2-1 key0-0)
49.802: (move f8-7f f8-8f)
49.871: (move f7-5f f6-5f)
49.871: (move f6-6f f6-5f)
49.948: (move f5-4f f5-5f)
49.952: (move f6-5f f5-5f)
50.026: (move f7-6f f7-5f)
50.027: (move f6-5f f5-5f)
50.029: (move f5-4f f5-5f)
50.075: (move f6-6f f6-7f)
50.079: (move f6-6f f6-7f)
50.109: (move f5-4f f5-5f)
50.110: (move f6-5f f5-5f)
50.144: (move f5-4f f5-5f)
50.147: (move f6-5f f5-5f)
50.188: (move f5-2f f5-1f)
50.228: (move f6-1f f5-1f)
50.257: (move f8-4f f8-5f)
50.260: (move f7-5f f8-5f)
50.307: (pickup-and-loose f7-2f key2-1 key2-4)
50.340: (move f7-6f f6-6f)
50.385: (move f6-4f f6-5f)
50.398: (move f4-4f f3-4f)
50.428: (move f7-5f f6-5f)
50.444: (move f6-4f f6-5f)
50.446: (move f7-2f f6-2f)
50.465: (move f8-8f f7-8f)
50.496: (move f6-4f f6-5f)
50.547: (move f6-4f f6-5f)
50.580: (move f7-4f f7-5f)
50.620: (move f3-3f f3-4f)
50.636: (move f7-5f f6-5f)
50.639: (move f6-4f f6-5f)
50.640: (move f7-2f f7-3f)
50.659: (move f4-2f f5-2f)
50.661: (move f7-6f f7-7f)
50.663: (move f5-1f f5-2f)
50.710: (move f5-2f f4-2f)
50.712: (move f6-6f f5-6f)
50.713: (move f5-5f f5-6f)
50.739: (unlock f7-6f f7-7f key3-3 shape3)
50.752: (unlock f8-4f f8-5f key0-2 shape0)
50.775: (move f3-2f f3-1f)
50.775: (move f2-1f f3-1f)
50.792: (move f7-2f f8-2f)
50.801: (move f7-5f f7-6f)
50.827: (move f3-2f f2-2f)
50.827: (move f2-1f f2-2f)
50.839: (pickup f8-6f key0-0)
50.848: (unlock f7-6f f7-7f key3-3 shape3)
50.854: (unlock f8-6f f8-5f key0-0 shape0)
50.859: (move f6-6f f6-7f)
50.936: (move f4-4f f4-5f)
50.944: (move f5-5f f4-5f)
51.010: (unlock f7-6f f7-7f key3-3 shape3)
51.052: (unlock f8-4f f8-5f key0-2 shape0)
51.082: (unlock f8-4f f8-5f key0-2 shape0)
51.095: (move f2-1f f1-1f)
51.106: (move f6-5f f7-5f)
51.114: (move f7-4f f7-5f)
51.127: (move f6-4f f5-4f)
51.128: (move f8-8f f9-8f)
51.142: (putdown f7-6f key3-3)
51.156: (pickup-and-loose f8-6f key0-0 key3-3)
51.175: (move f7-5f f7-6f)
51.185: (move f6-3f f6-2f)
51.186: (move f7-2f f6-2f)
51.187: (move f6-3f f6-2f)
51.187: (move f7-2f f6-2f)
51.201: (move f6-4f f7-4f)
51.214: (move f8-6f f7-6f)
51.219: (move f6-4f f5-4f)
51.230: (pickup f8-6f key0-0)
51.255: (move f6-4f f5-4f)
51.270: (move f6-4f f7-4f)
51.288: (move f6-6f f5-6f)
51.291: (pickup-and-loose f7-2f key2-0 key2-4)
51.293: (unlock f7-2f f7-1f key2-0 shape2)
51.293: (move f7-5f f7-4f)
51.296: (move f8-4f f7-4f)
51.300: (pickup f8-6f key0-0)
51.301: (move f7-6f f6-6f)
51.307: (move f6-5f f6-6f)
51.313: (pickup f7-4f key3-3)
51.330: (move f8-2f f8-1f)
51.344: (move f6-4f f5-4f)
51.344: (move f7-1f f8-1f)
51.372: (move f8-7f f8-8f)
51.405: (move f6-2f f5-2f)
51.440: (move f6-4f f6-3f)
51.445: (move f5-3f f5-2f)
51.458: (move f6-2f f5-2f)
51.461: (move f8-7f f8-8f)
51.473: (move f7-2f f8-2f)
51.477: (move f7-6f f8-6f)
51.479: (move f7-1f f6-1f)
51.487: (move f6-2f f6-1f)
51.501: (move f8-6f f8-7f)
51.502: (move f6-4f f7-4f)
51.531: (move f6-3f f6-4f)
51.532: (move f3-2f f4-2f)
51.534: (move f7-4f f6-4f)
51.535: (unlock f6-4f f6-3f key2-4 shape2)
51.542: (unlock f9-6f f9-5f key2-1 shape2)
51.557: (unlock f7-2f f7-1f key2-4 shape2)
51.574: (move f7-2f f6-2f)
51.611: (move f6-4f f6-3f)
51.628: (move f5-4f f4-4f)
51.634: (move f3-2f f3-3f)
51.650: (unlock f7-2f f7-1f key2-4 shape2)
51.679: (move f7-8f f6-8f)
51.724: (move f3-3f f2-3f)
51.726: (move f8-8f f8-9f)
51.735: (move f5-4f f4-4f)
51.764: (move f1-1f f1-2f)
51.779: (move f7-5f f7-4f)
51.793: (move f5-4f f4-4f)
51.800: (move f6-4f f7-4f)
51.801: (move f5-1f f6-1f)
51.804: (move f2-1f f2-0f)
51.811: (move f7-4f f7-5f)
51.818: (move f7-2f f7-3f)
51.819: (pickup-and-loose f7-2f key2-0 key2-4)
51.821: (move f5-4f f4-4f)
51.837: (putdown f7-6f key0-2)
51.841: (move f8-6f f8-7f)
51.883: (move f7-2f f7-3f)
51.884: (move f6-4f f5-4f)
51.914: (move f7-5f f7-6f)
51.955: (move f7-2f f6-2f)
51.972: (move f7-2f f7-3f)
51.978: (move f7-6f f7-5f)
51.987: (move f7-4f f7-3f)
51.990: (putdown f8-7f key2-1)
52.012: (move f4-0f f5-0f)
52.012: (move f8-6f f7-6f)
52.032: (move f5-1f f5-0f)
52.040: (move f7-5f f6-5f)
52.044: (move f6-4f f6-5f)
52.046: (move f8-4f f8-3f)
52.046: (move f9-8f f9-9f)
52.057: (move f6-5f f7-5f)
52.067: (pickup-and-loose f8-6f key0-0 key2-2)
52.081: (move f7-2f f6-2f)
52.083: (move f7-2f f7-1f)
52.092: (move f7-5f f7-6f)
52.092: (unlock f6-4f f6-3f key2-4 shape2)
52.108: (pickup-and-loose f6-6f key2-1 key2-4)
52.112: (move f7-4f f6-4f)
52.115: (move f7-3f f8-3f)
52.118: (move f6-3f f6-4f)
52.123: (move f7-2f f8-2f)
52.123: (move f8-4f f8-3f)
52.124: (move f6-4f f5-4f)
52.125: (move f7-2f f8-2f)
52.163: (move f8-7f f9-7f)
52.163: (move f9-6f f9-7f)
52.168: (move f7-4f f7-5f)
52.176: (move f5-2f f5-1f)
46.608: (move f7-5f f7-4f)
46.760: (move f6-6f f7-6f)
47.067: (pickup-and-loose f6-6f key2-1 key0-2)
47.108: (pickup-and-loose f6-6f key2-1 key0-2)
47.190: (pickup-and-loose f6-6f key2-1 key0-2)
47.239: (pickup-and-loose f6-6f key2-1 key0-2)
47.633: (move f7-5f f7-4f)
47.633: (move f8-4f f7-4f)
47.670: (move f7-6f f7-5f)
47.670: (move f6-5f f7-5f)
47.698: (move f5-6f f5-5f)
47.700: (move f6-5f f5-5f)
47.778: (move f6-6f f7-6f)
47.812: (move f6-5f f6-4f)
47.859: (move f7-6f f8-6f)
47.954: (move f6-6f f7-6f)
47.956: (move f6-6f f6-5f)
47.995: (move f6-6f f6-5f)
48.126: (move f6-6f f6-5f)
48.149: (move f6-6f f7-6f)
48.180: (move f7-3f f7-4f)
48.209: (move f6-6f f6-5f)
48.288: (move f6-6f f7-6f)
48.290: (move f7-2f f6-2f)
48.293: (unlock f6-2f f6-3f key2-1 shape2)
48.308: (move f6-6f f7-6f)
48.317: (move f6-6f f6-5f)
48.468: (move f6-6f f6-5f)
48.478: (move f6-6f f5-6f)
48.507: (move f7-4f f7-5f)
48.514: (move f6-5f f7-5f)
48.521: (move f7-5f f7-4f)
48.582: (move f6-7f f6-8f)
48.629: (move f7-2f f7-3f)
48.630: (unlock f7-3f f6-3f key2-1 shape2)
48.881: (move f6-6f f5-6f)
48.904: (move f8-4f f8-3f)
48.942: (move f6-2f f5-2f)
48.967: (move f7-5f f6-5f)
48.967: (move f6-6f f6-5f)
48.990: (move f7-4f f7-3f)
49.032: (move f7-4f f8-4f)
49.055: (move f7-4f f6-4f)
49.060: (move f6-5f f6-4f)
49.062: (move f6-5f f6-6f)
49.097: (move f7-6f f7-7f)
49.101: (move f6-7f f6-8f)
49.109: (pickup-and-loose f8-6f key0-0 key0-2)
49.116: (move f6-5f f6-6f)
49.119: (move f6-6f f7-6f)
49.124: (move f7-2f f7-3f)
49.128: (move f7-5f f7-6f)
49.139: (move f6-5f f6-6f)
49.162: (move f7-6f f6-6f)
49.170: (move f6-6f f5-6f)
49.187: (move f7-6f f8-6f)
49.246: (move f6-6f f6-7f)
49.254: (unlock f6-7f f5-7f key0-2 shape0)
49.259: (putdown f6-6f key0-2)
49.267: (move f6-6f f5-6f)
49.322: (putdown f6-6f key0-2)
49.325: (putdown f8-6f key0-2)
49.331: (move f7-6f f6-6f)
49.332: (move f6-5f f6-6f)
49.339: (move f7-6f f8-6f)
49.344: (unlock f7-5f f8-5f key0-2 shape0)
49.347: (pickup-and-loose f7-4f key3-3 key0-0)
49.373: (unlock f8-6f f8-5f key0-2 shape0)
49.382: (move f7-6f f8-6f)
49.386: (move f8-5f f8-6f)
49.394: (move f7-2f f8-2f)
49.408: (move f7-6f f8-6f)
49.414: (putdown f6-6f key0-2)
49.422: (move f7-2f f8-2f)
49.427: (move f8-6f f8-7f)
49.427: (move f6-6f f5-6f)
49.451: (move f6-5f f6-6f)
49.471: (putdown f6-6f key0-2)
49.500: (move f7-5f f7-6f)
49.533: (move f8-2f f8-3f)
49.534: (move f7-3f f7-4f)
49.534: (move f7-3f f8-3f)
49.573: (move f6-5f f7-5f)
49.574: (move f7-6f f7-7f)
49.595: (move f7-4f f7-5f)
49.600: (move f6-5f f7-5f)
49.614: (move f6-6f f5-6f)
49.619: (move f7-4f f7-5f)
49.637: (move f7-5f f7-6f)
49.642: (move f7-6f f7-5f)
49.657: (move f7-6f f7-7f)
49.658: (move f9-7f f8-7f)
49.668: (move f8-8f f8-7f)
49.710: (move f7-5f f7-6f)
49.721: (move f5-6f f5-5f)
49.745: (unlock f7-5f f8-5f key0-0 shape0)
49.746: (move f6-5f f5-5f)
49.787: (move f7-6f f6-6f)
49.796: (putdown f7-4f key0-0)
49.801: (move f7-6f f7-7f)
49.802: (move f8-8f f8-7f)
49.802: (move f6-6f f7-6f)
49.809: (putdown f7-7f key3-3)
49.873: (move f6-6f f6-7f)
49.885: (move f6-5f f6-6f)
49.889: (move f7-6f f6-6f)
49.894: (unlock f6-7f f5-7f key0-0 shape0)
49.898: (move f7-2f f6-2f)
49.899: (unlock f6-2f f6-3f key2-0 shape2)
49.942: (pickup-and-loose f7-8f key2-2 key0-0)
49.959: (pickup-and-loose f8-8f key2-1 key0-0)
49.962: (pickup-and-loose f8-8f key2-2 key0-0)
49.966: (move f7-6f f7-5f)
49.988: (pickup-and-loose f7-2f key2-1 key2-4)
49.988: (unlock f7-2f f7-1f key2-1 shape2)
49.999: (move f7-4f f7-5f)
50.012: (move f6-5f f7-5f)
50.024: (move f7-2f f7-1f)
50.029: (move f6-6f f6-7f)
50.034: (move f9-7f f9-6f)
50.039: (move f8-2f f8-1f)
50.044: (move f6-6f f6-7f)
50.069: (move f6-6f f6-5f)
50.072: (move f7-5f f6-5f)
50.103: (move f6-5f f5-5f)
50.120: (move f5-4f f5-5f)
50.121: (move f6-2f f6-1f)
50.123: (move f7-4f f7-3f)
50.127: (move f6-6f f6-7f)
50.137: (move f6-5f f5-5f)
50.155: (move f5-4f f5-5f)
50.166: (move f6-6f f6-7f)
50.167: (move f6-5f f5-5f)
50.169: (move f5-2f f5-1f)
50.171: (move f6-1f f5-1f)
50.171: (move f5-4f f5-5f)
50.178: (unlock f7-6f f7-7f key3-3 shape3)
50.183: (move f5-1f f4-1f)
50.207: (move f4-2f f4-1f)
50.213: (unlock f5-6f f5-7f key0-2 shape0)
50.226: (unlock f7-3f f6-3f key2-0 shape2)
50.230: (move f6-6f f6-7f)
50.237: (move f6-6f f6-7f)
50.245: (move f6-5f f6-6f)
50.247: (move f7-6f f6-6f)
50.252: (move f8-8f f7-8f)
50.268: (move f6-5f f5-5f)
50.272: (move f7-2f f7-3f)
50.292: (move f4-2f f3-2f)
50.315: (move f8-4f f8-5f)
50.316: (move f7-5f f8-5f)
50.334: (move f5-2f f5-1f)
50.338: (move f7-5f f8-5f)
50.345: (move f6-6f f5-6f)
50.347: (move f8-4f f8-5f)
50.371: (move f7-5f f6-5f)
50.377: (move f4-4f f3-4f)
50.385: (move f4-4f f3-4f)
50.387: (move f6-6f f6-7f)
50.398: (move f7-5f f8-5f)
50.407: (move f3-4f f4-4f)
50.418: (move f8-4f f8-5f)
50.454: (move f7-5f f6-5f)
50.458: (move f6-5f f5-5f)
50.472: (unlock f8-6f f8-5f key0-0 shape0)
50.488: (move f4-4f f3-4f)
50.490: (move f5-4f f5-5f)
50.504: (move f7-5f f6-5f)
50.509: (move f6-5f f5-5f)
50.511: (move f6-6f f6-7f)
50.517: (move f5-4f f5-5f)
50.533: (move f7-4f f7-5f)
50.560: (move f4-4f f3-4f)
50.563: (move f7-2f f6-2f)
50.629: (move f5-6f f4-6f)
50.631: (move f6-6f f6-7f)
50.653: (move f8-2f f9-2f)
50.662: (move f6-6f f5-6f)
50.662: (move f5-5f f5-6f)
50.671: (move f6-6f f5-6f)
50.674: (move f5-5f f5-6f)
50.682: (move f3-3f f3-4f)
50.687: (unlock f5-6f f5-7f key0-0 shape0)
50.691: (move f6-2f f5-2f)
50.693: (move f8-8f f7-8f)
50.697: (move f4-2f f5-2f)
50.717: (move f7-2f f7-3f)
50.728: (move f8-8f f8-9f)
50.771: (move f6-6f f6-7f)
50.791: (move f3-4f f3-3f)
50.793: (move f5-5f f5-6f)
50.796: (move f6-6f f5-6f)
50.817: (putdown f7-8f key0-0)
50.819: (pickup-and-loose f7-4f key3-3 key0-2)
50.838: (move f5-2f f4-2f)
50.845: (move f5-2f f4-2f)
50.852: (unlock f8-6f f8-5f key0-0 shape0)
50.854: (move f7-5f f6-5f)
50.860: (move f6-4f f6-5f)
50.862: (move f6-6f f5-6f)
46.710: (move f6-6f f7-6f)
46.712: (move f6-6f f7-6f)
46.829: (move f6-6f f7-6f)
46.881: (move f6-6f f7-6f)
46.944: (move f8-6f f8-7f)
47.176: (pickup-and-loose f6-6f key2-1 key0-2)
47.229: (move f7-6f f8-6f)
47.232: (pickup-and-loose f6-6f key2-1 key0-2)
47.294: (move f7-6f f8-6f)
47.294: (pickup-and-loose f6-6f key2-1 key0-2)
47.327: (pickup-and-loose f6-6f key2-1 key0-2)
47.335: (pickup-and-loose f6-6f key2-1 key0-2)
47.459: (pickup-and-loose f6-6f key2-1 key0-0)
47.535: (move f7-6f f7-5f)
47.535: (move f6-5f f7-5f)
47.548: (move f6-5f f7-5f)
47.549: (move f7-6f f7-5f)
47.624: (move f6-5f f7-5f)
47.629: (move f7-6f f7-5f)
47.706: (move f6-5f f6-4f)
47.731: (move f6-5f f6-4f)
47.806: (pickup-and-loose f7-3f key2-4 key0-0)
47.816: (move f6-5f f5-5f)
47.821: (move f7-6f f7-5f)
47.821: (move f6-5f f7-5f)
47.831: (move f7-6f f8-6f)
47.832: (move f5-6f f5-5f)
47.844: (move f5-6f f5-5f)
47.844: (move f5-6f f5-5f)
47.847: (move f6-5f f7-5f)
47.848: (move f6-5f f5-5f)
47.848: (move f6-5f f5-5f)
47.848: (unlock f6-4f f6-3f key2-1 shape2)
47.848: (move f6-5f f6-4f)
47.849: (move f7-6f f7-5f)
47.865: (move f6-5f f6-4f)
47.871: (move f7-4f f7-5f)
47.889: (move f6-5f f5-5f)
47.890: (move f5-6f f5-5f)
47.903: (move f7-6f f8-6f)
47.939: (move f7-6f f8-6f)
47.944: (move f6-6f f6-5f)
47.968: (move f7-6f f8-6f)
48.042: (move f6-7f f6-8f)
48.074: (move f7-4f f8-4f)
48.091: (move f5-5f f5-4f)
48.091: (move f6-4f f5-4f)
48.091: (move f7-6f f7-5f)
48.091: (move f6-5f f7-5f)
48.101: (move f6-6f f6-5f)
48.125: (move f6-5f f5-5f)
48.129: (move f5-6f f5-5f)
48.149: (move f6-6f f6-5f)
48.183: (move f5-2f f5-1f)
48.206: (move f6-6f f6-5f)
48.206: (move f6-1f f5-1f)
48.218: (move f7-4f f6-4f)
48.226: (move f6-5f f6-4f)
48.236: (move f7-4f f7-3f)
48.240: (unlock f7-5f f8-5f key0-2 shape0)
48.319: (move f7-3f f7-4f)
48.410: (move f7-2f f6-2f)
48.414: (unlock f6-2f f6-3f key2-1 shape2)
48.433: (move f6-6f f5-6f)
48.443: (move f5-6f f5-5f)
48.444: (move f6-5f f5-5f)
48.444: (move f6-6f f5-6f)
48.501: (move f7-3f f7-4f)
48.518: (move f6-7f f6-8f)
48.542: (move f9-6f f8-6f)
48.553: (move f8-7f f8-6f)
48.560: (move f6-7f f6-8f)
48.561: (move f6-7f f6-8f)
48.574: (move f6-7f f6-8f)
48.634: (move f6-6f f5-6f)
48.652: (move f6-2f f6-3f)
48.653: (move f7-3f f6-3f)
48.669: (move f7-8f f8-8f)
48.672: (move f6-5f f6-4f)
48.679: (move f8-4f f8-3f)
48.679: (move f7-3f f8-3f)
48.684: (move f6-7f f6-8f)
48.704: (move f6-6f f5-6f)
48.718: (move f4-6f f4-5f)
48.725: (move f5-5f f4-5f)
48.733: (unlock f7-3f f6-3f key2-1 shape2)
48.739: (move f7-2f f7-3f)
48.758: (move f6-5f f6-4f)
48.764: (move f5-2f f4-2f)
48.766: (move f6-7f f6-8f)
48.772: (pickup-and-loose f7-3f key2-4 key0-2)
48.777: (move f7-5f f7-4f)
48.845: (move f5-6f f6-6f)
48.847: (move f6-7f f6-6f)
48.852: (move f5-6f f5-5f)
48.859: (move f6-5f f5-5f)
48.863: (move f6-8f f7-8f)
48.895: (putdown f7-3f key0-0)
48.929: (move f7-4f f6-4f)
48.946: (move f5-2f f5-3f)
48.953: (move f8-7f f8-8f)
49.010: (move f8-6f f7-6f)
49.032: (move f7-3f f7-2f)
49.047: (move f6-2f f5-2f)
49.057: (pickup-and-loose f8-6f key0-0 key0-2)
49.067: (move f8-6f f9-6f)
49.107: (move f6-7f f6-8f)
49.117: (move f6-6f f6-5f)
49.126: (move f7-5f f6-5f)
49.175: (move f5-6f f6-6f)
49.186: (move f6-2f f5-2f)
49.188: (move f6-7f f6-6f)
49.189: (pickup-and-loose f8-6f key0-0 key2-1)
49.190: (pickup-and-loose f8-6f key0-0 key0-2)
49.201: (unlock f6-7f f5-7f key0-2 shape0)
49.203: (move f6-6f f7-6f)
49.206: (move f6-6f f6-7f)
49.206: (unlock f6-7f f5-7f key0-2 shape0)
49.210: (pickup-and-loose f6-4f key0-2 key0-0)
49.211: (move f7-6f f8-6f)
49.213: (move f7-5f f7-6f)
49.219: (move f6-6f f6-7f)
49.220: (move f6-7f f6-8f)
49.227: (move f7-4f f7-3f)
49.227: (move f8-3f f7-3f)
49.228: (unlock f8-6f f8-5f key0-0 shape0)
49.231: (pickup-and-loose f8-6f key0-0 key0-2)
49.259: (move f6-7f f6-8f)
49.262: (move f6-5f f6-6f)
49.263: (pickup-and-loose f8-6f key0-0 key0-2)
49.270: (putdown f8-6f key0-2)
49.278: (move f8-6f f8-7f)
49.279: (move f7-6f f6-6f)
49.282: (move f6-6f f7-6f)
49.283: (move f7-4f f6-4f)
49.296: (move f7-3f f8-3f)
49.301: (move f6-5f f6-4f)
49.302: (move f7-5f f7-6f)
49.312: (move f6-7f f6-8f)
49.321: (move f7-6f f8-6f)
49.322: (unlock f8-6f f8-5f key0-2 shape0)
49.322: (move f8-5f f8-6f)
49.327: (move f6-7f f6-8f)
49.328: (unlock f6-7f f5-7f key0-2 shape0)
49.334: (move f6-6f f7-6f)
49.344: (move f7-5f f7-6f)
49.354: (move f7-6f f7-7f)
49.363: (move f7-1f f8-1f)
49.364: (unlock f8-1f f7-1f key2-1 shape2)
49.375: (move f8-2f f8-1f)
49.388: (move f8-6f f8-7f)
49.390: (move f7-5f f7-6f)
49.401: (putdown f6-6f key0-2)
49.401: (move f6-5f f6-6f)
49.407: (move f8-3f f8-4f)
49.407: (move f6-6f f7-6f)
49.408: (unlock f6-7f f5-7f key0-2 shape0)
49.408: (putdown f8-6f key0-2)
49.412: (move f6-6f f6-7f)
49.413: (move f5-6f f5-5f)
49.415: (move f7-4f f8-4f)
49.420: (move f7-6f f6-6f)
49.424: (putdown f7-7f key3-3)
49.432: (unlock f7-5f f8-5f key0-2 shape0)
49.441: (move f6-8f f5-8f)
49.441: (putdown f6-4f key0-0)
49.448: (putdown f8-6f key2-1)
49.452: (move f7-5f f7-4f)
49.459: (move f6-5f f6-6f)
49.463: (unlock f7-5f f8-5f key0-2 shape0)
49.464: (putdown f6-6f key0-2)
49.466: (move f8-5f f8-6f)
49.468: (move f7-6f f6-6f)
49.470: (unlock f8-6f f8-5f key0-2 shape0)
49.471: (move f5-6f f4-6f)
49.476: (move f7-6f f8-6f)
49.482: (putdown f8-6f key0-2)
49.483: (putdown f8-6f key0-2)
49.484: (move f6-6f f6-7f)
49.490: (move f7-1f f6-1f)
49.490: (unlock f6-1f f7-1f key2-1 shape2)
49.495: (move f6-2f f6-1f)
49.495: (putdown f6-6f key0-2)
49.517: (pickup-and-loose f7-4f key3-3 key0-0)
49.520: (move f7-5f f7-6f)
49.523: (move f8-6f f8-7f)
49.529: (move f8-5f f8-6f)
49.531: (move f7-6f f8-6f)
49.534: (unlock f8-6f f8-5f key0-2 shape0)
49.548: (move f7-2f f8-2f)
49.598: (move f8-6f f8-7f)
49.614: (unlock f7-5f f8-5f key0-0 shape0)
49.630: (move f5-6f f5-5f)
49.631: (move f7-3f f7-2f)
49.650: (putdown f6-6f key0-2)
49.664: (putdown f6-6f key0-0)
49.670: (move f8-2f f8-3f)
49.671: (move f7-3f f8-3f)
49.682: (pickup-and-loose f6-4f key0-2 key2-1)
49.693: (move f8-6f f7-6f)
45.668: (move f7-3f f7-2f)
45.776: (move f7-8f f8-8f)
45.780: (move f8-7f f8-8f)
46.031: (move f7-3f f7-4f)
46.196: (move f7-3f f7-2f)
46.372: (move f8-6f f8-7f)
46.628: (pickup f8-6f key0-0)
46.693: (move f8-6f f8-7f)
46.698: (move f6-6f f7-6f)
46.783: (move f6-6f f7-6f)
46.850: (move f6-6f f7-6f)
46.869: (pickup-and-loose f6-6f key2-1 key0-2)
46.935: (move f6-6f f7-6f)
46.961: (move f8-6f f8-7f)
46.997: (move f8-6f f8-7f)
47.074: (move f6-6f f7-6f)
47.099: (move f8-6f f8-7f)
47.172: (move f8-6f f8-7f)
47.223: (move f6-6f f6-5f)
47.237: (move f7-6f f8-6f)
47.245: (move f7-6f f8-6f)
47.304: (pickup-and-loose f6-6f key2-1 key0-2)
47.369: (move f7-6f f8-6f)
47.419: (pickup-and-loose f6-6f key2-1 key0-2)
47.426: (move f7-6f f8-6f)
47.447: (move f8-8f f9-8f)
47.448: (pickup-and-loose f6-6f key2-1 key0-2)
47.449: (move f7-3f f8-3f)
47.456: (move f7-3f f7-4f)
47.484: (move f6-5f f7-5f)
47.490: (move f6-5f f7-5f)
47.493: (move f7-6f f7-5f)
47.497: (move f7-6f f7-5f)
47.584: (move f6-4f f7-4f)
47.765: (unlock f6-4f f6-3f key2-1 shape2)
47.772: (putdown f8-8f key0-2)
47.772: (move f7-3f f7-4f)
47.779: (unlock f6-4f f6-3f key2-1 shape2)
47.788: (move f5-6f f5-5f)
47.796: (move f6-5f f5-5f)
47.858: (move f5-6f f5-5f)
47.858: (move f6-5f f5-5f)
47.871: (unlock f7-3f f6-3f key2-4 shape2)
47.884: (unlock f6-4f f6-3f key2-1 shape2)
47.911: (move f7-3f f8-3f)
47.914: (move f8-4f f8-3f)
47.973: (pickup-and-loose f7-3f key2-4 key0-0)
47.981: (move f6-7f f6-8f)
47.986: (move f6-7f f6-8f)
47.996: (move f6-5f f7-5f)
48.002: (move f6-5f f5-5f)
48.005: (move f5-6f f5-5f)
48.005: (move f7-6f f7-5f)
48.008: (move f7-3f f8-3f)
48.030: (move f6-5f f7-5f)
48.033: (move f6-5f f5-5f)
48.034: (move f7-6f f7-5f)
48.039: (move f5-6f f5-5f)
48.042: (move f6-4f f7-4f)
48.045: (move f7-5f f7-4f)
48.077: (move f6-4f f5-4f)
48.078: (move f5-5f f5-4f)
48.094: (move f6-4f f7-4f)
48.095: (move f7-5f f7-4f)
48.107: (move f4-2f f4-1f)
48.114: (move f5-1f f4-1f)
48.144: (move f6-4f f5-4f)
48.147: (move f5-5f f5-4f)
48.150: (move f6-6f f6-5f)
48.183: (move f6-7f f6-8f)
48.186: (move f7-5f f6-5f)
48.195: (move f6-1f f5-1f)
48.208: (move f6-4f f6-5f)
48.212: (move f6-4f f7-4f)
48.221: (move f5-2f f5-1f)
48.238: (move f5-5f f5-4f)
48.239: (move f6-4f f5-4f)
48.246: (move f4-2f f3-2f)
48.255: (move f6-7f f6-8f)
48.259: (move f6-6f f6-5f)
48.267: (move f4-5f f4-4f)
48.276: (unlock f6-4f f6-3f key2-1 shape2)
48.281: (move f5-4f f4-4f)
48.282: (move f6-4f f7-4f)
48.284: (move f6-5f f6-4f)
48.284: (move f7-3f f7-2f)
48.284: (move f7-5f f7-4f)
48.287: (move f5-5f f5-4f)
48.292: (move f6-4f f5-4f)
48.295: (move f6-8f f7-8f)
48.298: (unlock f6-4f f6-3f key2-1 shape2)
48.312: (unlock f7-3f f6-3f key2-1 shape2)
48.331: (unlock f6-4f f6-3f key2-1 shape2)
48.353: (move f7-5f f7-6f)
48.354: (move f6-6f f6-5f)
48.358: (move f5-2f f5-1f)
48.379: (putdown f7-2f key0-0)
48.386: (move f6-6f f6-5f)
48.406: (move f8-6f f9-6f)
48.413: (move f6-5f f6-4f)
48.434: (move f6-6f f6-5f)
48.443: (move f6-5f f6-4f)
48.491: (pickup-and-loose f7-3f key2-4 key2-1)
48.530: (move f5-5f f4-5f)
48.576: (move f6-7f f6-8f)
48.577: (move f5-2f f5-3f)
48.578: (move f6-7f f6-8f)
48.582: (unlock f5-3f f6-3f key2-1 shape2)
48.600: (move f6-8f f7-8f)
48.600: (move f6-6f f5-6f)
48.608: (pickup-and-loose f8-6f key0-0 key2-1)
48.616: (move f6-3f f5-3f)
48.646: (move f9-6f f9-7f)
48.647: (move f7-3f f7-4f)
48.673: (move f8-7f f9-7f)
48.683: (move f6-6f f5-6f)
48.686: (move f6-6f f5-6f)
48.692: (move f6-6f f5-6f)
48.695: (move f6-7f f6-8f)
48.704: (move f6-4f f5-4f)
48.707: (move f5-5f f5-4f)
48.720: (move f8-6f f7-6f)
48.743: (move f5-5f f4-5f)
48.750: (move f4-6f f4-5f)
48.766: (move f6-7f f6-8f)
48.767: (pickup-and-loose f8-6f key0-0 key2-1)
48.782: (unlock f7-3f f6-3f key2-4 shape2)
48.784: (move f5-5f f4-5f)
48.786: (move f6-2f f6-3f)
48.788: (move f6-7f f6-6f)
48.788: (move f7-3f f6-3f)
48.791: (unlock f9-6f f9-5f key2-1 shape2)
48.791: (move f8-6f f9-6f)
48.808: (move f8-7f f8-8f)
48.827: (move f5-5f f4-5f)
48.834: (move f6-7f f6-6f)
48.839: (move f5-5f f5-4f)
48.845: (move f6-4f f5-4f)
48.853: (move f7-5f f7-4f)
48.856: (move f6-4f f7-4f)
48.866: (putdown f8-6f key2-1)
48.869: (move f7-6f f6-6f)
48.871: (move f6-8f f5-8f)
48.879: (move f5-5f f4-5f)
48.883: (putdown f7-2f key0-2)
48.907: (move f6-8f f7-8f)
48.909: (move f7-3f f8-3f)
48.915: (move f6-5f f6-4f)
48.918: (move f8-7f f8-8f)
48.926: (move f6-7f f6-6f)
48.927: (move f5-2f f4-2f)
48.929: (move f6-8f f7-8f)
48.933: (move f5-2f f4-2f)
48.947: (move f6-6f f5-6f)
48.967: (move f8-6f f7-6f)
48.979: (move f6-7f f6-6f)
48.995: (move f6-8f f5-8f)
49.023: (move f6-6f f5-6f)
49.027: (move f5-5f f4-5f)
49.030: (move f6-5f f5-5f)
49.037: (move f8-6f f9-6f)
49.041: (putdown f8-6f key2-1)
49.042: (move f6-8f f7-8f)
49.053: (pickup-and-loose f8-6f key0-0 key0-2)
49.056: (move f7-5f f7-4f)
49.056: (move f8-6f f9-6f)
49.077: (unlock f6-4f f6-3f key2-0 shape2)
49.077: (move f8-7f f8-8f)
49.080: (putdown f7-3f key0-0)
49.097: (move f5-2f f5-3f)
49.104: (move f8-6f f7-6f)
49.108: (move f8-7f f8-8f)
49.116: (move f6-6f f7-6f)
49.117: (move f6-8f f7-8f)
49.125: (move f8-6f f9-6f)
49.141: (move f8-6f f9-6f)
49.143: (move f6-6f f7-6f)
49.147: (move f6-8f f5-8f)
49.149: (pickup-and-loose f6-4f key0-2 key2-0)
49.172: (putdown f6-6f key0-2)
49.172: (pickup-and-loose f8-6f key0-0 key0-2)
49.176: (move f8-6f f7-6f)
49.181: (unlock f8-6f f8-5f key0-0 shape0)
49.195: (pickup-and-loose f8-6f key0-0 key2-1)
49.200: (move f7-3f f7-2f)
49.201: (move f8-8f f8-7f)
49.238: (move f8-6f f8-7f)
49.245: (move f6-4f f5-4f)
49.251: (move f5-5f f5-4f)
49.262: (pickup-and-loose f8-6f key0-0 key2-1)
49.267: (pickup-and-loose f8-6f key0-0 key2-1)
49.272: (putdown f8-6f key0-2)
49.278: (move f7-3f f7-2f)
49.292: (move f7-6f f8-6f)
49.299: (move f7-5f f6-5f)
49.316: (move f6-2f f5-2f)
49.326: (pickup-and-loose f8-6f key0-0 key0-2)
49.328: (move f7-6f f6-6f)
49.329: (unlock f8-6f f8-5f key0-2 shape0)
49.333: (unlock f8-6f f8-5f key0-0 shape0)
45.161: (unlock f7-2f f7-1f key2-4 shape2)
45.208: (move f8-7f f8-8f)
45.219: (move f7-8f f8-8f)
45.513: (move f8-6f f7-6f)
45.683: (move f8-7f f8-8f)
45.687: (move f7-8f f8-8f)
45.699: (unlock f7-2f f7-1f key2-4 shape2)
45.758: (move f7-3f f7-2f)
45.790: (move f7-8f f8-8f)
45.802: (move f8-7f f8-8f)
45.812: (move f7-8f f8-8f)
45.825: (move f8-7f f8-8f)
45.854: (move f7-3f f7-2f)
45.895: (move f7-8f f8-8f)
45.899: (move f8-7f f8-8f)
45.978: (move f7-8f f8-8f)
46.002: (move f8-7f f8-8f)
46.075: (move f7-3f f6-3f)
46.189: (move f7-3f f7-4f)
46.338: (unlock f8-6f f8-5f key0-0 shape0)
46.364: (move f8-3f f8-2f)
46.365: (move f7-2f f8-2f)
46.383: (move f7-3f f7-4f)
46.422: (move f7-3f f7-2f)
46.441: (move f7-6f f7-5f)
46.459: (move f7-3f f7-2f)
46.519: (move f8-6f f8-7f)
46.550: (move f7-6f f7-5f)
46.557: (move f6-5f f7-5f)
46.563: (move f7-6f f6-6f)
46.575: (move f6-6f f7-6f)
46.648: (move f8-6f f8-7f)
46.650: (move f8-6f f8-7f)
46.741: (move f6-4f f6-3f)
46.744: (move f7-3f f6-3f)
46.779: (move f7-2f f8-2f)
46.786: (move f8-3f f8-2f)
46.801: (pickup-and-loose f6-6f key2-1 key0-2)
46.852: (pickup-and-loose f6-6f key2-1 key0-2)
46.870: (move f8-6f f8-7f)
46.944: (pickup-and-loose f6-6f key2-1 key0-2)
46.946: (move f8-6f f8-7f)
46.962: (move f7-3f f7-4f)
46.962: (move f6-4f f7-4f)
46.998: (pickup-and-loose f6-6f key2-1 key0-2)
47.036: (move f6-6f f7-6f)
47.099: (pickup f7-4f key3-3)
47.121: (move f8-6f f9-6f)
47.127: (pickup-and-loose f6-6f key2-1 key0-0)
47.139: (move f6-6f f7-6f)
47.187: (move f5-6f f5-5f)
47.189: (move f6-6f f7-6f)
47.193: (move f7-3f f7-4f)
47.194: (move f6-5f f5-5f)
47.277: (move f7-4f f7-5f)
47.310: (move f7-6f f8-6f)
47.342: (pickup-and-loose f6-6f key2-1 key0-2)
47.354: (move f7-6f f8-6f)
47.378: (move f7-6f f8-6f)
47.416: (putdown f8-8f key2-1)
47.440: (move f7-6f f8-6f)
47.451: (move f7-4f f6-4f)
47.497: (move f8-8f f8-7f)
47.497: (move f7-3f f6-3f)
47.504: (move f7-6f f7-5f)
47.504: (move f7-6f f8-6f)
47.507: (move f6-5f f7-5f)
47.542: (move f7-2f f6-2f)
47.556: (move f6-5f f6-4f)
47.595: (move f4-1f f3-1f)
47.597: (move f7-2f f6-2f)
47.600: (move f3-2f f3-1f)
47.641: (move f7-3f f8-3f)
47.653: (move f7-6f f7-5f)
47.654: (unlock f3-2f f2-2f key2-1 shape2)
47.656: (move f6-5f f7-5f)
47.673: (move f7-6f f7-5f)
47.674: (move f6-5f f7-5f)
47.675: (move f7-4f f7-5f)
47.696: (move f8-8f f9-8f)
47.699: (move f9-7f f9-8f)
47.699: (move f7-3f f8-3f)
47.707: (pickup f7-4f key3-3)
47.726: (putdown f8-8f key0-2)
47.754: (move f7-3f f7-4f)
47.763: (unlock f7-2f f7-1f key2-1 shape2)
47.805: (move f7-4f f8-4f)
47.807: (move f8-3f f8-4f)
47.822: (move f6-5f f6-4f)
47.828: (putdown f8-8f key0-0)
47.868: (putdown f8-8f key0-2)
47.885: (move f7-4f f7-3f)
47.887: (move f6-6f f6-5f)
47.897: (move f7-6f f6-6f)
47.905: (move f6-5f f6-6f)
47.906: (move f7-3f f7-4f)
47.920: (putdown f8-8f key0-2)
47.924: (unlock f6-4f f6-3f key2-1 shape2)
47.931: (move f6-6f f5-6f)
47.989: (move f4-4f f3-4f)
47.993: (move f9-6f f8-6f)
48.007: (move f5-6f f5-5f)
48.013: (move f6-5f f5-5f)
48.017: (move f6-5f f5-5f)
48.036: (move f5-6f f5-5f)
48.039: (move f6-5f f5-5f)
48.043: (move f5-6f f5-5f)
48.045: (move f6-5f f5-5f)
48.051: (move f5-6f f5-5f)
48.054: (move f6-5f f5-5f)
48.064: (move f7-6f f7-5f)
48.068: (move f6-5f f7-5f)
48.069: (unlock f7-3f f6-3f key2-4 shape2)
48.084: (move f6-6f f6-5f)
48.086: (move f9-6f f9-7f)
48.094: (move f6-5f f6-4f)
48.095: (move f8-8f f8-9f)
48.102: (move f8-7f f9-7f)
48.104: (unlock f6-4f f6-3f key2-1 shape2)
48.112: (move f7-6f f7-5f)
48.126: (move f6-5f f7-5f)
48.140: (move f7-3f f8-3f)
48.145: (unlock f9-6f f9-5f key2-1 shape2)
48.237: (move f7-4f f7-5f)
48.245: (move f5-1f f4-1f)
48.246: (move f6-6f f6-5f)
48.246: (move f6-4f f6-5f)
48.250: (move f4-2f f4-1f)
48.276: (move f6-4f f7-4f)
48.286: (move f7-3f f8-3f)
48.297: (move f6-6f f6-5f)
48.310: (putdown f7-2f key2-4)
48.313: (move f5-2f f5-1f)
48.321: (move f4-2f f4-1f)
48.323: (move f6-4f f5-4f)
48.331: (move f5-1f f4-1f)
48.345: (move f6-4f f5-4f)
48.357: (move f6-4f f6-5f)
48.379: (move f6-5f f5-5f)
48.382: (move f7-3f f7-2f)
48.394: (move f6-4f f6-5f)
48.394: (move f5-6f f5-5f)
48.397: (move f5-4f f4-4f)
48.399: (move f4-5f f4-4f)
48.403: (move f4-2f f3-2f)
48.403: (move f6-6f f6-7f)
48.405: (move f4-5f f4-4f)
48.407: (move f6-5f f6-4f)
48.422: (move f5-4f f4-4f)
48.426: (move f6-4f f5-4f)
48.431: (move f8-8f f7-8f)
48.432: (move f4-5f f4-4f)
48.434: (move f5-4f f4-4f)
48.439: (unlock f6-4f f6-3f key2-1 shape2)
48.443: (move f7-2f f7-3f)
48.446: (move f6-4f f7-4f)
48.449: (move f7-4f f6-4f)
48.457: (move f4-2f f3-2f)
48.484: (move f6-4f f6-5f)
48.522: (unlock f7-3f f6-3f key2-4 shape2)
48.524: (pickup-and-loose f7-3f key2-4 key2-1)
48.531: (move f6-4f f7-4f)
48.540: (putdown f7-2f key0-0)
48.544: (unlock f9-6f f9-5f key2-1 shape2)
48.544: (move f7-3f f8-3f)
48.545: (move f6-4f f6-5f)
48.549: (move f6-8f f7-8f)
48.549: (move f6-8f f7-8f)
48.563: (move f6-5f f6-4f)
48.574: (move f6-4f f6-3f)
48.575: (move f9-6f f9-7f)
48.577: (move f8-7f f9-7f)
48.610: (move f7-6f f8-6f)
48.637: (move f6-6f f5-6f)
48.690: (move f6-4f f6-5f)
48.692: (move f8-7f f9-7f)
48.692: (move f5-5f f4-5f)
48.695: (move f5-4f f4-4f)
48.696: (move f4-5f f4-4f)
48.697: (move f6-4f f6-3f)
48.702: (pickup-and-loose f8-6f key0-0 key2-1)
48.703: (pickup-and-loose f8-6f key0-0 key2-1)
48.703: (move f9-6f f9-7f)
48.706: (move f5-5f f4-5f)
48.717: (move f7-4f f7-3f)
48.719: (move f9-6f f9-7f)
48.722: (move f8-7f f9-7f)
48.723: (move f5-2f f5-3f)
48.734: (move f5-5f f5-4f)
48.735: (move f6-4f f5-4f)
48.735: (move f6-3f f5-3f)
48.744: (unlock f5-3f f6-3f key2-1 shape2)
48.751: (move f4-1f f4-0f)
48.755: (move f8-6f f9-6f)
48.759: (move f8-7f f8-8f)
48.759: (move f6-8f f7-8f)
48.763: (move f8-6f f9-6f)
48.773: (move f3-2f f3-3f)
48.777: (move f8-6f f8-7f)
48.782: (unlock f8-6f f8-5f key0-0 shape0)
43.205: (move f7-6f f7-5f)
43.686: (move f7-6f f6-6f)
45.255: (unlock f7-2f f7-1f key2-4 shape2)
45.336: (unlock f7-2f f7-1f key2-4 shape2)
45.390: (pickup f7-3f key2-4)
45.618: (move f7-8f f8-8f)
45.621: (move f7-8f f8-8f)
45.628: (move f8-7f f8-8f)
45.628: (move f8-7f f8-8f)
45.700: (move f6-3f f6-2f)
45.703: (move f7-2f f6-2f)
45.706: (unlock f6-2f f6-3f key2-4 shape2)
45.753: (move f8-6f f7-6f)
45.775: (move f8-6f f8-5f)
45.805: (move f8-7f f8-8f)
45.825: (move f7-8f f8-8f)
45.881: (move f8-7f f8-8f)
45.909: (unlock f7-2f f7-1f key2-4 shape2)
45.918: (unlock f7-2f f7-1f key2-4 shape2)
45.954: (move f7-3f f7-2f)
46.095: (move f7-5f f7-4f)
46.124: (move f8-7f f8-8f)
46.263: (move f7-3f f6-3f)
46.319: (pickup-and-loose f6-6f key2-1 key2-0)
46.368: (move f7-2f f8-2f)
46.510: (move f7-3f f7-2f)
46.524: (move f6-6f f7-6f)
46.531: (move f6-6f f7-6f)
46.533: (move f7-2f f8-2f)
46.538: (move f8-3f f8-2f)
46.556: (move f7-3f f7-4f)
46.632: (move f7-2f f8-2f)
46.635: (move f8-3f f8-2f)
46.647: (move f6-6f f7-6f)
46.702: (move f6-6f f7-6f)
46.730: (move f8-6f f8-7f)
46.736: (move f6-5f f6-6f)
46.754: (move f6-5f f6-6f)
46.755: (move f7-5f f7-4f)
46.756: (move f6-6f f7-6f)
46.761: (move f6-4f f7-4f)
46.802: (move f7-2f f8-2f)
46.815: (move f8-6f f8-7f)
46.816: (move f8-8f f8-7f)
46.820: (move f9-6f f9-7f)
46.826: (move f8-7f f9-7f)
46.835: (putdown f8-8f key2-1)
46.907: (move f7-2f f7-3f)
46.907: (move f8-6f f8-7f)
46.920: (move f8-6f f8-7f)
46.930: (move f7-2f f7-1f)
46.940: (move f8-6f f8-7f)
46.996: (move f6-5f f6-6f)
47.028: (unlock f6-4f f6-3f key2-1 shape2)
47.038: (move f7-2f f8-2f)
47.043: (move f7-2f f8-2f)
47.045: (move f6-6f f7-6f)
47.057: (move f8-6f f8-7f)
47.062: (move f8-3f f8-2f)
47.106: (move f7-6f f8-6f)
47.116: (move f9-7f f9-8f)
47.123: (move f7-2f f6-2f)
47.125: (move f8-8f f9-8f)
47.129: (unlock f6-2f f6-3f key2-4 shape2)
47.130: (move f6-3f f6-2f)
47.159: (move f7-3f f7-4f)
47.217: (move f8-6f f8-7f)
47.229: (move f7-3f f6-3f)
47.241: (pickup-and-loose f8-6f key2-1 key0-0)
47.258: (pickup f7-4f key3-3)
47.281: (move f8-6f f9-6f)
47.287: (move f6-5f f7-5f)
47.290: (move f7-6f f7-5f)
47.299: (move f7-5f f7-6f)
47.303: (move f7-6f f8-6f)
47.333: (putdown f8-8f key2-1)
47.335: (move f9-6f f8-6f)
47.342: (move f6-5f f6-6f)
47.355: (move f7-2f f7-1f)
47.373: (move f5-6f f5-5f)
47.377: (move f6-5f f5-5f)
47.400: (move f7-4f f7-5f)
47.421: (move f7-4f f6-4f)
47.424: (move f6-3f f6-4f)
47.424: (move f7-6f f8-6f)
47.425: (move f7-4f f8-4f)
47.428: (move f8-3f f8-4f)
47.439: (putdown f8-8f key2-1)
47.440: (unlock f6-4f f6-3f key2-4 shape2)
47.442: (move f9-6f f8-6f)
47.462: (move f8-8f f8-7f)
47.468: (putdown f8-8f key2-1)
47.493: (move f7-6f f8-6f)
47.501: (pickup f7-8f key2-2)
47.505: (putdown f8-8f key2-1)
47.507: (move f7-4f f7-5f)
47.519: (move f7-3f f7-4f)
47.523: (move f8-8f f8-9f)
47.529: (move f7-2f f6-2f)
47.542: (move f8-7f f8-6f)
47.572: (move f8-8f f8-7f)
47.573: (move f9-7f f9-8f)
47.582: (move f7-2f f6-2f)
47.586: (move f3-2f f3-1f)
47.589: (move f8-8f f9-8f)
47.600: (move f8-8f f8-7f)
47.604: (putdown f8-8f key2-1)
47.614: (move f6-3f f5-3f)
47.620: (move f7-4f f6-4f)
47.629: (move f6-2f f5-2f)
47.642: (move f6-5f f7-5f)
47.642: (move f7-6f f7-5f)
47.666: (move f8-8f f8-7f)
47.675: (move f7-6f f7-5f)
47.685: (move f6-5f f7-5f)
47.686: (move f4-1f f3-1f)
47.687: (move f3-2f f3-1f)
47.699: (move f9-7f f9-8f)
47.707: (move f9-7f f9-8f)
47.711: (move f4-1f f3-1f)
47.715: (move f8-8f f9-8f)
47.717: (move f3-2f f3-1f)
47.746: (move f8-8f f9-8f)
47.755: (move f7-2f f8-2f)
47.760: (move f7-6f f7-5f)
47.765: (move f8-3f f8-2f)
47.769: (move f7-2f f6-2f)
47.770: (move f6-5f f7-5f)
47.772: (putdown f8-8f key0-0)
47.825: (unlock f3-2f f2-2f key2-1 shape2)
47.835: (move f6-6f f6-5f)
47.849: (move f8-8f f9-8f)
47.860: (move f6-4f f6-5f)
47.863: (move f7-4f f7-3f)
47.865: (move f7-5f f6-5f)
47.870: (unlock f7-3f f6-3f key2-1 shape2)
47.874: (unlock f6-4f f6-3f key2-1 shape2)
47.882: (move f7-3f f8-3f)
47.883: (move f6-3f f7-3f)
47.884: (move f6-6f f5-6f)
47.885: (move f7-2f f7-3f)
47.886: (move f8-8f f7-8f)
47.889: (unlock f7-2f f7-1f key2-1 shape2)
47.889: (unlock f3-2f f2-2f key2-1 shape2)
47.895: (move f6-6f f5-6f)
47.903: (unlock f6-4f f6-3f key2-4 shape2)
47.920: (move f8-8f f9-8f)
47.921: (move f3-2f f2-2f)
47.921: (move f7-8f f6-8f)
47.922: (move f7-4f f6-4f)
47.928: (move f6-3f f6-4f)
47.952: (putdown f7-2f key2-4)
47.953: (move f6-3f f5-3f)
47.962: (move f6-5f f7-5f)
47.964: (move f6-5f f5-5f)
47.969: (move f7-4f f7-5f)
47.982: (move f8-8f f8-9f)
47.997: (move f5-6f f5-5f)
48.000: (move f8-7f f8-8f)
48.001: (move f6-6f f6-5f)
48.004: (move f6-5f f7-5f)
48.004: (move f6-6f f6-5f)
48.007: (move f6-4f f5-4f)
48.015: (move f6-7f f6-8f)
48.016: (move f7-4f f7-5f)
48.029: (pickup-and-loose f9-6f key1-0 key0-0)
48.042: (move f6-6f f6-5f)
48.046: (move f4-4f f3-4f)
48.059: (move f4-4f f3-4f)
48.079: (move f7-4f f7-5f)
48.083: (move f7-4f f7-5f)
48.086: (putdown f7-6f key0-0)
48.088: (move f6-5f f7-5f)
48.088: (move f6-6f f5-6f)
48.090: (move f6-4f f6-5f)
48.106: (move f6-6f f6-5f)
48.114: (move f8-8f f8-9f)
48.137: (move f6-3f f6-2f)
48.143: (move f4-4f f3-4f)
48.145: (move f8-8f f8-9f)
48.149: (move f8-8f f9-8f)
48.158: (move f6-6f f5-6f)
48.170: (move f6-6f f6-7f)
48.176: (move f6-5f f6-6f)
48.185: (move f6-5f f5-5f)
48.198: (move f6-5f f7-5f)
48.200: (move f8-3f f8-4f)
48.206: (move f7-4f f8-4f)
48.225: (move f6-3f f6-2f)
48.228: (move f6-5f f5-5f)
48.234: (move f7-2f f6-2f)
48.254: (unlock f6-4f f6-3f key2-1 shape2)
48.255: (move f8-8f f8-9f)
48.262: (move f6-5f f6-6f)
48.268: (move f5-4f f5-5f)
48.269: (move f6-4f f6-5f)
48.270: (move f7-5f f8-5f)
48.271: (move f8-6f f8-5f)
48.273: (move f4-4f f3-4f)
48.276: (move f6-5f f5-5f)
41.573: (move f7-5f f7-4f)
42.941: (move f8-5f f7-5f)
42.942: (move f7-6f f7-5f)
42.942: (unlock f7-5f f8-5f key0-0 shape0)
43.029: (move f8-5f f8-4f)
43.880: (move f7-6f f6-6f)
44.134: (move f6-6f f6-5f)
44.134: (move f7-5f f6-5f)
44.166: (pickup f7-3f key0-0)
44.945: (move f7-3f f7-4f)
45.040: (unlock f7-3f f6-3f key2-4 shape2)
45.210: (pickup f8-6f key0-0)
45.421: (move f7-3f f7-2f)
45.437: (unlock f7-2f f7-1f key2-4 shape2)
45.473: (pickup f7-4f key3-3)
45.636: (move f6-6f f5-6f)
45.638: (move f7-3f f7-4f)
45.667: (unlock f6-2f f6-3f key2-4 shape2)
45.680: (move f7-2f f6-2f)
45.743: (move f8-7f f8-8f)
45.813: (move f6-7f f6-8f)
45.845: (move f7-8f f8-8f)
45.847: (move f8-7f f8-8f)
45.857: (move f8-7f f8-8f)
45.866: (move f6-3f f6-2f)
45.866: (unlock f6-2f f6-3f key2-4 shape2)
45.870: (move f7-2f f6-2f)
45.961: (move f7-3f f8-3f)
45.994: (unlock f7-2f f7-1f key2-4 shape2)
46.012: (move f8-7f f8-8f)
46.044: (move f8-7f f8-8f)
46.044: (move f7-6f f7-5f)
46.179: (move f7-3f f7-4f)
46.222: (pickup f7-8f key2-2)
46.225: (move f8-7f f8-8f)
46.226: (move f8-8f f8-7f)
46.305: (pickup-and-loose f8-8f key2-1 key0-0)
46.327: (move f8-7f f8-8f)
46.339: (move f6-6f f6-5f)
46.348: (pickup-and-loose f6-6f key2-1 key0-2)
46.361: (move f6-6f f7-6f)
46.491: (move f6-6f f6-7f)
46.520: (pickup-and-loose f6-6f key2-1 key2-0)
46.535: (move f7-2f f8-2f)
46.577: (pickup f7-4f key3-3)
46.585: (move f8-8f f8-7f)
46.610: (move f8-6f f8-7f)
46.619: (move f8-6f f8-7f)
46.634: (move f8-6f f8-7f)
46.652: (move f7-2f f8-2f)
46.738: (putdown f7-5f key0-0)
46.801: (move f7-2f f8-2f)
46.803: (move f8-3f f8-2f)
46.828: (move f8-8f f8-7f)
46.859: (move f8-8f f8-7f)
46.885: (move f8-8f f8-7f)
46.886: (move f7-2f f7-3f)
46.887: (move f6-4f f6-3f)
46.906: (move f8-6f f8-7f)
46.958: (move f8-6f f7-6f)
46.968: (putdown f8-8f key0-0)
46.968: (move f8-6f f8-7f)
46.979: (move f8-8f f8-7f)
46.993: (move f9-6f f9-7f)
47.000: (move f8-7f f9-7f)
47.045: (move f7-6f f8-6f)
47.055: (move f7-6f f6-6f)
47.056: (move f7-6f f8-6f)
47.057: (move f6-4f f7-4f)
47.069: (move f7-2f f8-2f)
47.088: (move f7-2f f6-2f)
47.088: (move f6-3f f6-2f)
47.098: (move f7-2f f7-1f)
47.105: (unlock f6-2f f6-3f key2-4 shape2)
47.110: (move f7-2f f6-2f)
47.110: (move f7-2f f8-2f)
47.116: (move f8-6f f8-7f)
47.121: (move f9-7f f9-8f)
47.126: (move f8-8f f9-8f)
47.180: (move f7-2f f7-1f)
47.181: (move f7-6f f8-6f)
47.182: (move f7-6f f6-6f)
47.187: (move f6-5f f6-6f)
47.192: (move f8-6f f8-7f)
47.213: (move f8-8f f7-8f)
47.244: (move f7-6f f8-6f)
47.254: (move f8-8f f8-9f)
47.260: (move f6-5f f6-6f)
47.281: (move f6-5f f6-6f)
47.282: (putdown f8-8f key2-1)
47.283: (putdown f8-8f key2-1)
47.285: (move f5-6f f5-5f)
47.286: (move f6-5f f5-5f)
47.288: (move f7-6f f7-5f)
47.299: (move f7-6f f8-6f)
47.313: (move f7-6f f8-6f)
47.315: (move f8-8f f7-8f)
47.317: (move f7-6f f8-6f)
47.353: (move f6-5f f5-5f)
47.362: (putdown f6-6f key0-0)
47.370: (move f5-6f f5-5f)
47.389: (move f6-5f f7-5f)
47.395: (move f6-4f f6-5f)
47.404: (move f7-6f f7-5f)
47.407: (move f7-6f f7-5f)
47.408: (move f6-5f f7-5f)
47.425: (putdown f8-8f key2-1)
47.480: (move f8-7f f8-6f)
47.486: (move f8-6f f7-6f)
47.496: (move f7-5f f7-6f)
47.496: (putdown f8-8f key2-1)
47.517: (move f8-8f f8-7f)
47.524: (move f6-5f f5-5f)
47.525: (move f8-7f f8-6f)
47.529: (move f5-6f f5-5f)
47.540: (move f8-8f f9-8f)
47.542: (move f8-8f f9-8f)
47.547: (move f6-5f f5-5f)
47.550: (move f5-6f f5-5f)
47.568: (move f8-2f f8-3f)
47.570: (move f8-7f f8-6f)
47.570: (move f8-8f f9-8f)
47.574: (move f8-7f f8-6f)
47.580: (unlock f6-4f f6-3f key2-4 shape2)
47.583: (move f5-4f f5-5f)
47.584: (move f8-8f f7-8f)
47.590: (move f7-3f f8-3f)
47.590: (move f6-3f f6-4f)
47.590: (move f7-4f f6-4f)
47.591: (move f6-5f f5-5f)
47.596: (move f7-2f f7-1f)
47.610: (move f8-7f f8-6f)
47.625: (move f3-2f f3-1f)
47.662: (move f3-2f f3-1f)
47.665: (move f6-5f f7-5f)
47.679: (move f6-2f f5-2f)
47.681: (move f8-2f f8-3f)
47.682: (move f7-3f f8-3f)
47.727: (move f7-4f f6-4f)
47.730: (move f7-2f f7-1f)
47.749: (move f8-8f f9-8f)
47.755: (move f7-2f f6-2f)
47.756: (move f2-2f f2-1f)
47.765: (move f3-1f f2-1f)
47.774: (move f6-3f f5-3f)
47.778: (move f7-2f f8-2f)
47.794: (pickup-and-loose f8-5f key1-3 key0-0)
47.803: (move f7-4f f7-5f)
47.804: (move f6-2f f5-2f)
47.807: (move f8-3f f8-4f)
47.823: (move f8-8f f9-8f)
47.828: (move f7-4f f8-4f)
47.840: (move f5-3f f5-2f)
47.851: (move f6-5f f7-5f)
47.853: (move f7-6f f7-5f)
47.853: (move f6-5f f5-5f)
47.858: (move f6-2f f5-2f)
47.887: (unlock f7-5f f8-5f key0-2 shape0)
47.910: (move f8-8f f7-8f)
47.912: (move f7-6f f7-5f)
47.916: (move f6-5f f7-5f)
47.919: (move f5-2f f5-1f)
47.934: (move f8-8f f8-9f)
47.936: (move f8-8f f8-9f)
47.938: (move f8-8f f7-8f)
47.941: (unlock f7-3f f6-3f key2-4 shape2)
47.942: (move f7-6f f7-5f)
47.947: (move f6-5f f7-5f)
47.952: (move f6-6f f5-6f)
47.952: (move f7-2f f7-3f)
47.953: (move f7-4f f7-3f)
47.962: (move f8-8f f7-8f)
47.995: (move f7-5f f6-5f)
48.000: (move f6-4f f6-5f)
48.001: (move f6-5f f5-5f)
48.020: (move f7-4f f7-3f)
48.025: (move f7-1f f6-1f)
48.026: (move f7-2f f8-2f)
48.033: (move f8-8f f9-8f)
48.036: (putdown f7-2f key2-4)
48.039: (move f6-2f f6-1f)
48.067: (move f8-6f f7-6f)
48.068: (move f8-8f f7-8f)
48.068: (move f7-2f f7-3f)
48.075: (move f3-2f f2-2f)
48.099: (move f6-6f f7-6f)
48.101: (move f6-4f f6-5f)
48.104: (move f7-5f f7-6f)
48.108: (pickup-and-loose f9-6f key1-0 key0-0)
48.110: (putdown f7-2f key2-4)
48.117: (move f7-1f f8-1f)
48.118: (move f8-6f f8-5f)
48.119: (move f8-2f f8-1f)
48.121: (move f7-5f f6-5f)
48.137: (move f6-4f f5-4f)
48.143: (move f8-2f f8-3f)
48.146: (move f8-6f f7-6f)
48.153: (move f8-8f f9-8f)
48.153: (move f8-8f f8-9f)
48.155: (move f6-5f f7-5f)
41.768: (move f8-4f f7-4f)
41.768: (move f7-5f f7-4f)
42.618: (move f7-4f f6-4f)
42.618: (move f6-5f f6-4f)
42.912: (move f7-4f f7-3f)
43.287: (move f7-3f f7-4f)
43.329: (move f8-4f f8-3f)
43.360: (move f7-4f f8-4f)
43.473: (pickup-and-loose f7-4f key3-3 key0-0)
43.626: (move f7-8f f8-8f)
43.941: (putdown f7-4f key0-0)
43.949: (move f7-5f f7-4f)
44.142: (move f5-6f f5-5f)
44.144: (move f6-5f f5-5f)
44.237: (pickup f7-3f key0-0)
44.332: (move f7-5f f6-5f)
44.332: (move f6-6f f6-5f)
44.617: (pickup f7-3f key2-4)
44.654: (move f7-3f f8-3f)
44.759: (move f7-5f f7-4f)
44.791: (move f7-3f f6-3f)
44.851: (unlock f8-6f f8-5f key0-0 shape0)
44.969: (unlock f5-6f f5-7f key0-0 shape0)
45.084: (pickup f6-4f key0-2)
45.152: (unlock f7-2f f7-1f key2-4 shape2)
45.170: (pickup f8-6f key0-0)
45.217: (pickup f8-6f key0-0)
45.219: (pickup f8-6f key0-0)
45.235: (pickup-and-loose f7-2f key0-0 key2-4)
45.239: (move f7-3f f7-2f)
45.260: (move f7-3f f7-4f)
45.263: (pickup f8-6f key0-0)
45.294: (pickup f7-4f key3-3)
45.466: (move f8-7f f8-8f)
45.467: (move f8-6f f7-6f)
45.486: (pickup f8-6f key0-2)
45.495: (move f7-4f f6-4f)
45.509: (unlock f6-7f f5-7f key0-0 shape0)
45.534: (move f8-7f f8-8f)
45.549: (move f8-5f f7-5f)
45.604: (move f8-7f f8-8f)
45.605: (move f7-3f f7-2f)
45.642: (pickup f7-8f key2-2)
45.651: (move f8-5f f8-4f)
45.687: (move f8-3f f8-2f)
45.689: (move f7-2f f8-2f)
45.735: (pickup f7-8f key2-2)
45.736: (move f7-3f f7-4f)
45.755: (move f8-6f f8-7f)
45.796: (move f6-8f f5-8f)
45.843: (unlock f6-2f f6-3f key2-4 shape2)
45.848: (move f7-2f f6-2f)
45.850: (move f6-6f f5-6f)
45.882: (move f7-4f f7-5f)
45.955: (move f8-7f f8-8f)
45.977: (move f8-7f f8-8f)
46.064: (move f7-4f f7-5f)
46.137: (move f8-7f f8-8f)
46.166: (move f7-2f f6-2f)
46.169: (move f6-5f f5-5f)
46.179: (move f6-5f f7-5f)
46.180: (move f7-6f f7-5f)
46.197: (move f6-2f f6-3f)
46.199: (move f5-6f f5-5f)
46.203: (move f7-3f f8-3f)
46.204: (move f7-3f f6-3f)
46.209: (move f8-7f f8-8f)
46.243: (pickup f7-8f key2-2)
46.277: (pickup f7-8f key2-2)
46.289: (move f8-3f f8-4f)
46.289: (move f7-4f f8-4f)
46.322: (move f7-3f f7-4f)
46.341: (move f6-6f f7-6f)
46.349: (move f6-6f f6-5f)
46.363: (pickup f7-8f key2-2)
46.404: (move f7-4f f7-5f)
46.451: (pickup-and-loose f8-8f key2-1 key0-0)
46.456: (pickup f7-8f key2-2)
46.511: (move f6-6f f7-6f)
46.531: (move f7-3f f7-4f)
46.532: (move f8-8f f8-7f)
46.533: (move f8-8f f8-7f)
46.551: (move f8-6f f8-7f)
46.558: (move f8-3f f8-4f)
46.560: (move f8-6f f8-7f)
46.561: (move f6-6f f6-5f)
46.562: (move f7-4f f8-4f)
46.598: (move f8-8f f8-7f)
46.617: (move f7-4f f6-4f)
46.654: (move f8-8f f8-7f)
46.703: (move f8-6f f8-7f)
46.705: (move f6-6f f6-7f)
46.728: (move f8-8f f8-7f)
46.731: (move f6-7f f6-8f)
46.741: (putdown f7-5f key0-0)
46.745: (move f8-6f f8-7f)
46.747: (move f7-8f f6-8f)
46.747: (move f7-5f f6-5f)
46.762: (move f7-4f f7-5f)
46.810: (move f8-6f f8-7f)
46.820: (move f7-2f f8-2f)
46.858: (move f7-5f f7-6f)
46.859: (move f6-6f f7-6f)
46.865: (putdown f8-4f key0-0)
46.873: (move f7-5f f7-6f)
46.874: (putdown f6-5f key0-0)
46.896: (move f8-6f f8-7f)
46.902: (move f6-6f f6-5f)
46.926: (move f6-6f f7-6f)
46.955: (move f7-2f f7-3f)
46.959: (move f6-5f f6-4f)
46.967: (move f8-8f f8-7f)
46.972: (move f7-6f f6-6f)
47.016: (move f8-7f f8-6f)
47.021: (move f8-7f f8-6f)
47.029: (move f7-2f f6-2f)
47.031: (move f7-2f f7-3f)
47.031: (move f7-4f f6-4f)
47.074: (move f6-6f f6-5f)
47.079: (move f7-5f f6-5f)
47.087: (move f7-2f f6-2f)
47.135: (move f8-8f f9-8f)
47.146: (move f5-6f f4-6f)
47.159: (move f9-8f f9-9f)
47.164: (move f8-9f f9-9f)
47.179: (pickup-and-loose f6-6f key2-1 key2-4)
47.188: (move f7-6f f8-6f)
47.194: (putdown f6-7f key0-0)
47.202: (pickup-and-loose f9-8f key2-2 key0-0)
47.214: (move f8-5f f7-5f)
47.214: (move f7-6f f7-5f)
47.227: (move f7-3f f8-3f)
47.244: (move f7-2f f8-2f)
47.258: (move f8-4f f9-4f)
47.313: (move f9-7f f9-8f)
47.314: (move f7-6f f6-6f)
47.322: (move f8-8f f9-8f)
47.323: (putdown f8-8f key2-2)
47.331: (move f7-4f f7-3f)
47.339: (move f7-6f f6-6f)
47.351: (move f7-2f f7-1f)
47.369: (move f7-2f f8-2f)
47.371: (move f7-6f f6-6f)
47.372: (move f8-5f f8-4f)
47.373: (putdown f8-8f key2-1)
47.391: (move f8-6f f8-7f)
47.393: (move f7-6f f6-6f)
47.403: (move f7-8f f6-8f)
47.408: (move f7-6f f8-6f)
47.416: (move f8-6f f9-6f)
47.424: (move f8-8f f7-8f)
47.428: (move f6-5f f6-6f)
47.432: (move f8-6f f7-6f)
47.439: (move f7-6f f8-6f)
47.445: (putdown f7-8f key0-0)
47.447: (move f8-8f f8-9f)
47.453: (putdown f8-8f key2-1)
47.471: (putdown f8-8f key2-1)
47.497: (putdown f7-2f key2-4)
47.506: (move f8-6f f7-6f)
47.507: (move f8-6f f7-6f)
47.518: (move f8-7f f8-6f)
47.526: (move f8-8f f7-8f)
47.528: (move f7-4f f6-4f)
47.530: (putdown f6-6f key0-0)
47.531: (move f7-3f f7-2f)
47.536: (move f8-8f f7-8f)
47.562: (move f8-6f f7-6f)
47.567: (putdown f8-8f key2-1)
47.568: (move f7-8f f6-8f)
47.599: (move f6-5f f5-5f)
47.608: (pickup-and-loose f8-8f key0-2 key2-2)
47.622: (move f8-7f f8-6f)
47.628: (move f6-2f f6-3f)
47.630: (putdown f8-8f key2-1)
47.637: (move f7-3f f8-3f)
47.656: (move f8-8f f7-8f)
47.675: (move f8-8f f8-7f)
47.682: (move f8-7f f8-6f)
47.690: (move f6-5f f6-6f)
47.690: (move f6-5f f6-6f)
47.692: (move f8-7f f8-6f)
47.702: (move f8-8f f9-8f)
47.735: (move f8-8f f7-8f)
47.736: (move f8-7f f8-6f)
47.755: (move f7-3f f8-3f)
47.756: (move f7-3f f8-3f)
47.762: (move f8-2f f8-3f)
47.764: (move f8-2f f8-3f)
47.785: (move f8-8f f9-8f)
47.797: (move f5-4f f5-5f)
47.799: (move f6-5f f5-5f)
47.801: (move f8-8f f9-8f)
47.814: (move f7-4f f7-5f)
47.827: (move f8-2f f8-3f)
47.851: (move f7-4f f7-3f)
47.856: (move f7-2f f7-1f)
47.857: (putdown f8-8f key2-1)
47.857: (move f7-3f f8-3f)
47.860: (move f6-2f f5-2f)
41.247: (pickup f6-6f key2-1)
41.688: (pickup-and-loose f7-3f key2-4 key0-0)
42.603: (move f7-4f f6-4f)
42.813: (move f6-5f f6-4f)
42.815: (move f7-4f f6-4f)
42.840: (pickup-and-loose f6-4f key0-2 key0-0)
42.992: (move f6-4f f7-4f)
43.047: (move f7-8f f8-8f)
43.081: (putdown f7-3f key0-0)
43.100: (move f8-4f f8-3f)
43.100: (move f7-3f f8-3f)
43.114: (move f7-4f f7-3f)
43.115: (move f8-3f f7-3f)
43.328: (move f7-3f f7-2f)
43.371: (move f7-3f f7-4f)
43.405: (move f6-7f f6-6f)
43.410: (move f5-6f f6-6f)
43.483: (pickup f7-4f key3-3)
43.532: (move f7-8f f8-8f)
43.552: (move f7-6f f6-6f)
43.565: (move f7-3f f7-2f)
43.596: (putdown f6-4f key0-0)
43.642: (move f8-8f f9-8f)
43.645: (move f7-8f f8-8f)
43.656: (pickup-and-loose f7-4f key3-3 key0-0)
43.670: (move f7-8f f8-8f)
43.721: (move f5-6f f5-5f)
43.723: (pickup f7-3f key0-0)
43.780: (move f7-8f f8-8f)
43.813: (move f7-4f f7-5f)
43.853: (move f7-8f f8-8f)
43.891: (move f8-6f f8-7f)
43.945: (pickup f6-4f key0-2)
44.001: (move f7-4f f8-4f)
44.005: (move f8-3f f8-4f)
44.125: (putdown f7-4f key0-0)
44.156: (move f7-3f f7-4f)
44.194: (move f7-5f f7-4f)
44.254: (pickup f8-6f key0-0)
44.264: (move f5-5f f5-4f)
44.268: (move f6-4f f5-4f)
44.286: (pickup f7-4f key3-3)
44.342: (move f5-6f f5-5f)
44.354: (move f6-5f f5-5f)
44.356: (unlock f7-3f f6-3f key2-4 shape2)
44.369: (move f7-5f f7-4f)
44.370: (move f8-4f f7-4f)
44.372: (move f8-3f f8-2f)
44.405: (move f8-4f f7-4f)
44.428: (move f8-3f f8-2f)
44.428: (move f7-2f f8-2f)
44.448: (move f8-8f f8-7f)
44.464: (pickup f7-3f key0-0)
44.479: (pickup-and-loose f7-3f key2-4 key3-3)
44.527: (move f7-4f f7-5f)
44.627: (pickup f8-6f key0-0)
44.694: (move f7-4f f8-4f)
44.722: (move f7-3f f8-3f)
44.725: (pickup-and-loose f6-4f key0-2 key3-3)
44.803: (move f6-3f f6-2f)
44.808: (move f7-2f f6-2f)
44.809: (unlock f8-6f f8-5f key0-0 shape0)
44.811: (unlock f6-2f f6-3f key2-4 shape2)
44.830: (pickup-and-loose f8-8f key2-1 key2-2)
44.842: (move f7-3f f7-2f)
44.845: (pickup-and-loose f7-2f key0-0 key2-4)
44.848: (unlock f8-6f f8-5f key0-0 shape0)
44.862: (putdown f8-3f key0-0)
44.898: (unlock f8-6f f8-5f key0-0 shape0)
44.904: (unlock f8-6f f8-5f key0-0 shape0)
44.921: (move f7-4f f7-5f)
45.043: (move f6-4f f6-5f)
45.100: (move f8-6f f7-6f)
45.111: (move f7-4f f8-4f)
45.118: (unlock f8-6f f8-5f key0-2 shape0)
45.184: (unlock f5-6f f5-7f key0-0 shape0)
45.210: (pickup f8-6f key0-0)
45.217: (pickup-and-loose f7-3f key2-4 key3-3)
45.225: (move f7-4f f6-4f)
45.237: (move f4-6f f4-5f)
45.245: (move f5-5f f4-5f)
45.270: (pickup f8-6f key0-0)
45.273: (move f6-8f f5-8f)
45.284: (pickup f8-6f key0-0)
45.343: (unlock f7-2f f7-1f key2-4 shape2)
45.394: (pickup f8-6f key0-0)
45.397: (pickup f7-4f key3-3)
45.405: (pickup-and-loose f7-2f key0-0 key2-4)
45.405: (move f8-6f f7-6f)
45.422: (move f6-2f f5-2f)
45.431: (pickup f8-6f key0-2)
45.440: (move f7-4f f6-4f)
45.443: (move f6-3f f6-4f)
45.444: (unlock f6-4f f6-3f key2-4 shape2)
45.458: (move f8-6f f7-6f)
45.478: (move f7-2f f7-3f)
45.503: (move f8-6f f7-6f)
45.545: (move f7-5f f6-5f)
45.546: (move f8-7f f8-8f)
45.546: (move f6-4f f6-5f)
45.550: (move f7-4f f7-3f)
45.555: (move f8-7f f8-8f)
45.614: (move f6-4f f5-4f)
45.618: (move f7-4f f6-4f)
45.642: (pickup f6-2f key1-4)
45.685: (pickup f7-8f key2-2)
45.687: (pickup f7-8f key2-2)
45.690: (move f6-4f f5-4f)
45.692: (move f8-7f f8-8f)
45.699: (move f7-3f f8-3f)
45.715: (move f8-6f f7-6f)
45.722: (move f8-7f f8-8f)
45.723: (move f8-6f f8-7f)
45.731: (move f8-6f f7-6f)
45.736: (unlock f6-7f f5-7f key0-0 shape0)
45.742: (pickup-and-loose f7-4f key3-3 key0-0)
45.754: (move f8-7f f8-8f)
45.761: (move f7-2f f8-2f)
45.762: (move f6-7f f6-6f)
45.781: (move f6-8f f6-9f)
45.786: (move f8-7f f8-8f)
45.819: (move f7-2f f6-2f)
45.830: (move f7-6f f7-5f)
45.846: (move f8-6f f8-7f)
45.878: (pickup f7-8f key2-2)
45.880: (move f7-2f f8-2f)
45.884: (move f8-3f f8-2f)
45.896: (move f7-3f f7-4f)
45.899: (move f6-5f f7-5f)
45.920: (move f8-6f f8-7f)
45.920: (move f7-4f f6-4f)
45.934: (pickup f7-8f key2-2)
45.941: (move f6-3f f5-3f)
45.975: (move f7-3f f6-3f)
45.976: (move f6-2f f6-3f)
45.980: (move f8-7f f8-8f)
45.982: (move f7-4f f7-5f)
45.987: (move f7-4f f7-3f)
45.992: (move f8-6f f8-7f)
46.004: (move f8-4f f8-3f)
46.004: (move f8-6f f8-7f)
46.048: (move f7-3f f7-4f)
46.089: (putdown f7-5f key3-3)
46.103: (putdown f7-5f key1-3)
46.124: (move f7-4f f8-4f)
46.136: (putdown f8-4f key1-3)
46.142: (move f8-6f f9-6f)
46.163: (move f7-4f f8-4f)
46.163: (move f6-5f f5-5f)
46.170: (move f6-5f f7-5f)
46.171: (move f7-6f f7-5f)
46.179: (putdown f7-4f key0-0)
46.181: (unlock f4-6f f4-7f key0-0 shape0)
46.189: (move f8-4f f8-3f)
46.219: (move f7-4f f7-3f)
46.244: (move f7-8f f6-8f)
46.258: (move f6-5f f6-6f)
46.260: (putdown f5-8f key2-0)
46.316: (putdown f8-7f key0-0)
46.321: (move f6-5f f7-5f)
46.369: (move f8-8f f8-9f)
46.371: (move f6-2f f6-3f)
46.417: (move f7-2f f7-1f)
46.448: (move f8-6f f8-7f)
46.465: (move f6-5f f6-4f)
46.470: (move f7-4f f7-5f)
46.503: (move f7-4f f7-5f)
46.507: (move f7-2f f7-3f)
46.582: (move f6-5f f6-4f)
46.591: (move f6-6f f7-6f)
46.597: (move f6-5f f7-5f)
46.597: (move f6-5f f5-5f)
46.600: (move f8-8f f8-7f)
46.600: (move f7-6f f7-5f)
46.607: (move f7-4f f6-4f)
46.613: (move f8-3f f8-4f)
46.614: (move f7-4f f7-3f)
46.622: (move f8-6f f8-5f)
46.637: (move f7-4f f6-4f)
46.640: (move f6-2f f6-1f)
46.656: (move f7-4f f8-4f)
46.671: (move f6-5f f5-5f)
46.673: (move f6-7f f6-8f)
46.686: (move f7-4f f8-4f)
46.689: (move f8-3f f8-4f)
46.690: (move f8-8f f8-7f)
46.705: (move f8-6f f8-7f)
46.706: (move f8-8f f8-7f)
46.713: (move f5-6f f4-6f)
46.714: (move f7-5f f7-6f)
46.742: (move f8-8f f8-7f)
46.778: (move f6-5f f6-4f)
46.788: (move f6-8f f5-8f)
46.811: (move f7-8f f6-8f)
46.820: (move f6-4f f6-5f)
46.827: (move f7-5f f6-5f)
46.845: (putdown f6-7f key0-0)
46.849: (move f8-6f f7-6f)
46.865: (move f8-2f f8-1f)
46.879: (move f6-5f f5-5f)
40.050: (move f7-3f f7-2f)
40.208: (move f7-3f f7-4f)
41.234: (pickup-and-loose f7-3f key2-4 key3-3)
41.635: (pickup f7-3f key2-4)
41.759: (unlock f7-3f f6-3f key2-4 shape2)
41.804: (pickup-and-loose f6-6f key2-1 key0-0)
41.808: (move f6-4f f7-4f)
41.869: (pickup-and-loose f7-3f key2-4 key0-0)
41.924: (move f7-3f f8-3f)
42.149: (move f7-3f f7-4f)
42.203: (move f6-6f f7-6f)
42.341: (pickup f6-4f key0-2)
42.500: (move f6-6f f6-5f)
42.513: (pickup-and-loose f6-4f key0-2 key3-3)
42.529: (move f7-6f f6-6f)
42.596: (move f6-4f f7-4f)
42.610: (move f7-4f f6-4f)
42.669: (putdown f7-2f key0-0)
42.679: (pickup f7-3f key2-4)
42.813: (pickup-and-loose f6-4f key0-2 key0-0)
42.926: (unlock f7-2f f7-1f key2-4 shape2)
42.967: (move f6-4f f7-4f)
43.032: (move f6-6f f5-6f)
43.035: (pickup-and-loose f6-4f key0-2 key0-0)
43.073: (move f8-8f f9-8f)
43.122: (move f6-4f f6-5f)
43.122: (move f7-5f f6-5f)
43.241: (move f6-4f f5-4f)
43.262: (putdown f7-3f key0-0)
43.306: (pickup f6-4f key0-2)
43.307: (move f8-6f f8-7f)
43.354: (move f7-3f f8-3f)
43.366: (move f6-6f f6-7f)
43.382: (move f6-4f f7-4f)
43.395: (pickup f6-4f key0-2)
43.401: (putdown f6-4f key0-0)
43.434: (move f7-2f f6-2f)
43.479: (move f8-8f f9-8f)
43.481: (move f7-8f f8-8f)
43.486: (move f7-8f f8-8f)
43.512: (move f7-6f f6-6f)
43.520: (move f8-2f f7-2f)
43.523: (unlock f7-5f f8-5f key0-0 shape0)
43.535: (move f7-3f f7-2f)
43.560: (move f7-6f f6-6f)
43.588: (move f7-3f f7-4f)
43.599: (move f5-6f f6-6f)
43.602: (move f7-3f f7-2f)
43.606: (move f6-7f f6-6f)
43.608: (move f7-3f f7-2f)
43.613: (move f5-8f f6-8f)
43.614: (move f7-6f f6-6f)
43.626: (unlock f8-4f f8-5f key0-0 shape0)
43.633: (move f7-3f f6-3f)
43.639: (pickup-and-loose f6-4f key0-2 key3-3)
43.660: (move f8-8f f9-8f)
43.675: (move f7-2f f7-3f)
43.678: (move f7-3f f7-4f)
43.686: (move f8-8f f9-8f)
43.689: (move f8-6f f8-7f)
43.695: (move f7-8f f8-8f)
43.703: (move f7-4f f7-5f)
43.713: (move f6-5f f7-5f)
43.713: (pickup f7-4f key3-3)
43.761: (move f7-3f f7-2f)
43.761: (move f6-4f f6-5f)
43.773: (putdown f6-4f key0-0)
43.776: (move f7-8f f8-8f)
43.780: (move f8-8f f9-8f)
43.782: (move f7-6f f6-6f)
43.786: (move f8-8f f8-7f)
43.794: (move f7-6f f6-6f)
43.809: (pickup f6-4f key0-2)
43.831: (move f6-5f f6-6f)
43.854: (unlock f8-6f f8-5f key0-0 shape0)
43.854: (pickup-and-loose f7-3f key0-0 key3-3)
43.876: (move f8-8f f9-8f)
43.889: (pickup f7-4f key3-3)
43.893: (move f7-4f f7-5f)
43.918: (move f5-6f f5-5f)
43.921: (move f8-6f f8-7f)
43.937: (move f8-6f f8-7f)
43.954: (move f7-3f f7-4f)
43.958: (move f6-6f f6-5f)
43.960: (move f5-5f f6-5f)
43.978: (move f8-6f f8-7f)
44.013: (move f6-4f f5-4f)
44.014: (pickup f6-4f key0-2)
44.069: (move f6-2f f5-2f)
44.079: (move f8-6f f8-7f)
44.079: (move f7-4f f8-4f)
44.090: (move f8-3f f8-4f)
44.101: (move f5-5f f5-4f)
44.112: (move f8-6f f8-7f)
44.114: (move f8-8f f8-7f)
44.147: (move f8-3f f8-2f)
44.147: (move f7-2f f8-2f)
44.153: (move f7-4f f7-3f)
44.155: (putdown f7-2f key2-4)
44.163: (move f8-7f f8-8f)
44.206: (move f8-7f f9-7f)
44.210: (move f6-4f f7-4f)
44.214: (move f9-8f f9-7f)
44.235: (unlock f7-3f f6-3f key2-4 shape2)
44.255: (move f7-5f f7-4f)
44.258: (pickup-and-loose f8-8f key2-1 key2-2)
44.260: (move f8-6f f7-6f)
44.328: (putdown f9-8f key2-2)
44.334: (unlock f8-6f f8-5f key0-0 shape0)
44.352: (pickup-and-loose f7-4f key3-3 key1-3)
44.363: (move f8-3f f8-4f)
44.367: (move f6-4f f6-5f)
44.390: (move f7-4f f7-5f)
44.417: (move f8-8f f8-7f)
44.438: (move f8-8f f8-7f)
44.457: (move f5-5f f5-4f)
44.458: (move f7-4f f8-4f)
44.462: (move f6-4f f5-4f)
44.465: (move f6-9f f5-9f)
44.475: (move f5-8f f5-9f)
44.485: (move f6-8f f5-8f)
44.495: (move f7-3f f6-3f)
44.499: (putdown f7-4f key1-3)
44.499: (move f8-3f f8-2f)
44.500: (move f7-3f f7-4f)
44.501: (move f7-2f f8-2f)
44.504: (move f6-4f f5-4f)
44.510: (move f8-8f f8-7f)
44.522: (move f5-8f f4-8f)
44.529: (move f8-8f f8-7f)
44.532: (move f7-2f f8-2f)
44.542: (move f8-4f f8-3f)
44.553: (unlock f5-8f f5-7f key0-0 shape0)
44.555: (move f7-3f f8-3f)
44.587: (move f7-4f f7-5f)
44.667: (putdown f6-6f key0-0)
44.706: (move f8-7f f8-6f)
44.713: (putdown f8-3f key0-0)
44.735: (pickup-and-loose f8-8f key2-1 key2-2)
44.762: (move f7-3f f7-4f)
44.780: (move f7-4f f7-5f)
44.796: (move f7-2f f8-2f)
44.798: (move f8-3f f8-2f)
44.809: (move f8-6f f8-5f)
44.816: (move f8-4f f7-4f)
44.818: (move f7-5f f7-4f)
44.823: (move f5-4f f4-4f)
44.826: (move f4-5f f4-4f)
44.848: (pickup-and-loose f8-8f key2-1 key2-2)
44.852: (move f7-3f f8-3f)
44.862: (move f7-4f f8-4f)
44.876: (pickup-and-loose f7-4f key3-3 key0-2)
44.877: (pickup-and-loose f8-8f key2-1 key2-2)
44.879: (move f6-5f f6-6f)
44.882: (move f8-4f f8-3f)
44.884: (move f7-3f f8-3f)
44.891: (move f8-6f f7-6f)
44.906: (move f7-4f f6-4f)
44.926: (unlock f8-6f f8-5f key0-0 shape0)
44.932: (move f7-2f f6-2f)
44.932: (unlock f7-3f f6-3f key2-4 shape2)
44.941: (move f7-3f f8-3f)
44.954: (pickup-and-loose f8-8f key2-1 key2-2)
44.970: (move f6-6f f6-5f)
44.975: (unlock f8-6f f8-5f key0-0 shape0)
44.997: (move f7-5f f6-5f)
45.010: (unlock f8-6f f8-5f key0-0 shape0)
45.023: (move f7-3f f7-2f)
45.026: (pickup-and-loose f7-2f key0-0 key2-4)
45.030: (putdown f7-5f key3-3)
45.033: (move f6-4f f6-5f)
45.038: (move f7-3f f7-4f)
45.054: (pickup-and-loose f8-8f key2-1 key2-2)
45.055: (move f7-3f f7-2f)
45.061: (move f8-6f f7-6f)
45.092: (unlock f8-6f f8-5f key0-2 shape0)
45.106: (unlock f8-6f f8-5f key0-0 shape0)
45.112: (move f8-8f f8-7f)
45.117: (unlock f7-3f f6-3f key2-4 shape2)
45.122: (putdown f8-4f key3-3)
45.124: (move f7-2f f7-3f)
45.127: (move f4-6f f4-5f)
45.138: (move f5-5f f4-5f)
45.151: (move f7-2f f7-1f)
45.175: (move f8-2f f8-1f)
45.188: (move f8-6f f7-6f)
45.232: (move f6-5f f5-5f)
45.241: (move f5-4f f5-5f)
45.258: (move f7-3f f7-2f)
45.306: (move f8-3f f8-2f)
45.309: (move f6-2f f6-1f)
45.339: (putdown f7-4f key0-2)
45.344: (move f6-4f f5-4f)
45.352: (move f8-6f f7-6f)
45.355: (move f6-4f f6-5f)
45.355: (move f4-6f f4-5f)
45.360: (move f8-6f f7-6f)
45.373: (move f7-2f f6-2f)
45.379: (move f8-7f f8-8f)
45.387: (putdown f8-7f key0-0)
39.611: (unlock f7-2f f7-1f key2-4 shape2)
39.943: (move f7-3f f6-3f)
40.047: (move f7-3f f7-2f)
40.230: (move f7-3f f7-2f)
40.367: (move f7-3f f7-4f)
40.387: (move f7-3f f7-2f)
40.449: (move f6-4f f7-4f)
40.458: (move f6-4f f7-4f)
40.459: (move f7-3f f7-2f)
40.491: (move f7-3f f7-4f)
40.832: (move f8-3f f8-2f)
40.833: (move f7-2f f8-2f)
40.932: (move f7-4f f6-4f)
40.954: (unlock f7-3f f6-3f key2-4 shape2)
41.163: (move f7-6f f8-6f)
41.339: (unlock f7-3f f6-3f key2-4 shape2)
41.460: (pickup f7-4f key3-3)
41.767: (pickup-and-loose f6-6f key2-1 key0-0)
41.808: (move f6-4f f7-4f)
41.827: (pickup-and-loose f6-6f key2-1 key0-2)
41.892: (pickup-and-loose f6-6f key2-1 key0-0)
41.937: (unlock f7-3f f6-3f key2-4 shape2)
41.951: (pickup-and-loose f6-6f key2-1 key0-0)
41.972: (move f7-4f f7-5f)
41.972: (move f7-3f f7-4f)
41.995: (pickup-and-loose f6-6f key2-1 key0-0)
41.998: (move f6-4f f7-4f)
42.009: (move f6-4f f7-4f)
42.017: (move f7-2f f6-2f)
42.054: (move f9-8f f8-8f)
42.055: (pickup f7-4f key3-3)
42.090: (move f8-3f f8-4f)
42.091: (move f7-4f f8-4f)
42.110: (move f7-3f f8-3f)
42.139: (move f7-3f f8-3f)
42.180: (move f7-3f f8-3f)
42.190: (move f7-3f f8-3f)
42.251: (putdown f7-2f key2-4)
42.261: (move f7-3f f7-4f)
42.311: (move f7-3f f7-4f)
42.328: (move f7-2f f7-3f)
42.351: (move f6-7f f6-8f)
42.372: (move f7-3f f7-4f)
42.423: (move f6-6f f6-5f)
42.440: (unlock f7-3f f6-3f key2-4 shape2)
42.450: (move f5-4f f6-4f)
42.451: (move f6-5f f6-4f)
42.475: (move f9-8f f9-7f)
42.487: (move f4-8f f4-9f)
42.491: (move f5-9f f4-9f)
42.519: (move f5-6f f5-5f)
42.524: (move f6-5f f5-5f)
42.539: (move f7-6f f6-6f)
42.578: (move f7-6f f6-6f)
42.633: (move f7-6f f6-6f)
42.640: (move f6-3f f6-4f)
42.642: (move f7-4f f6-4f)
42.689: (move f7-6f f6-6f)
42.720: (pickup-and-loose f7-3f key2-4 key0-2)
42.753: (move f6-4f f7-4f)
42.805: (move f7-4f f6-4f)
42.819: (pickup-and-loose f6-4f key0-2 key0-0)
42.834: (putdown f7-2f key0-0)
42.844: (move f7-3f f7-2f)
42.847: (move f6-5f f5-5f)
42.848: (move f5-4f f5-5f)
42.893: (move f7-4f f7-3f)
42.914: (move f6-4f f7-4f)
42.927: (pickup-and-loose f8-8f key2-1 key0-0)
42.945: (pickup-and-loose f7-3f key0-0 key2-4)
42.946: (move f6-6f f5-6f)
42.949: (move f7-6f f6-6f)
42.950: (unlock f7-2f f7-1f key2-4 shape2)
42.954: (move f6-5f f7-5f)
42.955: (move f7-6f f7-5f)
43.020: (move f6-4f f6-5f)
43.032: (move f6-6f f6-7f)
43.051: (move f6-5f f7-5f)
43.061: (move f6-6f f7-6f)
43.114: (unlock f7-2f f7-1f key2-4 shape2)
43.132: (putdown f7-3f key2-4)
43.139: (move f7-4f f7-3f)
43.144: (move f7-2f f7-3f)
43.176: (move f8-8f f7-8f)
43.199: (move f7-5f f6-5f)
43.207: (move f6-4f f6-5f)
43.268: (move f6-4f f5-4f)
43.276: (move f6-4f f6-5f)
43.283: (unlock f7-5f f8-5f key0-2 shape0)
43.291: (move f7-6f f6-6f)
43.308: (move f6-5f f7-5f)
43.316: (move f7-5f f6-5f)
43.326: (move f6-4f f5-4f)
43.333: (move f7-4f f7-5f)
43.370: (move f6-1f f5-1f)
43.371: (move f7-2f f8-2f)
43.386: (move f7-3f f7-4f)
43.389: (move f5-2f f5-1f)
43.403: (move f6-4f f5-4f)
43.416: (pickup-and-loose f7-4f key3-3 key2-4)
43.417: (move f8-8f f9-8f)
43.421: (move f6-5f f7-5f)
43.425: (move f7-4f f7-5f)
43.425: (move f8-8f f9-8f)
43.431: (move f6-4f f6-5f)
43.438: (move f6-5f f6-6f)
43.441: (move f6-4f f7-4f)
43.462: (move f5-4f f4-4f)
43.465: (move f6-4f f7-4f)
43.482: (move f7-2f f6-2f)
43.487: (pickup-and-loose f7-4f key3-3 key0-2)
43.490: (move f6-4f f7-4f)
43.495: (putdown f6-4f key0-0)
43.500: (move f8-7f f8-8f)
43.502: (move f8-4f f7-4f)
43.503: (move f7-5f f7-4f)
43.506: (move f6-3f f6-2f)
43.534: (move f7-3f f8-3f)
43.537: (move f8-6f f8-7f)
43.543: (move f8-4f f7-4f)
43.558: (move f9-8f f9-7f)
43.558: (move f8-7f f9-7f)
43.568: (move f7-3f f8-3f)
43.570: (move f6-4f f6-5f)
43.581: (move f7-4f f8-4f)
43.584: (move f6-5f f6-4f)
43.598: (move f7-4f f7-5f)
43.602: (move f7-3f f7-4f)
43.607: (unlock f7-5f f8-5f key0-0 shape0)
43.608: (move f6-4f f5-4f)
43.613: (move f8-8f f9-8f)
43.658: (move f7-3f f6-3f)
43.660: (move f6-2f f6-3f)
43.661: (putdown f9-8f key2-2)
43.667: (move f7-4f f6-4f)
43.667: (move f8-3f f8-4f)
43.684: (move f7-6f f7-5f)
43.688: (move f8-8f f9-8f)
43.705: (unlock f8-4f f8-5f key0-0 shape0)
43.707: (move f7-4f f8-4f)
43.714: (move f7-6f f7-5f)
43.734: (move f5-4f f5-5f)
43.750: (move f6-5f f5-5f)
43.757: (putdown f7-2f key2-4)
43.794: (move f7-3f f7-2f)
43.796: (pickup f7-4f key3-3)
43.800: (move f6-3f f5-3f)
43.811: (move f7-3f f7-2f)
43.848: (move f6-5f f6-6f)
43.851: (move f6-5f f6-6f)
43.864: (move f7-3f f7-2f)
43.868: (move f6-4f f6-5f)
43.882: (move f7-2f f8-2f)
43.885: (move f7-4f f7-5f)
43.887: (putdown f7-4f key2-4)
43.889: (move f6-5f f7-5f)
43.902: (move f6-4f f6-5f)
43.919: (move f5-2f f4-2f)
43.921: (move f6-6f f6-7f)
43.926: (move f8-6f f8-7f)
43.939: (move f7-5f f7-4f)
43.957: (putdown f7-4f key0-2)
43.962: (move f7-4f f7-5f)
43.976: (move f8-4f f7-4f)
43.993: (move f7-4f f7-3f)
43.994: (move f8-7f f8-6f)
44.000: (move f6-5f f7-5f)
44.021: (move f7-4f f7-5f)
44.036: (move f9-8f f9-7f)
44.040: (move f7-4f f8-4f)
44.057: (move f8-7f f9-7f)
44.062: (move f6-3f f6-2f)
44.065: (move f8-8f f8-7f)
44.066: (move f6-4f f5-4f)
44.069: (move f6-4f f7-4f)
44.071: (move f7-2f f6-2f)
44.073: (move f8-8f f8-7f)
44.082: (move f8-7f f8-6f)
44.099: (putdown f7-3f key0-2)
44.099: (putdown f9-8f key2-2)
44.109: (move f8-6f f8-7f)
44.116: (move f6-4f f5-4f)
44.120: (move f6-6f f6-5f)
44.121: (move f5-2f f5-3f)
44.126: (move f5-4f f5-3f)
44.127: (move f7-4f f8-4f)
44.129: (move f8-3f f8-4f)
44.132: (move f8-7f f8-8f)
44.134: (move f8-6f f8-7f)
44.138: (move f5-5f f6-5f)
44.139: (move f8-7f f8-8f)
44.144: (move f8-7f f8-8f)
44.146: (move f8-6f f8-7f)
44.152: (move f7-3f f7-4f)
44.155: (move f6-4f f5-4f)
44.160: (move f6-4f f6-5f)
44.163: (unlock f4-8f f4-7f key0-0 shape0)
44.164: (move f7-6f f7-5f)
44.164: (move f8-7f f8-8f)
44.173: (move f5-6f f4-6f)
39.441: (pickup f7-3f key2-4)
39.709: (unlock f7-2f f7-1f key2-4 shape2)
39.740: (unlock f7-2f f7-1f key2-4 shape2)
39.785: (unlock f7-2f f7-1f key2-4 shape2)
39.813: (unlock f7-2f f7-1f key2-4 shape2)
39.927: (pickup f8-8f key2-1)
39.962: (move f7-2f f6-2f)
39.962: (move f6-3f f6-2f)
39.966: (unlock f6-2f f6-3f key2-4 shape2)
40.122: (move f7-3f f6-3f)
40.226: (move f7-3f f7-2f)
40.233: (pickup-and-loose f7-4f key0-0 key0-2)
40.245: (pickup-and-loose f7-4f key0-0 key0-2)
40.325: (move f7-2f f7-3f)
40.465: (move f7-3f f7-2f)
40.558: (move f7-3f f7-2f)
40.561: (move f7-3f f7-2f)
40.631: (move f8-6f f8-7f)
40.645: (move f7-3f f7-4f)
40.696: (pickup-and-loose f7-4f key3-3 key0-2)
40.836: (move f7-2f f8-2f)
40.908: (unlock f6-4f f6-3f key2-4 shape2)
40.909: (move f7-4f f6-4f)
40.911: (move f6-3f f6-4f)
40.997: (move f7-2f f8-2f)
41.001: (move f8-3f f8-2f)
41.017: (move f7-3f f6-3f)
41.097: (move f7-4f f6-4f)
41.103: (move f7-2f f8-2f)
41.106: (move f8-3f f8-2f)
41.144: (move f7-3f f7-4f)
41.144: (putdown f7-4f key0-2)
41.154: (move f7-3f f6-3f)
41.163: (putdown f7-4f key0-2)
41.206: (pickup f6-4f key0-2)
41.328: (move f7-3f f6-3f)
41.396: (move f7-2f f7-1f)
41.404: (move f7-5f f7-4f)
41.410: (move f6-4f f7-4f)
41.459: (move f7-2f f8-2f)
41.461: (move f9-8f f8-8f)
41.482: (pickup f7-4f key0-0)
41.494: (pickup f7-4f key0-0)
41.627: (move f7-3f f7-4f)
41.646: (pickup f7-4f key3-3)
41.668: (move f7-2f f7-3f)
41.690: (pickup-and-loose f7-3f key2-4 key0-2)
41.698: (move f7-3f f7-4f)
41.701: (move f7-4f f7-5f)
41.740: (move f8-3f f8-4f)
41.741: (move f7-4f f8-4f)
41.790: (move f9-8f f9-7f)
41.821: (move f7-3f f7-4f)
41.841: (move f7-3f f6-3f)
41.902: (move f7-2f f6-2f)
41.918: (move f6-3f f5-3f)
41.956: (move f9-8f f8-8f)
41.981: (putdown f7-2f key2-4)
42.007: (putdown f7-2f key2-4)
42.016: (move f7-4f f8-4f)
42.029: (move f6-4f f6-5f)
42.029: (move f7-5f f6-5f)
42.051: (move f6-2f f5-2f)
42.061: (move f6-4f f5-4f)
42.063: (move f7-4f f8-4f)
42.100: (move f6-8f f7-8f)
42.190: (move f7-2f f6-2f)
42.196: (unlock f7-2f f7-1f key2-4 shape2)
42.211: (move f7-3f f7-4f)
42.212: (move f7-4f f7-3f)
42.219: (pickup f7-4f key3-3)
42.256: (putdown f7-2f key2-4)
42.259: (move f7-4f f7-3f)
42.263: (move f7-3f f8-3f)
42.264: (putdown f7-2f key2-4)
42.278: (move f7-4f f7-5f)
42.280: (move f7-3f f8-3f)
42.281: (pickup-and-loose f8-8f key2-1 key0-0)
42.281: (move f9-7f f8-7f)
42.283: (move f8-8f f8-7f)
42.296: (move f6-5f f7-5f)
42.303: (move f7-4f f7-5f)
42.304: (move f6-7f f6-8f)
42.304: (move f7-3f f8-3f)
42.309: (move f9-8f f9-7f)
42.326: (pickup-and-loose f7-4f key0-0 key2-4)
42.329: (move f5-6f f5-5f)
42.334: (move f6-5f f7-5f)
42.334: (move f6-5f f5-5f)
42.344: (move f7-4f f7-5f)
42.362: (move f7-3f f8-3f)
42.365: (move f6-6f f6-5f)
42.371: (move f8-3f f8-2f)
42.373: (move f7-2f f8-2f)
42.388: (pickup-and-loose f7-4f key0-0 key2-4)
42.388: (move f8-3f f8-4f)
42.389: (move f7-4f f8-4f)
42.414: (move f7-4f f7-3f)
42.417: (putdown f7-2f key2-4)
42.418: (move f7-3f f7-4f)
42.440: (move f6-6f f6-5f)
42.443: (putdown f4-9f key0-0)
42.461: (move f6-8f f5-8f)
42.465: (move f7-2f f8-2f)
42.475: (move f8-3f f8-2f)
42.481: (move f7-4f f6-4f)
42.489: (move f7-2f f7-3f)
42.520: (move f8-8f f7-8f)
42.523: (pickup-and-loose f6-4f key0-2 key2-4)
42.538: (move f6-6f f6-5f)
42.561: (move f9-7f f9-6f)
42.574: (pickup-and-loose f7-3f key2-4 key0-2)
42.577: (move f4-8f f4-9f)
42.580: (move f7-3f f7-4f)
42.582: (move f6-6f f6-5f)
42.592: (move f6-5f f6-4f)
42.602: (move f6-6f f6-5f)
42.646: (move f6-3f f6-4f)
42.646: (move f7-4f f6-4f)
42.648: (pickup-and-loose f7-4f key3-3 key2-4)
42.667: (move f7-2f f6-2f)
42.668: (move f5-5f f4-5f)
42.671: (move f6-5f f6-6f)
42.672: (pickup-and-loose f6-4f key0-2 key0-0)
42.679: (move f7-3f f7-4f)
42.681: (move f4-6f f4-5f)
42.687: (pickup-and-loose f7-3f key0-0 key0-2)
42.697: (unlock f7-3f f6-3f key2-4 shape2)
42.732: (move f6-4f f5-4f)
42.734: (move f6-5f f7-5f)
42.750: (unlock f7-5f f8-5f key0-0 shape0)
42.757: (move f5-5f f5-4f)
42.762: (move f7-4f f7-5f)
42.766: (pickup-and-loose f6-6f key0-2 key0-0)
42.782: (move f6-4f f7-4f)
42.788: (move f7-4f f6-4f)
42.790: (move f6-5f f6-4f)
42.794: (move f7-5f f7-4f)
42.799: (pickup-and-loose f8-6f key0-0 key2-1)
42.803: (move f7-4f f7-3f)
42.807: (move f7-4f f7-5f)
42.808: (pickup-and-loose f7-8f key2-2 key0-0)
42.813: (move f8-2f f8-3f)
42.822: (move f6-6f f6-7f)
42.845: (move f7-3f f8-3f)
42.853: (pickup-and-loose f6-4f key0-2 key0-0)
42.884: (move f7-4f f7-3f)
42.900: (move f7-4f f6-4f)
42.904: (pickup-and-loose f8-8f key2-1 key0-0)
42.904: (pickup-and-loose f8-8f key2-1 key0-0)
42.907: (move f6-5f f5-5f)
42.907: (move f5-4f f5-5f)
42.913: (pickup-and-loose f8-8f key2-1 key0-0)
42.915: (move f6-6f f5-6f)
42.925: (unlock f6-7f f5-7f key0-0 shape0)
42.931: (move f7-4f f6-4f)
42.959: (move f7-4f f6-4f)
42.963: (move f6-6f f5-6f)
42.981: (pickup-and-loose f8-8f key2-1 key0-0)
42.986: (move f6-2f f6-1f)
42.991: (move f6-5f f5-5f)
42.991: (move f5-4f f5-5f)
42.992: (move f8-8f f7-8f)
42.993: (move f6-6f f7-6f)
42.996: (move f6-6f f6-7f)
43.005: (pickup-and-loose f6-4f key0-2 key0-0)
43.010: (move f6-6f f6-7f)
43.020: (move f7-3f f7-2f)
43.034: (putdown f7-2f key0-2)
43.037: (move f7-6f f8-6f)
43.042: (move f8-8f f8-7f)
43.045: (move f6-5f f5-5f)
43.047: (move f8-6f f9-6f)
43.055: (unlock f7-5f f8-5f key0-2 shape0)
43.066: (pickup f7-4f key3-3)
43.067: (move f7-5f f7-4f)
43.076: (move f7-4f f7-5f)
43.082: (putdown f7-3f key0-2)
43.084: (move f6-6f f7-6f)
43.088: (move f7-5f f6-5f)
43.093: (move f7-4f f6-4f)
43.102: (unlock f6-4f f6-3f key2-1 shape2)
43.104: (move f6-6f f6-5f)
43.117: (move f6-6f f6-7f)
43.118: (move f6-6f f5-6f)
43.123: (move f6-6f f5-6f)
43.135: (move f7-2f f7-3f)
43.144: (move f4-4f f3-4f)
43.145: (putdown f7-4f key2-4)
43.145: (unlock f7-5f f8-5f key0-2 shape0)
43.149: (pickup-and-loose f7-3f key0-0 key2-4)
43.153: (move f7-4f f7-5f)
43.154: (move f7-4f f7-3f)
43.167: (move f8-8f f7-8f)
43.171: (move f6-6f f6-7f)
43.182: (move f8-8f f7-8f)
43.183: (move f6-6f f5-6f)
43.186: (move f7-3f f7-4f)
43.190: (unlock f8-4f f8-5f key0-2 shape0)
43.198: (move f8-3f f8-4f)
37.976: (pickup f7-3f key0-0)
38.790: (move f7-3f f7-4f)
39.098: (unlock f7-3f f6-3f key2-4 shape2)
39.142: (move f6-4f f7-4f)
39.312: (move f7-3f f7-4f)
39.359: (pickup f8-8f key2-1)
39.460: (move f7-3f f7-2f)
39.600: (pickup f7-3f key2-4)
39.824: (move f7-2f f6-2f)
39.827: (unlock f6-2f f6-3f key2-4 shape2)
39.859: (pickup f8-8f key2-1)
39.885: (unlock f7-2f f7-1f key2-4 shape2)
39.911: (unlock f7-2f f7-1f key2-4 shape2)
39.932: (unlock f7-2f f7-1f key2-4 shape2)
39.960: (unlock f7-2f f7-1f key2-4 shape2)
40.067: (move f7-3f f7-2f)
40.130: (unlock f6-2f f6-3f key2-4 shape2)
40.132: (move f6-3f f6-2f)
40.132: (move f7-2f f6-2f)
40.157: (move f7-3f f8-3f)
40.240: (move f7-3f f7-4f)
40.250: (move f7-3f f7-4f)
40.307: (move f7-2f f6-2f)
40.332: (move f7-2f f7-3f)
40.423: (move f7-2f f7-3f)
40.496: (move f7-3f f7-2f)
40.516: (move f7-2f f7-3f)
40.537: (pickup f7-4f key3-3)
40.659: (move f7-2f f7-3f)
40.670: (move f7-3f f7-2f)
40.713: (pickup-and-loose f7-3f key2-4 key0-2)
40.742: (pickup-and-loose f7-3f key2-4 key0-2)
40.798: (move f7-2f f7-3f)
40.817: (pickup-and-loose f6-4f key0-2 key3-3)
41.000: (move f7-2f f8-2f)
41.037: (pickup f7-4f key3-3)
41.073: (move f7-2f f8-2f)
41.075: (move f7-4f f6-4f)
41.076: (move f8-3f f8-2f)
41.076: (move f6-3f f6-4f)
41.077: (unlock f6-4f f6-3f key2-4 shape2)
41.093: (move f8-7f f8-6f)
41.093: (move f9-6f f8-6f)
41.104: (move f7-4f f7-5f)
41.124: (move f7-2f f8-2f)
41.148: (move f7-4f f6-4f)
41.151: (move f8-4f f8-3f)
41.156: (move f7-3f f8-3f)
41.160: (move f7-8f f8-8f)
41.163: (move f8-7f f8-8f)
41.168: (move f8-4f f8-3f)
41.175: (move f7-3f f8-3f)
41.222: (pickup-and-loose f7-3f key2-4 key3-3)
41.246: (move f7-2f f7-3f)
41.266: (move f8-3f f8-2f)
41.268: (move f7-2f f8-2f)
41.303: (move f7-3f f7-4f)
41.493: (move f7-3f f6-3f)
41.518: (move f7-3f f7-4f)
41.521: (move f7-2f f8-2f)
41.541: (move f6-4f f6-5f)
41.554: (move f7-5f f7-4f)
41.560: (move f7-2f f7-1f)
41.570: (move f6-4f f7-4f)
41.577: (move f6-5f f6-6f)
41.595: (move f7-3f f7-2f)
41.619: (move f9-7f f8-7f)
41.619: (move f8-8f f8-7f)
41.641: (move f7-2f f8-2f)
41.648: (move f6-4f f7-4f)
41.652: (move f7-2f f7-1f)
41.655: (move f7-2f f7-3f)
41.667: (pickup f7-4f key3-3)
41.694: (move f7-3f f7-4f)
41.707: (putdown f7-2f key2-4)
41.720: (move f7-3f f7-2f)
41.727: (move f7-2f f7-3f)
41.736: (unlock f7-3f f6-3f key2-4 shape2)
41.746: (move f8-2f f8-3f)
41.747: (move f7-2f f8-2f)
41.754: (move f7-3f f8-3f)
41.766: (pickup-and-loose f7-3f key2-4 key0-2)
41.772: (move f6-4f f5-4f)
41.782: (move f7-4f f8-4f)
41.793: (unlock f7-3f f6-3f key2-4 shape2)
41.797: (move f7-8f f8-8f)
41.813: (move f7-2f f6-2f)
41.828: (move f7-4f f8-4f)
41.838: (unlock f8-4f f8-5f key0-2 shape0)
41.847: (move f7-2f f7-3f)
41.874: (unlock f8-4f f8-5f key0-2 shape0)
41.895: (move f9-7f f9-6f)
41.924: (move f7-3f f7-4f)
41.925: (move f7-3f f8-3f)
41.927: (move f6-2f f5-2f)
41.940: (move f7-3f f6-3f)
41.962: (putdown f7-2f key2-4)
41.973: (move f8-8f f8-7f)
41.976: (move f7-4f f7-3f)
41.978: (move f7-3f f7-4f)
41.984: (move f9-7f f8-7f)
42.000: (putdown f7-2f key2-4)
42.005: (move f7-4f f7-5f)
42.021: (move f6-4f f7-4f)
42.021: (pickup-and-loose f7-8f key2-2 key2-1)
42.026: (move f7-4f f7-3f)
42.033: (move f7-2f f8-2f)
42.034: (move f6-2f f5-2f)
42.034: (move f8-3f f8-4f)
42.041: (move f7-4f f8-4f)
42.047: (move f7-3f f8-3f)
42.055: (move f6-5f f5-5f)
42.056: (move f8-2f f8-3f)
42.058: (move f5-4f f5-5f)
42.066: (move f7-4f f7-5f)
42.077: (move f7-2f f6-2f)
42.082: (move f6-3f f5-3f)
42.100: (move f7-4f f6-4f)
42.100: (unlock f6-7f f5-7f key0-0 shape0)
42.107: (move f7-4f f7-5f)
42.118: (move f7-3f f7-4f)
42.123: (putdown f7-2f key2-4)
42.132: (move f6-2f f5-2f)
42.148: (putdown f7-2f key2-4)
42.149: (move f5-3f f5-2f)
42.152: (move f7-2f f7-1f)
42.158: (pickup-and-loose f7-8f key2-2 key0-0)
42.178: (move f6-4f f6-5f)
42.183: (move f7-5f f6-5f)
42.200: (unlock f7-5f f8-5f key0-2 shape0)
42.210: (move f6-4f f5-4f)
42.212: (move f7-4f f6-4f)
42.221: (move f5-3f f5-4f)
42.222: (move f6-2f f5-2f)
42.224: (move f6-4f f6-5f)
42.229: (move f6-4f f5-4f)
42.235: (unlock f7-5f f8-5f key0-2 shape0)
42.236: (move f7-5f f6-5f)
42.241: (move f7-3f f8-3f)
42.262: (move f6-5f f5-5f)
42.264: (move f6-7f f6-8f)
42.265: (putdown f7-3f key0-2)
42.270: (move f7-2f f8-2f)
42.280: (move f7-4f f6-4f)
42.288: (move f6-7f f6-8f)
42.297: (pickup f9-6f key1-0)
42.298: (move f6-7f f6-6f)
42.300: (move f9-7f f9-6f)
42.301: (putdown f7-3f key0-2)
42.306: (move f5-6f f5-5f)
42.306: (move f6-3f f6-2f)
42.312: (move f7-2f f6-2f)
42.337: (unlock f6-1f f7-1f key2-4 shape2)
42.343: (move f7-1f f6-1f)
42.348: (move f6-2f f6-1f)
42.350: (move f6-3f f6-2f)
42.353: (move f6-5f f5-5f)
42.354: (move f7-2f f6-2f)
42.362: (putdown f7-2f key2-4)
42.362: (move f6-1f f5-1f)
42.385: (unlock f7-2f f7-1f key2-4 shape2)
42.390: (pickup f7-4f key3-3)
42.391: (move f5-2f f5-1f)
42.397: (pickup-and-loose f6-4f key0-0 key3-3)
42.407: (move f5-6f f5-5f)
42.408: (move f6-7f f6-8f)
42.412: (move f7-4f f6-4f)
42.417: (move f6-7f f6-8f)
42.421: (putdown f7-2f key2-4)
42.424: (move f7-4f f6-4f)
42.429: (move f7-4f f8-4f)
42.444: (pickup-and-loose f7-3f key0-0 key3-3)
42.463: (move f8-8f f8-7f)
42.480: (pickup-and-loose f6-4f key0-2 key2-4)
42.488: (move f6-5f f5-5f)
42.490: (move f6-5f f5-5f)
42.493: (move f7-4f f7-5f)
42.496: (putdown f4-9f key0-0)
42.497: (move f7-2f f8-2f)
42.513: (pickup f6-2f key1-4)
42.527: (move f6-5f f5-5f)
42.534: (move f5-6f f5-5f)
42.539: (unlock f7-3f f6-3f key2-4 shape2)
42.542: (move f7-3f f8-3f)
42.560: (move f5-6f f5-5f)
42.574: (move f7-2f f8-2f)
42.577: (putdown f7-3f key3-3)
42.579: (pickup-and-loose f7-4f key0-0 key2-4)
42.581: (move f5-6f f5-5f)
42.582: (move f7-4f f6-4f)
42.584: (move f6-3f f6-4f)
42.588: (pickup-and-loose f7-3f key0-0 key0-2)
42.596: (move f8-2f f8-1f)
42.596: (move f7-1f f8-1f)
42.604: (move f6-4f f6-5f)
42.605: (move f7-4f f7-5f)
42.609: (pickup-and-loose f7-8f key2-2 key0-0)
42.617: (move f7-4f f7-3f)
42.617: (move f6-4f f6-5f)
42.617: (pickup-and-loose f6-4f key0-2 key3-3)
36.918: (move f7-3f f7-4f)
37.468: (pickup f7-3f key0-0)
37.989: (pickup f7-3f key0-0)
38.168: (pickup f7-3f key0-0)
38.264: (move f7-3f f6-3f)
38.545: (move f7-3f f7-2f)
38.709: (move f7-3f f7-2f)
38.742: (move f7-3f f8-3f)
38.825: (pickup f7-4f key3-3)
38.913: (move f7-3f f7-4f)
38.967: (move f7-4f f6-4f)
39.043: (move f6-4f f7-4f)
39.044: (move f7-3f f7-4f)
39.184: (move f7-3f f7-4f)
39.194: (move f7-3f f7-4f)
39.230: (move f7-4f f7-3f)
39.255: (unlock f7-3f f6-3f key2-4 shape2)
39.259: (unlock f7-2f f7-1f key2-4 shape2)
39.272: (move f7-3f f7-2f)
39.273: (pickup-and-loose f7-2f key0-0 key2-4)
39.331: (pickup f8-6f key0-0)
39.339: (move f7-3f f7-4f)
39.436: (move f7-3f f6-3f)
39.436: (move f6-2f f6-3f)
39.451: (move f7-3f f7-4f)
39.492: (move f7-3f f7-2f)
39.580: (move f7-3f f7-4f)
39.601: (move f7-3f f7-4f)
39.622: (unlock f7-2f f7-1f key2-4 shape2)
39.628: (move f7-3f f7-2f)
39.641: (move f7-3f f7-4f)
39.706: (pickup f6-4f key0-2)
39.846: (pickup f6-2f key1-4)
39.903: (move f7-3f f8-3f)
39.904: (move f7-3f f8-3f)
39.925: (move f7-3f f7-2f)
39.962: (pickup f6-4f key0-2)
39.970: (move f7-3f f6-3f)
39.976: (move f6-2f f6-3f)
39.979: (move f7-3f f6-3f)
39.985: (unlock f7-2f f7-1f key2-4 shape2)
39.989: (unlock f6-2f f6-3f key2-4 shape2)
39.992: (move f7-3f f7-4f)
39.994: (move f7-2f f6-2f)
40.051: (move f7-4f f6-4f)
40.074: (move f7-3f f7-2f)
40.123: (move f7-2f f7-3f)
40.149: (move f7-2f f8-2f)
40.152: (move f8-3f f8-2f)
40.176: (unlock f7-2f f7-1f key2-4 shape2)
40.215: (move f7-2f f7-3f)
40.217: (move f7-4f f7-5f)
40.225: (move f7-3f f7-2f)
40.237: (move f7-3f f8-3f)
40.249: (move f7-3f f7-4f)
40.299: (move f7-2f f6-2f)
40.336: (move f7-3f f8-3f)
40.357: (move f9-6f f8-6f)
40.363: (move f8-7f f8-6f)
40.398: (move f7-2f f7-3f)
40.416: (move f8-7f f8-6f)
40.429: (move f7-3f f7-4f)
40.434: (move f9-6f f8-6f)
40.437: (move f7-2f f6-2f)
40.445: (move f8-3f f8-4f)
40.447: (move f7-4f f8-4f)
40.471: (pickup f7-3f key3-3)
40.501: (move f7-2f f7-3f)
40.508: (move f7-3f f7-4f)
40.540: (move f7-3f f7-4f)
40.563: (move f7-4f f6-4f)
40.573: (move f8-8f f9-8f)
40.585: (move f7-2f f7-3f)
40.604: (move f7-4f f7-5f)
40.604: (move f7-4f f7-5f)
40.636: (move f7-5f f7-4f)
40.637: (move f7-8f f8-8f)
40.647: (move f9-6f f8-6f)
40.647: (move f7-3f f7-2f)
40.649: (pickup-and-loose f7-4f key3-3 key0-2)
40.662: (move f8-4f f7-4f)
40.667: (move f7-5f f7-4f)
40.676: (move f8-4f f7-4f)
40.680: (pickup f7-4f key3-3)
40.682: (move f7-2f f7-3f)
40.695: (pickup-and-loose f7-3f key2-4 key0-0)
40.720: (pickup-and-loose f7-3f key2-4 key0-0)
40.729: (move f7-4f f8-4f)
40.736: (move f8-3f f8-4f)
40.791: (unlock f7-3f f6-3f key2-4 shape2)
40.793: (unlock f7-3f f6-3f key2-4 shape2)
40.813: (move f7-2f f7-3f)
40.875: (move f7-2f f8-2f)
40.875: (move f8-3f f8-2f)
40.941: (move f7-2f f7-3f)
40.942: (unlock f7-3f f6-3f key2-4 shape2)
40.954: (putdown f7-2f key0-2)
40.955: (putdown f7-2f key2-4)
40.996: (move f8-4f f8-3f)
40.997: (move f7-3f f8-3f)
41.006: (move f8-4f f8-3f)
41.006: (move f7-4f f6-4f)
41.009: (move f7-4f f6-4f)
41.010: (move f7-3f f8-3f)
41.041: (pickup f7-4f key3-3)
41.050: (move f7-2f f8-2f)
41.057: (move f8-3f f8-2f)
41.079: (move f7-2f f8-2f)
41.096: (move f7-4f f7-5f)
41.103: (putdown f7-2f key0-2)
41.105: (move f7-3f f7-4f)
41.113: (move f7-3f f7-4f)
41.116: (putdown f7-4f key0-2)
41.144: (move f7-4f f6-4f)
41.195: (move f7-8f f8-8f)
41.210: (move f7-4f f7-5f)
41.210: (move f7-2f f6-2f)
41.220: (move f6-5f f7-5f)
41.231: (move f7-3f f8-3f)
41.257: (move f7-3f f8-3f)
41.266: (move f7-4f f8-4f)
41.267: (move f7-2f f6-2f)
41.289: (move f7-2f f8-2f)
41.302: (move f7-4f f6-4f)
41.323: (unlock f7-3f f6-3f key2-4 shape2)
41.328: (move f7-2f f8-2f)
41.328: (move f8-3f f8-2f)
41.330: (move f5-2f f5-1f)
41.345: (move f7-2f f7-3f)
41.351: (move f7-3f f7-2f)
41.354: (unlock f7-3f f6-3f key2-4 shape2)
41.361: (move f7-3f f7-4f)
41.371: (move f6-2f f5-2f)
41.389: (move f7-2f f6-2f)
41.393: (move f6-4f f7-4f)
41.409: (move f8-4f f8-3f)
41.411: (move f6-3f f6-2f)
41.413: (move f8-4f f8-3f)
41.425: (move f8-4f f8-3f)
41.427: (unlock f6-2f f6-3f key2-4 shape2)
41.449: (move f6-5f f6-6f)
41.453: (pickup f7-4f key3-3)
41.458: (pickup-and-loose f7-3f key2-4 key3-3)
41.478: (move f7-3f f7-2f)
41.488: (move f7-3f f8-3f)
41.494: (move f6-5f f6-6f)
41.502: (move f7-2f f6-2f)
41.510: (move f8-2f f8-3f)
41.524: (move f6-4f f6-5f)
41.524: (move f7-5f f6-5f)
41.595: (move f6-4f f7-4f)
41.601: (unlock f8-4f f8-5f key0-0 shape0)
41.617: (move f7-2f f7-1f)
41.626: (pickup f9-6f key1-0)
41.642: (unlock f8-4f f8-5f key0-0 shape0)
41.667: (move f7-4f f7-3f)
41.689: (move f6-4f f6-3f)
41.714: (move f7-2f f8-2f)
41.722: (move f6-5f f6-6f)
41.740: (unlock f7-3f f6-3f key2-4 shape2)
41.748: (move f8-2f f8-3f)
41.754: (move f7-3f f8-3f)
41.757: (move f8-6f f7-6f)
41.758: (move f7-5f f7-6f)
41.765: (move f7-3f f8-3f)
41.783: (move f8-2f f8-3f)
41.790: (move f7-2f f6-2f)
41.807: (move f7-8f f8-8f)
41.811: (move f7-2f f6-2f)
41.812: (move f7-2f f8-2f)
41.816: (move f6-4f f6-5f)
41.817: (putdown f7-2f key2-4)
41.819: (move f7-2f f7-1f)
41.835: (move f5-2f f4-2f)
41.835: (move f6-2f f7-2f)
41.842: (move f7-3f f7-4f)
41.852: (move f7-2f f8-2f)
41.861: (move f7-3f f7-2f)
41.863: (move f7-3f f8-3f)
41.867: (move f8-2f f8-3f)
41.867: (move f7-3f f7-4f)
41.872: (move f5-4f f5-5f)
41.882: (move f6-5f f5-5f)
41.897: (unlock f7-3f f6-3f key2-4 shape2)
41.904: (move f7-2f f7-3f)
41.911: (move f7-3f f8-3f)
41.918: (move f8-2f f8-3f)
41.939: (move f6-4f f5-4f)
41.956: (unlock f7-5f f8-5f key0-0 shape0)
41.958: (move f7-4f f7-5f)
41.960: (move f7-3f f7-2f)
41.960: (move f7-3f f8-3f)
41.964: (pickup f9-6f key1-0)
41.973: (move f6-4f f5-4f)
41.992: (move f9-6f f9-7f)
41.997: (move f7-3f f8-3f)
42.002: (unlock f7-5f f8-5f key0-0 shape0)
42.032: (move f7-3f f6-3f)
42.034: (move f6-5f f6-6f)
42.039: (move f6-2f f5-2f)
36.042: (move f7-4f f6-4f)
36.873: (pickup f7-4f key0-0)
36.925: (move f7-3f f7-4f)
37.082: (move f7-3f f6-3f)
37.104: (move f7-3f f7-4f)
37.165: (move f7-3f f7-4f)
37.460: (pickup f7-3f key0-0)
37.593: (move f7-4f f7-5f)
37.653: (pickup f7-3f key0-0)
37.772: (pickup-and-loose f7-3f key2-4 key0-2)
37.841: (move f7-4f f8-4f)
37.842: (move f8-3f f8-4f)
37.954: (pickup f8-6f key0-0)
37.954: (pickup f6-4f key0-2)
38.150: (unlock f7-2f f7-1f key2-4 shape2)
38.173: (pickup f7-3f key0-0)
38.266: (unlock f7-2f f7-1f key2-4 shape2)
38.396: (move f6-4f f6-5f)
38.425: (move f7-3f f6-3f)
38.468: (move f6-4f f7-4f)
38.531: (move f7-3f f7-2f)
38.618: (move f8-6f f7-6f)
38.649: (move f7-3f f7-2f)
38.670: (pickup f8-6f key0-0)
38.678: (move f7-3f f7-2f)
38.714: (move f6-4f f7-4f)
38.734: (move f7-3f f8-3f)
38.735: (move f8-3f f8-2f)
38.738: (move f7-2f f8-2f)
38.753: (move f7-3f f8-3f)
38.831: (move f7-3f f7-2f)
38.833: (move f6-3f f6-2f)
38.836: (move f7-2f f6-2f)
38.836: (unlock f6-2f f6-3f key2-4 shape2)
38.850: (pickup f7-4f key3-3)
38.862: (pickup f7-4f key0-0)
38.933: (unlock f6-4f f6-3f key2-4 shape2)
38.933: (move f6-3f f6-4f)
38.933: (move f7-4f f6-4f)
38.961: (move f7-3f f8-3f)
38.968: (pickup f7-4f key3-3)
38.970: (pickup f7-4f key0-0)
38.973: (move f7-3f f7-2f)
38.978: (pickup-and-loose f7-2f key0-0 key2-4)
38.997: (pickup f7-4f key3-3)
39.013: (pickup-and-loose f7-3f key0-0 key0-2)
39.034: (move f7-4f f7-3f)
39.044: (move f6-4f f5-4f)
39.075: (unlock f8-6f f8-5f key0-0 shape0)
39.106: (pickup-and-loose f7-3f key2-4 key3-3)
39.123: (putdown f7-3f key0-2)
39.125: (move f7-4f f6-4f)
39.156: (pickup-and-loose f7-4f key3-3 key0-0)
39.158: (pickup f7-4f key3-3)
39.159: (move f7-3f f7-4f)
39.162: (move f6-2f f6-3f)
39.163: (move f7-3f f7-4f)
39.164: (move f7-3f f7-4f)
39.182: (move f7-3f f7-4f)
39.231: (move f8-6f f8-7f)
39.280: (pickup-and-loose f8-6f key0-0 key1-0)
39.287: (unlock f7-2f f7-1f key2-4 shape2)
39.296: (move f7-3f f7-2f)
39.303: (move f7-3f f7-2f)
39.304: (pickup-and-loose f7-2f key0-0 key2-4)
39.318: (move f7-4f f6-4f)
39.323: (move f7-3f f8-3f)
39.330: (move f8-4f f8-3f)
39.348: (move f7-3f f7-4f)
39.373: (move f7-3f f7-4f)
39.420: (pickup-and-loose f6-4f key0-2 key3-3)
39.428: (move f7-3f f6-3f)
39.428: (move f6-2f f6-3f)
39.434: (unlock f7-2f f7-1f key2-4 shape2)
39.436: (move f7-2f f8-2f)
39.439: (move f8-3f f8-2f)
39.452: (pickup-and-loose f6-4f key0-2 key3-3)
39.468: (pickup-and-loose f7-2f key0-0 key2-4)
39.469: (move f7-3f f7-2f)
39.472: (move f7-3f f7-4f)
39.484: (move f7-2f f7-3f)
39.514: (move f6-2f f5-2f)
39.533: (move f7-2f f8-2f)
39.535: (move f8-3f f8-2f)
39.601: (move f7-3f f7-4f)
39.603: (move f6-2f f6-3f)
39.603: (move f7-3f f7-4f)
39.604: (move f7-3f f6-3f)
39.605: (move f7-3f f6-3f)
39.612: (unlock f7-2f f7-1f key2-4 shape2)
39.615: (move f7-4f f7-3f)
39.627: (move f7-4f f6-4f)
39.632: (move f8-6f f9-6f)
39.636: (move f6-5f f6-6f)
39.637: (move f7-6f f6-6f)
39.664: (move f7-3f f7-2f)
39.665: (move f7-3f f7-4f)
39.675: (move f7-5f f6-5f)
39.675: (move f6-4f f6-5f)
39.681: (move f7-4f f6-4f)
39.695: (unlock f7-2f f7-1f key2-4 shape2)
39.710: (pickup f6-4f key0-2)
39.719: (move f6-4f f5-4f)
39.724: (unlock f7-2f f7-1f key2-4 shape2)
39.733: (move f7-3f f6-3f)
39.741: (move f7-3f f7-4f)
39.750: (pickup f7-3f key3-3)
39.767: (move f7-3f f6-3f)
39.806: (move f6-4f f6-5f)
39.812: (pickup f6-2f key1-4)
39.873: (move f7-3f f7-4f)
39.877: (move f7-3f f7-4f)
39.881: (move f9-6f f8-6f)
39.895: (move f7-2f f6-2f)
39.901: (move f7-2f f7-3f)
39.928: (move f7-3f f8-3f)
39.930: (move f7-3f f8-3f)
39.939: (move f7-4f f7-5f)
39.942: (move f7-3f f7-2f)
39.956: (move f6-2f f6-3f)
39.962: (move f7-3f f6-3f)
39.982: (move f9-6f f8-6f)
39.993: (pickup f6-2f key1-4)
40.009: (move f8-8f f9-8f)
40.019: (move f7-4f f7-5f)
40.028: (move f6-3f f6-2f)
40.028: (move f7-2f f6-2f)
40.054: (move f6-3f f5-3f)
40.055: (pickup-and-loose f7-2f key2-4 key1-4)
40.065: (move f8-6f f7-6f)
40.075: (move f7-4f f6-4f)
40.083: (move f7-4f f7-5f)
40.085: (move f6-4f f5-4f)
40.090: (move f6-2f f6-3f)
40.097: (move f7-2f f7-3f)
40.100: (move f7-4f f8-4f)
40.102: (move f7-3f f6-3f)
40.109: (move f8-3f f8-4f)
40.122: (move f7-3f f7-2f)
40.124: (move f7-3f f6-3f)
40.138: (move f7-2f f7-3f)
40.140: (move f7-4f f8-4f)
40.153: (move f7-3f f7-4f)
40.157: (move f6-2f f6-3f)
40.167: (move f7-4f f7-5f)
40.197: (pickup-and-loose f7-4f key0-0 key2-4)
40.201: (move f7-3f f7-4f)
40.202: (move f7-4f f6-4f)
40.203: (move f6-3f f6-4f)
40.208: (move f7-2f f6-2f)
40.211: (pickup-and-loose f7-4f key0-0 key2-4)
40.224: (move f7-3f f8-3f)
40.230: (move f7-4f f6-4f)
40.238: (move f7-2f f8-2f)
40.243: (move f7-3f f8-3f)
40.269: (unlock f7-2f f7-1f key2-4 shape2)
40.309: (move f7-2f f6-2f)
40.309: (move f8-3f f8-2f)
40.309: (move f7-2f f8-2f)
40.336: (move f7-4f f7-5f)
40.345: (move f7-2f f8-2f)
40.347: (move f8-3f f8-2f)
40.356: (move f8-3f f8-4f)
40.369: (move f7-3f f7-2f)
40.385: (move f7-4f f8-4f)
40.405: (move f7-5f f7-4f)
40.417: (move f7-5f f7-4f)
40.418: (move f7-3f f8-3f)
40.420: (move f7-3f f7-4f)
40.433: (move f8-4f f7-4f)
40.440: (move f8-4f f7-4f)
40.453: (pickup-and-loose f7-4f key0-0 key0-2)
40.474: (pickup f7-3f key3-3)
40.474: (pickup-and-loose f7-4f key0-0 key0-2)
40.513: (move f7-4f f7-5f)
40.517: (move f6-2f f6-1f)
40.545: (move f5-2f f5-3f)
40.562: (move f7-4f f6-4f)
40.572: (move f6-3f f5-3f)
40.609: (move f7-4f f7-5f)
40.615: (move f7-4f f7-5f)
40.621: (move f8-8f f9-8f)
40.662: (pickup f7-4f key3-3)
40.673: (move f8-3f f8-4f)
40.675: (putdown f7-5f key3-3)
40.677: (move f7-4f f8-4f)
40.678: (move f7-3f f7-4f)
40.695: (move f7-4f f8-4f)
40.697: (pickup f6-2f key1-4)
40.700: (move f8-3f f8-4f)
40.704: (move f8-3f f8-4f)
40.707: (pickup-and-loose f7-4f key3-3 key2-4)
40.721: (putdown f7-2f key2-4)
40.729: (move f7-4f f8-4f)
40.733: (move f7-4f f8-4f)
40.733: (move f8-3f f8-4f)
40.738: (move f8-3f f8-4f)
40.742: (move f7-4f f8-4f)
40.743: (move f8-3f f8-4f)
40.755: (move f6-5f f7-5f)
35.698: (move f7-3f f7-2f)
35.927: (move f7-4f f6-4f)
36.050: (move f7-4f f6-4f)
36.098: (move f6-3f f6-4f)
36.099: (move f7-4f f6-4f)
36.234: (move f7-4f f6-4f)
36.261: (pickup-and-loose f6-4f key0-2 key0-0)
36.660: (move f7-6f f6-6f)
36.844: (move f6-4f f6-5f)
36.846: (move f7-5f f6-5f)
36.869: (move f6-4f f5-4f)
36.881: (pickup f7-4f key0-0)
36.892: (move f6-5f f6-6f)
37.031: (putdown f6-4f key0-0)
37.058: (pickup f7-4f key0-0)
37.063: (move f7-3f f6-3f)
37.077: (move f6-4f f7-4f)
37.109: (move f7-3f f7-4f)
37.163: (move f7-3f f7-4f)
37.273: (move f7-3f f6-3f)
37.302: (move f6-3f f6-2f)
37.305: (move f7-2f f6-2f)
37.322: (unlock f7-5f f8-5f key0-0 shape0)
37.323: (move f7-4f f7-5f)
37.343: (move f7-3f f7-4f)
37.379: (move f8-6f f7-6f)
37.447: (pickup f6-4f key0-2)
37.464: (pickup f6-4f key0-2)
37.495: (move f6-3f f5-3f)
37.505: (move f8-3f f8-4f)
37.509: (move f7-4f f7-5f)
37.515: (unlock f8-4f f8-5f key0-0 shape0)
37.516: (move f7-4f f8-4f)
37.534: (pickup f6-4f key0-2)
37.580: (pickup-and-loose f7-3f key2-4 key0-2)
37.600: (move f7-4f f7-5f)
37.608: (pickup-and-loose f6-4f key0-2 key3-3)
37.620: (move f7-4f f7-3f)
37.623: (unlock f8-6f f8-5f key0-0 shape0)
37.624: (move f7-3f f7-4f)
37.632: (pickup-and-loose f7-3f key0-0 key3-3)
37.685: (move f7-4f f8-4f)
37.717: (pickup-and-loose f7-3f key0-0 key1-4)
37.734: (unlock f7-3f f6-3f key2-4 shape2)
37.838: (pickup-and-loose f8-6f key0-0 key1-0)
37.844: (move f7-4f f7-5f)
37.846: (move f7-4f f8-4f)
37.847: (move f8-3f f8-4f)
37.896: (move f7-3f f8-3f)
37.990: (pickup f6-4f key0-2)
38.019: (move f6-2f f5-2f)
38.073: (move f6-4f f6-5f)
38.083: (move f8-3f f8-4f)
38.088: (move f7-4f f8-4f)
38.111: (pickup f6-4f key0-2)
38.132: (unlock f7-2f f7-1f key2-4 shape2)
38.142: (move f7-4f f7-5f)
38.142: (move f6-5f f7-5f)
38.255: (unlock f7-2f f7-1f key2-4 shape2)
38.292: (move f6-4f f5-4f)
38.328: (putdown f7-2f key0-2)
38.346: (unlock f7-2f f7-1f key2-4 shape2)
38.377: (move f6-4f f7-4f)
38.395: (move f6-4f f6-5f)
38.404: (move f8-6f f7-6f)
38.419: (unlock f8-6f f8-5f key0-0 shape0)
38.480: (move f7-3f f7-4f)
38.527: (unlock f7-2f f7-1f key2-4 shape2)
38.574: (move f8-6f f8-7f)
38.610: (pickup-and-loose f8-6f key0-0 key1-0)
38.625: (move f7-4f f7-3f)
38.654: (move f6-4f f7-4f)
38.668: (move f6-4f f6-5f)
38.683: (move f7-2f f8-2f)
38.693: (move f8-3f f8-2f)
38.734: (move f6-4f f7-4f)
38.736: (move f7-3f f8-3f)
38.737: (move f7-2f f8-2f)
38.752: (move f8-3f f8-2f)
38.809: (move f7-4f f7-3f)
38.813: (pickup-and-loose f7-3f key0-0 key0-2)
38.818: (unlock f7-3f f6-3f key2-4 shape2)
38.836: (move f6-5f f5-5f)
38.845: (move f5-4f f5-5f)
38.846: (move f8-6f f7-6f)
38.846: (move f8-6f f8-5f)
38.847: (move f7-3f f7-4f)
38.848: (move f8-6f f8-7f)
38.854: (move f7-2f f6-2f)
38.878: (move f8-6f f7-6f)
38.904: (move f8-3f f8-2f)
38.907: (putdown f7-3f key0-2)
38.924: (move f7-3f f7-4f)
38.942: (move f7-2f f8-2f)
38.951: (move f7-3f f8-3f)
38.964: (move f7-3f f8-3f)
38.975: (move f8-6f f9-6f)
38.979: (pickup f7-4f key3-3)
38.994: (move f7-2f f6-2f)
38.998: (move f7-3f f7-2f)
38.999: (pickup-and-loose f7-2f key0-0 key2-4)
39.003: (move f6-3f f6-2f)
39.040: (pickup f7-4f key3-3)
39.065: (move f6-4f f5-4f)
39.068: (move f7-3f f7-2f)
39.091: (move f6-3f f6-4f)
39.092: (move f6-2f f6-1f)
39.095: (move f6-4f f5-4f)
39.097: (move f8-7f f8-8f)
39.101: (move f7-4f f6-4f)
39.103: (unlock f6-4f f6-3f key2-4 shape2)
39.119: (move f7-3f f7-4f)
39.123: (unlock f7-3f f6-3f key2-4 shape2)
39.129: (move f7-2f f7-3f)
39.150: (pickup f7-4f key3-3)
39.157: (move f7-3f f8-3f)
39.161: (move f6-2f f6-3f)
39.165: (unlock f8-6f f8-5f key0-0 shape0)
39.165: (pickup-and-loose f7-4f key3-3 key0-0)
39.167: (pickup f7-4f key3-3)
39.170: (move f7-3f f7-2f)
39.183: (pickup-and-loose f7-2f key0-0 key2-4)
39.190: (move f6-5f f6-6f)
39.207: (move f7-3f f7-2f)
39.210: (move f8-2f f8-1f)
39.220: (move f7-3f f7-2f)
39.244: (move f8-6f f9-6f)
39.264: (move f7-2f f7-1f)
39.270: (move f7-3f f8-3f)
39.282: (move f7-3f f7-4f)
39.318: (move f7-4f f6-4f)
39.324: (move f6-2f f6-3f)
39.331: (pickup-and-loose f7-4f key3-3 key0-0)
39.334: (move f7-3f f7-2f)
39.344: (move f8-7f f9-7f)
39.348: (move f7-3f f8-3f)
39.351: (move f7-4f f6-4f)
39.357: (move f9-6f f9-7f)
39.381: (pickup-and-loose f7-4f key3-3 key0-0)
39.383: (move f6-5f f6-6f)
39.387: (move f7-3f f7-4f)
39.393: (move f7-3f f7-4f)
39.393: (pickup f7-4f key3-3)
39.400: (move f8-3f f8-2f)
39.402: (move f7-2f f8-2f)
39.417: (move f5-4f f4-4f)
39.431: (pickup-and-loose f6-4f key0-2 key3-3)
39.440: (move f8-6f f8-7f)
39.450: (move f7-2f f8-2f)
39.475: (unlock f7-2f f7-1f key2-4 shape2)
39.493: (move f8-3f f8-2f)
39.496: (move f7-2f f8-2f)
39.499: (move f8-6f f8-7f)
39.501: (move f7-3f f7-2f)
39.514: (move f7-4f f6-4f)
39.520: (move f7-4f f6-4f)
39.525: (pickup-and-loose f7-2f key0-0 key2-4)
39.528: (move f5-3f f5-2f)
39.549: (move f7-2f f8-2f)
39.551: (move f6-2f f5-2f)
39.616: (move f6-2f f6-3f)
39.621: (unlock f7-2f f7-1f key2-4 shape2)
39.621: (move f7-4f f7-3f)
39.630: (move f8-2f f9-2f)
39.636: (move f8-6f f7-6f)
39.640: (move f7-4f f6-4f)
39.654: (putdown f6-3f key1-4)
39.656: (move f7-2f f7-3f)
39.666: (unlock f6-1f f7-1f key2-4 shape2)
39.678: (move f7-3f f6-3f)
39.682: (move f6-5f f5-5f)
39.682: (move f5-4f f5-5f)
39.682: (move f7-4f f6-4f)
39.700: (move f7-2f f7-3f)
39.717: (move f7-5f f6-5f)
39.719: (move f6-4f f6-5f)
39.732: (move f7-2f f8-2f)
39.741: (move f6-3f f6-4f)
39.746: (move f6-3f f6-4f)
39.748: (move f7-4f f6-4f)
39.752: (move f7-4f f7-3f)
39.759: (move f7-4f f7-5f)
39.771: (move f8-3f f8-2f)
39.791: (pickup-and-loose f7-4f key3-3 key0-2)
39.791: (move f8-6f f9-6f)
39.797: (putdown f6-4f key3-3)
39.798: (unlock f7-2f f7-1f key2-4 shape2)
39.808: (unlock f6-2f f6-3f key2-4 shape2)
39.812: (move f7-4f f7-3f)
39.819: (move f7-5f f6-5f)
39.820: (move f7-2f f6-2f)
39.825: (move f6-3f f6-2f)
39.825: (unlock f7-2f f7-1f key2-4 shape2)
39.825: (putdown f7-4f key0-0)
39.829: (move f6-4f f6-5f)
39.831: (putdown f6-3f key0-0)
39.832: (move f7-4f f7-3f)
39.834: (move f7-4f f6-4f)
39.835: (move f5-4f f5-5f)
39.836: (move f6-3f f6-4f)
35.377: (unlock f7-2f f7-1f key2-4 shape2)
35.638: (move f7-3f f7-2f)
35.786: (move f7-3f f7-2f)
35.933: (move f7-6f f6-6f)
35.937: (move f7-4f f6-4f)
36.023: (move f7-4f f6-4f)
36.085: (move f6-3f f6-4f)
36.088: (move f7-4f f6-4f)
36.145: (pickup-and-loose f6-4f key0-2 key0-0)
36.220: (move f6-4f f7-4f)
36.235: (move f6-4f f7-4f)
36.244: (move f7-4f f6-4f)
36.269: (pickup-and-loose f6-4f key0-2 key0-0)
36.289: (move f7-4f f6-4f)
36.291: (move f6-3f f6-4f)
36.317: (pickup-and-loose f6-4f key0-2 key0-0)
36.340: (move f7-4f f7-3f)
36.453: (pickup-and-loose f6-4f key0-2 key0-0)
36.623: (pickup-and-loose f7-3f key2-4 key0-2)
36.703: (move f7-6f f6-6f)
36.785: (move f7-5f f6-5f)
36.785: (move f6-4f f6-5f)
36.812: (move f6-4f f5-4f)
36.818: (move f7-6f f6-6f)
36.829: (move f6-5f f6-6f)
36.848: (move f6-4f f6-5f)
36.849: (move f7-5f f6-5f)
36.873: (move f6-4f f5-4f)
36.891: (move f6-5f f5-5f)
36.893: (move f5-4f f5-5f)
36.900: (move f6-5f f6-6f)
36.929: (putdown f6-4f key0-0)
36.998: (move f7-5f f6-5f)
37.005: (move f6-4f f5-4f)
37.005: (move f5-3f f5-4f)
37.007: (move f6-4f f6-5f)
37.014: (move f6-4f f7-4f)
37.020: (move f7-3f f7-4f)
37.039: (move f6-4f f6-5f)
37.039: (move f7-5f f6-5f)
37.040: (putdown f6-4f key0-0)
37.054: (pickup f6-4f key0-2)
37.065: (move f6-4f f5-4f)
37.075: (move f6-4f f6-5f)
37.089: (move f6-4f f7-4f)
37.100: (move f6-4f f5-4f)
37.126: (putdown f6-4f key0-0)
37.134: (move f7-2f f8-2f)
37.141: (move f8-3f f8-2f)
37.148: (move f6-4f f7-4f)
37.168: (move f6-4f f6-5f)
37.195: (pickup f6-4f key0-2)
37.203: (putdown f6-4f key0-0)
37.213: (move f6-4f f6-3f)
37.261: (move f6-4f f7-4f)
37.276: (pickup-and-loose f7-3f key0-0 key3-3)
37.286: (move f6-4f f6-5f)
37.302: (unlock f7-5f f8-5f key0-0 shape0)
37.304: (pickup-and-loose f6-4f key0-2 key3-3)
37.305: (move f7-4f f7-3f)
37.308: (move f6-3f f6-2f)
37.319: (move f7-2f f6-2f)
37.325: (move f6-4f f7-4f)
37.332: (unlock f7-5f f8-5f key0-0 shape0)
37.332: (move f7-4f f7-5f)
37.400: (move f6-4f f5-4f)
37.422: (pickup-and-loose f6-4f key0-2 key1-4)
37.429: (unlock f8-4f f8-5f key0-0 shape0)
37.429: (pickup f6-4f key0-2)
37.434: (move f8-6f f7-6f)
37.468: (move f5-2f f5-1f)
37.479: (move f5-4f f4-4f)
37.479: (move f7-3f f7-4f)
37.479: (move f6-4f f5-4f)
37.480: (move f6-3f f5-3f)
37.485: (move f7-3f f6-3f)
37.490: (move f6-1f f5-1f)
37.492: (move f7-2f f6-2f)
37.496: (move f6-6f f7-6f)
37.496: (move f7-5f f7-6f)
37.498: (move f6-3f f6-2f)
37.499: (pickup f6-4f key0-2)
37.515: (unlock f8-4f f8-5f key0-0 shape0)
37.516: (move f7-4f f7-5f)
37.517: (pickup f7-3f key0-2)
37.519: (move f7-4f f8-4f)
37.522: (move f8-3f f8-4f)
37.561: (unlock f7-3f f6-3f key2-4 shape2)
37.566: (unlock f7-5f f8-5f key0-0 shape0)
37.568: (move f7-4f f7-5f)
37.569: (move f7-6f f6-6f)
37.578: (pickup-and-loose f6-4f key0-2 key3-3)
37.587: (move f7-6f f7-5f)
37.624: (unlock f8-6f f8-5f key0-0 shape0)
37.639: (move f8-6f f7-6f)
37.642: (pickup-and-loose f7-3f key0-0 key3-3)
37.645: (move f7-4f f7-3f)
37.649: (pickup-and-loose f6-4f key0-2 key3-3)
37.666: (move f7-6f f7-5f)
37.678: (unlock f7-5f f8-5f key0-2 shape0)
37.690: (move f7-4f f8-4f)
37.692: (move f6-3f f5-3f)
37.703: (move f7-2f f6-2f)
37.713: (move f6-5f f6-6f)
37.753: (unlock f8-4f f8-5f key0-0 shape0)
37.755: (move f7-4f f8-4f)
37.769: (move f8-3f f8-4f)
37.769: (pickup-and-loose f7-3f key0-0 key3-3)
37.791: (pickup-and-loose f6-4f key0-2 key3-3)
37.800: (move f7-4f f7-5f)
37.810: (move f7-4f f7-5f)
37.811: (move f6-5f f7-5f)
37.817: (move f7-4f f8-4f)
37.819: (move f7-3f f8-3f)
37.819: (move f7-6f f7-5f)
37.820: (move f6-5f f7-5f)
37.820: (move f7-4f f7-5f)
37.846: (move f7-4f f7-5f)
37.878: (move f5-2f f4-2f)
37.952: (move f7-3f f7-4f)
37.957: (move f5-4f f5-3f)
37.971: (move f5-2f f5-3f)
37.978: (move f7-4f f8-4f)
38.085: (move f7-4f f8-4f)
38.088: (move f5-3f f5-2f)
38.089: (move f6-4f f6-5f)
38.089: (move f8-3f f8-4f)
38.090: (move f6-2f f5-2f)
38.093: (move f7-3f f8-3f)
38.112: (move f7-3f f6-3f)
38.133: (move f6-4f f6-5f)
38.135: (move f5-4f f5-5f)
38.137: (move f6-5f f5-5f)
38.156: (move f6-5f f7-5f)
38.158: (move f7-4f f7-5f)
38.201: (putdown f7-2f key0-2)
38.229: (move f7-3f f7-2f)
38.234: (move f6-4f f5-4f)
38.248: (move f4-4f f3-4f)
38.286: (move f6-4f f6-5f)
38.288: (move f6-4f f6-5f)
38.290: (move f7-3f f6-3f)
38.309: (move f6-2f f6-3f)
38.316: (move f6-4f f5-4f)
38.326: (move f6-4f f6-5f)
38.339: (move f6-6f f5-6f)
38.384: (pickup f7-4f key3-3)
38.405: (move f7-2f f7-3f)
38.406: (putdown f7-2f key0-0)
38.423: (move f6-4f f5-4f)
38.423: (move f8-7f f8-8f)
38.428: (move f6-4f f5-4f)
38.433: (putdown f7-3f key0-2)
38.439: (move f7-4f f7-3f)
38.453: (move f6-4f f7-4f)
38.473: (move f7-3f f8-3f)
38.489: (unlock f8-6f f8-5f key0-0 shape0)
38.490: (move f6-4f f5-4f)
38.505: (move f7-5f f7-6f)
38.549: (move f7-1f f6-1f)
38.549: (move f8-6f f8-5f)
38.624: (move f7-1f f8-1f)
38.625: (move f7-5f f7-6f)
38.627: (move f8-6f f7-6f)
38.633: (move f8-6f f7-6f)
38.636: (move f7-3f f7-4f)
38.638: (move f8-2f f8-1f)
38.660: (move f6-4f f6-5f)
38.661: (move f6-4f f7-4f)
38.672: (move f8-7f f9-7f)
38.678: (move f5-4f f4-4f)
38.697: (move f9-6f f9-7f)
38.720: (move f8-3f f8-2f)
38.722: (move f7-2f f8-2f)
38.724: (move f7-5f f7-6f)
38.754: (move f6-2f f6-1f)
38.757: (move f5-5f f5-6f)
38.770: (move f6-6f f5-6f)
38.775: (move f8-6f f8-7f)
38.826: (move f6-5f f5-5f)
38.829: (move f8-6f f8-7f)
38.835: (move f5-4f f5-5f)
38.845: (move f8-4f f8-3f)
38.845: (move f7-3f f8-3f)
38.849: (move f8-6f f8-5f)
38.873: (move f7-2f f8-2f)
38.874: (move f5-4f f5-5f)
38.879: (pickup f7-4f key3-3)
38.884: (move f8-3f f8-2f)
38.889: (pickup-and-loose f7-4f key3-3 key1-4)
38.889: (move f7-3f f6-3f)
38.896: (move f6-5f f5-5f)
38.901: (move f7-4f f6-4f)
38.924: (move f6-4f f6-3f)
38.928: (move f7-3f f8-3f)
38.952: (move f7-2f f8-2f)
38.962: (move f7-3f f7-4f)
38.962: (pickup-and-loose f7-3f key0-0 key2-4)
38.964: (move f8-3f f8-2f)
38.970: (move f5-5f f4-5f)
35.267: (move f7-3f f7-2f)
35.337: (unlock f7-2f f7-1f key2-4 shape2)
35.479: (unlock f7-2f f7-1f key2-4 shape2)
35.779: (move f7-3f f7-2f)
35.947: (move f7-3f f8-3f)
35.986: (move f7-6f f6-6f)
36.001: (pickup-and-loose f7-4f key0-0 key0-2)
36.009: (move f7-3f f7-4f)
36.018: (pickup-and-loose f7-4f key0-0 key0-2)
36.075: (move f7-4f f6-4f)
36.123: (pickup-and-loose f7-3f key0-0 key0-2)
36.150: (pickup-and-loose f6-6f key0-2 key0-0)
36.153: (move f7-6f f6-6f)
36.154: (pickup-and-loose f6-4f key0-2 key0-0)
36.226: (move f7-4f f7-3f)
36.228: (move f6-4f f7-4f)
36.231: (move f6-4f f7-4f)
36.235: (move f6-4f f7-4f)
36.244: (pickup-and-loose f6-4f key0-2 key0-0)
36.261: (move f6-4f f7-4f)
36.303: (move f6-4f f7-4f)
36.305: (pickup-and-loose f6-4f key0-2 key0-0)
36.335: (move f7-4f f7-3f)
36.349: (move f7-4f f7-3f)
36.352: (move f6-3f f7-3f)
36.455: (pickup-and-loose f7-3f key2-4 key0-2)
36.459: (pickup-and-loose f6-4f key0-2 key0-0)
36.500: (move f7-6f f8-6f)
36.507: (pickup-and-loose f6-4f key0-2 key0-0)
36.519: (move f7-4f f7-3f)
36.567: (unlock f7-3f f6-3f key2-4 shape2)
36.585: (pickup-and-loose f7-4f key3-3 key0-2)
36.618: (pickup f7-3f key2-4)
36.643: (move f7-6f f6-6f)
36.659: (move f6-5f f6-6f)
36.724: (move f6-5f f6-6f)
36.725: (move f7-6f f6-6f)
36.788: (move f6-4f f6-5f)
36.791: (move f6-5f f6-6f)
36.796: (move f7-5f f6-5f)
36.816: (move f6-4f f5-4f)
36.849: (move f6-6f f6-5f)
36.857: (move f7-5f f7-4f)
36.865: (move f7-5f f6-5f)
36.880: (move f6-5f f6-6f)
36.894: (move f5-4f f5-5f)
36.895: (move f6-5f f5-5f)
36.920: (move f7-6f f6-6f)
36.930: (move f6-5f f6-6f)
36.937: (putdown f6-4f key0-0)
36.951: (move f6-5f f5-5f)
36.951: (move f5-4f f5-5f)
36.963: (move f7-5f f7-4f)
36.964: (putdown f6-6f key0-0)
36.992: (move f6-4f f5-4f)
36.995: (move f6-4f f6-5f)
36.996: (move f7-5f f6-5f)
36.997: (move f6-4f f5-4f)
36.999: (move f7-5f f6-5f)
37.001: (move f6-4f f6-5f)
37.001: (move f5-3f f5-4f)
37.005: (move f6-6f f6-5f)
37.006: (move f7-5f f6-5f)
37.015: (move f6-4f f6-3f)
37.017: (move f6-4f f6-5f)
37.020: (move f7-3f f6-3f)
37.022: (move f7-5f f6-5f)
37.033: (move f6-4f f7-4f)
37.034: (move f7-5f f6-5f)
37.043: (putdown f7-4f key0-2)
37.044: (putdown f7-4f key0-2)
37.045: (move f6-4f f5-4f)
37.045: (move f6-4f f6-5f)
37.059: (move f5-4f f5-5f)
37.059: (move f6-5f f5-5f)
37.064: (move f8-3f f8-2f)
37.064: (move f8-4f f7-4f)
37.064: (move f7-5f f7-4f)
37.065: (putdown f6-4f key0-0)
37.069: (move f6-4f f5-4f)
37.082: (move f6-4f f6-5f)
37.083: (move f7-2f f8-2f)
37.089: (move f7-3f f7-4f)
37.095: (move f4-2f f4-1f)
37.102: (move f6-4f f7-4f)
37.106: (move f6-4f f5-4f)
37.108: (putdown f7-3f key0-2)
37.112: (putdown f6-4f key0-0)
37.116: (move f5-1f f4-1f)
37.118: (move f5-4f f5-5f)
37.118: (move f6-5f f5-5f)
37.132: (move f6-4f f6-3f)
37.134: (move f7-2f f8-2f)
37.144: (move f4-2f f3-2f)
37.157: (move f6-4f f7-4f)
37.159: (move f6-5f f5-5f)
37.159: (move f5-4f f5-5f)
37.171: (move f6-4f f6-5f)
37.173: (move f6-4f f6-5f)
37.200: (move f6-4f f5-4f)
37.204: (move f6-4f f6-5f)
37.210: (putdown f6-4f key0-0)
37.211: (move f6-4f f7-4f)
37.215: (move f7-5f f6-5f)
37.216: (move f6-4f f7-4f)
37.216: (move f5-3f f5-4f)
37.222: (move f8-5f f8-4f)
37.235: (move f6-4f f5-4f)
37.237: (move f6-4f f6-5f)
37.242: (move f6-4f f6-3f)
37.266: (move f6-6f f5-6f)
37.267: (move f6-4f f6-5f)
37.290: (move f6-4f f6-5f)
37.291: (move f7-2f f6-2f)
37.294: (unlock f6-2f f6-3f key2-4 shape2)
37.295: (putdown f6-4f key0-0)
37.296: (move f6-4f f5-4f)
37.301: (move f6-4f f6-5f)
37.303: (move f6-3f f6-2f)
37.304: (move f7-6f f7-5f)
37.305: (unlock f7-5f f8-5f key0-0 shape0)
37.307: (move f8-5f f7-5f)
37.314: (move f6-4f f6-3f)
37.316: (move f6-3f f6-2f)
37.317: (unlock f7-5f f8-5f key0-0 shape0)
37.329: (move f6-4f f7-4f)
37.347: (unlock f7-5f f8-5f key0-0 shape0)
37.348: (move f7-3f f6-3f)
37.372: (move f8-3f f8-2f)
37.376: (move f7-2f f8-2f)
37.385: (move f6-4f f6-3f)
37.385: (move f6-1f f5-1f)
37.393: (move f6-4f f7-4f)
37.395: (move f6-4f f5-4f)
37.402: (move f6-4f f7-4f)
37.410: (move f6-4f f5-4f)
37.423: (move f6-1f f5-1f)
37.427: (move f7-3f f8-3f)
37.436: (move f6-6f f7-6f)
37.445: (move f5-2f f5-1f)
37.446: (move f8-4f f8-3f)
37.452: (unlock f8-4f f8-5f key0-0 shape0)
37.454: (move f7-5f f7-6f)
37.456: (move f4-4f f3-4f)
37.458: (unlock f8-4f f8-5f key0-2 shape0)
37.473: (move f8-5f f7-5f)
37.483: (move f6-4f f5-4f)
37.484: (move f6-5f f7-5f)
37.485: (move f7-4f f8-4f)
37.486: (move f5-4f f4-4f)
37.490: (move f7-4f f7-5f)
37.492: (unlock f7-5f f8-5f key0-0 shape0)
37.495: (move f7-6f f7-5f)
37.496: (move f4-4f f3-4f)
37.499: (move f6-4f f5-4f)
37.500: (move f6-6f f7-6f)
37.512: (unlock f7-5f f8-5f key0-2 shape0)
37.513: (move f7-5f f7-6f)
37.538: (move f6-4f f6-5f)
37.545: (move f6-5f f7-5f)
37.553: (move f5-4f f4-4f)
37.554: (move f6-5f f6-6f)
37.558: (unlock f7-5f f8-5f key0-2 shape0)
37.559: (move f7-4f f7-5f)
37.570: (move f6-4f f6-3f)
37.571: (move f7-4f f7-5f)
37.574: (move f7-2f f6-2f)
37.574: (move f6-5f f7-5f)
37.576: (move f6-5f f7-5f)
37.579: (move f7-6f f6-6f)
37.581: (move f7-4f f7-5f)
37.581: (unlock f7-5f f8-5f key0-0 shape0)
37.590: (unlock f7-5f f8-5f key0-0 shape0)
37.592: (move f7-2f f6-2f)
37.599: (move f6-4f f5-4f)
37.603: (putdown f7-2f key0-2)
37.617: (move f7-4f f8-4f)
37.631: (move f7-6f f7-5f)
37.645: (move f6-6f f6-7f)
37.645: (move f7-4f f7-3f)
37.654: (move f7-4f f7-5f)
37.665: (unlock f7-5f f8-5f key0-2 shape0)
37.672: (move f5-4f f4-4f)
37.683: (move f7-4f f8-4f)
37.697: (move f7-2f f7-1f)
37.699: (move f8-6f f7-6f)
37.704: (move f7-4f f8-4f)
37.714: (move f7-6f f6-6f)
37.722: (move f7-5f f8-5f)
37.725: (move f5-4f f4-4f)
37.726: (move f7-5f f7-6f)
37.736: (move f5-4f f4-4f)
37.748: (unlock f8-4f f8-5f key0-0 shape0)
37.752: (move f7-2f f7-3f)
37.757: (unlock f5-6f f5-7f key0-0 shape0)
37.767: (unlock f8-4f f8-5f key0-0 shape0)
37.771: (move f7-3f f7-4f)
37.776: (move f6-5f f6-6f)
37.782: (move f7-3f f7-2f)
37.784: (move f7-4f f7-5f)
35.134: (unlock f7-2f f7-1f key2-4 shape2)
35.204: (move f7-3f f7-2f)
35.205: (pickup-and-loose f7-2f key2-4 key0-2)
35.213: (move f7-3f f7-2f)
35.434: (move f7-3f f6-3f)
35.438: (move f7-3f f7-2f)
35.462: (unlock f7-2f f7-1f key2-4 shape2)
35.854: (move f7-3f f8-3f)
35.882: (move f4-1f f3-1f)
35.883: (move f3-2f f3-1f)
35.899: (move f8-3f f8-2f)
35.899: (move f7-2f f8-2f)
35.947: (move f7-3f f8-3f)
35.973: (move f7-3f f7-4f)
35.998: (move f7-3f f7-4f)
36.007: (pickup-and-loose f7-4f key0-0 key0-2)
36.014: (pickup-and-loose f7-3f key0-0 key0-2)
36.019: (pickup-and-loose f7-4f key0-0 key0-2)
36.024: (pickup-and-loose f7-4f key0-0 key0-2)
36.034: (pickup-and-loose f7-4f key0-0 key0-2)
36.035: (move f6-5f f6-4f)
36.036: (move f7-4f f6-4f)
36.062: (move f7-3f f8-3f)
36.084: (pickup-and-loose f7-4f key0-0 key0-2)
36.112: (move f7-6f f6-6f)
36.117: (pickup-and-loose f7-3f key0-0 key0-2)
36.147: (pickup-and-loose f7-3f key0-0 key0-2)
36.152: (move f7-4f f6-4f)
36.153: (move f6-5f f6-4f)
36.179: (move f7-3f f7-4f)
36.202: (pickup-and-loose f6-6f key0-2 key0-0)
36.220: (move f7-4f f7-3f)
36.274: (pickup-and-loose f8-6f key0-0 key0-2)
36.287: (move f6-3f f7-3f)
36.289: (move f7-4f f7-3f)
36.297: (pickup-and-loose f6-4f key0-2 key0-0)
36.308: (pickup-and-loose f7-3f key0-0 key0-2)
36.353: (pickup-and-loose f6-6f key0-2 key0-0)
36.362: (move f6-3f f7-3f)
36.363: (move f7-4f f7-3f)
36.404: (move f5-6f f6-6f)
36.407: (move f7-2f f6-2f)
36.421: (unlock f7-3f f6-3f key2-4 shape2)
36.438: (move f7-6f f8-6f)
36.473: (move f7-4f f7-3f)
36.488: (move f5-6f f5-5f)
36.490: (move f8-5f f8-6f)
36.490: (move f7-6f f8-6f)
36.507: (move f7-6f f8-6f)
36.509: (unlock f8-6f f8-5f key0-2 shape0)
36.559: (unlock f7-3f f6-3f key2-4 shape2)
36.595: (pickup-and-loose f7-4f key3-3 key0-2)
36.598: (pickup-and-loose f7-4f key3-3 key0-2)
36.714: (move f6-5f f6-6f)
36.783: (unlock f5-6f f5-7f key0-0 shape0)
36.809: (move f6-5f f6-6f)
36.813: (move f7-5f f6-5f)
36.827: (move f7-5f f7-4f)
36.852: (move f6-4f f6-5f)
36.865: (move f6-4f f5-4f)
36.867: (unlock f6-7f f5-7f key0-0 shape0)
36.869: (move f6-5f f5-5f)
36.871: (move f6-5f f6-6f)
36.908: (move f6-5f f6-6f)
36.927: (move f6-5f f6-6f)
36.942: (move f6-5f f6-6f)
36.946: (move f6-5f f5-5f)
36.948: (move f5-4f f5-5f)
37.005: (putdown f7-3f key0-2)
37.011: (move f7-5f f6-5f)
37.015: (move f6-6f f6-5f)
37.018: (putdown f6-6f key0-0)
37.020: (move f6-4f f6-5f)
37.025: (putdown f7-4f key0-2)
37.027: (move f6-5f f6-6f)
37.031: (move f7-2f f8-2f)
37.032: (move f7-2f f8-2f)
37.041: (move f7-5f f6-5f)
37.046: (move f6-5f f6-6f)
37.047: (move f6-4f f5-4f)
37.050: (move f7-5f f7-4f)
37.050: (move f8-4f f7-4f)
37.056: (putdown f7-4f key0-2)
37.056: (putdown f7-4f key0-2)
37.057: (putdown f7-4f key0-2)
37.057: (move f6-5f f5-5f)
37.065: (putdown f6-4f key0-0)
37.077: (move f5-4f f5-5f)
37.091: (move f8-3f f8-2f)
37.091: (move f8-4f f7-4f)
37.095: (move f7-5f f7-4f)
37.095: (putdown f7-3f key0-2)
37.097: (move f5-1f f4-1f)
37.106: (putdown f7-4f key0-2)
37.108: (move f6-4f f7-4f)
37.114: (move f6-5f f6-6f)
37.120: (move f7-5f f7-4f)
37.122: (move f5-1f f4-1f)
37.123: (move f6-5f f5-5f)
37.125: (unlock f6-2f f6-3f key2-4 shape2)
37.127: (move f5-4f f5-5f)
37.138: (move f6-5f f5-5f)
37.139: (move f5-6f f5-5f)
37.145: (putdown f6-6f key0-0)
37.147: (move f6-5f f5-5f)
37.148: (move f6-5f f5-5f)
37.149: (move f7-2f f6-2f)
37.150: (move f5-4f f5-5f)
37.154: (move f6-5f f6-6f)
37.157: (move f7-5f f6-5f)
37.167: (putdown f7-3f key0-2)
37.172: (move f7-5f f6-5f)
37.173: (move f5-4f f5-5f)
37.180: (move f6-5f f5-5f)
37.188: (move f7-6f f6-6f)
37.193: (move f7-3f f8-3f)
37.205: (move f7-4f f6-4f)
37.217: (move f8-4f f7-4f)
37.222: (move f6-4f f5-4f)
37.223: (putdown f8-6f key0-2)
37.223: (move f6-4f f6-5f)
37.226: (move f6-4f f5-4f)
37.227: (move f7-5f f7-4f)
37.229: (move f7-4f f7-3f)
37.234: (move f6-6f f6-5f)
37.235: (move f6-4f f6-5f)
37.236: (move f6-6f f6-5f)
37.244: (move f6-4f f6-3f)
37.248: (unlock f6-2f f6-3f key2-4 shape2)
37.253: (move f7-5f f6-5f)
37.257: (move f6-3f f7-3f)
37.257: (move f6-3f f6-2f)
37.257: (move f5-4f f5-5f)
37.257: (move f6-5f f5-5f)
37.259: (move f7-4f f7-5f)
37.266: (putdown f7-3f key0-2)
37.272: (move f6-4f f6-5f)
37.273: (move f6-6f f5-6f)
37.278: (move f7-2f f6-2f)
37.279: (move f5-4f f5-5f)
37.281: (move f6-4f f7-4f)
37.281: (move f6-5f f5-5f)
37.283: (move f7-2f f8-2f)
37.286: (unlock f7-5f f8-5f key0-0 shape0)
37.297: (move f6-4f f6-3f)
37.299: (move f7-4f f6-4f)
37.300: (move f6-4f f5-4f)
37.305: (move f7-5f f7-4f)
37.307: (move f8-4f f8-3f)
37.309: (move f7-2f f8-2f)
37.317: (move f8-4f f7-4f)
37.331: (move f7-4f f7-3f)
37.333: (move f6-4f f7-4f)
37.335: (move f6-5f f5-5f)
37.335: (move f5-4f f5-5f)
37.343: (move f6-3f f6-2f)
37.351: (move f7-4f f7-5f)
37.354: (move f7-3f f8-3f)
37.357: (unlock f8-4f f8-5f key0-2 shape0)
37.359: (unlock f7-5f f8-5f key0-0 shape0)
37.368: (unlock f7-5f f8-5f key0-2 shape0)
37.375: (unlock f7-5f f8-5f key0-2 shape0)
37.381: (move f3-4f f3-3f)
37.388: (move f7-4f f8-4f)
37.389: (move f6-4f f7-4f)
37.393: (move f6-5f f5-5f)
37.393: (move f7-5f f7-6f)
37.396: (move f5-4f f5-5f)
37.396: (move f6-3f f6-2f)
37.402: (move f8-4f f8-3f)
37.407: (move f7-4f f7-5f)
37.409: (move f7-4f f8-4f)
37.413: (move f6-3f f6-2f)
37.415: (move f7-4f f7-3f)
37.415: (unlock f8-4f f8-5f key0-2 shape0)
37.425: (move f7-3f f8-3f)
37.431: (move f6-3f f7-3f)
37.435: (move f6-4f f5-4f)
37.435: (move f6-4f f6-5f)
37.441: (move f6-6f f7-6f)
37.459: (unlock f7-5f f8-5f key0-2 shape0)
37.464: (move f7-4f f7-3f)
37.466: (move f7-2f f6-2f)
37.475: (move f7-4f f8-4f)
37.477: (move f6-6f f5-6f)
37.481: (move f7-4f f8-4f)
37.481: (move f8-3f f8-4f)
37.484: (unlock f7-5f f8-5f key0-2 shape0)
37.485: (move f4-4f f3-4f)
37.488: (unlock f8-4f f8-5f key0-2 shape0)
37.491: (move f4-4f f3-4f)
37.492: (move f7-6f f7-5f)
37.502: (move f7-4f f7-5f)
37.505: (move f6-6f f5-6f)
37.506: (move f6-5f f7-5f)
37.511: (move f6-3f f6-2f)
37.512: (move f6-4f f6-3f)
37.514: (move f7-3f f7-2f)
37.514: (move f7-4f f7-5f)
37.531: (move f7-4f f7-5f)
35.047: (pickup-and-loose f7-2f key2-4 key0-2)
35.075: (unlock f7-2f f7-1f key2-4 shape2)
35.091: (unlock f7-2f f7-1f key2-4 shape2)
35.312: (unlock f7-2f f7-1f key2-4 shape2)
35.328: (move f7-3f f6-3f)
35.399: (move f7-3f f7-2f)
35.421: (move f7-3f f7-2f)
35.441: (move f7-3f f6-3f)
35.739: (move f6-7f f6-6f)
35.742: (move f5-6f f6-6f)
35.802: (move f8-3f f8-2f)
35.804: (move f7-2f f8-2f)
35.819: (move f7-2f f6-2f)
35.820: (move f6-3f f6-2f)
35.821: (move f8-3f f8-2f)
35.822: (move f7-2f f8-2f)
35.828: (unlock f6-2f f6-3f key2-4 shape2)
35.864: (move f7-2f f8-2f)
35.865: (pickup-and-loose f3-1f key2-0 key0-0)
35.906: (move f4-1f f3-1f)
35.917: (move f4-1f f3-1f)
36.000: (pickup-and-loose f7-3f key0-0 key0-2)
36.013: (move f7-3f f8-3f)
36.058: (move f7-3f f8-3f)
36.065: (pickup-and-loose f7-3f key0-0 key0-2)
36.094: (move f8-3f f8-2f)
36.095: (move f7-2f f8-2f)
36.113: (move f7-4f f7-3f)
36.118: (move f6-2f f5-2f)
36.140: (move f7-3f f7-4f)
36.147: (pickup-and-loose f7-3f key0-0 key0-2)
36.167: (move f6-5f f6-4f)
36.169: (move f7-3f f7-4f)
36.175: (move f7-4f f6-4f)
36.191: (move f6-5f f6-4f)
36.196: (move f7-4f f6-4f)
36.207: (pickup-and-loose f8-6f key0-0 key0-2)
36.236: (pickup-and-loose f7-3f key0-0 key0-2)
36.242: (pickup-and-loose f6-4f key0-2 key0-0)
36.244: (move f6-5f f6-4f)
36.244: (move f7-4f f6-4f)
36.245: (move f7-4f f6-4f)
36.265: (move f6-5f f6-4f)
36.270: (pickup-and-loose f8-6f key0-0 key0-2)
36.290: (unlock f8-6f f8-5f key0-0 shape0)
36.293: (pickup-and-loose f8-6f key0-0 key0-2)
36.329: (move f7-2f f6-2f)
36.331: (move f7-2f f6-2f)
36.364: (pickup-and-loose f6-6f key0-2 key0-0)
36.377: (pickup-and-loose f6-4f key0-2 key0-0)
36.402: (move f8-4f f7-4f)
36.406: (move f7-5f f7-4f)
36.408: (move f7-6f f8-6f)
36.412: (move f7-2f f6-2f)
36.427: (move f8-4f f7-4f)
36.428: (move f7-5f f7-4f)
36.466: (unlock f8-6f f8-5f key0-2 shape0)
36.513: (unlock f8-6f f8-5f key0-2 shape0)
36.620: (move f7-2f f7-3f)
36.641: (move f7-2f f7-1f)
36.670: (move f3-3f f3-2f)
36.671: (move f6-6f f6-5f)
36.672: (move f5-5f f6-5f)
36.686: (move f6-5f f6-6f)
36.693: (move f6-2f f6-1f)
36.704: (move f5-5f f5-4f)
36.741: (move f5-6f f5-5f)
36.781: (move f7-3f f7-4f)
36.788: (unlock f5-6f f5-7f key0-0 shape0)
36.828: (move f6-5f f6-6f)
36.841: (move f5-5f f5-4f)
36.851: (move f6-4f f5-4f)
36.852: (move f8-3f f8-2f)
36.869: (move f7-3f f7-4f)
36.893: (move f7-4f f6-4f)
36.894: (move f6-5f f6-6f)
36.898: (unlock f5-6f f5-7f key0-0 shape0)
36.903: (move f5-4f f5-5f)
36.911: (move f6-5f f5-5f)
36.926: (move f6-5f f6-6f)
36.950: (putdown f3-1f key0-0)
36.957: (move f7-5f f6-5f)
36.962: (move f6-4f f6-5f)
36.983: (move f7-3f f6-3f)
36.992: (putdown f7-3f key0-2)
36.996: (move f8-3f f8-2f)
37.006: (move f7-4f f7-3f)
37.007: (unlock f5-6f f5-7f key0-2 shape0)
37.009: (move f7-5f f6-5f)
37.022: (putdown f6-4f key0-0)
37.027: (move f7-4f f6-4f)
37.030: (move f7-2f f8-2f)
37.030: (move f6-5f f6-6f)
37.034: (move f8-3f f8-2f)
37.036: (move f6-5f f5-5f)
37.038: (move f6-4f f5-4f)
37.040: (move f5-5f f5-4f)
37.041: (move f7-5f f6-5f)
37.045: (move f6-4f f6-5f)
37.046: (move f7-4f f6-4f)
37.048: (move f6-3f f6-4f)
37.050: (move f7-5f f7-4f)
37.053: (move f7-4f f7-5f)
37.084: (move f6-4f f6-5f)
37.099: (move f7-3f f7-4f)
37.100: (move f6-5f f6-6f)
37.100: (putdown f7-3f key0-2)
37.101: (move f8-3f f8-2f)
37.106: (unlock f6-2f f6-3f key2-4 shape2)
37.108: (move f6-4f f5-4f)
37.121: (move f7-3f f8-3f)
37.139: (move f7-2f f6-2f)
37.142: (move f7-5f f6-5f)
37.144: (move f6-5f f6-6f)
37.144: (putdown f6-4f key0-0)
37.145: (move f5-6f f5-5f)
37.149: (move f6-5f f5-5f)
37.149: (move f6-5f f5-5f)
37.150: (putdown f6-6f key0-0)
37.156: (unlock f7-5f f8-5f key0-0 shape0)
37.164: (putdown f8-6f key0-2)
37.169: (unlock f8-4f f8-5f key0-0 shape0)
37.169: (move f7-5f f7-4f)
37.170: (putdown f7-3f key0-2)
37.171: (move f6-4f f5-4f)
37.183: (move f6-5f f5-5f)
37.185: (move f5-4f f5-5f)
37.187: (move f8-3f f8-4f)
37.189: (move f7-4f f8-4f)
37.193: (move f7-3f f8-3f)
37.204: (move f7-2f f8-2f)
37.207: (move f7-5f f6-5f)
37.214: (move f3-1f f2-1f)
37.217: (putdown f7-3f key0-2)
37.219: (move f7-4f f6-4f)
37.220: (unlock f7-5f f8-5f key0-0 shape0)
37.224: (move f6-5f f6-6f)
37.226: (putdown f8-6f key0-2)
37.231: (move f6-6f f6-5f)
37.234: (move f7-4f f7-3f)
37.239: (move f6-6f f6-5f)
37.241: (unlock f8-4f f8-5f key0-0 shape0)
37.249: (move f6-5f f6-6f)
37.249: (move f6-4f f7-4f)
37.252: (move f6-4f f5-4f)
37.256: (move f7-4f f6-4f)
37.265: (move f8-6f f7-6f)
37.271: (move f7-4f f7-5f)
37.278: (putdown f8-6f key0-2)
37.281: (pickup-and-loose f7-2f key0-0 key2-4)
37.282: (move f7-3f f7-2f)
37.285: (move f6-5f f6-6f)
37.295: (move f6-5f f5-5f)
37.302: (move f5-6f f5-5f)
37.303: (move f5-4f f5-5f)
37.303: (move f7-4f f7-5f)
37.314: (move f7-4f f6-4f)
37.316: (move f8-2f f8-1f)
37.320: (move f6-5f f5-5f)
37.325: (move f6-5f f5-5f)
37.326: (move f7-4f f7-5f)
37.326: (unlock f7-5f f8-5f key0-2 shape0)
37.329: (move f7-4f f7-3f)
37.349: (move f7-3f f8-3f)
37.349: (move f7-4f f6-4f)
37.359: (move f7-3f f8-3f)
37.359: (move f6-5f f5-5f)
37.364: (move f7-4f f7-5f)
37.364: (move f5-6f f5-5f)
37.382: (move f7-5f f6-5f)
37.386: (move f8-6f f8-7f)
37.394: (move f5-4f f5-5f)
37.395: (move f7-4f f8-4f)
37.396: (move f6-5f f5-5f)
37.412: (move f3-1f f3-0f)
37.415: (move f7-4f f7-3f)
37.420: (move f7-4f f7-3f)
37.421: (move f7-4f f7-5f)
37.427: (move f8-3f f8-4f)
37.427: (move f7-4f f8-4f)
37.429: (move f7-4f f8-4f)
37.439: (move f7-3f f7-2f)
37.455: (move f6-5f f5-5f)
37.461: (move f7-4f f7-5f)
37.461: (move f6-6f f5-6f)
37.468: (move f6-6f f6-5f)
37.474: (move f7-4f f8-4f)
37.476: (pickup-and-loose f7-2f key0-0 key2-4)
37.476: (move f7-3f f7-2f)
37.483: (move f5-4f f5-5f)
37.483: (move f6-2f f6-3f)
37.483: (move f6-5f f5-5f)
37.484: (move f6-3f f5-3f)
37.489: (move f7-4f f8-4f)
37.491: (move f7-5f f6-5f)
37.500: (move f7-4f f7-3f)
37.500: (move f7-4f f7-5f)
37.504: (move f5-4f f4-4f)
37.512: (move f6-6f f5-6f)
37.527: (move f7-4f f8-4f)
34.989: (pickup-and-loose f7-2f key2-4 key0-2)
35.270: (unlock f7-2f f7-1f key2-4 shape2)
35.293: (unlock f7-2f f7-1f key2-4 shape2)
35.453: (move f3-2f f3-1f)
35.714: (move f6-2f f6-1f)
35.715: (move f7-1f f6-1f)
35.716: (unlock f6-1f f7-1f key2-4 shape2)
35.745: (move f6-3f f6-2f)
35.745: (move f7-2f f6-2f)
35.746: (unlock f6-2f f6-3f key2-4 shape2)
35.771: (move f7-2f f8-2f)
35.784: (move f7-2f f8-2f)
35.787: (move f5-6f f6-6f)
35.801: (move f7-2f f6-2f)
35.802: (unlock f6-2f f6-3f key2-4 shape2)
35.835: (unlock f6-2f f6-3f key2-4 shape2)
35.837: (move f7-2f f6-2f)
35.839: (move f6-3f f6-2f)
35.862: (move f5-4f f6-4f)
35.866: (move f6-5f f6-4f)
35.926: (pickup-and-loose f3-1f key2-0 key0-0)
35.927: (move f5-6f f6-6f)
35.935: (move f8-2f f8-3f)
35.940: (move f7-3f f8-3f)
35.952: (pickup-and-loose f3-1f key2-0 key0-0)
35.962: (pickup-and-loose f6-6f key0-2 key0-0)
35.963: (move f5-6f f6-6f)
35.992: (move f6-2f f5-2f)
36.017: (move f7-2f f8-2f)
36.019: (move f8-3f f8-2f)
36.032: (move f7-3f f7-4f)
36.043: (move f8-3f f8-2f)
36.044: (move f7-2f f8-2f)
36.047: (move f7-2f f8-2f)
36.048: (move f6-2f f5-2f)
36.076: (move f6-2f f5-2f)
36.200: (pickup-and-loose f7-4f key0-0 key0-2)
36.210: (pickup-and-loose f8-6f key0-0 key0-2)
36.217: (pickup-and-loose f7-4f key0-0 key0-2)
36.235: (move f7-5f f7-4f)
36.235: (move f8-4f f7-4f)
36.239: (move f7-5f f7-4f)
36.239: (move f8-4f f7-4f)
36.243: (pickup-and-loose f8-6f key0-0 key0-2)
36.244: (unlock f8-6f f8-5f key0-0 shape0)
36.265: (move f7-4f f6-4f)
36.275: (move f6-5f f6-4f)
36.282: (move f7-1f f8-1f)
36.285: (move f8-2f f8-1f)
36.286: (move f7-4f f7-3f)
36.289: (unlock f8-6f f8-5f key0-0 shape0)
36.290: (unlock f8-1f f7-1f key2-4 shape2)
36.294: (pickup-and-loose f8-6f key0-0 key0-2)
36.297: (move f6-2f f5-2f)
36.303: (move f5-3f f5-2f)
36.327: (pickup-and-loose f7-3f key0-2 key0-0)
36.333: (move f7-2f f6-2f)
36.337: (move f7-2f f6-2f)
36.365: (move f5-2f f5-1f)
36.369: (move f6-1f f5-1f)
36.386: (pickup-and-loose f6-4f key0-2 key0-0)
36.400: (pickup-and-loose f6-4f key0-2 key0-0)
36.423: (move f7-5f f7-4f)
36.447: (move f7-2f f7-3f)
36.471: (unlock f8-6f f8-5f key0-2 shape0)
36.477: (pickup-and-loose f6-4f key0-2 key0-0)
36.482: (pickup-and-loose f6-4f key0-2 key0-0)
36.548: (move f7-2f f7-1f)
36.553: (move f6-2f f6-1f)
36.558: (move f7-2f f7-1f)
36.560: (move f7-2f f7-3f)
36.574: (unlock f7-3f f6-3f key2-4 shape2)
36.602: (move f7-2f f7-3f)
36.626: (move f6-2f f6-1f)
36.683: (move f7-6f f6-6f)
36.719: (putdown f6-6f key0-0)
36.744: (move f5-6f f5-5f)
36.751: (move f6-5f f6-6f)
36.767: (pickup-and-loose f7-4f key3-3 key0-2)
36.806: (move f7-3f f7-4f)
36.814: (move f5-2f f4-2f)
36.817: (move f7-2f f7-1f)
36.844: (move f6-5f f6-6f)
36.844: (move f7-2f f8-2f)
36.855: (move f6-6f f6-5f)
36.858: (move f5-5f f6-5f)
36.863: (unlock f6-4f f6-3f key2-4 shape2)
36.863: (move f7-2f f8-2f)
36.864: (move f8-3f f8-2f)
36.869: (move f7-4f f6-4f)
36.874: (move f6-3f f6-4f)
36.880: (move f6-2f f6-1f)
36.894: (move f6-5f f6-6f)
36.898: (move f7-3f f6-3f)
36.904: (move f8-3f f8-2f)
36.913: (unlock f5-6f f5-7f key0-0 shape0)
36.930: (move f7-5f f6-5f)
36.931: (move f5-6f f5-5f)
36.953: (putdown f3-1f key0-0)
36.954: (move f6-4f f6-5f)
36.955: (move f7-5f f6-5f)
36.966: (move f5-6f f5-5f)
36.967: (move f6-4f f6-5f)
36.976: (putdown f3-1f key0-0)
36.988: (move f7-4f f6-4f)
36.991: (move f6-3f f6-4f)
36.991: (move f7-3f f7-4f)
36.993: (move f7-3f f7-4f)
36.996: (unlock f5-6f f5-7f key0-2 shape0)
37.005: (move f7-3f f6-3f)
37.029: (move f6-4f f5-4f)
37.033: (move f5-5f f5-4f)
37.037: (move f7-5f f6-5f)
37.038: (move f6-4f f5-4f)
37.043: (move f5-5f f5-4f)
37.045: (move f6-4f f6-5f)
37.045: (move f3-1f f4-1f)
37.049: (move f7-5f f6-5f)
37.057: (move f7-2f f8-2f)
37.059: (move f8-3f f8-2f)
37.073: (move f6-4f f6-5f)
37.074: (move f8-3f f8-2f)
37.076: (move f6-4f f6-5f)
37.086: (move f6-3f f6-2f)
37.086: (move f6-4f f5-4f)
37.094: (move f3-1f f3-2f)
37.097: (move f6-5f f5-5f)
37.101: (putdown f7-3f key0-0)
37.108: (move f7-5f f6-5f)
37.122: (move f7-3f f8-3f)
37.132: (move f5-4f f5-5f)
37.133: (move f6-5f f5-5f)
37.138: (unlock f7-5f f8-5f key0-0 shape0)
37.143: (unlock f8-4f f8-5f key0-0 shape0)
37.148: (putdown f6-4f key0-0)
37.150: (unlock f7-5f f8-5f key0-0 shape0)
37.152: (putdown f6-4f key0-0)
37.155: (move f3-1f f3-2f)
37.158: (move f6-4f f6-3f)
37.160: (move f7-3f f6-3f)
37.161: (putdown f8-6f key0-2)
37.163: (move f7-3f f7-4f)
37.165: (move f3-1f f3-2f)
37.168: (move f6-4f f7-4f)
37.168: (move f5-5f f5-4f)
37.169: (move f3-1f f2-1f)
37.170: (move f7-3f f8-3f)
37.178: (move f8-2f f8-1f)
37.184: (move f6-4f f5-4f)
37.188: (move f6-4f f5-4f)
37.189: (unlock f8-4f f8-5f key0-0 shape0)
37.193: (move f7-3f f6-3f)
37.194: (move f6-4f f5-4f)
37.196: (unlock f7-5f f8-5f key0-0 shape0)
37.198: (move f5-5f f5-4f)
37.200: (move f7-5f f6-5f)
37.207: (move f8-6f f7-6f)
37.208: (pickup-and-loose f7-2f key0-0 key2-4)
37.209: (move f7-3f f7-2f)
37.215: (putdown f7-4f key0-2)
37.216: (move f6-4f f5-4f)
37.222: (putdown f7-4f key0-2)
37.225: (move f3-1f f2-1f)
37.226: (unlock f7-5f f8-5f key0-0 shape0)
37.232: (move f6-4f f6-3f)
37.232: (move f6-4f f6-5f)
37.234: (putdown f8-6f key0-2)
37.235: (move f6-5f f5-5f)
37.237: (move f6-4f f5-4f)
37.238: (unlock f8-4f f8-5f key0-0 shape0)
37.239: (move f6-6f f7-6f)
37.241: (move f3-1f f2-1f)
37.243: (unlock f8-4f f8-5f key0-0 shape0)
37.253: (move f6-4f f6-3f)
37.255: (move f6-3f f6-4f)
37.256: (move f8-6f f7-6f)
37.257: (move f7-4f f6-4f)
37.258: (move f8-2f f8-1f)
37.261: (move f7-4f f8-4f)
37.266: (move f6-4f f5-4f)
37.268: (unlock f7-5f f8-5f key0-0 shape0)
37.272: (move f6-4f f6-5f)
37.276: (putdown f8-6f key0-2)
37.276: (move f6-4f f5-4f)
37.277: (move f7-5f f6-5f)
37.281: (putdown f6-4f key0-0)
37.282: (move f7-4f f7-5f)
37.285: (putdown f6-4f key0-0)
37.299: (move f6-4f f7-4f)
37.302: (move f7-5f f6-5f)
37.308: (move f6-5f f5-5f)
37.309: (move f2-1f f1-1f)
37.320: (move f5-4f f4-4f)
37.322: (move f7-3f f8-3f)
37.323: (move f5-6f f5-5f)
37.323: (move f8-7f f8-8f)
37.335: (move f7-4f f7-5f)
37.338: (move f7-3f f8-3f)
37.341: (move f8-6f f8-7f)
37.344: (move f3-1f f3-0f)
35.219: (pickup-and-loose f3-1f key2-0 key0-2)
35.410: (move f6-2f f6-3f)
35.418: (move f7-3f f6-3f)
35.571: (move f7-1f f6-1f)
35.572: (move f6-2f f6-1f)
35.575: (unlock f6-1f f7-1f key2-4 shape2)
35.647: (move f6-2f f6-1f)
35.651: (move f7-1f f6-1f)
35.651: (unlock f6-1f f7-1f key2-4 shape2)
35.695: (move f7-2f f8-2f)
35.723: (move f7-2f f6-2f)
35.725: (unlock f6-2f f6-3f key2-4 shape2)
35.824: (move f7-2f f6-2f)
35.825: (unlock f6-2f f6-3f key2-4 shape2)
35.840: (move f8-2f f8-3f)
35.840: (move f7-3f f8-3f)
35.876: (unlock f6-1f f7-1f key2-4 shape2)
35.880: (move f7-1f f6-1f)
35.881: (move f6-2f f6-1f)
35.921: (move f5-6f f6-6f)
35.924: (move f8-2f f8-3f)
35.931: (move f7-3f f8-3f)
35.953: (move f6-2f f5-2f)
35.966: (move f7-2f f8-2f)
35.995: (move f7-3f f7-4f)
35.998: (move f7-2f f8-2f)
35.999: (move f5-6f f6-6f)
36.010: (pickup-and-loose f6-6f key0-2 key0-0)
36.015: (move f6-2f f5-2f)
36.023: (move f7-3f f7-4f)
36.029: (move f7-3f f8-3f)
36.030: (move f8-2f f8-3f)
36.104: (pickup-and-loose f6-4f key0-2 key0-0)
36.139: (move f7-1f f8-1f)
36.143: (move f8-2f f8-1f)
36.149: (pickup-and-loose f6-6f key0-2 key0-0)
36.150: (unlock f8-1f f7-1f key2-4 shape2)
36.173: (move f4-2f f4-1f)
36.174: (move f5-1f f4-1f)
36.179: (move f7-3f f7-4f)
36.186: (move f8-4f f7-4f)
36.198: (pickup-and-loose f7-4f key0-0 key0-2)
36.206: (move f4-2f f3-2f)
36.215: (move f7-5f f7-4f)
36.216: (move f5-2f f5-1f)
36.221: (move f8-4f f7-4f)
36.221: (move f8-2f f8-1f)
36.223: (move f6-2f f5-2f)
36.223: (move f6-1f f5-1f)
36.226: (move f7-1f f8-1f)
36.234: (unlock f8-1f f7-1f key2-4 shape2)
36.238: (move f6-2f f5-2f)
36.239: (move f8-4f f7-4f)
36.243: (move f7-5f f7-4f)
36.244: (move f6-2f f5-2f)
36.248: (pickup-and-loose f8-6f key0-0 key0-2)
36.251: (move f7-5f f7-4f)
36.252: (unlock f8-6f f8-5f key0-0 shape0)
36.255: (move f8-4f f7-4f)
36.255: (move f7-5f f7-4f)
36.261: (move f7-2f f6-2f)
36.261: (move f7-5f f7-4f)
36.262: (move f5-2f f5-1f)
36.265: (move f6-1f f5-1f)
36.292: (putdown f3-1f key0-2)
36.314: (move f5-2f f5-1f)
36.314: (move f6-1f f5-1f)
36.413: (move f7-2f f7-3f)
36.418: (unlock f7-3f f6-3f key2-4 shape2)
36.429: (move f7-2f f7-3f)
36.469: (move f7-2f f7-1f)
36.473: (pickup-and-loose f7-3f key0-2 key0-0)
36.477: (pickup-and-loose f6-4f key0-2 key0-0)
36.491: (move f7-1f f8-1f)
36.491: (move f8-2f f8-1f)
36.528: (move f6-1f f5-1f)
36.537: (move f5-2f f5-1f)
36.543: (move f7-2f f7-3f)
36.544: (unlock f7-3f f6-3f key2-4 shape2)
36.642: (move f7-6f f6-6f)
36.662: (move f3-1f f4-1f)
36.664: (move f5-2f f4-2f)
36.679: (move f7-6f f6-6f)
36.689: (unlock f3-2f f2-2f key2-0 shape2)
36.703: (move f6-5f f6-6f)
36.736: (move f7-2f f7-1f)
36.756: (move f6-4f f7-4f)
36.761: (move f5-2f f4-2f)
36.764: (unlock f2-1f f2-2f key2-0 shape2)
36.765: (pickup-and-loose f7-4f key3-3 key0-2)
36.768: (move f3-1f f2-1f)
36.770: (move f7-2f f7-1f)
36.772: (putdown f6-6f key0-0)
36.778: (move f5-2f f4-2f)
36.788: (move f6-2f f6-1f)
36.819: (move f6-2f f6-1f)
36.828: (putdown f6-4f key0-0)
36.842: (move f8-3f f8-2f)
36.859: (move f5-5f f6-5f)
36.861: (move f6-6f f6-5f)
36.888: (putdown f6-6f key0-0)
36.894: (move f7-2f f8-2f)
36.902: (move f8-3f f8-2f)
36.906: (move f5-6f f5-5f)
36.915: (move f6-5f f6-6f)
36.948: (move f6-6f f6-7f)
36.967: (move f3-1f f3-0f)
36.968: (move f5-2f f4-2f)
36.974: (move f5-6f f5-5f)
36.975: (pickup-and-loose f8-8f key2-1 key0-0)
37.027: (move f8-3f f8-2f)
37.050: (move f8-3f f8-2f)
37.060: (move f6-6f f6-5f)
37.068: (move f5-5f f5-4f)
37.072: (move f6-4f f5-4f)
37.075: (move f5-5f f6-5f)
37.085: (move f7-4f f6-4f)
37.087: (move f6-3f f6-4f)
37.089: (move f3-1f f4-1f)
37.093: (move f7-3f f7-4f)
37.094: (move f6-5f f5-5f)
37.096: (move f6-6f f6-5f)
37.096: (move f5-4f f5-5f)
37.103: (move f5-5f f6-5f)
37.111: (move f6-3f f6-2f)
37.118: (move f3-1f f4-1f)
37.132: (move f6-5f f6-6f)
37.139: (move f6-6f f6-7f)
37.151: (move f8-3f f8-4f)
37.157: (unlock f7-5f f8-5f key0-0 shape0)
37.159: (move f3-1f f3-2f)
37.168: (move f3-1f f3-2f)
37.175: (move f6-3f f6-2f)
37.184: (move f6-5f f5-5f)
37.188: (move f7-4f f7-5f)
37.191: (move f7-4f f8-4f)
37.200: (move f7-5f f6-5f)
37.201: (move f6-6f f6-7f)
37.213: (move f8-6f f7-6f)
37.213: (move f7-5f f6-5f)
37.214: (putdown f7-4f key0-2)
37.216: (putdown f7-3f key0-0)
37.229: (move f6-4f f6-5f)
37.231: (move f7-4f f6-4f)
37.235: (putdown f8-6f key0-2)
37.236: (move f3-1f f2-1f)
37.236: (putdown f6-4f key0-0)
37.239: (move f6-3f f6-4f)
37.246: (move f6-4f f5-4f)
37.253: (move f3-1f f2-1f)
37.258: (move f8-7f f8-8f)
37.263: (move f6-4f f6-5f)
37.265: (move f6-4f f5-4f)
37.270: (move f2-1f f1-1f)
37.277: (move f7-5f f6-5f)
37.284: (move f7-5f f6-5f)
37.296: (move f2-1f f1-1f)
37.302: (move f6-6f f7-6f)
37.303: (move f6-4f f7-4f)
37.311: (move f2-1f f1-1f)
37.339: (move f7-4f f7-5f)
37.345: (move f6-4f f6-5f)
37.346: (move f6-4f f7-4f)
37.346: (move f8-4f f8-3f)
37.349: (move f4-4f f3-4f)
37.349: (move f8-6f f8-7f)
37.352: (move f7-3f f8-3f)
37.378: (move f5-4f f5-5f)
37.387: (move f7-3f f8-3f)
37.388: (move f6-5f f5-5f)
37.396: (move f7-4f f6-4f)
37.399: (move f4-1f f5-1f)
37.405: (move f7-4f f6-4f)
37.406: (move f5-5f f4-5f)
37.406: (move f6-5f f6-4f)
37.408: (move f3-1f f3-0f)
37.415: (move f6-4f f5-4f)
37.421: (move f7-4f f8-4f)
37.422: (move f6-4f f6-5f)
37.429: (move f3-1f f3-0f)
37.432: (move f8-2f f8-1f)
37.438: (move f6-5f f6-4f)
37.438: (move f7-2f f6-2f)
37.440: (move f6-4f f6-5f)
37.448: (move f6-4f f5-4f)
37.454: (move f7-4f f8-4f)
37.456: (move f7-2f f7-1f)
37.458: (move f8-6f f7-6f)
37.460: (move f8-3f f8-4f)
37.461: (move f7-4f f8-4f)
37.463: (pickup-and-loose f7-2f key0-0 key2-4)
37.465: (move f6-3f f6-2f)
37.468: (move f8-6f f8-5f)
37.469: (move f7-4f f7-5f)
37.476: (move f6-6f f7-6f)
37.476: (move f6-4f f6-3f)
37.477: (move f6-6f f7-6f)
37.478: (move f8-2f f8-1f)
37.479: (move f8-6f f7-6f)
37.485: (move f6-4f f7-4f)
34.945: (move f3-2f f3-1f)
34.946: (move f4-1f f3-1f)
35.304: (move f6-2f f6-3f)
35.305: (move f7-3f f6-3f)
35.400: (move f6-2f f6-3f)
35.407: (move f7-3f f6-3f)
35.515: (move f6-2f f6-1f)
35.515: (move f7-1f f6-1f)
35.751: (unlock f6-2f f6-3f key2-4 shape2)
35.787: (unlock f6-1f f7-1f key2-4 shape2)
35.789: (move f7-1f f6-1f)
35.790: (move f6-2f f6-1f)
35.810: (unlock f6-1f f7-1f key2-4 shape2)
35.821: (unlock f3-2f f2-2f key2-4 shape2)
35.822: (move f7-1f f6-1f)
35.822: (move f6-2f f6-1f)
35.835: (move f8-2f f8-3f)
35.838: (move f7-3f f8-3f)
35.842: (move f2-1f f3-1f)
35.842: (move f3-2f f3-1f)
35.894: (move f6-2f f5-2f)
35.986: (move f7-3f f8-3f)
35.987: (move f8-2f f8-3f)
35.990: (move f7-3f f7-4f)
36.016: (move f7-2f f7-3f)
36.022: (move f8-2f f8-3f)
36.028: (move f5-1f f4-1f)
36.028: (move f4-2f f4-1f)
36.030: (move f7-3f f8-3f)
36.061: (move f4-2f f3-2f)
36.083: (move f7-1f f8-1f)
36.087: (move f8-2f f8-1f)
36.116: (move f6-1f f5-1f)
36.117: (move f5-2f f5-1f)
36.120: (move f4-2f f4-1f)
36.120: (move f5-1f f4-1f)
36.122: (move f4-2f f4-1f)
36.134: (move f7-3f f7-4f)
36.137: (move f5-1f f4-1f)
36.153: (pickup-and-loose f6-6f key0-2 key0-0)
36.159: (move f4-2f f3-2f)
36.167: (move f4-2f f3-2f)
36.172: (move f6-2f f5-2f)
36.174: (move f7-3f f7-4f)
36.182: (move f6-2f f5-2f)
36.208: (move f5-2f f5-1f)
36.209: (move f6-1f f5-1f)
36.361: (move f4-2f f4-1f)
36.368: (move f5-1f f4-1f)
36.370: (move f3-1f f4-1f)
36.377: (unlock f8-1f f7-1f key2-4 shape2)
36.381: (move f4-2f f3-2f)
36.390: (move f8-2f f8-1f)
36.391: (move f7-1f f8-1f)
36.400: (unlock f7-3f f6-3f key2-4 shape2)
36.408: (move f6-1f f5-1f)
36.413: (move f5-2f f5-1f)
36.423: (move f3-1f f3-2f)
36.426: (move f6-1f f5-1f)
36.427: (pickup-and-loose f7-4f key0-2 key0-0)
36.427: (pickup-and-loose f7-4f key0-2 key0-0)
36.432: (move f8-2f f8-1f)
36.432: (move f5-2f f5-1f)
36.437: (move f7-1f f8-1f)
36.453: (pickup-and-loose f7-4f key0-2 key0-0)
36.453: (unlock f8-1f f7-1f key2-4 shape2)
36.476: (move f5-2f f5-1f)
36.488: (move f6-1f f5-1f)
36.497: (pickup-and-loose f7-4f key0-2 key0-0)
36.504: (move f3-1f f2-1f)
36.631: (move f5-2f f4-2f)
36.638: (move f7-6f f6-6f)
36.677: (move f3-1f f3-0f)
36.708: (move f4-1f f4-0f)
36.727: (move f5-2f f4-2f)
36.734: (unlock f3-2f f2-2f key2-0 shape2)
36.752: (unlock f3-2f f2-2f key2-0 shape2)
36.764: (pickup-and-loose f7-4f key3-3 key0-0)
36.823: (unlock f2-1f f2-2f key2-0 shape2)
36.827: (unlock f2-1f f2-2f key2-0 shape2)
36.842: (move f2-1f f1-1f)
36.861: (move f5-2f f4-2f)
36.888: (putdown f6-6f key0-0)
36.894: (move f7-6f f6-6f)
36.908: (move f5-2f f4-2f)
36.914: (move f3-2f f3-3f)
36.916: (move f5-2f f4-2f)
36.917: (move f6-4f f6-5f)
36.946: (move f6-4f f5-4f)
36.964: (move f7-6f f6-6f)
36.971: (move f8-3f f8-2f)
36.991: (pickup-and-loose f8-8f key2-1 key0-0)
36.993: (move f6-4f f7-4f)
37.000: (move f3-2f f2-2f)
37.000: (move f2-1f f2-2f)
37.002: (move f6-5f f6-6f)
37.014: (move f6-3f f6-4f)
37.014: (move f7-4f f6-4f)
37.015: (move f4-1f f5-1f)
37.040: (move f7-4f f7-5f)
37.047: (move f8-3f f8-2f)
37.049: (move f6-6f f6-5f)
37.051: (move f5-5f f6-5f)
37.052: (move f6-5f f6-6f)
37.073: (move f7-4f f6-4f)
37.091: (move f6-5f f6-4f)
37.099: (move f5-5f f6-5f)
37.106: (move f6-6f f6-5f)
37.116: (move f6-5f f6-6f)
37.126: (move f6-6f f6-7f)
37.130: (move f7-2f f8-2f)
37.142: (move f7-2f f6-2f)
37.170: (move f7-4f f8-4f)
37.171: (move f8-3f f8-4f)
37.180: (move f7-4f f7-3f)
37.184: (unlock f8-4f f8-5f key0-0 shape0)
37.203: (putdown f7-4f key0-0)
37.209: (move f7-4f f6-4f)
37.209: (move f6-6f f6-7f)
37.217: (putdown f7-4f key0-0)
37.217: (unlock f7-5f f8-5f key0-0 shape0)
37.225: (move f3-0f f4-0f)
37.226: (move f6-5f f6-4f)
37.232: (move f6-6f f5-6f)
37.232: (putdown f7-4f key0-0)
37.236: (move f4-1f f4-0f)
37.240: (move f7-4f f6-4f)
37.248: (move f5-4f f5-5f)
37.249: (move f6-5f f5-5f)
37.253: (move f2-1f f1-1f)
37.254: (move f2-1f f2-0f)
37.256: (move f3-0f f2-0f)
37.270: (move f7-3f f7-4f)
37.270: (move f7-6f f7-5f)
37.276: (putdown f7-4f key0-0)
37.285: (move f6-4f f6-5f)
37.286: (move f6-5f f6-6f)
37.296: (move f8-7f f8-8f)
37.301: (move f6-6f f6-5f)
37.306: (move f6-4f f5-4f)
37.308: (move f6-5f f7-5f)
37.317: (move f5-5f f4-5f)
37.317: (move f7-6f f7-5f)
37.347: (move f7-4f f8-4f)
37.349: (move f2-1f f1-1f)
37.352: (move f2-1f f1-1f)
37.363: (move f5-4f f5-5f)
37.369: (move f4-1f f5-1f)
37.371: (move f6-5f f5-5f)
37.373: (move f5-2f f5-3f)
37.397: (move f6-4f f5-4f)
37.400: (move f6-6f f6-7f)
37.402: (move f8-3f f8-4f)
37.406: (move f7-4f f8-4f)
37.412: (move f4-1f f5-1f)
37.413: (move f7-4f f6-4f)
37.415: (move f7-6f f7-5f)
37.419: (move f8-5f f7-5f)
37.428: (move f6-5f f6-6f)
37.430: (move f6-5f f6-4f)
37.433: (move f7-4f f7-3f)
37.436: (move f7-4f f7-5f)
37.438: (move f5-2f f5-3f)
37.439: (move f6-4f f7-4f)
37.440: (move f6-5f f5-5f)
37.443: (move f7-4f f7-5f)
37.443: (move f4-1f f4-2f)
37.445: (move f7-6f f8-6f)
37.446: (move f6-4f f5-4f)
37.447: (move f5-5f f5-4f)
37.449: (move f6-3f f5-3f)
37.455: (move f5-2f f5-3f)
37.458: (move f8-6f f7-6f)
37.491: (move f7-4f f7-5f)
37.495: (move f6-6f f7-6f)
37.505: (move f7-4f f6-4f)
37.511: (move f6-5f f6-4f)
37.520: (move f7-4f f7-5f)
37.521: (move f6-5f f7-5f)
37.522: (move f7-4f f7-3f)
37.525: (move f6-5f f7-5f)
37.529: (move f8-2f f9-2f)
37.530: (move f8-7f f9-7f)
37.531: (move f8-6f f8-5f)
37.545: (move f6-6f f7-6f)
37.548: (move f8-2f f7-2f)
37.548: (move f7-4f f6-4f)
37.550: (move f5-4f f5-5f)
37.552: (move f6-5f f5-5f)
37.574: (move f7-4f f6-4f)
37.576: (move f7-3f f8-3f)
37.579: (move f8-6f f8-7f)
37.603: (move f8-5f f8-4f)
37.610: (move f7-4f f7-3f)
37.617: (move f7-4f f7-3f)
37.618: (move f3-0f f4-0f)
37.621: (move f7-6f f7-5f)
37.638: (move f4-1f f4-0f)
37.639: (move f7-4f f8-4f)
37.643: (move f8-3f f8-4f)
34.801: (move f4-1f f3-1f)
34.802: (move f3-2f f3-1f)
34.896: (move f4-1f f3-1f)
34.896: (move f3-2f f3-1f)
34.913: (move f4-1f f3-1f)
34.913: (move f3-2f f3-1f)
34.930: (move f3-2f f3-1f)
35.131: (move f3-2f f3-1f)
35.134: (move f4-1f f3-1f)
35.238: (pickup-and-loose f7-2f key2-4 key0-0)
35.248: (move f7-3f f7-2f)
35.252: (move f6-2f f7-2f)
35.299: (move f6-2f f6-3f)
35.300: (move f7-3f f6-3f)
35.670: (unlock f3-2f f2-2f key2-4 shape2)
35.735: (move f6-2f f6-1f)
35.769: (unlock f3-2f f2-2f key2-4 shape2)
35.770: (unlock f3-2f f2-2f key2-4 shape2)
35.824: (pickup-and-loose f3-1f key0-0 key2-0)
35.867: (move f2-1f f3-1f)
35.868: (move f3-2f f3-1f)
35.913: (move f2-1f f3-1f)
35.914: (move f3-2f f3-1f)
35.976: (move f7-3f f8-3f)
35.989: (move f5-1f f4-1f)
35.991: (unlock f3-2f f2-2f key2-4 shape2)
35.993: (move f4-2f f4-1f)
36.027: (unlock f3-2f f2-2f key2-0 shape2)
36.044: (move f4-2f f3-2f)
36.063: (move f6-1f f5-1f)
36.064: (move f5-2f f5-1f)
36.080: (move f4-2f f4-1f)
36.083: (move f5-1f f4-1f)
36.110: (unlock f2-1f f2-2f key2-0 shape2)
36.117: (move f6-2f f5-2f)
36.130: (move f4-2f f3-2f)
36.135: (move f7-3f f7-4f)
36.140: (move f3-2f f2-2f)
36.261: (move f4-2f f4-1f)
36.266: (pickup-and-loose f7-3f key0-2 key0-0)
36.267: (move f5-1f f4-1f)
36.274: (move f3-1f f2-1f)
36.296: (move f4-2f f3-2f)
36.309: (move f4-2f f4-1f)
36.311: (move f5-2f f5-1f)
36.314: (move f5-1f f4-1f)
36.315: (move f4-2f f4-1f)
36.317: (move f6-1f f5-1f)
36.319: (move f5-1f f4-1f)
36.342: (move f4-2f f3-2f)
36.349: (move f4-2f f3-2f)
36.354: (move f6-1f f5-1f)
36.354: (move f5-2f f5-1f)
36.446: (move f3-1f f3-0f)
36.449: (move f4-0f f3-0f)
36.563: (move f4-1f f4-0f)
36.579: (move f5-2f f4-2f)
36.604: (move f2-1f f1-1f)
36.620: (move f6-5f f6-6f)
36.658: (move f3-3f f3-4f)
36.659: (move f4-1f f4-0f)
36.676: (move f4-1f f4-0f)
36.703: (move f5-4f f5-5f)
36.716: (move f6-5f f5-5f)
36.717: (move f4-1f f5-1f)
36.758: (move f3-2f f3-3f)
36.823: (move f5-2f f4-2f)
36.831: (unlock f6-4f f6-3f key2-4 shape2)
36.835: (move f3-2f f4-2f)
36.842: (move f7-4f f6-4f)
36.842: (move f6-3f f6-4f)
36.855: (move f3-2f f3-3f)
36.862: (move f5-2f f4-2f)
36.882: (move f3-2f f3-3f)
36.889: (putdown f3-1f key2-0)
36.890: (move f7-3f f6-3f)
36.898: (move f4-1f f4-0f)
36.902: (move f7-6f f6-6f)
36.905: (move f6-2f f6-3f)
36.914: (move f3-2f f3-3f)
36.917: (move f4-1f f4-0f)
36.917: (move f3-0f f4-0f)
36.955: (move f6-3f f6-4f)
36.955: (move f7-4f f6-4f)
36.978: (unlock f6-4f f6-3f key2-4 shape2)
36.991: (move f7-4f f7-5f)
37.000: (move f7-3f f7-4f)
37.001: (move f2-1f f2-0f)
37.002: (move f3-0f f2-0f)
37.019: (move f7-5f f7-4f)
37.020: (move f8-4f f7-4f)
37.039: (move f2-1f f2-2f)
37.039: (move f3-2f f2-2f)
37.051: (pickup-and-loose f8-8f key2-1 key0-0)
37.051: (move f6-5f f6-6f)
37.072: (move f2-1f f2-2f)
37.072: (move f3-2f f2-2f)
37.079: (putdown f7-3f key0-0)
37.081: (move f3-1f f4-1f)
37.089: (move f3-2f f3-3f)
37.090: (move f6-4f f6-5f)
37.113: (move f7-5f f6-5f)
37.116: (pickup-and-loose f3-1f key2-0 key2-4)
37.120: (move f8-3f f8-4f)
37.122: (move f7-4f f8-4f)
37.127: (unlock f7-5f f8-5f key0-0 shape0)
37.134: (move f3-2f f3-3f)
37.140: (move f5-6f f5-5f)
37.142: (move f6-5f f5-5f)
37.170: (move f3-2f f4-2f)
37.172: (move f4-1f f4-2f)
37.184: (move f8-3f f8-2f)
37.187: (move f7-4f f6-4f)
37.215: (move f6-6f f5-6f)
37.250: (move f7-4f f7-5f)
37.265: (unlock f7-5f f8-5f key0-0 shape0)
37.281: (move f8-5f f7-5f)
37.285: (move f2-1f f1-1f)
37.291: (move f6-6f f6-5f)
37.301: (move f7-6f f7-5f)
37.305: (move f6-5f f5-5f)
37.305: (move f5-4f f5-5f)
37.307: (move f7-4f f6-4f)
37.321: (move f2-1f f1-1f)
37.323: (move f6-5f f7-5f)
37.332: (move f7-6f f7-5f)
37.332: (move f7-3f f8-3f)
37.333: (move f5-2f f5-3f)
37.334: (move f6-3f f5-3f)
37.337: (move f8-4f f8-3f)
37.354: (move f8-2f f8-3f)
37.384: (move f3-1f f3-0f)
37.384: (move f6-6f f6-7f)
37.387: (move f8-3f f8-4f)
37.387: (move f6-3f f5-3f)
37.388: (move f6-4f f6-3f)
37.389: (move f7-4f f8-4f)
37.389: (move f6-4f f6-5f)
37.392: (move f5-2f f5-3f)
37.399: (move f7-3f f6-3f)
37.402: (move f6-4f f5-4f)
37.404: (move f7-2f f6-2f)
37.405: (move f7-4f f7-5f)
37.415: (move f7-4f f7-3f)
37.419: (move f7-5f f6-5f)
37.426: (move f6-4f f5-4f)
37.427: (move f6-4f f6-5f)
37.433: (move f7-4f f7-5f)
37.434: (move f8-3f f8-4f)
37.437: (move f6-4f f5-4f)
37.439: (move f7-4f f6-4f)
37.451: (move f7-6f f8-6f)
37.456: (move f7-4f f7-5f)
37.461: (move f7-4f f8-4f)
37.476: (move f6-4f f5-4f)
37.476: (move f7-4f f8-4f)
37.501: (move f7-4f f8-4f)
37.507: (move f7-4f f8-4f)
37.507: (move f6-4f f5-4f)
37.515: (move f6-4f f6-5f)
37.523: (move f7-4f f7-5f)
37.532: (move f8-5f f8-4f)
37.545: (move f7-4f f7-5f)
37.547: (move f5-4f f4-4f)
37.547: (move f6-5f f7-5f)
37.554: (move f6-4f f5-4f)
37.558: (move f8-7f f8-8f)
37.572: (move f7-5f f8-5f)
37.576: (move f6-4f f6-3f)
37.576: (move f7-3f f6-3f)
37.582: (move f7-4f f8-4f)
37.583: (move f7-4f f8-4f)
37.584: (move f8-3f f8-4f)
37.587: (move f7-4f f7-5f)
37.590: (move f6-4f f5-4f)
37.599: (move f7-4f f7-5f)
37.600: (move f6-5f f7-5f)
37.607: (move f9-7f f9-6f)
37.618: (move f5-5f f4-5f)
37.623: (move f5-4f f6-4f)
37.665: (move f7-4f f7-3f)
37.666: (move f7-4f f7-5f)
37.671: (move f6-5f f7-5f)
37.674: (move f5-1f f5-0f)
37.707: (move f2-1f f2-0f)
37.707: (move f8-2f f7-2f)
37.725: (move f7-3f f8-3f)
37.736: (move f6-6f f7-6f)
37.741: (move f7-4f f6-4f)
37.743: (move f2-1f f2-0f)
37.747: (move f5-5f f5-4f)
37.747: (move f5-3f f5-4f)
37.750: (move f7-5f f7-6f)
37.769: (move f5-1f f5-0f)
37.775: (move f8-4f f8-5f)
37.775: (move f6-4f f5-4f)
37.777: (move f8-7f f9-7f)
37.778: (move f7-4f f6-4f)
37.779: (move f7-4f f8-4f)
37.788: (move f8-2f f7-2f)
34.766: (move f3-2f f3-1f)
34.767: (move f4-1f f3-1f)
34.781: (move f3-2f f3-1f)
34.857: (move f3-2f f3-1f)
34.858: (move f4-1f f3-1f)
34.867: (move f3-2f f3-1f)
34.878: (move f3-2f f3-1f)
35.039: (move f3-2f f3-1f)
35.043: (move f4-1f f3-1f)
35.086: (move f4-1f f3-1f)
35.088: (move f3-2f f3-1f)
35.094: (move f3-2f f3-1f)
35.094: (move f4-1f f3-1f)
35.104: (move f3-2f f3-1f)
35.119: (unlock f7-2f f7-1f key2-4 shape2)
35.192: (move f2-1f f3-1f)
35.193: (move f3-2f f3-1f)
35.195: (pickup-and-loose f7-2f key2-4 key0-2)
35.357: (pickup-and-loose f7-2f key2-4 key0-0)
35.621: (unlock f3-2f f2-2f key2-4 shape2)
35.718: (unlock f3-2f f2-2f key2-4 shape2)
35.826: (pickup-and-loose f3-1f key0-0 key2-0)
35.845: (pickup-and-loose f3-1f key0-0 key2-0)
35.877: (unlock f2-1f f2-2f key2-4 shape2)
35.878: (move f2-2f f2-1f)
35.879: (move f3-1f f2-1f)
35.891: (move f7-2f f8-2f)
35.896: (unlock f3-2f f2-2f key2-4 shape2)
35.920: (move f7-2f f8-2f)
35.926: (move f8-3f f8-2f)
35.939: (move f5-1f f4-1f)
35.940: (move f4-2f f4-1f)
35.940: (unlock f3-2f f2-2f key2-4 shape2)
35.942: (unlock f3-2f f2-2f key2-4 shape2)
35.987: (move f3-2f f2-2f)
35.989: (move f4-2f f3-2f)
36.082: (move f3-2f f2-2f)
36.090: (move f3-2f f2-2f)
36.127: (move f3-1f f2-1f)
36.194: (move f4-2f f5-2f)
36.215: (move f4-2f f4-1f)
36.218: (move f4-2f f4-1f)
36.220: (move f5-1f f4-1f)
36.221: (move f3-1f f2-1f)
36.222: (move f3-1f f4-1f)
36.241: (move f7-4f f7-3f)
36.244: (move f3-1f f2-1f)
36.255: (move f4-2f f4-1f)
36.256: (move f5-1f f4-1f)
36.256: (move f8-3f f7-3f)
36.260: (move f5-2f f5-1f)
36.262: (move f4-2f f3-2f)
36.265: (move f6-1f f5-1f)
36.300: (move f3-1f f3-0f)
36.301: (move f4-2f f3-2f)
36.307: (move f4-0f f3-0f)
36.312: (move f3-2f f2-2f)
36.348: (move f2-1f f2-2f)
36.349: (move f3-2f f2-2f)
36.375: (move f2-1f f1-1f)
36.393: (move f3-1f f3-0f)
36.396: (move f7-2f f6-2f)
36.400: (move f4-0f f3-0f)
36.412: (move f3-1f f3-0f)
36.415: (move f4-0f f3-0f)
36.465: (move f3-1f f2-1f)
36.492: (move f3-1f f3-0f)
36.524: (move f5-0f f4-0f)
36.534: (move f4-1f f4-0f)
36.578: (move f3-3f f3-4f)
36.599: (move f2-1f f1-1f)
36.616: (move f3-3f f3-4f)
36.618: (move f7-2f f7-3f)
36.621: (move f4-1f f4-0f)
36.626: (move f5-0f f4-0f)
36.637: (move f3-1f f3-0f)
36.639: (move f4-0f f3-0f)
36.645: (move f3-3f f3-4f)
36.686: (move f3-2f f4-2f)
36.687: (move f3-1f f3-2f)
36.691: (move f7-2f f7-1f)
36.692: (move f6-1f f7-1f)
36.704: (move f6-5f f6-6f)
36.731: (move f3-2f f3-3f)
36.753: (move f3-1f f2-1f)
36.762: (move f2-1f f2-0f)
36.765: (move f3-2f f3-3f)
36.769: (move f7-6f f6-6f)
36.770: (move f3-2f f4-2f)
36.770: (move f3-0f f2-0f)
36.774: (move f5-2f f4-2f)
36.779: (move f7-4f f6-4f)
36.779: (move f6-5f f6-6f)
36.784: (move f3-2f f4-2f)
36.786: (move f6-3f f6-4f)
36.789: (unlock f6-4f f6-3f key2-4 shape2)
36.804: (move f4-1f f4-0f)
36.809: (move f3-3f f3-4f)
36.825: (move f3-2f f3-3f)
36.844: (move f7-5f f6-5f)
36.848: (move f4-1f f4-0f)
36.853: (move f3-2f f3-3f)
36.855: (move f4-1f f4-0f)
36.862: (move f3-2f f3-3f)
36.892: (putdown f3-1f key2-0)
36.904: (move f7-5f f7-4f)
36.912: (putdown f3-1f key2-0)
36.924: (move f3-3f f3-4f)
36.956: (pickup-and-loose f3-1f key2-0 key2-4)
36.963: (pickup-and-loose f3-1f key2-0 key2-4)
36.969: (move f3-2f f4-2f)
36.987: (move f3-2f f3-3f)
37.019: (move f2-1f f2-0f)
37.039: (move f3-2f f3-3f)
37.041: (move f6-5f f6-6f)
37.046: (move f3-2f f3-3f)
37.068: (pickup-and-loose f3-1f key2-0 key2-4)
37.071: (move f3-2f f3-3f)
37.086: (move f7-4f f6-4f)
37.086: (move f6-3f f6-4f)
37.090: (pickup-and-loose f3-1f key2-0 key2-4)
37.100: (move f3-1f f4-1f)
37.107: (move f8-3f f8-2f)
37.108: (move f3-1f f4-1f)
37.117: (move f7-3f f6-3f)
37.126: (move f6-5f f5-5f)
37.127: (move f5-6f f5-5f)
37.131: (move f3-2f f3-3f)
37.144: (move f3-1f f4-1f)
37.173: (move f5-4f f5-5f)
37.174: (move f3-4f f2-4f)
37.187: (move f3-2f f4-2f)
37.188: (move f6-5f f5-5f)
37.197: (move f7-4f f7-5f)
37.233: (move f7-3f f7-4f)
37.237: (move f5-4f f5-5f)
37.247: (move f6-5f f5-5f)
37.249: (move f3-3f f3-4f)
37.278: (move f6-3f f5-3f)
37.279: (move f5-2f f5-3f)
37.309: (pickup-and-loose f3-1f key2-0 key2-4)
37.316: (unlock f7-5f f8-5f key0-2 shape0)
37.336: (move f7-4f f8-4f)
37.338: (move f8-3f f8-4f)
37.344: (move f6-4f f6-5f)
37.354: (move f7-5f f6-5f)
37.368: (pickup-and-loose f8-8f key2-1 key0-0)
37.379: (move f7-5f f6-5f)
37.384: (move f6-4f f6-5f)
37.406: (move f3-1f f3-0f)
37.411: (move f2-0f f3-0f)
37.421: (move f3-1f f3-0f)
37.442: (move f7-5f f6-5f)
37.445: (move f2-0f f3-0f)
37.445: (move f6-4f f6-5f)
37.456: (move f3-1f f3-0f)
37.464: (move f4-1f f5-1f)
37.484: (move f6-4f f6-5f)
37.502: (move f6-5f f5-5f)
37.514: (move f6-4f f5-4f)
37.532: (move f5-4f f5-5f)
37.536: (move f7-5f f6-5f)
37.537: (move f7-5f f6-5f)
37.540: (move f6-4f f6-5f)
37.553: (move f8-5f f8-4f)
37.556: (move f7-6f f7-5f)
37.565: (move f7-3f f8-3f)
37.565: (move f4-4f f3-4f)
37.565: (move f6-5f f7-5f)
37.574: (move f6-3f f5-3f)
37.586: (move f7-2f f6-2f)
37.602: (move f7-2f f6-2f)
37.604: (move f7-4f f6-4f)
37.605: (move f7-3f f6-3f)
37.612: (move f6-4f f6-3f)
37.626: (move f5-1f f5-0f)
37.643: (move f7-4f f7-5f)
37.645: (move f6-4f f5-4f)
37.649: (move f4-1f f4-0f)
37.651: (move f3-0f f4-0f)
37.656: (move f6-5f f7-5f)
37.666: (move f3-0f f2-0f)
37.678: (move f6-4f f5-4f)
37.688: (move f7-6f f8-6f)
37.690: (move f7-3f f7-2f)
37.695: (pickup-and-loose f7-2f key0-2 key2-4)
37.704: (move f7-5f f7-6f)
37.705: (move f6-2f f5-2f)
37.718: (move f4-2f f5-2f)
37.727: (move f5-1f f5-2f)
37.728: (move f7-5f f7-6f)
37.728: (move f6-4f f5-4f)
37.729: (move f5-3f f5-4f)
37.733: (move f6-4f f5-4f)
37.739: (move f6-4f f6-5f)
37.748: (move f4-0f f5-0f)
37.758: (move f7-4f f8-4f)
37.768: (move f7-5f f6-5f)
37.786: (move f7-5f f6-5f)
37.788: (move f8-3f f8-4f)
34.717: (move f3-2f f3-1f)
34.719: (move f4-1f f3-1f)
34.723: (move f3-2f f3-1f)
34.815: (move f3-2f f3-1f)
34.990: (move f3-2f f3-1f)
34.995: (move f4-1f f3-1f)
35.008: (move f3-2f f3-1f)
35.038: (move f3-2f f3-1f)
35.040: (move f4-1f f3-1f)
35.048: (move f3-2f f3-1f)
35.052: (move f3-2f f3-1f)
35.077: (unlock f7-2f f7-1f key2-4 shape2)
35.237: (unlock f7-2f f7-1f key2-4 shape2)
35.395: (pickup-and-loose f3-1f key0-2 key2-0)
35.573: (unlock f3-2f f2-2f key2-4 shape2)
35.724: (move f2-2f f2-1f)
35.728: (move f3-1f f2-1f)
35.728: (unlock f2-1f f2-2f key2-4 shape2)
35.813: (unlock f6-2f f6-3f key2-4 shape2)
35.816: (move f7-2f f8-2f)
35.823: (unlock f2-1f f2-2f key2-4 shape2)
35.825: (move f3-1f f2-1f)
35.827: (move f3-1f f2-1f)
35.828: (move f2-2f f2-1f)
35.828: (move f2-2f f2-1f)
35.829: (unlock f2-1f f2-2f key2-4 shape2)
35.850: (unlock f3-2f f2-2f key2-4 shape2)
35.862: (move f7-2f f8-2f)
35.889: (unlock f3-2f f2-2f key2-4 shape2)
35.936: (move f3-2f f2-2f)
35.937: (move f8-2f f8-3f)
35.939: (move f7-3f f8-3f)
36.008: (move f7-2f f8-2f)
36.026: (move f3-2f f2-2f)
36.029: (move f7-4f f6-4f)
36.030: (move f6-5f f6-4f)
36.050: (move f7-3f f7-4f)
36.054: (move f2-2f f2-1f)
36.056: (move f3-1f f2-1f)
36.056: (unlock f2-1f f2-2f key2-4 shape2)
36.072: (move f4-2f f5-2f)
36.073: (move f3-1f f4-1f)
36.075: (move f4-2f f4-1f)
36.100: (move f3-1f f2-1f)
36.109: (move f6-2f f5-2f)
36.117: (move f4-2f f5-2f)
36.123: (move f4-2f f5-2f)
36.129: (move f4-2f f4-1f)
36.151: (move f3-1f f4-1f)
36.156: (move f4-2f f4-1f)
36.161: (move f4-2f f4-1f)
36.167: (move f3-1f f4-1f)
36.173: (move f5-1f f4-1f)
36.190: (move f3-1f f2-1f)
36.196: (move f4-2f f3-2f)
36.210: (move f3-2f f2-2f)
36.222: (move f2-1f f1-1f)
36.234: (putdown f3-1f key2-0)
36.247: (move f3-2f f2-2f)
36.258: (move f3-2f f2-2f)
36.268: (move f3-1f f3-0f)
36.274: (move f4-0f f3-0f)
36.317: (move f7-2f f6-2f)
36.333: (move f7-1f f8-1f)
36.337: (move f2-1f f1-1f)
36.338: (move f8-2f f8-1f)
36.344: (move f2-1f f1-1f)
36.346: (move f3-1f f3-0f)
36.350: (move f4-2f f5-2f)
36.358: (move f3-1f f3-0f)
36.365: (move f4-0f f3-0f)
36.366: (move f3-1f f2-1f)
36.373: (move f2-1f f1-1f)
36.376: (move f4-2f f4-1f)
36.377: (move f2-4f f2-5f)
36.391: (move f3-1f f4-1f)
36.399: (move f7-2f f6-2f)
36.407: (move f3-1f f4-1f)
36.413: (move f4-2f f4-1f)
36.415: (move f3-1f f2-1f)
36.420: (move f3-1f f2-1f)
36.432: (move f3-1f f3-0f)
36.440: (move f3-1f f3-0f)
36.451: (pickup-and-loose f7-3f key0-2 key0-0)
36.455: (move f5-2f f5-1f)
36.458: (move f4-1f f5-1f)
36.467: (move f5-0f f4-0f)
36.481: (move f4-1f f4-0f)
36.485: (move f5-2f f6-2f)
36.516: (move f7-2f f6-2f)
36.527: (move f4-0f f3-0f)
36.538: (move f3-1f f3-0f)
36.551: (move f6-5f f6-6f)
36.555: (move f2-1f f1-1f)
36.564: (move f3-3f f3-4f)
36.571: (unlock f7-3f f6-3f key2-4 shape2)
36.582: (move f4-0f f3-0f)
36.585: (move f3-1f f3-0f)
36.586: (move f4-0f f3-0f)
36.587: (move f3-3f f3-4f)
36.588: (move f3-1f f3-0f)
36.604: (move f7-2f f7-3f)
36.612: (move f7-2f f7-3f)
36.614: (move f2-1f f2-0f)
36.626: (move f3-2f f4-2f)
36.629: (move f3-0f f2-0f)
36.636: (move f7-2f f7-1f)
36.661: (move f6-5f f5-5f)
36.665: (move f3-1f f3-0f)
36.677: (move f6-2f f6-1f)
36.682: (move f3-2f f3-3f)
36.690: (move f3-1f f3-2f)
36.700: (move f7-6f f6-6f)
36.700: (move f3-1f f3-2f)
36.707: (move f3-2f f3-3f)
36.715: (move f3-3f f3-4f)
36.717: (move f3-1f f3-0f)
36.718: (move f2-0f f3-0f)
36.720: (move f3-2f f4-2f)
36.722: (move f3-0f f2-0f)
36.724: (move f2-1f f2-0f)
36.726: (move f7-2f f7-3f)
36.729: (move f6-5f f6-6f)
36.731: (move f3-0f f2-0f)
36.735: (move f2-1f f2-0f)
36.754: (move f3-3f f3-4f)
36.755: (move f4-1f f4-0f)
36.757: (move f3-1f f2-1f)
36.760: (move f5-2f f5-1f)
36.770: (move f3-3f f3-4f)
36.781: (move f3-1f f2-1f)
36.787: (move f2-1f f2-0f)
36.787: (move f3-0f f2-0f)
36.793: (move f3-0f f4-0f)
36.798: (move f4-1f f4-0f)
36.801: (move f4-1f f4-0f)
36.802: (move f3-2f f3-3f)
36.805: (pickup-and-loose f3-1f key2-0 key2-4)
36.876: (move f3-2f f4-2f)
36.885: (move f3-3f f3-4f)
36.889: (move f3-3f f3-4f)
36.910: (pickup-and-loose f3-1f key2-0 key2-4)
36.910: (move f3-2f f4-2f)
36.913: (pickup-and-loose f3-1f key2-0 key2-4)
36.918: (move f3-2f f4-2f)
36.929: (pickup-and-loose f3-1f key2-0 key2-4)
36.938: (move f3-3f f3-4f)
36.948: (move f3-2f f3-3f)
36.950: (move f3-0f f2-0f)
36.955: (move f2-1f f2-0f)
36.974: (move f3-2f f3-3f)
36.982: (move f3-2f f2-2f)
36.982: (move f2-1f f2-2f)
36.992: (move f3-2f f3-3f)
36.995: (move f6-5f f6-6f)
37.014: (move f3-2f f3-3f)
37.024: (move f3-2f f3-3f)
37.041: (pickup-and-loose f3-1f key2-0 key2-4)
37.077: (move f3-4f f2-4f)
37.079: (move f7-5f f6-5f)
37.080: (move f3-3f f3-4f)
37.082: (move f6-5f f6-6f)
37.097: (move f3-1f f4-1f)
37.125: (move f3-1f f4-1f)
37.129: (move f3-4f f2-4f)
37.133: (pickup-and-loose f3-1f key2-0 key2-4)
37.150: (move f3-4f f2-4f)
37.151: (move f7-5f f7-4f)
37.152: (move f5-2f f4-2f)
37.186: (move f5-4f f5-5f)
37.186: (move f6-5f f5-5f)
37.193: (pickup-and-loose f3-1f key2-0 key2-4)
37.205: (putdown f7-3f key0-0)
37.250: (move f2-1f f1-1f)
37.256: (pickup-and-loose f7-2f key0-0 key2-4)
37.261: (pickup-and-loose f3-1f key2-0 key2-4)
37.267: (pickup-and-loose f3-1f key2-0 key2-4)
37.293: (move f5-5f f4-5f)
37.312: (move f8-2f f8-1f)
37.312: (move f3-3f f3-4f)
37.318: (move f7-4f f8-4f)
37.323: (move f3-4f f2-4f)
37.324: (move f7-4f f6-4f)
37.325: (move f5-5f f4-5f)
37.329: (move f6-3f f6-4f)
37.352: (move f5-2f f6-2f)
37.352: (move f7-2f f6-2f)
37.372: (move f7-2f f8-2f)
37.395: (move f6-3f f6-2f)
37.411: (move f3-1f f3-0f)
37.416: (move f7-3f f7-2f)
37.424: (move f4-1f f5-1f)
37.427: (move f8-3f f8-2f)
37.433: (move f3-1f f3-0f)
37.441: (move f8-2f f7-2f)
37.447: (unlock f8-4f f8-5f key0-0 shape0)
37.447: (move f3-4f f2-4f)
37.456: (move f5-4f f5-5f)
37.457: (move f6-5f f5-5f)
37.471: (move f4-1f f5-1f)
34.672: (move f3-2f f3-1f)
34.946: (move f3-2f f3-1f)
34.951: (move f4-1f f3-1f)
34.955: (move f3-2f f3-1f)
34.993: (move f3-2f f3-1f)
35.219: (pickup-and-loose f7-2f key2-4 key0-0)
35.344: (move f6-2f f7-2f)
35.407: (move f7-3f f6-3f)
35.413: (move f6-2f f6-3f)
35.430: (move f6-2f f7-2f)
35.447: (move f7-3f f7-2f)
35.678: (unlock f2-1f f2-2f key2-4 shape2)
35.680: (move f2-2f f2-1f)
35.680: (move f3-1f f2-1f)
35.688: (unlock f6-1f f7-1f key2-4 shape2)
35.688: (move f7-1f f6-1f)
35.708: (move f6-2f f6-1f)
35.733: (unlock f6-2f f6-3f key2-4 shape2)
35.771: (unlock f2-1f f2-2f key2-4 shape2)
35.772: (move f3-1f f2-1f)
35.773: (move f2-2f f2-1f)
35.782: (move f7-2f f8-2f)
35.792: (unlock f6-2f f6-3f key2-4 shape2)
35.800: (unlock f3-2f f2-2f key2-4 shape2)
35.881: (move f3-2f f2-2f)
35.907: (unlock f6-2f f6-3f key2-4 shape2)
35.909: (move f5-2f f6-2f)
35.915: (move f7-3f f8-3f)
35.920: (move f8-2f f8-3f)
35.927: (unlock f6-2f f6-3f key2-4 shape2)
35.930: (move f8-2f f8-3f)
35.937: (move f7-3f f8-3f)
35.952: (unlock f2-1f f2-2f key2-4 shape2)
35.956: (move f3-1f f2-1f)
35.958: (move f2-2f f2-1f)
35.972: (move f7-2f f8-2f)
35.992: (unlock f2-1f f2-2f key2-4 shape2)
35.993: (move f4-2f f4-1f)
35.998: (move f2-2f f2-1f)
36.000: (move f3-1f f2-1f)
36.003: (move f3-1f f2-1f)
36.004: (move f2-2f f2-1f)
36.005: (unlock f2-1f f2-2f key2-4 shape2)
36.006: (move f3-1f f4-1f)
36.009: (move f4-2f f5-2f)
36.039: (move f6-2f f5-2f)
36.042: (move f7-3f f7-4f)
36.043: (move f7-3f f8-3f)
36.049: (move f3-1f f2-1f)
36.052: (move f4-2f f5-2f)
36.058: (move f7-3f f7-4f)
36.066: (move f6-2f f5-2f)
36.076: (move f7-3f f8-3f)
36.080: (move f8-2f f8-3f)
36.082: (move f4-2f f4-1f)
36.082: (move f7-2f f7-3f)
36.097: (move f3-1f f4-1f)
36.156: (move f3-2f f2-2f)
36.163: (move f7-3f f7-4f)
36.193: (move f7-3f f7-4f)
36.195: (move f2-1f f1-1f)
36.196: (move f3-2f f2-2f)
36.217: (move f3-1f f3-0f)
36.222: (move f2-1f f1-1f)
36.226: (move f4-0f f3-0f)
36.235: (move f3-1f f3-2f)
36.244: (move f6-2f f5-2f)
36.260: (move f6-5f f6-4f)
36.263: (move f4-2f f5-2f)
36.264: (move f4-2f f4-1f)
36.269: (pickup-and-loose f6-4f key0-2 key0-0)
36.273: (move f7-1f f8-1f)
36.274: (move f7-4f f6-4f)
36.277: (move f8-2f f8-1f)
36.285: (move f4-2f f5-2f)
36.288: (unlock f8-1f f7-1f key2-4 shape2)
36.289: (move f3-1f f3-0f)
36.289: (move f6-2f f5-2f)
36.292: (move f4-2f f5-2f)
36.292: (move f2-4f f2-5f)
36.295: (move f2-1f f1-1f)
36.296: (move f3-1f f4-1f)
36.304: (move f5-2f f5-1f)
36.304: (move f4-1f f5-1f)
36.308: (move f3-1f f2-1f)
36.310: (move f2-1f f1-1f)
36.316: (move f4-2f f4-1f)
36.319: (move f2-1f f1-1f)
36.322: (move f7-2f f6-2f)
36.323: (move f4-1f f5-1f)
36.324: (move f5-2f f5-1f)
36.326: (move f3-1f f4-1f)
36.327: (move f3-1f f2-1f)
36.330: (move f5-2f f5-1f)
36.334: (move f6-1f f5-1f)
36.335: (move f4-2f f4-1f)
36.339: (move f3-1f f4-1f)
36.367: (move f3-1f f2-1f)
36.375: (move f2-4f f2-5f)
36.378: (move f3-1f f3-0f)
36.401: (move f4-1f f5-1f)
36.403: (move f5-2f f5-1f)
36.409: (move f5-2f f6-2f)
36.412: (move f5-1f f4-1f)
36.419: (move f5-2f f6-2f)
36.420: (move f2-4f f2-5f)
36.424: (move f4-2f f4-1f)
36.449: (move f4-2f f3-2f)
36.449: (move f2-1f f1-1f)
36.473: (move f5-2f f6-2f)
36.478: (move f4-0f f3-0f)
36.495: (move f3-1f f3-0f)
36.506: (move f2-1f f1-1f)
36.509: (move f3-3f f3-4f)
36.516: (move f2-1f f1-1f)
36.523: (move f7-2f f6-2f)
36.533: (move f4-0f f3-0f)
36.535: (move f3-1f f3-0f)
36.540: (unlock f7-3f f6-3f key2-4 shape2)
36.543: (move f2-1f f1-1f)
36.547: (unlock f7-3f f6-3f key2-4 shape2)
36.553: (move f7-2f f7-1f)
36.567: (move f3-1f f3-0f)
36.575: (move f3-2f f4-2f)
36.586: (move f2-4f f2-5f)
36.588: (move f5-2f f5-1f)
36.589: (move f4-1f f5-1f)
36.590: (move f2-1f f2-0f)
36.596: (move f7-2f f7-3f)
36.597: (move f3-0f f2-0f)
36.601: (move f2-5f f1-5f)
36.609: (move f3-1f f3-0f)
36.612: (move f6-2f f6-1f)
36.612: (move f3-1f f3-0f)
36.641: (move f2-1f f2-0f)
36.648: (move f3-0f f2-0f)
36.649: (move f3-0f f4-0f)
36.651: (move f4-1f f4-0f)
36.656: (move f3-1f f4-1f)
36.658: (move f3-2f f3-3f)
36.676: (unlock f7-3f f6-3f key2-4 shape2)
36.680: (move f3-0f f2-0f)
36.681: (move f2-1f f2-0f)
36.693: (move f3-3f f3-4f)
36.712: (move f4-1f f4-0f)
36.720: (move f7-2f f7-3f)
36.723: (move f3-0f f2-0f)
36.724: (move f3-0f f4-0f)
36.729: (move f2-1f f2-0f)
36.730: (move f3-3f f3-4f)
36.732: (move f4-1f f4-0f)
36.733: (move f2-4f f2-5f)
36.735: (move f2-1f f2-0f)
36.742: (move f3-0f f2-0f)
36.747: (move f4-1f f4-0f)
36.750: (move f6-5f f6-6f)
36.753: (move f3-0f f4-0f)
36.754: (move f7-2f f7-1f)
36.755: (pickup-and-loose f3-1f key2-0 key2-4)
36.761: (pickup-and-loose f3-1f key2-0 key2-4)
36.780: (move f6-2f f6-1f)
36.780: (move f5-1f f6-1f)
36.786: (move f4-1f f5-1f)
36.813: (move f5-2f f4-2f)
36.813: (move f6-2f f6-1f)
36.825: (move f7-2f f8-2f)
36.825: (move f3-2f f4-2f)
36.825: (move f3-0f f2-0f)
36.852: (move f6-5f f5-5f)
36.853: (move f2-1f f2-0f)
36.859: (move f3-2f f4-2f)
36.864: (pickup-and-loose f3-1f key2-0 key2-4)
36.871: (move f6-2f f6-1f)
36.876: (move f5-5f f5-4f)
36.879: (move f6-4f f5-4f)
36.879: (move f3-3f f3-4f)
36.888: (move f3-0f f2-0f)
36.893: (move f3-0f f2-0f)
36.899: (move f3-3f f3-4f)
36.901: (move f3-2f f3-3f)
36.908: (move f2-1f f2-0f)
36.909: (move f2-1f f2-0f)
36.923: (move f3-2f f3-3f)
36.933: (move f3-0f f2-0f)
36.960: (move f2-1f f2-0f)
36.961: (move f3-0f f4-0f)
36.964: (move f3-1f f3-0f)
36.966: (move f4-1f f4-0f)
36.966: (move f3-2f f3-3f)
36.980: (putdown f6-4f key0-0)
36.993: (move f3-0f f4-0f)
36.994: (move f3-2f f2-2f)
36.995: (move f2-1f f2-2f)
37.002: (move f4-1f f4-0f)
37.009: (move f3-2f f2-2f)
37.013: (move f2-1f f2-2f)
37.026: (pickup-and-loose f3-1f key2-0 key2-4)
37.035: (move f3-3f f3-4f)
37.035: (unlock f6-2f f6-3f key2-0 shape2)
37.047: (move f3-3f f3-4f)
34.901: (move f3-2f f3-1f)
35.197: (unlock f7-2f f7-1f key2-4 shape2)
35.208: (move f4-1f f3-1f)
35.211: (move f3-2f f3-1f)
35.216: (move f6-2f f7-2f)
35.276: (move f6-2f f7-2f)
35.293: (move f6-2f f7-2f)
35.297: (move f6-2f f7-2f)
35.298: (unlock f7-2f f7-1f key2-4 shape2)
35.317: (move f7-3f f7-2f)
35.383: (move f7-3f f6-3f)
35.386: (move f7-3f f7-2f)
35.390: (move f6-2f f7-2f)
35.390: (move f6-2f f6-3f)
35.404: (move f7-3f f6-3f)
35.412: (move f6-2f f6-3f)
35.467: (move f1-5f f0-5f)
35.504: (move f6-2f f7-2f)
35.512: (move f6-2f f6-3f)
35.536: (move f6-2f f6-3f)
35.538: (move f7-3f f6-3f)
35.544: (move f6-2f f7-2f)
35.557: (move f7-3f f7-2f)
35.612: (unlock f6-1f f7-1f key2-4 shape2)
35.615: (move f7-1f f6-1f)
35.629: (move f3-1f f2-1f)
35.631: (move f2-2f f2-1f)
35.631: (unlock f2-1f f2-2f key2-4 shape2)
35.642: (move f6-2f f6-1f)
35.717: (unlock f6-2f f6-3f key2-4 shape2)
35.763: (unlock f6-1f f7-1f key2-4 shape2)
35.785: (move f6-2f f6-1f)
35.801: (move f5-1f f6-1f)
35.811: (unlock f6-1f f7-1f key2-4 shape2)
35.812: (move f7-1f f6-1f)
35.822: (move f6-2f f6-1f)
35.831: (unlock f6-2f f6-3f key2-4 shape2)
35.831: (move f5-2f f6-2f)
35.859: (unlock f6-2f f6-3f key2-4 shape2)
35.861: (unlock f6-1f f7-1f key2-4 shape2)
35.871: (move f6-2f f6-1f)
35.871: (move f5-2f f6-2f)
35.884: (unlock f2-1f f2-2f key2-4 shape2)
35.901: (unlock f6-2f f6-3f key2-4 shape2)
35.902: (unlock f6-2f f6-3f key2-4 shape2)
35.903: (move f7-3f f8-3f)
35.904: (move f2-2f f2-1f)
35.906: (move f3-1f f2-1f)
35.914: (move f5-2f f6-2f)
35.917: (move f8-2f f8-3f)
35.927: (unlock f2-1f f2-2f key2-4 shape2)
35.944: (move f4-2f f4-1f)
35.945: (move f2-2f f2-1f)
35.947: (move f3-1f f2-1f)
35.948: (move f7-2f f8-2f)
35.954: (move f4-2f f5-2f)
35.955: (move f3-1f f4-1f)
35.976: (move f7-2f f8-2f)
36.000: (move f6-2f f5-2f)
36.013: (move f7-3f f8-3f)
36.041: (move f7-3f f7-4f)
36.046: (move f7-3f f8-3f)
36.062: (move f7-3f f8-3f)
36.062: (move f8-2f f8-3f)
36.089: (move f8-3f f8-2f)
36.092: (move f7-2f f8-2f)
36.104: (move f3-2f f2-2f)
36.142: (move f2-1f f1-1f)
36.159: (move f4-2f f4-1f)
36.162: (move f2-1f f1-1f)
36.168: (move f4-1f f5-1f)
36.168: (move f5-2f f5-1f)
36.169: (move f5-1f f4-1f)
36.177: (move f7-3f f7-4f)
36.183: (move f7-3f f8-3f)
36.186: (move f6-2f f5-2f)
36.193: (move f7-3f f7-4f)
36.195: (move f4-2f f3-2f)
36.203: (move f7-3f f7-4f)
36.205: (move f7-1f f8-1f)
36.210: (move f4-2f f5-2f)
36.215: (move f8-2f f8-1f)
36.223: (move f4-2f f4-1f)
36.227: (move f6-2f f5-2f)
36.231: (move f4-2f f5-2f)
36.235: (move f3-1f f4-1f)
36.235: (move f6-2f f5-2f)
36.237: (move f3-1f f3-0f)
36.241: (move f5-2f f5-1f)
36.244: (move f6-1f f5-1f)
36.257: (move f2-1f f1-1f)
36.259: (move f4-2f f4-1f)
36.268: (move f5-2f f5-1f)
36.269: (move f4-1f f5-1f)
36.274: (move f3-1f f4-1f)
36.276: (move f3-1f f2-1f)
36.283: (move f5-2f f5-1f)
36.292: (move f7-3f f7-4f)
36.293: (move f6-1f f5-1f)
36.317: (pickup-and-loose f7-3f key0-2 key0-0)
36.389: (move f5-2f f6-2f)
36.394: (move f2-1f f1-1f)
36.399: (move f7-1f f8-1f)
36.401: (move f8-2f f8-1f)
36.403: (move f5-2f f6-2f)
36.403: (move f6-2f f5-2f)
36.430: (move f2-1f f1-1f)
36.439: (move f4-0f f3-0f)
36.441: (move f2-1f f1-1f)
36.445: (move f3-1f f3-0f)
36.451: (move f2-5f f1-5f)
36.464: (move f4-1f f5-1f)
36.464: (move f5-2f f5-1f)
36.470: (move f6-1f f5-1f)
36.480: (move f5-2f f5-1f)
36.485: (move f2-1f f1-1f)
36.490: (move f2-1f f1-1f)
36.501: (move f5-2f f5-1f)
36.501: (move f4-1f f5-1f)
36.516: (move f3-1f f3-0f)
36.519: (move f2-5f f1-5f)
36.520: (move f7-2f f6-2f)
36.522: (move f6-1f f5-1f)
36.529: (unlock f7-3f f6-3f key2-4 shape2)
36.531: (move f5-2f f5-1f)
36.537: (move f5-2f f5-1f)
36.538: (move f2-1f f2-0f)
36.539: (move f2-1f f2-2f)
36.542: (move f3-2f f2-2f)
36.544: (move f4-1f f5-1f)
36.545: (move f3-0f f2-0f)
36.552: (move f2-5f f1-5f)
36.556: (move f3-1f f3-0f)
36.579: (move f2-1f f2-0f)
36.581: (move f3-0f f2-0f)
36.584: (move f3-0f f4-0f)
36.590: (move f4-1f f4-0f)
36.627: (move f6-2f f6-1f)
36.643: (move f5-1f f6-1f)
36.647: (unlock f7-3f f6-3f key2-4 shape2)
36.650: (move f7-2f f7-3f)
36.654: (move f3-3f f3-4f)
36.655: (move f3-0f f2-0f)
36.673: (move f2-1f f2-0f)
36.674: (move f2-5f f1-5f)
36.680: (move f3-0f f4-0f)
36.685: (move f4-1f f4-0f)
36.710: (move f7-2f f7-3f)
36.711: (pickup-and-loose f3-1f key2-0 key2-4)
36.717: (move f5-1f f6-1f)
36.718: (move f6-2f f6-1f)
36.732: (move f7-2f f7-1f)
36.761: (move f5-2f f4-2f)
36.772: (move f2-5f f1-5f)
36.773: (move f5-2f f4-2f)
36.776: (move f3-2f f4-2f)
36.787: (move f3-0f f2-0f)
36.788: (move f2-1f f2-0f)
36.809: (move f2-1f f1-1f)
36.811: (move f6-2f f6-1f)
36.820: (move f3-0f f2-0f)
36.834: (move f3-0f f2-0f)
36.836: (move f2-1f f2-0f)
36.852: (move f3-0f f4-0f)
36.866: (move f2-1f f2-0f)
36.873: (move f4-1f f4-0f)
36.876: (move f3-2f f3-3f)
36.876: (move f7-3f f7-4f)
36.890: (move f3-0f f2-0f)
36.896: (move f3-0f f2-0f)
36.903: (move f3-0f f4-0f)
36.903: (move f2-1f f2-0f)
36.905: (move f4-1f f4-0f)
36.906: (move f3-3f f3-4f)
36.911: (move f2-1f f2-0f)
36.917: (move f4-1f f4-0f)
36.922: (move f3-0f f4-0f)
36.930: (move f5-2f f4-2f)
36.949: (move f5-1f f6-1f)
36.951: (move f6-2f f6-1f)
36.965: (move f5-2f f4-2f)
36.975: (pickup-and-loose f3-1f key2-0 key2-4)
36.980: (pickup-and-loose f3-1f key2-0 key2-4)
36.990: (move f4-1f f4-0f)
36.997: (move f6-2f f6-1f)
37.006: (move f3-4f f2-4f)
37.006: (move f6-2f f6-3f)
37.032: (pickup-and-loose f3-1f key2-0 key2-4)
37.042: (move f4-1f f5-1f)
37.054: (move f6-3f f6-4f)
37.059: (move f7-4f f6-4f)
37.082: (move f3-3f f3-4f)
37.090: (putdown f7-3f key0-0)
37.098: (move f5-5f f5-4f)
37.112: (move f6-4f f5-4f)
37.113: (move f8-3f f8-4f)
37.115: (move f3-3f f3-4f)
37.119: (move f7-4f f8-4f)
37.149: (move f7-3f f8-3f)
37.155: (move f3-2f f3-3f)
34.937: (move f4-1f f3-1f)
34.937: (move f3-2f f3-1f)
35.138: (unlock f7-2f f7-1f key2-4 shape2)
35.149: (move f6-2f f7-2f)
35.155: (move f6-2f f7-2f)
35.155: (unlock f7-2f f7-1f key2-4 shape2)
35.204: (pickup-and-loose f3-1f key2-0 key0-0)
35.253: (move f7-3f f7-2f)
35.255: (unlock f7-2f f7-1f key2-4 shape2)
35.260: (move f6-2f f7-2f)
35.334: (move f1-5f f0-5f)
35.365: (move f1-5f f0-5f)
35.367: (move f6-2f f7-2f)
35.372: (unlock f7-2f f7-1f key2-4 shape2)
35.377: (move f7-3f f6-3f)
35.380: (move f6-2f f6-3f)
35.408: (move f6-2f f6-3f)
35.414: (move f6-2f f7-2f)
35.416: (unlock f7-2f f7-1f key2-4 shape2)
35.422: (move f7-3f f7-2f)
35.440: (move f1-5f f0-5f)
35.460: (move f6-2f f7-2f)
35.473: (move f6-2f f6-3f)
35.491: (move f6-2f f7-2f)
35.503: (move f6-2f f6-3f)
35.505: (move f6-2f f6-3f)
35.510: (move f7-3f f6-3f)
35.560: (move f1-5f f0-5f)
35.646: (unlock f6-1f f7-1f key2-4 shape2)
35.647: (move f5-1f f6-1f)
35.651: (move f6-2f f6-1f)
35.656: (move f1-5f f0-5f)
35.712: (unlock f6-1f f7-1f key2-4 shape2)
35.728: (move f6-2f f6-1f)
35.733: (move f5-1f f6-1f)
35.747: (move f6-2f f6-1f)
35.748: (move f7-1f f6-1f)
35.786: (unlock f6-2f f6-3f key2-4 shape2)
35.790: (unlock f6-1f f7-1f key2-4 shape2)
35.796: (move f5-2f f6-2f)
35.813: (unlock f3-2f f2-2f key2-4 shape2)
35.815: (move f6-2f f6-1f)
35.854: (unlock f2-1f f2-2f key2-4 shape2)
35.856: (move f3-1f f2-1f)
35.859: (move f2-2f f2-1f)
35.871: (unlock f6-2f f6-3f key2-4 shape2)
35.886: (move f7-2f f8-2f)
35.887: (move f5-2f f6-2f)
35.899: (move f7-2f f8-2f)
35.926: (move f7-2f f8-2f)
35.937: (unlock f6-1f f7-1f key2-4 shape2)
35.956: (move f6-2f f6-1f)
35.957: (move f5-1f f6-1f)
35.986: (move f8-2f f8-3f)
35.991: (unlock f6-2f f6-3f key2-4 shape2)
35.999: (move f7-3f f8-3f)
36.001: (move f6-2f f6-1f)
36.002: (unlock f6-1f f7-1f key2-4 shape2)
36.004: (move f7-3f f8-3f)
36.008: (move f8-3f f8-2f)
36.012: (move f7-2f f8-2f)
36.018: (move f7-3f f8-3f)
36.030: (move f8-3f f8-2f)
36.034: (move f8-2f f8-3f)
36.040: (move f7-2f f8-2f)
36.072: (move f7-3f f7-4f)
36.107: (move f6-3f f7-3f)
36.113: (move f2-1f f1-1f)
36.113: (move f4-2f f4-1f)
36.118: (move f4-1f f5-1f)
36.118: (move f5-2f f5-1f)
36.123: (move f4-2f f4-1f)
36.123: (move f5-1f f4-1f)
36.133: (move f5-1f f4-1f)
36.139: (move f4-2f f3-2f)
36.141: (move f7-3f f7-4f)
36.155: (move f6-2f f5-2f)
36.158: (move f7-3f f8-3f)
36.161: (move f4-2f f5-2f)
36.162: (move f4-2f f3-2f)
36.164: (move f7-2f f8-2f)
36.171: (move f6-2f f5-2f)
36.174: (move f4-2f f4-1f)
36.185: (move f3-1f f4-1f)
36.187: (move f5-2f f5-1f)
36.191: (move f6-1f f5-1f)
36.199: (move f7-3f f7-4f)
36.203: (move f8-3f f8-2f)
36.204: (move f7-2f f8-2f)
36.279: (putdown f3-1f key0-0)
36.279: (move f5-1f f4-1f)
36.280: (move f2-4f f2-5f)
36.283: (move f4-2f f4-1f)
36.313: (move f5-2f f6-2f)
36.317: (move f0-5f f0-4f)
36.317: (move f7-3f f7-4f)
36.323: (move f4-2f f3-2f)
36.338: (move f8-2f f8-1f)
36.343: (move f5-1f f4-1f)
36.349: (move f4-2f f4-1f)
36.350: (move f6-2f f5-2f)
36.350: (move f7-1f f8-1f)
36.371: (move f2-1f f1-1f)
36.378: (move f6-1f f5-1f)
36.381: (move f4-2f f3-2f)
36.382: (move f5-2f f5-1f)
36.382: (move f4-1f f5-1f)
36.383: (move f5-2f f5-1f)
36.389: (move f2-1f f1-1f)
36.402: (move f6-1f f5-1f)
36.407: (move f5-2f f5-1f)
36.409: (move f4-1f f5-1f)
36.409: (move f5-2f f5-1f)
36.433: (move f2-1f f1-1f)
36.465: (move f3-1f f3-0f)
36.478: (move f5-2f f5-1f)
36.482: (move f6-1f f5-1f)
36.528: (move f3-1f f2-1f)
36.536: (move f2-1f f2-0f)
36.536: (move f7-2f f7-3f)
36.539: (move f4-1f f4-0f)
36.539: (move f3-0f f4-0f)
36.539: (move f3-0f f2-0f)
36.603: (unlock f7-3f f6-3f key2-4 shape2)
36.652: (move f5-2f f5-1f)
36.653: (move f7-2f f7-3f)
36.653: (move f6-1f f5-1f)
36.654: (move f6-3f f7-3f)
36.655: (unlock f7-3f f6-3f key2-4 shape2)
36.686: (move f7-2f f7-3f)
36.694: (move f7-2f f7-3f)
36.702: (move f4-1f f4-0f)
36.709: (move f4-0f f3-0f)
36.711: (move f7-2f f7-1f)
36.713: (move f6-1f f7-1f)
36.721: (move f5-2f f4-2f)
36.729: (move f3-1f f3-0f)
36.752: (move f3-0f f2-0f)
36.770: (move f2-1f f2-0f)
36.775: (move f3-0f f2-0f)
36.792: (move f3-0f f4-0f)
36.805: (move f6-1f f7-1f)
36.807: (move f7-2f f7-1f)
36.810: (move f4-1f f4-0f)
36.810: (move f2-1f f2-0f)
36.826: (move f3-0f f2-0f)
36.837: (move f3-0f f4-0f)
36.840: (move f5-1f f6-1f)
36.851: (move f6-2f f6-1f)
36.853: (move f2-1f f2-0f)
36.856: (move f4-1f f4-0f)
36.884: (move f5-1f f6-1f)
36.888: (move f6-2f f6-1f)
36.894: (move f0-5f f0-6f)
36.897: (move f5-2f f4-2f)
36.906: (move f5-2f f4-2f)
36.912: (move f5-2f f4-2f)
36.922: (move f3-2f f3-3f)
36.930: (pickup-and-loose f3-1f key2-0 key2-4)
36.995: (move f7-4f f6-4f)
36.997: (move f6-3f f6-4f)
37.003: (move f3-3f f3-4f)
37.021: (move f7-4f f6-4f)
37.021: (move f6-3f f6-4f)
37.066: (move f5-2f f4-2f)
37.090: (move f8-3f f8-4f)
37.093: (move f7-4f f8-4f)
37.111: (move f7-3f f7-4f)
37.133: (move f6-3f f6-4f)
37.157: (move f7-4f f6-4f)
37.175: (move f6-3f f6-4f)
37.181: (move f3-4f f2-4f)
37.204: (move f7-4f f7-5f)
37.247: (move f3-3f f3-4f)
37.260: (move f6-3f f6-4f)
37.311: (move f7-4f f8-4f)
37.317: (pickup-and-loose f7-2f key0-0 key2-4)
37.324: (move f8-3f f8-4f)
37.346: (move f6-4f f6-5f)
37.379: (move f3-4f f2-4f)
37.395: (move f7-3f f8-3f)
37.404: (move f5-2f f5-3f)
37.410: (move f7-4f f7-5f)
37.417: (move f7-4f f8-4f)
37.418: (move f8-3f f8-4f)
37.418: (move f6-3f f5-3f)
37.418: (move f8-2f f8-1f)
37.431: (move f5-2f f5-3f)
37.445: (move f6-3f f5-3f)
37.453: (move f5-2f f5-3f)
37.453: (move f5-2f f5-3f)
37.456: (pickup-and-loose f7-2f key0-0 key2-4)
37.471: (move f2-4f f1-4f)
37.495: (move f7-3f f7-2f)
37.508: (pickup-and-loose f7-2f key0-0 key2-4)
37.522: (move f7-4f f7-5f)
37.532: (move f8-2f f8-1f)
37.550: (move f1-5f f1-4f)
37.562: (move f6-3f f5-3f)
37.568: (move f6-3f f5-3f)
34.890: (move f4-1f f3-1f)
34.891: (move f3-2f f3-1f)
34.891: (move f4-1f f3-1f)
34.896: (move f3-2f f3-1f)
34.921: (move f3-2f f3-1f)
35.059: (move f3-2f f3-1f)
35.060: (move f4-1f f3-1f)
35.087: (move f6-2f f7-2f)
35.123: (move f4-1f f3-1f)
35.124: (move f3-2f f3-1f)
35.323: (move f6-2f f7-2f)
35.327: (unlock f7-2f f7-1f key2-4 shape2)
35.352: (move f5-3f f6-3f)
35.353: (move f6-2f f7-2f)
35.359: (unlock f7-2f f7-1f key2-4 shape2)
35.374: (move f6-2f f6-3f)
35.463: (move f6-2f f6-3f)
35.470: (move f5-3f f6-3f)
35.470: (move f6-2f f7-2f)
35.484: (move f7-3f f7-2f)
35.494: (move f6-2f f6-3f)
35.507: (move f7-3f f6-3f)
35.586: (move f5-1f f6-1f)
35.593: (move f6-2f f6-1f)
35.760: (unlock f3-2f f2-2f key2-4 shape2)
35.763: (unlock f3-2f f2-2f key2-4 shape2)
35.802: (unlock f6-2f f6-3f key2-4 shape2)
35.812: (move f5-2f f6-2f)
35.837: (move f7-2f f8-2f)
35.846: (move f7-2f f8-2f)
35.861: (move f6-2f f6-1f)
35.867: (unlock f6-1f f7-1f key2-4 shape2)
35.869: (move f5-1f f6-1f)
35.897: (move f5-1f f6-1f)
35.897: (unlock f6-1f f7-1f key2-4 shape2)
35.897: (move f6-2f f6-1f)
35.915: (unlock f3-2f f2-2f key2-4 shape2)
35.935: (move f8-2f f8-3f)
35.940: (move f7-3f f8-3f)
35.947: (move f8-3f f8-2f)
35.958: (move f7-2f f8-2f)
35.964: (unlock f3-2f f2-2f key2-4 shape2)
35.980: (move f6-2f f6-1f)
35.985: (move f7-3f f8-3f)
36.002: (move f8-2f f8-3f)
36.025: (move f7-3f f8-3f)
36.032: (move f8-2f f8-3f)
36.040: (move f7-3f f7-4f)
36.049: (move f7-2f f7-3f)
36.066: (move f4-2f f4-1f)
36.071: (move f1-4f f0-4f)
36.073: (move f7-3f f7-4f)
36.074: (move f7-3f f7-4f)
36.076: (move f5-1f f4-1f)
36.078: (pickup-and-loose f7-3f key0-0 key2-0)
36.083: (move f7-2f f8-2f)
36.085: (move f7-2f f7-3f)
36.113: (move f7-2f f8-2f)
36.113: (move f7-2f f8-2f)
36.115: (move f4-2f f3-2f)
36.121: (move f7-3f f8-3f)
36.125: (move f3-2f f2-2f)
36.131: (move f8-2f f8-3f)
36.137: (move f1-4f f0-4f)
36.138: (move f7-3f f8-3f)
36.138: (move f7-2f f7-3f)
36.156: (move f7-2f f8-2f)
36.157: (move f8-3f f8-2f)
36.168: (move f0-5f f0-4f)
36.211: (move f6-4f f7-4f)
36.218: (move f7-3f f7-4f)
36.240: (move f5-1f f4-1f)
36.249: (move f0-5f f0-4f)
36.253: (move f4-2f f4-1f)
36.266: (move f3-1f f2-1f)
36.286: (move f0-5f f0-4f)
36.291: (move f4-2f f3-2f)
36.291: (move f4-2f f4-1f)
36.295: (move f7-3f f7-4f)
36.295: (move f5-1f f4-1f)
36.296: (move f5-1f f4-1f)
36.297: (move f4-2f f4-1f)
36.308: (move f6-1f f5-1f)
36.313: (move f5-2f f5-1f)
36.326: (move f5-2f f5-1f)
36.328: (move f4-1f f5-1f)
36.330: (move f4-2f f3-2f)
36.343: (move f4-2f f3-2f)
36.344: (move f2-1f f1-1f)
36.350: (move f2-5f f1-5f)
36.351: (move f5-2f f5-1f)
36.352: (move f6-1f f5-1f)
36.359: (move f8-2f f8-1f)
36.362: (move f7-1f f8-1f)
36.363: (unlock f8-1f f7-1f key2-4 shape2)
36.364: (move f6-2f f5-2f)
36.371: (move f1-4f f1-5f)
36.377: (move f3-1f f4-1f)
36.403: (move f2-4f f2-5f)
36.416: (move f0-5f f0-4f)
36.430: (move f3-1f f3-2f)
36.435: (move f4-0f f3-0f)
36.437: (move f3-1f f3-0f)
36.469: (move f5-1f f4-1f)
36.472: (move f4-2f f4-1f)
36.482: (move f8-2f f8-1f)
36.489: (unlock f8-1f f7-1f key2-4 shape2)
36.496: (move f4-2f f3-2f)
36.499: (move f7-1f f8-1f)
36.504: (unlock f7-3f f6-3f key2-4 shape2)
36.505: (move f7-2f f7-3f)
36.508: (move f6-3f f7-3f)
36.510: (move f0-5f f0-4f)
36.511: (move f3-1f f2-1f)
36.513: (move f7-2f f7-3f)
36.525: (move f6-1f f5-1f)
36.527: (move f5-2f f5-1f)
36.529: (move f3-3f f3-4f)
36.609: (move f2-4f f2-5f)
36.614: (move f2-1f f1-1f)
36.620: (move f7-2f f7-1f)
36.623: (move f6-1f f7-1f)
36.629: (move f7-2f f7-1f)
36.629: (move f7-2f f7-3f)
36.631: (move f6-3f f7-3f)
36.631: (unlock f7-3f f6-3f key2-4 shape2)
36.631: (move f6-1f f7-1f)
36.634: (unlock f7-3f f6-3f key2-4 shape2)
36.638: (move f7-2f f7-3f)
36.639: (move f6-3f f7-3f)
36.653: (move f4-1f f4-0f)
36.664: (move f4-1f f4-0f)
36.668: (move f7-2f f7-3f)
36.683: (move f3-1f f3-0f)
36.725: (move f7-2f f7-1f)
36.728: (move f6-1f f7-1f)
36.728: (move f0-5f f0-6f)
36.738: (move f3-0f f2-0f)
36.752: (move f0-5f f0-6f)
36.755: (move f3-0f f4-0f)
36.765: (move f2-1f f2-0f)
36.770: (move f4-1f f4-0f)
36.813: (move f0-6f f0-7f)
36.822: (move f5-2f f4-2f)
36.824: (move f4-1f f4-0f)
36.839: (move f3-2f f4-2f)
36.855: (move f5-2f f4-2f)
36.862: (move f3-2f f3-3f)
36.871: (move f0-5f f0-6f)
36.878: (move f4-1f f4-0f)
36.878: (move f3-2f f3-3f)
36.879: (move f7-2f f7-1f)
36.883: (move f6-1f f7-1f)
36.886: (move f7-2f f8-2f)
36.910: (move f7-2f f8-2f)
36.914: (move f7-4f f7-5f)
36.915: (move f3-2f f3-3f)
36.926: (move f8-3f f8-4f)
36.928: (move f7-4f f8-4f)
36.930: (move f6-1f f7-1f)
36.931: (move f7-2f f7-1f)
36.957: (move f7-4f f6-4f)
36.959: (move f6-3f f6-4f)
36.963: (move f6-3f f6-4f)
36.988: (move f0-5f f0-6f)
37.001: (move f3-2f f3-3f)
37.015: (move f2-1f f2-0f)
37.016: (move f3-0f f2-0f)
37.028: (move f5-2f f4-2f)
37.041: (move f7-2f f6-2f)
37.048: (move f7-5f f6-5f)
37.053: (move f3-2f f3-3f)
37.059: (move f7-2f f8-2f)
37.065: (move f0-5f f0-6f)
37.074: (move f6-3f f6-4f)
37.075: (move f8-3f f8-2f)
37.075: (move f6-3f f6-4f)
37.077: (move f6-5f f6-6f)
37.089: (move f7-2f f8-2f)
37.089: (move f7-3f f7-4f)
37.099: (move f6-4f f7-4f)
37.103: (pickup-and-loose f3-1f key2-0 key2-4)
37.125: (move f7-4f f6-4f)
37.130: (putdown f7-3f key2-0)
37.146: (move f6-3f f6-4f)
37.228: (move f7-5f f6-5f)
37.243: (pickup-and-loose f7-2f key0-0 key2-4)
37.261: (move f7-4f f8-4f)
37.269: (move f6-4f f6-5f)
37.271: (move f8-3f f8-4f)
37.275: (move f8-2f f8-1f)
37.324: (move f6-4f f6-5f)
37.332: (move f1-4f f1-3f)
37.337: (move f7-3f f8-3f)
37.341: (move f1-4f f1-3f)
37.348: (move f5-2f f5-3f)
37.353: (move f8-2f f8-1f)
37.365: (move f7-4f f7-5f)
37.382: (move f6-3f f5-3f)
37.396: (move f5-2f f5-3f)
34.840: (move f3-2f f3-1f)
34.845: (move f4-1f f3-1f)
34.857: (move f3-2f f3-1f)
34.870: (move f3-2f f3-1f)
35.017: (move f3-2f f3-1f)
35.018: (move f4-1f f3-1f)
35.048: (move f3-2f f3-1f)
35.078: (move f4-1f f3-1f)
35.080: (move f3-2f f3-1f)
35.082: (move f3-2f f3-1f)
35.083: (move f4-1f f3-1f)
35.094: (move f3-2f f3-1f)
35.199: (move f0-4f f0-5f)
35.211: (move f1-5f f0-5f)
35.245: (move f3-2f f3-1f)
35.245: (move f4-1f f3-1f)
35.315: (move f6-2f f7-2f)
35.368: (move f6-2f f6-3f)
35.371: (move f5-3f f6-3f)
35.705: (unlock f3-2f f2-2f key2-4 shape2)
35.761: (move f7-2f f8-2f)
35.807: (move f6-2f f6-1f)
35.809: (move f5-1f f6-1f)
35.872: (move f2-2f f2-1f)
35.875: (unlock f3-2f f2-2f key2-4 shape2)
35.875: (unlock f2-1f f2-2f key2-4 shape2)
35.877: (move f3-1f f2-1f)
35.911: (move f8-2f f8-3f)
35.913: (move f7-3f f8-3f)
35.926: (unlock f3-2f f2-2f key2-4 shape2)
35.928: (unlock f3-2f f2-2f key2-4 shape2)
35.982: (move f7-3f f8-3f)
35.992: (move f8-2f f8-3f)
36.033: (unlock f3-2f f2-2f key2-0 shape2)
36.033: (move f7-2f f7-3f)
36.033: (move f7-2f f8-2f)
36.036: (move f7-3f f7-4f)
36.062: (move f7-3f f7-4f)
36.062: (move f7-2f f8-2f)
36.074: (move f3-2f f2-2f)
36.079: (move f3-2f f2-2f)
36.083: (move f7-3f f8-3f)
36.086: (move f7-3f f8-3f)
36.086: (move f8-2f f8-3f)
36.088: (unlock f3-2f f2-2f key2-4 shape2)
36.093: (move f8-2f f8-3f)
36.122: (unlock f2-1f f2-2f key2-0 shape2)
36.124: (move f8-2f f8-3f)
36.135: (move f7-3f f8-3f)
36.174: (move f4-2f f5-2f)
36.177: (move f7-2f f8-2f)
36.177: (move f4-2f f4-1f)
36.177: (move f8-3f f8-2f)
36.177: (move f5-1f f4-1f)
36.183: (move f7-3f f7-4f)
36.192: (move f6-4f f7-4f)
36.211: (unlock f8-1f f7-1f key2-4 shape2)
36.212: (move f4-2f f4-1f)
36.213: (move f3-1f f2-1f)
36.215: (move f3-1f f4-1f)
36.217: (move f6-4f f7-4f)
36.220: (move f7-3f f7-4f)
36.222: (move f6-4f f7-4f)
36.228: (move f7-3f f7-4f)
36.228: (move f8-2f f8-1f)
36.233: (move f4-2f f3-2f)
36.236: (move f4-2f f4-1f)
36.236: (move f3-1f f2-1f)
36.237: (move f7-1f f8-1f)
36.248: (move f5-1f f4-1f)
36.260: (move f3-2f f2-2f)
36.267: (pickup-and-loose f7-3f key0-2 key0-0)
36.278: (move f4-2f f3-2f)
36.293: (move f7-1f f8-1f)
36.306: (move f8-2f f8-1f)
36.307: (move f3-2f f2-2f)
36.314: (unlock f8-1f f7-1f key2-4 shape2)
36.315: (pickup-and-loose f7-3f key0-2 key0-0)
36.345: (move f0-6f f0-7f)
36.364: (pickup-and-loose f7-3f key0-2 key0-0)
36.373: (move f2-1f f1-1f)
36.383: (move f3-1f f3-0f)
36.386: (move f4-0f f3-0f)
36.392: (move f3-1f f2-1f)
36.399: (move f4-0f f3-0f)
36.403: (move f3-1f f3-0f)
36.407: (move f2-5f f1-5f)
36.416: (move f5-1f f4-1f)
36.422: (move f8-2f f8-1f)
36.423: (move f4-2f f4-1f)
36.424: (move f7-1f f8-1f)
36.458: (move f3-1f f2-1f)
36.477: (unlock f7-3f f6-3f key2-4 shape2)
36.478: (move f4-2f f3-2f)
36.482: (move f6-3f f7-3f)
36.482: (move f7-2f f7-3f)
36.483: (move f3-1f f3-0f)
36.496: (move f7-2f f7-3f)
36.498: (move f3-3f f3-4f)
36.512: (move f6-1f f5-1f)
36.522: (move f5-2f f5-1f)
36.530: (move f3-3f f3-4f)
36.540: (move f6-1f f7-1f)
36.542: (move f7-2f f7-1f)
36.553: (move f4-0f f3-0f)
36.554: (move f7-1f f8-1f)
36.564: (move f3-1f f3-0f)
36.566: (move f8-2f f8-1f)
36.566: (move f2-5f f1-5f)
36.597: (move f8-2f f8-1f)
36.604: (unlock f7-3f f6-3f key2-4 shape2)
36.610: (move f4-1f f4-0f)
36.612: (move f6-3f f7-3f)
36.612: (move f7-2f f7-3f)
36.618: (move f2-1f f1-1f)
36.622: (move f7-1f f8-1f)
36.627: (move f3-1f f3-0f)
36.628: (move f4-0f f3-0f)
36.645: (move f0-6f f0-7f)
36.689: (move f3-3f f3-4f)
36.694: (move f3-3f f3-4f)
36.712: (move f4-1f f5-1f)
36.723: (move f6-5f f6-6f)
36.737: (move f3-0f f2-0f)
36.756: (move f2-1f f2-0f)
36.767: (move f3-2f f4-2f)
36.784: (move f3-2f f4-2f)
36.791: (move f4-1f f4-0f)
36.796: (move f0-6f f0-7f)
36.797: (move f7-2f f7-1f)
36.805: (move f6-1f f7-1f)
36.815: (move f3-2f f3-3f)
36.819: (move f7-3f f7-4f)
36.831: (move f3-3f f3-4f)
36.832: (move f7-2f f7-1f)
36.841: (move f6-1f f7-1f)
36.846: (move f4-1f f4-0f)
36.848: (move f3-2f f3-3f)
36.849: (move f4-1f f4-0f)
36.859: (move f3-2f f3-3f)
36.869: (move f6-5f f6-6f)
36.890: (move f0-6f f0-7f)
36.892: (move f7-3f f7-4f)
36.905: (move f6-3f f6-4f)
36.920: (move f4-1f f4-0f)
36.922: (move f7-2f f8-2f)
36.935: (move f3-0f f4-0f)
36.942: (move f7-3f f6-3f)
36.946: (move f6-2f f6-3f)
36.950: (pickup-and-loose f3-1f key2-0 key2-4)
36.955: (move f7-2f f7-1f)
36.957: (move f6-1f f7-1f)
36.961: (move f3-2f f4-2f)
36.963: (move f3-2f f4-2f)
36.965: (move f0-6f f0-7f)
36.991: (move f3-2f f3-3f)
36.992: (move f7-3f f6-3f)
37.007: (move f4-1f f4-0f)
37.015: (move f6-3f f6-4f)
37.016: (move f2-1f f2-0f)
37.021: (move f3-0f f2-0f)
37.025: (move f6-3f f6-4f)
37.028: (move f3-2f f3-3f)
37.034: (move f3-2f f3-3f)
37.034: (move f7-4f f6-4f)
37.035: (move f5-2f f4-2f)
37.035: (move f3-2f f3-3f)
37.037: (putdown f7-3f key0-0)
37.041: (move f6-5f f6-6f)
37.055: (pickup-and-loose f3-1f key2-0 key2-4)
37.057: (move f3-4f f2-4f)
37.066: (move f3-2f f3-3f)
37.076: (move f6-5f f5-5f)
37.079: (pickup-and-loose f3-1f key2-0 key2-4)
37.090: (move f6-5f f6-6f)
37.093: (move f8-3f f8-2f)
37.110: (move f7-3f f7-4f)
37.116: (move f3-2f f3-3f)
37.124: (putdown f7-3f key0-0)
37.125: (move f7-3f f7-4f)
37.128: (putdown f7-3f key0-0)
37.148: (move f7-4f f7-5f)
37.149: (move f7-4f f8-4f)
37.150: (move f8-3f f8-4f)
37.154: (move f7-3f f8-3f)
37.158: (move f7-4f f7-5f)
37.164: (move f3-2f f4-2f)
37.165: (move f4-1f f4-2f)
37.167: (move f8-2f f8-3f)
37.170: (move f3-2f f3-3f)
37.211: (move f7-3f f8-3f)
37.227: (pickup-and-loose f3-1f key2-0 key2-4)
37.241: (move f8-2f f8-3f)
37.272: (move f6-4f f6-5f)
37.281: (move f7-4f f8-4f)
37.281: (move f8-3f f8-4f)
37.297: (pickup-and-loose f3-1f key2-0 key2-4)
37.304: (move f6-5f f5-5f)
37.310: (move f7-3f f8-3f)
37.332: (move f8-2f f8-3f)
34.804: (move f3-2f f3-1f)
34.958: (move f4-1f f3-1f)
34.958: (move f3-2f f3-1f)
34.989: (move f3-2f f3-1f)
35.027: (move f4-1f f3-1f)
35.029: (move f3-2f f3-1f)
35.039: (move f3-2f f3-1f)
35.043: (move f3-2f f3-1f)
35.169: (move f2-1f f3-1f)
35.180: (move f3-2f f3-1f)
35.195: (move f4-1f f3-1f)
35.195: (move f3-2f f3-1f)
35.212: (move f3-2f f3-1f)
35.277: (move f1-5f f0-5f)
35.435: (move f1-5f f0-5f)
35.811: (unlock f3-2f f2-2f key2-4 shape2)
35.818: (unlock f2-1f f2-2f key2-4 shape2)
35.819: (unlock f2-1f f2-2f key2-4 shape2)
35.823: (move f3-1f f2-1f)
35.825: (move f3-1f f2-1f)
35.825: (move f2-2f f2-1f)
35.827: (move f2-2f f2-1f)
35.873: (unlock f3-2f f2-2f key2-4 shape2)
35.905: (move f8-2f f8-3f)
35.907: (move f7-3f f8-3f)
35.989: (move f7-2f f8-2f)
35.991: (unlock f2-1f f2-2f key2-4 shape2)
35.998: (move f2-2f f2-1f)
36.001: (move f3-1f f2-1f)
36.025: (move f3-2f f2-2f)
36.030: (move f7-3f f7-4f)
36.036: (unlock f2-1f f2-2f key2-4 shape2)
36.042: (unlock f3-2f f2-2f key2-4 shape2)
36.047: (move f2-2f f2-1f)
36.048: (move f3-1f f2-1f)
36.054: (move f8-2f f8-3f)
36.055: (move f7-3f f8-3f)
36.087: (move f7-3f f8-3f)
36.089: (move f8-2f f8-3f)
36.104: (move f4-2f f5-2f)
36.116: (move f4-2f f5-2f)
36.126: (move f4-2f f4-1f)
36.144: (move f3-1f f4-1f)
36.162: (move f3-1f f4-1f)
36.163: (move f4-2f f4-1f)
36.170: (move f8-2f f8-1f)
36.176: (move f7-1f f8-1f)
36.182: (move f3-1f f2-1f)
36.188: (move f7-3f f7-4f)
36.194: (move f6-4f f7-4f)
36.205: (move f3-2f f2-2f)
36.222: (move f7-3f f7-4f)
36.225: (move f6-4f f7-4f)
36.244: (move f3-2f f2-2f)
36.256: (move f3-2f f2-2f)
36.257: (pickup-and-loose f7-3f key0-2 key0-0)
36.289: (move f2-4f f2-5f)
36.293: (move f4-2f f5-2f)
36.324: (move f2-1f f1-1f)
36.324: (move f4-2f f5-2f)
36.330: (move f4-2f f4-1f)
36.333: (move f2-1f f2-2f)
36.336: (move f2-1f f1-1f)
36.340: (move f3-1f f4-1f)
36.347: (move f4-0f f3-0f)
36.349: (move f3-1f f3-0f)
36.350: (move f3-2f f2-2f)
36.362: (move f3-1f f2-1f)
36.362: (move f4-2f f4-1f)
36.376: (move f2-1f f1-1f)
36.382: (move f3-1f f4-1f)
36.405: (move f3-1f f2-1f)
36.410: (move f5-1f f4-1f)
36.411: (move f3-1f f2-1f)
36.423: (move f4-2f f4-1f)
36.423: (move f3-1f f3-0f)
36.429: (move f3-2f f2-2f)
36.430: (move f3-1f f3-0f)
36.446: (move f4-1f f5-1f)
36.447: (move f5-2f f5-1f)
36.449: (move f7-1f f8-1f)
36.457: (unlock f7-3f f6-3f key2-4 shape2)
36.459: (move f8-2f f8-1f)
36.464: (move f6-3f f7-3f)
36.465: (move f7-2f f7-3f)
36.465: (move f4-2f f3-2f)
36.471: (move f5-2f f6-2f)
36.486: (move f3-3f f3-4f)
36.495: (move f7-1f f8-1f)
36.498: (move f2-1f f1-1f)
36.499: (move f8-2f f8-1f)
36.523: (move f4-0f f3-0f)
36.529: (move f3-1f f3-0f)
36.556: (move f2-1f f1-1f)
36.557: (move f0-5f f0-6f)
36.574: (move f3-1f f3-0f)
36.576: (move f4-0f f3-0f)
36.580: (move f3-1f f3-0f)
36.581: (move f4-0f f3-0f)
36.582: (move f8-2f f8-1f)
36.582: (move f2-1f f1-1f)
36.584: (move f3-1f f2-1f)
36.596: (move f7-1f f8-1f)
36.610: (move f3-1f f3-0f)
36.653: (move f3-3f f3-4f)
36.655: (move f3-1f f3-0f)
36.681: (move f3-3f f3-4f)
36.697: (move f3-3f f3-4f)
36.707: (move f2-1f f2-0f)
36.711: (move f3-0f f2-0f)
36.712: (move f3-2f f4-2f)
36.720: (move f2-1f f2-0f)
36.725: (move f4-1f f4-0f)
36.727: (move f3-0f f2-0f)
36.748: (move f4-0f f3-0f)
36.755: (move f3-1f f3-0f)
36.757: (move f7-2f f7-1f)
36.760: (move f3-0f f2-0f)
36.763: (move f6-1f f7-1f)
36.783: (move f3-0f f4-0f)
36.784: (move f4-1f f4-0f)
36.784: (move f2-1f f2-0f)
36.785: (move f4-1f f4-0f)
36.794: (move f3-3f f3-4f)
36.797: (move f3-2f f3-3f)
36.840: (move f3-3f f3-4f)
36.840: (move f7-3f f7-4f)
36.846: (move f6-3f f6-4f)
36.852: (move f3-3f f3-4f)
36.854: (move f3-0f f2-0f)
36.878: (move f2-1f f2-0f)
36.893: (move f3-2f f4-2f)
36.900: (pickup-and-loose f3-1f key2-0 key2-4)
36.901: (pickup-and-loose f3-1f key2-0 key2-4)
36.903: (move f3-2f f4-2f)
36.911: (move f3-2f f4-2f)
36.927: (move f3-2f f3-3f)
36.931: (move f3-0f f2-0f)
36.947: (move f2-1f f2-0f)
36.959: (move f4-1f f4-0f)
36.972: (move f3-2f f3-3f)
36.979: (move f3-2f f3-3f)
36.984: (move f3-3f f3-4f)
37.010: (move f2-1f f2-0f)
37.011: (move f3-2f f3-3f)
37.015: (move f6-5f f6-6f)
37.017: (move f3-2f f3-3f)
37.020: (move f3-4f f2-4f)
37.028: (putdown f7-3f key0-0)
37.031: (pickup-and-loose f3-1f key2-0 key2-4)
37.033: (move f3-3f f3-4f)
37.052: (move f3-4f f2-4f)
37.052: (move f6-3f f6-2f)
37.058: (move f7-3f f7-4f)
37.072: (pickup-and-loose f3-1f key2-0 key2-4)
37.078: (move f3-2f f4-2f)
37.105: (move f7-4f f7-5f)
37.121: (pickup-and-loose f3-1f key2-0 key2-4)
37.122: (move f7-3f f7-4f)
37.131: (move f3-2f f3-3f)
37.131: (move f3-2f f3-3f)
37.156: (move f8-2f f8-3f)
37.158: (move f7-3f f8-3f)
37.178: (move f7-3f f6-3f)
37.186: (move f3-2f f4-2f)
37.190: (move f3-2f f3-3f)
37.194: (move f3-4f f2-4f)
37.201: (pickup-and-loose f3-1f key2-0 key2-4)
37.210: (move f5-5f f4-5f)
37.226: (move f6-3f f6-4f)
37.233: (move f3-4f f2-4f)
37.236: (move f7-4f f6-4f)
37.237: (move f3-3f f3-4f)
37.237: (move f8-3f f8-4f)
37.240: (move f7-4f f8-4f)
37.247: (move f7-4f f6-4f)
37.249: (pickup-and-loose f3-1f key2-0 key2-4)
37.252: (move f6-3f f6-4f)
37.256: (pickup-and-loose f3-1f key2-0 key2-4)
37.290: (move f7-4f f6-4f)
37.336: (move f5-5f f5-4f)
37.341: (move f7-4f f7-5f)
37.358: (move f7-3f f7-4f)
37.362: (move f3-4f f2-4f)
37.391: (move f7-3f f8-3f)
37.397: (move f7-4f f7-5f)
37.398: (move f6-5f f5-5f)
37.423: (pickup-and-loose f3-1f key2-0 key2-4)
37.437: (move f7-4f f6-4f)
37.447: (move f7-3f f8-3f)
37.468: (move f7-4f f8-4f)
37.470: (move f8-3f f8-4f)
37.475: (move f5-5f f4-5f)
37.492: (move f8-3f f8-4f)
37.496: (move f8-3f f8-4f)
37.497: (move f7-4f f7-5f)
37.498: (move f6-4f f6-5f)
37.500: (move f7-4f f8-4f)
37.512: (move f7-4f f8-4f)
37.523: (move f6-3f f5-3f)
34.915: (move f3-2f f3-1f)
34.983: (move f3-2f f3-1f)
35.140: (pickup-and-loose f3-1f key0-0 key2-0)
35.164: (move f3-2f f3-1f)
35.186: (move f3-2f f3-1f)
35.187: (move f4-1f f3-1f)
35.316: (move f6-2f f7-2f)
35.764: (unlock f2-1f f2-2f key2-4 shape2)
35.769: (move f3-1f f2-1f)
35.778: (move f2-2f f2-1f)
35.892: (unlock f6-2f f6-3f key2-4 shape2)
35.894: (move f5-2f f6-2f)
35.943: (unlock f2-1f f2-2f key2-4 shape2)
35.943: (move f2-2f f2-1f)
35.947: (move f3-1f f2-1f)
35.989: (move f2-2f f2-1f)
35.991: (unlock f2-1f f2-2f key2-4 shape2)
35.991: (unlock f2-1f f2-2f key2-4 shape2)
35.993: (move f3-1f f2-1f)
35.993: (move f2-2f f2-1f)
35.997: (move f3-1f f2-1f)
36.032: (unlock f3-2f f2-2f key2-4 shape2)
36.046: (move f4-2f f5-2f)
36.049: (move f8-2f f8-3f)
36.052: (move f7-3f f8-3f)
36.067: (move f4-2f f4-1f)
36.089: (move f3-1f f4-1f)
36.128: (move f3-2f f2-2f)
36.149: (move f0-5f f0-4f)
36.151: (unlock f2-1f f2-2f key2-4 shape2)
36.165: (move f0-6f f0-7f)
36.169: (move f2-2f f2-1f)
36.176: (move f3-1f f2-1f)
36.188: (move f3-2f f2-2f)
36.194: (move f6-4f f7-4f)
36.200: (move f7-3f f7-4f)
36.217: (putdown f3-1f key2-0)
36.237: (move f4-2f f5-2f)
36.252: (move f4-2f f4-1f)
36.262: (move f2-4f f2-5f)
36.269: (move f3-1f f4-1f)
36.274: (move f4-2f f5-2f)
36.283: (move f2-4f f2-5f)
36.284: (move f4-2f f5-2f)
36.285: (move f2-1f f1-1f)
36.292: (move f3-1f f2-1f)
36.298: (move f4-2f f4-1f)
36.303: (move f0-5f f0-4f)
36.310: (move f2-1f f1-1f)
36.312: (move f4-2f f4-1f)
36.315: (move f5-2f f5-1f)
36.315: (move f4-1f f5-1f)
36.317: (move f2-1f f1-1f)
36.318: (move f3-1f f4-1f)
36.329: (move f3-1f f4-1f)
36.359: (move f3-1f f2-1f)
36.369: (move f3-1f f3-0f)
36.369: (move f3-2f f2-2f)
36.380: (move f7-1f f8-1f)
36.396: (move f5-2f f5-1f)
36.397: (move f4-1f f5-1f)
36.399: (move f5-2f f6-2f)
36.410: (move f8-2f f8-1f)
36.412: (move f3-1f f4-1f)
36.414: (move f4-2f f4-1f)
36.433: (move f2-4f f2-5f)
36.436: (move f2-4f f2-5f)
36.458: (move f4-0f f3-0f)
36.461: (move f3-1f f3-0f)
36.463: (move f4-2f f5-2f)
36.468: (move f2-1f f1-1f)
36.468: (move f5-2f f6-2f)
36.492: (move f4-2f f4-1f)
36.495: (move f2-1f f1-1f)
36.505: (move f2-1f f1-1f)
36.508: (move f3-1f f4-1f)
36.508: (move f2-1f f1-1f)
36.513: (move f4-0f f3-0f)
36.526: (move f3-1f f3-0f)
36.537: (move f2-1f f1-1f)
36.538: (move f3-1f f2-1f)
36.548: (move f3-1f f3-0f)
36.572: (move f5-2f f5-1f)
36.573: (move f4-1f f5-1f)
36.584: (move f4-1f f5-1f)
36.584: (move f2-5f f1-5f)
36.587: (move f5-2f f5-1f)
36.593: (move f5-2f f6-2f)
36.601: (move f3-1f f3-0f)
36.603: (move f3-1f f3-0f)
36.626: (move f0-5f f0-6f)
36.632: (move f3-3f f3-4f)
36.640: (move f2-4f f2-5f)
36.651: (move f2-1f f1-1f)
36.669: (move f3-0f f2-0f)
36.670: (move f2-1f f2-0f)
36.703: (move f4-0f f3-0f)
36.704: (move f3-1f f3-0f)
36.712: (move f3-3f f3-4f)
36.717: (move f3-0f f2-0f)
36.720: (move f3-0f f4-0f)
36.720: (move f2-1f f2-0f)
36.723: (move f3-1f f3-0f)
36.725: (move f2-0f f3-0f)
36.725: (move f2-1f f2-0f)
36.728: (move f4-1f f4-0f)
36.731: (move f3-0f f2-0f)
36.736: (move f4-1f f4-0f)
36.739: (move f3-0f f4-0f)
36.758: (move f5-1f f6-1f)
36.761: (move f6-2f f6-1f)
36.781: (move f3-1f f3-0f)
36.783: (move f3-3f f3-4f)
36.791: (move f0-5f f0-6f)
36.818: (move f3-2f f4-2f)
36.838: (move f3-3f f3-4f)
36.846: (move f3-0f f2-0f)
36.851: (pickup-and-loose f3-1f key2-0 key2-4)
36.851: (move f2-1f f2-0f)
36.854: (move f3-2f f4-2f)
36.869: (move f3-0f f2-0f)
36.882: (move f3-0f f2-0f)
36.887: (move f3-0f f2-0f)
36.897: (move f2-1f f2-0f)
36.898: (move f3-0f f4-0f)
36.901: (move f3-2f f3-3f)
36.907: (move f2-1f f2-0f)
36.907: (move f2-1f f2-0f)
36.913: (move f4-1f f4-0f)
36.918: (move f3-0f f2-0f)
36.936: (move f3-0f f4-0f)
36.942: (move f3-3f f3-4f)
36.943: (move f4-1f f4-0f)
36.954: (move f2-1f f2-0f)
36.954: (move f4-1f f4-0f)
36.962: (move f3-2f f3-3f)
36.989: (move f3-3f f3-4f)
36.996: (pickup-and-loose f3-1f key2-0 key2-4)
36.996: (move f3-3f f3-4f)
37.015: (move f3-4f f2-4f)
37.024: (pickup-and-loose f3-1f key2-0 key2-4)
37.029: (move f3-2f f4-2f)
37.046: (move f2-1f f2-0f)
37.050: (move f3-0f f2-0f)
37.056: (move f7-4f f7-5f)
37.064: (move f7-3f f7-4f)
37.071: (pickup-and-loose f3-1f key2-0 key2-4)
37.072: (pickup-and-loose f3-1f key2-0 key2-4)
37.076: (move f8-3f f8-2f)
37.111: (move f8-3f f8-2f)
37.133: (move f3-2f f3-3f)
37.133: (move f3-2f f3-3f)
37.138: (move f3-3f f3-4f)
37.168: (move f6-5f f6-6f)
37.190: (move f7-4f f8-4f)
37.192: (move f8-3f f8-4f)
37.195: (move f3-4f f2-4f)
37.199: (move f3-4f f2-4f)
37.205: (pickup-and-loose f3-1f key2-0 key2-4)
37.211: (unlock f8-4f f8-5f key0-0 shape0)
37.211: (unlock f7-5f f8-5f key0-0 shape0)
37.222: (move f3-4f f2-4f)
37.235: (move f7-4f f6-4f)
37.246: (pickup-and-loose f3-1f key2-0 key2-4)
37.255: (move f7-5f f6-5f)
37.266: (move f6-3f f6-2f)
37.305: (move f3-3f f3-4f)
37.308: (move f7-4f f7-5f)
37.327: (move f3-4f f2-4f)
37.365: (move f3-4f f2-4f)
37.371: (move f3-4f f2-4f)
37.380: (pickup-and-loose f3-1f key2-0 key2-4)
37.382: (move f7-3f f8-3f)
37.406: (move f7-4f f7-5f)
37.455: (move f7-4f f8-4f)
37.456: (move f7-4f f6-4f)
37.457: (move f8-3f f8-4f)
37.466: (move f7-4f f6-4f)
37.473: (move f6-3f f6-4f)
37.478: (move f7-3f f7-2f)
37.509: (move f3-4f f2-4f)
37.527: (move f7-4f f8-4f)
37.528: (move f8-3f f8-4f)
37.540: (move f3-4f f2-4f)
37.566: (move f5-5f f4-5f)
37.569: (move f5-2f f5-3f)
37.582: (move f7-5f f6-5f)
37.603: (move f5-4f f6-4f)
37.611: (move f6-4f f6-5f)
37.611: (move f7-4f f7-5f)
37.623: (move f2-4f f1-4f)
37.635: (move f6-5f f5-5f)
37.647: (move f2-4f f1-4f)
37.647: (pickup-and-loose f0-5f key0-1 key2-4)
37.647: (pickup-and-loose f0-5f key0-3 key2-4)
37.651: (pickup-and-loose f0-5f key3-0 key2-4)
37.651: (move f7-4f f8-4f)
37.652: (move f8-3f f8-4f)
37.663: (move f7-4f f6-4f)
37.663: (move f7-4f f7-5f)
35.143: (move f3-2f f3-1f)
35.177: (move f6-2f f7-2f)
35.182: (unlock f7-2f f7-1f key2-4 shape2)
35.277: (move f6-2f f7-2f)
35.432: (move f6-2f f7-2f)
35.470: (move f5-3f f6-3f)
35.474: (move f1-5f f0-5f)
35.488: (move f6-2f f7-2f)
35.493: (move f6-2f f6-3f)
35.770: (move f5-1f f6-1f)
35.774: (move f6-2f f6-1f)
35.784: (unlock f6-1f f7-1f key2-4 shape2)
35.815: (unlock f6-2f f6-3f key2-4 shape2)
35.820: (move f5-2f f6-2f)
35.856: (unlock f6-2f f6-3f key2-4 shape2)
35.863: (move f5-2f f6-2f)
35.873: (move f3-1f f2-1f)
35.876: (move f2-2f f2-1f)
35.877: (unlock f2-1f f2-2f key2-4 shape2)
35.932: (unlock f2-1f f2-2f key2-4 shape2)
35.940: (move f3-1f f2-1f)
35.946: (move f2-2f f2-1f)
35.973: (move f7-2f f8-2f)
35.991: (move f3-1f f3-2f)
36.010: (unlock f6-2f f6-3f key2-4 shape2)
36.012: (move f5-2f f6-2f)
36.066: (move f3-1f f2-1f)
36.103: (unlock f2-1f f2-2f key2-4 shape2)
36.107: (move f2-2f f2-1f)
36.120: (move f3-1f f2-1f)
36.183: (move f4-2f f4-1f)
36.198: (move f3-1f f4-1f)
36.206: (move f4-2f f5-2f)
36.221: (move f1-4f f0-4f)
36.227: (move f4-2f f5-2f)
36.233: (move f0-6f f0-7f)
36.235: (move f4-2f f4-1f)
36.252: (move f2-1f f1-1f)
36.258: (move f5-2f f5-1f)
36.259: (move f4-1f f5-1f)
36.259: (move f1-4f f0-4f)
36.265: (move f3-1f f4-1f)
36.265: (move f2-4f f2-5f)
36.343: (move f3-2f f2-2f)
36.386: (move f5-2f f6-2f)
36.390: (move f2-1f f1-1f)
36.398: (move f2-4f f2-5f)
36.399: (move f0-6f f0-7f)
36.411: (move f4-2f f5-2f)
36.416: (move f3-1f f4-1f)
36.426: (move f2-4f f2-5f)
36.429: (move f2-1f f1-1f)
36.432: (move f2-4f f2-5f)
36.434: (move f4-2f f4-1f)
36.438: (move f5-2f f5-1f)
36.438: (move f4-1f f5-1f)
36.445: (move f3-1f f4-1f)
36.454: (move f2-1f f1-1f)
36.457: (move f4-1f f5-1f)
36.458: (move f5-2f f5-1f)
36.475: (move f2-1f f1-1f)
36.481: (move f3-1f f3-0f)
36.483: (move f2-1f f1-1f)
36.518: (move f2-5f f1-5f)
36.520: (move f3-1f f2-1f)
36.528: (move f1-4f f1-5f)
36.532: (move f4-1f f5-1f)
36.537: (move f5-2f f5-1f)
36.547: (move f3-1f f3-0f)
36.559: (move f2-5f f1-5f)
36.580: (move f2-4f f2-5f)
36.583: (move f1-4f f1-5f)
36.589: (move f5-2f f6-2f)
36.593: (move f2-4f f2-5f)
36.618: (move f2-4f f2-5f)
36.621: (move f2-1f f1-1f)
36.660: (move f2-1f f1-1f)
36.661: (move f3-0f f2-0f)
36.663: (move f2-1f f2-0f)
36.669: (move f3-0f f4-0f)
36.671: (move f4-1f f4-0f)
36.682: (move f2-5f f1-5f)
36.689: (move f3-1f f3-0f)
36.692: (move f6-2f f6-1f)
36.692: (move f5-1f f6-1f)
36.692: (move f4-0f f3-0f)
36.697: (move f2-5f f1-5f)
36.704: (move f7-2f f7-3f)
36.704: (move f4-1f f5-1f)
36.709: (move f5-2f f5-1f)
36.724: (move f3-1f f3-0f)
36.727: (move f3-1f f3-0f)
36.759: (move f2-5f f1-5f)
36.779: (move f4-1f f5-1f)
36.780: (move f2-4f f2-5f)
36.782: (move f2-1f f2-0f)
36.783: (move f2-4f f2-5f)
36.789: (move f3-0f f2-0f)
36.835: (move f3-0f f2-0f)
36.838: (move f3-0f f4-0f)
36.843: (move f2-1f f2-0f)
36.850: (move f2-1f f2-0f)
36.852: (move f3-0f f2-0f)
36.854: (move f4-1f f4-0f)
36.855: (move f6-5f f6-6f)
36.856: (move f3-3f f3-4f)
36.885: (move f6-2f f6-1f)
36.885: (move f5-1f f6-1f)
36.896: (move f2-1f f2-0f)
36.897: (move f3-0f f2-0f)
36.900: (move f2-1f f2-0f)
36.901: (move f3-0f f4-0f)
36.905: (move f4-1f f4-0f)
36.905: (move f3-0f f2-0f)
36.910: (move f4-1f f4-0f)
36.911: (move f3-0f f4-0f)
36.932: (move f3-3f f3-4f)
36.937: (move f5-1f f6-1f)
36.941: (move f6-2f f6-1f)
36.942: (move f6-5f f6-6f)
36.946: (pickup-and-loose f3-1f key2-0 key2-4)
36.989: (move f4-1f f4-0f)
36.994: (move f3-0f f4-0f)
37.010: (move f3-0f f2-0f)
37.016: (move f3-2f f4-2f)
37.017: (move f7-5f f7-4f)
37.017: (move f8-4f f7-4f)
37.017: (move f2-1f f2-0f)
37.023: (pickup-and-loose f3-1f key2-0 key2-4)
37.039: (move f3-0f f2-0f)
37.067: (move f3-0f f4-0f)
37.071: (move f3-3f f3-4f)
37.081: (move f2-1f f2-0f)
37.084: (move f4-1f f4-0f)
37.115: (move f3-2f f3-3f)
37.139: (move f7-2f f8-2f)
37.143: (move f3-3f f3-4f)
37.159: (move f8-3f f8-2f)
37.181: (move f3-4f f2-4f)
37.195: (pickup-and-loose f3-1f key2-0 key2-4)
37.212: (move f3-4f f2-4f)
37.214: (pickup-and-loose f3-1f key2-0 key2-4)
37.240: (unlock f8-4f f8-5f key0-0 shape0)
37.246: (unlock f7-5f f8-5f key0-0 shape0)
37.263: (move f7-4f f7-5f)
37.321: (move f3-4f f2-4f)
37.330: (move f6-5f f5-5f)
37.332: (move f1-4f f1-3f)
37.334: (move f3-1f f3-2f)
37.356: (move f3-4f f2-4f)
37.372: (move f1-4f f1-3f)
37.374: (move f8-4f f8-3f)
37.399: (move f8-3f f8-4f)
37.403: (move f7-4f f8-4f)
37.416: (unlock f7-5f f8-5f key0-2 shape0)
37.429: (move f3-1f f2-1f)
37.441: (move f6-5f f5-5f)
37.497: (move f3-4f f2-4f)
37.502: (move f5-2f f5-3f)
37.506: (move f5-2f f5-3f)
37.512: (move f3-4f f2-4f)
37.531: (move f7-5f f6-5f)
37.533: (move f3-4f f2-4f)
37.537: (move f6-4f f6-5f)
37.538: (move f8-2f f7-2f)
37.559: (pickup-and-loose f7-2f key0-0 key2-4)
37.571: (move f0-4f f1-4f)
37.575: (move f0-5f f0-4f)
37.594: (move f2-4f f1-4f)
37.619: (move f7-4f f7-5f)
37.623: (move f6-4f f5-4f)
37.640: (move f6-5f f6-4f)
37.672: (move f3-4f f2-4f)
37.686: (move f7-2f f6-2f)
37.687: (move f7-4f f6-4f)
37.687: (move f5-2f f5-3f)
37.689: (move f7-2f f7-1f)
37.695: (move f6-2f f7-2f)
37.700: (move f1-5f f1-4f)
37.707: (move f0-4f f1-4f)
37.734: (move f2-4f f1-4f)
37.738: (move f7-4f f8-4f)
37.740: (move f2-4f f1-4f)
37.741: (move f8-3f f8-4f)
37.748: (move f3-4f f2-4f)
37.759: (move f8-2f f7-2f)
37.774: (move f2-4f f1-4f)
37.824: (move f2-4f f1-4f)
37.826: (move f5-5f f4-5f)
37.828: (move f2-4f f1-4f)
37.838: (move f0-5f f1-5f)
37.862: (move f7-5f f7-6f)
37.870: (move f5-1f f5-0f)
37.872: (move f4-0f f5-0f)
37.905: (move f2-0f f1-0f)
37.910: (move f2-4f f1-4f)
37.912: (move f5-3f f5-4f)
37.912: (move f1-1f f1-0f)
37.921: (move f7-5f f6-5f)
37.924: (move f5-1f f5-0f)
35.138: (move f6-2f f7-2f)
35.139: (unlock f7-2f f7-1f key2-4 shape2)
35.221: (pickup-and-loose f7-2f key2-4 key0-2)
35.294: (move f6-2f f7-2f)
35.300: (unlock f7-2f f7-1f key2-4 shape2)
35.355: (move f6-2f f7-2f)
35.357: (unlock f7-2f f7-1f key2-4 shape2)
35.368: (move f1-5f f0-5f)
35.372: (move f0-4f f0-5f)
35.428: (move f5-3f f6-3f)
35.433: (move f1-5f f0-5f)
35.445: (move f0-4f f0-5f)
35.447: (move f6-2f f7-2f)
35.457: (move f6-2f f6-3f)
35.468: (move f5-3f f6-3f)
35.489: (move f6-2f f6-3f)
35.568: (move f1-5f f0-5f)
35.568: (move f1-5f f0-5f)
35.602: (move f5-3f f6-3f)
35.605: (move f6-2f f7-2f)
35.615: (move f6-2f f6-3f)
35.655: (move f1-5f f0-5f)
35.715: (move f6-2f f6-1f)
35.716: (move f5-1f f6-1f)
35.719: (unlock f6-1f f7-1f key2-4 shape2)
35.784: (move f5-2f f6-2f)
35.785: (unlock f6-2f f6-3f key2-4 shape2)
35.888: (move f5-1f f6-1f)
35.891: (move f6-2f f6-1f)
35.896: (move f7-2f f8-2f)
35.905: (unlock f6-1f f7-1f key2-4 shape2)
35.919: (move f7-2f f8-2f)
35.937: (move f5-1f f6-1f)
35.941: (move f6-2f f6-1f)
35.946: (unlock f6-1f f7-1f key2-4 shape2)
35.970: (move f5-2f f6-2f)
35.976: (unlock f6-2f f6-3f key2-4 shape2)
36.019: (move f8-2f f8-3f)
36.022: (move f7-3f f8-3f)
36.085: (move f7-2f f8-2f)
36.092: (unlock f2-1f f2-2f key2-4 shape2)
36.100: (move f3-1f f2-1f)
36.106: (move f2-2f f2-1f)
36.119: (move f7-3f f7-4f)
36.136: (move f7-2f f7-3f)
36.155: (move f7-2f f8-2f)
36.187: (move f1-4f f0-4f)
36.292: (move f1-4f f0-4f)
36.297: (move f8-3f f7-3f)
36.301: (move f3-2f f2-2f)
36.302: (move f2-1f f2-2f)
36.302: (move f7-4f f7-3f)
36.306: (move f0-5f f0-4f)
36.334: (move f1-4f f0-4f)
36.355: (move f1-4f f0-4f)
36.355: (move f2-1f f1-1f)
36.363: (move f4-1f f5-1f)
36.363: (move f5-2f f5-1f)
36.392: (move f1-4f f0-4f)
36.400: (move f2-4f f2-5f)
36.402: (move f4-2f f5-2f)
36.407: (move f1-4f f0-4f)
36.407: (move f4-1f f5-1f)
36.408: (move f5-2f f5-1f)
36.421: (move f4-2f f4-1f)
36.424: (move f2-1f f1-1f)
36.428: (move f3-1f f4-1f)
36.447: (move f1-4f f0-4f)
36.451: (move f1-4f f1-5f)
36.457: (move f2-4f f2-5f)
36.485: (move f2-5f f1-5f)
36.532: (move f1-4f f0-4f)
36.569: (move f2-1f f1-1f)
36.572: (move f2-4f f2-5f)
36.576: (move f5-2f f5-1f)
36.577: (move f4-1f f5-1f)
36.584: (move f5-2f f6-2f)
36.598: (move f2-4f f2-5f)
36.603: (move f2-1f f1-1f)
36.610: (move f2-1f f1-1f)
36.613: (move f2-5f f1-5f)
36.625: (move f2-5f f1-5f)
36.633: (move f1-4f f1-5f)
36.647: (move f7-2f f7-3f)
36.648: (move f6-3f f7-3f)
36.657: (unlock f7-3f f6-3f key2-4 shape2)
36.668: (move f2-5f f1-5f)
36.669: (move f1-4f f1-5f)
36.681: (move f7-2f f7-3f)
36.688: (move f7-2f f7-3f)
36.698: (move f1-4f f1-5f)
36.703: (move f7-2f f7-1f)
36.703: (move f6-1f f7-1f)
36.709: (move f3-1f f3-0f)
36.711: (move f1-4f f1-5f)
36.719: (move f2-5f f1-5f)
36.720: (move f2-4f f2-5f)
36.729: (move f2-5f f1-5f)
36.754: (move f2-4f f2-5f)
36.760: (move f2-4f f2-5f)
36.771: (move f1-4f f1-5f)
36.773: (move f2-1f f2-0f)
36.779: (move f3-0f f2-0f)
36.783: (move f3-0f f4-0f)
36.784: (move f4-1f f4-0f)
36.787: (move f4-1f f5-1f)
36.803: (move f2-5f f1-5f)
36.811: (move f7-2f f7-3f)
36.833: (move f2-5f f1-5f)
36.834: (move f2-4f f2-5f)
36.841: (move f3-0f f2-0f)
36.845: (move f2-1f f2-0f)
36.849: (move f3-0f f4-0f)
36.852: (move f1-4f f1-5f)
36.852: (move f4-1f f4-0f)
36.871: (move f7-6f f6-6f)
36.871: (move f5-1f f6-1f)
36.872: (move f7-2f f8-2f)
36.877: (move f6-2f f6-1f)
36.883: (move f0-5f f0-6f)
36.884: (move f6-5f f6-6f)
36.888: (move f2-4f f2-5f)
36.891: (move f2-5f f1-5f)
36.979: (move f3-0f f2-0f)
36.995: (move f2-1f f2-0f)
36.998: (move f3-0f f2-0f)
37.004: (move f3-0f f4-0f)
37.004: (move f3-0f f2-0f)
37.005: (move f4-1f f4-0f)
37.011: (move f2-1f f2-0f)
37.012: (move f3-0f f4-0f)
37.024: (move f2-1f f2-0f)
37.025: (move f4-1f f4-0f)
37.051: (move f7-5f f7-4f)
37.051: (move f8-4f f7-4f)
37.062: (move f5-1f f6-1f)
37.064: (move f6-2f f6-1f)
37.114: (move f3-2f f3-3f)
37.132: (move f8-3f f8-2f)
37.138: (move f6-3f f6-4f)
37.162: (move f5-4f f6-4f)
37.165: (pickup-and-loose f3-1f key2-0 key2-4)
37.167: (move f4-1f f4-2f)
37.177: (move f3-2f f4-2f)
37.218: (move f0-4f f1-4f)
37.219: (move f3-3f f3-4f)
37.224: (move f1-5f f1-4f)
37.247: (move f7-5f f7-4f)
37.254: (move f6-5f f6-6f)
37.290: (pickup-and-loose f7-2f key0-0 key2-4)
37.315: (move f7-2f f8-2f)
37.333: (move f1-4f f1-3f)
37.344: (move f6-5f f5-5f)
37.345: (move f5-4f f5-5f)
37.369: (move f8-4f f8-3f)
37.381: (move f1-4f f1-3f)
37.383: (move f3-4f f2-4f)
37.397: (unlock f1-5f f1-6f key3-0 shape3)
37.403: (move f8-2f f8-1f)
37.403: (unlock f1-0f f0-0f key2-4 shape2)
37.441: (move f5-2f f5-3f)
37.451: (unlock f8-4f f8-5f key0-2 shape0)
37.451: (unlock f7-5f f8-5f key0-2 shape0)
37.452: (move f5-5f f4-5f)
37.455: (move f7-2f f6-2f)
37.468: (move f5-5f f4-5f)
37.472: (move f1-4f f1-3f)
37.486: (move f3-4f f2-4f)
37.495: (move f1-4f f1-3f)
37.521: (move f1-4f f1-3f)
37.540: (move f1-4f f1-3f)
37.583: (move f5-5f f5-4f)
37.586: (move f3-2f f2-2f)
37.587: (move f2-1f f2-2f)
37.594: (move f3-4f f2-4f)
37.598: (move f6-4f f5-4f)
37.624: (move f5-2f f5-3f)
37.636: (move f7-4f f6-4f)
37.642: (move f5-4f f5-5f)
37.645: (move f1-4f f1-3f)
37.666: (move f5-5f f5-4f)
37.668: (move f7-2f f7-1f)
37.676: (move f7-2f f6-2f)
37.681: (move f3-4f f2-4f)
37.687: (move f2-4f f1-4f)
37.700: (move f1-4f f1-3f)
37.701: (move f1-4f f1-3f)
37.702: (move f7-2f f6-2f)
37.709: (move f2-4f f1-4f)
37.711: (move f6-5f f5-5f)
37.712: (move f1-4f f1-3f)
37.718: (move f0-4f f0-3f)
37.727: (pickup-and-loose f7-2f key0-0 key2-4)
37.742: (pickup-and-loose f7-2f key0-0 key2-4)
37.764: (move f6-6f f5-6f)
37.771: (move f5-5f f5-6f)
37.775: (move f5-1f f5-2f)
37.778: (move f2-4f f1-4f)
37.791: (pickup-and-loose f7-2f key0-2 key2-4)
37.801: (move f6-6f f5-6f)
35.314: (unlock f7-2f f7-1f key2-4 shape2)
35.317: (move f6-2f f7-2f)
35.328: (move f1-5f f0-5f)
35.329: (move f6-2f f7-2f)
35.335: (move f0-4f f0-5f)
35.422: (move f5-3f f6-3f)
35.446: (move f6-2f f6-3f)
35.460: (move f0-4f f0-5f)
35.469: (move f1-5f f0-5f)
35.472: (move f6-2f f7-2f)
35.474: (unlock f7-2f f7-1f key2-4 shape2)
35.505: (move f0-4f f0-5f)
35.506: (move f1-5f f0-5f)
35.537: (move f1-5f f0-5f)
35.540: (move f0-4f f0-5f)
35.563: (move f0-4f f0-5f)
35.568: (move f1-5f f0-5f)
35.571: (move f5-3f f6-3f)
35.572: (move f6-2f f6-3f)
35.606: (move f1-5f f0-5f)
35.616: (move f0-4f f0-5f)
35.654: (move f1-5f f0-5f)
35.666: (move f0-4f f0-5f)
35.736: (move f1-5f f0-5f)
35.768: (move f1-5f f0-5f)
35.813: (move f7-2f f8-2f)
35.831: (move f6-2f f6-1f)
35.832: (move f5-1f f6-1f)
35.839: (move f7-2f f8-2f)
35.875: (move f5-1f f6-1f)
35.876: (unlock f6-1f f7-1f key2-4 shape2)
35.885: (move f6-2f f6-1f)
35.987: (move f7-3f f8-3f)
35.987: (move f8-2f f8-3f)
36.013: (move f8-2f f8-3f)
36.020: (move f7-3f f8-3f)
36.033: (move f7-2f f8-2f)
36.057: (move f5-1f f6-1f)
36.068: (move f6-2f f6-1f)
36.076: (unlock f6-2f f6-3f key2-4 shape2)
36.078: (move f7-2f f8-2f)
36.081: (move f5-2f f6-2f)
36.090: (unlock f6-1f f7-1f key2-4 shape2)
36.105: (move f7-2f f8-2f)
36.109: (move f7-3f f7-4f)
36.117: (move f8-2f f8-3f)
36.118: (move f7-3f f7-4f)
36.120: (move f7-2f f7-3f)
36.122: (move f7-3f f8-3f)
36.137: (move f7-2f f7-3f)
36.144: (move f7-3f f8-3f)
36.163: (move f8-2f f8-3f)
36.222: (move f1-0f f1-1f)
36.224: (move f7-3f f7-4f)
36.253: (move f6-4f f7-4f)
36.271: (move f7-2f f8-2f)
36.276: (move f7-3f f7-4f)
36.283: (move f1-4f f0-4f)
36.285: (move f7-4f f7-3f)
36.285: (move f8-3f f7-3f)
36.292: (move f7-2f f7-3f)
36.332: (move f1-4f f0-4f)
36.334: (move f7-2f f7-3f)
36.339: (move f7-2f f6-2f)
36.353: (move f7-1f f8-1f)
36.353: (unlock f8-1f f7-1f key2-4 shape2)
36.358: (move f8-2f f8-1f)
36.364: (pickup-and-loose f7-3f key0-2 key0-0)
36.374: (move f1-4f f0-4f)
36.409: (move f0-5f f0-4f)
36.426: (move f0-5f f0-4f)
36.435: (move f0-3f f1-3f)
36.443: (move f1-4f f1-3f)
36.501: (pickup-and-loose f7-3f key0-2 key0-0)
36.502: (move f0-5f f0-4f)
36.505: (move f7-4f f7-3f)
36.522: (move f7-2f f7-3f)
36.551: (move f2-5f f1-5f)
36.577: (move f4-1f f5-1f)
36.578: (move f5-2f f5-1f)
36.584: (move f1-4f f1-5f)
36.586: (move f2-1f f1-1f)
36.596: (move f2-4f f2-5f)
36.607: (move f2-5f f1-5f)
36.620: (move f7-2f f7-1f)
36.621: (move f6-1f f7-1f)
36.623: (move f1-0f f2-0f)
36.625: (move f6-3f f7-3f)
36.625: (move f7-2f f7-3f)
36.629: (move f1-4f f1-5f)
36.629: (move f6-3f f7-3f)
36.630: (move f7-2f f7-3f)
36.633: (unlock f7-3f f6-3f key2-4 shape2)
36.634: (unlock f7-3f f6-3f key2-4 shape2)
36.662: (move f2-5f f1-5f)
36.664: (move f7-2f f7-3f)
36.689: (move f1-4f f1-5f)
36.715: (move f0-5f f0-6f)
36.715: (move f2-4f f2-5f)
36.746: (move f2-5f f1-5f)
36.753: (move f7-2f f7-3f)
36.753: (move f6-3f f7-3f)
36.760: (unlock f7-3f f6-3f key2-4 shape2)
36.773: (move f2-5f f1-5f)
36.785: (move f2-5f f1-5f)
36.788: (move f7-2f f7-3f)
36.801: (move f0-6f f0-7f)
36.815: (move f2-4f f2-5f)
36.824: (move f6-1f f7-1f)
36.825: (move f7-2f f7-1f)
36.843: (move f2-5f f1-5f)
36.858: (move f0-5f f0-6f)
36.869: (move f6-1f f7-1f)
36.870: (move f7-2f f7-1f)
36.887: (move f7-2f f8-2f)
36.902: (move f7-3f f7-4f)
36.917: (move f2-4f f2-5f)
36.918: (move f2-5f f1-5f)
36.953: (move f2-5f f1-5f)
36.978: (move f0-5f f0-6f)
36.987: (move f7-2f f8-2f)
36.998: (move f3-0f f2-0f)
37.001: (move f3-0f f4-0f)
37.002: (move f2-1f f2-0f)
37.003: (move f0-5f f0-6f)
37.011: (move f4-1f f4-0f)
37.049: (move f7-2f f8-2f)
37.055: (move f0-5f f0-6f)
37.079: (move f6-3f f6-4f)
37.081: (move f6-3f f6-4f)
37.086: (move f7-2f f6-2f)
37.101: (move f7-2f f8-2f)
37.133: (putdown f7-3f key0-0)
37.133: (move f8-3f f8-2f)
37.202: (move f7-3f f8-3f)
37.232: (move f8-2f f8-3f)
37.252: (putdown f7-3f key0-0)
37.257: (move f6-3f f6-4f)
37.270: (move f8-4f f7-4f)
37.270: (move f7-5f f7-4f)
37.311: (move f1-5f f1-4f)
37.311: (move f3-3f f3-4f)
37.342: (move f8-2f f8-1f)
37.392: (move f5-5f f4-5f)
37.433: (move f7-2f f7-1f)
37.447: (move f7-4f f8-4f)
37.452: (move f7-2f f6-2f)
37.460: (pickup-and-loose f7-2f key0-0 key2-4)
37.469: (move f5-2f f6-2f)
37.472: (move f5-5f f6-5f)
37.477: (move f1-4f f1-3f)
37.483: (move f6-4f f6-5f)
37.488: (pickup-and-loose f7-2f key0-0 key2-4)
37.523: (pickup-and-loose f7-2f key0-2 key2-4)
37.530: (move f8-2f f8-1f)
37.560: (move f8-2f f8-3f)
37.564: (move f1-4f f1-3f)
37.588: (move f5-2f f5-3f)
37.588: (move f8-4f f8-3f)
37.593: (move f8-3f f8-4f)
37.594: (move f7-4f f8-4f)
37.595: (move f8-2f f8-1f)
37.631: (move f1-4f f1-3f)
37.639: (move f7-2f f6-2f)
37.649: (move f7-4f f6-4f)
37.653: (move f7-2f f6-2f)
37.686: (move f7-4f f7-5f)
37.716: (move f6-6f f5-6f)
37.718: (move f7-3f f7-2f)
37.720: (move f5-5f f5-6f)
37.720: (move f5-5f f4-5f)
37.726: (move f3-4f f2-4f)
37.727: (move f6-2f f5-2f)
37.736: (move f7-4f f6-4f)
37.739: (move f4-2f f5-2f)
37.741: (move f5-1f f5-2f)
37.756: (move f8-2f f7-2f)
37.757: (move f1-5f f0-5f)
37.782: (move f8-2f f9-2f)
37.791: (move f8-2f f9-2f)
37.798: (move f2-4f f1-4f)
37.805: (move f5-3f f5-4f)
37.823: (move f5-5f f4-5f)
37.865: (move f7-4f f6-4f)
37.872: (move f2-4f f1-4f)
37.893: (pickup-and-loose f0-5f key0-1 key2-4)
37.893: (pickup-and-loose f0-5f key0-3 key2-4)
37.893: (pickup-and-loose f0-5f key3-0 key2-4)
37.918: (pickup-and-loose f7-2f key0-0 key2-4)
37.928: (move f5-1f f5-0f)
37.933: (move f2-4f f1-4f)
37.933: (move f4-0f f5-0f)
37.947: (move f5-5f f5-4f)
37.951: (move f1-5f f1-4f)
37.972: (move f8-2f f9-2f)
37.973: (pickup-and-loose f7-2f key0-2 key2-4)
37.973: (move f6-6f f5-6f)
37.980: (pickup-and-loose f0-5f key0-1 key2-4)
37.980: (pickup-and-loose f0-5f key0-3 key2-4)
37.984: (move f1-5f f1-4f)
35.355: (pickup-and-loose f0-5f key2-4 key3-0)
35.397: (move f0-4f f0-5f)
35.402: (move f1-5f f0-5f)
35.454: (pickup-and-loose f7-2f key2-4 key0-0)
35.474: (move f0-4f f0-5f)
35.481: (move f1-5f f0-5f)
35.514: (move f0-4f f0-5f)
35.519: (move f1-5f f0-5f)
35.539: (move f6-2f f7-2f)
35.540: (move f5-3f f6-3f)
35.558: (move f6-2f f6-3f)
35.593: (move f1-5f f0-5f)
35.637: (move f1-5f f0-5f)
35.674: (move f1-5f f0-5f)
35.721: (move f1-5f f0-5f)
35.836: (move f1-5f f0-5f)
35.852: (unlock f6-2f f6-3f key2-4 shape2)
35.854: (move f1-5f f0-5f)
35.938: (move f8-2f f8-3f)
35.940: (move f7-3f f8-3f)
35.978: (move f8-2f f8-3f)
35.978: (move f7-3f f8-3f)
36.011: (move f6-2f f5-2f)
36.014: (move f7-2f f8-2f)
36.024: (move f7-2f f8-2f)
36.050: (move f6-2f f6-1f)
36.053: (move f7-3f f7-4f)
36.053: (move f5-1f f6-1f)
36.082: (move f8-2f f8-3f)
36.082: (move f7-3f f8-3f)
36.095: (move f7-3f f7-4f)
36.109: (move f8-2f f8-3f)
36.116: (move f7-3f f8-3f)
36.116: (move f7-2f f7-3f)
36.121: (move f7-3f f8-3f)
36.127: (move f8-2f f8-3f)
36.174: (move f1-1f f2-1f)
36.189: (move f2-0f f2-1f)
36.222: (move f7-2f f8-2f)
36.225: (move f7-3f f7-4f)
36.245: (move f7-3f f8-3f)
36.255: (move f8-2f f8-3f)
36.259: (move f6-4f f7-4f)
36.263: (move f6-4f f7-4f)
36.265: (move f7-3f f7-4f)
36.270: (move f7-3f f7-4f)
36.282: (unlock f8-1f f7-1f key2-4 shape2)
36.289: (move f7-2f f7-3f)
36.291: (move f7-1f f8-1f)
36.294: (move f7-2f f7-3f)
36.298: (move f8-2f f8-1f)
36.317: (move f0-6f f0-7f)
36.336: (move f7-2f f7-3f)
36.345: (pickup-and-loose f7-3f key0-2 key0-0)
36.358: (pickup-and-loose f7-3f key0-2 key0-0)
36.358: (move f6-4f f7-4f)
36.362: (move f7-3f f7-4f)
36.363: (move f7-2f f7-3f)
36.382: (move f2-0f f3-0f)
36.413: (move f1-4f f0-4f)
36.457: (move f1-4f f0-4f)
36.472: (move f7-1f f8-1f)
36.478: (unlock f8-1f f7-1f key2-4 shape2)
36.480: (move f8-3f f7-3f)
36.483: (move f8-2f f8-1f)
36.483: (pickup-and-loose f7-3f key0-2 key0-0)
36.486: (move f7-4f f7-3f)
36.501: (unlock f7-3f f6-3f key2-4 shape2)
36.520: (pickup-and-loose f7-3f key0-2 key0-0)
36.550: (move f8-2f f8-1f)
36.555: (move f7-1f f8-1f)
36.558: (move f1-4f f0-4f)
36.564: (unlock f8-1f f7-1f key2-4 shape2)
36.578: (move f6-2f f6-1f)
36.580: (move f1-4f f0-4f)
36.582: (move f1-4f f1-3f)
36.583: (move f0-5f f0-4f)
36.590: (unlock f7-3f f6-3f key2-4 shape2)
36.607: (move f6-3f f7-3f)
36.607: (move f7-2f f7-3f)
36.618: (move f1-4f f0-4f)
36.626: (move f0-5f f0-4f)
36.679: (move f2-5f f1-5f)
36.685: (move f0-5f f0-6f)
36.716: (move f7-2f f7-3f)
36.717: (move f1-4f f1-5f)
36.719: (move f2-5f f1-5f)
36.719: (unlock f7-3f f6-3f key2-4 shape2)
36.732: (move f6-3f f7-3f)
36.733: (move f7-2f f7-3f)
36.775: (move f1-4f f1-5f)
36.784: (move f0-6f f0-7f)
36.787: (move f7-2f f7-1f)
36.790: (move f6-1f f7-1f)
36.804: (move f7-2f f7-1f)
36.806: (move f6-1f f7-1f)
36.809: (move f0-5f f0-6f)
36.815: (move f2-5f f1-5f)
36.842: (putdown f1-3f key3-0)
36.865: (move f2-4f f2-5f)
36.889: (move f0-6f f0-7f)
36.892: (move f1-4f f1-5f)
36.910: (move f2-5f f1-5f)
36.915: (move f0-6f f0-7f)
36.918: (move f7-3f f7-4f)
36.920: (move f0-5f f0-6f)
36.926: (move f0-5f f0-6f)
36.957: (move f6-2f f6-3f)
36.968: (move f0-6f f0-7f)
36.975: (move f7-3f f6-3f)
36.975: (move f0-5f f0-6f)
36.993: (move f7-2f f7-1f)
36.996: (move f6-1f f7-1f)
37.015: (move f0-5f f0-6f)
37.022: (move f6-3f f6-4f)
37.033: (move f7-2f f8-2f)
37.047: (move f5-4f f6-4f)
37.071: (move f7-2f f6-2f)
37.076: (move f7-3f f7-4f)
37.097: (move f0-5f f0-6f)
37.107: (move f7-2f f8-2f)
37.115: (putdown f7-3f key0-0)
37.117: (unlock f6-2f f6-3f key2-0 shape2)
37.128: (move f0-5f f0-6f)
37.130: (move f7-2f f8-2f)
37.131: (move f7-3f f7-4f)
37.144: (move f7-3f f7-4f)
37.170: (putdown f7-3f key0-0)
37.176: (move f0-5f f0-6f)
37.190: (move f7-3f f8-3f)
37.203: (move f6-3f f6-4f)
37.207: (move f7-4f f8-4f)
37.207: (move f8-3f f8-4f)
37.211: (move f8-2f f8-1f)
37.218: (move f8-2f f8-3f)
37.228: (move f6-5f f6-6f)
37.236: (putdown f7-3f key0-0)
37.239: (move f7-2f f8-2f)
37.240: (move f7-2f f6-2f)
37.241: (move f7-5f f6-5f)
37.259: (putdown f7-3f key0-0)
37.276: (move f6-4f f6-5f)
37.293: (move f7-2f f6-2f)
37.310: (move f7-2f f8-2f)
37.313: (move f7-4f f7-5f)
37.341: (move f8-3f f8-2f)
37.345: (move f7-3f f8-3f)
37.381: (move f7-3f f8-3f)
37.383: (move f8-2f f8-3f)
37.416: (move f8-2f f8-3f)
37.425: (move f7-3f f8-3f)
37.437: (move f6-4f f6-5f)
37.448: (move f7-3f f7-2f)
37.459: (move f8-2f f8-3f)
37.462: (pickup-and-loose f7-2f key0-0 key2-4)
37.468: (move f1-1f f0-1f)
37.476: (move f8-2f f7-2f)
37.484: (move f6-4f f6-5f)
37.535: (move f8-2f f8-1f)
37.536: (move f7-4f f8-4f)
37.537: (move f8-3f f8-4f)
37.539: (move f7-4f f8-4f)
37.540: (move f8-3f f8-4f)
37.558: (move f6-4f f5-4f)
37.570: (move f5-4f f5-5f)
37.592: (move f7-3f f8-3f)
37.599: (move f8-4f f8-3f)
37.604: (move f7-2f f7-1f)
37.612: (move f6-2f f7-2f)
37.624: (move f6-4f f6-5f)
37.628: (move f7-4f f7-5f)
37.630: (move f7-2f f6-2f)
37.632: (move f7-4f f8-4f)
37.635: (move f8-3f f8-4f)
37.636: (move f7-4f f7-5f)
37.644: (move f7-2f f7-1f)
37.657: (pickup-and-loose f7-2f key0-0 key2-4)
37.659: (move f8-2f f9-2f)
37.669: (move f7-2f f6-2f)
37.678: (move f7-4f f6-4f)
37.683: (move f7-2f f7-1f)
37.685: (move f1-4f f0-4f)
37.688: (move f7-4f f6-4f)
37.693: (move f0-5f f0-4f)
37.705: (move f7-4f f7-5f)
37.709: (move f7-2f f6-2f)
37.709: (pickup-and-loose f0-5f key0-3 key3-0)
37.709: (pickup-and-loose f0-5f key0-1 key3-0)
37.711: (move f1-4f f1-3f)
37.715: (move f8-2f f8-1f)
37.720: (pickup-and-loose f7-2f key0-2 key2-4)
37.721: (move f8-2f f9-2f)
37.740: (move f6-2f f5-2f)
37.741: (pickup-and-loose f0-5f key0-3 key2-4)
37.741: (pickup-and-loose f0-5f key0-1 key2-4)
37.744: (pickup-and-loose f0-5f key3-0 key2-4)
37.745: (move f3-4f f2-4f)
37.746: (move f0-5f f0-4f)
37.752: (move f7-4f f6-4f)
37.769: (move f8-3f f8-4f)
34.887: (move f3-0f f3-1f)
34.891: (move f2-1f f3-1f)
35.201: (pickup-and-loose f7-2f key2-4 key2-0)
35.276: (move f1-3f f1-4f)
35.403: (move f7-3f f6-3f)
35.406: (move f6-2f f6-3f)
35.446: (move f6-2f f7-2f)
35.448: (move f7-3f f7-2f)
35.542: (move f0-4f f0-5f)
35.547: (move f1-5f f0-5f)
35.581: (move f0-4f f0-5f)
35.584: (move f1-5f f0-5f)
35.699: (move f1-5f f0-5f)
35.713: (move f0-4f f0-5f)
35.771: (unlock f2-1f f2-2f key2-4 shape2)
35.789: (move f1-5f f0-5f)
35.869: (move f0-5f f1-5f)
35.871: (move f1-3f f0-3f)
35.886: (move f1-3f f2-3f)
35.899: (move f1-3f f1-2f)
36.056: (move f7-3f f8-3f)
36.058: (move f8-2f f8-3f)
36.063: (move f7-2f f8-2f)
36.077: (move f8-2f f8-3f)
36.079: (move f7-3f f8-3f)
36.090: (move f7-3f f8-3f)
36.158: (move f7-2f f7-3f)
36.185: (move f0-5f f0-4f)
36.201: (move f7-3f f7-4f)
36.212: (move f7-3f f7-4f)
36.218: (move f7-3f f8-3f)
36.221: (move f8-2f f8-3f)
36.231: (pickup-and-loose f0-5f key3-0 key2-0)
36.233: (move f6-2f f5-2f)
36.243: (move f7-2f f8-2f)
36.244: (move f6-1f f5-1f)
36.251: (move f5-2f f5-1f)
36.260: (move f6-4f f7-4f)
36.262: (move f7-3f f7-4f)
36.279: (pickup-and-loose f0-5f key0-3 key2-0)
36.279: (pickup-and-loose f0-5f key0-1 key2-0)
36.285: (move f7-2f f7-3f)
36.310: (move f0-6f f0-7f)
36.351: (move f7-2f f7-3f)
36.355: (pickup-and-loose f7-3f key0-2 key0-0)
36.375: (move f6-4f f7-4f)
36.378: (move f0-5f f0-6f)
36.379: (move f7-3f f7-4f)
36.405: (move f0-6f f0-7f)
36.421: (move f8-2f f8-1f)
36.421: (move f7-1f f8-1f)
36.467: (move f0-5f f0-4f)
36.485: (move f7-1f f8-1f)
36.493: (move f8-2f f8-1f)
36.497: (unlock f8-1f f7-1f key2-4 shape2)
36.504: (pickup-and-loose f7-3f key0-2 key0-0)
36.515: (move f0-5f f0-4f)
36.519: (pickup-and-loose f7-3f key0-2 key0-0)
36.527: (move f0-6f f0-7f)
36.529: (move f0-5f f0-4f)
36.575: (move f0-5f f0-4f)
36.597: (move f7-2f f6-2f)
36.636: (move f5-2f f4-2f)
36.651: (move f0-5f f0-4f)
36.659: (move f3-0f f4-0f)
36.675: (move f7-1f f8-1f)
36.682: (unlock f8-1f f7-1f key2-4 shape2)
36.682: (move f8-2f f8-1f)
36.684: (move f7-2f f7-3f)
36.685: (move f6-3f f7-3f)
36.693: (unlock f7-3f f6-3f key2-4 shape2)
36.699: (move f0-5f f0-4f)
36.716: (putdown f0-5f key2-0)
36.739: (move f7-2f f7-3f)
36.747: (move f5-2f f5-1f)
36.751: (move f0-5f f0-6f)
36.767: (move f2-4f f2-5f)
36.799: (move f6-2f f6-1f)
36.852: (move f0-6f f0-7f)
36.872: (move f7-2f f8-2f)
36.873: (move f0-5f f0-6f)
36.885: (move f2-5f f1-5f)
36.888: (move f0-6f f0-7f)
36.913: (move f0-5f f0-6f)
36.916: (move f0-6f f0-7f)
36.923: (putdown f1-3f key3-0)
36.939: (move f6-5f f6-6f)
36.962: (move f6-2f f6-3f)
36.973: (move f7-3f f6-3f)
36.996: (move f0-5f f0-6f)
37.008: (move f0-6f f0-7f)
37.019: (move f7-2f f7-1f)
37.023: (move f6-1f f7-1f)
37.023: (move f6-2f f6-3f)
37.028: (move f0-6f f0-7f)
37.043: (move f0-5f f0-6f)
37.070: (move f0-6f f0-7f)
37.083: (move f0-5f f0-6f)
37.086: (move f6-3f f6-4f)
37.092: (move f7-3f f7-4f)
37.102: (move f7-4f f7-5f)
37.135: (move f0-5f f0-6f)
37.141: (move f7-3f f6-3f)
37.143: (move f7-3f f7-4f)
37.143: (move f0-5f f0-6f)
37.147: (move f6-2f f6-3f)
37.155: (move f7-4f f8-4f)
37.162: (move f8-3f f8-4f)
37.163: (putdown f7-3f key0-0)
37.168: (move f7-3f f7-4f)
37.182: (move f6-2f f6-3f)
37.183: (move f6-5f f6-6f)
37.187: (move f7-5f f6-5f)
37.200: (move f5-2f f4-2f)
37.215: (move f6-4f f6-5f)
37.216: (move f7-3f f6-3f)
37.233: (move f7-5f f6-5f)
37.233: (move f8-3f f8-4f)
37.233: (move f7-4f f8-4f)
37.234: (move f6-5f f6-6f)
37.243: (putdown f7-3f key0-0)
37.245: (move f7-2f f6-2f)
37.249: (move f0-5f f0-6f)
37.262: (move f7-4f f7-5f)
37.266: (move f6-4f f6-5f)
37.267: (move f7-4f f6-4f)
37.268: (move f6-3f f6-4f)
37.273: (move f7-2f f8-2f)
37.284: (move f7-2f f6-2f)
37.285: (move f7-4f f6-4f)
37.293: (unlock f8-4f f8-5f key0-0 shape0)
37.294: (move f8-3f f8-4f)
37.297: (move f5-4f f5-5f)
37.298: (putdown f7-3f key0-0)
37.301: (move f7-4f f8-4f)
37.303: (move f6-5f f5-5f)
37.310: (move f7-3f f7-4f)
37.311: (move f6-5f f6-6f)
37.314: (move f7-2f f8-2f)
37.316: (move f7-3f f7-4f)
37.320: (unlock f7-5f f8-5f key0-0 shape0)
37.336: (move f0-4f f1-4f)
37.346: (move f8-3f f8-2f)
37.359: (move f7-3f f8-3f)
37.364: (move f7-4f f7-5f)
37.371: (move f7-3f f8-3f)
37.374: (move f8-2f f8-3f)
37.375: (unlock f7-2f f7-1f key2-0 shape2)
37.377: (move f7-3f f7-4f)
37.389: (move f8-3f f8-4f)
37.394: (move f7-5f f6-5f)
37.395: (move f7-4f f8-4f)
37.408: (move f8-2f f8-3f)
37.420: (move f7-3f f8-3f)
37.433: (move f5-5f f6-5f)
37.439: (move f6-4f f6-5f)
37.445: (move f8-2f f8-3f)
37.476: (move f6-5f f7-5f)
37.480: (move f7-4f f7-5f)
37.480: (move f8-3f f8-4f)
37.480: (move f7-4f f8-4f)
37.517: (move f6-5f f5-5f)
37.532: (move f7-3f f8-3f)
37.561: (move f6-3f f5-3f)
37.568: (move f6-5f f5-5f)
37.573: (move f6-4f f5-4f)
37.574: (move f7-4f f7-5f)
37.578: (move f8-2f f8-3f)
37.581: (move f7-3f f8-3f)
37.598: (move f8-2f f8-3f)
37.601: (move f6-4f f5-4f)
37.616: (move f7-3f f8-3f)
37.623: (move f6-4f f6-5f)
37.635: (move f7-4f f6-4f)
37.648: (move f0-5f f0-4f)
37.648: (move f7-4f f8-4f)
37.648: (move f8-3f f8-4f)
37.669: (move f5-5f f4-5f)
37.686: (move f8-2f f7-2f)
37.697: (move f7-2f f6-2f)
37.698: (move f7-3f f7-2f)
37.707: (move f7-2f f7-1f)
37.709: (move f7-4f f7-5f)
37.713: (pickup-and-loose f7-2f key0-0 key2-4)
37.715: (move f8-3f f8-4f)
37.716: (move f7-4f f8-4f)
37.716: (move f7-4f f8-4f)
37.719: (move f6-5f f5-5f)
37.720: (move f8-3f f8-4f)
37.772: (pickup-and-loose f0-5f key0-1 key2-4)
37.772: (pickup-and-loose f0-5f key0-3 key2-4)
37.773: (move f6-5f f7-5f)
37.775: (move f7-4f f6-4f)
37.781: (pickup-and-loose f0-5f key3-0 key2-4)
37.797: (move f7-4f f7-5f)
37.799: (move f7-4f f7-5f)
37.806: (move f6-5f f7-5f)
37.807: (move f7-4f f6-4f)
37.815: (move f6-2f f7-2f)
37.823: (move f0-4f f0-3f)
34.803: (move f2-3f f2-2f)
34.803: (move f1-2f f2-2f)
34.846: (move f2-1f f3-1f)
34.953: (move f1-2f f1-1f)
35.063: (pickup-and-loose f7-2f key2-4 key2-0)
35.072: (unlock f7-2f f7-1f key2-4 shape2)
35.220: (move f0-3f f0-4f)
35.221: (move f1-4f f0-4f)
35.249: (pickup-and-loose f7-2f key2-4 key0-2)
35.268: (move f1-4f f1-5f)
35.295: (move f1-3f f1-4f)
35.369: (pickup-and-loose f7-2f key2-4 key2-0)
35.432: (move f2-3f f3-3f)
35.552: (move f0-6f f1-6f)
35.558: (move f1-5f f1-6f)
35.619: (move f4-2f f3-2f)
35.776: (move f1-5f f0-5f)
35.798: (move f0-5f f0-4f)
35.865: (move f7-2f f8-2f)
35.945: (move f1-3f f0-3f)
35.964: (move f1-3f f2-3f)
35.985: (move f1-3f f1-2f)
36.013: (move f4-2f f3-2f)
36.023: (move f5-1f f4-1f)
36.026: (move f4-2f f4-1f)
36.039: (move f7-2f f8-2f)
36.040: (move f8-3f f8-2f)
36.049: (move f2-1f f2-2f)
36.061: (move f0-5f f1-5f)
36.082: (move f7-3f f8-3f)
36.089: (move f8-2f f8-3f)
36.103: (unlock f6-2f f6-3f key2-4 shape2)
36.113: (move f4-0f f4-1f)
36.119: (move f3-1f f4-1f)
36.168: (move f6-3f f7-3f)
36.168: (move f3-1f f3-2f)
36.175: (move f7-2f f7-3f)
36.178: (move f7-2f f7-3f)
36.185: (unlock f7-3f f6-3f key2-0 shape2)
36.197: (move f7-3f f8-3f)
36.198: (move f1-4f f2-4f)
36.202: (move f2-1f f1-1f)
36.203: (move f2-3f f2-4f)
36.205: (move f8-2f f8-3f)
36.206: (move f7-3f f7-4f)
36.256: (move f6-2f f5-2f)
36.280: (move f7-2f f7-3f)
36.293: (move f0-6f f0-7f)
36.319: (pickup-and-loose f7-3f key0-2 key2-0)
36.354: (move f6-4f f7-4f)
36.358: (move f7-3f f7-4f)
36.369: (move f1-5f f2-5f)
36.370: (move f7-2f f6-2f)
36.375: (move f0-6f f0-7f)
36.394: (move f4-2f f4-1f)
36.403: (move f5-1f f4-1f)
36.448: (move f5-2f f5-1f)
36.450: (move f6-1f f5-1f)
36.504: (pickup-and-loose f7-3f key0-2 key0-0)
36.507: (move f0-6f f0-7f)
36.594: (move f7-2f f7-3f)
36.599: (move f0-3f f1-3f)
36.607: (move f0-6f f0-7f)
36.622: (move f2-1f f2-0f)
36.644: (move f1-4f f1-3f)
36.648: (move f0-5f f0-4f)
36.655: (move f7-1f f8-1f)
36.657: (move f8-2f f8-1f)
36.715: (unlock f7-3f f6-3f key2-4 shape2)
36.748: (move f1-2f f0-2f)
36.749: (move f0-3f f0-2f)
36.807: (move f0-6f f0-7f)
36.822: (move f6-2f f6-1f)
36.822: (move f5-2f f4-2f)
36.829: (move f0-6f f0-7f)
36.888: (unlock f6-4f f6-3f key2-4 shape2)
36.889: (move f2-5f f1-5f)
36.893: (move f6-5f f6-6f)
36.895: (move f7-4f f6-4f)
36.897: (move f7-2f f8-2f)
36.902: (move f6-3f f6-4f)
36.914: (move f7-3f f7-4f)
36.924: (move f6-5f f6-6f)
36.939: (pickup-and-loose f3-1f key2-0 key2-4)
36.940: (move f0-5f f0-6f)
36.953: (move f0-6f f0-7f)
36.976: (move f0-6f f0-7f)
36.981: (move f0-5f f0-6f)
36.993: (move f8-3f f8-4f)
36.995: (move f7-4f f8-4f)
37.004: (move f7-4f f7-5f)
37.020: (move f6-5f f6-6f)
37.028: (move f0-6f f0-7f)
37.111: (putdown f7-3f key2-0)
37.118: (move f7-2f f8-2f)
37.120: (move f0-5f f0-6f)
37.136: (move f7-3f f6-3f)
37.136: (move f0-6f f0-7f)
37.149: (move f6-2f f6-3f)
37.169: (move f7-5f f6-5f)
37.180: (move f6-5f f6-6f)
37.186: (move f6-2f f6-3f)
37.200: (move f0-5f f0-6f)
37.207: (move f7-3f f6-3f)
37.208: (move f8-2f f8-3f)
37.214: (move f6-4f f6-5f)
37.220: (move f7-3f f8-3f)
37.233: (move f8-3f f8-2f)
37.249: (move f5-4f f5-5f)
37.258: (move f6-5f f5-5f)
37.275: (move f0-4f f1-4f)
37.278: (unlock f8-4f f8-5f key0-0 shape0)
37.280: (putdown f7-3f key0-0)
37.285: (move f6-3f f6-4f)
37.287: (move f7-4f f6-4f)
37.298: (move f8-3f f8-4f)
37.298: (move f6-5f f5-5f)
37.301: (move f7-4f f7-5f)
37.310: (move f7-4f f8-4f)
37.323: (move f7-3f f7-4f)
37.327: (unlock f7-5f f8-5f key0-0 shape0)
37.333: (move f7-4f f8-4f)
37.333: (move f6-3f f6-4f)
37.335: (move f5-4f f5-5f)
37.339: (move f7-3f f7-4f)
37.342: (move f8-3f f8-4f)
37.344: (move f6-5f f6-6f)
37.359: (move f7-2f f8-2f)
37.374: (move f7-4f f7-5f)
37.382: (move f7-3f f6-3f)
37.384: (move f7-2f f6-2f)
37.386: (move f7-5f f6-5f)
37.392: (move f7-3f f7-4f)
37.395: (move f5-2f f5-3f)
37.397: (move f6-3f f5-3f)
37.425: (move f7-4f f7-5f)
37.436: (move f7-4f f6-4f)
37.436: (move f5-5f f4-5f)
37.439: (move f6-4f f6-5f)
37.441: (move f6-3f f6-4f)
37.442: (move f7-4f f8-4f)
37.446: (move f8-3f f8-4f)
37.449: (move f7-2f f6-2f)
37.455: (move f6-5f f5-5f)
37.466: (move f8-2f f8-1f)
37.473: (move f7-4f f6-4f)
37.485: (move f8-3f f8-4f)
37.490: (move f7-4f f6-4f)
37.492: (move f6-5f f7-5f)
37.495: (move f7-2f f7-1f)
37.498: (move f6-3f f6-4f)
37.515: (move f7-4f f8-4f)
37.532: (move f7-3f f8-3f)
37.538: (move f6-4f f6-5f)
37.548: (move f7-5f f6-5f)
37.550: (move f7-3f f7-4f)
37.555: (move f7-4f f8-4f)
37.559: (move f8-3f f8-4f)
37.564: (move f0-5f f0-6f)
37.565: (move f7-4f f7-5f)
37.567: (move f6-3f f5-3f)
37.571: (move f6-4f f5-4f)
37.572: (move f8-2f f8-3f)
37.579: (unlock f7-2f f7-1f key2-0 shape2)
37.580: (move f8-2f f8-3f)
37.582: (move f0-4f f1-4f)
37.585: (move f1-5f f1-4f)
37.586: (move f7-3f f8-3f)
37.608: (move f7-3f f8-3f)
37.610: (move f6-3f f5-3f)
37.627: (move f7-4f f7-5f)
37.654: (move f6-4f f5-4f)
37.665: (move f7-4f f8-4f)
37.666: (move f8-3f f8-4f)
37.679: (move f5-5f f4-5f)
37.689: (move f7-3f f7-2f)
37.693: (move f0-5f f0-4f)
37.703: (move f0-5f f0-4f)
37.703: (move f0-5f f0-4f)
37.730: (move f5-5f f4-5f)
37.732: (move f6-3f f5-3f)
37.746: (move f7-4f f7-5f)
37.750: (move f6-5f f7-5f)
37.770: (move f6-4f f5-4f)
37.775: (move f0-4f f0-3f)
37.779: (move f7-3f f8-3f)
37.789: (move f5-1f f5-0f)
37.796: (move f6-3f f5-3f)
37.798: (move f6-6f f5-6f)
37.802: (move f4-0f f5-0f)
37.806: (move f5-5f f5-4f)
37.807: (move f5-5f f5-6f)
37.815: (move f6-5f f5-5f)
37.827: (move f5-3f f5-2f)
37.850: (move f6-5f f6-4f)
37.850: (move f5-5f f5-4f)
37.861: (move f8-3f f8-4f)
37.870: (move f0-4f f1-4f)
37.870: (move f7-4f f8-4f)
37.880: (move f5-1f f6-1f)
33.807: (move f1-5f f0-5f)
33.808: (move f0-4f f0-5f)
34.628: (move f2-2f f3-2f)
34.629: (move f3-3f f3-2f)
34.671: (move f1-1f f2-1f)
34.672: (move f2-2f f2-1f)
34.734: (move f4-1f f3-1f)
34.734: (move f3-2f f3-1f)
34.749: (move f1-4f f1-5f)
34.883: (move f2-3f f2-2f)
34.885: (move f1-2f f2-2f)
35.031: (move f1-2f f1-1f)
35.148: (move f4-1f f3-1f)
35.158: (move f3-2f f3-1f)
35.239: (pickup-and-loose f7-2f key2-4 key2-0)
35.246: (unlock f7-2f f7-1f key2-4 shape2)
35.250: (pickup-and-loose f7-2f key2-4 key0-2)
35.263: (move f0-3f f0-4f)
35.265: (move f1-4f f0-4f)
35.344: (move f0-4f f1-4f)
35.347: (move f1-5f f1-4f)
35.509: (move f2-3f f3-3f)
35.521: (move f2-4f f2-5f)
35.524: (move f1-5f f2-5f)
35.594: (move f7-3f f6-3f)
35.597: (move f6-2f f6-3f)
35.612: (unlock f1-5f f1-6f key3-0 shape3)
35.667: (move f7-3f f7-2f)
35.672: (move f6-2f f7-2f)
35.742: (move f1-5f f0-5f)
35.748: (move f3-1f f3-2f)
35.752: (unlock f3-2f f2-2f key2-4 shape2)
35.753: (move f2-2f f3-2f)
35.776: (move f7-2f f6-2f)
35.785: (unlock f6-2f f6-3f key2-4 shape2)
35.802: (move f7-2f f8-2f)
35.845: (move f4-2f f3-2f)
35.890: (move f0-4f f0-3f)
35.905: (move f7-3f f8-3f)
35.912: (move f8-2f f8-3f)
35.917: (move f2-4f f3-4f)
35.920: (move f3-3f f3-4f)
35.937: (move f7-2f f8-2f)
35.940: (move f3-2f f2-2f)
36.003: (move f7-3f f7-4f)
36.043: (move f7-2f f8-2f)
36.073: (move f6-2f f5-2f)
36.133: (move f3-1f f4-1f)
36.178: (move f7-2f f7-3f)
36.199: (unlock f7-3f f6-3f key2-0 shape2)
36.231: (move f5-0f f5-1f)
36.236: (move f7-3f f8-3f)
36.245: (move f4-1f f5-1f)
36.247: (move f4-2f f4-1f)
36.248: (move f5-1f f4-1f)
36.269: (move f1-4f f2-4f)
36.274: (move f2-3f f2-4f)
36.304: (pickup-and-loose f7-3f key0-2 key2-0)
36.327: (move f3-2f f2-2f)
36.332: (pickup-and-loose f7-3f key0-2 key2-0)
36.350: (move f7-2f f6-2f)
36.366: (move f7-3f f7-4f)
36.387: (move f2-0f f3-0f)
36.393: (move f3-1f f3-0f)
36.475: (move f6-2f f5-2f)
36.497: (move f6-1f f5-1f)
36.498: (move f5-2f f5-1f)
36.508: (move f7-2f f6-2f)
36.526: (pickup-and-loose f7-3f key0-2 key0-0)
36.529: (unlock f7-3f f6-3f key2-4 shape2)
36.534: (move f7-2f f7-3f)
36.545: (move f0-3f f1-3f)
36.559: (move f5-0f f4-0f)
36.564: (move f1-4f f1-3f)
36.566: (move f7-2f f7-3f)
36.573: (move f0-6f f0-7f)
36.588: (move f7-2f f7-1f)
36.602: (move f4-1f f4-0f)
36.628: (move f0-5f f0-4f)
36.649: (move f6-2f f6-1f)
36.698: (move f7-2f f7-3f)
36.716: (move f3-2f f3-3f)
36.726: (move f7-2f f7-1f)
36.761: (move f3-2f f4-2f)
36.761: (move f4-1f f4-2f)
36.816: (move f1-1f f1-0f)
36.826: (move f1-2f f0-2f)
36.828: (move f0-3f f0-2f)
36.862: (move f5-2f f5-1f)
36.863: (move f3-2f f3-3f)
36.868: (move f0-6f f0-7f)
36.874: (move f0-2f f0-1f)
36.876: (move f6-5f f6-6f)
36.879: (move f1-1f f0-1f)
36.880: (move f5-2f f4-2f)
36.887: (pickup-and-loose f3-1f key2-0 key2-4)
36.891: (move f6-5f f6-6f)
36.968: (move f7-3f f7-4f)
36.987: (move f0-6f f0-7f)
37.006: (move f4-1f f4-0f)
37.009: (move f6-5f f6-6f)
37.021: (putdown f0-7f key2-0)
37.043: (move f6-2f f6-1f)
37.044: (move f7-4f f8-4f)
37.047: (move f8-3f f8-4f)
37.050: (move f7-4f f7-5f)
37.089: (move f0-6f f0-7f)
37.093: (putdown f7-3f key2-0)
37.107: (putdown f1-3f key3-0)
37.124: (move f7-3f f7-4f)
37.131: (move f3-2f f3-3f)
37.133: (move f7-3f f6-3f)
37.143: (move f7-2f f6-2f)
37.144: (move f6-2f f6-3f)
37.148: (unlock f6-2f f6-3f key2-0 shape2)
37.162: (putdown f7-3f key2-0)
37.176: (move f6-4f f7-4f)
37.181: (move f7-3f f7-4f)
37.181: (move f7-2f f8-2f)
37.190: (move f0-5f f0-6f)
37.212: (move f7-4f f7-5f)
37.215: (move f7-4f f8-4f)
37.216: (move f8-3f f8-4f)
37.216: (move f5-2f f4-2f)
37.229: (move f7-2f f8-2f)
37.236: (move f7-3f f7-4f)
37.238: (move f5-4f f5-5f)
37.245: (move f8-2f f8-3f)
37.252: (move f8-3f f8-2f)
37.256: (move f6-5f f5-5f)
37.256: (move f7-3f f8-3f)
37.286: (move f0-6f f0-7f)
37.292: (move f8-2f f8-1f)
37.313: (putdown f7-3f key0-0)
37.331: (move f1-4f f2-4f)
37.347: (move f1-5f f2-5f)
37.353: (move f6-5f f5-5f)
37.353: (move f5-4f f5-5f)
37.356: (move f2-5f f2-4f)
37.359: (unlock f0-6f f1-6f key3-0 shape3)
37.366: (move f0-4f f1-4f)
37.372: (move f7-3f f6-3f)
37.396: (move f7-3f f8-3f)
37.397: (move f5-5f f4-5f)
37.399: (move f8-2f f8-3f)
37.419: (move f5-5f f4-5f)
37.429: (move f7-3f f8-3f)
37.448: (move f8-2f f8-1f)
37.449: (move f6-3f f6-4f)
37.454: (move f6-5f f5-5f)
37.461: (move f7-4f f6-4f)
37.472: (move f6-3f f6-2f)
37.481: (unlock f8-4f f8-5f key0-2 shape0)
37.483: (move f2-0f f1-0f)
37.484: (move f1-1f f1-0f)
37.489: (move f8-3f f8-2f)
37.503: (move f5-4f f5-5f)
37.512: (move f6-3f f6-4f)
37.514: (move f7-4f f6-4f)
37.516: (move f8-3f f8-4f)
37.518: (move f7-4f f6-4f)
37.535: (move f7-4f f8-4f)
37.547: (move f1-1f f0-1f)
37.550: (move f8-3f f8-4f)
37.557: (move f7-4f f8-4f)
37.562: (move f7-3f f8-3f)
37.567: (move f7-3f f7-4f)
37.578: (move f8-2f f8-3f)
37.583: (move f5-5f f4-5f)
37.586: (move f8-3f f8-4f)
37.598: (move f7-4f f7-5f)
37.600: (move f1-4f f1-3f)
37.602: (move f7-4f f8-4f)
37.638: (move f7-4f f7-5f)
37.654: (move f7-4f f7-5f)
37.657: (move f7-4f f6-4f)
37.659: (move f6-3f f6-4f)
37.665: (move f1-4f f1-3f)
37.698: (move f5-5f f5-4f)
37.734: (move f6-3f f5-3f)
37.736: (move f7-5f f6-5f)
37.737: (move f8-2f f9-2f)
37.742: (move f8-3f f8-4f)
37.743: (move f6-4f f6-5f)
37.746: (move f5-5f f5-6f)
37.748: (move f7-2f f7-1f)
37.749: (move f7-4f f6-4f)
37.759: (move f6-6f f5-6f)
37.777: (move f7-3f f8-3f)
37.778: (move f7-4f f8-4f)
37.784: (move f7-3f f7-2f)
37.784: (move f5-5f f5-6f)
37.785: (move f6-6f f5-6f)
37.789: (move f6-4f f5-4f)
37.797: (move f6-2f f5-2f)
37.800: (move f6-3f f5-3f)
37.803: (move f7-2f f7-1f)
37.836: (move f5-3f f5-2f)
37.839: (move f7-2f f6-2f)
37.845: (move f7-4f f7-5f)
30.797: (pickup f0-5f key2-4)
33.309: (pickup f0-5f key0-1)
33.309: (pickup f0-5f key0-3)
33.515: (move f2-1f f3-1f)
33.515: (move f3-2f f3-1f)
33.850: (move f1-5f f0-5f)
33.851: (move f0-4f f0-5f)
34.588: (move f1-5f f1-6f)
34.609: (move f1-4f f1-3f)
34.613: (move f0-3f f1-3f)
34.706: (move f2-2f f3-2f)
34.708: (move f3-3f f3-2f)
34.750: (move f1-1f f2-1f)
34.750: (move f2-2f f2-1f)
34.956: (move f4-1f f3-1f)
34.959: (move f3-2f f3-1f)
35.163: (pickup-and-loose f7-2f key2-4 key0-2)
35.227: (pickup-and-loose f3-1f key2-0 key0-0)
35.331: (move f2-1f f2-0f)
35.333: (move f1-0f f2-0f)
35.336: (move f0-5f f0-6f)
35.383: (move f7-3f f6-3f)
35.383: (move f6-2f f6-3f)
35.422: (move f1-5f f1-4f)
35.459: (move f3-2f f4-2f)
35.477: (move f1-5f f2-5f)
35.477: (move f2-4f f2-5f)
35.530: (move f1-3f f1-4f)
35.654: (unlock f6-1f f7-1f key2-4 shape2)
35.654: (move f7-1f f6-1f)
35.657: (move f6-2f f6-1f)
35.675: (move f2-2f f2-1f)
35.678: (move f3-1f f2-1f)
35.687: (move f5-1f f6-1f)
35.738: (move f7-2f f6-2f)
35.740: (unlock f6-2f f6-3f key2-4 shape2)
35.778: (move f6-2f f6-1f)
35.786: (move f7-1f f6-1f)
35.852: (move f4-2f f3-2f)
35.868: (move f7-3f f8-3f)
35.873: (move f8-2f f8-3f)
35.952: (move f7-2f f8-2f)
35.988: (move f7-2f f8-2f)
35.995: (move f7-3f f7-4f)
35.995: (move f3-3f f3-4f)
35.996: (move f7-3f f8-3f)
36.001: (unlock f6-2f f6-3f key2-4 shape2)
36.002: (move f2-4f f3-4f)
36.003: (move f8-2f f8-3f)
36.009: (move f6-2f f5-2f)
36.040: (move f5-1f f5-2f)
36.044: (move f4-2f f5-2f)
36.047: (move f7-3f f8-3f)
36.048: (move f8-2f f8-3f)
36.075: (move f2-2f f2-1f)
36.081: (move f3-1f f2-1f)
36.108: (move f4-2f f3-2f)
36.121: (move f1-3f f0-3f)
36.144: (move f6-2f f5-2f)
36.151: (move f7-3f f7-4f)
36.164: (move f3-2f f2-2f)
36.193: (move f7-3f f7-4f)
36.230: (putdown f3-1f key0-0)
36.231: (move f7-1f f8-1f)
36.244: (move f8-2f f8-1f)
36.249: (move f6-2f f5-2f)
36.260: (move f4-2f f4-1f)
36.263: (unlock f8-1f f7-1f key2-4 shape2)
36.266: (move f5-1f f4-1f)
36.278: (pickup-and-loose f0-5f key3-0 key0-0)
36.290: (move f7-2f f8-2f)
36.292: (move f8-3f f8-2f)
36.293: (move f6-1f f5-1f)
36.297: (move f3-1f f3-0f)
36.297: (pickup-and-loose f0-5f key0-3 key0-0)
36.298: (pickup-and-loose f0-5f key0-1 key0-0)
36.298: (move f4-1f f5-1f)
36.305: (move f5-2f f5-1f)
36.305: (move f4-0f f3-0f)
36.309: (pickup-and-loose f7-3f key0-2 key2-0)
36.353: (move f0-6f f0-5f)
36.354: (move f7-1f f8-1f)
36.358: (move f1-5f f0-5f)
36.362: (move f8-2f f8-1f)
36.507: (move f7-2f f7-3f)
36.507: (move f7-2f f6-2f)
36.512: (unlock f7-3f f6-3f key2-4 shape2)
36.525: (move f4-2f f4-1f)
36.529: (move f5-1f f4-1f)
36.583: (move f1-4f f1-3f)
36.612: (move f0-5f f0-4f)
36.623: (move f1-5f f1-6f)
36.646: (move f0-6f f1-6f)
36.648: (move f3-3f f3-4f)
36.672: (unlock f7-3f f6-3f key2-4 shape2)
36.684: (move f1-3f f2-3f)
36.685: (move f3-3f f3-4f)
36.691: (move f6-1f f5-1f)
36.696: (move f5-2f f5-1f)
36.698: (move f5-2f f4-2f)
36.701: (move f1-3f f1-2f)
36.715: (move f4-1f f4-0f)
36.721: (move f3-0f f4-0f)
36.728: (move f4-0f f3-0f)
36.737: (move f3-1f f3-0f)
36.741: (move f7-2f f7-1f)
36.753: (move f7-2f f7-1f)
36.753: (move f4-1f f4-2f)
36.757: (move f3-2f f4-2f)
36.764: (putdown f0-5f key0-0)
36.770: (move f7-2f f7-3f)
36.780: (move f5-2f f5-1f)
36.800: (move f5-2f f5-1f)
36.801: (move f2-5f f2-4f)
36.809: (move f1-4f f2-4f)
36.829: (move f4-1f f4-0f)
36.831: (move f6-2f f6-1f)
36.837: (move f2-4f f3-4f)
36.840: (move f3-2f f3-3f)
36.884: (move f3-4f f4-4f)
36.886: (pickup-and-loose f3-1f key2-0 key2-4)
36.896: (move f1-1f f1-0f)
36.928: (move f3-2f f3-3f)
36.956: (move f0-2f f0-1f)
36.958: (move f1-1f f0-1f)
37.037: (putdown f1-3f key3-0)
37.054: (move f0-6f f0-7f)
37.056: (move f6-2f f6-3f)
37.070: (move f5-2f f4-2f)
37.075: (move f7-3f f6-3f)
37.086: (move f7-2f f8-2f)
37.091: (move f6-5f f6-6f)
37.103: (move f0-5f f0-6f)
37.104: (move f8-3f f8-2f)
37.120: (unlock f6-4f f6-3f key2-4 shape2)
37.139: (putdown f7-3f key2-0)
37.141: (move f6-3f f6-4f)
37.142: (move f7-3f f7-4f)
37.150: (move f7-4f f6-4f)
37.186: (putdown f0-7f key3-0)
37.197: (move f3-4f f3-5f)
37.200: (move f2-5f f3-5f)
37.218: (move f7-3f f6-3f)
37.235: (move f7-3f f7-4f)
37.245: (move f5-2f f4-2f)
37.252: (move f5-2f f4-2f)
37.259: (move f7-4f f7-5f)
37.264: (move f8-3f f8-4f)
37.274: (move f7-4f f8-4f)
37.305: (move f3-3f f3-4f)
37.329: (move f7-4f f6-4f)
37.329: (move f6-3f f6-4f)
37.332: (move f0-3f f0-2f)
37.348: (move f1-5f f2-5f)
37.373: (move f7-3f f6-3f)
37.373: (move f5-5f f4-5f)
37.374: (move f7-3f f7-4f)
37.401: (move f5-5f f4-5f)
37.415: (move f0-6f f0-7f)
37.427: (move f7-3f f8-3f)
37.427: (move f8-2f f8-3f)
37.429: (move f7-3f f8-3f)
37.452: (move f8-3f f8-4f)
37.453: (move f7-4f f8-4f)
37.469: (move f6-3f f6-2f)
37.475: (move f7-3f f7-4f)
37.489: (move f8-2f f8-1f)
37.508: (move f8-3f f8-2f)
37.511: (move f7-4f f8-4f)
37.514: (move f8-3f f8-4f)
37.520: (move f7-4f f7-5f)
37.528: (move f7-3f f7-2f)
37.547: (move f7-4f f7-5f)
37.570: (move f6-5f f5-5f)
37.577: (move f5-5f f4-5f)
37.594: (move f7-3f f8-3f)
37.604: (move f7-4f f6-4f)
37.642: (move f6-3f f5-3f)
37.647: (move f8-3f f8-4f)
37.648: (move f5-2f f5-3f)
37.650: (move f7-4f f8-4f)
37.666: (move f7-2f f6-2f)
37.670: (move f8-2f f9-2f)
37.679: (move f7-4f f6-4f)
37.682: (move f6-3f f6-4f)
37.697: (move f7-4f f7-5f)
37.733: (move f5-5f f5-6f)
37.737: (move f6-6f f5-6f)
37.742: (move f6-6f f5-6f)
37.744: (move f6-4f f6-5f)
37.750: (move f5-5f f5-6f)
37.764: (move f7-5f f6-5f)
37.764: (move f8-3f f8-4f)
37.782: (move f7-4f f8-4f)
37.784: (move f8-2f f9-2f)
37.797: (move f7-4f f6-4f)
37.800: (move f7-3f f8-3f)
37.816: (move f6-3f f5-3f)
37.850: (move f6-4f f6-5f)
37.851: (move f7-4f f7-5f)
30.869: (pickup f0-5f key2-4)
31.008: (move f0-5f f0-4f)
31.072: (move f0-5f f1-5f)
31.234: (pickup f3-1f key2-0)
32.009: (move f0-5f f0-6f)
33.351: (pickup f0-5f key0-1)
33.351: (pickup f0-5f key0-3)
33.594: (move f2-1f f3-1f)
33.596: (move f3-2f f3-1f)
34.735: (move f1-4f f1-3f)
34.754: (move f0-5f f0-4f)
34.754: (move f0-5f f0-4f)
34.782: (move f3-1f f4-1f)
34.783: (move f4-2f f4-1f)
34.800: (move f0-5f f1-5f)
34.800: (move f0-5f f1-5f)
34.830: (move f0-5f f0-6f)
34.831: (move f0-5f f0-6f)
34.974: (move f3-2f f3-1f)
34.976: (move f4-1f f3-1f)
35.012: (pickup-and-loose f7-2f key2-4 key0-2)
35.023: (putdown f1-3f key3-0)
35.032: (unlock f7-2f f7-1f key2-4 shape2)
35.072: (move f3-1f f3-0f)
35.072: (move f2-0f f3-0f)
35.091: (move f0-5f f0-6f)
35.091: (move f1-6f f0-6f)
35.154: (move f4-2f f5-2f)
35.203: (pickup f0-6f key1-1)
35.222: (move f0-6f f0-7f)
35.226: (move f1-2f f1-1f)
35.250: (move f4-1f f3-1f)
35.256: (move f3-2f f3-1f)
35.342: (move f7-3f f6-3f)
35.344: (move f6-2f f6-3f)
35.408: (move f1-0f f2-0f)
35.410: (move f2-1f f2-0f)
35.459: (move f1-3f f1-4f)
35.470: (move f0-3f f0-4f)
35.474: (move f1-4f f0-4f)
35.490: (move f6-2f f7-2f)
35.497: (move f7-3f f7-2f)
35.529: (move f1-4f f1-5f)
35.534: (move f3-2f f4-2f)
35.543: (move f7-3f f6-3f)
35.546: (move f6-2f f6-3f)
35.667: (move f4-2f f3-2f)
35.699: (move f2-3f f3-3f)
35.759: (move f5-1f f6-1f)
35.794: (move f7-2f f8-2f)
35.808: (move f0-5f f0-4f)
35.828: (move f6-2f f6-1f)
35.830: (move f6-2f f6-1f)
35.831: (move f7-1f f6-1f)
35.842: (move f7-1f f6-1f)
35.849: (unlock f6-1f f7-1f key2-4 shape2)
35.885: (pickup-and-loose f0-5f key2-0 key3-0)
35.898: (unlock f6-2f f6-3f key2-4 shape2)
35.906: (move f2-2f f2-1f)
35.907: (move f3-1f f2-1f)
35.914: (move f1-4f f0-4f)
35.921: (move f0-5f f0-4f)
35.956: (move f2-4f f2-3f)
35.964: (move f7-3f f8-3f)
35.966: (move f1-3f f2-3f)
35.967: (move f8-2f f8-3f)
35.983: (move f0-2f f1-2f)
35.989: (move f1-3f f1-2f)
35.994: (move f6-2f f6-1f)
36.060: (move f4-2f f4-1f)
36.062: (move f0-5f f1-5f)
36.063: (move f1-3f f0-3f)
36.066: (move f5-1f f4-1f)
36.077: (move f4-2f f3-2f)
36.090: (move f3-1f f3-2f)
36.093: (move f4-2f f5-2f)
36.105: (move f5-1f f5-2f)
36.108: (move f7-3f f8-3f)
36.109: (move f4-2f f3-2f)
36.117: (move f8-2f f8-3f)
36.139: (move f4-2f f3-2f)
36.140: (move f7-3f f7-4f)
36.169: (move f3-1f f2-1f)
36.170: (move f6-2f f5-2f)
36.171: (move f2-1f f1-1f)
36.174: (move f6-1f f5-1f)
36.174: (move f5-2f f5-1f)
36.186: (move f3-2f f2-2f)
36.189: (move f6-2f f5-2f)
36.200: (move f7-3f f8-3f)
36.215: (move f7-3f f7-4f)
36.304: (move f7-2f f6-2f)
36.306: (move f5-2f f5-1f)
36.311: (move f6-1f f5-1f)
36.312: (pickup-and-loose f0-5f key0-3 key3-0)
36.312: (pickup-and-loose f0-5f key0-1 key3-0)
36.338: (move f7-3f f7-4f)
36.342: (move f3-5f f4-5f)
36.347: (move f4-4f f4-5f)
36.363: (move f5-2f f6-2f)
36.366: (move f6-2f f5-2f)
36.370: (move f6-1f f6-2f)
36.387: (move f4-4f f5-4f)
36.405: (move f7-1f f8-1f)
36.418: (move f8-2f f8-1f)
36.420: (move f3-2f f2-2f)
36.438: (move f8-2f f8-1f)
36.442: (move f6-1f f5-1f)
36.444: (move f5-1f f4-1f)
36.445: (move f5-2f f5-1f)
36.445: (move f7-1f f8-1f)
36.446: (move f3-1f f4-1f)
36.455: (move f4-2f f4-1f)
36.464: (unlock f8-1f f7-1f key2-4 shape2)
36.470: (move f5-1f f4-1f)
36.473: (move f4-2f f4-1f)
36.486: (move f2-3f f2-4f)
36.500: (move f1-4f f2-4f)
36.507: (move f4-0f f3-0f)
36.515: (move f3-1f f3-0f)
36.528: (move f5-1f f4-1f)
36.529: (move f4-2f f4-1f)
36.576: (move f2-1f f1-1f)
36.585: (move f7-2f f7-3f)
36.591: (move f2-1f f2-0f)
36.597: (move f6-1f f7-1f)
36.597: (move f3-0f f2-0f)
36.614: (move f1-3f f2-3f)
36.619: (move f1-3f f1-2f)
36.629: (move f5-2f f4-2f)
36.704: (unlock f7-3f f6-3f key2-4 shape2)
36.726: (move f3-4f f3-3f)
36.745: (putdown f0-5f key3-0)
36.762: (move f5-2f f4-2f)
36.775: (move f3-3f f3-4f)
36.776: (move f3-1f f3-0f)
36.822: (move f5-2f f4-2f)
36.829: (move f0-6f f0-7f)
36.841: (move f4-1f f4-0f)
36.932: (move f7-4f f8-4f)
36.933: (move f8-3f f8-4f)
36.934: (pickup f3-5f key0-4)
36.936: (move f1-4f f2-4f)
36.937: (move f2-5f f2-4f)
36.941: (move f7-4f f7-5f)
36.960: (move f3-2f f3-3f)
36.962: (move f3-4f f4-4f)
36.967: (move f1-6f f2-6f)
36.972: (move f2-5f f2-6f)
36.988: (move f3-0f f2-0f)
36.995: (putdown f1-3f key3-0)
36.998: (move f7-4f f6-4f)
37.003: (move f6-3f f6-4f)
37.004: (unlock f6-4f f6-3f key2-4 shape2)
37.004: (move f2-1f f2-0f)
37.005: (move f3-3f f3-4f)
37.038: (move f1-2f f0-2f)
37.054: (move f0-3f f0-2f)
37.093: (move f6-5f f6-6f)
37.094: (move f7-2f f8-2f)
37.094: (move f8-3f f8-2f)
37.105: (move f6-4f f6-5f)
37.107: (move f7-5f f6-5f)
37.108: (pickup-and-loose f3-1f key2-0 key2-4)
37.131: (move f4-1f f4-0f)
37.158: (move f3-4f f2-4f)
37.203: (putdown f0-7f key3-0)
37.211: (move f3-4f f2-4f)
37.212: (move f7-3f f6-3f)
37.219: (move f3-2f f3-3f)
37.265: (move f3-4f f3-5f)
37.272: (move f2-5f f3-5f)
37.289: (move f6-3f f6-2f)
37.352: (move f8-3f f8-2f)
37.363: (unlock f6-4f f6-3f key2-0 shape2)
37.388: (move f6-3f f6-4f)
37.390: (move f7-3f f7-4f)
37.392: (move f7-4f f6-4f)
37.397: (move f8-3f f8-4f)
37.397: (move f7-4f f8-4f)
37.411: (move f7-4f f6-4f)
37.418: (move f6-4f f5-4f)
37.428: (move f6-3f f5-3f)
37.436: (move f3-1f f3-2f)
37.436: (move f5-2f f5-3f)
37.493: (move f7-4f f6-4f)
37.499: (move f7-4f f7-5f)
37.499: (move f6-3f f6-4f)
37.524: (move f3-1f f2-1f)
37.534: (move f7-4f f6-4f)
37.552: (move f6-3f f6-4f)
37.562: (move f7-4f f6-4f)
37.571: (move f0-5f f0-6f)
37.592: (move f7-3f f8-3f)
37.600: (move f8-3f f8-2f)
37.609: (move f5-5f f4-5f)
37.621: (move f7-4f f8-4f)
37.624: (move f6-5f f5-5f)
37.628: (move f8-3f f8-4f)
37.641: (move f7-2f f7-1f)
30.398: (move f1-5f f1-4f)
30.398: (move f0-4f f1-4f)
30.463: (move f1-5f f2-5f)
30.513: (move f0-5f f1-5f)
30.671: (move f0-6f f0-7f)
30.864: (move f0-4f f0-3f)
31.064: (move f0-5f f0-4f)
31.212: (move f3-1f f3-2f)
31.250: (move f3-1f f2-1f)
31.314: (pickup f3-1f key2-0)
31.326: (move f3-1f f4-1f)
31.669: (move f0-5f f0-6f)
31.766: (move f3-1f f3-0f)
32.958: (pickup-and-loose f0-6f key1-1 key2-4)
33.119: (putdown f0-6f key2-4)
33.394: (move f0-6f f0-5f)
33.407: (move f1-3f f1-4f)
34.040: (move f1-3f f0-3f)
34.079: (move f1-3f f2-3f)
34.088: (move f1-3f f1-2f)
34.110: (move f0-4f f0-5f)
34.111: (move f1-5f f0-5f)
34.282: (move f0-5f f1-5f)
34.283: (move f0-5f f1-5f)
34.586: (move f0-5f f0-6f)
34.587: (move f0-5f f0-6f)
34.626: (putdown f0-4f key2-4)
34.716: (putdown f1-5f key2-4)
34.753: (move f0-6f f0-7f)
34.755: (move f0-6f f0-7f)
34.796: (move f0-5f f0-4f)
34.797: (move f4-1f f3-1f)
34.797: (move f0-5f f0-4f)
34.809: (move f3-2f f3-1f)
34.856: (move f1-5f f1-4f)
34.856: (move f1-5f f1-4f)
34.857: (move f0-4f f1-4f)
34.857: (move f0-4f f1-4f)
34.860: (move f3-1f f4-1f)
34.864: (move f4-2f f4-1f)
34.920: (pickup f0-6f key1-1)
34.939: (pickup-and-loose f0-6f key1-1 key0-1)
34.941: (pickup-and-loose f0-6f key1-1 key0-3)
35.003: (putdown f0-6f key0-1)
35.005: (putdown f0-6f key0-3)
35.029: (move f4-1f f5-1f)
35.033: (move f5-2f f5-1f)
35.092: (move f1-5f f2-5f)
35.092: (move f1-5f f2-5f)
35.095: (putdown f1-3f key3-0)
35.128: (move f7-1f f7-2f)
35.133: (move f6-2f f7-2f)
35.148: (move f1-2f f1-1f)
35.149: (move f2-0f f3-0f)
35.151: (move f3-1f f3-0f)
35.174: (move f0-6f f0-7f)
35.188: (move f3-2f f3-1f)
35.199: (move f4-1f f3-1f)
35.223: (move f4-2f f5-2f)
35.257: (move f3-3f f3-2f)
35.263: (putdown f0-4f key0-3)
35.263: (putdown f0-4f key0-1)
35.272: (move f0-6f f0-7f)
35.273: (move f3-2f f3-1f)
35.292: (move f4-1f f3-1f)
35.296: (putdown f1-5f key0-3)
35.296: (putdown f1-5f key0-1)
35.306: (move f1-1f f2-1f)
35.352: (move f0-4f f1-4f)
35.352: (move f1-5f f1-4f)
35.354: (pickup-and-loose f3-1f key2-0 key0-0)
35.367: (move f1-2f f2-2f)
35.367: (move f2-3f f2-2f)
35.371: (move f0-3f f0-4f)
35.381: (move f1-4f f0-4f)
35.389: (move f4-1f f4-0f)
35.394: (move f3-0f f4-0f)
35.404: (move f1-3f f1-4f)
35.429: (move f6-2f f7-2f)
35.431: (move f1-4f f1-5f)
35.431: (move f7-3f f7-2f)
35.454: (move f0-4f f0-3f)
35.455: (move f0-4f f0-3f)
35.557: (move f7-3f f6-3f)
35.569: (move f6-2f f6-3f)
35.590: (move f1-2f f1-1f)
35.617: (move f4-2f f3-2f)
35.618: (unlock f1-5f f1-6f key3-0 shape3)
35.626: (move f2-3f f3-3f)
35.638: (move f3-3f f3-2f)
35.708: (unlock f6-2f f6-3f key2-4 shape2)
35.736: (move f7-2f f8-2f)
35.747: (move f4-2f f3-2f)
35.756: (move f1-5f f2-5f)
35.758: (unlock f6-2f f6-3f key2-4 shape2)
35.763: (move f2-4f f2-5f)
35.839: (move f4-2f f3-2f)
35.902: (move f0-4f f0-3f)
35.911: (move f7-3f f8-3f)
35.917: (move f8-2f f8-3f)
35.918: (move f2-2f f2-1f)
35.921: (move f3-1f f2-1f)
35.986: (move f3-2f f2-2f)
35.994: (move f4-2f f4-1f)
35.995: (move f6-2f f6-1f)
35.997: (move f5-1f f4-1f)
36.007: (move f1-3f f2-3f)
36.011: (move f6-2f f5-2f)
36.015: (move f1-3f f1-2f)
36.017: (move f7-3f f7-4f)
36.017: (move f1-3f f0-3f)
36.033: (move f0-4f f0-3f)
36.035: (move f1-3f f0-3f)
36.058: (move f5-2f f6-2f)
36.068: (move f5-4f f6-4f)
36.114: (move f2-4f f2-3f)
36.121: (move f2-3f f3-3f)
36.121: (move f4-2f f4-1f)
36.126: (move f1-3f f2-3f)
36.138: (move f5-1f f4-1f)
36.145: (move f1-3f f1-2f)
36.154: (move f2-4f f3-4f)
36.159: (move f3-3f f3-4f)
36.167: (move f8-3f f8-2f)
36.168: (move f7-2f f8-2f)
36.192: (move f2-2f f2-1f)
36.197: (move f3-1f f2-1f)
36.218: (move f4-2f f4-1f)
36.221: (move f5-1f f4-1f)
36.226: (move f7-3f f8-3f)
36.278: (move f7-1f f8-1f)
36.289: (move f7-2f f6-2f)
36.312: (move f5-2f f5-1f)
36.313: (move f6-1f f5-1f)
36.314: (move f5-4f f5-5f)
36.316: (move f4-5f f5-5f)
36.341: (putdown f3-1f key0-0)
36.352: (move f6-2f f5-2f)
36.374: (move f7-3f f7-4f)
36.377: (move f0-5f f1-5f)
36.379: (move f5-2f f5-1f)
36.383: (move f6-1f f5-1f)
36.393: (move f3-2f f2-2f)
36.393: (move f2-1f f2-2f)
36.394: (move f3-2f f2-2f)
36.405: (move f2-1f f1-1f)
36.410: (move f3-5f f4-5f)
36.414: (move f2-4f f2-5f)
36.419: (move f2-3f f2-4f)
36.422: (move f2-4f f2-5f)
36.423: (move f4-4f f4-5f)
36.427: (move f6-1f f6-2f)
36.430: (move f1-4f f2-4f)
36.431: (move f5-2f f6-2f)
36.435: (move f3-2f f2-2f)
36.461: (move f4-4f f5-4f)
36.504: (unlock f7-3f f6-3f key2-4 shape2)
36.516: (move f5-2f f5-1f)
36.518: (move f7-2f f7-1f)
36.520: (move f6-1f f5-1f)
36.526: (move f4-0f f3-0f)
36.538: (move f3-1f f3-0f)
36.567: (move f7-2f f7-3f)
36.595: (move f6-2f f6-1f)
36.641: (move f2-1f f1-1f)
36.642: (move f4-1f f4-0f)
36.647: (move f6-1f f7-1f)
36.673: (move f0-5f f0-4f)
36.754: (move f6-5f f6-6f)
36.764: (move f5-2f f4-2f)
36.776: (move f3-2f f3-3f)
36.787: (move f3-0f f2-0f)
36.817: (move f2-1f f2-0f)
36.831: (move f5-2f f4-2f)
36.844: (move f4-0f f3-0f)
36.853: (move f3-1f f3-0f)
36.865: (move f3-3f f3-4f)
36.883: (move f0-5f f0-6f)
36.934: (move f6-1f f7-1f)
36.944: (move f7-2f f7-1f)
36.944: (unlock f6-4f f6-3f key2-4 shape2)
36.946: (move f7-4f f6-4f)
36.948: (move f6-3f f6-4f)
36.964: (move f5-2f f4-2f)
36.968: (move f1-2f f0-2f)
36.984: (move f0-3f f0-2f)
37.011: (unlock f6-4f f6-3f key2-4 shape2)
37.015: (pickup f3-5f key0-4)
37.023: (move f6-3f f6-4f)
37.032: (move f7-4f f6-4f)
37.044: (move f4-1f f4-0f)
37.051: (move f1-1f f1-0f)
37.054: (move f3-0f f4-0f)
37.061: (move f3-0f f2-0f)
37.062: (move f4-1f f4-0f)
37.062: (move f2-1f f2-0f)
37.090: (move f7-5f f6-5f)
37.094: (move f7-4f f8-4f)
37.094: (move f8-3f f8-4f)
37.097: (move f6-4f f6-5f)
30.148: (move f2-5f f2-4f)
30.149: (move f1-4f f2-4f)
30.406: (move f1-5f f1-4f)
30.406: (move f0-4f f1-4f)
30.421: (move f1-5f f2-5f)
30.429: (move f1-5f f1-6f)
30.430: (move f0-6f f1-6f)
30.549: (pickup-and-loose f0-5f key2-4 key1-1)
30.710: (move f0-3f f0-2f)
30.731: (move f0-6f f0-7f)
30.828: (move f0-3f f1-3f)
30.828: (move f1-4f f1-3f)
30.947: (move f0-4f f0-3f)
30.949: (pickup f0-5f key2-4)
31.162: (move f2-5f f3-5f)
31.290: (move f3-1f f3-2f)
31.293: (move f3-2f f2-2f)
31.294: (move f2-1f f2-2f)
31.329: (move f3-1f f2-1f)
31.350: (move f2-1f f1-1f)
31.396: (move f4-1f f5-1f)
31.404: (move f3-1f f4-1f)
31.796: (move f3-2f f3-3f)
31.826: (move f2-1f f2-0f)
31.827: (move f3-0f f2-0f)
31.841: (move f4-1f f4-0f)
31.841: (move f3-0f f4-0f)
31.844: (move f3-1f f3-0f)
31.873: (move f3-2f f4-2f)
31.874: (move f4-1f f4-2f)
32.205: (move f2-5f f2-6f)
32.495: (putdown f0-7f key2-4)
32.660: (move f0-7f f0-8f)
32.814: (move f0-7f f1-7f)
32.823: (pickup-and-loose f0-6f key1-1 key2-4)
32.923: (move f0-6f f0-5f)
32.976: (move f2-3f f2-2f)
32.977: (putdown f0-6f key2-4)
32.978: (move f1-2f f2-2f)
33.142: (move f1-2f f1-1f)
33.149: (move f0-6f f0-7f)
33.246: (move f0-6f f0-5f)
33.308: (pickup-and-loose f0-5f key0-1 key1-1)
33.308: (pickup-and-loose f0-5f key0-3 key1-1)
33.397: (move f0-6f f0-5f)
33.398: (move f0-6f f0-5f)
33.427: (move f1-3f f1-4f)
33.428: (move f0-6f f0-7f)
33.431: (move f0-6f f0-5f)
33.455: (move f0-3f f0-4f)
33.455: (move f1-4f f0-4f)
33.508: (move f1-4f f1-5f)
33.520: (putdown f3-0f key2-0)
33.541: (putdown f2-1f key2-0)
33.578: (putdown f3-2f key2-0)
33.603: (move f2-3f f3-3f)
33.605: (pickup f0-5f key0-3)
33.605: (pickup f0-5f key0-1)
33.613: (putdown f4-1f key2-0)
33.797: (move f0-6f f0-5f)
33.798: (move f0-6f f0-5f)
33.801: (putdown f0-5f key1-1)
33.827: (move f1-5f f0-5f)
33.832: (move f1-5f f0-5f)
33.840: (move f3-2f f3-1f)
33.841: (move f2-1f f3-1f)
33.872: (move f0-4f f0-5f)
33.872: (move f0-4f f0-5f)
33.961: (move f1-5f f0-5f)
33.961: (move f0-4f f0-5f)
34.094: (move f1-3f f0-3f)
34.112: (move f1-5f f1-6f)
34.112: (move f0-6f f1-6f)
34.112: (move f0-6f f1-6f)
34.112: (move f1-5f f1-6f)
34.136: (move f1-3f f2-3f)
34.152: (move f1-3f f1-2f)
34.297: (move f6-2f f7-2f)
34.371: (move f2-3f f2-4f)
34.372: (move f1-4f f2-4f)
34.434: (putdown f0-3f key2-4)
34.438: (move f0-6f f1-6f)
34.528: (putdown f1-4f key2-4)
34.596: (putdown f2-5f key2-4)
34.618: (move f1-4f f1-3f)
34.628: (move f0-3f f1-3f)
34.696: (pickup-and-loose f0-6f key1-1 key0-3)
34.696: (pickup-and-loose f0-6f key1-1 key0-1)
34.706: (putdown f1-5f key2-4)
34.709: (putdown f0-4f key2-4)
34.738: (move f3-2f f3-1f)
34.756: (putdown f0-6f key0-1)
34.756: (putdown f0-6f key0-3)
34.757: (move f3-2f f3-1f)
34.758: (move f4-1f f3-1f)
34.807: (move f0-5f f0-4f)
34.808: (move f0-6f f0-7f)
34.808: (move f0-6f f0-7f)
34.831: (move f0-5f f1-5f)
34.839: (move f0-6f f0-7f)
34.843: (move f0-6f f0-7f)
34.854: (move f3-2f f3-1f)
34.856: (move f5-1f f6-1f)
34.857: (move f6-2f f6-1f)
34.857: (move f4-1f f3-1f)
34.881: (putdown f1-5f key0-3)
34.881: (putdown f1-5f key0-1)
34.886: (move f0-4f f1-4f)
34.887: (move f1-5f f1-4f)
34.887: (move f1-5f f1-4f)
34.888: (move f0-4f f1-4f)
34.924: (move f0-3f f0-2f)
34.929: (move f1-2f f0-2f)
34.945: (move f2-3f f2-2f)
34.945: (move f1-2f f2-2f)
34.976: (move f3-2f f3-1f)
34.982: (move f4-1f f3-1f)
35.043: (move f1-5f f2-5f)
35.043: (move f1-5f f2-5f)
35.076: (move f1-2f f1-1f)
35.104: (move f5-2f f5-1f)
35.111: (move f4-1f f5-1f)
35.144: (move f0-6f f0-7f)
35.145: (move f0-6f f0-7f)
35.163: (move f7-1f f7-2f)
35.170: (move f0-6f f0-7f)
35.174: (move f6-2f f7-2f)
35.179: (move f3-3f f3-2f)
35.215: (move f6-4f f7-4f)
35.227: (move f1-1f f2-1f)
35.299: (move f6-2f f7-2f)
35.311: (putdown f0-4f key0-1)
35.313: (putdown f0-4f key0-3)
35.330: (move f7-3f f7-2f)
35.336: (move f6-2f f7-2f)
35.355: (move f0-3f f0-4f)
35.362: (move f1-4f f0-4f)
35.396: (move f7-3f f6-3f)
35.399: (pickup-and-loose f3-1f key2-0 key0-0)
35.406: (move f6-2f f6-3f)
35.414: (move f1-4f f1-5f)
35.422: (putdown f1-4f key0-3)
35.422: (putdown f1-4f key0-1)
35.425: (move f6-2f f6-3f)
35.442: (move f1-5f f1-4f)
35.467: (move f3-0f f4-0f)
35.468: (move f4-1f f4-0f)
35.503: (move f0-4f f1-4f)
35.503: (move f0-4f f1-4f)
35.518: (move f1-5f f1-4f)
35.518: (move f1-5f f1-4f)
35.527: (move f0-4f f0-3f)
35.527: (move f0-4f f0-3f)
35.534: (move f2-3f f2-2f)
35.534: (move f1-2f f2-2f)
35.547: (putdown f0-7f key0-3)
35.547: (putdown f0-7f key0-1)
35.559: (move f2-3f f3-3f)
35.588: (unlock f6-1f f7-1f key2-4 shape2)
35.589: (move f7-1f f6-1f)
35.607: (move f6-2f f6-1f)
35.613: (move f2-1f f2-0f)
35.618: (move f1-0f f2-0f)
35.657: (move f0-5f f0-6f)
35.658: (unlock f6-2f f6-3f key2-4 shape2)
35.693: (move f2-4f f2-5f)
35.696: (putdown f2-5f key0-1)
35.699: (putdown f2-5f key0-3)
35.702: (move f1-5f f2-5f)
35.710: (pickup f6-4f key3-3)
35.730: (move f2-2f f2-1f)
35.736: (move f3-1f f2-1f)
35.747: (move f3-2f f4-2f)
35.757: (move f1-5f f2-5f)
35.758: (move f1-5f f2-5f)
35.762: (putdown f0-7f key1-1)
35.764: (move f1-2f f1-1f)
35.798: (move f4-2f f3-2f)
35.806: (unlock f6-2f f6-3f key2-4 shape2)
35.807: (move f7-2f f8-2f)
35.818: (move f8-1f f8-2f)
35.830: (move f4-2f f3-2f)
35.842: (move f0-4f f1-4f)
35.850: (move f6-2f f6-1f)
35.888: (move f1-5f f1-4f)
35.891: (move f8-2f f8-3f)
35.892: (move f7-3f f8-3f)
35.904: (move f1-4f f2-4f)
35.904: (move f2-5f f2-4f)
35.905: (move f1-4f f2-4f)
35.907: (move f2-5f f2-4f)
35.928: (move f3-2f f2-2f)
35.936: (move f1-5f f2-5f)
35.948: (move f6-2f f5-2f)
35.969: (move f3-2f f2-2f)
35.994: (pickup f6-2f key1-4)
36.004: (putdown f0-3f key0-3)
36.005: (putdown f0-3f key0-1)
36.009: (move f4-2f f3-2f)
36.019: (move f7-3f f7-4f)
29.840: (move f2-4f f3-4f)
29.840: (move f3-5f f3-4f)
29.852: (move f2-4f f2-3f)
29.853: (move f1-3f f2-3f)
29.869: (move f0-2f f1-2f)
29.869: (move f1-3f f1-2f)
30.213: (move f2-5f f2-4f)
30.214: (move f1-4f f2-4f)
30.280: (move f3-5f f4-5f)
30.327: (move f5-1f f6-1f)
30.592: (pickup-and-loose f0-5f key2-4 key1-1)
30.685: (move f5-1f f5-2f)
30.686: (move f4-2f f5-2f)
30.749: (pickup-and-loose f0-5f key2-4 key1-1)
30.749: (pickup-and-loose f0-5f key2-4 key1-1)
30.804: (move f0-3f f0-2f)
30.857: (move f0-2f f0-1f)
30.878: (pickup f0-5f key2-4)
30.901: (move f1-4f f1-3f)
30.902: (move f0-3f f1-3f)
30.945: (move f0-5f f0-4f)
30.967: (pickup f0-5f key2-4)
30.968: (pickup f0-5f key2-4)
30.979: (move f0-5f f1-5f)
31.119: (move f0-5f f0-4f)
31.141: (pickup f0-5f key2-4)
31.141: (pickup f0-5f key2-4)
31.169: (pickup f0-5f key2-4)
31.169: (pickup f0-5f key2-4)
31.186: (move f0-5f f1-5f)
31.233: (move f2-5f f3-5f)
31.364: (move f2-5f f2-6f)
31.365: (move f1-6f f2-6f)
31.375: (move f2-1f f2-2f)
31.376: (move f3-2f f2-2f)
31.408: (move f3-3f f3-4f)
31.431: (move f2-1f f1-1f)
31.451: (move f3-3f f2-3f)
31.452: (move f2-2f f2-3f)
31.469: (move f1-1f f1-2f)
31.470: (move f2-2f f1-2f)
31.472: (move f4-1f f5-1f)
31.486: (pickup f3-1f key2-0)
31.873: (move f3-2f f3-3f)
31.907: (move f2-1f f2-0f)
31.908: (move f3-0f f2-0f)
31.919: (move f4-1f f4-0f)
31.920: (move f3-0f f4-0f)
31.951: (move f3-2f f4-2f)
31.951: (move f4-1f f4-2f)
32.019: (move f5-1f f5-0f)
32.023: (move f4-0f f5-0f)
32.098: (move f0-5f f0-6f)
32.260: (move f0-5f f0-6f)
32.354: (move f1-6f f1-7f)
32.355: (move f0-7f f1-7f)
32.360: (move f1-1f f1-0f)
32.365: (move f2-0f f1-0f)
32.380: (move f1-5f f0-5f)
32.381: (move f0-4f f0-5f)
32.406: (move f1-1f f0-1f)
32.544: (putdown f0-7f key2-4)
32.692: (pickup-and-loose f1-3f key3-0 key2-4)
32.743: (move f0-6f f1-6f)
32.759: (move f0-7f f0-8f)
32.791: (move f3-3f f3-2f)
32.795: (move f2-2f f3-2f)
32.816: (pickup-and-loose f3-5f key0-4 key2-4)
32.857: (move f1-1f f2-1f)
32.857: (move f2-2f f2-1f)
32.870: (pickup-and-loose f0-5f key0-1 key1-1)
32.870: (pickup-and-loose f0-5f key0-3 key1-1)
32.993: (move f1-4f f1-5f)
33.021: (move f0-6f f0-5f)
33.027: (move f0-6f f1-6f)
33.031: (putdown f0-5f key1-1)
33.035: (move f2-3f f2-2f)
33.035: (move f1-2f f2-2f)
33.083: (pickup f0-5f key0-3)
33.083: (pickup f0-5f key0-1)
33.203: (move f1-2f f1-1f)
33.250: (pickup f0-5f key0-1)
33.251: (pickup f0-5f key0-3)
33.272: (putdown f0-8f key2-4)
33.289: (move f0-6f f0-7f)
33.290: (pickup f0-5f key0-1)
33.290: (pickup f0-5f key0-3)
33.301: (pickup-and-loose f0-5f key0-3 key1-1)
33.302: (pickup-and-loose f0-5f key0-1 key1-1)
33.326: (pickup f0-5f key0-1)
33.326: (pickup f0-5f key0-3)
33.341: (move f0-6f f0-5f)
33.343: (pickup-and-loose f0-5f key0-3 key1-1)
33.343: (pickup-and-loose f0-5f key0-1 key1-1)
33.432: (move f0-6f f0-5f)
33.432: (move f0-6f f0-5f)
33.442: (pickup f0-5f key0-3)
33.442: (pickup f0-5f key0-1)
33.472: (putdown f2-2f key2-0)
33.489: (move f1-4f f0-4f)
33.491: (move f0-3f f0-4f)
33.524: (putdown f1-7f key2-4)
33.558: (move f0-6f f0-7f)
33.568: (putdown f3-3f key2-0)
33.571: (putdown f2-0f key2-0)
33.580: (putdown f4-0f key2-0)
33.592: (putdown f1-6f key2-4)
33.593: (putdown f0-7f key1-1)
33.597: (putdown f3-0f key2-0)
33.619: (putdown f2-1f key2-0)
33.624: (putdown f1-1f key2-0)
33.654: (putdown f4-2f key2-0)
33.656: (putdown f3-2f key2-0)
33.680: (move f2-3f f3-3f)
33.681: (move f1-5f f2-5f)
33.683: (move f2-4f f2-5f)
33.692: (putdown f4-1f key2-0)
33.783: (move f3-2f f3-1f)
33.783: (move f2-1f f3-1f)
33.813: (putdown f0-5f key1-1)
33.813: (putdown f0-5f key1-1)
33.818: (putdown f5-1f key2-0)
33.835: (move f0-6f f0-5f)
33.835: (move f0-6f f0-5f)
33.836: (putdown f0-5f key1-1)
33.898: (move f0-4f f0-5f)
33.902: (move f0-4f f0-5f)
33.925: (move f1-5f f0-5f)
33.925: (move f1-5f f0-5f)
33.927: (move f1-5f f0-5f)
33.927: (move f0-4f f0-5f)
34.077: (move f6-2f f7-2f)
34.090: (move f3-3f f3-4f)
34.096: (move f2-4f f3-4f)
34.194: (move f0-6f f1-6f)
34.195: (move f0-6f f1-6f)
34.266: (move f0-5f f0-4f)
34.287: (move f0-7f f0-6f)
34.331: (move f0-5f f1-5f)
34.334: (move f1-6f f1-5f)
34.370: (move f0-5f f1-5f)
34.426: (move f1-4f f2-4f)
34.427: (move f2-3f f2-4f)
34.432: (move f3-0f f3-1f)
34.445: (putdown f2-4f key2-4)
34.447: (putdown f1-3f key2-4)
34.458: (putdown f0-2f key2-4)
34.482: (putdown f3-5f key2-4)
34.492: (move f0-6f f1-6f)
34.495: (move f0-6f f1-6f)
34.521: (putdown f0-3f key2-4)
34.555: (putdown f1-6f key0-3)
34.555: (putdown f1-6f key0-1)
34.571: (putdown f1-4f key2-4)
34.607: (putdown f2-5f key2-4)
34.616: (move f3-2f f2-2f)
34.642: (move f2-1f f2-2f)
34.643: (move f3-2f f3-1f)
34.664: (move f2-1f f3-1f)
34.670: (move f4-1f f3-1f)
34.700: (putdown f1-6f key1-1)
34.706: (move f6-2f f6-1f)
34.739: (move f0-5f f0-4f)
34.739: (move f0-5f f0-4f)
34.745: (move f2-1f f1-1f)
34.749: (move f1-4f f1-3f)
34.750: (move f0-5f f1-5f)
34.759: (move f4-1f f5-1f)
34.759: (move f0-5f f1-5f)
34.764: (move f3-3f f3-2f)
34.777: (move f6-4f f7-4f)
34.779: (move f2-2f f3-2f)
34.794: (move f1-5f f1-6f)
34.796: (move f1-5f f1-6f)
34.808: (move f0-5f f0-4f)
34.815: (move f2-2f f2-1f)
34.816: (move f1-1f f2-1f)
34.820: (putdown f2-6f key2-4)
34.833: (move f0-5f f0-4f)
34.849: (move f3-0f f2-0f)
34.854: (move f0-5f f0-4f)
34.856: (move f0-5f f0-4f)
34.897: (move f0-6f f0-7f)
34.897: (move f0-6f f0-7f)
34.898: (move f3-0f f4-0f)
34.901: (move f0-5f f1-5f)
34.904: (move f0-5f f1-5f)
34.912: (move f0-5f f1-5f)
34.918: (move f3-2f f3-1f)
34.923: (move f3-2f f3-1f)
34.940: (move f5-1f f6-1f)
34.982: (move f6-2f f5-2f)
34.982: (move f0-3f f0-2f)
34.983: (move f1-2f f0-2f)
34.989: (move f0-5f f0-4f)
34.989: (move f0-5f f0-4f)
35.010: (move f1-5f f1-4f)
35.011: (move f1-1f f1-0f)
35.016: (move f0-4f f1-4f)
35.016: (move f3-2f f3-3f)
28.813: (move f1-2f f2-2f)
28.813: (move f2-3f f2-2f)
28.923: (move f1-2f f1-1f)
28.924: (move f0-1f f1-1f)
29.380: (move f2-3f f3-3f)
29.380: (move f3-4f f3-3f)
29.929: (move f2-4f f3-4f)
29.933: (move f3-5f f3-4f)
29.940: (move f2-4f f2-3f)
29.942: (move f1-3f f2-3f)
29.958: (move f1-3f f1-2f)
29.958: (move f0-2f f1-2f)
30.270: (move f4-5f f5-5f)
30.371: (move f3-5f f4-5f)
30.383: (move f0-4f f1-4f)
30.388: (unlock f0-1f f0-0f key2-4 shape2)
30.388: (move f1-5f f1-4f)
30.392: (move f0-5f f1-5f)
30.404: (move f5-1f f6-1f)
30.470: (move f1-5f f2-5f)
30.564: (move f1-5f f1-4f)
30.566: (move f0-4f f1-4f)
30.608: (move f1-5f f2-5f)
30.754: (move f4-2f f5-2f)
30.755: (move f5-1f f5-2f)
30.787: (move f0-6f f0-7f)
30.820: (pickup-and-loose f0-5f key2-4 key1-1)
30.822: (pickup-and-loose f0-5f key2-4 key1-1)
30.835: (move f4-5f f4-4f)
30.836: (move f3-4f f4-4f)
30.865: (move f0-4f f0-3f)
30.915: (pickup f0-5f key2-4)
30.951: (move f0-2f f0-1f)
30.992: (move f0-5f f0-4f)
31.007: (move f0-5f f0-4f)
31.007: (move f0-5f f0-4f)
31.038: (move f0-4f f0-3f)
31.040: (pickup f0-5f key2-4)
31.040: (pickup f0-5f key2-4)
31.075: (move f0-5f f1-5f)
31.075: (move f0-5f f1-5f)
31.091: (move f0-5f f0-4f)
31.154: (move f0-5f f0-4f)
31.155: (move f0-5f f0-4f)
31.156: (move f0-5f f1-5f)
31.156: (move f0-5f f1-5f)
31.156: (move f0-5f f1-5f)
31.175: (move f0-5f f0-4f)
31.175: (move f0-5f f0-4f)
31.196: (move f0-5f f0-4f)
31.196: (move f0-5f f0-4f)
31.219: (move f5-2f f6-2f)
31.221: (move f6-1f f6-2f)
31.227: (move f0-5f f1-5f)
31.229: (move f0-5f f1-5f)
31.243: (pickup f0-5f key2-4)
31.243: (pickup f0-5f key2-4)
31.247: (move f0-6f f0-7f)
31.267: (pickup f0-5f key2-4)
31.267: (pickup f0-5f key2-4)
31.279: (move f0-5f f1-5f)
31.279: (move f0-5f f1-5f)
31.287: (pickup f0-5f key2-0)
31.352: (move f3-4f f2-4f)
31.353: (move f2-3f f2-4f)
31.382: (move f4-5f f4-6f)
31.460: (pickup f3-1f key2-0)
31.470: (move f6-1f f7-1f)
31.492: (move f3-3f f3-4f)
31.530: (move f2-2f f2-3f)
31.542: (move f3-3f f2-3f)
31.545: (move f2-2f f1-2f)
31.548: (move f1-1f f1-2f)
31.562: (move f3-1f f4-1f)
31.722: (move f0-5f f0-6f)
31.732: (move f3-2f f3-1f)
31.732: (move f2-1f f3-1f)
31.806: (move f0-5f f0-6f)
31.807: (move f0-5f f0-6f)
31.896: (unlock f1-0f f0-0f key2-0 shape2)
31.923: (move f1-2f f0-2f)
31.930: (move f0-1f f0-2f)
31.936: (unlock f0-1f f0-0f key2-0 shape2)
31.938: (pickup f0-5f key0-1)
31.938: (pickup f0-5f key0-3)
31.962: (move f3-1f f3-2f)
31.992: (move f3-1f f2-1f)
32.002: (move f2-3f f1-3f)
32.002: (move f1-2f f1-3f)
32.004: (move f3-1f f3-0f)
32.015: (move f0-5f f0-6f)
32.015: (move f0-5f f0-6f)
32.051: (move f3-4f f4-4f)
32.088: (move f4-0f f5-0f)
32.094: (move f0-5f f0-6f)
32.097: (move f5-1f f5-0f)
32.185: (move f0-5f f0-6f)
32.185: (move f0-5f f0-6f)
32.202: (move f0-5f f0-6f)
32.203: (move f0-5f f0-6f)
32.360: (putdown f6-1f key2-0)
32.363: (move f3-4f f3-5f)
32.413: (move f1-5f f0-5f)
32.419: (move f0-6f f0-5f)
32.428: (move f0-4f f0-5f)
32.438: (move f2-0f f1-0f)
32.443: (move f1-1f f1-0f)
32.472: (move f5-0f f6-0f)
32.479: (move f6-1f f6-0f)
32.486: (move f1-1f f0-1f)
32.567: (move f5-2f f5-3f)
32.613: (putdown f5-2f key2-0)
32.664: (move f0-5f f0-6f)
32.666: (move f0-5f f0-6f)
32.819: (move f1-5f f1-6f)
32.835: (pickup-and-loose f1-3f key3-0 key2-4)
32.863: (move f2-2f f3-2f)
32.863: (move f0-5f f0-6f)
32.867: (move f0-5f f0-6f)
32.870: (move f3-3f f3-2f)
32.876: (pickup-and-loose f3-5f key0-4 key2-4)
32.922: (move f2-2f f2-1f)
32.924: (move f1-1f f2-1f)
32.947: (pickup-and-loose f0-5f key0-1 key1-1)
32.947: (pickup-and-loose f0-5f key0-3 key1-1)
33.066: (move f3-5f f3-4f)
33.112: (putdown f0-5f key1-1)
33.139: (putdown f1-6f key1-1)
33.175: (pickup f0-5f key0-1)
33.175: (pickup f0-5f key0-3)
33.185: (move f1-3f f2-3f)
33.207: (move f1-3f f1-2f)
33.234: (move f0-8f f0-7f)
33.296: (pickup f0-5f key0-3)
33.296: (pickup-and-loose f0-6f key1-1 key2-4)
33.296: (pickup f0-5f key0-1)
33.317: (move f0-5f f0-6f)
33.319: (putdown f0-6f key2-4)
33.352: (pickup-and-loose f0-5f key0-1 key1-1)
33.352: (pickup-and-loose f0-5f key0-3 key1-1)
33.359: (move f1-7f f0-7f)
33.368: (putdown f1-7f key2-4)
33.372: (move f5-1f f6-1f)
33.373: (pickup f0-5f key0-1)
33.375: (putdown f0-8f key2-4)
33.375: (pickup f0-5f key0-3)
33.387: (pickup f0-5f key0-1)
33.387: (pickup f0-5f key0-3)
33.428: (pickup f0-5f key0-3)
33.428: (pickup f0-5f key0-1)
33.465: (putdown f0-6f key2-4)
33.492: (move f0-7f f0-6f)
33.506: (move f2-1f f2-0f)
33.511: (putdown f1-2f key2-0)
33.519: (move f1-0f f2-0f)
33.544: (putdown f2-3f key2-0)
33.551: (putdown f2-2f key2-0)
33.573: (move f3-5f f4-5f)
33.592: (putdown f3-4f key2-0)
33.593: (putdown f1-0f key2-0)
33.607: (putdown f5-0f key2-0)
33.616: (putdown f0-1f key2-0)
33.619: (move f1-5f f2-5f)
33.624: (move f2-4f f2-5f)
33.626: (move f2-1f f3-1f)
33.626: (move f3-2f f3-1f)
33.642: (putdown f2-0f key2-0)
33.644: (putdown f3-3f key2-0)
33.648: (move f3-5f f2-5f)
33.654: (move f0-5f f0-6f)
33.656: (putdown f4-0f key2-0)
33.698: (putdown f1-1f key2-0)
33.711: (move f3-2f f4-2f)
33.719: (putdown f4-2f key2-0)
33.727: (move f1-6f f1-5f)
33.728: (move f0-5f f1-5f)
33.738: (move f4-2f f5-2f)
33.755: (putdown f0-7f key1-1)
33.782: (move f5-1f f6-1f)
33.787: (move f1-3f f1-4f)
33.810: (move f5-1f f5-2f)
33.860: (putdown f0-5f key1-1)
33.863: (putdown f0-5f key1-1)
33.885: (move f0-7f f0-6f)
33.887: (putdown f5-1f key2-0)
34.070: (move f5-1f f5-2f)
34.110: (putdown f7-2f key1-4)
34.170: (move f2-4f f3-4f)
34.176: (move f3-3f f3-4f)
34.180: (move f0-5f f0-4f)
34.182: (move f0-5f f0-4f)
34.256: (pickup f0-6f key1-1)
34.265: (move f1-3f f0-3f)
34.267: (move f0-5f f1-5f)
34.267: (move f0-5f f1-5f)
34.270: (move f0-5f f1-5f)
34.274: (putdown f1-2f key2-4)
34.276: (move f1-6f f1-5f)
34.292: (move f0-5f f1-5f)
34.294: (move f0-5f f1-5f)
28.614: (move f3-3f f3-2f)
28.614: (move f2-2f f3-2f)
28.662: (move f2-2f f2-1f)
28.662: (move f1-1f f2-1f)
28.892: (move f0-1f f1-1f)
28.906: (move f2-3f f2-2f)
28.906: (move f1-2f f2-2f)
29.015: (move f0-1f f1-1f)
29.017: (move f1-2f f1-1f)
29.339: (pickup f3-1f key0-0)
29.472: (move f3-4f f3-3f)
29.473: (move f2-3f f3-3f)
29.496: (move f7-1f f7-2f)
29.501: (move f6-2f f7-2f)
30.095: (move f1-4f f2-4f)
30.096: (move f2-5f f2-4f)
30.304: (move f0-6f f1-6f)
30.305: (move f1-5f f1-6f)
30.361: (move f1-4f f2-4f)
30.361: (move f2-5f f2-4f)
30.363: (move f1-5f f1-4f)
30.363: (move f4-5f f5-5f)
30.369: (move f0-4f f1-4f)
30.392: (move f1-5f f2-5f)
30.400: (move f4-4f f5-4f)
30.400: (move f5-5f f5-4f)
30.423: (move f1-5f f1-4f)
30.424: (move f1-5f f1-4f)
30.425: (move f0-4f f1-4f)
30.426: (move f0-4f f1-4f)
30.437: (move f5-5f f6-5f)
30.459: (move f2-4f f1-4f)
30.460: (move f1-3f f1-4f)
30.467: (move f7-1f f8-1f)
30.481: (unlock f0-1f f0-0f key2-4 shape2)
30.487: (move f1-5f f2-5f)
30.489: (move f1-5f f2-5f)
30.491: (move f4-6f f5-6f)
30.497: (move f5-5f f5-6f)
30.512: (move f0-4f f1-4f)
30.512: (move f0-4f f1-4f)
30.514: (move f1-5f f1-4f)
30.515: (move f1-5f f1-4f)
30.520: (move f0-5f f1-5f)
30.520: (move f0-5f f1-5f)
30.525: (move f1-5f f1-4f)
30.532: (move f0-4f f1-4f)
30.561: (move f1-5f f2-5f)
30.588: (move f1-5f f2-5f)
30.588: (move f1-5f f2-5f)
30.604: (move f1-5f f2-5f)
30.604: (move f1-5f f2-5f)
30.662: (move f0-1f f0-2f)
30.668: (move f0-3f f0-2f)
30.668: (move f0-5f f1-5f)
30.668: (move f0-5f f1-5f)
30.671: (move f0-6f f0-7f)
30.671: (move f0-6f f0-7f)
30.679: (move f0-6f f0-7f)
30.679: (move f0-6f f0-7f)
30.706: (move f2-4f f2-5f)
30.706: (move f3-5f f2-5f)
30.726: (move f0-5f f1-5f)
30.728: (move f0-5f f1-5f)
30.741: (move f0-6f f0-7f)
30.741: (move f0-6f f0-7f)
30.753: (move f0-6f f0-7f)
30.760: (move f0-4f f1-4f)
30.760: (move f0-4f f1-4f)
30.761: (move f1-5f f1-4f)
30.761: (move f1-5f f1-4f)
30.766: (move f0-4f f1-4f)
30.766: (move f0-4f f1-4f)
30.768: (move f0-6f f0-7f)
30.768: (move f0-6f f0-7f)
30.770: (move f1-5f f1-4f)
30.771: (move f1-5f f1-4f)
30.771: (move f0-5f f1-5f)
30.771: (move f0-5f f1-5f)
30.775: (move f1-4f f1-3f)
30.778: (move f0-3f f1-3f)
30.781: (pickup-and-loose f6-2f key1-4 key2-0)
30.781: (unlock f6-2f f6-3f key2-0 shape2)
30.799: (move f0-6f f0-7f)
30.808: (move f1-1f f1-0f)
30.845: (move f1-5f f2-5f)
30.845: (move f1-5f f2-5f)
30.892: (move f0-4f f0-3f)
30.892: (move f0-4f f0-3f)
30.916: (move f0-3f f0-2f)
30.923: (move f0-4f f0-3f)
30.927: (move f4-5f f4-4f)
30.928: (move f3-4f f4-4f)
30.957: (putdown f6-2f key2-0)
30.978: (move f0-4f f0-3f)
30.978: (move f0-4f f0-3f)
30.985: (move f0-3f f1-3f)
30.988: (move f0-4f f0-3f)
30.988: (move f0-4f f0-3f)
30.989: (move f1-4f f1-3f)
31.002: (move f0-4f f0-3f)
31.058: (move f0-2f f0-3f)
31.066: (move f1-3f f0-3f)
31.069: (move f0-5f f0-4f)
31.069: (move f0-5f f0-4f)
31.107: (move f2-5f f3-5f)
31.133: (move f0-5f f0-4f)
31.138: (putdown f7-1f key2-0)
31.196: (move f0-1f f0-0f)
31.198: (move f0-5f f1-5f)
31.200: (move f0-4f f0-3f)
31.200: (move f0-4f f0-3f)
31.223: (move f0-5f f0-4f)
31.223: (move f0-5f f0-4f)
31.246: (move f0-5f f0-4f)
31.248: (move f0-5f f0-4f)
31.283: (move f0-5f f0-4f)
31.283: (move f0-5f f0-4f)
31.289: (move f2-5f f3-5f)
31.300: (move f5-2f f6-2f)
31.301: (move f6-1f f6-2f)
31.316: (move f0-1f f1-1f)
31.316: (move f1-0f f1-1f)
31.332: (pickup f3-1f key2-0)
31.364: (pickup f0-5f key2-0)
31.415: (unlock f3-2f f2-2f key2-0 shape2)
31.431: (move f2-3f f2-4f)
31.431: (move f3-4f f2-4f)
31.440: (move f0-5f f0-4f)
31.443: (unlock f5-3f f6-3f key2-0 shape2)
31.453: (unlock f2-1f f2-2f key2-0 shape2)
31.457: (move f0-5f f0-6f)
31.457: (move f0-5f f0-6f)
31.484: (move f4-5f f4-6f)
31.505: (move f0-5f f1-5f)
31.513: (move f3-1f f4-1f)
31.533: (move f4-4f f4-5f)
31.534: (move f3-5f f4-5f)
31.548: (move f6-1f f7-1f)
31.599: (move f4-1f f5-1f)
31.601: (move f4-4f f5-4f)
31.603: (move f5-3f f5-4f)
31.615: (move f2-1f f1-1f)
31.676: (move f0-5f f0-6f)
31.677: (move f0-5f f0-6f)
31.741: (move f0-6f f1-6f)
31.776: (move f1-0f f2-0f)
31.809: (move f2-1f f3-1f)
31.812: (move f3-2f f3-1f)
31.832: (move f0-5f f0-6f)
31.833: (move f0-5f f0-6f)
31.855: (move f0-5f f0-6f)
31.856: (move f0-5f f0-6f)
31.875: (move f0-1f f0-2f)
31.911: (move f3-1f f3-2f)
31.912: (move f2-3f f2-2f)
31.913: (move f1-2f f2-2f)
31.934: (move f3-1f f2-1f)
31.954: (move f3-1f f3-0f)
31.977: (unlock f1-0f f0-0f key2-0 shape2)
31.988: (pickup f0-5f key0-3)
31.988: (pickup f0-5f key0-1)
32.003: (move f1-2f f0-2f)
32.025: (unlock f0-1f f0-0f key2-0 shape2)
32.031: (move f0-1f f0-2f)
32.032: (move f4-1f f4-0f)
32.062: (move f3-0f f4-0f)
32.073: (move f3-2f f3-3f)
32.087: (move f1-2f f1-3f)
32.087: (move f2-3f f1-3f)
32.113: (move f2-5f f2-6f)
32.118: (move f2-1f f2-0f)
32.121: (move f3-0f f2-0f)
32.131: (move f0-5f f0-6f)
32.137: (move f3-4f f4-4f)
32.165: (move f4-1f f4-2f)
32.181: (move f3-2f f4-2f)
32.188: (move f0-6f f0-5f)
32.241: (pickup f0-5f key0-3)
32.241: (pickup f0-5f key0-1)
32.302: (pickup-and-loose f1-3f key3-0 key2-0)
32.310: (move f0-6f f0-7f)
32.331: (move f2-5f f2-6f)
32.353: (move f1-2f f1-1f)
32.411: (move f1-0f f0-0f)
32.411: (move f0-1f f0-0f)
32.425: (pickup f0-6f key2-4)
32.439: (move f3-4f f3-5f)
32.440: (putdown f6-1f key2-0)
32.457: (move f0-6f f0-5f)
32.465: (move f0-5f f0-6f)
32.502: (pickup-and-loose f3-5f key0-4 key2-0)
32.511: (move f0-5f f0-6f)
32.511: (move f0-5f f0-6f)
32.558: (move f6-1f f6-0f)
32.565: (move f0-7f f0-8f)
32.573: (move f5-0f f6-0f)
32.608: (putdown f0-7f key2-4)
32.660: (move f5-2f f5-3f)
32.685: (putdown f5-2f key2-0)
27.463: (move f3-2f f3-1f)
27.464: (move f2-1f f3-1f)
28.665: (move f1-1f f2-1f)
28.706: (move f2-2f f3-2f)
28.707: (move f3-3f f3-2f)
28.754: (move f2-2f f2-1f)
28.755: (move f1-1f f2-1f)
28.985: (putdown f7-2f key2-0)
28.989: (move f0-1f f1-1f)
29.277: (move f3-1f f3-2f)
29.298: (move f2-1f f2-0f)
29.301: (move f1-0f f2-0f)
29.331: (move f3-1f f2-1f)
29.361: (move f3-2f f4-2f)
29.402: (pickup f3-1f key0-0)
29.447: (move f3-1f f4-1f)
29.549: (move f7-1f f7-2f)
29.558: (move f6-2f f7-2f)
29.565: (move f6-2f f7-2f)
29.576: (pickup-and-loose f7-2f key0-2 key2-0)
29.658: (move f6-2f f7-2f)
29.783: (move f2-4f f3-4f)
29.788: (move f3-5f f3-4f)
29.796: (move f1-3f f2-3f)
29.797: (move f2-4f f2-3f)
29.802: (move f7-1f f7-2f)
29.811: (move f0-2f f1-2f)
29.815: (move f1-3f f1-2f)
29.825: (move f6-2f f6-3f)
29.832: (move f6-5f f7-5f)
29.850: (move f5-3f f6-3f)
29.863: (move f6-2f f7-2f)
29.872: (move f1-1f f1-2f)
29.879: (move f0-2f f1-2f)
29.903: (move f3-1f f3-0f)
29.947: (move f6-5f f6-6f)
29.948: (move f5-6f f6-6f)
29.961: (move f3-5f f3-4f)
29.979: (move f2-4f f3-4f)
30.021: (move f6-5f f6-4f)
30.021: (move f5-4f f6-4f)
30.133: (move f2-5f f2-4f)
30.134: (move f1-4f f2-4f)
30.176: (move f2-5f f2-4f)
30.177: (move f2-5f f2-4f)
30.177: (move f1-4f f2-4f)
30.178: (move f1-4f f2-4f)
30.215: (move f3-5f f4-5f)
30.320: (move f0-0f f1-0f)
30.334: (move f1-4f f2-4f)
30.335: (move f2-5f f2-4f)
30.336: (move f1-1f f1-0f)
30.338: (move f1-4f f2-4f)
30.339: (move f1-4f f2-4f)
30.340: (move f2-5f f2-4f)
30.340: (move f2-5f f2-4f)
30.342: (move f2-5f f2-4f)
30.342: (move f2-5f f2-4f)
30.342: (move f1-4f f2-4f)
30.343: (unlock f1-0f f0-0f key2-4 shape2)
30.347: (move f1-4f f2-4f)
30.380: (move f3-5f f4-5f)
30.384: (move f2-5f f2-4f)
30.388: (move f2-5f f2-4f)
30.392: (move f1-4f f2-4f)
30.392: (move f1-4f f2-4f)
30.394: (move f1-4f f0-4f)
30.401: (move f0-3f f0-4f)
30.428: (move f0-4f f1-4f)
30.433: (move f0-4f f1-4f)
30.435: (move f1-5f f1-4f)
30.435: (move f1-5f f1-4f)
30.439: (move f1-4f f1-5f)
30.444: (move f2-5f f1-5f)
30.446: (move f1-5f f1-6f)
30.446: (move f1-5f f1-6f)
30.450: (move f1-5f f2-5f)
30.450: (move f1-5f f2-5f)
30.451: (move f0-6f f1-6f)
30.452: (move f0-6f f1-6f)
30.453: (move f0-6f f1-6f)
30.453: (move f0-6f f1-6f)
30.459: (move f1-5f f1-6f)
30.459: (move f1-5f f1-6f)
30.464: (move f7-2f f7-3f)
30.468: (move f1-3f f1-4f)
30.479: (move f5-1f f6-1f)
30.480: (move f2-4f f1-4f)
30.485: (move f5-5f f5-4f)
30.487: (move f6-2f f6-1f)
30.503: (move f4-4f f5-4f)
30.525: (move f1-5f f1-4f)
30.525: (move f0-4f f1-4f)
30.526: (move f0-4f f1-4f)
30.527: (move f5-5f f6-5f)
30.529: (move f1-5f f1-4f)
30.530: (move f1-5f f1-4f)
30.531: (move f0-4f f1-4f)
30.534: (move f1-3f f2-3f)
30.544: (move f0-6f f1-6f)
30.546: (move f1-3f f1-2f)
30.547: (move f0-6f f1-6f)
30.549: (move f1-5f f2-5f)
30.550: (move f1-5f f2-5f)
30.552: (move f2-4f f2-3f)
30.556: (move f1-5f f1-6f)
30.557: (move f1-5f f1-6f)
30.559: (move f1-5f f2-5f)
30.559: (move f1-5f f2-5f)
30.564: (move f7-1f f8-1f)
30.573: (move f0-2f f1-2f)
30.591: (move f4-6f f5-6f)
30.592: (move f5-5f f5-6f)
30.609: (move f1-5f f2-5f)
30.625: (move f3-5f f2-5f)
30.672: (move f2-4f f2-5f)
30.690: (pickup-and-loose f6-2f key1-4 key2-0)
30.717: (move f0-6f f0-7f)
30.717: (move f0-6f f0-7f)
30.725: (move f0-3f f0-2f)
30.733: (move f0-6f f0-7f)
30.733: (move f0-6f f0-7f)
30.736: (move f0-3f f0-2f)
30.736: (move f0-3f f0-2f)
30.757: (move f0-1f f0-2f)
30.764: (move f0-4f f1-4f)
30.764: (move f0-4f f1-4f)
30.771: (move f7-2f f8-2f)
30.773: (move f1-5f f1-4f)
30.774: (move f1-5f f1-4f)
30.774: (move f8-1f f8-2f)
30.800: (move f0-6f f1-6f)
30.800: (move f0-6f f1-6f)
30.802: (move f0-2f f0-1f)
30.807: (move f0-6f f0-7f)
30.809: (move f0-6f f0-7f)
30.809: (move f1-5f f1-6f)
30.809: (move f1-5f f1-6f)
30.810: (move f4-2f f5-2f)
30.814: (move f0-6f f0-7f)
30.814: (move f0-6f f0-7f)
30.826: (move f1-4f f1-3f)
30.829: (move f0-3f f1-3f)
30.831: (move f0-6f f0-7f)
30.845: (pickup-and-loose f6-2f key1-4 key2-0)
30.845: (move f6-2f f5-2f)
30.851: (unlock f6-2f f6-3f key2-0 shape2)
30.855: (move f0-3f f1-3f)
30.855: (move f0-3f f1-3f)
30.856: (move f0-4f f1-4f)
30.857: (move f1-4f f1-3f)
30.859: (move f1-4f f1-3f)
30.859: (move f0-4f f1-4f)
30.860: (move f5-3f f5-2f)
30.861: (putdown f6-2f key2-0)
30.863: (move f5-1f f5-2f)
30.873: (move f0-3f f0-2f)
30.873: (move f0-3f f0-2f)
30.876: (move f1-5f f1-4f)
30.876: (move f1-5f f1-4f)
30.886: (move f0-3f f0-2f)
30.890: (move f0-2f f0-3f)
30.895: (move f1-5f f1-4f)
30.897: (move f1-5f f2-5f)
30.897: (move f1-5f f2-5f)
30.897: (move f0-3f f0-2f)
30.897: (move f0-3f f0-2f)
30.901: (move f1-1f f1-0f)
30.903: (move f0-4f f1-4f)
30.941: (move f0-3f f0-2f)
30.942: (move f0-3f f0-2f)
30.956: (move f0-3f f1-3f)
30.958: (move f1-4f f1-3f)
30.959: (move f6-2f f6-1f)
30.966: (move f0-5f f1-5f)
30.971: (move f1-5f f2-5f)
30.981: (move f0-4f f0-3f)
30.986: (move f0-4f f0-3f)
30.999: (move f0-6f f0-7f)
31.002: (move f0-3f f1-3f)
31.004: (pickup-and-loose f0-7f key2-4 key1-1)
31.004: (move f0-3f f1-3f)
31.005: (move f0-2f f0-1f)
31.007: (move f0-4f f0-3f)
31.011: (move f0-3f f1-3f)
31.011: (move f0-3f f1-3f)
31.013: (move f1-4f f1-3f)
31.013: (move f1-4f f1-3f)
31.017: (move f1-4f f1-3f)
31.019: (move f1-4f f1-3f)
31.025: (move f1-4f f1-3f)
31.026: (move f1-4f f1-3f)
31.028: (move f0-3f f1-3f)
31.028: (move f0-3f f1-3f)
31.040: (move f7-1f f6-1f)
31.041: (putdown f6-2f key2-0)
31.080: (move f0-2f f0-3f)
31.082: (move f0-4f f0-3f)
31.082: (move f0-4f f0-3f)
31.082: (move f0-6f f0-5f)
27.507: (move f2-1f f3-1f)
27.557: (move f2-1f f3-1f)
27.557: (move f3-2f f3-1f)
28.738: (move f4-2f f4-1f)
28.739: (move f3-1f f4-1f)
28.758: (move f1-1f f2-1f)
28.768: (move f1-2f f2-2f)
28.768: (move f2-3f f2-2f)
28.772: (move f4-2f f5-2f)
28.843: (move f1-2f f2-2f)
28.848: (move f2-1f f2-2f)
28.851: (move f6-4f f7-4f)
28.852: (move f7-5f f7-4f)
28.865: (move f0-1f f1-1f)
28.873: (move f1-2f f1-1f)
28.978: (move f0-4f f0-5f)
28.978: (move f1-5f f0-5f)
29.018: (move f2-0f f3-0f)
29.019: (move f3-1f f3-0f)
29.060: (putdown f7-2f key2-0)
29.088: (move f0-1f f1-1f)
29.118: (move f1-2f f1-1f)
29.122: (putdown f7-2f key2-0)
29.258: (move f2-1f f2-0f)
29.259: (move f1-0f f2-0f)
29.331: (move f3-4f f3-3f)
29.332: (move f2-3f f3-3f)
29.348: (move f2-1f f2-2f)
29.348: (move f3-2f f2-2f)
29.351: (move f3-1f f3-2f)
29.374: (move f1-0f f2-0f)
29.392: (move f2-1f f2-0f)
29.404: (move f3-1f f2-1f)
29.453: (move f3-2f f4-2f)
29.462: (move f2-1f f1-1f)
29.508: (pickup-and-loose f3-1f key2-0 key2-4)
29.520: (move f3-1f f4-1f)
29.582: (move f3-4f f3-3f)
29.586: (move f2-3f f3-3f)
29.593: (putdown f7-2f key1-4)
29.605: (move f6-2f f7-2f)
29.642: (unlock f6-4f f6-3f key2-4 shape2)
29.664: (pickup-and-loose f7-2f key0-2 key2-0)
29.676: (move f6-2f f7-2f)
29.694: (move f4-1f f5-1f)
29.712: (pickup-and-loose f7-2f key0-2 key2-0)
29.720: (move f6-2f f7-2f)
29.845: (move f1-3f f2-3f)
29.850: (move f2-4f f3-4f)
29.856: (move f1-3f f2-3f)
29.860: (move f2-4f f2-3f)
29.860: (move f1-3f f2-3f)
29.862: (move f1-3f f1-2f)
29.871: (move f2-4f f3-4f)
29.871: (move f2-4f f3-4f)
29.875: (move f1-3f f1-2f)
29.876: (move f0-2f f1-2f)
29.877: (move f0-2f f1-2f)
29.878: (move f1-3f f1-2f)
29.879: (move f0-2f f1-2f)
29.884: (move f2-4f f2-3f)
29.884: (move f2-4f f2-3f)
29.912: (move f3-2f f3-3f)
29.914: (move f6-5f f7-5f)
29.919: (move f1-4f f1-5f)
29.925: (move f6-2f f6-3f)
29.932: (move f6-2f f7-2f)
29.936: (move f0-2f f1-2f)
29.939: (move f2-4f f3-4f)
29.942: (move f2-5f f1-5f)
29.942: (move f2-1f f2-0f)
29.948: (move f3-0f f2-0f)
29.961: (move f1-1f f1-2f)
29.976: (move f3-1f f3-0f)
29.979: (move f3-0f f4-0f)
29.982: (move f4-1f f4-0f)
30.003: (move f6-2f f7-2f)
30.019: (unlock f2-3f f2-2f key2-4 shape2)
30.028: (move f6-5f f6-6f)
30.029: (move f2-4f f3-4f)
30.029: (move f2-4f f3-4f)
30.030: (move f1-3f f2-3f)
30.030: (move f1-3f f2-3f)
30.033: (move f2-4f f3-4f)
30.033: (move f2-4f f3-4f)
30.033: (move f0-2f f1-2f)
30.033: (move f0-2f f1-2f)
30.035: (move f5-6f f6-6f)
30.037: (move f0-2f f1-2f)
30.037: (move f0-2f f1-2f)
30.038: (unlock f1-2f f2-2f key2-4 shape2)
30.041: (move f1-3f f2-3f)
30.041: (move f1-3f f2-3f)
30.044: (move f1-3f f1-2f)
30.045: (move f1-3f f1-2f)
30.045: (move f2-4f f3-4f)
30.045: (move f2-4f f3-4f)
30.049: (move f1-3f f1-2f)
30.049: (move f1-3f f1-2f)
30.051: (move f2-4f f2-3f)
30.051: (move f2-4f f2-3f)
30.052: (move f2-4f f2-3f)
30.053: (move f2-4f f2-3f)
30.054: (move f1-3f f2-3f)
30.054: (move f1-3f f2-3f)
30.063: (move f0-2f f1-2f)
30.063: (move f0-2f f1-2f)
30.068: (move f2-4f f2-3f)
30.068: (move f2-4f f2-3f)
30.075: (move f3-2f f4-2f)
30.076: (move f1-3f f1-2f)
30.076: (move f1-3f f1-2f)
30.078: (move f4-1f f4-2f)
30.115: (move f6-2f f6-3f)
30.130: (move f6-5f f6-4f)
30.137: (move f5-4f f6-4f)
30.212: (move f4-5f f5-5f)
30.245: (move f2-5f f2-4f)
30.248: (move f1-4f f2-4f)
30.248: (move f2-5f f2-4f)
30.248: (move f1-4f f2-4f)
30.253: (move f7-3f f8-3f)
30.276: (move f2-5f f2-4f)
30.280: (move f1-4f f2-4f)
30.282: (move f8-2f f8-3f)
30.308: (pickup-and-loose f7-3f key0-0 key2-0)
30.329: (move f4-5f f5-5f)
30.332: (unlock f0-1f f0-0f key2-4 shape2)
30.337: (putdown f7-3f key2-0)
30.386: (move f7-3f f7-4f)
30.395: (move f7-2f f7-3f)
30.397: (unlock f1-0f f0-0f key2-4 shape2)
30.399: (move f6-2f f6-3f)
30.403: (move f2-5f f2-4f)
30.412: (move f2-5f f2-4f)
30.412: (move f1-4f f2-4f)
30.412: (move f1-4f f2-4f)
30.417: (move f0-3f f0-4f)
30.418: (move f1-4f f2-4f)
30.418: (move f1-4f f2-4f)
30.419: (move f2-5f f2-4f)
30.419: (move f2-5f f2-4f)
30.430: (move f1-1f f1-0f)
30.443: (move f2-5f f2-4f)
30.443: (move f2-5f f2-4f)
30.445: (move f1-4f f2-4f)
30.445: (move f1-4f f2-4f)
30.447: (move f1-4f f0-4f)
30.447: (unlock f7-3f f6-3f key2-0 shape2)
30.461: (move f6-3f f7-3f)
30.462: (move f7-2f f7-3f)
30.501: (unlock f0-1f f0-0f key2-4 shape2)
30.514: (move f7-2f f7-3f)
30.517: (move f1-3f f2-3f)
30.518: (move f0-2f f1-2f)
30.519: (move f1-3f f1-2f)
30.521: (move f2-4f f2-3f)
30.543: (move f7-2f f7-3f)
30.580: (pickup-and-loose f7-2f key0-2 key1-4)
30.581: (pickup f7-2f key0-2)
30.586: (pickup f7-2f key0-2)
30.592: (move f6-2f f6-1f)
30.594: (putdown f3-1f key2-4)
30.634: (move f2-5f f2-4f)
30.647: (move f7-2f f8-2f)
30.649: (move f1-4f f2-4f)
30.663: (move f6-6f f7-6f)
30.665: (move f7-5f f7-6f)
30.755: (pickup-and-loose f6-2f key1-4 key2-0)
30.781: (move f4-5f f4-4f)
30.786: (move f3-4f f4-4f)
30.804: (putdown f8-2f key2-0)
30.824: (move f7-2f f7-3f)
30.837: (move f0-3f f0-2f)
30.839: (move f0-3f f0-2f)
30.839: (move f0-3f f0-2f)
30.849: (move f8-1f f8-2f)
30.851: (move f7-2f f8-2f)
30.858: (move f0-3f f1-3f)
30.859: (move f7-2f f8-2f)
30.869: (move f4-5f f4-4f)
30.870: (move f3-4f f4-4f)
30.870: (move f1-2f f1-3f)
30.876: (move f0-2f f0-1f)
30.878: (move f0-2f f0-1f)
30.879: (move f0-2f f0-1f)
30.882: (move f1-5f f1-4f)
30.896: (move f1-5f f2-5f)
30.914: (move f7-2f f8-2f)
30.921: (move f1-5f f1-6f)
30.927: (move f0-3f f1-3f)
30.927: (move f0-3f f1-3f)
30.930: (move f1-4f f1-3f)
30.930: (move f1-4f f1-3f)
30.935: (move f6-2f f5-2f)
30.936: (putdown f6-2f key2-0)
30.946: (move f0-2f f0-1f)
30.951: (move f0-3f f1-3f)
30.953: (move f6-3f f6-4f)
30.957: (move f1-4f f1-3f)
26.958: (pickup-and-loose f0-5f key2-4 key2-0)
27.601: (move f2-1f f3-1f)
28.186: (move f6-4f f6-3f)
28.560: (move f2-2f f3-2f)
28.564: (move f3-3f f3-2f)
28.609: (move f2-2f f2-1f)
28.609: (move f1-1f f2-1f)
28.657: (move f2-2f f3-2f)
28.658: (move f3-1f f3-2f)
28.784: (move f3-1f f4-1f)
28.825: (move f2-3f f2-2f)
28.826: (move f1-2f f2-2f)
28.832: (move f4-2f f4-1f)
28.832: (move f3-1f f4-1f)
28.839: (move f2-3f f2-2f)
28.840: (move f0-1f f1-1f)
28.840: (move f2-3f f2-2f)
28.841: (move f1-2f f2-2f)
28.841: (move f1-2f f2-2f)
28.862: (move f4-2f f5-2f)
28.913: (move f4-1f f5-1f)
28.913: (move f5-2f f5-1f)
28.919: (move f0-1f f1-1f)
28.931: (move f6-4f f7-4f)
28.937: (move f1-2f f2-2f)
28.938: (move f1-2f f1-1f)
28.939: (move f0-1f f1-1f)
28.939: (move f0-1f f1-1f)
28.941: (move f2-1f f2-2f)
28.942: (move f7-5f f7-4f)
28.948: (move f1-2f f1-1f)
28.949: (move f1-2f f1-1f)
28.954: (move f1-2f f2-2f)
28.973: (move f2-3f f2-2f)
28.988: (move f2-3f f2-2f)
28.991: (move f2-3f f2-2f)
28.995: (move f1-2f f2-2f)
28.996: (move f1-2f f2-2f)
28.999: (move f1-2f f2-2f)
29.001: (move f1-2f f2-2f)
29.005: (move f6-4f f7-4f)
29.006: (move f2-3f f2-2f)
29.006: (move f2-3f f2-2f)
29.016: (move f2-3f f2-2f)
29.017: (move f2-3f f2-2f)
29.018: (move f1-5f f0-5f)
29.020: (move f1-2f f2-2f)
29.020: (move f1-2f f2-2f)
29.021: (move f0-4f f0-5f)
29.027: (move f0-4f f0-5f)
29.042: (move f3-1f f3-0f)
29.043: (move f2-0f f3-0f)
29.063: (move f1-2f f1-1f)
29.075: (move f0-1f f1-1f)
29.078: (move f1-2f f1-1f)
29.092: (move f0-1f f1-1f)
29.093: (move f1-2f f1-1f)
29.094: (move f1-2f f1-1f)
29.103: (move f1-2f f1-1f)
29.108: (move f1-2f f1-1f)
29.110: (move f1-2f f1-1f)
29.112: (move f3-1f f3-0f)
29.113: (move f1-2f f1-1f)
29.114: (move f2-0f f3-0f)
29.134: (move f5-2f f6-2f)
29.141: (move f3-3f f3-2f)
29.191: (putdown f7-2f key2-0)
29.194: (move f1-1f f2-1f)
29.300: (move f7-4f f7-3f)
29.321: (move f4-1f f4-0f)
29.322: (move f3-0f f4-0f)
29.331: (pickup-and-loose f0-5f key0-3 key2-0)
29.331: (pickup-and-loose f0-5f key0-1 key2-0)
29.337: (move f7-3f f7-2f)
29.339: (move f1-0f f2-0f)
29.351: (move f2-1f f2-0f)
29.391: (move f3-4f f3-3f)
29.391: (move f2-3f f3-3f)
29.400: (move f2-3f f3-3f)
29.400: (move f2-3f f3-3f)
29.403: (move f3-4f f3-3f)
29.403: (move f3-4f f3-3f)
29.422: (move f2-1f f2-2f)
29.424: (move f3-2f f2-2f)
29.509: (move f3-3f f3-4f)
29.525: (move f3-3f f2-3f)
29.533: (move f2-1f f1-1f)
29.540: (move f2-2f f2-3f)
29.545: (move f2-3f f3-3f)
29.546: (pickup-and-loose f3-1f key2-0 key2-4)
29.552: (move f3-4f f3-3f)
29.554: (move f1-1f f1-2f)
29.555: (move f2-2f f1-2f)
29.557: (move f2-3f f3-3f)
29.557: (move f2-3f f3-3f)
29.561: (move f2-3f f3-3f)
29.565: (move f3-4f f3-3f)
29.565: (move f3-4f f3-3f)
29.575: (move f2-3f f3-3f)
29.575: (move f3-4f f3-3f)
29.575: (move f2-3f f3-3f)
29.575: (move f3-4f f3-3f)
29.578: (move f2-3f f3-3f)
29.578: (move f3-4f f3-3f)
29.578: (move f2-3f f3-3f)
29.578: (move f3-4f f3-3f)
29.602: (pickup-and-loose f3-1f key2-0 key2-4)
29.655: (move f7-3f f7-2f)
29.670: (putdown f7-2f key1-4)
29.732: (move f8-2f f7-2f)
29.738: (putdown f7-2f key1-4)
29.742: (move f6-2f f7-2f)
29.749: (unlock f6-4f f6-3f key2-4 shape2)
29.758: (move f5-1f f5-2f)
29.762: (move f4-1f f5-1f)
29.766: (move f1-5f f1-6f)
29.784: (move f4-2f f5-2f)
29.791: (pickup-and-loose f7-2f key0-2 key2-0)
29.832: (putdown f0-5f key2-0)
29.874: (move f1-3f f2-3f)
29.893: (move f2-2f f2-3f)
29.932: (move f1-3f f2-3f)
29.944: (move f1-3f f2-3f)
29.945: (move f2-4f f2-3f)
29.946: (move f2-4f f2-3f)
29.954: (move f1-3f f1-2f)
29.964: (move f2-4f f3-4f)
29.965: (unlock f2-3f f2-2f key2-4 shape2)
29.967: (move f2-4f f2-3f)
29.968: (move f1-3f f1-2f)
29.968: (move f2-4f f3-4f)
29.968: (move f2-4f f3-4f)
29.969: (move f0-2f f1-2f)
29.970: (move f0-2f f1-2f)
29.971: (move f7-4f f8-4f)
29.979: (unlock f1-2f f2-2f key2-4 shape2)
29.981: (move f3-2f f3-3f)
29.983: (move f1-3f f2-3f)
29.986: (move f1-3f f1-2f)
29.987: (move f0-2f f1-2f)
29.999: (move f3-0f f2-0f)
30.015: (move f2-1f f2-0f)
30.046: (move f3-0f f4-0f)
30.050: (move f4-1f f4-0f)
30.058: (move f6-2f f7-2f)
30.123: (move f2-4f f2-3f)
30.123: (move f2-4f f2-3f)
30.135: (move f2-4f f2-3f)
30.135: (move f2-4f f2-3f)
30.140: (move f2-4f f3-4f)
30.142: (move f2-4f f3-4f)
30.144: (move f3-2f f4-2f)
30.146: (move f4-1f f4-2f)
30.148: (move f2-4f f3-4f)
30.148: (move f2-4f f3-4f)
30.153: (move f2-4f f2-3f)
30.153: (move f2-4f f2-3f)
30.159: (move f2-4f f3-4f)
30.159: (move f2-4f f3-4f)
30.166: (move f7-3f f8-3f)
30.187: (move f6-2f f6-3f)
30.214: (move f4-0f f5-0f)
30.224: (move f5-1f f5-0f)
30.260: (move f5-5f f6-5f)
30.260: (pickup-and-loose f7-3f key0-0 key2-0)
30.286: (move f7-3f f7-4f)
30.292: (putdown f7-3f key2-0)
30.312: (move f2-4f f3-4f)
30.316: (move f2-3f f2-4f)
30.320: (pickup-and-loose f7-3f key0-0 key0-2)
30.331: (putdown f7-3f key0-2)
30.347: (move f2-4f f2-3f)
30.350: (move f4-4f f5-4f)
30.356: (move f8-2f f8-3f)
30.357: (move f5-5f f5-4f)
30.361: (move f7-3f f8-3f)
30.361: (move f7-2f f7-3f)
30.364: (move f8-2f f8-3f)
30.367: (move f7-3f f8-3f)
30.378: (move f5-5f f6-5f)
30.380: (move f5-1f f6-1f)
30.382: (unlock f0-1f f0-0f key2-4 shape2)
30.388: (putdown f7-3f key2-0)
30.388: (pickup-and-loose f7-3f key0-0 key2-0)
30.398: (unlock f0-1f f0-0f key2-4 shape2)
30.398: (unlock f0-1f f0-0f key2-4 shape2)
30.404: (move f8-2f f8-3f)
30.411: (move f7-3f f8-3f)
30.425: (move f7-3f f8-3f)
30.427: (move f7-3f f8-3f)
30.437: (move f5-5f f5-6f)
30.439: (move f2-0f f1-0f)
30.448: (move f1-3f f1-4f)
30.462: (move f6-2f f6-3f)
30.463: (move f1-1f f1-0f)
30.472: (move f7-3f f7-4f)
30.475: (move f7-2f f7-3f)
30.477: (move f7-2f f7-3f)
30.478: (move f7-3f f7-4f)
30.489: (move f0-4f f1-4f)
27.002: (pickup-and-loose f0-5f key2-4 key2-0)
27.008: (pickup-and-loose f0-5f key2-4 key2-0)
27.410: (move f3-2f f3-1f)
27.411: (move f2-1f f3-1f)
27.693: (move f3-2f f3-1f)
27.694: (move f2-1f f3-1f)
27.899: (move f7-3f f7-2f)
27.900: (move f6-2f f7-2f)
28.102: (move f0-5f f0-4f)
28.147: (move f0-5f f1-5f)
28.279: (move f0-5f f0-6f)
28.292: (move f6-4f f6-3f)
28.383: (move f6-2f f6-1f)
28.386: (move f5-1f f6-1f)
28.613: (move f1-1f f2-1f)
28.626: (move f3-3f f3-2f)
28.627: (move f2-2f f3-2f)
28.630: (move f6-3f f6-2f)
28.632: (unlock f6-2f f6-3f key2-4 shape2)
28.637: (move f3-3f f3-2f)
28.638: (move f3-3f f3-2f)
28.641: (move f2-2f f3-2f)
28.642: (move f2-2f f3-2f)
28.675: (move f2-2f f2-1f)
28.676: (move f1-1f f2-1f)
28.688: (move f2-2f f2-1f)
28.689: (move f2-2f f2-1f)
28.692: (move f1-1f f2-1f)
28.694: (move f1-1f f2-1f)
28.695: (move f7-3f f8-3f)
28.697: (move f8-4f f8-3f)
28.750: (move f3-1f f3-2f)
28.754: (move f2-2f f3-2f)
28.774: (unlock f3-2f f2-2f key2-4 shape2)
28.776: (move f2-2f f3-2f)
28.778: (move f3-3f f3-2f)
28.780: (move f3-3f f3-2f)
28.785: (move f3-3f f3-2f)
28.791: (move f2-2f f3-2f)
28.792: (move f2-2f f3-2f)
28.806: (move f3-3f f3-2f)
28.807: (move f3-3f f3-2f)
28.809: (move f3-3f f3-2f)
28.809: (move f3-3f f3-2f)
28.812: (move f2-2f f3-2f)
28.812: (move f2-2f f3-2f)
28.815: (move f2-2f f3-2f)
28.815: (move f2-2f f3-2f)
28.820: (move f2-2f f2-1f)
28.823: (move f1-1f f2-1f)
28.824: (unlock f2-1f f2-2f key2-4 shape2)
28.836: (move f2-2f f2-1f)
28.836: (move f2-2f f2-1f)
28.839: (move f1-1f f2-1f)
28.839: (move f1-1f f2-1f)
28.857: (move f2-2f f2-1f)
28.857: (move f2-2f f2-1f)
28.858: (move f2-2f f2-1f)
28.858: (move f2-2f f2-1f)
28.860: (move f1-1f f2-1f)
28.860: (move f1-1f f2-1f)
28.867: (move f1-1f f2-1f)
28.868: (move f1-1f f2-1f)
28.876: (move f3-1f f4-1f)
28.893: (move f0-1f f1-1f)
28.894: (move f0-1f f1-1f)
28.894: (move f0-1f f1-1f)
28.926: (move f1-2f f2-2f)
28.926: (move f2-3f f2-2f)
28.926: (move f2-3f f2-2f)
28.926: (move f1-2f f2-2f)
28.939: (move f1-2f f2-2f)
28.939: (move f2-3f f2-2f)
28.956: (move f4-1f f5-1f)
29.004: (move f4-1f f5-1f)
29.005: (move f5-2f f5-1f)
29.011: (putdown f7-2f key0-0)
29.036: (move f1-2f f1-1f)
29.036: (move f1-2f f1-1f)
29.041: (move f1-2f f1-1f)
29.098: (move f2-3f f2-2f)
29.098: (move f2-3f f2-2f)
29.103: (move f2-3f f2-2f)
29.103: (move f2-3f f2-2f)
29.104: (move f6-4f f7-4f)
29.107: (move f5-2f f6-2f)
29.111: (move f2-3f f2-2f)
29.111: (move f2-3f f2-2f)
29.113: (move f6-1f f6-2f)
29.113: (move f3-3f f3-2f)
29.134: (move f2-0f f3-0f)
29.135: (move f3-1f f3-0f)
29.159: (move f1-1f f2-1f)
29.195: (move f1-1f f2-1f)
29.228: (move f5-2f f6-2f)
29.246: (move f2-1f f2-0f)
29.269: (unlock f7-3f f6-3f key2-4 shape2)
29.273: (move f6-3f f7-3f)
29.274: (move f7-4f f7-3f)
29.302: (move f2-3f f2-2f)
29.308: (move f3-2f f4-2f)
29.317: (move f7-3f f7-2f)
29.341: (pickup-and-loose f0-5f key0-3 key2-0)
29.341: (pickup-and-loose f0-5f key0-1 key2-0)
29.367: (move f3-0f f4-0f)
29.367: (pickup-and-loose f0-5f key0-1 key2-0)
29.368: (pickup-and-loose f0-5f key0-3 key2-0)
29.368: (move f4-1f f4-0f)
29.394: (move f7-4f f7-3f)
29.407: (move f4-1f f4-2f)
29.407: (move f3-2f f4-2f)
29.408: (move f3-0f f4-0f)
29.414: (move f4-1f f4-0f)
29.417: (move f7-3f f7-2f)
29.426: (move f3-2f f3-3f)
29.430: (move f2-3f f3-3f)
29.455: (move f2-3f f2-4f)
29.456: (move f3-4f f2-4f)
29.463: (move f7-3f f7-2f)
29.511: (move f2-1f f2-0f)
29.513: (move f3-4f f3-3f)
29.514: (move f3-4f f3-3f)
29.515: (move f2-3f f3-3f)
29.515: (move f2-3f f3-3f)
29.522: (move f3-4f f3-3f)
29.523: (move f2-3f f3-3f)
29.572: (move f3-2f f4-2f)
29.585: (move f3-3f f2-3f)
29.596: (move f2-2f f2-3f)
29.601: (move f3-3f f3-4f)
29.617: (move f2-2f f1-2f)
29.618: (move f1-1f f1-2f)
29.620: (move f7-3f f7-2f)
29.639: (pickup-and-loose f3-1f key2-0 key2-4)
29.649: (pickup-and-loose f7-2f key0-2 key0-0)
29.668: (move f3-4f f3-3f)
29.668: (move f3-4f f3-3f)
29.668: (move f2-3f f3-3f)
29.668: (move f2-3f f3-3f)
29.678: (move f7-3f f6-3f)
29.679: (move f2-3f f3-3f)
29.679: (move f2-3f f3-3f)
29.679: (move f3-4f f3-3f)
29.679: (move f3-4f f3-3f)
29.680: (move f3-4f f3-3f)
29.680: (move f3-4f f3-3f)
29.688: (move f2-3f f3-3f)
29.688: (move f2-3f f3-3f)
29.714: (move f7-3f f7-2f)
29.774: (move f7-3f f7-2f)
29.774: (move f6-5f f7-5f)
29.801: (putdown f7-2f key1-4)
29.817: (move f1-1f f1-2f)
29.817: (move f4-2f f5-2f)
29.839: (move f5-1f f5-2f)
29.841: (putdown f0-5f key2-0)
29.853: (move f2-3f f3-3f)
29.854: (move f3-4f f3-3f)
29.858: (move f7-3f f6-3f)
29.863: (putdown f0-5f key2-0)
29.877: (move f5-6f f6-6f)
29.882: (move f6-5f f6-6f)
29.909: (move f7-3f f6-3f)
29.954: (move f6-5f f6-4f)
29.954: (move f5-4f f6-4f)
29.968: (move f2-4f f3-4f)
29.972: (move f7-3f f6-3f)
29.983: (move f2-2f f2-3f)
30.003: (move f3-3f f3-4f)
30.010: (move f1-2f f0-2f)
30.047: (move f7-4f f7-5f)
30.071: (move f7-4f f8-4f)
30.090: (move f6-5f f6-6f)
30.093: (move f3-4f f4-4f)
30.113: (move f2-3f f1-3f)
30.114: (move f1-2f f1-3f)
30.143: (move f6-3f f5-3f)
30.146: (move f7-3f f8-3f)
30.179: (move f2-3f f2-4f)
30.195: (move f7-4f f8-4f)
30.224: (move f1-4f f2-4f)
30.259: (move f7-3f f7-4f)
30.260: (move f0-5f f0-6f)
30.262: (move f7-3f f8-3f)
30.265: (pickup-and-loose f7-3f key0-0 key0-2)
30.268: (move f1-6f f0-6f)
30.283: (move f1-1f f1-0f)
30.292: (move f5-1f f5-0f)
30.296: (move f4-0f f5-0f)
30.299: (putdown f7-3f key0-2)
30.306: (move f7-3f f8-3f)
30.343: (move f6-5f f7-5f)
30.354: (move f7-3f f7-4f)
30.393: (move f7-3f f8-3f)
30.404: (move f7-3f f7-4f)
30.418: (move f6-5f f6-4f)
30.420: (pickup f7-2f key0-2)
30.432: (move f7-2f f7-3f)
30.455: (move f7-3f f8-3f)
30.456: (move f5-1f f6-1f)
27.454: (move f2-1f f3-1f)
27.477: (move f3-2f f3-1f)
27.480: (move f2-1f f3-1f)
27.489: (move f3-2f f3-1f)
27.489: (move f3-2f f3-1f)
27.497: (move f2-1f f3-1f)
27.498: (move f2-1f f3-1f)
27.621: (move f2-1f f3-1f)
27.623: (move f3-2f f3-1f)
27.630: (move f0-5f f1-5f)
27.637: (move f2-1f f3-1f)
27.637: (move f2-1f f3-1f)
27.642: (move f3-2f f3-1f)
27.642: (move f3-2f f3-1f)
27.656: (move f2-1f f3-1f)
27.658: (move f2-1f f3-1f)
27.659: (move f2-1f f3-1f)
27.660: (move f3-2f f3-1f)
27.660: (move f2-1f f3-1f)
27.661: (move f3-2f f3-1f)
27.662: (move f2-1f f3-1f)
27.662: (move f3-2f f3-1f)
27.662: (move f3-2f f3-1f)
27.662: (move f3-2f f3-1f)
27.741: (move f2-1f f3-1f)
27.911: (move f0-6f f0-7f)
27.998: (move f6-2f f7-2f)
28.014: (move f7-3f f7-2f)
28.036: (move f0-5f f0-6f)
28.073: (move f1-5f f1-4f)
28.074: (move f0-4f f1-4f)
28.126: (move f6-2f f7-2f)
28.128: (move f7-3f f7-2f)
28.147: (move f0-5f f0-4f)
28.148: (move f0-5f f0-4f)
28.194: (move f0-5f f1-5f)
28.325: (move f0-5f f0-6f)
28.355: (move f1-5f f2-5f)
28.432: (move f5-1f f6-1f)
28.476: (move f5-1f f6-1f)
28.476: (move f6-2f f6-1f)
28.506: (move f1-3f f1-4f)
28.512: (move f2-4f f1-4f)
28.563: (move f7-2f f8-2f)
28.568: (move f8-3f f8-2f)
28.602: (move f6-2f f6-1f)
28.671: (move f4-2f f4-1f)
28.685: (move f1-1f f2-1f)
28.686: (move f3-1f f4-1f)
28.698: (move f1-1f f2-1f)
28.699: (move f1-1f f2-1f)
28.709: (move f0-4f f0-3f)
28.709: (move f4-2f f5-2f)
28.719: (unlock f6-2f f6-3f key2-4 shape2)
28.723: (move f6-3f f6-2f)
28.736: (move f3-3f f3-2f)
28.736: (move f3-3f f3-2f)
28.737: (move f2-2f f3-2f)
28.737: (move f2-2f f3-2f)
28.740: (move f2-2f f3-2f)
28.743: (move f3-3f f3-2f)
28.745: (unlock f3-2f f2-2f key2-4 shape2)
28.761: (move f7-5f f7-4f)
28.762: (move f6-4f f7-4f)
28.773: (move f2-4f f2-5f)
28.773: (move f1-2f f2-2f)
28.780: (move f8-4f f8-3f)
28.787: (move f2-2f f2-1f)
28.788: (move f2-2f f2-1f)
28.789: (move f1-1f f2-1f)
28.789: (move f1-1f f2-1f)
28.790: (move f2-2f f2-1f)
28.791: (move f1-1f f2-1f)
28.795: (unlock f2-1f f2-2f key2-4 shape2)
28.795: (move f2-1f f2-2f)
28.797: (move f7-3f f8-3f)
28.804: (move f4-2f f5-2f)
28.813: (move f5-1f f5-2f)
28.833: (unlock f2-1f f2-2f key2-4 shape2)
28.835: (move f7-3f f8-3f)
28.838: (move f8-4f f8-3f)
28.864: (move f4-2f f5-2f)
28.865: (move f6-4f f7-4f)
28.868: (move f7-5f f7-4f)
28.895: (move f3-3f f3-2f)
28.895: (move f3-3f f3-2f)
28.896: (move f3-3f f3-2f)
28.896: (move f3-3f f3-2f)
28.897: (move f4-2f f4-1f)
28.897: (move f2-2f f3-2f)
28.897: (move f2-2f f3-2f)
28.902: (move f2-2f f3-2f)
28.902: (move f2-2f f3-2f)
28.903: (move f3-3f f3-2f)
28.903: (move f3-3f f3-2f)
28.910: (move f2-2f f3-2f)
28.913: (move f2-2f f3-2f)
28.915: (move f3-1f f4-1f)
28.948: (move f5-3f f5-2f)
28.953: (move f2-2f f2-1f)
28.953: (move f2-2f f2-1f)
28.963: (move f2-2f f2-1f)
28.963: (move f2-2f f2-1f)
28.963: (move f2-2f f2-1f)
28.964: (move f2-0f f3-0f)
28.966: (move f2-2f f2-1f)
28.966: (move f3-1f f3-0f)
28.990: (move f6-2f f5-2f)
28.999: (putdown f7-2f key0-0)
29.052: (move f4-1f f5-1f)
29.079: (putdown f7-2f key0-0)
29.089: (move f3-3f f3-2f)
29.090: (move f2-2f f3-2f)
29.139: (move f1-3f f0-3f)
29.141: (putdown f7-2f key0-0)
29.147: (move f0-2f f0-3f)
29.151: (move f2-2f f2-1f)
29.170: (move f2-0f f3-0f)
29.173: (move f1-0f f2-0f)
29.188: (move f5-2f f6-2f)
29.190: (move f3-1f f3-0f)
29.202: (move f6-1f f6-2f)
29.203: (move f2-1f f2-0f)
29.223: (move f6-2f f7-2f)
29.316: (move f2-1f f2-0f)
29.332: (move f2-1f f2-0f)
29.334: (move f2-1f f2-0f)
29.344: (move f7-2f f7-1f)
29.345: (move f6-1f f7-1f)
29.362: (unlock f7-3f f6-3f key2-4 shape2)
29.364: (move f6-3f f7-3f)
29.366: (move f7-4f f7-3f)
29.374: (move f3-2f f4-2f)
29.388: (move f3-2f f4-2f)
29.388: (move f3-2f f4-2f)
29.450: (move f7-3f f7-2f)
29.452: (move f4-1f f4-0f)
29.456: (move f3-0f f4-0f)
29.457: (move f2-1f f2-0f)
29.458: (pickup-and-loose f3-1f key2-0 key2-4)
29.473: (move f2-1f f2-0f)
29.473: (move f2-1f f2-0f)
29.477: (move f2-1f f2-0f)
29.478: (move f2-1f f2-0f)
29.496: (move f2-1f f2-0f)
29.497: (move f2-1f f2-0f)
29.498: (move f2-1f f2-0f)
29.499: (move f4-1f f4-2f)
29.501: (move f2-1f f2-0f)
29.504: (move f3-2f f4-2f)
29.516: (move f2-3f f3-3f)
29.522: (move f3-2f f3-3f)
29.522: (move f3-2f f4-2f)
29.535: (pickup-and-loose f7-2f key2-0 key0-0)
29.536: (move f2-3f f2-4f)
29.539: (move f3-2f f4-2f)
29.539: (move f3-2f f4-2f)
29.539: (move f3-4f f2-4f)
29.541: (move f3-2f f4-2f)
29.559: (move f3-2f f4-2f)
29.559: (move f3-2f f4-2f)
29.561: (move f3-2f f4-2f)
29.562: (move f3-2f f4-2f)
29.579: (unlock f6-4f f6-3f key2-4 shape2)
29.626: (move f4-4f f4-5f)
29.652: (move f7-3f f6-3f)
29.740: (pickup-and-loose f7-2f key0-2 key0-0)
29.747: (pickup-and-loose f3-1f key2-0 key2-4)
29.755: (move f4-4f f5-4f)
29.775: (move f7-3f f7-2f)
29.793: (pickup-and-loose f7-2f key0-2 key0-0)
29.819: (unlock f6-4f f6-3f key2-4 shape2)
29.880: (move f1-1f f1-2f)
29.888: (move f3-3f f3-4f)
29.891: (move f2-4f f3-4f)
29.903: (move f1-1f f1-2f)
29.903: (move f1-1f f1-2f)
29.931: (move f7-3f f6-3f)
29.975: (move f7-3f f6-3f)
30.118: (move f1-2f f0-2f)
30.144: (move f7-4f f7-5f)
30.160: (pickup-and-loose f7-2f key0-2 key2-4)
30.172: (move f2-2f f1-2f)
30.176: (move f2-2f f1-2f)
30.177: (move f3-4f f4-4f)
30.185: (move f2-2f f1-2f)
30.185: (move f2-2f f1-2f)
30.186: (move f2-2f f1-2f)
30.186: (move f2-2f f1-2f)
30.205: (move f2-3f f1-3f)
30.209: (move f1-2f f1-3f)
30.247: (move f6-3f f5-3f)
30.250: (move f2-3f f2-4f)
30.271: (move f7-3f f8-3f)
30.286: (move f7-4f f8-4f)
30.326: (pickup f7-2f key2-0)
30.346: (move f2-2f f1-2f)
30.360: (move f1-1f f1-0f)
30.370: (move f1-1f f1-0f)
30.372: (move f1-1f f1-0f)
27.010: (pickup-and-loose f7-2f key2-4 key0-0)
27.471: (move f1-5f f1-6f)
27.477: (move f0-6f f1-6f)
27.519: (move f2-1f f3-1f)
27.534: (move f2-1f f3-1f)
27.535: (move f2-1f f3-1f)
27.586: (move f2-1f f3-1f)
27.587: (move f3-2f f3-1f)
27.587: (move f3-2f f3-1f)
27.587: (move f3-2f f3-1f)
27.589: (move f2-1f f3-1f)
27.589: (move f2-1f f3-1f)
27.663: (move f2-1f f3-1f)
27.746: (move f2-1f f3-1f)
27.746: (move f3-2f f3-1f)
27.747: (move f3-2f f3-1f)
27.748: (move f2-1f f3-1f)
27.749: (move f2-1f f3-1f)
27.754: (move f2-1f f3-1f)
27.756: (move f2-1f f3-1f)
27.757: (move f2-1f f3-1f)
27.757: (move f3-2f f3-1f)
27.757: (move f3-2f f3-1f)
27.760: (move f3-2f f3-1f)
27.760: (move f3-2f f3-1f)
27.829: (move f7-2f f7-3f)
27.951: (move f0-6f f0-7f)
27.964: (move f0-6f f0-7f)
27.965: (move f2-1f f3-1f)
27.966: (move f3-2f f3-1f)
28.102: (move f1-5f f1-4f)
28.103: (move f0-4f f1-4f)
28.108: (move f6-4f f6-3f)
28.118: (move f1-5f f1-4f)
28.118: (move f0-4f f1-4f)
28.203: (move f6-4f f6-3f)
28.217: (move f6-2f f7-2f)
28.239: (move f7-3f f7-2f)
28.303: (move f1-5f f2-5f)
28.400: (move f1-5f f2-5f)
28.517: (move f1-3f f1-4f)
28.533: (move f5-1f f6-1f)
28.536: (move f2-4f f1-4f)
28.552: (move f0-3f f0-4f)
28.556: (move f1-4f f0-4f)
28.562: (move f7-2f f8-2f)
28.601: (move f2-5f f1-5f)
28.603: (move f1-4f f1-5f)
28.604: (move f2-2f f3-2f)
28.605: (move f3-1f f3-2f)
28.649: (move f8-3f f8-2f)
28.660: (move f7-2f f8-2f)
28.694: (move f6-2f f6-1f)
28.701: (move f2-4f f2-5f)
28.730: (move f3-1f f4-1f)
28.736: (move f0-4f f0-3f)
28.744: (move f4-2f f4-1f)
28.750: (move f4-2f f4-1f)
28.752: (move f3-1f f4-1f)
28.755: (move f4-2f f4-1f)
28.767: (move f3-1f f4-1f)
28.768: (move f3-1f f4-1f)
28.768: (move f4-2f f5-2f)
28.768: (move f4-2f f5-2f)
28.770: (move f4-2f f5-2f)
28.772: (move f0-4f f0-3f)
28.788: (move f8-3f f8-2f)
28.803: (move f7-2f f8-2f)
28.815: (move f4-2f f5-2f)
28.851: (move f1-2f f2-2f)
28.855: (move f4-1f f5-1f)
28.857: (move f2-1f f2-2f)
28.858: (move f5-2f f5-1f)
28.864: (move f4-2f f4-1f)
28.866: (move f4-2f f5-2f)
28.874: (move f2-1f f2-2f)
28.874: (move f2-1f f2-2f)
28.876: (move f1-2f f2-2f)
28.876: (move f1-2f f2-2f)
28.882: (move f4-2f f4-1f)
28.884: (move f3-1f f4-1f)
28.891: (move f4-2f f4-1f)
28.891: (move f4-2f f4-1f)
28.897: (move f4-2f f5-2f)
28.900: (move f5-1f f5-2f)
28.902: (move f3-1f f4-1f)
28.904: (move f4-2f f5-2f)
28.904: (move f4-2f f5-2f)
28.912: (move f3-1f f4-1f)
28.912: (move f3-1f f4-1f)
28.915: (move f4-2f f4-1f)
28.915: (move f4-2f f4-1f)
28.921: (move f4-2f f4-1f)
28.921: (move f4-2f f4-1f)
28.925: (move f8-4f f8-3f)
28.926: (move f7-2f f7-3f)
28.929: (move f4-2f f5-2f)
28.929: (move f4-2f f5-2f)
28.929: (move f6-4f f7-4f)
28.930: (move f4-2f f5-2f)
28.930: (move f4-2f f5-2f)
28.932: (move f3-1f f4-1f)
28.933: (move f3-1f f4-1f)
28.935: (move f3-1f f4-1f)
28.936: (move f3-1f f4-1f)
28.943: (move f7-3f f8-3f)
28.961: (move f8-2f f8-1f)
28.963: (move f3-1f f4-1f)
28.972: (move f7-1f f8-1f)
28.987: (move f6-4f f7-4f)
28.989: (move f3-1f f3-0f)
28.994: (move f2-0f f3-0f)
29.006: (move f2-1f f2-2f)
29.011: (move f1-4f f2-4f)
29.012: (move f2-5f f2-4f)
29.022: (move f2-0f f3-0f)
29.028: (move f2-0f f3-0f)
29.028: (move f2-0f f3-0f)
29.033: (move f3-1f f3-0f)
29.047: (move f3-1f f3-0f)
29.048: (move f3-1f f3-0f)
29.051: (move f2-1f f1-1f)
29.055: (move f4-1f f5-1f)
29.056: (move f5-2f f5-1f)
29.065: (move f5-3f f5-2f)
29.071: (move f6-2f f5-2f)
29.086: (move f5-2f f6-2f)
29.128: (move f6-1f f5-1f)
29.129: (move f5-2f f5-1f)
29.141: (putdown f7-2f key0-0)
29.143: (move f2-0f f3-0f)
29.158: (move f2-0f f3-0f)
29.160: (move f3-1f f3-0f)
29.171: (move f2-0f f3-0f)
29.171: (move f2-0f f3-0f)
29.174: (move f5-2f f6-2f)
29.175: (move f1-3f f0-3f)
29.180: (move f3-1f f3-0f)
29.182: (move f6-1f f6-2f)
29.188: (move f3-1f f3-2f)
29.190: (move f0-2f f0-3f)
29.192: (move f3-1f f3-0f)
29.193: (move f3-1f f3-0f)
29.193: (move f2-0f f3-0f)
29.193: (move f2-0f f3-0f)
29.198: (move f1-2f f1-1f)
29.198: (move f2-0f f3-0f)
29.199: (move f5-2f f6-2f)
29.201: (move f1-2f f1-1f)
29.202: (move f2-0f f3-0f)
29.202: (move f2-0f f3-0f)
29.207: (move f1-2f f1-1f)
29.207: (move f1-2f f1-1f)
29.207: (move f2-1f f1-1f)
29.207: (move f1-2f f1-1f)
29.207: (move f1-2f f1-1f)
29.210: (move f3-1f f3-0f)
29.212: (move f3-1f f3-0f)
29.213: (move f2-1f f1-1f)
29.215: (move f2-1f f1-1f)
29.215: (move f3-1f f3-0f)
29.216: (move f3-1f f3-0f)
29.217: (move f2-1f f1-1f)
29.218: (move f3-1f f3-0f)
29.218: (move f2-1f f1-1f)
29.223: (move f2-1f f1-1f)
29.240: (move f7-4f f7-3f)
29.242: (move f1-0f f2-0f)
29.253: (move f1-0f f2-0f)
29.253: (move f1-0f f2-0f)
29.266: (move f3-0f f4-0f)
29.268: (move f4-1f f4-0f)
29.277: (move f2-1f f2-0f)
29.288: (move f2-1f f2-0f)
29.292: (move f2-1f f2-0f)
29.319: (move f6-2f f7-2f)
29.385: (move f6-1f f7-1f)
29.386: (move f1-2f f1-1f)
29.420: (move f2-1f f1-1f)
29.424: (move f2-1f f2-0f)
29.428: (move f2-1f f2-0f)
29.430: (move f2-1f f2-0f)
29.430: (move f2-1f f2-0f)
29.440: (move f7-2f f7-1f)
29.442: (move f6-1f f7-1f)
29.443: (move f3-0f f4-0f)
29.446: (move f5-4f f6-4f)
29.447: (move f7-4f f7-3f)
29.454: (move f4-1f f4-0f)
29.484: (move f3-2f f4-2f)
29.484: (move f3-2f f4-2f)
29.491: (move f3-2f f4-2f)
29.495: (pickup-and-loose f3-1f key2-0 key2-4)
29.523: (pickup-and-loose f3-1f key2-0 key2-4)
29.530: (pickup-and-loose f3-1f key2-0 key2-4)
29.530: (pickup-and-loose f3-1f key2-0 key2-4)
29.562: (move f5-2f f4-2f)
29.567: (move f6-1f f7-1f)
29.569: (move f7-2f f7-1f)
29.588: (move f2-1f f2-0f)
26.869: (unlock f7-2f f7-1f key2-4 shape2)
27.089: (pickup-and-loose f7-2f key2-4 key0-0)
27.414: (move f1-5f f0-5f)
27.433: (move f0-4f f0-5f)
27.641: (move f7-2f f8-2f)
27.846: (move f7-3f f7-2f)
27.866: (move f6-2f f7-2f)
27.889: (move f7-2f f7-3f)
27.897: (pickup-and-loose f3-1f key0-0 key2-0)
27.928: (move f7-3f f7-2f)
27.947: (move f6-2f f7-2f)
27.948: (move f7-1f f7-2f)
27.954: (move f6-2f f7-2f)
28.060: (pickup-and-loose f7-3f key0-2 key0-0)
28.091: (move f2-5f f1-5f)
28.094: (move f1-4f f1-5f)
28.147: (move f7-2f f6-2f)
28.321: (move f6-2f f6-1f)
28.328: (move f5-1f f6-1f)
28.394: (move f7-2f f7-3f)
28.474: (move f6-2f f6-1f)
28.475: (move f5-1f f6-1f)
28.547: (unlock f6-2f f6-3f key2-4 shape2)
28.568: (unlock f6-2f f6-3f key2-4 shape2)
28.582: (move f6-4f f7-4f)
28.583: (move f6-3f f6-2f)
28.586: (move f7-3f f7-4f)
28.591: (move f6-3f f6-2f)
28.593: (move f1-4f f0-4f)
28.605: (move f0-3f f0-4f)
28.609: (move f7-3f f8-3f)
28.612: (move f7-2f f8-2f)
28.645: (unlock f6-2f f6-3f key2-4 shape2)
28.670: (move f3-1f f3-2f)
28.676: (move f2-2f f3-2f)
28.684: (move f3-1f f3-2f)
28.685: (move f3-1f f3-2f)
28.688: (move f2-2f f3-2f)
28.688: (move f2-2f f3-2f)
28.694: (move f7-3f f8-3f)
28.771: (pickup-and-loose f7-3f key0-0 key0-2)
28.796: (move f3-1f f4-1f)
28.805: (move f2-2f f3-2f)
28.808: (unlock f3-2f f2-2f key2-4 shape2)
28.812: (move f3-1f f4-1f)
28.812: (move f3-1f f4-1f)
28.820: (move f3-1f f3-2f)
28.827: (putdown f7-3f key0-0)
28.828: (move f4-2f f3-2f)
28.840: (move f4-2f f5-2f)
28.852: (move f4-2f f5-2f)
28.852: (move f4-2f f5-2f)
28.860: (move f3-1f f4-1f)
28.861: (move f3-1f f4-1f)
28.865: (move f4-2f f4-1f)
28.865: (move f4-2f f4-1f)
28.866: (move f8-2f f8-3f)
28.869: (move f4-2f f4-1f)
28.871: (move f3-1f f4-1f)
28.880: (move f8-3f f8-2f)
28.885: (move f7-3f f8-3f)
28.887: (move f7-2f f8-2f)
28.900: (move f4-1f f5-1f)
28.927: (move f4-1f f5-1f)
28.928: (move f5-2f f5-1f)
28.933: (move f5-2f f5-1f)
28.933: (move f5-2f f5-1f)
28.933: (move f4-1f f5-1f)
28.934: (move f4-1f f5-1f)
28.945: (move f3-1f f4-1f)
28.959: (move f5-1f f4-1f)
28.966: (move f4-2f f4-1f)
29.017: (move f7-1f f8-1f)
29.017: (putdown f3-1f key2-0)
29.024: (move f5-2f f5-1f)
29.027: (move f4-1f f5-1f)
29.027: (move f3-1f f4-1f)
29.028: (move f3-1f f4-1f)
29.035: (move f3-1f f4-1f)
29.035: (move f3-1f f4-1f)
29.038: (move f3-1f f4-1f)
29.039: (move f3-1f f4-1f)
29.047: (move f8-2f f8-1f)
29.047: (move f2-0f f3-0f)
29.055: (move f3-1f f3-0f)
29.057: (move f2-0f f3-0f)
29.057: (move f2-0f f3-0f)
29.058: (move f1-4f f2-4f)
29.059: (move f2-5f f2-4f)
29.063: (move f7-1f f8-1f)
29.070: (move f3-1f f3-0f)
29.070: (move f3-1f f3-0f)
29.077: (move f2-4f f3-4f)
29.079: (move f4-1f f5-1f)
29.079: (move f5-2f f5-1f)
29.082: (move f4-1f f5-1f)
29.083: (move f4-1f f5-1f)
29.084: (move f4-1f f5-1f)
29.085: (move f5-2f f5-1f)
29.085: (move f5-2f f5-1f)
29.087: (move f1-4f f2-4f)
29.089: (move f2-5f f2-4f)
29.100: (move f4-1f f5-1f)
29.100: (move f4-1f f5-1f)
29.100: (move f5-2f f5-1f)
29.101: (move f5-2f f5-1f)
29.101: (move f5-2f f5-1f)
29.101: (move f5-2f f5-1f)
29.107: (move f4-1f f5-1f)
29.108: (move f2-4f f2-3f)
29.111: (move f4-1f f5-1f)
29.120: (move f2-0f f3-0f)
29.121: (move f2-0f f3-0f)
29.125: (move f2-0f f3-0f)
29.139: (move f3-1f f3-0f)
29.139: (move f5-2f f6-2f)
29.139: (move f5-2f f6-2f)
29.141: (move f3-1f f3-0f)
29.149: (move f5-2f f6-2f)
29.150: (move f3-1f f3-0f)
29.155: (move f5-2f f6-2f)
29.172: (move f2-0f f3-0f)
29.182: (move f7-1f f8-1f)
29.193: (unlock f7-3f f6-3f key2-4 shape2)
29.198: (move f8-2f f8-1f)
29.203: (move f3-1f f3-0f)
29.205: (move f7-4f f7-3f)
29.210: (move f5-2f f5-1f)
29.210: (move f3-1f f4-1f)
29.215: (move f6-3f f7-3f)
29.225: (move f6-1f f5-1f)
29.235: (move f5-2f f6-2f)
29.265: (move f5-2f f6-2f)
29.269: (move f6-1f f6-2f)
29.298: (move f5-2f f6-2f)
29.298: (move f5-2f f6-2f)
29.303: (move f2-0f f3-0f)
29.303: (move f5-2f f6-2f)
29.303: (move f5-2f f6-2f)
29.305: (move f4-1f f4-0f)
29.307: (move f3-1f f3-0f)
29.308: (move f3-1f f3-0f)
29.315: (move f3-0f f4-0f)
29.316: (move f3-1f f3-0f)
29.316: (move f3-1f f3-0f)
29.316: (move f3-1f f3-0f)
29.317: (move f5-2f f6-2f)
29.317: (move f5-2f f6-2f)
29.320: (move f3-1f f3-0f)
29.328: (move f3-0f f4-0f)
29.331: (move f3-0f f4-0f)
29.333: (move f3-0f f4-0f)
29.333: (move f4-1f f4-0f)
29.344: (move f4-1f f4-0f)
29.344: (move f4-1f f4-0f)
29.345: (move f3-2f f4-2f)
29.346: (move f4-1f f4-2f)
29.364: (unlock f7-3f f6-3f key2-4 shape2)
29.367: (move f3-2f f3-3f)
29.377: (move f7-4f f7-3f)
29.391: (move f6-3f f7-3f)
29.423: (move f3-0f f4-0f)
29.431: (move f4-1f f4-0f)
29.465: (move f3-0f f4-0f)
29.479: (move f6-1f f7-1f)
29.480: (move f3-0f f4-0f)
29.480: (move f3-0f f4-0f)
29.480: (move f4-1f f4-0f)
29.487: (move f4-1f f4-0f)
29.488: (move f3-0f f4-0f)
29.491: (move f3-0f f4-0f)
29.491: (move f3-0f f4-0f)
29.495: (move f4-1f f4-0f)
29.495: (move f4-1f f4-0f)
29.499: (move f3-0f f4-0f)
29.499: (move f3-0f f4-0f)
29.503: (move f4-1f f4-0f)
29.503: (move f4-1f f4-0f)
29.516: (move f3-1f f3-0f)
29.517: (move f4-1f f4-0f)
29.517: (move f4-1f f4-0f)
29.541: (move f0-3f f0-2f)
29.548: (move f6-4f f6-5f)
29.561: (pickup-and-loose f3-1f key2-0 key2-4)
29.568: (pickup-and-loose f3-1f key2-0 key2-4)
29.568: (pickup-and-loose f3-1f key2-0 key2-4)
29.596: (move f3-2f f4-2f)
29.597: (move f4-1f f4-2f)
29.623: (pickup-and-loose f3-1f key2-0 key2-4)
29.624: (pickup-and-loose f3-1f key2-0 key2-4)
29.634: (move f3-2f f3-3f)
29.645: (move f5-2f f4-2f)
29.647: (pickup-and-loose f3-1f key2-0 key2-4)
29.650: (move f6-1f f7-1f)
29.655: (move f7-2f f7-1f)
29.673: (move f0-3f f0-2f)
29.696: (pickup f7-2f key2-0)
29.706: (pickup-and-loose f3-1f key2-0 key2-4)
29.710: (move f1-4f f1-3f)
29.715: (move f0-3f f1-3f)
26.943: (unlock f7-2f f7-1f key2-4 shape2)
27.459: (move f1-5f f0-5f)
27.461: (move f0-4f f0-5f)
27.560: (unlock f6-2f f6-3f key2-4 shape2)
27.561: (pickup-and-loose f0-5f key2-0 key0-0)
27.593: (move f7-2f f8-2f)
27.688: (move f4-1f f3-1f)
27.696: (move f3-2f f3-1f)
27.701: (move f7-3f f8-3f)
27.704: (move f8-2f f8-3f)
27.716: (move f7-2f f8-2f)
27.794: (move f7-3f f7-4f)
27.914: (move f1-5f f1-6f)
27.928: (move f6-2f f7-2f)
27.928: (move f6-2f f7-2f)
27.934: (move f6-2f f7-2f)
27.934: (move f6-2f f7-2f)
27.980: (move f6-2f f7-2f)
27.987: (pickup-and-loose f0-5f key0-1 key0-0)
27.987: (pickup-and-loose f0-5f key0-3 key0-0)
28.042: (move f7-1f f7-2f)
28.050: (move f6-2f f7-2f)
28.075: (move f6-2f f7-2f)
28.090: (move f6-2f f7-2f)
28.090: (move f6-2f f7-2f)
28.095: (move f7-3f f7-2f)
28.098: (move f6-2f f7-2f)
28.098: (move f6-2f f7-2f)
28.104: (move f6-2f f7-2f)
28.104: (move f6-2f f7-2f)
28.115: (move f7-3f f7-2f)
28.117: (move f6-2f f7-2f)
28.132: (move f7-2f f6-2f)
28.147: (pickup-and-loose f7-3f key0-2 key0-0)
28.156: (move f6-2f f7-2f)
28.213: (move f6-2f f5-2f)
28.221: (move f7-2f f6-2f)
28.225: (move f6-2f f6-3f)
28.340: (unlock f7-3f f6-3f key2-4 shape2)
28.372: (move f7-2f f7-3f)
28.378: (move f7-2f f7-1f)
28.380: (move f5-1f f6-1f)
28.398: (move f6-2f f6-1f)
28.398: (move f6-2f f6-1f)
28.398: (move f5-1f f6-1f)
28.400: (move f5-1f f6-1f)
28.400: (move f5-1f f6-1f)
28.400: (move f6-2f f6-1f)
28.446: (putdown f0-5f key0-0)
28.454: (move f6-2f f6-1f)
28.457: (move f5-1f f6-1f)
28.463: (move f7-2f f7-3f)
28.516: (move f7-2f f8-2f)
28.522: (move f6-2f f6-1f)
28.523: (move f8-3f f8-2f)
28.528: (move f5-1f f6-1f)
28.536: (move f5-1f f6-1f)
28.537: (unlock f6-2f f6-3f key2-4 shape2)
28.546: (move f6-2f f6-1f)
28.549: (move f6-2f f6-1f)
28.549: (move f6-2f f6-1f)
28.554: (move f5-1f f6-1f)
28.555: (move f5-1f f6-1f)
28.564: (move f6-2f f6-1f)
28.564: (move f6-2f f6-1f)
28.566: (move f5-1f f6-1f)
28.566: (move f5-1f f6-1f)
28.572: (move f6-2f f6-1f)
28.572: (move f6-2f f6-1f)
28.577: (move f5-1f f6-1f)
28.578: (move f5-1f f6-1f)
28.603: (move f8-1f f8-2f)
28.606: (unlock f6-2f f6-3f key2-4 shape2)
28.606: (move f7-2f f8-2f)
28.614: (unlock f6-2f f6-3f key2-4 shape2)
28.614: (unlock f6-2f f6-3f key2-4 shape2)
28.616: (unlock f6-2f f6-3f key2-4 shape2)
28.641: (move f8-3f f8-2f)
28.642: (move f7-2f f8-2f)
28.648: (move f6-2f f6-1f)
28.660: (move f7-3f f7-4f)
28.669: (move f6-2f f6-1f)
28.736: (unlock f6-2f f6-3f key2-4 shape2)
28.741: (move f4-2f f5-2f)
28.754: (move f6-2f f6-1f)
28.755: (move f0-5f f0-6f)
28.761: (move f5-1f f5-2f)
28.768: (move f7-3f f8-3f)
28.772: (unlock f6-2f f6-3f key2-4 shape2)
28.772: (unlock f6-2f f6-3f key2-4 shape2)
28.785: (unlock f6-2f f6-3f key2-4 shape2)
28.785: (unlock f6-2f f6-3f key2-4 shape2)
28.804: (move f7-3f f8-3f)
28.807: (unlock f6-2f f6-3f key2-4 shape2)
28.807: (unlock f6-2f f6-3f key2-4 shape2)
28.819: (move f7-3f f7-4f)
28.890: (move f4-2f f5-2f)
28.890: (putdown f7-3f key0-0)
28.914: (move f5-1f f5-2f)
28.918: (move f4-2f f3-2f)
28.939: (move f6-2f f5-2f)
28.945: (move f2-3f f2-2f)
28.949: (move f8-2f f8-3f)
28.950: (move f7-3f f8-3f)
28.969: (move f4-1f f5-1f)
28.971: (pickup-and-loose f7-2f key0-0 key2-4)
28.977: (move f4-1f f5-1f)
28.979: (move f4-1f f5-1f)
29.003: (move f3-1f f3-2f)
29.029: (move f6-2f f5-2f)
29.032: (move f5-2f f5-1f)
29.032: (move f5-2f f5-1f)
29.033: (move f4-1f f5-1f)
29.034: (move f4-1f f5-1f)
29.044: (move f5-2f f5-1f)
29.046: (move f3-2f f2-2f)
29.047: (move f6-2f f5-2f)
29.049: (move f4-1f f5-1f)
29.056: (move f5-1f f4-1f)
29.060: (move f4-2f f4-1f)
29.064: (move f3-1f f2-1f)
29.086: (move f8-2f f8-1f)
29.108: (move f1-3f f1-2f)
29.108: (move f7-1f f8-1f)
29.123: (move f7-3f f8-3f)
29.124: (move f0-2f f1-2f)
29.124: (move f4-1f f5-1f)
29.125: (move f2-4f f3-4f)
29.150: (move f1-3f f2-3f)
29.150: (move f2-4f f2-3f)
29.156: (move f2-4f f3-4f)
29.162: (move f3-1f f4-1f)
29.179: (move f2-4f f2-3f)
29.181: (move f0-2f f1-2f)
29.193: (move f5-2f f6-2f)
29.196: (move f4-1f f5-1f)
29.196: (move f4-1f f5-1f)
29.203: (move f4-1f f5-1f)
29.203: (move f4-1f f5-1f)
29.204: (move f4-1f f5-1f)
29.204: (move f4-1f f5-1f)
29.238: (move f5-2f f6-2f)
29.238: (move f5-2f f6-2f)
29.287: (move f8-2f f8-1f)
29.294: (move f7-1f f8-1f)
29.299: (move f6-1f f7-1f)
29.301: (move f7-2f f7-1f)
29.307: (move f8-3f f8-4f)
29.316: (move f7-4f f8-4f)
29.348: (move f7-2f f7-3f)
29.376: (move f7-4f f7-5f)
29.381: (move f3-0f f4-0f)
29.382: (move f4-1f f4-0f)
29.383: (move f6-5f f7-5f)
29.389: (move f3-0f f4-0f)
29.389: (move f3-0f f4-0f)
29.389: (move f4-1f f4-0f)
29.391: (move f4-1f f4-0f)
29.407: (move f6-5f f6-6f)
29.419: (move f7-2f f7-1f)
29.420: (move f6-1f f7-1f)
29.421: (move f4-1f f4-2f)
29.421: (move f3-2f f4-2f)
29.435: (move f4-1f f4-2f)
29.435: (move f4-1f f4-2f)
29.441: (move f4-1f f4-0f)
29.441: (move f3-0f f4-0f)
29.441: (move f3-0f f4-0f)
29.441: (move f4-1f f4-0f)
29.441: (move f3-2f f3-3f)
29.443: (move f3-2f f4-2f)
29.443: (move f3-2f f4-2f)
29.448: (move f3-0f f4-0f)
29.449: (move f2-3f f3-3f)
29.450: (move f4-1f f4-0f)
29.452: (move f3-2f f3-3f)
29.453: (move f3-2f f3-3f)
29.465: (move f3-4f f3-3f)
29.467: (move f3-1f f3-0f)
29.479: (move f7-3f f7-2f)
29.513: (move f3-0f f4-0f)
29.530: (move f4-1f f4-0f)
29.533: (move f8-2f f9-2f)
29.550: (move f4-1f f4-0f)
29.569: (move f3-2f f4-2f)
29.572: (move f4-1f f4-2f)
29.575: (move f3-0f f2-0f)
29.576: (move f3-0f f2-0f)
29.578: (move f3-0f f2-0f)
29.578: (move f3-0f f2-0f)
29.578: (move f3-0f f2-0f)
29.585: (move f3-2f f3-3f)
29.592: (move f3-0f f4-0f)
29.594: (move f3-0f f4-0f)
29.595: (move f3-2f f3-3f)
29.596: (move f3-0f f4-0f)
29.596: (move f3-0f f4-0f)
29.597: (move f0-2f f0-1f)
29.597: (move f3-0f f4-0f)
29.599: (move f6-5f f5-5f)
26.945: (pickup-and-loose f7-2f key2-4 key0-2)
27.161: (move f7-3f f7-2f)
27.175: (move f6-2f f7-2f)
27.193: (move f7-3f f6-3f)
27.202: (move f6-2f f6-3f)
27.527: (unlock f6-2f f6-3f key2-4 shape2)
27.594: (pickup-and-loose f0-5f key2-0 key0-0)
27.635: (unlock f6-2f f6-3f key2-4 shape2)
27.667: (move f7-2f f8-2f)
27.670: (move f7-3f f8-3f)
27.671: (move f8-2f f8-3f)
27.745: (unlock f6-1f f7-1f key2-4 shape2)
27.761: (move f7-1f f6-1f)
27.761: (move f6-2f f6-1f)
27.765: (move f7-3f f8-3f)
27.770: (move f4-1f f3-1f)
27.774: (move f3-2f f3-1f)
27.778: (move f8-2f f8-3f)
27.787: (move f7-3f f7-4f)
27.800: (move f7-3f f8-3f)
27.808: (move f7-2f f7-3f)
27.875: (move f7-3f f7-4f)
27.940: (move f6-2f f7-2f)
27.945: (move f7-3f f7-4f)
28.007: (move f6-2f f7-2f)
28.007: (move f6-2f f7-2f)
28.015: (pickup-and-loose f0-5f key0-1 key0-0)
28.015: (pickup-and-loose f0-5f key0-3 key0-0)
28.026: (move f7-1f f8-1f)
28.039: (move f8-2f f8-1f)
28.039: (unlock f8-1f f7-1f key2-4 shape2)
28.105: (move f6-2f f7-2f)
28.134: (move f6-2f f7-2f)
28.137: (move f6-2f f7-2f)
28.148: (move f6-2f f7-2f)
28.151: (move f6-2f f5-2f)
28.160: (move f6-2f f7-2f)
28.187: (move f6-2f f6-3f)
28.206: (move f7-2f f6-2f)
28.214: (move f6-2f f6-3f)
28.215: (move f6-2f f6-3f)
28.236: (move f6-2f f6-3f)
28.256: (move f6-2f f7-2f)
28.262: (move f6-2f f6-3f)
28.278: (move f6-2f f5-2f)
28.310: (move f6-2f f7-2f)
28.311: (move f6-2f f7-2f)
28.313: (unlock f7-3f f6-3f key2-4 shape2)
28.322: (move f6-2f f7-2f)
28.322: (move f6-2f f7-2f)
28.325: (move f6-2f f6-3f)
28.335: (move f6-2f f7-2f)
28.335: (move f6-2f f7-2f)
28.365: (move f6-2f f6-3f)
28.369: (move f6-2f f6-3f)
28.381: (move f6-2f f5-2f)
28.382: (move f6-2f f6-3f)
28.382: (move f6-2f f6-3f)
28.383: (move f6-2f f6-3f)
28.383: (move f6-2f f6-3f)
28.404: (unlock f7-3f f6-3f key2-4 shape2)
28.441: (move f7-2f f7-3f)
28.444: (move f5-1f f6-1f)
28.448: (move f5-1f f6-1f)
28.448: (move f5-1f f6-1f)
28.452: (move f7-2f f7-1f)
28.474: (putdown f0-5f key0-0)
28.492: (move f0-6f f0-7f)
28.493: (move f5-1f f6-1f)
28.498: (move f6-2f f6-1f)
28.498: (move f5-1f f6-1f)
28.504: (move f5-1f f6-1f)
28.512: (move f0-5f f0-6f)
28.512: (move f6-2f f6-1f)
28.512: (move f6-2f f6-1f)
28.512: (move f1-6f f0-6f)
28.556: (unlock f6-2f f6-3f key2-4 shape2)
28.558: (move f5-1f f6-1f)
28.565: (move f7-2f f8-2f)
28.578: (move f7-2f f8-2f)
28.579: (move f7-2f f8-2f)
28.584: (move f7-2f f8-2f)
28.599: (move f7-2f f8-2f)
28.602: (move f0-5f f0-4f)
28.604: (move f6-2f f6-1f)
28.621: (move f6-2f f6-1f)
28.625: (move f6-2f f6-1f)
28.639: (move f6-2f f6-1f)
28.650: (move f0-5f f1-5f)
28.680: (move f7-2f f8-2f)
28.687: (move f5-1f f6-1f)
28.687: (move f5-1f f6-1f)
28.690: (move f5-1f f6-1f)
28.690: (move f5-1f f6-1f)
28.692: (move f5-1f f6-1f)
28.692: (move f5-1f f6-1f)
28.701: (move f8-1f f8-2f)
28.702: (move f7-2f f8-2f)
28.708: (move f6-2f f6-1f)
28.724: (unlock f6-2f f6-3f key2-4 shape2)
28.724: (unlock f6-2f f6-3f key2-4 shape2)
28.726: (move f7-3f f8-3f)
28.734: (move f7-2f f8-2f)
28.737: (move f7-2f f8-2f)
28.743: (move f8-2f f8-3f)
28.743: (move f6-2f f6-1f)
28.745: (move f7-2f f8-2f)
28.745: (move f7-2f f8-2f)
28.748: (move f8-3f f8-2f)
28.752: (move f7-2f f8-2f)
28.755: (move f7-2f f8-2f)
28.755: (move f7-2f f8-2f)
28.771: (move f7-2f f8-2f)
28.776: (move f6-2f f6-1f)
28.776: (move f6-2f f6-1f)
28.793: (move f6-2f f6-1f)
28.793: (move f6-2f f6-1f)
28.793: (move f8-3f f8-2f)
28.799: (move f6-2f f6-1f)
28.799: (move f6-2f f6-1f)
28.807: (move f0-5f f0-6f)
28.812: (move f4-2f f5-2f)
28.817: (move f5-1f f5-2f)
28.817: (move f5-1f f5-2f)
28.818: (move f5-1f f5-2f)
28.822: (move f6-2f f6-1f)
28.823: (move f4-2f f5-2f)
28.823: (move f4-2f f5-2f)
28.826: (move f8-3f f8-2f)
28.831: (move f7-2f f8-2f)
28.833: (move f7-2f f8-2f)
28.849: (move f3-3f f3-2f)
28.877: (move f2-2f f3-2f)
28.878: (move f2-2f f2-1f)
28.892: (move f3-1f f2-1f)
28.902: (move f7-1f f8-1f)
28.913: (move f8-2f f8-1f)
28.917: (move f7-3f f7-4f)
28.921: (move f7-3f f7-4f)
28.922: (move f4-2f f5-2f)
28.922: (move f2-2f f2-1f)
28.922: (move f5-1f f5-2f)
28.926: (move f6-2f f6-1f)
28.945: (move f0-1f f1-1f)
28.970: (unlock f8-4f f8-5f key0-0 shape0)
28.979: (move f1-2f f2-2f)
28.981: (move f2-3f f2-2f)
28.984: (move f1-2f f1-1f)
28.993: (move f6-2f f5-2f)
28.993: (move f6-2f f5-2f)
29.002: (move f6-2f f5-2f)
29.027: (move f5-1f f5-2f)
29.027: (move f5-1f f5-2f)
29.030: (move f6-2f f5-2f)
29.032: (move f2-3f f2-2f)
29.033: (move f5-1f f5-2f)
29.033: (move f5-1f f5-2f)
29.033: (move f1-2f f2-2f)
29.038: (pickup-and-loose f7-2f key0-0 key2-4)
29.041: (unlock f7-5f f8-5f key0-0 shape0)
29.042: (move f5-1f f5-2f)
29.042: (move f5-1f f5-2f)
29.049: (move f7-1f f8-1f)
29.061: (move f8-2f f8-1f)
29.061: (move f5-2f f5-1f)
29.078: (move f6-1f f5-1f)
29.083: (move f6-2f f5-2f)
29.097: (move f1-2f f1-1f)
29.102: (move f7-2f f7-1f)
29.109: (move f7-2f f6-2f)
29.113: (move f5-2f f6-2f)
29.119: (move f2-2f f1-2f)
29.119: (move f6-2f f5-2f)
29.120: (move f3-2f f2-2f)
29.134: (move f6-1f f6-2f)
29.145: (move f6-2f f5-2f)
29.146: (move f6-2f f5-2f)
29.156: (move f8-2f f8-1f)
29.159: (move f6-2f f5-2f)
29.159: (move f6-2f f5-2f)
29.163: (move f6-1f f5-1f)
29.164: (move f6-2f f5-2f)
29.164: (move f6-2f f5-2f)
29.169: (move f5-2f f5-1f)
29.183: (move f5-2f f5-1f)
29.187: (move f2-1f f2-2f)
29.190: (move f6-1f f5-1f)
29.195: (move f3-2f f2-2f)
29.203: (move f7-3f f8-3f)
29.238: (move f4-0f f3-0f)
29.241: (move f5-2f f6-2f)
29.245: (move f6-1f f6-2f)
29.248: (move f3-1f f3-0f)
29.283: (move f8-3f f8-4f)
29.284: (move f7-4f f8-4f)
29.308: (move f7-2f f7-3f)
29.312: (move f6-1f f5-1f)
29.314: (move f7-2f f7-3f)
29.314: (move f7-2f f7-3f)
29.315: (move f6-3f f7-3f)
26.826: (unlock f7-2f f7-1f key2-4 shape2)
27.032: (move f7-3f f7-2f)
27.044: (unlock f7-2f f7-1f key2-4 shape2)
27.044: (move f6-2f f7-2f)
27.155: (move f7-3f f6-3f)
27.162: (move f6-2f f6-3f)
27.246: (move f7-3f f7-2f)
27.249: (move f6-2f f7-2f)
27.263: (move f7-3f f6-3f)
27.266: (move f6-2f f6-3f)
27.565: (move f7-2f f8-2f)
27.598: (unlock f6-2f f6-3f key2-4 shape2)
27.746: (move f8-2f f8-3f)
27.747: (move f7-3f f8-3f)
27.766: (move f7-3f f8-3f)
27.812: (unlock f6-1f f7-1f key2-4 shape2)
27.831: (move f6-2f f6-1f)
27.832: (move f7-1f f6-1f)
27.834: (move f7-2f f8-2f)
27.836: (move f8-3f f8-2f)
27.869: (move f6-2f f7-2f)
27.878: (move f7-3f f7-4f)
27.879: (move f7-3f f8-3f)
27.884: (move f7-2f f7-3f)
27.908: (unlock f6-1f f7-1f key2-4 shape2)
27.929: (move f6-2f f6-1f)
27.941: (move f7-3f f7-4f)
27.974: (move f6-2f f7-2f)
28.044: (pickup-and-loose f7-3f key0-2 key0-0)
28.045: (move f7-3f f7-4f)
28.069: (move f7-2f f6-2f)
28.107: (move f7-1f f8-1f)
28.114: (move f8-2f f8-1f)
28.129: (unlock f8-1f f7-1f key2-4 shape2)
28.132: (move f6-2f f7-2f)
28.143: (move f0-5f f1-5f)
28.221: (move f6-2f f5-2f)
28.250: (move f6-2f f7-2f)
28.251: (move f6-2f f7-2f)
28.255: (move f6-2f f6-3f)
28.298: (move f6-2f f6-3f)
28.298: (move f6-2f f6-3f)
28.328: (move f6-2f f5-2f)
28.379: (move f7-2f f7-3f)
28.390: (unlock f7-3f f6-3f key2-4 shape2)
28.448: (move f6-2f f5-2f)
28.505: (move f0-6f f0-7f)
28.540: (move f0-6f f0-7f)
28.559: (move f1-5f f1-4f)
28.564: (move f0-4f f1-4f)
28.564: (move f0-5f f0-6f)
28.598: (move f7-3f f7-4f)
28.627: (unlock f6-2f f6-3f key2-4 shape2)
28.640: (move f7-2f f8-2f)
28.641: (move f0-5f f0-4f)
28.642: (move f7-2f f8-2f)
28.654: (unlock f6-2f f6-3f key2-4 shape2)
28.662: (move f7-3f f8-3f)
28.670: (move f6-2f f6-1f)
28.670: (move f7-2f f8-2f)
28.671: (move f7-2f f8-2f)
28.671: (move f7-3f f8-3f)
28.671: (move f7-3f f8-3f)
28.695: (move f8-2f f8-3f)
28.714: (move f6-2f f6-1f)
28.715: (move f6-2f f6-1f)
28.718: (move f8-2f f8-3f)
28.718: (move f8-2f f8-3f)
28.723: (move f8-2f f8-3f)
28.759: (move f8-2f f8-3f)
28.767: (move f7-5f f7-4f)
28.773: (move f8-4f f7-4f)
28.792: (move f7-2f f8-2f)
28.809: (putdown f7-3f key0-0)
28.811: (move f7-2f f8-2f)
28.812: (move f7-2f f8-2f)
28.815: (move f7-2f f8-2f)
28.822: (move f7-3f f7-4f)
28.829: (move f6-3f f6-4f)
28.832: (putdown f0-7f key0-0)
28.832: (move f7-4f f6-4f)
28.842: (move f8-2f f8-3f)
28.847: (move f1-5f f2-5f)
28.858: (move f8-2f f8-3f)
28.866: (move f8-2f f8-3f)
28.866: (move f7-3f f7-4f)
28.866: (move f7-3f f7-4f)
28.869: (move f8-3f f8-2f)
28.871: (move f7-2f f8-2f)
28.875: (move f8-2f f8-3f)
28.875: (move f8-2f f8-3f)
28.877: (move f7-3f f8-3f)
28.879: (move f8-2f f8-3f)
28.879: (move f8-2f f8-3f)
28.892: (move f8-2f f8-3f)
28.893: (move f2-1f f3-1f)
28.893: (move f3-2f f3-1f)
28.893: (move f7-3f f8-3f)
28.896: (move f8-2f f8-3f)
28.901: (move f1-1f f2-1f)
28.914: (move f2-2f f2-1f)
28.928: (move f2-2f f3-2f)
28.931: (move f7-2f f8-2f)
28.941: (move f5-1f f4-1f)
28.944: (move f2-2f f3-2f)
28.957: (move f1-1f f2-1f)
28.962: (move f7-2f f8-2f)
28.962: (move f7-2f f8-2f)
28.965: (move f7-2f f8-2f)
28.965: (move f7-2f f8-2f)
28.966: (move f2-2f f2-1f)
28.973: (move f2-2f f2-1f)
28.973: (move f1-2f f1-1f)
28.983: (move f3-1f f2-1f)
28.985: (move f7-2f f8-2f)
28.987: (move f7-2f f8-2f)
28.988: (move f8-2f f8-1f)
28.996: (move f8-2f f8-1f)
28.996: (move f8-2f f8-1f)
28.999: (move f6-2f f6-1f)
29.012: (move f2-1f f1-1f)
29.032: (move f8-2f f8-1f)
29.033: (move f5-1f f4-1f)
29.039: (move f6-2f f5-2f)
29.063: (move f7-3f f7-4f)
29.075: (move f8-4f f8-3f)
29.081: (move f6-2f f5-2f)
29.082: (move f6-2f f5-2f)
29.093: (move f5-1f f4-1f)
29.106: (move f8-2f f8-1f)
29.126: (move f5-2f f5-1f)
29.126: (move f5-2f f5-1f)
29.127: (move f5-2f f5-1f)
29.131: (move f8-2f f8-1f)
29.133: (move f6-1f f5-1f)
29.134: (move f8-2f f8-1f)
29.135: (move f2-1f f1-1f)
29.136: (move f8-2f f8-1f)
29.140: (move f6-1f f5-1f)
29.142: (move f6-1f f5-1f)
29.155: (move f5-2f f5-1f)
29.159: (move f8-2f f8-1f)
29.159: (move f8-2f f8-1f)
29.159: (move f0-5f f1-5f)
29.160: (move f0-5f f1-5f)
29.160: (move f8-2f f8-1f)
29.160: (move f8-2f f8-1f)
29.162: (move f7-2f f7-1f)
29.168: (move f6-1f f5-1f)
29.182: (move f6-1f f6-2f)
29.182: (move f6-1f f6-2f)
29.182: (move f5-2f f6-2f)
29.188: (move f6-1f f5-1f)
29.189: (move f7-2f f6-2f)
29.192: (move f6-1f f6-2f)
29.192: (move f5-2f f5-1f)
29.194: (move f5-2f f6-2f)
29.194: (move f5-2f f6-2f)
29.200: (move f0-4f f0-3f)
29.211: (move f6-1f f5-1f)
29.226: (move f6-3f f5-3f)
29.230: (move f5-2f f5-1f)
29.233: (move f5-2f f5-3f)
29.234: (move f8-3f f8-4f)
29.236: (move f7-4f f8-4f)
29.237: (move f8-2f f8-1f)
29.248: (move f5-2f f5-1f)
29.256: (move f5-2f f6-2f)
29.258: (move f6-1f f5-1f)
29.267: (unlock f7-3f f6-3f key2-4 shape2)
29.271: (move f8-2f f8-1f)
29.272: (unlock f7-3f f6-3f key2-4 shape2)
29.272: (unlock f7-3f f6-3f key2-4 shape2)
29.272: (move f5-2f f5-1f)
29.272: (move f5-2f f5-1f)
29.273: (move f6-1f f6-2f)
29.277: (move f6-1f f5-1f)
29.277: (move f6-1f f5-1f)
29.280: (move f6-3f f7-3f)
29.284: (move f6-3f f7-3f)
29.285: (move f6-3f f7-3f)
29.285: (move f7-2f f7-3f)
29.288: (move f7-2f f7-3f)
29.291: (move f7-2f f7-3f)
29.296: (move f5-1f f4-1f)
29.300: (move f5-2f f5-1f)
29.301: (move f6-1f f5-1f)
29.301: (move f6-1f f5-1f)
29.302: (move f6-1f f5-1f)
29.302: (move f6-1f f5-1f)
29.306: (move f5-2f f5-1f)
29.306: (move f5-2f f5-1f)
29.311: (move f5-2f f5-1f)
29.320: (move f7-4f f7-5f)
29.340: (move f3-1f f3-0f)
29.351: (move f7-4f f8-4f)
29.354: (move f8-3f f8-4f)
29.372: (move f6-1f f5-1f)
29.377: (move f6-3f f7-3f)
29.379: (move f7-4f f6-4f)
27.104: (move f7-3f f7-2f)
27.117: (unlock f7-2f f7-1f key2-4 shape2)
27.117: (move f6-2f f7-2f)
27.219: (move f7-3f f6-3f)
27.225: (move f6-2f f6-3f)
27.486: (unlock f6-2f f6-3f key2-4 shape2)
27.513: (move f7-2f f8-2f)
27.621: (move f4-1f f3-1f)
27.690: (move f7-3f f8-3f)
27.697: (move f8-2f f8-3f)
27.731: (move f4-1f f3-1f)
27.778: (move f7-3f f7-4f)
27.785: (move f7-2f f8-2f)
27.785: (move f8-3f f8-2f)
27.832: (move f7-3f f8-3f)
27.873: (move f4-1f f3-1f)
27.909: (move f8-3f f8-2f)
27.910: (move f7-2f f8-2f)
27.949: (move f6-2f f7-2f)
27.949: (move f6-2f f7-2f)
27.950: (move f6-2f f7-2f)
27.963: (move f0-6f f1-6f)
27.973: (move f1-5f f1-6f)
27.974: (move f7-4f f7-3f)
27.988: (move f8-3f f7-3f)
27.995: (unlock f6-1f f7-1f key2-4 shape2)
27.998: (move f6-2f f7-2f)
28.005: (move f6-2f f6-1f)
28.031: (move f7-3f f7-4f)
28.052: (move f7-2f f6-2f)
28.107: (move f6-2f f7-2f)
28.136: (pickup-and-loose f7-3f key0-2 key0-0)
28.138: (move f6-2f f7-2f)
28.149: (move f6-2f f5-2f)
28.158: (move f6-2f f6-3f)
28.262: (move f6-2f f6-3f)
28.296: (move f7-2f f7-1f)
28.317: (unlock f7-3f f6-3f key2-4 shape2)
28.354: (move f7-2f f7-3f)
28.395: (move f6-2f f5-2f)
28.548: (move f7-2f f7-1f)
28.550: (move f6-1f f7-1f)
28.561: (move f7-2f f8-2f)
28.576: (move f1-5f f1-4f)
28.576: (move f0-6f f0-7f)
28.576: (move f0-4f f1-4f)
28.594: (move f6-2f f6-1f)
28.655: (unlock f6-2f f6-3f key2-4 shape2)
28.671: (unlock f6-2f f6-3f key2-4 shape2)
28.675: (unlock f6-2f f6-3f key2-4 shape2)
28.675: (unlock f6-2f f6-3f key2-4 shape2)
28.678: (move f7-3f f7-4f)
28.688: (move f7-2f f8-2f)
28.695: (move f6-2f f6-1f)
28.708: (move f8-3f f8-2f)
28.720: (move f6-2f f6-1f)
28.724: (putdown f0-7f key2-0)
28.770: (move f8-2f f8-3f)
28.771: (unlock f6-4f f6-3f key2-4 shape2)
28.776: (move f6-3f f6-4f)
28.778: (move f1-5f f2-5f)
28.780: (move f7-4f f6-4f)
28.808: (move f7-3f f8-3f)
28.812: (move f8-2f f8-3f)
28.812: (move f8-2f f8-3f)
28.827: (move f7-3f f8-3f)
28.834: (move f8-2f f8-3f)
28.834: (move f7-2f f8-2f)
28.839: (move f7-3f f7-4f)
28.841: (move f7-3f f8-3f)
28.846: (move f8-2f f8-3f)
28.847: (putdown f0-7f key0-0)
28.849: (move f7-3f f8-3f)
28.857: (move f8-2f f8-3f)
28.857: (move f8-2f f8-3f)
28.861: (move f8-2f f8-3f)
28.878: (putdown f7-3f key0-0)
28.896: (move f7-4f f6-4f)
28.898: (move f6-3f f6-4f)
28.901: (move f7-2f f8-2f)
28.901: (move f7-2f f8-2f)
28.929: (move f8-2f f8-3f)
28.933: (move f1-5f f1-6f)
28.933: (move f1-5f f1-6f)
28.944: (move f7-3f f8-3f)
28.947: (move f3-2f f3-1f)
28.947: (move f2-1f f3-1f)
28.981: (move f2-1f f3-1f)
28.982: (move f3-2f f3-1f)
28.982: (move f5-1f f4-1f)
28.984: (move f5-1f f4-1f)
28.984: (move f5-1f f4-1f)
28.985: (move f8-2f f8-3f)
28.988: (move f7-3f f7-4f)
28.988: (move f6-2f f5-2f)
28.991: (move f3-1f f4-1f)
29.016: (move f7-3f f7-4f)
29.016: (move f8-2f f8-3f)
29.017: (move f8-2f f8-3f)
29.019: (move f7-3f f7-4f)
29.025: (move f8-2f f8-1f)
29.033: (move f7-3f f7-4f)
29.035: (move f8-2f f8-3f)
29.035: (move f8-2f f8-3f)
29.038: (move f8-2f f8-3f)
29.040: (move f8-2f f8-3f)
29.043: (move f5-1f f4-1f)
29.054: (move f5-1f f4-1f)
29.069: (move f8-2f f8-1f)
29.069: (move f8-2f f8-1f)
29.077: (move f8-2f f8-1f)
29.097: (move f6-2f f5-2f)
29.118: (move f7-3f f8-3f)
29.149: (move f5-1f f4-1f)
29.155: (move f5-1f f4-1f)
29.155: (move f5-1f f4-1f)
29.156: (move f4-1f f3-1f)
29.161: (move f5-1f f4-1f)
29.170: (move f6-3f f5-3f)
29.171: (pickup-and-loose f7-2f key0-0 key2-4)
29.173: (move f5-2f f5-1f)
29.174: (move f5-1f f4-1f)
29.174: (move f5-1f f4-1f)
29.175: (move f5-2f f5-3f)
29.184: (move f5-1f f4-1f)
29.184: (move f5-1f f4-1f)
29.198: (move f6-1f f5-1f)
29.208: (move f8-2f f8-1f)
29.213: (pickup-and-loose f7-2f key0-2 key2-4)
29.215: (move f7-3f f7-2f)
29.215: (move f8-2f f8-1f)
29.215: (move f8-2f f8-1f)
29.230: (move f2-1f f1-1f)
29.230: (move f5-2f f5-1f)
29.230: (move f5-2f f5-1f)
29.245: (move f0-4f f0-3f)
29.246: (move f8-2f f8-1f)
29.252: (move f6-1f f5-1f)
29.252: (move f6-1f f5-1f)
29.254: (move f7-5f f6-5f)
29.261: (move f6-4f f6-5f)
29.265: (move f6-1f f5-1f)
29.268: (move f5-2f f5-1f)
29.277: (move f8-2f f8-1f)
29.290: (move f7-2f f7-3f)
29.304: (move f7-4f f8-4f)
29.304: (move f8-3f f8-4f)
29.308: (move f5-2f f5-3f)
29.311: (move f6-3f f5-3f)
29.314: (move f8-2f f8-1f)
29.322: (move f8-2f f8-1f)
29.324: (move f7-4f f8-4f)
29.338: (move f8-3f f8-4f)
29.341: (move f7-2f f7-1f)
29.344: (move f8-1f f7-1f)
29.344: (move f5-2f f5-1f)
29.350: (move f6-1f f5-1f)
29.353: (move f5-1f f4-1f)
29.355: (move f8-1f f7-1f)
29.355: (move f8-1f f7-1f)
29.360: (move f8-2f f8-1f)
29.361: (move f8-2f f8-1f)
29.362: (move f8-1f f7-1f)
29.378: (move f8-2f f8-1f)
29.379: (move f8-2f f8-1f)
29.380: (move f7-2f f7-3f)
29.382: (move f7-4f f7-5f)
29.382: (move f6-3f f7-3f)
29.383: (move f7-2f f7-3f)
29.384: (move f6-3f f7-3f)
29.387: (move f8-2f f8-1f)
29.387: (move f8-2f f8-1f)
29.389: (move f7-4f f7-5f)
29.402: (move f6-4f f6-5f)
29.419: (move f8-3f f8-4f)
29.422: (move f7-4f f8-4f)
29.426: (move f7-2f f7-3f)
29.426: (move f8-1f f7-1f)
29.427: (move f6-3f f7-3f)
29.431: (move f3-1f f3-0f)
29.434: (move f8-3f f7-3f)
29.444: (move f2-1f f2-0f)
29.445: (move f8-3f f7-3f)
29.448: (move f7-4f f6-4f)
29.472: (move f8-2f f9-2f)
29.472: (move f7-2f f7-1f)
29.477: (move f7-4f f6-4f)
29.479: (move f8-3f f7-3f)
29.482: (move f8-3f f7-3f)
29.482: (move f4-1f f4-0f)
29.483: (move f8-3f f7-3f)
29.487: (move f1-4f f2-4f)
29.487: (move f8-3f f7-3f)
29.489: (move f8-3f f7-3f)
29.489: (move f7-2f f7-3f)
29.490: (pickup-and-loose f7-2f key0-0 key2-4)
29.496: (move f8-1f f7-1f)
29.496: (move f3-2f f3-3f)
29.498: (move f4-1f f4-2f)
29.499: (move f7-4f f7-5f)
27.134: (move f7-3f f7-2f)
27.135: (move f6-2f f7-2f)
27.196: (move f7-3f f6-3f)
27.197: (move f6-2f f6-3f)
27.453: (unlock f6-2f f6-3f key2-4 shape2)
27.660: (move f7-3f f8-3f)
27.664: (move f8-2f f8-3f)
27.695: (move f4-1f f3-1f)
27.696: (unlock f6-1f f7-1f key2-4 shape2)
27.699: (move f7-1f f6-1f)
27.703: (move f6-2f f6-1f)
27.710: (move f4-1f f3-1f)
27.711: (move f4-1f f3-1f)
27.785: (move f7-3f f7-4f)
27.789: (move f4-1f f3-1f)
27.794: (move f7-3f f8-3f)
27.817: (move f7-2f f7-3f)
27.821: (move f4-1f f3-1f)
27.854: (move f4-1f f3-1f)
27.854: (move f4-1f f3-1f)
27.857: (move f4-1f f3-1f)
27.858: (move f8-3f f8-2f)
27.860: (move f7-2f f8-2f)
27.881: (move f4-1f f3-1f)
27.881: (move f4-1f f3-1f)
27.882: (move f4-1f f3-1f)
27.883: (move f4-1f f3-1f)
27.899: (move f7-2f f7-3f)
27.948: (move f7-3f f7-4f)
27.974: (move f7-1f f8-1f)
27.976: (unlock f8-1f f7-1f key2-4 shape2)
27.977: (move f8-2f f8-1f)
28.090: (move f6-2f f5-2f)
28.157: (move f6-2f f7-2f)
28.158: (move f6-2f f7-2f)
28.160: (move f6-2f f7-2f)
28.170: (move f6-2f f7-2f)
28.214: (move f6-2f f6-3f)
28.216: (pickup-and-loose f7-3f key0-2 key0-0)
28.232: (move f7-1f f8-1f)
28.233: (move f8-2f f8-1f)
28.235: (unlock f8-1f f7-1f key2-4 shape2)
28.241: (move f6-2f f6-3f)
28.242: (move f6-2f f6-3f)
28.294: (unlock f7-3f f6-3f key2-4 shape2)
28.294: (move f6-2f f6-3f)
28.322: (move f6-2f f5-2f)
28.622: (move f7-2f f8-2f)
28.623: (move f7-2f f7-1f)
28.624: (move f7-2f f8-2f)
28.625: (move f6-1f f7-1f)
28.630: (move f7-2f f8-2f)
28.659: (move f7-3f f8-3f)
28.663: (move f6-2f f6-1f)
28.664: (move f6-2f f6-1f)
28.665: (move f6-2f f6-1f)
28.672: (move f8-2f f8-3f)
28.718: (move f7-2f f8-2f)
28.734: (move f7-2f f6-2f)
28.742: (putdown f0-7f key2-0)
28.758: (move f6-2f f6-1f)
28.774: (move f8-2f f8-3f)
28.790: (move f4-2f f3-2f)
28.792: (move f3-1f f3-2f)
28.793: (move f7-3f f8-3f)
28.796: (move f7-2f f8-2f)
28.802: (move f7-2f f8-2f)
28.808: (move f7-2f f8-2f)
28.815: (move f8-3f f8-2f)
28.823: (move f7-2f f6-2f)
28.824: (move f7-3f f7-4f)
28.828: (unlock f6-4f f6-3f key2-4 shape2)
28.838: (move f3-1f f2-1f)
28.844: (move f6-3f f6-4f)
28.845: (move f7-3f f8-3f)
28.845: (move f7-4f f6-4f)
28.865: (move f6-2f f6-1f)
28.868: (move f8-2f f8-3f)
28.878: (move f7-2f f8-2f)
28.879: (move f7-2f f8-2f)
28.886: (move f7-3f f7-4f)
28.888: (move f3-1f f3-2f)
28.894: (move f3-1f f2-1f)
28.912: (move f7-3f f7-4f)
28.942: (move f7-3f f7-4f)
28.947: (move f7-3f f7-4f)
28.951: (move f7-3f f8-3f)
28.951: (putdown f7-3f key0-0)
28.952: (move f7-3f f8-3f)
28.956: (move f7-1f f8-1f)
28.958: (move f8-2f f8-1f)
28.959: (move f8-2f f8-3f)
28.959: (move f8-2f f8-3f)
28.980: (unlock f8-4f f8-5f key0-0 shape0)
28.982: (move f7-3f f7-4f)
28.998: (move f4-1f f5-1f)
29.000: (move f7-3f f7-4f)
29.012: (move f7-3f f7-4f)
29.024: (move f5-1f f4-1f)
29.032: (move f3-1f f4-1f)
29.036: (move f7-3f f7-4f)
29.036: (move f7-3f f7-4f)
29.040: (unlock f7-5f f8-5f key0-0 shape0)
29.043: (move f6-2f f5-2f)
29.050: (move f6-2f f5-2f)
29.051: (move f6-2f f5-2f)
29.063: (move f6-5f f6-6f)
29.065: (move f3-1f f4-1f)
29.071: (move f7-3f f7-4f)
29.077: (move f5-1f f4-1f)
29.077: (move f5-1f f4-1f)
29.084: (move f4-1f f3-1f)
29.103: (move f3-1f f3-2f)
29.108: (move f7-3f f7-4f)
29.110: (move f7-3f f7-4f)
29.113: (move f5-2f f5-1f)
29.121: (move f6-2f f5-2f)
29.123: (move f6-1f f5-1f)
29.123: (move f8-2f f8-1f)
29.138: (move f7-1f f8-1f)
29.145: (move f3-1f f2-1f)
29.181: (move f4-0f f3-0f)
29.195: (move f3-1f f3-0f)
29.204: (move f4-1f f3-1f)
29.216: (move f7-3f f8-3f)
29.229: (move f5-1f f4-1f)
29.230: (move f7-4f f8-4f)
29.233: (move f8-3f f8-4f)
29.237: (pickup-and-loose f7-2f key0-0 key2-4)
29.238: (move f5-2f f5-1f)
29.248: (move f6-1f f5-1f)
29.252: (move f5-2f f5-3f)
29.254: (unlock f7-3f f6-3f key2-4 shape2)
29.256: (move f6-3f f7-3f)
29.256: (move f6-3f f5-3f)
29.261: (move f7-2f f7-3f)
29.271: (move f6-1f f5-1f)
29.273: (move f3-1f f3-0f)
29.274: (move f5-2f f5-1f)
29.276: (move f6-5f f5-5f)
29.276: (move f8-2f f8-1f)
29.286: (move f6-5f f6-6f)
29.309: (move f8-2f f8-1f)
29.310: (move f7-3f f7-2f)
29.310: (move f8-2f f8-1f)
29.313: (move f7-4f f7-5f)
29.320: (move f3-1f f3-2f)
29.329: (move f7-5f f6-5f)
29.331: (move f6-4f f6-5f)
29.336: (move f7-2f f7-1f)
29.348: (move f5-1f f4-1f)
29.349: (move f7-2f f6-2f)
29.351: (move f7-2f f7-1f)
29.354: (move f8-2f f8-1f)
29.355: (move f7-2f f7-3f)
29.362: (move f7-2f f7-3f)
29.362: (move f7-4f f6-4f)
29.363: (move f7-2f f7-3f)
29.363: (move f6-4f f6-5f)
29.368: (putdown f1-6f key0-1)
29.368: (putdown f1-6f key0-3)
29.369: (move f3-1f f3-0f)
29.375: (move f3-1f f2-1f)
29.389: (move f7-4f f8-4f)
29.395: (unlock f7-3f f6-3f key2-4 shape2)
29.396: (move f8-2f f7-2f)
29.397: (move f7-2f f7-1f)
29.397: (move f7-2f f7-1f)
29.399: (unlock f7-3f f6-3f key2-4 shape2)
29.402: (move f8-1f f7-1f)
29.404: (move f8-2f f9-2f)
29.404: (move f8-3f f8-4f)
29.404: (move f8-3f f7-3f)
29.404: (move f8-3f f7-3f)
29.404: (unlock f7-3f f6-3f key2-4 shape2)
29.405: (unlock f7-3f f6-3f key2-4 shape2)
29.406: (move f7-2f f7-1f)
29.410: (move f8-3f f7-3f)
29.415: (move f7-5f f6-5f)
29.417: (move f7-3f f7-2f)
29.417: (move f5-2f f5-1f)
29.423: (move f8-3f f7-3f)
29.424: (move f6-1f f5-1f)
29.429: (move f2-0f f3-0f)
29.431: (unlock f7-3f f6-3f key2-4 shape2)
29.431: (unlock f7-3f f6-3f key2-4 shape2)
29.435: (move f8-3f f7-3f)
29.435: (move f8-3f f7-3f)
29.438: (move f7-2f f7-3f)
29.438: (move f8-3f f7-3f)
29.438: (move f8-3f f7-3f)
29.440: (move f6-3f f7-3f)
29.443: (unlock f7-3f f6-3f key2-4 shape2)
29.445: (move f8-1f f7-1f)
29.445: (move f8-1f f7-1f)
29.450: (move f8-3f f7-3f)
29.450: (move f8-3f f7-3f)
29.452: (move f3-1f f3-0f)
29.456: (move f7-4f f7-5f)
29.466: (move f3-0f f2-0f)
26.887: (pickup-and-loose f7-2f key2-4 key0-2)
26.993: (move f7-3f f7-2f)
27.001: (unlock f7-2f f7-1f key2-4 shape2)
27.001: (move f6-2f f7-2f)
27.096: (pickup-and-loose f7-2f key2-4 key0-0)
27.148: (move f7-3f f6-3f)
27.156: (move f6-2f f6-3f)
27.581: (move f5-1f f6-1f)
27.755: (move f8-3f f8-2f)
27.756: (move f7-2f f8-2f)
27.756: (move f7-3f f8-3f)
27.766: (move f4-1f f3-1f)
27.806: (move f4-1f f3-1f)
27.806: (move f4-1f f3-1f)
27.865: (unlock f6-1f f7-1f key2-4 shape2)
27.871: (move f6-2f f6-1f)
27.880: (move f7-2f f7-3f)
27.940: (move f7-3f f7-4f)
27.994: (move f5-1f f5-2f)
28.053: (pickup-and-loose f7-3f key0-2 key0-0)
28.155: (pickup-and-loose f7-3f key0-2 key0-0)
28.269: (move f6-2f f5-2f)
28.296: (unlock f8-1f f7-1f key2-4 shape2)
28.299: (move f7-1f f8-1f)
28.313: (move f8-2f f8-1f)
28.670: (move f6-2f f6-3f)
28.675: (move f7-3f f6-3f)
28.728: (move f7-3f f8-3f)
28.732: (move f7-3f f8-3f)
28.734: (move f6-2f f6-3f)
28.737: (move f7-3f f6-3f)
28.745: (move f8-2f f8-3f)
28.749: (move f7-3f f8-3f)
28.764: (move f8-2f f8-3f)
28.765: (move f8-2f f8-3f)
28.771: (move f7-4f f6-4f)
28.773: (move f6-3f f6-4f)
28.782: (unlock f6-4f f6-3f key2-4 shape2)
28.792: (move f8-4f f7-4f)
28.793: (move f7-5f f7-4f)
28.807: (move f7-2f f6-2f)
28.808: (move f7-3f f8-3f)
28.808: (move f8-2f f8-3f)
28.820: (move f8-2f f8-3f)
28.850: (move f7-3f f7-4f)
28.852: (move f7-2f f8-2f)
28.852: (move f7-2f f8-2f)
28.856: (move f7-2f f8-2f)
28.858: (putdown f7-3f key0-0)
28.858: (move f3-1f f3-2f)
28.864: (move f8-2f f8-3f)
28.872: (move f3-1f f3-2f)
28.872: (move f3-1f f3-2f)
28.879: (move f7-2f f8-2f)
28.888: (move f7-2f f8-2f)
28.888: (move f7-3f f7-4f)
28.889: (move f7-3f f8-3f)
28.891: (move f8-3f f8-2f)
28.900: (move f7-3f f7-4f)
28.904: (move f3-1f f2-1f)
28.912: (move f7-2f f8-2f)
28.917: (move f3-1f f2-1f)
28.919: (move f3-1f f2-1f)
28.922: (move f7-3f f7-4f)
28.925: (move f7-3f f7-4f)
28.930: (move f7-3f f7-4f)
28.932: (move f7-3f f7-4f)
28.932: (unlock f3-2f f2-2f key2-4 shape2)
28.936: (putdown f7-3f key0-0)
28.949: (move f5-1f f4-1f)
28.955: (move f3-1f f3-2f)
28.982: (move f3-1f f3-2f)
28.987: (move f7-3f f7-4f)
28.988: (move f2-1f f2-2f)
28.988: (move f3-2f f2-2f)
28.988: (move f3-1f f2-1f)
28.990: (move f7-3f f7-4f)
28.996: (unlock f2-1f f2-2f key2-4 shape2)
29.005: (move f3-1f f2-1f)
29.013: (move f7-1f f8-1f)
29.019: (move f3-1f f3-2f)
29.021: (move f8-2f f8-1f)
29.023: (move f3-1f f3-2f)
29.026: (move f8-2f f8-3f)
29.029: (move f8-2f f8-1f)
29.030: (move f7-1f f8-1f)
29.030: (move f7-1f f8-1f)
29.030: (move f8-2f f8-1f)
29.038: (move f7-3f f8-3f)
29.039: (unlock f8-4f f8-5f key0-0 shape0)
29.043: (move f3-1f f3-2f)
29.043: (move f3-1f f3-2f)
29.045: (move f4-1f f5-1f)
29.046: (move f3-1f f3-2f)
29.046: (move f3-1f f3-2f)
29.051: (move f3-1f f3-2f)
29.066: (move f3-2f f2-2f)
29.066: (move f2-1f f2-2f)
29.066: (move f7-3f f7-4f)
29.066: (move f3-1f f2-1f)
29.067: (move f3-1f f2-1f)
29.073: (move f4-1f f5-1f)
29.077: (move f8-4f f8-3f)
29.085: (move f3-1f f2-1f)
29.085: (move f3-1f f2-1f)
29.087: (move f3-1f f2-1f)
29.087: (move f3-1f f2-1f)
29.092: (move f7-3f f7-4f)
29.101: (move f3-1f f2-1f)
29.101: (move f2-1f f1-1f)
29.104: (move f8-2f f8-3f)
29.106: (move f7-3f f8-3f)
29.114: (move f5-1f f4-1f)
29.116: (move f2-1f f1-1f)
29.119: (unlock f7-5f f8-5f key0-0 shape0)
29.133: (move f6-5f f6-6f)
29.134: (move f6-1f f5-1f)
29.135: (move f5-2f f5-1f)
29.149: (move f4-1f f3-1f)
29.155: (move f8-2f f8-1f)
29.157: (move f7-3f f7-4f)
29.157: (move f7-3f f7-4f)
29.161: (move f3-1f f3-2f)
29.162: (move f7-3f f7-4f)
29.167: (move f5-2f f5-3f)
29.168: (move f6-3f f5-3f)
29.178: (move f8-3f f8-4f)
29.178: (move f7-4f f8-4f)
29.183: (move f5-2f f5-1f)
29.183: (move f7-3f f7-4f)
29.183: (move f7-3f f7-4f)
29.186: (move f7-3f f7-4f)
29.188: (move f7-3f f7-4f)
29.191: (move f8-2f f8-1f)
29.193: (move f5-2f f5-1f)
29.193: (move f5-2f f5-1f)
29.193: (move f6-1f f5-1f)
29.194: (move f3-2f f2-2f)
29.195: (move f5-1f f4-1f)
29.196: (move f2-1f f2-2f)
29.200: (move f6-1f f5-1f)
29.201: (move f7-5f f6-5f)
29.201: (move f6-1f f5-1f)
29.202: (move f3-1f f2-1f)
29.236: (move f6-4f f6-5f)
29.244: (move f6-5f f6-6f)
29.250: (move f2-1f f1-1f)
29.253: (move f5-2f f5-1f)
29.261: (move f3-1f f3-0f)
29.265: (move f7-4f f7-5f)
29.268: (move f4-1f f3-1f)
29.276: (move f3-1f f3-0f)
29.276: (move f6-1f f5-1f)
29.276: (move f3-1f f3-0f)
29.290: (move f3-1f f3-2f)
29.300: (move f7-2f f6-2f)
29.311: (move f7-3f f8-3f)
29.318: (move f8-2f f8-1f)
29.321: (move f2-1f f1-1f)
29.323: (move f7-4f f6-4f)
29.325: (unlock f7-3f f6-3f key2-4 shape2)
29.325: (move f7-2f f7-3f)
29.326: (unlock f7-3f f6-3f key2-4 shape2)
29.326: (move f6-3f f7-3f)
29.328: (move f6-3f f7-3f)
29.328: (move f6-3f f7-3f)
29.334: (unlock f7-3f f6-3f key2-4 shape2)
29.334: (move f7-2f f7-3f)
29.334: (move f7-2f f7-3f)
29.343: (move f5-5f f4-5f)
29.343: (move f3-1f f3-0f)
29.344: (move f3-1f f2-1f)
29.351: (move f6-5f f5-5f)
29.360: (move f3-1f f3-0f)
29.365: (move f3-1f f3-0f)
29.395: (move f0-7f f0-6f)
29.410: (move f8-3f f8-4f)
29.411: (move f7-4f f8-4f)
29.422: (move f3-1f f3-0f)
29.422: (move f6-1f f5-1f)
29.422: (move f3-1f f3-0f)
29.424: (move f7-2f f7-1f)
29.426: (move f7-2f f7-1f)
29.427: (move f5-2f f5-1f)
29.443: (move f6-4f f6-5f)
29.443: (move f7-2f f6-2f)
29.445: (move f3-1f f3-0f)
29.445: (move f3-1f f3-0f)
29.445: (move f3-1f f3-0f)
29.446: (move f3-1f f3-0f)
29.446: (move f5-1f f4-1f)
29.451: (move f3-0f f2-0f)
29.467: (move f6-5f f5-5f)
29.473: (move f6-3f f7-3f)
29.474: (move f7-2f f7-3f)
29.474: (move f3-0f f2-0f)
29.475: (move f2-1f f2-0f)
29.481: (move f2-1f f2-0f)
29.481: (move f5-5f f5-4f)
29.485: (move f7-4f f7-5f)
26.987: (unlock f7-2f f7-1f key2-4 shape2)
27.592: (move f7-2f f8-2f)
27.620: (move f5-1f f6-1f)
27.663: (move f5-1f f6-1f)
27.677: (move f4-1f f3-1f)
27.704: (move f8-3f f8-2f)
27.705: (move f7-2f f8-2f)
27.757: (move f7-2f f8-2f)
27.926: (move f4-1f f3-1f)
27.976: (move f7-4f f7-3f)
27.981: (move f8-3f f7-3f)
27.992: (move f5-2f f6-2f)
27.992: (move f6-1f f6-2f)
28.034: (move f5-1f f5-2f)
28.071: (move f5-1f f5-2f)
28.101: (move f0-6f f1-6f)
28.131: (move f7-2f f6-2f)
28.142: (pickup-and-loose f7-3f key0-2 key0-0)
28.221: (move f6-1f f7-1f)
28.269: (move f7-2f f6-2f)
28.374: (move f7-2f f7-1f)
28.425: (move f7-2f f7-3f)
28.465: (move f6-1f f7-1f)
28.468: (move f7-2f f7-1f)
28.502: (move f7-2f f7-3f)
28.707: (move f8-3f f8-2f)
28.710: (unlock f6-4f f6-3f key2-4 shape2)
28.715: (move f7-4f f6-4f)
28.718: (move f6-3f f6-4f)
28.731: (move f7-3f f6-3f)
28.733: (move f6-2f f6-3f)
28.864: (move f8-4f f7-4f)
28.869: (move f7-5f f7-4f)
28.885: (move f7-3f f8-3f)
28.886: (move f8-2f f8-3f)
28.905: (move f8-2f f8-3f)
28.909: (move f8-2f f8-3f)
28.909: (move f8-2f f8-3f)
28.916: (unlock f3-2f f2-2f key2-4 shape2)
28.920: (move f7-3f f6-3f)
28.920: (move f7-3f f8-3f)
28.922: (move f7-3f f8-3f)
28.923: (putdown f7-3f key0-0)
28.926: (move f7-3f f7-4f)
28.926: (move f3-1f f3-2f)
28.927: (move f7-3f f8-3f)
28.929: (move f0-6f f0-5f)
28.950: (move f8-3f f8-2f)
28.958: (unlock f2-1f f2-2f key2-4 shape2)
28.966: (move f3-1f f3-2f)
28.967: (move f3-1f f3-2f)
28.974: (move f3-1f f2-1f)
28.989: (move f6-3f f6-4f)
28.989: (move f7-4f f6-4f)
29.010: (move f7-3f f6-3f)
29.011: (move f3-1f f2-1f)
29.012: (move f3-1f f2-1f)
29.030: (move f7-3f f7-4f)
29.032: (move f5-1f f4-1f)
29.035: (move f6-3f f6-4f)
29.037: (move f5-1f f4-1f)
29.037: (move f5-1f f4-1f)
29.043: (move f7-4f f6-4f)
29.058: (move f2-1f f2-2f)
29.059: (move f3-2f f2-2f)
29.068: (move f6-5f f6-6f)
29.075: (move f3-2f f2-2f)
29.075: (move f2-1f f2-2f)
29.075: (move f2-1f f2-2f)
29.077: (move f3-2f f2-2f)
29.085: (move f7-3f f7-4f)
29.088: (move f8-2f f8-3f)
29.090: (move f7-3f f7-4f)
29.092: (move f4-1f f3-1f)
29.106: (move f7-3f f8-3f)
29.106: (move f5-1f f4-1f)
29.106: (move f7-3f f7-4f)
29.110: (move f6-3f f5-3f)
29.112: (move f5-2f f5-3f)
29.119: (move f5-1f f4-1f)
29.125: (move f3-1f f3-2f)
29.127: (move f7-3f f7-4f)
29.128: (move f3-2f f2-2f)
29.129: (move f2-1f f2-2f)
29.134: (move f8-4f f8-3f)
29.145: (move f6-4f f6-5f)
29.145: (move f2-1f f2-2f)
29.146: (move f3-2f f2-2f)
29.146: (move f7-5f f6-5f)
29.166: (move f2-1f f2-2f)
29.166: (move f3-2f f2-2f)
29.169: (move f7-3f f7-4f)
29.170: (move f3-1f f2-1f)
29.171: (move f2-1f f1-1f)
29.182: (move f2-1f f1-1f)
29.183: (move f2-1f f1-1f)
29.187: (move f2-1f f1-1f)
29.193: (move f8-3f f8-4f)
29.208: (move f2-1f f2-2f)
29.211: (move f2-1f f2-2f)
29.213: (move f7-4f f8-4f)
29.214: (move f2-1f f1-1f)
29.220: (move f2-1f f2-2f)
29.220: (move f2-1f f2-2f)
29.221: (move f8-2f f8-1f)
29.222: (move f3-2f f2-2f)
29.222: (move f3-2f f2-2f)
29.227: (move f3-2f f2-2f)
29.227: (move f3-2f f2-2f)
29.227: (move f3-1f f3-2f)
29.235: (move f2-1f f2-2f)
29.236: (move f2-1f f2-2f)
29.239: (move f6-3f f5-3f)
29.240: (move f3-2f f2-2f)
29.241: (move f3-2f f2-2f)
29.242: (pickup f0-6f key1-1)
29.259: (move f2-1f f1-1f)
29.261: (move f8-2f f8-1f)
29.261: (move f3-2f f2-2f)
29.267: (move f2-1f f2-2f)
29.268: (move f8-2f f8-1f)
29.269: (move f8-2f f8-1f)
29.272: (move f2-1f f1-1f)
29.272: (move f3-1f f2-1f)
29.277: (move f7-4f f7-5f)
29.278: (move f7-3f f8-3f)
29.291: (move f6-1f f5-1f)
29.293: (move f6-5f f5-5f)
29.296: (move f5-2f f5-1f)
29.303: (move f6-3f f5-3f)
29.303: (move f2-1f f1-1f)
29.307: (move f2-1f f1-1f)
29.322: (move f2-1f f1-1f)
29.327: (move f2-1f f1-1f)
29.327: (move f2-1f f1-1f)
29.329: (move f6-5f f6-6f)
29.330: (move f3-1f f3-0f)
29.332: (move f2-1f f1-1f)
29.333: (move f2-1f f1-1f)
29.339: (move f2-2f f2-3f)
29.347: (move f4-1f f3-1f)
29.358: (move f8-2f f8-1f)
29.360: (move f7-4f f8-4f)
29.361: (move f1-1f f1-2f)
29.361: (move f8-3f f8-4f)
29.362: (move f2-2f f1-2f)
29.363: (move f5-1f f4-1f)
29.368: (move f3-1f f3-0f)
29.368: (move f3-1f f3-0f)
29.371: (move f6-4f f6-5f)
29.375: (move f7-3f f8-3f)
29.377: (move f7-5f f6-5f)
29.402: (move f6-4f f5-4f)
29.411: (pickup-and-loose f7-2f key0-2 key2-4)
29.412: (move f7-3f f7-2f)
29.445: (move f7-4f f7-5f)
29.448: (move f5-5f f4-5f)
29.483: (move f5-2f f4-2f)
29.485: (move f8-1f f7-1f)
29.525: (move f3-0f f2-0f)
29.525: (move f8-3f f7-3f)
29.539: (move f4-1f f4-0f)
29.541: (move f3-0f f2-0f)
29.541: (move f3-0f f2-0f)
29.547: (move f8-1f f7-1f)
29.548: (move f5-5f f4-5f)
29.551: (move f2-1f f2-0f)
29.553: (move f4-1f f4-2f)
29.557: (move f3-0f f4-0f)
29.560: (move f6-5f f5-5f)
29.564: (move f2-1f f2-0f)
29.566: (move f2-1f f2-0f)
29.568: (move f5-5f f5-4f)
29.572: (move f3-0f f4-0f)
29.572: (move f3-0f f4-0f)
29.572: (move f3-0f f2-0f)
29.573: (move f3-2f f4-2f)
29.585: (move f2-1f f2-0f)
29.585: (move f6-5f f7-5f)
29.587: (move f3-2f f4-2f)
29.587: (move f3-2f f4-2f)
29.593: (move f3-0f f4-0f)
29.598: (move f8-3f f8-4f)
29.598: (move f7-4f f8-4f)
29.602: (move f8-1f f7-1f)
29.612: (move f3-2f f3-3f)
29.619: (move f3-2f f3-3f)
29.619: (move f3-2f f3-3f)
29.636: (move f3-2f f3-3f)
29.639: (move f3-0f f2-0f)
29.641: (move f2-1f f2-0f)
29.643: (move f7-4f f8-4f)
29.645: (move f7-4f f6-4f)
29.646: (move f5-3f f5-4f)
29.647: (move f6-4f f5-4f)
29.648: (move f3-0f f2-0f)
29.648: (move f2-1f f2-0f)
29.649: (move f7-4f f6-4f)
29.655: (move f3-0f f2-0f)
29.657: (move f7-4f f7-5f)
26.773: (move f6-2f f7-2f)
26.782: (move f7-1f f7-2f)
26.897: (pickup f0-5f key0-0)
27.489: (unlock f6-2f f6-3f key2-4 shape2)
27.528: (unlock f6-2f f6-3f key2-4 shape2)
27.677: (unlock f6-2f f6-3f key2-4 shape2)
27.709: (move f7-2f f8-2f)
27.738: (move f7-3f f8-3f)
27.741: (move f8-2f f8-3f)
27.753: (move f4-1f f3-1f)
27.766: (move f4-1f f3-1f)
27.766: (move f4-1f f3-1f)
27.781: (move f7-1f f6-1f)
27.783: (move f6-2f f6-1f)
27.836: (move f4-1f f3-1f)
27.844: (move f8-2f f8-3f)
27.850: (move f7-3f f8-3f)
27.857: (move f7-1f f8-1f)
27.880: (move f7-3f f7-4f)
27.921: (move f7-3f f7-4f)
28.034: (move f8-3f f7-3f)
28.039: (move f7-4f f7-3f)
28.042: (move f6-1f f6-2f)
28.044: (move f5-2f f6-2f)
28.046: (move f0-6f f1-6f)
28.056: (move f8-2f f8-1f)
28.058: (move f7-1f f8-1f)
28.070: (move f6-1f f6-2f)
28.072: (move f5-2f f6-2f)
28.163: (move f6-2f f5-2f)
28.177: (move f8-2f f8-1f)
28.178: (move f7-1f f8-1f)
28.187: (unlock f8-1f f7-1f key2-4 shape2)
28.202: (pickup-and-loose f7-3f key0-2 key0-0)
28.253: (move f7-2f f6-2f)
28.264: (move f6-1f f7-1f)
28.300: (move f6-1f f7-1f)
28.331: (move f6-2f f5-2f)
28.365: (unlock f7-3f f6-3f key2-4 shape2)
28.446: (unlock f7-3f f6-3f key2-4 shape2)
28.478: (pickup f0-5f key0-3)
28.478: (pickup f0-5f key0-1)
28.479: (move f7-2f f7-3f)
28.501: (move f7-2f f7-1f)
28.629: (move f0-6f f0-5f)
28.728: (move f0-6f f0-7f)
28.776: (move f8-3f f8-2f)
28.835: (move f3-1f f3-2f)
28.841: (move f3-1f f2-1f)
28.857: (move f4-2f f3-2f)
28.876: (move f6-2f f6-1f)
28.924: (move f7-3f f7-4f)
28.934: (putdown f7-3f key0-0)
28.973: (move f7-2f f6-2f)
28.984: (move f6-3f f6-2f)
29.006: (move f7-3f f6-3f)
29.016: (move f6-5f f6-6f)
29.050: (move f4-1f f3-1f)
29.051: (move f7-2f f8-2f)
29.052: (move f6-3f f6-4f)
29.056: (move f7-4f f6-4f)
29.062: (move f3-1f f3-2f)
29.070: (move f8-3f f8-2f)
29.088: (move f6-3f f6-2f)
29.103: (move f3-1f f2-1f)
29.117: (move f2-1f f2-2f)
29.117: (move f3-2f f2-2f)
29.141: (move f7-3f f7-2f)
29.141: (pickup-and-loose f7-2f key0-0 key2-4)
29.146: (move f8-3f f8-2f)
29.147: (move f8-2f f7-2f)
29.168: (move f3-2f f2-2f)
29.168: (move f3-2f f2-2f)
29.168: (move f2-1f f2-2f)
29.169: (move f2-1f f2-2f)
29.196: (move f7-3f f7-4f)
29.207: (move f2-1f f2-2f)
29.209: (move f8-2f f8-1f)
29.209: (move f6-5f f6-6f)
29.211: (move f5-4f f5-5f)
29.214: (move f4-0f f3-0f)
29.219: (move f3-1f f3-0f)
29.224: (move f3-2f f2-2f)
29.225: (move f7-4f f6-4f)
29.226: (move f6-3f f6-4f)
29.232: (move f2-1f f1-1f)
29.235: (unlock f8-4f f8-5f key0-0 shape0)
29.235: (move f2-3f f2-4f)
29.250: (move f6-5f f5-5f)
29.250: (move f3-3f f3-4f)
29.269: (move f3-3f f2-3f)
29.271: (move f2-1f f1-1f)
29.277: (move f2-1f f1-1f)
29.278: (move f2-1f f1-1f)
29.279: (move f4-1f f3-1f)
29.286: (move f7-5f f6-5f)
29.290: (unlock f8-4f f8-5f key0-0 shape0)
29.295: (move f5-1f f4-1f)
29.297: (move f2-2f f2-3f)
29.301: (move f3-1f f3-2f)
29.304: (move f7-4f f6-4f)
29.308: (move f3-2f f2-2f)
29.310: (move f6-3f f6-4f)
29.311: (move f2-1f f2-2f)
29.315: (move f6-3f f5-3f)
29.315: (move f1-1f f1-2f)
29.321: (move f6-4f f6-5f)
29.325: (unlock f7-5f f8-5f key0-0 shape0)
29.325: (move f2-2f f1-2f)
29.344: (move f3-1f f2-1f)
29.366: (move f3-1f f3-2f)
29.368: (move f2-1f f1-1f)
29.374: (move f5-5f f4-5f)
29.375: (move f7-3f f8-3f)
29.377: (move f3-1f f2-1f)
29.395: (move f3-1f f3-0f)
29.411: (move f6-5f f5-5f)
29.420: (move f2-2f f2-3f)
29.425: (move f1-1f f1-2f)
29.433: (move f2-2f f1-2f)
29.449: (move f5-4f f5-5f)
29.471: (move f6-3f f5-3f)
29.477: (move f5-5f f5-4f)
29.483: (move f8-2f f9-2f)
29.507: (move f7-3f f7-2f)
29.530: (move f5-2f f4-2f)
29.562: (move f5-2f f4-2f)
29.572: (move f6-3f f5-3f)
29.581: (move f7-2f f7-1f)
29.589: (move f6-6f f5-6f)
29.591: (move f5-3f f5-4f)
29.592: (move f3-0f f2-0f)
29.599: (move f6-4f f5-4f)
29.602: (move f8-2f f9-2f)
29.603: (move f8-1f f7-1f)
29.603: (move f8-1f f7-1f)
29.608: (move f3-0f f4-0f)
29.609: (move f5-5f f5-6f)
29.610: (move f2-1f f2-0f)
29.610: (move f8-1f f7-1f)
29.613: (move f4-1f f4-0f)
29.614: (move f4-1f f4-2f)
29.616: (move f6-4f f6-5f)
29.619: (move f4-1f f4-2f)
29.629: (move f5-5f f4-5f)
29.630: (move f3-1f f3-0f)
29.630: (move f4-1f f4-0f)
29.631: (move f4-1f f4-0f)
29.635: (move f3-2f f4-2f)
29.635: (move f8-2f f7-2f)
29.636: (move f3-0f f2-0f)
29.636: (move f3-0f f2-0f)
29.637: (move f4-1f f4-2f)
29.637: (move f4-1f f4-2f)
29.645: (move f8-1f f7-1f)
29.649: (move f4-1f f4-0f)
29.654: (move f3-0f f4-0f)
29.654: (move f3-0f f4-0f)
29.654: (move f8-3f f8-4f)
29.655: (move f8-2f f9-2f)
29.658: (move f7-4f f8-4f)
29.658: (move f2-1f f2-0f)
29.659: (move f2-1f f2-0f)
29.666: (move f7-5f f6-5f)
29.674: (move f6-4f f6-5f)
29.676: (move f3-2f f3-3f)
29.682: (move f2-3f f3-3f)
29.683: (move f3-2f f4-2f)
29.683: (move f3-2f f4-2f)
29.698: (move f4-1f f4-0f)
29.712: (move f7-4f f6-4f)
29.712: (move f7-4f f7-5f)
29.713: (move f3-2f f3-3f)
29.716: (move f3-2f f3-3f)
29.716: (pickup-and-loose f3-1f key2-0 key2-4)
29.719: (move f4-1f f4-2f)
29.719: (move f7-4f f6-4f)
29.720: (move f7-4f f6-4f)
29.721: (move f7-4f f6-4f)
29.724: (move f3-2f f3-3f)
29.739: (move f3-2f f4-2f)
29.749: (move f5-4f f4-4f)
29.751: (move f2-1f f2-0f)
29.753: (move f5-5f f5-4f)
29.800: (move f8-2f f8-1f)
29.804: (move f3-2f f3-3f)
29.807: (move f3-2f f4-2f)
29.822: (move f4-1f f4-2f)
29.829: (move f1-2f f0-2f)
29.832: (move f6-4f f6-5f)
29.835: (move f7-4f f8-4f)
29.843: (move f5-5f f5-6f)
29.843: (move f6-6f f5-6f)
29.849: (move f8-3f f8-4f)
29.852: (move f2-1f f2-0f)
29.861: (move f3-1f f3-0f)
29.874: (move f4-1f f4-0f)
29.877: (move f5-3f f5-2f)
29.882: (move f4-5f f4-4f)
29.885: (move f2-3f f1-3f)
26.739: (pickup-and-loose f0-5f key0-0 key1-1)
26.818: (move f7-1f f7-2f)
26.820: (move f6-2f f7-2f)
26.857: (move f6-2f f7-2f)
26.857: (move f7-1f f7-2f)
26.994: (move f6-2f f7-2f)
27.068: (pickup-and-loose f7-2f key2-4 key0-2)
27.074: (pickup-and-loose f7-2f key2-4 key0-2)
27.076: (move f7-3f f7-2f)
27.077: (move f6-2f f6-3f)
27.078: (move f6-2f f7-2f)
27.215: (move f7-3f f6-3f)
27.223: (move f6-2f f6-3f)
27.294: (move f6-2f f7-2f)
27.295: (move f7-3f f7-2f)
27.308: (move f7-3f f6-3f)
27.320: (move f6-2f f6-3f)
27.439: (move f7-2f f8-2f)
27.441: (move f8-1f f8-2f)
27.539: (unlock f6-2f f6-3f key2-4 shape2)
27.567: (unlock f6-2f f6-3f key2-4 shape2)
27.648: (unlock f6-2f f6-3f key2-4 shape2)
27.792: (move f6-2f f6-1f)
27.810: (move f7-3f f8-3f)
27.811: (move f8-2f f8-3f)
27.830: (move f7-3f f8-3f)
27.831: (move f0-5f f1-5f)
27.831: (move f0-5f f0-6f)
27.879: (unlock f6-1f f7-1f key2-4 shape2)
27.880: (move f7-1f f6-1f)
27.882: (move f6-2f f6-1f)
27.900: (move f7-1f f8-1f)
27.916: (move f7-3f f7-4f)
27.927: (move f7-1f f8-1f)
27.950: (move f6-2f f6-1f)
27.951: (move f7-3f f8-3f)
28.029: (move f7-3f f7-4f)
28.068: (move f7-3f f7-4f)
28.156: (move f7-1f f8-1f)
28.157: (unlock f8-1f f7-1f key2-4 shape2)
28.162: (move f8-2f f8-1f)
28.176: (move f7-2f f7-3f)
28.210: (move f6-2f f5-2f)
28.262: (move f0-5f f0-4f)
28.270: (move f6-2f f5-2f)
28.290: (pickup-and-loose f7-3f key0-2 key0-0)
28.292: (move f2-4f f1-4f)
28.339: (move f6-2f f5-2f)
28.343: (move f1-3f f1-4f)
28.385: (putdown f1-6f key1-1)
28.420: (unlock f7-3f f6-3f key2-4 shape2)
28.503: (move f6-2f f5-2f)
28.577: (pickup-and-loose f0-5f key0-1 key1-1)
28.577: (pickup-and-loose f0-5f key0-3 key1-1)
28.602: (move f2-4f f2-5f)
28.890: (move f4-2f f3-2f)
28.901: (move f3-1f f3-2f)
28.906: (move f3-1f f2-1f)
28.908: (move f4-2f f3-2f)
28.908: (move f4-2f f3-2f)
28.909: (move f8-3f f8-4f)
28.910: (move f7-4f f8-4f)
28.918: (move f3-1f f3-2f)
28.918: (move f3-1f f3-2f)
28.922: (move f3-1f f2-1f)
28.922: (move f3-1f f2-1f)
28.935: (pickup-and-loose f0-7f key2-0 key1-1)
28.939: (putdown f0-7f key1-1)
28.960: (move f0-2f f0-3f)
28.976: (move f1-3f f0-3f)
28.983: (move f0-5f f0-6f)
28.984: (unlock f3-2f f2-2f key2-4 shape2)
28.985: (move f0-5f f0-6f)
28.990: (unlock f2-1f f2-2f key2-4 shape2)
28.999: (move f3-1f f3-2f)
29.002: (putdown f7-3f key0-0)
29.005: (move f4-2f f3-2f)
29.005: (move f3-1f f3-2f)
29.005: (move f4-2f f3-2f)
29.007: (move f7-4f f7-5f)
29.008: (move f3-1f f2-1f)
29.018: (putdown f0-5f key1-1)
29.019: (move f7-3f f7-4f)
29.024: (move f3-2f f2-2f)
29.025: (move f2-1f f2-2f)
29.030: (move f7-5f f7-4f)
29.032: (move f8-4f f7-4f)
29.044: (move f6-2f f6-1f)
29.048: (move f3-1f f2-1f)
29.062: (move f7-2f f6-2f)
29.069: (move f2-1f f1-1f)
29.085: (move f6-3f f6-2f)
29.091: (move f8-4f f7-4f)
29.154: (move f7-2f f8-2f)
29.155: (move f2-1f f2-2f)
29.155: (move f3-2f f2-2f)
29.160: (pickup-and-loose f7-2f key0-2 key2-4)
29.168: (move f6-5f f6-6f)
29.169: (move f8-3f f8-2f)
29.190: (move f2-3f f2-4f)
29.190: (move f3-4f f2-4f)
29.192: (move f8-2f f7-2f)
29.192: (move f4-4f f3-4f)
29.207: (move f4-1f f3-1f)
29.212: (move f5-2f f5-1f)
29.212: (move f6-1f f5-1f)
29.212: (move f2-1f f1-1f)
29.215: (move f7-3f f7-2f)
29.228: (move f3-1f f3-2f)
29.231: (move f8-4f f8-3f)
29.243: (move f4-2f f3-2f)
29.252: (move f8-3f f8-4f)
29.254: (move f7-4f f8-4f)
29.261: (move f7-2f f7-1f)
29.265: (move f2-1f f1-1f)
29.267: (move f8-1f f7-1f)
29.268: (move f7-2f f6-2f)
29.280: (move f4-0f f3-0f)
29.282: (move f3-1f f2-1f)
29.284: (move f3-1f f3-0f)
29.296: (move f8-4f f8-3f)
29.296: (move f3-1f f3-0f)
29.296: (move f3-1f f3-0f)
29.301: (move f4-0f f3-0f)
29.301: (move f4-0f f3-0f)
29.303: (unlock f8-4f f8-5f key0-0 shape0)
29.308: (move f3-3f f3-4f)
29.308: (move f4-4f f4-5f)
29.310: (move f5-5f f4-5f)
29.314: (move f7-4f f6-4f)
29.315: (move f7-3f f8-3f)
29.317: (move f6-3f f6-4f)
29.319: (move f2-4f f3-4f)
29.325: (move f2-3f f2-4f)
29.328: (move f3-3f f3-4f)
29.332: (move f4-4f f3-4f)
29.340: (move f7-4f f7-5f)
29.352: (move f3-3f f2-3f)
29.370: (move f2-2f f2-3f)
29.378: (unlock f7-5f f8-5f key0-0 shape0)
29.378: (move f5-4f f5-5f)
29.382: (move f6-5f f5-5f)
29.385: (move f3-1f f3-0f)
29.385: (move f7-3f f7-2f)
29.387: (move f3-2f f2-2f)
29.389: (move f1-1f f1-2f)
29.390: (move f2-1f f2-2f)
29.398: (move f7-4f f6-4f)
29.401: (move f2-2f f1-2f)
29.404: (move f4-0f f3-0f)
29.420: (move f3-0f f2-0f)
29.425: (move f3-3f f3-4f)
29.437: (move f2-1f f2-0f)
29.447: (move f2-1f f1-1f)
29.453: (move f3-3f f2-3f)
29.453: (move f6-1f f5-1f)
29.458: (move f5-2f f5-1f)
29.469: (move f2-2f f2-3f)
29.483: (unlock f8-4f f8-5f key0-2 shape0)
29.491: (move f2-2f f1-2f)
29.493: (move f1-1f f1-2f)
29.505: (move f6-5f f6-6f)
29.527: (move f6-6f f5-6f)
29.530: (move f7-2f f6-2f)
29.531: (move f5-5f f4-5f)
29.542: (move f5-5f f5-6f)
29.546: (move f7-4f f6-4f)
29.548: (move f4-0f f3-0f)
29.556: (move f6-5f f6-6f)
29.560: (move f3-1f f3-0f)
29.579: (move f6-5f f6-6f)
29.580: (move f6-3f f5-3f)
29.585: (move f3-2f f3-3f)
29.587: (move f8-2f f9-2f)
29.625: (move f2-1f f2-0f)
29.627: (move f3-0f f2-0f)
29.664: (move f3-2f f3-3f)
29.665: (move f3-0f f4-0f)
29.676: (move f7-2f f7-1f)
29.677: (move f6-5f f5-5f)
29.681: (move f3-2f f4-2f)
29.681: (move f3-0f f2-0f)
29.689: (move f5-2f f5-1f)
29.689: (move f2-0f f3-0f)
29.689: (move f3-0f f4-0f)
29.690: (move f6-4f f6-5f)
29.690: (move f2-1f f2-0f)
29.692: (move f5-2f f4-2f)
29.713: (move f7-5f f6-5f)
29.716: (move f6-5f f7-5f)
29.736: (move f0-5f f1-5f)
29.738: (move f0-5f f1-5f)
29.741: (move f6-5f f5-5f)
29.746: (move f6-2f f7-2f)
29.747: (move f3-2f f4-2f)
29.748: (move f4-1f f4-2f)
29.752: (move f8-2f f7-2f)
29.764: (move f6-6f f5-6f)
29.766: (move f2-3f f3-3f)
29.767: (move f5-5f f5-6f)
26.061: (move f1-5f f1-6f)
26.061: (move f0-6f f1-6f)
26.523: (move f0-6f f0-7f)
26.942: (unlock f7-2f f7-1f key2-4 shape2)
26.945: (pickup-and-loose f7-2f key2-4 key0-2)
27.030: (move f6-2f f7-2f)
27.072: (pickup-and-loose f7-2f key2-4 key0-0)
27.072: (move f6-2f f7-2f)
27.123: (move f6-2f f6-3f)
27.135: (pickup-and-loose f0-6f key1-1 key0-0)
27.145: (move f6-2f f6-3f)
27.158: (move f7-3f f7-2f)
27.161: (move f6-2f f7-2f)
27.162: (unlock f7-2f f7-1f key2-4 shape2)
27.194: (pickup-and-loose f7-2f key2-4 key0-2)
27.276: (move f7-3f f6-3f)
27.281: (move f6-2f f6-3f)
27.327: (putdown f0-6f key0-0)
27.486: (move f7-2f f8-2f)
27.491: (move f8-1f f8-2f)
27.519: (move f7-2f f8-2f)
27.521: (move f8-1f f8-2f)
27.578: (move f8-2f f8-3f)
27.580: (move f7-3f f8-3f)
27.643: (move f0-4f f1-4f)
27.645: (move f1-5f f2-5f)
27.652: (move f1-5f f1-4f)
27.668: (move f7-2f f8-2f)
27.680: (move f7-2f f8-2f)
27.688: (move f1-5f f1-6f)
27.695: (move f1-5f f1-6f)
27.695: (move f0-6f f1-6f)
27.697: (move f0-6f f1-6f)
27.742: (move f7-3f f7-4f)
27.782: (move f8-3f f8-2f)
27.783: (move f7-2f f8-2f)
27.816: (move f0-5f f1-5f)
27.843: (move f6-2f f6-1f)
27.875: (move f6-2f f6-1f)
27.902: (move f7-3f f8-3f)
27.948: (move f7-2f f8-2f)
27.952: (move f7-2f f7-3f)
27.955: (move f8-3f f8-2f)
27.963: (move f0-5f f0-6f)
27.969: (move f7-4f f7-3f)
27.974: (move f8-3f f7-3f)
28.048: (unlock f6-1f f7-1f key2-4 shape2)
28.049: (move f6-2f f6-1f)
28.057: (move f7-3f f7-4f)
28.067: (move f7-4f f7-3f)
28.075: (move f8-3f f7-3f)
28.145: (unlock f7-3f f6-3f key2-4 shape2)
28.147: (move f7-2f f7-3f)
28.147: (move f6-3f f7-3f)
28.168: (move f0-4f f0-3f)
28.191: (move f7-2f f6-2f)
28.226: (move f7-2f f7-3f)
28.239: (move f2-4f f1-4f)
28.256: (move f7-2f f7-3f)
28.263: (move f6-2f f5-2f)
28.286: (move f6-2f f5-2f)
28.313: (move f0-5f f0-4f)
28.322: (move f2-4f f1-4f)
28.357: (move f1-4f f0-4f)
28.364: (move f0-3f f0-4f)
28.365: (move f0-6f f0-7f)
28.365: (move f0-6f f0-7f)
28.405: (move f1-4f f1-5f)
28.406: (move f2-5f f1-5f)
28.435: (move f7-2f f7-1f)
28.440: (move f6-1f f7-1f)
28.448: (move f6-2f f5-2f)
28.486: (move f7-2f f7-3f)
28.530: (move f2-4f f2-5f)
28.536: (move f6-3f f6-4f)
28.539: (move f2-4f f2-5f)
28.545: (move f7-2f f7-1f)
28.547: (move f6-1f f7-1f)
28.774: (unlock f6-4f f6-3f key2-4 shape2)
28.788: (move f6-3f f6-4f)
28.790: (move f7-4f f6-4f)
28.848: (move f7-2f f8-2f)
28.854: (move f7-4f f8-4f)
28.857: (move f8-3f f8-4f)
28.929: (unlock f6-4f f6-3f key2-4 shape2)
28.949: (move f7-4f f6-4f)
28.952: (move f6-3f f6-4f)
28.954: (move f7-2f f8-2f)
28.956: (move f7-4f f7-5f)
28.958: (move f8-3f f8-2f)
28.958: (move f8-3f f8-2f)
29.014: (move f5-2f f5-3f)
29.017: (move f6-3f f5-3f)
29.017: (move f0-7f f0-6f)
29.025: (move f8-3f f8-2f)
29.034: (pickup-and-loose f0-6f key1-1 key0-3)
29.034: (pickup-and-loose f0-6f key1-1 key0-1)
29.081: (move f4-2f f3-2f)
29.084: (move f8-3f f8-4f)
29.086: (move f7-4f f8-4f)
29.091: (move f2-1f f2-2f)
29.092: (putdown f0-6f key0-3)
29.092: (putdown f0-6f key0-1)
29.093: (move f2-1f f2-2f)
29.093: (move f3-2f f2-2f)
29.094: (move f3-2f f2-2f)
29.096: (move f7-5f f7-4f)
29.103: (move f2-1f f2-2f)
29.103: (move f2-1f f2-2f)
29.104: (move f8-4f f7-4f)
29.106: (move f3-2f f2-2f)
29.108: (move f3-2f f2-2f)
29.112: (move f7-3f f7-4f)
29.135: (move f3-4f f2-4f)
29.140: (move f2-1f f1-1f)
29.144: (move f2-1f f1-1f)
29.150: (move f2-1f f1-1f)
29.150: (move f2-1f f1-1f)
29.150: (move f7-4f f6-4f)
29.157: (move f4-2f f3-2f)
29.168: (pickup-and-loose f7-2f key0-2 key2-4)
29.173: (move f3-1f f3-2f)
29.178: (move f7-4f f7-5f)
29.182: (move f3-2f f2-2f)
29.184: (move f2-1f f2-2f)
29.199: (move f5-2f f5-3f)
29.200: (move f4-2f f4-1f)
29.200: (move f5-1f f4-1f)
29.201: (move f7-4f f6-4f)
29.202: (move f6-3f f5-3f)
29.220: (move f6-1f f5-1f)
29.223: (move f3-1f f2-1f)
29.223: (move f5-2f f5-1f)
29.225: (move f8-3f f8-4f)
29.229: (move f3-3f f3-4f)
29.230: (move f6-4f f6-5f)
29.231: (move f7-4f f8-4f)
29.231: (move f2-1f f1-1f)
29.232: (move f7-5f f6-5f)
29.247: (move f0-5f f0-6f)
29.247: (move f0-5f f0-6f)
29.256: (move f2-3f f2-4f)
29.256: (move f3-4f f2-4f)
29.259: (pickup-and-loose f7-2f key0-2 key2-4)
29.276: (move f8-4f f7-4f)
29.276: (move f3-3f f2-3f)
29.280: (move f8-2f f9-2f)
29.293: (move f8-4f f8-3f)
29.295: (move f2-2f f2-3f)
29.306: (move f7-4f f7-5f)
29.309: (move f1-1f f1-2f)
29.315: (move f2-2f f1-2f)
29.321: (move f6-1f f5-1f)
29.321: (move f5-2f f5-1f)
29.322: (move f3-2f f2-2f)
29.324: (move f2-1f f2-2f)
29.348: (move f5-2f f5-3f)
29.350: (move f7-2f f6-2f)
29.351: (move f6-3f f5-3f)
29.353: (move f5-1f f4-1f)
29.354: (move f7-2f f7-1f)
29.358: (move f2-3f f2-4f)
29.358: (move f3-4f f2-4f)
29.364: (unlock f7-5f f8-5f key0-0 shape0)
29.369: (move f2-1f f1-1f)
29.371: (move f5-2f f5-1f)
29.377: (move f6-1f f5-1f)
29.377: (move f7-2f f6-2f)
29.385: (move f3-3f f3-4f)
29.387: (move f2-4f f3-4f)
29.390: (move f7-4f f7-5f)
29.392: (move f7-3f f8-3f)
29.394: (move f6-4f f6-5f)
29.403: (move f7-2f f7-1f)
29.414: (pickup-and-loose f7-2f key0-2 key2-4)
29.430: (move f7-4f f8-4f)
29.434: (move f7-5f f6-5f)
29.434: (move f8-3f f8-4f)
29.460: (move f8-4f f8-3f)
29.464: (move f7-3f f7-2f)
29.468: (move f5-5f f4-5f)
29.488: (move f6-4f f5-4f)
29.489: (move f3-0f f2-0f)
29.502: (move f7-4f f6-4f)
29.503: (move f3-0f f2-0f)
29.503: (move f3-0f f2-0f)
29.505: (move f7-2f f7-1f)
29.511: (move f2-1f f2-0f)
29.516: (move f7-4f f7-5f)
29.522: (move f2-1f f2-0f)
29.522: (move f2-1f f2-0f)
29.523: (move f7-2f f6-2f)
29.549: (move f2-2f f2-3f)
29.566: (move f1-1f f1-2f)
29.566: (move f2-2f f1-2f)
29.568: (move f3-0f f2-0f)
29.579: (move f3-4f f3-3f)
29.586: (move f5-1f f4-1f)
29.587: (move f6-1f f5-1f)
29.593: (pickup-and-loose f7-2f key0-0 key2-4)
26.084: (move f0-6f f1-6f)
26.085: (move f1-5f f1-6f)
26.412: (putdown f0-7f key0-0)
26.614: (move f0-6f f0-7f)
26.700: (move f0-6f f0-7f)
26.703: (pickup-and-loose f0-7f key2-0 key0-0)
26.731: (move f0-6f f1-6f)
26.991: (pickup-and-loose f7-2f key2-4 key0-2)
27.022: (move f0-6f f1-6f)
27.034: (move f0-6f f0-7f)
27.246: (move f0-4f f0-5f)
27.251: (move f1-5f f0-5f)
27.284: (move f0-6f f0-5f)
27.450: (move f2-5f f2-4f)
27.451: (move f1-4f f2-4f)
27.494: (putdown f0-6f key0-0)
27.562: (move f7-2f f6-2f)
27.602: (unlock f6-2f f6-3f key2-4 shape2)
27.615: (move f0-6f f0-5f)
27.625: (move f8-2f f8-3f)
27.629: (move f7-2f f8-2f)
27.630: (move f7-3f f8-3f)
27.657: (move f7-3f f8-3f)
27.658: (move f0-4f f1-4f)
27.660: (move f8-2f f8-3f)
27.667: (move f1-5f f1-4f)
27.673: (move f1-5f f2-5f)
27.715: (pickup-and-loose f7-3f key0-0 key0-2)
27.717: (move f7-2f f8-2f)
27.718: (move f7-3f f8-3f)
27.730: (move f0-6f f1-6f)
27.732: (move f0-6f f1-6f)
27.733: (move f8-2f f8-3f)
27.746: (move f7-2f f8-2f)
27.784: (move f7-2f f8-2f)
27.790: (move f7-3f f7-4f)
27.814: (move f7-3f f7-4f)
27.836: (move f7-3f f8-3f)
27.836: (move f7-2f f8-2f)
27.840: (move f8-2f f8-3f)
27.892: (move f7-3f f7-4f)
27.892: (move f6-4f f7-4f)
27.899: (move f1-4f f1-5f)
27.901: (move f7-2f f8-2f)
27.904: (move f7-3f f7-4f)
27.905: (move f2-5f f1-5f)
27.906: (move f8-3f f8-2f)
27.920: (move f0-6f f0-5f)
27.963: (move f7-2f f7-3f)
27.982: (move f7-2f f7-3f)
27.986: (move f0-6f f1-6f)
27.987: (move f0-6f f1-6f)
28.001: (move f7-2f f7-3f)
28.017: (move f0-3f f0-2f)
28.030: (move f0-6f f1-6f)
28.030: (move f0-6f f1-6f)
28.037: (move f7-2f f7-3f)
28.037: (move f8-3f f7-3f)
28.038: (move f7-4f f7-3f)
28.083: (move f7-1f f8-1f)
28.097: (move f8-2f f8-1f)
28.138: (move f0-3f f1-3f)
28.148: (move f1-4f f1-3f)
28.173: (move f7-2f f6-2f)
28.189: (move f0-4f f0-3f)
28.192: (unlock f7-3f f6-3f key2-4 shape2)
28.194: (move f2-4f f1-4f)
28.197: (move f6-3f f7-3f)
28.197: (move f7-2f f7-3f)
28.200: (pickup-and-loose f7-3f key0-2 key0-0)
28.201: (move f7-4f f7-3f)
28.205: (move f8-3f f7-3f)
28.213: (putdown f1-6f key0-1)
28.214: (putdown f1-6f key0-3)
28.222: (unlock f7-3f f6-3f key2-4 shape2)
28.226: (move f7-2f f7-3f)
28.227: (move f6-3f f7-3f)
28.244: (move f7-1f f8-1f)
28.258: (move f8-2f f8-1f)
28.264: (move f6-2f f5-2f)
28.267: (move f0-6f f1-6f)
28.274: (move f2-4f f1-4f)
28.296: (move f1-4f f0-4f)
28.307: (pickup-and-loose f7-3f key0-2 key0-0)
28.327: (move f7-2f f6-2f)
28.342: (move f1-4f f1-5f)
28.346: (move f2-5f f1-5f)
28.391: (move f0-6f f0-7f)
28.394: (move f0-6f f0-7f)
28.394: (move f7-2f f7-3f)
28.400: (move f1-4f f0-4f)
28.419: (move f7-2f f7-1f)
28.422: (unlock f7-3f f6-3f key2-4 shape2)
28.427: (move f2-4f f1-4f)
28.461: (move f7-2f f7-3f)
28.472: (move f2-4f f2-5f)
28.480: (move f7-2f f7-1f)
28.482: (move f2-5f f3-5f)
28.482: (move f6-1f f7-1f)
28.490: (move f2-4f f2-5f)
28.513: (move f6-1f f7-1f)
28.514: (move f7-2f f7-1f)
28.529: (move f0-6f f0-5f)
28.530: (move f0-6f f0-5f)
28.548: (move f7-2f f7-3f)
28.576: (move f7-2f f7-1f)
28.582: (move f6-3f f6-4f)
28.604: (putdown f0-7f key0-1)
28.604: (putdown f0-7f key0-3)
28.626: (move f6-3f f6-4f)
28.630: (putdown f1-6f key0-0)
28.674: (move f7-2f f7-1f)
28.675: (move f6-1f f7-1f)
28.682: (move f0-6f f0-7f)
28.683: (move f0-6f f0-7f)
28.713: (putdown f7-3f key0-2)
28.713: (move f1-6f f2-6f)
28.716: (move f2-4f f2-5f)
28.716: (move f2-5f f2-6f)
28.730: (move f7-4f f7-5f)
28.739: (move f0-6f f0-7f)
28.739: (move f0-6f f0-7f)
28.768: (move f7-3f f7-4f)
28.785: (move f1-6f f1-7f)
28.785: (move f0-7f f1-7f)
28.800: (pickup-and-loose f0-7f key2-0 key0-3)
28.800: (pickup-and-loose f0-7f key2-0 key0-1)
28.801: (move f6-2f f6-1f)
28.829: (move f7-3f f6-3f)
28.844: (move f7-2f f8-2f)
28.847: (move f6-4f f6-3f)
28.875: (move f7-4f f8-4f)
28.876: (move f8-3f f8-4f)
28.880: (move f0-6f f0-5f)
28.888: (move f0-6f f0-5f)
28.889: (unlock f6-4f f6-3f key2-4 shape2)
28.897: (move f7-4f f6-4f)
28.898: (move f7-3f f6-3f)
28.902: (move f6-3f f6-4f)
28.919: (move f7-4f f6-4f)
28.919: (move f7-2f f6-2f)
28.920: (move f6-4f f6-3f)
28.925: (move f7-2f f8-2f)
28.931: (move f7-2f f8-2f)
28.976: (putdown f7-3f key0-0)
29.030: (move f7-4f f8-4f)
29.038: (move f8-3f f8-2f)
29.041: (move f8-3f f8-4f)
29.043: (move f7-2f f8-2f)
29.044: (move f8-3f f8-2f)
29.053: (putdown f7-3f key0-0)
29.061: (move f5-2f f5-3f)
29.062: (move f8-2f f8-3f)
29.063: (move f6-3f f5-3f)
29.065: (move f7-3f f8-3f)
29.082: (move f6-5f f6-6f)
29.100: (move f5-2f f5-3f)
29.106: (move f7-2f f6-2f)
29.109: (move f6-3f f5-3f)
29.118: (move f4-1f f3-1f)
29.123: (move f7-4f f7-5f)
29.124: (move f3-2f f3-1f)
29.132: (move f7-2f f8-2f)
29.149: (move f8-2f f8-1f)
29.170: (move f3-2f f2-2f)
29.178: (move f6-5f f6-6f)
29.187: (move f2-3f f2-4f)
29.200: (move f3-3f f2-3f)
29.201: (move f3-4f f2-4f)
29.213: (move f7-4f f6-4f)
29.214: (move f8-3f f8-2f)
29.217: (move f5-1f f4-1f)
29.234: (move f2-4f f2-3f)
29.246: (move f2-2f f2-3f)
29.249: (move f4-1f f3-1f)
29.252: (move f3-2f f2-2f)
29.252: (move f2-1f f2-2f)
29.257: (move f1-1f f1-2f)
29.268: (move f5-2f f5-1f)
29.270: (move f2-2f f1-2f)
29.272: (move f6-1f f5-1f)
29.279: (move f5-1f f4-1f)
29.281: (move f0-7f f0-8f)
29.293: (move f6-3f f5-3f)
29.295: (move f5-2f f5-3f)
29.297: (move f5-2f f5-1f)
29.300: (move f6-1f f5-1f)
29.310: (move f2-1f f1-1f)
29.310: (move f8-3f f8-4f)
29.310: (move f6-5f f5-5f)
29.324: (move f7-4f f8-4f)
29.327: (move f8-2f f9-2f)
29.333: (move f7-3f f7-2f)
29.334: (move f5-4f f5-5f)
29.339: (move f8-2f f7-2f)
29.341: (pickup-and-loose f7-2f key0-0 key2-4)
29.362: (move f8-2f f9-2f)
29.369: (move f5-1f f4-1f)
29.370: (move f7-5f f6-5f)
29.380: (move f7-2f f6-2f)
26.503: (putdown f0-7f key0-0)
26.793: (pickup-and-loose f0-7f key2-0 key0-0)
26.808: (putdown f0-7f key1-1)
26.892: (pickup-and-loose f0-5f key0-0 key1-1)
26.892: (pickup-and-loose f0-5f key0-0 key1-1)
27.006: (move f0-6f f0-7f)
27.065: (move f0-6f f1-6f)
27.067: (pickup f0-5f key0-0)
27.067: (pickup f0-5f key0-0)
27.158: (putdown f1-6f key1-1)
27.182: (move f0-4f f0-5f)
27.183: (move f1-5f f0-5f)
27.252: (move f6-2f f7-2f)
27.255: (move f7-3f f7-2f)
27.265: (move f7-3f f6-3f)
27.266: (move f6-2f f6-3f)
27.284: (move f1-5f f0-5f)
27.285: (pickup-and-loose f0-5f key0-3 key1-1)
27.285: (pickup-and-loose f0-5f key0-1 key1-1)
27.302: (move f0-4f f0-5f)
27.308: (move f7-3f f6-3f)
27.317: (move f6-2f f6-3f)
27.396: (putdown f0-5f key1-1)
27.396: (move f0-6f f0-5f)
27.420: (move f2-5f f2-4f)
27.420: (move f1-4f f2-4f)
27.494: (move f2-4f f3-4f)
27.497: (move f1-3f f2-3f)
27.501: (pickup f0-5f key0-3)
27.502: (pickup f0-5f key0-1)
27.502: (move f3-5f f3-4f)
27.504: (move f2-4f f2-3f)
27.513: (move f1-3f f1-2f)
27.514: (move f0-2f f1-2f)
27.557: (unlock f6-2f f6-3f key2-4 shape2)
27.558: (putdown f0-8f key0-0)
27.570: (pickup f0-7f key2-0)
27.594: (putdown f1-7f key0-0)
27.611: (move f3-5f f4-5f)
27.658: (pickup-and-loose f0-7f key2-0 key1-1)
27.699: (pickup-and-loose f7-3f key0-0 key0-2)
27.708: (move f7-2f f8-2f)
27.729: (unlock f6-2f f6-3f key2-4 shape2)
27.743: (pickup-and-loose f7-3f key0-0 key0-2)
27.744: (move f1-5f f1-6f)
27.756: (pickup-and-loose f0-5f key0-0 key2-0)
27.770: (pickup-and-loose f7-3f key0-0 key0-2)
27.775: (move f7-3f f8-3f)
27.779: (move f8-2f f8-3f)
27.784: (move f7-3f f8-3f)
27.805: (move f8-2f f8-3f)
27.807: (move f7-3f f8-3f)
27.808: (move f6-2f f6-1f)
27.809: (move f8-2f f8-3f)
27.813: (move f7-1f f6-1f)
27.817: (unlock f6-1f f7-1f key2-4 shape2)
27.845: (move f1-4f f1-5f)
27.849: (move f0-5f f1-5f)
27.850: (move f1-6f f1-5f)
27.853: (move f2-5f f1-5f)
27.860: (move f8-2f f8-3f)
27.881: (move f8-2f f8-3f)
27.886: (move f7-3f f8-3f)
27.894: (move f7-3f f7-4f)
27.906: (move f7-3f f8-3f)
27.940: (move f6-4f f7-4f)
27.941: (move f7-3f f7-4f)
27.953: (move f7-3f f8-3f)
27.957: (move f7-1f f6-1f)
27.961: (move f6-2f f6-1f)
27.971: (move f6-4f f7-4f)
27.977: (move f7-3f f7-4f)
27.982: (move f0-3f f0-2f)
28.009: (move f7-3f f7-4f)
28.041: (move f7-3f f7-4f)
28.062: (move f0-7f f0-6f)
28.062: (move f7-3f f7-4f)
28.098: (move f0-3f f1-3f)
28.102: (move f7-1f f8-1f)
28.103: (move f8-2f f8-1f)
28.110: (unlock f8-1f f7-1f key2-4 shape2)
28.114: (move f0-7f f0-6f)
28.116: (move f1-4f f1-3f)
28.122: (move f7-1f f8-1f)
28.144: (move f8-2f f8-1f)
28.152: (move f7-1f f8-1f)
28.169: (move f8-2f f8-1f)
28.205: (move f6-2f f5-2f)
28.208: (pickup-and-loose f7-3f key0-2 key0-0)
28.210: (putdown f1-6f key1-1)
28.210: (putdown f1-6f key1-1)
28.223: (unlock f1-7f f1-8f key0-0 shape0)
28.231: (move f7-1f f8-1f)
28.234: (move f1-4f f0-4f)
28.238: (move f8-2f f8-1f)
28.252: (move f7-2f f6-2f)
28.267: (move f2-5f f1-5f)
28.274: (move f2-4f f1-4f)
28.281: (move f1-4f f1-5f)
28.296: (pickup-and-loose f7-3f key0-2 key0-0)
28.312: (pickup-and-loose f0-5f key0-1 key2-0)
28.312: (pickup-and-loose f0-5f key0-3 key2-0)
28.342: (move f1-4f f0-4f)
28.345: (move f6-2f f5-2f)
28.352: (move f8-2f f8-1f)
28.353: (move f7-1f f8-1f)
28.357: (move f0-5f f1-5f)
28.360: (move f1-6f f1-5f)
28.393: (move f6-2f f5-2f)
28.397: (pickup f0-5f key0-3)
28.397: (pickup f0-5f key0-1)
28.405: (putdown f1-6f key0-1)
28.405: (putdown f1-6f key0-3)
28.407: (unlock f7-3f f6-3f key2-4 shape2)
28.434: (move f0-5f f0-4f)
28.441: (move f6-2f f5-2f)
28.450: (move f2-5f f3-5f)
28.471: (pickup-and-loose f0-5f key0-1 key1-1)
28.471: (pickup-and-loose f0-5f key0-3 key1-1)
28.477: (move f1-4f f0-4f)
28.487: (move f0-2f f0-1f)
28.494: (unlock f7-3f f6-3f key2-4 shape2)
28.497: (move f7-2f f7-1f)
28.502: (pickup f0-7f key2-0)
28.502: (pickup f0-7f key2-0)
28.517: (move f2-5f f1-5f)
28.519: (move f1-4f f1-5f)
28.525: (move f7-3f f7-4f)
28.534: (move f7-2f f7-3f)
28.535: (move f2-4f f2-5f)
28.611: (putdown f0-7f key1-1)
28.615: (move f0-7f f1-7f)
28.615: (move f1-6f f1-7f)
28.616: (putdown f0-7f key1-1)
28.637: (move f0-5f f0-6f)
28.640: (move f0-5f f1-5f)
28.650: (move f1-6f f1-5f)
28.650: (move f1-6f f1-7f)
28.651: (move f0-7f f1-7f)
28.653: (putdown f1-6f key0-0)
28.658: (move f2-5f f2-6f)
28.661: (move f1-6f f2-6f)
28.700: (pickup-and-loose f1-3f key3-0 key0-0)
28.707: (putdown f7-3f key0-2)
28.751: (unlock f0-8f f1-8f key0-0 shape0)
28.770: (putdown f7-3f key0-2)
28.771: (move f7-3f f7-4f)
28.775: (move f7-4f f7-5f)
28.775: (putdown f0-5f key2-0)
28.788: (pickup-and-loose f3-5f key0-4 key0-0)
28.789: (unlock f0-8f f0-9f key0-0 shape0)
28.792: (putdown f7-3f key0-2)
28.799: (pickup-and-loose f0-7f key2-0 key1-1)
28.803: (pickup-and-loose f0-7f key2-0 key1-1)
28.810: (move f7-4f f7-5f)
28.826: (move f7-3f f8-3f)
28.839: (move f7-3f f6-3f)
28.846: (move f6-2f f6-3f)
28.848: (move f7-4f f8-4f)
28.850: (move f7-3f f7-4f)
28.851: (move f8-3f f8-4f)
28.854: (move f6-2f f6-3f)
28.863: (move f7-3f f6-3f)
28.867: (move f1-6f f2-6f)
28.869: (move f0-4f f0-3f)
28.884: (move f7-3f f6-3f)
28.913: (move f0-7f f0-6f)
28.913: (move f0-7f f0-6f)
28.914: (move f6-3f f6-2f)
28.916: (move f7-4f f8-4f)
28.919: (move f7-3f f7-2f)
28.919: (move f0-7f f1-7f)
28.922: (move f8-3f f8-4f)
28.923: (move f6-4f f6-3f)
28.934: (move f0-7f f1-7f)
28.940: (move f7-2f f6-2f)
28.942: (move f7-4f f7-5f)
28.942: (move f7-4f f7-5f)
28.943: (move f0-5f f0-4f)
28.944: (move f6-2f f6-1f)
28.946: (move f7-4f f8-4f)
28.948: (move f8-3f f8-4f)
28.954: (putdown f0-7f key0-3)
28.960: (putdown f0-5f key1-1)
28.960: (putdown f0-5f key1-1)
28.963: (putdown f0-7f key0-1)
28.968: (move f7-4f f6-4f)
28.969: (move f7-3f f7-4f)
28.982: (move f6-3f f6-2f)
28.983: (move f6-2f f6-1f)
28.990: (move f7-3f f7-4f)
28.990: (putdown f7-3f key0-0)
28.993: (pickup-and-loose f0-7f key2-0 key0-3)
28.994: (pickup-and-loose f0-7f key2-0 key0-1)
28.998: (move f0-4f f0-3f)
29.006: (move f7-4f f6-4f)
29.040: (putdown f7-3f key0-0)
29.071: (move f7-3f f8-3f)
29.077: (move f8-2f f8-3f)
29.080: (move f7-3f f6-3f)
26.050: (move f1-7f f1-6f)
26.212: (move f1-7f f1-6f)
26.239: (move f0-6f f1-6f)
26.270: (move f0-8f f1-8f)
26.271: (move f1-7f f1-8f)
26.530: (move f0-8f f0-7f)
26.530: (move f0-8f f0-7f)
26.539: (move f1-7f f0-7f)
26.592: (move f1-7f f1-6f)
26.612: (move f0-6f f1-6f)
26.631: (move f0-8f f0-7f)
26.797: (pickup-and-loose f7-2f key2-4 key0-0)
26.801: (move f1-7f f0-7f)
26.820: (move f1-7f f1-6f)
26.885: (move f0-5f f0-6f)
26.887: (move f0-5f f0-6f)
27.066: (move f0-5f f0-6f)
27.067: (move f0-5f f0-6f)
27.081: (move f0-6f f0-5f)
27.096: (move f1-5f f0-5f)
27.097: (move f0-4f f0-5f)
27.117: (move f6-2f f7-2f)
27.122: (unlock f7-2f f7-1f key2-4 shape2)
27.128: (move f7-3f f7-2f)
27.145: (pickup-and-loose f0-6f key1-1 key2-0)
27.225: (move f6-2f f7-2f)
27.227: (move f1-5f f0-5f)
27.233: (move f7-3f f7-2f)
27.243: (move f0-4f f0-5f)
27.249: (move f0-7f f0-6f)
27.268: (move f6-2f f6-3f)
27.270: (move f7-3f f6-3f)
27.335: (putdown f0-6f key2-0)
27.335: (move f6-2f f6-3f)
27.347: (move f1-2f f2-2f)
27.347: (move f2-3f f2-2f)
27.358: (move f7-3f f6-3f)
27.368: (move f0-4f f0-5f)
27.371: (move f1-5f f0-5f)
27.380: (putdown f0-8f key0-0)
27.412: (putdown f0-8f key0-0)
27.434: (putdown f1-7f key0-0)
27.461: (move f3-5f f3-4f)
27.462: (move f2-4f f3-4f)
27.462: (move f1-3f f2-3f)
27.462: (move f0-1f f1-1f)
27.464: (move f1-2f f1-1f)
27.469: (move f2-4f f2-3f)
27.481: (move f1-3f f1-2f)
27.481: (move f0-2f f1-2f)
27.489: (move f0-6f f0-5f)
27.507: (putdown f1-7f key0-0)
27.588: (move f3-5f f4-5f)
27.598: (move f0-7f f0-6f)
27.609: (pickup f0-7f key2-0)
27.613: (move f4-5f f5-5f)
27.635: (unlock f6-2f f6-3f key2-4 shape2)
27.645: (putdown f1-7f key2-0)
27.682: (move f0-5f f0-6f)
27.683: (move f0-5f f0-6f)
27.684: (move f0-7f f0-6f)
27.686: (move f1-6f f0-6f)
27.686: (move f1-5f f1-6f)
27.710: (move f0-8f f0-9f)
27.808: (move f0-5f f1-5f)
27.808: (move f0-5f f1-5f)
27.847: (move f0-5f f1-5f)
27.848: (move f0-5f f1-5f)
27.855: (move f8-3f f8-2f)
27.862: (move f7-3f f8-3f)
27.870: (move f7-2f f8-2f)
27.871: (move f8-2f f8-3f)
27.877: (move f0-6f f0-5f)
27.887: (move f0-6f f0-5f)
27.893: (move f6-2f f6-1f)
27.896: (move f7-1f f6-1f)
27.906: (move f7-3f f8-3f)
27.912: (move f0-5f f0-6f)
27.913: (move f0-5f f0-6f)
27.914: (move f2-3f f3-3f)
27.914: (move f3-4f f3-3f)
27.966: (pickup f0-6f key1-1)
27.967: (move f0-6f f1-6f)
27.969: (move f0-6f f1-6f)
27.976: (move f0-5f f1-5f)
27.977: (move f0-5f f1-5f)
27.984: (move f7-3f f8-3f)
27.992: (move f6-2f f6-1f)
27.993: (move f7-3f f7-4f)
28.003: (unlock f6-1f f7-1f key2-4 shape2)
28.046: (move f7-3f f7-4f)
28.059: (move f0-5f f1-5f)
28.060: (move f0-5f f1-5f)
28.101: (move f0-5f f1-5f)
28.103: (move f1-6f f1-5f)
28.106: (move f3-4f f4-4f)
28.110: (move f4-5f f4-4f)
28.110: (unlock f1-7f f1-8f key0-0 shape0)
28.114: (move f6-2f f6-1f)
28.150: (move f7-3f f7-4f)
28.161: (move f8-2f f8-1f)
28.176: (move f7-1f f8-1f)
28.203: (move f0-7f f0-6f)
28.240: (move f0-7f f0-6f)
28.257: (move f0-7f f0-6f)
28.257: (move f0-7f f0-6f)
28.281: (move f0-5f f0-4f)
28.281: (move f0-5f f0-4f)
28.285: (move f6-2f f5-2f)
28.293: (move f1-4f f0-4f)
28.312: (move f2-5f f1-5f)
28.334: (unlock f0-8f f0-9f key0-0 shape0)
28.335: (unlock f0-8f f1-8f key0-0 shape0)
28.343: (move f1-4f f1-5f)
28.384: (move f0-5f f0-4f)
28.384: (move f6-2f f5-2f)
28.389: (move f0-5f f0-4f)
28.392: (move f1-6f f0-6f)
28.396: (putdown f1-5f key1-1)
28.397: (move f0-5f f0-6f)
28.407: (move f0-5f f0-4f)
28.408: (move f0-5f f0-4f)
28.459: (move f0-2f f0-1f)
28.486: (unlock f7-3f f6-3f key2-4 shape2)
28.511: (move f1-5f f2-5f)
28.512: (move f6-2f f5-2f)
28.523: (move f1-6f f1-5f)
28.529: (move f2-6f f2-5f)
28.533: (move f7-3f f7-4f)
28.537: (move f0-4f f1-4f)
28.538: (move f1-5f f1-4f)
28.549: (putdown f1-7f key1-1)
28.564: (move f0-6f f0-7f)
28.573: (move f7-2f f8-2f)
28.579: (move f7-3f f7-4f)
28.583: (move f0-5f f0-6f)
28.586: (move f8-3f f8-2f)
28.608: (move f0-5f f1-5f)
28.621: (move f7-3f f6-3f)
28.635: (move f0-5f f0-4f)
28.635: (move f0-5f f0-4f)
28.654: (pickup-and-loose f1-3f key3-0 key0-0)
28.691: (move f0-5f f0-4f)
28.728: (move f7-3f f7-4f)
28.757: (pickup-and-loose f3-5f key0-4 key0-0)
28.771: (move f0-5f f0-6f)
28.771: (move f0-5f f0-6f)
28.777: (move f0-7f f1-7f)
28.786: (move f7-4f f8-4f)
28.786: (move f8-3f f8-4f)
28.787: (move f4-5f f4-6f)
28.802: (move f0-7f f1-7f)
28.827: (move f7-3f f8-3f)
28.833: (move f0-4f f0-3f)
28.838: (move f7-4f f6-4f)
28.848: (move f6-3f f6-4f)
28.848: (move f1-6f f1-7f)
28.848: (move f0-7f f1-7f)
28.881: (move f7-3f f8-3f)
28.888: (move f7-4f f7-5f)
28.895: (move f7-4f f6-4f)
28.898: (move f6-3f f6-4f)
28.916: (move f0-7f f0-6f)
28.916: (move f0-7f f0-6f)
28.919: (move f7-4f f8-4f)
28.920: (move f7-3f f7-2f)
28.924: (move f8-3f f8-4f)
28.953: (move f0-4f f0-3f)
28.965: (putdown f0-4f key1-1)
28.974: (move f7-3f f7-2f)
28.984: (move f0-5f f0-6f)
28.987: (move f7-4f f7-5f)
28.992: (move f6-3f f6-2f)
29.011: (move f7-4f f7-5f)
29.011: (move f0-7f f1-7f)
29.013: (move f7-4f f6-4f)
29.021: (move f7-4f f7-5f)
29.028: (move f7-3f f8-3f)
29.030: (move f0-7f f0-6f)
29.030: (move f0-7f f0-6f)
29.031: (move f8-3f f8-4f)
29.032: (move f6-3f f6-4f)
29.032: (move f7-4f f8-4f)
29.039: (move f1-5f f2-5f)
29.043: (move f0-4f f1-4f)
29.049: (move f0-4f f0-3f)
29.050: (move f1-5f f1-4f)
29.056: (move f0-4f f0-3f)
29.083: (move f7-4f f7-5f)
29.095: (move f7-3f f6-3f)
29.097: (move f1-6f f2-6f)
29.098: (move f0-5f f0-6f)
29.098: (move f0-5f f0-6f)
29.103: (move f7-2f f6-2f)
29.107: (move f1-6f f1-7f)
29.108: (putdown f2-6f key1-1)
29.117: (move f7-2f f7-1f)
29.118: (move f7-4f f7-5f)
29.126: (move f8-3f f8-4f)
29.126: (move f7-4f f8-4f)
26.011: (move f0-6f f1-6f)
26.011: (move f0-6f f1-6f)
26.012: (move f1-5f f1-6f)
26.012: (move f1-5f f1-6f)
26.052: (move f1-5f f1-6f)
26.052: (move f1-5f f1-6f)
26.058: (move f0-6f f1-6f)
26.058: (move f0-6f f1-6f)
26.069: (move f1-7f f1-6f)
26.154: (move f1-7f f1-8f)
26.203: (move f0-6f f0-7f)
26.215: (move f0-8f f1-8f)
26.276: (move f1-7f f1-6f)
26.295: (move f0-6f f1-6f)
26.361: (putdown f0-7f key0-0)
26.369: (move f0-6f f1-6f)
26.372: (putdown f0-7f key0-0)
26.484: (move f0-6f f0-7f)
26.485: (move f0-6f f0-7f)
26.505: (move f0-6f f0-7f)
26.505: (move f0-6f f0-7f)
26.634: (move f0-8f f0-7f)
26.640: (move f0-6f f0-7f)
26.640: (move f0-6f f0-7f)
26.641: (move f1-7f f0-7f)
26.654: (pickup-and-loose f0-7f key2-0 key0-0)
26.662: (move f1-7f f1-6f)
26.663: (move f0-6f f1-6f)
26.663: (move f0-6f f1-6f)
26.665: (pickup-and-loose f0-7f key2-0 key0-0)
26.668: (move f0-6f f0-7f)
26.668: (move f0-6f f0-7f)
26.676: (move f1-5f f1-6f)
26.676: (move f1-5f f1-6f)
26.686: (move f0-6f f1-6f)
26.701: (move f1-5f f1-6f)
26.701: (move f1-5f f1-6f)
26.708: (move f0-8f f0-7f)
26.709: (move f0-6f f1-6f)
26.710: (move f0-6f f1-6f)
26.710: (move f0-8f f0-7f)
26.768: (move f0-6f f0-7f)
26.773: (move f0-6f f1-6f)
26.792: (move f1-7f f0-7f)
26.855: (pickup-and-loose f7-2f key2-4 key0-0)
26.857: (move f1-7f f1-6f)
26.859: (move f1-7f f0-7f)
26.864: (move f1-7f f1-6f)
26.878: (move f1-7f f1-6f)
26.881: (move f0-8f f1-8f)
26.895: (pickup-and-loose f7-2f key2-4 key0-0)
26.898: (move f1-7f f0-7f)
26.931: (move f1-7f f1-6f)
26.934: (move f1-7f f0-7f)
26.960: (pickup-and-loose f0-6f key1-1 key0-0)
26.960: (pickup-and-loose f0-6f key1-1 key0-0)
26.961: (move f0-6f f0-5f)
26.974: (pickup-and-loose f0-6f key1-1 key0-1)
26.974: (pickup-and-loose f0-6f key1-1 key0-3)
27.059: (pickup-and-loose f0-6f key0-0 key2-0)
27.062: (move f1-7f f1-8f)
27.064: (move f0-6f f1-6f)
27.084: (pickup-and-loose f0-6f key1-1 key2-0)
27.093: (move f2-6f f1-6f)
27.099: (move f0-6f f0-7f)
27.110: (move f0-6f f0-7f)
27.127: (move f1-7f f0-7f)
27.138: (putdown f0-6f key0-0)
27.138: (putdown f0-6f key0-0)
27.149: (putdown f0-6f key0-1)
27.150: (putdown f0-6f key0-3)
27.153: (move f0-4f f0-5f)
27.153: (move f1-5f f0-5f)
27.158: (move f1-7f f1-6f)
27.179: (move f0-6f f1-6f)
27.188: (move f6-2f f7-2f)
27.208: (move f7-3f f7-2f)
27.217: (move f1-5f f1-6f)
27.237: (move f0-6f f0-5f)
27.246: (putdown f0-6f key2-0)
27.274: (move f3-3f f3-2f)
27.278: (move f2-2f f3-2f)
27.288: (pickup f0-7f key2-0)
27.289: (move f0-6f f1-6f)
27.302: (move f2-3f f2-2f)
27.304: (move f1-2f f2-2f)
27.315: (putdown f0-8f key0-0)
27.318: (move f1-1f f2-1f)
27.324: (move f0-6f f0-5f)
27.325: (pickup f0-5f key0-3)
27.325: (pickup f0-5f key0-1)
27.325: (putdown f0-6f key0-0)
27.325: (putdown f0-6f key0-0)
27.334: (move f2-2f f2-1f)
27.334: (move f6-2f f6-3f)
27.342: (putdown f0-6f key0-1)
27.342: (putdown f0-6f key0-3)
27.343: (move f7-3f f6-3f)
27.344: (putdown f1-7f key0-0)
27.388: (move f0-6f f0-5f)
27.412: (move f0-7f f0-6f)
27.424: (pickup f0-7f key2-0)
27.427: (move f1-2f f1-1f)
27.429: (move f0-1f f1-1f)
27.462: (move f0-6f f1-6f)
27.479: (pickup-and-loose f0-6f key0-0 key2-0)
27.514: (move f7-2f f8-2f)
27.528: (putdown f0-6f key2-0)
27.530: (move f5-5f f6-5f)
27.537: (putdown f1-7f key2-0)
27.566: (move f4-5f f5-5f)
27.588: (move f0-6f f1-6f)
27.588: (move f0-6f f1-6f)
27.612: (move f0-6f f0-5f)
27.612: (move f0-6f f0-5f)
27.620: (move f1-5f f2-5f)
27.620: (move f1-5f f2-5f)
27.628: (move f1-5f f1-4f)
27.628: (move f1-5f f1-4f)
27.647: (move f0-6f f0-5f)
27.649: (move f0-4f f1-4f)
27.649: (move f0-4f f1-4f)
27.653: (move f0-6f f0-5f)
27.678: (move f0-8f f0-9f)
27.685: (putdown f0-6f key2-0)
27.691: (move f0-6f f1-6f)
27.691: (move f0-6f f1-6f)
27.721: (move f0-6f f0-5f)
27.736: (move f1-5f f1-4f)
27.737: (move f1-5f f2-5f)
27.737: (move f1-5f f2-5f)
27.740: (move f0-6f f0-5f)
27.740: (move f4-4f f5-4f)
27.740: (move f1-5f f1-4f)
27.740: (move f0-4f f0-5f)
27.746: (move f5-5f f5-4f)
27.748: (move f0-4f f1-4f)
27.748: (move f0-4f f1-4f)
27.749: (move f1-5f f0-5f)
27.751: (move f1-5f f0-5f)
27.791: (pickup-and-loose f0-5f key0-0 key2-0)
27.791: (pickup-and-loose f0-5f key0-0 key2-0)
27.809: (move f8-3f f8-2f)
27.824: (move f7-2f f8-2f)
27.850: (move f0-6f f0-5f)
27.850: (move f0-6f f0-5f)
27.868: (move f1-6f f1-5f)
27.875: (move f2-3f f3-3f)
27.876: (move f3-4f f3-3f)
27.892: (move f0-7f f0-6f)
27.906: (move f0-7f f0-6f)
27.906: (move f1-6f f0-6f)
27.909: (move f0-6f f0-5f)
27.914: (move f0-6f f1-6f)
27.914: (move f0-6f f1-6f)
27.929: (move f0-6f f0-5f)
27.929: (move f0-6f f0-5f)
27.933: (move f0-7f f0-6f)
27.933: (move f1-6f f0-6f)
27.980: (move f7-2f f8-2f)
27.983: (move f8-3f f8-2f)
27.986: (move f7-3f f8-3f)
27.992: (move f5-5f f5-6f)
27.997: (move f0-6f f1-6f)
27.997: (move f0-6f f1-6f)
28.001: (move f4-6f f5-6f)
28.020: (move f0-8f f0-9f)
28.021: (unlock f4-6f f4-7f key0-0 shape0)
28.056: (move f6-2f f6-1f)
28.061: (move f4-5f f4-4f)
28.061: (move f0-7f f0-6f)
28.069: (move f7-2f f6-2f)
28.071: (move f3-4f f4-4f)
28.077: (move f1-6f f1-5f)
28.078: (move f0-5f f1-5f)
28.115: (pickup f0-6f key0-0)
28.118: (move f1-6f f1-5f)
28.146: (move f7-3f f7-4f)
28.175: (move f0-4f f0-3f)
28.175: (move f0-4f f0-3f)
28.194: (move f7-2f f7-3f)
28.195: (move f1-5f f1-6f)
28.206: (move f0-6f f1-6f)
28.222: (pickup f0-6f key0-0)
28.232: (move f0-6f f1-6f)
28.232: (move f0-6f f1-6f)
28.272: (move f0-4f f0-3f)
28.273: (move f0-4f f0-3f)
28.297: (move f7-2f f7-1f)
28.323: (move f0-6f f0-7f)
28.324: (move f0-6f f0-7f)
28.326: (move f2-5f f2-4f)
28.336: (move f1-6f f0-6f)
28.336: (move f1-4f f2-4f)
28.338: (pickup-and-loose f0-5f key0-3 key2-0)
28.339: (pickup-and-loose f0-5f key0-1 key2-0)
28.342: (move f0-5f f0-6f)
28.345: (move f0-6f f0-7f)
28.345: (move f0-6f f0-7f)
28.401: (putdown f1-5f key0-1)
26.108: (move f0-6f f1-6f)
26.239: (move f0-6f f1-6f)
26.326: (move f0-6f f1-6f)
26.368: (putdown f0-7f key1-1)
26.399: (putdown f0-7f key0-0)
26.399: (putdown f0-7f key0-0)
26.412: (putdown f0-7f key0-0)
26.415: (putdown f0-7f key0-0)
26.424: (putdown f0-7f key0-0)
26.446: (putdown f0-7f key0-0)
26.532: (move f0-6f f0-7f)
26.534: (pickup-and-loose f0-7f key0-0 key1-1)
26.687: (move f0-6f f1-6f)
26.687: (move f0-6f f1-6f)
26.691: (pickup-and-loose f0-7f key2-0 key0-0)
26.691: (pickup-and-loose f0-7f key2-0 key0-0)
26.706: (pickup-and-loose f0-7f key2-0 key0-0)
26.710: (pickup-and-loose f0-7f key2-0 key0-0)
26.712: (move f0-6f f0-7f)
26.713: (move f0-6f f0-7f)
26.715: (pickup-and-loose f0-7f key2-0 key1-1)
26.717: (pickup-and-loose f0-7f key2-0 key0-0)
26.740: (pickup-and-loose f0-7f key2-0 key0-0)
26.768: (move f0-6f f0-7f)
26.807: (putdown f0-7f key0-3)
26.807: (putdown f0-7f key0-1)
26.838: (putdown f0-7f key0-3)
26.838: (putdown f0-7f key0-1)
26.842: (move f0-8f f0-7f)
26.860: (putdown f0-7f key1-1)
26.899: (move f0-8f f1-8f)
26.935: (putdown f1-6f key1-1)
26.950: (move f1-7f f1-6f)
26.951: (move f1-7f f1-8f)
26.951: (move f1-7f f1-6f)
26.953: (move f0-6f f0-5f)
26.958: (move f1-5f f0-5f)
26.958: (move f0-6f f0-5f)
26.975: (move f0-6f f1-6f)
26.975: (move f0-6f f1-6f)
27.000: (move f1-7f f0-7f)
27.027: (move f0-6f f0-5f)
27.042: (move f0-6f f0-7f)
27.042: (move f0-6f f0-7f)
27.055: (move f0-6f f1-6f)
27.055: (move f0-6f f1-6f)
27.056: (move f0-6f f0-7f)
27.056: (move f0-6f f0-7f)
27.060: (move f0-6f f0-5f)
27.065: (move f1-7f f0-7f)
27.101: (move f0-6f f0-7f)
27.110: (move f0-6f f1-6f)
27.124: (move f0-6f f1-6f)
27.138: (pickup-and-loose f0-6f key1-1 key0-0)
27.154: (pickup-and-loose f0-6f key1-1 key0-0)
27.160: (move f1-5f f1-6f)
27.162: (putdown f1-6f key0-1)
27.163: (putdown f1-6f key0-3)
27.169: (putdown f1-6f key0-3)
27.169: (putdown f1-6f key0-1)
27.191: (pickup-and-loose f0-5f key0-1 key1-1)
27.191: (pickup-and-loose f0-5f key0-3 key1-1)
27.191: (putdown f1-6f key1-1)
27.206: (pickup f0-5f key0-1)
27.206: (pickup f0-5f key0-3)
27.225: (move f2-2f f3-2f)
27.234: (move f3-3f f3-2f)
27.256: (pickup-and-loose f0-6f key0-0 key2-0)
27.277: (pickup-and-loose f0-5f key0-1 key1-1)
27.277: (pickup-and-loose f0-5f key0-3 key1-1)
27.293: (move f2-2f f2-1f)
27.298: (pickup f0-7f key0-0)
27.307: (move f1-1f f2-1f)
27.313: (putdown f0-6f key0-0)
27.323: (move f0-6f f1-6f)
27.329: (pickup f0-7f key2-0)
27.331: (putdown f0-6f key0-0)
27.339: (move f2-1f f3-1f)
27.350: (move f0-6f f1-6f)
27.352: (move f3-2f f3-1f)
27.352: (pickup f0-7f key2-0)
27.360: (move f0-6f f1-6f)
27.361: (move f6-5f f7-5f)
27.395: (move f5-4f f6-4f)
27.398: (pickup-and-loose f0-5f key0-0 key2-0)
27.398: (pickup-and-loose f0-5f key0-0 key2-0)
27.402: (move f5-6f f6-6f)
27.405: (move f6-5f f6-6f)
27.406: (move f0-6f f0-7f)
27.407: (pickup f0-7f key2-0)
27.409: (move f6-5f f6-4f)
27.410: (pickup f0-7f key0-0)
27.415: (move f0-6f f1-6f)
27.420: (move f1-6f f0-6f)
27.422: (move f0-7f f0-6f)
27.438: (putdown f0-5f key1-1)
27.442: (move f0-6f f0-5f)
27.442: (move f0-6f f0-5f)
27.442: (move f0-6f f0-7f)
27.443: (move f1-4f f2-4f)
27.443: (move f1-4f f2-4f)
27.443: (move f2-5f f2-4f)
27.445: (move f0-6f f0-5f)
27.445: (move f2-5f f2-4f)
27.451: (move f0-6f f0-5f)
27.458: (putdown f0-6f key2-0)
27.471: (unlock f5-6f f5-7f key0-0 shape0)
27.494: (move f0-6f f0-5f)
27.501: (pickup-and-loose f0-7f key0-0 key1-1)
27.504: (pickup f0-5f key0-1)
27.504: (pickup f0-5f key0-3)
27.516: (move f5-5f f6-5f)
27.531: (pickup f0-7f key2-0)
27.531: (move f0-6f f0-7f)
27.544: (move f7-3f f8-3f)
27.544: (pickup f0-7f key2-0)
27.554: (unlock f6-2f f6-3f key2-4 shape2)
27.560: (move f0-5f f0-6f)
27.562: (move f7-2f f8-2f)
27.563: (move f1-6f f0-6f)
27.563: (move f0-6f f0-5f)
27.563: (move f0-6f f0-5f)
27.566: (move f1-6f f0-6f)
27.579: (move f0-5f f0-6f)
27.581: (move f7-2f f8-2f)
27.590: (move f8-2f f8-3f)
27.602: (move f2-5f f2-4f)
27.602: (move f2-5f f2-4f)
27.602: (move f1-4f f2-4f)
27.603: (move f6-2f f6-1f)
27.604: (move f1-4f f2-4f)
27.608: (move f7-1f f6-1f)
27.610: (move f0-7f f0-8f)
27.626: (pickup f0-5f key0-1)
27.626: (pickup f0-5f key0-3)
27.633: (move f0-7f f1-7f)
27.635: (pickup f0-5f key0-3)
27.635: (pickup f0-5f key0-1)
27.636: (pickup f0-5f key0-3)
27.636: (pickup f0-5f key0-1)
27.645: (pickup f0-5f key0-1)
27.645: (pickup f0-5f key0-3)
27.662: (pickup-and-loose f0-7f key2-0 key0-1)
27.662: (pickup-and-loose f0-7f key2-0 key0-3)
27.664: (move f1-5f f0-5f)
27.671: (pickup-and-loose f0-7f key2-0 key0-1)
27.672: (pickup-and-loose f0-7f key2-0 key0-3)
27.683: (move f1-5f f2-5f)
27.688: (move f4-6f f4-5f)
27.694: (move f1-5f f1-4f)
27.703: (move f4-4f f5-4f)
27.710: (move f5-5f f5-4f)
27.716: (move f4-6f f4-7f)
27.717: (move f0-6f f1-6f)
27.732: (pickup f0-7f key2-0)
27.738: (pickup-and-loose f0-5f key0-0 key2-0)
27.738: (pickup-and-loose f0-5f key0-0 key2-0)
27.741: (move f7-3f f7-4f)
27.743: (move f0-6f f0-7f)
27.754: (move f0-6f f0-5f)
27.754: (move f0-6f f0-5f)
27.772: (pickup-and-loose f0-5f key0-0 key2-0)
27.774: (move f0-5f f0-6f)
27.776: (move f0-5f f0-6f)
27.779: (pickup-and-loose f0-5f key0-0 key2-0)
27.794: (move f0-6f f0-5f)
27.801: (move f0-6f f1-6f)
27.820: (move f0-6f f0-5f)
27.824: (move f1-5f f1-4f)
27.834: (move f1-5f f2-5f)
27.849: (move f1-6f f1-5f)
27.857: (pickup f0-6f key1-1)
27.864: (move f0-6f f0-7f)
27.875: (move f7-1f f8-1f)
27.880: (move f8-3f f8-2f)
27.887: (move f7-2f f8-2f)
27.908: (move f1-6f f1-5f)
27.912: (move f0-5f f1-5f)
27.912: (move f8-2f f8-1f)
27.937: (move f2-1f f2-0f)
27.958: (pickup f0-6f key1-1)
27.961: (move f0-3f f0-2f)
27.962: (move f0-3f f0-2f)
27.972: (pickup-and-loose f0-5f key0-3 key2-0)
27.972: (pickup-and-loose f0-5f key0-1 key2-0)
27.975: (move f0-7f f0-6f)
27.975: (move f1-6f f0-6f)
27.980: (move f5-5f f5-6f)
27.987: (move f0-7f f0-6f)
28.020: (move f0-7f f0-6f)
28.021: (move f1-6f f0-6f)
28.024: (move f6-2f f5-2f)
28.034: (move f1-6f f0-6f)
28.036: (move f0-7f f0-6f)
28.049: (move f0-7f f0-6f)
28.052: (move f0-5f f1-5f)
28.056: (move f1-6f f1-5f)
28.057: (move f3-2f f4-2f)
28.064: (move f1-6f f1-5f)
28.065: (move f0-7f f0-6f)
25.939: (move f4-7f f4-8f)
26.002: (move f0-6f f0-7f)
26.002: (move f0-6f f0-7f)
26.137: (move f0-6f f1-6f)
26.143: (move f0-6f f1-6f)
26.188: (move f0-6f f1-6f)
26.235: (move f0-6f f1-6f)
26.235: (move f0-6f f1-6f)
26.429: (move f0-6f f0-7f)
26.560: (move f7-5f f7-4f)
26.560: (move f6-4f f7-4f)
26.605: (move f0-6f f1-6f)
26.635: (move f0-6f f0-7f)
26.636: (move f0-6f f0-7f)
26.656: (move f0-6f f0-7f)
26.673: (putdown f0-7f key0-0)
26.675: (move f0-6f f1-6f)
26.720: (move f0-6f f1-6f)
26.792: (move f0-6f f0-5f)
26.806: (move f1-5f f0-5f)
26.849: (putdown f0-7f key1-1)
26.849: (putdown f0-7f key1-1)
26.854: (unlock f4-7f f5-7f key0-0 shape0)
26.948: (move f0-5f f0-6f)
26.950: (move f0-5f f0-6f)
26.965: (pickup-and-loose f0-7f key2-0 key0-0)
26.984: (move f0-6f f1-6f)
27.006: (unlock f7-5f f8-5f key0-0 shape0)
27.014: (move f0-6f f0-5f)
27.015: (move f0-6f f0-7f)
27.017: (move f0-6f f0-5f)
27.020: (move f0-6f f0-5f)
27.022: (move f0-6f f0-7f)
27.035: (move f0-6f f1-6f)
27.041: (move f6-2f f7-2f)
27.046: (move f0-6f f0-7f)
27.086: (move f6-2f f6-3f)
27.107: (move f0-6f f0-7f)
27.115: (move f0-6f f0-7f)
27.130: (move f0-5f f0-6f)
27.130: (move f0-5f f0-6f)
27.133: (move f0-5f f0-6f)
27.133: (move f0-5f f0-6f)
27.138: (move f0-5f f0-6f)
27.143: (move f0-5f f0-6f)
27.157: (pickup-and-loose f0-6f key1-1 key2-0)
27.157: (move f0-6f f1-6f)
27.158: (move f0-5f f0-6f)
27.158: (move f0-5f f0-6f)
27.160: (putdown f1-6f key1-1)
27.160: (putdown f1-6f key1-1)
27.167: (move f0-6f f1-6f)
27.177: (move f1-7f f1-6f)
27.181: (move f0-6f f1-6f)
27.187: (pickup-and-loose f0-6f key1-1 key2-0)
27.204: (pickup f0-5f key0-1)
27.204: (pickup f0-5f key0-3)
27.204: (pickup-and-loose f0-6f key1-1 key0-0)
27.226: (move f5-6f f6-6f)
27.247: (move f0-5f f0-6f)
27.247: (move f0-5f f0-6f)
27.270: (move f0-6f f0-5f)
27.272: (move f0-6f f0-5f)
27.276: (move f0-6f f0-5f)
27.306: (move f5-6f f5-5f)
27.313: (move f3-2f f3-1f)
27.314: (move f6-5f f7-5f)
27.317: (move f2-1f f3-1f)
27.329: (putdown f0-6f key2-0)
27.353: (putdown f0-6f key2-0)
27.358: (putdown f0-6f key0-0)
27.364: (move f5-6f f6-6f)
27.370: (move f6-5f f6-6f)
27.371: (move f6-5f f6-4f)
27.393: (move f5-4f f6-4f)
27.414: (move f0-2f f1-2f)
27.414: (move f0-2f f1-2f)
27.419: (pickup f0-7f key0-0)
27.421: (unlock f5-6f f5-7f key0-0 shape0)
27.423: (move f4-2f f4-1f)
27.425: (move f0-7f f0-6f)
27.425: (move f0-7f f0-6f)
27.428: (move f0-7f f0-8f)
27.429: (move f3-1f f4-1f)
27.437: (move f0-7f f0-6f)
27.442: (pickup f0-5f key0-3)
27.442: (pickup f0-5f key0-1)
27.446: (pickup-and-loose f0-5f key0-1 key1-1)
27.448: (pickup-and-loose f0-5f key0-3 key1-1)
27.448: (move f0-7f f1-7f)
27.453: (move f0-6f f0-7f)
27.456: (move f0-7f f1-7f)
27.458: (pickup f0-7f key0-0)
27.466: (pickup f0-7f key2-0)
27.469: (move f0-7f f0-8f)
27.475: (move f2-5f f2-4f)
27.477: (move f2-4f f2-3f)
27.477: (move f2-4f f2-3f)
27.483: (move f1-4f f2-4f)
27.484: (move f2-4f f3-4f)
27.484: (move f2-4f f3-4f)
27.498: (move f1-6f f0-6f)
27.498: (move f1-6f f0-6f)
27.504: (pickup-and-loose f1-7f key0-0 key2-0)
27.507: (putdown f0-6f key0-0)
27.507: (move f0-7f f0-6f)
27.507: (move f0-7f f0-6f)
27.508: (move f0-7f f1-7f)
27.518: (pickup-and-loose f0-8f key0-0 key2-0)
27.528: (pickup f0-7f key2-0)
27.528: (pickup f0-7f key2-0)
27.550: (move f0-7f f0-6f)
27.563: (pickup f0-5f key0-3)
27.571: (pickup f0-7f key2-0)
27.571: (pickup f0-7f key2-0)
27.576: (pickup f0-5f key1-1)
27.579: (move f1-6f f0-6f)
27.584: (move f2-5f f2-4f)
27.584: (move f1-4f f2-4f)
27.596: (move f0-5f f0-6f)
27.603: (move f0-7f f0-6f)
27.603: (move f0-7f f0-6f)
27.605: (putdown f0-8f key2-0)
27.614: (putdown f1-7f key2-0)
27.615: (move f0-7f f0-6f)
27.621: (move f0-6f f0-5f)
27.626: (move f0-6f f0-5f)
27.626: (move f0-6f f0-5f)
27.631: (move f0-6f f0-5f)
27.634: (move f8-2f f8-3f)
27.635: (move f2-4f f2-3f)
27.635: (move f2-4f f2-3f)
27.640: (move f2-4f f3-4f)
27.640: (move f2-4f f3-4f)
27.653: (pickup f0-7f key2-0)
27.656: (pickup-and-loose f0-7f key2-0 key1-1)
27.657: (pickup-and-loose f0-7f key2-0 key1-1)
27.659: (move f0-7f f0-6f)
27.667: (move f8-2f f8-3f)
27.680: (move f1-6f f0-6f)
27.680: (move f1-6f f0-6f)
27.680: (move f0-7f f0-6f)
27.707: (move f1-6f f0-6f)
27.709: (move f1-5f f1-4f)
27.736: (move f4-2f f5-2f)
27.741: (move f1-5f f2-5f)
27.757: (move f0-6f f1-6f)
27.759: (move f4-5f f5-5f)
27.793: (move f0-6f f0-7f)
27.807: (move f1-5f f1-4f)
27.822: (pickup-and-loose f0-5f key0-3 key1-1)
27.822: (pickup-and-loose f0-5f key0-1 key1-1)
27.824: (move f0-5f f1-5f)
27.829: (move f1-6f f1-5f)
27.836: (move f6-2f f6-1f)
27.846: (move f0-7f f0-6f)
27.847: (move f0-7f f0-6f)
27.849: (move f0-5f f1-5f)
27.849: (move f0-5f f1-5f)
27.853: (move f0-5f f1-5f)
27.854: (move f0-5f f1-5f)
27.857: (pickup-and-loose f0-6f key1-1 key0-3)
27.857: (pickup-and-loose f0-6f key1-1 key0-1)
27.870: (move f1-5f f2-5f)
27.874: (move f0-5f f1-5f)
27.874: (move f1-6f f1-5f)
27.890: (move f3-1f f3-0f)
27.891: (move f2-0f f3-0f)
27.892: (pickup f0-6f key1-1)
27.894: (move f0-5f f0-6f)
27.899: (move f0-6f f0-5f)
27.899: (putdown f0-6f key0-3)
27.899: (putdown f0-6f key0-1)
27.901: (move f0-5f f0-6f)
27.905: (move f0-7f f0-6f)
27.905: (move f0-7f f0-6f)
27.911: (move f2-1f f2-0f)
27.922: (putdown f0-5f key1-1)
27.932: (pickup f0-6f key1-1)
27.955: (putdown f1-6f key1-1)
27.957: (move f0-6f f0-5f)
27.969: (move f8-2f f8-1f)
27.974: (move f0-6f f0-5f)
27.980: (move f0-5f f1-5f)
27.980: (move f0-5f f1-5f)
27.998: (move f8-2f f8-1f)
28.022: (move f1-6f f1-5f)
28.029: (move f0-5f f1-5f)
28.031: (move f3-2f f4-2f)
28.044: (move f1-5f f0-5f)
28.065: (move f0-5f f1-5f)
28.076: (pickup f0-6f key0-0)
28.080: (move f0-5f f1-5f)
28.080: (move f0-7f f0-6f)
28.081: (pickup f0-6f key0-0)
28.081: (move f0-7f f0-6f)
28.105: (move f0-7f f0-6f)
28.108: (move f0-5f f1-5f)
28.108: (pickup f0-6f key0-0)
28.110: (move f0-5f f1-5f)
24.284: (move f4-8f f4-9f)
25.519: (move f7-4f f7-3f)
25.912: (move f4-7f f4-8f)
26.037: (move f0-6f f1-6f)
26.106: (move f0-6f f0-7f)
26.106: (move f0-6f f0-7f)
26.119: (move f0-6f f0-7f)
26.125: (move f0-6f f0-7f)
26.177: (move f0-6f f1-6f)
26.185: (move f0-6f f1-6f)
26.185: (move f0-6f f1-6f)
26.212: (move f0-6f f1-6f)
26.212: (move f0-6f f1-6f)
26.261: (putdown f0-7f key0-1)
26.261: (putdown f0-7f key0-3)
26.288: (move f0-6f f1-6f)
26.290: (move f0-6f f1-6f)
26.297: (move f0-6f f1-6f)
26.324: (move f0-6f f1-6f)
26.324: (move f0-6f f1-6f)
26.419: (move f0-6f f0-7f)
26.423: (move f0-6f f0-7f)
26.423: (move f0-6f f0-7f)
26.459: (pickup-and-loose f0-7f key0-0 key0-1)
26.460: (pickup-and-loose f0-7f key0-0 key0-3)
26.487: (move f0-6f f1-6f)
26.501: (move f0-5f f0-6f)
26.501: (move f0-5f f0-6f)
26.520: (putdown f0-7f key1-1)
26.543: (move f6-4f f7-4f)
26.548: (move f7-5f f7-4f)
26.553: (move f0-6f f1-6f)
26.553: (move f0-6f f1-6f)
26.610: (pickup-and-loose f0-7f key2-0 key0-1)
26.610: (pickup-and-loose f0-7f key2-0 key0-3)
26.623: (move f1-5f f1-6f)
26.623: (move f1-5f f1-6f)
26.638: (move f0-6f f1-6f)
26.641: (move f0-6f f1-6f)
26.661: (move f0-6f f0-7f)
26.682: (move f0-6f f0-7f)
26.684: (move f0-6f f1-6f)
26.685: (move f0-6f f1-6f)
26.690: (move f0-6f f0-7f)
26.691: (move f0-6f f0-7f)
26.698: (move f0-6f f0-7f)
26.704: (move f0-6f f0-7f)
26.705: (move f0-6f f0-7f)
26.714: (move f1-5f f1-6f)
26.714: (move f1-5f f1-6f)
26.717: (move f0-6f f1-6f)
26.718: (move f0-6f f0-7f)
26.718: (move f0-6f f0-7f)
26.719: (move f0-6f f0-7f)
26.719: (move f0-6f f0-7f)
26.723: (move f0-6f f1-6f)
26.723: (move f0-6f f1-6f)
26.728: (move f0-6f f1-6f)
26.737: (move f0-6f f0-7f)
26.737: (move f0-6f f0-7f)
26.739: (move f0-6f f0-7f)
26.740: (putdown f0-7f key1-1)
26.743: (move f0-6f f0-7f)
26.743: (move f0-6f f0-7f)
26.751: (move f7-5f f7-4f)
26.758: (move f0-6f f1-6f)
26.764: (move f1-5f f1-6f)
26.764: (move f1-5f f1-6f)
26.766: (putdown f0-7f key1-1)
26.777: (move f0-6f f0-7f)
26.779: (move f0-6f f1-6f)
26.780: (move f0-6f f1-6f)
26.784: (putdown f0-7f key1-1)
26.803: (move f1-5f f1-6f)
26.803: (move f1-5f f1-6f)
26.810: (move f1-5f f1-6f)
26.811: (move f0-6f f1-6f)
26.811: (move f0-6f f1-6f)
26.816: (move f1-5f f1-6f)
26.836: (move f0-6f f1-6f)
26.837: (move f0-6f f1-6f)
26.844: (move f0-6f f1-6f)
26.844: (move f0-6f f1-6f)
26.912: (putdown f1-6f key0-3)
26.912: (putdown f1-6f key0-1)
26.920: (move f0-5f f0-6f)
26.921: (move f0-5f f0-6f)
26.928: (move f0-6f f0-5f)
26.977: (move f0-6f f0-7f)
26.989: (move f0-6f f0-5f)
26.990: (move f0-6f f0-5f)
26.990: (move f0-6f f0-5f)
26.993: (pickup-and-loose f0-6f key1-1 key0-1)
26.994: (pickup-and-loose f0-6f key1-1 key0-3)
27.004: (pickup-and-loose f0-6f key1-1 key2-0)
27.004: (pickup-and-loose f0-6f key1-1 key2-0)
27.005: (move f4-8f f5-8f)
27.006: (unlock f7-5f f8-5f key0-0 shape0)
27.015: (move f0-6f f1-6f)
27.025: (move f0-5f f0-6f)
27.025: (move f0-5f f0-6f)
27.032: (move f0-6f f1-6f)
27.037: (move f0-6f f1-6f)
27.043: (move f1-7f f1-6f)
27.043: (putdown f1-6f key1-1)
27.062: (move f0-6f f0-7f)
27.066: (move f0-6f f0-5f)
27.067: (move f0-6f f1-6f)
27.067: (move f0-6f f0-7f)
27.077: (move f0-7f f0-6f)
27.077: (move f0-7f f0-6f)
27.082: (move f0-6f f0-7f)
27.087: (move f5-2f f6-2f)
27.114: (move f0-6f f0-7f)
27.122: (move f0-6f f0-7f)
27.122: (move f0-6f f0-7f)
27.123: (putdown f1-6f key1-1)
27.137: (move f1-7f f1-6f)
27.155: (putdown f1-6f key1-1)
27.157: (move f0-5f f0-6f)
27.165: (move f0-8f f0-7f)
27.167: (move f0-6f f1-6f)
27.170: (putdown f0-6f key2-0)
27.170: (putdown f0-6f key2-0)
27.171: (move f0-6f f1-6f)
27.172: (putdown f0-6f key0-3)
27.172: (putdown f0-6f key0-1)
27.173: (move f0-6f f0-7f)
27.173: (move f0-6f f0-7f)
27.181: (move f0-6f f0-5f)
27.181: (move f0-6f f0-5f)
27.183: (move f0-6f f0-7f)
27.192: (move f5-6f f6-6f)
27.199: (move f0-6f f0-5f)
27.209: (move f0-6f f1-6f)
27.209: (move f0-6f f1-6f)
27.217: (move f4-8f f3-8f)
27.220: (move f0-8f f1-8f)
27.223: (pickup-and-loose f0-6f key1-1 key2-0)
27.227: (move f0-5f f0-6f)
27.234: (move f0-6f f1-6f)
27.239: (pickup f0-6f key1-1)
27.240: (pickup f0-6f key1-1)
27.250: (pickup-and-loose f0-6f key0-0 key2-0)
27.261: (move f1-7f f1-6f)
27.265: (move f7-4f f8-4f)
27.267: (move f0-7f f1-7f)
27.268: (move f0-7f f0-8f)
27.270: (move f0-7f f0-6f)
27.270: (move f0-7f f0-6f)
27.273: (move f5-6f f5-5f)
27.280: (pickup-and-loose f0-6f key0-0 key2-0)
27.280: (pickup-and-loose f0-6f key0-0 key2-0)
27.281: (move f0-7f f1-7f)
27.281: (move f1-6f f1-7f)
27.309: (move f0-6f f0-5f)
27.312: (move f1-2f f2-2f)
27.312: (move f1-2f f2-2f)
27.314: (move f0-6f f0-5f)
27.314: (move f0-6f f1-6f)
27.318: (move f2-3f f2-2f)
27.318: (move f2-3f f2-2f)
27.318: (move f0-6f f0-5f)
27.323: (pickup f0-6f key1-1)
27.323: (pickup f0-6f key1-1)
27.331: (pickup-and-loose f0-6f key1-1 key2-0)
27.331: (pickup-and-loose f0-6f key1-1 key2-0)
27.341: (move f0-6f f0-5f)
27.341: (move f0-6f f0-5f)
27.345: (pickup-and-loose f0-5f key0-3 key1-1)
27.345: (pickup-and-loose f0-5f key0-1 key1-1)
27.345: (pickup-and-loose f0-5f key0-1 key1-1)
27.345: (pickup-and-loose f0-5f key0-3 key1-1)
27.353: (putdown f0-6f key2-0)
27.354: (move f0-7f f1-7f)
27.354: (putdown f0-6f key2-0)
27.355: (putdown f0-6f key0-1)
27.357: (move f1-7f f1-8f)
27.358: (putdown f0-6f key0-3)
27.362: (pickup-and-loose f1-7f key0-0 key2-0)
27.368: (unlock f0-8f f1-8f key0-0 shape0)
27.370: (pickup-and-loose f1-7f key0-0 key2-0)
27.371: (move f0-7f f0-8f)
27.372: (unlock f1-7f f1-8f key0-0 shape0)
27.377: (pickup-and-loose f0-8f key0-0 key2-0)
27.396: (putdown f0-5f key1-1)
27.398: (putdown f0-6f key0-3)
27.398: (putdown f0-6f key0-1)
27.399: (move f4-2f f4-1f)
27.404: (move f3-1f f4-1f)
27.404: (putdown f0-6f key2-0)
27.406: (pickup-and-loose f0-6f key0-0 key2-0)
27.406: (putdown f0-6f key0-1)
27.406: (putdown f0-6f key0-3)
27.409: (unlock f0-8f f0-9f key0-0 shape0)
27.411: (move f0-8f f0-7f)
27.412: (putdown f0-5f key1-1)
27.414: (move f0-6f f0-5f)
27.418: (putdown f0-6f key0-3)
27.419: (move f0-6f f1-6f)
23.281: (pickup-and-loose f7-3f key0-2 key0-0)
24.150: (move f4-8f f4-9f)
24.223: (putdown f4-9f key0-0)
25.486: (move f7-4f f7-3f)
25.692: (move f7-4f f7-3f)
26.270: (putdown f0-7f key1-1)
26.270: (putdown f0-7f key1-1)
26.339: (putdown f0-7f key0-0)
26.360: (putdown f0-7f key0-3)
26.362: (putdown f0-7f key0-1)
26.380: (move f4-9f f5-9f)
26.400: (move f5-8f f5-9f)
26.420: (pickup-and-loose f0-7f key0-0 key1-1)
26.420: (pickup-and-loose f0-7f key0-0 key1-1)
26.474: (move f0-6f f1-6f)
26.474: (move f0-6f f1-6f)
26.491: (move f4-8f f5-8f)
26.498: (pickup-and-loose f0-7f key1-1 key0-3)
26.500: (pickup-and-loose f0-7f key1-1 key0-1)
26.503: (unlock f5-8f f5-7f key0-0 shape0)
26.511: (move f0-6f f0-7f)
26.511: (move f0-6f f0-7f)
26.530: (move f0-6f f0-7f)
26.532: (move f0-6f f0-7f)
26.560: (pickup-and-loose f0-7f key0-0 key0-1)
26.563: (pickup-and-loose f0-7f key0-0 key0-3)
26.565: (putdown f0-7f key0-0)
26.584: (pickup-and-loose f0-6f key1-1 key0-1)
26.587: (pickup-and-loose f0-6f key1-1 key0-3)
26.619: (pickup-and-loose f0-7f key2-0 key1-1)
26.620: (pickup-and-loose f0-7f key2-0 key1-1)
26.627: (putdown f0-7f key0-0)
26.630: (pickup-and-loose f0-7f key2-0 key0-0)
26.663: (putdown f0-7f key0-3)
26.663: (putdown f0-7f key0-1)
26.676: (move f0-6f f1-6f)
26.677: (move f0-6f f1-6f)
26.683: (move f3-8f f3-9f)
26.690: (putdown f7-3f key0-0)
26.691: (move f0-6f f0-7f)
26.691: (move f0-6f f0-7f)
26.704: (putdown f0-7f key0-0)
26.706: (pickup-and-loose f0-7f key2-0 key0-3)
26.707: (pickup-and-loose f0-7f key2-0 key0-1)
26.707: (move f4-9f f3-9f)
26.733: (move f7-5f f7-4f)
26.746: (move f0-6f f1-6f)
26.746: (move f0-6f f1-6f)
26.753: (move f0-6f f0-7f)
26.763: (putdown f0-6f key0-3)
26.763: (putdown f0-6f key0-1)
26.788: (move f0-6f f0-7f)
26.793: (move f0-6f f1-6f)
26.797: (move f0-6f f0-7f)
26.797: (move f0-6f f0-7f)
26.798: (move f0-6f f0-7f)
26.800: (putdown f0-7f key1-1)
26.804: (putdown f0-7f key1-1)
26.816: (putdown f0-7f key1-1)
26.827: (pickup-and-loose f0-6f key0-3 key2-0)
26.828: (pickup-and-loose f0-6f key0-1 key2-0)
26.844: (move f0-6f f0-7f)
26.844: (move f0-6f f0-7f)
26.846: (move f7-3f f8-3f)
26.847: (putdown f0-7f key1-1)
26.849: (move f0-6f f1-6f)
26.851: (pickup-and-loose f0-7f key2-0 key0-0)
26.853: (pickup-and-loose f1-6f key1-1 key0-3)
26.853: (pickup-and-loose f1-6f key1-1 key0-1)
26.864: (putdown f0-7f key0-3)
26.864: (putdown f0-7f key0-1)
26.869: (putdown f0-7f key1-1)
26.871: (move f0-6f f1-6f)
26.871: (move f0-6f f1-6f)
26.878: (putdown f0-7f key0-3)
26.880: (move f0-6f f1-6f)
26.880: (move f0-6f f1-6f)
26.881: (move f8-4f f8-3f)
26.884: (putdown f0-7f key0-1)
26.890: (move f0-6f f1-6f)
26.891: (pickup-and-loose f0-6f key1-1 key2-0)
26.892: (pickup-and-loose f0-6f key1-1 key2-0)
26.898: (putdown f0-7f key0-1)
26.898: (putdown f0-7f key0-3)
26.899: (putdown f0-7f key0-1)
26.899: (putdown f0-7f key0-3)
26.902: (pickup-and-loose f0-6f key0-0 key2-0)
26.904: (pickup-and-loose f0-6f key0-0 key2-0)
26.906: (putdown f0-7f key0-3)
26.909: (putdown f1-6f key1-1)
26.909: (putdown f1-6f key1-1)
26.913: (putdown f0-7f key0-1)
26.921: (pickup-and-loose f0-7f key2-0 key0-0)
26.922: (move f7-4f f8-4f)
26.929: (unlock f8-4f f8-5f key0-0 shape0)
26.947: (putdown f1-6f key0-3)
26.948: (putdown f1-6f key0-1)
26.967: (move f1-7f f1-6f)
26.983: (putdown f1-6f key0-3)
26.984: (putdown f1-6f key0-1)
27.015: (move f0-6f f1-6f)
27.015: (move f0-6f f1-6f)
27.028: (move f0-6f f1-6f)
27.029: (move f0-6f f1-6f)
27.030: (move f0-6f f1-6f)
27.057: (move f0-6f f0-7f)
27.057: (move f0-6f f0-7f)
27.063: (move f0-6f f1-6f)
27.063: (move f0-6f f1-6f)
27.078: (putdown f0-6f key2-0)
27.078: (putdown f0-6f key2-0)
27.079: (move f0-6f f0-7f)
27.082: (putdown f1-6f key1-1)
27.092: (move f1-6f f1-7f)
27.093: (move f4-8f f3-8f)
27.094: (pickup-and-loose f0-6f key0-0 key2-0)
27.094: (pickup-and-loose f0-6f key0-0 key2-0)
27.096: (move f0-7f f1-7f)
27.097: (move f0-6f f0-7f)
27.097: (move f0-6f f0-7f)
27.097: (move f0-6f f1-6f)
27.101: (move f0-6f f0-7f)
27.101: (move f0-6f f0-7f)
27.101: (putdown f1-6f key1-1)
27.103: (move f1-7f f1-6f)
27.104: (pickup-and-loose f0-6f key0-0 key0-1)
27.104: (pickup-and-loose f0-6f key0-0 key0-3)
27.115: (move f0-6f f1-6f)
27.115: (move f0-6f f1-6f)
27.119: (move f0-6f f0-7f)
27.120: (move f0-5f f0-6f)
27.120: (move f0-5f f0-6f)
27.123: (move f0-6f f0-7f)
27.125: (move f0-6f f1-6f)
27.141: (move f1-7f f1-8f)
27.151: (move f1-7f f1-6f)
27.151: (move f0-5f f0-6f)
27.151: (move f0-5f f0-6f)
27.155: (putdown f0-6f key0-1)
27.155: (putdown f0-6f key0-3)
27.160: (move f0-8f f1-8f)
27.163: (putdown f1-6f key1-1)
27.170: (putdown f1-6f key1-1)
27.174: (move f0-8f f1-8f)
27.183: (unlock f1-7f f1-8f key0-0 shape0)
27.194: (putdown f1-6f key0-1)
27.195: (putdown f1-6f key0-3)
27.202: (putdown f1-6f key1-1)
27.203: (pickup-and-loose f1-7f key0-0 key2-0)
27.213: (putdown f1-6f key0-3)
27.214: (putdown f1-6f key0-1)
27.223: (move f7-3f f7-2f)
27.225: (move f6-2f f7-2f)
27.226: (move f2-2f f3-2f)
27.226: (move f2-2f f3-2f)
27.247: (move f7-4f f8-4f)
27.249: (move f0-8f f0-7f)
27.251: (move f0-6f f1-6f)
27.258: (move f0-6f f0-7f)
27.258: (move f0-8f f0-7f)
27.262: (move f2-2f f2-1f)
27.262: (move f2-2f f2-1f)
27.263: (putdown f1-7f key2-0)
27.268: (move f0-6f f1-6f)
27.269: (move f0-6f f1-6f)
27.274: (move f0-6f f1-6f)
27.277: (move f1-7f f1-8f)
27.278: (move f0-6f f1-6f)
27.278: (move f0-6f f1-6f)
27.278: (move f0-6f f1-6f)
27.278: (pickup-and-loose f0-5f key0-1 key1-1)
27.278: (pickup-and-loose f0-5f key0-3 key1-1)
27.281: (putdown f0-6f key2-0)
27.281: (putdown f0-6f key2-0)
27.281: (putdown f1-6f key0-3)
27.282: (putdown f1-6f key0-1)
27.282: (unlock f0-8f f0-9f key0-0 shape0)
27.282: (unlock f0-8f f1-8f key0-0 shape0)
27.282: (putdown f0-6f key0-3)
27.282: (putdown f0-6f key0-1)
27.287: (pickup-and-loose f0-8f key0-0 key2-0)
27.301: (move f0-7f f1-7f)
27.304: (move f1-6f f1-7f)
27.313: (putdown f1-6f key0-1)
27.313: (putdown f1-6f key0-3)
27.314: (pickup-and-loose f0-5f key0-3 key1-1)
27.314: (pickup-and-loose f0-5f key0-1 key1-1)
27.315: (pickup-and-loose f0-5f key0-3 key1-1)
27.315: (pickup-and-loose f0-5f key0-1 key1-1)
27.320: (putdown f0-8f key2-0)
27.324: (putdown f1-6f key0-3)
27.326: (putdown f1-6f key0-1)
27.363: (pickup-and-loose f0-6f key0-0 key0-1)
27.367: (pickup-and-loose f0-6f key0-0 key0-3)
27.367: (move f0-6f f0-5f)
27.377: (putdown f0-8f key0-0)
27.392: (putdown f0-6f key1-1)
27.393: (move f5-5f f6-5f)
27.413: (putdown f1-7f key0-0)
27.414: (putdown f0-5f key1-1)
23.251: (pickup-and-loose f7-3f key0-2 key0-0)
23.442: (pickup-and-loose f7-3f key0-2 key0-0)
24.065: (move f7-3f f7-4f)
24.083: (putdown f4-9f key0-0)
24.341: (pickup-and-loose f7-2f key2-4 key0-0)
24.358: (move f7-3f f8-3f)
24.364: (move f4-9f f3-9f)
24.639: (move f4-9f f4-8f)
24.729: (move f7-3f f7-2f)
25.077: (move f4-9f f5-9f)
25.647: (move f7-4f f7-3f)
25.879: (move f0-6f f1-6f)
26.351: (move f4-9f f5-9f)
26.352: (move f5-8f f5-9f)
26.369: (move f0-6f f0-7f)
26.486: (move f8-3f f8-2f)
26.489: (move f0-6f f1-6f)
26.530: (move f7-2f f8-2f)
26.581: (move f0-6f f0-7f)
26.601: (move f3-8f f3-9f)
26.605: (move f4-9f f3-9f)
26.655: (putdown f7-3f key0-0)
26.657: (move f0-6f f0-7f)
26.657: (move f0-6f f0-7f)
26.668: (move f0-6f f0-5f)
26.700: (move f0-6f f0-7f)
26.700: (move f0-6f f0-7f)
26.709: (move f0-6f f1-6f)
26.709: (move f0-6f f1-6f)
26.713: (putdown f0-7f key0-3)
26.713: (putdown f0-7f key0-1)
26.724: (move f1-7f f1-8f)
26.759: (move f0-6f f1-6f)
26.765: (putdown f0-7f key0-0)
26.767: (move f0-6f f1-6f)
26.769: (putdown f0-7f key0-0)
26.772: (move f0-6f f1-6f)
26.806: (putdown f0-7f key0-3)
26.806: (putdown f0-7f key0-1)
26.809: (putdown f7-3f key0-0)
26.817: (move f7-3f f8-3f)
26.825: (move f8-4f f8-3f)
26.856: (putdown f0-7f key0-0)
26.869: (putdown f0-7f key1-1)
26.886: (putdown f0-7f key1-1)
26.887: (putdown f0-7f key1-1)
26.894: (putdown f0-7f key1-1)
26.897: (move f0-6f f0-7f)
26.907: (putdown f0-7f key0-3)
26.911: (putdown f0-7f key1-1)
26.911: (putdown f0-7f key1-1)
26.920: (move f7-4f f8-4f)
26.922: (move f0-6f f1-6f)
26.922: (unlock f8-4f f8-5f key0-0 shape0)
26.996: (move f0-6f f0-7f)
27.033: (putdown f1-6f key0-3)
27.034: (putdown f1-6f key0-1)
27.038: (move f7-3f f8-3f)
27.052: (move f8-4f f8-3f)
27.072: (move f1-7f f1-6f)
27.079: (move f0-6f f1-6f)
27.079: (move f0-6f f1-6f)
27.105: (move f0-6f f0-7f)
27.114: (putdown f1-6f key0-3)
27.114: (putdown f1-6f key0-1)
27.116: (move f0-6f f1-6f)
27.116: (move f0-6f f1-6f)
27.119: (move f0-6f f1-6f)
27.139: (move f1-7f f1-8f)
27.175: (putdown f5-8f key0-0)
27.182: (move f0-8f f1-8f)
27.189: (putdown f1-6f key1-1)
27.189: (putdown f1-6f key1-1)
27.194: (move f0-5f f0-6f)
27.197: (move f0-5f f0-6f)
27.211: (putdown f1-6f key1-1)
27.220: (move f6-5f f7-5f)
27.223: (move f7-3f f7-2f)
27.228: (move f0-5f f0-6f)
27.229: (move f0-5f f0-6f)
27.249: (move f0-6f f0-5f)
27.291: (putdown f1-6f key0-3)
27.293: (putdown f1-7f key1-1)
27.298: (move f3-2f f3-1f)
27.298: (move f3-2f f3-1f)
27.298: (move f2-1f f3-1f)
27.298: (move f2-1f f3-1f)
27.300: (putdown f1-6f key1-1)
27.301: (putdown f1-6f key1-1)
27.323: (move f6-5f f6-4f)
27.333: (putdown f1-6f key1-1)
27.341: (putdown f0-6f key0-1)
27.341: (putdown f0-6f key0-3)
27.348: (pickup f0-7f key0-0)
27.357: (pickup f0-7f key0-0)
27.359: (putdown f0-6f key0-3)
27.359: (putdown f0-6f key0-1)
27.360: (move f0-6f f0-7f)
27.361: (move f0-6f f0-7f)
27.371: (move f0-8f f0-7f)
27.380: (move f0-6f f0-7f)
27.381: (move f0-6f f1-6f)
27.381: (move f0-6f f0-7f)
27.383: (move f0-6f f1-6f)
27.392: (move f0-6f f0-7f)
27.392: (move f0-6f f0-7f)
27.392: (pickup f0-7f key0-0)
27.392: (pickup f0-7f key0-0)
27.393: (pickup-and-loose f0-5f key0-3 key1-1)
27.393: (pickup-and-loose f0-5f key0-1 key1-1)
27.393: (move f7-3f f7-2f)
27.401: (putdown f0-5f key0-3)
27.401: (putdown f0-5f key0-1)
27.408: (move f2-1f f1-1f)
27.408: (move f2-1f f1-1f)
27.410: (move f0-6f f1-6f)
27.415: (move f0-6f f1-6f)
27.428: (putdown f0-5f key0-3)
27.428: (putdown f0-5f key0-1)
27.429: (move f0-6f f0-5f)
27.429: (move f0-6f f0-5f)
27.438: (move f0-6f f0-7f)
27.438: (move f0-6f f0-7f)
27.438: (move f0-7f f0-6f)
27.438: (move f0-7f f0-6f)
27.441: (putdown f0-5f key1-1)
27.457: (move f1-7f f1-6f)
27.464: (pickup-and-loose f0-7f key0-0 key1-1)
27.465: (pickup-and-loose f0-7f key0-0 key1-1)
27.492: (putdown f1-7f key1-1)
27.493: (pickup f0-7f key0-0)
27.507: (move f1-6f f0-6f)
27.507: (move f1-6f f0-6f)
27.517: (move f0-8f f0-7f)
27.528: (pickup f0-7f key0-0)
27.529: (move f1-7f f1-8f)
27.533: (pickup-and-loose f0-7f key2-0 key0-1)
27.533: (pickup-and-loose f0-7f key2-0 key0-3)
27.535: (move f0-6f f0-5f)
27.540: (move f0-5f f0-6f)
27.543: (move f0-8f f1-8f)
27.552: (move f5-9f f6-9f)
27.552: (pickup f0-7f key0-0)
27.552: (pickup f0-7f key0-0)
27.556: (move f1-7f f1-6f)
27.557: (move f7-4f f6-4f)
27.559: (pickup f0-7f key2-0)
27.559: (pickup f0-7f key2-0)
27.561: (move f0-8f f1-8f)
27.564: (pickup f0-7f key0-0)
27.565: (move f0-7f f1-7f)
27.567: (pickup-and-loose f0-7f key2-0 key1-1)
27.567: (pickup-and-loose f0-7f key2-0 key1-1)
27.568: (pickup f0-7f key0-0)
27.574: (pickup f0-7f key0-0)
27.594: (move f0-7f f0-8f)
27.601: (pickup f0-7f key0-0)
27.603: (move f1-7f f0-7f)
27.608: (move f0-8f f0-7f)
27.615: (move f0-7f f0-6f)
27.623: (move f0-7f f0-6f)
27.623: (move f0-7f f0-6f)
27.625: (move f0-7f f0-6f)
27.628: (move f0-7f f0-6f)
27.629: (move f0-7f f0-6f)
27.632: (pickup-and-loose f0-7f key2-0 key0-3)
27.633: (pickup-and-loose f0-7f key2-0 key0-1)
27.633: (pickup-and-loose f0-7f key0-0 key1-1)
27.650: (pickup f0-7f key2-0)
27.650: (pickup f0-7f key2-0)
27.653: (move f0-7f f0-6f)
27.655: (move f0-6f f0-5f)
27.655: (move f0-6f f0-5f)
27.658: (move f1-7f f0-7f)
27.660: (pickup f0-7f key2-0)
27.660: (pickup f0-7f key2-0)
27.678: (move f0-7f f0-6f)
27.679: (move f0-7f f0-6f)
27.687: (pickup f0-7f key2-0)
27.693: (move f0-7f f0-6f)
27.693: (move f0-7f f0-6f)
27.697: (move f1-6f f1-7f)
27.698: (move f1-6f f0-6f)
27.699: (move f1-6f f0-6f)
27.699: (move f1-6f f0-6f)
27.701: (move f1-6f f0-6f)
27.701: (move f1-6f f0-6f)
27.703: (move f1-6f f0-6f)
27.704: (move f0-6f f1-6f)
27.704: (move f0-6f f1-6f)
27.707: (move f0-6f f1-6f)
27.707: (move f0-6f f1-6f)
27.714: (move f0-6f f0-7f)
27.714: (move f0-6f f0-7f)
27.717: (move f1-6f f0-6f)
27.717: (move f1-6f f0-6f)
27.719: (move f1-6f f0-6f)
27.719: (move f1-6f f0-6f)
27.721: (move f0-6f f0-7f)
27.721: (move f0-6f f0-7f)
23.410: (pickup-and-loose f7-3f key0-2 key0-0)
23.546: (pickup-and-loose f7-2f key2-4 key0-2)
23.909: (move f4-8f f5-8f)
23.910: (move f5-9f f5-8f)
24.023: (move f7-2f f8-2f)
24.023: (move f8-3f f8-2f)
24.034: (move f7-3f f7-4f)
24.228: (move f4-9f f3-9f)
24.234: (unlock f7-2f f7-1f key2-4 shape2)
24.250: (move f7-3f f7-4f)
24.324: (move f7-3f f8-3f)
24.366: (pickup-and-loose f7-2f key2-4 key0-0)
24.445: (move f3-9f f3-8f)
24.445: (move f4-8f f3-8f)
24.467: (pickup-and-loose f7-2f key2-4 key0-0)
24.526: (move f4-9f f4-8f)
24.556: (move f7-3f f8-3f)
24.596: (move f7-2f f6-2f)
24.667: (move f5-9f f6-9f)
24.718: (move f7-3f f7-2f)
24.782: (move f8-3f f8-4f)
24.782: (move f7-4f f8-4f)
24.787: (move f7-2f f8-2f)
24.836: (move f4-8f f4-7f)
24.837: (move f7-4f f7-5f)
24.902: (move f7-3f f7-2f)
24.923: (move f7-4f f6-4f)
24.968: (move f4-9f f5-9f)
25.232: (move f7-2f f7-3f)
25.299: (move f7-2f f6-2f)
26.303: (putdown f0-7f key0-0)
26.469: (move f7-2f f8-2f)
26.476: (move f8-3f f8-2f)
26.487: (move f6-4f f7-4f)
26.490: (move f7-5f f7-4f)
26.593: (pickup-and-loose f0-7f key2-0 key0-0)
26.656: (move f8-3f f8-2f)
26.663: (move f7-2f f8-2f)
26.703: (putdown f0-7f key1-1)
26.749: (move f0-6f f1-6f)
26.749: (move f0-6f f1-6f)
26.768: (move f0-6f f0-7f)
26.768: (move f0-6f f0-7f)
26.769: (move f0-6f f0-7f)
26.769: (move f0-6f f0-7f)
26.773: (putdown f7-3f key0-0)
26.780: (putdown f0-7f key0-1)
26.780: (putdown f0-7f key0-3)
26.793: (putdown f0-7f key0-1)
26.794: (putdown f0-7f key0-3)
26.799: (move f0-6f f1-6f)
26.799: (move f0-6f f1-6f)
26.919: (putdown f0-7f key0-0)
26.927: (unlock f7-5f f8-5f key0-0 shape0)
26.936: (move f1-7f f1-6f)
26.958: (move f1-7f f1-6f)
26.994: (move f0-7f f0-6f)
26.995: (move f0-7f f0-6f)
27.005: (move f0-6f f1-6f)
27.005: (move f8-4f f8-3f)
27.005: (move f0-6f f1-6f)
27.011: (move f7-3f f8-3f)
27.018: (move f1-7f f1-8f)
27.026: (move f1-7f f0-7f)
27.026: (putdown f1-6f key1-1)
27.027: (move f0-6f f0-7f)
27.028: (move f0-6f f0-7f)
27.033: (move f0-6f f0-7f)
27.040: (move f0-6f f0-7f)
27.040: (move f0-6f f0-7f)
27.041: (move f0-6f f1-6f)
27.041: (move f0-6f f1-6f)
27.041: (move f0-6f f1-6f)
27.070: (move f7-2f f6-2f)
27.072: (move f1-7f f1-6f)
27.087: (move f0-7f f0-6f)
27.087: (move f0-7f f0-6f)
27.095: (move f1-7f f0-7f)
27.114: (move f0-6f f0-7f)
27.121: (putdown f1-8f key1-1)
27.127: (move f0-6f f0-7f)
27.127: (move f0-6f f0-7f)
27.130: (putdown f0-7f key0-0)
27.143: (move f0-6f f0-7f)
27.146: (putdown f1-6f key0-3)
27.147: (putdown f1-6f key0-1)
27.150: (move f1-7f f1-8f)
27.156: (putdown f1-6f key0-3)
27.166: (putdown f1-6f key0-1)
27.170: (move f1-7f f1-8f)
27.176: (move f0-6f f0-7f)
27.176: (move f0-6f f0-7f)
27.179: (move f1-6f f0-6f)
27.180: (move f1-6f f0-6f)
27.181: (move f0-6f f1-6f)
27.182: (move f0-6f f1-6f)
27.182: (move f0-6f f1-6f)
27.183: (move f0-6f f1-6f)
27.191: (move f1-7f f0-7f)
27.194: (move f0-6f f1-6f)
27.194: (move f0-6f f1-6f)
27.202: (move f0-6f f0-7f)
27.202: (move f0-6f f0-7f)
27.210: (move f0-6f f0-7f)
27.210: (move f0-6f f0-7f)
27.212: (move f0-6f f1-6f)
27.225: (pickup f0-6f key1-1)
27.226: (pickup f0-6f key1-1)
27.226: (move f0-6f f0-7f)
27.228: (move f0-6f f1-6f)
27.228: (move f0-6f f1-6f)
27.230: (move f0-6f f0-7f)
27.232: (move f7-2f f6-2f)
27.266: (move f0-6f f1-6f)
27.266: (move f0-6f f1-6f)
27.286: (move f0-7f f0-6f)
27.298: (move f0-6f f1-6f)
27.298: (move f0-6f f1-6f)
27.319: (move f0-7f f0-6f)
27.319: (move f0-7f f0-6f)
27.319: (pickup f0-6f key1-1)
27.320: (move f0-7f f0-6f)
27.320: (move f0-7f f0-6f)
27.321: (move f0-5f f0-6f)
27.321: (move f0-5f f0-6f)
27.322: (pickup f0-6f key1-1)
27.344: (move f0-7f f0-6f)
27.344: (move f0-7f f0-6f)
27.366: (putdown f0-6f key0-1)
27.366: (putdown f0-6f key0-3)
27.378: (move f0-7f f0-6f)
27.379: (move f0-7f f0-6f)
27.382: (pickup f0-7f key2-0)
27.387: (putdown f0-6f key0-3)
27.388: (putdown f0-6f key0-1)
27.392: (move f7-3f f7-2f)
27.403: (move f3-1f f4-1f)
27.403: (move f3-1f f4-1f)
27.412: (move f0-7f f0-8f)
27.434: (move f5-9f f6-9f)
27.442: (move f0-7f f0-6f)
27.445: (move f0-7f f0-6f)
27.445: (move f0-7f f0-8f)
27.445: (move f0-7f f0-6f)
27.459: (move f0-7f f0-6f)
27.459: (move f0-7f f0-6f)
27.473: (move f0-7f f0-6f)
27.474: (move f0-7f f0-6f)
27.498: (pickup f0-7f key2-0)
27.516: (pickup-and-loose f0-7f key2-0 key1-1)
27.521: (move f1-6f f0-6f)
27.521: (move f1-6f f0-6f)
27.526: (move f0-5f f0-6f)
27.541: (move f1-6f f0-6f)
27.544: (move f1-6f f0-6f)
27.571: (move f0-6f f0-5f)
27.571: (move f0-6f f0-5f)
27.574: (move f0-6f f0-5f)
27.575: (move f0-6f f0-5f)
27.586: (move f0-7f f0-6f)
27.599: (move f0-5f f0-6f)
27.603: (move f0-7f f0-6f)
27.643: (move f1-6f f1-5f)
27.646: (pickup f0-7f key2-0)
27.647: (move f0-5f f1-5f)
27.651: (move f6-4f f5-4f)
27.668: (move f0-7f f0-6f)
27.678: (pickup-and-loose f0-7f key2-0 key0-3)
27.679: (move f0-7f f0-6f)
27.680: (pickup-and-loose f0-7f key2-0 key0-1)
27.687: (pickup-and-loose f0-7f key2-0 key0-1)
27.688: (pickup-and-loose f0-7f key2-0 key0-3)
27.694: (move f0-6f f0-5f)
27.694: (move f0-6f f0-5f)
27.695: (move f0-7f f0-6f)
27.700: (move f0-7f f0-6f)
27.712: (move f6-4f f6-5f)
27.714: (move f0-7f f0-6f)
27.714: (move f0-7f f0-6f)
27.731: (move f0-6f f0-5f)
27.733: (move f0-7f f1-7f)
27.739: (move f0-6f f0-5f)
27.739: (move f0-6f f0-5f)
27.746: (move f0-6f f0-5f)
27.748: (pickup f0-7f key2-0)
27.749: (move f0-6f f0-5f)
27.752: (move f0-6f f0-5f)
27.752: (move f0-6f f0-5f)
27.759: (putdown f0-5f key1-1)
27.762: (move f0-7f f0-6f)
27.763: (move f0-7f f0-6f)
27.766: (move f1-6f f0-6f)
27.768: (move f1-6f f0-6f)
27.770: (pickup f0-7f key2-0)
27.776: (move f1-6f f0-6f)
27.782: (move f0-7f f0-6f)
27.790: (pickup f0-7f key2-0)
27.790: (pickup f0-7f key2-0)
27.792: (move f1-6f f0-6f)
27.792: (move f1-6f f0-6f)
23.383: (unlock f7-2f f7-1f key2-4 shape2)
23.415: (move f4-8f f5-8f)
23.419: (move f5-9f f5-8f)
23.545: (pickup-and-loose f7-2f key2-4 key0-2)
23.646: (pickup-and-loose f7-2f key2-4 key0-2)
23.781: (move f4-7f f4-6f)
23.950: (move f4-8f f4-7f)
23.997: (move f7-2f f8-2f)
23.997: (move f8-3f f8-2f)
24.128: (move f7-2f f8-2f)
24.182: (move f8-3f f8-2f)
24.184: (move f7-2f f8-2f)
24.221: (move f7-3f f7-4f)
24.257: (unlock f7-2f f7-1f key2-4 shape2)
24.301: (move f4-8f f3-8f)
24.301: (move f3-9f f3-8f)
24.348: (unlock f7-2f f7-1f key2-4 shape2)
24.451: (unlock f8-4f f8-5f key0-2 shape0)
24.452: (move f8-3f f8-4f)
24.454: (move f7-4f f8-4f)
24.473: (pickup-and-loose f7-2f key2-4 key0-0)
24.508: (unlock f7-5f f8-5f key0-2 shape0)
24.513: (move f7-4f f7-5f)
24.519: (move f5-9f f6-9f)
24.526: (move f7-3f f8-3f)
24.583: (move f7-2f f6-2f)
24.591: (move f7-2f f6-2f)
24.645: (move f7-3f f8-3f)
24.647: (move f8-2f f8-3f)
24.688: (move f6-9f f6-8f)
24.692: (move f5-8f f6-8f)
24.726: (unlock f6-2f f6-3f key2-4 shape2)
24.735: (move f7-2f f8-2f)
24.750: (move f8-3f f8-4f)
24.751: (move f7-4f f8-4f)
24.756: (move f7-3f f7-4f)
24.773: (move f7-2f f6-2f)
24.778: (move f7-2f f8-2f)
24.803: (move f7-4f f7-5f)
24.890: (move f7-3f f7-2f)
24.891: (move f7-4f f6-4f)
24.899: (move f7-2f f8-2f)
25.007: (move f7-5f f6-5f)
25.007: (move f6-4f f6-5f)
25.092: (move f7-4f f6-4f)
25.124: (move f3-8f f2-8f)
25.140: (move f7-2f f7-3f)
25.157: (unlock f7-3f f6-3f key2-4 shape2)
25.206: (move f6-4f f5-4f)
25.207: (move f7-2f f7-3f)
25.230: (move f6-2f f5-2f)
25.236: (move f7-2f f7-3f)
25.286: (move f7-2f f6-2f)
25.290: (move f7-2f f6-2f)
25.331: (move f7-2f f7-3f)
25.417: (move f7-2f f6-2f)
25.430: (move f7-4f f7-3f)
25.509: (move f7-2f f7-1f)
25.560: (pickup-and-loose f7-3f key0-2 key2-4)
25.654: (move f6-2f f5-2f)
25.660: (move f8-2f f8-1f)
25.846: (move f7-5f f7-6f)
25.862: (move f6-2f f6-1f)
26.080: (move f8-2f f9-2f)
26.205: (move f6-2f f6-1f)
26.562: (move f8-2f f8-1f)
26.575: (move f0-6f f0-7f)
26.575: (move f0-6f f0-7f)
26.628: (move f7-5f f7-4f)
26.639: (move f8-3f f8-2f)
26.642: (move f7-2f f8-2f)
26.694: (move f0-7f f0-6f)
26.738: (pickup f0-6f key0-3)
26.738: (pickup f0-6f key0-1)
26.765: (move f8-4f f9-4f)
26.800: (pickup f0-6f key1-1)
26.802: (pickup f0-6f key1-1)
26.825: (putdown f7-3f key2-4)
26.832: (putdown f0-7f key0-3)
26.834: (putdown f0-7f key0-1)
26.849: (move f0-6f f0-7f)
26.849: (move f0-6f f0-7f)
26.851: (putdown f0-7f key0-1)
26.851: (putdown f0-7f key0-3)
26.851: (move f0-6f f1-6f)
26.851: (move f0-6f f1-6f)
26.851: (pickup-and-loose f0-6f key0-3 key2-0)
26.852: (pickup-and-loose f0-6f key0-1 key2-0)
26.869: (move f0-6f f0-7f)
26.869: (move f0-6f f0-7f)
26.887: (move f0-6f f1-6f)
26.887: (move f0-6f f1-6f)
26.894: (pickup-and-loose f0-6f key1-1 key2-0)
26.895: (pickup-and-loose f0-6f key1-1 key2-0)
26.898: (move f0-6f f1-6f)
26.898: (move f0-6f f1-6f)
26.901: (move f0-8f f1-8f)
26.923: (pickup f0-6f key0-3)
26.923: (pickup f0-6f key0-1)
26.934: (move f0-6f f1-6f)
26.934: (move f0-6f f1-6f)
26.940: (pickup-and-loose f0-6f key0-0 key2-0)
26.941: (pickup-and-loose f0-6f key0-0 key2-0)
26.949: (pickup-and-loose f7-2f key0-0 key2-4)
26.970: (move f0-6f f1-6f)
27.006: (pickup f0-6f key1-1)
27.006: (pickup f0-6f key1-1)
27.007: (move f8-2f f9-2f)
27.021: (move f0-6f f1-6f)
27.021: (move f0-6f f1-6f)
27.038: (move f0-6f f0-7f)
27.045: (move f0-7f f0-6f)
27.051: (move f0-6f f0-7f)
27.051: (move f0-6f f0-7f)
27.059: (move f0-6f f0-7f)
27.064: (move f0-6f f1-6f)
27.064: (move f0-6f f1-6f)
27.071: (move f0-6f f0-7f)
27.071: (move f0-6f f0-7f)
27.082: (putdown f0-6f key2-0)
27.083: (putdown f0-6f key2-0)
27.083: (move f0-6f f0-7f)
27.083: (move f0-6f f0-7f)
27.089: (move f0-6f f1-6f)
27.104: (move f0-6f f1-6f)
27.108: (move f0-7f f0-6f)
27.111: (move f0-7f f0-6f)
27.117: (move f0-6f f1-6f)
27.117: (move f0-6f f1-6f)
27.128: (pickup-and-loose f0-6f key0-3 key2-0)
27.128: (pickup-and-loose f0-6f key0-1 key2-0)
27.129: (pickup-and-loose f0-6f key0-3 key2-0)
27.129: (pickup-and-loose f0-6f key0-1 key2-0)
27.138: (pickup f0-6f key0-3)
27.138: (pickup f0-6f key0-1)
27.152: (move f0-6f f0-7f)
27.152: (move f0-6f f0-7f)
27.153: (move f1-7f f1-6f)
27.157: (move f0-6f f0-7f)
27.163: (pickup-and-loose f0-6f key0-0 key2-0)
27.163: (pickup-and-loose f0-6f key0-0 key2-0)
27.173: (pickup-and-loose f0-6f key0-0 key2-0)
27.173: (pickup-and-loose f0-6f key0-0 key2-0)
27.181: (putdown f1-6f key0-1)
27.181: (putdown f1-6f key0-3)
27.186: (move f7-4f f8-4f)
27.190: (move f1-6f f0-6f)
27.196: (move f0-6f f1-6f)
27.196: (move f0-6f f1-6f)
27.197: (move f0-6f f0-7f)
27.200: (putdown f1-6f key0-1)
27.202: (putdown f1-6f key0-3)
27.203: (move f0-6f f0-7f)
27.209: (pickup f0-6f key0-3)
27.210: (pickup f0-6f key0-1)
27.215: (move f0-6f f0-7f)
27.215: (move f0-6f f0-7f)
27.222: (move f0-6f f1-6f)
27.231: (pickup f0-6f key0-3)
27.231: (pickup f0-6f key0-1)
27.239: (pickup-and-loose f0-6f key1-1 key0-0)
27.242: (move f0-6f f1-6f)
27.242: (move f0-6f f1-6f)
27.246: (move f0-6f f1-6f)
27.256: (move f0-6f f1-6f)
27.257: (move f0-6f f1-6f)
27.260: (move f7-2f f6-2f)
27.267: (pickup-and-loose f0-6f key0-3 key2-0)
27.267: (pickup-and-loose f0-6f key0-1 key2-0)
27.268: (pickup-and-loose f0-6f key0-3 key0-0)
27.269: (pickup-and-loose f0-6f key0-1 key0-0)
27.290: (move f0-6f f1-6f)
27.293: (move f0-7f f0-6f)
27.297: (move f0-6f f1-6f)
27.301: (pickup f0-6f key0-3)
27.301: (pickup f0-6f key0-1)
27.312: (move f0-6f f1-6f)
27.312: (move f0-6f f1-6f)
27.330: (move f0-7f f0-8f)
27.333: (pickup-and-loose f0-6f key0-0 key2-0)
27.333: (pickup-and-loose f0-6f key0-0 key2-0)
27.340: (putdown f0-6f key2-0)
27.340: (putdown f0-6f key2-0)
27.350: (putdown f0-6f key2-0)
27.350: (putdown f0-6f key2-0)
27.352: (move f0-6f f1-6f)
27.376: (move f0-7f f1-7f)
27.397: (move f0-6f f1-6f)
27.399: (move f0-6f f1-6f)
27.399: (move f0-6f f1-6f)
27.401: (move f0-6f f1-6f)
27.401: (move f0-6f f1-6f)
27.407: (putdown f0-6f key0-0)
27.414: (pickup-and-loose f0-6f key2-0 key0-0)
27.417: (putdown f0-6f key0-1)
27.417: (putdown f0-6f key0-3)
27.418: (putdown f8-2f key2-4)
27.419: (pickup f0-7f key0-0)
27.427: (pickup-and-loose f6-2f key1-4 key2-4)
27.433: (move f0-6f f1-6f)
23.199: (pickup-and-loose f7-3f key0-2 key0-0)
23.388: (unlock f7-2f f7-1f key2-4 shape2)
23.475: (move f4-6f f4-5f)
23.485: (unlock f7-2f f7-1f key2-4 shape2)
23.531: (move f4-7f f4-6f)
23.651: (pickup-and-loose f7-2f key2-4 key0-2)
23.849: (move f4-6f f5-6f)
24.047: (unlock f6-2f f6-3f key2-4 shape2)
24.086: (move f7-2f f8-2f)
24.132: (move f7-3f f6-3f)
24.136: (move f7-2f f8-2f)
24.141: (move f6-2f f6-3f)
24.155: (move f8-3f f8-2f)
24.156: (move f7-2f f8-2f)
24.231: (move f7-2f f8-2f)
24.371: (unlock f7-2f f7-1f key2-4 shape2)
24.443: (move f7-4f f8-4f)
24.444: (move f7-3f f8-3f)
24.446: (unlock f8-4f f8-5f key0-2 shape0)
24.446: (move f8-3f f8-4f)
24.449: (move f8-2f f8-3f)
24.459: (pickup-and-loose f7-2f key0-2 key2-4)
24.473: (move f5-8f f5-7f)
24.474: (move f4-7f f5-7f)
24.504: (unlock f7-5f f8-5f key0-2 shape0)
24.504: (move f7-4f f7-5f)
24.520: (move f7-3f f7-2f)
24.528: (move f6-2f f7-2f)
24.561: (move f6-9f f6-8f)
24.563: (move f5-8f f6-8f)
24.578: (move f7-3f f7-4f)
24.585: (move f7-2f f6-2f)
24.593: (move f7-2f f6-2f)
24.606: (move f7-3f f8-3f)
24.610: (move f8-2f f8-3f)
24.634: (move f7-3f f8-3f)
24.641: (move f8-2f f8-3f)
24.699: (move f7-2f f6-2f)
24.711: (unlock f6-2f f6-3f key2-4 shape2)
24.712: (move f6-8f f6-7f)
24.718: (unlock f6-2f f6-3f key2-4 shape2)
24.727: (move f7-2f f8-2f)
24.735: (move f7-3f f8-3f)
24.738: (move f7-3f f7-4f)
24.754: (move f7-3f f7-4f)
24.762: (move f7-2f f6-2f)
24.763: (move f7-3f f8-3f)
24.778: (move f6-2f f5-2f)
24.779: (move f8-2f f8-3f)
24.820: (move f7-2f f7-1f)
24.837: (unlock f6-2f f6-3f key2-4 shape2)
24.846: (move f7-6f f6-6f)
24.847: (move f7-2f f8-2f)
24.849: (move f6-5f f6-6f)
24.851: (move f7-3f f7-4f)
24.883: (move f6-8f f7-8f)
24.891: (move f7-2f f8-2f)
24.909: (move f7-3f f7-4f)
24.971: (move f6-4f f6-5f)
24.972: (move f7-5f f6-5f)
24.992: (move f3-8f f2-8f)
25.058: (move f7-4f f6-4f)
25.072: (move f6-5f f5-5f)
25.073: (unlock f7-3f f6-3f key2-4 shape2)
25.075: (move f5-4f f5-5f)
25.113: (move f7-2f f7-3f)
25.128: (unlock f7-3f f6-3f key2-4 shape2)
25.135: (move f7-3f f7-2f)
25.137: (move f7-2f f7-3f)
25.141: (move f6-1f f5-1f)
25.145: (move f5-2f f5-1f)
25.159: (unlock f7-3f f6-3f key2-4 shape2)
25.178: (move f6-4f f5-4f)
25.185: (unlock f6-1f f7-1f key2-4 shape2)
25.190: (move f6-2f f6-1f)
25.190: (move f7-1f f6-1f)
25.212: (move f7-2f f7-3f)
25.215: (move f6-4f f6-5f)
25.219: (move f6-2f f5-2f)
25.223: (move f7-5f f6-5f)
25.232: (move f7-2f f7-3f)
25.243: (unlock f7-3f f6-3f key2-4 shape2)
25.276: (move f7-2f f6-2f)
25.308: (move f7-2f f7-3f)
25.316: (move f6-2f f6-1f)
25.338: (move f7-2f f7-3f)
25.388: (move f6-4f f5-4f)
25.390: (move f7-3f f8-3f)
25.404: (move f7-2f f6-2f)
25.408: (move f7-2f f6-2f)
25.411: (move f6-2f f5-2f)
25.438: (move f7-3f f7-4f)
25.448: (pickup-and-loose f7-3f key0-2 key2-4)
25.481: (pickup-and-loose f7-3f key0-2 key2-4)
25.498: (move f7-2f f7-3f)
25.499: (unlock f8-1f f7-1f key2-4 shape2)
25.500: (move f7-2f f7-1f)
25.502: (move f7-1f f8-1f)
25.515: (move f8-2f f8-1f)
25.531: (move f5-2f f4-2f)
25.548: (pickup-and-loose f7-3f key0-2 key2-4)
25.563: (move f5-4f f4-4f)
25.565: (move f7-4f f7-3f)
25.590: (move f6-2f f5-2f)
25.628: (move f8-2f f8-1f)
25.631: (move f7-2f f7-1f)
25.640: (move f6-2f f5-2f)
25.669: (move f8-2f f8-1f)
25.704: (pickup-and-loose f7-3f key0-2 key2-4)
25.762: (move f6-2f f5-2f)
25.788: (move f7-6f f8-6f)
25.823: (move f6-2f f5-2f)
25.835: (move f8-1f f9-1f)
25.836: (move f9-2f f9-1f)
25.836: (move f7-5f f7-6f)
25.840: (move f8-2f f8-1f)
25.853: (move f6-2f f6-1f)
25.922: (move f8-4f f8-5f)
25.924: (move f7-5f f8-5f)
26.043: (move f8-2f f9-2f)
26.047: (move f6-2f f6-1f)
26.073: (move f7-5f f7-6f)
26.105: (move f6-1f f6-0f)
26.122: (move f8-2f f9-2f)
26.175: (move f6-2f f6-1f)
26.256: (move f8-2f f9-2f)
26.293: (move f6-2f f6-1f)
26.326: (move f8-1f f8-0f)
26.371: (move f0-6f f0-7f)
26.372: (move f0-6f f0-7f)
26.377: (move f6-2f f6-1f)
26.397: (move f0-6f f0-7f)
26.398: (move f0-6f f0-7f)
26.459: (pickup-and-loose f0-6f key0-1 key2-0)
26.459: (pickup-and-loose f0-6f key0-3 key2-0)
26.477: (move f0-6f f0-7f)
26.483: (move f0-6f f0-7f)
26.492: (move f7-2f f8-2f)
26.508: (move f0-6f f0-7f)
26.508: (move f0-6f f0-7f)
26.509: (pickup-and-loose f0-7f key0-1 key1-1)
26.509: (pickup-and-loose f0-7f key0-3 key1-1)
26.509: (pickup-and-loose f0-6f key1-1 key2-0)
26.532: (putdown f7-3f key0-0)
26.537: (pickup-and-loose f0-6f key0-0 key2-0)
26.557: (move f8-2f f8-1f)
26.619: (pickup-and-loose f7-3f key0-0 key2-4)
26.638: (move f0-6f f1-6f)
26.638: (move f0-6f f1-6f)
26.665: (move f0-6f f1-6f)
26.665: (move f0-6f f1-6f)
26.686: (move f8-2f f8-1f)
26.697: (putdown f0-6f key2-0)
26.706: (move f0-6f f0-7f)
26.706: (move f0-6f f0-7f)
26.709: (move f0-6f f1-6f)
26.709: (move f0-6f f1-6f)
26.713: (putdown f7-3f key2-4)
26.715: (move f0-6f f0-7f)
26.715: (move f0-6f f0-7f)
26.720: (putdown f0-7f key1-1)
26.720: (putdown f0-7f key1-1)
26.727: (move f7-4f f8-4f)
26.728: (move f8-3f f8-4f)
26.730: (move f8-4f f9-4f)
26.735: (move f0-6f f0-7f)
26.735: (move f0-6f f0-7f)
26.741: (move f8-4f f8-3f)
26.745: (move f5-4f f5-3f)
26.745: (move f5-2f f5-3f)
26.750: (putdown f7-3f key2-4)
26.755: (putdown f7-3f key2-4)
26.756: (move f7-3f f8-3f)
26.774: (move f0-6f f0-7f)
26.774: (move f0-6f f0-7f)
26.787: (move f0-6f f1-6f)
26.787: (move f0-6f f1-6f)
26.800: (pickup f0-6f key0-1)
26.800: (pickup f0-6f key0-3)
26.800: (move f7-4f f7-5f)
26.804: (move f0-6f f1-6f)
26.804: (move f0-6f f1-6f)
26.823: (move f0-6f f1-6f)
26.823: (move f0-6f f1-6f)
26.829: (putdown f7-3f key2-4)
26.835: (unlock f8-4f f8-5f key0-0 shape0)
26.839: (move f7-4f f8-4f)
26.844: (pickup-and-loose f1-6f key0-3 key1-1)
26.845: (pickup-and-loose f1-6f key0-1 key1-1)
26.845: (move f6-2f f7-2f)
26.850: (move f0-6f f1-6f)
26.850: (move f0-6f f1-6f)
26.856: (move f0-6f f1-6f)
26.856: (move f0-6f f1-6f)
26.864: (putdown f8-2f key2-4)
26.869: (pickup-and-loose f6-2f key1-4 key2-4)
26.870: (pickup-and-loose f0-6f key0-3 key2-0)
26.870: (pickup-and-loose f0-6f key0-1 key2-0)
26.876: (pickup-and-loose f0-6f key0-3 key2-0)
26.876: (pickup-and-loose f0-6f key0-1 key2-0)
23.263: (pickup-and-loose f7-3f key0-2 key0-0)
23.272: (move f7-2f f7-3f)
23.289: (move f4-6f f5-6f)
23.292: (move f5-7f f5-6f)
23.316: (move f5-6f f6-6f)
23.318: (move f6-7f f6-6f)
23.351: (move f4-6f f4-5f)
23.370: (pickup-and-loose f7-3f key0-2 key0-0)
23.491: (unlock f7-2f f7-1f key2-4 shape2)
23.528: (move f5-6f f5-5f)
23.530: (move f4-5f f5-5f)
23.698: (move f7-3f f7-2f)
23.706: (move f6-2f f7-2f)
23.798: (move f5-7f f6-7f)
23.800: (move f6-8f f6-7f)
23.926: (move f7-3f f6-3f)
23.932: (move f6-2f f6-3f)
23.991: (move f7-3f f7-4f)
24.017: (unlock f6-2f f6-3f key2-4 shape2)
24.025: (move f7-2f f8-2f)
24.037: (move f4-5f f4-4f)
24.048: (unlock f6-2f f6-3f key2-4 shape2)
24.069: (move f7-8f f8-8f)
24.093: (move f7-2f f8-2f)
24.094: (move f7-3f f6-3f)
24.097: (move f6-2f f6-3f)
24.126: (move f7-3f f6-3f)
24.132: (move f6-2f f6-3f)
24.153: (unlock f6-2f f6-3f key2-4 shape2)
24.190: (move f7-2f f8-2f)
24.230: (move f7-3f f6-3f)
24.238: (move f7-2f f8-2f)
24.242: (move f6-2f f6-3f)
24.282: (move f7-3f f8-3f)
24.351: (unlock f6-1f f7-1f key2-4 shape2)
24.356: (move f7-1f f6-1f)
24.361: (move f6-2f f6-1f)
24.412: (move f7-3f f7-2f)
24.414: (move f7-3f f8-3f)
24.421: (move f8-2f f8-3f)
24.422: (move f4-5f f3-5f)
24.428: (unlock f7-2f f7-1f key2-4 shape2)
24.428: (move f6-2f f7-2f)
24.431: (move f7-3f f8-3f)
24.442: (move f8-2f f8-3f)
24.446: (pickup-and-loose f7-2f key0-2 key2-4)
24.536: (move f7-3f f8-3f)
24.543: (move f7-3f f7-2f)
24.550: (move f6-2f f7-2f)
24.569: (move f7-3f f8-3f)
24.570: (move f7-3f f7-4f)
24.571: (move f7-3f f7-4f)
24.571: (move f7-2f f7-1f)
24.572: (move f8-2f f8-3f)
24.584: (move f7-2f f6-2f)
24.589: (move f7-2f f6-2f)
24.605: (move f8-2f f8-3f)
24.606: (move f7-3f f8-3f)
24.629: (pickup-and-loose f7-2f key0-2 key2-4)
24.630: (move f6-2f f7-2f)
24.638: (move f7-3f f7-2f)
24.649: (move f7-1f f8-1f)
24.652: (move f8-2f f8-1f)
24.668: (unlock f8-1f f7-1f key2-4 shape2)
24.676: (move f7-3f f7-2f)
24.687: (unlock f6-2f f6-3f key2-4 shape2)
24.689: (move f7-3f f7-4f)
24.693: (move f7-2f f6-2f)
24.702: (move f7-2f f6-2f)
24.704: (move f7-3f f8-3f)
24.725: (move f7-3f f8-3f)
24.732: (move f6-2f f5-2f)
24.736: (move f8-2f f8-3f)
24.736: (move f7-3f f7-4f)
24.737: (move f4-2f f3-2f)
24.737: (move f6-8f f7-8f)
24.745: (move f7-3f f8-3f)
24.747: (move f7-3f f7-4f)
24.755: (move f7-3f f7-2f)
24.764: (move f8-2f f8-3f)
24.777: (move f7-3f f8-3f)
24.787: (move f6-2f f5-2f)
24.809: (unlock f6-2f f6-3f key2-4 shape2)
24.814: (move f6-5f f6-6f)
24.830: (unlock f6-2f f6-3f key2-4 shape2)
24.830: (move f7-2f f7-1f)
24.835: (move f7-6f f6-6f)
24.839: (move f7-2f f8-2f)
24.855: (move f7-3f f7-4f)
24.864: (move f7-3f f7-4f)
24.865: (move f7-3f f8-3f)
24.883: (move f6-2f f5-2f)
24.897: (move f7-3f f7-4f)
24.898: (move f5-1f f4-1f)
24.901: (move f4-2f f4-1f)
24.909: (move f7-3f f7-4f)
24.930: (move f7-2f f7-1f)
24.932: (move f7-3f f6-3f)
24.957: (move f6-5f f6-6f)
24.963: (move f6-2f f5-2f)
24.967: (move f4-4f f3-4f)
24.976: (move f7-6f f6-6f)
25.014: (move f7-3f f7-4f)
25.023: (move f8-3f f8-2f)
25.030: (move f7-2f f8-2f)
25.038: (move f6-5f f5-5f)
25.043: (move f5-4f f5-5f)
25.043: (unlock f7-3f f6-3f key2-4 shape2)
25.061: (unlock f7-3f f6-3f key2-4 shape2)
25.074: (move f5-5f f4-5f)
25.087: (move f4-4f f4-5f)
25.109: (move f6-1f f5-1f)
25.110: (move f7-2f f7-3f)
25.112: (move f5-2f f5-1f)
25.131: (unlock f7-3f f6-3f key2-4 shape2)
25.137: (move f7-3f f7-2f)
25.163: (unlock f7-3f f6-3f key2-4 shape2)
25.189: (move f6-2f f6-1f)
25.189: (move f6-4f f6-5f)
25.191: (unlock f6-1f f7-1f key2-4 shape2)
25.196: (move f7-1f f6-1f)
25.197: (move f7-5f f6-5f)
25.205: (move f7-2f f7-3f)
25.229: (move f7-2f f7-3f)
25.230: (move f6-5f f5-5f)
25.231: (unlock f7-3f f6-3f key2-4 shape2)
25.242: (move f5-4f f5-5f)
25.247: (move f7-3f f7-2f)
25.250: (move f7-3f f8-3f)
25.278: (unlock f7-3f f6-3f key2-4 shape2)
25.311: (move f6-2f f6-1f)
25.315: (move f7-2f f7-3f)
25.321: (unlock f6-1f f7-1f key2-4 shape2)
25.322: (move f7-1f f6-1f)
25.323: (move f7-3f f7-4f)
25.324: (move f6-2f f6-1f)
25.327: (move f5-2f f5-1f)
25.330: (move f6-1f f5-1f)
25.338: (move f7-3f f7-2f)
25.356: (move f6-4f f5-4f)
25.360: (unlock f6-1f f7-1f key2-4 shape2)
25.371: (pickup-and-loose f7-3f key0-2 key2-4)
25.373: (move f6-2f f6-1f)
25.390: (move f6-2f f5-2f)
25.395: (move f7-3f f8-3f)
25.396: (move f7-2f f6-2f)
25.424: (move f6-2f f6-1f)
25.446: (move f7-3f f7-4f)
25.448: (pickup-and-loose f7-3f key0-2 key2-4)
25.473: (move f6-6f f5-6f)
25.474: (move f5-5f f5-6f)
25.477: (pickup-and-loose f7-3f key0-2 key2-4)
25.486: (move f7-3f f8-3f)
25.497: (move f5-2f f4-2f)
25.500: (move f6-2f f6-1f)
25.501: (unlock f8-1f f7-1f key2-4 shape2)
25.510: (move f8-2f f8-1f)
25.514: (move f7-1f f8-1f)
25.528: (move f5-4f f4-4f)
25.594: (move f6-2f f5-2f)
25.594: (move f7-3f f7-4f)
25.600: (move f7-3f f8-3f)
25.614: (pickup-and-loose f7-3f key0-2 key2-4)
25.621: (move f8-2f f8-1f)
25.621: (move f7-2f f7-1f)
25.624: (move f7-3f f7-4f)
25.628: (unlock f8-1f f7-1f key2-4 shape2)
25.637: (move f7-1f f8-1f)
25.649: (pickup-and-loose f7-3f key0-2 key2-4)
25.673: (move f6-0f f5-0f)
25.674: (move f8-2f f8-1f)
25.676: (move f5-1f f5-0f)
25.699: (move f8-5f f8-6f)
25.704: (move f7-6f f8-6f)
25.705: (unlock f8-6f f8-5f key0-2 shape0)
25.707: (move f6-2f f5-2f)
25.715: (move f5-2f f4-2f)
25.719: (pickup-and-loose f7-3f key0-2 key2-4)
25.751: (move f5-4f f4-4f)
25.752: (move f6-2f f5-2f)
25.778: (move f6-2f f5-2f)
25.779: (move f8-2f f8-1f)
25.798: (move f7-6f f8-6f)
25.810: (move f6-2f f5-2f)
25.810: (move f8-2f f8-1f)
25.822: (move f9-2f f9-1f)
25.834: (move f8-1f f9-1f)
25.908: (move f8-4f f8-5f)
25.910: (move f7-5f f8-5f)
25.924: (move f6-2f f5-2f)
25.924: (putdown f7-2f key0-2)
26.024: (move f6-2f f6-1f)
26.031: (move f9-2f f9-1f)
26.041: (move f8-1f f9-1f)
26.048: (move f8-6f f8-7f)
26.064: (move f7-5f f7-6f)
26.065: (move f8-2f f9-2f)
26.081: (move f6-1f f6-0f)
26.093: (move f7-3f f7-2f)
26.100: (pickup-and-loose f7-2f key0-0 key0-2)
23.064: (move f6-7f f6-6f)
23.065: (move f5-6f f6-6f)
23.120: (move f5-6f f5-5f)
23.121: (move f4-5f f5-5f)
23.238: (move f7-2f f7-3f)
23.363: (pickup f8-8f key2-1)
23.420: (move f7-2f f7-3f)
23.430: (pickup-and-loose f7-2f key2-4 key0-2)
23.437: (move f3-5f f3-4f)
23.444: (move f4-4f f3-4f)
23.463: (move f5-5f f6-5f)
23.464: (move f6-6f f6-5f)
23.548: (move f6-2f f7-2f)
23.552: (unlock f7-2f f7-1f key2-4 shape2)
23.582: (move f7-3f f7-2f)
23.642: (move f3-5f f2-5f)
23.687: (move f5-5f f5-4f)
23.687: (move f4-4f f5-4f)
23.711: (move f6-2f f7-2f)
23.719: (move f7-3f f7-2f)
23.814: (move f7-3f f7-2f)
23.815: (move f6-2f f7-2f)
23.905: (move f6-2f f6-3f)
23.913: (move f4-5f f4-4f)
23.929: (move f6-2f f6-3f)
23.934: (move f7-3f f6-3f)
23.942: (move f7-8f f8-8f)
23.951: (move f8-3f f8-2f)
23.951: (move f7-3f f6-3f)
23.954: (move f7-2f f8-2f)
23.997: (move f7-2f f8-2f)
24.022: (unlock f6-2f f6-3f key2-4 shape2)
24.037: (move f6-2f f6-3f)
24.045: (move f7-3f f6-3f)
24.082: (move f6-2f f6-3f)
24.083: (move f7-3f f7-4f)
24.102: (move f7-3f f6-3f)
24.124: (unlock f6-2f f6-3f key2-4 shape2)
24.147: (unlock f6-2f f6-3f key2-4 shape2)
24.150: (move f7-3f f7-4f)
24.176: (move f7-2f f8-2f)
24.196: (move f7-2f f8-2f)
24.206: (move f6-2f f6-3f)
24.218: (pickup f3-5f key0-4)
24.221: (move f7-3f f6-3f)
24.235: (move f7-3f f6-3f)
24.238: (move f6-2f f6-3f)
24.279: (move f6-6f f7-6f)
24.299: (move f4-5f f3-5f)
24.314: (move f7-2f f8-2f)
24.319: (move f8-3f f8-2f)
24.345: (move f7-1f f6-1f)
24.346: (unlock f6-1f f7-1f key2-4 shape2)
24.348: (move f6-2f f6-1f)
24.352: (move f8-2f f8-3f)
24.354: (move f7-3f f8-3f)
24.415: (move f8-2f f8-3f)
24.435: (move f6-2f f7-2f)
24.444: (move f7-3f f8-3f)
24.448: (move f7-1f f6-1f)
24.449: (unlock f7-2f f7-1f key2-4 shape2)
24.450: (move f7-3f f7-2f)
24.454: (move f6-2f f6-1f)
24.455: (unlock f6-1f f7-1f key2-4 shape2)
24.455: (move f7-3f f8-3f)
24.466: (move f8-8f f8-7f)
24.523: (move f7-3f f8-3f)
24.526: (unlock f6-1f f7-1f key2-4 shape2)
24.531: (unlock f7-2f f7-1f key2-4 shape2)
24.532: (move f7-3f f8-3f)
24.533: (move f6-2f f7-2f)
24.535: (move f7-3f f7-2f)
24.539: (move f6-2f f6-1f)
24.543: (move f7-2f f7-1f)
24.543: (move f7-2f f6-2f)
24.551: (move f8-2f f8-3f)
24.551: (move f7-3f f8-3f)
24.568: (move f8-2f f8-3f)
24.576: (move f7-2f f6-2f)
24.578: (move f7-3f f8-3f)
24.581: (move f7-3f f7-4f)
24.619: (pickup-and-loose f7-2f key0-2 key2-4)
24.621: (unlock f8-1f f7-1f key2-4 shape2)
24.640: (move f8-8f f9-8f)
24.650: (move f7-1f f8-1f)
24.660: (move f8-2f f8-1f)
24.666: (move f6-2f f7-2f)
24.668: (move f7-3f f7-2f)
24.672: (move f7-3f f8-3f)
24.675: (move f7-3f f7-4f)
24.682: (move f4-2f f3-2f)
24.693: (move f7-3f f7-4f)
24.699: (move f7-2f f6-2f)
24.710: (move f7-3f f8-3f)
24.716: (move f8-3f f8-4f)
24.717: (move f7-4f f8-4f)
24.732: (move f7-3f f7-4f)
24.733: (move f8-2f f8-3f)
24.733: (move f7-3f f7-2f)
24.735: (move f6-2f f5-2f)
24.741: (move f7-3f f8-3f)
24.745: (move f7-2f f7-1f)
24.745: (unlock f8-1f f7-1f key2-4 shape2)
24.750: (move f7-3f f7-4f)
24.756: (move f7-2f f6-2f)
24.763: (move f8-8f f8-9f)
24.766: (move f7-1f f8-1f)
24.767: (move f8-2f f8-1f)
24.771: (move f7-3f f6-3f)
24.772: (move f7-4f f7-5f)
24.784: (unlock f6-2f f6-3f key2-4 shape2)
24.790: (move f3-2f f2-2f)
24.800: (move f3-2f f3-1f)
24.805: (move f4-1f f3-1f)
24.826: (move f7-3f f7-2f)
24.834: (move f6-2f f5-2f)
24.838: (move f7-3f f7-4f)
24.840: (move f7-3f f8-3f)
24.852: (move f7-4f f6-4f)
24.857: (move f7-3f f7-4f)
24.863: (move f4-2f f4-1f)
24.864: (move f7-3f f7-2f)
24.880: (move f4-2f f3-2f)
24.882: (move f7-3f f8-3f)
24.882: (move f6-2f f5-2f)
24.883: (move f5-1f f4-1f)
24.891: (move f7-3f f6-3f)
24.907: (move f7-3f f7-4f)
24.911: (move f3-4f f2-4f)
24.914: (pickup-and-loose f7-2f key0-2 key2-4)
24.922: (move f6-2f f5-2f)
24.922: (move f4-4f f3-4f)
24.938: (move f7-3f f7-2f)
24.940: (move f7-2f f7-1f)
24.947: (move f8-3f f8-2f)
24.950: (move f7-6f f6-6f)
24.957: (move f6-5f f6-6f)
24.967: (move f6-2f f5-2f)
24.978: (move f7-2f f8-2f)
24.987: (unlock f5-6f f5-7f key0-2 shape0)
24.992: (move f8-3f f8-2f)
24.996: (move f7-3f f7-4f)
25.014: (move f7-3f f7-4f)
25.018: (move f7-2f f8-2f)
25.043: (move f4-4f f4-5f)
25.062: (move f5-5f f4-5f)
25.062: (unlock f7-3f f6-3f key2-4 shape2)
25.069: (move f7-1f f8-1f)
25.069: (move f6-2f f5-2f)
25.071: (move f4-2f f4-1f)
25.072: (move f8-2f f8-1f)
25.073: (move f7-3f f6-3f)
25.086: (move f5-1f f4-1f)
25.113: (move f4-4f f3-4f)
25.122: (move f7-2f f8-2f)
25.123: (move f8-3f f8-2f)
25.143: (unlock f7-3f f6-3f key2-4 shape2)
25.166: (unlock f7-3f f6-3f key2-4 shape2)
25.202: (move f7-2f f7-3f)
25.202: (move f5-4f f5-5f)
25.211: (move f6-5f f5-5f)
25.215: (move f6-2f f5-2f)
25.224: (move f7-3f f7-2f)
25.230: (move f7-3f f8-3f)
25.233: (unlock f7-3f f6-3f key2-4 shape2)
25.250: (move f4-4f f4-5f)
25.272: (move f5-5f f4-5f)
25.287: (move f6-1f f5-1f)
25.296: (move f7-3f f7-2f)
25.299: (move f5-2f f5-1f)
25.300: (move f7-3f f7-4f)
25.304: (move f6-2f f6-1f)
25.309: (move f7-1f f6-1f)
25.327: (move f7-1f f6-1f)
25.328: (move f6-2f f6-1f)
25.330: (move f7-3f f8-3f)
25.351: (move f6-2f f6-1f)
25.361: (move f3-2f f3-3f)
25.365: (move f3-4f f3-3f)
25.376: (pickup-and-loose f7-3f key0-2 key2-4)
25.387: (move f7-3f f7-2f)
25.391: (move f5-0f f4-0f)
25.411: (move f6-2f f6-1f)
25.439: (move f4-1f f4-0f)
25.446: (move f7-3f f7-4f)
25.448: (move f7-3f f8-3f)
25.451: (move f6-6f f5-6f)
25.468: (move f7-3f f8-3f)
25.469: (move f5-5f f5-6f)
25.470: (move f6-2f f6-1f)
25.479: (move f7-3f f7-4f)
25.504: (move f6-2f f6-1f)
25.550: (putdown f7-2f key0-2)
25.552: (pickup-and-loose f7-3f key0-2 key2-4)
25.566: (move f7-3f f7-4f)
25.574: (move f7-3f f8-3f)
25.579: (move f8-7f f8-8f)
25.579: (pickup-and-loose f7-3f key0-2 key2-4)
25.609: (move f6-2f f6-1f)
25.612: (move f7-1f f8-1f)
23.224: (pickup f8-8f key2-1)
23.244: (move f7-6f f7-5f)
23.246: (move f6-5f f7-5f)
23.272: (unlock f7-2f f7-1f key2-4 shape2)
23.294: (move f7-2f f7-3f)
23.313: (move f3-5f f3-4f)
23.320: (move f4-4f f3-4f)
23.330: (move f5-5f f6-5f)
23.331: (move f6-6f f6-5f)
23.343: (move f5-4f f6-4f)
23.344: (move f6-5f f6-4f)
23.391: (move f2-5f f2-4f)
23.392: (move f3-4f f2-4f)
23.404: (move f7-2f f7-3f)
23.494: (move f3-5f f2-5f)
23.531: (pickup-and-loose f7-2f key2-4 key0-2)
23.552: (move f6-2f f7-2f)
23.556: (move f4-4f f5-4f)
23.557: (unlock f7-2f f7-1f key2-4 shape2)
23.557: (move f5-5f f5-4f)
23.566: (move f7-3f f7-2f)
23.650: (move f6-2f f7-2f)
23.654: (unlock f7-2f f7-1f key2-4 shape2)
23.662: (move f7-3f f7-2f)
23.801: (move f7-3f f7-2f)
23.813: (move f6-2f f7-2f)
23.834: (move f2-5f f1-5f)
23.847: (move f3-4f f3-3f)
23.902: (move f6-2f f6-3f)
23.910: (move f7-3f f6-3f)
24.011: (move f6-2f f6-3f)
24.012: (move f7-3f f6-3f)
24.022: (move f7-2f f8-2f)
24.025: (move f7-3f f6-3f)
24.035: (move f6-2f f6-3f)
24.053: (move f7-3f f7-4f)
24.090: (move f8-3f f8-2f)
24.091: (move f7-2f f8-2f)
24.104: (pickup f3-5f key0-4)
24.115: (unlock f6-2f f6-3f key2-4 shape2)
24.140: (move f6-6f f7-6f)
24.149: (move f7-2f f8-2f)
24.188: (move f7-3f f6-3f)
24.191: (move f8-7f f8-6f)
24.192: (move f7-6f f8-6f)
24.206: (move f7-2f f6-2f)
24.207: (move f6-2f f6-3f)
24.209: (move f8-7f f9-7f)
24.215: (move f9-8f f9-7f)
24.257: (move f7-2f f8-2f)
24.261: (pickup f9-8f key2-2)
24.265: (move f8-3f f8-2f)
24.268: (move f7-3f f7-4f)
24.275: (move f7-2f f8-2f)
24.309: (move f8-3f f8-2f)
24.321: (move f7-3f f8-3f)
24.323: (move f8-2f f8-3f)
24.324: (move f7-2f f8-2f)
24.333: (move f8-8f f8-7f)
24.376: (unlock f8-4f f8-5f key0-2 shape0)
24.377: (move f8-3f f8-4f)
24.386: (move f7-4f f8-4f)
24.404: (move f8-3f f8-2f)
24.418: (move f7-2f f8-2f)
24.447: (move f7-4f f7-5f)
24.449: (move f6-2f f6-1f)
24.454: (move f7-1f f6-1f)
24.455: (unlock f7-5f f8-5f key0-2 shape0)
24.469: (unlock f6-1f f7-1f key2-4 shape2)
24.480: (move f7-2f f6-2f)
24.512: (move f8-8f f9-8f)
24.518: (unlock f6-1f f7-1f key2-4 shape2)
24.523: (move f7-3f f8-3f)
24.539: (move f7-3f f8-3f)
24.540: (move f8-2f f8-3f)
24.542: (move f6-2f f6-1f)
24.548: (unlock f7-2f f7-1f key2-4 shape2)
24.551: (move f7-3f f7-2f)
24.553: (move f7-3f f8-3f)
24.554: (move f8-2f f8-3f)
24.566: (move f6-2f f7-2f)
24.635: (move f7-3f f8-3f)
24.637: (move f8-8f f8-9f)
24.648: (move f6-2f f6-1f)
24.648: (move f9-8f f9-9f)
24.648: (move f2-5f f2-6f)
24.648: (unlock f6-1f f7-1f key2-4 shape2)
24.658: (move f8-9f f9-9f)
24.660: (pickup-and-loose f7-2f key0-2 key2-4)
24.674: (move f7-3f f8-3f)
24.685: (move f7-3f f7-4f)
24.694: (move f5-6f f6-6f)
24.709: (move f7-3f f6-3f)
24.713: (move f7-2f f7-1f)
24.714: (move f7-2f f6-2f)
24.729: (move f7-3f f7-4f)
24.741: (move f7-2f f6-2f)
24.757: (move f3-2f f2-2f)
24.768: (move f3-2f f3-1f)
24.771: (move f7-1f f8-1f)
24.773: (move f8-2f f8-1f)
24.776: (move f5-6f f5-5f)
24.784: (move f4-1f f3-1f)
24.790: (move f7-4f f8-4f)
24.794: (move f3-1f f2-1f)
24.794: (move f2-2f f2-1f)
24.796: (move f8-3f f8-4f)
24.823: (move f7-3f f7-4f)
24.828: (move f7-3f f7-2f)
24.833: (move f7-3f f7-4f)
24.838: (move f6-2f f5-2f)
24.846: (move f7-3f f8-3f)
24.851: (move f7-4f f7-5f)
24.881: (move f3-4f f2-4f)
24.901: (move f3-3f f2-3f)
24.904: (pickup-and-loose f7-2f key0-2 key2-4)
24.912: (move f7-3f f7-2f)
24.925: (move f6-2f f5-2f)
24.928: (unlock f5-6f f5-7f key0-2 shape0)
24.929: (move f7-5f f6-5f)
24.932: (move f7-3f f6-3f)
24.933: (move f6-4f f6-5f)
24.941: (move f7-4f f6-4f)
24.950: (move f8-3f f8-2f)
24.955: (move f7-2f f8-2f)
24.964: (move f2-4f f2-3f)
24.967: (move f2-2f f2-3f)
24.988: (move f6-1f f7-1f)
24.994: (move f2-2f f1-2f)
24.995: (move f4-1f f3-1f)
24.996: (move f3-2f f2-2f)
24.998: (move f7-2f f7-1f)
24.999: (move f7-4f f6-4f)
25.005: (move f3-2f f3-1f)
25.006: (move f7-3f f7-4f)
25.011: (move f7-2f f7-3f)
25.029: (move f6-2f f5-2f)
25.035: (move f7-1f f8-1f)
25.037: (move f7-3f f7-2f)
25.044: (move f8-2f f8-1f)
25.048: (move f5-1f f4-1f)
25.050: (move f5-2f f5-1f)
25.050: (move f6-1f f5-1f)
25.069: (move f7-2f f8-2f)
25.073: (move f6-2f f5-2f)
25.081: (move f8-3f f8-2f)
25.085: (pickup-and-loose f7-2f key0-2 key2-4)
25.102: (move f7-2f f8-2f)
25.116: (move f3-4f f2-4f)
25.123: (move f2-4f f1-4f)
25.127: (move f2-4f f2-5f)
25.129: (move f8-3f f8-2f)
25.138: (unlock f7-3f f6-3f key2-4 shape2)
25.146: (move f6-4f f5-4f)
25.173: (move f5-4f f5-3f)
25.175: (move f6-2f f5-2f)
25.200: (move f6-2f f5-2f)
25.237: (move f5-5f f4-5f)
25.252: (move f7-1f f8-1f)
25.257: (move f8-2f f8-1f)
25.297: (move f7-3f f8-3f)
25.311: (move f6-2f f6-1f)
25.311: (move f7-1f f6-1f)
25.326: (move f3-2f f3-3f)
25.335: (move f4-0f f3-0f)
25.339: (move f3-4f f3-3f)
25.351: (move f3-1f f3-0f)
25.376: (move f3-5f f3-4f)
25.409: (move f7-3f f7-4f)
25.418: (move f4-1f f4-0f)
25.420: (move f7-3f f8-3f)
25.428: (move f6-2f f5-2f)
25.463: (move f3-5f f4-5f)
25.468: (move f6-2f f6-1f)
25.471: (move f7-3f f7-4f)
25.485: (pickup-and-loose f7-3f key0-0 key0-2)
25.519: (pickup-and-loose f7-3f key0-2 key2-4)
25.520: (move f3-5f f2-5f)
25.527: (move f6-2f f6-1f)
25.528: (move f7-1f f6-1f)
25.529: (move f7-3f f8-3f)
25.545: (move f5-2f f4-2f)
25.547: (move f3-4f f3-3f)
25.557: (move f3-2f f3-3f)
25.557: (putdown f7-2f key0-2)
25.591: (move f8-2f f8-1f)
25.605: (move f7-4f f6-4f)
25.607: (move f6-3f f6-4f)
25.614: (move f7-3f f7-4f)
25.620: (move f6-2f f6-1f)
25.627: (move f4-1f f4-0f)
25.637: (move f5-5f f5-6f)
25.647: (move f6-6f f5-6f)
25.655: (move f7-4f f8-4f)
25.655: (putdown f7-2f key0-2)
25.657: (move f8-3f f8-4f)
25.663: (putdown f7-2f key0-2)
25.665: (pickup-and-loose f7-3f key0-0 key0-2)
25.674: (move f6-1f f7-1f)
25.688: (move f6-3f f6-4f)
22.024: (move f2-6f f1-6f)
22.034: (move f1-5f f1-6f)
22.498: (move f6-4f f7-4f)
22.498: (move f7-5f f7-4f)
22.883: (move f1-5f f0-5f)
23.118: (move f7-6f f7-5f)
23.122: (move f6-5f f7-5f)
23.210: (move f3-3f f3-2f)
23.217: (move f5-4f f6-4f)
23.218: (move f6-5f f6-4f)
23.263: (move f2-5f f2-4f)
23.266: (move f3-4f f2-4f)
23.269: (move f7-2f f7-3f)
23.276: (move f7-2f f7-3f)
23.368: (unlock f7-2f f7-1f key2-4 shape2)
23.441: (move f3-3f f2-3f)
23.441: (move f7-2f f7-3f)
23.443: (move f2-4f f2-3f)
23.631: (move f1-5f f1-4f)
23.632: (move f2-4f f1-4f)
23.657: (move f6-2f f7-2f)
23.658: (unlock f7-2f f7-1f key2-4 shape2)
23.663: (move f7-3f f7-2f)
23.695: (move f5-3f f5-2f)
23.702: (move f2-5f f1-5f)
23.720: (move f3-4f f3-3f)
23.740: (pickup f8-6f key1-0)
23.924: (unlock f6-2f f6-3f key2-4 shape2)
23.980: (move f7-2f f8-2f)
24.009: (move f7-3f f6-3f)
24.009: (move f6-2f f6-3f)
24.066: (move f8-7f f8-6f)
24.077: (move f7-6f f8-6f)
24.083: (move f8-7f f9-7f)
24.089: (move f9-8f f9-7f)
24.117: (move f7-2f f8-2f)
24.139: (pickup f9-8f key2-2)
24.150: (move f7-3f f6-3f)
24.151: (move f6-2f f6-3f)
24.200: (move f7-2f f6-2f)
24.231: (move f7-2f f6-2f)
24.238: (move f7-2f f8-2f)
24.239: (move f7-3f f7-4f)
24.261: (move f8-3f f8-2f)
24.273: (move f7-2f f8-2f)
24.281: (move f7-2f f8-2f)
24.312: (move f7-3f f7-4f)
24.326: (move f8-2f f8-3f)
24.339: (move f7-3f f8-3f)
24.365: (move f8-3f f8-2f)
24.375: (move f7-2f f6-2f)
24.376: (move f7-2f f8-2f)
24.399: (move f8-3f f8-2f)
24.402: (move f7-2f f8-2f)
24.406: (pickup-and-loose f7-2f key0-2 key2-4)
24.429: (move f7-2f f8-2f)
24.462: (move f8-3f f8-4f)
24.463: (unlock f8-4f f8-5f key0-2 shape0)
24.467: (move f7-4f f8-4f)
24.471: (move f7-3f f7-4f)
24.476: (move f7-2f f6-2f)
24.506: (move f8-2f f8-3f)
24.513: (move f7-3f f8-3f)
24.519: (move f2-5f f2-6f)
24.521: (move f9-8f f9-9f)
24.524: (move f7-3f f8-3f)
24.525: (move f8-9f f9-9f)
24.526: (move f8-2f f8-3f)
24.530: (move f7-4f f7-5f)
24.550: (unlock f7-5f f8-5f key0-2 shape0)
24.583: (move f7-2f f6-2f)
24.648: (move f7-3f f8-3f)
24.648: (pickup-and-loose f7-2f key0-2 key2-4)
24.653: (move f6-2f f6-1f)
24.661: (move f6-2f f5-2f)
24.662: (unlock f6-1f f7-1f key2-4 shape2)
24.676: (move f5-6f f6-6f)
24.676: (move f6-5f f6-6f)
24.717: (move f7-2f f7-1f)
24.741: (move f5-4f f5-5f)
24.745: (move f4-2f f3-2f)
24.749: (move f6-5f f5-5f)
24.749: (move f5-6f f5-5f)
24.752: (move f3-1f f2-1f)
24.752: (move f2-2f f2-1f)
24.764: (move f7-4f f8-4f)
24.768: (move f8-3f f8-4f)
24.817: (move f7-4f f7-5f)
24.825: (move f7-2f f7-1f)
24.826: (move f7-3f f7-4f)
24.829: (pickup-and-loose f7-2f key0-2 key2-4)
24.867: (move f8-2f f8-1f)
24.874: (move f7-1f f8-1f)
24.890: (move f5-1f f4-1f)
24.893: (move f4-2f f4-1f)
24.902: (move f8-6f f9-6f)
24.903: (move f9-7f f9-6f)
24.911: (move f7-4f f6-4f)
24.919: (move f2-2f f2-3f)
24.921: (move f7-3f f6-3f)
24.927: (move f1-2f f1-1f)
24.928: (move f3-3f f2-3f)
24.928: (move f2-1f f1-1f)
24.930: (move f2-4f f2-3f)
24.946: (move f2-2f f1-2f)
24.954: (unlock f7-3f f6-3f key2-4 shape2)
24.959: (move f6-6f f6-5f)
24.961: (move f5-5f f6-5f)
24.972: (move f4-1f f3-1f)
24.985: (move f7-2f f7-3f)
24.991: (move f3-1f f2-1f)
24.991: (move f2-2f f2-1f)
24.993: (move f6-1f f7-1f)
25.007: (move f7-2f f7-1f)
25.015: (move f7-3f f7-2f)
25.020: (move f7-5f f6-5f)
25.021: (move f6-4f f6-5f)
25.023: (move f6-1f f5-1f)
25.023: (move f5-2f f5-1f)
25.032: (move f6-2f f5-2f)
25.048: (move f5-5f f4-5f)
25.049: (move f5-4f f5-3f)
25.063: (move f7-2f f8-2f)
25.071: (move f8-3f f8-2f)
25.073: (move f5-2f f5-1f)
25.076: (pickup-and-loose f7-2f key0-2 key2-4)
25.091: (move f6-1f f7-1f)
25.094: (move f7-2f f7-3f)
25.106: (pickup f5-3f key3-4)
25.107: (move f7-4f f6-4f)
25.107: (move f7-2f f7-1f)
25.108: (unlock f5-6f f5-7f key0-2 shape0)
25.110: (move f7-5f f6-5f)
25.124: (move f2-4f f1-4f)
25.129: (move f6-4f f6-5f)
25.141: (move f2-4f f2-5f)
25.145: (move f3-3f f2-3f)
25.148: (move f2-4f f2-3f)
25.154: (move f2-2f f2-3f)
25.166: (move f2-5f f1-5f)
25.166: (move f1-4f f1-5f)
25.176: (move f5-5f f5-4f)
25.178: (move f2-2f f1-2f)
25.194: (move f6-2f f6-1f)
25.223: (move f7-1f f8-1f)
25.223: (move f8-2f f8-1f)
25.237: (move f6-4f f5-4f)
25.240: (move f5-2f f5-1f)
25.245: (move f6-1f f5-1f)
25.283: (move f3-5f f3-4f)
25.300: (move f6-4f f5-4f)
25.304: (move f2-4f f2-5f)
25.312: (move f2-4f f1-4f)
25.317: (move f4-0f f3-0f)
25.328: (move f3-1f f3-0f)
25.329: (move f6-2f f5-2f)
25.337: (move f6-2f f5-2f)
25.363: (move f3-5f f4-5f)
25.394: (move f6-2f f5-2f)
25.401: (move f3-0f f2-0f)
25.402: (move f2-1f f2-0f)
25.430: (move f6-6f f6-7f)
25.432: (move f3-5f f2-5f)
25.468: (move f5-2f f4-2f)
25.496: (move f1-2f f0-2f)
25.496: (move f5-4f f4-4f)
25.499: (move f7-1f f6-1f)
25.500: (move f6-2f f6-1f)
25.517: (move f4-0f f3-0f)
25.518: (move f7-3f f8-3f)
25.523: (move f5-2f f4-2f)
25.555: (move f3-1f f3-0f)
25.560: (pickup-and-loose f7-3f key0-0 key0-2)
25.562: (move f8-2f f8-1f)
25.598: (move f7-3f f7-4f)
25.600: (move f4-1f f4-0f)
25.609: (move f1-4f f1-3f)
25.619: (move f2-3f f1-3f)
25.619: (move f7-4f f6-4f)
25.620: (move f1-2f f1-3f)
25.628: (move f6-3f f6-4f)
25.643: (pickup-and-loose f7-3f key0-0 key0-2)
25.645: (move f1-4f f0-4f)
25.649: (move f4-0f f5-0f)
25.652: (putdown f7-2f key0-2)
25.658: (move f5-1f f5-0f)
25.662: (putdown f7-2f key0-2)
25.662: (move f9-8f f8-8f)
25.669: (move f7-4f f8-4f)
25.669: (move f8-3f f8-4f)
25.677: (move f7-1f f8-1f)
25.697: (move f4-1f f4-2f)
25.704: (move f7-4f f6-4f)
25.705: (pickup f7-2f key0-0)
25.709: (move f8-2f f8-1f)
25.713: (move f4-5f f4-4f)
25.721: (move f6-3f f6-4f)
25.733: (move f5-2f f4-2f)
25.743: (move f8-1f f9-1f)
25.744: (move f8-2f f8-1f)
21.448: (move f7-4f f7-3f)
21.906: (move f2-6f f1-6f)
21.918: (move f1-5f f1-6f)
22.038: (pickup f7-4f key3-3)
22.370: (move f6-4f f7-4f)
22.371: (move f7-5f f7-4f)
22.751: (move f1-5f f0-5f)
22.831: (pickup f0-5f key0-3)
22.831: (pickup f0-5f key0-1)
23.002: (move f5-2f f6-2f)
23.087: (move f3-3f f3-2f)
23.132: (move f5-3f f5-4f)
23.184: (move f7-2f f7-3f)
23.189: (move f7-4f f8-4f)
23.240: (move f7-2f f7-3f)
23.277: (move f2-3f f2-2f)
23.278: (move f3-2f f2-2f)
23.286: (move f3-2f f3-1f)
23.316: (move f3-3f f2-3f)
23.316: (move f2-4f f2-3f)
23.427: (move f7-2f f7-3f)
23.433: (move f5-3f f5-2f)
23.438: (move f7-2f f7-3f)
23.503: (move f1-5f f1-6f)
23.508: (move f1-5f f1-4f)
23.509: (move f2-4f f1-4f)
23.568: (move f8-6f f7-6f)
23.576: (move f5-3f f5-2f)
23.595: (move f6-2f f7-2f)
23.597: (move f7-3f f7-2f)
23.615: (pickup f8-6f key1-0)
23.625: (move f5-2f f5-1f)
23.809: (move f6-2f f6-3f)
23.814: (move f8-6f f8-7f)
23.832: (move f7-3f f6-3f)
23.832: (move f0-5f f0-6f)
23.832: (move f1-6f f0-6f)
23.905: (unlock f6-2f f6-3f key2-4 shape2)
23.949: (move f7-2f f8-2f)
24.011: (move f3-2f f4-2f)
24.012: (move f5-2f f4-2f)
24.021: (unlock f6-2f f6-3f key2-4 shape2)
24.075: (move f7-2f f8-2f)
24.085: (move f2-3f f1-3f)
24.085: (move f1-4f f1-3f)
24.139: (move f7-3f f6-3f)
24.144: (move f6-2f f6-3f)
24.145: (move f7-3f f6-3f)
24.148: (move f6-2f f6-3f)
24.214: (move f7-2f f6-2f)
24.229: (move f7-1f f6-1f)
24.233: (move f6-2f f6-1f)
24.246: (move f7-2f f8-2f)
24.259: (move f8-6f f9-6f)
24.259: (unlock f6-1f f7-1f key2-4 shape2)
24.269: (move f1-4f f0-4f)
24.271: (move f0-5f f0-4f)
24.280: (move f7-3f f7-4f)
24.294: (move f0-4f f0-5f)
24.298: (move f8-2f f8-3f)
24.314: (move f1-5f f0-5f)
24.316: (move f6-2f f6-3f)
24.320: (move f7-3f f6-3f)
24.320: (move f7-3f f8-3f)
24.332: (move f7-3f f7-4f)
24.362: (move f8-3f f8-2f)
24.377: (move f7-2f f6-2f)
24.385: (move f7-2f f8-2f)
24.391: (move f7-2f f6-2f)
24.396: (move f7-2f f8-2f)
24.433: (move f7-2f f8-2f)
24.435: (move f6-3f f6-4f)
24.436: (move f7-4f f6-4f)
24.439: (move f7-3f f8-3f)
24.444: (move f8-2f f8-3f)
24.447: (unlock f8-4f f8-5f key0-2 shape0)
24.450: (move f8-3f f8-4f)
24.457: (move f7-4f f8-4f)
24.462: (move f7-3f f8-3f)
24.475: (move f7-3f f7-4f)
24.478: (move f7-3f f8-3f)
24.485: (move f8-2f f8-3f)
24.486: (move f7-3f f7-4f)
24.497: (move f7-2f f7-1f)
24.508: (move f8-2f f8-3f)
24.511: (move f7-3f f8-3f)
24.517: (move f7-4f f7-5f)
24.525: (move f7-1f f8-1f)
24.528: (unlock f7-5f f8-5f key0-2 shape0)
24.534: (move f7-2f f6-2f)
24.550: (move f8-2f f8-1f)
24.554: (pickup-and-loose f7-2f key0-2 key2-4)
24.555: (unlock f8-1f f7-1f key2-4 shape2)
24.568: (move f7-3f f7-4f)
24.579: (move f7-2f f6-2f)
24.618: (move f6-2f f5-2f)
24.643: (move f7-3f f7-4f)
24.654: (move f4-2f f3-2f)
24.693: (move f5-2f f5-3f)
24.704: (move f6-3f f5-3f)
24.707: (move f8-2f f8-3f)
24.707: (move f1-6f f1-7f)
24.709: (move f7-3f f8-3f)
24.716: (move f4-2f f3-2f)
24.759: (move f6-2f f5-2f)
24.774: (move f9-7f f9-6f)
24.774: (move f8-6f f9-6f)
24.779: (move f6-5f f6-6f)
24.780: (move f5-6f f6-6f)
24.796: (move f7-2f f7-1f)
24.813: (move f3-2f f2-2f)
24.816: (move f4-1f f3-1f)
24.817: (move f3-2f f3-1f)
24.819: (pickup-and-loose f7-2f key0-2 key2-4)
24.820: (move f6-5f f7-5f)
24.821: (move f7-2f f7-1f)
24.835: (move f4-2f f4-1f)
24.839: (move f5-1f f4-1f)
24.849: (move f6-2f f5-2f)
24.856: (move f4-2f f3-2f)
24.865: (move f6-5f f6-6f)
24.870: (move f5-1f f4-1f)
24.873: (move f4-2f f4-1f)
24.879: (move f7-1f f8-1f)
24.879: (move f8-2f f8-1f)
24.882: (move f5-4f f5-5f)
24.884: (move f6-5f f6-4f)
24.884: (move f2-1f f1-1f)
24.885: (move f3-1f f3-2f)
24.886: (move f5-4f f6-4f)
24.892: (move f5-6f f5-5f)
24.894: (move f6-5f f5-5f)
24.901: (move f1-2f f1-1f)
24.903: (move f4-4f f3-4f)
24.922: (move f4-2f f3-2f)
24.944: (unlock f7-3f f6-3f key2-4 shape2)
24.954: (move f3-1f f2-1f)
24.969: (move f8-2f f8-1f)
24.978: (move f7-1f f8-1f)
24.990: (move f7-2f f7-1f)
24.996: (move f6-4f f6-5f)
24.998: (move f7-5f f6-5f)
25.004: (pickup f5-3f key3-4)
25.006: (move f5-5f f4-5f)
25.020: (move f4-4f f4-5f)
25.044: (move f8-3f f8-4f)
25.045: (unlock f7-3f f6-3f key2-4 shape2)
25.050: (move f7-4f f8-4f)
25.068: (move f7-2f f7-3f)
25.071: (move f4-4f f3-4f)
25.078: (move f7-4f f6-4f)
25.085: (move f5-1f f4-1f)
25.085: (move f4-2f f4-1f)
25.089: (move f6-5f f5-5f)
25.091: (move f5-4f f5-5f)
25.102: (move f6-1f f7-1f)
25.105: (move f7-4f f7-5f)
25.113: (move f2-1f f1-1f)
25.115: (move f1-2f f1-1f)
25.121: (move f7-2f f7-1f)
25.130: (move f1-4f f1-5f)
25.131: (move f2-5f f1-5f)
25.201: (move f6-4f f5-4f)
25.207: (move f5-2f f5-1f)
25.207: (move f6-1f f5-1f)
25.208: (move f5-2f f5-1f)
25.219: (move f7-1f f8-1f)
25.220: (move f8-2f f8-1f)
25.234: (move f5-2f f5-1f)
25.238: (move f7-5f f6-5f)
25.246: (move f6-4f f6-5f)
25.284: (move f6-2f f6-1f)
25.320: (move f6-2f f5-2f)
25.329: (move f6-2f f5-2f)
25.353: (move f1-4f f1-5f)
25.353: (move f2-5f f1-5f)
25.364: (move f2-1f f2-0f)
25.373: (move f3-0f f2-0f)
25.383: (move f3-2f f3-3f)
25.390: (move f6-2f f6-1f)
25.395: (move f7-1f f6-1f)
25.409: (move f6-4f f5-4f)
25.411: (move f6-6f f6-7f)
25.413: (move f6-2f f6-1f)
25.438: (move f4-1f f4-0f)
25.441: (move f5-0f f4-0f)
25.467: (move f1-2f f0-2f)
25.494: (move f4-0f f3-0f)
25.500: (move f6-2f f5-2f)
25.518: (move f3-1f f3-0f)
25.525: (move f5-4f f4-4f)
25.526: (move f4-5f f4-4f)
25.532: (move f9-8f f8-8f)
25.536: (pickup-and-loose f7-3f key0-0 key0-2)
25.545: (pickup-and-loose f7-3f key0-0 key0-2)
25.567: (move f5-4f f4-4f)
25.571: (move f2-3f f1-3f)
25.575: (move f1-2f f1-3f)
25.581: (move f5-2f f4-2f)
25.591: (move f2-1f f2-0f)
17.680: (pickup f7-3f key0-2)
21.035: (move f7-4f f7-3f)
21.320: (move f7-4f f7-3f)
21.912: (pickup f7-4f key3-3)
22.494: (move f0-6f f0-7f)
22.500: (move f1-7f f0-7f)
22.748: (move f7-4f f7-5f)
22.765: (pickup f0-5f key0-3)
22.765: (pickup f0-5f key0-1)
22.770: (move f7-6f f7-5f)
22.770: (move f8-4f f8-3f)
22.772: (move f7-3f f8-3f)
22.774: (move f5-2f f6-2f)
22.777: (move f7-4f f8-4f)
22.789: (pickup f6-2f key1-4)
22.839: (move f7-6f f6-6f)
22.852: (move f7-4f f6-4f)
22.879: (move f5-2f f6-2f)
22.989: (move f5-3f f5-4f)
23.038: (move f5-4f f6-4f)
23.066: (move f7-4f f8-4f)
23.151: (move f3-2f f2-2f)
23.152: (move f2-3f f2-2f)
23.157: (move f3-2f f3-1f)
23.163: (move f6-2f f7-2f)
23.164: (move f7-3f f7-2f)
23.267: (move f3-1f f2-1f)
23.267: (move f2-2f f2-1f)
23.277: (move f5-4f f5-5f)
23.299: (move f5-3f f5-2f)
23.337: (move f7-2f f7-3f)
23.352: (move f5-2f f5-1f)
23.383: (move f3-1f f4-1f)
23.384: (move f4-2f f4-1f)
23.385: (move f5-1f f4-1f)
23.411: (move f7-2f f7-3f)
23.430: (move f8-6f f7-6f)
23.444: (unlock f7-2f f7-1f key2-4 shape2)
23.445: (move f6-2f f7-2f)
23.451: (move f1-3f f1-2f)
23.456: (move f7-3f f7-2f)
23.456: (move f2-2f f1-2f)
23.495: (move f5-2f f5-1f)
23.579: (move f1-5f f1-6f)
23.621: (move f0-5f f0-6f)
23.621: (move f0-5f f0-6f)
23.629: (move f0-5f f1-5f)
23.630: (move f0-5f f1-5f)
23.670: (move f1-5f f1-6f)
23.675: (move f5-2f f4-2f)
23.680: (move f8-6f f8-7f)
23.682: (move f8-7f f8-8f)
23.688: (move f6-2f f7-2f)
23.691: (move f7-3f f7-2f)
23.700: (pickup f0-6f key1-1)
23.710: (pickup f1-3f key3-0)
23.713: (move f5-4f f4-4f)
23.719: (move f0-5f f0-6f)
23.719: (move f1-6f f0-6f)
23.740: (putdown f5-4f key3-4)
23.780: (move f6-2f f6-3f)
23.801: (move f7-3f f6-3f)
23.802: (move f9-6f f9-7f)
23.806: (move f8-7f f9-7f)
23.839: (move f3-1f f3-0f)
23.883: (move f5-2f f4-2f)
23.884: (move f3-2f f4-2f)
23.905: (move f7-3f f6-3f)
23.906: (move f6-2f f6-3f)
23.954: (putdown f5-2f key3-4)
23.959: (move f2-3f f1-3f)
23.960: (move f1-4f f1-3f)
24.001: (unlock f6-2f f6-3f key2-4 shape2)
24.008: (move f7-3f f7-4f)
24.024: (move f6-4f f7-4f)
24.025: (move f7-5f f7-4f)
24.026: (putdown f7-6f key1-0)
24.060: (move f0-5f f0-4f)
24.061: (move f0-5f f0-4f)
24.082: (move f7-2f f8-2f)
24.125: (move f8-6f f9-6f)
24.126: (move f6-2f f6-3f)
24.136: (move f7-3f f6-3f)
24.138: (move f0-5f f0-4f)
24.143: (move f1-4f f0-4f)
24.149: (move f1-3f f0-3f)
24.152: (move f0-4f f0-3f)
24.163: (move f5-1f f5-0f)
24.187: (move f8-3f f8-2f)
24.191: (move f1-5f f0-5f)
24.208: (putdown f8-7f key1-0)
24.211: (move f7-2f f8-2f)
24.276: (move f7-3f f8-3f)
24.279: (move f8-2f f8-3f)
24.290: (move f0-5f f0-6f)
24.299: (move f7-3f f7-4f)
24.305: (move f1-6f f0-6f)
24.313: (move f6-2f f6-3f)
24.314: (move f6-2f f6-3f)
24.316: (move f7-3f f6-3f)
24.317: (move f7-3f f6-3f)
24.328: (move f6-2f f6-1f)
24.334: (unlock f6-1f f7-1f key2-4 shape2)
24.335: (move f6-2f f6-1f)
24.336: (move f5-1f f6-1f)
24.340: (move f7-1f f6-1f)
24.384: (move f7-2f f6-2f)
24.412: (move f8-2f f8-3f)
24.412: (move f7-3f f8-3f)
24.417: (move f6-3f f6-4f)
24.417: (move f7-2f f8-2f)
24.417: (move f7-4f f6-4f)
24.422: (move f7-3f f8-3f)
24.426: (move f6-2f f6-1f)
24.436: (unlock f6-1f f7-1f key2-4 shape2)
24.447: (move f7-4f f6-4f)
24.451: (move f6-3f f6-4f)
24.463: (move f7-3f f7-4f)
24.476: (move f8-2f f8-3f)
24.476: (move f1-5f f0-5f)
24.476: (unlock f7-5f f8-5f key0-2 shape0)
24.479: (move f7-3f f8-3f)
24.511: (move f7-3f f7-4f)
24.558: (move f7-3f f8-3f)
24.569: (move f7-3f f7-4f)
24.592: (putdown f9-6f key1-0)
24.601: (move f1-6f f1-7f)
24.602: (move f6-3f f6-4f)
24.603: (move f7-4f f6-4f)
24.626: (move f7-3f f7-4f)
24.647: (move f8-2f f8-1f)
24.653: (move f7-2f f7-1f)
24.656: (move f7-1f f8-1f)
24.659: (move f5-2f f5-3f)
24.668: (move f6-3f f5-3f)
24.675: (move f7-3f f8-3f)
24.677: (move f7-2f f6-2f)
24.677: (move f8-2f f8-3f)
24.703: (move f8-2f f8-3f)
24.703: (move f5-2f f5-3f)
24.709: (move f7-3f f8-3f)
24.709: (move f7-3f f7-4f)
24.714: (move f6-3f f5-3f)
24.715: (move f7-4f f8-4f)
24.722: (move f6-2f f5-2f)
24.730: (unlock f8-4f f8-5f key0-2 shape0)
24.731: (move f8-3f f8-4f)
24.733: (move f3-2f f2-2f)
24.737: (move f3-2f f3-1f)
24.746: (move f4-1f f3-1f)
24.786: (move f7-4f f7-5f)
24.790: (unlock f7-5f f8-5f key0-2 shape0)
24.791: (move f4-1f f3-1f)
24.796: (move f3-2f f3-1f)
24.803: (move f3-2f f2-2f)
24.809: (move f6-2f f5-2f)
24.815: (move f2-2f f2-1f)
24.817: (move f3-1f f2-1f)
24.839: (move f6-5f f6-6f)
24.845: (move f4-2f f3-2f)
24.854: (move f3-4f f2-4f)
24.857: (pickup-and-loose f7-2f key0-2 key2-4)
24.866: (move f6-3f f5-3f)
24.881: (move f5-2f f5-3f)
24.889: (move f4-4f f3-4f)
24.948: (move f6-2f f5-2f)
24.963: (move f2-1f f2-2f)
24.966: (move f3-2f f2-2f)
24.969: (move f8-2f f8-1f)
24.970: (move f4-4f f3-4f)
24.974: (move f3-3f f2-3f)
24.976: (move f7-2f f7-1f)
24.976: (move f3-3f f3-4f)
24.979: (move f7-1f f8-1f)
24.990: (move f2-2f f2-3f)
24.991: (move f5-1f f4-1f)
24.996: (move f6-5f f6-6f)
24.997: (move f7-1f f8-1f)
25.003: (unlock f7-3f f6-3f key2-4 shape2)
25.004: (move f4-1f f3-1f)
25.005: (move f8-2f f8-1f)
25.008: (move f5-1f f4-1f)
25.012: (move f3-2f f3-1f)
25.016: (move f4-2f f4-1f)
25.017: (move f2-2f f1-2f)
25.018: (move f3-2f f2-2f)
25.020: (move f7-4f f8-4f)
25.023: (move f8-3f f8-4f)
25.050: (move f5-1f f4-1f)
25.058: (move f5-4f f5-5f)
25.061: (move f6-5f f5-5f)
25.062: (move f7-4f f8-4f)
25.066: (move f3-4f f2-4f)
25.068: (move f8-3f f8-4f)
25.069: (move f6-4f f6-5f)
25.075: (move f7-5f f6-5f)
25.081: (move f7-4f f7-5f)
25.096: (move f5-5f f4-5f)
25.098: (move f4-4f f4-5f)
25.098: (move f2-1f f1-1f)
17.006: (move f7-3f f7-4f)
17.309: (move f7-3f f8-3f)
17.389: (pickup-and-loose f7-3f key0-2 key3-3)
17.587: (pickup f7-3f key0-2)
17.805: (move f7-3f f7-2f)
19.992: (pickup f7-2f key2-4)
20.908: (move f7-4f f7-3f)
21.366: (putdown f7-3f key3-3)
21.746: (move f0-6f f1-6f)
21.779: (move f0-6f f1-6f)
21.779: (move f1-5f f1-6f)
21.779: (move f1-5f f1-6f)
21.785: (move f0-6f f1-6f)
22.093: (move f7-5f f7-4f)
22.253: (move f0-6f f0-7f)
22.255: (move f0-6f f0-7f)
22.267: (move f0-6f f0-7f)
22.300: (move f6-4f f7-4f)
22.382: (move f0-6f f0-7f)
22.394: (move f1-7f f0-7f)
22.433: (move f8-3f f8-2f)
22.435: (move f7-2f f8-2f)
22.462: (move f8-4f f8-3f)
22.464: (move f7-3f f8-3f)
22.498: (pickup f0-7f key2-0)
22.581: (move f7-6f f6-6f)
22.593: (move f0-6f f0-5f)
22.625: (move f7-4f f7-5f)
22.638: (move f7-6f f7-5f)
22.642: (move f8-4f f8-3f)
22.646: (move f7-3f f8-3f)
22.649: (move f5-2f f6-2f)
22.654: (move f7-4f f8-4f)
22.661: (pickup f6-2f key1-4)
22.664: (pickup-and-loose f6-2f key1-4 key3-4)
22.727: (move f7-4f f6-4f)
22.728: (move f6-2f f7-2f)
22.749: (putdown f6-2f key3-4)
22.858: (move f7-3f f7-2f)
22.864: (move f5-4f f5-5f)
22.878: (putdown f8-4f key3-3)
22.911: (move f5-4f f6-4f)
22.951: (move f6-2f f7-2f)
22.978: (putdown f6-4f key3-3)
23.011: (putdown f7-5f key3-3)
23.013: (move f4-2f f3-2f)
23.036: (move f6-2f f7-2f)
23.038: (move f7-3f f7-2f)
23.078: (move f6-6f f6-5f)
23.078: (move f7-5f f6-5f)
23.104: (move f7-5f f6-5f)
23.105: (move f6-4f f6-5f)
23.144: (move f3-1f f2-1f)
23.144: (move f2-2f f2-1f)
23.167: (putdown f7-5f key1-0)
23.173: (move f4-2f f4-1f)
23.181: (move f5-1f f4-1f)
23.199: (move f5-2f f6-2f)
23.204: (move f7-6f f7-5f)
23.213: (move f7-2f f7-3f)
23.216: (putdown f6-4f key3-4)
23.227: (move f5-2f f5-1f)
23.229: (move f7-4f f7-3f)
23.241: (move f5-5f f6-5f)
23.241: (move f6-4f f6-5f)
23.242: (move f4-4f f3-4f)
23.252: (move f4-2f f4-1f)
23.256: (move f5-1f f4-1f)
23.259: (move f3-1f f4-1f)
23.277: (move f4-4f f4-5f)
23.279: (move f5-5f f4-5f)
23.280: (move f6-4f f5-4f)
23.326: (move f6-2f f5-2f)
23.333: (move f1-3f f1-2f)
23.335: (move f0-6f f0-7f)
23.336: (move f2-2f f1-2f)
23.374: (move f1-5f f2-5f)
23.374: (move f1-5f f2-5f)
23.377: (move f0-4f f1-4f)
23.377: (move f0-4f f1-4f)
23.378: (move f1-5f f1-4f)
23.378: (move f1-5f f1-4f)
23.397: (move f1-2f f1-1f)
23.399: (move f2-1f f1-1f)
23.465: (move f6-6f f5-6f)
23.487: (move f5-4f f6-4f)
23.523: (unlock f7-2f f7-1f key2-4 shape2)
23.526: (move f6-2f f7-2f)
23.547: (move f8-7f f8-8f)
23.549: (move f5-2f f4-2f)
23.552: (move f7-3f f7-2f)
23.557: (move f0-5f f1-5f)
23.557: (move f0-5f f1-5f)
23.564: (move f0-5f f0-6f)
23.564: (move f0-5f f0-6f)
23.569: (pickup f0-6f key1-1)
23.576: (pickup-and-loose f0-6f key1-1 key0-1)
23.583: (move f7-6f f6-6f)
23.588: (move f5-4f f4-4f)
23.589: (pickup f1-3f key3-0)
23.589: (pickup-and-loose f0-6f key1-1 key0-3)
23.600: (pickup-and-loose f8-8f key2-1 key1-0)
23.604: (putdown f5-4f key3-4)
23.628: (putdown f6-6f key1-0)
23.641: (putdown f0-6f key0-1)
23.651: (putdown f0-6f key0-3)
23.654: (move f5-5f f5-6f)
23.677: (move f8-7f f9-7f)
23.677: (move f9-6f f9-7f)
23.717: (move f3-1f f3-0f)
23.829: (putdown f8-8f key1-0)
23.829: (putdown f5-2f key3-4)
23.861: (move f6-2f f6-3f)
23.875: (move f3-0f f2-0f)
23.878: (move f2-1f f2-0f)
23.880: (putdown f7-6f key1-0)
23.885: (move f7-3f f6-3f)
23.896: (putdown f5-1f key3-4)
23.906: (move f3-0f f4-0f)
23.908: (move f5-0f f4-0f)
23.908: (move f4-1f f4-0f)
23.912: (move f0-4f f0-3f)
23.913: (move f0-4f f0-3f)
23.913: (putdown f5-5f key3-4)
23.928: (move f6-2f f6-1f)
23.964: (move f7-5f f7-6f)
23.964: (move f0-3f f0-2f)
23.966: (move f5-1f f5-0f)
23.967: (move f1-2f f0-2f)
23.984: (move f5-4f f5-5f)
23.990: (move f0-5f f0-4f)
23.990: (move f0-5f f0-4f)
24.028: (move f1-3f f0-3f)
24.032: (move f0-4f f0-3f)
24.037: (move f5-1f f5-0f)
24.053: (move f5-2f f5-1f)
24.065: (putdown f8-7f key1-0)
24.105: (putdown f4-2f key3-4)
24.106: (move f8-7f f8-8f)
24.130: (move f6-2f f6-1f)
24.131: (putdown f1-5f key0-3)
24.131: (putdown f1-5f key0-1)
24.132: (move f5-1f f6-1f)
24.152: (move f7-2f f6-2f)
24.161: (putdown f4-4f key3-4)
24.167: (move f7-3f f7-4f)
24.171: (move f7-2f f8-2f)
24.186: (move f7-5f f7-4f)
24.189: (move f8-3f f8-2f)
24.201: (move f7-2f f8-2f)
24.203: (move f6-2f f6-1f)
24.205: (move f5-1f f6-1f)
24.237: (move f9-7f f9-8f)
24.237: (move f8-8f f9-8f)
24.261: (putdown f9-7f key1-0)
24.285: (move f7-2f f8-2f)
24.296: (move f0-5f f0-6f)
24.307: (move f8-3f f8-2f)
24.307: (move f8-7f f9-7f)
24.308: (move f1-6f f0-6f)
24.312: (move f7-3f f6-3f)
24.313: (move f8-7f f8-6f)
24.315: (move f9-6f f8-6f)
24.320: (move f6-2f f6-3f)
24.327: (move f5-2f f4-2f)
24.335: (move f9-6f f9-7f)
24.335: (move f6-6f f6-7f)
24.351: (move f7-6f f8-6f)
24.360: (move f5-4f f4-4f)
24.410: (move f7-4f f6-4f)
24.410: (move f8-8f f8-9f)
24.429: (move f6-3f f6-4f)
24.439: (move f8-2f f8-3f)
24.450: (move f7-3f f8-3f)
24.465: (putdown f9-6f key1-0)
24.470: (putdown f0-4f key0-1)
24.470: (putdown f0-4f key0-3)
24.473: (move f1-6f f0-6f)
24.483: (move f0-5f f0-6f)
24.484: (move f7-3f f7-4f)
24.496: (move f6-2f f6-1f)
24.530: (move f8-8f f7-8f)
24.538: (move f7-3f f8-3f)
24.572: (move f7-4f f6-4f)
24.575: (move f6-3f f6-4f)
24.575: (move f6-1f f6-0f)
24.579: (move f5-0f f6-0f)
24.602: (pickup-and-loose f7-2f key0-2 key2-4)
24.614: (move f7-4f f6-4f)
24.615: (move f6-3f f6-4f)
24.680: (move f8-2f f8-3f)
24.682: (move f7-3f f8-3f)
24.691: (move f6-3f f5-3f)
24.708: (move f7-3f f7-4f)
24.718: (unlock f8-4f f8-5f key0-2 shape0)
24.718: (unlock f8-4f f8-5f key0-2 shape0)
24.725: (move f7-4f f8-4f)
24.725: (move f7-4f f8-4f)
24.727: (move f8-3f f8-4f)
24.728: (move f3-1f f2-1f)
16.879: (move f7-2f f8-2f)
16.879: (move f8-3f f8-2f)
16.912: (move f7-3f f7-4f)
16.973: (move f7-3f f7-4f)
17.215: (move f7-3f f8-3f)
17.295: (pickup-and-loose f7-3f key0-2 key3-3)
17.338: (move f7-2f f6-2f)
17.516: (move f7-3f f8-3f)
17.544: (move f7-4f f6-4f)
17.654: (move f7-4f f7-5f)
17.710: (move f7-3f f7-2f)
17.716: (move f7-4f f8-4f)
17.717: (move f8-3f f8-4f)
17.841: (move f7-3f f7-2f)
19.115: (pickup-and-loose f7-2f key2-4 key0-2)
19.670: (unlock f7-2f f7-1f key2-4 shape2)
19.856: (pickup f7-2f key2-4)
19.905: (pickup-and-loose f7-2f key2-4 key3-3)
19.966: (pickup-and-loose f7-2f key2-4 key3-4)
19.993: (pickup-and-loose f7-2f key2-4 key1-4)
20.904: (move f7-2f f8-2f)
21.051: (move f7-2f f7-3f)
21.068: (move f7-4f f7-3f)
21.102: (pickup-and-loose f7-4f key3-3 key0-2)
21.218: (move f7-2f f7-3f)
21.230: (move f7-4f f7-3f)
21.238: (putdown f7-3f key3-3)
21.378: (move f7-2f f6-2f)
21.403: (putdown f7-4f key0-2)
21.500: (putdown f7-2f key0-2)
21.529: (putdown f8-3f key0-2)
21.644: (move f0-6f f1-6f)
21.715: (move f1-5f f1-6f)
21.715: (move f0-6f f1-6f)
21.715: (move f1-5f f1-6f)
21.715: (move f0-6f f1-6f)
21.730: (move f0-6f f1-6f)
21.731: (move f0-6f f1-6f)
21.965: (move f7-5f f7-4f)
22.006: (move f0-6f f1-6f)
22.007: (move f0-6f f1-6f)
22.032: (move f7-2f f7-3f)
22.036: (move f7-2f f8-2f)
22.163: (move f0-6f f0-7f)
22.172: (move f6-4f f7-4f)
22.176: (move f0-6f f0-7f)
22.177: (move f0-6f f0-7f)
22.184: (move f0-6f f0-7f)
22.190: (move f0-6f f0-7f)
22.201: (pickup-and-loose f7-4f key3-3 key1-0)
22.207: (putdown f7-4f key1-0)
22.212: (move f7-2f f8-2f)
22.213: (move f8-3f f8-2f)
22.217: (move f7-3f f7-4f)
22.247: (move f7-2f f8-2f)
22.297: (pickup-and-loose f7-4f key3-3 key3-4)
22.297: (putdown f7-4f key3-4)
22.300: (move f7-2f f8-2f)
22.304: (putdown f1-6f key1-1)
22.305: (putdown f1-6f key0-1)
22.305: (putdown f1-6f key0-3)
22.306: (move f8-3f f8-2f)
22.337: (move f7-3f f8-3f)
22.339: (move f8-4f f8-3f)
22.395: (move f1-5f f1-6f)
22.395: (move f1-5f f1-6f)
22.403: (move f6-4f f7-4f)
22.410: (putdown f0-7f key0-3)
22.410: (putdown f0-7f key0-1)
22.429: (move f8-4f f7-4f)
22.439: (move f7-5f f7-4f)
22.455: (move f7-5f f7-4f)
22.480: (move f0-6f f0-5f)
22.482: (move f0-6f f0-7f)
22.485: (move f0-6f f0-7f)
22.503: (putdown f0-7f key1-1)
22.526: (move f6-4f f7-4f)
22.539: (pickup-and-loose f6-2f key1-4 key3-4)
22.568: (pickup f0-7f key2-0)
22.580: (move f7-5f f7-4f)
22.602: (move f6-2f f7-2f)
22.604: (move f6-4f f7-4f)
22.622: (putdown f6-2f key3-4)
22.644: (move f7-3f f8-3f)
22.673: (pickup-and-loose f0-5f key0-1 key1-1)
22.673: (pickup-and-loose f0-5f key0-3 key1-1)
22.725: (putdown f0-5f key1-1)
22.731: (move f7-3f f7-2f)
22.739: (move f0-6f f0-5f)
22.739: (move f0-6f f0-5f)
22.757: (putdown f8-4f key3-3)
22.772: (move f7-2f f6-2f)
22.813: (move f7-4f f8-4f)
22.821: (pickup-and-loose f0-7f key2-0 key0-3)
22.821: (pickup-and-loose f0-7f key2-0 key0-1)
22.825: (move f6-2f f7-2f)
22.827: (move f6-2f f7-2f)
22.828: (putdown f8-3f key3-3)
22.833: (move f8-4f f8-3f)
22.845: (pickup-and-loose f0-7f key2-0 key1-1)
22.855: (putdown f6-4f key3-3)
22.877: (move f4-2f f3-2f)
22.882: (putdown f7-2f key1-4)
22.884: (putdown f7-5f key3-3)
22.897: (move f6-6f f5-6f)
22.906: (putdown f7-2f key3-3)
22.941: (move f6-6f f6-5f)
22.942: (move f7-5f f6-5f)
22.945: (move f7-4f f8-4f)
22.965: (move f7-4f f6-4f)
22.965: (move f6-5f f6-4f)
22.974: (move f6-4f f6-5f)
22.974: (move f7-5f f6-5f)
22.996: (pickup f6-2f key1-4)
22.998: (putdown f7-2f key3-4)
23.014: (move f6-5f f7-5f)
23.016: (move f7-4f f7-5f)
23.039: (putdown f7-5f key1-0)
23.042: (move f6-5f f6-6f)
23.047: (move f4-2f f4-1f)
23.048: (move f7-6f f6-6f)
23.049: (move f0-6f f0-5f)
23.049: (move f0-6f f0-5f)
23.053: (move f5-1f f4-1f)
23.058: (move f5-2f f6-2f)
23.087: (move f3-2f f3-1f)
23.087: (move f4-1f f3-1f)
23.089: (move f3-2f f2-2f)
23.090: (putdown f6-4f key3-4)
23.093: (move f7-3f f7-2f)
23.096: (move f7-6f f7-5f)
23.098: (move f5-5f f6-5f)
23.098: (move f6-4f f6-5f)
23.099: (move f5-5f f5-6f)
23.106: (move f6-1f f5-1f)
23.115: (move f5-2f f5-1f)
23.117: (move f4-4f f3-4f)
23.119: (move f6-2f f7-2f)
23.127: (move f5-6f f6-6f)
23.137: (move f6-5f f6-6f)
23.144: (move f4-4f f4-5f)
23.150: (move f6-4f f5-4f)
23.157: (move f6-5f f5-5f)
23.158: (move f5-6f f5-5f)
23.158: (move f7-2f f7-3f)
23.160: (move f5-5f f4-5f)
23.194: (move f6-2f f5-2f)
23.199: (move f3-4f f2-4f)
23.202: (pickup f8-8f key2-1)
23.215: (move f6-2f f7-2f)
23.231: (move f6-5f f5-5f)
23.233: (move f5-4f f5-5f)
23.239: (move f2-5f f2-4f)
23.239: (move f2-5f f2-4f)
23.241: (move f1-4f f2-4f)
23.241: (move f1-4f f2-4f)
23.241: (move f0-4f f0-5f)
23.241: (move f0-4f f0-5f)
23.269: (move f2-1f f1-1f)
23.270: (move f1-2f f1-1f)
23.278: (move f0-7f f0-6f)
23.281: (move f1-5f f0-5f)
23.281: (move f1-5f f0-5f)
23.303: (move f4-2f f3-2f)
23.307: (move f0-4f f1-4f)
23.307: (move f0-4f f1-4f)
23.314: (move f1-5f f1-4f)
23.315: (move f1-5f f1-4f)
23.323: (move f1-5f f2-5f)
23.323: (move f1-5f f2-5f)
23.338: (move f7-6f f6-6f)
23.343: (move f6-2f f5-2f)
23.351: (move f5-4f f6-4f)
23.385: (move f7-4f f7-3f)
23.392: (putdown f6-6f key1-0)
23.410: (move f6-6f f6-7f)
23.414: (move f5-6f f4-6f)
23.449: (move f4-2f f4-1f)
23.451: (move f5-1f f4-1f)
23.460: (move f0-6f f0-7f)
23.467: (pickup-and-loose f0-6f key1-1 key0-1)
23.469: (pickup-and-loose f0-6f key1-1 key0-3)
23.474: (move f6-6f f6-5f)
23.475: (move f7-5f f6-5f)
23.483: (move f0-6f f0-7f)
23.486: (pickup-and-loose f8-8f key2-1 key1-0)
23.501: (move f5-5f f4-5f)
23.503: (move f4-4f f3-4f)
23.503: (move f4-4f f4-5f)
23.518: (move f6-4f f6-5f)
23.527: (move f5-5f f6-5f)
23.540: (putdown f0-6f key0-1)
23.542: (putdown f0-6f key0-3)
23.547: (move f1-6f f1-5f)
23.550: (move f0-5f f1-5f)
23.560: (move f5-2f f4-2f)
23.577: (unlock f7-6f f7-7f key3-3 shape3)
23.578: (putdown f5-5f key3-4)
23.595: (move f6-2f f5-2f)
23.597: (move f5-4f f5-5f)
16.709: (move f7-5f f6-5f)
16.710: (move f6-4f f6-5f)
16.786: (move f8-3f f8-2f)
16.786: (move f7-2f f8-2f)
16.877: (move f7-3f f7-4f)
16.886: (move f8-3f f8-2f)
16.887: (move f7-2f f8-2f)
16.929: (move f6-4f f5-4f)
17.007: (move f6-2f f5-2f)
17.193: (move f7-4f f6-4f)
17.244: (move f7-2f f6-2f)
17.306: (unlock f7-5f f8-5f key0-2 shape0)
17.312: (move f7-4f f7-5f)
17.344: (move f7-2f f6-2f)
17.374: (unlock f8-4f f8-5f key0-2 shape0)
17.377: (move f8-3f f8-4f)
17.379: (move f7-4f f8-4f)
17.422: (move f7-3f f8-3f)
17.425: (move f8-2f f8-1f)
17.453: (move f7-4f f6-4f)
17.528: (move f7-5f f7-6f)
17.531: (pickup-and-loose f7-3f key0-2 key1-4)
17.567: (move f7-4f f7-5f)
17.583: (pickup-and-loose f7-3f key0-2 key1-0)
17.615: (move f6-2f f6-1f)
17.622: (pickup-and-loose f7-3f key0-2 key3-4)
17.627: (move f7-4f f8-4f)
17.628: (move f8-3f f8-4f)
17.747: (move f7-3f f7-2f)
17.836: (move f8-2f f9-2f)
18.468: (move f8-4f f9-4f)
18.901: (unlock f7-2f f7-1f key2-4 shape2)
18.939: (pickup-and-loose f7-2f key2-4 key0-2)
18.989: (pickup-and-loose f7-2f key2-4 key0-2)
19.545: (unlock f7-2f f7-1f key2-4 shape2)
19.641: (unlock f7-2f f7-1f key2-4 shape2)
19.700: (unlock f7-2f f7-1f key2-4 shape2)
19.726: (unlock f7-2f f7-1f key2-4 shape2)
19.771: (pickup-and-loose f7-2f key2-4 key3-3)
19.815: (move f7-2f f8-2f)
19.831: (pickup-and-loose f7-2f key2-4 key3-4)
19.869: (pickup-and-loose f7-2f key2-4 key1-4)
19.880: (pickup f7-2f key2-4)
19.926: (pickup f7-2f key2-4)
19.929: (pickup f7-2f key2-4)
19.956: (pickup-and-loose f7-2f key2-4 key1-4)
20.084: (move f7-2f f6-2f)
20.573: (move f7-2f f7-3f)
20.737: (move f7-2f f8-2f)
20.759: (move f7-2f f8-2f)
20.780: (move f7-2f f8-2f)
20.803: (move f7-2f f8-2f)
20.846: (move f7-2f f8-2f)
20.915: (move f7-2f f7-3f)
20.927: (move f7-4f f7-3f)
20.944: (unlock f6-2f f6-3f key2-4 shape2)
20.975: (pickup-and-loose f7-4f key3-3 key0-2)
20.997: (pickup-and-loose f6-2f key1-4 key0-2)
21.095: (move f7-4f f7-3f)
21.100: (move f7-2f f7-3f)
21.109: (move f7-2f f7-3f)
21.198: (move f7-4f f7-3f)
21.223: (move f7-4f f7-3f)
21.237: (move f7-2f f6-2f)
21.239: (move f7-2f f7-3f)
21.259: (move f7-2f f6-2f)
21.275: (putdown f7-4f key0-2)
21.294: (move f7-2f f6-2f)
21.324: (move f7-4f f7-3f)
21.355: (move f7-2f f7-1f)
21.360: (move f7-4f f7-3f)
21.371: (putdown f7-2f key0-2)
21.372: (move f7-2f f7-3f)
21.380: (putdown f6-4f key0-2)
21.381: (move f7-2f f6-2f)
21.390: (move f7-2f f7-3f)
21.392: (move f8-3f f7-3f)
21.400: (putdown f8-2f key0-2)
21.401: (putdown f8-3f key0-2)
21.404: (putdown f7-4f key0-2)
21.407: (move f7-4f f7-3f)
21.414: (move f7-4f f7-3f)
21.429: (move f8-3f f7-3f)
21.432: (move f7-4f f7-3f)
21.438: (move f7-4f f7-3f)
21.443: (move f7-2f f7-3f)
21.462: (putdown f6-2f key0-2)
21.469: (move f7-2f f6-2f)
21.470: (putdown f8-3f key0-2)
21.472: (move f7-2f f7-3f)
21.479: (putdown f7-2f key0-2)
21.487: (move f7-4f f7-3f)
21.503: (move f7-4f f7-3f)
21.521: (putdown f7-3f key1-4)
21.521: (move f7-4f f7-3f)
21.555: (putdown f7-3f key1-0)
21.586: (putdown f7-5f key0-2)
21.587: (putdown f7-3f key3-4)
21.590: (move f0-6f f1-6f)
21.590: (move f0-6f f1-6f)
21.635: (putdown f8-4f key0-2)
21.748: (move f7-3f f7-4f)
21.763: (move f7-2f f8-2f)
21.830: (move f7-2f f7-3f)
21.844: (move f0-6f f1-6f)
21.844: (move f0-6f f1-6f)
21.894: (move f7-2f f8-2f)
21.909: (move f7-2f f7-3f)
21.922: (move f7-3f f8-3f)
21.924: (move f8-2f f8-3f)
21.971: (move f7-2f f6-2f)
21.975: (unlock f7-3f f6-3f key2-4 shape2)
21.989: (pickup-and-loose f7-3f key0-2 key2-4)
21.990: (move f7-2f f7-3f)
22.026: (move f0-6f f1-6f)
22.032: (pickup f7-4f key3-3)
22.041: (move f0-6f f0-7f)
22.041: (move f0-6f f0-7f)
22.072: (pickup-and-loose f7-4f key3-3 key1-0)
22.077: (putdown f7-4f key1-0)
22.080: (move f7-2f f7-3f)
22.084: (move f7-2f f8-2f)
22.087: (move f8-3f f8-2f)
22.087: (pickup f7-4f key3-3)
22.092: (move f7-3f f7-4f)
22.103: (move f7-2f f7-3f)
22.106: (move f7-2f f8-2f)
22.119: (move f7-3f f7-4f)
22.119: (move f7-2f f8-2f)
22.138: (pickup f7-4f key3-3)
22.159: (pickup f7-4f key3-3)
22.168: (putdown f1-6f key0-1)
22.170: (putdown f1-6f key0-3)
22.175: (pickup-and-loose f7-4f key3-3 key3-4)
22.176: (putdown f7-4f key3-4)
22.186: (putdown f1-6f key1-1)
22.249: (move f7-2f f8-2f)
22.282: (putdown f1-6f key1-1)
22.283: (putdown f1-6f key1-1)
22.284: (move f6-4f f7-4f)
22.289: (putdown f0-7f key0-1)
22.290: (putdown f0-7f key0-3)
22.306: (move f7-2f f8-2f)
22.308: (move f7-2f f7-3f)
22.315: (move f8-4f f7-4f)
22.322: (move f0-6f f0-7f)
22.322: (move f0-6f f0-7f)
22.326: (move f8-3f f8-2f)
22.332: (move f7-5f f7-4f)
22.332: (move f7-5f f7-4f)
22.365: (move f7-2f f8-2f)
22.390: (putdown f0-7f key1-1)
22.390: (putdown f0-7f key1-1)
22.392: (move f6-4f f7-4f)
22.392: (putdown f0-7f key1-1)
22.397: (move f7-2f f8-2f)
22.399: (move f8-2f f8-3f)
22.411: (move f7-2f f8-2f)
22.418: (move f7-3f f8-3f)
22.440: (move f7-3f f8-3f)
22.447: (move f8-4f f8-3f)
22.455: (move f7-5f f7-4f)
22.458: (move f7-2f f8-2f)
22.460: (pickup f0-5f key0-3)
22.460: (pickup f0-5f key0-1)
22.464: (move f0-6f f0-5f)
22.467: (putdown f8-2f key1-4)
22.474: (move f6-4f f7-4f)
22.512: (pickup f0-7f key2-0)
22.512: (pickup f0-7f key2-0)
22.519: (move f7-3f f8-3f)
22.561: (move f8-4f f8-3f)
22.568: (move f8-2f f8-3f)
22.570: (move f7-3f f8-3f)
22.575: (putdown f8-2f key3-3)
22.579: (move f8-3f f8-2f)
22.580: (move f0-6f f0-5f)
22.580: (move f0-6f f0-5f)
22.593: (putdown f0-5f key1-1)
22.598: (pickup-and-loose f0-5f key0-1 key1-1)
22.598: (pickup-and-loose f0-5f key0-3 key1-1)
22.612: (move f8-3f f8-2f)
22.621: (putdown f8-2f key3-4)
22.630: (move f7-2f f6-2f)
22.655: (pickup-and-loose f6-2f key1-4 key3-3)
22.657: (move f7-4f f6-4f)
22.683: (move f7-4f f8-4f)
22.695: (putdown f8-3f key3-3)
22.701: (move f6-2f f7-2f)
22.706: (move f7-6f f7-5f)
22.719: (move f8-3f f8-2f)
22.725: (move f8-4f f8-3f)
22.729: (move f6-5f f5-5f)
22.729: (move f5-6f f5-5f)
22.738: (putdown f6-2f key3-3)
22.748: (pickup f0-5f key0-3)
22.748: (pickup f0-5f key0-1)
22.748: (move f6-2f f7-2f)
22.765: (move f7-4f f7-5f)
22.766: (pickup f0-5f key0-1)
16.534: (move f7-6f f6-6f)
16.536: (move f6-5f f6-6f)
16.608: (move f7-5f f6-5f)
16.608: (move f6-4f f6-5f)
16.657: (move f7-5f f6-5f)
16.658: (move f6-4f f6-5f)
16.714: (move f5-4f f5-5f)
16.715: (move f6-5f f5-5f)
16.794: (move f7-2f f8-2f)
16.794: (move f8-3f f8-2f)
16.801: (move f5-2f f5-1f)
16.802: (move f6-1f f5-1f)
16.831: (move f6-4f f5-4f)
16.869: (move f6-4f f5-4f)
16.901: (move f7-5f f6-5f)
16.912: (move f6-2f f5-2f)
16.973: (move f6-2f f5-2f)
17.102: (move f7-4f f6-4f)
17.161: (move f8-4f f7-4f)
17.163: (move f7-5f f7-4f)
17.174: (move f5-2f f4-2f)
17.183: (move f7-3f f7-4f)
17.183: (move f7-3f f7-4f)
17.198: (unlock f7-5f f8-5f key0-2 shape0)
17.203: (unlock f7-5f f8-5f key0-2 shape0)
17.205: (move f7-3f f7-4f)
17.213: (move f5-4f f4-4f)
17.226: (move f7-4f f7-5f)
17.249: (move f7-2f f6-2f)
17.259: (unlock f8-4f f8-5f key0-2 shape0)
17.276: (unlock f8-4f f8-5f key0-2 shape0)
17.290: (move f7-4f f8-4f)
17.290: (move f8-3f f8-4f)
17.319: (pickup f7-3f key0-2)
17.331: (move f8-2f f8-1f)
17.389: (pickup f7-3f key0-2)
17.397: (move f8-2f f8-1f)
17.424: (move f7-5f f7-6f)
17.432: (pickup-and-loose f7-3f key0-2 key1-4)
17.432: (pickup f7-3f key0-2)
17.444: (pickup f7-3f key0-2)
17.466: (move f7-5f f7-6f)
17.486: (pickup-and-loose f7-3f key0-2 key1-0)
17.494: (move f7-6f f8-6f)
17.495: (pickup-and-loose f7-2f key0-2 key2-4)
17.498: (pickup f7-3f key0-2)
17.500: (move f8-4f f8-3f)
17.509: (pickup-and-loose f7-3f key0-2 key3-4)
17.521: (move f6-2f f6-1f)
17.532: (move f9-2f f9-1f)
17.534: (move f8-1f f9-1f)
17.554: (move f7-3f f8-3f)
17.566: (pickup f7-3f key0-2)
17.574: (move f6-2f f6-1f)
17.589: (pickup f7-3f key0-2)
17.590: (pickup f7-3f key0-2)
17.595: (pickup-and-loose f7-3f key0-2 key3-3)
17.600: (move f7-3f f8-3f)
17.609: (pickup-and-loose f7-3f key0-2 key3-3)
17.611: (pickup-and-loose f7-3f key0-2 key1-4)
17.624: (move f8-4f f8-5f)
17.624: (pickup f7-3f key0-2)
17.624: (move f7-5f f8-5f)
17.627: (pickup f7-3f key0-2)
17.634: (move f7-3f f8-3f)
17.676: (pickup f7-3f key0-2)
17.703: (pickup f7-3f key0-2)
17.727: (pickup f7-3f key0-2)
17.740: (move f7-5f f7-6f)
17.742: (move f8-2f f9-2f)
17.743: (pickup f7-3f key0-2)
17.762: (move f5-4f f5-3f)
17.763: (move f5-2f f5-3f)
17.783: (pickup f7-3f key0-2)
17.793: (move f6-1f f6-0f)
17.806: (move f8-2f f9-2f)
17.841: (move f7-3f f7-2f)
17.917: (move f7-3f f7-2f)
17.929: (move f7-3f f7-2f)
18.020: (move f8-1f f8-0f)
18.371: (move f8-4f f9-4f)
18.389: (move f8-4f f9-4f)
18.665: (move f8-4f f9-4f)
18.729: (unlock f7-2f f7-1f key2-4 shape2)
18.774: (unlock f7-2f f7-1f key2-4 shape2)
18.812: (pickup-and-loose f7-2f key2-4 key0-2)
19.510: (unlock f7-2f f7-1f key2-4 shape2)
19.563: (unlock f7-2f f7-1f key2-4 shape2)
19.564: (unlock f7-2f f7-1f key2-4 shape2)
19.594: (unlock f7-2f f7-1f key2-4 shape2)
19.599: (unlock f7-2f f7-1f key2-4 shape2)
19.647: (unlock f7-2f f7-1f key2-4 shape2)
19.681: (unlock f7-2f f7-1f key2-4 shape2)
19.687: (move f7-2f f8-2f)
19.710: (unlock f6-2f f6-3f key2-4 shape2)
19.778: (move f6-2f f5-2f)
19.831: (pickup-and-loose f7-2f key2-4 key1-4)
19.836: (move f7-2f f8-2f)
19.890: (move f7-2f f8-2f)
19.958: (move f7-2f f6-2f)
20.028: (pickup-and-loose f7-2f key2-4 key1-4)
20.069: (move f6-2f f7-2f)
20.075: (move f7-3f f7-2f)
20.082: (move f7-2f f6-2f)
20.099: (move f7-3f f7-4f)
20.100: (move f8-2f f8-3f)
20.103: (move f7-3f f8-3f)
20.105: (move f7-2f f7-3f)
20.124: (move f7-2f f6-2f)
20.169: (unlock f7-3f f6-3f key2-4 shape2)
20.295: (move f6-2f f6-1f)
20.392: (move f7-2f f7-1f)
20.450: (move f7-2f f7-3f)
20.588: (move f8-2f f8-1f)
20.604: (move f7-2f f8-2f)
20.630: (move f7-2f f8-2f)
20.633: (move f7-2f f7-3f)
20.679: (move f7-2f f8-2f)
20.685: (move f7-2f f8-2f)
20.692: (move f7-2f f8-2f)
20.707: (move f7-2f f8-2f)
20.789: (move f7-2f f8-2f)
20.803: (unlock f6-2f f6-3f key2-4 shape2)
20.819: (unlock f6-2f f6-3f key2-4 shape2)
20.827: (move f7-2f f8-2f)
20.844: (unlock f6-2f f6-3f key2-4 shape2)
20.869: (pickup-and-loose f6-2f key1-4 key0-2)
20.871: (move f7-2f f8-2f)
20.943: (unlock f6-2f f6-3f key2-4 shape2)
20.948: (unlock f6-2f f6-3f key2-4 shape2)
20.967: (pickup-and-loose f6-2f key1-4 key0-2)
20.976: (move f7-2f f7-3f)
20.987: (move f7-2f f8-2f)
20.991: (move f7-2f f8-2f)
21.019: (move f8-2f f9-2f)
21.044: (move f7-4f f7-3f)
21.074: (move f7-4f f7-3f)
21.080: (move f7-2f f6-2f)
21.083: (move f7-4f f7-3f)
21.108: (move f7-4f f7-3f)
21.117: (move f7-2f f6-2f)
21.117: (move f7-4f f7-3f)
21.118: (move f7-4f f7-3f)
21.151: (move f7-2f f7-3f)
21.169: (move f7-2f f6-2f)
21.183: (move f7-4f f7-3f)
21.206: (move f7-2f f6-2f)
21.230: (move f7-2f f7-1f)
21.233: (move f7-2f f7-1f)
21.239: (move f7-4f f7-3f)
21.253: (move f7-2f f7-1f)
21.254: (move f7-2f f6-2f)
21.254: (putdown f6-4f key0-2)
21.258: (putdown f6-4f key0-2)
21.264: (move f8-3f f7-3f)
21.272: (putdown f8-2f key0-2)
21.275: (move f8-3f f7-3f)
21.276: (putdown f7-4f key0-2)
21.280: (move f7-4f f7-3f)
21.290: (move f7-4f f7-3f)
21.295: (move f7-2f f6-2f)
21.302: (move f7-4f f7-3f)
21.313: (move f7-4f f7-3f)
21.318: (move f7-4f f7-3f)
21.335: (putdown f6-2f key0-2)
21.335: (move f7-2f f6-2f)
21.340: (putdown f8-3f key0-2)
21.352: (putdown f7-2f key0-2)
21.358: (move f7-4f f7-3f)
21.361: (move f7-2f f7-1f)
21.388: (putdown f5-2f key0-2)
21.389: (putdown f7-3f key1-4)
21.392: (move f7-2f f6-2f)
21.400: (putdown f8-2f key0-2)
21.407: (putdown f5-4f key0-2)
21.409: (move f7-2f f6-2f)
21.413: (putdown f9-2f key0-2)
21.415: (move f7-4f f7-3f)
21.416: (putdown f6-5f key0-2)
21.417: (putdown f7-3f key1-0)
21.418: (putdown f7-6f key0-2)
21.436: (putdown f6-2f key0-2)
21.452: (putdown f7-3f key3-4)
21.464: (putdown f7-5f key0-2)
21.467: (putdown f8-1f key0-2)
21.472: (move f6-2f f6-3f)
21.472: (move f7-3f f6-3f)
21.474: (putdown f7-2f key2-4)
21.474: (putdown f6-1f key0-2)
21.488: (putdown f7-5f key0-2)
21.489: (move f7-2f f6-2f)
21.508: (putdown f8-4f key0-2)
21.521: (putdown f9-4f key0-2)
21.535: (move f7-2f f6-2f)
21.543: (putdown f8-4f key0-2)
21.545: (putdown f7-3f key3-3)
21.579: (putdown f7-5f key0-2)
21.581: (putdown f7-3f key1-4)
21.582: (putdown f7-3f key3-3)
21.586: (move f7-2f f7-3f)
16.328: (move f6-5f f6-6f)
16.329: (move f7-6f f6-6f)
16.360: (move f5-4f f5-5f)
16.362: (move f6-5f f5-5f)
16.459: (move f4-2f f3-2f)
16.478: (move f7-6f f6-6f)
16.479: (move f6-5f f6-6f)
16.557: (move f6-4f f6-5f)
16.560: (move f7-5f f6-5f)
16.596: (move f7-3f f7-4f)
16.628: (move f5-1f f4-1f)
16.629: (move f4-2f f4-1f)
16.633: (move f7-6f f6-6f)
16.635: (move f6-5f f6-6f)
16.657: (move f5-4f f5-5f)
16.658: (move f6-5f f5-5f)
16.674: (move f4-4f f3-4f)
16.699: (move f7-3f f7-4f)
16.709: (move f7-3f f7-4f)
16.710: (move f5-2f f5-1f)
16.710: (move f6-1f f5-1f)
16.716: (move f5-5f f4-5f)
16.718: (move f4-4f f4-5f)
16.761: (move f5-2f f5-1f)
16.765: (move f6-1f f5-1f)
16.771: (move f6-4f f5-4f)
16.779: (move f7-3f f7-4f)
16.794: (move f7-5f f6-5f)
16.851: (move f7-2f f8-2f)
16.857: (move f7-5f f6-5f)
16.857: (move f8-3f f8-2f)
16.864: (move f6-5f f5-5f)
16.874: (move f7-3f f7-4f)
16.880: (move f6-2f f5-2f)
16.902: (move f7-2f f8-2f)
16.961: (move f7-2f f8-2f)
16.962: (move f7-3f f7-4f)
16.963: (move f8-3f f8-2f)
16.963: (move f7-2f f8-2f)
16.974: (move f7-3f f7-4f)
16.976: (move f8-3f f8-2f)
16.997: (move f7-3f f7-4f)
16.999: (move f7-3f f7-4f)
17.012: (move f7-3f f7-4f)
17.023: (move f7-3f f7-4f)
17.027: (move f8-3f f8-2f)
17.067: (move f7-5f f7-4f)
17.070: (move f8-4f f7-4f)
17.079: (move f7-3f f7-4f)
17.082: (move f5-2f f4-2f)
17.086: (move f7-3f f7-4f)
17.097: (move f7-3f f7-4f)
17.098: (unlock f7-5f f8-5f key0-2 shape0)
17.105: (move f7-3f f7-4f)
17.123: (move f5-4f f4-4f)
17.125: (move f7-3f f7-4f)
17.126: (move f6-6f f5-6f)
17.126: (move f5-5f f5-6f)
17.136: (move f5-2f f4-2f)
17.158: (unlock f8-4f f8-5f key0-2 shape0)
17.165: (move f5-4f f4-4f)
17.171: (move f7-3f f7-4f)
17.174: (move f7-3f f7-4f)
17.184: (move f8-4f f7-4f)
17.185: (move f7-3f f7-4f)
17.185: (move f7-5f f7-4f)
17.193: (move f7-3f f7-4f)
17.200: (move f7-3f f8-3f)
17.223: (move f7-3f f8-3f)
17.237: (move f7-3f f7-4f)
17.260: (move f7-3f f8-3f)
17.261: (move f7-3f f8-3f)
17.267: (move f7-3f f8-3f)
17.279: (move f7-3f f8-3f)
17.286: (move f7-3f f8-3f)
17.300: (move f7-3f f8-3f)
17.303: (move f8-2f f8-1f)
17.309: (pickup f7-3f key0-2)
17.330: (move f7-3f f8-3f)
17.340: (move f7-2f f6-2f)
17.344: (move f7-3f f8-3f)
17.345: (pickup f7-3f key0-2)
17.345: (move f7-3f f8-3f)
17.357: (move f7-5f f7-6f)
17.358: (move f7-6f f8-6f)
17.358: (unlock f8-6f f8-5f key0-2 shape0)
17.359: (move f7-3f f8-3f)
17.359: (move f8-5f f8-6f)
17.360: (move f7-3f f8-3f)
17.381: (pickup f7-3f key0-2)
17.386: (move f7-2f f6-2f)
17.395: (pickup-and-loose f7-3f key0-2 key3-3)
17.397: (move f7-2f f6-2f)
17.401: (move f8-4f f8-3f)
17.404: (pickup-and-loose f7-2f key0-2 key2-4)
17.406: (move f7-6f f8-6f)
17.409: (move f5-1f f5-0f)
17.410: (move f6-0f f5-0f)
17.411: (move f7-2f f7-1f)
17.420: (move f7-2f f6-2f)
17.431: (move f7-3f f8-3f)
17.434: (move f9-2f f9-1f)
17.437: (pickup-and-loose f7-3f key0-2 key3-3)
17.438: (move f8-1f f9-1f)
17.448: (pickup-and-loose f7-3f key0-2 key3-3)
17.451: (move f7-6f f8-6f)
17.457: (move f7-3f f8-3f)
17.468: (pickup-and-loose f7-3f key0-2 key3-3)
17.475: (pickup f7-3f key0-2)
17.480: (move f7-3f f7-2f)
17.482: (move f6-2f f6-1f)
17.492: (move f9-2f f9-1f)
17.500: (pickup f7-3f key0-2)
17.502: (move f7-3f f8-3f)
17.503: (move f8-1f f9-1f)
17.507: (pickup f7-3f key0-2)
17.507: (move f7-5f f8-5f)
17.509: (move f8-4f f8-5f)
17.513: (pickup-and-loose f7-3f key0-2 key3-3)
17.515: (pickup-and-loose f7-3f key0-2 key1-4)
17.521: (pickup-and-loose f7-2f key0-2 key2-4)
17.540: (pickup-and-loose f7-3f key0-2 key3-3)
17.544: (move f7-3f f8-3f)
17.556: (move f7-3f f7-2f)
17.590: (pickup-and-loose f7-3f key0-2 key1-4)
17.598: (pickup f7-3f key0-2)
17.608: (move f7-4f f6-4f)
17.609: (move f7-3f f7-2f)
17.612: (move f7-3f f8-3f)
17.619: (move f7-4f f6-4f)
17.622: (move f7-4f f6-4f)
17.629: (move f7-4f f7-5f)
17.632: (move f7-5f f7-6f)
17.633: (move f7-3f f8-3f)
17.638: (move f7-3f f8-3f)
17.651: (pickup f7-3f key0-2)
17.658: (pickup f7-3f key0-2)
17.668: (move f7-3f f8-3f)
17.671: (move f5-4f f5-3f)
17.671: (move f5-2f f5-3f)
17.676: (move f7-2f f7-3f)
17.676: (move f7-5f f7-6f)
17.682: (move f6-5f f6-4f)
17.683: (move f7-4f f6-4f)
17.688: (pickup f7-3f key0-2)
17.692: (move f8-4f f8-5f)
17.693: (move f7-5f f8-5f)
17.693: (move f6-1f f6-0f)
17.706: (move f8-4f f8-3f)
17.709: (move f5-2f f5-3f)
17.709: (move f5-4f f5-3f)
17.711: (move f8-2f f9-2f)
17.713: (move f7-4f f7-5f)
17.730: (move f7-3f f7-2f)
17.735: (move f8-6f f8-7f)
17.741: (move f8-3f f8-4f)
17.742: (move f7-3f f7-2f)
17.742: (move f6-1f f6-0f)
17.747: (move f7-4f f8-4f)
17.748: (move f7-3f f7-2f)
17.748: (move f7-4f f8-4f)
17.751: (move f8-3f f8-4f)
17.751: (move f7-3f f7-2f)
17.752: (move f7-4f f7-5f)
17.761: (move f7-3f f7-2f)
17.775: (move f7-3f f7-2f)
17.786: (move f8-3f f8-4f)
17.788: (move f7-4f f8-4f)
17.797: (move f7-3f f7-2f)
17.800: (move f7-3f f7-2f)
17.814: (move f8-3f f7-3f)
17.816: (move f7-4f f7-3f)
17.817: (move f8-0f f9-0f)
17.819: (move f7-3f f7-2f)
17.823: (move f7-3f f7-2f)
17.826: (move f7-3f f7-2f)
17.831: (move f9-1f f9-0f)
17.832: (move f7-3f f7-2f)
17.834: (move f7-3f f7-2f)
17.836: (move f7-3f f7-2f)
17.847: (move f7-3f f7-2f)
17.928: (move f8-1f f8-0f)
17.932: (move f7-3f f7-2f)
17.934: (move f7-3f f7-2f)
17.949: (move f7-3f f7-2f)
17.993: (move f8-1f f8-0f)
17.993: (move f6-6f f6-7f)
18.181: (move f8-6f f9-6f)
18.292: (move f8-4f f9-4f)
18.563: (move f8-4f f9-4f)
18.597: (unlock f7-2f f7-1f key2-4 shape2)
18.599: (move f8-4f f9-4f)
18.955: (pickup-and-loose f7-2f key2-4 key0-2)
18.965: (pickup-and-loose f7-2f key2-4 key0-2)
19.049: (pickup-and-loose f7-2f key2-4 key0-2)
19.203: (move f6-2f f7-2f)
19.204: (move f7-3f f7-2f)
19.435: (unlock f6-1f f7-1f key2-4 shape2)
19.435: (move f7-1f f6-1f)
19.444: (move f6-2f f6-1f)
16.267: (move f7-6f f6-6f)
16.271: (move f6-5f f6-6f)
16.304: (move f6-5f f5-5f)
16.305: (move f5-4f f5-5f)
16.367: (move f4-2f f3-2f)
16.425: (move f6-5f f6-6f)
16.427: (move f4-2f f3-2f)
16.436: (move f7-6f f6-6f)
16.510: (move f6-5f f5-5f)
16.516: (move f3-2f f2-2f)
16.519: (move f4-1f f3-1f)
16.522: (move f3-2f f3-1f)
16.531: (move f4-2f f4-1f)
16.536: (move f5-1f f4-1f)
16.561: (move f4-4f f3-4f)
16.590: (move f4-2f f4-1f)
16.591: (move f5-1f f4-1f)
16.591: (move f5-5f f5-6f)
16.591: (move f6-6f f5-6f)
16.597: (move f7-6f f6-6f)
16.601: (unlock f5-6f f5-7f key0-2 shape0)
16.601: (move f6-5f f6-6f)
16.601: (move f7-3f f7-4f)
16.615: (move f4-4f f4-5f)
16.615: (move f5-5f f4-5f)
16.626: (move f3-4f f2-4f)
16.631: (move f4-4f f3-4f)
16.646: (move f7-3f f7-4f)
16.653: (move f6-1f f5-1f)
16.655: (move f6-4f f5-4f)
16.667: (move f5-2f f5-1f)
16.668: (move f5-5f f4-5f)
16.673: (move f4-4f f4-5f)
16.704: (move f7-3f f7-4f)
16.721: (move f6-4f f6-5f)
16.739: (move f7-5f f6-5f)
16.740: (move f7-5f f6-5f)
16.740: (move f6-4f f6-5f)
16.741: (move f6-4f f6-5f)
16.743: (move f7-2f f8-2f)
16.745: (move f7-2f f8-2f)
16.746: (move f7-5f f6-5f)
16.750: (move f7-2f f8-2f)
16.752: (move f8-3f f8-2f)
16.754: (move f8-3f f8-2f)
16.760: (move f8-3f f8-2f)
16.761: (move f7-5f f6-5f)
16.761: (move f8-3f f8-2f)
16.768: (move f7-2f f8-2f)
16.768: (move f7-2f f8-2f)
16.789: (move f8-3f f8-2f)
16.807: (move f7-2f f8-2f)
16.812: (move f7-2f f8-2f)
16.816: (move f7-1f f8-1f)
16.820: (move f8-3f f8-2f)
16.826: (move f6-5f f5-5f)
16.831: (move f8-2f f8-1f)
16.833: (move f7-2f f8-2f)
16.833: (move f8-3f f8-2f)
16.841: (move f8-3f f8-2f)
16.851: (move f8-3f f8-2f)
16.855: (move f8-3f f8-2f)
16.860: (move f7-2f f8-2f)
16.860: (move f8-3f f8-2f)
16.862: (move f7-2f f8-2f)
16.863: (move f8-3f f8-2f)
16.872: (move f8-3f f8-2f)
16.874: (move f7-2f f8-2f)
16.874: (move f8-3f f8-2f)
16.874: (move f7-2f f8-2f)
16.875: (move f5-5f f4-5f)
16.875: (move f7-2f f8-2f)
16.877: (move f8-3f f8-2f)
16.880: (move f7-2f f8-2f)
16.881: (move f8-3f f8-2f)
16.884: (move f7-3f f7-4f)
16.884: (move f6-4f f5-4f)
16.896: (move f7-3f f7-4f)
16.911: (move f8-3f f8-2f)
16.911: (move f7-2f f8-2f)
16.912: (move f7-3f f7-4f)
16.915: (move f8-3f f8-2f)
16.919: (move f7-2f f8-2f)
16.928: (move f7-2f f8-2f)
16.929: (move f6-2f f5-2f)
16.931: (move f8-3f f8-2f)
16.937: (move f7-2f f8-2f)
16.950: (move f8-3f f8-2f)
16.952: (move f8-3f f8-2f)
16.958: (move f7-2f f8-2f)
16.970: (move f6-4f f5-4f)
16.974: (move f7-3f f7-4f)
16.976: (move f7-2f f8-2f)
16.978: (move f6-2f f5-2f)
16.983: (move f6-2f f5-2f)
17.001: (move f7-3f f7-4f)
17.002: (move f7-3f f7-4f)
17.003: (move f7-3f f7-4f)
17.018: (move f7-2f f8-2f)
17.021: (move f7-2f f8-2f)
17.029: (move f6-2f f5-2f)
17.033: (move f7-3f f7-4f)
17.038: (move f6-2f f6-1f)
17.039: (move f8-3f f8-2f)
17.043: (move f5-2f f4-2f)
17.049: (move f7-1f f6-1f)
17.060: (move f4-5f f4-6f)
17.060: (move f5-6f f4-6f)
17.061: (move f6-4f f5-4f)
17.065: (move f7-3f f7-4f)
17.072: (move f5-4f f4-4f)
17.074: (move f8-4f f7-4f)
17.076: (move f7-5f f7-4f)
17.077: (move f7-3f f7-4f)
17.079: (move f3-2f f3-3f)
17.079: (move f3-4f f3-3f)
17.079: (move f7-3f f7-4f)
17.080: (move f5-5f f5-4f)
17.081: (unlock f6-7f f5-7f key0-2 shape0)
17.081: (move f5-5f f5-6f)
17.082: (move f6-6f f5-6f)
17.109: (move f6-6f f6-7f)
17.109: (move f8-3f f8-2f)
17.110: (move f7-4f f6-4f)
17.111: (move f7-3f f7-4f)
17.112: (move f7-2f f8-2f)
17.130: (move f7-3f f7-4f)
17.138: (move f5-0f f4-0f)
17.140: (move f7-2f f6-2f)
17.150: (move f4-1f f4-0f)
17.160: (move f7-3f f8-3f)
17.163: (move f7-3f f7-4f)
17.165: (move f7-3f f8-3f)
17.169: (move f7-3f f8-3f)
17.172: (move f7-3f f7-4f)
17.177: (move f7-3f f7-4f)
17.180: (move f7-4f f6-4f)
17.196: (move f7-4f f6-4f)
17.200: (move f7-3f f8-3f)
17.211: (move f7-2f f6-2f)
17.212: (move f7-5f f7-6f)
17.224: (move f7-3f f8-3f)
17.224: (move f7-2f f6-2f)
17.230: (move f7-4f f7-5f)
17.231: (move f7-2f f6-2f)
17.240: (move f7-3f f8-3f)
17.245: (move f7-2f f6-2f)
17.251: (move f7-4f f7-5f)
17.259: (move f7-3f f8-3f)
17.265: (move f7-4f f6-4f)
17.266: (move f7-3f f8-3f)
17.275: (move f8-5f f8-6f)
17.280: (move f7-6f f8-6f)
17.281: (move f7-3f f8-3f)
17.281: (unlock f8-6f f8-5f key0-2 shape0)
17.281: (move f5-5f f5-6f)
17.282: (move f6-6f f5-6f)
17.285: (move f7-2f f6-2f)
17.287: (move f7-4f f6-4f)
17.290: (move f7-2f f6-2f)
17.294: (move f7-4f f7-5f)
17.296: (move f8-2f f8-3f)
17.303: (move f7-2f f6-2f)
17.303: (move f7-2f f6-2f)
17.305: (move f7-4f f8-4f)
17.305: (move f8-7f f8-8f)
17.310: (move f8-3f f8-4f)
17.311: (move f7-2f f6-2f)
17.311: (move f7-2f f7-1f)
17.312: (move f7-2f f6-2f)
17.313: (move f7-2f f6-2f)
17.317: (move f5-1f f5-0f)
17.317: (move f6-0f f5-0f)
17.319: (move f7-2f f6-2f)
17.328: (move f7-3f f8-3f)
17.336: (move f7-6f f8-6f)
17.336: (move f8-5f f8-6f)
17.338: (move f7-2f f6-2f)
17.340: (unlock f8-6f f8-5f key0-2 shape0)
17.341: (move f7-2f f6-2f)
17.341: (move f7-2f f6-2f)
17.347: (move f6-5f f6-4f)
17.348: (move f7-2f f6-2f)
17.348: (unlock f7-5f f8-5f key0-2 shape0)
17.349: (move f7-4f f6-4f)
17.360: (unlock f7-5f f8-5f key0-2 shape0)
17.362: (move f7-2f f6-2f)
17.366: (move f6-0f f5-0f)
17.367: (move f7-6f f8-6f)
17.370: (move f8-3f f8-4f)
17.370: (move f5-1f f5-0f)
17.371: (unlock f8-4f f8-5f key0-2 shape0)
17.380: (move f7-4f f8-4f)
17.384: (move f7-2f f7-3f)
17.385: (unlock f8-4f f8-5f key0-2 shape0)
17.393: (move f7-4f f6-4f)
17.394: (move f7-2f f6-2f)
17.394: (move f7-4f f7-5f)
17.398: (move f8-1f f9-1f)
17.404: (move f7-4f f6-4f)
16.309: (move f4-2f f3-2f)
16.386: (move f6-5f f6-6f)
16.423: (move f3-2f f2-2f)
16.426: (move f4-1f f3-1f)
16.428: (move f3-2f f3-1f)
16.457: (move f6-5f f6-6f)
16.461: (move f7-6f f6-6f)
16.470: (move f6-5f f5-5f)
16.477: (move f4-2f f4-1f)
16.480: (move f3-2f f2-2f)
16.482: (move f4-1f f3-1f)
16.484: (move f3-2f f3-1f)
16.501: (move f5-1f f4-1f)
16.504: (move f2-2f f2-1f)
16.504: (move f3-1f f2-1f)
16.517: (move f6-4f f5-4f)
16.533: (move f3-4f f2-4f)
16.536: (unlock f5-6f f5-7f key0-2 shape0)
16.537: (move f6-5f f6-6f)
16.541: (move f4-4f f3-4f)
16.547: (move f6-6f f5-6f)
16.548: (move f5-5f f5-6f)
16.567: (move f4-4f f4-5f)
16.571: (move f5-5f f4-5f)
16.579: (move f6-5f f6-6f)
16.581: (move f6-4f f5-4f)
16.586: (move f6-4f f6-5f)
16.591: (move f7-5f f6-5f)
16.594: (move f3-4f f2-4f)
16.600: (move f6-4f f6-5f)
16.637: (move f7-5f f6-5f)
16.642: (move f6-4f f6-5f)
16.650: (move f6-4f f6-5f)
16.651: (move f8-3f f8-2f)
16.662: (move f3-3f f2-3f)
16.665: (move f8-3f f8-2f)
16.666: (move f6-1f f5-1f)
16.679: (move f2-2f f2-3f)
16.682: (move f2-4f f2-3f)
16.687: (move f5-2f f5-1f)
16.687: (move f7-5f f6-5f)
16.690: (move f6-4f f6-5f)
16.693: (move f5-2f f5-1f)
16.697: (move f2-2f f1-2f)
16.713: (move f8-3f f8-2f)
16.714: (move f6-5f f5-5f)
16.716: (move f6-5f f5-5f)
16.716: (move f5-4f f5-5f)
16.725: (move f5-4f f5-5f)
16.730: (unlock f5-6f f5-7f key0-2 shape0)
16.734: (move f8-2f f8-1f)
16.736: (move f6-5f f5-5f)
16.738: (move f7-1f f8-1f)
16.743: (move f5-4f f5-5f)
16.744: (move f5-2f f5-1f)
16.746: (move f8-3f f8-2f)
16.749: (move f5-5f f5-6f)
16.751: (move f6-6f f5-6f)
16.771: (move f8-3f f8-2f)
16.772: (move f5-5f f4-5f)
16.774: (move f8-3f f8-2f)
16.785: (move f8-3f f8-2f)
16.799: (move f6-4f f5-4f)
16.803: (move f5-2f f5-1f)
16.806: (move f8-2f f8-1f)
16.806: (move f6-2f f5-2f)
16.814: (move f6-2f f5-2f)
16.816: (move f8-3f f8-2f)
16.824: (move f2-4f f2-5f)
16.829: (move f2-4f f1-4f)
16.839: (move f6-4f f5-4f)
16.857: (move f5-5f f4-5f)
16.858: (move f6-2f f5-2f)
16.863: (move f4-5f f4-6f)
16.863: (move f5-6f f4-6f)
16.870: (move f6-4f f5-4f)
16.872: (move f6-4f f5-4f)
16.881: (move f6-4f f5-4f)
16.886: (move f6-2f f5-2f)
16.889: (move f6-2f f5-2f)
16.903: (move f6-2f f5-2f)
16.904: (move f6-2f f5-2f)
16.911: (move f7-5f f6-5f)
16.929: (move f6-2f f5-2f)
16.934: (move f7-5f f6-5f)
16.939: (move f6-2f f5-2f)
16.947: (move f6-2f f5-2f)
16.950: (move f6-2f f5-2f)
16.963: (move f6-2f f5-2f)
16.963: (move f6-2f f5-2f)
16.966: (move f6-2f f5-2f)
16.969: (move f6-2f f5-2f)
16.972: (move f6-2f f5-2f)
16.973: (move f6-2f f5-2f)
16.975: (move f6-2f f6-1f)
16.979: (move f7-1f f6-1f)
16.981: (move f6-2f f5-2f)
16.981: (move f5-5f f5-4f)
16.983: (move f7-3f f7-4f)
16.983: (move f6-4f f6-5f)
16.983: (move f7-5f f6-5f)
16.984: (move f3-4f f3-3f)
16.984: (move f3-2f f3-3f)
16.998: (move f6-2f f5-2f)
17.024: (move f5-6f f4-6f)
17.025: (move f6-2f f6-1f)
17.025: (move f8-3f f8-2f)
17.026: (move f4-5f f4-6f)
17.042: (move f3-2f f3-3f)
17.046: (move f3-4f f3-3f)
17.053: (move f6-4f f5-4f)
17.055: (move f5-5f f5-4f)
17.057: (move f4-1f f4-0f)
17.064: (move f4-0f f3-0f)
17.065: (move f5-2f f4-2f)
17.065: (move f6-6f f6-7f)
17.069: (move f5-0f f4-0f)
17.075: (move f3-1f f3-0f)
17.088: (move f7-4f f6-4f)
17.090: (move f5-0f f4-0f)
17.092: (move f5-2f f4-2f)
17.097: (move f7-4f f6-4f)
17.112: (move f6-4f f6-5f)
17.113: (move f4-1f f4-0f)
17.130: (unlock f7-5f f8-5f key0-2 shape0)
17.132: (unlock f7-5f f8-5f key0-2 shape0)
17.148: (move f5-4f f4-4f)
17.159: (move f7-4f f7-5f)
17.161: (move f5-2f f4-2f)
17.184: (move f7-4f f6-4f)
17.187: (move f7-4f f6-4f)
17.189: (move f5-2f f4-2f)
17.197: (unlock f8-4f f8-5f key0-2 shape0)
17.200: (move f8-2f f8-3f)
17.202: (unlock f7-5f f8-5f key0-2 shape0)
17.209: (move f7-4f f7-5f)
17.210: (move f7-4f f6-4f)
17.214: (move f5-4f f4-4f)
17.221: (move f4-5f f4-6f)
17.234: (move f5-6f f4-6f)
17.240: (unlock f8-6f f8-5f key0-2 shape0)
17.241: (unlock f8-4f f8-5f key0-2 shape0)
17.247: (move f5-4f f4-4f)
17.255: (move f6-5f f6-4f)
17.260: (move f6-6f f5-6f)
17.260: (move f7-4f f6-4f)
17.267: (move f5-5f f5-6f)
17.267: (unlock f7-5f f8-5f key0-2 shape0)
17.268: (move f6-6f f6-7f)
17.270: (move f7-4f f6-4f)
17.280: (move f5-1f f5-0f)
17.281: (move f7-4f f8-4f)
17.294: (move f8-3f f8-4f)
17.295: (move f8-2f f8-1f)
17.310: (move f7-4f f6-4f)
17.313: (move f8-2f f8-1f)
17.314: (move f7-4f f6-4f)
17.319: (move f8-2f f8-1f)
17.320: (move f7-5f f7-4f)
17.325: (move f7-5f f7-4f)
17.325: (move f8-4f f7-4f)
17.328: (move f7-4f f7-5f)
17.329: (move f8-2f f8-1f)
17.336: (move f8-4f f7-4f)
17.349: (move f7-4f f6-4f)
17.351: (move f7-4f f8-4f)
17.354: (move f8-2f f8-1f)
17.357: (move f8-2f f8-1f)
17.359: (move f7-4f f7-5f)
17.364: (move f7-4f f7-5f)
17.367: (move f5-4f f4-4f)
17.370: (move f7-4f f8-4f)
17.372: (move f8-3f f8-4f)
17.373: (move f8-2f f8-1f)
17.373: (move f7-4f f7-5f)
17.377: (move f8-2f f8-1f)
17.378: (move f7-4f f7-5f)
17.380: (move f7-6f f8-6f)
17.380: (move f4-5f f4-4f)
17.380: (move f7-4f f7-5f)
17.399: (move f7-5f f7-6f)
17.400: (move f8-2f f8-1f)
17.406: (move f8-2f f8-1f)
17.407: (move f7-5f f7-6f)
17.408: (move f8-2f f8-1f)
17.413: (move f8-2f f8-1f)
17.418: (move f7-4f f8-4f)
17.421: (move f7-4f f8-4f)
17.433: (move f8-2f f8-1f)
17.435: (move f8-2f f8-1f)
17.440: (move f7-4f f6-4f)
17.445: (move f8-2f f8-1f)
17.448: (move f6-2f f6-1f)
17.451: (move f8-2f f8-1f)
17.453: (move f7-4f f7-3f)
17.454: (move f6-2f f6-1f)
17.456: (move f7-5f f7-6f)
17.457: (move f8-2f f8-1f)
17.458: (move f7-4f f6-4f)
17.461: (move f8-2f f8-1f)
16.386: (move f3-2f f2-2f)
16.390: (move f3-2f f3-1f)
16.391: (move f4-1f f3-1f)
16.410: (move f3-1f f2-1f)
16.411: (move f2-2f f2-1f)
16.419: (move f6-5f f6-6f)
16.423: (move f6-5f f6-6f)
16.426: (move f4-2f f3-2f)
16.430: (move f4-2f f3-2f)
16.430: (move f6-5f f6-6f)
16.435: (move f7-6f f6-6f)
16.448: (move f4-2f f3-2f)
16.465: (move f4-2f f3-2f)
16.467: (move f3-1f f2-1f)
16.467: (move f2-2f f2-1f)
16.475: (move f6-4f f5-4f)
16.476: (move f6-5f f6-6f)
16.486: (move f6-5f f6-6f)
16.496: (move f3-4f f2-4f)
16.507: (move f7-6f f6-6f)
16.512: (move f6-5f f6-6f)
16.516: (move f7-5f f6-5f)
16.527: (move f6-4f f6-5f)
16.542: (move f7-5f f6-5f)
16.544: (move f6-4f f6-5f)
16.549: (move f6-4f f6-5f)
16.557: (move f6-5f f5-5f)
16.557: (move f5-4f f5-5f)
16.557: (move f5-4f f5-5f)
16.560: (move f6-5f f5-5f)
16.567: (move f6-5f f6-6f)
16.581: (move f3-3f f2-3f)
16.585: (move f6-1f f5-1f)
16.586: (move f4-2f f4-1f)
16.586: (move f2-2f f2-3f)
16.586: (move f6-1f f5-1f)
16.589: (move f2-4f f2-3f)
16.591: (move f5-2f f5-1f)
16.594: (move f6-4f f6-5f)
16.595: (move f5-2f f5-1f)
16.597: (move f7-6f f6-6f)
16.600: (move f4-2f f4-1f)
16.603: (move f6-1f f5-1f)
16.603: (move f2-2f f1-2f)
16.608: (move f6-4f f6-5f)
16.610: (move f6-5f f5-5f)
16.610: (move f7-5f f6-5f)
16.611: (move f5-2f f5-1f)
16.615: (move f5-1f f4-1f)
16.618: (move f6-5f f6-6f)
16.618: (move f5-4f f5-5f)
16.623: (move f5-1f f4-1f)
16.628: (move f6-5f f6-6f)
16.630: (move f4-2f f4-1f)
16.632: (move f1-2f f1-1f)
16.632: (move f3-3f f2-3f)
16.633: (move f4-2f f4-1f)
16.634: (move f2-1f f1-1f)
16.635: (move f5-2f f5-1f)
16.642: (move f6-1f f5-1f)
16.643: (move f2-2f f2-3f)
16.645: (move f2-4f f2-3f)
16.651: (move f5-1f f4-1f)
16.651: (move f5-1f f4-1f)
16.653: (move f4-4f f3-4f)
16.653: (move f5-2f f5-1f)
16.656: (move f6-5f f5-5f)
16.657: (move f6-4f f6-5f)
16.659: (move f5-4f f5-5f)
16.659: (move f2-2f f1-2f)
16.671: (move f4-4f f3-4f)
16.674: (move f5-2f f5-1f)
16.675: (move f6-5f f5-5f)
16.676: (move f5-2f f5-1f)
16.678: (move f5-2f f5-1f)
16.685: (move f7-5f f6-5f)
16.691: (unlock f5-6f f5-7f key0-2 shape0)
16.694: (move f6-5f f5-5f)
16.695: (move f5-4f f5-5f)
16.696: (move f4-4f f3-4f)
16.697: (move f5-4f f5-5f)
16.700: (move f5-2f f5-1f)
16.700: (move f4-4f f4-5f)
16.702: (move f5-2f f5-1f)
16.707: (move f6-5f f5-5f)
16.712: (move f5-2f f5-1f)
16.712: (move f5-5f f4-5f)
16.723: (move f5-2f f5-1f)
16.724: (move f4-4f f4-5f)
16.725: (move f5-4f f5-5f)
16.727: (move f5-5f f5-6f)
16.728: (move f6-6f f5-6f)
16.728: (move f5-5f f4-5f)
16.731: (move f4-4f f4-5f)
16.732: (move f2-4f f2-5f)
16.733: (move f5-2f f5-1f)
16.736: (move f5-2f f5-1f)
16.737: (move f2-4f f1-4f)
16.739: (move f5-5f f4-5f)
16.742: (move f5-2f f5-1f)
16.752: (move f5-5f f4-5f)
16.759: (move f5-2f f5-1f)
16.761: (move f5-2f f5-1f)
16.766: (move f6-4f f5-4f)
16.775: (move f6-4f f5-4f)
16.776: (move f5-2f f5-1f)
16.787: (move f5-2f f5-1f)
16.790: (move f2-4f f2-5f)
16.795: (move f2-4f f1-4f)
16.801: (move f7-5f f6-5f)
16.802: (move f6-4f f5-4f)
16.802: (move f6-4f f5-4f)
16.809: (move f6-4f f5-4f)
16.810: (move f7-5f f7-4f)
16.810: (move f8-4f f7-4f)
16.821: (move f7-5f f6-5f)
16.824: (move f6-4f f5-4f)
16.825: (move f4-4f f3-4f)
16.828: (move f5-6f f4-6f)
16.832: (move f4-5f f4-6f)
16.849: (move f6-4f f5-4f)
16.864: (move f6-5f f5-5f)
16.887: (move f2-5f f1-5f)
16.887: (move f1-4f f1-5f)
16.896: (move f7-5f f6-5f)
16.896: (move f7-5f f6-5f)
16.896: (move f6-4f f6-5f)
16.898: (move f6-5f f5-5f)
16.898: (move f7-5f f7-4f)
16.899: (move f6-4f f5-4f)
16.921: (move f6-4f f5-4f)
16.923: (move f5-2f f4-2f)
16.938: (move f6-4f f5-4f)
16.941: (move f6-4f f5-4f)
16.947: (move f3-4f f3-3f)
16.948: (move f3-2f f3-3f)
16.956: (move f5-5f f5-4f)
16.967: (move f5-2f f4-2f)
16.981: (move f3-1f f3-0f)
16.984: (move f4-0f f3-0f)
16.988: (move f5-4f f4-4f)
16.991: (move f7-5f f7-6f)
16.992: (move f5-2f f4-2f)
16.994: (move f5-4f f4-4f)
16.996: (move f5-2f f4-2f)
17.003: (move f6-4f f6-5f)
17.014: (unlock f7-5f f8-5f key0-2 shape0)
17.019: (move f5-0f f4-0f)
17.020: (move f4-5f f4-6f)
17.021: (move f5-2f f4-2f)
17.021: (move f7-5f f6-5f)
17.021: (move f4-1f f4-0f)
17.021: (move f4-0f f3-0f)
17.024: (move f6-4f f6-5f)
17.027: (unlock f7-5f f8-5f key0-2 shape0)
17.028: (move f5-6f f4-6f)
17.029: (move f5-2f f4-2f)
17.031: (move f6-4f f6-5f)
17.037: (move f3-1f f3-0f)
17.047: (move f7-5f f6-5f)
17.049: (move f5-2f f4-2f)
17.058: (move f5-2f f4-2f)
17.063: (move f5-2f f4-2f)
17.076: (move f5-2f f4-2f)
17.084: (move f5-2f f4-2f)
17.101: (move f3-0f f2-0f)
17.101: (unlock f7-5f f8-5f key0-2 shape0)
17.108: (move f5-2f f4-2f)
17.109: (move f5-2f f4-2f)
17.111: (move f7-5f f6-5f)
17.113: (move f2-1f f2-0f)
17.113: (move f6-4f f6-5f)
17.115: (move f5-2f f4-2f)
17.118: (move f5-4f f4-4f)
17.122: (move f6-6f f5-6f)
17.124: (move f5-2f f4-2f)
17.127: (move f5-5f f5-6f)
17.136: (move f5-2f f4-2f)
17.136: (move f6-6f f5-6f)
17.137: (move f5-2f f4-2f)
17.140: (move f5-5f f5-6f)
17.145: (unlock f8-4f f8-5f key0-2 shape0)
17.146: (move f5-5f f5-6f)
17.147: (move f6-6f f5-6f)
17.154: (move f5-2f f4-2f)
17.158: (move f5-4f f4-4f)
17.163: (move f5-2f f4-2f)
17.166: (move f7-5f f6-5f)
17.168: (unlock f7-5f f8-5f key0-2 shape0)
17.184: (move f5-4f f4-4f)
17.200: (move f8-4f f7-4f)
17.201: (move f5-4f f4-4f)
17.202: (move f7-5f f7-4f)
17.202: (move f1-2f f0-2f)
17.202: (unlock f8-4f f8-5f key0-2 shape0)
17.202: (move f8-2f f8-1f)
17.202: (move f5-6f f4-6f)
17.208: (move f7-4f f6-4f)
17.213: (move f4-5f f4-6f)
17.219: (move f8-2f f8-1f)
15.206: (move f1-5f f1-6f)
16.024: (move f1-5f f0-5f)
16.090: (move f6-5f f6-6f)
16.094: (move f7-6f f6-6f)
16.196: (move f5-4f f5-5f)
16.197: (move f6-5f f5-5f)
16.211: (move f6-5f f6-6f)
16.226: (move f5-4f f5-5f)
16.228: (move f6-5f f5-5f)
16.267: (move f6-5f f6-6f)
16.280: (move f6-5f f6-6f)
16.294: (move f4-2f f3-2f)
16.297: (move f4-2f f3-2f)
16.298: (move f5-4f f5-5f)
16.300: (move f4-2f f3-2f)
16.305: (move f6-5f f5-5f)
16.305: (move f6-5f f6-6f)
16.319: (move f6-5f f5-5f)
16.323: (move f5-4f f5-5f)
16.336: (move f6-5f f5-5f)
16.336: (move f5-4f f5-5f)
16.337: (move f5-4f f5-5f)
16.340: (move f6-5f f5-5f)
16.344: (move f6-5f f5-5f)
16.345: (move f4-2f f3-2f)
16.352: (move f4-2f f3-2f)
16.354: (move f6-5f f6-6f)
16.355: (move f5-4f f5-5f)
16.361: (move f4-2f f3-2f)
16.370: (move f6-5f f5-5f)
16.370: (move f6-5f f6-6f)
16.374: (move f3-1f f2-1f)
16.374: (move f2-2f f2-1f)
16.376: (move f4-2f f3-2f)
16.376: (move f5-4f f5-5f)
16.381: (move f4-2f f3-2f)
16.393: (move f4-2f f3-2f)
16.401: (move f4-2f f3-2f)
16.416: (move f4-2f f3-2f)
16.420: (move f4-2f f3-2f)
16.421: (move f4-2f f3-2f)
16.422: (move f4-2f f3-2f)
16.423: (move f4-2f f3-2f)
16.425: (move f4-2f f3-2f)
16.432: (move f4-2f f3-2f)
16.447: (move f4-2f f3-2f)
16.450: (move f4-2f f3-2f)
16.459: (move f6-5f f6-6f)
16.473: (move f4-2f f4-1f)
16.473: (move f4-2f f4-1f)
16.476: (move f4-2f f4-1f)
16.497: (move f5-1f f4-1f)
16.501: (move f5-1f f4-1f)
16.503: (move f5-1f f4-1f)
16.510: (move f4-2f f4-1f)
16.510: (move f3-2f f2-2f)
16.511: (move f3-2f f3-1f)
16.516: (move f4-2f f4-1f)
16.516: (move f3-2f f3-1f)
16.517: (move f4-4f f3-4f)
16.517: (move f4-4f f3-4f)
16.517: (move f4-1f f3-1f)
16.519: (move f5-1f f4-1f)
16.520: (move f6-5f f6-6f)
16.520: (move f4-2f f4-1f)
16.522: (move f4-1f f3-1f)
16.525: (move f3-2f f2-2f)
16.529: (move f5-1f f4-1f)
16.532: (move f6-5f f6-6f)
16.535: (move f1-2f f1-1f)
16.541: (move f2-1f f1-1f)
16.542: (move f3-2f f2-2f)
16.545: (move f3-3f f2-3f)
16.545: (move f3-2f f3-1f)
16.546: (move f5-1f f4-1f)
16.546: (move f4-1f f3-1f)
16.548: (move f4-2f f4-1f)
16.549: (move f5-1f f4-1f)
16.549: (move f3-2f f2-2f)
16.550: (move f2-2f f2-3f)
16.551: (move f2-4f f2-3f)
16.551: (move f3-2f f3-1f)
16.552: (move f4-2f f4-1f)
16.554: (move f4-2f f4-1f)
16.557: (move f5-1f f4-1f)
16.558: (move f4-1f f3-1f)
16.560: (move f5-1f f4-1f)
16.564: (move f4-2f f4-1f)
16.567: (move f5-1f f4-1f)
16.567: (move f2-2f f1-2f)
16.567: (move f5-1f f4-1f)
16.573: (unlock f5-6f f5-7f key0-2 shape0)
16.574: (move f4-4f f4-5f)
16.574: (move f6-5f f6-6f)
16.576: (move f4-4f f4-5f)
16.579: (move f5-5f f4-5f)
16.581: (move f4-2f f4-1f)
16.584: (move f5-5f f4-5f)
16.588: (move f5-1f f4-1f)
16.590: (move f4-4f f3-4f)
16.591: (move f4-2f f4-1f)
16.591: (move f5-1f f4-1f)
16.592: (move f4-2f f4-1f)
16.592: (move f4-2f f4-1f)
16.595: (move f4-2f f4-1f)
16.595: (move f4-2f f4-1f)
16.595: (move f5-1f f4-1f)
16.595: (move f6-5f f6-6f)
16.597: (move f6-5f f6-6f)
16.597: (move f5-1f f4-1f)
16.597: (move f2-1f f1-1f)
16.597: (unlock f5-6f f5-7f key0-2 shape0)
16.601: (move f1-2f f1-1f)
16.603: (unlock f5-6f f5-7f key0-2 shape0)
16.605: (move f4-2f f4-1f)
16.608: (move f6-5f f6-6f)
16.609: (move f5-1f f4-1f)
16.612: (move f4-2f f4-1f)
16.623: (move f6-5f f5-5f)
16.625: (move f5-1f f4-1f)
16.627: (move f3-4f f2-4f)
16.627: (move f5-5f f4-5f)
16.628: (move f5-1f f4-1f)
16.629: (move f4-2f f4-1f)
16.629: (move f5-1f f4-1f)
16.630: (move f5-4f f5-5f)
16.641: (move f4-4f f3-4f)
16.642: (move f6-5f f6-6f)
16.646: (move f4-4f f4-5f)
16.652: (move f4-4f f3-4f)
16.657: (move f5-4f f5-5f)
16.660: (move f3-4f f2-4f)
16.663: (move f3-4f f2-4f)
16.664: (move f6-4f f6-5f)
16.664: (move f4-4f f3-4f)
16.669: (move f5-5f f4-5f)
16.678: (move f5-5f f4-5f)
16.685: (move f6-5f f5-5f)
16.691: (move f2-4f f2-5f)
16.694: (move f4-4f f4-5f)
16.699: (move f4-4f f4-5f)
16.701: (move f2-4f f1-4f)
16.704: (move f5-5f f4-5f)
16.707: (move f5-5f f4-5f)
16.709: (move f4-4f f4-5f)
16.713: (move f7-5f f6-5f)
16.714: (move f7-5f f6-5f)
16.719: (move f5-4f f5-5f)
16.720: (move f6-5f f5-5f)
16.753: (move f7-5f f7-4f)
16.763: (move f6-5f f6-6f)
16.765: (move f6-5f f5-5f)
16.770: (move f7-5f f6-5f)
16.777: (move f1-4f f1-5f)
16.782: (move f2-5f f1-5f)
16.797: (move f3-4f f2-4f)
16.806: (move f6-5f f5-5f)
16.816: (move f7-5f f7-4f)
16.836: (move f1-4f f1-5f)
16.836: (move f2-5f f1-5f)
16.843: (move f6-5f f5-5f)
16.859: (move f6-5f f5-5f)
16.865: (move f5-5f f4-5f)
16.898: (move f5-4f f4-4f)
16.899: (move f6-4f f5-4f)
16.914: (move f5-5f f4-5f)
16.935: (move f4-0f f3-0f)
16.944: (move f3-1f f3-0f)
16.992: (move f5-4f f4-4f)
16.992: (move f5-5f f5-6f)
16.993: (move f4-5f f4-6f)
16.994: (move f6-6f f5-6f)
16.995: (move f5-5f f5-6f)
16.996: (move f6-6f f5-6f)
17.015: (move f5-6f f4-6f)
17.020: (move f2-1f f2-0f)
17.022: (move f3-0f f2-0f)
17.042: (move f5-6f f4-6f)
17.042: (move f6-6f f5-6f)
17.045: (move f5-5f f5-6f)
17.049: (move f5-4f f4-4f)
17.056: (move f4-5f f4-6f)
17.059: (move f3-0f f2-0f)
17.064: (move f7-5f f6-5f)
17.068: (move f5-6f f4-6f)
17.071: (move f5-5f f5-4f)
17.071: (move f3-2f f3-3f)
17.074: (move f3-2f f3-3f)
17.075: (move f5-4f f4-4f)
17.077: (move f2-1f f2-0f)
17.078: (move f3-2f f3-3f)
17.079: (move f3-4f f3-3f)
17.080: (move f3-4f f3-3f)
17.083: (move f5-4f f4-4f)
17.086: (move f6-6f f5-6f)
17.088: (move f6-6f f5-6f)
17.091: (move f4-5f f4-6f)
17.094: (move f5-6f f4-6f)
17.094: (move f5-5f f5-6f)
17.096: (move f8-4f f7-4f)
15.129: (move f1-5f f1-6f)
15.161: (move f1-5f f1-6f)
15.938: (move f1-5f f0-5f)
15.974: (move f1-5f f0-5f)
16.017: (move f0-5f f0-6f)
16.017: (move f1-6f f0-6f)
16.242: (move f6-5f f6-6f)
16.262: (move f5-6f f6-6f)
16.330: (move f5-6f f6-6f)
16.349: (move f5-6f f5-5f)
16.352: (move f5-6f f5-5f)
16.380: (move f6-5f f6-6f)
16.382: (move f6-5f f5-5f)
16.391: (move f3-2f f2-2f)
16.392: (move f3-2f f3-1f)
16.393: (move f6-5f f6-6f)
16.395: (move f5-6f f5-5f)
16.395: (move f3-2f f2-2f)
16.397: (move f3-2f f3-1f)
16.398: (move f3-2f f2-2f)
16.399: (move f5-6f f6-6f)
16.400: (move f4-1f f3-1f)
16.400: (move f3-2f f3-1f)
16.408: (move f4-1f f3-1f)
16.412: (move f4-1f f3-1f)
16.417: (move f3-2f f2-2f)
16.420: (move f4-1f f3-1f)
16.421: (move f3-2f f3-1f)
16.424: (move f4-1f f3-1f)
16.429: (move f6-5f f6-6f)
16.429: (move f3-2f f3-1f)
16.437: (move f3-2f f2-2f)
16.441: (move f3-2f f2-2f)
16.443: (move f5-5f f5-6f)
16.443: (move f3-2f f3-1f)
16.444: (move f4-1f f3-1f)
16.444: (move f6-6f f5-6f)
16.447: (move f4-4f f3-4f)
16.448: (move f4-1f f3-1f)
16.448: (move f3-2f f2-2f)
16.453: (move f3-2f f3-1f)
16.454: (unlock f5-6f f5-7f key0-2 shape0)
16.456: (move f4-1f f3-1f)
16.457: (move f3-2f f2-2f)
16.457: (move f6-6f f5-6f)
16.457: (move f6-5f f5-5f)
16.458: (unlock f5-6f f5-7f key0-2 shape0)
16.458: (move f5-5f f5-6f)
16.459: (move f3-2f f3-1f)
16.464: (move f4-1f f3-1f)
16.470: (move f4-1f f3-1f)
16.471: (move f3-2f f2-2f)
16.473: (move f4-1f f3-1f)
16.474: (move f3-2f f3-1f)
16.476: (move f4-4f f4-5f)
16.479: (move f5-5f f4-5f)
16.482: (move f3-2f f2-2f)
16.483: (move f4-4f f3-4f)
16.483: (move f4-1f f3-1f)
16.483: (move f3-2f f3-1f)
16.484: (move f6-5f f5-5f)
16.484: (move f6-5f f6-6f)
16.485: (move f4-1f f3-1f)
16.487: (move f3-2f f3-1f)
16.488: (move f4-1f f3-1f)
16.489: (move f5-5f f4-5f)
16.491: (move f3-2f f2-2f)
16.492: (move f1-2f f1-1f)
16.497: (move f4-1f f3-1f)
16.498: (unlock f5-6f f5-7f key0-2 shape0)
16.498: (move f3-2f f2-2f)
16.499: (move f3-2f f2-2f)
16.500: (move f3-2f f2-2f)
16.501: (move f3-2f f3-1f)
16.501: (move f4-1f f3-1f)
16.501: (move f4-1f f3-1f)
16.502: (move f2-2f f2-1f)
16.502: (move f3-1f f2-1f)
16.503: (move f2-1f f1-1f)
16.503: (move f3-2f f2-2f)
16.504: (move f6-5f f5-5f)
16.504: (move f3-2f f3-1f)
16.505: (move f3-1f f2-1f)
16.506: (move f3-2f f3-1f)
16.506: (move f2-2f f2-1f)
16.510: (move f3-2f f3-1f)
16.512: (move f3-4f f2-4f)
16.515: (move f3-4f f2-4f)
16.516: (move f3-2f f2-2f)
16.516: (move f4-1f f3-1f)
16.520: (move f4-4f f4-5f)
16.521: (move f3-2f f3-1f)
16.522: (move f3-2f f2-2f)
16.525: (move f3-2f f3-1f)
16.525: (move f3-2f f3-1f)
16.528: (move f3-4f f2-4f)
16.529: (move f3-2f f2-2f)
16.535: (move f3-1f f2-1f)
16.535: (move f2-2f f2-1f)
16.536: (move f4-4f f3-4f)
16.537: (unlock f5-6f f5-7f key0-2 shape0)
16.540: (move f3-1f f2-1f)
16.546: (move f4-1f f3-1f)
16.548: (move f2-2f f2-1f)
16.548: (move f5-5f f5-6f)
16.550: (move f6-6f f5-6f)
16.551: (move f3-2f f2-2f)
16.551: (move f6-6f f5-6f)
16.552: (move f5-5f f5-6f)
16.555: (unlock f5-6f f5-7f key0-2 shape0)
16.558: (move f3-2f f3-1f)
16.563: (move f4-4f f3-4f)
16.570: (move f4-4f f3-4f)
16.574: (move f5-5f f4-5f)
16.576: (move f5-5f f4-5f)
16.580: (move f6-6f f5-6f)
16.584: (move f5-5f f5-6f)
16.584: (move f6-6f f5-6f)
16.586: (move f4-4f f4-5f)
16.587: (move f3-4f f2-4f)
16.588: (move f5-5f f5-6f)
16.590: (move f4-4f f4-5f)
16.602: (move f5-5f f4-5f)
16.603: (move f3-4f f2-4f)
16.604: (move f5-5f f5-6f)
16.604: (move f5-5f f4-5f)
16.607: (move f5-5f f4-5f)
16.607: (move f6-6f f5-6f)
16.608: (move f4-4f f4-5f)
16.608: (move f5-5f f5-6f)
16.616: (move f3-4f f2-4f)
16.620: (move f6-6f f5-6f)
16.621: (move f5-5f f4-5f)
16.629: (move f3-3f f2-3f)
16.638: (move f3-3f f2-3f)
16.639: (move f5-4f f5-5f)
16.643: (move f6-5f f5-5f)
16.656: (move f2-4f f2-3f)
16.667: (move f5-5f f4-5f)
16.675: (move f3-3f f3-4f)
16.681: (move f2-2f f2-3f)
16.684: (move f2-2f f2-3f)
16.693: (move f2-4f f2-3f)
16.698: (move f2-2f f1-2f)
16.699: (move f2-2f f1-2f)
16.702: (move f2-4f f2-3f)
16.703: (move f3-3f f2-3f)
16.707: (move f5-5f f4-5f)
16.708: (move f5-5f f4-5f)
16.713: (move f2-2f f2-3f)
16.715: (move f2-2f f2-3f)
16.732: (move f2-2f f1-2f)
16.736: (move f2-2f f1-2f)
16.738: (move f2-5f f1-5f)
16.738: (move f1-4f f1-5f)
16.802: (move f2-4f f1-4f)
16.805: (move f2-4f f2-5f)
16.810: (move f5-5f f4-5f)
16.822: (move f1-6f f1-7f)
16.823: (move f2-4f f2-3f)
16.845: (move f5-5f f4-5f)
16.850: (move f5-6f f4-6f)
16.851: (move f2-4f f2-5f)
16.855: (move f5-5f f4-5f)
16.857: (move f2-4f f1-4f)
16.861: (move f2-4f f2-5f)
16.861: (move f2-4f f1-4f)
16.880: (move f5-5f f4-5f)
16.890: (move f5-6f f4-6f)
16.901: (move f5-6f f4-6f)
16.921: (move f3-2f f3-3f)
16.924: (move f3-2f f3-3f)
16.927: (move f3-4f f3-3f)
16.931: (move f3-4f f3-3f)
16.933: (move f5-6f f4-6f)
16.937: (move f5-6f f4-6f)
16.938: (move f4-5f f4-6f)
16.940: (move f4-5f f4-6f)
16.950: (move f3-2f f3-3f)
16.964: (move f6-6f f6-7f)
16.966: (move f5-5f f5-4f)
16.979: (move f3-2f f3-3f)
16.979: (move f5-6f f4-6f)
16.981: (move f4-5f f4-6f)
16.982: (move f2-4f f1-4f)
16.983: (move f3-2f f3-3f)
16.984: (move f2-4f f2-5f)
16.985: (move f2-1f f2-0f)
16.986: (move f3-2f f3-3f)
16.988: (move f3-4f f3-3f)
16.995: (move f3-0f f2-0f)
16.997: (move f5-6f f4-6f)
16.997: (move f6-6f f6-7f)
17.003: (move f3-2f f3-3f)
17.010: (move f4-5f f4-6f)
17.013: (move f3-2f f3-3f)
17.016: (move f5-6f f4-6f)
17.017: (move f3-4f f3-3f)
17.020: (move f5-5f f5-4f)
17.026: (move f4-1f f4-0f)
15.046: (move f0-6f f0-7f)
15.054: (move f1-7f f0-7f)
15.085: (move f1-5f f1-6f)
15.890: (move f1-5f f0-5f)
15.945: (move f1-6f f0-6f)
15.945: (move f0-5f f0-6f)
15.980: (move f0-5f f0-6f)
15.980: (move f1-6f f0-6f)
16.181: (unlock f1-7f f1-8f key0-2 shape0)
16.205: (move f5-6f f5-5f)
16.210: (move f5-6f f6-6f)
16.224: (move f5-6f f6-6f)
16.259: (move f5-6f f5-5f)
16.379: (move f3-1f f2-1f)
16.379: (move f2-2f f2-1f)
16.394: (move f3-1f f2-1f)
16.394: (move f2-2f f2-1f)
16.396: (move f3-1f f2-1f)
16.396: (move f2-2f f2-1f)
16.404: (move f3-4f f2-4f)
16.405: (move f3-1f f2-1f)
16.406: (move f2-2f f2-1f)
16.410: (move f3-4f f2-4f)
16.410: (move f2-2f f2-1f)
16.411: (move f3-1f f2-1f)
16.423: (move f3-1f f2-1f)
16.423: (move f2-2f f2-1f)
16.432: (move f2-2f f2-1f)
16.434: (move f3-1f f2-1f)
16.447: (move f2-2f f2-1f)
16.447: (move f3-1f f2-1f)
16.456: (move f2-2f f2-1f)
16.456: (move f3-1f f2-1f)
16.464: (move f2-2f f2-1f)
16.466: (move f3-1f f2-1f)
16.468: (move f3-1f f2-1f)
16.468: (move f2-2f f2-1f)
16.488: (move f2-2f f2-1f)
16.488: (move f2-2f f2-1f)
16.488: (move f3-1f f2-1f)
16.489: (move f3-1f f2-1f)
16.490: (move f2-2f f2-1f)
16.491: (move f2-2f f2-1f)
16.492: (move f3-1f f2-1f)
16.492: (move f3-4f f2-4f)
16.493: (move f3-1f f2-1f)
16.495: (move f2-2f f2-1f)
16.495: (move f2-2f f2-1f)
16.497: (move f2-2f f2-1f)
16.498: (move f3-1f f2-1f)
16.501: (move f3-4f f2-4f)
16.502: (move f3-1f f2-1f)
16.517: (move f3-1f f2-1f)
16.526: (move f3-3f f2-3f)
16.527: (move f3-1f f2-1f)
16.531: (move f3-3f f2-3f)
16.534: (move f3-4f f2-4f)
16.535: (move f3-3f f2-3f)
16.538: (move f2-2f f2-1f)
16.539: (move f2-4f f2-3f)
16.539: (move f2-4f f2-3f)
16.544: (move f3-3f f3-4f)
16.548: (move f3-3f f3-4f)
16.553: (move f2-2f f2-3f)
16.561: (move f3-3f f2-3f)
16.562: (move f3-3f f2-3f)
16.567: (move f2-2f f2-3f)
16.567: (move f3-3f f2-3f)
16.568: (move f2-2f f1-2f)
16.570: (move f2-2f f2-3f)
16.570: (move f3-3f f3-4f)
16.576: (move f2-4f f2-3f)
16.581: (move f2-2f f2-3f)
16.584: (move f3-3f f2-3f)
16.584: (move f2-2f f1-2f)
16.587: (move f2-2f f2-3f)
16.587: (move f2-2f f1-2f)
16.587: (move f5-5f f5-4f)
16.588: (move f3-3f f3-4f)
16.593: (move f3-3f f3-4f)
16.595: (move f2-2f f2-3f)
16.597: (move f3-3f f2-3f)
16.598: (move f2-2f f1-2f)
16.604: (move f4-6f f4-5f)
16.605: (move f2-2f f1-2f)
16.605: (move f1-2f f1-1f)
16.605: (move f2-2f f2-3f)
16.609: (move f5-5f f4-5f)
16.613: (move f2-2f f1-2f)
16.614: (move f5-5f f5-6f)
16.615: (move f6-6f f5-6f)
16.620: (move f1-2f f1-1f)
16.621: (move f2-2f f1-2f)
16.623: (move f3-4f f2-4f)
16.623: (move f2-3f f2-4f)
16.624: (move f2-2f f2-3f)
16.628: (move f5-5f f6-5f)
16.628: (move f2-1f f1-1f)
16.630: (move f6-6f f6-5f)
16.630: (move f5-5f f4-5f)
16.633: (move f2-1f f1-1f)
16.636: (move f3-3f f2-3f)
16.638: (move f2-2f f2-3f)
16.640: (move f5-5f f4-5f)
16.640: (move f2-4f f2-3f)
16.640: (move f2-2f f2-3f)
16.641: (move f2-2f f1-2f)
16.641: (move f4-6f f4-5f)
16.646: (move f2-2f f2-3f)
16.648: (move f5-5f f6-5f)
16.648: (move f5-5f f6-5f)
16.649: (move f1-2f f1-1f)
16.650: (move f6-6f f6-5f)
16.651: (move f2-2f f1-2f)
16.651: (move f6-6f f6-5f)
16.653: (move f2-1f f1-1f)
16.654: (move f2-4f f2-3f)
16.655: (move f2-2f f1-2f)
16.656: (move f2-3f f2-2f)
16.658: (move f2-2f f2-3f)
16.659: (move f2-2f f2-3f)
16.661: (move f5-5f f4-5f)
16.662: (move f4-6f f4-5f)
16.663: (move f2-2f f1-2f)
16.664: (move f2-2f f2-3f)
16.666: (move f2-2f f2-3f)
16.667: (move f2-1f f1-1f)
16.670: (move f2-2f f2-3f)
16.671: (move f1-2f f1-1f)
16.671: (move f2-4f f2-3f)
16.672: (move f2-2f f2-3f)
16.673: (move f5-5f f4-5f)
16.676: (move f2-2f f2-3f)
16.680: (move f2-2f f1-2f)
16.684: (move f2-2f f1-2f)
16.684: (move f2-2f f1-2f)
16.685: (move f2-2f f1-2f)
16.686: (move f2-2f f1-2f)
16.686: (move f2-2f f1-2f)
16.693: (move f2-2f f1-2f)
16.702: (move f2-2f f2-3f)
16.703: (move f2-4f f1-4f)
16.704: (move f2-4f f1-4f)
16.705: (move f2-4f f2-5f)
16.706: (move f2-4f f2-5f)
16.723: (move f2-2f f1-2f)
16.724: (move f6-6f f5-6f)
16.731: (move f5-5f f5-6f)
16.732: (move f6-6f f5-6f)
16.734: (move f5-5f f5-6f)
16.735: (move f5-6f f4-6f)
16.735: (move f4-5f f4-6f)
16.741: (move f2-4f f2-5f)
16.742: (move f2-4f f1-4f)
16.744: (move f5-6f f4-6f)
16.744: (move f5-5f f4-5f)
16.747: (move f5-6f f4-6f)
16.748: (move f4-5f f4-6f)
16.748: (move f1-6f f1-7f)
16.752: (move f5-5f f4-5f)
16.754: (move f6-6f f5-6f)
16.766: (move f5-5f f5-6f)
16.780: (move f2-4f f1-4f)
16.783: (move f5-5f f4-5f)
16.783: (move f2-4f f2-5f)
16.785: (move f1-6f f1-7f)
16.788: (move f5-6f f4-6f)
16.792: (move f2-4f f2-5f)
16.793: (move f2-4f f1-4f)
16.806: (move f2-4f f2-5f)
16.807: (move f2-4f f1-4f)
16.817: (move f4-5f f4-6f)
16.817: (move f5-6f f4-6f)
16.825: (move f5-5f f5-4f)
16.825: (move f3-4f f3-3f)
16.831: (move f5-6f f4-6f)
16.831: (move f4-5f f4-6f)
16.843: (move f5-6f f4-6f)
16.845: (move f4-5f f4-6f)
16.857: (move f1-4f f1-5f)
16.857: (move f2-5f f1-5f)
16.859: (move f3-4f f3-3f)
16.861: (move f4-5f f4-6f)
16.862: (move f5-6f f4-6f)
16.875: (move f4-5f f4-6f)
16.876: (move f5-6f f4-6f)
16.876: (move f4-5f f4-6f)
16.877: (move f5-6f f4-6f)
16.891: (move f5-5f f5-4f)
16.900: (move f2-5f f1-5f)
16.902: (move f1-4f f1-5f)
16.902: (move f2-5f f1-5f)
16.910: (move f1-4f f1-5f)
16.928: (move f3-4f f3-3f)
16.931: (move f4-0f f3-0f)
16.936: (move f5-5f f5-4f)
16.945: (move f5-5f f5-4f)
16.947: (move f3-1f f3-0f)
16.962: (move f3-4f f3-3f)
16.966: (move f3-4f f3-3f)
14.947: (move f0-6f f0-7f)
14.962: (move f1-7f f0-7f)
15.003: (move f1-7f f0-7f)
15.007: (move f1-7f f0-7f)
15.010: (move f0-6f f0-7f)
15.161: (move f1-7f f1-6f)
15.201: (move f1-5f f1-6f)
15.255: (move f1-5f f1-6f)
15.258: (move f1-5f f1-6f)
15.476: (pickup-and-loose f0-7f key2-0 key0-2)
15.508: (move f1-7f f1-8f)
15.907: (move f0-5f f0-6f)
15.908: (move f1-6f f0-6f)
16.004: (move f1-5f f0-5f)
16.029: (move f1-5f f0-5f)
16.067: (move f1-5f f0-5f)
16.104: (unlock f1-7f f1-8f key0-2 shape0)
16.145: (unlock f1-7f f1-8f key0-2 shape0)
16.230: (move f3-3f f3-2f)
16.235: (move f3-3f f3-2f)
16.317: (move f3-3f f3-2f)
16.320: (move f3-3f f3-2f)
16.324: (move f3-3f f3-2f)
16.418: (move f5-5f f5-4f)
16.459: (move f2-4f f2-3f)
16.467: (move f3-3f f2-3f)
16.470: (move f6-6f f6-5f)
16.470: (move f5-5f f6-5f)
16.471: (move f2-4f f2-3f)
16.476: (move f4-6f f4-5f)
16.480: (move f5-5f f4-5f)
16.481: (move f3-3f f2-3f)
16.497: (move f5-5f f6-5f)
16.497: (move f2-3f f2-4f)
16.498: (move f6-6f f6-5f)
16.503: (move f3-4f f2-4f)
16.508: (move f2-1f f1-1f)
16.514: (move f1-2f f1-1f)
16.524: (move f2-1f f1-1f)
16.526: (move f2-1f f1-1f)
16.527: (move f5-5f f4-5f)
16.528: (move f3-3f f2-3f)
16.528: (move f2-3f f2-4f)
16.529: (move f3-4f f2-4f)
16.531: (move f2-3f f2-4f)
16.532: (move f3-3f f2-3f)
16.534: (move f1-2f f1-1f)
16.534: (move f1-2f f1-1f)
16.535: (move f4-6f f4-5f)
16.535: (move f1-2f f1-1f)
16.536: (move f2-1f f1-1f)
16.536: (move f3-4f f2-4f)
16.536: (move f1-2f f1-1f)
16.537: (putdown f0-7f key0-2)
16.541: (move f2-1f f1-1f)
16.551: (move f2-4f f2-3f)
16.556: (move f2-1f f1-1f)
16.558: (move f1-2f f1-1f)
16.560: (move f3-3f f2-3f)
16.563: (move f3-4f f2-4f)
16.563: (move f2-4f f2-3f)
16.563: (move f2-1f f1-1f)
16.563: (move f2-3f f2-4f)
16.564: (move f3-4f f2-4f)
16.564: (move f1-2f f1-1f)
16.565: (move f2-3f f2-4f)
16.569: (move f1-2f f1-1f)
16.573: (move f2-3f f2-4f)
16.578: (move f2-3f f2-4f)
16.579: (move f1-2f f1-1f)
16.580: (move f2-1f f1-1f)
16.584: (move f2-1f f1-1f)
16.585: (move f1-2f f1-1f)
16.586: (move f1-2f f1-1f)
16.594: (move f2-1f f1-1f)
16.596: (move f2-4f f2-3f)
16.598: (move f2-1f f1-1f)
16.601: (move f2-4f f2-5f)
16.603: (move f2-2f f3-2f)
16.603: (move f1-2f f1-1f)
16.604: (move f2-3f f2-4f)
16.607: (move f2-4f f1-4f)
16.610: (move f2-1f f1-1f)
16.611: (move f2-1f f1-1f)
16.613: (move f2-1f f1-1f)
16.613: (move f2-3f f2-4f)
16.613: (move f2-4f f2-5f)
16.616: (move f1-2f f1-1f)
16.616: (move f2-3f f2-4f)
16.617: (move f1-2f f1-1f)
16.619: (move f1-2f f1-1f)
16.619: (move f1-2f f1-1f)
16.620: (move f2-1f f1-1f)
16.620: (move f2-3f f2-4f)
16.623: (move f2-4f f1-4f)
16.625: (move f2-3f f2-4f)
16.635: (move f1-2f f1-1f)
16.637: (move f2-1f f1-1f)
16.637: (move f1-2f f1-1f)
16.646: (move f2-1f f1-1f)
16.652: (move f2-1f f1-1f)
16.652: (move f2-3f f2-4f)
16.655: (move f2-2f f2-1f)
16.665: (move f1-2f f1-1f)
16.683: (move f2-1f f1-1f)
16.695: (move f2-4f f2-5f)
16.701: (move f2-4f f1-4f)
16.709: (move f2-4f f2-5f)
16.711: (move f5-5f f5-4f)
16.711: (move f1-6f f1-7f)
16.713: (move f2-4f f1-4f)
16.741: (move f2-4f f2-5f)
16.741: (move f2-5f f1-5f)
16.741: (move f1-4f f1-5f)
16.745: (move f2-4f f1-4f)
16.749: (move f2-5f f1-5f)
16.749: (move f1-4f f1-5f)
16.781: (move f2-5f f1-5f)
16.782: (move f1-4f f1-5f)
16.822: (move f2-4f f2-5f)
16.827: (move f2-4f f1-4f)
16.837: (move f2-5f f1-5f)
16.837: (move f1-4f f1-5f)
16.847: (move f2-5f f1-5f)
16.848: (move f1-4f f1-5f)
16.848: (move f2-2f f1-2f)
16.859: (move f2-5f f1-5f)
16.859: (move f1-4f f1-5f)
16.914: (move f5-6f f4-6f)
16.926: (move f4-5f f4-6f)
16.944: (move f3-0f f2-0f)
16.986: (move f2-1f f2-0f)
16.989: (move f4-5f f4-6f)
16.989: (move f4-5f f4-6f)
16.992: (move f5-6f f4-6f)
16.994: (move f5-6f f4-6f)
17.001: (move f2-1f f2-0f)
17.002: (move f6-6f f6-7f)
17.005: (move f2-1f f2-0f)
17.016: (move f2-1f f2-0f)
17.024: (move f2-1f f2-0f)
17.024: (move f6-6f f6-7f)
17.027: (move f2-3f f3-3f)
17.030: (move f2-3f f3-3f)
17.031: (move f4-5f f4-6f)
17.031: (move f5-6f f4-6f)
17.031: (move f2-3f f3-3f)
17.034: (move f4-5f f4-6f)
17.037: (move f2-1f f2-0f)
17.045: (move f2-1f f2-0f)
17.050: (move f2-3f f3-3f)
17.052: (move f2-3f f3-3f)
17.054: (move f4-5f f4-4f)
17.056: (move f5-4f f4-4f)
17.057: (move f3-4f f4-4f)
17.060: (move f2-3f f3-3f)
17.062: (move f2-1f f2-0f)
17.064: (move f2-3f f3-3f)
17.064: (move f2-3f f3-3f)
17.065: (move f2-3f f3-3f)
17.067: (move f2-1f f2-0f)
17.078: (move f1-2f f0-2f)
17.079: (move f2-3f f3-3f)
17.079: (move f2-1f f2-0f)
17.079: (move f2-1f f2-0f)
17.084: (move f4-6f f4-7f)
17.086: (move f4-6f f4-7f)
17.091: (move f3-4f f4-4f)
17.092: (move f2-1f f2-0f)
17.093: (move f1-2f f0-2f)
17.094: (move f2-1f f2-0f)
17.095: (move f1-2f f0-2f)
17.096: (move f1-2f f0-2f)
17.096: (move f2-1f f2-0f)
17.097: (move f1-2f f0-2f)
17.097: (move f4-6f f4-7f)
17.101: (move f2-1f f2-0f)
17.118: (move f2-1f f2-0f)
17.119: (move f4-5f f4-4f)
17.120: (move f1-2f f0-2f)
17.120: (move f4-6f f4-7f)
17.121: (move f3-4f f4-4f)
17.124: (move f1-2f f0-2f)
17.126: (move f3-4f f4-4f)
17.128: (move f2-1f f2-0f)
17.130: (move f1-2f f0-2f)
17.131: (move f2-1f f2-0f)
17.132: (move f5-4f f4-4f)
17.137: (move f1-2f f0-2f)
17.139: (move f1-2f f0-2f)
17.146: (move f1-2f f0-2f)
17.148: (move f3-4f f4-4f)
17.150: (move f4-5f f4-4f)
17.158: (move f4-6f f4-7f)
17.160: (move f2-1f f2-0f)
17.163: (move f1-2f f0-2f)
17.164: (move f5-4f f4-4f)
17.170: (move f4-5f f4-4f)
17.173: (move f4-5f f4-4f)
17.176: (move f1-2f f0-2f)
14.899: (move f1-7f f0-7f)
14.909: (move f0-6f f0-7f)
14.912: (move f1-7f f0-7f)
14.970: (move f1-7f f0-7f)
15.009: (move f0-7f f0-6f)
15.073: (move f1-7f f1-6f)
15.082: (move f1-5f f1-6f)
15.090: (move f1-5f f1-6f)
15.125: (move f1-7f f1-6f)
15.128: (move f1-5f f1-6f)
15.154: (move f1-5f f1-6f)
15.188: (move f1-5f f1-6f)
15.199: (move f1-5f f1-6f)
15.353: (pickup-and-loose f0-7f key2-0 key0-2)
15.402: (move f1-7f f1-8f)
15.440: (pickup-and-loose f0-7f key2-0 key0-2)
15.473: (move f1-7f f1-8f)
15.513: (move f0-7f f1-7f)
15.544: (pickup-and-loose f0-7f key2-0 key0-2)
15.909: (move f1-5f f0-5f)
15.914: (move f1-5f f0-5f)
15.942: (move f1-5f f0-5f)
15.971: (move f1-5f f0-5f)
16.002: (move f1-5f f0-5f)
16.010: (move f0-5f f0-6f)
16.012: (move f1-6f f0-6f)
16.014: (move f0-7f f0-8f)
16.018: (move f1-5f f0-5f)
16.041: (move f0-5f f0-6f)
16.042: (move f1-6f f0-6f)
16.043: (move f0-7f f0-6f)
16.043: (move f1-6f f0-6f)
16.055: (move f0-5f f0-6f)
16.056: (move f1-6f f0-6f)
16.080: (unlock f1-7f f1-8f key0-2 shape0)
16.293: (move f3-2f f2-2f)
16.294: (move f2-3f f2-2f)
16.299: (move f3-2f f3-1f)
16.304: (move f3-2f f2-2f)
16.304: (move f2-3f f2-2f)
16.308: (move f3-2f f3-1f)
16.384: (move f2-3f f2-2f)
16.388: (move f3-2f f2-2f)
16.393: (move f3-2f f3-1f)
16.400: (move f2-3f f2-2f)
16.404: (move f3-2f f2-2f)
16.407: (move f3-2f f3-1f)
16.429: (move f3-2f f3-1f)
16.430: (move f2-3f f2-2f)
16.430: (move f3-2f f2-2f)
16.471: (putdown f0-7f key0-2)
16.574: (putdown f0-7f key0-2)
16.594: (move f4-4f f4-5f)
16.601: (putdown f0-7f key0-2)
16.603: (move f4-4f f4-5f)
16.604: (move f4-4f f3-4f)
16.625: (move f2-4f f3-4f)
16.625: (move f2-4f f3-4f)
16.627: (move f4-4f f3-4f)
16.628: (move f3-3f f3-4f)
16.634: (move f3-3f f3-4f)
16.634: (move f3-3f f3-4f)
16.648: (move f2-4f f3-4f)
16.650: (move f2-4f f3-4f)
16.651: (move f3-3f f3-4f)
16.652: (move f2-4f f3-4f)
16.657: (move f3-3f f3-4f)
16.658: (move f3-3f f3-4f)
16.658: (move f2-4f f3-4f)
16.658: (move f2-4f f3-4f)
16.658: (move f3-3f f3-4f)
16.663: (move f1-4f f1-5f)
16.665: (move f1-4f f1-5f)
16.666: (move f2-5f f1-5f)
16.668: (move f2-4f f3-4f)
16.673: (move f3-3f f3-4f)
16.674: (move f2-1f f3-1f)
16.685: (move f2-5f f1-5f)
16.689: (move f3-2f f3-1f)
16.698: (move f2-4f f2-5f)
16.702: (move f2-4f f1-4f)
16.725: (move f2-4f f2-5f)
16.726: (move f2-4f f1-4f)
16.730: (move f2-4f f2-5f)
16.732: (move f1-8f f0-8f)
16.734: (move f0-7f f0-8f)
16.735: (move f2-4f f1-4f)
16.741: (move f2-5f f1-5f)
16.744: (move f1-4f f1-5f)
16.748: (move f2-4f f2-5f)
16.750: (move f2-4f f1-4f)
16.763: (move f1-4f f1-5f)
16.763: (move f2-5f f1-5f)
16.767: (move f2-4f f1-4f)
16.770: (move f2-4f f2-5f)
16.778: (move f2-4f f2-5f)
16.781: (move f2-4f f2-5f)
16.783: (move f2-4f f1-4f)
16.786: (move f2-5f f1-5f)
16.786: (move f2-4f f1-4f)
16.789: (move f1-4f f1-5f)
16.794: (move f2-1f f1-1f)
16.796: (move f1-2f f1-1f)
16.803: (move f2-4f f2-5f)
16.806: (move f2-4f f2-5f)
16.810: (move f2-4f f1-4f)
16.810: (move f2-4f f1-4f)
16.812: (move f2-4f f2-5f)
16.816: (move f1-6f f1-7f)
16.817: (move f2-4f f1-4f)
16.821: (move f4-4f f5-4f)
16.826: (move f2-4f f1-4f)
16.826: (move f2-4f f2-5f)
16.830: (move f3-2f f4-2f)
16.831: (move f2-4f f2-5f)
16.833: (move f2-4f f1-4f)
16.852: (move f1-6f f1-7f)
16.854: (move f2-4f f1-4f)
16.855: (move f4-4f f5-4f)
16.858: (move f2-4f f2-5f)
16.863: (move f1-6f f1-7f)
16.873: (move f1-6f f1-5f)
16.874: (move f2-5f f1-5f)
16.874: (move f1-4f f1-5f)
16.897: (move f5-4f f4-4f)
16.899: (move f4-5f f4-4f)
16.946: (move f2-0f f3-0f)
16.950: (move f2-0f f3-0f)
16.953: (move f3-2f f4-2f)
16.957: (move f3-2f f4-2f)
16.965: (move f2-0f f3-0f)
16.967: (move f2-0f f3-0f)
16.969: (move f0-7f f0-6f)
16.979: (move f2-0f f3-0f)
17.003: (move f2-0f f3-0f)
17.010: (move f5-4f f4-4f)
17.014: (move f2-0f f3-0f)
17.017: (move f2-0f f3-0f)
17.019: (move f6-5f f6-4f)
17.020: (move f4-5f f4-4f)
17.020: (move f2-0f f3-0f)
17.023: (move f2-0f f3-0f)
17.031: (move f2-0f f3-0f)
17.034: (move f5-4f f6-4f)
17.041: (move f3-2f f4-2f)
17.041: (move f2-0f f3-0f)
17.043: (move f2-0f f3-0f)
17.043: (move f2-0f f3-0f)
17.060: (move f3-2f f4-2f)
17.067: (move f2-0f f3-0f)
17.078: (move f4-6f f5-6f)
17.082: (move f2-0f f3-0f)
17.084: (move f2-0f f3-0f)
17.094: (move f2-3f f1-3f)
17.099: (move f1-4f f1-3f)
17.108: (move f2-0f f3-0f)
17.109: (move f1-4f f1-3f)
17.110: (move f2-3f f1-3f)
17.122: (move f1-4f f0-4f)
17.130: (move f1-4f f0-4f)
17.144: (move f6-5f f7-5f)
17.187: (move f2-3f f1-3f)
17.190: (move f1-4f f1-3f)
17.202: (move f2-3f f1-3f)
17.204: (move f1-4f f0-4f)
17.214: (move f1-4f f1-3f)
17.216: (move f0-2f f0-3f)
17.219: (move f0-2f f0-3f)
17.227: (move f0-2f f0-3f)
17.235: (move f2-3f f1-3f)
17.236: (move f1-4f f1-3f)
17.237: (move f1-4f f0-4f)
17.245: (move f0-2f f0-3f)
17.250: (move f3-2f f3-3f)
17.252: (move f0-2f f0-3f)
17.256: (move f0-7f f0-8f)
17.257: (move f1-4f f0-4f)
17.261: (move f0-2f f0-3f)
17.268: (move f2-1f f2-0f)
17.274: (move f0-2f f0-3f)
17.276: (move f0-2f f0-3f)
17.280: (move f0-2f f0-3f)
17.282: (move f0-2f f0-3f)
17.292: (move f0-2f f0-3f)
17.294: (move f0-2f f0-3f)
17.295: (move f4-6f f4-7f)
17.296: (move f0-7f f0-8f)
17.302: (move f6-5f f6-4f)
17.302: (move f0-2f f0-3f)
17.303: (move f5-4f f6-4f)
17.312: (move f1-4f f1-3f)
17.335: (move f0-5f f0-4f)
17.337: (move f1-4f f0-4f)
17.342: (move f3-2f f4-2f)
17.358: (move f1-2f f0-2f)
17.363: (move f4-6f f4-7f)
17.366: (move f4-6f f4-7f)
17.367: (move f0-5f f0-4f)
17.383: (move f0-5f f0-4f)
17.393: (move f4-6f f4-7f)
14.703: (move f0-6f f1-6f)
14.706: (move f1-7f f1-6f)
14.847: (move f0-7f f1-7f)
14.849: (move f0-6f f0-5f)
14.867: (move f1-7f f0-7f)
14.970: (move f0-7f f0-6f)
14.985: (move f0-7f f0-6f)
14.995: (move f1-5f f1-6f)
15.007: (move f1-5f f1-6f)
15.036: (move f0-6f f0-7f)
15.038: (move f1-7f f1-6f)
15.051: (move f1-7f f0-7f)
15.067: (move f0-6f f0-7f)
15.073: (move f0-7f f0-6f)
15.074: (move f1-5f f1-6f)
15.083: (move f1-7f f0-7f)
15.084: (move f0-6f f0-7f)
15.084: (move f1-7f f0-7f)
15.103: (move f1-5f f1-6f)
15.129: (move f1-5f f1-6f)
15.211: (move f1-5f f1-6f)
15.316: (pickup-and-loose f0-7f key2-0 key0-2)
15.345: (move f0-7f f0-8f)
15.368: (move f1-7f f1-8f)
15.427: (pickup-and-loose f0-7f key2-0 key0-2)
15.476: (move f0-7f f1-7f)
15.508: (pickup-and-loose f0-7f key2-0 key0-2)
15.586: (move f0-7f f1-7f)
15.816: (move f1-5f f0-5f)
15.820: (move f0-4f f0-5f)
15.824: (move f0-4f f0-5f)
15.833: (move f1-5f f0-5f)
15.871: (move f0-4f f0-5f)
15.889: (move f0-4f f0-5f)
15.892: (move f1-5f f0-5f)
15.901: (move f1-6f f0-6f)
15.906: (move f1-6f f0-6f)
15.907: (move f0-5f f0-6f)
15.910: (move f0-5f f0-6f)
15.919: (move f0-4f f0-5f)
15.920: (move f1-5f f0-5f)
15.933: (move f1-6f f0-6f)
15.940: (move f0-5f f0-6f)
15.943: (move f1-5f f0-5f)
15.953: (pickup-and-loose f0-6f key1-1 key2-0)
15.965: (move f1-6f f0-6f)
15.966: (move f0-5f f0-6f)
15.967: (move f1-6f f0-6f)
15.968: (move f0-7f f0-6f)
15.975: (move f0-7f f0-8f)
15.993: (move f1-6f f0-6f)
15.996: (move f0-5f f0-6f)
16.003: (move f0-4f f0-5f)
16.004: (move f1-5f f0-5f)
16.005: (move f1-6f f0-6f)
16.005: (move f0-7f f0-6f)
16.014: (move f1-6f f0-6f)
16.019: (move f0-5f f0-6f)
16.022: (move f0-6f f0-5f)
16.023: (move f1-5f f0-5f)
16.089: (move f0-7f f0-8f)
16.193: (unlock f1-7f f1-8f key0-2 shape0)
16.223: (unlock f1-7f f1-8f key0-2 shape0)
16.227: (unlock f1-7f f1-8f key0-2 shape0)
16.275: (move f3-1f f2-1f)
16.281: (move f2-2f f2-1f)
16.292: (move f2-2f f2-1f)
16.293: (move f3-1f f2-1f)
16.324: (unlock f0-8f f0-9f key0-2 shape0)
16.325: (putdown f0-8f key2-0)
16.360: (move f5-4f f5-5f)
16.368: (move f2-2f f2-1f)
16.369: (move f3-1f f2-1f)
16.369: (move f4-5f f5-5f)
16.387: (move f2-2f f2-1f)
16.387: (move f3-1f f2-1f)
16.392: (move f4-2f f4-1f)
16.393: (putdown f0-6f key2-0)
16.396: (putdown f0-7f key0-2)
16.400: (move f3-1f f4-1f)
16.403: (move f3-1f f4-1f)
16.407: (move f4-2f f4-1f)
16.419: (move f3-1f f2-1f)
16.419: (move f2-2f f2-1f)
16.435: (putdown f0-7f key0-2)
16.441: (move f4-4f f3-4f)
16.471: (putdown f1-7f key2-0)
16.475: (move f2-2f f1-2f)
16.485: (move f2-2f f1-2f)
16.491: (move f1-3f f1-2f)
16.493: (move f3-1f f4-1f)
16.499: (move f6-4f f7-4f)
16.501: (move f7-5f f7-4f)
16.503: (move f1-3f f1-2f)
16.506: (move f4-2f f4-1f)
16.507: (move f4-4f f3-4f)
16.508: (move f4-2f f4-1f)
16.510: (move f3-1f f4-1f)
16.521: (move f4-2f f4-1f)
16.525: (unlock f5-6f f5-7f key0-2 shape0)
16.527: (move f3-1f f4-1f)
16.536: (putdown f0-7f key0-2)
16.562: (move f2-2f f1-2f)
16.569: (move f5-4f f5-5f)
16.570: (move f1-3f f1-2f)
16.575: (move f1-3f f1-2f)
16.581: (move f2-2f f1-2f)
16.588: (move f4-5f f5-5f)
16.591: (move f3-4f f2-4f)
16.592: (move f1-3f f1-2f)
16.614: (move f2-2f f1-2f)
16.633: (unlock f0-8f f1-8f key0-2 shape0)
16.642: (pickup f0-6f key1-1)
16.645: (move f0-7f f0-8f)
16.646: (move f1-8f f0-8f)
16.696: (unlock f0-8f f1-8f key0-2 shape0)
16.696: (move f0-7f f0-8f)
16.697: (move f1-8f f0-8f)
16.708: (move f1-6f f1-7f)
16.712: (move f1-6f f1-7f)
16.713: (unlock f0-8f f0-9f key0-2 shape0)
16.743: (move f1-6f f1-7f)
16.747: (move f4-2f f5-2f)
16.752: (move f1-4f f1-5f)
16.758: (move f2-5f f1-5f)
16.762: (move f6-4f f7-4f)
16.764: (move f0-7f f0-6f)
16.772: (move f4-2f f4-1f)
16.775: (unlock f0-8f f0-9f key0-2 shape0)
16.777: (move f1-4f f1-5f)
16.778: (move f1-4f f1-5f)
16.778: (move f1-6f f1-5f)
16.781: (move f1-6f f1-7f)
16.782: (move f2-5f f1-5f)
16.784: (move f2-5f f1-5f)
16.792: (move f4-2f f5-2f)
16.794: (move f3-1f f4-1f)
16.797: (move f1-5f f2-5f)
16.797: (move f1-5f f1-4f)
16.802: (move f1-6f f1-7f)
16.816: (move f2-5f f1-5f)
16.816: (move f1-4f f1-5f)
16.821: (move f2-5f f1-5f)
16.821: (move f1-4f f1-5f)
16.821: (move f1-6f f1-7f)
16.826: (move f2-5f f1-5f)
16.828: (move f1-4f f1-5f)
16.836: (move f1-6f f1-5f)
16.840: (move f1-4f f1-5f)
16.841: (move f2-5f f1-5f)
16.849: (move f3-1f f3-0f)
16.861: (move f2-5f f1-5f)
16.862: (move f1-4f f1-5f)
16.863: (move f2-5f f1-5f)
16.864: (move f1-4f f1-5f)
16.865: (move f4-5f f4-6f)
16.866: (move f3-1f f3-0f)
16.871: (move f4-2f f5-2f)
16.877: (move f1-4f f1-5f)
16.877: (move f2-5f f1-5f)
16.879: (move f2-5f f1-5f)
16.879: (move f1-4f f1-5f)
16.880: (move f4-2f f5-2f)
16.884: (move f1-4f f1-5f)
16.885: (move f2-5f f1-5f)
16.896: (move f4-2f f5-2f)
16.901: (move f2-5f f1-5f)
16.908: (move f1-4f f1-5f)
16.930: (move f4-5f f4-6f)
16.936: (move f0-7f f0-6f)
16.942: (move f3-1f f3-0f)
16.958: (move f0-7f f0-6f)
16.960: (move f3-1f f3-0f)
16.989: (move f3-1f f3-0f)
17.005: (move f0-6f f1-6f)
17.025: (move f3-0f f4-0f)
17.026: (move f3-0f f4-0f)
17.034: (unlock f7-5f f8-5f key0-2 shape0)
17.039: (move f3-4f f3-3f)
17.039: (move f0-7f f1-7f)
17.045: (move f3-0f f4-0f)
17.054: (move f3-0f f4-0f)
17.054: (move f3-0f f4-0f)
17.087: (move f3-0f f4-0f)
17.092: (move f3-0f f4-0f)
17.100: (move f3-0f f4-0f)
17.106: (move f3-0f f4-0f)
17.108: (move f3-0f f4-0f)
17.115: (move f3-4f f4-4f)
17.117: (move f3-0f f4-0f)
17.121: (move f3-0f f4-0f)
17.127: (move f3-0f f4-0f)
17.128: (move f3-0f f4-0f)
17.134: (move f3-0f f4-0f)
17.135: (move f1-3f f0-3f)
17.137: (move f0-4f f0-3f)
17.145: (move f3-0f f4-0f)
17.146: (move f0-3f f1-3f)
17.148: (move f1-3f f0-3f)
17.148: (move f0-4f f0-3f)
14.377: (move f1-7f f1-8f)
14.379: (move f0-8f f1-8f)
14.521: (move f1-6f f1-5f)
14.521: (move f0-5f f1-5f)
14.559: (move f1-7f f1-6f)
14.560: (move f0-6f f1-6f)
14.667: (move f0-6f f1-6f)
14.670: (move f1-7f f1-6f)
14.769: (move f0-6f f1-6f)
14.769: (move f1-7f f1-6f)
14.810: (move f0-7f f1-7f)
14.813: (move f0-6f f0-5f)
14.840: (move f0-6f f0-5f)
14.907: (move f0-6f f0-5f)
14.913: (move f0-7f f1-7f)
14.918: (move f0-8f f0-7f)
14.931: (move f0-6f f0-7f)
14.934: (move f1-7f f0-7f)
14.935: (move f0-6f f0-7f)
14.936: (move f1-7f f0-7f)
14.951: (move f0-7f f0-6f)
14.951: (move f0-5f f0-4f)
14.962: (move f1-7f f0-7f)
14.967: (move f0-6f f0-7f)
14.976: (move f0-8f f0-7f)
14.994: (move f0-6f f0-7f)
15.000: (move f1-7f f0-7f)
15.000: (move f1-7f f0-7f)
15.022: (move f0-6f f0-7f)
15.031: (move f1-7f f0-7f)
15.032: (move f1-7f f0-7f)
15.037: (move f0-7f f0-6f)
15.041: (move f0-6f f0-7f)
15.041: (move f1-7f f0-7f)
15.047: (move f1-7f f0-7f)
15.052: (move f0-7f f0-6f)
15.056: (move f0-8f f0-7f)
15.088: (move f1-5f f1-6f)
15.130: (move f1-5f f1-6f)
15.132: (move f1-5f f1-6f)
15.143: (move f1-7f f1-6f)
15.147: (move f1-5f f1-6f)
15.166: (move f1-5f f1-6f)
15.167: (move f1-5f f1-6f)
15.174: (move f1-5f f1-6f)
15.174: (move f1-7f f1-6f)
15.187: (move f1-5f f1-6f)
15.187: (move f1-5f f1-6f)
15.190: (move f1-7f f1-6f)
15.196: (move f1-5f f1-6f)
15.207: (move f1-5f f1-6f)
15.216: (move f1-5f f1-6f)
15.240: (move f1-5f f1-6f)
15.314: (move f0-7f f0-8f)
15.390: (pickup-and-loose f0-7f key2-0 key0-2)
15.421: (move f0-7f f0-8f)
15.422: (move f1-6f f2-6f)
15.436: (move f0-8f f1-8f)
15.469: (pickup-and-loose f0-7f key2-0 key0-2)
15.495: (pickup-and-loose f0-7f key2-0 key0-2)
15.504: (move f1-7f f1-8f)
15.517: (pickup-and-loose f0-7f key2-0 key0-2)
15.532: (move f1-7f f1-8f)
15.550: (move f0-7f f1-7f)
15.552: (move f1-7f f1-8f)
15.764: (pickup-and-loose f0-6f key1-1 key2-0)
15.819: (move f1-6f f0-6f)
15.823: (move f0-5f f0-6f)
15.829: (move f1-6f f0-6f)
15.831: (move f0-5f f0-6f)
15.891: (move f0-5f f0-6f)
15.895: (move f1-6f f0-6f)
15.904: (move f1-5f f0-5f)
15.914: (pickup-and-loose f0-6f key1-1 key2-0)
15.922: (move f0-5f f0-6f)
15.922: (move f1-6f f0-6f)
15.930: (move f1-6f f0-6f)
15.931: (move f0-7f f0-6f)
15.932: (pickup-and-loose f0-6f key1-1 key2-0)
15.935: (move f1-5f f0-5f)
15.935: (move f0-6f f0-5f)
15.945: (move f1-5f f0-5f)
15.950: (move f1-5f f0-5f)
15.954: (move f1-6f f0-6f)
15.958: (move f1-5f f0-5f)
15.959: (move f0-5f f0-6f)
15.961: (move f1-5f f0-5f)
15.969: (move f1-5f f0-5f)
15.974: (move f1-5f f0-5f)
15.976: (move f0-6f f0-5f)
15.979: (move f1-5f f0-5f)
15.992: (move f1-5f f0-5f)
16.007: (move f1-5f f0-5f)
16.008: (move f1-5f f0-5f)
16.010: (move f0-5f f0-6f)
16.023: (move f1-6f f0-6f)
16.024: (move f1-5f f0-5f)
16.026: (move f1-5f f0-5f)
16.053: (move f0-7f f0-8f)
16.055: (move f1-5f f0-5f)
16.088: (unlock f1-7f f1-8f key0-2 shape0)
16.091: (unlock f1-7f f1-8f key0-2 shape0)
16.118: (unlock f1-7f f1-8f key0-2 shape0)
16.139: (putdown f0-8f key2-0)
16.160: (unlock f1-7f f1-8f key0-2 shape0)
16.171: (unlock f1-7f f1-8f key0-2 shape0)
16.184: (unlock f1-7f f1-8f key0-2 shape0)
16.204: (putdown f0-6f key2-0)
16.215: (pickup-and-loose f0-5f key0-1 key2-0)
16.215: (pickup-and-loose f0-5f key0-3 key2-0)
16.231: (move f0-6f f0-7f)
16.238: (unlock f0-8f f1-8f key0-2 shape0)
16.241: (unlock f0-8f f0-9f key0-2 shape0)
16.244: (putdown f0-8f key2-0)
16.268: (move f5-6f f6-6f)
16.281: (putdown f0-8f key2-0)
16.284: (unlock f0-8f f0-9f key0-2 shape0)
16.288: (unlock f0-8f f1-8f key0-2 shape0)
16.289: (putdown f1-7f key2-0)
16.297: (move f5-6f f5-5f)
16.356: (putdown f0-6f key2-0)
16.358: (putdown f0-7f key0-2)
16.374: (putdown f0-6f key2-0)
16.377: (putdown f1-7f key2-0)
16.378: (putdown f0-7f key0-2)
16.383: (move f0-6f f1-6f)
16.401: (move f3-3f f3-2f)
16.410: (move f1-2f f1-1f)
16.413: (move f2-1f f1-1f)
16.417: (move f3-4f f2-4f)
16.425: (move f1-2f f1-1f)
16.431: (putdown f1-7f key2-0)
16.432: (move f2-1f f1-1f)
16.445: (move f3-4f f2-4f)
16.457: (pickup f0-6f key1-1)
16.500: (move f2-1f f1-1f)
16.504: (move f1-2f f1-1f)
16.506: (move f5-2f f5-1f)
16.510: (move f4-1f f5-1f)
16.519: (move f2-1f f1-1f)
16.520: (move f1-2f f1-1f)
16.544: (putdown f0-7f key0-2)
16.554: (move f2-1f f1-1f)
16.556: (move f1-2f f1-1f)
16.563: (putdown f0-5f key2-0)
16.572: (move f4-1f f5-1f)
16.580: (move f4-6f f5-6f)
16.584: (move f5-2f f5-1f)
16.598: (move f5-5f f5-6f)
16.601: (putdown f1-6f key2-0)
16.608: (move f0-7f f0-8f)
16.611: (move f5-5f f6-5f)
16.612: (move f1-8f f0-8f)
16.612: (putdown f0-7f key0-2)
16.613: (pickup f0-6f key1-1)
16.616: (move f1-4f f2-4f)
16.616: (move f2-5f f2-4f)
16.621: (move f1-6f f1-7f)
16.628: (pickup f0-6f key1-1)
16.629: (move f2-4f f2-3f)
16.630: (move f3-3f f2-3f)
16.631: (move f4-1f f5-1f)
16.632: (move f4-4f f5-4f)
16.634: (move f5-5f f6-5f)
16.635: (move f1-6f f1-7f)
16.639: (move f5-2f f5-1f)
16.642: (move f1-7f f1-8f)
16.662: (move f4-1f f5-1f)
16.675: (move f5-2f f5-1f)
16.678: (move f4-1f f5-1f)
16.686: (move f7-5f f6-5f)
16.694: (move f5-2f f5-1f)
16.710: (move f1-6f f1-7f)
16.712: (move f4-4f f4-5f)
16.718: (move f7-5f f7-4f)
16.722: (move f1-5f f1-4f)
16.723: (move f1-5f f2-5f)
16.728: (move f1-6f f1-7f)
16.734: (move f0-7f f0-6f)
16.742: (move f1-6f f1-5f)
16.754: (move f1-5f f1-4f)
16.756: (move f0-8f f0-9f)
16.758: (move f1-5f f2-5f)
16.762: (move f0-7f f0-6f)
16.763: (move f1-6f f1-7f)
16.793: (move f2-4f f1-4f)
16.795: (move f2-4f f2-5f)
16.799: (move f0-6f f0-5f)
16.815: (move f0-6f f1-6f)
16.816: (move f0-8f f0-9f)
16.817: (move f0-8f f0-9f)
16.825: (move f1-6f f1-7f)
16.825: (move f5-6f f4-6f)
16.826: (move f3-4f f3-3f)
16.848: (move f0-7f f1-7f)
16.893: (move f2-1f f2-0f)
16.898: (move f3-4f f3-3f)
16.912: (move f3-0f f2-0f)
16.913: (move f2-1f f2-0f)
16.916: (move f0-6f f1-6f)
14.256: (move f2-6f f2-5f)
14.267: (move f0-4f f1-4f)
14.268: (move f1-5f f1-4f)
14.270: (move f1-5f f2-5f)
14.335: (move f0-8f f1-8f)
14.341: (move f1-7f f1-8f)
14.434: (move f0-8f f1-8f)
14.440: (move f1-7f f1-8f)
14.484: (move f0-5f f1-5f)
14.485: (move f1-6f f1-5f)
14.500: (move f0-5f f1-5f)
14.501: (move f1-6f f1-5f)
14.523: (move f0-6f f1-6f)
14.523: (move f1-7f f1-6f)
14.582: (move f0-5f f1-5f)
14.584: (move f1-6f f1-5f)
14.630: (move f1-7f f1-6f)
14.631: (move f0-6f f1-6f)
14.727: (move f1-7f f1-6f)
14.736: (move f0-6f f1-6f)
14.797: (move f0-4f f0-3f)
14.801: (move f0-6f f0-5f)
14.810: (move f1-7f f0-7f)
14.823: (move f0-6f f0-7f)
14.825: (move f1-7f f0-7f)
14.835: (move f0-6f f0-7f)
14.872: (move f0-7f f1-7f)
14.875: (move f0-6f f0-5f)
14.893: (move f0-6f f0-7f)
14.894: (move f1-7f f0-7f)
14.895: (move f1-7f f0-7f)
14.896: (move f1-7f f0-7f)
14.898: (move f0-6f f0-5f)
14.916: (move f0-5f f0-4f)
14.920: (move f1-7f f0-7f)
14.922: (move f0-6f f0-7f)
14.928: (move f1-7f f0-7f)
14.943: (move f0-5f f0-4f)
14.953: (move f0-6f f0-7f)
14.954: (move f1-7f f0-7f)
14.954: (move f0-8f f0-7f)
14.956: (move f1-7f f0-7f)
14.987: (move f1-7f f0-7f)
14.999: (move f0-7f f0-6f)
15.005: (move f1-7f f0-7f)
15.009: (move f0-8f f0-7f)
15.012: (move f0-5f f0-4f)
15.012: (move f0-7f f0-6f)
15.028: (move f1-7f f1-6f)
15.029: (move f0-7f f0-6f)
15.036: (move f1-7f f1-6f)
15.040: (move f1-7f f0-7f)
15.045: (move f0-7f f0-6f)
15.050: (move f0-6f f0-7f)
15.076: (move f1-7f f1-6f)
15.105: (pickup-and-loose f0-7f key2-0 key1-1)
15.106: (move f1-7f f1-6f)
15.117: (pickup-and-loose f0-7f key0-2 key1-1)
15.137: (move f1-7f f1-6f)
15.148: (move f1-7f f1-6f)
15.185: (move f1-8f f2-8f)
15.319: (move f0-8f f1-8f)
15.330: (pickup-and-loose f0-7f key2-0 key0-2)
15.336: (pickup-and-loose f0-7f key2-0 key0-2)
15.350: (pickup-and-loose f0-7f key2-0 key0-2)
15.362: (pickup-and-loose f0-7f key2-0 key0-2)
15.365: (pickup-and-loose f0-7f key2-0 key0-2)
15.375: (move f0-7f f0-8f)
15.375: (pickup-and-loose f0-7f key2-0 key0-2)
15.378: (move f0-8f f1-8f)
15.386: (move f1-6f f2-6f)
15.393: (pickup-and-loose f0-7f key2-0 key0-2)
15.395: (move f1-6f f2-6f)
15.395: (move f1-7f f1-8f)
15.395: (move f1-7f f1-8f)
15.401: (pickup-and-loose f0-7f key2-0 key0-2)
15.425: (move f1-7f f1-8f)
15.434: (pickup-and-loose f0-7f key2-0 key0-2)
15.441: (pickup-and-loose f0-7f key2-0 key0-2)
15.458: (pickup-and-loose f0-7f key2-0 key0-2)
15.462: (move f1-7f f1-8f)
15.474: (pickup-and-loose f0-7f key2-0 key0-2)
15.485: (move f1-7f f1-8f)
15.488: (move f1-6f f2-6f)
15.500: (move f1-7f f1-8f)
15.504: (move f0-7f f1-7f)
15.539: (move f0-7f f1-7f)
15.551: (move f0-7f f1-7f)
15.728: (pickup-and-loose f0-6f key1-1 key2-0)
15.751: (pickup-and-loose f0-6f key1-1 key2-0)
15.787: (move f1-8f f1-9f)
15.888: (move f0-5f f0-6f)
15.891: (move f1-5f f0-5f)
15.893: (move f1-6f f0-6f)
15.894: (move f0-6f f0-5f)
15.895: (pickup-and-loose f0-6f key1-1 key2-0)
15.937: (move f0-5f f0-6f)
15.937: (move f1-6f f0-6f)
15.940: (move f0-5f f0-6f)
15.946: (move f1-6f f0-6f)
15.947: (move f0-5f f0-6f)
15.957: (move f0-5f f0-6f)
15.961: (move f0-7f f0-6f)
15.964: (move f1-6f f0-6f)
15.965: (move f0-5f f0-6f)
15.965: (move f1-6f f0-6f)
15.969: (move f1-6f f0-6f)
15.971: (unlock f1-7f f1-8f key0-2 shape0)
15.975: (move f0-5f f0-6f)
15.976: (move f0-5f f0-6f)
15.978: (move f1-6f f0-6f)
15.980: (move f0-5f f0-6f)
15.981: (unlock f1-7f f1-8f key0-2 shape0)
15.990: (move f1-6f f0-6f)
15.994: (move f0-5f f0-6f)
15.995: (move f1-6f f0-6f)
15.999: (move f1-6f f0-6f)
16.001: (move f0-7f f0-8f)
16.005: (move f0-7f f0-6f)
16.009: (move f0-5f f0-6f)
16.012: (move f0-5f f0-6f)
16.016: (move f1-6f f0-6f)
16.021: (move f1-6f f0-6f)
16.038: (move f1-6f f0-6f)
16.040: (move f0-7f f0-6f)
16.041: (move f0-7f f0-8f)
16.043: (move f0-5f f0-6f)
16.045: (move f1-6f f0-6f)
16.048: (move f0-6f f0-7f)
16.050: (move f0-7f f0-8f)
16.056: (putdown f0-8f key2-0)
16.058: (move f1-6f f0-6f)
16.065: (unlock f1-7f f1-8f key0-2 shape0)
16.066: (move f0-7f f0-6f)
16.070: (pickup-and-loose f0-5f key0-1 key2-0)
16.070: (pickup-and-loose f0-5f key0-3 key2-0)
16.072: (move f1-6f f0-6f)
16.074: (unlock f1-7f f1-8f key0-2 shape0)
16.084: (move f0-7f f0-6f)
16.114: (move f0-6f f0-7f)
16.119: (putdown f0-8f key2-0)
16.123: (unlock f1-7f f1-8f key0-2 shape0)
16.134: (move f0-7f f0-6f)
16.164: (putdown f0-6f key2-0)
16.175: (move f0-6f f0-7f)
16.178: (pickup-and-loose f0-5f key0-3 key2-0)
16.178: (pickup-and-loose f0-5f key0-1 key2-0)
16.187: (move f0-6f f1-6f)
16.188: (move f3-3f f3-2f)
16.188: (putdown f0-6f key2-0)
16.189: (unlock f1-7f f1-8f key0-2 shape0)
16.195: (putdown f1-7f key2-0)
16.204: (putdown f0-8f key2-0)
16.206: (unlock f0-8f f0-9f key0-2 shape0)
16.247: (move f3-3f f3-2f)
16.252: (putdown f1-7f key2-0)
16.256: (putdown f0-7f key1-1)
16.258: (pickup-and-loose f0-5f key0-3 key2-0)
16.259: (pickup-and-loose f0-5f key0-1 key2-0)
16.270: (move f0-6f f1-6f)
16.286: (move f1-8f f1-7f)
16.289: (move f0-7f f1-7f)
16.298: (move f6-5f f6-6f)
16.326: (move f0-6f f1-6f)
16.337: (move f5-6f f6-6f)
16.338: (putdown f0-6f key2-0)
16.340: (move f6-5f f6-6f)
16.341: (putdown f1-7f key2-0)
16.348: (move f6-5f f6-6f)
16.363: (putdown f0-4f key2-0)
16.376: (putdown f0-5f key2-0)
16.402: (putdown f0-7f key0-2)
16.411: (move f6-5f f5-5f)
16.417: (putdown f1-6f key2-0)
16.421: (move f3-3f f2-3f)
16.423: (move f1-7f f1-8f)
16.425: (putdown f1-5f key2-0)
16.432: (pickup f0-6f key1-1)
16.440: (move f3-3f f2-3f)
16.446: (pickup f0-6f key1-1)
16.454: (move f2-3f f2-2f)
16.474: (move f3-2f f2-2f)
16.476: (move f2-4f f2-3f)
16.478: (move f3-2f f3-1f)
16.483: (putdown f1-8f key2-0)
16.500: (putdown f2-6f key2-0)
16.512: (move f2-4f f2-3f)
16.519: (move f1-4f f2-4f)
16.519: (move f2-5f f2-4f)
16.525: (putdown f0-5f key2-0)
16.529: (putdown f1-6f key2-0)
16.531: (putdown f0-7f key0-2)
16.539: (putdown f0-7f key0-2)
16.542: (putdown f0-7f key0-2)
16.543: (putdown f0-7f key0-2)
16.545: (putdown f0-7f key0-2)
16.553: (putdown f0-5f key2-0)
16.557: (move f6-6f f6-5f)
16.557: (move f5-5f f6-5f)
16.560: (move f4-6f f4-5f)
13.569: (move f2-8f f3-8f)
14.078: (move f2-5f f2-4f)
14.078: (move f1-4f f2-4f)
14.220: (move f2-6f f2-5f)
14.232: (move f1-5f f1-4f)
14.234: (move f1-5f f2-5f)
14.236: (move f0-4f f1-4f)
14.241: (move f2-6f f2-5f)
14.261: (move f1-5f f1-4f)
14.263: (move f1-5f f2-5f)
14.266: (move f0-4f f1-4f)
14.328: (move f0-4f f1-4f)
14.334: (move f1-5f f1-4f)
14.335: (move f1-5f f2-5f)
14.342: (move f2-6f f2-5f)
14.394: (move f0-8f f1-8f)
14.404: (move f1-7f f1-8f)
14.462: (move f0-5f f1-5f)
14.464: (move f1-6f f1-5f)
14.545: (move f1-6f f1-5f)
14.550: (move f0-5f f1-5f)
14.563: (move f1-6f f1-5f)
14.563: (move f0-5f f1-5f)
14.594: (move f1-7f f1-6f)
14.597: (move f0-6f f1-6f)
14.676: (move f0-3f f0-2f)
14.684: (move f1-7f f1-6f)
14.699: (move f0-6f f1-6f)
14.717: (move f0-6f f1-6f)
14.723: (move f1-7f f1-6f)
14.735: (move f1-7f f1-6f)
14.736: (move f0-6f f1-6f)
14.764: (move f0-4f f0-3f)
14.777: (move f1-4f f1-3f)
14.777: (move f0-3f f1-3f)
14.778: (move f1-7f f0-7f)
14.782: (move f1-7f f0-7f)
14.792: (move f0-4f f0-3f)
14.825: (move f0-7f f1-7f)
14.834: (move f0-7f f1-7f)
14.845: (move f0-6f f0-5f)
14.852: (move f1-7f f0-7f)
14.854: (move f0-4f f0-3f)
14.856: (move f0-7f f0-6f)
14.861: (move f0-7f f1-7f)
14.865: (move f0-6f f0-5f)
14.873: (move f0-7f f1-7f)
14.877: (move f0-7f f0-8f)
14.878: (move f0-6f f0-5f)
14.884: (move f1-7f f0-7f)
14.885: (move f0-6f f0-5f)
14.894: (move f0-7f f0-6f)
14.896: (move f0-7f f0-6f)
14.901: (move f0-5f f0-4f)
14.903: (move f1-7f f0-7f)
14.909: (move f0-8f f0-7f)
14.923: (move f0-7f f0-6f)
14.924: (move f0-6f f0-7f)
14.941: (move f1-7f f1-6f)
14.946: (move f1-7f f1-6f)
14.951: (move f0-7f f0-6f)
14.953: (move f0-6f f0-7f)
14.953: (move f0-6f f0-7f)
14.953: (move f0-7f f0-6f)
14.975: (move f0-5f f0-4f)
14.978: (move f0-7f f0-6f)
14.980: (move f0-6f f0-7f)
14.987: (move f0-6f f0-7f)
14.988: (pickup-and-loose f0-7f key2-0 key1-1)
14.995: (move f0-7f f0-6f)
14.995: (move f0-7f f0-6f)
15.002: (move f0-7f f0-6f)
15.003: (move f0-6f f0-7f)
15.005: (pickup-and-loose f0-7f key0-2 key1-1)
15.008: (move f0-6f f0-7f)
15.009: (move f1-7f f0-7f)
15.009: (move f0-5f f0-4f)
15.012: (move f0-7f f0-6f)
15.026: (move f1-7f f1-6f)
15.026: (move f0-7f f0-6f)
15.027: (move f0-6f f0-7f)
15.043: (move f0-6f f0-7f)
15.046: (move f0-6f f0-7f)
15.049: (move f0-7f f0-6f)
15.050: (move f1-7f f1-6f)
15.054: (move f0-6f f0-7f)
15.054: (move f0-6f f0-7f)
15.068: (pickup-and-loose f0-7f key2-0 key1-1)
15.070: (move f1-7f f1-6f)
15.072: (pickup-and-loose f0-7f key0-2 key1-1)
15.082: (move f0-6f f0-7f)
15.091: (pickup-and-loose f0-7f key0-2 key1-1)
15.107: (move f2-5f f3-5f)
15.132: (move f0-6f f1-6f)
15.148: (move f1-8f f2-8f)
15.150: (move f1-7f f1-6f)
15.172: (move f0-6f f1-6f)
15.173: (pickup-and-loose f0-7f key2-0 key1-1)
15.234: (move f0-6f f1-6f)
15.240: (pickup-and-loose f0-7f key2-0 key0-2)
15.243: (pickup-and-loose f0-7f key2-0 key0-2)
15.246: (move f1-8f f2-8f)
15.247: (move f1-7f f1-6f)
15.264: (move f0-8f f1-8f)
15.273: (pickup-and-loose f0-7f key2-0 key0-2)
15.283: (move f1-7f f1-8f)
15.290: (move f1-7f f1-8f)
15.300: (pickup-and-loose f0-7f key2-0 key0-2)
15.316: (pickup-and-loose f0-7f key2-0 key0-2)
15.330: (move f0-7f f0-8f)
15.331: (pickup-and-loose f0-7f key2-0 key0-2)
15.350: (move f0-7f f0-8f)
15.353: (pickup-and-loose f0-7f key2-0 key0-2)
15.358: (move f1-6f f2-6f)
15.359: (move f1-7f f1-8f)
15.372: (move f0-7f f0-8f)
15.375: (move f1-7f f1-8f)
15.376: (move f0-7f f0-8f)
15.388: (move f0-7f f1-7f)
15.396: (move f0-7f f1-7f)
15.400: (move f0-7f f1-7f)
15.405: (pickup-and-loose f0-7f key2-0 key0-2)
15.407: (move f1-7f f1-8f)
15.411: (pickup-and-loose f0-7f key2-0 key0-2)
15.428: (move f0-7f f1-7f)
15.428: (pickup-and-loose f0-7f key2-0 key0-2)
15.448: (move f1-6f f2-6f)
15.450: (move f0-7f f1-7f)
15.457: (move f1-6f f2-6f)
15.464: (move f0-7f f0-8f)
15.476: (move f0-7f f1-7f)
15.500: (move f0-7f f1-7f)
15.505: (move f1-7f f1-8f)
15.507: (move f0-7f f1-7f)
15.507: (pickup-and-loose f0-7f key2-0 key0-2)
15.508: (pickup-and-loose f0-7f key2-0 key0-2)
15.523: (pickup-and-loose f0-7f key2-0 key0-2)
15.561: (pickup-and-loose f0-7f key2-0 key0-2)
15.569: (move f0-7f f1-7f)
15.699: (pickup-and-loose f0-6f key1-1 key2-0)
15.751: (move f1-8f f1-9f)
15.857: (move f1-8f f1-9f)
15.869: (move f0-7f f0-8f)
15.894: (move f0-7f f0-8f)
15.899: (move f0-7f f0-8f)
15.916: (move f1-6f f0-6f)
15.922: (move f1-6f f0-6f)
15.925: (move f0-7f f0-8f)
15.932: (move f0-7f f0-6f)
15.936: (move f0-7f f0-6f)
15.941: (pickup-and-loose f0-6f key1-1 key2-0)
15.944: (move f0-6f f0-7f)
15.949: (move f0-6f f0-5f)
15.956: (move f1-6f f0-6f)
15.964: (pickup-and-loose f0-6f key1-1 key2-0)
15.966: (move f0-7f f0-6f)
15.970: (move f0-7f f0-8f)
15.976: (pickup-and-loose f0-6f key1-1 key2-0)
15.979: (move f0-6f f0-5f)
15.989: (move f1-6f f0-6f)
15.992: (move f0-7f f0-6f)
15.995: (move f0-6f f0-5f)
16.003: (move f0-7f f0-8f)
16.007: (move f0-7f f0-8f)
16.014: (move f1-6f f0-6f)
16.020: (putdown f0-8f key2-0)
16.023: (move f0-7f f0-6f)
16.027: (move f0-6f f0-7f)
16.032: (move f0-6f f0-5f)
16.034: (move f1-6f f0-6f)
16.039: (pickup-and-loose f0-5f key0-1 key2-0)
16.039: (pickup-and-loose f0-5f key0-3 key2-0)
16.043: (move f0-6f f0-5f)
16.044: (move f0-7f f0-6f)
16.057: (move f0-7f f0-6f)
16.070: (move f0-6f f1-6f)
16.096: (move f0-7f f0-6f)
16.100: (move f0-6f f0-5f)
16.113: (pickup-and-loose f0-5f key0-3 key2-0)
16.113: (pickup-and-loose f0-5f key0-1 key2-0)
16.145: (move f0-6f f1-6f)
16.147: (putdown f0-6f key2-0)
16.161: (putdown f1-7f key2-0)
16.169: (putdown f0-4f key2-0)
16.194: (move f1-8f f1-7f)
16.201: (move f0-7f f1-7f)
16.205: (move f0-7f f0-6f)
16.221: (putdown f0-3f key2-0)
16.222: (pickup-and-loose f0-5f key0-1 key2-0)
16.222: (pickup-and-loose f0-5f key0-3 key2-0)
16.236: (putdown f1-5f key2-0)
16.243: (move f1-8f f1-7f)
16.255: (move f0-7f f1-7f)
16.286: (move f2-3f f2-2f)
16.294: (putdown f1-4f key2-0)
16.295: (putdown f1-8f key2-0)
16.312: (move f3-2f f3-1f)
16.312: (move f3-2f f2-2f)
16.318: (putdown f2-6f key2-0)
16.321: (putdown f0-8f key2-0)
12.435: (move f3-8f f4-8f)
13.551: (move f2-8f f3-8f)
13.592: (move f2-8f f3-8f)
14.043: (move f1-4f f2-4f)
14.043: (move f2-5f f2-4f)
14.074: (move f2-5f f2-4f)
14.074: (move f1-4f f2-4f)
14.133: (move f2-4f f3-4f)
14.142: (move f1-4f f2-4f)
14.142: (move f2-5f f2-4f)
14.160: (move f3-5f f3-4f)
14.165: (move f3-5f f4-5f)
14.176: (move f2-4f f2-3f)
14.180: (move f1-3f f2-3f)
14.200: (move f0-2f f1-2f)
14.202: (move f1-3f f1-2f)
14.217: (move f0-4f f1-4f)
14.222: (move f1-5f f2-5f)
14.224: (move f1-5f f1-4f)
14.234: (move f2-6f f2-5f)
14.255: (move f1-7f f1-8f)
14.257: (move f0-8f f1-8f)
14.294: (move f1-5f f1-4f)
14.296: (move f0-4f f1-4f)
14.297: (move f1-5f f2-5f)
14.297: (move f2-6f f2-5f)
14.316: (move f1-7f f1-6f)
14.317: (move f0-6f f1-6f)
14.327: (move f1-5f f1-4f)
14.329: (move f1-5f f2-5f)
14.330: (move f0-4f f1-4f)
14.332: (move f2-6f f2-5f)
14.371: (move f0-8f f1-8f)
14.372: (move f1-7f f1-8f)
14.397: (move f1-7f f1-8f)
14.398: (move f0-8f f1-8f)
14.418: (move f1-7f f1-8f)
14.421: (move f0-8f f1-8f)
14.514: (move f1-6f f1-5f)
14.519: (move f0-5f f1-5f)
14.525: (move f1-6f f1-5f)
14.529: (move f0-5f f1-5f)
14.549: (move f0-5f f1-5f)
14.549: (move f1-6f f1-5f)
14.550: (move f0-6f f1-6f)
14.557: (move f1-7f f1-6f)
14.559: (move f0-5f f1-5f)
14.567: (move f1-6f f1-5f)
14.578: (move f0-6f f1-6f)
14.582: (move f0-6f f1-6f)
14.582: (move f0-6f f1-6f)
14.583: (move f1-7f f1-6f)
14.583: (move f1-7f f1-6f)
14.585: (move f1-7f f1-6f)
14.588: (move f0-6f f1-6f)
14.600: (move f0-6f f1-6f)
14.600: (move f1-7f f1-6f)
14.601: (move f1-7f f1-6f)
14.606: (move f1-7f f1-6f)
14.615: (move f0-6f f1-6f)
14.647: (move f0-3f f0-2f)
14.654: (move f0-6f f1-6f)
14.654: (move f1-7f f1-6f)
14.656: (move f1-7f f1-6f)
14.656: (move f0-6f f1-6f)
14.667: (move f1-7f f1-6f)
14.671: (move f0-6f f1-6f)
14.673: (move f0-3f f0-2f)
14.683: (move f1-7f f1-6f)
14.685: (move f0-6f f1-6f)
14.711: (move f0-6f f0-5f)
14.720: (move f0-7f f1-7f)
14.730: (move f0-6f f0-5f)
14.734: (move f0-6f f0-5f)
14.740: (move f1-4f f1-3f)
14.740: (move f0-4f f0-3f)
14.742: (move f0-7f f1-7f)
14.746: (move f0-3f f1-3f)
14.746: (move f0-3f f0-2f)
14.747: (move f0-7f f1-7f)
14.759: (move f1-7f f1-6f)
14.762: (move f0-6f f1-6f)
14.769: (move f0-6f f0-5f)
14.773: (move f0-3f f1-3f)
14.773: (move f1-4f f1-3f)
14.785: (move f0-7f f1-7f)
14.805: (move f0-6f f0-5f)
14.809: (move f0-6f f0-5f)
14.815: (move f0-7f f1-7f)
14.817: (move f0-7f f1-7f)
14.825: (move f0-4f f0-3f)
14.827: (move f0-7f f0-6f)
14.829: (move f0-6f f0-5f)
14.829: (move f0-7f f0-6f)
14.832: (move f0-7f f1-7f)
14.833: (move f0-6f f0-5f)
14.838: (move f0-7f f1-7f)
14.843: (move f1-4f f1-3f)
14.846: (move f0-6f f0-5f)
14.847: (move f0-3f f1-3f)
14.854: (move f0-4f f0-3f)
14.861: (move f0-7f f0-8f)
14.872: (move f0-6f f0-5f)
14.874: (move f0-6f f0-5f)
14.880: (move f0-7f f0-6f)
14.885: (move f0-7f f0-6f)
14.897: (move f0-6f f0-5f)
14.907: (move f0-7f f0-6f)
14.907: (move f0-6f f0-5f)
14.914: (move f0-7f f1-7f)
14.916: (move f0-7f f0-6f)
14.922: (move f0-7f f0-6f)
14.942: (move f0-7f f0-6f)
14.948: (move f0-7f f0-6f)
14.950: (move f0-5f f0-4f)
14.956: (move f0-7f f0-8f)
14.956: (move f0-7f f0-6f)
14.965: (move f0-7f f0-6f)
14.967: (move f0-7f f0-6f)
14.973: (pickup-and-loose f0-7f key0-2 key1-1)
14.974: (move f0-5f f0-4f)
14.978: (pickup-and-loose f0-7f key0-2 key1-1)
14.982: (move f0-5f f0-4f)
14.983: (move f0-5f f0-4f)
15.001: (pickup-and-loose f1-3f key3-0 key2-0)
15.007: (move f0-7f f0-6f)
15.036: (move f0-7f f0-6f)
15.038: (pickup-and-loose f0-7f key2-0 key1-1)
15.046: (move f0-7f f0-6f)
15.051: (move f0-7f f0-6f)
15.073: (move f2-5f f3-5f)
15.078: (move f0-7f f0-6f)
15.101: (move f2-5f f3-5f)
15.109: (move f3-8f f3-9f)
15.125: (pickup-and-loose f0-7f key2-0 key1-1)
15.146: (move f1-7f f1-6f)
15.152: (move f0-2f f0-1f)
15.152: (move f0-6f f1-6f)
15.177: (move f2-5f f3-5f)
15.203: (move f1-7f f1-6f)
15.206: (move f0-7f f0-8f)
15.207: (pickup-and-loose f3-5f key0-4 key2-0)
15.207: (move f1-8f f2-8f)
15.210: (move f0-6f f1-6f)
15.234: (move f0-7f f0-8f)
15.234: (move f0-7f f0-8f)
15.270: (move f0-8f f0-9f)
15.273: (move f0-7f f0-8f)
15.292: (pickup-and-loose f0-7f key2-0 key0-2)
15.298: (move f0-6f f1-6f)
15.310: (move f0-7f f0-8f)
15.314: (pickup-and-loose f0-7f key2-0 key0-2)
15.327: (move f0-7f f0-8f)
15.334: (move f0-7f f0-8f)
15.344: (pickup-and-loose f0-7f key2-0 key0-2)
15.350: (move f0-8f f0-9f)
15.360: (pickup-and-loose f0-7f key2-0 key0-2)
15.363: (move f0-7f f1-7f)
15.382: (pickup-and-loose f0-7f key2-0 key0-2)
15.388: (pickup-and-loose f0-7f key2-0 key0-2)
15.397: (pickup-and-loose f0-7f key2-0 key0-2)
15.416: (move f1-6f f2-6f)
15.422: (move f1-6f f2-6f)
15.425: (pickup-and-loose f0-7f key2-0 key0-2)
15.434: (pickup-and-loose f0-7f key2-0 key0-2)
15.447: (move f1-6f f2-6f)
15.449: (move f0-8f f0-9f)
15.450: (move f0-7f f1-7f)
15.459: (move f0-7f f1-7f)
15.460: (pickup-and-loose f0-7f key2-0 key0-2)
15.463: (move f0-7f f1-7f)
15.464: (pickup-and-loose f0-7f key2-0 key0-2)
15.466: (pickup-and-loose f0-7f key2-0 key0-2)
15.468: (move f1-6f f2-6f)
15.468: (pickup-and-loose f0-7f key2-0 key0-2)
15.486: (pickup-and-loose f0-7f key2-0 key0-2)
15.488: (pickup-and-loose f0-7f key2-0 key0-2)
15.495: (putdown f3-8f key2-0)
15.526: (pickup-and-loose f0-7f key2-0 key0-2)
15.534: (pickup-and-loose f0-7f key2-0 key0-2)
15.539: (move f0-7f f1-7f)
15.544: (move f0-7f f1-7f)
15.562: (pickup-and-loose f0-7f key2-0 key0-2)
15.564: (move f0-7f f1-7f)
15.571: (pickup-and-loose f0-7f key2-0 key0-2)
15.579: (pickup-and-loose f0-7f key2-0 key0-2)
15.594: (move f0-7f f1-7f)
15.754: (pickup-and-loose f0-6f key1-1 key2-0)
15.817: (move f1-8f f1-9f)
15.822: (pickup-and-loose f0-6f key1-1 key2-0)
15.831: (pickup-and-loose f0-6f key1-1 key2-0)
15.836: (move f1-6f f0-6f)
15.842: (move f0-7f f0-8f)
15.843: (move f1-6f f0-6f)
15.843: (move f0-7f f0-6f)
15.857: (move f0-7f f0-6f)
15.867: (pickup-and-loose f0-6f key1-1 key2-0)
15.893: (move f0-6f f0-5f)
15.894: (pickup-and-loose f0-6f key1-1 key2-0)
15.900: (move f0-6f f0-5f)
11.175: (move f4-8f f5-8f)
12.377: (move f3-8f f4-8f)
12.398: (move f3-8f f4-8f)
13.543: (move f2-8f f3-8f)
13.708: (move f4-8f f4-9f)
13.719: (move f3-9f f4-9f)
14.037: (move f2-5f f2-4f)
14.037: (move f1-4f f2-4f)
14.040: (move f1-2f f2-2f)
14.040: (move f2-3f f2-2f)
14.094: (move f2-4f f3-4f)
14.108: (move f2-5f f2-4f)
14.108: (move f1-4f f2-4f)
14.109: (move f3-5f f3-4f)
14.114: (move f1-2f f1-1f)
14.118: (move f3-5f f4-5f)
14.127: (move f2-4f f3-4f)
14.128: (move f0-1f f1-1f)
14.139: (move f2-4f f2-3f)
14.141: (move f2-5f f2-4f)
14.141: (move f1-4f f2-4f)
14.142: (move f1-3f f2-3f)
14.147: (move f4-5f f5-5f)
14.153: (move f0-6f f1-6f)
14.154: (move f3-5f f3-4f)
14.156: (move f3-5f f4-5f)
14.157: (move f1-3f f1-2f)
14.159: (move f0-2f f1-2f)
14.159: (move f1-7f f1-6f)
14.163: (move f1-3f f2-3f)
14.170: (move f2-4f f2-3f)
14.181: (move f1-3f f1-2f)
14.186: (move f0-2f f1-2f)
14.198: (move f2-4f f3-4f)
14.202: (move f1-7f f1-8f)
14.217: (move f3-5f f3-4f)
14.219: (move f0-8f f1-8f)
14.227: (move f4-8f f4-7f)
14.233: (move f3-5f f4-5f)
14.235: (move f1-3f f2-3f)
14.242: (move f2-4f f2-3f)
14.255: (move f1-7f f1-8f)
14.259: (move f1-7f f1-8f)
14.260: (move f1-3f f1-2f)
14.262: (move f0-6f f1-6f)
14.262: (move f0-2f f1-2f)
14.264: (move f0-4f f1-4f)
14.265: (move f1-5f f1-4f)
14.265: (move f2-6f f2-5f)
14.266: (move f1-5f f2-5f)
14.268: (move f0-8f f1-8f)
14.268: (move f0-8f f1-8f)
14.281: (move f1-7f f1-6f)
14.282: (move f0-4f f1-4f)
14.289: (move f2-6f f2-5f)
14.289: (move f1-5f f2-5f)
14.290: (move f1-7f f1-8f)
14.292: (move f1-5f f1-4f)
14.296: (move f2-6f f2-5f)
14.296: (move f1-5f f2-5f)
14.296: (move f0-4f f1-4f)
14.297: (move f1-5f f1-4f)
14.298: (move f0-8f f1-8f)
14.304: (move f0-4f f1-4f)
14.305: (move f2-6f f2-5f)
14.307: (move f1-5f f1-4f)
14.311: (move f1-5f f2-5f)
14.315: (move f1-7f f1-8f)
14.323: (move f1-7f f1-8f)
14.326: (move f0-8f f1-8f)
14.328: (move f0-8f f1-8f)
14.338: (move f0-8f f1-8f)
14.342: (move f1-7f f1-8f)
14.354: (move f1-7f f1-8f)
14.355: (move f0-8f f1-8f)
14.358: (move f1-7f f1-6f)
14.363: (move f0-8f f1-8f)
14.364: (move f1-7f f1-8f)
14.387: (move f0-6f f1-6f)
14.409: (move f0-5f f1-5f)
14.411: (move f1-6f f1-5f)
14.412: (move f0-5f f1-5f)
14.413: (move f1-6f f1-5f)
14.436: (move f0-5f f1-5f)
14.439: (move f1-6f f1-5f)
14.442: (move f1-7f f1-6f)
14.446: (move f0-6f f1-6f)
14.447: (move f1-7f f1-6f)
14.447: (move f0-6f f1-6f)
14.463: (move f0-5f f1-5f)
14.466: (move f1-6f f1-5f)
14.471: (move f0-6f f1-6f)
14.472: (move f0-5f f1-5f)
14.476: (move f1-6f f1-5f)
14.477: (move f1-7f f1-6f)
14.481: (move f0-5f f1-5f)
14.482: (move f0-5f f1-5f)
14.487: (move f1-6f f1-5f)
14.491: (move f1-6f f1-5f)
14.493: (move f0-5f f1-5f)
14.499: (move f1-6f f1-5f)
14.510: (move f1-6f f1-5f)
14.511: (move f0-6f f1-6f)
14.513: (move f0-5f f1-5f)
14.514: (move f1-7f f1-6f)
14.530: (move f1-6f f1-5f)
14.531: (move f1-6f f1-5f)
14.533: (move f1-7f f1-6f)
14.534: (move f0-5f f1-5f)
14.535: (move f2-3f f3-3f)
14.536: (move f3-4f f3-3f)
14.539: (move f0-5f f1-5f)
14.540: (move f0-6f f1-6f)
14.544: (move f1-7f f1-6f)
14.545: (move f0-5f f1-5f)
14.546: (move f1-6f f1-5f)
14.547: (move f0-6f f1-6f)
14.554: (move f1-7f f1-6f)
14.561: (move f0-6f f1-6f)
14.563: (move f0-5f f1-5f)
14.569: (move f1-6f f1-5f)
14.588: (move f4-5f f4-6f)
14.618: (move f1-7f f1-6f)
14.627: (move f0-3f f0-2f)
14.633: (move f1-7f f1-6f)
14.646: (move f0-6f f1-6f)
14.650: (move f0-6f f1-6f)
14.656: (move f0-6f f1-6f)
14.665: (move f0-6f f0-5f)
14.665: (move f4-5f f4-4f)
14.665: (move f3-4f f4-4f)
14.672: (move f1-7f f1-6f)
14.685: (move f0-6f f0-5f)
14.703: (move f0-3f f0-2f)
14.704: (unlock f0-1f f0-0f key2-0 shape2)
14.722: (move f1-7f f1-6f)
14.726: (move f0-6f f1-6f)
14.729: (move f0-6f f1-6f)
14.731: (move f1-7f f1-6f)
14.732: (move f0-3f f1-3f)
14.735: (move f0-6f f0-5f)
14.735: (move f1-4f f1-3f)
14.736: (move f0-6f f0-5f)
14.738: (move f0-6f f1-6f)
14.743: (move f1-7f f1-6f)
14.755: (move f0-3f f0-2f)
14.757: (move f1-7f f1-6f)
14.763: (move f0-6f f0-5f)
14.767: (move f0-6f f0-5f)
14.770: (move f0-6f f1-6f)
14.782: (move f0-7f f1-7f)
14.790: (move f0-6f f0-5f)
14.793: (move f0-7f f1-7f)
14.793: (move f0-6f f0-5f)
14.794: (move f0-4f f0-3f)
14.795: (move f0-7f f1-7f)
14.801: (move f0-3f f1-3f)
14.801: (move f0-6f f0-5f)
14.805: (move f1-4f f1-3f)
14.813: (move f0-4f f0-3f)
14.824: (move f0-4f f0-3f)
14.827: (move f0-6f f0-5f)
14.828: (move f0-5f f0-4f)
14.833: (move f0-5f f0-4f)
14.836: (move f0-6f f0-5f)
14.836: (move f0-3f f1-3f)
14.841: (move f1-4f f1-3f)
14.843: (move f0-6f f0-5f)
14.846: (move f0-4f f0-3f)
14.859: (move f0-5f f0-4f)
14.873: (move f0-6f f0-5f)
14.877: (move f0-6f f0-5f)
14.878: (move f0-6f f0-5f)
14.878: (move f0-7f f0-6f)
14.878: (move f0-7f f1-7f)
14.880: (move f0-7f f1-7f)
14.881: (move f0-7f f1-7f)
14.882: (move f0-5f f0-4f)
14.883: (pickup-and-loose f1-3f key3-0 key2-0)
14.886: (move f0-7f f0-6f)
14.887: (move f0-7f f0-6f)
14.890: (move f0-5f f0-4f)
14.897: (move f0-7f f1-7f)
14.904: (move f0-6f f0-5f)
14.906: (move f0-6f f0-5f)
14.908: (move f0-5f f0-4f)
14.912: (move f0-7f f1-7f)
14.921: (move f0-7f f0-6f)
14.922: (move f0-5f f0-4f)
14.924: (move f0-7f f0-8f)
14.924: (move f0-7f f0-6f)
14.927: (move f0-5f f0-4f)
14.943: (move f0-5f f0-4f)
14.959: (pickup-and-loose f1-3f key3-0 key2-0)
14.963: (move f0-7f f0-6f)
14.979: (move f0-5f f0-4f)
14.982: (move f0-5f f0-4f)
14.983: (move f0-7f f0-6f)
14.984: (pickup-and-loose f1-3f key3-0 key2-0)
14.985: (move f0-7f f0-6f)
10.666: (move f4-8f f5-8f)
11.138: (move f4-8f f5-8f)
11.392: (putdown f5-8f key2-0)
[Final] Expanded: 18234, Generated: 88142
Found a solution of length 122!
   1: (move f3-4f f4-4f)
   2: (move f4-4f f4-5f)
   3: (pickup f4-5f key0-4)
   4: (move f4-5f f3-5f)
   5: (putdown f3-5f key0-4)
   6: (move f3-5f f3-4f)
   7: (move f3-4f f4-4f)
   8: (move f4-4f f5-4f)
   9: (move f5-4f f6-4f)
  10: (pickup f6-4f key0-2)
  11: (move f6-4f f7-4f)
  12: (move f7-4f f7-3f)
  13: (pickup-and-loose f7-3f key2-4 key0-2)
  14: (move f7-3f f7-2f)
  15: (putdown f7-2f key2-4)
  16: (move f7-2f f7-3f)
  17: (move f7-3f f7-4f)
  18: (move f7-4f f7-5f)
  19: (move f7-5f f7-6f)
  20: (move f7-6f f6-6f)
  21: (pickup f6-6f key2-1)
  22: (move f6-6f f7-6f)
  23: (move f7-6f f8-6f)
  24: (move f8-6f f8-7f)
  25: (move f8-7f f8-8f)
  26: (putdown f8-8f key2-1)
  27: (move f8-8f f7-8f)
  28: (pickup f7-8f key2-2)
  29: (move f7-8f f8-8f)
  30: (move f8-8f f9-8f)
  31: (putdown f9-8f key2-2)
  32: (move f9-8f f9-7f)
  33: (move f9-7f f9-6f)
  34: (pickup f9-6f key1-0)
  35: (move f9-6f f8-6f)
  36: (pickup-and-loose f8-6f key0-0 key1-0)
  37: (move f8-6f f7-6f)
  38: (move f7-6f f7-5f)
  39: (move f7-5f f7-4f)
  40: (move f7-4f f7-3f)
  41: (move f7-3f f8-3f)
  42: (move f8-3f f8-2f)
  43: (move f8-2f f7-2f)
  44: (move f7-2f f6-2f)
  45: (move f6-2f f5-2f)
  46: (move f5-2f f5-1f)
  47: (move f5-1f f4-1f)
  48: (move f4-1f f3-1f)
  49: (pickup-and-loose f3-1f key2-0 key0-0)
  50: (move f3-1f f3-2f)
  51: (unlock f3-2f f2-2f key2-0 shape2)
  52: (move f3-2f f3-3f)
  53: (move f3-3f f3-4f)
  54: (move f3-4f f2-4f)
  55: (move f2-4f f2-5f)
  56: (move f2-5f f1-5f)
  57: (move f1-5f f0-5f)
  58: (pickup-and-loose f0-5f key3-0 key2-0)
  59: (move f0-5f f1-5f)
  60: (unlock f1-5f f1-6f key3-0 shape3)
  61: (move f1-5f f1-4f)
  62: (move f1-4f f1-3f)
  63: (putdown f1-3f key3-0)
  64: (move f1-3f f2-3f)
  65: (move f2-3f f2-2f)
  66: (move f2-2f f2-1f)
  67: (move f2-1f f3-1f)
  68: (pickup f3-1f key0-0)
  69: (move f3-1f f3-2f)
  70: (move f3-2f f3-3f)
  71: (move f3-3f f2-3f)
  72: (move f2-3f f2-4f)
  73: (move f2-4f f2-5f)
  74: (move f2-5f f1-5f)
  75: (move f1-5f f0-5f)
  76: (pickup-and-loose f0-5f key2-0 key0-0)
  77: (move f0-5f f0-6f)
  78: (move f0-6f f0-7f)
  79: (putdown f0-7f key2-0)
  80: (move f0-7f f0-6f)
  81: (move f0-6f f0-5f)
  82: (pickup f0-5f key0-0)
  83: (move f0-5f f1-5f)
  84: (move f1-5f f2-5f)
  85: (move f2-5f f3-5f)
  86: (move f3-5f f4-5f)
  87: (move f4-5f f4-6f)
  88: (unlock f4-6f f4-7f key0-0 shape0)
  89: (move f4-6f f4-7f)
  90: (move f4-7f f4-8f)
  91: (move f4-8f f4-9f)
  92: (putdown f4-9f key0-0)
  93: (move f4-9f f4-8f)
  94: (move f4-8f f4-7f)
  95: (move f4-7f f4-6f)
  96: (move f4-6f f5-6f)
  97: (move f5-6f f5-5f)
  98: (move f5-5f f5-4f)
  99: (move f5-4f f6-4f)
 100: (move f6-4f f7-4f)
 101: (move f7-4f f7-3f)
 102: (pickup f7-3f key0-2)
 103: (move f7-3f f7-4f)
 104: (move f7-4f f6-4f)
 105: (move f6-4f f5-4f)
 106: (move f5-4f f4-4f)
 107: (move f4-4f f3-4f)
 108: (move f3-4f f2-4f)
 109: (move f2-4f f2-5f)
 110: (move f2-5f f1-5f)
 111: (move f1-5f f1-6f)
 112: (move f1-6f f1-7f)
 113: (unlock f1-7f f1-8f key0-2 shape0)
 114: (move f1-7f f0-7f)
 115: (pickup-and-loose f0-7f key2-0 key0-2)
 116: (move f0-7f f1-7f)
 117: (move f1-7f f1-8f)
 118: (move f1-8f f2-8f)
 119: (move f2-8f f3-8f)
 120: (move f3-8f f4-8f)
 121: (move f4-8f f5-8f)
 122: (putdown f5-8f key2-0)
