/u/ibrahim.eisawy/Neural-Guided-Search/venv/lib/python3.10/site-packages/pymimir_rgnn/model.py:151: UserWarning: index_reduce() is in beta and the API may change at any time. (Triggered internally at /pytorch/aten/src/ATen/native/cuda/Indexing.cu:1541.)
  max_msg.index_reduce_(0, output_indices, output_messages, reduce='amax', include_self=True)
Torch: 2.12.0+cu130
Using GPU:  NVIDIA L40S
36.781: (grasp right shot3)
36.781: (grasp right shot4)
36.781: (grasp left shot3)
36.781: (grasp left shot4)
36.800: (grasp right shot2)
36.800: (grasp left shot2)
36.801: (grasp left shot1)
36.801: (grasp right shot1)
36.968: (grasp right shot5)
36.968: (grasp left shot5)
37.834: (grasp left shaker1)
37.834: (grasp right shaker1)
36.551: (fill-shot shot5 ingredient1 left right dispenser1)
36.551: (fill-shot shot5 ingredient1 right left dispenser1)
36.555: (fill-shot shot5 ingredient2 left right dispenser2)
36.555: (fill-shot shot5 ingredient2 right left dispenser2)
36.570: (fill-shot shot5 ingredient3 left right dispenser3)
36.570: (fill-shot shot5 ingredient3 right left dispenser3)
36.681: (fill-shot shot4 ingredient3 left right dispenser3)
36.681: (fill-shot shot3 ingredient3 right left dispenser3)
36.681: (fill-shot shot3 ingredient3 left right dispenser3)
36.681: (fill-shot shot4 ingredient3 right left dispenser3)
36.691: (fill-shot shot4 ingredient1 right left dispenser1)
36.691: (fill-shot shot3 ingredient1 left right dispenser1)
36.691: (fill-shot shot3 ingredient1 right left dispenser1)
36.691: (fill-shot shot4 ingredient1 left right dispenser1)
36.706: (fill-shot shot4 ingredient2 right left dispenser2)
36.706: (fill-shot shot3 ingredient2 left right dispenser2)
36.706: (fill-shot shot3 ingredient2 right left dispenser2)
36.706: (fill-shot shot4 ingredient2 left right dispenser2)
36.789: (fill-shot shot2 ingredient3 left right dispenser3)
36.789: (fill-shot shot2 ingredient3 right left dispenser3)
36.792: (fill-shot shot1 ingredient3 right left dispenser3)
36.792: (fill-shot shot1 ingredient3 left right dispenser3)
36.794: (fill-shot shot2 ingredient1 left right dispenser1)
36.794: (fill-shot shot2 ingredient1 right left dispenser1)
36.799: (fill-shot shot1 ingredient1 left right dispenser1)
36.799: (fill-shot shot1 ingredient1 right left dispenser1)
36.814: (fill-shot shot1 ingredient2 right left dispenser2)
36.814: (fill-shot shot1 ingredient2 left right dispenser2)
36.817: (fill-shot shot2 ingredient2 left right dispenser2)
36.817: (fill-shot shot2 ingredient2 right left dispenser2)
37.600: (grasp right shot4)
37.600: (grasp left shot5)
37.600: (grasp right shot3)
37.600: (grasp right shot5)
37.600: (grasp right shot5)
37.600: (grasp left shot5)
37.600: (grasp left shot4)
37.600: (grasp left shot3)
37.613: (grasp right shot5)
37.613: (grasp left shot5)
37.613: (grasp right shot2)
37.613: (grasp left shot2)
37.614: (grasp right shot5)
37.614: (grasp right shot1)
37.614: (grasp left shot1)
37.614: (grasp left shot5)
37.641: (grasp right shaker1)
37.641: (grasp right shot3)
37.641: (grasp right shot4)
37.641: (grasp right shaker1)
37.641: (grasp left shaker1)
37.641: (grasp left shaker1)
37.641: (grasp left shot3)
37.641: (grasp left shot4)
37.655: (grasp right shaker1)
37.655: (grasp left shaker1)
37.655: (grasp right shot2)
37.655: (grasp left shot2)
37.656: (grasp right shaker1)
37.656: (grasp right shot1)
37.656: (grasp left shot1)
37.656: (grasp left shaker1)
37.750: (grasp left shaker1)
37.750: (grasp right shot5)
37.750: (grasp right shaker1)
37.750: (grasp left shot5)
37.941: (grasp left shot3)
37.941: (grasp left shot4)
37.941: (grasp right shot4)
37.941: (grasp right shot3)
37.964: (grasp right shot1)
37.964: (grasp right shot1)
37.964: (grasp left shot1)
37.964: (grasp left shot1)
37.964: (grasp right shot3)
37.964: (grasp right shot4)
37.964: (grasp left shot4)
37.964: (grasp left shot3)
37.972: (grasp left shot2)
37.972: (grasp right shot2)
37.972: (grasp left shot2)
37.972: (grasp right shot2)
37.972: (grasp left shot3)
37.972: (grasp right shot3)
37.972: (grasp left shot4)
37.972: (grasp right shot4)
37.992: (grasp right shot2)
37.992: (grasp left shot1)
37.992: (grasp right shot1)
37.992: (grasp left shot2)
inf: (leave left shot3)
inf: (clean-shaker right left shaker1)
inf: (leave right shaker1)
inf: (leave right shot5)
inf: (leave right shot3)
inf: (leave right shot4)
inf: (leave left shot1)
inf: (clean-shaker left right shaker1)
inf: (leave left shaker1)
inf: (leave left shot4)
inf: (leave left shot2)
inf: (leave right shot1)
inf: (leave right shot2)
inf: (leave left shot5)
35.329: (pour-shot-to-clean-shaker shot3 ingredient3 shaker1 left l0 l1)
35.329: (pour-shot-to-clean-shaker shot4 ingredient3 shaker1 left l0 l1)
35.329: (pour-shot-to-clean-shaker shot4 ingredient3 shaker1 right l0 l1)
35.329: (pour-shot-to-clean-shaker shot3 ingredient3 shaker1 right l0 l1)
35.424: (pour-shot-to-clean-shaker shot1 ingredient3 shaker1 right l0 l1)
35.424: (pour-shot-to-clean-shaker shot1 ingredient3 shaker1 left l0 l1)
35.427: (pour-shot-to-clean-shaker shot2 ingredient3 shaker1 right l0 l1)
35.428: (pour-shot-to-clean-shaker shot2 ingredient3 shaker1 left l0 l1)
35.790: (pour-shot-to-clean-shaker shot3 ingredient1 shaker1 left l0 l1)
35.790: (pour-shot-to-clean-shaker shot4 ingredient1 shaker1 right l0 l1)
35.790: (pour-shot-to-clean-shaker shot4 ingredient1 shaker1 left l0 l1)
35.790: (pour-shot-to-clean-shaker shot3 ingredient1 shaker1 right l0 l1)
35.827: (pour-shot-to-clean-shaker shot1 ingredient1 shaker1 right l0 l1)
35.827: (pour-shot-to-clean-shaker shot1 ingredient1 shaker1 left l0 l1)
35.976: (pour-shot-to-clean-shaker shot2 ingredient1 shaker1 right l0 l1)
35.976: (pour-shot-to-clean-shaker shot2 ingredient1 shaker1 left l0 l1)
36.348: (pour-shot-to-clean-shaker shot2 ingredient2 shaker1 right l0 l1)
36.348: (pour-shot-to-clean-shaker shot2 ingredient2 shaker1 left l0 l1)
36.360: (pour-shot-to-clean-shaker shot4 ingredient2 shaker1 left l0 l1)
36.360: (pour-shot-to-clean-shaker shot3 ingredient2 shaker1 left l0 l1)
36.360: (pour-shot-to-clean-shaker shot4 ingredient2 shaker1 right l0 l1)
36.360: (pour-shot-to-clean-shaker shot3 ingredient2 shaker1 right l0 l1)
36.412: (pour-shot-to-clean-shaker shot5 ingredient3 shaker1 left l0 l1)
36.412: (pour-shot-to-clean-shaker shot5 ingredient3 shaker1 right l0 l1)
36.481: (pour-shot-to-clean-shaker shot1 ingredient2 shaker1 left l0 l1)
36.481: (pour-shot-to-clean-shaker shot1 ingredient2 shaker1 right l0 l1)
36.744: (empty-shot right shot5 ingredient1)
36.744: (empty-shot left shot5 ingredient1)
36.747: (empty-shot left shot5 ingredient2)
36.747: (empty-shot right shot5 ingredient2)
36.758: (pour-shot-to-clean-shaker shot5 ingredient1 shaker1 right l0 l1)
36.758: (pour-shot-to-clean-shaker shot5 ingredient1 shaker1 left l0 l1)
36.759: (empty-shot right shot5 ingredient3)
36.759: (empty-shot left shot5 ingredient3)
36.957: (leave left shot5)
36.957: (leave right shot5)
36.965: (leave left shot5)
36.965: (leave right shot5)
36.979: (leave left shot5)
36.979: (leave right shot5)
37.117: (leave right shot4)
37.117: (leave left shot3)
37.117: (leave left shot4)
37.117: (leave right shot3)
37.174: (leave left shot4)
37.174: (leave right shot3)
37.175: (leave left shot3)
37.175: (leave right shot4)
37.184: (leave right shot3)
37.184: (leave left shot4)
37.184: (leave left shot3)
37.184: (leave right shot4)
37.215: (leave left shot2)
37.215: (leave right shot2)
37.217: (leave left shot1)
37.217: (leave right shot1)
37.260: (leave left shot2)
37.260: (leave right shot2)
37.273: (pour-shot-to-clean-shaker shot5 ingredient2 shaker1 left l0 l1)
37.273: (pour-shot-to-clean-shaker shot5 ingredient2 shaker1 right l0 l1)
37.273: (leave left shot1)
37.273: (leave right shot1)
37.286: (leave left shot1)
37.287: (leave right shot1)
37.298: (leave right shot2)
37.298: (leave left shot2)
37.323: (grasp right shaker1)
37.323: (grasp left shaker1)
37.327: (grasp right shaker1)
37.327: (grasp left shaker1)
37.342: (grasp left shaker1)
37.342: (grasp right shaker1)
37.463: (grasp right shot5)
37.463: (grasp left shot5)
37.463: (grasp right shot5)
37.463: (grasp left shot5)
37.482: (grasp left shot5)
37.482: (grasp right shot5)
37.482: (grasp right shot5)
37.482: (grasp left shot5)
37.497: (grasp left shot4)
37.497: (grasp left shot3)
37.497: (grasp right shot4)
37.497: (grasp right shot3)
37.500: (grasp left shot3)
37.500: (grasp left shot4)
37.500: (grasp right shot3)
37.500: (grasp right shot4)
37.502: (grasp left shot2)
37.502: (grasp right shot2)
37.506: (grasp left shot5)
37.506: (grasp right shot5)
37.506: (grasp right shot5)
37.506: (grasp left shot5)
37.507: (grasp left shot1)
37.507: (grasp right shot1)
37.510: (grasp left shot1)
37.510: (grasp right shot1)
37.511: (grasp left shot4)
37.511: (grasp left shot3)
37.511: (grasp right shot4)
37.511: (grasp right shot3)
37.512: (grasp right shot2)
37.512: (grasp left shot2)
37.520: (grasp left shot2)
37.520: (grasp right shot2)
37.521: (grasp left shot1)
37.521: (grasp right shot1)
37.554: (grasp right shot5)
37.554: (grasp left shot5)
37.561: (grasp right shot5)
37.561: (grasp left shot5)
37.581: (grasp right shot5)
37.581: (grasp left shot5)
37.582: (grasp right shot5)
37.582: (grasp left shot5)
37.603: (grasp right shot5)
37.603: (grasp left shot5)
37.606: (grasp left shot5)
37.606: (grasp right shot5)
37.608: (empty-shot right shot4 ingredient3)
37.608: (empty-shot left shot3 ingredient3)
37.608: (empty-shot right shot3 ingredient3)
37.608: (empty-shot left shot4 ingredient3)
37.618: (empty-shot left shot3 ingredient1)
37.618: (empty-shot left shot4 ingredient1)
37.618: (empty-shot right shot3 ingredient1)
37.618: (empty-shot right shot4 ingredient1)
37.618: (empty-shot left shot3 ingredient2)
37.618: (empty-shot right shot4 ingredient2)
37.619: (empty-shot right shot3 ingredient2)
37.619: (empty-shot left shot4 ingredient2)
37.671: (grasp left shot1)
37.671: (grasp right shot1)
37.672: (grasp left shot1)
37.672: (grasp right shot1)
37.681: (grasp right shot2)
37.681: (grasp left shot2)
37.681: (grasp left shot2)
37.681: (grasp right shot2)
37.691: (grasp left shot4)
37.691: (grasp right shot3)
37.691: (grasp right shot1)
37.691: (grasp left shot3)
37.691: (grasp right shot4)
37.691: (grasp left shot1)
37.691: (grasp right shot1)
37.691: (grasp left shot1)
37.694: (grasp left shot2)
37.694: (grasp right shot2)
37.694: (grasp left shot2)
37.694: (grasp right shot2)
37.699: (grasp left shot1)
37.700: (grasp right shot1)
37.700: (grasp left shot1)
37.700: (grasp right shot1)
37.703: (grasp right shot3)
37.703: (grasp left shot4)
37.703: (grasp right shot4)
37.703: (grasp left shot3)
37.704: (grasp right shaker1)
37.704: (grasp left shaker1)
37.704: (grasp right shaker1)
37.704: (grasp left shaker1)
37.710: (grasp right shot2)
37.710: (grasp left shot2)
37.710: (grasp right shot2)
37.710: (grasp left shot2)
37.717: (grasp left shot4)
37.718: (grasp left shot3)
37.718: (grasp right shot4)
37.718: (grasp right shot3)
37.718: (grasp right shaker1)
37.718: (grasp left shaker1)
37.718: (grasp right shaker1)
37.718: (grasp left shaker1)
37.727: (grasp right shaker1)
37.727: (grasp left shaker1)
37.727: (grasp left shaker1)
37.728: (grasp right shaker1)
37.734: (empty-shot left shot2 ingredient1)
37.734: (empty-shot right shot2 ingredient1)
37.745: (empty-shot left shot2 ingredient3)
37.745: (empty-shot right shot2 ingredient3)
37.749: (empty-shot right shot1 ingredient3)
37.749: (empty-shot left shot1 ingredient3)
37.750: (empty-shot right shot1 ingredient1)
37.750: (empty-shot left shot1 ingredient1)
37.751: (empty-shot left shot1 ingredient2)
37.751: (empty-shot right shot1 ingredient2)
37.764: (empty-shot left shot2 ingredient2)
37.764: (empty-shot right shot2 ingredient2)
37.766: (grasp left shot3)
37.766: (grasp left shot4)
37.766: (grasp right shot3)
37.766: (grasp right shot4)
37.773: (grasp right shot4)
37.773: (grasp right shot3)
37.773: (grasp left shot3)
37.773: (grasp left shot4)
34.139: (clean-shot shot3 ingredient3 right left)
34.139: (clean-shot shot3 ingredient3 left right)
34.139: (clean-shot shot4 ingredient3 left right)
34.139: (clean-shot shot4 ingredient3 right left)
34.147: (clean-shot shot1 ingredient3 left right)
34.147: (clean-shot shot1 ingredient3 right left)
34.148: (clean-shot shot2 ingredient3 left right)
34.148: (clean-shot shot2 ingredient3 right left)
34.585: (clean-shot shot3 ingredient1 right left)
34.585: (clean-shot shot4 ingredient1 left right)
34.585: (clean-shot shot4 ingredient1 right left)
34.585: (clean-shot shot3 ingredient1 left right)
34.590: (clean-shot shot1 ingredient1 right left)
34.590: (clean-shot shot1 ingredient1 left right)
34.684: (clean-shot shot5 ingredient3 left right)
34.684: (clean-shot shot5 ingredient3 right left)
34.782: (clean-shot shot2 ingredient1 right left)
34.782: (clean-shot shot2 ingredient1 left right)
34.948: (clean-shot shot5 ingredient1 right left)
34.948: (clean-shot shot5 ingredient1 left right)
35.057: (clean-shot shot2 ingredient2 right left)
35.057: (clean-shot shot2 ingredient2 left right)
35.172: (leave left shot5)
35.172: (leave right shot5)
35.220: (clean-shot shot3 ingredient2 left right)
35.220: (clean-shot shot3 ingredient2 right left)
35.220: (clean-shot shot4 ingredient2 right left)
35.221: (clean-shot shot4 ingredient2 left right)
35.242: (clean-shot shot1 ingredient2 left right)
35.242: (clean-shot shot1 ingredient2 right left)
35.462: (clean-shot shot5 ingredient2 left right)
35.462: (clean-shot shot5 ingredient2 right left)
35.565: (leave left shot5)
35.566: (leave right shot5)
35.602: (refill-shot shot3 ingredient3 left right dispenser3)
35.602: (refill-shot shot3 ingredient3 right left dispenser3)
35.602: (refill-shot shot4 ingredient3 left right dispenser3)
35.602: (refill-shot shot4 ingredient3 right left dispenser3)
35.703: (refill-shot shot1 ingredient3 left right dispenser3)
35.703: (refill-shot shot1 ingredient3 right left dispenser3)
35.707: (refill-shot shot2 ingredient3 left right dispenser3)
35.707: (refill-shot shot2 ingredient3 right left dispenser3)
35.892: (pour-shot-to-clean-shaker shot5 ingredient3 shaker1 left l0 l1)
35.892: (pour-shot-to-clean-shaker shot5 ingredient3 shaker1 right l0 l1)
35.892: (pour-shot-to-clean-shaker shot5 ingredient3 shaker1 left l0 l1)
35.892: (pour-shot-to-clean-shaker shot5 ingredient3 shaker1 right l0 l1)
35.892: (grasp left shot3)
35.892: (grasp right shot3)
35.892: (grasp right shot4)
35.892: (grasp left shot4)
35.896: (pour-shot-to-clean-shaker shot5 ingredient3 shaker1 right l0 l1)
35.896: (pour-shot-to-clean-shaker shot5 ingredient3 shaker1 left l0 l1)
35.898: (pour-shot-to-clean-shaker shot5 ingredient3 shaker1 right l0 l1)
35.898: (pour-shot-to-clean-shaker shot5 ingredient3 shaker1 left l0 l1)
35.898: (grasp left shot1)
35.899: (grasp right shot1)
35.900: (grasp left shot2)
35.900: (grasp right shot2)
35.985: (refill-shot shot3 ingredient1 right left dispenser1)
35.985: (refill-shot shot3 ingredient1 left right dispenser1)
35.985: (refill-shot shot4 ingredient1 left right dispenser1)
35.985: (refill-shot shot4 ingredient1 right left dispenser1)
36.029: (refill-shot shot1 ingredient1 left right dispenser1)
36.029: (refill-shot shot1 ingredient1 right left dispenser1)
36.088: (leave right shot4)
36.088: (leave right shot3)
36.088: (leave left shot4)
36.089: (leave left shot3)
36.090: (leave left shot5)
36.090: (leave right shot5)
36.123: (pour-shot-to-clean-shaker shot4 ingredient3 shaker1 left l0 l1)
36.123: (pour-shot-to-clean-shaker shot3 ingredient3 shaker1 right l0 l1)
36.123: (pour-shot-to-clean-shaker shot4 ingredient3 shaker1 right l0 l1)
36.123: (pour-shot-to-clean-shaker shot3 ingredient3 shaker1 left l0 l1)
36.124: (grasp left shot1)
36.124: (grasp right shot1)
36.124: (grasp right shot1)
36.124: (grasp left shot1)
36.131: (leave right shot1)
36.131: (leave left shot1)
36.133: (leave left shot2)
36.133: (leave right shot2)
36.133: (pour-shot-to-clean-shaker shot3 ingredient3 shaker1 left l0 l1)
36.133: (pour-shot-to-clean-shaker shot4 ingredient3 shaker1 right l0 l1)
36.133: (pour-shot-to-clean-shaker shot3 ingredient3 shaker1 right l0 l1)
36.133: (pour-shot-to-clean-shaker shot4 ingredient3 shaker1 left l0 l1)
36.134: (grasp left shot2)
36.134: (grasp right shot2)
36.134: (grasp right shot2)
36.134: (grasp left shot2)
36.140: (pour-shot-to-clean-shaker shot4 ingredient3 shaker1 right l0 l1)
36.140: (pour-shot-to-clean-shaker shot4 ingredient3 shaker1 left l0 l1)
36.140: (pour-shot-to-clean-shaker shot3 ingredient3 shaker1 left l0 l1)
36.141: (pour-shot-to-clean-shaker shot3 ingredient3 shaker1 right l0 l1)
36.141: (grasp left shot4)
36.141: (grasp left shot3)
36.141: (grasp right shot4)
36.141: (grasp right shot3)
36.210: (pour-shot-to-clean-shaker shot1 ingredient3 shaker1 left l0 l1)
36.210: (pour-shot-to-clean-shaker shot1 ingredient3 shaker1 left l0 l1)
36.210: (pour-shot-to-clean-shaker shot1 ingredient3 shaker1 right l0 l1)
36.210: (pour-shot-to-clean-shaker shot1 ingredient3 shaker1 right l0 l1)
36.211: (grasp right shot4)
36.211: (grasp right shot3)
36.211: (grasp left shot3)
36.211: (grasp left shot4)
36.224: (grasp left shot3)
36.224: (grasp left shot4)
36.224: (grasp right shot3)
36.224: (grasp right shot4)
36.225: (pour-shot-to-clean-shaker shot2 ingredient3 shaker1 left l0 l1)
36.225: (pour-shot-to-clean-shaker shot2 ingredient3 shaker1 left l0 l1)
36.226: (pour-shot-to-clean-shaker shot2 ingredient3 shaker1 right l0 l1)
36.226: (pour-shot-to-clean-shaker shot2 ingredient3 shaker1 right l0 l1)
36.227: (grasp left shot5)
36.227: (grasp left shot5)
36.227: (grasp right shot5)
36.227: (grasp right shot5)
36.227: (pour-shot-to-clean-shaker shot3 ingredient3 shaker1 right l0 l1)
36.227: (pour-shot-to-clean-shaker shot4 ingredient3 shaker1 left l0 l1)
36.227: (pour-shot-to-clean-shaker shot4 ingredient3 shaker1 right l0 l1)
36.227: (pour-shot-to-clean-shaker shot3 ingredient3 shaker1 left l0 l1)
36.228: (grasp right shot2)
36.228: (grasp left shot2)
36.231: (grasp right shot1)
36.231: (grasp left shot1)
36.285: (leave left shot2)
36.285: (leave right shot2)
36.321: (grasp right shot5)
36.321: (grasp left shot5)
36.324: (pour-shot-to-clean-shaker shot1 ingredient3 shaker1 left l0 l1)
36.325: (grasp left shot5)
36.325: (grasp right shot5)
36.325: (pour-shot-to-clean-shaker shot1 ingredient3 shaker1 right l0 l1)
36.328: (pour-shot-to-clean-shaker shot2 ingredient3 shaker1 right l0 l1)
36.329: (pour-shot-to-clean-shaker shot2 ingredient3 shaker1 left l0 l1)
36.381: (refill-shot shot2 ingredient1 left right dispenser1)
36.381: (refill-shot shot2 ingredient1 right left dispenser1)
36.450: (refill-shot shot5 ingredient3 left right dispenser3)
36.450: (refill-shot shot5 ingredient3 right left dispenser3)
36.460: (leave right shot3)
36.460: (leave left shot4)
36.460: (leave right shot4)
36.460: (leave left shot3)
36.492: (pour-shot-to-clean-shaker shot5 ingredient1 shaker1 right l0 l1)
36.492: (pour-shot-to-clean-shaker shot5 ingredient1 shaker1 left l0 l1)
36.494: (grasp right shot1)
36.494: (grasp left shot1)
36.496: (pour-shot-to-clean-shaker shot5 ingredient1 shaker1 left l0 l1)
36.496: (pour-shot-to-clean-shaker shot5 ingredient1 shaker1 right l0 l1)
36.496: (pour-shot-to-clean-shaker shot5 ingredient1 shaker1 right l0 l1)
36.496: (pour-shot-to-clean-shaker shot5 ingredient1 shaker1 left l0 l1)
36.496: (grasp right shot3)
36.496: (grasp right shot4)
36.496: (grasp left shot3)
36.496: (grasp left shot4)
36.516: (refill-shot shot2 ingredient2 right left dispenser2)
36.516: (refill-shot shot2 ingredient2 left right dispenser2)
36.557: (grasp left shaker1)
36.557: (grasp right shaker1)
36.557: (grasp right shaker1)
36.557: (grasp left shaker1)
36.557: (pour-shot-to-clean-shaker shot3 ingredient3 shaker1 right l0 l1)
36.557: (pour-shot-to-clean-shaker shot4 ingredient3 shaker1 left l0 l1)
36.557: (pour-shot-to-clean-shaker shot4 ingredient3 shaker1 right l0 l1)
36.557: (pour-shot-to-clean-shaker shot3 ingredient3 shaker1 left l0 l1)
36.583: (leave right shot1)
36.583: (leave left shot1)
36.652: (grasp right shaker1)
36.652: (grasp left shaker1)
36.656: (grasp right shaker1)
36.656: (grasp left shaker1)
36.658: (grasp right shot2)
36.658: (grasp left shot2)
36.658: (pour-shot-to-clean-shaker shot5 ingredient1 shaker1 left l0 l1)
36.658: (pour-shot-to-clean-shaker shot5 ingredient1 shaker1 right l0 l1)
36.715: (pour-shot-to-clean-shaker shot3 ingredient1 shaker1 right l0 l1)
36.715: (pour-shot-to-clean-shaker shot4 ingredient1 shaker1 left l0 l1)
36.715: (pour-shot-to-clean-shaker shot4 ingredient1 shaker1 right l0 l1)
36.715: (pour-shot-to-clean-shaker shot3 ingredient1 shaker1 left l0 l1)
36.716: (grasp left shot1)
36.716: (grasp right shot1)
36.716: (grasp left shot1)
36.716: (grasp right shot1)
36.720: (leave left shot3)
36.720: (leave right shot4)
36.720: (leave right shot3)
36.720: (leave left shot4)
36.724: (pour-shot-to-clean-shaker shot3 ingredient1 shaker1 left l0 l1)
36.724: (pour-shot-to-clean-shaker shot3 ingredient1 shaker1 right l0 l1)
36.724: (pour-shot-to-clean-shaker shot4 ingredient1 shaker1 right l0 l1)
36.724: (pour-shot-to-clean-shaker shot4 ingredient1 shaker1 left l0 l1)
36.724: (grasp right shot5)
36.724: (grasp left shot5)
36.724: (grasp left shot5)
36.725: (grasp right shot5)
36.731: (grasp left shot4)
36.731: (grasp left shot3)
36.731: (grasp right shot4)
36.731: (grasp right shot3)
33.934: (fill-shot shot5 ingredient1 right left dispenser1)
33.934: (fill-shot shot5 ingredient1 left right dispenser1)
33.936: (fill-shot shot5 ingredient2 right left dispenser2)
33.936: (fill-shot shot5 ingredient2 left right dispenser2)
33.999: (fill-shot shot3 ingredient1 right left dispenser1)
33.999: (fill-shot shot4 ingredient1 left right dispenser1)
33.999: (fill-shot shot3 ingredient1 left right dispenser1)
33.999: (fill-shot shot4 ingredient1 right left dispenser1)
34.073: (fill-shot shot1 ingredient1 left right dispenser1)
34.073: (fill-shot shot1 ingredient1 right left dispenser1)
34.077: (fill-shot shot4 ingredient2 left right dispenser2)
34.077: (fill-shot shot3 ingredient2 left right dispenser2)
34.077: (fill-shot shot3 ingredient2 right left dispenser2)
34.077: (fill-shot shot4 ingredient2 right left dispenser2)
34.091: (fill-shot shot2 ingredient2 right left dispenser2)
34.092: (fill-shot shot2 ingredient2 left right dispenser2)
34.137: (fill-shot shot2 ingredient1 left right dispenser1)
34.137: (fill-shot shot2 ingredient1 right left dispenser1)
34.151: (fill-shot shot1 ingredient2 left right dispenser2)
34.151: (fill-shot shot1 ingredient2 right left dispenser2)
34.399: (fill-shot shot5 ingredient2 left right dispenser2)
34.399: (fill-shot shot5 ingredient2 right left dispenser2)
34.404: (fill-shot shot5 ingredient3 right left dispenser3)
34.404: (fill-shot shot5 ingredient3 left right dispenser3)
34.454: (fill-shot shot4 ingredient3 left right dispenser3)
34.454: (fill-shot shot3 ingredient3 right left dispenser3)
34.454: (fill-shot shot4 ingredient3 right left dispenser3)
34.454: (fill-shot shot3 ingredient3 left right dispenser3)
34.493: (fill-shot shot4 ingredient2 right left dispenser2)
34.493: (fill-shot shot3 ingredient2 right left dispenser2)
34.493: (fill-shot shot4 ingredient2 left right dispenser2)
34.493: (fill-shot shot3 ingredient2 left right dispenser2)
34.506: (fill-shot shot1 ingredient3 right left dispenser3)
34.506: (fill-shot shot1 ingredient3 left right dispenser3)
34.549: (fill-shot shot1 ingredient2 left right dispenser2)
34.549: (fill-shot shot1 ingredient2 right left dispenser2)
34.566: (fill-shot shot2 ingredient3 left right dispenser3)
34.566: (fill-shot shot2 ingredient3 right left dispenser3)
34.596: (leave right shot5)
34.596: (leave left shot5)
34.596: (leave left shot3)
34.597: (leave right shot4)
34.597: (leave left shot2)
34.597: (leave right shot1)
34.597: (leave left shot4)
34.597: (leave right shot3)
34.597: (leave left shot1)
34.597: (leave right shot2)
34.606: (fill-shot shot2 ingredient2 right left dispenser2)
34.606: (fill-shot shot2 ingredient2 left right dispenser2)
34.686: (leave left shot5)
34.686: (leave left shot5)
34.686: (leave right shot5)
34.686: (leave right shot5)
34.687: (grasp left shot4)
34.687: (grasp left shot3)
34.687: (grasp right shot4)
34.687: (grasp right shot3)
34.693: (grasp left shot1)
34.693: (grasp right shot1)
34.694: (grasp left shot2)
34.694: (grasp right shot2)
34.694: (leave left shot5)
34.694: (leave right shot5)
34.695: (leave left shot5)
34.695: (leave right shot5)
34.743: (leave right shot1)
34.743: (leave left shot1)
34.743: (leave left shot3)
34.743: (leave right shot3)
34.743: (leave right shot4)
34.743: (leave left shot4)
34.743: (leave right shot2)
34.743: (leave left shot2)
34.743: (leave left shot5)
34.743: (leave right shot5)
34.931: (grasp left shot3)
34.931: (grasp left shot4)
34.931: (grasp right shot3)
34.931: (grasp right shot4)
34.931: (grasp right shot1)
34.931: (grasp left shot1)
34.931: (grasp left shot1)
34.931: (grasp right shot1)
34.940: (grasp left shot4)
34.940: (grasp left shot3)
34.940: (grasp left shot2)
34.940: (grasp right shot3)
34.940: (grasp left shot2)
34.940: (grasp right shot2)
34.940: (grasp right shot2)
34.940: (grasp right shot4)
34.948: (grasp left shot1)
34.949: (grasp right shot1)
34.949: (grasp left shot2)
34.949: (grasp right shot2)
34.959: (grasp left shot4)
34.959: (grasp right shot4)
34.959: (grasp right shot3)
34.959: (grasp left shot3)
34.973: (fill-shot shot5 ingredient3 left right dispenser3)
34.973: (fill-shot shot5 ingredient3 right left dispenser3)
34.973: (fill-shot shot5 ingredient1 left right dispenser1)
34.974: (fill-shot shot5 ingredient1 right left dispenser1)
35.036: (grasp left shot5)
35.037: (grasp right shot5)
35.037: (grasp left shot5)
35.037: (grasp right shot5)
35.037: (grasp right shot3)
35.037: (grasp right shot4)
35.037: (grasp left shot3)
35.037: (grasp left shot4)
35.044: (grasp right shot5)
35.044: (grasp left shot5)
35.045: (grasp left shot1)
35.045: (grasp right shot1)
35.045: (grasp left shot5)
35.045: (grasp right shot5)
35.046: (grasp right shot2)
35.046: (grasp left shot2)
35.146: (fill-shot shot4 ingredient3 right left dispenser3)
35.146: (fill-shot shot3 ingredient3 right left dispenser3)
35.146: (fill-shot shot4 ingredient3 left right dispenser3)
35.146: (fill-shot shot3 ingredient3 left right dispenser3)
35.148: (leave left shot5)
35.149: (leave right shot5)
35.166: (fill-shot shot4 ingredient1 left right dispenser1)
35.166: (fill-shot shot4 ingredient1 right left dispenser1)
35.166: (fill-shot shot3 ingredient1 right left dispenser1)
35.166: (fill-shot shot3 ingredient1 left right dispenser1)
35.211: (fill-shot shot2 ingredient3 right left dispenser3)
35.211: (fill-shot shot2 ingredient3 left right dispenser3)
35.235: (fill-shot shot2 ingredient1 left right dispenser1)
35.235: (fill-shot shot2 ingredient1 right left dispenser1)
35.257: (fill-shot shot1 ingredient3 right left dispenser3)
35.257: (fill-shot shot1 ingredient3 left right dispenser3)
35.265: (leave left shot5)
35.265: (leave right shot1)
35.265: (leave right shot5)
35.265: (leave left shot2)
35.265: (leave right shot2)
35.266: (leave left shot3)
35.266: (leave right shot3)
35.266: (leave right shot4)
35.266: (leave left shot1)
35.266: (leave left shot4)
35.276: (fill-shot shot1 ingredient1 right left dispenser1)
35.276: (fill-shot shot1 ingredient1 left right dispenser1)
35.277: (grasp right shot1)
35.278: (leave right shot5)
35.278: (grasp left shot1)
35.278: (leave left shot5)
35.282: (grasp left shot3)
35.282: (grasp left shot4)
35.282: (grasp right shot3)
35.282: (grasp right shot4)
35.284: (leave right shot5)
35.284: (leave right shot5)
35.284: (leave left shot5)
35.284: (leave left shot5)
35.373: (grasp left shaker1)
35.373: (grasp right shaker1)
35.373: (grasp right shaker1)
35.373: (grasp left shaker1)
35.381: (grasp right shaker1)
35.381: (grasp left shaker1)
35.382: (grasp right shaker1)
35.382: (grasp left shaker1)
35.446: (leave left shot5)
35.446: (leave right shot5)
35.446: (grasp right shot2)
35.447: (grasp left shot2)
35.555: (grasp right shot5)
35.555: (grasp left shot5)
35.555: (grasp right shot1)
35.556: (grasp left shot1)
35.556: (grasp left shot1)
35.556: (grasp right shot1)
35.556: (grasp right shot4)
35.556: (grasp right shot3)
35.556: (grasp right shot1)
35.556: (grasp left shot3)
35.556: (grasp left shot4)
35.556: (grasp left shot1)
35.557: (grasp left shot5)
35.557: (grasp right shot5)
35.557: (grasp right shot5)
35.557: (grasp left shot5)
35.557: (grasp left shot3)
35.557: (grasp left shot4)
35.557: (grasp right shot3)
35.557: (grasp right shot4)
35.582: (grasp left shot3)
35.582: (grasp right shot4)
35.582: (grasp right shot3)
35.582: (grasp left shot4)
35.589: (grasp right shot1)
35.589: (leave left shot3)
35.589: (leave left shot4)
35.589: (leave right shot3)
28.700: (pour-shot-to-used-shaker shot5 ingredient1 shaker1 right l1 l2)
28.700: (pour-shot-to-used-shaker shot5 ingredient1 shaker1 left l1 l2)
29.486: (pour-shot-to-used-shaker shot5 ingredient3 shaker1 left l1 l2)
29.486: (pour-shot-to-used-shaker shot5 ingredient3 shaker1 right l1 l2)
31.161: (pour-shot-to-used-shaker shot3 ingredient3 shaker1 left l1 l2)
31.161: (pour-shot-to-used-shaker shot4 ingredient3 shaker1 left l1 l2)
31.161: (pour-shot-to-used-shaker shot3 ingredient3 shaker1 right l1 l2)
31.162: (pour-shot-to-used-shaker shot4 ingredient3 shaker1 right l1 l2)
31.226: (pour-shot-to-used-shaker shot2 ingredient3 shaker1 left l1 l2)
31.226: (pour-shot-to-used-shaker shot2 ingredient3 shaker1 right l1 l2)
31.469: (pour-shot-to-used-shaker shot1 ingredient3 shaker1 left l1 l2)
31.470: (pour-shot-to-used-shaker shot1 ingredient3 shaker1 right l1 l2)
31.772: (pour-shot-to-used-shaker shot2 ingredient3 shaker1 left l1 l2)
31.773: (pour-shot-to-used-shaker shot2 ingredient3 shaker1 right l1 l2)
31.966: (pour-shot-to-used-shaker shot2 ingredient2 shaker1 left l1 l2)
31.966: (pour-shot-to-used-shaker shot2 ingredient2 shaker1 right l1 l2)
32.124: (pour-shot-to-used-shaker shot3 ingredient3 shaker1 left l1 l2)
32.124: (pour-shot-to-used-shaker shot4 ingredient3 shaker1 left l1 l2)
32.124: (pour-shot-to-used-shaker shot4 ingredient3 shaker1 right l1 l2)
32.124: (pour-shot-to-used-shaker shot3 ingredient3 shaker1 right l1 l2)
32.320: (pour-shot-to-used-shaker shot1 ingredient3 shaker1 right l1 l2)
32.320: (pour-shot-to-used-shaker shot1 ingredient3 shaker1 left l1 l2)
32.411: (pour-shot-to-used-shaker shot4 ingredient2 shaker1 right l1 l2)
32.411: (pour-shot-to-used-shaker shot3 ingredient2 shaker1 right l1 l2)
32.411: (pour-shot-to-used-shaker shot3 ingredient2 shaker1 left l1 l2)
32.411: (pour-shot-to-used-shaker shot4 ingredient2 shaker1 left l1 l2)
32.431: (pour-shot-to-used-shaker shot5 ingredient2 shaker1 right l1 l2)
32.431: (pour-shot-to-used-shaker shot5 ingredient2 shaker1 left l1 l2)
32.455: (pour-shot-to-used-shaker shot2 ingredient1 shaker1 right l1 l2)
32.455: (pour-shot-to-used-shaker shot2 ingredient1 shaker1 left l1 l2)
32.538: (pour-shot-to-used-shaker shot3 ingredient1 shaker1 left l1 l2)
32.538: (pour-shot-to-used-shaker shot4 ingredient1 shaker1 right l1 l2)
32.538: (pour-shot-to-used-shaker shot4 ingredient1 shaker1 left l1 l2)
32.538: (pour-shot-to-used-shaker shot3 ingredient1 shaker1 right l1 l2)
32.723: (pour-shot-to-used-shaker shot1 ingredient2 shaker1 right l1 l2)
32.723: (pour-shot-to-used-shaker shot1 ingredient2 shaker1 left l1 l2)
32.753: (pour-shot-to-used-shaker shot1 ingredient1 shaker1 left l1 l2)
32.753: (pour-shot-to-used-shaker shot1 ingredient1 shaker1 right l1 l2)
32.812: (pour-shot-to-used-shaker shot5 ingredient3 shaker1 left l1 l2)
32.812: (pour-shot-to-used-shaker shot5 ingredient3 shaker1 right l1 l2)
34.366: (leave left shot5)
34.366: (leave right shot5)
34.370: (leave left shot5)
34.370: (leave right shot5)
34.417: (empty-shot right shot5 ingredient2)
34.417: (empty-shot left shot5 ingredient2)
34.426: (empty-shot left shot5 ingredient1)
34.426: (empty-shot right shot5 ingredient1)
34.580: (fill-shot shot4 ingredient1 left right dispenser1)
34.580: (fill-shot shot3 ingredient1 right left dispenser1)
34.580: (fill-shot shot4 ingredient1 right left dispenser1)
34.580: (fill-shot shot3 ingredient1 left right dispenser1)
34.593: (leave right shot3)
34.593: (leave left shot4)
34.593: (leave right shot4)
34.593: (leave left shot3)
34.632: (leave right shot1)
34.632: (leave left shot1)
34.642: (leave right shot3)
34.642: (leave right shot4)
34.642: (leave left shot3)
34.642: (leave left shot4)
34.652: (fill-shot shot1 ingredient1 right left dispenser1)
34.652: (fill-shot shot1 ingredient1 left right dispenser1)
34.654: (leave right shot2)
34.654: (leave left shot2)
34.655: (fill-shot shot4 ingredient2 left right dispenser2)
34.655: (fill-shot shot3 ingredient2 left right dispenser2)
34.655: (fill-shot shot4 ingredient2 right left dispenser2)
34.656: (fill-shot shot3 ingredient2 right left dispenser2)
34.660: (leave left shot2)
34.660: (leave right shot2)
34.661: (leave left shot5)
34.661: (leave right shot5)
34.671: (fill-shot shot2 ingredient2 left right dispenser2)
34.671: (fill-shot shot2 ingredient2 right left dispenser2)
34.680: (leave left shot1)
34.680: (leave right shot1)
34.683: (leave left shot5)
34.683: (leave right shot5)
34.690: (grasp left shot4)
34.690: (grasp left shot3)
34.690: (grasp right shot4)
34.690: (grasp right shot3)
34.695: (grasp right shot3)
34.695: (grasp right shot4)
34.695: (grasp left shot3)
34.695: (grasp left shot4)
34.698: (grasp left shot2)
34.698: (grasp right shot2)
34.699: (grasp left shot1)
34.699: (grasp right shot1)
34.700: (grasp right shot3)
34.700: (grasp right shot4)
34.700: (grasp left shot4)
34.700: (grasp left shot3)
34.703: (grasp right shot1)
34.703: (grasp left shot1)
34.704: (grasp right shot2)
34.704: (grasp left shot2)
34.704: (empty-shot left shot5 ingredient2)
34.704: (empty-shot right shot5 ingredient2)
34.708: (grasp left shot2)
34.708: (grasp right shot2)
34.708: (grasp right shot1)
34.708: (grasp left shot1)
34.716: (fill-shot shot2 ingredient1 left right dispenser1)
34.716: (fill-shot shot2 ingredient1 right left dispenser1)
34.724: (empty-shot left shot5 ingredient3)
34.724: (empty-shot right shot5 ingredient3)
34.729: (fill-shot shot1 ingredient2 right left dispenser2)
34.729: (fill-shot shot1 ingredient2 left right dispenser2)
34.792: (grasp right shot1)
34.792: (grasp left shot1)
34.792: (grasp right shot1)
34.792: (grasp left shot1)
34.799: (grasp left shot2)
34.799: (grasp right shot2)
34.799: (grasp right shot2)
34.799: (grasp left shot2)
34.816: (grasp left shot3)
34.816: (grasp right shot4)
34.816: (grasp right shot3)
34.816: (grasp left shot4)
34.840: (leave left shot2)
34.840: (leave right shot2)
34.857: (grasp left shot2)
34.857: (grasp left shot2)
34.857: (grasp right shot2)
34.857: (grasp right shot2)
34.861: (grasp right shot4)
34.861: (grasp right shot3)
34.861: (grasp left shot3)
34.861: (grasp left shot4)
34.865: (grasp right shot1)
34.865: (grasp left shot1)
34.865: (grasp left shot1)
34.866: (grasp right shot1)
34.872: (grasp left shot2)
34.872: (grasp right shot2)
34.885: (grasp right shot3)
34.885: (grasp right shot4)
34.885: (grasp left shot4)
34.885: (grasp left shot3)
34.890: (grasp right shot1)
34.890: (grasp left shot1)
34.891: (grasp right shot3)
34.891: (grasp left shot3)
34.891: (grasp left shot4)
34.891: (grasp right shot4)
34.895: (grasp left shot5)
34.895: (grasp right shot5)
34.895: (grasp right shot5)
34.896: (grasp left shot5)
34.902: (leave right shot2)
34.902: (leave left shot2)
34.915: (grasp left shot3)
34.915: (grasp left shot4)
34.915: (grasp right shot4)
34.915: (grasp right shot3)
34.919: (grasp right shot1)
34.919: (grasp left shot1)
34.931: (grasp left shot2)
34.931: (grasp right shot2)
34.935: (grasp right shot3)
34.935: (grasp right shot4)
34.935: (grasp left shot3)
34.935: (grasp left shot4)
34.969: (empty-shot right shot4 ingredient1)
34.969: (empty-shot right shot3 ingredient1)
34.969: (empty-shot left shot4 ingredient1)
34.969: (empty-shot left shot3 ingredient1)
34.969: (grasp left shot5)
34.969: (grasp right shot5)
34.973: (grasp right shot5)
34.973: (grasp left shot5)
34.973: (grasp left shot5)
34.973: (grasp right shot5)
34.988: (grasp left shot5)
34.988: (grasp right shot5)
34.997: (empty-shot right shot4 ingredient2)
34.997: (empty-shot left shot3 ingredient2)
34.997: (empty-shot right shot3 ingredient2)
34.997: (empty-shot left shot4 ingredient2)
35.033: (grasp left shot5)
35.033: (grasp right shot5)
35.047: (grasp left shot5)
35.047: (grasp right shot5)
35.057: (empty-shot left shot1 ingredient1)
35.057: (empty-shot right shot1 ingredient1)
35.073: (empty-shot right shot2 ingredient2)
35.073: (empty-shot left shot2 ingredient2)
35.081: (empty-shot left shot2 ingredient1)
35.081: (empty-shot right shot2 ingredient1)
35.084: (fill-shot shot3 ingredient3 left right dispenser3)
35.084: (fill-shot shot4 ingredient3 left right dispenser3)
35.084: (fill-shot shot3 ingredient3 right left dispenser3)
35.084: (fill-shot shot4 ingredient3 right left dispenser3)
35.089: (empty-shot left shot1 ingredient2)
35.089: (empty-shot right shot1 ingredient2)
27.927: (grasp right shaker1)
27.927: (grasp left shaker1)
28.171: (leave right shot5)
28.171: (leave left shot5)
28.256: (leave left shot5)
28.256: (leave right shot5)
28.673: (refill-shot shot5 ingredient1 left right dispenser1)
28.673: (refill-shot shot5 ingredient1 right left dispenser1)
28.726: (grasp right shaker1)
28.726: (grasp left shaker1)
29.482: (refill-shot shot5 ingredient3 left right dispenser3)
29.482: (refill-shot shot5 ingredient3 right left dispenser3)
29.497: (pour-shot-to-used-shaker shot5 ingredient1 shaker1 right l1 l2)
29.497: (pour-shot-to-used-shaker shot5 ingredient1 shaker1 right l1 l2)
29.498: (pour-shot-to-used-shaker shot5 ingredient1 shaker1 left l1 l2)
29.498: (pour-shot-to-used-shaker shot5 ingredient1 shaker1 left l1 l2)
29.499: (pour-shot-to-used-shaker shot5 ingredient1 shaker1 right l1 l2)
29.500: (pour-shot-to-used-shaker shot5 ingredient1 shaker1 left l1 l2)
29.500: (grasp left shot3)
29.500: (grasp right shot4)
29.500: (grasp left shot4)
29.500: (grasp right shot3)
29.501: (grasp right shot2)
29.501: (grasp left shot2)
29.555: (grasp left shot1)
29.555: (grasp right shot1)
29.555: (pour-shot-to-used-shaker shot5 ingredient1 shaker1 left l1 l2)
29.555: (pour-shot-to-used-shaker shot5 ingredient1 shaker1 right l1 l2)
29.799: (pour-shot-to-used-shaker shot3 ingredient3 shaker1 right l1 l2)
29.800: (pour-shot-to-used-shaker shot4 ingredient3 shaker1 left l1 l2)
29.800: (pour-shot-to-used-shaker shot3 ingredient3 shaker1 left l1 l2)
29.800: (pour-shot-to-used-shaker shot4 ingredient3 shaker1 right l1 l2)
29.826: (refill-shot shot2 ingredient3 left right dispenser3)
29.826: (refill-shot shot2 ingredient3 right left dispenser3)
29.928: (leave left shot2)
29.928: (leave right shot2)
30.291: (grasp right shot3)
30.291: (grasp right shot4)
30.291: (grasp left shot3)
30.291: (grasp left shot4)
30.327: (grasp left shot1)
30.327: (grasp right shot1)
30.365: (clean-shot shot2 ingredient3 left right)
30.365: (clean-shot shot2 ingredient3 right left)
30.365: (clean-shot shot2 ingredient2 left right)
30.365: (clean-shot shot2 ingredient2 right left)
30.379: (grasp right shot2)
30.379: (grasp left shot2)
30.381: (refill-shot shot4 ingredient3 right left dispenser3)
30.381: (refill-shot shot4 ingredient3 left right dispenser3)
30.381: (refill-shot shot3 ingredient3 left right dispenser3)
30.381: (refill-shot shot3 ingredient3 right left dispenser3)
30.399: (pour-shot-to-used-shaker shot2 ingredient1 shaker1 right l1 l2)
30.399: (pour-shot-to-used-shaker shot2 ingredient1 shaker1 left l1 l2)
30.491: (refill-shot shot1 ingredient3 left right dispenser3)
30.491: (refill-shot shot1 ingredient3 right left dispenser3)
30.563: (pour-shot-to-used-shaker shot4 ingredient1 shaker1 right l1 l2)
30.563: (pour-shot-to-used-shaker shot3 ingredient1 shaker1 left l1 l2)
30.563: (pour-shot-to-used-shaker shot3 ingredient1 shaker1 right l1 l2)
30.563: (pour-shot-to-used-shaker shot4 ingredient1 shaker1 left l1 l2)
30.769: (pour-shot-to-used-shaker shot1 ingredient1 shaker1 right l1 l2)
30.769: (pour-shot-to-used-shaker shot1 ingredient1 shaker1 left l1 l2)
30.851: (clean-shot shot5 ingredient2 right left)
30.851: (clean-shot shot5 ingredient3 right left)
30.851: (clean-shot shot5 ingredient3 left right)
30.851: (clean-shot shot5 ingredient2 left right)
30.860: (clean-shot shot4 ingredient3 left right)
30.860: (clean-shot shot4 ingredient3 right left)
30.860: (clean-shot shot3 ingredient3 right left)
30.861: (clean-shot shot3 ingredient3 left right)
30.861: (clean-shot shot4 ingredient1 left right)
30.861: (clean-shot shot4 ingredient1 right left)
30.861: (clean-shot shot3 ingredient1 left right)
30.861: (clean-shot shot3 ingredient1 right left)
30.923: (clean-shot shot1 ingredient3 left right)
30.923: (clean-shot shot1 ingredient3 right left)
30.923: (clean-shot shot1 ingredient1 right left)
30.923: (clean-shot shot1 ingredient1 left right)
31.056: (clean-shot shot4 ingredient3 left right)
31.056: (clean-shot shot3 ingredient3 left right)
31.056: (clean-shot shot3 ingredient3 right left)
31.056: (clean-shot shot4 ingredient2 left right)
31.056: (clean-shot shot3 ingredient2 right left)
31.056: (clean-shot shot4 ingredient2 right left)
31.056: (clean-shot shot4 ingredient3 right left)
31.056: (clean-shot shot3 ingredient2 left right)
31.108: (leave left shot3)
31.108: (leave right shot3)
31.108: (leave left shot4)
31.108: (leave right shot4)
31.109: (clean-shot shot1 ingredient2 left right)
31.109: (clean-shot shot1 ingredient2 right left)
31.109: (clean-shot shot1 ingredient3 right left)
31.109: (clean-shot shot1 ingredient3 left right)
31.158: (clean-shot shot5 ingredient3 left right)
31.159: (clean-shot shot5 ingredient1 left right)
31.159: (clean-shot shot5 ingredient1 right left)
31.159: (clean-shot shot5 ingredient3 right left)
31.231: (leave right shot1)
31.231: (leave left shot1)
31.337: (grasp right shaker1)
31.337: (grasp left shaker1)
31.350: (clean-shot shot2 ingredient1 right left)
31.350: (clean-shot shot2 ingredient1 left right)
31.350: (clean-shot shot2 ingredient3 left right)
31.350: (clean-shot shot2 ingredient3 right left)
31.411: (leave right shot2)
31.411: (leave left shot2)
31.569: (leave right shot5)
31.569: (leave left shot5)
31.633: (leave right shot5)
31.633: (leave left shot5)
31.930: (grasp left shaker1)
31.930: (grasp left shaker1)
31.930: (grasp right shaker1)
31.930: (grasp right shaker1)
31.991: (pour-shot-to-used-shaker shot5 ingredient2 shaker1 left l1 l2)
31.991: (pour-shot-to-used-shaker shot5 ingredient2 shaker1 left l1 l2)
31.991: (pour-shot-to-used-shaker shot5 ingredient2 shaker1 right l1 l2)
31.991: (pour-shot-to-used-shaker shot5 ingredient2 shaker1 right l1 l2)
31.992: (grasp left shot4)
31.992: (grasp left shot3)
31.992: (grasp right shot4)
31.992: (grasp right shot3)
31.994: (pour-shot-to-used-shaker shot5 ingredient2 shaker1 right l1 l2)
31.994: (pour-shot-to-used-shaker shot5 ingredient2 shaker1 left l1 l2)
31.995: (grasp right shot1)
31.995: (grasp left shot1)
31.997: (leave right shot4)
31.997: (leave right shot3)
31.997: (leave left shot4)
31.997: (leave left shot3)
32.019: (grasp left shaker1)
32.019: (grasp right shaker1)
32.058: (grasp left shot2)
32.059: (grasp right shot2)
32.059: (grasp right shot2)
32.059: (grasp left shot2)
32.073: (refill-shot shot3 ingredient3 right left dispenser3)
32.073: (refill-shot shot4 ingredient3 right left dispenser3)
32.073: (refill-shot shot4 ingredient3 left right dispenser3)
32.073: (refill-shot shot3 ingredient3 left right dispenser3)
32.087: (leave right shot2)
32.087: (leave left shot2)
32.181: (leave left shot1)
32.181: (leave right shot1)
32.233: (grasp right shaker1)
32.233: (grasp right shaker1)
32.233: (grasp left shaker1)
32.233: (grasp left shaker1)
32.240: (refill-shot shot1 ingredient3 right left dispenser3)
32.241: (refill-shot shot1 ingredient3 left right dispenser3)
32.245: (refill-shot shot2 ingredient3 left right dispenser3)
32.245: (refill-shot shot2 ingredient3 right left dispenser3)
32.387: (grasp left shot2)
32.387: (grasp right shot2)
32.396: (grasp left shot4)
32.396: (grasp left shot3)
32.396: (grasp right shot3)
32.396: (grasp right shot4)
32.398: (refill-shot shot3 ingredient2 right left dispenser2)
32.398: (refill-shot shot4 ingredient2 right left dispenser2)
32.398: (refill-shot shot4 ingredient2 left right dispenser2)
32.398: (refill-shot shot3 ingredient2 left right dispenser2)
32.418: (grasp right shaker1)
32.418: (grasp left shaker1)
32.432: (grasp left shaker1)
32.432: (grasp right shaker1)
32.436: (grasp left shot1)
32.436: (grasp right shot1)
32.440: (grasp left shot4)
32.440: (grasp left shot3)
32.440: (grasp right shot4)
32.440: (grasp right shot3)
32.461: (refill-shot shot5 ingredient2 left right dispenser2)
32.461: (refill-shot shot5 ingredient2 right left dispenser2)
32.468: (grasp left shot1)
32.468: (grasp right shot1)
32.495: (refill-shot shot1 ingredient2 right left dispenser2)
32.495: (refill-shot shot1 ingredient2 left right dispenser2)
32.502: (leave left shot3)
32.502: (leave right shot4)
32.502: (leave left shot4)
32.502: (leave right shot3)
32.511: (refill-shot shot2 ingredient1 left right dispenser1)
32.511: (refill-shot shot2 ingredient1 right left dispenser1)
32.546: (grasp left shot5)
32.546: (grasp right shot5)
32.546: (grasp right shot5)
32.546: (grasp left shot5)
32.587: (grasp left shaker1)
32.587: (grasp right shaker1)
32.614: (refill-shot shot2 ingredient2 left right dispenser2)
32.614: (refill-shot shot2 ingredient2 right left dispenser2)
32.647: (grasp right shot5)
32.647: (grasp left shot5)
32.657: (grasp left shot3)
32.657: (grasp left shot4)
32.657: (grasp right shot4)
32.657: (grasp right shot3)
27.468: (grasp right shaker1)
27.468: (leave left shot5)
27.468: (leave right shot5)
27.468: (grasp left shaker1)
27.742: (leave left shot5)
27.742: (leave right shot5)
27.742: (grasp right shaker1)
27.742: (grasp left shaker1)
27.927: (grasp left shaker1)
27.927: (grasp right shaker1)
28.053: (leave right shot5)
28.053: (leave left shot5)
28.168: (leave left shot5)
28.168: (leave right shot5)
28.397: (leave left shot2)
28.397: (leave right shot2)
28.887: (grasp right shaker1)
28.887: (grasp left shaker1)
28.967: (leave right shot5)
28.967: (leave left shot5)
28.967: (leave left shot5)
28.967: (leave right shot5)
28.967: (clean-shot shot4 ingredient3 left right)
28.967: (clean-shot shot3 ingredient3 right left)
28.967: (grasp left shot3)
28.967: (grasp right shot4)
28.967: (grasp left shot4)
28.967: (grasp right shot3)
28.967: (clean-shot shot3 ingredient3 left right)
28.967: (clean-shot shot4 ingredient3 right left)
29.023: (grasp left shot1)
29.023: (grasp right shot1)
29.023: (leave left shot5)
29.023: (leave right shot5)
29.031: (leave left shot5)
29.031: (grasp right shot2)
29.031: (leave right shot5)
29.031: (grasp left shot2)
29.051: (clean-shot shot3 ingredient1 right left)
29.051: (clean-shot shot4 ingredient1 left right)
29.051: (clean-shot shot3 ingredient1 left right)
29.051: (clean-shot shot4 ingredient1 right left)
29.052: (grasp left shot4)
29.052: (grasp left shot3)
29.052: (grasp right shot3)
29.052: (grasp right shot4)
29.052: (leave left shot5)
29.052: (leave right shot5)
29.052: (leave left shot5)
29.052: (leave right shot5)
29.102: (clean-shot shot1 ingredient1 right left)
29.102: (grasp right shot1)
29.102: (grasp left shot1)
29.102: (clean-shot shot1 ingredient1 left right)
29.103: (leave left shot5)
29.103: (leave right shot5)
29.315: (leave right shot5)
29.315: (leave left shot5)
29.316: (grasp right shot2)
29.316: (grasp left shot2)
29.316: (clean-shot shot2 ingredient1 right left)
29.316: (clean-shot shot2 ingredient1 left right)
29.473: (grasp right shot3)
29.473: (grasp right shot4)
29.473: (grasp left shot3)
29.473: (grasp left shot4)
29.490: (grasp left shot2)
29.490: (grasp right shot2)
29.527: (grasp left shot1)
29.527: (grasp right shot1)
29.681: (leave right shot1)
29.681: (leave left shot1)
29.682: (leave left shot3)
29.682: (leave right shot3)
29.682: (leave left shot4)
29.682: (leave right shot4)
29.683: (leave left shot5)
29.683: (leave right shot5)
29.684: (leave right shot2)
29.684: (leave left shot2)
29.718: (leave right shot2)
29.718: (leave left shot2)
29.751: (refill-shot shot3 ingredient3 right left dispenser3)
29.751: (refill-shot shot3 ingredient3 left right dispenser3)
29.751: (refill-shot shot4 ingredient3 left right dispenser3)
29.751: (refill-shot shot4 ingredient3 right left dispenser3)
29.915: (grasp right shaker1)
29.915: (grasp left shaker1)
29.915: (grasp right shaker1)
29.915: (grasp left shaker1)
29.931: (grasp left shaker1)
29.931: (grasp right shaker1)
29.972: (leave left shot3)
29.972: (leave left shot4)
29.972: (leave left shot5)
29.972: (leave right shot5)
29.973: (leave right shot1)
29.973: (leave left shot1)
29.973: (leave right shot3)
29.973: (leave right shot4)
29.973: (leave right shot2)
29.973: (leave left shot2)
29.986: (leave left shot2)
29.986: (leave right shot2)
29.989: (grasp right shaker1)
29.989: (grasp left shaker1)
30.257: (grasp left shot5)
30.257: (grasp right shot5)
30.257: (grasp left shot5)
30.257: (grasp right shot5)
30.280: (leave right shot4)
30.280: (leave right shot3)
30.280: (leave left shot4)
30.280: (leave left shot3)
30.282: (grasp left shot3)
30.283: (grasp left shot4)
30.283: (grasp right shot3)
30.283: (grasp right shot4)
30.322: (grasp left shot1)
30.322: (grasp right shot1)
30.336: (leave right shot1)
30.336: (leave left shot1)
30.444: (grasp right shaker1)
30.444: (grasp left shaker1)
30.488: (grasp right shot2)
30.488: (grasp left shot2)
30.498: (leave left shot3)
30.498: (leave right shot3)
30.498: (leave left shot4)
30.498: (leave right shot4)
30.520: (refill-shot shot2 ingredient1 right left dispenser1)
30.520: (refill-shot shot2 ingredient1 left right dispenser1)
30.670: (grasp left shaker1)
30.671: (grasp left shaker1)
30.671: (grasp right shaker1)
30.671: (grasp right shaker1)
30.695: (leave right shot4)
30.695: (leave left shot3)
30.695: (leave left shot4)
30.695: (leave right shot3)
30.707: (leave right shot1)
30.707: (leave left shot1)
30.841: (refill-shot shot4 ingredient1 left right dispenser1)
30.841: (refill-shot shot3 ingredient1 right left dispenser1)
30.841: (refill-shot shot3 ingredient1 left right dispenser1)
30.841: (refill-shot shot4 ingredient1 right left dispenser1)
30.877: (grasp left shaker1)
30.877: (grasp right shaker1)
30.917: (grasp right shot3)
30.917: (grasp right shot4)
30.917: (grasp left shot4)
30.917: (grasp left shot3)
30.979: (grasp right shot4)
30.979: (leave right shot5)
30.979: (leave left shot5)
30.979: (leave right shot5)
30.979: (grasp right shot3)
30.979: (leave left shot5)
30.979: (grasp left shot4)
30.979: (grasp left shot3)
30.979: (grasp right shaker1)
30.979: (grasp left shaker1)
30.979: (grasp right shaker1)
30.979: (grasp left shaker1)
30.981: (grasp right shot1)
30.981: (leave left shot5)
30.981: (leave right shot5)
30.981: (grasp left shot1)
30.988: (refill-shot shot1 ingredient1 right left dispenser1)
30.988: (refill-shot shot1 ingredient1 left right dispenser1)
31.009: (grasp right shot3)
31.009: (grasp right shot4)
31.009: (grasp left shot4)
31.009: (grasp left shot3)
31.021: (fill-shot shot5 ingredient2 left right dispenser2)
31.021: (fill-shot shot5 ingredient2 right left dispenser2)
31.040: (grasp right shot1)
31.040: (grasp right shot1)
31.040: (grasp left shot1)
31.040: (grasp left shot1)
31.043: (grasp left shaker1)
31.043: (grasp right shaker1)
31.044: (grasp right shot4)
31.044: (grasp right shot3)
31.044: (grasp left shot4)
31.044: (grasp left shot3)
31.046: (leave left shot2)
31.046: (leave right shot2)
31.046: (leave right shot2)
31.046: (leave left shot2)
31.049: (fill-shot shot2 ingredient2 right left dispenser2)
31.049: (fill-shot shot2 ingredient2 left right dispenser2)
31.068: (fill-shot shot5 ingredient1 right left dispenser1)
31.068: (fill-shot shot5 ingredient1 left right dispenser1)
31.078: (grasp right shot1)
31.078: (grasp left shot1)
31.113: (leave right shot2)
31.113: (leave left shot2)
31.113: (grasp left shot1)
31.113: (grasp right shot1)
27.480: (fill-shot shot2 ingredient3 left right dispenser3)
27.480: (fill-shot shot2 ingredient3 right left dispenser3)
27.507: (grasp right shaker1)
27.507: (grasp left shaker1)
27.507: (leave left shot5)
27.507: (leave right shot5)
27.620: (leave left shot5)
27.620: (leave right shot5)
27.620: (grasp right shaker1)
27.620: (grasp left shaker1)
27.837: (fill-shot shot2 ingredient3 left right dispenser3)
27.837: (fill-shot shot2 ingredient3 right left dispenser3)
28.335: (leave right shot2)
28.335: (leave left shot2)
28.335: (grasp left shaker1)
28.335: (grasp right shaker1)
28.665: (grasp right shaker1)
28.666: (grasp left shaker1)
28.666: (grasp right shot3)
28.666: (grasp left shot3)
28.666: (grasp left shot4)
28.666: (grasp right shot4)
28.666: (grasp left shaker1)
28.666: (grasp right shaker1)
28.685: (fill-shot shot2 ingredient2 right left dispenser2)
28.685: (fill-shot shot2 ingredient2 left right dispenser2)
28.728: (grasp right shaker1)
28.728: (grasp left shaker1)
28.728: (grasp left shot1)
28.728: (grasp right shot1)
28.842: (leave right shot5)
28.842: (leave left shot5)
28.842: (leave left shot5)
28.842: (leave right shot5)
28.843: (grasp right shot4)
28.843: (grasp right shot3)
28.843: (grasp left shot3)
28.843: (grasp left shot4)
28.897: (leave right shot5)
28.897: (leave left shot5)
28.897: (grasp right shot1)
28.897: (grasp left shot1)
28.932: (grasp left shaker1)
28.932: (grasp right shaker1)
28.932: (grasp right shaker1)
28.932: (grasp left shaker1)
28.932: (grasp right shot3)
28.932: (grasp right shot4)
28.932: (grasp left shot4)
28.932: (grasp left shot3)
28.964: (leave left shot5)
28.964: (leave left shot5)
28.964: (leave right shot5)
28.964: (grasp right shot4)
28.964: (grasp right shot3)
28.964: (grasp left shot4)
28.964: (grasp left shot3)
28.965: (leave right shot5)
28.989: (grasp left shot1)
28.989: (grasp right shot1)
28.989: (grasp right shaker1)
28.989: (grasp left shaker1)
29.020: (grasp left shot1)
29.020: (leave left shot5)
29.020: (leave right shot5)
29.020: (grasp right shot1)
29.033: (fill-shot shot2 ingredient2 left right dispenser2)
29.033: (fill-shot shot2 ingredient2 right left dispenser2)
29.065: (grasp right shot2)
29.065: (grasp left shot2)
29.066: (leave left shot5)
29.066: (leave right shot5)
29.153: (grasp right shaker1)
29.153: (grasp left shaker1)
29.154: (grasp left shot2)
29.154: (grasp right shot2)
29.189: (leave left shot5)
29.189: (leave right shot5)
29.189: (grasp right shot2)
29.189: (grasp left shot2)
29.353: (leave left shot5)
29.353: (leave right shot5)
29.408: (grasp right shot2)
29.408: (grasp left shot2)
29.409: (grasp right shaker1)
29.409: (grasp left shaker1)
29.423: (leave left shot2)
29.423: (leave left shot2)
29.423: (leave right shot2)
29.423: (leave right shot2)
29.424: (grasp right shot3)
29.424: (grasp right shot4)
29.424: (grasp left shot3)
29.424: (grasp left shot4)
29.430: (shake cocktail2 ingredient3 ingredient1 shaker1 left right)
29.430: (shake cocktail2 ingredient3 ingredient1 shaker1 right left)
29.457: (shake cocktail2 ingredient3 ingredient1 shaker1 right left)
29.457: (shake cocktail2 ingredient3 ingredient1 shaker1 left right)
29.498: (grasp right shot1)
29.498: (grasp left shot1)
29.498: (leave right shot2)
29.498: (leave left shot2)
29.519: (leave left shot2)
29.519: (leave right shot2)
29.520: (grasp right shaker1)
29.520: (grasp left shaker1)
29.708: (shake cocktail3 ingredient3 ingredient1 shaker1 left right)
29.708: (shake cocktail3 ingredient3 ingredient1 shaker1 right left)
29.712: (grasp left shot5)
29.712: (grasp right shot5)
29.716: (grasp left shot4)
29.716: (grasp right shot3)
29.716: (grasp right shot4)
29.716: (grasp left shot3)
29.742: (shake cocktail3 ingredient3 ingredient1 shaker1 right left)
29.742: (shake cocktail3 ingredient3 ingredient1 shaker1 left right)
29.795: (leave left shot5)
29.795: (leave right shot5)
29.803: (grasp right shaker1)
29.803: (grasp left shaker1)
29.804: (leave left shot4)
29.804: (leave right shot3)
29.804: (leave left shot3)
29.804: (leave right shot4)
29.804: (leave left shot1)
29.804: (leave right shot1)
29.808: (grasp right shot1)
29.808: (grasp left shot1)
29.809: (grasp left shot1)
29.809: (grasp left shot3)
29.809: (grasp left shot4)
29.809: (grasp right shot4)
29.809: (grasp right shot3)
29.809: (grasp right shot1)
29.863: (grasp right shaker1)
29.863: (grasp left shaker1)
29.863: (grasp right shaker1)
29.863: (grasp left shaker1)
29.917: (fill-shot shot1 ingredient3 right left dispenser3)
29.917: (fill-shot shot1 ingredient3 left right dispenser3)
29.977: (grasp right shot3)
29.977: (grasp right shot4)
29.977: (grasp left shot3)
29.977: (grasp left shot4)
30.025: (leave right shot2)
30.025: (leave left shot2)
30.045: (grasp right shot1)
30.045: (grasp right shot3)
30.045: (grasp left shot3)
30.045: (grasp left shot1)
30.045: (grasp left shot1)
30.045: (grasp right shot1)
30.045: (grasp left shot4)
30.045: (grasp right shot4)
30.107: (fill-shot shot2 ingredient1 right left dispenser1)
30.107: (fill-shot shot2 ingredient1 left right dispenser1)
30.110: (fill-shot shot3 ingredient3 right left dispenser3)
30.110: (fill-shot shot4 ingredient3 left right dispenser3)
30.110: (fill-shot shot3 ingredient3 left right dispenser3)
30.110: (fill-shot shot4 ingredient3 right left dispenser3)
30.132: (fill-shot shot4 ingredient1 right left dispenser1)
30.132: (fill-shot shot3 ingredient1 left right dispenser1)
30.132: (fill-shot shot3 ingredient1 right left dispenser1)
30.132: (fill-shot shot4 ingredient1 left right dispenser1)
30.202: (fill-shot shot1 ingredient1 right left dispenser1)
30.202: (fill-shot shot1 ingredient1 left right dispenser1)
30.207: (grasp right shot5)
30.208: (grasp left shot5)
30.208: (grasp right shot5)
30.208: (grasp left shot5)
30.210: (grasp left shot4)
30.210: (grasp right shot4)
30.210: (grasp right shot3)
30.210: (grasp left shot3)
30.211: (grasp left shot2)
30.211: (grasp right shot2)
30.211: (grasp left shot2)
30.211: (grasp right shot2)
30.247: (leave left shot2)
30.247: (leave right shot2)
30.264: (fill-shot shot1 ingredient3 left right dispenser3)
30.264: (fill-shot shot1 ingredient3 right left dispenser3)
30.264: (grasp right shot1)
30.264: (grasp left shot1)
30.264: (grasp left shot1)
30.265: (grasp right shot1)
30.271: (grasp right shot2)
30.271: (grasp left shot2)
30.271: (grasp left shot1)
30.271: (grasp right shot1)
30.296: (grasp left shaker1)
30.296: (grasp right shaker1)
30.296: (grasp right shaker1)
30.297: (grasp left shaker1)
30.327: (leave left shot3)
30.327: (leave right shot4)
30.327: (leave right shot3)
30.327: (leave left shot4)
30.349: (grasp left shot5)
30.349: (grasp right shot5)
26.890: (leave left shot2)
26.890: (leave right shot2)
27.070: (leave right shot2)
27.070: (leave left shot2)
27.169: (fill-shot shot5 ingredient1 right left dispenser1)
27.169: (fill-shot shot5 ingredient1 left right dispenser1)
27.231: (pour-shaker-to-shot cocktail2 shot4 right shaker1 l2 l1)
27.231: (pour-shaker-to-shot cocktail2 shot3 right shaker1 l2 l1)
27.231: (pour-shaker-to-shot cocktail2 shot4 left shaker1 l2 l1)
27.231: (pour-shaker-to-shot cocktail2 shot3 left shaker1 l2 l1)
27.261: (pour-shaker-to-shot cocktail2 shot3 left shaker1 l2 l1)
27.261: (pour-shaker-to-shot cocktail2 shot4 left shaker1 l2 l1)
27.261: (pour-shaker-to-shot cocktail2 shot4 right shaker1 l2 l1)
27.261: (pour-shaker-to-shot cocktail2 shot3 right shaker1 l2 l1)
27.466: (grasp left shaker1)
27.466: (grasp right shaker1)
27.499: (fill-shot shot2 ingredient3 left right dispenser3)
27.499: (fill-shot shot2 ingredient3 right left dispenser3)
27.738: (grasp right shot5)
27.738: (grasp left shot5)
27.746: (fill-shot shot2 ingredient3 left right dispenser3)
27.746: (fill-shot shot2 ingredient3 right left dispenser3)
27.915: (grasp right shaker1)
27.915: (grasp left shaker1)
28.114: (fill-shot shot5 ingredient3 left right dispenser3)
28.114: (fill-shot shot5 ingredient3 right left dispenser3)
28.402: (leave left shot2)
28.403: (leave right shot2)
28.526: (leave left shot2)
28.527: (leave right shot2)
28.614: (grasp left shot3)
28.614: (grasp left shot4)
28.614: (grasp right shot3)
28.614: (grasp right shot4)
28.666: (grasp right shaker1)
28.667: (grasp left shaker1)
28.670: (pour-shaker-to-shot cocktail3 shot1 right shaker1 l2 l1)
28.670: (pour-shaker-to-shot cocktail3 shot1 left shaker1 l2 l1)
28.694: (grasp left shot1)
28.694: (grasp right shot1)
28.701: (grasp left shaker1)
28.701: (grasp left shaker1)
28.701: (grasp right shaker1)
28.701: (grasp right shaker1)
28.701: (grasp right shot3)
28.702: (grasp right shot4)
28.702: (grasp left shot3)
28.702: (grasp left shot4)
28.706: (fill-shot shot2 ingredient2 left right dispenser2)
28.706: (fill-shot shot2 ingredient2 right left dispenser2)
28.731: (pour-shaker-to-shot cocktail3 shot1 right shaker1 l2 l1)
28.731: (pour-shaker-to-shot cocktail3 shot1 left shaker1 l2 l1)
28.748: (grasp left shot5)
28.748: (grasp right shot5)
28.764: (grasp left shot1)
28.764: (grasp right shaker1)
28.764: (grasp right shot1)
28.765: (grasp left shaker1)
28.806: (grasp left shot3)
28.806: (grasp right shot4)
28.806: (grasp right shot3)
28.806: (grasp left shot4)
28.807: (grasp left shaker1)
28.807: (grasp right shaker1)
28.807: (grasp left shaker1)
28.807: (grasp right shaker1)
28.866: (grasp right shaker1)
28.866: (grasp left shaker1)
28.866: (grasp left shot1)
28.866: (empty-shot right shot2 ingredient3)
28.866: (grasp right shot1)
28.866: (empty-shot left shot2 ingredient3)
28.926: (grasp left shot5)
28.926: (grasp right shot5)
28.930: (fill-shot shot2 ingredient2 right left dispenser2)
28.930: (fill-shot shot2 ingredient2 left right dispenser2)
29.027: (grasp left shot3)
29.027: (grasp right shot3)
29.027: (grasp left shot4)
29.027: (grasp right shot4)
29.091: (grasp left shot1)
29.092: (grasp right shot1)
29.104: (grasp left shaker1)
29.104: (grasp right shaker1)
29.179: (empty-shot right shot2 ingredient3)
29.179: (empty-shot left shot2 ingredient3)
29.190: (grasp right shot2)
29.190: (grasp left shot2)
29.190: (grasp left shaker1)
29.191: (grasp right shaker1)
29.287: (grasp left shaker1)
29.287: (grasp right shaker1)
29.287: (grasp right shot2)
29.287: (grasp left shot2)
29.377: (shake cocktail2 ingredient3 ingredient1 shaker1 right left)
29.377: (shake cocktail2 ingredient3 ingredient1 shaker1 left right)
29.437: (shake cocktail2 ingredient3 ingredient1 shaker1 left right)
29.437: (shake cocktail2 ingredient3 ingredient1 shaker1 right left)
29.447: (shake cocktail2 ingredient3 ingredient1 shaker1 right left)
29.447: (shake cocktail2 ingredient3 ingredient1 shaker1 left right)
29.494: (grasp left shaker1)
29.494: (grasp right shaker1)
29.531: (shake cocktail2 ingredient3 ingredient1 shaker1 left right)
29.531: (shake cocktail2 ingredient3 ingredient1 shaker1 right left)
29.531: (grasp right shaker1)
29.531: (grasp left shaker1)
29.531: (grasp left shaker1)
29.531: (grasp right shaker1)
29.532: (grasp left shot4)
29.532: (grasp left shot3)
29.532: (grasp right shot4)
29.532: (grasp right shot3)
29.587: (fill-shot shot5 ingredient2 left right dispenser2)
29.587: (fill-shot shot5 ingredient2 right left dispenser2)
29.589: (shake cocktail1 ingredient3 ingredient2 shaker1 right left)
29.589: (shake cocktail1 ingredient3 ingredient2 shaker1 left right)
29.590: (shake cocktail1 ingredient3 ingredient2 shaker1 left right)
29.590: (shake cocktail1 ingredient3 ingredient2 shaker1 right left)
29.605: (grasp right shaker1)
29.606: (grasp left shaker1)
29.606: (grasp right shot1)
29.606: (grasp left shot1)
29.655: (shake cocktail3 ingredient3 ingredient1 shaker1 right left)
29.655: (shake cocktail3 ingredient3 ingredient1 shaker1 left right)
29.674: (grasp right shaker1)
29.674: (grasp left shaker1)
29.674: (grasp left shot5)
29.674: (grasp right shot5)
29.714: (shake cocktail3 ingredient3 ingredient1 shaker1 left right)
29.714: (shake cocktail3 ingredient3 ingredient1 shaker1 right left)
29.730: (shake cocktail3 ingredient3 ingredient1 shaker1 left right)
29.730: (shake cocktail3 ingredient3 ingredient1 shaker1 right left)
29.734: (grasp right shot3)
29.735: (grasp right shot4)
29.735: (grasp left shot4)
29.735: (grasp left shot3)
29.783: (fill-shot shot4 ingredient3 right left dispenser3)
29.783: (fill-shot shot3 ingredient3 right left dispenser3)
29.783: (fill-shot shot3 ingredient3 left right dispenser3)
29.783: (fill-shot shot4 ingredient3 left right dispenser3)
29.795: (grasp right shot4)
29.795: (grasp left shot4)
29.795: (grasp right shot3)
29.795: (grasp left shot3)
29.806: (shake cocktail3 ingredient3 ingredient1 shaker1 left right)
29.806: (shake cocktail3 ingredient3 ingredient1 shaker1 right left)
29.818: (grasp left shot4)
29.818: (grasp left shot3)
29.818: (grasp right shot3)
29.818: (grasp right shot4)
29.818: (grasp right shot1)
29.818: (grasp right shot1)
29.818: (grasp left shot1)
29.818: (grasp left shot1)
29.855: (grasp right shot4)
29.855: (grasp left shot3)
29.855: (grasp left shot4)
29.855: (grasp right shot3)
29.872: (grasp left shot1)
29.872: (grasp right shot1)
29.919: (grasp left shot4)
29.919: (grasp left shot3)
29.920: (grasp right shot3)
29.920: (grasp right shot4)
29.920: (grasp left shot1)
29.920: (grasp right shot1)
29.920: (grasp left shot1)
29.920: (grasp right shot1)
29.939: (grasp left shaker1)
29.939: (grasp right shaker1)
29.939: (grasp left shaker1)
29.939: (grasp right shaker1)
29.948: (fill-shot shot1 ingredient3 right left dispenser3)
29.948: (fill-shot shot1 ingredient3 left right dispenser3)
29.949: (grasp left shaker1)
29.949: (grasp right shaker1)
29.967: (grasp right shot5)
29.967: (grasp left shot5)
29.968: (fill-shot shot4 ingredient3 left right dispenser3)
29.968: (fill-shot shot4 ingredient3 right left dispenser3)
29.968: (fill-shot shot3 ingredient3 right left dispenser3)
29.968: (fill-shot shot3 ingredient3 left right dispenser3)
29.996: (empty-shot left shot1 ingredient3)
29.996: (empty-shot right shot1 ingredient3)
30.008: (empty-shot right shot2 ingredient2)
30.008: (empty-shot left shot2 ingredient2)
30.010: (empty-shot right shot2 ingredient1)
30.010: (empty-shot left shot2 ingredient1)
30.030: (grasp right shaker1)
30.030: (grasp left shaker1)
30.041: (fill-shot shot5 ingredient1 right left dispenser1)
30.041: (fill-shot shot5 ingredient1 left right dispenser1)
30.081: (leave left shot2)
30.081: (leave right shot2)
30.106: (grasp right shaker1)
30.106: (grasp left shaker1)
30.118: (fill-shot shot2 ingredient1 right left dispenser1)
30.118: (fill-shot shot2 ingredient1 left right dispenser1)
30.129: (fill-shot shot1 ingredient3 left right dispenser3)
30.129: (fill-shot shot1 ingredient3 right left dispenser3)
25.864: (leave right shot2)
25.864: (leave left shot2)
25.865: (grasp right shaker1)
25.865: (grasp left shaker1)
26.060: (grasp left shaker1)
26.060: (grasp right shaker1)
26.230: (pour-shaker-to-shot cocktail2 shot3 right shaker1 l1 l0)
26.230: (pour-shaker-to-shot cocktail2 shot4 right shaker1 l1 l0)
26.230: (pour-shaker-to-shot cocktail2 shot3 left shaker1 l1 l0)
26.230: (pour-shaker-to-shot cocktail2 shot4 left shaker1 l1 l0)
26.277: (pour-shaker-to-shot cocktail2 shot4 right shaker1 l1 l0)
26.277: (pour-shaker-to-shot cocktail2 shot3 right shaker1 l1 l0)
26.277: (pour-shaker-to-shot cocktail2 shot4 left shaker1 l1 l0)
26.277: (pour-shaker-to-shot cocktail2 shot3 left shaker1 l1 l0)
26.317: (grasp right shaker1)
26.317: (grasp left shaker1)
26.317: (leave right shot2)
26.317: (leave left shot2)
26.845: (leave right shot5)
26.845: (leave left shot5)
26.845: (leave left shot2)
26.845: (leave right shot2)
26.875: (leave left shot2)
26.875: (leave right shot2)
26.875: (leave left shot5)
26.875: (leave right shot5)
27.146: (pour-shaker-to-shot cocktail2 shot4 right shaker1 l2 l1)
27.146: (pour-shaker-to-shot cocktail2 shot3 right shaker1 l2 l1)
27.147: (pour-shaker-to-shot cocktail2 shot3 left shaker1 l2 l1)
27.147: (pour-shaker-to-shot cocktail2 shot4 left shaker1 l2 l1)
27.175: (grasp left shaker1)
27.175: (grasp right shaker1)
27.230: (pour-shaker-to-shot cocktail2 shot3 right shaker1 l2 l1)
27.231: (pour-shaker-to-shot cocktail2 shot4 right shaker1 l2 l1)
27.231: (pour-shaker-to-shot cocktail2 shot4 left shaker1 l2 l1)
27.231: (pour-shaker-to-shot cocktail2 shot3 left shaker1 l2 l1)
27.234: (empty-shot left shot5 ingredient1)
27.234: (empty-shot right shot5 ingredient1)
27.234: (grasp right shot5)
27.234: (grasp left shot5)
27.235: (leave left shot2)
27.235: (leave right shot2)
27.245: (pour-shaker-to-shot cocktail2 shot4 left shaker1 l2 l1)
27.245: (pour-shaker-to-shot cocktail2 shot3 left shaker1 l2 l1)
27.245: (pour-shaker-to-shot cocktail2 shot4 right shaker1 l2 l1)
27.245: (pour-shaker-to-shot cocktail2 shot3 right shaker1 l2 l1)
27.338: (pour-shaker-to-shot cocktail2 shot4 right shaker1 l2 l1)
27.338: (pour-shaker-to-shot cocktail2 shot3 right shaker1 l2 l1)
27.338: (pour-shaker-to-shot cocktail2 shot3 left shaker1 l2 l1)
27.338: (pour-shaker-to-shot cocktail2 shot4 left shaker1 l2 l1)
27.480: (grasp right shaker1)
27.480: (grasp left shaker1)
27.506: (empty-shaker right shaker1 cocktail3 l1 l0)
27.506: (empty-shaker left shaker1 cocktail3 l1 l0)
27.555: (empty-shaker right shaker1 cocktail3 l1 l0)
27.555: (empty-shaker left shaker1 cocktail3 l1 l0)
27.657: (grasp left shot4)
27.657: (grasp left shot3)
27.657: (grasp right shot4)
27.657: (grasp right shot3)
27.657: (leave right shot2)
27.657: (leave left shot2)
27.657: (leave left shot2)
27.657: (leave right shot2)
27.693: (grasp left shot5)
27.693: (grasp right shot5)
27.693: (grasp left shot2)
27.693: (grasp right shot2)
27.735: (leave right shot2)
27.735: (grasp left shot1)
27.735: (grasp right shot1)
27.735: (leave left shot2)
27.824: (grasp left shaker1)
27.824: (grasp right shaker1)
27.824: (leave left shot2)
27.824: (leave right shot2)
27.842: (grasp right shaker1)
27.842: (grasp left shaker1)
27.886: (grasp right shot4)
27.886: (grasp right shot3)
27.886: (grasp left shot4)
27.886: (grasp left shot3)
27.886: (leave left shot2)
27.887: (leave right shot2)
27.887: (leave left shot2)
27.887: (leave right shot2)
27.903: (grasp left shot4)
27.903: (grasp right shot4)
27.903: (grasp left shot3)
27.903: (grasp right shot3)
27.943: (leave left shaker1)
27.943: (leave left shaker1)
27.943: (leave right shaker1)
27.943: (leave right shaker1)
27.948: (grasp right shot1)
27.948: (grasp left shot1)
27.949: (leave right shot2)
27.949: (leave left shot2)
27.959: (leave right shot5)
27.959: (leave left shot5)
27.981: (leave right shaker1)
27.981: (leave right shaker1)
27.981: (leave left shaker1)
27.981: (leave left shaker1)
27.985: (grasp left shot1)
27.986: (grasp right shot1)
28.090: (grasp left shot5)
28.090: (grasp left shot5)
28.090: (grasp right shot5)
28.090: (grasp right shot5)
28.115: (grasp right shot5)
28.115: (grasp right shot5)
28.115: (grasp left shot5)
28.115: (grasp left shot5)
28.151: (leave right shot2)
28.151: (leave left shot2)
28.151: (grasp left shaker1)
28.151: (grasp right shaker1)
28.187: (grasp right shot5)
28.187: (grasp left shot5)
28.187: (empty-shot right shot5 ingredient3)
28.187: (empty-shot left shot5 ingredient3)
28.187: (leave right shot2)
28.187: (leave left shot2)
28.196: (pour-shaker-to-shot cocktail1 shot2 right shaker1 l2 l1)
28.196: (pour-shaker-to-shot cocktail1 shot2 left shaker1 l2 l1)
28.196: (pour-shaker-to-shot cocktail1 shot2 right shaker1 l2 l1)
28.196: (pour-shaker-to-shot cocktail1 shot2 left shaker1 l2 l1)
28.250: (grasp left shot2)
28.250: (grasp left shot2)
28.250: (grasp right shot2)
28.250: (grasp right shot2)
28.252: (grasp left shot1)
28.252: (grasp right shot1)
28.252: (grasp left shot1)
28.252: (grasp right shot1)
28.280: (grasp right shot2)
28.280: (grasp left shot2)
28.280: (grasp right shot2)
28.280: (grasp left shot2)
28.281: (grasp left shot1)
28.281: (grasp left shot1)
28.281: (grasp right shot1)
28.282: (grasp right shot1)
28.283: (leave left shot2)
28.283: (leave right shot2)
28.323: (grasp left shot4)
28.323: (grasp left shot3)
28.323: (grasp right shot3)
28.324: (grasp right shot4)
28.351: (grasp right shot4)
28.351: (grasp left shot4)
28.351: (grasp right shot3)
28.351: (grasp left shot3)
28.395: (grasp left shot4)
28.395: (grasp left shot3)
28.396: (grasp right shot4)
28.396: (grasp right shot3)
28.401: (leave left shot2)
28.401: (leave right shot2)
28.422: (grasp left shot3)
28.422: (grasp left shot4)
28.422: (grasp right shot4)
28.422: (grasp right shot3)
28.446: (leave right shot2)
28.446: (leave left shot2)
28.562: (leave right shot2)
28.562: (leave left shot2)
28.619: (pour-shaker-to-shot cocktail3 shot1 right shaker1 l2 l1)
28.619: (pour-shaker-to-shot cocktail3 shot1 left shaker1 l2 l1)
28.629: (grasp left shot4)
28.629: (grasp left shot3)
28.629: (grasp right shot4)
28.629: (grasp right shot3)
28.686: (grasp right shaker1)
28.686: (grasp left shaker1)
28.710: (grasp left shot1)
28.710: (grasp right shot1)
28.734: (pour-shaker-to-shot cocktail3 shot1 left shaker1 l2 l1)
28.735: (pour-shaker-to-shot cocktail3 shot1 right shaker1 l2 l1)
28.741: (pour-shaker-to-shot cocktail3 shot1 right shaker1 l2 l1)
28.741: (pour-shaker-to-shot cocktail3 shot1 left shaker1 l2 l1)
28.797: (pour-shaker-to-shot cocktail3 shot1 left shaker1 l2 l1)
28.797: (pour-shaker-to-shot cocktail3 shot1 right shaker1 l2 l1)
28.834: (grasp right shot2)
28.834: (grasp left shot5)
28.834: (grasp left shot2)
28.834: (grasp right shot5)
28.841: (grasp left shot5)
28.841: (leave right shot2)
28.841: (leave left shot2)
28.841: (grasp right shot5)
28.844: (empty-shot right shot2 ingredient3)
28.844: (empty-shot left shot2 ingredient3)
28.845: (grasp left shaker1)
28.845: (grasp right shaker1)
28.849: (grasp right shot3)
28.849: (grasp left shot3)
28.849: (grasp left shot4)
28.849: (grasp right shot4)
25.062: (empty-shaker left shaker1 cocktail2 l0 l0)
25.062: (empty-shaker right shaker1 cocktail2 l0 l0)
25.105: (empty-shaker right shaker1 cocktail2 l0 l0)
25.105: (empty-shaker left shaker1 cocktail2 l0 l0)
25.878: (grasp right shaker1)
25.878: (grasp left shaker1)
25.878: (leave right shot2)
25.878: (leave left shot2)
25.878: (leave right shot5)
25.878: (leave left shot5)
26.106: (grasp left shaker1)
26.106: (grasp right shaker1)
26.106: (empty-shot left shot5 ingredient1)
26.106: (grasp left shot5)
26.106: (empty-shot right shot5 ingredient1)
26.106: (grasp right shot5)
26.128: (pour-shaker-to-shot cocktail2 shot4 left shaker1 l1 l0)
26.128: (pour-shaker-to-shot cocktail2 shot3 right shaker1 l1 l0)
26.128: (pour-shaker-to-shot cocktail2 shot4 right shaker1 l1 l0)
26.128: (pour-shaker-to-shot cocktail2 shot3 left shaker1 l1 l0)
26.240: (leave right shot2)
26.240: (leave left shot2)
26.241: (leave right shot5)
26.241: (grasp left shaker1)
26.241: (leave left shot5)
26.241: (grasp right shaker1)
26.288: (pour-shaker-to-shot cocktail2 shot3 right shaker1 l1 l0)
26.288: (pour-shaker-to-shot cocktail2 shot4 right shaker1 l1 l0)
26.288: (pour-shaker-to-shot cocktail2 shot3 left shaker1 l1 l0)
26.288: (pour-shaker-to-shot cocktail2 shot4 left shaker1 l1 l0)
26.302: (pour-shaker-to-shot cocktail2 shot3 right shaker1 l1 l0)
26.302: (pour-shaker-to-shot cocktail2 shot3 left shaker1 l1 l0)
26.302: (pour-shaker-to-shot cocktail2 shot4 left shaker1 l1 l0)
26.302: (pour-shaker-to-shot cocktail2 shot4 right shaker1 l1 l0)
26.316: (clean-shaker left right shaker1)
26.316: (clean-shaker right left shaker1)
26.342: (pour-shaker-to-shot cocktail2 shot3 left shaker1 l1 l0)
26.342: (pour-shaker-to-shot cocktail2 shot3 right shaker1 l1 l0)
26.342: (pour-shaker-to-shot cocktail2 shot4 left shaker1 l1 l0)
26.342: (pour-shaker-to-shot cocktail2 shot4 right shaker1 l1 l0)
26.366: (clean-shaker left right shaker1)
26.366: (clean-shaker right left shaker1)
26.749: (leave right shaker1)
26.749: (leave left shaker1)
26.799: (leave left shaker1)
26.799: (leave right shaker1)
27.013: (grasp left shaker1)
27.013: (grasp right shaker1)
27.013: (grasp right shaker1)
27.013: (grasp left shaker1)
27.014: (grasp left shot3)
27.014: (grasp right shot3)
27.014: (grasp right shot4)
27.014: (grasp left shot4)
27.056: (grasp right shaker1)
27.056: (grasp left shaker1)
27.056: (grasp right shot5)
27.056: (grasp left shot5)
27.056: (empty-shot left shot5 ingredient3)
27.057: (empty-shot right shot5 ingredient3)
27.057: (pour-shaker-to-shot cocktail2 shot3 right shaker1 l1 l0)
27.057: (pour-shaker-to-shot cocktail2 shot4 left shaker1 l1 l0)
27.057: (pour-shaker-to-shot cocktail2 shot3 left shaker1 l1 l0)
27.057: (pour-shaker-to-shot cocktail2 shot4 right shaker1 l1 l0)
27.057: (grasp left shot5)
27.057: (grasp right shot5)
27.061: (empty-shaker left shaker1 cocktail1 l1 l0)
27.061: (empty-shaker right shaker1 cocktail1 l1 l0)
27.061: (empty-shaker right shaker1 cocktail1 l1 l0)
27.061: (empty-shaker left shaker1 cocktail1 l1 l0)
27.102: (grasp right shaker1)
27.102: (grasp left shaker1)
27.103: (grasp right shot1)
27.103: (grasp left shot1)
27.106: (pour-shaker-to-shot cocktail2 shot3 right shaker1 l1 l0)
27.106: (pour-shaker-to-shot cocktail2 shot3 left shaker1 l1 l0)
27.106: (pour-shaker-to-shot cocktail2 shot4 right shaker1 l1 l0)
27.106: (pour-shaker-to-shot cocktail2 shot4 left shaker1 l1 l0)
27.106: (grasp left shot5)
27.107: (grasp right shot5)
27.264: (grasp left shot1)
27.264: (grasp right shot1)
27.264: (pour-shaker-to-shot cocktail2 shot3 right shaker1 l1 l0)
27.264: (pour-shaker-to-shot cocktail2 shot3 left shaker1 l1 l0)
27.264: (pour-shaker-to-shot cocktail2 shot4 right shaker1 l1 l0)
27.264: (pour-shaker-to-shot cocktail2 shot4 left shaker1 l1 l0)
27.265: (pour-shaker-to-shot cocktail2 shot4 left shaker1 l1 l0)
27.265: (pour-shaker-to-shot cocktail2 shot3 left shaker1 l1 l0)
27.265: (pour-shaker-to-shot cocktail2 shot4 right shaker1 l1 l0)
27.265: (pour-shaker-to-shot cocktail2 shot3 right shaker1 l1 l0)
27.266: (grasp right shot2)
27.266: (grasp left shot2)
27.311: (pour-shaker-to-shot cocktail2 shot3 right shaker1 l1 l0)
27.311: (pour-shaker-to-shot cocktail2 shot3 left shaker1 l1 l0)
27.311: (pour-shaker-to-shot cocktail2 shot4 right shaker1 l1 l0)
27.311: (pour-shaker-to-shot cocktail2 shot4 left shaker1 l1 l0)
27.311: (pour-shaker-to-shot cocktail2 shot3 right shaker1 l1 l0)
27.311: (pour-shaker-to-shot cocktail2 shot4 left shaker1 l1 l0)
27.311: (pour-shaker-to-shot cocktail2 shot3 left shaker1 l1 l0)
27.311: (pour-shaker-to-shot cocktail2 shot4 right shaker1 l1 l0)
27.313: (grasp right shot2)
27.313: (grasp left shot2)
27.313: (grasp left shot1)
27.313: (grasp right shot1)
27.400: (empty-shaker right shaker1 cocktail3 l1 l0)
27.400: (empty-shaker left shaker1 cocktail3 l1 l0)
27.404: (pour-shaker-to-shot cocktail2 shot3 left shaker1 l1 l0)
27.404: (pour-shaker-to-shot cocktail2 shot4 left shaker1 l1 l0)
27.404: (pour-shaker-to-shot cocktail2 shot4 right shaker1 l1 l0)
27.404: (pour-shaker-to-shot cocktail2 shot3 right shaker1 l1 l0)
27.404: (pour-shaker-to-shot cocktail2 shot3 left shaker1 l1 l0)
27.404: (pour-shaker-to-shot cocktail2 shot4 left shaker1 l1 l0)
27.404: (pour-shaker-to-shot cocktail2 shot3 right shaker1 l1 l0)
27.404: (pour-shaker-to-shot cocktail2 shot4 right shaker1 l1 l0)
27.406: (grasp left shot3)
27.406: (grasp left shot4)
27.406: (grasp right shot3)
27.406: (grasp right shot4)
27.445: (pour-shaker-to-shot cocktail2 shot4 left shaker1 l1 l0)
27.445: (pour-shaker-to-shot cocktail2 shot4 right shaker1 l1 l0)
27.445: (pour-shaker-to-shot cocktail2 shot3 left shaker1 l1 l0)
27.445: (pour-shaker-to-shot cocktail2 shot3 right shaker1 l1 l0)
27.445: (pour-shaker-to-shot cocktail2 shot4 left shaker1 l1 l0)
27.445: (pour-shaker-to-shot cocktail2 shot3 right shaker1 l1 l0)
27.445: (pour-shaker-to-shot cocktail2 shot3 left shaker1 l1 l0)
27.445: (pour-shaker-to-shot cocktail2 shot4 right shaker1 l1 l0)
27.448: (grasp right shot3)
27.448: (grasp right shot4)
27.448: (grasp left shot3)
27.448: (grasp left shot4)
27.507: (grasp right shaker1)
27.507: (grasp right shaker1)
27.507: (grasp left shaker1)
27.507: (grasp left shaker1)
27.508: (grasp right shot4)
27.508: (grasp left shot3)
27.508: (grasp left shot4)
27.508: (grasp right shot3)
27.576: (empty-shaker right shaker1 cocktail3 l1 l0)
27.576: (empty-shaker left shaker1 cocktail3 l1 l0)
27.576: (grasp right shaker1)
27.576: (grasp left shaker1)
27.579: (leave right shot2)
27.579: (leave left shot2)
27.583: (empty-shaker left shaker1 cocktail3 l1 l0)
27.583: (grasp right shaker1)
27.583: (empty-shaker right shaker1 cocktail3 l1 l0)
27.583: (grasp left shaker1)
27.584: (grasp left shot1)
27.584: (grasp right shot1)
27.622: (empty-shaker left shaker1 cocktail3 l1 l0)
27.622: (empty-shaker right shaker1 cocktail3 l1 l0)
27.637: (grasp right shot4)
27.637: (grasp left shot3)
27.637: (grasp right shot3)
27.637: (grasp left shot4)
27.637: (leave right shot5)
27.637: (leave left shot5)
27.637: (leave right shot5)
27.637: (leave left shot5)
27.638: (leave right shot2)
27.638: (leave left shot2)
27.638: (leave left shot2)
27.638: (leave right shot2)
27.658: (leave right shot5)
27.658: (leave right shot5)
27.658: (leave left shot5)
27.658: (leave left shot5)
27.659: (grasp left shot3)
27.659: (grasp left shot4)
27.659: (grasp right shot3)
27.659: (grasp right shot4)
27.715: (leave left shot5)
27.716: (grasp left shot1)
27.716: (grasp right shot1)
27.716: (leave right shot5)
27.717: (leave right shot2)
27.717: (leave left shot2)
27.724: (grasp right shot1)
27.724: (grasp left shot1)
27.849: (leave left shaker1)
27.849: (leave left shaker1)
27.849: (leave right shaker1)
27.849: (leave right shaker1)
27.851: (grasp left shaker1)
27.851: (grasp right shaker1)
27.851: (leave left shot2)
27.851: (leave right shot2)
27.911: (grasp right shot5)
27.911: (grasp left shot5)
27.911: (grasp right shot5)
27.911: (grasp left shot5)
27.929: (grasp left shaker1)
27.929: (grasp right shaker1)
27.933: (grasp right shot5)
27.933: (grasp left shot5)
27.934: (grasp left shot5)
27.934: (grasp right shot5)
27.938: (leave left shaker1)
27.938: (leave right shaker1)
23.919: (clean-shaker left right shaker1)
23.919: (clean-shaker right left shaker1)
23.968: (clean-shaker left right shaker1)
23.968: (clean-shaker right left shaker1)
24.941: (empty-shaker left shaker1 cocktail2 l0 l0)
24.941: (empty-shaker right shaker1 cocktail2 l0 l0)
25.125: (empty-shaker left shaker1 cocktail2 l0 l0)
25.125: (empty-shaker right shaker1 cocktail2 l0 l0)
25.138: (empty-shaker right shaker1 cocktail2 l0 l0)
25.138: (empty-shaker left shaker1 cocktail2 l0 l0)
25.169: (empty-shaker right shaker1 cocktail2 l0 l0)
25.169: (empty-shaker left shaker1 cocktail2 l0 l0)
25.246: (leave left shaker1)
25.246: (leave right shaker1)
25.298: (leave right shaker1)
25.298: (leave left shaker1)
25.680: (leave left shaker1)
25.680: (leave right shaker1)
25.723: (leave left shaker1)
25.723: (leave right shaker1)
25.823: (grasp right shot4)
25.823: (grasp right shot3)
25.823: (grasp left shot3)
25.824: (grasp left shot4)
25.843: (grasp left shot2)
25.843: (grasp right shot2)
25.872: (grasp right shot3)
25.872: (grasp left shot3)
25.872: (grasp left shot4)
25.872: (grasp right shot4)
25.889: (grasp right shot5)
25.889: (grasp left shot5)
25.889: (empty-shaker left shaker1 cocktail2 l0 l0)
25.889: (empty-shaker right shaker1 cocktail2 l0 l0)
25.889: (grasp right shot2)
25.890: (grasp left shot2)
25.927: (empty-shaker left shaker1 cocktail2 l0 l0)
25.927: (empty-shaker right shaker1 cocktail2 l0 l0)
25.928: (grasp left shot5)
25.928: (grasp right shot5)
26.092: (empty-shaker left shaker1 cocktail2 l0 l0)
26.092: (empty-shaker right shaker1 cocktail2 l0 l0)
26.092: (grasp right shot1)
26.092: (grasp left shot1)
26.095: (empty-shaker right shaker1 cocktail2 l0 l0)
26.095: (empty-shaker left shaker1 cocktail2 l0 l0)
26.095: (grasp left shot2)
26.095: (grasp right shot2)
26.110: (clean-shaker left right shaker1)
26.110: (clean-shaker right left shaker1)
26.110: (clean-shaker right left shaker1)
26.110: (clean-shaker left right shaker1)
26.136: (empty-shaker left shaker1 cocktail2 l0 l0)
26.136: (empty-shaker right shaker1 cocktail2 l0 l0)
26.136: (grasp right shot1)
26.136: (grasp left shot1)
26.136: (grasp right shot2)
26.136: (empty-shaker right shaker1 cocktail2 l0 l0)
26.136: (grasp left shot2)
26.136: (empty-shaker left shaker1 cocktail2 l0 l0)
26.185: (grasp right shot5)
26.186: (grasp left shot5)
26.201: (clean-shaker left right shaker1)
26.201: (clean-shaker right left shaker1)
26.215: (grasp left shot5)
26.215: (grasp right shot5)
26.235: (clean-shaker left right shaker1)
26.235: (clean-shaker right left shaker1)
26.263: (empty-shaker right shaker1 cocktail2 l0 l0)
26.263: (empty-shaker right shaker1 cocktail2 l0 l0)
26.263: (empty-shaker left shaker1 cocktail2 l0 l0)
26.263: (empty-shaker left shaker1 cocktail2 l0 l0)
26.263: (grasp right shot4)
26.263: (grasp left shot3)
26.263: (grasp right shot3)
26.263: (grasp left shot4)
26.306: (grasp right shot3)
26.306: (grasp right shot4)
26.306: (grasp left shot4)
26.306: (grasp left shot3)
26.306: (empty-shaker right shaker1 cocktail2 l0 l0)
26.306: (empty-shaker left shaker1 cocktail2 l0 l0)
26.306: (empty-shaker right shaker1 cocktail2 l0 l0)
26.306: (empty-shaker left shaker1 cocktail2 l0 l0)
26.309: (clean-shaker left right shaker1)
26.309: (clean-shaker right left shaker1)
26.403: (clean-shaker right left shaker1)
26.403: (clean-shaker left right shaker1)
26.653: (leave left shaker1)
26.653: (leave right shaker1)
26.805: (leave left shaker1)
26.805: (leave right shaker1)
26.824: (leave right shaker1)
26.824: (leave left shaker1)
26.861: (leave left shaker1)
26.861: (leave right shaker1)
26.915: (pour-shaker-to-shot cocktail2 shot3 left shaker1 l1 l0)
26.915: (pour-shaker-to-shot cocktail2 shot3 right shaker1 l1 l0)
26.915: (pour-shaker-to-shot cocktail2 shot4 right shaker1 l1 l0)
26.915: (pour-shaker-to-shot cocktail2 shot4 left shaker1 l1 l0)
26.915: (grasp right shot5)
26.915: (grasp left shot5)
26.976: (grasp left shot5)
26.976: (grasp right shot5)
26.977: (pour-shaker-to-shot cocktail2 shot3 left shaker1 l1 l0)
26.977: (pour-shaker-to-shot cocktail2 shot3 right shaker1 l1 l0)
26.977: (pour-shaker-to-shot cocktail2 shot4 right shaker1 l1 l0)
26.977: (pour-shaker-to-shot cocktail2 shot4 left shaker1 l1 l0)
27.028: (grasp right shaker1)
27.028: (grasp left shaker1)
27.028: (grasp right shaker1)
27.028: (grasp left shaker1)
27.028: (grasp right shot3)
27.028: (grasp left shot4)
27.028: (grasp right shot4)
27.028: (grasp left shot3)
27.033: (grasp right shot5)
27.033: (grasp left shot5)
27.036: (grasp right shot2)
27.036: (grasp left shot2)
27.118: (grasp right shot1)
27.118: (grasp left shot1)
27.118: (grasp right shaker1)
27.118: (grasp left shaker1)
27.148: (grasp right shot1)
27.148: (grasp left shot1)
27.206: (grasp left shot5)
27.206: (grasp right shot5)
27.298: (grasp left shot3)
27.298: (grasp left shot4)
27.298: (grasp right shot3)
27.298: (grasp right shot4)
27.320: (grasp left shot2)
27.320: (grasp right shot2)
27.320: (grasp left shot1)
27.320: (grasp right shot1)
27.338: (grasp right shot1)
27.338: (grasp left shot1)
27.338: (grasp right shot2)
27.338: (grasp left shot2)
27.371: (grasp left shot1)
27.371: (grasp left shot2)
27.371: (grasp right shot1)
27.371: (grasp right shot2)
27.432: (grasp left shaker1)
27.432: (grasp right shaker1)
27.432: (grasp left shaker1)
27.432: (grasp right shaker1)
27.433: (grasp left shot4)
27.433: (grasp right shot3)
27.433: (grasp right shot4)
27.433: (grasp left shot3)
27.441: (grasp right shot1)
27.441: (grasp left shot1)
27.463: (grasp left shot3)
27.463: (grasp right shot4)
27.463: (grasp right shot3)
27.463: (grasp left shot4)
27.481: (grasp left shot3)
27.481: (grasp left shot4)
27.481: (grasp right shot4)
27.482: (grasp right shot3)
27.491: (grasp right shot1)
27.492: (grasp left shot1)
27.506: (grasp right shaker1)
27.507: (grasp left shaker1)
27.507: (grasp left shot3)
27.507: (grasp left shot4)
27.507: (grasp right shot3)
27.507: (grasp right shot4)
27.508: (grasp left shot1)
27.508: (grasp right shot1)
27.568: (grasp right shot5)
27.569: (grasp left shot5)
27.569: (leave right shaker1)
27.569: (leave left shaker1)
27.619: (grasp left shot5)
27.619: (grasp right shot5)
27.619: (leave right shaker1)
27.619: (leave left shaker1)
27.690: (leave right shaker1)
27.690: (leave left shaker1)
27.690: (leave right shaker1)
27.690: (leave left shaker1)
27.776: (leave left shaker1)
27.776: (leave right shaker1)
27.776: (grasp right shot1)
27.776: (grasp left shot1)
27.779: (grasp right shot2)
27.779: (grasp left shot2)
27.779: (leave left shaker1)
27.779: (leave right shaker1)
27.806: (grasp right shot5)
27.807: (grasp left shot5)
27.826: (grasp right shot2)
27.826: (leave left shaker1)
27.826: (grasp left shot1)
27.826: (grasp right shot1)
27.826: (leave right shaker1)
27.826: (grasp left shot2)
22.859: (leave right shaker1)
22.859: (leave left shaker1)
22.906: (leave left shaker1)
22.906: (leave right shaker1)
23.396: (grasp left shot1)
23.396: (grasp right shot1)
23.399: (grasp left shot2)
23.399: (grasp right shot2)
23.439: (grasp left shot1)
23.439: (grasp right shot1)
23.439: (grasp left shot2)
23.439: (grasp right shot2)
23.765: (grasp right shot5)
23.765: (grasp left shot5)
23.791: (grasp right shot5)
23.791: (grasp left shot5)
23.792: (clean-shaker right left shaker1)
23.792: (clean-shaker left right shaker1)
23.841: (clean-shaker right left shaker1)
23.841: (clean-shaker left right shaker1)
23.918: (clean-shaker right left shaker1)
23.918: (clean-shaker left right shaker1)
24.011: (clean-shaker left right shaker1)
24.011: (clean-shaker right left shaker1)
24.714: (grasp right shot4)
24.714: (grasp right shot3)
24.714: (grasp left shot4)
24.714: (grasp left shot3)
24.714: (leave right shaker1)
24.715: (leave right shaker1)
24.715: (leave left shaker1)
24.715: (leave left shaker1)
24.734: (leave right shaker1)
24.734: (leave left shaker1)
24.734: (grasp right shot2)
24.734: (grasp left shot2)
24.763: (grasp left shot3)
24.763: (grasp left shot4)
24.763: (grasp right shot4)
24.763: (grasp right shot3)
24.763: (leave right shaker1)
24.763: (leave left shaker1)
24.763: (leave left shaker1)
24.763: (leave right shaker1)
24.780: (grasp left shot2)
24.780: (grasp right shot2)
24.781: (leave left shaker1)
24.781: (leave right shaker1)
25.006: (leave left shaker1)
25.006: (leave right shaker1)
25.006: (leave right shaker1)
25.006: (leave left shaker1)
25.030: (grasp right shot4)
25.030: (grasp right shot3)
25.030: (grasp left shot4)
25.030: (grasp left shot3)
25.076: (grasp right shot3)
25.076: (grasp left shot4)
25.076: (grasp left shot3)
25.076: (grasp right shot4)
25.085: (grasp right shot5)
25.085: (grasp left shot5)
25.085: (leave right shaker1)
25.086: (leave left shaker1)
25.114: (leave right shaker1)
25.114: (leave left shaker1)
25.114: (grasp left shot5)
25.115: (grasp right shot5)
25.122: (leave left shaker1)
25.122: (leave right shaker1)
25.169: (leave left shaker1)
25.169: (leave right shaker1)
25.246: (leave left shaker1)
25.246: (grasp right shot4)
25.246: (grasp left shot3)
25.246: (grasp left shot4)
25.246: (grasp right shot3)
25.248: (leave right shaker1)
25.336: (leave right shaker1)
25.336: (leave left shaker1)
25.367: (grasp left shot1)
25.367: (grasp left shot1)
25.367: (grasp right shot1)
25.368: (grasp right shot1)
25.380: (grasp right shot4)
25.380: (grasp left shot3)
25.380: (grasp right shot3)
25.380: (grasp left shot4)
25.559: (leave left shaker1)
25.559: (leave right shaker1)
25.608: (grasp right shot2)
25.608: (grasp left shot2)
25.702: (grasp right shot3)
25.702: (grasp right shot4)
25.702: (grasp left shot4)
25.702: (grasp left shot3)
25.739: (leave left shaker1)
25.739: (leave right shaker1)
25.742: (grasp right shot5)
25.742: (grasp left shot5)
25.745: (empty-shaker right shaker1 cocktail2 l0 l0)
25.745: (empty-shaker left shaker1 cocktail2 l0 l0)
25.745: (grasp left shot5)
25.745: (grasp right shot5)
25.756: (leave right shaker1)
25.757: (leave left shaker1)
25.785: (leave left shaker1)
25.785: (leave right shaker1)
25.808: (empty-shaker right shaker1 cocktail2 l0 l0)
25.808: (empty-shaker left shaker1 cocktail2 l0 l0)
25.809: (grasp right shot5)
25.809: (grasp left shot5)
25.834: (grasp left shot5)
25.835: (grasp right shot5)
25.842: (empty-shaker left shaker1 cocktail2 l0 l0)
25.842: (empty-shaker right shaker1 cocktail2 l0 l0)
25.843: (grasp right shot5)
25.843: (grasp left shot5)
25.847: (grasp right shot2)
25.847: (grasp left shot2)
25.848: (empty-shaker left shaker1 cocktail2 l0 l0)
25.848: (empty-shaker right shaker1 cocktail2 l0 l0)
25.896: (grasp right shot4)
25.896: (grasp right shot3)
25.896: (grasp left shot3)
25.896: (grasp left shot4)
25.899: (grasp right shot4)
25.899: (grasp left shot3)
25.899: (grasp left shot4)
25.899: (grasp right shot3)
25.912: (grasp right shot2)
25.912: (grasp left shot2)
25.917: (grasp right shot2)
25.917: (grasp left shot2)
25.937: (grasp right shot3)
25.937: (grasp right shot4)
25.938: (grasp left shot3)
25.938: (grasp left shot4)
25.956: (grasp right shot2)
25.957: (grasp left shot2)
25.957: (grasp left shot1)
25.957: (grasp right shot1)
25.957: (empty-shaker right shaker1 cocktail2 l0 l0)
25.957: (empty-shaker left shaker1 cocktail2 l0 l0)
26.040: (empty-shaker left shaker1 cocktail2 l0 l0)
26.040: (empty-shaker right shaker1 cocktail2 l0 l0)
26.040: (grasp left shot5)
26.040: (grasp right shot5)
26.143: (empty-shaker left shaker1 cocktail2 l0 l0)
26.143: (empty-shaker right shaker1 cocktail2 l0 l0)
26.143: (empty-shaker right shaker1 cocktail2 l0 l0)
26.143: (empty-shaker left shaker1 cocktail2 l0 l0)
26.143: (grasp left shot3)
26.143: (grasp left shot4)
26.143: (grasp right shot3)
26.143: (grasp right shot4)
26.153: (empty-shaker right shaker1 cocktail2 l0 l0)
26.153: (empty-shaker left shaker1 cocktail2 l0 l0)
26.154: (grasp left shot2)
26.154: (grasp right shot1)
26.154: (grasp left shot1)
26.154: (empty-shaker left shaker1 cocktail2 l0 l0)
26.154: (empty-shaker right shaker1 cocktail2 l0 l0)
26.154: (grasp right shot2)
26.170: (grasp right shot1)
26.171: (grasp left shot1)
26.171: (empty-shaker right shaker1 cocktail2 l0 l0)
26.171: (empty-shaker left shaker1 cocktail2 l0 l0)
26.171: (grasp left shot2)
26.171: (grasp right shot2)
26.171: (empty-shaker right shaker1 cocktail2 l0 l0)
26.172: (empty-shaker left shaker1 cocktail2 l0 l0)
26.194: (empty-shaker right shaker1 cocktail2 l0 l0)
26.194: (empty-shaker left shaker1 cocktail2 l0 l0)
26.195: (empty-shaker right shaker1 cocktail2 l0 l0)
26.195: (empty-shaker left shaker1 cocktail2 l0 l0)
26.195: (grasp left shot1)
26.195: (grasp right shot1)
26.195: (grasp right shot2)
26.195: (grasp left shot2)
26.196: (grasp left shot5)
26.196: (grasp left shot5)
26.197: (grasp right shot5)
26.197: (grasp right shot5)
26.293: (grasp left shot5)
26.293: (grasp right shot5)
26.325: (empty-shaker left shaker1 cocktail2 l0 l0)
26.325: (empty-shaker right shaker1 cocktail2 l0 l0)
26.325: (empty-shaker right shaker1 cocktail2 l0 l0)
26.325: (empty-shaker left shaker1 cocktail2 l0 l0)
26.325: (grasp right shot3)
26.325: (grasp right shot4)
26.326: (grasp left shot4)
26.326: (grasp left shot3)
26.342: (empty-shaker right shaker1 cocktail2 l0 l0)
26.342: (empty-shaker right shaker1 cocktail2 l0 l0)
26.342: (empty-shaker left shaker1 cocktail2 l0 l0)
26.342: (empty-shaker left shaker1 cocktail2 l0 l0)
26.342: (grasp right shot3)
26.342: (grasp right shot4)
22.291: (leave right shaker1)
22.291: (leave left shaker1)
22.291: (grasp left shot1)
22.291: (grasp right shot1)
22.294: (leave left shaker1)
22.294: (leave right shaker1)
22.294: (grasp right shot2)
22.294: (grasp left shot2)
22.337: (leave left shaker1)
22.337: (leave right shaker1)
22.337: (grasp left shot1)
22.337: (grasp right shot2)
22.337: (grasp right shot1)
22.337: (grasp left shot2)
22.337: (leave right shaker1)
22.337: (leave left shaker1)
22.683: (leave right shaker1)
22.683: (leave left shaker1)
22.683: (grasp right shot5)
22.683: (grasp left shot5)
22.713: (grasp left shot5)
22.713: (grasp right shot5)
22.714: (leave left shaker1)
22.714: (leave right shaker1)
22.731: (leave left shaker1)
22.731: (leave right shaker1)
22.780: (leave right shaker1)
22.780: (leave left shaker1)
22.856: (leave left shaker1)
22.856: (leave right shaker1)
22.949: (leave right shaker1)
22.949: (leave left shaker1)
23.154: (grasp left shot2)
23.154: (grasp right shot2)
23.261: (grasp left shot1)
23.261: (grasp right shot1)
23.322: (grasp right shot5)
23.323: (grasp left shot5)
23.416: (grasp right shot5)
23.416: (grasp left shot5)
23.464: (grasp right shot1)
23.464: (grasp left shot2)
23.464: (grasp right shot2)
23.464: (grasp left shot1)
23.473: (grasp right shot1)
23.473: (grasp left shot1)
23.473: (grasp right shot2)
23.474: (grasp left shot2)
23.503: (grasp left shot1)
23.503: (grasp right shot1)
23.503: (grasp left shot2)
23.503: (grasp right shot2)
23.873: (grasp right shot5)
23.873: (grasp left shot5)
23.968: (leave left shaker1)
23.968: (leave right shaker1)
23.968: (leave left shaker1)
23.968: (grasp right shot3)
23.968: (grasp right shot4)
23.968: (grasp left shot4)
23.968: (grasp left shot3)
23.968: (leave right shaker1)
24.014: (grasp right shot4)
24.014: (grasp right shot3)
24.014: (grasp left shot4)
24.014: (grasp left shot3)
24.014: (leave right shaker1)
24.014: (leave left shaker1)
24.014: (leave right shaker1)
24.014: (leave left shaker1)
24.091: (grasp right shot5)
24.091: (grasp left shot5)
24.137: (grasp right shot4)
24.137: (grasp left shot3)
24.137: (grasp left shot4)
24.137: (grasp right shot3)
24.138: (leave right shaker1)
24.138: (leave left shaker1)
24.138: (leave left shaker1)
24.138: (leave right shaker1)
24.259: (leave right shaker1)
24.259: (leave right shaker1)
24.259: (leave left shaker1)
24.259: (leave left shaker1)
24.259: (grasp left shot1)
24.259: (grasp right shot1)
24.259: (grasp right shot1)
24.259: (grasp left shot1)
24.272: (grasp right shot3)
24.272: (leave left shaker1)
24.272: (leave right shaker1)
24.272: (grasp left shot4)
24.272: (grasp left shot3)
24.272: (grasp right shot4)
24.272: (leave left shaker1)
24.272: (leave right shaker1)
24.323: (fill-shot shot3 ingredient3 left right dispenser3)
24.324: (fill-shot shot4 ingredient3 left right dispenser3)
24.324: (fill-shot shot4 ingredient3 right left dispenser3)
24.324: (fill-shot shot3 ingredient3 right left dispenser3)
24.335: (fill-shot shot3 ingredient3 right left dispenser3)
24.335: (fill-shot shot4 ingredient3 right left dispenser3)
24.335: (fill-shot shot4 ingredient3 left right dispenser3)
24.335: (fill-shot shot3 ingredient3 left right dispenser3)
24.351: (fill-shot shot3 ingredient1 right left dispenser1)
24.352: (fill-shot shot3 ingredient1 left right dispenser1)
24.352: (fill-shot shot4 ingredient1 left right dispenser1)
24.352: (fill-shot shot4 ingredient1 right left dispenser1)
24.391: (fill-shot shot3 ingredient2 left right dispenser2)
24.391: (fill-shot shot4 ingredient2 right left dispenser2)
24.391: (fill-shot shot4 ingredient2 left right dispenser2)
24.391: (fill-shot shot3 ingredient2 right left dispenser2)
24.405: (fill-shot shot3 ingredient1 left right dispenser1)
24.405: (fill-shot shot3 ingredient1 right left dispenser1)
24.405: (fill-shot shot4 ingredient1 left right dispenser1)
24.405: (fill-shot shot4 ingredient1 right left dispenser1)
24.424: (fill-shot shot2 ingredient3 left right dispenser3)
24.424: (fill-shot shot2 ingredient3 right left dispenser3)
24.426: (fill-shot shot2 ingredient3 left right dispenser3)
24.426: (fill-shot shot2 ingredient3 right left dispenser3)
24.430: (fill-shot shot3 ingredient2 left right dispenser2)
24.430: (fill-shot shot4 ingredient2 left right dispenser2)
24.430: (fill-shot shot4 ingredient2 right left dispenser2)
24.430: (fill-shot shot3 ingredient2 right left dispenser2)
24.450: (fill-shot shot2 ingredient1 right left dispenser1)
24.450: (fill-shot shot2 ingredient1 left right dispenser1)
24.490: (fill-shot shot2 ingredient2 right left dispenser2)
24.491: (fill-shot shot2 ingredient2 left right dispenser2)
24.500: (grasp left shot2)
24.500: (grasp right shot2)
24.500: (leave right shaker1)
24.500: (leave left shaker1)
24.508: (fill-shot shot2 ingredient1 right left dispenser1)
24.508: (fill-shot shot2 ingredient1 left right dispenser1)
24.537: (fill-shot shot2 ingredient2 left right dispenser2)
24.537: (fill-shot shot2 ingredient2 right left dispenser2)
24.594: (leave left shaker1)
24.594: (leave right shaker1)
24.594: (leave left shaker1)
24.594: (leave right shaker1)
24.595: (grasp left shot3)
24.595: (grasp left shot4)
24.595: (grasp right shot4)
24.595: (grasp right shot3)
24.642: (leave right shaker1)
24.642: (leave left shaker1)
24.643: (grasp left shot5)
24.643: (grasp right shot5)
24.644: (refill-shot shot5 ingredient1 right left dispenser1)
24.644: (refill-shot shot5 ingredient1 left right dispenser1)
24.735: (leave right shaker1)
24.735: (leave left shaker1)
24.735: (refill-shot shot5 ingredient3 left right dispenser3)
24.735: (refill-shot shot5 ingredient3 right left dispenser3)
24.735: (grasp left shot5)
24.735: (grasp right shot5)
24.786: (leave left shaker1)
24.786: (leave right shaker1)
24.786: (leave left shaker1)
24.786: (leave right shaker1)
24.788: (grasp right shot4)
24.788: (grasp right shot3)
24.788: (grasp left shot4)
24.788: (grasp left shot3)
24.790: (leave left shaker1)
24.790: (leave right shaker1)
24.790: (leave right shaker1)
24.790: (leave left shaker1)
24.790: (grasp right shot3)
24.790: (grasp right shot4)
24.790: (grasp left shot4)
24.790: (grasp left shot3)
24.803: (grasp left shot2)
24.803: (grasp right shot2)
24.803: (leave left shaker1)
24.803: (leave right shaker1)
24.808: (leave right shaker1)
24.808: (leave left shaker1)
24.809: (grasp right shot2)
24.809: (grasp left shot2)
24.827: (leave right shaker1)
24.827: (leave right shaker1)
24.827: (leave left shaker1)
24.827: (leave left shaker1)
24.829: (grasp right shot3)
24.829: (grasp left shot3)
24.829: (grasp left shot4)
24.829: (grasp right shot4)
24.846: (leave right shaker1)
24.846: (leave left shaker1)
24.848: (grasp left shot2)
24.848: (grasp right shot2)
24.901: (grasp right shot3)
24.901: (grasp right shot4)
24.901: (grasp left shot3)
24.901: (grasp left shot4)
24.920: (pour-shot-to-clean-shaker shot2 ingredient3 shaker1 left l0 l1)
24.920: (pour-shot-to-clean-shaker shot2 ingredient3 shaker1 right l0 l1)
24.953: (grasp left shot3)
24.953: (grasp left shot4)
21.971: (fill-shot shot2 ingredient3 right left dispenser3)
21.971: (fill-shot shot2 ingredient3 left right dispenser3)
21.971: (fill-shot shot2 ingredient3 right left dispenser3)
21.971: (fill-shot shot2 ingredient3 left right dispenser3)
21.980: (fill-shot shot1 ingredient3 right left dispenser3)
21.980: (fill-shot shot1 ingredient3 left right dispenser3)
21.991: (fill-shot shot1 ingredient3 right left dispenser3)
21.991: (fill-shot shot1 ingredient3 left right dispenser3)
22.002: (fill-shot shot2 ingredient1 right left dispenser1)
22.002: (fill-shot shot2 ingredient1 left right dispenser1)
22.016: (fill-shot shot1 ingredient1 right left dispenser1)
22.016: (fill-shot shot1 ingredient1 left right dispenser1)
22.047: (fill-shot shot2 ingredient2 left right dispenser2)
22.047: (fill-shot shot2 ingredient2 right left dispenser2)
22.049: (grasp left shot2)
22.050: (grasp right shot2)
22.050: (leave left shaker1)
22.050: (leave right shaker1)
22.056: (fill-shot shot2 ingredient1 left right dispenser1)
22.056: (fill-shot shot2 ingredient1 right left dispenser1)
22.059: (fill-shot shot1 ingredient2 left right dispenser2)
22.059: (fill-shot shot1 ingredient2 right left dispenser2)
22.064: (fill-shot shot1 ingredient1 right left dispenser1)
22.064: (fill-shot shot1 ingredient1 left right dispenser1)
22.089: (fill-shot shot2 ingredient2 right left dispenser2)
22.089: (fill-shot shot2 ingredient2 left right dispenser2)
22.095: (fill-shot shot1 ingredient2 right left dispenser2)
22.095: (fill-shot shot1 ingredient2 left right dispenser2)
22.152: (grasp right shot1)
22.152: (grasp left shot1)
22.152: (leave left shaker1)
22.152: (leave right shaker1)
22.230: (refill-shot shot5 ingredient1 right left dispenser1)
22.230: (refill-shot shot5 ingredient1 left right dispenser1)
22.230: (grasp right shot5)
22.230: (grasp left shot5)
22.230: (leave left shaker1)
22.230: (leave right shaker1)
22.329: (leave left shaker1)
22.329: (grasp right shot5)
22.329: (refill-shot shot5 ingredient3 right left dispenser3)
22.329: (grasp left shot5)
22.329: (leave right shaker1)
22.329: (refill-shot shot5 ingredient3 left right dispenser3)
22.364: (leave right shaker1)
22.364: (leave left shaker1)
22.364: (leave right shaker1)
22.364: (leave left shaker1)
22.364: (grasp left shot2)
22.364: (grasp right shot2)
22.364: (grasp right shot1)
22.364: (grasp left shot1)
22.370: (leave right shaker1)
22.371: (grasp left shot1)
22.371: (grasp right shot1)
22.371: (leave left shaker1)
22.371: (leave left shaker1)
22.371: (leave right shaker1)
22.371: (grasp right shot2)
22.371: (grasp left shot2)
22.383: (pour-shot-to-clean-shaker shot2 ingredient3 shaker1 left l0 l1)
22.383: (pour-shot-to-clean-shaker shot2 ingredient3 shaker1 right l0 l1)
22.411: (leave left shaker1)
22.411: (leave right shaker1)
22.411: (grasp left shot1)
22.411: (grasp right shot1)
22.412: (grasp right shot2)
22.412: (grasp left shot2)
22.412: (leave right shaker1)
22.412: (leave left shaker1)
22.811: (grasp left shot5)
22.811: (grasp right shot5)
22.811: (leave right shaker1)
22.811: (leave left shaker1)
22.999: (pour-shot-to-clean-shaker shot5 ingredient3 shaker1 left l0 l1)
22.999: (pour-shot-to-clean-shaker shot5 ingredient3 shaker1 right l0 l1)
23.030: (leave left shaker1)
23.030: (leave right shaker1)
23.030: (grasp left shot5)
23.030: (grasp right shot5)
23.030: (clean-shot shot5 ingredient3 left right)
23.030: (clean-shot shot5 ingredient1 left right)
23.030: (clean-shot shot5 ingredient1 right left)
23.030: (clean-shot shot5 ingredient3 right left)
23.119: (grasp right shot1)
23.119: (grasp left shot1)
23.119: (grasp left shot5)
23.119: (grasp right shot5)
23.123: (grasp right shot5)
23.123: (grasp left shot5)
23.123: (grasp left shot2)
23.123: (grasp right shot2)
23.159: (grasp left shot1)
23.159: (grasp right shot1)
23.160: (grasp left shot5)
23.160: (grasp right shot5)
23.160: (grasp left shot2)
23.160: (grasp right shot2)
23.160: (grasp left shot5)
23.160: (grasp right shot5)
23.310: (grasp right shot1)
23.310: (grasp left shot1)
23.310: (grasp left shot2)
23.310: (grasp right shot2)
23.351: (grasp right shot1)
23.352: (grasp left shot1)
23.352: (grasp right shot2)
23.352: (grasp left shot2)
23.489: (grasp left shot3)
23.489: (grasp right shot3)
23.489: (grasp right shot4)
23.489: (grasp left shot4)
23.489: (grasp right shot1)
23.489: (grasp left shot1)
23.489: (grasp right shot1)
23.489: (grasp left shot1)
23.492: (grasp right shot3)
23.492: (grasp right shot4)
23.492: (grasp left shot4)
23.492: (grasp left shot3)
23.492: (grasp right shot2)
23.492: (grasp left shot2)
23.492: (grasp left shot2)
23.492: (grasp right shot2)
23.510: (pour-shot-to-clean-shaker shot4 ingredient3 shaker1 left l0 l1)
23.510: (pour-shot-to-clean-shaker shot4 ingredient3 shaker1 right l0 l1)
23.510: (pour-shot-to-clean-shaker shot3 ingredient3 shaker1 right l0 l1)
23.511: (pour-shot-to-clean-shaker shot3 ingredient3 shaker1 left l0 l1)
23.532: (grasp right shot1)
23.532: (grasp right shot1)
23.532: (grasp left shot1)
23.532: (grasp left shot1)
23.532: (grasp left shot3)
23.532: (grasp left shot4)
23.532: (grasp right shot3)
23.532: (grasp right shot4)
23.533: (grasp right shot3)
23.533: (grasp right shot4)
23.533: (grasp left shot4)
23.533: (grasp left shot3)
23.533: (grasp right shot2)
23.533: (grasp right shot2)
23.533: (grasp left shot2)
23.533: (grasp left shot2)
23.585: (pour-shot-to-clean-shaker shot5 ingredient1 shaker1 left l0 l1)
23.585: (pour-shot-to-clean-shaker shot5 ingredient1 shaker1 right l0 l1)
23.621: (pour-shot-to-clean-shaker shot2 ingredient3 shaker1 left l0 l1)
23.621: (pour-shot-to-clean-shaker shot2 ingredient3 shaker1 right l0 l1)
23.689: (leave left shaker1)
23.689: (leave right shaker1)
23.691: (pour-shot-to-clean-shaker shot2 ingredient3 shaker1 right l0 l1)
23.691: (pour-shot-to-clean-shaker shot2 ingredient3 shaker1 left l0 l1)
23.795: (grasp right shot3)
23.795: (grasp left shot3)
23.795: (grasp right shot4)
23.795: (grasp left shot4)
23.795: (grasp right shot5)
23.795: (grasp left shot5)
23.795: (grasp right shot5)
23.795: (grasp left shot5)
23.823: (grasp right shot5)
23.823: (grasp right shot5)
23.823: (grasp left shot5)
23.823: (grasp left shot5)
23.823: (grasp right shot4)
23.823: (grasp right shot3)
23.823: (grasp left shot3)
23.823: (grasp left shot4)
23.834: (grasp left shot3)
23.834: (grasp left shot4)
23.834: (grasp right shot3)
23.834: (grasp right shot4)
23.835: (leave right shaker1)
23.835: (leave right shaker1)
23.835: (leave left shaker1)
23.835: (leave left shaker1)
23.893: (grasp left shot3)
23.893: (grasp left shot4)
23.893: (grasp right shot3)
23.893: (grasp right shot4)
23.893: (leave right shaker1)
23.893: (leave right shaker1)
23.959: (grasp left shot3)
23.959: (grasp left shot4)
23.959: (grasp right shot3)
23.959: (grasp right shot4)
24.005: (fill-shot shot1 ingredient1 right left dispenser1)
24.005: (fill-shot shot1 ingredient1 right left dispenser1)
24.005: (fill-shot shot1 ingredient1 left right dispenser1)
24.005: (fill-shot shot1 ingredient1 left right dispenser1)
24.022: (fill-shot shot4 ingredient1 left right dispenser1)
24.023: (fill-shot shot3 ingredient1 left right dispenser1)
24.023: (fill-shot shot4 ingredient1 right left dispenser1)
24.023: (fill-shot shot3 ingredient1 right left dispenser1)
24.061: (pour-shot-to-clean-shaker shot4 ingredient3 shaker1 right l0 l1)
24.061: (pour-shot-to-clean-shaker shot3 ingredient3 shaker1 left l0 l1)
24.061: (pour-shot-to-clean-shaker shot4 ingredient3 shaker1 left l0 l1)
24.061: (pour-shot-to-clean-shaker shot3 ingredient3 shaker1 right l0 l1)
24.064: (grasp right shot4)
24.064: (grasp left shot4)
21.161: (pour-shot-to-clean-shaker shot1 ingredient3 shaker1 left l0 l1)
21.161: (pour-shot-to-clean-shaker shot1 ingredient3 shaker1 right l0 l1)
21.182: (pour-shot-to-clean-shaker shot2 ingredient3 shaker1 left l0 l1)
21.182: (pour-shot-to-clean-shaker shot2 ingredient3 shaker1 right l0 l1)
21.257: (pour-shot-to-clean-shaker shot2 ingredient3 shaker1 left l0 l1)
21.257: (pour-shot-to-clean-shaker shot2 ingredient3 shaker1 right l0 l1)
21.257: (leave right shaker1)
21.257: (leave left shaker1)
21.325: (pour-shot-to-clean-shaker shot1 ingredient3 shaker1 left l0 l1)
21.325: (pour-shot-to-clean-shaker shot1 ingredient3 shaker1 right l0 l1)
21.328: (pour-shot-to-clean-shaker shot2 ingredient3 shaker1 left l0 l1)
21.328: (pour-shot-to-clean-shaker shot2 ingredient3 shaker1 right l0 l1)
21.795: (pour-shot-to-clean-shaker shot2 ingredient2 shaker1 right l0 l1)
21.796: (pour-shot-to-clean-shaker shot2 ingredient2 shaker1 left l0 l1)
21.810: (fill-shot shot1 ingredient1 left right dispenser1)
21.811: (fill-shot shot1 ingredient1 right left dispenser1)
21.817: (pour-shot-to-clean-shaker shot1 ingredient1 shaker1 right l0 l1)
21.817: (pour-shot-to-clean-shaker shot1 ingredient1 shaker1 left l0 l1)
21.847: (pour-shot-to-clean-shaker shot2 ingredient2 shaker1 left l0 l1)
21.847: (pour-shot-to-clean-shaker shot2 ingredient2 shaker1 right l0 l1)
21.858: (fill-shot shot1 ingredient2 right left dispenser2)
21.859: (fill-shot shot1 ingredient2 left right dispenser2)
21.927: (pour-shot-to-clean-shaker shot1 ingredient2 shaker1 left l0 l1)
21.927: (pour-shot-to-clean-shaker shot1 ingredient2 shaker1 right l0 l1)
21.962: (pour-shot-to-clean-shaker shot2 ingredient1 shaker1 right l0 l1)
21.962: (pour-shot-to-clean-shaker shot2 ingredient1 shaker1 left l0 l1)
21.973: (pour-shot-to-clean-shaker shot1 ingredient2 shaker1 right l0 l1)
21.973: (pour-shot-to-clean-shaker shot1 ingredient2 shaker1 left l0 l1)
22.001: (leave right shot5)
22.001: (leave left shot5)
22.014: (fill-shot shot5 ingredient1 left right dispenser1)
22.014: (fill-shot shot5 ingredient1 right left dispenser1)
22.017: (leave left shaker1)
22.017: (leave right shaker1)
22.018: (pour-shot-to-clean-shaker shot5 ingredient3 shaker1 left l0 l1)
22.018: (pour-shot-to-clean-shaker shot5 ingredient3 shaker1 right l0 l1)
22.035: (fill-shot shot2 ingredient3 right left dispenser3)
22.036: (fill-shot shot2 ingredient3 left right dispenser3)
22.036: (fill-shot shot2 ingredient3 left right dispenser3)
22.036: (fill-shot shot2 ingredient3 right left dispenser3)
22.044: (fill-shot shot1 ingredient3 right left dispenser3)
22.045: (fill-shot shot1 ingredient3 left right dispenser3)
22.059: (fill-shot shot1 ingredient3 right left dispenser3)
22.059: (fill-shot shot1 ingredient3 left right dispenser3)
22.065: (fill-shot shot1 ingredient3 right left dispenser3)
22.065: (fill-shot shot1 ingredient3 left right dispenser3)
22.066: (fill-shot shot2 ingredient1 right left dispenser1)
22.066: (fill-shot shot2 ingredient1 left right dispenser1)
22.082: (fill-shot shot5 ingredient2 right left dispenser2)
22.082: (fill-shot shot5 ingredient2 left right dispenser2)
22.085: (fill-shot shot1 ingredient1 left right dispenser1)
22.085: (fill-shot shot1 ingredient1 right left dispenser1)
22.086: (fill-shot shot2 ingredient1 left right dispenser1)
22.086: (fill-shot shot2 ingredient1 right left dispenser1)
22.096: (fill-shot shot1 ingredient1 left right dispenser1)
22.096: (fill-shot shot1 ingredient1 right left dispenser1)
22.113: (fill-shot shot2 ingredient2 right left dispenser2)
22.113: (fill-shot shot2 ingredient2 left right dispenser2)
22.123: (fill-shot shot2 ingredient1 right left dispenser1)
22.123: (fill-shot shot2 ingredient1 left right dispenser1)
22.124: (fill-shot shot2 ingredient2 left right dispenser2)
22.124: (fill-shot shot2 ingredient2 right left dispenser2)
22.127: (fill-shot shot1 ingredient2 left right dispenser2)
22.127: (fill-shot shot1 ingredient2 right left dispenser2)
22.130: (fill-shot shot1 ingredient2 left right dispenser2)
22.130: (fill-shot shot1 ingredient2 right left dispenser2)
22.132: (fill-shot shot1 ingredient1 right left dispenser1)
22.132: (fill-shot shot1 ingredient1 left right dispenser1)
22.156: (fill-shot shot2 ingredient2 right left dispenser2)
22.156: (fill-shot shot2 ingredient2 left right dispenser2)
22.158: (fill-shot shot1 ingredient3 right left dispenser3)
22.158: (fill-shot shot1 ingredient3 left right dispenser3)
22.160: (fill-shot shot1 ingredient2 left right dispenser2)
22.161: (fill-shot shot1 ingredient2 right left dispenser2)
22.179: (pour-shot-to-clean-shaker shot1 ingredient1 shaker1 right l0 l1)
22.179: (pour-shot-to-clean-shaker shot1 ingredient1 shaker1 left l0 l1)
22.220: (pour-shot-to-clean-shaker shot2 ingredient1 shaker1 left l0 l1)
22.220: (pour-shot-to-clean-shaker shot2 ingredient1 shaker1 right l0 l1)
22.275: (fill-shot shot5 ingredient2 right left dispenser2)
22.275: (fill-shot shot5 ingredient2 left right dispenser2)
22.355: (fill-shot shot5 ingredient3 right left dispenser3)
22.355: (fill-shot shot5 ingredient3 left right dispenser3)
22.366: (clean-shot shot3 ingredient3 left right)
22.366: (clean-shot shot3 ingredient3 right left)
22.366: (clean-shot shot4 ingredient3 right left)
22.366: (clean-shot shot4 ingredient3 left right)
22.381: (clean-shot shot2 ingredient3 left right)
22.381: (clean-shot shot2 ingredient3 right left)
22.445: (clean-shot shot2 ingredient3 right left)
22.445: (clean-shot shot2 ingredient3 left right)
22.618: (leave right shaker1)
22.618: (leave left shaker1)
22.619: (pour-shot-to-clean-shaker shot5 ingredient1 shaker1 right l0 l1)
22.619: (pour-shot-to-clean-shaker shot5 ingredient1 shaker1 left l0 l1)
22.640: (leave left shot2)
22.640: (leave right shot2)
22.646: (leave left shot5)
22.646: (leave right shot5)
22.654: (leave right shot1)
22.654: (leave left shot1)
22.687: (leave left shot2)
22.687: (leave right shot2)
22.690: (leave right shot1)
22.690: (leave left shot1)
22.736: (leave right shot1)
22.736: (leave left shot1)
22.748: (leave left shot2)
22.748: (leave right shot2)
22.767: (leave left shot2)
22.767: (leave right shot2)
22.775: (leave left shot2)
22.775: (leave right shot2)
22.777: (leave right shot1)
22.777: (leave left shot1)
22.797: (grasp left shot5)
22.797: (grasp right shot5)
22.798: (leave right shot1)
22.798: (leave left shot1)
22.799: (leave right shot2)
22.799: (leave left shot2)
22.808: (leave left shot1)
22.808: (leave right shot1)
22.818: (grasp left shot5)
22.818: (grasp right shot5)
22.859: (grasp right shot5)
22.859: (grasp left shot5)
22.869: (grasp left shot5)
22.869: (grasp right shot5)
22.877: (grasp left shot5)
22.877: (grasp right shot5)
22.881: (grasp left shot5)
22.881: (grasp right shot5)
22.889: (grasp left shot5)
22.889: (grasp right shot5)
22.890: (grasp left shot5)
22.890: (grasp right shot5)
22.900: (grasp right shot5)
22.900: (grasp left shot5)
22.912: (grasp left shot5)
22.913: (grasp right shot5)
22.915: (grasp left shot5)
22.915: (grasp right shot5)
22.920: (grasp left shot5)
22.920: (grasp right shot5)
22.948: (grasp right shot5)
22.948: (grasp left shot5)
22.949: (grasp left shot2)
22.949: (grasp right shot2)
22.957: (empty-shot left shot2 ingredient3)
22.957: (empty-shot right shot2 ingredient3)
22.971: (clean-shot shot4 ingredient3 right left)
22.971: (clean-shot shot4 ingredient3 left right)
22.971: (clean-shot shot3 ingredient3 left right)
22.971: (clean-shot shot3 ingredient3 right left)
22.971: (empty-shot left shot1 ingredient3)
22.971: (empty-shot right shot1 ingredient3)
22.979: (grasp right shot2)
22.979: (grasp left shot2)
22.979: (grasp right shot5)
22.979: (grasp left shot5)
22.979: (grasp left shot5)
22.979: (grasp left shot1)
22.979: (grasp right shot5)
22.979: (grasp right shot1)
22.984: (grasp left shot1)
22.984: (grasp right shot1)
22.985: (empty-shot left shot2 ingredient3)
22.985: (empty-shot right shot2 ingredient3)
22.986: (grasp right shot1)
22.986: (grasp left shot1)
22.990: (empty-shot right shot1 ingredient3)
22.990: (empty-shot left shot1 ingredient3)
22.997: (grasp left shot2)
22.997: (grasp right shot2)
23.006: (grasp right shot2)
23.006: (grasp left shot2)
23.014: (leave left shot2)
23.014: (leave right shot2)
23.020: (empty-shot left shot2 ingredient1)
23.020: (empty-shot right shot2 ingredient1)
23.025: (grasp right shot1)
23.025: (grasp left shot1)
23.026: (empty-shot left shot1 ingredient2)
23.026: (empty-shot left shot2 ingredient2)
23.026: (empty-shot right shot1 ingredient2)
23.026: (empty-shot right shot2 ingredient2)
23.035: (empty-shot left shot2 ingredient3)
23.035: (empty-shot right shot2 ingredient3)
23.038: (grasp left shot2)
23.038: (grasp right shot2)
23.039: (grasp left shot5)
23.039: (empty-shot right shot1 ingredient1)
23.040: (grasp right shot1)
23.040: (grasp left shot1)
23.040: (empty-shot left shot1 ingredient1)
23.040: (grasp right shot5)
23.040: (grasp right shot5)
23.040: (grasp left shot2)
23.040: (grasp right shot2)
23.040: (grasp left shot5)
19.929: (clean-shot shot1 ingredient3 left right)
19.929: (clean-shot shot1 ingredient3 right left)
19.938: (clean-shot shot2 ingredient3 left right)
19.938: (clean-shot shot2 ingredient3 right left)
20.003: (clean-shot shot2 ingredient3 left right)
20.003: (clean-shot shot2 ingredient3 right left)
20.282: (clean-shot shot2 ingredient3 left right)
20.282: (clean-shot shot2 ingredient3 right left)
20.284: (clean-shot shot1 ingredient3 right left)
20.284: (clean-shot shot1 ingredient3 left right)
20.581: (clean-shot shot2 ingredient2 right left)
20.581: (clean-shot shot2 ingredient2 left right)
20.624: (clean-shot shot1 ingredient1 right left)
20.624: (clean-shot shot1 ingredient1 left right)
20.640: (clean-shot shot2 ingredient2 right left)
20.640: (clean-shot shot2 ingredient2 left right)
20.763: (clean-shot shot1 ingredient2 left right)
20.763: (clean-shot shot1 ingredient2 right left)
20.810: (clean-shot shot2 ingredient1 left right)
20.810: (clean-shot shot2 ingredient1 right left)
20.818: (clean-shot shot1 ingredient2 right left)
20.818: (clean-shot shot1 ingredient2 left right)
20.930: (clean-shot shot5 ingredient3 right left)
20.930: (clean-shot shot5 ingredient3 left right)
21.000: (pour-shot-to-clean-shaker shot1 ingredient1 shaker1 right l0 l1)
21.000: (pour-shot-to-clean-shaker shot1 ingredient1 shaker1 left l0 l1)
21.024: (leave left shot5)
21.024: (leave right shot5)
21.024: (leave right shaker1)
21.024: (leave left shaker1)
21.236: (grasp right shot2)
21.236: (grasp left shot2)
21.237: (pour-shot-to-clean-shaker shot5 ingredient3 shaker1 left l0 l1)
21.237: (pour-shot-to-clean-shaker shot5 ingredient3 shaker1 right l0 l1)
21.237: (pour-shot-to-clean-shaker shot5 ingredient3 shaker1 right l0 l1)
21.237: (pour-shot-to-clean-shaker shot5 ingredient3 shaker1 left l0 l1)
21.238: (grasp right shot1)
21.238: (grasp left shot1)
21.245: (clean-shot shot1 ingredient1 right left)
21.245: (clean-shot shot1 ingredient1 left right)
21.247: (clean-shot shot5 ingredient1 right left)
21.247: (clean-shot shot5 ingredient1 left right)
21.250: (pour-shot-to-clean-shaker shot1 ingredient3 shaker1 left l0 l1)
21.250: (pour-shot-to-clean-shaker shot1 ingredient3 shaker1 right l0 l1)
21.269: (pour-shot-to-clean-shaker shot1 ingredient3 shaker1 right l0 l1)
21.270: (pour-shot-to-clean-shaker shot1 ingredient3 shaker1 left l0 l1)
21.277: (pour-shot-to-clean-shaker shot2 ingredient3 shaker1 right l0 l1)
21.278: (pour-shot-to-clean-shaker shot2 ingredient3 shaker1 left l0 l1)
21.313: (grasp right shot2)
21.313: (grasp left shot2)
21.316: (grasp left shot1)
21.316: (grasp right shot1)
21.324: (pour-shot-to-clean-shaker shot1 ingredient3 shaker1 left l0 l1)
21.324: (pour-shot-to-clean-shaker shot1 ingredient3 shaker1 right l0 l1)
21.327: (pour-shot-to-clean-shaker shot2 ingredient3 shaker1 left l0 l1)
21.327: (pour-shot-to-clean-shaker shot2 ingredient3 shaker1 right l0 l1)
21.338: (clean-shot shot2 ingredient1 right left)
21.338: (clean-shot shot2 ingredient1 left right)
21.409: (pour-shot-to-clean-shaker shot1 ingredient2 shaker1 right l0 l1)
21.409: (pour-shot-to-clean-shaker shot1 ingredient2 shaker1 left l0 l1)
21.435: (refill-shot shot1 ingredient3 right left dispenser3)
21.435: (refill-shot shot1 ingredient3 left right dispenser3)
21.460: (refill-shot shot2 ingredient3 right left dispenser3)
21.460: (refill-shot shot2 ingredient3 left right dispenser3)
21.542: (refill-shot shot2 ingredient3 right left dispenser3)
21.542: (refill-shot shot2 ingredient3 left right dispenser3)
21.558: (pour-shot-to-clean-shaker shot5 ingredient1 shaker1 left l0 l1)
21.558: (pour-shot-to-clean-shaker shot5 ingredient1 shaker1 right l0 l1)
21.693: (leave left shaker1)
21.693: (leave right shaker1)
21.693: (leave left shot5)
21.693: (leave right shot5)
21.719: (pour-shot-to-clean-shaker shot5 ingredient2 shaker1 right l0 l1)
21.719: (pour-shot-to-clean-shaker shot5 ingredient2 shaker1 left l0 l1)
21.842: (pour-shot-to-clean-shaker shot1 ingredient1 shaker1 left l0 l1)
21.842: (pour-shot-to-clean-shaker shot1 ingredient1 shaker1 right l0 l1)
21.862: (pour-shot-to-clean-shaker shot2 ingredient2 shaker1 left l0 l1)
21.862: (pour-shot-to-clean-shaker shot2 ingredient2 shaker1 right l0 l1)
21.877: (pour-shot-to-clean-shaker shot2 ingredient2 shaker1 right l0 l1)
21.878: (pour-shot-to-clean-shaker shot2 ingredient2 shaker1 left l0 l1)
21.884: (fill-shot shot4 ingredient1 right left dispenser1)
21.884: (fill-shot shot4 ingredient1 left right dispenser1)
21.884: (fill-shot shot3 ingredient1 left right dispenser1)
21.884: (fill-shot shot3 ingredient1 right left dispenser1)
21.909: (pour-shot-to-clean-shaker shot1 ingredient1 shaker1 left l0 l1)
21.909: (pour-shot-to-clean-shaker shot1 ingredient1 shaker1 right l0 l1)
21.916: (pour-shot-to-clean-shaker shot2 ingredient2 shaker1 right l0 l1)
21.916: (pour-shot-to-clean-shaker shot2 ingredient2 shaker1 left l0 l1)
21.957: (pour-shot-to-clean-shaker shot1 ingredient3 shaker1 left l0 l1)
21.957: (pour-shot-to-clean-shaker shot1 ingredient3 shaker1 right l0 l1)
21.958: (grasp left shot2)
21.958: (grasp right shot2)
21.976: (pour-shot-to-clean-shaker shot2 ingredient3 shaker1 right l0 l1)
21.976: (pour-shot-to-clean-shaker shot2 ingredient3 shaker1 left l0 l1)
21.976: (grasp left shot1)
21.976: (grasp right shot1)
21.990: (pour-shot-to-clean-shaker shot2 ingredient1 shaker1 left l0 l1)
21.991: (pour-shot-to-clean-shaker shot2 ingredient1 shaker1 right l0 l1)
21.991: (pour-shot-to-clean-shaker shot1 ingredient3 shaker1 left l0 l1)
21.991: (pour-shot-to-clean-shaker shot1 ingredient3 shaker1 right l0 l1)
21.993: (grasp right shot5)
21.993: (grasp left shot5)
21.998: (pour-shot-to-clean-shaker shot1 ingredient2 shaker1 left l0 l1)
21.998: (pour-shot-to-clean-shaker shot1 ingredient2 shaker1 right l0 l1)
22.001: (pour-shot-to-clean-shaker shot1 ingredient2 shaker1 left l0 l1)
22.002: (pour-shot-to-clean-shaker shot1 ingredient2 shaker1 right l0 l1)
22.006: (leave right shot1)
22.006: (leave left shot1)
22.010: (grasp left shot5)
22.010: (grasp right shot5)
22.010: (pour-shot-to-clean-shaker shot2 ingredient3 shaker1 left l0 l1)
22.010: (pour-shot-to-clean-shaker shot2 ingredient3 shaker1 right l0 l1)
22.021: (leave right shot2)
22.021: (leave left shot2)
22.033: (pour-shot-to-clean-shaker shot1 ingredient2 shaker1 right l0 l1)
22.033: (pour-shot-to-clean-shaker shot1 ingredient2 shaker1 left l0 l1)
22.042: (refill-shot shot5 ingredient3 left right dispenser3)
22.042: (refill-shot shot5 ingredient3 right left dispenser3)
22.044: (leave right shaker1)
22.044: (leave left shaker1)
22.045: (pour-shot-to-clean-shaker shot2 ingredient1 shaker1 right l0 l1)
22.045: (pour-shot-to-clean-shaker shot2 ingredient1 shaker1 left l0 l1)
22.046: (leave right shot2)
22.046: (leave left shot2)
22.048: (refill-shot shot2 ingredient2 right left dispenser2)
22.048: (refill-shot shot2 ingredient2 left right dispenser2)
22.056: (refill-shot shot1 ingredient3 right left dispenser3)
22.056: (refill-shot shot1 ingredient3 left right dispenser3)
22.058: (grasp right shot1)
22.058: (grasp left shot1)
22.062: (refill-shot shot2 ingredient3 left right dispenser3)
22.062: (refill-shot shot2 ingredient3 right left dispenser3)
22.065: (refill-shot shot1 ingredient1 left right dispenser1)
22.065: (refill-shot shot1 ingredient1 right left dispenser1)
22.073: (leave right shot2)
22.073: (leave left shot2)
22.073: (grasp right shot1)
22.073: (grasp left shot1)
22.081: (grasp right shot1)
22.081: (grasp left shot1)
22.082: (leave right shot2)
22.082: (leave left shot2)
22.085: (leave right shot1)
22.085: (leave left shot1)
22.085: (grasp left shot2)
22.085: (grasp right shot2)
22.089: (grasp left shot2)
22.089: (grasp right shot2)
22.090: (leave left shot1)
22.090: (leave right shot1)
22.100: (refill-shot shot2 ingredient2 right left dispenser2)
22.100: (refill-shot shot2 ingredient2 left right dispenser2)
22.109: (leave left shot1)
22.109: (leave right shot1)
22.111: (leave right shot2)
22.111: (leave left shot2)
22.111: (grasp right shot1)
22.111: (grasp left shot1)
22.118: (leave right shot2)
22.119: (leave left shot2)
22.133: (grasp left shot2)
22.133: (grasp right shot2)
22.134: (leave right shot1)
22.134: (leave left shot1)
22.150: (grasp left shot1)
22.150: (grasp right shot1)
22.153: (grasp left shot2)
22.154: (grasp right shot2)
22.156: (grasp right shot1)
22.156: (grasp left shot1)
22.164: (pour-shot-to-clean-shaker shot2 ingredient3 shaker1 right l0 l1)
22.164: (pour-shot-to-clean-shaker shot2 ingredient3 shaker1 left l0 l1)
22.165: (grasp right shot5)
22.165: (grasp left shot5)
22.169: (pour-shot-to-clean-shaker shot1 ingredient1 shaker1 right l0 l1)
22.169: (pour-shot-to-clean-shaker shot1 ingredient1 shaker1 left l0 l1)
22.172: (grasp left shot2)
22.172: (grasp right shot2)
22.175: (pour-shot-to-clean-shaker shot5 ingredient1 shaker1 right l0 l1)
22.175: (pour-shot-to-clean-shaker shot5 ingredient1 shaker1 left l0 l1)
22.175: (grasp right shot1)
22.175: (grasp left shot1)
22.189: (fill-shot shot3 ingredient1 right left dispenser1)
22.189: (fill-shot shot3 ingredient1 left right dispenser1)
22.190: (fill-shot shot4 ingredient1 left right dispenser1)
22.190: (fill-shot shot4 ingredient1 right left dispenser1)
22.192: (grasp right shot2)
22.192: (grasp left shot2)
22.199: (grasp left shot1)
22.199: (grasp right shot1)
22.227: (pour-shot-to-clean-shaker shot2 ingredient1 shaker1 left l0 l1)
22.227: (pour-shot-to-clean-shaker shot2 ingredient1 shaker1 right l0 l1)
22.254: (grasp left shot1)
22.254: (grasp right shot1)
22.266: (grasp right shot2)
22.266: (grasp left shot2)
22.266: (pour-shot-to-clean-shaker shot5 ingredient1 shaker1 left l0 l1)
22.266: (pour-shot-to-clean-shaker shot5 ingredient1 shaker1 right l0 l1)
22.275: (grasp left shot3)
22.275: (grasp right shot4)
11.804: (pour-shot-to-used-shaker shot3 ingredient1 shaker1 right l1 l2)
11.805: (pour-shot-to-used-shaker shot3 ingredient1 shaker1 left l1 l2)
11.805: (pour-shot-to-used-shaker shot4 ingredient1 shaker1 left l1 l2)
11.805: (pour-shot-to-used-shaker shot4 ingredient1 shaker1 right l1 l2)
19.360: (fill-shot shot2 ingredient2 left right dispenser2)
19.360: (fill-shot shot2 ingredient2 right left dispenser2)
19.360: (fill-shot shot2 ingredient2 right left dispenser2)
19.360: (fill-shot shot2 ingredient2 left right dispenser2)
19.364: (fill-shot shot1 ingredient1 right left dispenser1)
19.364: (fill-shot shot1 ingredient1 left right dispenser1)
19.374: (fill-shot shot1 ingredient1 right left dispenser1)
19.374: (fill-shot shot1 ingredient1 left right dispenser1)
19.392: (fill-shot shot2 ingredient2 right left dispenser2)
19.392: (fill-shot shot2 ingredient2 left right dispenser2)
19.413: (fill-shot shot2 ingredient1 left right dispenser1)
19.413: (fill-shot shot2 ingredient1 right left dispenser1)
19.424: (fill-shot shot1 ingredient2 right left dispenser2)
19.424: (fill-shot shot1 ingredient2 left right dispenser2)
19.428: (fill-shot shot2 ingredient1 right left dispenser1)
19.428: (fill-shot shot2 ingredient1 left right dispenser1)
19.445: (fill-shot shot2 ingredient1 left right dispenser1)
19.445: (fill-shot shot2 ingredient1 right left dispenser1)
19.469: (fill-shot shot1 ingredient2 left right dispenser2)
19.470: (fill-shot shot1 ingredient2 right left dispenser2)
20.000: (clean-shot shot1 ingredient3 left right)
20.000: (clean-shot shot1 ingredient3 right left)
20.026: (clean-shot shot1 ingredient3 right left)
20.027: (clean-shot shot1 ingredient3 left right)
20.030: (clean-shot shot2 ingredient3 right left)
20.031: (clean-shot shot2 ingredient3 left right)
20.054: (clean-shot shot1 ingredient1 right left)
20.054: (clean-shot shot1 ingredient1 left right)
20.081: (fill-shot shot2 ingredient3 left right dispenser3)
20.081: (fill-shot shot2 ingredient3 right left dispenser3)
20.084: (fill-shot shot1 ingredient3 left right dispenser3)
20.084: (fill-shot shot1 ingredient1 left right dispenser1)
20.084: (fill-shot shot1 ingredient3 right left dispenser3)
20.085: (fill-shot shot1 ingredient1 right left dispenser1)
20.103: (fill-shot shot2 ingredient1 left right dispenser1)
20.103: (fill-shot shot2 ingredient1 right left dispenser1)
20.106: (fill-shot shot1 ingredient3 left right dispenser3)
20.106: (fill-shot shot1 ingredient3 right left dispenser3)
20.113: (fill-shot shot2 ingredient3 right left dispenser3)
20.113: (fill-shot shot2 ingredient3 left right dispenser3)
20.130: (fill-shot shot1 ingredient1 left right dispenser1)
20.130: (fill-shot shot1 ingredient1 right left dispenser1)
20.147: (fill-shot shot2 ingredient1 right left dispenser1)
20.147: (fill-shot shot2 ingredient1 left right dispenser1)
20.159: (fill-shot shot2 ingredient3 left right dispenser3)
20.159: (fill-shot shot2 ingredient3 right left dispenser3)
20.163: (fill-shot shot1 ingredient3 left right dispenser3)
20.163: (fill-shot shot1 ingredient3 right left dispenser3)
20.167: (fill-shot shot5 ingredient1 right left dispenser1)
20.167: (fill-shot shot5 ingredient1 left right dispenser1)
20.185: (fill-shot shot5 ingredient2 left right dispenser2)
20.185: (fill-shot shot5 ingredient2 right left dispenser2)
20.209: (fill-shot shot2 ingredient3 left right dispenser3)
20.209: (fill-shot shot2 ingredient3 right left dispenser3)
20.237: (fill-shot shot1 ingredient2 left right dispenser2)
20.237: (fill-shot shot1 ingredient2 right left dispenser2)
20.240: (fill-shot shot2 ingredient2 right left dispenser2)
20.240: (fill-shot shot2 ingredient2 left right dispenser2)
20.272: (fill-shot shot1 ingredient3 left right dispenser3)
20.273: (fill-shot shot1 ingredient3 right left dispenser3)
20.273: (fill-shot shot2 ingredient2 left right dispenser2)
20.273: (fill-shot shot2 ingredient2 right left dispenser2)
20.295: (clean-shot shot2 ingredient3 left right)
20.295: (clean-shot shot2 ingredient3 right left)
20.298: (clean-shot shot1 ingredient3 right left)
20.298: (clean-shot shot1 ingredient3 left right)
20.332: (fill-shot shot1 ingredient2 left right dispenser2)
20.332: (fill-shot shot1 ingredient2 right left dispenser2)
20.499: (clean-shot shot1 ingredient2 right left)
20.499: (clean-shot shot1 ingredient2 left right)
20.529: (fill-shot shot5 ingredient2 right left dispenser2)
20.529: (fill-shot shot5 ingredient2 left right dispenser2)
20.599: (fill-shot shot5 ingredient3 right left dispenser3)
20.599: (fill-shot shot5 ingredient3 left right dispenser3)
20.612: (leave right shot5)
20.612: (leave left shot5)
20.642: (clean-shot shot2 ingredient2 right left)
20.642: (clean-shot shot2 ingredient2 left right)
20.644: (clean-shot shot1 ingredient1 right left)
20.644: (clean-shot shot1 ingredient1 left right)
20.657: (clean-shot shot2 ingredient2 left right)
20.657: (clean-shot shot2 ingredient2 right left)
20.682: (clean-shot shot5 ingredient1 left right)
20.682: (clean-shot shot5 ingredient1 right left)
20.705: (clean-shot shot2 ingredient2 left right)
20.705: (clean-shot shot2 ingredient2 right left)
20.715: (clean-shot shot1 ingredient1 right left)
20.716: (clean-shot shot1 ingredient1 left right)
20.731: (grasp right shot1)
20.731: (grasp right shot2)
20.731: (grasp left shot2)
20.731: (grasp left shot1)
20.742: (leave right shot1)
20.742: (leave right shot2)
20.742: (leave left shot2)
20.742: (leave left shot1)
20.763: (grasp right shot5)
20.763: (grasp left shot5)
20.772: (leave left shot5)
20.772: (leave right shot5)
20.773: (grasp left shot5)
20.773: (grasp right shot5)
20.805: (grasp right shot1)
20.805: (grasp left shot1)
20.826: (clean-shot shot1 ingredient2 right left)
20.826: (clean-shot shot1 ingredient2 left right)
20.835: (clean-shot shot2 ingredient1 right left)
20.835: (clean-shot shot2 ingredient1 left right)
20.841: (clean-shot shot1 ingredient2 right left)
20.841: (clean-shot shot1 ingredient2 left right)
20.844: (leave left shot5)
20.844: (leave right shot5)
20.844: (leave left shot2)
20.844: (leave right shot2)
20.845: (clean-shot shot5 ingredient2 left right)
20.845: (clean-shot shot5 ingredient2 right left)
20.872: (clean-shot shot1 ingredient2 right left)
20.872: (clean-shot shot1 ingredient2 left right)
20.886: (clean-shot shot2 ingredient1 left right)
20.886: (clean-shot shot2 ingredient1 right left)
20.914: (grasp right shot1)
20.914: (grasp left shot1)
20.916: (grasp right shot5)
20.916: (grasp left shot5)
20.916: (grasp left shot2)
20.916: (grasp right shot2)
21.024: (leave right shot5)
21.024: (leave left shot5)
21.048: (leave left shot2)
21.048: (leave right shot1)
21.048: (leave left shot1)
21.048: (leave right shot2)
21.105: (leave left shot2)
21.105: (leave right shot2)
21.106: (leave right shot1)
21.106: (leave left shot1)
21.109: (grasp right shot1)
21.109: (grasp left shot1)
21.128: (leave right shot2)
21.128: (leave right shot1)
21.128: (leave left shot2)
21.128: (leave left shot1)
21.142: (grasp right shot4)
21.142: (grasp right shot3)
21.142: (grasp left shot4)
21.142: (grasp left shot3)
21.150: (grasp left shot2)
21.150: (grasp right shot2)
21.153: (grasp right shot3)
21.153: (grasp right shot4)
21.153: (grasp left shot4)
21.153: (grasp left shot3)
21.156: (grasp right shot2)
21.156: (grasp left shot2)
21.157: (leave right shot5)
21.157: (leave left shot5)
21.166: (grasp left shaker1)
21.166: (grasp right shaker1)
21.176: (grasp right shaker1)
21.176: (grasp left shaker1)
21.216: (grasp left shot4)
21.216: (grasp right shot3)
21.216: (grasp left shot3)
21.216: (grasp right shot4)
21.220: (grasp right shot4)
21.220: (grasp right shot3)
21.220: (grasp left shot4)
21.220: (grasp left shot3)
21.221: (grasp left shot4)
21.221: (grasp right shot3)
21.221: (grasp left shot3)
21.221: (grasp right shot4)
21.247: (grasp right shaker1)
21.247: (grasp left shaker1)
21.249: (clean-shot shot1 ingredient1 right left)
21.249: (clean-shot shot1 ingredient1 left right)
21.266: (grasp right shot1)
21.266: (grasp left shot1)
21.266: (grasp left shot2)
21.266: (grasp right shot2)
21.278: (grasp left shot2)
21.278: (grasp right shot2)
21.279: (grasp right shot1)
21.279: (grasp left shot1)
21.340: (grasp right shot2)
21.340: (grasp left shot2)
21.347: (grasp right shot2)
21.347: (grasp left shot2)
21.347: (leave left shot1)
21.347: (leave right shot1)
21.350: (grasp left shot1)
21.350: (clean-shot shot2 ingredient1 right left)
21.351: (clean-shot shot2 ingredient1 left right)
21.351: (grasp right shot1)
21.366: (grasp left shot1)
21.366: (grasp right shot1)
10.835: (grasp left shaker1)
10.835: (grasp right shaker1)
10.835: (grasp right shaker1)
10.835: (grasp left shaker1)
11.583: (clean-shot shot4 ingredient1 left right)
11.583: (clean-shot shot4 ingredient1 right left)
11.583: (clean-shot shot3 ingredient1 left right)
11.583: (clean-shot shot3 ingredient1 right left)
12.189: (refill-shot shot3 ingredient1 right left dispenser1)
12.189: (refill-shot shot3 ingredient1 left right dispenser1)
12.189: (refill-shot shot4 ingredient1 left right dispenser1)
12.189: (refill-shot shot4 ingredient1 right left dispenser1)
12.455: (grasp left shot5)
12.455: (grasp right shot5)
12.455: (grasp left shot5)
12.455: (grasp right shot5)
12.532: (grasp left shot4)
12.532: (grasp right shot4)
12.532: (grasp right shot3)
12.532: (grasp left shot3)
12.749: (grasp right shot2)
12.749: (grasp right shot2)
12.749: (grasp left shot2)
12.749: (grasp left shot2)
12.751: (grasp left shot1)
12.751: (grasp right shot1)
12.751: (grasp left shot1)
12.751: (grasp right shot1)
12.867: (leave right shot3)
12.867: (leave left shot3)
12.867: (leave left shot4)
12.867: (leave right shot4)
17.666: (pour-shot-to-used-shaker shot1 ingredient3 shaker1 right l1 l2)
17.666: (pour-shot-to-used-shaker shot1 ingredient3 shaker1 left l1 l2)
18.006: (pour-shot-to-used-shaker shot1 ingredient3 shaker1 left l1 l2)
18.006: (pour-shot-to-used-shaker shot1 ingredient3 shaker1 right l1 l2)
18.401: (pour-shot-to-used-shaker shot5 ingredient2 shaker1 right l1 l2)
18.401: (pour-shot-to-used-shaker shot5 ingredient2 shaker1 left l1 l2)
18.465: (pour-shot-to-used-shaker shot1 ingredient2 shaker1 left l1 l2)
18.465: (pour-shot-to-used-shaker shot1 ingredient2 shaker1 right l1 l2)
18.826: (pour-shot-to-used-shaker shot1 ingredient2 shaker1 left l1 l2)
18.826: (pour-shot-to-used-shaker shot1 ingredient2 shaker1 right l1 l2)
19.145: (fill-shot shot1 ingredient2 right left dispenser2)
19.145: (fill-shot shot1 ingredient2 left right dispenser2)
19.341: (fill-shot shot1 ingredient1 left right dispenser1)
19.341: (fill-shot shot1 ingredient1 right left dispenser1)
19.369: (fill-shot shot1 ingredient1 left right dispenser1)
19.369: (fill-shot shot1 ingredient1 right left dispenser1)
19.376: (fill-shot shot2 ingredient2 right left dispenser2)
19.377: (fill-shot shot2 ingredient2 left right dispenser2)
19.387: (fill-shot shot2 ingredient2 left right dispenser2)
19.387: (fill-shot shot2 ingredient2 right left dispenser2)
19.414: (fill-shot shot1 ingredient1 right left dispenser1)
19.414: (fill-shot shot1 ingredient1 left right dispenser1)
19.421: (fill-shot shot1 ingredient1 right left dispenser1)
19.421: (fill-shot shot1 ingredient1 left right dispenser1)
19.436: (fill-shot shot1 ingredient2 right left dispenser2)
19.436: (fill-shot shot1 ingredient2 left right dispenser2)
19.440: (fill-shot shot2 ingredient1 left right dispenser1)
19.440: (fill-shot shot2 ingredient1 right left dispenser1)
19.461: (fill-shot shot1 ingredient2 right left dispenser2)
19.461: (fill-shot shot1 ingredient2 left right dispenser2)
19.462: (fill-shot shot1 ingredient2 left right dispenser2)
19.463: (fill-shot shot1 ingredient2 right left dispenser2)
19.470: (fill-shot shot2 ingredient1 right left dispenser1)
19.471: (fill-shot shot2 ingredient1 left right dispenser1)
19.549: (fill-shot shot1 ingredient3 right left dispenser3)
19.549: (fill-shot shot1 ingredient3 left right dispenser3)
19.885: (fill-shot shot1 ingredient3 right left dispenser3)
19.885: (fill-shot shot1 ingredient3 left right dispenser3)
19.983: (fill-shot shot5 ingredient2 right left dispenser2)
19.983: (fill-shot shot5 ingredient2 left right dispenser2)
20.061: (fill-shot shot1 ingredient1 right left dispenser1)
20.061: (fill-shot shot1 ingredient1 left right dispenser1)
20.074: (fill-shot shot1 ingredient3 right left dispenser3)
20.074: (fill-shot shot1 ingredient3 left right dispenser3)
20.080: (leave right shot2)
20.080: (leave left shot2)
20.081: (pour-shot-to-used-shaker shot2 ingredient3 shaker1 right l1 l2)
20.081: (pour-shot-to-used-shaker shot2 ingredient3 shaker1 left l1 l2)
20.083: (fill-shot shot2 ingredient3 left right dispenser3)
20.083: (fill-shot shot2 ingredient3 right left dispenser3)
20.083: (fill-shot shot2 ingredient1 left right dispenser1)
20.083: (fill-shot shot2 ingredient1 right left dispenser1)
20.090: (leave left shot1)
20.090: (leave right shot1)
20.096: (fill-shot shot2 ingredient3 left right dispenser3)
20.096: (fill-shot shot2 ingredient3 right left dispenser3)
20.098: (leave right shot2)
20.098: (leave left shot2)
20.109: (fill-shot shot1 ingredient3 right left dispenser3)
20.109: (fill-shot shot1 ingredient3 left right dispenser3)
20.111: (leave right shot2)
20.111: (leave left shot2)
20.116: (fill-shot shot1 ingredient1 right left dispenser1)
20.116: (fill-shot shot1 ingredient1 left right dispenser1)
20.124: (fill-shot shot1 ingredient1 left right dispenser1)
20.124: (fill-shot shot1 ingredient1 right left dispenser1)
20.130: (fill-shot shot1 ingredient3 right left dispenser3)
20.130: (fill-shot shot1 ingredient3 left right dispenser3)
20.133: (fill-shot shot2 ingredient3 left right dispenser3)
20.133: (fill-shot shot2 ingredient3 right left dispenser3)
20.138: (fill-shot shot1 ingredient3 left right dispenser3)
20.138: (fill-shot shot1 ingredient3 right left dispenser3)
20.140: (fill-shot shot2 ingredient1 right left dispenser1)
20.140: (fill-shot shot2 ingredient1 left right dispenser1)
20.146: (fill-shot shot2 ingredient1 right left dispenser1)
20.146: (fill-shot shot2 ingredient1 left right dispenser1)
20.150: (fill-shot shot2 ingredient3 left right dispenser3)
20.150: (fill-shot shot2 ingredient3 right left dispenser3)
20.158: (fill-shot shot5 ingredient1 left right dispenser1)
20.158: (fill-shot shot5 ingredient1 right left dispenser1)
20.160: (leave left shot5)
20.160: (leave right shot5)
20.160: (grasp right shot1)
20.160: (grasp left shot1)
20.162: (leave right shot1)
20.162: (leave left shot1)
20.167: (leave right shot1)
20.167: (leave left shot1)
20.173: (leave right shot2)
20.173: (leave left shot2)
20.180: (leave right shot2)
20.180: (leave left shot2)
20.182: (fill-shot shot2 ingredient3 left right dispenser3)
20.182: (fill-shot shot2 ingredient3 right left dispenser3)
20.183: (leave right shot5)
20.183: (leave left shot5)
20.183: (grasp right shot2)
20.183: (grasp left shot2)
20.186: (fill-shot shot2 ingredient2 right left dispenser2)
20.186: (fill-shot shot2 ingredient2 left right dispenser2)
20.189: (fill-shot shot1 ingredient2 left right dispenser2)
20.189: (fill-shot shot1 ingredient2 right left dispenser2)
20.191: (leave right shot2)
20.191: (leave left shot2)
20.198: (fill-shot shot1 ingredient3 left right dispenser3)
20.198: (fill-shot shot1 ingredient3 right left dispenser3)
20.202: (leave left shot1)
20.202: (leave right shot1)
20.223: (pour-shot-to-used-shaker shot2 ingredient3 shaker1 left l1 l2)
20.223: (pour-shot-to-used-shaker shot2 ingredient3 shaker1 right l1 l2)
20.230: (fill-shot shot2 ingredient2 left right dispenser2)
20.230: (fill-shot shot2 ingredient2 right left dispenser2)
20.234: (fill-shot shot2 ingredient3 right left dispenser3)
20.234: (fill-shot shot2 ingredient3 left right dispenser3)
20.242: (fill-shot shot1 ingredient2 right left dispenser2)
20.242: (fill-shot shot1 ingredient2 left right dispenser2)
20.272: (fill-shot shot1 ingredient3 left right dispenser3)
20.272: (fill-shot shot1 ingredient3 right left dispenser3)
20.285: (pour-shot-to-used-shaker shot2 ingredient2 shaker1 right l1 l2)
20.285: (pour-shot-to-used-shaker shot2 ingredient2 shaker1 left l1 l2)
20.288: (grasp right shot5)
20.288: (grasp left shot5)
20.291: (fill-shot shot2 ingredient2 right left dispenser2)
20.291: (fill-shot shot2 ingredient2 left right dispenser2)
20.304: (grasp left shot3)
20.304: (grasp left shot4)
20.304: (grasp right shot4)
20.304: (grasp right shot3)
20.305: (grasp left shot4)
20.305: (grasp left shot3)
20.305: (grasp right shot4)
20.305: (grasp right shot3)
20.310: (grasp left shot1)
20.310: (grasp right shot1)
20.315: (grasp left shot4)
20.315: (grasp left shot3)
20.315: (grasp right shot4)
20.315: (grasp right shot3)
20.317: (grasp left shot1)
20.317: (grasp right shot1)
20.320: (grasp left shot2)
20.320: (grasp right shot2)
20.325: (grasp right shot2)
20.325: (grasp left shot2)
20.327: (grasp left shot4)
20.327: (grasp left shot3)
20.327: (grasp right shot4)
20.327: (grasp right shot3)
20.328: (fill-shot shot1 ingredient2 left right dispenser2)
20.328: (fill-shot shot1 ingredient2 right left dispenser2)
20.328: (fill-shot shot5 ingredient3 right left dispenser3)
20.328: (fill-shot shot5 ingredient3 left right dispenser3)
20.335: (grasp left shot5)
20.335: (grasp right shot5)
20.337: (grasp right shot5)
20.337: (grasp left shot5)
20.338: (grasp left shot4)
20.338: (grasp right shot3)
20.338: (grasp left shot3)
20.338: (grasp right shot4)
20.343: (grasp right shot5)
20.343: (grasp left shot5)
20.347: (grasp right shot1)
20.347: (grasp left shot1)
20.348: (grasp left shot1)
20.348: (grasp right shot1)
20.353: (grasp right shot5)
20.353: (grasp left shot5)
10.612: (grasp left shaker1)
10.612: (grasp right shaker1)
10.612: (grasp left shaker1)
10.612: (grasp right shaker1)
10.716: (leave right shot3)
10.716: (leave left shot4)
10.716: (leave left shot3)
10.716: (leave right shot4)
11.923: (grasp right shaker1)
11.923: (grasp left shaker1)
11.923: (grasp left shaker1)
11.923: (grasp right shaker1)
11.924: (leave right shot3)
11.924: (leave left shot4)
11.924: (leave right shot4)
11.924: (leave left shot3)
11.937: (grasp right shaker1)
11.937: (grasp right shaker1)
11.937: (grasp left shaker1)
11.938: (grasp left shaker1)
12.193: (fill-shot shot3 ingredient3 right left dispenser3)
12.193: (fill-shot shot4 ingredient3 left right dispenser3)
12.193: (fill-shot shot4 ingredient3 right left dispenser3)
12.193: (fill-shot shot3 ingredient3 left right dispenser3)
12.230: (grasp left shot5)
12.230: (grasp right shot5)
12.230: (grasp left shot5)
12.230: (grasp right shot5)
12.349: (grasp left shot4)
12.349: (grasp right shot3)
12.349: (grasp right shot4)
12.349: (grasp left shot3)
12.534: (grasp left shot1)
12.534: (grasp right shot1)
12.534: (grasp left shot1)
12.534: (grasp right shot1)
12.534: (grasp left shot2)
12.534: (grasp left shot2)
12.534: (grasp right shot2)
12.534: (grasp right shot2)
12.854: (grasp right shot5)
12.854: (grasp left shot5)
12.854: (grasp right shot5)
12.854: (grasp left shot5)
12.895: (grasp left shot3)
12.895: (grasp right shot3)
12.895: (grasp right shot4)
12.895: (grasp left shot4)
13.131: (grasp left shot1)
13.131: (grasp right shot1)
13.131: (grasp left shot1)
13.131: (grasp right shot1)
13.143: (grasp left shot2)
13.143: (grasp right shot2)
13.143: (grasp right shot2)
13.143: (grasp left shot2)
13.177: (leave left shot3)
13.177: (leave left shot4)
13.177: (leave right shot3)
13.177: (leave right shot4)
13.516: (grasp right shot5)
13.516: (grasp right shot5)
13.516: (grasp left shot5)
13.517: (grasp left shot5)
13.517: (leave left shot3)
13.517: (leave right shot3)
13.517: (leave left shot4)
13.517: (leave right shot4)
13.664: (grasp left shot3)
13.664: (grasp right shot3)
13.664: (grasp left shot4)
13.664: (grasp right shot4)
13.664: (leave right shot3)
13.664: (leave left shot3)
13.664: (leave right shot4)
13.664: (leave left shot4)
13.808: (leave left shot4)
13.808: (grasp left shot1)
13.808: (leave left shot3)
13.808: (leave right shot3)
13.808: (leave right shot4)
13.808: (grasp right shot1)
13.808: (grasp right shot1)
13.808: (grasp left shot1)
13.810: (leave left shot3)
13.810: (leave right shot4)
13.810: (leave left shot4)
13.810: (leave right shot3)
13.810: (grasp left shot2)
13.810: (grasp right shot2)
13.810: (grasp left shot2)
13.810: (grasp right shot2)
16.998: (refill-shot shot1 ingredient3 left right dispenser3)
16.999: (refill-shot shot1 ingredient3 right left dispenser3)
17.104: (clean-shot shot1 ingredient3 right left)
17.104: (clean-shot shot1 ingredient3 left right)
17.104: (clean-shot shot1 ingredient2 left right)
17.104: (clean-shot shot1 ingredient2 right left)
17.345: (refill-shot shot1 ingredient3 left right dispenser3)
17.345: (refill-shot shot1 ingredient3 right left dispenser3)
17.460: (leave right shot5)
17.460: (leave left shot5)
17.491: (clean-shot shot1 ingredient3 right left)
17.491: (clean-shot shot1 ingredient3 left right)
17.491: (clean-shot shot1 ingredient2 left right)
17.491: (clean-shot shot1 ingredient2 right left)
17.591: (clean-shot shot5 ingredient2 left right)
17.591: (clean-shot shot5 ingredient2 right left)
17.623: (leave right shot1)
17.623: (leave left shot1)
17.670: (grasp left shot1)
17.670: (grasp right shot1)
17.800: (fill-shot shot3 ingredient2 right left dispenser2)
17.800: (fill-shot shot4 ingredient2 left right dispenser2)
17.800: (fill-shot shot3 ingredient2 left right dispenser2)
17.800: (fill-shot shot4 ingredient2 right left dispenser2)
17.834: (pour-shot-to-used-shaker shot1 ingredient3 shaker1 right l1 l2)
17.834: (pour-shot-to-used-shaker shot1 ingredient3 shaker1 left l1 l2)
17.987: (leave right shot1)
17.987: (leave left shot1)
18.033: (pour-shot-to-used-shaker shot1 ingredient3 shaker1 right l1 l2)
18.033: (pour-shot-to-used-shaker shot1 ingredient3 shaker1 left l1 l2)
18.054: (pour-shot-to-used-shaker shot1 ingredient3 shaker1 right l1 l2)
18.054: (pour-shot-to-used-shaker shot1 ingredient3 shaker1 left l1 l2)
18.162: (clean-shot shot2 ingredient3 right left)
18.162: (clean-shot shot2 ingredient3 left right)
18.163: (clean-shot shot2 ingredient2 left right)
18.163: (clean-shot shot2 ingredient2 right left)
18.284: (grasp left shaker1)
18.284: (grasp right shaker1)
18.405: (refill-shot shot5 ingredient2 right left dispenser2)
18.405: (refill-shot shot5 ingredient2 left right dispenser2)
18.431: (clean-shot shot2 ingredient3 right left)
18.432: (clean-shot shot2 ingredient3 left right)
18.453: (leave right shot1)
18.453: (leave left shot1)
18.490: (grasp left shot3)
18.490: (grasp left shot4)
18.490: (grasp right shot3)
18.490: (grasp right shot4)
18.609: (pour-shot-to-used-shaker shot1 ingredient2 shaker1 right l1 l2)
18.609: (pour-shot-to-used-shaker shot1 ingredient2 shaker1 left l1 l2)
18.617: (grasp right shaker1)
18.618: (grasp left shaker1)
18.638: (grasp left shot5)
18.638: (grasp right shot5)
18.788: (leave right shot1)
18.788: (leave left shot1)
18.831: (grasp left shot3)
18.831: (grasp left shot4)
18.831: (grasp right shot4)
18.831: (grasp right shot3)
18.853: (pour-shot-to-used-shaker shot1 ingredient2 shaker1 right l1 l2)
18.853: (pour-shot-to-used-shaker shot1 ingredient2 shaker1 left l1 l2)
18.871: (pour-shot-to-used-shaker shot1 ingredient2 shaker1 left l1 l2)
18.871: (pour-shot-to-used-shaker shot1 ingredient2 shaker1 right l1 l2)
18.891: (grasp right shot5)
18.891: (grasp left shot5)
18.917: (grasp left shot2)
18.918: (grasp right shot2)
18.948: (grasp right shaker1)
18.948: (grasp left shaker1)
19.101: (grasp right shot4)
19.101: (grasp right shot3)
19.101: (grasp left shot3)
19.101: (grasp left shot4)
19.245: (grasp left shot2)
19.245: (grasp right shot2)
19.251: (grasp right shot2)
19.251: (grasp left shot2)
19.277: (fill-shot shot1 ingredient2 right left dispenser2)
19.277: (fill-shot shot1 ingredient2 left right dispenser2)
19.288: (grasp left shot3)
19.288: (grasp left shot4)
19.288: (grasp right shot4)
19.288: (grasp right shot3)
19.379: (refill-shot shot1 ingredient2 right left dispenser2)
19.379: (refill-shot shot1 ingredient2 left right dispenser2)
19.435: (grasp left shaker1)
19.435: (grasp right shaker1)
19.455: (grasp left shot5)
19.455: (grasp right shot5)
19.635: (grasp left shot2)
19.635: (grasp right shot2)
19.635: (leave right shot1)
19.635: (leave left shot1)
19.637: (grasp left shot1)
19.637: (grasp right shot1)
19.638: (leave left shot2)
19.638: (leave right shot2)
19.648: (grasp right shot4)
19.648: (grasp left shot4)
19.648: (grasp left shot3)
19.648: (grasp right shot3)
19.652: (grasp right shot1)
19.652: (grasp left shot1)
19.653: (leave left shot2)
19.653: (leave right shot2)
19.659: (grasp left shot1)
19.659: (grasp right shot1)
9.745: (grasp left shaker1)
9.745: (grasp right shaker1)
9.745: (leave right shot3)
9.745: (leave right shot4)
9.745: (leave left shot4)
9.745: (leave left shot3)
11.363: (leave right shot4)
11.363: (leave left shot3)
11.363: (leave right shot3)
11.363: (leave left shot4)
11.363: (grasp left shot5)
11.363: (grasp right shot5)
11.659: (leave right shot3)
11.659: (leave left shot3)
11.659: (leave right shot4)
11.659: (leave left shot4)
11.659: (grasp right shot1)
11.659: (grasp left shot1)
11.667: (leave right shot3)
11.667: (leave right shot4)
11.667: (leave left shot4)
11.667: (leave left shot3)
11.667: (grasp right shot2)
11.667: (grasp left shot2)
11.829: (empty-shot right shot4 ingredient3)
11.829: (empty-shot left shot3 ingredient3)
11.829: (empty-shot right shot3 ingredient3)
11.829: (empty-shot left shot4 ingredient3)
11.993: (grasp right shaker1)
11.993: (grasp left shaker1)
11.993: (grasp left shaker1)
11.993: (grasp right shaker1)
12.562: (grasp right shaker1)
12.562: (grasp right shaker1)
12.562: (grasp right shot5)
12.562: (grasp left shot5)
12.562: (grasp right shot5)
12.562: (grasp left shaker1)
12.562: (grasp left shaker1)
12.562: (grasp left shot5)
12.740: (grasp left shaker1)
12.740: (grasp right shaker1)
12.740: (grasp right shaker1)
12.740: (grasp left shaker1)
12.740: (grasp left shot3)
12.740: (grasp left shot4)
12.740: (grasp right shot3)
12.740: (grasp right shot4)
12.837: (grasp left shot5)
12.837: (grasp right shot5)
12.837: (grasp left shot5)
12.837: (grasp right shot5)
12.875: (grasp right shaker1)
12.876: (grasp left shaker1)
12.876: (grasp right shaker1)
12.876: (grasp left shot1)
12.876: (grasp left shaker1)
12.876: (grasp right shot1)
12.876: (grasp right shot1)
12.876: (grasp left shot1)
12.886: (grasp right shaker1)
12.886: (grasp left shaker1)
12.887: (grasp left shot2)
12.887: (grasp right shot2)
12.887: (grasp left shot2)
12.887: (grasp right shot2)
12.889: (grasp left shaker1)
12.889: (grasp right shaker1)
12.913: (grasp right shot4)
12.913: (grasp left shot4)
12.913: (grasp left shot3)
12.913: (grasp right shot3)
12.998: (leave left shot4)
12.998: (grasp left shaker1)
12.998: (grasp right shaker1)
12.998: (grasp right shaker1)
12.998: (grasp left shaker1)
12.998: (leave left shot3)
12.998: (leave right shot3)
12.998: (leave right shot4)
13.067: (fill-shot shot5 ingredient2 left right dispenser2)
13.067: (fill-shot shot5 ingredient2 left right dispenser2)
13.067: (fill-shot shot5 ingredient2 right left dispenser2)
13.067: (fill-shot shot5 ingredient2 right left dispenser2)
13.131: (grasp right shot1)
13.131: (grasp left shot1)
13.131: (grasp right shot1)
13.131: (grasp left shot1)
13.160: (fill-shot shot5 ingredient3 left right dispenser3)
13.160: (fill-shot shot5 ingredient3 left right dispenser3)
13.160: (fill-shot shot5 ingredient3 right left dispenser3)
13.161: (fill-shot shot5 ingredient3 right left dispenser3)
13.168: (grasp left shot2)
13.168: (grasp left shot2)
13.168: (grasp right shot2)
13.168: (grasp right shot2)
13.187: (fill-shot shot5 ingredient1 right left dispenser1)
13.188: (fill-shot shot5 ingredient1 left right dispenser1)
13.188: (fill-shot shot5 ingredient1 left right dispenser1)
13.188: (fill-shot shot5 ingredient1 right left dispenser1)
13.237: (leave left shot3)
13.237: (leave right shot4)
13.238: (leave left shot4)
13.238: (leave right shot3)
13.345: (leave right shot4)
13.345: (leave left shot4)
13.345: (leave right shot3)
13.345: (leave left shot3)
13.346: (grasp left shot5)
13.346: (grasp left shot5)
13.346: (grasp right shot5)
13.346: (grasp right shot5)
14.006: (leave left shot4)
14.006: (grasp right shot3)
14.006: (leave right shot3)
14.006: (leave right shot4)
14.006: (leave left shot3)
14.006: (grasp left shot4)
14.006: (grasp left shot3)
14.006: (grasp right shot4)
14.132: (leave left shot3)
14.132: (leave left shot4)
14.132: (leave right shot3)
14.132: (leave right shot4)
14.133: (grasp right shot1)
14.133: (grasp left shot1)
14.133: (grasp right shot1)
14.133: (grasp left shot1)
14.161: (leave right shot4)
14.162: (grasp right shot2)
14.162: (grasp left shot2)
14.162: (grasp right shot2)
14.162: (grasp left shot2)
14.162: (leave left shot3)
14.162: (leave left shot4)
14.162: (leave right shot3)
14.315: (grasp left shot4)
14.315: (grasp left shot3)
14.315: (grasp right shot3)
14.315: (grasp right shot5)
14.315: (grasp right shot5)
14.315: (grasp left shot5)
14.315: (grasp left shot5)
14.315: (grasp right shot4)
14.458: (grasp right shot1)
14.458: (grasp left shot1)
14.458: (grasp left shot1)
14.458: (grasp right shot1)
14.459: (grasp right shot5)
14.459: (grasp left shot5)
14.459: (grasp right shot5)
14.459: (grasp left shot5)
14.459: (grasp right shot5)
14.459: (grasp left shot5)
14.459: (grasp right shot5)
14.459: (grasp left shot5)
14.460: (grasp right shot2)
14.460: (grasp left shot2)
14.460: (grasp left shot2)
14.460: (grasp right shot2)
14.607: (grasp left shot2)
14.607: (grasp right shot2)
14.607: (grasp right shot2)
14.607: (grasp left shot2)
14.607: (grasp right shot4)
14.607: (grasp left shot3)
14.607: (grasp right shot3)
14.607: (grasp left shot4)
14.609: (grasp right shot1)
14.609: (grasp left shot1)
14.609: (grasp right shot1)
14.609: (grasp left shot1)
14.609: (grasp left shot3)
14.609: (grasp left shot4)
14.609: (grasp right shot3)
14.609: (grasp right shot4)
14.749: (grasp left shot2)
14.749: (grasp right shot1)
14.749: (grasp right shot2)
14.749: (grasp left shot2)
14.749: (grasp left shot1)
14.749: (grasp right shot2)
14.750: (grasp right shot1)
14.750: (grasp left shot1)
15.662: (fill-shot shot3 ingredient1 left right dispenser1)
15.662: (fill-shot shot3 ingredient1 right left dispenser1)
15.662: (fill-shot shot4 ingredient1 left right dispenser1)
15.662: (fill-shot shot4 ingredient1 right left dispenser1)
15.699: (fill-shot shot4 ingredient3 left right dispenser3)
15.699: (fill-shot shot3 ingredient3 right left dispenser3)
15.699: (fill-shot shot3 ingredient3 left right dispenser3)
15.699: (fill-shot shot4 ingredient3 right left dispenser3)
15.799: (fill-shot shot1 ingredient1 right left dispenser1)
15.799: (fill-shot shot1 ingredient1 left right dispenser1)
15.799: (fill-shot shot1 ingredient1 left right dispenser1)
15.799: (fill-shot shot1 ingredient1 right left dispenser1)
15.830: (fill-shot shot1 ingredient3 right left dispenser3)
15.830: (fill-shot shot1 ingredient3 left right dispenser3)
15.830: (fill-shot shot1 ingredient3 left right dispenser3)
15.830: (fill-shot shot1 ingredient3 right left dispenser3)
9.573: (fill-shot shot5 ingredient3 right left dispenser3)
9.573: (fill-shot shot5 ingredient3 left right dispenser3)
9.602: (fill-shot shot5 ingredient1 right left dispenser1)
9.602: (fill-shot shot5 ingredient1 left right dispenser1)
9.657: (fill-shot shot5 ingredient2 left right dispenser2)
9.657: (fill-shot shot5 ingredient2 right left dispenser2)
10.396: (grasp right shot5)
10.396: (grasp right shaker1)
10.396: (grasp left shot5)
10.396: (grasp left shaker1)
10.691: (grasp left shot2)
10.691: (grasp right shot2)
10.692: (grasp left shaker1)
10.692: (grasp right shaker1)
10.692: (grasp left shaker1)
10.692: (grasp left shot1)
10.692: (grasp right shot1)
10.692: (grasp right shaker1)
10.865: (empty-shot left shot3 ingredient3)
10.865: (empty-shot right shot4 ingredient3)
10.865: (empty-shot right shot3 ingredient3)
10.865: (grasp left shaker1)
10.865: (empty-shot left shot4 ingredient3)
10.865: (grasp right shaker1)
10.865: (grasp left shaker1)
10.866: (grasp right shaker1)
11.913: (grasp left shot4)
11.913: (grasp left shot3)
11.913: (grasp right shot4)
11.913: (grasp right shot3)
12.008: (grasp left shot4)
12.009: (grasp right shot4)
12.009: (grasp left shot3)
12.009: (grasp right shot3)
12.025: (grasp left shot4)
12.025: (grasp right shot4)
12.025: (grasp right shot3)
12.025: (grasp left shot3)
12.125: (leave right shot5)
12.125: (leave right shot5)
12.125: (leave left shot5)
12.125: (leave left shot5)
12.248: (fill-shot shot1 ingredient1 right left dispenser1)
12.248: (fill-shot shot1 ingredient1 left right dispenser1)
12.251: (fill-shot shot1 ingredient3 left right dispenser3)
12.251: (fill-shot shot1 ingredient3 right left dispenser3)
12.262: (leave left shot5)
12.263: (leave right shot5)
12.263: (leave right shot5)
12.263: (leave left shot5)
12.281: (leave right shot5)
12.282: (leave left shot5)
12.282: (leave left shot5)
12.283: (leave right shot5)
12.307: (grasp right shot1)
12.307: (grasp right shot5)
12.307: (grasp left shot5)
12.307: (grasp left shot1)
12.325: (grasp right shot5)
12.325: (grasp left shot2)
12.326: (grasp left shot5)
12.326: (grasp right shot2)
12.479: (empty-shot right shot3 ingredient3)
12.479: (grasp left shot5)
12.479: (grasp right shot5)
12.479: (empty-shot left shot4 ingredient3)
12.479: (empty-shot right shot4 ingredient3)
12.479: (empty-shot left shot3 ingredient3)
12.479: (grasp left shot5)
12.479: (grasp right shot5)
12.558: (grasp right shot4)
12.558: (grasp left shot3)
12.558: (grasp left shot4)
12.558: (grasp right shot3)
12.559: (empty-shot left shot3 ingredient3)
12.559: (empty-shot left shot4 ingredient3)
12.559: (empty-shot right shot3 ingredient3)
12.559: (empty-shot right shot4 ingredient3)
12.608: (grasp left shot2)
12.608: (grasp left shot1)
12.608: (grasp right shot1)
12.608: (grasp right shot2)
12.772: (grasp left shot1)
12.772: (grasp right shot1)
12.772: (grasp right shot1)
12.772: (grasp left shot1)
12.772: (empty-shot left shot3 ingredient3)
12.772: (empty-shot right shot3 ingredient3)
12.772: (empty-shot left shot4 ingredient3)
12.772: (empty-shot right shot4 ingredient3)
12.789: (grasp right shot2)
12.789: (grasp left shot2)
12.789: (grasp left shot2)
12.789: (grasp right shot2)
12.789: (empty-shot right shot4 ingredient3)
12.790: (empty-shot left shot4 ingredient3)
12.790: (empty-shot left shot3 ingredient3)
12.790: (empty-shot right shot3 ingredient3)
12.850: (grasp left shaker1)
12.850: (grasp right shaker1)
12.850: (grasp right shaker1)
12.850: (grasp left shaker1)
12.863: (leave left shot3)
12.863: (leave left shot4)
12.863: (leave right shot3)
12.863: (leave right shot4)
12.944: (grasp right shaker1)
12.944: (grasp left shaker1)
12.944: (grasp left shaker1)
12.945: (grasp right shaker1)
12.968: (grasp left shaker1)
12.968: (grasp left shaker1)
12.968: (grasp right shaker1)
12.968: (grasp right shaker1)
12.998: (empty-shot right shot5 ingredient2)
12.998: (empty-shot right shot5 ingredient2)
12.998: (empty-shot left shot5 ingredient2)
12.998: (empty-shot left shot5 ingredient2)
13.060: (leave left shot3)
13.060: (leave right shot3)
13.060: (leave right shot4)
13.060: (leave left shot4)
13.061: (grasp right shaker1)
13.061: (grasp left shaker1)
13.061: (grasp right shaker1)
13.061: (grasp left shaker1)
13.158: (grasp right shaker1)
13.158: (grasp left shaker1)
13.158: (grasp left shaker1)
13.158: (grasp right shaker1)
13.160: (grasp left shot5)
13.160: (grasp right shot5)
13.160: (grasp left shot5)
13.160: (grasp right shot5)
13.163: (empty-shot left shot5 ingredient3)
13.163: (empty-shot left shot5 ingredient3)
13.163: (empty-shot right shot5 ingredient3)
13.163: (empty-shot right shot5 ingredient3)
13.185: (empty-shot left shot5 ingredient1)
13.185: (empty-shot right shot5 ingredient1)
13.185: (empty-shot left shot5 ingredient1)
13.185: (empty-shot right shot5 ingredient1)
13.383: (grasp left shot5)
13.383: (grasp right shot5)
13.383: (grasp left shot5)
13.383: (grasp right shot5)
13.383: (leave left shot4)
13.383: (leave right shot3)
13.383: (leave left shot3)
13.383: (leave right shot4)
13.825: (grasp left shaker1)
13.825: (grasp left shaker1)
13.825: (grasp right shaker1)
13.825: (grasp right shaker1)
13.825: (grasp right shot3)
13.825: (grasp left shot3)
13.825: (grasp left shot4)
13.825: (grasp right shot4)
13.896: (grasp right shot4)
13.896: (grasp right shot3)
13.896: (grasp left shot3)
13.896: (grasp left shot4)
13.955: (grasp left shot1)
13.955: (grasp right shot1)
13.955: (grasp right shot1)
13.955: (grasp left shot1)
13.956: (grasp left shaker1)
13.956: (grasp left shaker1)
13.956: (grasp right shaker1)
13.956: (grasp right shaker1)
13.977: (grasp right shot2)
13.977: (grasp left shot2)
13.977: (grasp right shot2)
13.977: (grasp left shot2)
13.978: (grasp right shaker1)
13.978: (grasp left shaker1)
13.978: (grasp left shaker1)
13.978: (grasp right shaker1)
13.987: (grasp right shot4)
13.987: (grasp right shot3)
13.987: (grasp left shot4)
13.988: (grasp left shot3)
14.013: (grasp left shot4)
14.013: (grasp left shot3)
14.013: (grasp right shot3)
14.013: (grasp right shot4)
14.020: (grasp left shot1)
14.020: (grasp right shot1)
14.020: (grasp right shot1)
14.020: (grasp left shot1)
14.035: (grasp right shot2)
14.035: (grasp right shot2)
14.036: (grasp left shot2)
14.036: (grasp left shot2)
14.056: (grasp right shot3)
14.056: (grasp right shot4)
14.056: (grasp left shot3)
14.056: (grasp left shot4)
14.057: (leave right shot3)
14.057: (leave left shot4)
9.207: (leave right shot5)
9.208: (leave left shot5)
9.211: (leave right shot5)
9.211: (leave left shot5)
9.234: (leave right shot5)
9.234: (leave left shot5)
9.272: (grasp left shaker1)
9.272: (grasp right shaker1)
9.363: (grasp left shaker1)
9.364: (grasp right shaker1)
9.389: (grasp right shaker1)
9.389: (grasp left shaker1)
9.536: (empty-shot right shot5 ingredient2)
9.536: (empty-shot left shot5 ingredient2)
9.592: (empty-shot right shot5 ingredient3)
9.592: (empty-shot left shot5 ingredient3)
9.622: (empty-shot right shot5 ingredient1)
9.622: (empty-shot left shot5 ingredient1)
10.356: (grasp right shot2)
10.356: (grasp left shot2)
10.388: (grasp right shot2)
10.388: (grasp left shot2)
10.396: (grasp right shot4)
10.396: (grasp right shot3)
10.396: (grasp left shot4)
10.396: (grasp left shot3)
10.425: (grasp left shot3)
10.425: (grasp right shot4)
10.425: (grasp left shot4)
10.425: (grasp right shot3)
10.485: (grasp right shot4)
10.485: (grasp right shot3)
10.485: (grasp left shot3)
10.485: (grasp left shot4)
10.508: (grasp left shot2)
10.508: (grasp right shot2)
10.539: (grasp left shot1)
10.539: (grasp right shot1)
10.567: (grasp left shot1)
10.567: (grasp right shot1)
10.630: (grasp right shot1)
10.630: (grasp left shot1)
10.969: (grasp left shot3)
10.969: (leave left shot5)
10.969: (grasp right shot3)
10.969: (grasp left shot4)
10.969: (grasp right shot4)
10.969: (leave right shot5)
10.969: (leave right shot5)
10.969: (leave left shot5)
11.111: (grasp right shot3)
11.111: (grasp left shot3)
11.111: (grasp right shot4)
11.111: (leave right shot5)
11.111: (grasp left shot4)
11.111: (leave left shot5)
11.111: (leave left shot5)
11.111: (leave right shot5)
11.122: (leave right shot5)
11.122: (leave left shot5)
11.122: (leave left shot5)
11.122: (leave right shot5)
11.123: (grasp right shot3)
11.123: (grasp left shot4)
11.123: (grasp right shot4)
11.123: (grasp left shot3)
11.844: (grasp right shot3)
11.844: (grasp right shot4)
11.844: (grasp left shot4)
11.844: (grasp left shot3)
11.845: (empty-shot right shot5 ingredient2)
11.845: (empty-shot left shot5 ingredient2)
11.845: (empty-shot left shot5 ingredient2)
11.845: (empty-shot right shot5 ingredient2)
11.915: (empty-shot right shot1 ingredient1)
11.915: (empty-shot left shot1 ingredient1)
11.923: (grasp right shaker1)
11.923: (grasp right shaker1)
11.923: (grasp left shaker1)
11.923: (grasp left shaker1)
11.923: (leave left shot5)
11.923: (leave right shot5)
11.923: (leave right shot5)
11.923: (leave left shot5)
11.939: (grasp left shaker1)
11.939: (grasp right shaker1)
11.939: (grasp right shaker1)
11.939: (grasp left shaker1)
11.939: (empty-shot right shot1 ingredient3)
11.940: (leave left shot3)
11.940: (leave right shot4)
11.940: (leave right shot3)
11.940: (leave left shot4)
11.940: (empty-shot left shot1 ingredient3)
12.000: (grasp right shaker1)
12.001: (grasp left shaker1)
12.011: (empty-shot left shot5 ingredient3)
12.011: (empty-shot right shot5 ingredient3)
12.011: (empty-shot right shot5 ingredient3)
12.011: (grasp left shot4)
12.011: (empty-shot left shot5 ingredient3)
12.011: (grasp right shot3)
12.011: (grasp right shot4)
12.011: (grasp left shot3)
12.023: (empty-shot left shot5 ingredient1)
12.023: (empty-shot right shot5 ingredient1)
12.023: (empty-shot right shot5 ingredient1)
12.023: (empty-shot left shot5 ingredient1)
12.023: (grasp left shot3)
12.023: (grasp right shot4)
12.023: (grasp right shot3)
12.023: (grasp left shot4)
12.052: (grasp left shaker1)
12.052: (grasp right shaker1)
12.056: (leave right shot5)
12.056: (leave right shot5)
12.056: (leave left shot5)
12.056: (grasp right shaker1)
12.056: (grasp right shaker1)
12.056: (grasp left shaker1)
12.057: (grasp left shaker1)
12.057: (leave left shot5)
12.065: (leave right shot5)
12.065: (leave right shot5)
12.065: (leave left shot5)
12.065: (leave left shot5)
12.073: (grasp right shaker1)
12.073: (grasp left shaker1)
12.073: (grasp right shaker1)
12.074: (grasp left shaker1)
12.074: (leave right shot5)
12.074: (leave left shot5)
12.074: (leave left shot5)
12.074: (leave right shot5)
12.239: (leave right shot5)
12.239: (leave left shot5)
12.239: (leave right shot5)
12.239: (leave left shot5)
12.250: (leave left shot5)
12.250: (leave left shot5)
12.250: (leave right shot5)
12.251: (leave right shot5)
12.784: (empty-shot left shot5 ingredient2)
12.784: (empty-shot left shot5 ingredient2)
12.784: (empty-shot right shot5 ingredient2)
12.784: (empty-shot right shot5 ingredient2)
12.784: (grasp left shaker1)
12.784: (grasp left shaker1)
12.784: (grasp right shaker1)
12.785: (grasp right shaker1)
12.896: (grasp right shot5)
12.896: (grasp left shot5)
12.912: (grasp right shot5)
12.912: (grasp left shot5)
12.946: (empty-shot right shot5 ingredient3)
12.946: (empty-shot left shot5 ingredient3)
12.947: (empty-shot right shot5 ingredient3)
12.947: (grasp right shaker1)
12.947: (grasp right shaker1)
12.947: (grasp left shaker1)
12.947: (grasp left shaker1)
12.947: (empty-shot left shot5 ingredient3)
12.954: (grasp left shot3)
12.954: (grasp right shot3)
12.954: (grasp left shot4)
12.955: (grasp right shot4)
12.955: (leave left shot5)
12.956: (leave right shot5)
12.956: (leave left shot5)
12.956: (leave right shot5)
12.964: (empty-shot left shot5 ingredient1)
12.964: (empty-shot right shot5 ingredient1)
12.964: (empty-shot left shot5 ingredient1)
12.964: (empty-shot right shot5 ingredient1)
12.965: (grasp left shaker1)
12.965: (grasp right shaker1)
12.965: (grasp left shaker1)
12.965: (grasp right shaker1)
13.078: (leave right shot5)
13.078: (leave left shot5)
13.078: (leave right shot5)
13.078: (leave left shot5)
13.078: (grasp left shot1)
13.079: (grasp right shot1)
13.079: (grasp left shot1)
13.079: (grasp right shot1)
13.090: (grasp left shot3)
13.090: (grasp right shot3)
13.090: (grasp right shot4)
13.090: (grasp left shot4)
13.091: (leave left shot5)
13.092: (leave right shot5)
13.092: (leave right shot5)
13.092: (leave left shot5)
13.094: (grasp left shot2)
13.094: (grasp right shot2)
13.095: (grasp right shot2)
13.095: (grasp left shot2)
13.097: (leave left shot5)
13.097: (leave left shot5)
8.314: (leave right shot5)
8.314: (leave left shot5)
8.315: (grasp right shaker1)
8.315: (grasp left shaker1)
8.424: (leave left shot5)
8.424: (leave right shot5)
8.424: (grasp right shaker1)
8.424: (grasp left shaker1)
8.438: (leave right shot5)
8.438: (leave left shot5)
8.438: (grasp left shaker1)
8.438: (grasp right shaker1)
9.137: (leave left shot5)
9.137: (leave right shot5)
9.210: (empty-shot right shot5 ingredient2)
9.210: (grasp left shaker1)
9.210: (grasp right shaker1)
9.210: (empty-shot left shot5 ingredient2)
9.214: (leave left shot5)
9.214: (leave right shot5)
9.246: (leave right shot5)
9.246: (leave left shot5)
9.366: (empty-shot right shot5 ingredient1)
9.366: (empty-shot left shot5 ingredient1)
9.366: (grasp right shaker1)
9.366: (grasp left shaker1)
9.383: (grasp right shaker1)
9.383: (grasp left shaker1)
9.383: (empty-shot left shot5 ingredient3)
9.383: (empty-shot right shot5 ingredient3)
10.035: (leave left shot5)
10.035: (leave left shot5)
10.035: (leave right shot5)
10.035: (leave right shot5)
10.036: (grasp left shot4)
10.036: (grasp left shot3)
10.036: (grasp right shot3)
10.036: (grasp right shot4)
10.036: (clean-shot shot3 ingredient1 right left)
10.036: (clean-shot shot3 ingredient1 left right)
10.036: (clean-shot shot4 ingredient1 right left)
10.036: (clean-shot shot4 ingredient1 left right)
10.039: (grasp right shot4)
10.039: (grasp right shot3)
10.039: (grasp left shot3)
10.039: (grasp left shot4)
10.039: (leave left shot5)
10.039: (leave right shot5)
10.039: (clean-shot shot4 ingredient1 left right)
10.039: (clean-shot shot3 ingredient1 right left)
10.039: (leave left shot5)
10.039: (leave right shot5)
10.039: (clean-shot shot4 ingredient1 right left)
10.039: (clean-shot shot3 ingredient1 left right)
10.058: (leave right shot5)
10.058: (leave right shot5)
10.058: (leave left shot5)
10.058: (leave left shot5)
10.058: (grasp right shot3)
10.058: (grasp right shot4)
10.058: (grasp left shot4)
10.058: (grasp left shot3)
10.059: (clean-shot shot4 ingredient1 left right)
10.059: (clean-shot shot4 ingredient1 right left)
10.059: (clean-shot shot3 ingredient1 left right)
10.059: (clean-shot shot3 ingredient1 right left)
10.096: (leave left shot5)
10.096: (leave right shot5)
10.096: (grasp right shot2)
10.096: (grasp left shot2)
10.113: (grasp right shot2)
10.113: (grasp left shot2)
10.113: (leave left shot5)
10.113: (leave right shot5)
10.134: (grasp left shot2)
10.134: (leave right shot5)
10.134: (grasp right shot2)
10.134: (leave left shot5)
10.155: (grasp right shot1)
10.155: (grasp left shot1)
10.155: (leave right shot5)
10.155: (leave left shot5)
10.163: (grasp left shot1)
10.163: (grasp right shot1)
10.164: (leave left shot5)
10.164: (leave right shot5)
10.177: (grasp right shot1)
10.177: (grasp left shot1)
10.177: (leave right shot5)
10.177: (leave left shot5)
10.357: (empty-shot left shot5 ingredient2)
10.358: (grasp left shot4)
10.358: (grasp right shot3)
10.358: (empty-shot right shot5 ingredient2)
10.358: (grasp left shot3)
10.358: (empty-shot left shot5 ingredient2)
10.358: (grasp right shot4)
10.358: (empty-shot right shot5 ingredient2)
10.396: (grasp left shot2)
10.396: (grasp right shot2)
10.396: (empty-shot right shot5 ingredient3)
10.396: (empty-shot left shot5 ingredient3)
10.413: (empty-shot left shot5 ingredient3)
10.413: (empty-shot right shot5 ingredient3)
10.413: (empty-shot right shot5 ingredient3)
10.413: (empty-shot left shot5 ingredient3)
10.413: (grasp right shot3)
10.413: (grasp right shot4)
10.413: (grasp left shot4)
10.413: (grasp left shot3)
10.423: (empty-shot left shot5 ingredient2)
10.423: (empty-shot right shot5 ingredient2)
10.423: (grasp left shot2)
10.423: (grasp right shot2)
10.424: (grasp left shot2)
10.424: (grasp right shot2)
10.424: (empty-shot left shot5 ingredient1)
10.424: (empty-shot right shot5 ingredient1)
10.444: (grasp left shot4)
10.444: (grasp right shot4)
10.444: (grasp right shot3)
10.444: (grasp left shot3)
10.444: (empty-shot right shot5 ingredient1)
10.444: (empty-shot left shot5 ingredient1)
10.444: (empty-shot left shot5 ingredient1)
10.444: (empty-shot right shot5 ingredient1)
10.499: (grasp right shot1)
10.499: (grasp left shot1)
10.500: (empty-shot right shot5 ingredient2)
10.500: (empty-shot left shot5 ingredient2)
10.557: (empty-shot right shot5 ingredient3)
10.557: (empty-shot left shot5 ingredient3)
10.558: (grasp left shot1)
10.558: (grasp right shot1)
10.587: (empty-shot left shot5 ingredient1)
10.587: (empty-shot right shot5 ingredient1)
10.588: (grasp right shot1)
10.588: (grasp left shot1)
10.775: (grasp right shot3)
10.775: (grasp left shot3)
10.775: (grasp left shot4)
10.775: (grasp right shot4)
10.776: (grasp right shaker1)
10.776: (grasp left shaker1)
10.776: (grasp left shaker1)
10.776: (grasp right shaker1)
10.910: (grasp right shot4)
10.910: (grasp right shot3)
10.910: (grasp left shot3)
10.910: (grasp left shot4)
10.911: (leave left shot5)
10.911: (leave right shot5)
10.911: (leave left shot5)
10.911: (leave right shot5)
10.911: (grasp right shot3)
10.911: (grasp left shot3)
10.912: (grasp left shot4)
10.912: (grasp right shot4)
10.912: (grasp left shaker1)
10.912: (grasp right shaker1)
10.912: (grasp left shaker1)
10.912: (grasp right shaker1)
10.920: (grasp left shot3)
10.920: (grasp right shot4)
10.920: (grasp right shot3)
10.920: (grasp left shot4)
10.920: (grasp right shaker1)
10.920: (grasp right shaker1)
10.920: (grasp left shaker1)
10.920: (grasp left shaker1)
10.943: (grasp left shaker1)
10.944: (grasp right shaker1)
10.944: (empty-shot right shot1 ingredient1)
10.945: (empty-shot left shot1 ingredient1)
10.971: (empty-shot right shot1 ingredient3)
10.971: (grasp right shaker1)
10.971: (empty-shot left shot1 ingredient3)
10.971: (grasp left shaker1)
11.087: (leave right shot5)
11.087: (leave left shot5)
11.087: (leave right shot5)
11.087: (leave left shot5)
11.087: (grasp right shot3)
11.087: (grasp right shot4)
11.087: (grasp left shot3)
11.087: (grasp left shot4)
11.093: (leave right shot5)
11.093: (leave left shot5)
11.093: (leave left shot5)
11.093: (leave right shot5)
11.093: (grasp right shot4)
11.093: (grasp right shot3)
11.093: (grasp left shot3)
11.093: (grasp left shot4)
11.755: (grasp right shot3)
11.755: (grasp right shot3)
11.755: (grasp left shot4)
11.755: (grasp left shot3)
11.755: (grasp right shot4)
11.755: (grasp right shot4)
8.246: (grasp left shaker1)
8.246: (grasp right shaker1)
8.246: (leave right shot5)
8.246: (leave left shot5)
8.402: (leave right shot5)
8.402: (grasp right shaker1)
8.402: (leave left shot5)
8.402: (grasp left shaker1)
8.413: (leave right shot5)
8.413: (leave left shot5)
8.413: (grasp left shaker1)
8.413: (grasp right shaker1)
9.206: (grasp right shaker1)
9.206: (grasp right shaker1)
9.206: (grasp left shaker1)
9.207: (grasp right shot3)
9.207: (grasp left shot3)
9.207: (grasp right shot4)
9.207: (grasp left shot4)
9.207: (grasp left shaker1)
9.274: (grasp right shot1)
9.274: (grasp left shot1)
9.274: (grasp left shaker1)
9.274: (grasp right shaker1)
9.287: (grasp left shot2)
9.287: (grasp right shot2)
9.287: (grasp right shaker1)
9.287: (grasp left shaker1)
9.315: (grasp left shaker1)
9.315: (grasp right shaker1)
9.315: (grasp right shaker1)
9.315: (grasp left shaker1)
9.316: (grasp right shot4)
9.316: (grasp right shot3)
9.316: (grasp left shot4)
9.316: (grasp left shot3)
9.334: (grasp left shot3)
9.334: (grasp right shot3)
9.334: (grasp right shot4)
9.334: (grasp left shot4)
9.334: (grasp right shaker1)
9.334: (grasp left shaker1)
9.334: (grasp left shaker1)
9.334: (grasp right shaker1)
9.381: (grasp left shot1)
9.381: (grasp right shot1)
9.382: (grasp left shaker1)
9.382: (grasp right shaker1)
9.399: (grasp left shaker1)
9.399: (grasp right shaker1)
9.400: (grasp right shot1)
9.400: (grasp left shot1)
9.419: (grasp right shot2)
9.419: (grasp left shot2)
9.420: (grasp left shaker1)
9.420: (grasp right shaker1)
9.432: (grasp left shaker1)
9.432: (grasp right shaker1)
9.432: (grasp right shot2)
9.432: (grasp left shot2)
9.968: (grasp right shot4)
9.968: (grasp right shot3)
9.968: (grasp left shot4)
9.968: (grasp left shot3)
9.969: (clean-shot shot4 ingredient1 right left)
9.969: (clean-shot shot4 ingredient1 left right)
9.969: (clean-shot shot3 ingredient1 left right)
9.969: (clean-shot shot3 ingredient1 right left)
9.969: (leave right shot5)
9.969: (leave right shot5)
9.969: (leave left shot5)
9.969: (leave left shot5)
10.039: (clean-shot shot4 ingredient1 left right)
10.039: (clean-shot shot3 ingredient1 right left)
10.039: (leave left shot5)
10.039: (leave right shot5)
10.039: (leave right shot5)
10.039: (leave left shot5)
10.039: (grasp right shot4)
10.039: (grasp left shot4)
10.039: (clean-shot shot3 ingredient1 left right)
10.039: (grasp left shot3)
10.039: (grasp right shot3)
10.039: (clean-shot shot4 ingredient1 right left)
10.071: (clean-shot shot3 ingredient1 left right)
10.071: (leave right shot5)
10.071: (leave left shot5)
10.071: (leave left shot5)
10.071: (clean-shot shot4 ingredient1 left right)
10.071: (leave right shot5)
10.071: (clean-shot shot3 ingredient1 right left)
10.072: (clean-shot shot4 ingredient1 right left)
10.072: (grasp right shot4)
10.072: (grasp right shot3)
10.072: (grasp left shot3)
10.072: (grasp left shot4)
10.076: (leave left shot5)
10.076: (leave right shot5)
10.076: (grasp right shot1)
10.076: (grasp left shot1)
10.084: (grasp left shot2)
10.084: (grasp right shot2)
10.084: (leave left shot5)
10.084: (leave right shot5)
10.099: (leave left shot5)
10.099: (leave right shot5)
10.100: (grasp right shot2)
10.100: (grasp left shot2)
10.128: (grasp left shot2)
10.128: (grasp right shot2)
10.129: (leave right shot5)
10.129: (leave left shot5)
10.155: (grasp left shot1)
10.155: (grasp right shot1)
10.156: (leave right shot5)
10.156: (leave left shot5)
10.188: (grasp right shot1)
10.188: (grasp left shot1)
10.188: (leave right shot5)
10.188: (leave left shot5)
10.717: (grasp right shaker1)
10.717: (grasp left shaker1)
10.717: (grasp right shaker1)
10.717: (grasp left shaker1)
10.828: (grasp right shot3)
10.828: (grasp left shot3)
10.828: (grasp left shot4)
10.828: (grasp right shot4)
10.840: (grasp right shot3)
10.840: (grasp right shot4)
10.840: (grasp left shot3)
10.840: (grasp left shot4)
10.850: (grasp right shot4)
10.850: (grasp left shot3)
10.850: (grasp right shot3)
10.850: (grasp left shot4)
10.888: (grasp left shaker1)
10.888: (grasp right shaker1)
10.888: (grasp left shaker1)
10.888: (grasp right shaker1)
10.894: (grasp right shot2)
10.895: (grasp left shot2)
10.895: (grasp left shot2)
10.895: (grasp right shaker1)
10.895: (grasp left shaker1)
10.895: (grasp right shot2)
10.895: (grasp left shaker1)
10.895: (grasp left shot3)
10.895: (grasp left shot4)
10.896: (grasp right shaker1)
10.896: (grasp right shot3)
10.896: (grasp right shot4)
10.917: (grasp left shot2)
10.918: (grasp right shot2)
10.918: (grasp left shot2)
10.918: (grasp left shot4)
10.918: (grasp left shot3)
10.918: (grasp right shot2)
10.918: (grasp right shot4)
10.918: (grasp right shot3)
10.939: (grasp right shot3)
10.939: (grasp right shot4)
10.939: (grasp left shot4)
10.939: (grasp left shot3)
10.939: (grasp right shot2)
10.939: (grasp left shot2)
10.939: (grasp left shot2)
10.939: (grasp right shot2)
11.004: (grasp right shot1)
11.004: (grasp right shot1)
11.004: (grasp left shot1)
11.005: (grasp left shot1)
11.005: (grasp left shot4)
11.005: (grasp left shot3)
11.005: (grasp right shot3)
11.005: (grasp right shot4)
11.012: (grasp left shot1)
11.012: (grasp left shot1)
11.012: (grasp right shot1)
11.012: (grasp right shot1)
11.013: (grasp left shot3)
11.013: (grasp left shot4)
11.013: (grasp right shot4)
11.013: (grasp right shot3)
11.025: (grasp left shot3)
11.025: (grasp left shot1)
11.025: (grasp right shot4)
11.025: (grasp right shot3)
11.025: (grasp left shot4)
11.025: (grasp left shot1)
11.025: (grasp right shot1)
11.025: (grasp right shot1)
11.049: (grasp right shot1)
11.049: (grasp right shot2)
11.050: (grasp left shot1)
11.050: (grasp left shot2)
11.070: (grasp left shot1)
11.070: (grasp right shot1)
11.070: (grasp left shot2)
11.070: (grasp right shot2)
9.137: (grasp left shaker1)
9.138: (grasp left shaker1)
9.138: (grasp right shot3)
9.138: (grasp right shot4)
9.138: (grasp left shot3)
9.138: (grasp left shot4)
9.138: (grasp right shaker1)
9.138: (grasp right shaker1)
9.205: (grasp left shaker1)
9.205: (grasp right shot1)
9.205: (grasp left shot1)
9.205: (grasp right shaker1)
9.220: (grasp right shaker1)
9.220: (grasp left shaker1)
9.221: (grasp left shot2)
9.221: (grasp right shot2)
9.294: (grasp left shaker1)
9.294: (grasp left shaker1)
9.294: (grasp right shaker1)
9.294: (grasp right shaker1)
9.294: (grasp left shot3)
9.294: (grasp left shot4)
9.294: (grasp right shot3)
9.294: (grasp right shot4)
9.308: (grasp left shaker1)
9.308: (grasp right shaker1)
9.308: (grasp left shaker1)
9.308: (grasp right shaker1)
9.308: (grasp right shot3)
9.308: (grasp right shot4)
9.308: (grasp left shot3)
9.308: (grasp left shot4)
9.361: (grasp left shot1)
9.361: (grasp right shot1)
9.361: (grasp left shaker1)
9.361: (grasp right shaker1)
9.375: (grasp left shaker1)
9.375: (grasp right shaker1)
9.375: (grasp right shot1)
9.375: (grasp left shot1)
9.400: (grasp left shot2)
9.401: (grasp right shot2)
9.401: (grasp right shaker1)
9.401: (grasp left shaker1)
9.418: (grasp left shot2)
9.418: (grasp right shot2)
9.419: (grasp right shaker1)
9.419: (grasp left shaker1)
10.756: (grasp right shot3)
10.756: (grasp right shot4)
10.756: (grasp left shot3)
10.756: (grasp left shot4)
10.828: (grasp right shot3)
10.828: (grasp left shot4)
10.828: (grasp right shot4)
10.829: (grasp left shot3)
10.864: (grasp right shot3)
10.864: (grasp left shot3)
10.864: (grasp left shot4)
10.864: (grasp right shot4)
10.902: (grasp left shot2)
10.902: (grasp left shot2)
10.902: (grasp left shot3)
10.902: (grasp left shot4)
10.902: (grasp right shot2)
10.903: (grasp right shot4)
10.903: (grasp right shot3)
10.903: (grasp right shot2)
10.908: (grasp right shot2)
10.908: (grasp left shot3)
10.908: (grasp left shot4)
10.909: (grasp right shot4)
10.909: (grasp right shot3)
10.909: (grasp left shot2)
10.909: (grasp right shot2)
10.909: (grasp left shot2)
10.932: (grasp right shot4)
10.932: (grasp right shot3)
10.932: (grasp right shot1)
10.932: (grasp left shot4)
10.932: (grasp left shot3)
10.932: (grasp right shot1)
10.932: (grasp left shot1)
10.932: (grasp left shot1)
10.940: (grasp left shot2)
10.940: (grasp left shot2)
10.940: (grasp right shot2)
10.940: (grasp right shot2)
10.940: (grasp right shot4)
10.940: (grasp right shot3)
10.940: (grasp left shot4)
10.940: (grasp left shot3)
11.004: (grasp right shot3)
11.004: (grasp right shot4)
11.004: (grasp left shot1)
11.004: (grasp right shot1)
11.004: (grasp right shot1)
11.005: (grasp left shot1)
11.005: (grasp left shot3)
11.005: (grasp left shot4)
11.034: (grasp right shot1)
11.034: (grasp left shot2)
11.034: (grasp right shot2)
11.035: (grasp left shot1)
11.040: (grasp right shot1)
11.040: (grasp left shot1)
11.040: (grasp left shot1)
11.040: (grasp right shot1)
11.040: (grasp left shot3)
11.040: (grasp left shot4)
11.040: (grasp right shot3)
11.040: (grasp right shot4)
11.059: (grasp left shot2)
11.059: (grasp right shot2)
11.059: (grasp left shot1)
11.059: (grasp right shot1)
11.088: (grasp right shot2)
11.088: (grasp left shot2)
11.088: (grasp left shot1)
11.088: (grasp right shot1)
11.864: (leave right shot4)
11.864: (leave left shot4)
11.864: (leave left shot3)
11.864: (leave right shot3)
12.035: (leave right shot3)
12.035: (leave left shot3)
12.035: (leave right shot4)
12.035: (leave left shot4)
12.044: (leave right shot4)
12.044: (leave left shot3)
12.044: (leave left shot4)
12.044: (leave right shot3)
12.082: (fill-shot shot4 ingredient1 right left dispenser1)
12.082: (fill-shot shot3 ingredient1 right left dispenser1)
12.082: (fill-shot shot3 ingredient1 left right dispenser1)
12.082: (fill-shot shot4 ingredient1 left right dispenser1)
12.133: (fill-shot shot4 ingredient3 right left dispenser3)
12.133: (fill-shot shot3 ingredient3 right left dispenser3)
12.133: (fill-shot shot3 ingredient3 left right dispenser3)
12.133: (fill-shot shot4 ingredient3 left right dispenser3)
12.140: (fill-shot shot1 ingredient1 left right dispenser1)
12.140: (fill-shot shot1 ingredient1 right left dispenser1)
12.187: (fill-shot shot1 ingredient3 left right dispenser3)
12.187: (fill-shot shot1 ingredient3 right left dispenser3)
12.253: (fill-shot shot4 ingredient1 right left dispenser1)
12.253: (fill-shot shot3 ingredient1 left right dispenser1)
12.254: (fill-shot shot3 ingredient1 right left dispenser1)
12.254: (fill-shot shot4 ingredient1 left right dispenser1)
12.262: (fill-shot shot4 ingredient1 right left dispenser1)
12.262: (fill-shot shot4 ingredient1 left right dispenser1)
12.262: (fill-shot shot3 ingredient1 right left dispenser1)
12.262: (fill-shot shot3 ingredient1 left right dispenser1)
12.294: (fill-shot shot4 ingredient3 left right dispenser3)
12.294: (fill-shot shot4 ingredient3 right left dispenser3)
12.294: (fill-shot shot3 ingredient3 right left dispenser3)
12.294: (fill-shot shot3 ingredient3 left right dispenser3)
12.310: (fill-shot shot1 ingredient1 right left dispenser1)
12.311: (fill-shot shot1 ingredient1 left right dispenser1)
12.312: (fill-shot shot4 ingredient3 left right dispenser3)
12.313: (fill-shot shot3 ingredient3 right left dispenser3)
12.313: (fill-shot shot3 ingredient3 left right dispenser3)
12.313: (fill-shot shot4 ingredient3 right left dispenser3)
12.318: (fill-shot shot1 ingredient1 right left dispenser1)
12.318: (fill-shot shot1 ingredient1 left right dispenser1)
12.348: (fill-shot shot1 ingredient3 right left dispenser3)
12.349: (fill-shot shot1 ingredient3 left right dispenser3)
12.366: (fill-shot shot1 ingredient3 right left dispenser3)
12.366: (fill-shot shot1 ingredient3 left right dispenser3)
15.896: (fill-shot shot4 ingredient2 right left dispenser2)
15.896: (fill-shot shot4 ingredient2 left right dispenser2)
15.896: (fill-shot shot3 ingredient2 right left dispenser2)
15.896: (fill-shot shot3 ingredient2 left right dispenser2)
15.901: (fill-shot shot4 ingredient2 left right dispenser2)
15.901: (fill-shot shot3 ingredient2 right left dispenser2)
15.901: (fill-shot shot3 ingredient2 left right dispenser2)
15.901: (fill-shot shot4 ingredient2 right left dispenser2)
15.961: (fill-shot shot1 ingredient2 right left dispenser2)
15.962: (fill-shot shot1 ingredient2 left right dispenser2)
15.965: (fill-shot shot1 ingredient2 right left dispenser2)
15.965: (fill-shot shot1 ingredient2 left right dispenser2)
16.321: (shake cocktail2 ingredient3 ingredient1 shaker1 left right)
16.321: (shake cocktail2 ingredient3 ingredient1 shaker1 right left)
16.338: (shake cocktail2 ingredient3 ingredient1 shaker1 right left)
16.338: (shake cocktail2 ingredient3 ingredient1 shaker1 left right)
16.417: (shake cocktail2 ingredient3 ingredient1 shaker1 right left)
16.417: (shake cocktail2 ingredient3 ingredient1 shaker1 left right)
17.225: (shake cocktail3 ingredient3 ingredient1 shaker1 right left)
17.225: (shake cocktail3 ingredient3 ingredient1 shaker1 left right)
17.291: (fill-shot shot3 ingredient2 left right dispenser2)
17.291: (fill-shot shot4 ingredient2 left right dispenser2)
17.291: (fill-shot shot3 ingredient2 right left dispenser2)
17.291: (fill-shot shot4 ingredient2 right left dispenser2)
17.304: (shake cocktail3 ingredient3 ingredient1 shaker1 right left)
17.304: (shake cocktail3 ingredient3 ingredient1 shaker1 left right)
17.481: (fill-shot shot1 ingredient2 left right dispenser2)
17.481: (fill-shot shot1 ingredient2 right left dispenser2)
17.613: (shake cocktail3 ingredient3 ingredient1 shaker1 left right)
17.613: (shake cocktail3 ingredient3 ingredient1 shaker1 right left)
30.857: (empty-shot left shot2 cocktail1)
30.857: (empty-shot right shot2 cocktail1)
10.993: (empty-shot left shot3 ingredient3)
10.993: (empty-shot left shot4 ingredient3)
10.993: (empty-shot right shot3 ingredient3)
10.993: (empty-shot right shot4 ingredient3)
10.996: (empty-shot right shot1 ingredient1)
10.997: (empty-shot left shot1 ingredient1)
11.074: (empty-shot left shot1 ingredient3)
11.074: (empty-shot right shot1 ingredient3)
11.155: (empty-shot left shot4 ingredient3)
11.155: (empty-shot right shot4 ingredient3)
11.155: (empty-shot right shot3 ingredient3)
11.155: (empty-shot left shot3 ingredient3)
11.173: (empty-shot right shot3 ingredient3)
11.173: (empty-shot left shot4 ingredient3)
11.174: (empty-shot left shot3 ingredient3)
11.174: (empty-shot right shot4 ingredient3)
11.174: (empty-shot right shot1 ingredient1)
11.174: (empty-shot left shot1 ingredient1)
11.177: (empty-shot right shot1 ingredient1)
11.177: (empty-shot left shot1 ingredient1)
11.238: (empty-shot left shot1 ingredient3)
11.238: (empty-shot right shot1 ingredient3)
11.258: (empty-shot left shot1 ingredient3)
11.258: (empty-shot right shot1 ingredient3)
11.879: (grasp left shaker1)
11.879: (grasp left shaker1)
11.880: (grasp right shaker1)
11.880: (grasp right shaker1)
11.935: (grasp right shaker1)
11.935: (grasp right shaker1)
11.935: (grasp left shaker1)
11.935: (grasp left shaker1)
11.940: (grasp right shaker1)
11.941: (grasp left shaker1)
11.992: (grasp right shaker1)
11.992: (grasp left shaker1)
12.050: (grasp right shaker1)
12.050: (grasp left shaker1)
12.050: (grasp right shaker1)
12.050: (grasp left shaker1)
12.059: (grasp right shaker1)
12.059: (grasp left shaker1)
12.059: (grasp right shaker1)
12.059: (grasp left shaker1)
12.093: (grasp right shaker1)
12.093: (grasp left shaker1)
12.093: (grasp right shaker1)
12.093: (grasp left shaker1)
12.112: (grasp right shaker1)
12.112: (grasp left shaker1)
12.115: (grasp left shaker1)
12.115: (grasp right shaker1)
12.116: (grasp right shaker1)
12.116: (grasp left shaker1)
12.119: (grasp left shaker1)
12.119: (grasp right shaker1)
12.151: (grasp right shaker1)
12.151: (grasp left shaker1)
12.172: (grasp right shaker1)
12.172: (grasp left shaker1)
12.697: (grasp right shot4)
12.697: (grasp left shot4)
12.697: (grasp left shot3)
12.697: (grasp right shot3)
12.823: (grasp left shot1)
12.823: (grasp right shot1)
12.823: (grasp left shot1)
12.823: (grasp right shot1)
12.828: (grasp right shot2)
12.829: (grasp left shot2)
12.829: (grasp left shot2)
12.829: (grasp right shot2)
12.832: (grasp right shot3)
12.832: (grasp left shot3)
12.833: (grasp right shot4)
12.833: (grasp left shot4)
12.868: (grasp right shot4)
12.868: (grasp right shot3)
12.868: (grasp left shot4)
12.868: (grasp left shot3)
12.877: (grasp right shot4)
12.877: (grasp left shot3)
12.877: (grasp left shot4)
12.877: (grasp right shot3)
12.878: (grasp right shot3)
12.878: (grasp right shot4)
12.879: (grasp left shot4)
12.879: (grasp left shot3)
12.994: (grasp left shot1)
12.994: (grasp right shot1)
12.994: (grasp right shot1)
12.994: (grasp left shot1)
13.003: (grasp right shot1)
13.003: (grasp left shot1)
13.003: (grasp right shot1)
13.003: (grasp left shot1)
13.004: (grasp right shot4)
13.004: (grasp left shot4)
13.004: (grasp right shot3)
13.004: (grasp left shot3)
13.004: (grasp left shot5)
13.005: (grasp left shot5)
13.005: (grasp right shot5)
13.005: (grasp right shot5)
13.012: (grasp left shot3)
13.012: (grasp right shot3)
13.012: (grasp left shot4)
13.012: (grasp right shot4)
13.019: (grasp right shot2)
13.019: (grasp left shot2)
13.019: (grasp right shot2)
13.019: (grasp left shot2)
13.021: (grasp left shot3)
13.021: (grasp left shot4)
13.022: (grasp right shot4)
13.022: (grasp right shot3)
13.026: (grasp right shot2)
13.026: (grasp left shot2)
13.026: (grasp right shot2)
13.026: (grasp left shot2)
13.035: (grasp right shot1)
13.035: (grasp right shot1)
13.035: (grasp left shot1)
13.035: (grasp left shot1)
13.038: (grasp right shot4)
13.038: (grasp left shot3)
13.038: (grasp left shot4)
13.038: (grasp right shot3)
13.049: (grasp right shot2)
13.049: (grasp right shot2)
13.049: (grasp left shot2)
13.049: (grasp left shot2)
13.055: (grasp left shot5)
13.055: (grasp left shot5)
13.055: (grasp right shot5)
13.055: (grasp right shot5)
13.057: (grasp right shot3)
13.057: (grasp left shot4)
13.057: (grasp right shot4)
13.057: (grasp left shot3)
13.058: (grasp left shot5)
13.058: (grasp left shot4)
13.058: (grasp left shot3)
13.058: (grasp right shot4)
13.058: (grasp right shot3)
13.059: (grasp right shot5)
13.075: (grasp right shot1)
13.075: (grasp right shot1)
13.075: (grasp left shot1)
13.075: (grasp left shot1)
13.102: (grasp left shot2)
13.103: (grasp right shot2)
13.103: (grasp left shot2)
13.103: (grasp left shot2)
13.103: (grasp right shot2)
13.103: (grasp right shot2)
13.108: (grasp right shot5)
13.108: (grasp left shot5)
13.140: (leave right shot3)
13.140: (leave right shot4)
13.140: (leave left shot4)
13.140: (leave left shot3)
13.155: (grasp right shot2)
13.155: (grasp left shot2)
13.169: (grasp right shot5)
13.169: (grasp left shot5)
13.169: (grasp left shot5)
13.169: (grasp right shot5)
13.184: (grasp right shot5)
13.184: (grasp left shot5)
13.184: (grasp left shot5)
13.184: (grasp right shot5)
13.191: (grasp right shot3)
13.191: (grasp left shot3)
13.191: (grasp right shot4)
13.191: (grasp left shot4)
13.198: (grasp left shot3)
13.198: (grasp left shot4)
13.198: (grasp right shot3)
13.198: (grasp right shot4)
13.204: (leave left shot4)
13.204: (leave left shot3)
13.205: (leave right shot4)
13.205: (leave right shot3)
13.208: (grasp right shot5)
13.208: (grasp left shot1)
13.208: (grasp left shot5)
13.208: (grasp left shot5)
13.208: (grasp right shot5)
13.208: (grasp left shot1)
13.208: (grasp right shot1)
13.208: (grasp right shot1)
13.213: (grasp right shot1)
13.213: (grasp right shot1)
13.213: (grasp left shot1)
13.213: (grasp left shot1)
13.216: (grasp right shot3)
13.216: (grasp right shot4)
13.216: (grasp left shot4)
13.216: (grasp left shot3)
10.799: (empty-shot left shot4 ingredient3)
10.799: (empty-shot left shot3 ingredient3)
10.799: (empty-shot right shot4 ingredient3)
10.799: (empty-shot right shot3 ingredient3)
10.800: (grasp left shaker1)
10.800: (grasp left shaker1)
10.800: (grasp right shaker1)
10.800: (grasp right shaker1)
10.811: (empty-shot left shot1 ingredient1)
10.811: (empty-shot right shot1 ingredient1)
10.811: (grasp right shaker1)
10.812: (grasp left shaker1)
10.892: (grasp left shaker1)
10.892: (grasp right shaker1)
10.892: (empty-shot right shot1 ingredient3)
10.892: (empty-shot left shot1 ingredient3)
10.958: (empty-shot left shot3 ingredient3)
10.958: (empty-shot right shot3 ingredient3)
10.958: (empty-shot left shot4 ingredient3)
10.958: (empty-shot right shot4 ingredient3)
10.959: (grasp right shaker1)
10.959: (grasp left shaker1)
10.959: (grasp left shaker1)
10.959: (grasp right shaker1)
10.977: (empty-shot right shot3 ingredient3)
10.977: (empty-shot left shot4 ingredient3)
10.977: (empty-shot right shot4 ingredient3)
10.977: (empty-shot left shot3 ingredient3)
10.978: (grasp left shaker1)
10.978: (grasp right shaker1)
10.978: (grasp right shaker1)
10.978: (grasp left shaker1)
10.984: (grasp right shaker1)
10.984: (grasp left shaker1)
10.985: (empty-shot left shot1 ingredient1)
10.985: (empty-shot right shot1 ingredient1)
10.989: (grasp left shaker1)
10.989: (grasp right shaker1)
10.990: (empty-shot right shot1 ingredient1)
10.990: (empty-shot left shot1 ingredient1)
11.050: (empty-shot right shot1 ingredient3)
11.050: (empty-shot left shot1 ingredient3)
11.051: (grasp right shaker1)
11.051: (grasp left shaker1)
11.070: (grasp left shaker1)
11.070: (grasp right shaker1)
11.070: (empty-shot left shot1 ingredient3)
11.070: (empty-shot right shot1 ingredient3)
11.694: (empty-shot left shot4 ingredient1)
11.694: (empty-shot right shot4 ingredient1)
11.694: (empty-shot left shot3 ingredient1)
11.694: (empty-shot right shot3 ingredient1)
11.772: (empty-shot right shot4 ingredient3)
11.772: (empty-shot left shot4 ingredient3)
11.772: (empty-shot right shot3 ingredient3)
11.772: (empty-shot left shot3 ingredient3)
11.772: (grasp right shot3)
11.772: (grasp right shot4)
11.772: (grasp left shot4)
11.772: (grasp left shot3)
11.868: (empty-shot left shot4 ingredient1)
11.868: (empty-shot right shot4 ingredient1)
11.868: (empty-shot left shot3 ingredient1)
11.868: (empty-shot right shot3 ingredient1)
11.871: (empty-shot right shot3 ingredient1)
11.872: (empty-shot left shot3 ingredient1)
11.872: (empty-shot right shot4 ingredient1)
11.872: (empty-shot left shot4 ingredient1)
11.876: (empty-shot right shot4 ingredient1)
11.876: (empty-shot right shot3 ingredient1)
11.876: (empty-shot left shot4 ingredient1)
11.876: (empty-shot left shot3 ingredient1)
11.880: (empty-shot left shot1 ingredient1)
11.880: (empty-shot left shot1 ingredient1)
11.880: (empty-shot right shot1 ingredient1)
11.880: (empty-shot right shot1 ingredient1)
11.880: (grasp left shot3)
11.880: (grasp left shot4)
11.880: (grasp right shot4)
11.880: (grasp right shot3)
11.882: (empty-shot right shot4 ingredient1)
11.882: (empty-shot left shot4 ingredient1)
11.882: (empty-shot left shot3 ingredient1)
11.882: (empty-shot right shot3 ingredient1)
11.923: (empty-shot right shot4 ingredient3)
11.923: (empty-shot left shot4 ingredient3)
11.923: (empty-shot left shot3 ingredient3)
11.923: (empty-shot right shot3 ingredient3)
11.924: (grasp right shot5)
11.924: (grasp right shot5)
11.925: (grasp left shot5)
11.925: (grasp left shot5)
11.925: (empty-shot right shot1 ingredient1)
11.925: (empty-shot left shot1 ingredient1)
11.927: (grasp left shot5)
11.927: (grasp right shot5)
11.933: (grasp right shot4)
11.934: (grasp left shot4)
11.934: (grasp left shot3)
11.934: (grasp right shot3)
11.934: (empty-shot left shot4 ingredient3)
11.934: (empty-shot right shot3 ingredient3)
11.934: (empty-shot right shot4 ingredient3)
11.934: (empty-shot left shot3 ingredient3)
11.941: (grasp left shot1)
11.941: (grasp right shot1)
11.941: (grasp right shot1)
11.941: (grasp left shot1)
11.941: (empty-shot right shot4 ingredient3)
11.941: (empty-shot right shot3 ingredient3)
11.941: (empty-shot left shot3 ingredient3)
11.941: (empty-shot left shot4 ingredient3)
11.952: (grasp right shot3)
11.952: (grasp right shot4)
11.952: (grasp left shot3)
11.952: (grasp left shot4)
11.952: (grasp left shot3)
11.952: (grasp right shot4)
11.952: (grasp right shot3)
11.952: (grasp left shot4)
11.952: (empty-shot right shot1 ingredient3)
11.952: (empty-shot right shot1 ingredient3)
11.953: (empty-shot left shot1 ingredient3)
11.953: (empty-shot left shot1 ingredient3)
11.954: (empty-shot left shot4 ingredient3)
11.954: (empty-shot right shot3 ingredient3)
11.954: (empty-shot left shot3 ingredient3)
11.954: (empty-shot right shot4 ingredient3)
11.963: (grasp left shot2)
11.963: (grasp right shot2)
11.966: (empty-shot left shot1 ingredient1)
11.966: (empty-shot right shot1 ingredient1)
11.967: (empty-shot right shot4 ingredient3)
11.967: (empty-shot right shot3 ingredient3)
11.969: (grasp left shot2)
11.969: (grasp left shot2)
11.969: (grasp right shot2)
11.969: (grasp right shot2)
11.969: (empty-shot left shot3 ingredient3)
11.969: (empty-shot left shot4 ingredient3)
12.004: (grasp left shot5)
12.004: (grasp right shot5)
12.006: (empty-shot left shot1 ingredient3)
12.006: (empty-shot right shot1 ingredient3)
12.046: (empty-shot left shot3 ingredient1)
12.046: (empty-shot right shot3 ingredient1)
12.046: (empty-shot left shot4 ingredient1)
12.046: (empty-shot right shot4 ingredient1)
12.049: (grasp left shot2)
12.049: (grasp right shot2)
12.049: (empty-shot left shot1 ingredient3)
12.049: (empty-shot right shot1 ingredient3)
12.049: (empty-shot left shot4 ingredient1)
12.049: (empty-shot right shot4 ingredient1)
12.049: (empty-shot right shot3 ingredient1)
12.049: (empty-shot left shot3 ingredient1)
12.056: (grasp right shot3)
12.056: (grasp left shot3)
12.056: (grasp left shot4)
12.056: (grasp right shot4)
12.058: (empty-shot right shot1 ingredient1)
12.058: (empty-shot left shot1 ingredient1)
12.058: (empty-shot right shot1 ingredient1)
12.058: (empty-shot left shot1 ingredient1)
12.061: (grasp right shot4)
12.061: (grasp right shot3)
12.061: (grasp left shot4)
12.061: (grasp left shot3)
12.062: (empty-shot right shot1 ingredient1)
12.062: (empty-shot left shot1 ingredient1)
12.062: (empty-shot left shot1 ingredient1)
12.062: (empty-shot right shot1 ingredient1)
12.077: (empty-shot left shot3 ingredient3)
12.077: (empty-shot right shot3 ingredient3)
12.077: (empty-shot right shot4 ingredient3)
12.077: (empty-shot left shot4 ingredient3)
12.078: (grasp left shot5)
12.078: (grasp right shot5)
12.078: (grasp right shot5)
12.078: (grasp left shot5)
12.092: (grasp left shot5)
12.092: (grasp right shot5)
12.100: (grasp left shot5)
12.100: (grasp right shot5)
12.100: (grasp left shot5)
12.100: (grasp right shot5)
12.102: (grasp right shot1)
12.102: (grasp left shot1)
12.102: (grasp left shot1)
12.102: (grasp right shot1)
12.102: (grasp right shot5)
12.102: (grasp left shot5)
12.109: (leave left shot3)
12.109: (leave left shot4)
12.109: (leave right shot3)
12.109: (leave right shot4)
12.111: (grasp left shot3)
12.111: (grasp left shot4)
12.111: (grasp right shot4)
12.111: (grasp right shot3)
11.908: (leave left shot3)
11.908: (leave left shot4)
11.908: (leave right shot3)
11.908: (leave right shot4)
11.909: (grasp right shaker1)
11.909: (grasp left shaker1)
11.909: (grasp left shaker1)
11.909: (grasp right shaker1)
11.964: (leave left shot1)
11.964: (leave right shot1)
12.007: (leave left shot1)
12.007: (leave right shot1)
12.067: (leave left shot3)
12.067: (leave right shot3)
12.067: (leave right shot4)
12.067: (leave left shot4)
12.095: (leave right shot4)
12.095: (leave left shot4)
12.095: (leave right shot3)
12.095: (leave left shot3)
12.136: (leave right shot1)
12.136: (leave left shot1)
12.145: (leave right shot1)
12.145: (leave left shot1)
12.167: (leave left shot1)
12.167: (leave right shot1)
12.194: (leave right shot1)
12.194: (leave left shot1)
12.895: (leave right shot3)
12.895: (leave right shot4)
12.895: (leave left shot3)
12.895: (leave left shot4)
12.935: (grasp right shot3)
12.935: (leave right shot4)
12.935: (leave left shot3)
12.935: (leave right shot3)
12.935: (leave left shot4)
12.935: (grasp left shot3)
12.935: (grasp left shot4)
12.935: (grasp right shot4)
13.017: (leave left shot4)
13.017: (leave right shot4)
13.017: (leave left shot3)
13.017: (leave right shot3)
13.032: (leave left shot3)
13.032: (leave right shot3)
13.032: (leave left shot4)
13.032: (leave right shot4)
13.041: (leave right shot1)
13.041: (leave left shot1)
13.041: (leave right shot1)
13.041: (leave left shot1)
13.042: (grasp right shot5)
13.042: (grasp left shot5)
13.042: (grasp right shot5)
13.042: (grasp left shot5)
13.042: (leave left shot3)
13.042: (leave right shot3)
13.042: (leave left shot4)
13.042: (leave right shot4)
13.054: (leave right shot4)
13.054: (grasp left shot1)
13.054: (leave left shot3)
13.054: (leave left shot4)
13.054: (leave right shot3)
13.054: (grasp left shot1)
13.054: (grasp right shot1)
13.054: (grasp right shot1)
13.068: (leave left shot4)
13.068: (leave left shot3)
13.068: (leave right shot3)
13.068: (leave right shot4)
13.077: (leave right shot1)
13.077: (leave left shot1)
13.077: (leave left shot1)
13.077: (leave right shot1)
13.079: (leave right shot4)
13.079: (leave right shot3)
13.079: (leave left shot4)
13.079: (leave left shot3)
13.085: (leave right shot1)
13.085: (leave left shot1)
13.089: (grasp right shot2)
13.089: (leave right shot3)
13.089: (leave right shot4)
13.089: (leave left shot4)
13.089: (leave left shot3)
13.089: (grasp left shot2)
13.089: (grasp left shot2)
13.090: (grasp right shot2)
13.096: (leave left shot4)
13.096: (leave left shot3)
13.096: (leave right shot3)
13.096: (leave right shot4)
13.122: (leave right shot1)
13.122: (leave left shot1)
13.123: (leave left shot4)
13.123: (leave right shot4)
13.123: (leave right shot3)
13.123: (leave left shot3)
13.127: (leave left shot1)
13.127: (leave right shot1)
13.176: (leave right shot1)
13.176: (leave left shot1)
13.192: (leave right shot3)
13.192: (leave left shot4)
13.192: (leave right shot4)
13.192: (leave left shot3)
13.196: (leave left shot3)
13.196: (leave right shot4)
13.196: (leave right shot3)
13.196: (leave left shot4)
13.202: (leave right shot4)
13.202: (leave left shot4)
13.202: (leave right shot3)
13.202: (leave left shot3)
13.214: (leave right shot4)
13.214: (leave left shot4)
13.214: (leave left shot3)
13.214: (leave right shot3)
13.215: (leave right shot1)
13.215: (leave right shot1)
13.215: (leave left shot1)
13.215: (leave left shot1)
13.224: (leave right shot1)
13.224: (leave right shot1)
13.224: (leave left shot1)
13.224: (leave left shot1)
13.229: (leave right shot3)
13.229: (leave left shot4)
13.229: (leave left shot3)
13.229: (leave right shot4)
13.237: (leave left shot1)
13.237: (leave left shot1)
13.237: (leave right shot1)
13.237: (leave right shot1)
13.249: (leave left shot1)
13.249: (leave right shot1)
13.268: (leave left shot1)
13.268: (leave right shot1)
35.375: (empty-shot right shot2 cocktail1)
35.375: (empty-shot right shot2 cocktail1)
35.375: (empty-shot left shot2 cocktail1)
35.375: (empty-shot left shot2 cocktail1)
35.573: (empty-shot right shot2 cocktail1)
35.573: (empty-shot left shot2 cocktail1)
35.799: (empty-shot left shot2 cocktail1)
35.799: (empty-shot right shot2 cocktail1)
35.799: (empty-shot left shot2 cocktail1)
35.799: (empty-shot right shot2 cocktail1)
36.018: (empty-shot left shot2 cocktail1)
36.018: (empty-shot right shot2 cocktail1)
inf: (leave right shot3)
inf: (leave right shot3)
inf: (leave left shot4)
inf: (leave left shot5)
inf: (leave right shot1)
inf: (leave right shot4)
inf: (leave left shot1)
inf: (grasp left shot3)
inf: (leave left shot1)
inf: (grasp right shot3)
inf: (leave right shot1)
inf: (grasp left shot4)
inf: (grasp right shot4)
inf: (leave left shot4)
inf: (leave left shot3)
inf: (leave right shot4)
inf: (leave left shot5)
inf: (leave left shot5)
inf: (leave right shot5)
inf: (leave left shot5)
inf: (leave left shot3)
inf: (leave right shot5)
inf: (leave left shot4)
inf: (leave left shot5)
inf: (leave right shot3)
inf: (leave right shot5)
inf: (leave left shot3)
inf: (leave right shot4)
inf: (leave left shot5)
inf: (leave right shot4)
inf: (leave right shot5)
inf: (leave right shot1)
inf: (leave left shot1)
inf: (leave left shot1)
inf: (leave right shot5)
inf: (leave right shot1)
inf: (leave right shot5)
inf: (leave right shot1)
inf: (leave left shaker1)
inf: (leave right shaker1)
inf: (leave right shot3)
inf: (leave left shot3)
inf: (leave right shot4)
inf: (leave left shot4)
inf: (leave left shot3)
inf: (leave right shot3)
inf: (leave left shot4)
inf: (leave right shot4)
12.156: (leave left shaker1)
12.156: (leave right shaker1)
12.156: (leave right shot3)
12.156: (leave left shot3)
12.156: (leave right shot4)
12.156: (leave left shot4)
12.158: (leave right shot2)
12.158: (leave left shot2)
12.158: (leave left shot5)
12.158: (leave right shot5)
12.199: (leave right shot3)
12.199: (leave left shot3)
12.199: (leave right shot4)
12.199: (leave left shot4)
12.200: (leave right shaker1)
12.200: (leave left shaker1)
12.201: (leave right shot5)
12.201: (leave left shot5)
12.201: (leave right shot2)
12.201: (leave left shot2)
12.271: (leave right shot1)
12.271: (leave right shot5)
12.271: (leave left shot5)
12.271: (leave left shot5)
12.271: (leave right shot5)
12.271: (leave right shot1)
12.271: (leave left shot1)
12.271: (leave left shot1)
12.271: (leave left shot4)
12.271: (leave left shot3)
12.272: (leave left shaker1)
12.272: (leave right shaker1)
12.273: (leave left shaker1)
12.273: (leave right shaker1)
12.273: (leave right shot4)
12.273: (leave right shot3)
12.298: (leave right shot4)
12.298: (leave left shot3)
12.298: (leave left shot4)
12.299: (leave right shot3)
12.300: (leave left shaker1)
12.300: (leave right shaker1)
12.300: (leave left shaker1)
12.300: (leave right shaker1)
12.301: (leave right shot5)
12.301: (leave right shot5)
12.301: (leave left shot5)
12.301: (leave left shot5)
12.331: (leave left shaker1)
12.331: (leave right shaker1)
12.333: (leave left shot5)
12.333: (leave right shot5)
12.333: (leave right shot3)
12.333: (leave left shot3)
12.333: (leave left shot4)
12.333: (leave right shot4)
12.339: (leave right shaker1)
12.340: (leave left shaker1)
12.344: (leave right shot5)
12.344: (leave left shot5)
12.345: (leave left shot4)
12.345: (leave left shot3)
12.345: (leave right shot4)
12.345: (leave right shot3)
12.361: (leave right shot3)
12.361: (leave left shot3)
12.361: (leave left shot4)
12.361: (leave right shot4)
12.362: (leave right shaker1)
12.363: (leave left shaker1)
12.390: (leave right shaker1)
12.390: (leave left shaker1)
12.737: (grasp right shot4)
12.737: (grasp left shot3)
12.737: (grasp left shot4)
12.737: (grasp right shot3)
12.737: (grasp right shaker1)
12.737: (grasp left shaker1)
12.737: (grasp right shaker1)
12.738: (grasp left shaker1)
12.828: (grasp left shot5)
12.828: (grasp left shot5)
12.828: (grasp right shot5)
12.828: (grasp right shot5)
12.829: (grasp right shaker1)
12.829: (grasp left shaker1)
12.829: (grasp left shaker1)
12.829: (grasp right shaker1)
12.851: (grasp right shot3)
12.851: (grasp right shot4)
12.851: (grasp left shot3)
12.852: (grasp left shot4)
12.852: (grasp left shaker1)
12.852: (grasp right shaker1)
12.852: (grasp left shaker1)
12.852: (grasp right shaker1)
12.859: (grasp right shot1)
12.859: (grasp right shot1)
12.859: (grasp left shot1)
12.859: (grasp left shot1)
12.859: (grasp left shaker1)
12.859: (grasp right shaker1)
12.859: (grasp left shaker1)
12.859: (grasp right shaker1)
12.882: (grasp right shot5)
12.883: (grasp left shot5)
12.883: (grasp right shaker1)
12.883: (grasp left shaker1)
12.884: (grasp right shot2)
12.884: (grasp left shot2)
12.884: (grasp left shot2)
12.884: (grasp right shot2)
12.884: (grasp right shaker1)
12.884: (grasp left shaker1)
12.884: (grasp right shaker1)
12.884: (grasp left shaker1)
12.887: (grasp right shaker1)
12.887: (grasp left shaker1)
12.887: (grasp right shaker1)
12.887: (grasp left shaker1)
12.887: (grasp right shot4)
12.887: (grasp right shot3)
12.887: (grasp left shot3)
12.887: (grasp left shot4)
12.893: (grasp right shaker1)
12.894: (grasp left shot3)
12.895: (grasp left shaker1)
12.895: (grasp right shot3)
12.895: (grasp left shaker1)
12.895: (grasp right shaker1)
12.895: (grasp right shot4)
12.895: (grasp left shot4)
12.921: (grasp right shaker1)
12.921: (grasp left shaker1)
12.922: (grasp right shaker1)
12.922: (grasp left shaker1)
12.922: (grasp right shot3)
12.922: (grasp left shot3)
12.922: (grasp right shot4)
12.922: (grasp left shot4)
12.926: (grasp right shaker1)
12.926: (grasp left shaker1)
12.926: (grasp left shot5)
12.926: (grasp right shot5)
12.927: (grasp right shot2)
12.927: (grasp left shot2)
12.930: (grasp right shaker1)
12.930: (grasp left shaker1)
12.976: (grasp right shaker1)
12.976: (grasp left shaker1)
12.976: (grasp left shaker1)
12.976: (grasp right shaker1)
12.977: (grasp right shot5)
12.977: (grasp left shot5)
12.977: (grasp right shot5)
12.977: (grasp left shot5)
12.981: (grasp left shot2)
12.981: (grasp right shot2)
12.982: (grasp right shaker1)
12.985: (grasp left shaker1)
13.011: (grasp right shot5)
13.011: (grasp left shot5)
13.011: (grasp right shot5)
13.011: (grasp left shot5)
13.012: (grasp right shaker1)
13.012: (grasp right shaker1)
13.012: (grasp left shaker1)
13.012: (grasp left shaker1)
13.014: (grasp right shaker1)
13.015: (grasp left shaker1)
13.015: (grasp left shaker1)
13.015: (grasp right shaker1)
13.015: (grasp left shot1)
13.015: (grasp left shot1)
13.015: (grasp right shot1)
13.015: (grasp right shot1)
13.022: (grasp right shot4)
13.022: (grasp right shot3)
13.022: (grasp left shot3)
13.022: (grasp left shot4)
13.023: (grasp right shaker1)
13.023: (grasp left shaker1)
13.023: (grasp left shaker1)
13.023: (grasp right shaker1)
13.031: (grasp left shot3)
13.031: (grasp left shot4)
13.031: (grasp right shot3)
13.031: (grasp right shot4)
13.031: (grasp left shaker1)
13.031: (grasp left shaker1)
13.031: (grasp right shaker1)
13.031: (grasp right shaker1)
13.044: (grasp left shot4)
13.044: (grasp left shot3)
13.044: (grasp right shot4)
13.044: (grasp right shot3)
13.044: (grasp right shot1)
13.044: (grasp left shot1)
13.044: (grasp left shot1)
13.044: (grasp right shot1)
13.242: (leave left shaker1)
13.242: (leave right shaker1)
13.242: (leave right shaker1)
13.242: (leave left shaker1)
13.243: (grasp left shot1)
13.243: (grasp right shot1)
13.243: (grasp left shot1)
13.243: (grasp right shot1)
13.265: (grasp right shot3)
13.265: (grasp right shot4)
13.265: (grasp left shot3)
13.265: (grasp left shot4)
13.271: (grasp right shot2)
13.271: (grasp right shot2)
13.271: (grasp left shot2)
13.271: (grasp left shot2)
13.279: (grasp left shot5)
13.279: (grasp right shot5)
13.304: (grasp left shot2)
13.304: (grasp right shot2)
13.305: (grasp left shot2)
13.305: (grasp right shot2)
13.312: (grasp right shot5)
13.313: (grasp left shot5)
13.319: (grasp right shot2)
13.319: (grasp left shot2)
13.325: (grasp left shot2)
13.325: (grasp right shot2)
13.357: (grasp left shot2)
13.357: (grasp right shot2)
13.389: (grasp left shot2)
13.389: (grasp right shot2)
36.107: (empty-shot right shot2 cocktail1)
36.107: (empty-shot left shot2 cocktail1)
36.438: (empty-shot right shot2 cocktail1)
36.438: (empty-shot left shot2 cocktail1)
36.438: (empty-shot left shot2 cocktail1)
36.438: (empty-shot right shot2 cocktail1)
36.652: (empty-shot right shot2 cocktail1)
36.652: (empty-shot left shot2 cocktail1)
inf: (leave left shot1)
inf: (leave left shaker1)
inf: (leave left shot4)
inf: (leave right shaker1)
inf: (leave right shaker1)
inf: (leave left shot4)
inf: (leave right shot5)
inf: (leave right shaker1)
inf: (leave right shot4)
inf: (leave left shaker1)
inf: (leave left shot3)
inf: (leave right shaker1)
inf: (leave right shot3)
inf: (leave left shaker1)
inf: (leave left shot5)
inf: (leave right shaker1)
inf: (leave left shot4)
inf: (leave right shaker1)
inf: (leave right shot2)
inf: (leave left shaker1)
inf: (leave left shot2)
inf: (leave right shaker1)
inf: (leave left shot2)
inf: (leave right shaker1)
inf: (leave right shot2)
inf: (leave left shaker1)
inf: (leave left shot3)
inf: (leave right shaker1)
inf: (leave right shot3)
inf: (leave left shaker1)
inf: (leave right shaker1)
inf: (leave left shaker1)
inf: (leave right shot5)
inf: (leave right shaker1)
inf: (leave right shot4)
inf: (leave right shaker1)
inf: (leave left shaker1)
inf: (leave left shaker1)
inf: (leave left shot3)
inf: (leave left shot5)
inf: (leave left shot1)
inf: (leave right shot4)
inf: (leave left shaker1)
inf: (leave right shot3)
inf: (leave left shaker1)
inf: (leave left shot1)
inf: (leave right shaker1)
inf: (leave right shot4)
inf: (leave left shaker1)
inf: (leave right shot3)
inf: (leave left shaker1)
inf: (leave left shot3)
inf: (leave right shaker1)
inf: (leave left shot4)
inf: (leave right shaker1)
inf: (leave left shot3)
inf: (leave right shaker1)
inf: (leave left shot4)
inf: (leave right shaker1)
inf: (leave right shot3)
inf: (leave left shaker1)
inf: (leave right shot4)
inf: (leave left shaker1)
inf: (leave left shot4)
inf: (leave right shaker1)
inf: (leave left shot3)
inf: (leave right shaker1)
inf: (leave right shot4)
inf: (leave left shaker1)
inf: (leave right shot3)
inf: (leave left shaker1)
inf: (leave right shot1)
inf: (leave left shot1)
inf: (leave left shot1)
inf: (leave right shot1)
inf: (leave right shot2)
inf: (leave left shaker1)
inf: (leave right shot2)
inf: (leave left shaker1)
inf: (leave left shot2)
inf: (leave right shaker1)
inf: (leave left shot5)
inf: (leave right shaker1)
inf: (leave right shot5)
inf: (leave left shaker1)
inf: (leave right shot5)
inf: (leave left shaker1)
inf: (leave left shot5)
inf: (leave right shaker1)
inf: (leave left shot2)
inf: (leave right shaker1)
inf: (leave right shot5)
inf: (leave left shaker1)
inf: (leave right shot5)
inf: (leave left shaker1)
inf: (leave left shot5)
inf: (leave right shaker1)
inf: (leave right shot5)
inf: (leave left shaker1)
inf: (leave left shot5)
inf: (leave right shaker1)
inf: (leave left shot1)
inf: (leave right shaker1)
inf: (leave right shot1)
inf: (leave left shaker1)
inf: (leave right shot1)
inf: (grasp left shaker1)
inf: (grasp right shot1)
inf: (grasp right shot3)
inf: (grasp right shot4)
inf: (grasp right shot5)
inf: (grasp left shaker1)
inf: (grasp left shot1)
inf: (grasp left shot3)
inf: (grasp left shot4)
inf: (grasp left shot5)
inf: (grasp right shaker1)
inf: (grasp right shot1)
inf: (grasp right shot3)
inf: (grasp right shot4)
inf: (grasp right shot5)
inf: (grasp right shaker1)
inf: (grasp left shot3)
inf: (grasp left shot4)
inf: (grasp left shot5)
inf: (grasp right shaker1)
inf: (grasp right shot3)
inf: (grasp right shot4)
inf: (grasp right shot5)
inf: (grasp left shaker1)
inf: (grasp left shot3)
inf: (grasp left shot4)
inf: (grasp left shot5)
inf: (grasp right shaker1)
inf: (grasp right shot3)
inf: (grasp right shot4)
inf: (grasp left shot3)
inf: (grasp left shot1)
inf: (grasp left shot2)
inf: (grasp left shot3)
inf: (grasp left shot4)
inf: (grasp left shot5)
inf: (grasp right shaker1)
inf: (grasp right shot1)
inf: (grasp right shot2)
inf: (grasp right shot3)
inf: (grasp right shot4)
inf: (grasp right shot5)
inf: (grasp left shaker1)
inf: (grasp left shot1)
inf: (grasp left shot2)
inf: (grasp right shot5)
inf: (grasp left shot4)
inf: (grasp left shot5)
inf: (grasp right shaker1)
inf: (grasp right shot1)
inf: (grasp right shot2)
inf: (grasp right shot3)
inf: (grasp right shot4)
inf: (grasp right shot5)
12.122: (grasp left shot3)
12.122: (grasp right shot3)
12.122: (grasp left shot4)
12.122: (grasp right shot4)
12.131: (grasp right shot1)
12.131: (grasp left shot1)
12.132: (grasp left shot1)
12.132: (grasp right shot1)
12.152: (grasp left shot4)
12.152: (grasp right shot3)
12.152: (grasp right shot4)
12.152: (grasp left shot3)
12.156: (grasp right shot1)
12.156: (grasp left shot1)
12.161: (grasp right shot1)
12.161: (grasp left shot1)
12.163: (grasp left shot1)
12.163: (grasp right shot1)
12.176: (grasp left shot3)
12.176: (grasp left shot4)
12.176: (grasp right shot4)
12.176: (grasp right shot3)
12.179: (grasp left shot1)
12.179: (grasp right shot1)
12.231: (grasp left shot1)
12.231: (grasp right shot1)
12.254: (grasp right shot1)
12.254: (grasp left shot1)
13.058: (grasp right shaker1)
13.058: (grasp right shaker1)
13.059: (grasp left shaker1)
13.059: (grasp left shaker1)
13.073: (grasp left shaker1)
13.073: (grasp left shaker1)
13.073: (grasp right shaker1)
13.073: (grasp right shaker1)
13.075: (grasp right shaker1)
13.075: (grasp left shaker1)
13.091: (grasp left shaker1)
13.091: (grasp right shaker1)
13.091: (grasp left shaker1)
13.091: (grasp right shaker1)
13.108: (grasp right shaker1)
13.108: (grasp left shaker1)
13.119: (grasp right shaker1)
13.119: (grasp left shaker1)
13.124: (grasp right shaker1)
13.124: (grasp left shaker1)
13.156: (grasp right shaker1)
13.156: (grasp left shaker1)
13.189: (grasp left shaker1)
13.189: (grasp right shaker1)
13.273: (refill-shot shot5 ingredient1 right left dispenser1)
13.273: (refill-shot shot5 ingredient1 left right dispenser1)
13.313: (refill-shot shot5 ingredient3 right left dispenser3)
13.313: (refill-shot shot5 ingredient3 left right dispenser3)
13.636: (clean-shot shot5 ingredient3 left right)
13.636: (clean-shot shot5 ingredient3 right left)
13.636: (clean-shot shot5 ingredient1 left right)
13.636: (clean-shot shot5 ingredient1 right left)
14.072: (grasp left shot3)
14.072: (grasp right shot3)
14.072: (grasp left shot4)
14.072: (grasp right shot4)
14.096: (grasp left shot4)
14.096: (grasp right shot3)
14.096: (grasp right shot4)
14.096: (grasp left shot3)
14.128: (grasp left shot4)
14.128: (grasp left shot3)
14.128: (grasp right shot3)
14.128: (grasp right shot4)
14.154: (grasp left shot4)
14.155: (grasp left shot3)
14.155: (grasp right shot4)
14.155: (grasp right shot3)
14.156: (grasp left shot3)
14.156: (grasp right shot3)
14.156: (grasp right shot4)
14.156: (grasp left shot4)
14.171: (grasp right shot5)
14.171: (grasp left shot5)
14.171: (grasp right shot5)
14.171: (grasp left shot5)
14.190: (grasp left shot3)
14.190: (grasp right shot3)
14.190: (grasp right shot4)
14.190: (grasp left shot4)
14.190: (grasp right shot5)
14.190: (grasp left shot5)
14.190: (grasp left shot5)
14.190: (grasp right shot5)
14.195: (grasp left shot5)
14.195: (grasp left shot5)
14.195: (grasp right shot5)
14.195: (grasp right shot5)
14.202: (grasp left shot3)
14.202: (grasp left shot4)
14.202: (grasp right shot3)
14.202: (grasp right shot4)
14.208: (grasp right shot3)
14.208: (grasp right shot4)
14.208: (grasp left shot4)
14.208: (grasp left shot3)
14.213: (grasp left shot1)
14.213: (grasp left shot1)
14.213: (grasp right shot1)
14.213: (grasp right shot1)
14.233: (grasp right shot3)
14.233: (grasp right shot4)
14.233: (grasp left shot3)
14.233: (grasp left shot4)
14.233: (grasp left shot5)
14.233: (grasp right shot5)
14.233: (grasp left shot5)
14.233: (grasp right shot5)
14.239: (grasp left shot5)
14.239: (grasp right shot5)
14.247: (grasp left shot2)
14.247: (grasp right shot2)
14.247: (grasp left shot2)
14.247: (grasp right shot2)
14.248: (grasp right shot1)
14.248: (grasp left shot1)
14.248: (grasp left shot1)
14.248: (grasp right shot1)
14.255: (grasp right shot5)
14.255: (grasp left shot5)
14.266: (grasp right shot2)
14.266: (grasp left shot2)
14.266: (grasp right shot2)
14.266: (grasp left shot2)
14.266: (grasp left shot4)
14.266: (grasp left shot3)
14.266: (grasp right shot4)
14.266: (grasp right shot3)
14.276: (grasp right shot2)
14.276: (grasp left shot2)
14.276: (grasp right shot5)
14.277: (grasp left shot5)
14.315: (grasp right shot5)
14.315: (grasp left shot5)
14.315: (grasp right shot2)
14.315: (grasp left shot2)
15.945: (fill-shot shot1 ingredient1 right left dispenser1)
15.945: (fill-shot shot1 ingredient1 right left dispenser1)
15.945: (fill-shot shot1 ingredient1 left right dispenser1)
15.945: (fill-shot shot1 ingredient1 left right dispenser1)
15.973: (fill-shot shot1 ingredient3 right left dispenser3)
15.973: (fill-shot shot1 ingredient3 left right dispenser3)
15.973: (fill-shot shot1 ingredient3 left right dispenser3)
15.973: (fill-shot shot1 ingredient3 right left dispenser3)
15.990: (fill-shot shot3 ingredient1 right left dispenser1)
15.990: (fill-shot shot4 ingredient1 right left dispenser1)
15.990: (fill-shot shot3 ingredient1 left right dispenser1)
15.990: (fill-shot shot4 ingredient1 left right dispenser1)
16.016: (fill-shot shot3 ingredient3 right left dispenser3)
16.017: (fill-shot shot4 ingredient3 right left dispenser3)
16.017: (fill-shot shot3 ingredient3 left right dispenser3)
16.017: (fill-shot shot4 ingredient3 left right dispenser3)
18.651: (fill-shot shot1 ingredient2 left right dispenser2)
18.651: (fill-shot shot1 ingredient2 right left dispenser2)
18.651: (fill-shot shot1 ingredient2 right left dispenser2)
18.651: (fill-shot shot1 ingredient2 left right dispenser2)
18.689: (fill-shot shot4 ingredient2 right left dispenser2)
18.689: (fill-shot shot3 ingredient2 right left dispenser2)
18.689: (fill-shot shot3 ingredient2 left right dispenser2)
18.689: (fill-shot shot4 ingredient2 left right dispenser2)
33.840: (empty-shot right shot2 cocktail1)
33.840: (empty-shot left shot2 cocktail1)
34.086: (empty-shot left shot2 cocktail1)
34.086: (empty-shot right shot2 cocktail1)
34.210: (empty-shot left shot2 cocktail1)
34.210: (empty-shot left shot2 cocktail1)
34.210: (empty-shot right shot2 cocktail1)
34.210: (empty-shot right shot2 cocktail1)
34.426: (empty-shot right shot2 cocktail1)
34.426: (empty-shot left shot2 cocktail1)
34.480: (empty-shot left shot2 cocktail1)
34.480: (empty-shot right shot2 cocktail1)
34.480: (empty-shot left shot2 cocktail1)
34.480: (empty-shot right shot2 cocktail1)
34.689: (empty-shot left shot2 cocktail1)
34.689: (empty-shot right shot2 cocktail1)
35.065: (leave right shot2)
35.065: (leave left shot2)
35.384: (leave left shot2)
35.384: (leave right shot2)
35.384: (leave left shot2)
35.384: (leave right shot2)
35.596: (leave right shot2)
35.596: (leave left shot2)
35.980: (leave right shaker1)
35.980: (leave left shaker1)
36.326: (leave left shaker1)
36.326: (leave right shaker1)
36.326: (leave right shaker1)
36.326: (leave left shaker1)
36.541: (leave left shaker1)
36.541: (leave right shaker1)
12.149: (grasp right shot1)
12.149: (grasp left shot1)
12.176: (grasp left shot1)
12.176: (grasp right shot1)
12.382: (leave left shot5)
12.382: (leave right shot5)
12.413: (leave left shot5)
12.413: (leave right shot5)
12.589: (grasp left shot1)
12.589: (grasp right shot1)
12.668: (grasp right shaker1)
12.668: (grasp left shaker1)
12.986: (leave right shot5)
12.986: (leave left shot5)
13.066: (grasp left shaker1)
13.066: (grasp right shaker1)
13.108: (grasp left shaker1)
13.108: (grasp right shaker1)
13.193: (fill-shot shot5 ingredient2 left right dispenser2)
13.193: (fill-shot shot5 ingredient2 right left dispenser2)
14.146: (grasp left shot3)
14.146: (grasp left shot4)
14.146: (grasp right shot3)
14.146: (grasp right shot4)
14.190: (grasp right shot4)
14.190: (grasp right shot3)
14.190: (grasp left shot4)
14.190: (grasp left shot3)
14.270: (grasp left shot2)
14.270: (grasp right shot2)
14.316: (grasp left shot2)
14.316: (grasp right shot2)
14.494: (grasp right shot4)
14.494: (grasp left shot3)
14.494: (grasp left shot4)
14.494: (grasp right shot3)
14.601: (grasp right shot2)
14.601: (grasp left shot2)
14.814: (empty-shot right shot1 ingredient1)
14.814: (empty-shot right shot1 ingredient1)
14.814: (empty-shot left shot1 ingredient1)
14.814: (empty-shot left shot1 ingredient1)
14.829: (grasp right shot4)
14.829: (grasp right shot3)
14.829: (grasp left shot3)
14.829: (grasp left shot4)
14.836: (empty-shot left shot4 ingredient1)
14.836: (empty-shot left shot3 ingredient1)
14.836: (empty-shot right shot3 ingredient1)
14.836: (empty-shot right shot4 ingredient1)
14.858: (grasp right shot1)
14.859: (grasp left shot1)
14.859: (grasp right shot1)
14.859: (grasp left shot1)
14.876: (grasp right shot3)
14.876: (grasp right shot4)
14.876: (grasp left shot3)
14.876: (grasp left shot4)
14.883: (empty-shot right shot1 ingredient3)
14.884: (empty-shot right shot1 ingredient3)
14.884: (empty-shot left shot1 ingredient3)
14.884: (empty-shot left shot1 ingredient3)
14.900: (grasp right shot1)
14.900: (grasp left shot1)
14.900: (grasp right shot1)
14.900: (grasp left shot1)
14.905: (empty-shot right shot3 ingredient3)
14.905: (empty-shot left shot4 ingredient3)
14.905: (empty-shot right shot4 ingredient3)
14.905: (empty-shot left shot3 ingredient3)
15.749: (grasp left shaker1)
15.749: (grasp right shaker1)
15.749: (grasp left shaker1)
15.749: (grasp right shaker1)
15.779: (grasp right shaker1)
15.779: (grasp left shaker1)
15.779: (grasp left shaker1)
15.779: (grasp right shaker1)
15.792: (grasp right shaker1)
15.792: (grasp left shaker1)
15.792: (grasp right shaker1)
15.792: (grasp left shaker1)
15.823: (grasp left shaker1)
15.823: (grasp left shaker1)
15.823: (grasp right shaker1)
15.823: (grasp right shaker1)
16.739: (grasp left shot4)
16.739: (grasp right shot4)
16.739: (grasp left shot3)
16.740: (grasp right shot3)
16.765: (grasp right shot4)
16.765: (grasp left shot3)
16.765: (grasp right shot3)
16.765: (grasp left shot4)
16.773: (grasp left shot3)
16.773: (grasp left shot4)
16.773: (grasp right shot4)
16.773: (grasp right shot3)
16.803: (grasp right shot4)
16.803: (grasp right shot3)
16.803: (grasp left shot4)
16.803: (grasp left shot3)
16.859: (grasp right shot5)
16.859: (grasp right shot5)
16.859: (grasp left shot5)
16.860: (grasp left shot5)
16.889: (grasp left shot5)
16.889: (grasp right shot5)
16.889: (grasp right shot5)
16.889: (grasp left shot5)
16.904: (grasp right shot5)
16.904: (grasp left shot5)
16.904: (grasp left shot5)
16.904: (grasp right shot5)
16.933: (grasp left shot5)
16.933: (grasp right shot5)
16.933: (grasp right shot5)
16.933: (grasp left shot5)
16.942: (grasp left shot2)
16.942: (grasp left shot2)
16.942: (grasp right shot2)
16.942: (grasp right shot2)
16.967: (grasp left shot2)
16.967: (grasp left shot2)
16.967: (grasp right shot2)
16.967: (grasp right shot2)
16.988: (grasp right shot2)
16.989: (grasp left shot2)
16.989: (grasp left shot2)
16.989: (grasp right shot2)
17.011: (grasp left shot2)
17.011: (grasp right shot2)
17.011: (grasp left shot2)
17.011: (grasp right shot2)
17.044: (leave left shot4)
17.045: (leave left shot3)
17.045: (leave right shot4)
17.045: (leave right shot3)
17.055: (leave right shot1)
17.055: (leave right shot1)
17.055: (leave left shot1)
17.055: (leave left shot1)
17.093: (leave right shot4)
17.093: (leave left shot3)
17.093: (leave left shot4)
17.093: (leave right shot3)
17.109: (leave right shot1)
17.109: (leave left shot1)
17.109: (leave right shot1)
17.109: (leave left shot1)
17.562: (empty-shot left shot1 ingredient2)
17.562: (empty-shot right shot1 ingredient2)
17.562: (empty-shot right shot1 ingredient2)
17.562: (empty-shot left shot1 ingredient2)
17.576: (empty-shot left shot3 ingredient2)
17.576: (empty-shot right shot4 ingredient2)
17.576: (empty-shot left shot4 ingredient2)
17.576: (empty-shot right shot3 ingredient2)
18.615: (grasp right shot4)
18.615: (grasp left shot3)
18.615: (grasp right shot3)
18.615: (grasp left shot4)
18.642: (grasp right shot1)
18.642: (grasp left shot1)
18.643: (grasp left shot1)
18.643: (grasp right shot1)
18.800: (grasp left shaker1)
18.800: (grasp right shaker1)
18.800: (grasp left shaker1)
18.800: (grasp right shaker1)
18.840: (grasp right shaker1)
18.840: (grasp left shaker1)
18.840: (grasp left shaker1)
18.841: (grasp right shaker1)
19.179: (grasp right shot5)
19.179: (grasp left shot5)
19.179: (grasp left shot5)
19.179: (grasp right shot5)
19.212: (grasp right shot5)
19.212: (grasp right shot5)
19.213: (grasp left shot5)
19.213: (grasp left shot5)
19.807: (grasp left shot3)
19.807: (grasp left shot4)
19.807: (grasp right shot4)
19.807: (grasp right shot3)
19.894: (leave left shot3)
19.894: (leave left shot4)
19.894: (leave right shot4)
19.894: (leave right shot3)
19.904: (grasp left shot4)
19.904: (grasp left shot3)
19.904: (grasp right shot3)
19.904: (grasp right shot4)
19.905: (leave left shot1)
19.905: (leave right shot1)
19.905: (leave left shot1)
19.905: (leave right shot1)
20.072: (grasp right shot2)
20.072: (grasp right shot2)
11.260: (grasp right shot1)
11.260: (grasp left shot1)
11.260: (leave right shot5)
11.260: (leave left shot5)
11.279: (grasp right shot1)
11.279: (leave right shot5)
11.279: (leave left shot5)
11.279: (grasp left shot1)
12.049: (grasp left shaker1)
12.049: (leave right shot5)
12.049: (leave left shot5)
12.049: (grasp right shaker1)
12.067: (grasp left shot1)
12.067: (grasp right shot1)
12.184: (leave right shot5)
12.184: (leave left shot5)
12.184: (grasp left shaker1)
12.184: (grasp right shaker1)
12.215: (leave left shot5)
12.215: (leave right shot5)
12.216: (grasp right shaker1)
12.216: (grasp left shaker1)
12.257: (leave left shot5)
12.257: (leave right shot5)
12.991: (grasp left shaker1)
12.991: (grasp right shaker1)
13.256: (grasp left shot4)
13.256: (grasp left shot3)
13.256: (leave right shot5)
13.256: (leave left shot5)
13.256: (leave left shot5)
13.256: (leave right shot5)
13.256: (grasp right shot3)
13.256: (grasp right shot4)
13.290: (grasp left shot4)
13.290: (grasp left shot3)
13.290: (grasp right shot3)
13.290: (grasp right shot4)
13.290: (leave right shot5)
13.290: (leave left shot5)
13.290: (leave right shot5)
13.290: (leave left shot5)
13.377: (leave right shot5)
13.377: (leave left shot5)
13.377: (grasp left shot2)
13.377: (grasp right shot2)
13.413: (leave right shot5)
13.413: (leave left shot5)
13.413: (grasp left shot2)
13.413: (grasp right shot2)
13.704: (grasp right shot3)
13.704: (empty-shot left shot1 ingredient1)
13.704: (empty-shot right shot1 ingredient1)
13.704: (empty-shot left shot1 ingredient1)
13.704: (empty-shot right shot1 ingredient1)
13.704: (grasp right shot4)
13.704: (grasp left shot3)
13.705: (empty-shot left shot3 ingredient1)
13.705: (empty-shot right shot3 ingredient1)
13.705: (grasp left shot1)
13.705: (empty-shot right shot4 ingredient1)
13.705: (empty-shot left shot4 ingredient1)
13.705: (grasp left shot1)
13.705: (grasp right shot1)
13.705: (grasp right shot1)
13.705: (grasp left shot4)
13.791: (grasp right shot1)
13.791: (grasp left shot1)
13.791: (grasp right shot1)
13.791: (grasp right shot3)
13.791: (empty-shot left shot3 ingredient3)
13.791: (grasp right shot4)
13.791: (empty-shot right shot4 ingredient3)
13.791: (empty-shot left shot4 ingredient3)
13.791: (grasp left shot1)
13.791: (empty-shot right shot3 ingredient3)
13.792: (empty-shot right shot1 ingredient3)
13.792: (empty-shot right shot1 ingredient3)
13.792: (empty-shot left shot1 ingredient3)
13.792: (empty-shot left shot1 ingredient3)
13.792: (grasp left shot3)
13.792: (grasp left shot4)
13.845: (leave left shot5)
13.845: (leave right shot5)
13.845: (leave left shot5)
13.845: (leave right shot5)
13.845: (grasp left shot4)
13.845: (grasp left shot3)
13.845: (grasp right shot3)
13.845: (grasp right shot4)
13.951: (grasp left shot2)
13.951: (grasp right shot2)
13.951: (leave right shot5)
13.951: (leave left shot5)
14.073: (grasp left shot4)
14.073: (grasp left shot3)
14.073: (grasp right shot3)
14.073: (grasp right shot4)
14.171: (grasp left shot2)
14.171: (grasp right shot2)
14.619: (grasp right shaker1)
14.619: (grasp right shaker1)
14.619: (grasp left shaker1)
14.619: (grasp left shaker1)
14.620: (empty-shot right shot1 ingredient1)
14.620: (empty-shot left shot1 ingredient1)
14.620: (empty-shot right shot1 ingredient1)
14.620: (empty-shot left shot1 ingredient1)
14.639: (grasp left shaker1)
14.639: (grasp left shaker1)
14.639: (grasp right shaker1)
14.639: (grasp right shaker1)
14.640: (empty-shot right shot3 ingredient1)
14.640: (empty-shot left shot4 ingredient1)
14.640: (empty-shot right shot4 ingredient1)
14.640: (empty-shot left shot3 ingredient1)
14.691: (empty-shot right shot1 ingredient3)
14.691: (empty-shot right shot1 ingredient3)
14.691: (empty-shot left shot1 ingredient3)
14.691: (empty-shot left shot1 ingredient3)
14.692: (grasp right shaker1)
14.692: (grasp right shaker1)
14.692: (grasp left shaker1)
14.692: (grasp left shaker1)
14.709: (empty-shot left shot4 ingredient3)
14.709: (empty-shot right shot3 ingredient3)
14.709: (empty-shot left shot3 ingredient3)
14.709: (empty-shot right shot4 ingredient3)
14.709: (grasp right shaker1)
14.709: (grasp left shaker1)
14.709: (grasp right shaker1)
14.710: (grasp left shaker1)
15.613: (empty-shot left shot4 ingredient1)
15.613: (grasp right shot4)
15.613: (empty-shot right shot4 ingredient1)
15.613: (grasp right shot3)
15.613: (empty-shot right shot3 ingredient1)
15.613: (empty-shot left shot3 ingredient1)
15.613: (grasp left shot4)
15.613: (grasp left shot3)
15.643: (grasp right shot4)
15.643: (grasp left shot3)
15.643: (grasp right shot3)
15.643: (grasp left shot4)
15.645: (empty-shot left shot1 ingredient1)
15.645: (empty-shot left shot1 ingredient1)
15.645: (empty-shot right shot1 ingredient1)
15.645: (empty-shot right shot1 ingredient1)
15.683: (empty-shot left shot4 ingredient3)
15.683: (empty-shot right shot3 ingredient3)
15.683: (grasp right shot4)
15.684: (grasp left shot3)
15.684: (empty-shot left shot3 ingredient3)
15.684: (empty-shot right shot4 ingredient3)
15.684: (grasp right shot3)
15.684: (grasp left shot4)
15.714: (empty-shot left shot1 ingredient3)
15.714: (empty-shot right shot1 ingredient3)
15.714: (empty-shot right shot1 ingredient3)
15.714: (empty-shot left shot1 ingredient3)
15.714: (grasp right shot3)
15.714: (grasp right shot4)
15.715: (grasp left shot3)
15.715: (grasp left shot4)
15.727: (grasp left shot5)
15.727: (grasp right shot5)
15.727: (grasp left shot5)
15.727: (grasp right shot5)
15.728: (empty-shot left shot1 ingredient1)
15.728: (empty-shot right shot1 ingredient1)
15.728: (empty-shot left shot1 ingredient1)
15.728: (empty-shot right shot1 ingredient1)
15.749: (grasp left shot5)
15.749: (grasp right shot5)
15.749: (grasp left shot5)
15.749: (grasp right shot5)
15.751: (empty-shot left shot4 ingredient1)
15.751: (empty-shot right shot3 ingredient1)
15.751: (empty-shot right shot4 ingredient1)
15.751: (empty-shot left shot3 ingredient1)
15.799: (empty-shot right shot1 ingredient3)
15.799: (empty-shot left shot1 ingredient3)
15.799: (empty-shot right shot1 ingredient3)
15.799: (empty-shot left shot1 ingredient3)
15.799: (grasp right shot5)
15.799: (grasp right shot5)
15.800: (grasp left shot5)
15.800: (grasp left shot5)
15.811: (grasp right shot2)
15.811: (grasp left shot2)
15.811: (grasp right shot2)
15.811: (grasp left shot2)
15.812: (empty-shot right shot1 ingredient1)
15.812: (empty-shot left shot1 ingredient1)
15.812: (empty-shot left shot1 ingredient1)
15.812: (empty-shot right shot1 ingredient1)
15.819: (grasp left shot5)
15.819: (grasp right shot5)
15.819: (grasp right shot5)
15.819: (grasp left shot5)
11.069: (grasp left shot1)
11.069: (grasp right shot1)
11.069: (grasp left shaker1)
11.069: (grasp right shaker1)
11.089: (grasp right shaker1)
11.089: (grasp left shaker1)
11.089: (grasp right shot1)
11.089: (grasp left shot1)
11.129: (leave right shot5)
11.129: (leave left shot5)
11.129: (grasp right shot1)
11.129: (grasp left shot1)
12.065: (grasp left shaker1)
12.065: (grasp right shaker1)
12.065: (leave left shot5)
12.065: (leave right shot5)
12.132: (grasp right shot4)
12.132: (grasp right shot3)
12.132: (grasp left shot3)
12.132: (grasp left shot4)
12.132: (grasp left shot1)
12.132: (grasp right shot1)
12.132: (grasp right shot1)
12.132: (grasp left shot1)
12.153: (grasp left shot3)
12.154: (grasp left shot4)
12.154: (grasp right shot4)
12.154: (grasp right shot3)
12.154: (grasp right shot1)
12.154: (grasp left shot1)
12.154: (grasp left shot1)
12.154: (grasp right shot1)
12.252: (grasp right shot2)
12.252: (grasp left shot2)
12.253: (grasp left shot1)
12.253: (grasp right shot1)
12.274: (grasp right shot2)
12.274: (grasp left shot2)
12.274: (grasp left shot1)
12.274: (grasp right shot1)
12.369: (refill-shot shot1 ingredient3 left right dispenser3)
12.369: (refill-shot shot1 ingredient3 right left dispenser3)
12.390: (refill-shot shot1 ingredient3 left right dispenser3)
12.390: (refill-shot shot1 ingredient3 right left dispenser3)
12.801: (grasp right shot1)
12.801: (grasp right shot1)
12.801: (grasp left shot1)
12.801: (grasp left shot1)
12.900: (grasp left shot1)
12.900: (grasp right shot1)
12.922: (grasp right shaker1)
12.922: (grasp left shaker1)
12.922: (grasp left shaker1)
12.922: (grasp right shaker1)
12.922: (grasp right shot3)
12.922: (grasp left shot4)
12.922: (grasp left shot3)
12.922: (grasp right shot4)
13.029: (grasp left shot2)
13.029: (grasp right shot2)
13.029: (grasp right shaker1)
13.029: (grasp left shaker1)
13.060: (grasp left shaker1)
13.060: (grasp right shaker1)
13.060: (grasp right shaker1)
13.060: (grasp left shaker1)
13.060: (grasp right shot3)
13.060: (grasp right shot4)
13.060: (grasp left shot3)
13.060: (grasp left shot4)
13.095: (grasp right shaker1)
13.095: (grasp right shaker1)
13.095: (grasp left shot3)
13.095: (grasp right shot3)
13.095: (grasp left shot4)
13.095: (grasp right shot4)
13.095: (grasp left shaker1)
13.095: (grasp left shaker1)
13.136: (grasp right shot3)
13.136: (grasp right shot4)
13.136: (grasp left shot4)
13.136: (grasp left shot3)
13.136: (leave left shot5)
13.136: (leave right shot5)
13.136: (leave left shot5)
13.136: (leave right shot5)
13.174: (grasp left shot2)
13.174: (grasp right shot2)
13.174: (grasp right shaker1)
13.174: (grasp left shaker1)
13.210: (grasp right shaker1)
13.210: (grasp left shaker1)
13.210: (grasp left shot2)
13.210: (grasp right shot2)
13.238: (grasp left shot2)
13.238: (grasp right shot2)
13.238: (leave right shot5)
13.238: (leave left shot5)
14.006: (empty-shot left shot5 ingredient2)
14.006: (empty-shot right shot5 ingredient2)
14.006: (empty-shot right shot5 ingredient2)
14.006: (empty-shot left shot5 ingredient2)
14.108: (empty-shot right shot5 ingredient2)
14.108: (empty-shot left shot5 ingredient2)
14.144: (grasp left shot4)
14.144: (grasp right shot4)
14.144: (grasp left shot3)
14.144: (grasp right shot3)
14.179: (grasp right shot4)
14.179: (grasp left shot3)
14.179: (grasp left shot4)
14.180: (grasp right shot3)
14.252: (grasp right shot2)
14.252: (grasp left shot2)
14.252: (grasp right shot2)
14.252: (grasp left shot2)
14.252: (grasp right shot4)
14.252: (grasp right shot3)
14.252: (grasp left shot3)
14.252: (grasp left shot4)
14.290: (grasp right shot3)
14.290: (grasp right shot4)
14.290: (grasp left shot3)
14.290: (grasp left shot4)
14.291: (grasp left shot2)
14.291: (grasp right shot2)
14.291: (grasp left shot2)
14.291: (grasp right shot2)
14.612: (grasp right shot3)
14.612: (grasp right shot4)
14.612: (grasp left shot4)
14.612: (grasp left shot3)
14.809: (grasp right shot2)
14.809: (grasp left shot2)
14.809: (grasp right shot2)
14.809: (grasp left shot2)
14.809: (grasp left shot4)
14.809: (grasp right shot4)
14.809: (grasp right shot3)
14.809: (grasp left shot3)
14.835: (leave left shot3)
14.835: (leave left shot4)
14.835: (leave right shot4)
14.835: (leave right shot3)
14.856: (leave right shot1)
14.856: (leave right shot1)
14.856: (leave left shot1)
14.856: (leave left shot1)
15.781: (leave left shot1)
15.782: (leave left shot1)
15.782: (leave right shot1)
15.782: (leave right shot1)
15.783: (leave left shot3)
15.783: (leave left shot4)
15.783: (leave right shot3)
15.783: (leave right shot4)
15.834: (leave right shot3)
15.834: (leave right shot4)
15.834: (leave left shot3)
15.834: (leave right shot1)
15.834: (leave left shot1)
15.834: (leave left shot1)
15.834: (leave right shot1)
15.834: (leave left shot4)
15.874: (fill-shot shot3 ingredient1 left right dispenser1)
15.874: (fill-shot shot3 ingredient1 right left dispenser1)
15.874: (fill-shot shot4 ingredient1 right left dispenser1)
15.875: (fill-shot shot4 ingredient1 left right dispenser1)
15.897: (fill-shot shot3 ingredient3 right left dispenser3)
15.897: (fill-shot shot4 ingredient3 left right dispenser3)
15.897: (fill-shot shot3 ingredient3 left right dispenser3)
15.898: (fill-shot shot4 ingredient3 right left dispenser3)
16.007: (fill-shot shot4 ingredient3 right left dispenser3)
16.007: (fill-shot shot3 ingredient3 right left dispenser3)
16.007: (fill-shot shot3 ingredient3 left right dispenser3)
16.007: (fill-shot shot4 ingredient3 left right dispenser3)
16.011: (fill-shot shot4 ingredient1 right left dispenser1)
16.011: (fill-shot shot3 ingredient1 left right dispenser1)
16.011: (fill-shot shot4 ingredient1 left right dispenser1)
16.011: (fill-shot shot4 ingredient1 left right dispenser1)
16.011: (fill-shot shot3 ingredient1 right left dispenser1)
16.012: (fill-shot shot4 ingredient1 right left dispenser1)
16.012: (fill-shot shot3 ingredient1 right left dispenser1)
16.012: (fill-shot shot3 ingredient1 left right dispenser1)
16.044: (fill-shot shot3 ingredient3 left right dispenser3)
16.044: (fill-shot shot3 ingredient3 right left dispenser3)
16.045: (fill-shot shot4 ingredient3 right left dispenser3)
16.045: (fill-shot shot4 ingredient3 left right dispenser3)
16.267: (shake cocktail2 ingredient3 ingredient1 shaker1 left right)
16.267: (shake cocktail2 ingredient3 ingredient1 shaker1 right left)
16.308: (shake cocktail2 ingredient3 ingredient1 shaker1 left right)
16.308: (shake cocktail2 ingredient3 ingredient1 shaker1 right left)
16.416: (shake cocktail2 ingredient3 ingredient1 shaker1 left right)
16.416: (shake cocktail2 ingredient3 ingredient1 shaker1 right left)
16.809: (leave right shot1)
16.810: (leave right shot1)
16.810: (leave left shot1)
16.810: (leave left shot1)
16.810: (leave right shot3)
16.810: (leave left shot3)
10.946: (grasp left shot1)
10.946: (grasp right shot1)
10.946: (grasp right shaker1)
10.946: (grasp left shaker1)
12.005: (grasp right shot1)
12.005: (grasp left shot1)
12.005: (grasp right shot3)
12.005: (grasp right shot4)
12.005: (grasp left shot4)
12.005: (grasp left shot3)
12.005: (grasp right shot1)
12.005: (grasp left shot1)
12.108: (grasp right shot2)
12.108: (grasp left shot1)
12.108: (grasp right shot1)
12.108: (grasp left shot2)
12.171: (grasp left shaker1)
12.171: (grasp right shaker1)
12.194: (grasp left shaker1)
12.195: (grasp right shaker1)
12.244: (refill-shot shot1 ingredient3 right left dispenser3)
12.244: (refill-shot shot1 ingredient3 left right dispenser3)
12.945: (grasp right shaker1)
12.945: (grasp right shaker1)
12.945: (grasp left shaker1)
12.945: (grasp left shaker1)
12.946: (grasp right shot3)
12.946: (grasp right shot4)
12.946: (grasp left shot4)
12.946: (grasp left shot3)
13.042: (grasp right shot2)
13.042: (grasp left shot2)
13.042: (grasp right shaker1)
13.042: (grasp left shaker1)
13.237: (grasp right shot3)
13.237: (grasp right shot4)
13.237: (grasp left shot4)
13.237: (grasp left shot3)
13.251: (grasp left shot5)
13.251: (grasp right shot5)
13.261: (grasp right shot3)
13.261: (grasp left shot4)
13.261: (grasp left shot3)
13.261: (grasp right shot4)
13.284: (grasp right shot5)
13.284: (grasp left shot5)
13.353: (grasp left shot2)
13.353: (grasp right shot2)
13.379: (grasp right shot2)
13.380: (grasp left shot2)
13.486: (leave right shot1)
13.486: (leave left shot1)
13.510: (leave right shot1)
13.510: (leave left shot1)
14.029: (grasp right shot4)
14.029: (grasp right shot3)
14.029: (grasp left shot3)
14.030: (grasp left shot4)
14.117: (grasp left shot3)
14.117: (grasp right shot4)
14.117: (grasp left shot4)
14.117: (grasp right shot3)
14.117: (grasp right shot2)
14.117: (grasp left shot2)
14.117: (grasp right shot2)
14.118: (grasp left shot2)
14.415: (pour-shaker-to-shot cocktail2 shot4 left shaker1 l2 l1)
14.415: (pour-shaker-to-shot cocktail2 shot3 left shaker1 l2 l1)
14.415: (pour-shaker-to-shot cocktail2 shot3 right shaker1 l2 l1)
14.415: (pour-shaker-to-shot cocktail2 shot4 right shaker1 l2 l1)
14.473: (pour-shaker-to-shot cocktail2 shot4 right shaker1 l2 l1)
14.473: (pour-shaker-to-shot cocktail2 shot3 left shaker1 l2 l1)
14.473: (pour-shaker-to-shot cocktail2 shot4 left shaker1 l2 l1)
14.473: (pour-shaker-to-shot cocktail2 shot3 right shaker1 l2 l1)
14.578: (pour-shaker-to-shot cocktail2 shot4 left shaker1 l2 l1)
14.578: (pour-shaker-to-shot cocktail2 shot3 left shaker1 l2 l1)
14.578: (pour-shaker-to-shot cocktail2 shot4 right shaker1 l2 l1)
14.578: (pour-shaker-to-shot cocktail2 shot3 right shaker1 l2 l1)
14.641: (grasp left shaker1)
14.641: (grasp right shaker1)
14.641: (grasp right shaker1)
14.641: (grasp right shot1)
14.641: (grasp left shot1)
14.641: (grasp right shot1)
14.641: (grasp left shot1)
14.641: (grasp left shaker1)
14.660: (grasp right shot4)
14.660: (grasp left shot4)
14.661: (grasp right shot3)
14.661: (grasp left shot3)
14.661: (grasp left shaker1)
14.661: (grasp left shaker1)
14.661: (grasp right shaker1)
14.661: (grasp right shaker1)
14.705: (empty-shot right shot3 ingredient1)
14.705: (empty-shot right shot4 ingredient1)
14.705: (empty-shot left shot4 ingredient1)
14.705: (empty-shot left shot3 ingredient1)
14.753: (grasp right shot1)
14.753: (grasp left shot1)
14.753: (grasp left shot1)
14.753: (grasp right shot1)
14.772: (empty-shot right shot3 ingredient3)
14.772: (empty-shot left shot3 ingredient3)
14.772: (empty-shot right shot4 ingredient3)
14.772: (empty-shot left shot4 ingredient3)
14.790: (grasp left shot1)
14.790: (grasp right shot1)
14.790: (grasp right shot1)
14.790: (grasp left shot1)
14.849: (empty-shot right shot3 ingredient1)
14.849: (empty-shot left shot4 ingredient1)
14.851: (empty-shot left shot3 ingredient1)
14.851: (empty-shot right shot4 ingredient1)
14.854: (empty-shot left shot4 ingredient1)
14.855: (empty-shot right shot4 ingredient1)
14.855: (empty-shot right shot3 ingredient1)
14.855: (empty-shot left shot3 ingredient1)
14.880: (grasp right shot1)
14.881: (grasp left shot1)
14.881: (grasp left shot1)
14.881: (grasp right shot1)
14.889: (grasp left shot1)
14.889: (grasp left shot1)
14.889: (grasp right shot1)
14.889: (grasp right shot1)
14.894: (empty-shot right shot4 ingredient3)
14.894: (empty-shot left shot4 ingredient3)
14.895: (empty-shot right shot3 ingredient3)
14.895: (empty-shot left shot3 ingredient3)
14.898: (grasp left shot1)
14.898: (grasp left shot1)
14.898: (grasp right shot1)
14.898: (grasp right shot1)
14.926: (grasp left shot1)
14.926: (grasp right shot1)
14.926: (grasp right shot1)
14.926: (grasp left shot1)
14.929: (empty-shot left shot4 ingredient3)
14.930: (empty-shot left shot3 ingredient3)
14.930: (empty-shot right shot3 ingredient3)
14.930: (empty-shot right shot4 ingredient3)
15.633: (grasp left shot4)
15.633: (grasp right shot4)
15.633: (grasp left shot3)
15.633: (grasp right shot3)
15.635: (grasp right shot4)
15.635: (grasp left shot4)
15.635: (grasp right shot3)
15.635: (grasp left shot3)
15.664: (grasp left shot3)
15.664: (grasp right shot4)
15.664: (grasp right shot3)
15.665: (grasp left shot4)
15.667: (grasp left shot1)
15.667: (grasp right shot1)
15.679: (grasp right shaker1)
15.679: (grasp left shaker1)
15.679: (grasp left shaker1)
15.679: (grasp right shaker1)
15.707: (grasp right shaker1)
15.707: (grasp left shaker1)
15.707: (grasp left shaker1)
15.707: (grasp right shaker1)
15.748: (grasp left shot5)
15.748: (grasp left shot5)
15.748: (grasp right shot5)
15.748: (grasp right shot5)
15.769: (grasp left shot5)
15.769: (grasp left shot5)
15.769: (grasp right shot5)
15.769: (grasp right shot5)
15.810: (grasp right shaker1)
15.810: (grasp right shaker1)
15.810: (grasp left shaker1)
15.810: (grasp left shaker1)
15.811: (grasp left shaker1)
15.812: (grasp left shaker1)
15.812: (grasp right shaker1)
15.812: (grasp right shaker1)
15.812: (grasp right shaker1)
15.813: (grasp left shaker1)
15.813: (grasp right shaker1)
15.813: (grasp left shaker1)
15.827: (grasp left shot2)
15.827: (grasp left shot2)
15.827: (grasp right shot2)
15.827: (grasp right shot2)
15.850: (grasp left shot2)
15.850: (grasp left shot2)
15.850: (grasp right shot2)
15.850: (grasp right shot2)
15.850: (grasp left shaker1)
15.850: (grasp right shaker1)
15.850: (grasp left shaker1)
15.850: (grasp right shaker1)
15.866: (fill-shot shot4 ingredient1 left right dispenser1)
15.866: (fill-shot shot4 ingredient1 right left dispenser1)
15.866: (fill-shot shot3 ingredient1 right left dispenser1)
15.866: (fill-shot shot3 ingredient1 left right dispenser1)
12.049: (grasp left shaker1)
12.049: (grasp right shaker1)
13.116: (grasp left shot4)
13.116: (grasp right shot3)
13.116: (grasp left shot3)
13.116: (grasp right shot4)
13.169: (grasp right shot5)
13.170: (grasp left shot5)
13.216: (grasp right shot2)
13.216: (grasp left shot2)
13.257: (empty-shot right shot5 ingredient1)
13.257: (empty-shot left shot5 ingredient1)
13.282: (empty-shot right shot5 ingredient3)
13.282: (empty-shot left shot5 ingredient3)
13.285: (grasp right shaker1)
13.285: (grasp left shaker1)
13.286: (leave left shot1)
13.286: (leave right shot1)
13.311: (leave right shot1)
13.311: (leave left shot1)
13.311: (grasp left shaker1)
13.311: (grasp right shaker1)
13.364: (leave right shot1)
13.364: (leave left shot1)
13.575: (empty-shot left shot4 ingredient1)
13.575: (grasp left shot1)
13.575: (grasp right shot1)
13.575: (grasp left shot1)
13.575: (empty-shot right shot3 ingredient1)
13.575: (empty-shot right shot4 ingredient1)
13.575: (grasp right shot1)
13.575: (empty-shot left shot3 ingredient1)
13.663: (empty-shot left shot4 ingredient3)
13.663: (empty-shot left shot3 ingredient3)
13.663: (grasp right shot1)
13.663: (empty-shot right shot4 ingredient3)
13.663: (grasp right shot1)
13.663: (grasp left shot1)
13.663: (grasp left shot1)
13.663: (empty-shot right shot3 ingredient3)
13.726: (grasp left shot1)
13.726: (grasp right shot1)
13.726: (empty-shot right shot3 ingredient1)
13.726: (empty-shot right shot4 ingredient1)
13.726: (empty-shot left shot4 ingredient1)
13.726: (grasp right shot1)
13.726: (grasp left shot1)
13.726: (empty-shot left shot3 ingredient1)
13.727: (empty-shot left shot4 ingredient1)
13.727: (empty-shot left shot3 ingredient1)
13.727: (grasp left shot1)
13.727: (empty-shot right shot3 ingredient1)
13.727: (grasp right shot1)
13.727: (grasp right shot1)
13.727: (grasp left shot1)
13.727: (empty-shot right shot4 ingredient1)
13.749: (pour-shaker-to-shot cocktail2 shot3 left shaker1 l1 l0)
13.749: (pour-shaker-to-shot cocktail2 shot4 right shaker1 l1 l0)
13.749: (pour-shaker-to-shot cocktail2 shot4 left shaker1 l1 l0)
13.749: (pour-shaker-to-shot cocktail2 shot3 right shaker1 l1 l0)
13.792: (empty-shot right shot4 ingredient3)
13.792: (empty-shot left shot3 ingredient3)
13.792: (empty-shot left shot4 ingredient3)
13.792: (grasp left shot1)
13.792: (grasp left shot1)
13.792: (grasp right shot1)
13.792: (grasp right shot1)
13.792: (empty-shot right shot3 ingredient3)
13.794: (pour-shaker-to-shot cocktail2 shot3 right shaker1 l1 l0)
13.794: (pour-shaker-to-shot cocktail2 shot4 right shaker1 l1 l0)
13.794: (pour-shaker-to-shot cocktail2 shot4 left shaker1 l1 l0)
13.794: (pour-shaker-to-shot cocktail2 shot3 left shaker1 l1 l0)
13.815: (grasp left shot1)
13.815: (grasp right shot1)
13.815: (empty-shot left shot3 ingredient3)
13.815: (empty-shot right shot4 ingredient3)
13.815: (grasp left shot1)
13.815: (grasp right shot1)
13.815: (empty-shot left shot4 ingredient3)
13.815: (empty-shot right shot3 ingredient3)
13.872: (pour-shaker-to-shot cocktail2 shot4 right shaker1 l1 l0)
13.872: (pour-shaker-to-shot cocktail2 shot3 right shaker1 l1 l0)
13.872: (pour-shaker-to-shot cocktail2 shot4 left shaker1 l1 l0)
13.872: (pour-shaker-to-shot cocktail2 shot3 left shaker1 l1 l0)
14.351: (leave left shot1)
14.351: (leave right shot1)
14.351: (grasp right shot4)
14.351: (grasp right shot3)
14.351: (leave left shot1)
14.351: (leave right shot1)
14.351: (grasp left shot4)
14.351: (grasp left shot3)
14.369: (grasp left shot5)
14.369: (grasp right shot5)
14.369: (leave left shot1)
14.369: (leave right shot1)
14.378: (leave right shot1)
14.378: (leave left shot1)
14.378: (leave right shot1)
14.378: (leave left shot1)
14.378: (grasp right shot3)
14.378: (grasp right shot4)
14.378: (grasp left shot4)
14.378: (grasp left shot3)
14.404: (leave left shot1)
14.404: (leave right shot1)
14.404: (grasp left shot5)
14.404: (grasp right shot5)
14.477: (leave left shot1)
14.477: (leave right shot1)
14.477: (grasp left shot2)
14.477: (grasp right shot2)
14.507: (leave left shot1)
14.507: (leave right shot1)
14.507: (grasp left shot2)
14.508: (grasp right shot2)
14.522: (grasp right shaker1)
14.522: (grasp left shaker1)
14.522: (grasp left shaker1)
14.522: (grasp right shaker1)
14.523: (empty-shot right shot4 ingredient1)
14.523: (empty-shot right shot3 ingredient1)
14.523: (empty-shot left shot4 ingredient1)
14.523: (empty-shot left shot3 ingredient1)
14.589: (empty-shot left shot4 ingredient3)
14.589: (empty-shot right shot3 ingredient3)
14.589: (empty-shot right shot4 ingredient3)
14.589: (empty-shot left shot3 ingredient3)
14.589: (grasp right shaker1)
14.589: (grasp right shaker1)
14.589: (grasp left shaker1)
14.589: (grasp left shaker1)
14.650: (empty-shot left shot4 ingredient1)
14.650: (empty-shot right shot3 ingredient1)
14.650: (empty-shot right shot4 ingredient1)
14.650: (empty-shot left shot3 ingredient1)
14.651: (grasp left shaker1)
14.651: (grasp left shaker1)
14.651: (grasp right shaker1)
14.651: (grasp right shaker1)
14.657: (grasp left shaker1)
14.657: (grasp right shaker1)
14.657: (grasp right shaker1)
14.657: (grasp left shaker1)
14.659: (empty-shot left shot4 ingredient1)
14.659: (empty-shot right shot4 ingredient1)
14.659: (empty-shot right shot3 ingredient1)
14.659: (empty-shot left shot3 ingredient1)
14.696: (grasp right shaker1)
14.696: (grasp left shaker1)
14.696: (grasp right shaker1)
14.696: (grasp left shaker1)
14.696: (empty-shot left shot3 ingredient3)
14.697: (empty-shot right shot3 ingredient3)
14.697: (empty-shot right shot4 ingredient3)
14.697: (empty-shot left shot4 ingredient3)
14.710: (empty-shot right shot3 ingredient1)
14.710: (empty-shot right shot4 ingredient1)
14.710: (empty-shot left shot4 ingredient1)
14.710: (empty-shot left shot3 ingredient1)
14.734: (grasp right shaker1)
14.734: (grasp right shaker1)
14.734: (grasp left shaker1)
14.734: (grasp left shaker1)
14.735: (empty-shot left shot4 ingredient3)
14.735: (empty-shot left shot3 ingredient3)
14.735: (empty-shot right shot3 ingredient3)
14.735: (empty-shot right shot4 ingredient3)
14.738: (grasp left shot1)
14.738: (grasp left shot1)
14.738: (grasp right shot1)
14.738: (grasp right shot1)
14.836: (grasp right shot5)
14.836: (grasp right shot5)
14.836: (grasp left shot5)
14.836: (grasp left shot5)
14.900: (grasp left shot5)
14.901: (grasp right shot5)
14.901: (grasp left shot5)
14.902: (grasp right shot5)
15.122: (grasp left shot5)
15.122: (grasp left shot5)
15.122: (grasp right shot5)
15.122: (grasp right shot5)
15.288: (grasp right shot5)
15.288: (grasp right shot5)
15.288: (grasp left shot5)
15.289: (grasp left shot5)
15.385: (grasp left shot4)
15.385: (grasp right shot4)
15.385: (grasp right shot3)
15.385: (grasp left shot3)
15.386: (grasp right shot2)
15.386: (grasp right shot2)
15.386: (grasp left shot2)
15.386: (grasp left shot2)
15.391: (grasp right shot1)
15.391: (grasp right shot1)
15.391: (grasp left shot1)
15.391: (grasp left shot1)
12.752: (empty-shaker right shaker1 cocktail2 l0 l0)
12.752: (empty-shaker left shaker1 cocktail2 l0 l0)
12.801: (empty-shaker left shaker1 cocktail2 l0 l0)
12.801: (empty-shaker right shaker1 cocktail2 l0 l0)
12.884: (empty-shaker right shaker1 cocktail2 l0 l0)
12.884: (empty-shaker left shaker1 cocktail2 l0 l0)
13.167: (leave left shot1)
13.167: (leave right shot1)
13.167: (grasp left shaker1)
13.167: (grasp right shaker1)
13.584: (empty-shot left shot4 ingredient1)
13.584: (empty-shot left shot3 ingredient1)
13.584: (empty-shot right shot4 ingredient1)
13.584: (empty-shot right shot3 ingredient1)
13.585: (grasp right shot1)
13.585: (grasp left shot1)
13.585: (grasp left shot1)
13.585: (grasp right shot1)
14.155: (grasp left shot3)
14.155: (grasp left shot4)
14.155: (grasp right shot4)
14.155: (grasp right shot3)
14.155: (grasp left shaker1)
14.155: (grasp right shaker1)
14.155: (grasp right shaker1)
14.155: (grasp left shaker1)
14.167: (grasp right shot5)
14.167: (grasp left shot5)
14.167: (grasp left shaker1)
14.167: (grasp right shaker1)
14.183: (grasp right shot4)
14.183: (grasp right shot3)
14.183: (grasp left shot4)
14.183: (grasp left shot3)
14.184: (grasp left shaker1)
14.184: (grasp right shaker1)
14.184: (grasp left shaker1)
14.184: (grasp right shaker1)
14.204: (grasp left shot5)
14.204: (grasp right shot5)
14.204: (grasp right shaker1)
14.204: (grasp left shaker1)
14.234: (leave left shot1)
14.234: (leave left shot1)
14.234: (leave right shot1)
14.234: (leave right shot1)
14.235: (grasp right shot3)
14.235: (grasp left shot3)
14.235: (grasp left shot4)
14.235: (grasp right shot4)
14.274: (grasp left shaker1)
14.274: (grasp right shaker1)
14.275: (grasp left shot2)
14.275: (grasp right shot2)
14.293: (grasp right shot5)
14.293: (leave right shot1)
14.293: (leave left shot1)
14.293: (grasp left shot5)
14.307: (grasp left shot2)
14.307: (grasp right shot2)
14.308: (grasp right shaker1)
14.308: (grasp left shaker1)
14.342: (leave right shot1)
14.342: (leave left shot1)
14.342: (grasp left shot2)
14.342: (grasp right shot2)
14.377: (empty-shot left shot5 ingredient1)
14.377: (leave right shot1)
14.377: (leave left shot1)
14.377: (empty-shot right shot5 ingredient1)
14.406: (leave right shot1)
14.406: (empty-shot right shot5 ingredient3)
14.406: (empty-shot left shot5 ingredient3)
14.406: (leave left shot1)
14.493: (pour-shaker-to-shot cocktail2 shot3 left shaker1 l1 l0)
14.493: (pour-shaker-to-shot cocktail2 shot4 left shaker1 l1 l0)
14.493: (pour-shaker-to-shot cocktail2 shot3 right shaker1 l1 l0)
14.494: (pour-shaker-to-shot cocktail2 shot4 right shaker1 l1 l0)
14.494: (grasp left shot5)
14.495: (grasp right shot5)
14.512: (grasp left shaker1)
14.512: (grasp left shaker1)
14.512: (grasp right shaker1)
14.512: (grasp right shaker1)
14.633: (pour-shaker-to-shot cocktail2 shot3 left shaker1 l1 l0)
14.633: (pour-shaker-to-shot cocktail2 shot4 right shaker1 l1 l0)
14.633: (pour-shaker-to-shot cocktail2 shot3 right shaker1 l1 l0)
14.633: (pour-shaker-to-shot cocktail2 shot4 left shaker1 l1 l0)
14.633: (grasp right shot5)
14.633: (grasp left shot5)
14.700: (grasp right shot2)
14.701: (grasp left shot2)
14.711: (leave left shot4)
14.711: (leave right shot4)
14.711: (leave right shot3)
14.711: (leave left shot3)
14.723: (grasp left shot3)
14.723: (grasp left shot4)
14.723: (grasp right shot3)
14.723: (grasp right shot4)
14.746: (pour-shaker-to-shot cocktail2 shot4 right shaker1 l1 l0)
14.746: (pour-shaker-to-shot cocktail2 shot3 left shaker1 l1 l0)
14.746: (pour-shaker-to-shot cocktail2 shot3 right shaker1 l1 l0)
14.746: (pour-shaker-to-shot cocktail2 shot4 left shaker1 l1 l0)
14.746: (grasp right shot2)
14.746: (grasp left shot2)
14.750: (leave right shot3)
14.751: (leave right shot4)
14.751: (leave left shot3)
14.751: (leave left shot4)
14.751: (grasp right shot5)
14.751: (grasp left shot5)
14.751: (leave right shaker1)
14.751: (leave left shaker1)
14.765: (pour-shaker-to-shot cocktail2 shot3 right shaker1 l1 l0)
14.765: (pour-shaker-to-shot cocktail2 shot4 left shaker1 l1 l0)
14.765: (pour-shaker-to-shot cocktail2 shot3 left shaker1 l1 l0)
14.765: (pour-shaker-to-shot cocktail2 shot4 right shaker1 l1 l0)
14.766: (grasp left shot3)
14.766: (grasp left shot4)
14.766: (grasp right shot4)
14.766: (grasp right shot3)
14.777: (grasp right shot1)
14.777: (grasp left shot1)
14.784: (leave right shaker1)
14.784: (leave left shaker1)
14.808: (grasp left shot1)
14.808: (grasp right shot1)
14.810: (pour-shaker-to-shot cocktail2 shot4 left shaker1 l1 l0)
14.810: (pour-shaker-to-shot cocktail2 shot4 right shaker1 l1 l0)
14.810: (pour-shaker-to-shot cocktail2 shot3 left shaker1 l1 l0)
14.810: (pour-shaker-to-shot cocktail2 shot3 right shaker1 l1 l0)
14.822: (grasp left shot2)
14.823: (grasp right shot2)
14.842: (grasp left shot3)
14.843: (grasp right shot4)
14.843: (grasp left shot4)
14.843: (grasp right shot3)
14.851: (grasp left shot1)
14.851: (grasp right shot1)
14.855: (leave left shot4)
14.855: (leave right shot3)
14.855: (leave left shot3)
14.855: (leave right shot4)
14.866: (leave left shot4)
14.866: (leave right shot3)
14.866: (leave right shot4)
14.866: (leave left shot3)
14.870: (leave right shaker1)
14.870: (leave left shaker1)
14.874: (leave right shot4)
14.874: (leave left shot3)
14.874: (leave right shot3)
14.875: (leave left shot4)
14.910: (leave left shot3)
14.910: (leave left shot4)
14.910: (leave right shot4)
14.910: (leave right shot3)
15.232: (grasp right shot3)
15.232: (grasp left shot3)
15.232: (grasp right shot4)
15.232: (grasp left shot4)
15.236: (grasp right shot5)
15.236: (grasp right shot3)
15.236: (grasp right shot4)
15.236: (grasp left shot3)
15.236: (grasp left shot4)
15.236: (grasp right shot5)
15.236: (grasp left shot5)
15.236: (grasp left shot5)
15.243: (shake cocktail2 ingredient3 ingredient1 shaker1 left right)
15.243: (shake cocktail2 ingredient3 ingredient1 shaker1 right left)
15.260: (grasp left shot3)
15.260: (grasp right shot4)
15.260: (grasp right shot3)
15.260: (grasp left shot4)
15.273: (grasp right shot5)
15.273: (grasp right shot3)
15.273: (grasp right shot4)
15.273: (grasp left shot4)
15.273: (grasp left shot5)
15.273: (grasp left shot3)
15.273: (grasp right shot5)
15.273: (grasp left shot5)
15.336: (shake cocktail2 ingredient3 ingredient1 shaker1 right left)
15.336: (shake cocktail2 ingredient3 ingredient1 shaker1 left right)
15.343: (grasp left shot4)
15.343: (grasp right shot3)
15.343: (grasp left shot2)
15.343: (grasp right shot2)
15.343: (grasp left shot2)
15.343: (grasp right shot2)
15.343: (grasp left shot3)
15.344: (grasp right shot4)
15.361: (grasp right shot5)
15.362: (grasp left shot5)
15.363: (grasp left shot2)
15.363: (grasp right shot2)
15.376: (grasp left shot2)
15.376: (grasp right shot2)
11.556: (clean-shaker right left shaker1)
11.556: (clean-shaker left right shaker1)
11.678: (clean-shaker left right shaker1)
11.678: (clean-shaker right left shaker1)
11.724: (clean-shaker left right shaker1)
11.724: (clean-shaker right left shaker1)
13.213: (clean-shot shot1 ingredient3 left right)
13.213: (clean-shot shot1 ingredient3 right left)
13.213: (clean-shot shot1 ingredient3 left right)
13.213: (clean-shot shot1 ingredient3 right left)
13.232: (clean-shot shot1 ingredient3 left right)
13.232: (clean-shot shot1 ingredient3 right left)
13.232: (clean-shot shot1 ingredient3 left right)
13.232: (clean-shot shot1 ingredient3 right left)
13.233: (clean-shot shot1 ingredient3 right left)
13.233: (clean-shot shot1 ingredient3 left right)
13.234: (clean-shot shot1 ingredient3 left right)
13.234: (clean-shot shot1 ingredient3 right left)
13.270: (clean-shot shot1 ingredient3 right left)
13.270: (clean-shot shot1 ingredient3 left right)
13.270: (clean-shot shot1 ingredient3 left right)
13.270: (clean-shot shot1 ingredient3 right left)
13.384: (pour-shaker-to-shot cocktail2 shot3 left shaker1 l2 l1)
13.384: (pour-shaker-to-shot cocktail2 shot4 left shaker1 l2 l1)
13.384: (pour-shaker-to-shot cocktail2 shot3 right shaker1 l2 l1)
13.384: (pour-shaker-to-shot cocktail2 shot4 right shaker1 l2 l1)
13.452: (grasp left shot5)
13.452: (grasp right shot5)
13.452: (empty-shaker left shaker1 cocktail2 l0 l0)
13.452: (empty-shaker right shaker1 cocktail2 l0 l0)
13.467: (leave left shot5)
13.467: (leave right shot5)
13.490: (clean-shot shot5 ingredient3 left right)
13.490: (clean-shot shot5 ingredient1 left right)
13.490: (clean-shot shot5 ingredient1 right left)
13.490: (clean-shot shot5 ingredient3 right left)
13.490: (leave left shot5)
13.490: (leave right shot5)
13.494: (pour-shaker-to-shot cocktail2 shot3 right shaker1 l2 l1)
13.494: (pour-shaker-to-shot cocktail2 shot4 right shaker1 l2 l1)
13.494: (pour-shaker-to-shot cocktail2 shot3 left shaker1 l2 l1)
13.494: (pour-shaker-to-shot cocktail2 shot4 left shaker1 l2 l1)
13.593: (empty-shaker right shaker1 cocktail2 l0 l0)
13.593: (empty-shaker left shaker1 cocktail2 l0 l0)
13.594: (grasp left shot5)
13.594: (grasp right shot5)
13.704: (grasp left shot2)
13.704: (grasp right shot2)
13.704: (empty-shaker right shaker1 cocktail2 l0 l0)
13.704: (empty-shaker left shaker1 cocktail2 l0 l0)
13.721: (grasp left shot4)
13.721: (grasp left shot3)
13.721: (grasp right shot3)
13.721: (grasp right shot4)
13.722: (empty-shaker right shaker1 cocktail2 l0 l0)
13.722: (empty-shaker left shaker1 cocktail2 l0 l0)
13.722: (empty-shaker left shaker1 cocktail2 l0 l0)
13.722: (empty-shaker right shaker1 cocktail2 l0 l0)
13.732: (leave left shaker1)
13.732: (leave right shaker1)
13.738: (grasp right shot5)
13.738: (grasp left shot5)
13.739: (empty-shaker left shaker1 cocktail2 l0 l0)
13.739: (empty-shaker right shaker1 cocktail2 l0 l0)
13.739: (grasp left shot1)
13.739: (grasp right shot1)
13.740: (empty-shaker left shaker1 cocktail2 l0 l0)
13.740: (empty-shaker right shaker1 cocktail2 l0 l0)
13.751: (grasp right shot2)
13.751: (grasp left shot2)
13.751: (empty-shaker left shaker1 cocktail2 l0 l0)
13.751: (empty-shaker right shaker1 cocktail2 l0 l0)
13.765: (grasp left shot3)
13.765: (grasp left shot4)
13.765: (grasp right shot4)
13.765: (grasp right shot3)
13.765: (empty-shaker right shaker1 cocktail2 l0 l0)
13.765: (empty-shaker left shaker1 cocktail2 l0 l0)
13.765: (empty-shaker left shaker1 cocktail2 l0 l0)
13.765: (empty-shaker right shaker1 cocktail2 l0 l0)
13.768: (leave right shaker1)
13.768: (leave left shaker1)
13.770: (grasp left shot1)
13.770: (grasp right shot1)
13.771: (empty-shaker left shaker1 cocktail2 l0 l0)
13.771: (empty-shaker right shaker1 cocktail2 l0 l0)
13.796: (clean-shot shot1 ingredient3 left right)
13.796: (clean-shot shot1 ingredient3 right left)
13.796: (clean-shot shot1 ingredient3 left right)
13.796: (clean-shot shot1 ingredient3 right left)
13.812: (grasp right shot1)
13.812: (grasp left shot1)
13.812: (empty-shaker left shaker1 cocktail2 l0 l0)
13.812: (empty-shaker right shaker1 cocktail2 l0 l0)
13.831: (grasp right shot2)
13.831: (grasp left shot2)
13.832: (empty-shaker right shaker1 cocktail2 l0 l0)
13.832: (empty-shaker left shaker1 cocktail2 l0 l0)
13.850: (grasp right shot3)
13.850: (grasp right shot4)
13.850: (grasp left shot4)
13.850: (grasp left shot3)
13.851: (empty-shaker left shaker1 cocktail2 l0 l0)
13.851: (empty-shaker right shaker1 cocktail2 l0 l0)
13.851: (empty-shaker left shaker1 cocktail2 l0 l0)
13.851: (empty-shaker right shaker1 cocktail2 l0 l0)
13.857: (leave left shaker1)
13.858: (leave right shaker1)
14.041: (grasp left shaker1)
14.041: (grasp right shot3)
14.041: (grasp right shot4)
14.041: (grasp left shot4)
14.041: (grasp left shot3)
14.041: (grasp left shaker1)
14.041: (grasp right shaker1)
14.041: (grasp right shaker1)
14.094: (grasp left shot5)
14.094: (grasp right shot5)
14.094: (grasp right shaker1)
14.094: (grasp left shaker1)
14.143: (grasp left shaker1)
14.143: (grasp right shaker1)
14.143: (grasp left shot2)
14.143: (grasp right shot2)
14.177: (grasp right shaker1)
14.177: (empty-shot left shot5 ingredient1)
14.177: (empty-shot right shot5 ingredient1)
14.177: (grasp left shaker1)
14.207: (empty-shot left shot5 ingredient3)
14.207: (empty-shot right shot5 ingredient3)
14.207: (grasp left shaker1)
14.207: (grasp right shaker1)
14.230: (empty-shot left shot5 ingredient2)
14.230: (empty-shot right shot5 ingredient2)
14.532: (grasp left shaker1)
14.532: (grasp right shaker1)
14.532: (grasp right shaker1)
14.533: (grasp left shaker1)
14.571: (grasp left shaker1)
14.571: (grasp right shaker1)
14.571: (grasp right shaker1)
14.571: (grasp left shaker1)
14.661: (grasp left shaker1)
14.662: (grasp right shaker1)
14.662: (grasp right shaker1)
14.662: (grasp left shaker1)
14.669: (grasp right shaker1)
14.669: (grasp left shaker1)
14.669: (grasp right shaker1)
14.669: (grasp left shaker1)
14.678: (grasp left shaker1)
14.678: (grasp right shaker1)
14.678: (grasp left shaker1)
14.678: (grasp right shaker1)
14.710: (empty-shot right shot5 ingredient1)
14.710: (empty-shot left shot5 ingredient1)
14.713: (leave right shot4)
14.713: (leave left shot3)
14.713: (leave left shot4)
14.713: (leave right shot3)
14.718: (grasp left shaker1)
14.718: (grasp left shaker1)
14.718: (grasp right shaker1)
14.718: (grasp right shaker1)
14.816: (empty-shot left shot5 ingredient3)
14.816: (empty-shot right shot5 ingredient3)
14.845: (grasp left shot5)
14.845: (grasp right shot5)
14.845: (grasp right shot5)
14.845: (grasp left shot5)
14.881: (grasp left shot5)
14.881: (grasp right shot5)
14.881: (grasp right shot5)
14.881: (grasp left shot5)
15.119: (grasp left shot4)
15.119: (grasp right shot4)
15.119: (grasp right shot3)
15.119: (grasp left shot3)
15.164: (grasp right shot4)
15.164: (grasp right shot3)
15.164: (grasp left shot5)
15.164: (grasp left shot4)
15.164: (grasp left shot5)
15.164: (grasp left shot3)
15.164: (grasp right shot5)
15.164: (grasp right shot5)
15.214: (grasp left shot3)
15.214: (grasp left shot4)
15.214: (grasp left shot2)
15.214: (grasp right shot4)
15.214: (grasp right shot3)
15.214: (grasp left shot2)
15.214: (grasp right shot2)
15.214: (grasp right shot2)
15.245: (grasp left shot4)
15.245: (grasp left shot3)
15.245: (empty-shot right shot5 ingredient1)
15.245: (empty-shot left shot5 ingredient1)
15.245: (empty-shot right shot5 ingredient1)
15.245: (empty-shot left shot5 ingredient1)
10.580: (leave left shaker1)
10.580: (leave right shaker1)
10.702: (leave right shaker1)
10.702: (leave left shaker1)
10.748: (leave right shaker1)
10.748: (leave left shaker1)
10.785: (grasp left shot1)
10.785: (grasp right shot1)
10.834: (grasp right shot1)
10.834: (grasp left shot1)
10.880: (grasp left shot1)
10.880: (grasp right shot1)
11.070: (grasp left shot5)
11.070: (grasp right shot5)
11.385: (grasp right shot5)
11.386: (grasp left shot5)
11.832: (grasp left shot5)
11.832: (grasp right shot5)
12.068: (grasp right shot4)
12.068: (grasp left shot3)
12.068: (grasp left shot4)
12.068: (grasp right shot3)
12.078: (grasp left shot3)
12.078: (grasp left shot4)
12.078: (grasp right shot3)
12.078: (grasp right shot4)
12.123: (grasp left shot4)
12.123: (grasp right shot3)
12.123: (grasp left shot3)
12.123: (grasp right shot4)
12.144: (grasp left shot4)
12.144: (grasp right shot4)
12.144: (grasp right shot3)
12.144: (grasp left shot3)
12.295: (leave right shot1)
12.295: (leave left shot1)
12.295: (leave right shot1)
12.295: (leave left shot1)
12.326: (leave right shot1)
12.326: (leave left shot1)
12.326: (leave right shot1)
12.326: (leave left shot1)
12.444: (grasp left shot4)
12.444: (grasp left shot3)
12.444: (grasp right shot3)
12.444: (grasp right shot4)
12.464: (grasp right shot2)
12.464: (grasp left shot2)
12.567: (grasp left shot4)
12.567: (grasp left shot3)
12.567: (grasp right shot4)
12.567: (grasp right shot3)
12.586: (grasp left shot2)
12.586: (grasp right shot2)
12.607: (grasp left shot4)
12.607: (grasp left shot3)
12.608: (grasp right shot4)
12.608: (grasp right shot3)
12.628: (grasp right shot2)
12.628: (grasp left shot2)
12.764: (pour-shaker-to-shot cocktail2 shot3 right shaker1 l1 l0)
12.764: (pour-shaker-to-shot cocktail2 shot3 left shaker1 l1 l0)
12.764: (pour-shaker-to-shot cocktail2 shot4 right shaker1 l1 l0)
12.764: (pour-shaker-to-shot cocktail2 shot4 left shaker1 l1 l0)
12.781: (pour-shaker-to-shot cocktail2 shot3 left shaker1 l1 l0)
12.781: (pour-shaker-to-shot cocktail2 shot4 left shaker1 l1 l0)
12.781: (pour-shaker-to-shot cocktail2 shot4 right shaker1 l1 l0)
12.781: (pour-shaker-to-shot cocktail2 shot3 right shaker1 l1 l0)
12.887: (grasp right shaker1)
12.887: (grasp left shaker1)
12.887: (grasp right shaker1)
12.887: (grasp left shaker1)
13.015: (grasp right shaker1)
13.015: (grasp left shaker1)
13.015: (grasp right shaker1)
13.015: (grasp left shaker1)
13.031: (grasp right shaker1)
13.031: (grasp left shaker1)
13.031: (grasp left shaker1)
13.031: (grasp right shaker1)
13.032: (grasp left shaker1)
13.032: (grasp right shaker1)
13.032: (grasp left shaker1)
13.032: (grasp right shaker1)
13.067: (grasp left shaker1)
13.067: (grasp right shaker1)
13.068: (grasp right shaker1)
13.068: (grasp left shaker1)
13.268: (grasp left shaker1)
13.268: (grasp right shaker1)
13.268: (leave left shot5)
13.268: (leave right shot5)
13.292: (leave left shot5)
13.292: (leave right shot5)
13.292: (grasp right shaker1)
13.293: (grasp left shaker1)
13.310: (leave right shot5)
13.310: (leave left shot5)
13.341: (grasp right shaker1)
13.341: (grasp left shaker1)
13.355: (leave left shot5)
13.355: (leave right shot5)
13.671: (empty-shaker right shaker1 cocktail2 l0 l0)
13.671: (empty-shaker left shaker1 cocktail2 l0 l0)
13.671: (empty-shot right shot5 ingredient1)
13.671: (empty-shot left shot5 ingredient1)
13.759: (leave left shot5)
13.759: (leave right shot5)
13.776: (empty-shot left shot5 ingredient3)
13.776: (empty-shot right shot5 ingredient3)
13.776: (empty-shaker right shaker1 cocktail2 l0 l0)
13.776: (empty-shaker left shaker1 cocktail2 l0 l0)
13.837: (leave left shot5)
13.837: (leave right shot5)
14.033: (empty-shot right shot5 ingredient2)
14.033: (grasp right shaker1)
14.033: (empty-shot left shot5 ingredient2)
14.033: (grasp left shaker1)
14.047: (grasp right shot4)
14.047: (grasp left shot3)
14.047: (grasp left shot4)
14.047: (grasp right shot3)
14.062: (grasp left shot3)
14.062: (grasp left shot4)
14.062: (grasp right shot4)
14.062: (grasp right shot3)
14.064: (grasp left shot4)
14.064: (grasp right shot3)
14.064: (grasp left shot3)
14.064: (grasp right shot4)
14.094: (grasp right shot5)
14.094: (grasp left shot5)
14.094: (grasp left shot5)
14.094: (grasp right shot5)
14.097: (grasp left shot3)
14.097: (grasp right shot4)
14.097: (grasp right shot3)
14.097: (grasp left shot4)
14.110: (grasp left shot5)
14.110: (grasp right shot5)
14.110: (grasp left shot5)
14.110: (grasp right shot5)
14.127: (grasp right shot5)
14.127: (grasp left shot5)
14.127: (grasp right shot5)
14.127: (grasp left shot5)
14.136: (grasp left shot5)
14.136: (grasp right shot5)
14.136: (grasp right shot5)
14.137: (grasp left shot5)
14.172: (grasp left shot5)
14.172: (grasp right shot5)
14.172: (grasp right shot5)
14.172: (grasp left shot5)
14.203: (grasp left shot2)
14.203: (grasp right shot2)
14.203: (grasp right shot2)
14.203: (grasp left shot2)
14.220: (grasp left shot2)
14.220: (grasp right shot2)
14.220: (grasp right shot2)
14.220: (grasp left shot2)
14.234: (grasp right shot2)
14.234: (grasp left shot2)
14.234: (grasp left shot2)
14.234: (grasp right shot2)
14.273: (grasp left shot2)
14.274: (grasp left shot2)
14.274: (grasp right shot2)
14.274: (grasp right shot2)
14.301: (grasp left shot5)
14.301: (grasp left shot5)
14.301: (grasp right shot5)
14.301: (grasp right shot5)
14.331: (leave left shot5)
14.331: (leave right shot5)
14.331: (leave right shot5)
14.331: (leave left shot5)
14.332: (grasp left shot3)
14.332: (grasp left shot4)
14.332: (grasp right shot4)
14.332: (grasp right shot3)
14.334: (grasp right shot1)
14.334: (grasp right shot1)
14.334: (grasp left shot1)
14.334: (grasp left shot1)
14.352: (grasp right shot2)
14.352: (grasp left shot2)
14.352: (grasp right shot2)
14.352: (grasp left shot2)
14.354: (grasp left shot4)
14.354: (grasp right shot4)
14.354: (grasp left shot3)
14.354: (grasp right shot3)
14.357: (grasp left shot3)
14.357: (grasp left shot4)
14.358: (grasp right shot3)
14.358: (grasp right shot4)
14.358: (grasp right shot3)
14.358: (grasp right shot4)
9.793: (pour-shot-to-clean-shaker shot5 ingredient1 shaker1 left l0 l1)
9.793: (pour-shot-to-clean-shaker shot5 ingredient1 shaker1 right l0 l1)
9.801: (grasp right shot1)
9.801: (grasp left shot1)
9.801: (leave right shaker1)
9.801: (leave left shaker1)
9.850: (grasp left shot1)
9.850: (leave left shaker1)
9.850: (grasp right shot1)
9.850: (leave right shaker1)
9.895: (grasp right shot1)
9.895: (leave right shaker1)
9.895: (leave left shaker1)
9.895: (grasp left shot1)
10.095: (leave right shaker1)
10.095: (leave left shaker1)
10.095: (grasp left shot5)
10.095: (grasp right shot5)
10.410: (leave right shaker1)
10.410: (leave left shaker1)
10.410: (grasp left shot5)
10.410: (grasp right shot5)
10.857: (grasp right shot5)
10.857: (grasp left shot5)
10.857: (leave left shaker1)
10.857: (leave right shaker1)
10.937: (pour-shot-to-clean-shaker shot5 ingredient3 shaker1 left l0 l1)
10.937: (pour-shot-to-clean-shaker shot5 ingredient3 shaker1 right l0 l1)
11.177: (grasp right shot3)
11.178: (grasp left shot3)
11.178: (grasp right shot4)
11.178: (leave right shot1)
11.178: (leave left shot1)
11.178: (leave left shot1)
11.178: (leave right shot1)
11.178: (grasp left shot4)
11.195: (grasp left shot4)
11.195: (grasp right shot4)
11.195: (grasp right shot3)
11.195: (grasp left shot3)
11.196: (leave left shot1)
11.196: (leave right shot1)
11.196: (leave right shot1)
11.196: (leave left shot1)
11.468: (grasp left shot4)
11.468: (grasp left shot3)
11.468: (grasp right shot4)
11.468: (grasp right shot3)
11.468: (leave right shaker1)
11.468: (leave right shaker1)
11.468: (leave left shaker1)
11.468: (leave left shaker1)
11.488: (leave right shaker1)
11.488: (leave left shaker1)
11.488: (grasp left shot2)
11.488: (grasp right shot2)
11.591: (leave right shaker1)
11.591: (leave right shaker1)
11.591: (leave left shaker1)
11.591: (leave left shaker1)
11.591: (grasp right shot4)
11.591: (grasp left shot3)
11.591: (grasp right shot3)
11.591: (grasp left shot4)
11.599: (empty-shot left shot5 ingredient1)
11.599: (empty-shot right shot5 ingredient1)
11.610: (leave right shaker1)
11.610: (leave left shaker1)
11.610: (grasp right shot2)
11.610: (grasp left shot2)
11.631: (leave right shaker1)
11.631: (leave right shaker1)
11.631: (leave left shaker1)
11.631: (leave left shaker1)
11.632: (grasp right shot4)
11.632: (grasp left shot3)
11.632: (grasp right shot3)
11.632: (grasp left shot4)
11.652: (leave right shaker1)
11.652: (leave left shaker1)
11.652: (grasp right shot2)
11.652: (grasp left shot2)
11.762: (empty-shaker left shaker1 cocktail2 l0 l0)
11.762: (empty-shaker right shaker1 cocktail2 l0 l0)
11.783: (empty-shaker right shaker1 cocktail2 l0 l0)
11.783: (empty-shaker left shaker1 cocktail2 l0 l0)
11.852: (empty-shot right shot5 ingredient3)
11.852: (empty-shot left shot5 ingredient3)
12.086: (leave left shot1)
12.086: (leave right shot1)
12.086: (leave right shot1)
12.086: (leave left shot1)
12.086: (grasp right shaker1)
12.086: (grasp left shaker1)
12.086: (grasp right shaker1)
12.086: (grasp left shaker1)
12.118: (leave right shot1)
12.118: (leave left shot1)
12.118: (leave left shot1)
12.118: (leave right shot1)
12.118: (grasp right shaker1)
12.118: (grasp left shaker1)
12.118: (grasp left shaker1)
12.118: (grasp right shaker1)
12.757: (leave left shot5)
12.757: (empty-shaker left shaker1 cocktail2 l0 l0)
12.757: (empty-shaker right shaker1 cocktail2 l0 l0)
12.757: (leave right shot5)
12.827: (empty-shaker left shaker1 cocktail2 l0 l0)
12.827: (empty-shaker right shaker1 cocktail2 l0 l0)
12.827: (leave left shot5)
12.827: (leave right shot5)
13.110: (leave right shot1)
13.110: (leave right shot1)
13.110: (leave left shot1)
13.110: (leave left shot1)
13.115: (leave right shot5)
13.115: (leave left shot5)
13.115: (grasp right shaker1)
13.115: (grasp left shaker1)
13.117: (grasp right shot4)
13.117: (grasp right shot3)
13.117: (grasp left shot4)
13.117: (grasp left shot3)
13.117: (leave left shot1)
13.117: (leave left shot1)
13.117: (leave right shot1)
13.117: (leave right shot1)
13.148: (leave left shot1)
13.148: (leave right shot1)
13.148: (leave left shot1)
13.148: (leave right shot1)
13.149: (grasp right shot4)
13.149: (grasp left shot3)
13.149: (grasp right shot3)
13.149: (grasp left shot4)
13.176: (leave left shot5)
13.176: (leave right shot5)
13.176: (grasp left shaker1)
13.177: (grasp right shaker1)
13.189: (grasp right shot5)
13.189: (grasp left shot5)
13.190: (grasp right shot5)
13.190: (grasp left shot5)
13.190: (leave right shot1)
13.190: (leave left shot1)
13.190: (leave left shot1)
13.190: (leave right shot1)
13.229: (leave left shot1)
13.229: (leave right shot1)
13.229: (leave right shot1)
13.229: (leave left shot1)
13.230: (grasp left shot5)
13.230: (grasp right shot5)
13.230: (grasp left shot5)
13.230: (grasp right shot5)
13.237: (grasp left shot1)
13.237: (grasp left shot1)
13.237: (grasp right shot1)
13.237: (grasp right shot1)
13.253: (leave left shot1)
13.253: (leave left shot1)
13.253: (leave right shot1)
13.253: (leave right shot1)
13.270: (leave right shot1)
13.270: (leave left shot1)
13.270: (leave left shot1)
13.270: (leave right shot1)
13.294: (grasp left shot2)
13.294: (grasp right shot2)
13.294: (grasp left shot2)
13.294: (grasp right shot2)
13.295: (leave right shot1)
13.295: (leave left shot1)
13.295: (leave right shot1)
13.295: (leave left shot1)
13.329: (leave right shot1)
13.329: (leave right shot1)
13.329: (leave left shot1)
13.329: (leave left shot1)
13.330: (grasp right shot2)
13.330: (grasp left shot2)
13.330: (grasp right shot2)
13.330: (grasp left shot2)
13.469: (pour-shaker-to-shot cocktail2 shot4 left shaker1 l1 l0)
13.469: (pour-shaker-to-shot cocktail2 shot3 right shaker1 l1 l0)
13.469: (pour-shaker-to-shot cocktail2 shot4 right shaker1 l1 l0)
13.469: (pour-shaker-to-shot cocktail2 shot3 left shaker1 l1 l0)
13.469: (grasp left shot5)
13.469: (grasp right shot5)
13.635: (grasp left shot5)
13.635: (grasp right shot5)
13.635: (pour-shaker-to-shot cocktail2 shot3 left shaker1 l1 l0)
13.635: (pour-shaker-to-shot cocktail2 shot4 left shaker1 l1 l0)
13.635: (pour-shaker-to-shot cocktail2 shot4 right shaker1 l1 l0)
13.635: (pour-shaker-to-shot cocktail2 shot3 right shaker1 l1 l0)
13.719: (grasp right shot2)
13.719: (grasp left shot2)
13.719: (pour-shaker-to-shot cocktail2 shot4 left shaker1 l1 l0)
13.719: (pour-shaker-to-shot cocktail2 shot3 right shaker1 l1 l0)
8.752: (refill-shot shot1 ingredient3 left right dispenser3)
8.752: (refill-shot shot1 ingredient3 right left dispenser3)
8.798: (refill-shot shot1 ingredient3 right left dispenser3)
8.798: (refill-shot shot1 ingredient3 left right dispenser3)
8.803: (refill-shot shot1 ingredient3 right left dispenser3)
8.803: (refill-shot shot1 ingredient3 left right dispenser3)
8.806: (pour-shot-to-clean-shaker shot5 ingredient1 shaker1 right l0 l1)
8.806: (pour-shot-to-clean-shaker shot5 ingredient1 shaker1 left l0 l1)
8.806: (leave left shaker1)
8.806: (leave right shaker1)
8.870: (leave left shot5)
8.870: (leave right shot5)
9.861: (clean-shot shot1 ingredient3 left right)
9.861: (clean-shot shot1 ingredient3 right left)
9.889: (clean-shot shot1 ingredient3 right left)
9.889: (clean-shot shot1 ingredient3 left right)
9.907: (clean-shot shot1 ingredient3 left right)
9.907: (clean-shot shot1 ingredient3 right left)
9.962: (leave right shot5)
9.962: (leave left shot5)
9.966: (pour-shot-to-clean-shaker shot5 ingredient3 shaker1 right l0 l1)
9.966: (pour-shot-to-clean-shaker shot5 ingredient3 shaker1 left l0 l1)
9.966: (leave left shaker1)
9.966: (leave right shaker1)
10.478: (grasp right shot5)
10.478: (grasp left shot5)
10.478: (grasp right shot1)
10.478: (grasp left shot1)
10.549: (clean-shaker left right shaker1)
10.549: (clean-shaker right left shaker1)
10.597: (grasp left shot5)
10.597: (grasp left shot1)
10.597: (grasp right shot1)
10.597: (grasp right shot5)
10.623: (leave right shaker1)
10.623: (leave left shaker1)
10.623: (empty-shot left shot5 ingredient1)
10.623: (empty-shot right shot5 ingredient1)
10.676: (clean-shaker left right shaker1)
10.676: (clean-shaker right left shaker1)
10.754: (grasp left shot1)
10.754: (grasp right shot1)
10.754: (grasp right shot2)
10.754: (grasp left shot2)
10.771: (grasp left shot1)
10.771: (grasp left shot1)
10.771: (grasp right shot1)
10.771: (grasp right shot1)
10.772: (grasp left shot3)
10.772: (grasp left shot4)
10.772: (grasp right shot4)
10.772: (grasp right shot3)
10.790: (grasp right shot5)
10.791: (grasp left shot5)
10.791: (grasp left shot1)
10.791: (grasp right shot1)
10.802: (grasp left shot2)
10.802: (grasp right shot2)
10.803: (grasp left shot1)
10.803: (grasp right shot1)
10.816: (grasp right shot3)
10.816: (grasp right shot4)
10.816: (grasp left shot3)
10.816: (grasp left shot4)
10.817: (grasp right shot1)
10.817: (grasp right shot1)
10.817: (grasp left shot1)
10.817: (grasp left shot1)
10.848: (grasp left shot1)
10.848: (grasp right shot1)
10.849: (grasp right shot2)
10.849: (grasp left shot2)
10.862: (grasp right shot1)
10.862: (grasp left shot1)
10.862: (grasp left shot1)
10.862: (grasp right shot4)
10.862: (grasp right shot3)
10.862: (grasp left shot3)
10.862: (grasp left shot4)
10.862: (grasp right shot1)
10.877: (leave right shaker1)
10.877: (leave left shaker1)
10.877: (empty-shot left shot5 ingredient3)
10.877: (empty-shot right shot5 ingredient3)
10.977: (grasp right shot3)
10.977: (grasp left shot3)
10.977: (grasp right shot4)
10.977: (grasp left shot4)
10.977: (grasp left shaker1)
10.978: (grasp right shaker1)
10.978: (grasp left shaker1)
10.978: (grasp right shaker1)
10.980: (grasp right shot4)
10.980: (grasp right shot3)
10.980: (grasp left shot3)
10.980: (grasp left shot4)
10.980: (grasp right shot5)
10.980: (grasp right shot5)
10.980: (grasp left shot5)
10.980: (grasp left shot5)
10.997: (grasp right shot4)
10.997: (grasp left shot4)
10.997: (grasp left shot3)
10.997: (grasp right shot3)
10.997: (grasp left shaker1)
10.997: (grasp right shaker1)
10.997: (grasp left shaker1)
10.997: (grasp right shaker1)
11.003: (grasp left shot5)
11.003: (grasp right shot5)
11.003: (grasp left shot2)
11.003: (grasp right shot2)
11.295: (grasp right shot4)
11.295: (grasp left shot3)
11.295: (grasp right shot3)
11.295: (grasp left shot4)
11.295: (grasp left shot5)
11.295: (grasp right shot5)
11.295: (grasp left shot5)
11.295: (grasp right shot5)
11.317: (grasp right shot5)
11.317: (grasp left shot5)
11.318: (grasp right shot2)
11.318: (grasp left shot2)
11.381: (fill-shot shot5 ingredient2 left right dispenser2)
11.381: (fill-shot shot5 ingredient2 right left dispenser2)
11.672: (clean-shaker left right shaker1)
11.672: (leave right shot5)
11.672: (clean-shaker right left shaker1)
11.672: (leave left shot5)
11.745: (grasp right shot5)
11.745: (grasp right shot5)
11.745: (grasp left shot5)
11.745: (grasp left shot4)
11.745: (grasp left shot3)
11.745: (grasp right shot4)
11.745: (grasp right shot3)
11.745: (grasp left shot5)
11.764: (grasp right shot5)
11.764: (grasp right shot2)
11.764: (grasp left shot2)
11.765: (grasp left shot5)
11.789: (clean-shaker left right shaker1)
11.789: (clean-shaker right left shaker1)
11.789: (leave left shot5)
11.789: (leave right shot5)
11.903: (grasp left shot3)
11.903: (grasp left shot4)
11.903: (grasp right shot3)
11.903: (grasp right shot4)
11.954: (grasp right shot4)
11.954: (grasp left shot4)
11.954: (grasp right shot3)
11.954: (grasp left shot3)
11.955: (grasp left shot3)
11.955: (grasp right shot4)
11.955: (grasp left shot4)
11.955: (grasp right shot3)
11.973: (grasp right shot4)
11.973: (grasp left shot3)
11.973: (grasp right shot3)
11.973: (grasp left shot4)
11.974: (grasp left shot4)
11.974: (grasp right shot4)
11.974: (grasp left shot3)
11.974: (grasp right shot3)
12.069: (grasp right shot3)
12.069: (grasp left shot3)
12.069: (grasp left shot4)
12.069: (grasp right shot4)
12.071: (grasp left shot5)
12.071: (grasp right shot5)
12.071: (grasp right shot5)
12.071: (grasp left shot5)
12.098: (grasp right shot5)
12.098: (grasp left shot5)
12.098: (grasp left shot5)
12.098: (grasp right shot5)
12.099: (grasp left shot4)
12.099: (grasp right shot3)
12.099: (grasp right shot4)
12.099: (grasp left shot3)
12.102: (grasp right shot4)
12.102: (grasp right shot3)
12.102: (grasp left shot3)
12.102: (grasp left shot4)
12.111: (grasp left shot4)
12.111: (grasp right shot4)
12.112: (grasp right shot3)
12.112: (grasp left shot3)
12.175: (grasp right shot2)
12.175: (grasp left shot2)
12.175: (grasp right shot2)
12.175: (grasp left shot2)
12.177: (grasp left shot4)
12.177: (grasp right shot4)
12.177: (grasp right shot3)
12.177: (grasp left shot3)
12.196: (grasp left shot4)
12.196: (grasp left shot3)
7.740: (pour-shot-to-clean-shaker shot1 ingredient3 shaker1 left l0 l1)
7.740: (pour-shot-to-clean-shaker shot1 ingredient3 shaker1 right l0 l1)
7.886: (pour-shot-to-clean-shaker shot1 ingredient3 shaker1 left l0 l1)
7.886: (pour-shot-to-clean-shaker shot1 ingredient3 shaker1 right l0 l1)
7.888: (leave left shaker1)
7.888: (leave left shot5)
7.888: (leave right shaker1)
7.888: (leave right shot5)
7.908: (pour-shot-to-clean-shaker shot5 ingredient1 shaker1 right l0 l1)
7.908: (pour-shot-to-clean-shaker shot5 ingredient1 shaker1 left l0 l1)
7.908: (grasp left shot1)
7.909: (grasp right shot1)
7.967: (clean-shot shot5 ingredient1 right left)
7.967: (clean-shot shot5 ingredient1 left right)
8.015: (grasp left shot1)
8.015: (grasp right shot1)
8.034: (pour-shot-to-clean-shaker shot1 ingredient3 shaker1 right l0 l1)
8.034: (pour-shot-to-clean-shaker shot1 ingredient3 shaker1 left l0 l1)
8.759: (fill-shot shot1 ingredient1 left right dispenser1)
8.759: (fill-shot shot1 ingredient1 right left dispenser1)
8.810: (fill-shot shot1 ingredient1 left right dispenser1)
8.810: (fill-shot shot1 ingredient1 right left dispenser1)
8.824: (fill-shot shot1 ingredient1 right left dispenser1)
8.824: (fill-shot shot1 ingredient1 left right dispenser1)
8.873: (refill-shot shot5 ingredient1 left right dispenser1)
8.873: (refill-shot shot5 ingredient1 right left dispenser1)
8.968: (grasp right shot1)
8.968: (grasp left shot1)
8.969: (pour-shot-to-clean-shaker shot5 ingredient3 shaker1 left l0 l1)
8.969: (pour-shot-to-clean-shaker shot5 ingredient3 shaker1 right l0 l1)
8.970: (grasp left shot1)
8.970: (grasp right shot1)
8.991: (leave left shot5)
8.991: (leave right shot5)
8.991: (leave right shaker1)
8.991: (leave left shaker1)
9.064: (clean-shot shot5 ingredient3 left right)
9.064: (clean-shot shot5 ingredient3 right left)
9.435: (grasp left shot5)
9.435: (grasp right shot5)
9.573: (leave right shaker1)
9.573: (leave left shaker1)
9.573: (leave right shot1)
9.573: (leave left shot1)
9.600: (grasp right shot5)
9.600: (grasp left shot5)
9.641: (pour-shot-to-clean-shaker shot5 ingredient1 shaker1 left l0 l1)
9.641: (pour-shot-to-clean-shaker shot5 ingredient1 shaker1 right l0 l1)
9.641: (pour-shot-to-clean-shaker shot5 ingredient1 shaker1 right l0 l1)
9.641: (pour-shot-to-clean-shaker shot5 ingredient1 shaker1 left l0 l1)
9.642: (grasp right shot4)
9.642: (grasp right shot3)
9.642: (grasp left shot3)
9.642: (grasp left shot4)
9.693: (leave right shot1)
9.693: (leave left shot1)
9.700: (leave left shaker1)
9.700: (leave right shaker1)
9.700: (leave left shot1)
9.700: (leave right shot1)
9.701: (grasp right shot4)
9.701: (grasp right shot3)
9.701: (grasp left shot4)
9.701: (grasp left shot3)
9.705: (grasp right shot2)
9.705: (grasp left shot2)
9.721: (grasp left shot3)
9.721: (grasp right shot4)
9.721: (grasp left shot4)
9.721: (grasp right shot3)
9.736: (grasp right shaker1)
9.736: (grasp left shaker1)
9.740: (pour-shot-to-clean-shaker shot5 ingredient1 shaker1 right l0 l1)
9.740: (pour-shot-to-clean-shaker shot5 ingredient1 shaker1 left l0 l1)
9.740: (grasp left shot2)
9.740: (grasp right shot2)
9.743: (grasp left shot5)
9.743: (grasp right shot5)
9.752: (grasp left shot2)
9.752: (grasp right shot2)
9.757: (grasp right shot2)
9.757: (grasp left shot2)
9.767: (grasp left shot4)
9.767: (grasp left shot3)
9.767: (grasp right shot3)
9.767: (grasp right shot4)
9.771: (grasp right shot3)
9.771: (grasp left shot4)
9.771: (grasp left shot3)
9.771: (grasp right shot4)
9.783: (grasp right shot1)
9.783: (grasp left shot1)
9.783: (grasp right shaker1)
9.783: (grasp left shaker1)
9.788: (grasp right shaker1)
9.788: (grasp left shaker1)
9.788: (grasp left shot1)
9.788: (grasp right shot1)
9.797: (grasp right shot2)
9.797: (grasp left shot2)
10.013: (refill-shot shot5 ingredient3 left right dispenser3)
10.014: (refill-shot shot5 ingredient3 right left dispenser3)
10.062: (grasp right shot5)
10.062: (grasp left shot5)
10.431: (grasp right shot5)
10.431: (grasp left shot5)
10.534: (grasp left shot5)
10.534: (grasp right shot5)
10.568: (grasp left shot5)
10.568: (grasp right shot5)
10.617: (leave left shot1)
10.618: (leave right shot1)
10.670: (leave right shot1)
10.670: (leave left shot1)
10.697: (leave left shot5)
10.697: (leave right shot5)
10.697: (leave left shaker1)
10.697: (leave right shaker1)
10.704: (leave left shot5)
10.704: (leave right shot5)
10.709: (grasp left shot1)
10.709: (grasp right shot1)
10.709: (empty-shot left shot5 ingredient1)
10.709: (empty-shot right shot5 ingredient1)
10.753: (leave right shot1)
10.753: (leave left shot1)
10.761: (grasp right shot3)
10.761: (grasp left shot3)
10.761: (grasp left shot4)
10.761: (grasp right shot4)
10.766: (pour-shot-to-clean-shaker shot5 ingredient3 shaker1 right l0 l1)
10.766: (pour-shot-to-clean-shaker shot5 ingredient3 shaker1 left l0 l1)
10.766: (pour-shot-to-clean-shaker shot5 ingredient3 shaker1 left l0 l1)
10.766: (grasp left shot3)
10.766: (grasp right shot3)
10.766: (grasp right shot4)
10.766: (grasp left shot4)
10.766: (pour-shot-to-clean-shaker shot5 ingredient3 shaker1 right l0 l1)
10.790: (grasp right shot1)
10.790: (grasp left shot1)
10.790: (grasp right shot1)
10.790: (empty-shot right shot5 ingredient3)
10.790: (empty-shot left shot5 ingredient3)
10.790: (grasp left shot1)
10.798: (grasp left shot2)
10.798: (grasp right shot2)
10.806: (grasp left shot4)
10.806: (grasp left shot3)
10.806: (grasp right shot4)
10.806: (grasp right shot3)
10.807: (grasp left shot1)
10.807: (grasp right shot1)
10.814: (leave right shaker1)
10.814: (leave left shaker1)
10.814: (leave left shot5)
10.814: (leave right shot5)
10.833: (grasp right shot2)
10.833: (grasp left shot2)
10.834: (grasp left shaker1)
10.834: (grasp right shaker1)
10.837: (grasp right shot1)
10.837: (grasp left shot1)
10.841: (grasp left shot4)
10.841: (grasp left shot3)
10.841: (grasp right shot3)
10.841: (grasp right shot4)
10.852: (grasp right shot2)
10.852: (grasp left shot2)
10.855: (grasp right shot5)
10.855: (grasp left shot5)
10.858: (grasp right shot4)
10.858: (grasp right shot3)
10.858: (grasp left shot4)
10.858: (grasp left shot3)
10.865: (grasp right shaker1)
10.865: (grasp left shaker1)
10.883: (grasp left shaker1)
10.883: (grasp right shaker1)
10.961: (grasp left shot2)
10.961: (grasp right shot2)
10.966: (pour-shot-to-clean-shaker shot5 ingredient3 shaker1 left l0 l1)
10.966: (pour-shot-to-clean-shaker shot5 ingredient3 shaker1 right l0 l1)
10.966: (grasp right shot2)
10.966: (grasp left shot2)
11.116: (empty-shot right shot5 ingredient2)
11.116: (empty-shot left shot5 ingredient2)
11.435: (grasp right shot3)
11.435: (grasp right shot4)
11.435: (grasp left shot4)
11.435: (grasp left shot3)
11.455: (grasp left shot2)
11.455: (grasp right shot2)
11.506: (empty-shot left shot5 ingredient1)
11.506: (empty-shot right shot5 ingredient1)
11.506: (empty-shot right shot5 ingredient1)
11.506: (empty-shot left shot5 ingredient1)
11.506: (grasp right shot4)
11.506: (grasp right shot3)
11.507: (grasp left shot3)
11.507: (grasp left shot4)
6.675: (clean-shot shot1 ingredient3 right left)
6.675: (clean-shot shot1 ingredient3 left right)
6.819: (clean-shot shot1 ingredient3 right left)
6.819: (clean-shot shot1 ingredient3 left right)
6.865: (pour-shot-to-clean-shaker shot5 ingredient1 shaker1 left l0 l1)
6.865: (pour-shot-to-clean-shaker shot5 ingredient1 shaker1 right l0 l1)
6.941: (clean-shot shot1 ingredient3 left right)
6.941: (clean-shot shot1 ingredient3 right left)
6.977: (grasp right shot1)
6.977: (grasp left shot1)
6.977: (leave right shot5)
6.977: (leave right shaker1)
6.977: (leave left shot5)
6.978: (leave left shaker1)
7.208: (grasp right shot5)
7.208: (grasp left shot5)
7.209: (pour-shot-to-clean-shaker shot1 ingredient3 shaker1 right l0 l1)
7.209: (pour-shot-to-clean-shaker shot1 ingredient3 shaker1 left l0 l1)
7.494: (fill-shot shot5 ingredient3 left right dispenser3)
7.494: (fill-shot shot5 ingredient3 right left dispenser3)
7.776: (leave right shot5)
7.776: (leave left shot5)
7.862: (grasp right shot1)
7.862: (grasp left shot1)
7.869: (pour-shot-to-clean-shaker shot1 ingredient1 shaker1 right l0 l1)
7.869: (pour-shot-to-clean-shaker shot1 ingredient1 shaker1 left l0 l1)
7.887: (pour-shot-to-clean-shaker shot1 ingredient1 shaker1 right l0 l1)
7.887: (pour-shot-to-clean-shaker shot1 ingredient1 shaker1 left l0 l1)
7.888: (pour-shot-to-clean-shaker shot5 ingredient3 shaker1 left l0 l1)
7.889: (pour-shot-to-clean-shaker shot5 ingredient3 shaker1 right l0 l1)
7.918: (pour-shot-to-clean-shaker shot5 ingredient1 shaker1 right l0 l1)
7.919: (pour-shot-to-clean-shaker shot5 ingredient1 shaker1 left l0 l1)
7.934: (grasp right shot1)
7.934: (grasp left shot1)
7.936: (leave right shot5)
7.936: (leave left shot5)
7.966: (pour-shot-to-clean-shaker shot1 ingredient1 shaker1 right l0 l1)
7.967: (pour-shot-to-clean-shaker shot1 ingredient1 shaker1 left l0 l1)
7.999: (leave right shot5)
7.999: (grasp right shot1)
7.999: (leave left shaker1)
7.999: (grasp left shot1)
7.999: (leave left shot5)
7.999: (leave right shaker1)
8.075: (grasp right shot1)
8.075: (grasp left shot1)
8.075: (grasp left shot5)
8.075: (grasp right shot5)
8.075: (pour-shot-to-clean-shaker shot1 ingredient3 shaker1 right l0 l1)
8.075: (pour-shot-to-clean-shaker shot1 ingredient3 shaker1 left l0 l1)
8.212: (fill-shot shot5 ingredient1 left right dispenser1)
8.212: (fill-shot shot5 ingredient1 right left dispenser1)
8.471: (fill-shot shot5 ingredient2 left right dispenser2)
8.472: (fill-shot shot5 ingredient2 right left dispenser2)
8.548: (pour-shot-to-clean-shaker shot1 ingredient3 shaker1 right l0 l1)
8.548: (pour-shot-to-clean-shaker shot1 ingredient3 shaker1 right l0 l1)
8.548: (pour-shot-to-clean-shaker shot1 ingredient3 shaker1 left l0 l1)
8.548: (pour-shot-to-clean-shaker shot1 ingredient3 shaker1 left l0 l1)
8.548: (grasp left shot4)
8.548: (grasp right shot3)
8.548: (grasp left shot3)
8.548: (grasp right shot4)
8.682: (refill-shot shot1 ingredient3 left right dispenser3)
8.682: (refill-shot shot1 ingredient3 right left dispenser3)
8.689: (grasp left shot3)
8.689: (grasp right shot4)
8.689: (grasp right shot3)
8.689: (grasp left shot4)
8.689: (pour-shot-to-clean-shaker shot1 ingredient3 shaker1 left l0 l1)
8.689: (pour-shot-to-clean-shaker shot1 ingredient3 shaker1 right l0 l1)
8.689: (pour-shot-to-clean-shaker shot1 ingredient3 shaker1 right l0 l1)
8.689: (pour-shot-to-clean-shaker shot1 ingredient3 shaker1 left l0 l1)
8.715: (leave left shaker1)
8.715: (leave left shaker1)
8.715: (leave right shaker1)
8.715: (leave right shaker1)
8.716: (leave left shot5)
8.716: (leave right shot5)
8.716: (leave left shot5)
8.716: (leave right shot5)
8.716: (grasp right shot3)
8.716: (grasp right shot4)
8.716: (grasp left shot3)
8.716: (grasp left shot4)
8.718: (grasp right shaker1)
8.718: (grasp left shaker1)
8.718: (pour-shot-to-clean-shaker shot1 ingredient3 shaker1 right l0 l1)
8.718: (pour-shot-to-clean-shaker shot1 ingredient3 shaker1 left l0 l1)
8.731: (leave left shot1)
8.731: (leave right shot1)
8.735: (pour-shot-to-clean-shaker shot1 ingredient3 shaker1 right l0 l1)
8.735: (pour-shot-to-clean-shaker shot1 ingredient3 shaker1 left l0 l1)
8.735: (grasp left shot2)
8.735: (grasp right shot2)
8.776: (pour-shot-to-clean-shaker shot5 ingredient1 shaker1 left l0 l1)
8.776: (pour-shot-to-clean-shaker shot5 ingredient1 shaker1 right l0 l1)
8.796: (grasp left shot4)
8.796: (grasp left shot3)
8.796: (grasp right shot4)
8.796: (grasp right shot3)
8.810: (leave right shot5)
8.810: (leave left shot5)
8.811: (grasp right shot2)
8.811: (grasp left shot2)
8.811: (leave right shaker1)
8.811: (leave left shaker1)
8.830: (refill-shot shot1 ingredient3 right left dispenser3)
8.830: (refill-shot shot1 ingredient3 left right dispenser3)
8.836: (grasp left shot4)
8.836: (grasp left shot3)
8.836: (grasp right shot3)
8.836: (grasp right shot4)
8.837: (pour-shot-to-clean-shaker shot1 ingredient3 shaker1 left l0 l1)
8.837: (pour-shot-to-clean-shaker shot1 ingredient3 shaker1 right l0 l1)
8.837: (pour-shot-to-clean-shaker shot1 ingredient3 shaker1 left l0 l1)
8.837: (pour-shot-to-clean-shaker shot1 ingredient3 shaker1 right l0 l1)
8.864: (grasp right shaker1)
8.864: (pour-shot-to-clean-shaker shot1 ingredient3 shaker1 right l0 l1)
8.864: (pour-shot-to-clean-shaker shot1 ingredient3 shaker1 left l0 l1)
8.864: (grasp left shaker1)
8.875: (leave left shot5)
8.875: (leave right shot5)
8.875: (leave left shot1)
8.875: (leave right shot1)
8.880: (grasp left shot2)
8.880: (grasp right shot2)
8.880: (pour-shot-to-clean-shaker shot1 ingredient3 shaker1 left l0 l1)
8.880: (pour-shot-to-clean-shaker shot1 ingredient3 shaker1 right l0 l1)
8.890: (grasp left shot2)
8.890: (grasp right shot2)
8.953: (grasp left shaker1)
8.953: (grasp right shaker1)
8.995: (refill-shot shot1 ingredient3 right left dispenser3)
8.995: (refill-shot shot1 ingredient3 left right dispenser3)
9.003: (grasp left shaker1)
9.003: (grasp right shaker1)
9.003: (pour-shot-to-clean-shaker shot1 ingredient3 shaker1 left l0 l1)
9.003: (pour-shot-to-clean-shaker shot1 ingredient3 shaker1 right l0 l1)
9.014: (grasp right shot5)
9.014: (grasp left shot5)
9.014: (grasp right shot1)
9.014: (pour-shot-to-clean-shaker shot1 ingredient3 shaker1 left l0 l1)
9.014: (pour-shot-to-clean-shaker shot1 ingredient3 shaker1 right l0 l1)
9.014: (grasp left shot1)
9.024: (grasp left shot2)
9.024: (grasp right shot2)
9.024: (pour-shot-to-clean-shaker shot1 ingredient3 shaker1 right l0 l1)
9.024: (pour-shot-to-clean-shaker shot1 ingredient3 shaker1 left l0 l1)
9.027: (leave right shot1)
9.027: (leave left shot1)
9.027: (leave right shot5)
9.027: (leave left shot5)
9.088: (leave right shot1)
9.088: (leave right shaker1)
9.088: (leave left shaker1)
9.088: (grasp right shot5)
9.088: (grasp left shot5)
9.088: (leave left shot1)
9.456: (leave right shot1)
9.456: (leave left shot1)
9.457: (grasp left shot5)
9.457: (grasp right shot5)
9.458: (leave right shaker1)
9.458: (leave left shaker1)
9.462: (grasp right shot5)
9.462: (grasp left shot5)
9.606: (grasp right shot5)
9.606: (grasp left shot5)
9.662: (empty-shot right shot5 ingredient1)
9.662: (empty-shot left shot5 ingredient1)
9.671: (leave right shot1)
9.671: (leave left shot1)
9.707: (grasp left shot4)
9.707: (grasp left shot3)
9.707: (grasp right shot3)
9.707: (grasp right shot4)
9.713: (empty-shot right shot5 ingredient3)
9.713: (empty-shot left shot5 ingredient3)
9.717: (grasp left shot2)
9.717: (grasp right shot2)
9.725: (grasp right shot4)
9.725: (grasp right shot3)
9.725: (grasp left shot3)
9.725: (grasp left shot4)
9.742: (grasp right shaker1)
9.742: (grasp left shaker1)
9.750: (grasp left shot5)
9.750: (grasp right shot5)
9.759: (leave right shot1)
9.759: (leave left shot1)
9.770: (grasp left shot2)
9.770: (grasp right shot2)
9.777: (grasp left shot3)
9.777: (grasp left shot4)
9.777: (grasp right shot3)
9.777: (grasp right shot4)
9.779: (leave right shot1)
9.779: (leave left shot1)
9.786: (grasp left shot2)
9.786: (grasp right shot2)
4.392: (pour-shot-to-used-shaker shot5 ingredient1 shaker1 right l1 l2)
4.392: (pour-shot-to-used-shaker shot5 ingredient1 shaker1 left l1 l2)
4.392: (pour-shot-to-used-shaker shot1 ingredient3 shaker1 left l1 l2)
4.392: (pour-shot-to-used-shaker shot1 ingredient3 shaker1 right l1 l2)
5.183: (pour-shot-to-used-shaker shot5 ingredient1 shaker1 right l1 l2)
5.183: (pour-shot-to-used-shaker shot5 ingredient1 shaker1 left l1 l2)
5.237: (pour-shot-to-used-shaker shot5 ingredient3 shaker1 left l1 l2)
5.237: (pour-shot-to-used-shaker shot5 ingredient3 shaker1 right l1 l2)
5.591: (fill-shot shot1 ingredient1 left right dispenser1)
5.591: (fill-shot shot1 ingredient1 right left dispenser1)
5.620: (fill-shot shot1 ingredient1 left right dispenser1)
5.620: (fill-shot shot1 ingredient1 right left dispenser1)
5.731: (fill-shot shot1 ingredient1 right left dispenser1)
5.731: (fill-shot shot1 ingredient1 left right dispenser1)
5.934: (refill-shot shot1 ingredient3 left right dispenser3)
5.934: (refill-shot shot1 ingredient3 right left dispenser3)
5.934: (leave right shot5)
5.934: (leave left shot5)
6.151: (grasp right shot5)
6.151: (grasp left shot5)
6.672: (pour-shot-to-clean-shaker shot5 ingredient3 shaker1 left l0 l1)
6.672: (pour-shot-to-clean-shaker shot5 ingredient3 shaker1 right l0 l1)
6.855: (grasp right shot1)
6.855: (grasp left shot1)
6.855: (leave left shot5)
6.855: (leave right shot5)
6.883: (clean-shot shot1 ingredient1 left right)
6.883: (clean-shot shot1 ingredient1 right left)
6.904: (clean-shot shot1 ingredient3 left right)
6.904: (clean-shot shot1 ingredient3 right left)
6.904: (leave right shot5)
6.904: (leave left shot5)
6.910: (clean-shot shot1 ingredient1 right left)
6.910: (clean-shot shot1 ingredient1 left right)
6.978: (grasp left shot1)
6.978: (grasp right shot1)
6.978: (leave right shot5)
6.978: (leave left shot5)
6.986: (leave left shot5)
6.986: (leave right shot5)
6.986: (clean-shot shot1 ingredient3 left right)
6.986: (clean-shot shot1 ingredient3 right left)
6.992: (clean-shot shot1 ingredient1 right left)
6.992: (clean-shot shot1 ingredient1 left right)
7.007: (grasp right shot5)
7.007: (grasp left shot5)
7.475: (grasp left shot3)
7.475: (grasp left shot4)
7.475: (grasp right shot4)
7.475: (grasp right shot3)
7.613: (grasp right shot4)
7.613: (grasp right shot3)
7.613: (grasp left shot4)
7.613: (grasp left shot3)
7.633: (grasp right shot1)
7.633: (grasp left shot1)
7.658: (grasp right shaker1)
7.658: (grasp left shaker1)
7.686: (grasp left shot2)
7.686: (grasp right shot2)
7.687: (leave left shot1)
7.687: (leave right shot1)
7.734: (grasp left shot4)
7.734: (grasp left shot3)
7.734: (grasp right shot4)
7.734: (grasp right shot3)
7.774: (leave left shot5)
7.774: (leave right shot5)
7.783: (pour-shot-to-clean-shaker shot1 ingredient3 shaker1 right l0 l1)
7.783: (pour-shot-to-clean-shaker shot1 ingredient3 shaker1 left l0 l1)
7.784: (empty-shot right shot5 ingredient1)
7.784: (empty-shot left shot5 ingredient1)
7.792: (pour-shot-to-clean-shaker shot5 ingredient1 shaker1 left l0 l1)
7.792: (pour-shot-to-clean-shaker shot5 ingredient1 shaker1 right l0 l1)
7.792: (leave left shaker1)
7.792: (leave right shaker1)
7.793: (leave left shot1)
7.793: (leave right shot1)
7.801: (grasp right shaker1)
7.801: (grasp left shaker1)
7.807: (leave left shot5)
7.807: (leave right shot5)
7.828: (grasp left shot2)
7.828: (grasp right shot2)
7.834: (leave right shot1)
7.834: (leave left shot1)
7.858: (leave right shot5)
7.858: (leave left shot5)
7.862: (grasp left shot1)
7.862: (grasp right shot1)
7.914: (grasp left shaker1)
7.914: (grasp right shaker1)
7.930: (grasp right shot5)
7.930: (grasp left shot5)
7.944: (grasp left shot2)
7.944: (grasp right shot2)
7.944: (grasp right shot1)
7.944: (grasp left shot1)
7.950: (grasp left shot1)
7.950: (grasp right shot1)
7.950: (grasp right shot1)
7.950: (grasp left shot1)
7.950: (grasp left shot4)
7.950: (grasp right shot4)
7.950: (grasp right shot3)
7.950: (grasp left shot3)
7.950: (leave right shot1)
7.951: (leave left shot1)
7.952: (grasp left shot2)
7.952: (grasp right shot2)
7.972: (empty-shot left shot5 ingredient3)
7.972: (empty-shot right shot5 ingredient3)
8.160: (grasp right shot5)
8.160: (grasp left shot5)
8.198: (empty-shot right shot5 ingredient2)
8.198: (empty-shot left shot5 ingredient2)
8.318: (grasp left shot3)
8.318: (grasp left shot4)
8.318: (grasp right shot3)
8.318: (grasp right shot4)
8.415: (grasp left shot2)
8.415: (grasp right shot2)
8.479: (grasp right shaker1)
8.479: (grasp left shaker1)
8.504: (fill-shot shot1 ingredient2 left right dispenser2)
8.504: (fill-shot shot1 ingredient2 right left dispenser2)
8.522: (grasp right shot5)
8.522: (grasp left shot5)
8.523: (pour-shot-to-clean-shaker shot1 ingredient1 shaker1 left l0 l1)
8.523: (pour-shot-to-clean-shaker shot1 ingredient1 shaker1 right l0 l1)
8.606: (grasp left shot3)
8.606: (grasp left shot4)
8.606: (grasp right shot4)
8.606: (grasp right shot3)
8.607: (leave left shot5)
8.607: (leave left shot5)
8.607: (leave right shot5)
8.607: (leave right shot5)
8.609: (refill-shot shot1 ingredient1 right left dispenser1)
8.609: (refill-shot shot1 ingredient1 left right dispenser1)
8.642: (fill-shot shot1 ingredient2 left right dispenser2)
8.642: (fill-shot shot1 ingredient2 right left dispenser2)
8.690: (leave left shot1)
8.690: (leave right shot1)
8.698: (leave left shot5)
8.698: (leave right shot5)
8.698: (grasp left shot2)
8.698: (grasp right shot2)
8.727: (fill-shot shot1 ingredient2 left right dispenser2)
8.727: (fill-shot shot1 ingredient2 right left dispenser2)
8.733: (refill-shot shot1 ingredient1 left right dispenser1)
8.733: (refill-shot shot1 ingredient1 right left dispenser1)
8.756: (leave left shot5)
8.756: (leave right shot5)
8.762: (leave right shot5)
8.763: (leave left shot5)
8.763: (grasp left shaker1)
8.763: (grasp right shaker1)
8.764: (leave left shot5)
8.764: (leave right shot5)
8.764: (leave right shot5)
8.764: (leave left shot5)
8.764: (leave left shot5)
8.764: (leave right shot5)
8.765: (leave left shot1)
8.765: (leave right shot1)
8.765: (grasp left shot3)
8.765: (grasp left shot4)
8.765: (grasp right shot3)
8.765: (grasp right shot4)
8.779: (empty-shot right shot5 ingredient1)
8.779: (empty-shot left shot5 ingredient1)
8.801: (grasp right shot4)
8.801: (grasp right shot3)
8.802: (grasp left shot4)
8.802: (grasp left shot3)
8.806: (refill-shot shot1 ingredient1 right left dispenser1)
8.806: (refill-shot shot1 ingredient1 left right dispenser1)
8.809: (leave left shot1)
8.809: (leave right shot1)
8.840: (grasp right shot2)
8.840: (grasp left shot2)
8.841: (pour-shot-to-clean-shaker shot1 ingredient1 shaker1 right l0 l1)
8.842: (pour-shot-to-clean-shaker shot1 ingredient1 shaker1 left l0 l1)
8.843: (grasp right shot4)
8.843: (grasp right shot3)
8.843: (grasp left shot3)
8.843: (grasp left shot4)
8.845: (pour-shot-to-clean-shaker shot1 ingredient1 shaker1 right l0 l1)
8.845: (pour-shot-to-clean-shaker shot1 ingredient1 shaker1 right l0 l1)
8.845: (pour-shot-to-clean-shaker shot1 ingredient1 shaker1 left l0 l1)
8.845: (pour-shot-to-clean-shaker shot1 ingredient1 shaker1 left l0 l1)
8.858: (grasp right shot2)
8.858: (grasp left shot2)
8.861: (grasp right shot2)
8.861: (grasp left shot2)
8.861: (pour-shot-to-clean-shaker shot1 ingredient1 shaker1 right l0 l1)
8.862: (pour-shot-to-clean-shaker shot1 ingredient1 shaker1 left l0 l1)
8.864: (pour-shot-to-clean-shaker shot1 ingredient1 shaker1 left l0 l1)
8.864: (grasp right shot4)
2.331: (pour-shot-to-used-shaker shot5 ingredient1 shaker1 right l1 l2)
2.331: (pour-shot-to-used-shaker shot5 ingredient1 shaker1 left l1 l2)
3.588: (leave right shot5)
3.588: (leave left shot5)
3.588: (pour-shot-to-used-shaker shot1 ingredient3 shaker1 right l1 l2)
3.588: (pour-shot-to-used-shaker shot1 ingredient3 shaker1 left l1 l2)
3.617: (pour-shot-to-used-shaker shot1 ingredient1 shaker1 left l1 l2)
3.617: (pour-shot-to-used-shaker shot1 ingredient1 shaker1 right l1 l2)
3.626: (pour-shot-to-used-shaker shot1 ingredient1 shaker1 left l1 l2)
3.626: (pour-shot-to-used-shaker shot1 ingredient1 shaker1 right l1 l2)
3.702: (pour-shot-to-used-shaker shot1 ingredient1 shaker1 left l1 l2)
3.702: (pour-shot-to-used-shaker shot1 ingredient1 shaker1 right l1 l2)
4.387: (leave right shot5)
4.387: (leave left shot5)
4.426: (leave left shot5)
4.426: (leave right shot5)
4.436: (pour-shot-to-used-shaker shot5 ingredient3 shaker1 right l1 l2)
4.436: (pour-shot-to-used-shaker shot5 ingredient3 shaker1 left l1 l2)
4.437: (grasp left shot1)
4.437: (grasp right shot1)
4.438: (pour-shot-to-used-shaker shot1 ingredient1 shaker1 right l1 l2)
4.438: (pour-shot-to-used-shaker shot5 ingredient3 shaker1 right l1 l2)
4.438: (pour-shot-to-used-shaker shot1 ingredient1 shaker1 left l1 l2)
4.438: (pour-shot-to-used-shaker shot5 ingredient3 shaker1 left l1 l2)
4.970: (clean-shot shot5 ingredient3 right left)
4.970: (clean-shot shot5 ingredient1 right left)
4.971: (clean-shot shot5 ingredient1 left right)
4.971: (clean-shot shot5 ingredient3 left right)
5.180: (refill-shot shot5 ingredient1 right left dispenser1)
5.180: (refill-shot shot5 ingredient1 left right dispenser1)
5.261: (refill-shot shot5 ingredient3 left right dispenser3)
5.261: (refill-shot shot5 ingredient3 right left dispenser3)
5.321: (grasp right shot5)
5.321: (grasp left shot5)
5.366: (pour-shot-to-used-shaker shot5 ingredient1 shaker1 left l1 l2)
5.366: (pour-shot-to-used-shaker shot5 ingredient1 shaker1 right l1 l2)
5.479: (grasp left shaker1)
5.479: (grasp right shaker1)
5.535: (pour-shot-to-used-shaker shot5 ingredient3 shaker1 right l1 l2)
5.535: (pour-shot-to-used-shaker shot5 ingredient3 shaker1 left l1 l2)
5.535: (grasp left shaker1)
5.535: (grasp right shaker1)
5.700: (leave left shot5)
5.700: (leave right shot5)
5.700: (fill-shot shot1 ingredient1 right left dispenser1)
5.700: (fill-shot shot1 ingredient1 left right dispenser1)
5.779: (grasp left shot5)
5.779: (grasp right shot5)
5.804: (refill-shot shot1 ingredient3 left right dispenser3)
5.804: (fill-shot shot1 ingredient3 left right dispenser3)
5.804: (fill-shot shot1 ingredient3 right left dispenser3)
5.804: (refill-shot shot1 ingredient3 right left dispenser3)
5.844: (fill-shot shot1 ingredient3 right left dispenser3)
5.844: (fill-shot shot1 ingredient3 left right dispenser3)
5.933: (refill-shot shot1 ingredient3 right left dispenser3)
5.933: (refill-shot shot1 ingredient3 left right dispenser3)
5.933: (fill-shot shot1 ingredient3 right left dispenser3)
5.934: (fill-shot shot1 ingredient3 left right dispenser3)
6.069: (grasp right shot3)
6.069: (grasp right shot4)
6.069: (grasp left shot4)
6.069: (grasp left shot3)
6.122: (grasp left shot3)
6.122: (grasp right shot3)
6.122: (grasp right shot4)
6.122: (grasp left shot4)
6.122: (pour-shot-to-used-shaker shot5 ingredient3 shaker1 left l1 l2)
6.122: (pour-shot-to-used-shaker shot5 ingredient3 shaker1 right l1 l2)
6.122: (pour-shot-to-used-shaker shot5 ingredient3 shaker1 right l1 l2)
6.122: (pour-shot-to-used-shaker shot5 ingredient3 shaker1 left l1 l2)
6.134: (grasp left shot2)
6.134: (grasp right shot2)
6.192: (pour-shot-to-used-shaker shot5 ingredient3 shaker1 left l1 l2)
6.192: (pour-shot-to-used-shaker shot5 ingredient3 shaker1 right l1 l2)
6.193: (grasp right shot2)
6.193: (grasp left shot2)
6.417: (grasp right shot3)
6.417: (grasp right shot4)
6.417: (grasp left shot4)
6.417: (grasp left shot3)
6.448: (grasp left shot3)
6.448: (grasp left shot4)
6.448: (grasp right shot3)
6.448: (grasp right shot4)
6.556: (grasp left shot4)
6.556: (grasp left shot3)
6.556: (grasp right shot3)
6.557: (grasp right shot4)
6.572: (grasp right shaker1)
6.572: (grasp left shaker1)
6.581: (grasp left shot2)
6.581: (grasp right shot2)
6.601: (grasp right shaker1)
6.602: (grasp left shaker1)
6.611: (grasp right shot2)
6.611: (grasp left shot2)
6.648: (empty-shot left shot1 ingredient1)
6.648: (empty-shot right shot1 ingredient1)
6.700: (empty-shot right shot1 ingredient1)
6.700: (empty-shot left shot1 ingredient1)
6.704: (grasp right shaker1)
6.704: (grasp left shaker1)
6.706: (grasp right shot5)
6.706: (grasp left shot5)
6.722: (grasp left shot2)
6.722: (grasp right shot2)
6.724: (empty-shot right shot5 ingredient1)
6.724: (empty-shot left shot5 ingredient1)
6.791: (empty-shot left shot1 ingredient1)
6.791: (empty-shot right shot1 ingredient1)
6.816: (leave left shot1)
6.816: (leave right shot1)
6.877: (leave right shot1)
6.877: (leave left shot1)
6.877: (leave left shot5)
6.877: (leave right shot5)
6.878: (leave left shaker1)
6.878: (leave right shaker1)
6.889: (leave left shot1)
6.889: (leave right shot1)
6.903: (grasp left shot2)
6.903: (grasp right shot2)
6.906: (grasp right shot4)
6.906: (grasp right shot3)
6.906: (grasp left shot4)
6.906: (grasp left shot3)
6.944: (leave left shot5)
6.944: (leave right shot5)
6.945: (grasp right shot1)
6.945: (grasp left shot1)
6.948: (leave right shot1)
6.948: (leave left shot1)
6.953: (grasp right shot1)
6.953: (grasp left shot1)
6.954: (leave right shot5)
6.954: (leave left shot5)
6.956: (clean-shot shot5 ingredient1 left right)
6.956: (clean-shot shot5 ingredient1 right left)
6.971: (grasp left shaker1)
6.971: (grasp right shaker1)
6.972: (grasp left shot1)
6.972: (grasp right shot1)
7.177: (grasp left shot5)
7.177: (leave right shot1)
7.177: (leave left shot1)
7.177: (grasp right shot5)
7.411: (leave right shot5)
7.411: (leave left shot5)
7.490: (empty-shot left shot1 ingredient2)
7.490: (empty-shot right shot1 ingredient2)
7.524: (grasp right shot5)
7.524: (grasp left shot5)
7.577: (leave left shot1)
7.577: (leave right shot1)
7.580: (empty-shot right shot1 ingredient2)
7.580: (empty-shot left shot1 ingredient2)
7.665: (empty-shot right shot1 ingredient2)
7.666: (empty-shot left shot1 ingredient2)
7.698: (grasp left shot4)
7.698: (grasp left shot3)
7.698: (grasp right shot3)
7.698: (grasp right shot4)
7.727: (leave right shot1)
7.727: (leave left shot1)
7.734: (empty-shot right shot1 ingredient1)
7.734: (empty-shot left shot1 ingredient1)
7.782: (grasp right shot1)
7.782: (grasp left shot1)
7.783: (empty-shot right shot5 ingredient2)
7.783: (empty-shot left shot5 ingredient2)
7.821: (grasp left shot2)
7.821: (grasp right shot2)
7.821: (grasp left shot1)
7.821: (grasp right shot1)
7.828: (grasp right shot1)
7.828: (grasp left shot1)
7.828: (grasp left shot1)
7.828: (grasp right shot1)
7.828: (grasp right shot3)
7.828: (grasp right shot4)
7.829: (grasp left shot3)
7.829: (grasp left shot4)
7.834: (leave right shot1)
7.834: (leave left shot1)
7.835: (leave right shot5)
7.835: (leave left shot5)
7.837: (empty-shot right shot5 ingredient3)
7.837: (empty-shot left shot5 ingredient3)
7.838: (grasp right shot1)
7.838: (grasp left shot1)
7.846: (leave left shot5)
7.846: (leave right shot5)
7.846: (pour-shot-to-clean-shaker shot1 ingredient3 shaker1 right l0 l1)
7.846: (pour-shot-to-clean-shaker shot1 ingredient3 shaker1 left l0 l1)
7.859: (grasp right shot2)
7.859: (grasp left shot2)
7.861: (refill-shot shot5 ingredient1 left right dispenser1)
7.861: (refill-shot shot5 ingredient1 right left dispenser1)
7.861: (grasp right shot4)
7.861: (grasp right shot3)
1.408: (pour-shot-to-used-shaker shot5 ingredient1 shaker1 left l1 l2)
1.408: (pour-shot-to-used-shaker shot5 ingredient1 shaker1 right l1 l2)
1.408: (leave left shot1)
1.408: (leave right shot1)
1.536: (clean-shot shot1 ingredient1 left right)
1.536: (clean-shot shot1 ingredient1 right left)
1.544: (leave left shot5)
1.544: (clean-shot shot1 ingredient3 right left)
1.544: (leave right shot5)
1.544: (clean-shot shot1 ingredient3 left right)
1.549: (clean-shot shot1 ingredient1 right left)
1.549: (clean-shot shot1 ingredient1 left right)
1.579: (clean-shot shot1 ingredient1 right left)
1.579: (clean-shot shot1 ingredient1 left right)
2.374: (pour-shot-to-used-shaker shot5 ingredient3 shaker1 left l1 l2)
2.374: (pour-shot-to-used-shaker shot5 ingredient3 shaker1 right l1 l2)
3.582: (pour-shot-to-used-shaker shot1 ingredient3 shaker1 left l1 l2)
3.582: (pour-shot-to-used-shaker shot1 ingredient3 shaker1 right l1 l2)
3.618: (leave right shot5)
3.618: (grasp left shot1)
3.618: (leave left shot5)
3.618: (grasp right shot1)
3.623: (leave right shot5)
3.623: (leave left shot5)
3.623: (pour-shot-to-used-shaker shot1 ingredient1 shaker1 left l1 l2)
3.623: (pour-shot-to-used-shaker shot1 ingredient1 shaker1 right l1 l2)
3.626: (pour-shot-to-used-shaker shot1 ingredient3 shaker1 left l1 l2)
3.626: (pour-shot-to-used-shaker shot1 ingredient3 shaker1 right l1 l2)
3.707: (pour-shot-to-used-shaker shot1 ingredient3 shaker1 left l1 l2)
3.707: (pour-shot-to-used-shaker shot1 ingredient3 shaker1 right l1 l2)
3.873: (grasp right shaker1)
3.873: (pour-shot-to-used-shaker shot1 ingredient3 shaker1 right l1 l2)
3.873: (pour-shot-to-used-shaker shot1 ingredient3 shaker1 left l1 l2)
3.873: (grasp left shaker1)
3.905: (grasp left shaker1)
3.905: (grasp right shaker1)
3.905: (pour-shot-to-used-shaker shot1 ingredient1 shaker1 right l1 l2)
3.905: (pour-shot-to-used-shaker shot1 ingredient1 shaker1 left l1 l2)
3.913: (grasp left shaker1)
3.913: (grasp right shaker1)
3.914: (pour-shot-to-used-shaker shot1 ingredient1 shaker1 right l1 l2)
3.914: (pour-shot-to-used-shaker shot1 ingredient1 shaker1 left l1 l2)
4.021: (grasp left shaker1)
4.021: (grasp right shaker1)
4.021: (pour-shot-to-used-shaker shot1 ingredient1 shaker1 right l1 l2)
4.022: (pour-shot-to-used-shaker shot1 ingredient1 shaker1 left l1 l2)
4.178: (pour-shot-to-used-shaker shot1 ingredient1 shaker1 left l1 l2)
4.178: (pour-shot-to-used-shaker shot1 ingredient1 shaker1 right l1 l2)
4.178: (grasp right shot5)
4.178: (grasp left shot5)
4.188: (grasp right shot1)
4.189: (grasp left shot1)
4.380: (leave right shot5)
4.380: (leave left shot5)
4.390: (grasp right shot1)
4.390: (grasp left shot1)
4.436: (leave right shot5)
4.436: (leave left shot5)
4.441: (pour-shot-to-used-shaker shot1 ingredient1 shaker1 left l1 l2)
4.441: (pour-shot-to-used-shaker shot1 ingredient1 shaker1 right l1 l2)
4.441: (grasp right shot5)
4.441: (grasp left shot5)
4.448: (pour-shot-to-used-shaker shot1 ingredient1 shaker1 right l1 l2)
4.448: (pour-shot-to-used-shaker shot1 ingredient1 shaker1 left l1 l2)
4.448: (grasp right shot5)
4.448: (grasp left shot5)
4.459: (grasp left shot1)
4.459: (grasp right shot1)
4.467: (leave right shot1)
4.467: (leave left shot1)
4.468: (leave left shot1)
4.468: (leave right shot1)
4.470: (grasp left shot4)
4.470: (grasp left shot3)
4.470: (grasp right shot4)
4.470: (grasp right shot3)
4.470: (pour-shot-to-used-shaker shot1 ingredient3 shaker1 left l1 l2)
4.470: (pour-shot-to-used-shaker shot1 ingredient3 shaker1 left l1 l2)
4.470: (pour-shot-to-used-shaker shot1 ingredient3 shaker1 right l1 l2)
4.471: (pour-shot-to-used-shaker shot1 ingredient3 shaker1 right l1 l2)
4.492: (leave right shot5)
4.492: (leave left shot5)
4.493: (pour-shot-to-used-shaker shot1 ingredient1 shaker1 right l1 l2)
4.493: (pour-shot-to-used-shaker shot1 ingredient1 shaker1 left l1 l2)
4.493: (pour-shot-to-used-shaker shot1 ingredient1 shaker1 left l1 l2)
4.493: (pour-shot-to-used-shaker shot1 ingredient1 shaker1 right l1 l2)
4.493: (grasp left shot4)
4.493: (grasp left shot3)
4.493: (grasp right shot3)
4.493: (grasp right shot4)
4.502: (pour-shot-to-used-shaker shot1 ingredient1 shaker1 right l1 l2)
4.502: (pour-shot-to-used-shaker shot1 ingredient1 shaker1 right l1 l2)
4.502: (pour-shot-to-used-shaker shot1 ingredient1 shaker1 left l1 l2)
4.502: (pour-shot-to-used-shaker shot1 ingredient1 shaker1 left l1 l2)
4.503: (grasp left shot4)
4.503: (grasp left shot3)
4.503: (grasp right shot4)
4.503: (grasp right shot3)
4.522: (grasp left shot2)
4.522: (grasp right shot2)
4.522: (pour-shot-to-used-shaker shot1 ingredient3 shaker1 left l1 l2)
4.522: (pour-shot-to-used-shaker shot1 ingredient3 shaker1 right l1 l2)
4.527: (leave right shot1)
4.527: (leave left shot1)
4.540: (grasp right shot2)
4.540: (grasp left shot2)
4.541: (pour-shot-to-used-shaker shot1 ingredient1 shaker1 right l1 l2)
4.541: (pour-shot-to-used-shaker shot1 ingredient1 shaker1 left l1 l2)
4.549: (grasp left shot2)
4.549: (grasp right shot2)
4.550: (pour-shot-to-used-shaker shot1 ingredient1 shaker1 right l1 l2)
4.550: (pour-shot-to-used-shaker shot1 ingredient1 shaker1 left l1 l2)
4.552: (refill-shot shot1 ingredient3 left right dispenser3)
4.552: (refill-shot shot1 ingredient3 right left dispenser3)
4.553: (leave right shot5)
4.553: (leave left shot5)
4.571: (refill-shot shot1 ingredient1 left right dispenser1)
4.571: (refill-shot shot1 ingredient1 right left dispenser1)
4.572: (refill-shot shot1 ingredient1 right left dispenser1)
4.572: (refill-shot shot1 ingredient1 left right dispenser1)
4.665: (leave left shot5)
4.665: (leave right shot5)
4.666: (grasp left shaker1)
4.666: (grasp right shaker1)
4.706: (leave left shot5)
4.706: (leave right shot5)
4.706: (grasp right shaker1)
4.706: (grasp left shaker1)
4.709: (pour-shot-to-used-shaker shot1 ingredient1 shaker1 right l1 l2)
4.709: (pour-shot-to-used-shaker shot1 ingredient1 shaker1 left l1 l2)
4.709: (pour-shot-to-used-shaker shot1 ingredient1 shaker1 right l1 l2)
4.709: (pour-shot-to-used-shaker shot1 ingredient1 shaker1 left l1 l2)
4.710: (grasp left shot3)
4.710: (grasp left shot4)
4.710: (grasp right shot3)
4.710: (grasp right shot4)
4.730: (grasp right shot2)
4.730: (grasp left shot2)
4.730: (pour-shot-to-used-shaker shot1 ingredient1 shaker1 right l1 l2)
4.730: (pour-shot-to-used-shaker shot1 ingredient1 shaker1 left l1 l2)
4.937: (refill-shot shot1 ingredient1 left right dispenser1)
4.937: (refill-shot shot1 ingredient1 right left dispenser1)
5.025: (fill-shot shot5 ingredient2 right left dispenser2)
5.025: (fill-shot shot5 ingredient2 left right dispenser2)
5.255: (leave left shot5)
5.255: (leave right shot5)
5.255: (leave right shot5)
5.255: (grasp left shot4)
5.255: (grasp left shot3)
5.255: (grasp right shot4)
5.255: (grasp right shot3)
5.255: (leave left shot5)
5.272: (leave left shot1)
5.272: (leave right shot1)
5.292: (grasp right shot4)
5.292: (grasp right shot3)
5.292: (grasp left shot3)
5.292: (grasp left shot4)
5.292: (leave left shot5)
5.292: (leave left shot5)
5.292: (leave right shot5)
5.292: (leave right shot5)
5.319: (grasp left shot2)
5.319: (grasp right shot2)
5.319: (leave left shot5)
5.319: (leave right shot5)
5.346: (grasp left shaker1)
5.347: (grasp right shaker1)
5.362: (grasp right shot2)
5.362: (grasp left shot2)
5.362: (leave left shot5)
5.362: (leave right shot5)
5.391: (pour-shot-to-used-shaker shot5 ingredient1 shaker1 right l1 l2)
5.391: (pour-shot-to-used-shaker shot5 ingredient1 shaker1 left l1 l2)
5.473: (grasp left shaker1)
5.473: (grasp right shaker1)
5.559: (grasp right shaker1)
5.559: (grasp left shaker1)
5.729: (empty-shot left shot5 ingredient1)
5.729: (empty-shot right shot5 ingredient1)
5.932: (refill-shot shot1 ingredient3 right left dispenser3)
5.932: (refill-shot shot1 ingredient3 left right dispenser3)
5.973: (grasp right shot4)
5.973: (grasp right shot3)
5.973: (grasp left shot4)
5.973: (grasp left shot3)
6.007: (grasp right shot2)
6.008: (grasp left shot2)
6.069: (grasp right shot4)
6.069: (grasp left shot4)
6.069: (grasp left shot3)
6.069: (grasp right shot3)
6.132: (grasp right shot2)
6.132: (grasp left shot2)
6.146: (grasp left shot4)
6.146: (grasp left shot3)
6.146: (grasp right shot4)
6.146: (grasp right shot3)
6.185: (leave left shot1)
6.185: (leave right shot1)
0.614: (leave left shot1)
0.614: (leave right shot1)
0.621: (leave left shot5)
0.621: (leave right shot5)
0.621: (leave left shot1)
0.621: (leave right shot1)
0.637: (leave right shot1)
0.637: (leave left shot1)
0.656: (leave right shot1)
0.656: (leave left shot1)
0.868: (clean-shot shot5 ingredient1 left right)
0.868: (clean-shot shot5 ingredient1 right left)
1.403: (refill-shot shot5 ingredient1 right left dispenser1)
1.403: (refill-shot shot5 ingredient1 left right dispenser1)
1.450: (leave left shot1)
1.450: (leave right shot1)
1.577: (leave right shot5)
1.577: (leave left shot5)
1.577: (clean-shot shot1 ingredient3 left right)
1.577: (clean-shot shot1 ingredient3 right left)
1.577: (clean-shot shot1 ingredient1 right left)
1.577: (clean-shot shot1 ingredient1 left right)
1.674: (grasp right shaker1)
1.674: (grasp left shaker1)
1.766: (grasp left shot5)
1.766: (grasp right shot5)
1.801: (grasp left shaker1)
1.801: (grasp right shaker1)
1.812: (grasp left shaker1)
1.812: (grasp right shaker1)
1.813: (grasp left shaker1)
1.813: (grasp right shaker1)
1.846: (grasp left shaker1)
1.847: (grasp right shaker1)
2.295: (grasp left shot3)
2.295: (grasp right shot3)
2.295: (grasp right shot4)
2.295: (grasp left shot4)
2.324: (grasp right shot5)
2.324: (grasp left shot5)
2.328: (grasp left shot2)
2.328: (grasp right shot2)
2.381: (grasp right shot5)
2.381: (grasp left shot5)
2.394: (grasp right shot4)
2.394: (grasp left shot3)
2.394: (grasp right shot3)
2.394: (grasp left shot4)
2.398: (grasp left shot4)
2.398: (grasp left shot3)
2.398: (grasp right shot3)
2.398: (grasp right shot4)
2.405: (grasp right shot3)
2.405: (grasp left shot4)
2.405: (grasp left shot3)
2.405: (grasp right shot4)
2.438: (grasp right shot4)
2.438: (grasp left shot4)
2.438: (grasp left shot3)
2.438: (grasp right shot3)
2.450: (grasp left shot2)
2.450: (grasp right shot2)
2.455: (grasp left shot2)
2.455: (grasp right shot2)
2.458: (grasp right shot2)
2.458: (grasp left shot2)
2.495: (grasp right shot2)
2.495: (grasp left shot2)
3.429: (pour-shot-to-used-shaker shot1 ingredient3 shaker1 left l1 l2)
3.429: (pour-shot-to-used-shaker shot1 ingredient3 shaker1 right l1 l2)
3.864: (grasp right shaker1)
3.864: (grasp left shaker1)
3.905: (grasp left shot1)
3.905: (grasp right shot1)
3.906: (grasp left shaker1)
3.906: (grasp right shaker1)
3.912: (grasp right shaker1)
3.912: (grasp left shaker1)
3.913: (grasp left shaker1)
3.913: (grasp right shaker1)
4.040: (grasp left shaker1)
4.040: (grasp right shaker1)
4.230: (grasp left shot1)
4.230: (grasp right shot1)
4.232: (leave right shot5)
4.232: (leave left shot5)
4.426: (empty-shot left shot5 ingredient1)
4.426: (empty-shot right shot5 ingredient1)
4.429: (pour-shot-to-used-shaker shot1 ingredient1 shaker1 right l1 l2)
4.429: (empty-shot right shot1 ingredient1)
4.429: (empty-shot left shot1 ingredient1)
4.429: (pour-shot-to-used-shaker shot1 ingredient1 shaker1 left l1 l2)
4.464: (grasp right shot3)
4.464: (grasp right shot4)
4.464: (grasp left shot4)
4.464: (grasp left shot3)
4.465: (leave right shot5)
4.465: (leave left shot5)
4.466: (leave right shot1)
4.466: (leave left shot1)
4.498: (grasp right shot1)
4.498: (grasp left shot4)
4.498: (grasp left shot3)
4.498: (grasp right shot3)
4.498: (grasp right shot1)
4.498: (grasp left shot1)
4.498: (grasp left shot1)
4.498: (grasp right shot4)
4.499: (grasp right shot3)
4.499: (grasp right shot4)
4.499: (grasp left shot3)
4.499: (grasp left shot4)
4.505: (grasp right shot4)
4.505: (grasp right shot3)
4.505: (grasp left shot4)
4.505: (grasp left shot3)
4.515: (grasp left shot2)
4.515: (grasp right shot2)
4.546: (fill-shot shot1 ingredient3 right left dispenser3)
4.546: (fill-shot shot1 ingredient3 left right dispenser3)
4.547: (refill-shot shot1 ingredient3 left right dispenser3)
4.547: (refill-shot shot1 ingredient3 right left dispenser3)
4.548: (grasp right shot2)
4.548: (grasp left shot2)
4.554: (grasp right shot1)
4.554: (grasp left shot1)
4.556: (grasp right shot2)
4.556: (grasp left shot2)
4.561: (grasp right shot2)
4.561: (grasp left shot2)
4.566: (fill-shot shot1 ingredient1 right left dispenser1)
4.566: (fill-shot shot1 ingredient1 left right dispenser1)
4.568: (leave right shot5)
4.568: (leave left shot5)
4.568: (refill-shot shot1 ingredient1 right left dispenser1)
4.568: (refill-shot shot1 ingredient1 left right dispenser1)
4.588: (refill-shot shot1 ingredient3 left right dispenser3)
4.588: (refill-shot shot1 ingredient3 right left dispenser3)
4.596: (fill-shot shot1 ingredient3 right left dispenser3)
4.597: (fill-shot shot1 ingredient3 left right dispenser3)
4.597: (refill-shot shot1 ingredient3 right left dispenser3)
4.597: (refill-shot shot1 ingredient3 left right dispenser3)
4.656: (grasp right shaker1)
4.656: (grasp left shaker1)
4.657: (leave right shot5)
4.657: (leave left shot5)
4.716: (grasp left shaker1)
4.716: (grasp right shaker1)
4.716: (leave right shot5)
4.716: (leave left shot5)
4.717: (grasp right shot4)
4.717: (grasp left shot3)
4.717: (grasp left shot4)
4.717: (grasp right shot3)
4.746: (leave left shot1)
4.746: (leave right shot1)
4.746: (grasp left shaker1)
4.747: (grasp right shaker1)
4.747: (grasp left shaker1)
4.747: (grasp right shaker1)
4.747: (leave left shot1)
4.747: (leave right shot1)
4.749: (grasp right shot2)
4.749: (grasp left shot2)
4.777: (shake cocktail3 ingredient3 ingredient1 shaker1 right left)
4.777: (shake cocktail3 ingredient3 ingredient1 shaker1 left right)
4.845: (grasp right shaker1)
4.845: (grasp left shaker1)
4.859: (grasp right shaker1)
4.859: (grasp left shaker1)
4.861: (leave right shot5)
4.861: (leave left shot5)
4.862: (grasp left shaker1)
4.862: (grasp right shaker1)
4.863: (grasp right shaker1)
4.863: (grasp left shaker1)
4.879: (shake cocktail3 ingredient3 ingredient1 shaker1 left right)
4.879: (shake cocktail3 ingredient3 ingredient1 shaker1 right left)
4.892: (grasp left shaker1)
4.892: (leave left shot1)
4.892: (leave right shot1)
4.892: (grasp right shaker1)
4.992: (fill-shot shot1 ingredient3 right left dispenser3)
4.992: (fill-shot shot1 ingredient3 left right dispenser3)
4.992: (refill-shot shot1 ingredient3 left right dispenser3)
4.992: (refill-shot shot1 ingredient3 right left dispenser3)
5.001: (clean-shot shot5 ingredient3 right left)
5.001: (clean-shot shot5 ingredient3 left right)
5.001: (grasp left shot5)
5.001: (grasp right shot5)
5.003: (leave left shot1)
5.003: (leave right shot1)
5.028: (empty-shot left shot5 ingredient2)
5.028: (empty-shot right shot5 ingredient2)
5.217: (grasp left shaker1)
5.217: (grasp right shaker1)
5.249: (leave left shot5)
5.249: (leave right shot5)
5.249: (leave right shot5)
5.249: (leave left shot5)
0.652: (leave left shot5)
0.652: (leave right shot5)
0.652: (leave left shot1)
0.652: (leave right shot1)
0.876: (grasp right shaker1)
0.876: (grasp left shaker1)
0.876: (leave left shot1)
0.876: (leave right shot1)
0.885: (leave left shot1)
0.885: (leave right shot1)
0.885: (leave left shot5)
0.885: (leave right shot5)
0.885: (grasp left shaker1)
0.885: (grasp right shaker1)
0.902: (grasp left shaker1)
0.902: (grasp right shaker1)
0.902: (leave right shot1)
0.902: (leave left shot1)
0.919: (grasp left shaker1)
0.919: (grasp right shaker1)
0.919: (leave left shot1)
0.919: (leave right shot1)
1.134: (grasp left shaker1)
1.134: (grasp right shaker1)
1.261: (fill-shot shot5 ingredient2 left right dispenser2)
1.261: (fill-shot shot5 ingredient2 right left dispenser2)
1.396: (clean-shot shot1 ingredient3 right left)
1.396: (clean-shot shot1 ingredient3 left right)
1.460: (grasp left shot5)
1.460: (grasp right shot5)
1.460: (fill-shot shot5 ingredient3 left right dispenser3)
1.460: (fill-shot shot5 ingredient3 right left dispenser3)
1.460: (refill-shot shot5 ingredient3 right left dispenser3)
1.460: (refill-shot shot5 ingredient3 left right dispenser3)
1.460: (leave right shot1)
1.460: (leave left shot1)
1.475: (grasp right shot3)
1.475: (grasp right shot4)
1.475: (grasp left shot4)
1.475: (grasp left shot3)
1.476: (leave right shot1)
1.476: (leave left shot1)
1.476: (leave left shot1)
1.476: (leave right shot1)
1.481: (leave left shot1)
1.481: (grasp right shot4)
1.481: (grasp left shot4)
1.481: (leave right shot1)
1.481: (grasp right shot3)
1.481: (grasp left shot3)
1.481: (leave right shot5)
1.481: (leave left shot5)
1.481: (leave left shot5)
1.481: (leave right shot5)
1.481: (leave right shot1)
1.481: (leave left shot1)
1.489: (leave right shot1)
1.489: (leave left shot1)
1.489: (leave right shot1)
1.489: (leave left shot1)
1.489: (grasp right shot4)
1.489: (grasp left shot4)
1.489: (grasp left shot3)
1.489: (grasp right shot3)
1.514: (leave right shot1)
1.514: (leave left shot1)
1.514: (leave right shot1)
1.514: (leave left shot1)
1.514: (grasp right shot3)
1.514: (grasp left shot4)
1.514: (grasp left shot3)
1.514: (grasp right shot4)
1.530: (leave left shot1)
1.530: (leave right shot1)
1.530: (grasp left shot2)
1.530: (grasp right shot2)
1.536: (leave left shot5)
1.536: (leave right shot5)
1.537: (leave right shot1)
1.537: (leave left shot1)
1.537: (grasp left shot2)
1.537: (grasp right shot2)
1.550: (leave right shot1)
1.550: (leave left shot1)
1.550: (grasp right shot2)
1.550: (grasp left shot2)
1.572: (leave left shot1)
1.572: (leave right shot1)
1.573: (grasp left shot2)
1.573: (grasp right shot2)
1.666: (grasp right shaker1)
1.666: (grasp left shaker1)
1.715: (grasp left shot4)
1.715: (grasp right shot4)
1.715: (grasp left shot3)
1.715: (grasp right shot3)
1.716: (grasp right shaker1)
1.716: (grasp left shaker1)
1.780: (grasp right shot2)
1.780: (grasp left shot2)
1.846: (grasp right shaker1)
1.846: (grasp left shaker1)
2.291: (grasp right shot3)
2.291: (grasp left shot4)
2.291: (grasp left shot3)
2.291: (grasp right shot4)
2.317: (grasp left shot2)
2.317: (grasp right shot2)
2.329: (grasp left shot3)
2.329: (grasp right shot3)
2.329: (grasp left shot4)
2.329: (grasp right shot4)
2.362: (grasp left shot2)
2.362: (grasp right shot2)
2.434: (grasp right shot4)
2.434: (grasp right shot3)
2.434: (grasp left shot3)
2.434: (grasp left shot4)
2.493: (grasp right shot2)
2.493: (grasp left shot2)
3.613: (empty-shot left shot1 ingredient1)
3.613: (empty-shot right shot1 ingredient1)
3.614: (leave right shot5)
3.614: (leave left shot5)
3.710: (grasp right shaker1)
3.710: (grasp left shaker1)
3.763: (grasp right shot1)
3.763: (grasp left shot1)
3.781: (leave left shaker1)
3.781: (leave right shaker1)
3.844: (grasp left shot1)
3.844: (grasp right shot1)
3.880: (leave right shaker1)
3.880: (leave left shaker1)
4.236: (grasp right shot1)
4.237: (grasp left shot1)
4.237: (empty-shot left shot5 ingredient2)
4.237: (empty-shot right shot5 ingredient2)
4.264: (leave left shot5)
4.264: (leave right shot5)
4.303: (grasp left shot4)
4.303: (grasp left shot3)
4.303: (grasp right shot4)
4.303: (grasp right shot3)
4.361: (grasp right shot2)
4.361: (grasp left shot2)
4.384: (refill-shot shot1 ingredient3 right left dispenser3)
4.384: (refill-shot shot1 ingredient3 left right dispenser3)
4.507: (grasp right shaker1)
4.507: (grasp left shaker1)
4.746: (grasp left shaker1)
4.746: (grasp right shaker1)
4.746: (leave right shot1)
4.746: (leave left shot1)
4.752: (shake cocktail3 ingredient3 ingredient1 shaker1 right left)
4.752: (shake cocktail3 ingredient3 ingredient1 shaker1 left right)
4.778: (shake cocktail3 ingredient3 ingredient1 shaker1 left right)
4.778: (shake cocktail3 ingredient3 ingredient1 shaker1 right left)
4.824: (shake cocktail3 ingredient3 ingredient1 shaker1 right left)
4.824: (shake cocktail3 ingredient3 ingredient1 shaker1 left right)
4.831: (shake cocktail3 ingredient3 ingredient1 shaker1 left right)
4.831: (shake cocktail3 ingredient3 ingredient1 shaker1 right left)
4.836: (grasp left shaker1)
4.836: (grasp right shaker1)
4.848: (shake cocktail3 ingredient3 ingredient1 shaker1 right left)
4.848: (shake cocktail3 ingredient3 ingredient1 shaker1 left right)
4.849: (shake cocktail3 ingredient3 ingredient1 shaker1 left right)
4.849: (shake cocktail3 ingredient3 ingredient1 shaker1 right left)
4.857: (grasp left shaker1)
4.857: (grasp right shaker1)
4.858: (grasp right shaker1)
4.858: (grasp left shaker1)
4.883: (grasp left shaker1)
4.883: (grasp right shaker1)
4.890: (grasp right shaker1)
4.891: (grasp left shaker1)
5.075: (fill-shot shot5 ingredient2 left right dispenser2)
5.075: (fill-shot shot5 ingredient2 right left dispenser2)
5.092: (grasp left shot3)
5.092: (grasp left shot4)
5.092: (grasp right shot4)
5.092: (grasp right shot3)
5.161: (grasp left shot2)
5.161: (grasp right shot2)
5.268: (grasp left shaker1)
5.268: (grasp right shaker1)
5.268: (leave left shot1)
5.268: (leave right shot1)
5.284: (fill-shot shot5 ingredient3 left right dispenser3)
5.284: (fill-shot shot5 ingredient3 right left dispenser3)
5.285: (fill-shot shot5 ingredient1 left right dispenser1)
5.285: (fill-shot shot5 ingredient1 right left dispenser1)
5.301: (leave right shot1)
5.301: (leave right shot1)
5.301: (leave left shot1)
5.301: (leave left shot1)
5.312: (leave left shot1)
5.312: (leave right shot1)
5.327: (grasp right shaker1)
5.327: (grasp left shaker1)
0.471: (leave right shot5)
0.471: (leave left shot5)
0.471: (leave right shot1)
0.471: (leave left shot1)
0.688: (shake cocktail3 ingredient3 ingredient1 shaker1 left right)
0.688: (shake cocktail3 ingredient3 ingredient1 shaker1 right left)
0.801: (shake cocktail3 ingredient3 ingredient1 shaker1 left right)
0.801: (shake cocktail3 ingredient3 ingredient1 shaker1 right left)
0.848: (shake cocktail3 ingredient3 ingredient1 shaker1 right left)
0.848: (shake cocktail3 ingredient3 ingredient1 shaker1 left right)
0.885: (shake cocktail3 ingredient3 ingredient1 shaker1 left right)
0.885: (shake cocktail3 ingredient3 ingredient1 shaker1 right left)
0.916: (leave left shot5)
0.916: (leave right shot5)
0.916: (leave left shot1)
0.916: (leave right shot1)
0.917: (grasp left shaker1)
0.917: (grasp right shaker1)
1.256: (empty-shot right shot5 ingredient2)
1.256: (empty-shot left shot5 ingredient2)
1.508: (leave right shot1)
1.508: (leave right shot1)
1.508: (leave left shot1)
1.508: (leave left shot1)
1.508: (leave left shot5)
1.508: (leave left shot5)
1.508: (leave right shot5)
1.508: (leave right shot5)
1.509: (grasp right shot4)
1.509: (grasp right shot3)
1.509: (grasp left shot3)
1.509: (grasp left shot4)
1.527: (grasp right shaker1)
1.527: (grasp left shaker1)
1.570: (leave left shot1)
1.570: (leave right shot1)
1.570: (leave right shot5)
1.570: (leave left shot5)
1.570: (grasp right shot2)
1.570: (grasp left shot2)
1.665: (grasp right shaker1)
1.665: (grasp left shaker1)
1.725: (grasp left shot5)
1.725: (grasp right shot5)
1.725: (grasp right shaker1)
1.725: (grasp left shaker1)
1.732: (grasp right shot4)
1.732: (grasp right shot3)
1.732: (grasp left shot3)
1.732: (grasp left shot4)
1.732: (grasp left shaker1)
1.732: (grasp right shaker1)
1.732: (grasp left shaker1)
1.732: (grasp right shaker1)
1.740: (grasp left shot4)
1.740: (grasp right shot3)
1.740: (grasp right shot4)
1.740: (grasp left shot3)
1.740: (grasp left shaker1)
1.740: (grasp right shaker1)
1.740: (grasp right shaker1)
1.740: (grasp left shaker1)
1.761: (grasp right shot4)
1.761: (grasp right shot3)
1.761: (grasp left shot3)
1.761: (grasp left shot4)
1.761: (grasp left shaker1)
1.761: (grasp right shaker1)
1.762: (grasp right shaker1)
1.762: (grasp left shaker1)
1.772: (grasp left shaker1)
1.772: (grasp right shaker1)
1.773: (grasp right shaker1)
1.773: (grasp left shaker1)
1.773: (grasp left shot3)
1.773: (grasp left shot4)
1.773: (grasp right shot4)
1.773: (grasp right shot3)
1.791: (grasp right shot2)
1.791: (grasp left shot2)
1.791: (grasp right shaker1)
1.791: (grasp left shaker1)
1.799: (grasp right shaker1)
1.800: (grasp left shaker1)
1.800: (grasp left shot2)
1.800: (grasp right shot2)
1.825: (grasp left shot2)
1.825: (grasp left shaker1)
1.825: (grasp right shaker1)
1.826: (grasp right shot2)
1.836: (grasp right shaker1)
1.836: (grasp right shot2)
1.836: (grasp left shaker1)
1.836: (grasp left shot2)
2.148: (grasp right shot3)
2.148: (grasp right shot4)
2.148: (grasp left shot3)
2.148: (grasp left shot4)
2.185: (grasp left shot5)
2.185: (grasp right shot5)
2.185: (grasp left shot1)
2.185: (grasp right shot1)
2.203: (grasp right shot2)
2.203: (grasp left shot2)
2.252: (grasp left shot4)
2.252: (grasp left shot3)
2.252: (grasp right shot3)
2.252: (grasp right shot4)
2.313: (grasp right shot2)
2.313: (grasp left shot2)
2.326: (grasp left shot3)
2.326: (grasp right shot3)
2.326: (grasp left shot4)
2.326: (grasp right shot4)
2.339: (grasp left shot3)
2.339: (grasp right shot4)
2.339: (grasp right shot3)
2.339: (grasp left shot4)
2.339: (grasp left shot5)
2.339: (grasp left shot5)
2.339: (grasp right shot5)
2.339: (grasp right shot5)
2.351: (grasp right shot3)
2.351: (grasp left shot3)
2.351: (grasp right shot4)
2.351: (grasp left shot4)
2.353: (grasp left shot3)
2.353: (grasp right shot3)
2.353: (grasp left shot4)
2.353: (grasp right shot4)
2.359: (grasp right shot2)
2.360: (grasp left shot2)
2.360: (grasp left shot5)
2.360: (grasp right shot5)
2.383: (grasp right shot4)
2.383: (grasp left shot4)
2.383: (grasp right shot3)
2.383: (grasp left shot3)
2.424: (grasp left shot2)
2.424: (grasp left shot2)
2.424: (grasp right shot2)
2.424: (grasp right shot2)
2.424: (grasp left shot3)
2.424: (grasp left shot4)
2.424: (grasp right shot3)
2.424: (grasp right shot4)
2.429: (grasp left shot2)
2.429: (grasp left shot2)
2.429: (grasp right shot2)
2.429: (grasp right shot2)
2.430: (grasp left shot4)
2.430: (grasp right shot4)
2.430: (grasp left shot3)
2.430: (grasp right shot3)
2.431: (grasp left shot2)
2.431: (grasp right shot2)
2.431: (grasp left shot2)
2.431: (grasp right shot2)
2.431: (grasp left shot3)
2.431: (grasp left shot4)
2.431: (grasp right shot4)
2.431: (grasp right shot3)
2.459: (grasp right shot3)
2.459: (grasp left shot4)
2.459: (grasp left shot3)
2.459: (grasp right shot4)
2.459: (grasp left shot2)
2.459: (grasp right shot2)
2.459: (grasp right shot2)
2.459: (grasp left shot2)
2.774: (leave left shaker1)
2.774: (leave right shaker1)
2.774: (grasp left shot1)
2.774: (grasp right shot1)
2.861: (leave right shaker1)
2.861: (leave left shaker1)
2.861: (grasp left shot1)
2.861: (grasp right shot1)
3.464: (grasp right shot1)
3.464: (grasp left shot1)
3.464: (leave left shot5)
3.464: (leave right shot5)
3.732: (grasp right shot1)
3.732: (grasp left shot1)
3.739: (leave left shaker1)
3.739: (leave right shaker1)
3.744: (grasp left shot1)
3.744: (grasp right shot1)
3.777: (leave left shaker1)
3.777: (leave right shaker1)
3.816: (leave left shaker1)
3.816: (leave right shaker1)
3.821: (grasp right shot1)
3.821: (grasp left shot1)
3.822: (grasp right shot1)
3.822: (grasp left shot1)
3.824: (grasp left shot1)
3.824: (grasp right shot1)
3.834: (leave right shaker1)
3.834: (leave left shaker1)
-0.408: (pour-shaker-to-shot cocktail3 shot1 right shaker1 l2 l1)
[Final] Expanded: 6814, Generated: 36945
Found a solution of length 52!
   1: (grasp right shot3)
   2: (fill-shot shot3 ingredient2 right left dispenser2)
   3: (pour-shot-to-clean-shaker shot3 ingredient2 shaker1 right l0 l1)
   4: (clean-shot shot3 ingredient2 right left)
   5: (fill-shot shot3 ingredient3 right left dispenser3)
   6: (pour-shot-to-used-shaker shot3 ingredient3 shaker1 right l1 l2)
   7: (refill-shot shot3 ingredient3 right left dispenser3)
   8: (leave right shot3)
   9: (grasp left shaker1)
  10: (shake cocktail1 ingredient3 ingredient2 shaker1 left right)
  11: (pour-shaker-to-shot cocktail1 shot2 left shaker1 l2 l1)
  12: (empty-shaker left shaker1 cocktail1 l1 l0)
  13: (clean-shaker left right shaker1)
  14: (leave left shaker1)
  15: (grasp left shot3)
  16: (pour-shot-to-clean-shaker shot3 ingredient3 shaker1 left l0 l1)
  17: (clean-shot shot3 ingredient3 left right)
  18: (fill-shot shot3 ingredient1 left right dispenser1)
  19: (pour-shot-to-used-shaker shot3 ingredient1 shaker1 left l1 l2)
  20: (clean-shot shot3 ingredient1 left right)
  21: (grasp right shot5)
  22: (leave left shot3)
  23: (fill-shot shot5 ingredient1 right left dispenser1)
  24: (empty-shot right shot5 ingredient1)
  25: (leave right shot5)
  26: (grasp left shot1)
  27: (fill-shot shot1 ingredient3 left right dispenser3)
  28: (empty-shot left shot1 ingredient3)
  29: (grasp right shot3)
  30: (leave left shot1)
  31: (leave right shot3)
  32: (grasp right shot5)
  33: (refill-shot shot5 ingredient1 right left dispenser1)
  34: (grasp left shaker1)
  35: (leave right shot5)
  36: (shake cocktail2 ingredient3 ingredient1 shaker1 left right)
  37: (pour-shaker-to-shot cocktail2 shot3 left shaker1 l2 l1)
  38: (pour-shaker-to-shot cocktail2 shot4 left shaker1 l1 l0)
  39: (empty-shaker left shaker1 cocktail2 l0 l0)
  40: (clean-shaker left right shaker1)
  41: (leave left shaker1)
  42: (grasp left shot1)
  43: (refill-shot shot1 ingredient3 left right dispenser3)
  44: (pour-shot-to-clean-shaker shot1 ingredient3 shaker1 left l0 l1)
  45: (clean-shot shot1 ingredient3 left right)
  46: (fill-shot shot1 ingredient1 left right dispenser1)
  47: (pour-shot-to-used-shaker shot1 ingredient1 shaker1 left l1 l2)
  48: (clean-shot shot1 ingredient1 left right)
  49: (leave left shot1)
  50: (grasp right shaker1)
  51: (shake cocktail3 ingredient3 ingredient1 shaker1 right left)
  52: (pour-shaker-to-shot cocktail3 shot1 right shaker1 l2 l1)
