/u/ibrahim.eisawy/Neural-Guided-Search/venv/lib/python3.10/site-packages/pymimir_rgnn/model.py:151: UserWarning: index_reduce() is in beta and the API may change at any time. (Triggered internally at /pytorch/aten/src/ATen/native/cuda/Indexing.cu:1541.)
  max_msg.index_reduce_(0, output_indices, output_messages, reduce='amax', include_self=True)
Torch: 2.12.0+cu130
Using GPU:  NVIDIA L40S
25.716: (navigate rover0 waypoint15 waypoint14)
25.892: (navigate rover1 waypoint8 waypoint17)
27.147: (navigate rover1 waypoint8 waypoint7)
27.172: (navigate rover0 waypoint15 waypoint1)
27.283: (navigate rover0 waypoint15 waypoint11)
27.310: (navigate rover1 waypoint8 waypoint9)
27.415: (navigate rover1 waypoint8 waypoint0)
28.049: (sample_soil rover1 rover1store waypoint8)
28.061: (navigate rover1 waypoint8 waypoint6)
24.106: (calibrate rover0 camera1 objective3 waypoint14)
24.476: (navigate rover1 waypoint8 waypoint17)
24.476: (navigate rover0 waypoint15 waypoint14)
24.626: (sample_soil rover1 rover1store waypoint17)
25.019: (sample_soil rover0 rover0store waypoint14)
25.349: (calibrate rover0 camera3 objective0 waypoint1)
25.445: (calibrate rover0 camera3 objective0 waypoint11)
25.499: (navigate rover0 waypoint1 waypoint17)
25.613: (calibrate rover0 camera0 objective0 waypoint1)
25.697: (calibrate rover0 camera0 objective0 waypoint11)
25.724: (calibrate rover0 camera1 objective3 waypoint11)
25.761: (navigate rover0 waypoint15 waypoint14)
25.761: (navigate rover1 waypoint8 waypoint7)
25.832: (navigate rover1 waypoint8 waypoint17)
25.832: (navigate rover0 waypoint15 waypoint1)
25.907: (navigate rover0 waypoint1 waypoint5)
26.071: (navigate rover1 waypoint8 waypoint9)
26.072: (navigate rover0 waypoint15 waypoint14)
26.164: (navigate rover0 waypoint15 waypoint14)
26.165: (navigate rover1 waypoint8 waypoint0)
26.179: (navigate rover1 waypoint0 waypoint5)
26.181: (navigate rover1 waypoint8 waypoint17)
26.181: (navigate rover0 waypoint15 waypoint11)
26.282: (navigate rover1 waypoint9 waypoint14)
26.673: (sample_soil rover1 rover1store waypoint8)
26.673: (navigate rover0 waypoint15 waypoint14)
26.759: (navigate rover0 waypoint15 waypoint14)
26.759: (navigate rover1 waypoint8 waypoint6)
26.764: (calibrate rover1 camera4 objective1 waypoint9)
26.815: (navigate rover0 waypoint14 waypoint18)
26.897: (navigate rover0 waypoint14 waypoint16)
26.950: (navigate rover0 waypoint1 waypoint3)
26.998: (navigate rover0 waypoint1 waypoint9)
27.004: (navigate rover0 waypoint1 waypoint10)
27.014: (drop rover1 rover1store)
27.082: (navigate rover1 waypoint8 waypoint9)
27.083: (navigate rover0 waypoint15 waypoint1)
27.089: (navigate rover1 waypoint17 waypoint3)
27.100: (navigate rover1 waypoint8 waypoint17)
27.180: (navigate rover0 waypoint1 waypoint0)
22.918: (navigate rover1 waypoint8 waypoint17)
22.918: (calibrate rover0 camera1 objective3 waypoint14)
23.351: (sample_soil rover1 rover1store waypoint17)
23.351: (navigate rover0 waypoint15 waypoint14)
23.403: (sample_soil rover0 rover0store waypoint14)
23.403: (calibrate rover0 camera1 objective3 waypoint14)
23.586: (drop rover1 rover1store)
23.590: (take_image rover0 waypoint14 objective2 camera1 low_res)
23.643: (navigate rover0 waypoint1 waypoint17)
23.644: (calibrate rover0 camera3 objective0 waypoint17)
23.716: (take_image rover0 waypoint14 objective3 camera1 colour)
23.902: (sample_soil rover0 rover0store waypoint14)
23.903: (navigate rover1 waypoint8 waypoint17)
23.905: (navigate rover0 waypoint1 waypoint17)
23.906: (calibrate rover0 camera0 objective0 waypoint17)
23.937: (calibrate rover0 camera1 objective3 waypoint17)
23.939: (communicate_soil_data rover0 general waypoint14 waypoint14 waypoint19)
23.960: (drop rover0 rover0store)
23.964: (navigate rover0 waypoint1 waypoint5)
24.060: (calibrate rover0 camera3 objective0 waypoint1)
24.060: (navigate rover1 waypoint8 waypoint17)
24.174: (navigate rover1 waypoint8 waypoint7)
24.176: (calibrate rover0 camera1 objective3 waypoint14)
24.232: (navigate rover0 waypoint1 waypoint5)
24.252: (calibrate rover0 camera1 objective3 waypoint5)
24.304: (navigate rover1 waypoint17 waypoint8)
24.319: (calibrate rover0 camera0 objective0 waypoint1)
24.321: (navigate rover1 waypoint8 waypoint17)
24.386: (calibrate rover0 camera3 objective0 waypoint11)
24.387: (navigate rover1 waypoint8 waypoint17)
24.453: (navigate rover1 waypoint8 waypoint17)
24.453: (navigate rover0 waypoint1 waypoint5)
24.501: (calibrate rover0 camera1 objective3 waypoint14)
24.502: (navigate rover1 waypoint8 waypoint9)
24.557: (take_image rover0 waypoint14 objective3 camera1 low_res)
24.557: (navigate rover0 waypoint15 waypoint14)
24.557: (navigate rover1 waypoint0 waypoint5)
24.600: (navigate rover1 waypoint8 waypoint0)
24.601: (calibrate rover0 camera1 objective3 waypoint14)
24.635: (navigate rover1 waypoint8 waypoint17)
21.762: (sample_soil rover1 rover1store waypoint17)
21.762: (calibrate rover0 camera1 objective3 waypoint14)
22.273: (drop rover1 rover1store)
22.273: (navigate rover0 waypoint15 waypoint14)
22.311: (communicate_image_data rover0 general objective2 low_res waypoint14 waypoint19)
22.322: (calibrate rover0 camera1 objective3 waypoint14)
22.323: (navigate rover1 waypoint8 waypoint17)
22.323: (sample_soil rover0 rover0store waypoint14)
22.328: (communicate_soil_data rover0 general waypoint14 waypoint14 waypoint19)
22.329: (calibrate rover0 camera1 objective3 waypoint14)
22.336: (drop rover0 rover0store)
22.337: (calibrate rover0 camera1 objective3 waypoint14)
22.339: (calibrate rover0 camera1 objective3 waypoint14)
22.364: (take_image rover0 waypoint14 objective2 camera1 low_res)
22.365: (navigate rover1 waypoint8 waypoint17)
22.450: (navigate rover1 waypoint8 waypoint17)
22.451: (take_image rover0 waypoint14 objective3 camera1 colour)
22.555: (navigate rover0 waypoint1 waypoint5)
22.555: (navigate rover1 waypoint8 waypoint17)
22.612: (calibrate rover0 camera1 objective3 waypoint14)
22.763: (sample_soil rover0 rover0store waypoint17)
22.811: (drop rover0 rover0store)
22.813: (navigate rover1 waypoint8 waypoint17)
22.832: (navigate rover0 waypoint1 waypoint5)
22.834: (navigate rover1 waypoint8 waypoint17)
22.857: (navigate rover1 waypoint8 waypoint17)
22.863: (calibrate rover0 camera1 objective3 waypoint5)
22.864: (drop rover0 rover0store)
22.864: (communicate_soil_data rover0 general waypoint14 waypoint14 waypoint19)
22.899: (navigate rover1 waypoint8 waypoint17)
22.899: (communicate_soil_data rover0 general waypoint14 waypoint14 waypoint19)
22.944: (sample_soil rover1 rover1store waypoint17)
22.973: (navigate rover1 waypoint17 waypoint8)
22.974: (navigate rover0 waypoint15 waypoint14)
22.974: (sample_soil rover1 rover1store waypoint17)
22.974: (sample_soil rover0 rover0store waypoint14)
23.030: (sample_soil rover0 rover0store waypoint17)
23.035: (navigate rover1 waypoint0 waypoint5)
23.035: (calibrate rover0 camera1 objective3 waypoint14)
23.037: (take_image rover0 waypoint14 objective2 camera1 low_res)
20.659: (drop rover1 rover1store)
20.659: (calibrate rover0 camera1 objective3 waypoint14)
21.011: (communicate_image_data rover0 general objective2 low_res waypoint14 waypoint19)
21.011: (calibrate rover0 camera1 objective3 waypoint14)
21.109: (communicate_image_data rover0 general objective2 low_res waypoint14 waypoint19)
21.109: (navigate rover1 waypoint8 waypoint17)
21.143: (take_image rover0 waypoint14 objective2 camera1 low_res)
21.143: (sample_soil rover1 rover1store waypoint17)
21.164: (calibrate rover0 camera1 objective3 waypoint14)
21.165: (navigate rover1 waypoint8 waypoint17)
21.216: (drop rover0 rover0store)
21.217: (communicate_soil_data rover0 general waypoint14 waypoint14 waypoint19)
21.217: (calibrate rover0 camera1 objective3 waypoint14)
21.224: (calibrate rover0 camera1 objective3 waypoint14)
21.227: (navigate rover1 waypoint8 waypoint17)
21.227: (drop rover0 rover0store)
21.301: (communicate_soil_data rover0 general waypoint14 waypoint14 waypoint19)
21.301: (navigate rover1 waypoint8 waypoint17)
21.304: (calibrate rover0 camera1 objective3 waypoint14)
21.323: (sample_soil rover1 rover1store waypoint17)
21.324: (take_image rover0 waypoint14 objective3 camera1 colour)
21.355: (navigate rover1 waypoint17 waypoint8)
21.356: (calibrate rover0 camera1 objective3 waypoint14)
21.356: (navigate rover1 waypoint8 waypoint17)
21.356: (calibrate rover0 camera1 objective3 waypoint14)
21.374: (calibrate rover0 camera1 objective3 waypoint14)
21.378: (sample_soil rover0 rover0store waypoint14)
21.379: (sample_soil rover1 rover1store waypoint17)
21.511: (sample_soil rover1 rover1store waypoint17)
21.515: (navigate rover0 waypoint1 waypoint5)
21.671: (drop rover0 rover0store)
21.715: (communicate_image_data rover0 general objective2 low_res waypoint14 waypoint19)
21.717: (sample_soil rover0 rover0store waypoint14)
21.747: (sample_soil rover0 rover0store waypoint14)
21.750: (calibrate rover0 camera1 objective3 waypoint14)
21.786: (communicate_soil_data rover0 general waypoint14 waypoint14 waypoint19)
21.787: (sample_soil rover1 rover1store waypoint17)
21.787: (navigate rover1 waypoint8 waypoint17)
21.787: (drop rover0 rover0store)
21.806: (take_image rover0 waypoint14 objective2 camera1 low_res)
19.841: (navigate rover1 waypoint8 waypoint17)
19.841: (calibrate rover0 camera1 objective3 waypoint14)
19.842: (communicate_image_data rover0 general objective2 low_res waypoint14 waypoint19)
19.929: (calibrate rover0 camera1 objective3 waypoint14)
19.929: (sample_soil rover1 rover1store waypoint17)
19.951: (communicate_image_data rover0 general objective2 low_res waypoint14 waypoint19)
19.951: (sample_soil rover1 rover1store waypoint17)
20.071: (drop rover1 rover1store)
20.071: (take_image rover0 waypoint14 objective2 camera1 low_res)
20.169: (calibrate rover0 camera1 objective3 waypoint14)
20.170: (drop rover0 rover0store)
20.171: (communicate_soil_data rover0 general waypoint14 waypoint14 waypoint19)
20.171: (navigate rover1 waypoint8 waypoint17)
20.198: (sample_soil rover1 rover1store waypoint17)
20.199: (calibrate rover0 camera1 objective3 waypoint14)
20.227: (navigate rover1 waypoint17 waypoint8)
20.228: (drop rover1 rover1store)
20.232: (take_image rover0 waypoint14 objective3 camera1 colour)
20.233: (drop rover1 rover1store)
20.277: (sample_soil rover1 rover1store waypoint17)
20.279: (communicate_soil_data rover0 general waypoint14 waypoint14 waypoint19)
20.341: (drop rover0 rover0store)
20.341: (sample_soil rover1 rover1store waypoint17)
20.363: (communicate_image_data rover0 general objective2 low_res waypoint14 waypoint19)
20.365: (take_image rover0 waypoint14 objective3 camera1 colour)
20.367: (sample_soil rover0 rover0store waypoint14)
20.370: (drop rover1 rover1store)
20.389: (calibrate rover0 camera1 objective3 waypoint14)
20.389: (sample_soil rover0 rover0store waypoint14)
20.391: (communicate_image_data rover0 general objective2 low_res waypoint14 waypoint19)
20.419: (drop rover1 rover1store)
20.556: (communicate_soil_data rover0 general waypoint14 waypoint14 waypoint19)
20.580: (communicate_soil_data rover0 general waypoint14 waypoint14 waypoint19)
20.588: (drop rover0 rover0store)
20.602: (navigate rover1 waypoint8 waypoint17)
20.607: (take_image rover0 waypoint14 objective3 camera1 colour)
20.607: (take_image rover0 waypoint14 objective2 camera1 low_res)
20.609: (drop rover0 rover0store)
20.635: (navigate rover1 waypoint8 waypoint17)
20.637: (sample_soil rover0 rover0store waypoint14)
18.679: (calibrate rover0 camera1 objective3 waypoint14)
18.679: (communicate_image_data rover0 general objective2 low_res waypoint14 waypoint19)
18.680: (sample_soil rover1 rover1store waypoint17)
18.851: (drop rover1 rover1store)
18.851: (calibrate rover0 camera1 objective3 waypoint14)
18.871: (drop rover1 rover1store)
18.872: (communicate_image_data rover0 general objective2 low_res waypoint14 waypoint19)
19.097: (calibrate rover0 camera1 objective3 waypoint14)
19.097: (drop rover1 rover1store)
19.123: (communicate_image_data rover0 general objective2 low_res waypoint14 waypoint19)
19.124: (navigate rover1 waypoint8 waypoint17)
19.124: (take_image rover0 waypoint14 objective3 camera1 colour)
19.222: (sample_soil rover1 rover1store waypoint17)
19.223: (communicate_soil_data rover0 general waypoint14 waypoint14 waypoint19)
19.223: (drop rover0 rover0store)
19.249: (calibrate rover0 camera1 objective3 waypoint14)
19.250: (communicate_soil_data rover0 general waypoint14 waypoint14 waypoint19)
19.250: (communicate_image_data rover0 general objective2 low_res waypoint14 waypoint19)
19.278: (drop rover1 rover1store)
19.279: (communicate_image_data rover0 general objective2 low_res waypoint14 waypoint19)
19.279: (drop rover0 rover0store)
19.279: (calibrate rover0 camera1 objective3 waypoint14)
19.281: (drop rover1 rover1store)
19.281: (drop rover0 rover0store)
19.282: (communicate_soil_data rover0 general waypoint14 waypoint14 waypoint19)
19.337: (calibrate rover0 camera1 objective3 waypoint14)
19.338: (navigate rover1 waypoint8 waypoint17)
19.338: (sample_soil rover0 rover0store waypoint14)
19.398: (sample_soil rover1 rover1store waypoint17)
19.399: (take_image rover0 waypoint14 objective3 camera1 colour)
19.400: (take_image rover0 waypoint14 objective2 camera1 low_res)
19.402: (drop rover0 rover0store)
19.403: (communicate_soil_data rover0 general waypoint14 waypoint14 waypoint19)
19.417: (communicate_soil_data rover0 general waypoint14 waypoint14 waypoint19)
19.421: (drop rover0 rover0store)
19.489: (drop rover0 rover0store)
19.489: (navigate rover1 waypoint8 waypoint17)
19.515: (navigate rover1 waypoint8 waypoint17)
19.520: (navigate rover1 waypoint8 waypoint17)
19.522: (communicate_soil_data rover0 general waypoint14 waypoint14 waypoint19)
17.588: (drop rover1 rover1store)
17.588: (calibrate rover0 camera1 objective3 waypoint14)
17.589: (communicate_image_data rover0 general objective2 low_res waypoint14 waypoint19)
17.983: (communicate_image_data rover0 general objective2 low_res waypoint14 waypoint19)
17.985: (take_image rover0 waypoint14 objective3 camera1 colour)
17.985: (sample_soil rover1 rover1store waypoint17)
18.102: (drop rover0 rover0store)
18.102: (communicate_soil_data rover0 general waypoint14 waypoint14 waypoint19)
18.102: (communicate_image_data rover0 general objective2 low_res waypoint14 waypoint19)
18.103: (calibrate rover0 camera1 objective3 waypoint14)
18.175: (communicate_soil_data rover0 general waypoint14 waypoint14 waypoint19)
18.176: (drop rover0 rover0store)
18.177: (drop rover1 rover1store)
18.203: (drop rover0 rover0store)
18.204: (calibrate rover0 camera1 objective3 waypoint14)
18.204: (communicate_image_data rover0 general objective2 low_res waypoint14 waypoint19)
18.205: (navigate rover1 waypoint8 waypoint17)
18.227: (communicate_soil_data rover0 general waypoint14 waypoint14 waypoint19)
18.229: (navigate rover1 waypoint8 waypoint17)
18.229: (calibrate rover0 camera1 objective3 waypoint14)
18.315: (take_image rover0 waypoint14 objective2 camera1 low_res)
18.316: (take_image rover0 waypoint14 objective3 camera1 colour)
18.316: (drop rover1 rover1store)
18.330: (navigate rover1 waypoint17 waypoint8)
18.354: (navigate rover1 waypoint8 waypoint17)
18.354: (communicate_soil_data rover0 general waypoint14 waypoint14 waypoint19)
18.359: (drop rover0 rover0store)
18.359: (communicate_soil_data rover0 general waypoint14 waypoint14 waypoint19)
18.361: (navigate rover1 waypoint8 waypoint17)
18.420: (sample_soil rover1 rover1store waypoint17)
18.421: (sample_soil rover0 rover0store waypoint14)
18.426: (calibrate rover0 camera1 objective3 waypoint14)
18.427: (navigate rover1 waypoint17 waypoint8)
18.476: (navigate rover1 waypoint17 waypoint8)
18.506: (sample_soil rover1 rover1store waypoint17)
18.565: (sample_soil rover1 rover1store waypoint17)
18.581: (take_image rover0 waypoint14 objective2 camera1 low_res)
18.608: (sample_soil rover1 rover1store waypoint17)
18.646: (take_image rover0 waypoint14 objective3 camera1 colour)
18.668: (take_image rover0 waypoint14 objective3 camera1 colour)
16.895: (drop rover1 rover1store)
16.895: (take_image rover0 waypoint14 objective3 camera1 colour)
16.897: (communicate_image_data rover0 general objective2 low_res waypoint14 waypoint19)
17.077: (drop rover0 rover0store)
17.078: (navigate rover1 waypoint8 waypoint17)
17.078: (communicate_soil_data rover0 general waypoint14 waypoint14 waypoint19)
17.079: (communicate_image_data rover0 general objective2 low_res waypoint14 waypoint19)
17.079: (calibrate rover0 camera1 objective3 waypoint14)
17.212: (navigate rover1 waypoint17 waypoint8)
17.213: (drop rover1 rover1store)
17.213: (calibrate rover0 camera1 objective3 waypoint14)
17.213: (communicate_image_data rover0 general objective2 low_res waypoint14 waypoint19)
17.223: (communicate_soil_data rover0 general waypoint14 waypoint14 waypoint19)
17.224: (calibrate rover0 camera1 objective3 waypoint14)
17.224: (sample_soil rover1 rover1store waypoint17)
17.286: (calibrate rover0 camera1 objective3 waypoint14)
17.286: (sample_soil rover1 rover1store waypoint17)
17.334: (communicate_soil_data rover0 general waypoint14 waypoint14 waypoint19)
17.335: (calibrate rover0 camera1 objective3 waypoint14)
17.337: (sample_soil rover1 rover1store waypoint17)
17.338: (calibrate rover0 camera1 objective3 waypoint14)
17.339: (communicate_image_data rover0 general objective2 low_res waypoint14 waypoint19)
17.339: (sample_soil rover1 rover1store waypoint17)
17.340: (drop rover0 rover0store)
17.411: (communicate_soil_data rover0 general waypoint14 waypoint14 waypoint19)
17.412: (communicate_image_data rover0 general objective2 low_res waypoint14 waypoint19)
17.414: (sample_soil rover1 rover1store waypoint17)
17.414: (drop rover0 rover0store)
17.420: (sample_soil rover0 rover0store waypoint14)
17.422: (drop rover1 rover1store)
17.483: (drop rover0 rover0store)
17.483: (take_image rover0 waypoint14 objective3 camera1 colour)
17.484: (communicate_soil_data rover0 general waypoint14 waypoint14 waypoint19)
17.519: (take_image rover0 waypoint14 objective3 camera1 colour)
17.520: (navigate rover1 waypoint8 waypoint17)
17.521: (drop rover1 rover1store)
17.529: (drop rover1 rover1store)
17.552: (drop rover1 rover1store)
17.554: (take_image rover0 waypoint14 objective2 camera1 low_res)
17.561: (navigate rover1 waypoint8 waypoint17)
16.149: (calibrate rover0 camera1 objective3 waypoint14)
16.149: (sample_soil rover1 rover1store waypoint17)
16.149: (drop rover0 rover0store)
16.149: (communicate_soil_data rover0 general waypoint14 waypoint14 waypoint19)
16.150: (communicate_image_data rover0 general objective2 low_res waypoint14 waypoint19)
16.188: (calibrate rover0 camera1 objective3 waypoint14)
16.188: (drop rover1 rover1store)
16.227: (drop rover1 rover1store)
16.228: (calibrate rover0 camera1 objective3 waypoint14)
16.229: (communicate_soil_data rover0 general waypoint14 waypoint14 waypoint19)
16.287: (drop rover1 rover1store)
16.289: (communicate_image_data rover0 general objective2 low_res waypoint14 waypoint19)
16.290: (drop rover0 rover0store)
16.302: (communicate_soil_data rover0 general waypoint14 waypoint14 waypoint19)
16.302: (calibrate rover0 camera1 objective3 waypoint14)
16.302: (drop rover1 rover1store)
16.364: (drop rover0 rover0store)
16.365: (communicate_soil_data rover0 general waypoint14 waypoint14 waypoint19)
16.365: (navigate rover1 waypoint8 waypoint17)
16.367: (take_image rover0 waypoint14 objective3 camera1 colour)
16.376: (drop rover1 rover1store)
16.377: (drop rover0 rover0store)
16.377: (communicate_image_data rover0 general objective2 low_res waypoint14 waypoint19)
16.514: (take_image rover0 waypoint14 objective3 camera1 colour)
16.514: (navigate rover1 waypoint17 waypoint8)
16.574: (sample_soil rover1 rover1store waypoint17)
16.575: (take_image rover0 waypoint14 objective3 camera1 colour)
16.641: (sample_soil rover1 rover1store waypoint17)
16.642: (take_image rover0 waypoint14 objective3 camera1 colour)
16.736: (sample_soil rover0 rover0store waypoint14)
16.737: (take_image rover0 waypoint14 objective3 camera1 colour)
16.768: (navigate rover1 waypoint17 waypoint8)
16.791: (calibrate rover0 camera1 objective3 waypoint14)
16.821: (take_image rover0 waypoint14 objective3 camera1 colour)
16.832: (calibrate rover0 camera1 objective3 waypoint14)
16.876: (calibrate rover0 camera1 objective3 waypoint14)
16.883: (sample_soil rover0 rover0store waypoint14)
16.884: (navigate rover1 waypoint17 waypoint8)
16.927: (navigate rover1 waypoint17 waypoint8)
16.950: (navigate rover1 waypoint17 waypoint8)
15.099: (drop rover0 rover0store)
15.099: (drop rover1 rover1store)
15.099: (communicate_soil_data rover0 general waypoint14 waypoint14 waypoint19)
15.100: (communicate_image_data rover0 general objective2 low_res waypoint14 waypoint19)
15.100: (calibrate rover0 camera1 objective3 waypoint14)
15.432: (communicate_image_data rover0 general objective2 low_res waypoint14 waypoint19)
15.433: (take_image rover0 waypoint14 objective3 camera1 colour)
15.434: (drop rover0 rover0store)
15.434: (communicate_soil_data rover0 general waypoint14 waypoint14 waypoint19)
15.434: (sample_soil rover1 rover1store waypoint17)
15.564: (take_image rover0 waypoint14 objective3 camera1 colour)
15.565: (drop rover1 rover1store)
15.567: (communicate_soil_data rover0 general waypoint14 waypoint14 waypoint19)
15.586: (drop rover0 rover0store)
15.587: (drop rover1 rover1store)
15.588: (take_image rover0 waypoint14 objective3 camera1 colour)
15.675: (communicate_soil_data rover0 general waypoint14 waypoint14 waypoint19)
15.675: (navigate rover1 waypoint8 waypoint17)
15.676: (drop rover0 rover0store)
15.677: (calibrate rover0 camera1 objective3 waypoint14)
15.736: (communicate_soil_data rover0 general waypoint14 waypoint14 waypoint19)
15.737: (navigate rover1 waypoint17 waypoint8)
15.738: (drop rover1 rover1store)
15.782: (take_image rover0 waypoint14 objective3 camera1 colour)
15.784: (drop rover1 rover1store)
15.785: (drop rover0 rover0store)
15.788: (navigate rover1 waypoint17 waypoint8)
15.788: (communicate_soil_data rover0 general waypoint14 waypoint14 waypoint19)
15.790: (communicate_image_data rover0 general objective2 low_res waypoint14 waypoint19)
15.827: (calibrate rover0 camera1 objective3 waypoint14)
15.828: (navigate rover1 waypoint17 waypoint8)
15.840: (drop rover0 rover0store)
15.840: (navigate rover1 waypoint17 waypoint8)
15.841: (drop rover1 rover1store)
15.875: (navigate rover1 waypoint17 waypoint8)
15.879: (drop rover1 rover1store)
15.897: (calibrate rover0 camera1 objective3 waypoint14)
15.898: (sample_soil rover1 rover1store waypoint17)
15.959: (navigate rover1 waypoint17 waypoint8)
15.970: (sample_soil rover1 rover1store waypoint17)
14.385: (communicate_image_data rover0 general objective2 low_res waypoint14 waypoint19)
14.386: (take_image rover0 waypoint14 objective3 camera1 colour)
14.386: (drop rover0 rover0store)
14.386: (drop rover1 rover1store)
14.387: (communicate_soil_data rover0 general waypoint14 waypoint14 waypoint19)
14.701: (navigate rover1 waypoint17 waypoint8)
14.702: (drop rover0 rover0store)
14.702: (drop rover1 rover1store)
14.702: (calibrate rover0 camera1 objective3 waypoint14)
14.703: (communicate_soil_data rover0 general waypoint14 waypoint14 waypoint19)
14.703: (communicate_image_data rover0 general objective2 low_res waypoint14 waypoint19)
14.760: (calibrate rover0 camera1 objective3 waypoint14)
14.760: (sample_soil rover1 rover1store waypoint17)
14.761: (drop rover0 rover0store)
14.761: (communicate_soil_data rover0 general waypoint14 waypoint14 waypoint19)
14.878: (drop rover1 rover1store)
14.878: (calibrate rover0 camera1 objective3 waypoint14)
14.911: (drop rover1 rover1store)
14.912: (calibrate rover0 camera1 objective3 waypoint14)
14.989: (navigate rover0 waypoint14 waypoint18)
15.077: (navigate rover1 waypoint17 waypoint8)
15.078: (take_image rover0 waypoint14 objective3 camera1 colour)
15.099: (navigate rover1 waypoint17 waypoint8)
15.099: (take_image rover0 waypoint14 objective3 camera1 colour)
15.117: (calibrate rover0 camera1 objective3 waypoint14)
15.166: (navigate rover0 waypoint14 waypoint16)
15.176: (take_image rover0 waypoint14 objective3 camera1 colour)
15.178: (navigate rover1 waypoint17 waypoint8)
15.337: (take_image rover0 waypoint14 objective3 camera1 colour)
15.338: (navigate rover1 waypoint17 waypoint8)
15.341: (navigate rover0 waypoint14 waypoint15)
15.372: (navigate rover0 waypoint14 waypoint18)
15.465: (navigate rover1 waypoint17 waypoint8)
15.480: (navigate rover0 waypoint14 waypoint18)
15.492: (navigate rover0 waypoint14 waypoint18)
15.520: (navigate rover0 waypoint14 waypoint16)
15.586: (sample_soil rover0 rover0store waypoint14)
15.593: (navigate rover1 waypoint17 waypoint8)
15.636: (navigate rover0 waypoint14 waypoint16)
15.638: (navigate rover0 waypoint14 waypoint18)
13.706: (drop rover0 rover0store)
13.706: (calibrate rover0 camera1 objective3 waypoint14)
13.706: (drop rover1 rover1store)
13.706: (communicate_soil_data rover0 general waypoint14 waypoint14 waypoint19)
13.706: (communicate_image_data rover0 general objective2 low_res waypoint14 waypoint19)
13.996: (communicate_soil_data rover0 general waypoint14 waypoint14 waypoint19)
13.996: (communicate_image_data rover0 general objective2 low_res waypoint14 waypoint19)
13.997: (drop rover1 rover1store)
13.997: (navigate rover1 waypoint17 waypoint8)
13.998: (take_image rover0 waypoint14 objective3 camera1 colour)
13.998: (drop rover0 rover0store)
14.319: (calibrate rover0 camera3 objective0 waypoint16)
14.340: (take_image rover0 waypoint18 objective3 camera1 colour)
14.340: (navigate rover0 waypoint14 waypoint18)
14.340: (drop rover1 rover1store)
14.340: (drop rover0 rover0store)
14.370: (navigate rover1 waypoint17 waypoint3)
14.407: (take_image rover0 waypoint16 objective0 camera1 colour)
14.415: (calibrate rover0 camera1 objective3 waypoint14)
14.416: (navigate rover1 waypoint17 waypoint8)
14.418: (drop rover0 rover0store)
14.421: (communicate_soil_data rover0 general waypoint14 waypoint14 waypoint19)
14.427: (communicate_soil_data rover0 general waypoint14 waypoint14 waypoint19)
14.428: (drop rover1 rover1store)
14.429: (navigate rover1 waypoint17 waypoint8)
14.430: (calibrate rover0 camera1 objective3 waypoint14)
14.432: (calibrate rover0 camera3 objective0 waypoint16)
14.478: (calibrate rover0 camera3 objective0 waypoint16)
14.503: (navigate rover0 waypoint14 waypoint16)
14.503: (drop rover1 rover1store)
14.506: (drop rover1 rover1store)
14.506: (drop rover0 rover0store)
14.507: (calibrate rover0 camera1 objective3 waypoint14)
14.507: (navigate rover1 waypoint17 waypoint8)
14.680: (navigate rover0 waypoint14 waypoint15)
14.685: (calibrate rover0 camera1 objective3 waypoint14)
14.687: (navigate rover1 waypoint17 waypoint8)
14.688: (navigate rover0 waypoint14 waypoint18)
14.688: (navigate rover1 waypoint8 waypoint7)
14.688: (navigate rover1 waypoint17 waypoint8)
13.104: (take_image rover0 waypoint16 objective0 camera3 high_res)
13.205: (take_image rover0 waypoint16 objective0 camera3 high_res)
13.209: (calibrate rover0 camera3 objective0 waypoint16)
13.211: (take_image rover0 waypoint16 objective0 camera1 colour)
13.291: (calibrate rover0 camera3 objective0 waypoint16)
13.294: (drop rover1 rover1store)
13.334: (calibrate rover0 camera1 objective3 waypoint14)
13.334: (navigate rover1 waypoint17 waypoint8)
13.334: (drop rover1 rover1store)
13.334: (drop rover0 rover0store)
13.335: (communicate_soil_data rover0 general waypoint14 waypoint14 waypoint19)
13.336: (communicate_image_data rover0 general objective2 low_res waypoint14 waypoint19)
13.376: (communicate_soil_data rover1 general waypoint17 waypoint3 waypoint19)
13.593: (navigate rover1 waypoint17 waypoint3)
13.597: (take_image rover0 waypoint16 objective0 camera1 colour)
13.597: (navigate rover1 waypoint17 waypoint3)
13.652: (calibrate rover0 camera1 objective3 waypoint18)
13.652: (navigate rover0 waypoint14 waypoint18)
13.669: (navigate rover1 waypoint17 waypoint3)
13.690: (calibrate rover0 camera3 objective0 waypoint16)
13.692: (navigate rover1 waypoint17 waypoint3)
13.696: (take_image rover0 waypoint16 objective0 camera3 colour)
13.706: (calibrate rover0 camera0 objective0 waypoint16)
13.722: (take_image rover0 waypoint16 objective0 camera3 high_res)
13.733: (navigate rover1 waypoint17 waypoint3)
13.807: (calibrate rover0 camera0 objective0 waypoint16)
13.823: (navigate rover0 waypoint14 waypoint16)
13.942: (communicate_image_data rover0 general objective3 colour waypoint14 waypoint19)
13.985: (calibrate rover0 camera0 objective0 waypoint16)
13.988: (navigate rover1 waypoint7 waypoint12)
13.990: (navigate rover1 waypoint17 waypoint8)
13.998: (navigate rover0 waypoint14 waypoint15)
14.009: (take_image rover0 waypoint14 objective3 camera1 colour)
14.011: (navigate rover1 waypoint8 waypoint7)
14.037: (navigate rover1 waypoint17 waypoint8)
14.037: (navigate rover0 waypoint14 waypoint18)
14.039: (take_image rover0 waypoint18 objective3 camera1 colour)
14.049: (navigate rover1 waypoint17 waypoint8)
14.058: (navigate rover1 waypoint17 waypoint8)
14.061: (navigate rover0 waypoint15 waypoint1)
12.083: (take_image rover0 waypoint16 objective0 camera3 high_res)
12.083: (drop rover1 rover1store)
12.155: (calibrate rover0 camera3 objective0 waypoint16)
12.259: (calibrate rover0 camera3 objective0 waypoint16)
12.367: (take_image rover0 waypoint16 objective0 camera3 high_res)
12.367: (navigate rover1 waypoint17 waypoint3)
12.415: (navigate rover1 waypoint17 waypoint3)
12.415: (take_image rover0 waypoint16 objective0 camera1 colour)
12.416: (calibrate rover0 camera3 objective0 waypoint16)
12.430: (take_image rover0 waypoint16 objective0 camera3 high_res)
12.431: (navigate rover1 waypoint17 waypoint3)
12.540: (navigate rover1 waypoint17 waypoint3)
12.540: (drop rover1 rover1store)
12.540: (calibrate rover0 camera3 objective0 waypoint16)
12.592: (take_image rover0 waypoint16 objective0 camera1 colour)
12.593: (communicate_soil_data rover1 general waypoint17 waypoint3 waypoint19)
12.611: (communicate_soil_data rover1 general waypoint17 waypoint3 waypoint19)
12.693: (communicate_soil_data rover1 general waypoint17 waypoint3 waypoint19)
12.695: (calibrate rover0 camera3 objective0 waypoint16)
12.716: (communicate_soil_data rover1 general waypoint17 waypoint3 waypoint19)
12.755: (communicate_soil_data rover1 general waypoint17 waypoint3 waypoint19)
12.801: (calibrate rover0 camera0 objective0 waypoint16)
12.818: (take_image rover0 waypoint16 objective0 camera3 high_res)
12.820: (navigate rover1 waypoint17 waypoint8)
12.828: (calibrate rover0 camera3 objective0 waypoint16)
12.850: (navigate rover1 waypoint17 waypoint8)
12.851: (calibrate rover0 camera3 objective0 waypoint16)
12.860: (calibrate rover0 camera3 objective0 waypoint1)
12.870: (take_image rover0 waypoint16 objective0 camera3 high_res)
12.872: (navigate rover1 waypoint17 waypoint8)
12.895: (calibrate rover0 camera0 objective0 waypoint16)
12.919: (drop rover1 rover1store)
12.920: (take_image rover0 waypoint16 objective0 camera1 colour)
12.920: (navigate rover1 waypoint17 waypoint3)
12.920: (calibrate rover0 camera0 objective0 waypoint16)
12.921: (take_image rover0 waypoint16 objective0 camera0 colour)
12.921: (navigate rover1 waypoint17 waypoint8)
12.921: (navigate rover1 waypoint17 waypoint3)
12.921: (take_image rover0 waypoint16 objective0 camera3 colour)
12.959: (calibrate rover0 camera3 objective0 waypoint16)
11.124: (drop rover1 rover1store)
11.124: (calibrate rover0 camera3 objective0 waypoint16)
11.313: (take_image rover0 waypoint16 objective0 camera3 high_res)
11.313: (drop rover1 rover1store)
11.313: (navigate rover1 waypoint17 waypoint3)
11.348: (communicate_soil_data rover1 general waypoint17 waypoint3 waypoint19)
11.349: (take_image rover0 waypoint16 objective0 camera3 high_res)
11.389: (take_image rover0 waypoint16 objective2 camera3 high_res)
11.403: (take_image rover0 waypoint16 objective0 camera1 colour)
11.403: (communicate_soil_data rover1 general waypoint17 waypoint3 waypoint19)
11.404: (calibrate rover0 camera3 objective0 waypoint16)
11.425: (navigate rover1 waypoint17 waypoint3)
11.425: (calibrate rover0 camera3 objective0 waypoint16)
11.430: (communicate_soil_data rover1 general waypoint17 waypoint3 waypoint19)
11.430: (take_image rover0 waypoint16 objective0 camera3 high_res)
11.496: (navigate rover1 waypoint17 waypoint3)
11.497: (calibrate rover0 camera3 objective0 waypoint16)
11.517: (take_image rover0 waypoint16 objective2 camera3 high_res)
11.548: (calibrate rover0 camera3 objective0 waypoint16)
11.548: (drop rover1 rover1store)
11.548: (communicate_soil_data rover1 general waypoint17 waypoint3 waypoint19)
11.662: (take_image rover0 waypoint1 objective0 camera3 high_res)
11.729: (navigate rover0 waypoint1 waypoint5)
11.752: (navigate rover1 waypoint17 waypoint8)
11.753: (take_image rover0 waypoint16 objective0 camera3 high_res)
11.753: (drop rover1 rover1store)
11.768: (calibrate rover0 camera0 objective0 waypoint16)
11.768: (drop rover1 rover1store)
11.858: (calibrate rover0 camera3 objective0 waypoint16)
11.858: (navigate rover1 waypoint17 waypoint8)
11.901: (communicate_soil_data rover1 general waypoint17 waypoint3 waypoint19)
11.903: (take_image rover0 waypoint16 objective0 camera3 colour)
11.904: (calibrate rover0 camera0 objective0 waypoint16)
11.904: (communicate_soil_data rover1 general waypoint17 waypoint3 waypoint19)
11.913: (navigate rover0 waypoint16 waypoint14)
11.916: (take_image rover0 waypoint16 objective0 camera1 colour)
11.917: (navigate rover1 waypoint17 waypoint8)
11.917: (calibrate rover0 camera3 objective0 waypoint16)
11.972: (calibrate rover0 camera3 objective0 waypoint16)
11.972: (calibrate rover0 camera0 objective0 waypoint16)
10.278: (communicate_soil_data rover1 general waypoint17 waypoint3 waypoint19)
10.278: (drop rover1 rover1store)
10.278: (take_image rover0 waypoint16 objective0 camera3 high_res)
10.371: (calibrate rover0 camera3 objective0 waypoint16)
10.371: (navigate rover1 waypoint17 waypoint3)
10.371: (drop rover1 rover1store)
10.372: (drop rover1 rover1store)
10.372: (take_image rover0 waypoint16 objective2 camera3 high_res)
10.397: (calibrate rover0 camera3 objective0 waypoint16)
10.397: (communicate_soil_data rover1 general waypoint17 waypoint3 waypoint19)
10.486: (communicate_soil_data rover1 general waypoint17 waypoint3 waypoint19)
10.487: (calibrate rover0 camera3 objective0 waypoint16)
10.532: (navigate rover0 waypoint1 waypoint5)
10.633: (navigate rover1 waypoint17 waypoint3)
10.633: (take_image rover0 waypoint16 objective2 camera3 high_res)
10.682: (calibrate rover0 camera3 objective0 waypoint1)
10.712: (take_image rover0 waypoint16 objective2 camera3 high_res)
10.712: (navigate rover1 waypoint17 waypoint3)
10.788: (navigate rover1 waypoint17 waypoint8)
10.789: (calibrate rover0 camera3 objective0 waypoint16)
10.790: (drop rover1 rover1store)
10.941: (drop rover1 rover1store)
10.942: (calibrate rover0 camera3 objective0 waypoint16)
10.942: (calibrate rover0 camera0 objective0 waypoint16)
10.972: (navigate rover0 waypoint16 waypoint14)
11.028: (calibrate rover0 camera0 objective0 waypoint16)
11.031: (navigate rover1 waypoint17 waypoint3)
11.058: (navigate rover1 waypoint17 waypoint3)
11.065: (calibrate rover0 camera0 objective0 waypoint16)
11.104: (navigate rover1 waypoint17 waypoint3)
11.145: (calibrate rover0 camera0 objective0 waypoint16)
11.147: (navigate rover1 waypoint8 waypoint0)
11.150: (navigate rover1 waypoint8 waypoint0)
11.162: (calibrate rover0 camera3 objective0 waypoint16)
11.172: (take_image rover0 waypoint16 objective2 camera3 high_res)
11.174: (navigate rover1 waypoint17 waypoint8)
11.193: (calibrate rover0 camera3 objective0 waypoint16)
11.193: (calibrate rover0 camera0 objective0 waypoint16)
11.215: (navigate rover1 waypoint17 waypoint8)
11.216: (take_image rover0 waypoint16 objective2 camera3 high_res)
9.325: (communicate_soil_data rover1 general waypoint17 waypoint3 waypoint19)
9.326: (calibrate rover0 camera3 objective0 waypoint16)
9.326: (drop rover1 rover1store)
9.531: (navigate rover0 waypoint1 waypoint5)
9.584: (navigate rover1 waypoint17 waypoint3)
9.584: (drop rover1 rover1store)
9.584: (take_image rover0 waypoint16 objective2 camera3 high_res)
9.588: (communicate_soil_data rover1 general waypoint17 waypoint3 waypoint19)
9.589: (take_image rover0 waypoint16 objective2 camera3 high_res)
9.686: (take_image rover0 waypoint16 objective2 camera3 high_res)
9.686: (communicate_soil_data rover1 general waypoint17 waypoint3 waypoint19)
9.859: (take_image rover0 waypoint1 objective2 camera3 high_res)
9.890: (navigate rover1 waypoint0 waypoint5)
9.926: (navigate rover1 waypoint0 waypoint5)
9.991: (drop rover1 rover1store)
9.991: (communicate_soil_data rover1 general waypoint17 waypoint3 waypoint19)
9.992: (calibrate rover0 camera0 objective0 waypoint16)
9.992: (calibrate rover0 camera3 objective0 waypoint1)
9.993: (navigate rover1 waypoint17 waypoint3)
10.074: (communicate_soil_data rover1 general waypoint17 waypoint3 waypoint19)
10.089: (communicate_soil_data rover1 general waypoint17 waypoint3 waypoint19)
10.110: (sample_soil rover0 rover0store waypoint5)
10.112: (take_image rover0 waypoint16 objective2 camera3 high_res)
10.114: (navigate rover1 waypoint17 waypoint8)
10.117: (drop rover1 rover1store)
10.128: (navigate rover1 waypoint8 waypoint0)
10.129: (calibrate rover0 camera3 objective0 waypoint16)
10.130: (drop rover1 rover1store)
10.195: (navigate rover1 waypoint17 waypoint3)
10.196: (calibrate rover0 camera0 objective0 waypoint16)
10.198: (calibrate rover0 camera3 objective0 waypoint16)
10.209: (calibrate rover0 camera1 objective3 waypoint5)
10.220: (calibrate rover0 camera0 objective0 waypoint16)
10.220: (calibrate rover0 camera3 objective0 waypoint16)
10.251: (navigate rover0 waypoint16 waypoint14)
10.253: (take_image rover0 waypoint14 objective2 camera3 high_res)
10.263: (take_image rover0 waypoint16 objective2 camera3 high_res)
10.265: (calibrate rover0 camera0 objective0 waypoint16)
10.274: (navigate rover1 waypoint17 waypoint8)
10.276: (calibrate rover0 camera3 objective0 waypoint16)
8.515: (take_image rover0 waypoint16 objective2 camera3 high_res)
8.516: (drop rover1 rover1store)
8.516: (communicate_soil_data rover1 general waypoint17 waypoint3 waypoint19)
8.793: (navigate rover0 waypoint1 waypoint5)
8.793: (take_image rover0 waypoint5 objective2 camera3 high_res)
8.884: (communicate_soil_data rover1 general waypoint17 waypoint5 waypoint19)
8.891: (navigate rover1 waypoint0 waypoint5)
8.892: (drop rover1 rover1store)
8.892: (calibrate rover0 camera3 objective0 waypoint16)
8.904: (communicate_soil_data rover0 general waypoint5 waypoint5 waypoint19)
8.933: (communicate_soil_data rover1 general waypoint17 waypoint5 waypoint19)
8.980: (take_image rover0 waypoint1 objective2 camera3 high_res)
8.981: (navigate rover1 waypoint17 waypoint3)
8.997: (calibrate rover0 camera3 objective0 waypoint1)
8.997: (communicate_soil_data rover1 general waypoint17 waypoint3 waypoint19)
9.040: (drop rover0 rover0store)
9.128: (sample_soil rover0 rover0store waypoint5)
9.148: (drop rover1 rover1store)
9.149: (communicate_soil_data rover1 general waypoint17 waypoint3 waypoint19)
9.150: (calibrate rover0 camera0 objective0 waypoint16)
9.151: (calibrate rover0 camera3 objective0 waypoint16)
9.186: (take_image rover0 waypoint16 objective2 camera3 high_res)
9.235: (navigate rover1 waypoint17 waypoint8)
9.236: (navigate rover0 waypoint1 waypoint5)
9.236: (navigate rover1 waypoint17 waypoint3)
9.275: (navigate rover0 waypoint1 waypoint5)
9.297: (take_image rover0 waypoint16 objective2 camera3 high_res)
9.297: (navigate rover1 waypoint8 waypoint0)
9.319: (calibrate rover0 camera1 objective3 waypoint5)
9.382: (sample_soil rover1 rover1store waypoint5)
9.496: (communicate_image_data rover0 general objective2 high_res waypoint14 waypoint19)
9.519: (navigate rover1 waypoint17 waypoint3)
9.520: (take_image rover0 waypoint16 objective2 camera3 high_res)
9.521: (calibrate rover0 camera0 objective0 waypoint16)
9.522: (navigate rover1 waypoint17 waypoint3)
9.524: (calibrate rover0 camera3 objective0 waypoint16)
9.524: (navigate rover1 waypoint17 waypoint8)
9.536: (navigate rover0 waypoint1 waypoint10)
9.571: (navigate rover0 waypoint16 waypoint14)
9.579: (calibrate rover0 camera0 objective0 waypoint16)
7.809: (communicate_soil_data rover0 general waypoint5 waypoint5 waypoint19)
7.810: (drop rover0 rover0store)
7.882: (communicate_soil_data rover1 general waypoint17 waypoint5 waypoint19)
7.882: (calibrate rover0 camera3 objective0 waypoint16)
7.882: (drop rover1 rover1store)
7.920: (communicate_soil_data rover0 general waypoint5 waypoint5 waypoint19)
7.968: (communicate_soil_data rover1 general waypoint17 waypoint3 waypoint19)
7.968: (take_image rover0 waypoint1 objective2 camera3 high_res)
7.978: (communicate_image_data rover0 general objective2 high_res waypoint5 waypoint19)
8.067: (drop rover0 rover0store)
8.157: (take_image rover0 waypoint16 objective2 camera3 high_res)
8.159: (drop rover1 rover1store)
8.159: (navigate rover1 waypoint0 waypoint5)
8.177: (take_image rover0 waypoint16 objective2 camera3 high_res)
8.178: (communicate_soil_data rover1 general waypoint17 waypoint5 waypoint19)
8.202: (communicate_soil_data rover1 general waypoint17 waypoint3 waypoint19)
8.202: (navigate rover0 waypoint1 waypoint5)
8.239: (communicate_soil_data rover1 general waypoint5 waypoint5 waypoint19)
8.321: (communicate_soil_data rover1 general waypoint17 waypoint5 waypoint19)
8.322: (sample_soil rover1 rover1store waypoint5)
8.362: (take_image rover0 waypoint5 objective2 camera3 high_res)
8.365: (navigate rover0 waypoint1 waypoint5)
8.365: (navigate rover1 waypoint17 waypoint3)
8.390: (sample_soil rover1 rover1store waypoint5)
8.391: (calibrate rover0 camera3 objective0 waypoint16)
8.423: (drop rover1 rover1store)
8.435: (sample_soil rover0 rover0store waypoint5)
8.437: (take_image rover0 waypoint5 objective2 camera3 high_res)
8.448: (navigate rover1 waypoint17 waypoint8)
8.450: (take_image rover0 waypoint5 objective2 camera3 high_res)
8.452: (navigate rover0 waypoint1 waypoint5)
8.499: (take_image rover0 waypoint16 objective2 camera3 high_res)
8.500: (calibrate rover0 camera0 objective0 waypoint16)
8.502: (communicate_soil_data rover1 general waypoint17 waypoint3 waypoint19)
8.503: (calibrate rover0 camera3 objective0 waypoint16)
8.504: (communicate_soil_data rover1 general waypoint17 waypoint3 waypoint19)
8.553: (take_image rover0 waypoint5 objective2 camera3 high_res)
8.555: (calibrate rover0 camera1 objective3 waypoint5)
8.560: (navigate rover1 waypoint17 waypoint3)
8.588: (calibrate rover0 camera1 objective3 waypoint5)
6.826: (communicate_soil_data rover0 general waypoint5 waypoint5 waypoint19)
6.827: (drop rover0 rover0store)
7.110: (navigate rover1 waypoint17 waypoint3)
7.110: (communicate_image_data rover0 general objective2 high_res waypoint5 waypoint19)
7.126: (drop rover1 rover1store)
7.126: (communicate_soil_data rover1 general waypoint17 waypoint5 waypoint19)
7.127: (take_image rover0 waypoint16 objective2 camera3 high_res)
7.199: (communicate_soil_data rover1 general waypoint5 waypoint5 waypoint19)
7.199: (communicate_soil_data rover1 general waypoint17 waypoint5 waypoint19)
7.238: (communicate_soil_data rover1 general waypoint5 waypoint5 waypoint19)
7.240: (drop rover1 rover1store)
7.252: (communicate_soil_data rover1 general waypoint5 waypoint5 waypoint19)
7.254: (calibrate rover0 camera3 objective0 waypoint16)
7.295: (take_image rover0 waypoint5 objective2 camera3 high_res)
7.295: (drop rover0 rover0store)
7.313: (communicate_soil_data rover1 general waypoint17 waypoint3 waypoint19)
7.314: (navigate rover0 waypoint1 waypoint5)
7.315: (take_image rover0 waypoint5 objective2 camera3 high_res)
7.321: (sample_soil rover1 rover1store waypoint5)
7.322: (communicate_soil_data rover1 general waypoint17 waypoint5 waypoint19)
7.322: (calibrate rover0 camera3 objective0 waypoint16)
7.383: (communicate_soil_data rover1 general waypoint17 waypoint5 waypoint19)
7.384: (drop rover1 rover1store)
7.408: (communicate_soil_data rover0 general waypoint5 waypoint5 waypoint19)
7.409: (take_image rover0 waypoint5 objective2 camera3 high_res)
7.422: (drop rover1 rover1store)
7.423: (calibrate rover0 camera3 objective0 waypoint16)
7.493: (calibrate rover0 camera1 objective3 waypoint5)
7.494: (drop rover0 rover0store)
7.497: (navigate rover1 waypoint17 waypoint3)
7.502: (communicate_soil_data rover1 general waypoint17 waypoint3 waypoint19)
7.520: (drop rover0 rover0store)
7.525: (navigate rover1 waypoint17 waypoint3)
7.582: (navigate rover1 waypoint17 waypoint8)
7.692: (sample_soil rover1 rover1store waypoint5)
7.696: (take_image rover0 waypoint16 objective2 camera3 high_res)
7.705: (calibrate rover0 camera0 objective0 waypoint16)
7.707: (sample_soil rover0 rover0store waypoint5)
7.752: (navigate rover1 waypoint17 waypoint3)
7.774: (navigate rover1 waypoint17 waypoint8)
6.070: (communicate_soil_data rover1 general waypoint17 waypoint3 waypoint19)
6.072: (communicate_image_data rover0 general objective2 high_res waypoint5 waypoint19)
6.216: (drop rover1 rover1store)
6.216: (communicate_soil_data rover1 general waypoint17 waypoint5 waypoint19)
6.217: (communicate_soil_data rover1 general waypoint5 waypoint5 waypoint19)
6.230: (drop rover1 rover1store)
6.231: (drop rover0 rover0store)
6.231: (calibrate rover0 camera3 objective0 waypoint16)
6.231: (communicate_soil_data rover0 general waypoint5 waypoint5 waypoint19)
6.232: (communicate_soil_data rover1 general waypoint5 waypoint5 waypoint19)
6.232: (take_image rover0 waypoint5 objective2 camera3 high_res)
6.241: (communicate_soil_data rover1 general waypoint17 waypoint5 waypoint19)
6.241: (communicate_soil_data rover1 general waypoint5 waypoint5 waypoint19)
6.241: (calibrate rover0 camera3 objective0 waypoint16)
6.372: (calibrate rover0 camera3 objective0 waypoint16)
6.372: (drop rover1 rover1store)
6.373: (communicate_soil_data rover1 general waypoint17 waypoint5 waypoint19)
6.435: (communicate_soil_data rover1 general waypoint17 waypoint3 waypoint19)
6.437: (communicate_soil_data rover0 general waypoint5 waypoint5 waypoint19)
6.472: (drop rover0 rover0store)
6.472: (communicate_soil_data rover1 general waypoint17 waypoint3 waypoint19)
6.483: (drop rover0 rover0store)
6.485: (navigate rover1 waypoint17 waypoint3)
6.486: (communicate_soil_data rover0 general waypoint5 waypoint5 waypoint19)
6.640: (take_image rover0 waypoint5 objective2 camera3 high_res)
6.641: (navigate rover1 waypoint17 waypoint3)
6.654: (navigate rover1 waypoint17 waypoint8)
6.656: (take_image rover0 waypoint16 objective2 camera3 high_res)
6.656: (sample_soil rover1 rover1store waypoint5)
6.656: (communicate_soil_data rover0 general waypoint5 waypoint5 waypoint19)
6.658: (communicate_soil_data rover1 general waypoint17 waypoint5 waypoint19)
6.671: (communicate_image_data rover0 general objective2 high_res waypoint5 waypoint19)
6.685: (communicate_soil_data rover1 general waypoint5 waypoint5 waypoint19)
6.688: (take_image rover0 waypoint16 objective2 camera3 high_res)
6.693: (drop rover0 rover0store)
6.696: (communicate_soil_data rover1 general waypoint17 waypoint3 waypoint19)
6.698: (take_image rover0 waypoint16 objective2 camera3 high_res)
6.698: (drop rover1 rover1store)
6.799: (calibrate rover0 camera1 objective3 waypoint5)
6.807: (communicate_image_data rover0 general objective2 high_res waypoint5 waypoint19)
5.213: (communicate_soil_data rover1 general waypoint17 waypoint5 waypoint19)
5.213: (drop rover1 rover1store)
5.213: (calibrate rover0 camera3 objective0 waypoint16)
5.214: (communicate_soil_data rover1 general waypoint5 waypoint5 waypoint19)
5.429: (communicate_soil_data rover0 general waypoint5 waypoint5 waypoint19)
5.431: (drop rover0 rover0store)
5.432: (communicate_soil_data rover1 general waypoint17 waypoint3 waypoint19)
5.539: (communicate_soil_data rover1 general waypoint17 waypoint3 waypoint19)
5.541: (take_image rover0 waypoint5 objective2 camera3 high_res)
5.570: (drop rover0 rover0store)
5.570: (take_image rover0 waypoint5 objective2 camera3 high_res)
5.571: (navigate rover1 waypoint17 waypoint3)
5.639: (communicate_soil_data rover0 general waypoint5 waypoint5 waypoint19)
5.640: (drop rover0 rover0store)
5.640: (communicate_image_data rover0 general objective2 high_res waypoint5 waypoint19)
5.644: (communicate_soil_data rover1 general waypoint5 waypoint5 waypoint19)
5.644: (drop rover1 rover1store)
5.646: (take_image rover0 waypoint16 objective2 camera3 high_res)
5.673: (take_image rover0 waypoint16 objective2 camera3 high_res)
5.674: (communicate_soil_data rover1 general waypoint5 waypoint5 waypoint19)
5.674: (communicate_soil_data rover1 general waypoint17 waypoint5 waypoint19)
5.681: (take_image rover0 waypoint16 objective2 camera3 high_res)
5.685: (communicate_soil_data rover1 general waypoint17 waypoint5 waypoint19)
5.685: (drop rover1 rover1store)
5.740: (navigate rover1 waypoint17 waypoint3)
5.764: (take_image rover0 waypoint5 objective2 camera3 high_res)
5.767: (communicate_image_data rover0 general objective2 high_res waypoint5 waypoint19)
5.771: (navigate rover1 waypoint17 waypoint3)
5.825: (sample_soil rover0 rover0store waypoint5)
5.926: (calibrate rover0 camera0 objective0 waypoint16)
6.004: (calibrate rover0 camera1 objective3 waypoint5)
6.084: (navigate rover1 waypoint17 waypoint8)
6.087: (take_image rover0 waypoint5 objective2 camera3 high_res)
6.166: (calibrate rover0 camera1 objective3 waypoint5)
6.215: (calibrate rover0 camera1 objective3 waypoint5)
6.217: (take_image rover0 waypoint5 objective2 camera3 high_res)
6.220: (calibrate rover0 camera1 objective3 waypoint5)
6.244: (calibrate rover0 camera1 objective3 waypoint5)
6.245: (navigate rover1 waypoint17 waypoint3)
6.258: (calibrate rover0 camera0 objective0 waypoint16)
4.474: (drop rover0 rover0store)
4.474: (communicate_soil_data rover1 general waypoint17 waypoint3 waypoint19)
4.475: (take_image rover0 waypoint5 objective2 camera3 high_res)
4.475: (communicate_soil_data rover0 general waypoint5 waypoint5 waypoint19)
4.645: (communicate_soil_data rover1 general waypoint17 waypoint5 waypoint19)
4.645: (drop rover1 rover1store)
4.645: (communicate_soil_data rover1 general waypoint5 waypoint5 waypoint19)
4.645: (take_image rover0 waypoint16 objective2 camera3 high_res)
4.649: (drop rover0 rover0store)
4.649: (communicate_soil_data rover0 general waypoint5 waypoint5 waypoint19)
4.649: (navigate rover1 waypoint17 waypoint3)
4.649: (communicate_image_data rover0 general objective2 high_res waypoint5 waypoint19)
4.716: (communicate_image_data rover0 general objective2 high_res waypoint5 waypoint19)
4.716: (drop rover0 rover0store)
4.716: (communicate_soil_data rover1 general waypoint17 waypoint3 waypoint19)
4.746: (communicate_image_data rover0 general objective2 high_res waypoint5 waypoint19)
4.747: (communicate_soil_data rover1 general waypoint17 waypoint3 waypoint19)
4.748: (communicate_soil_data rover0 general waypoint5 waypoint5 waypoint19)
5.190: (calibrate rover0 camera1 objective3 waypoint5)
5.191: (drop rover0 rover0store)
5.191: (communicate_soil_data rover1 general waypoint17 waypoint3 waypoint19)
5.264: (calibrate rover0 camera0 objective0 waypoint16)
5.265: (calibrate rover0 camera3 objective0 waypoint16)
5.268: (communicate_soil_data rover1 general waypoint17 waypoint5 waypoint19)
5.366: (navigate rover1 waypoint17 waypoint3)
5.367: (calibrate rover0 camera1 objective3 waypoint5)
5.371: (take_image rover0 waypoint5 objective2 camera3 high_res)
5.405: (take_image rover0 waypoint16 objective2 camera3 colour)
5.408: (take_image rover0 waypoint16 objective2 camera0 colour)
5.456: (take_image rover0 waypoint5 objective2 camera3 high_res)
5.456: (calibrate rover0 camera1 objective3 waypoint5)
5.485: (calibrate rover0 camera1 objective3 waypoint5)
5.488: (navigate rover0 waypoint5 waypoint1)
5.509: (navigate rover0 waypoint5 waypoint1)
5.516: (navigate rover1 waypoint17 waypoint8)
5.516: (communicate_image_data rover0 general objective2 high_res waypoint5 waypoint19)
5.557: (navigate rover0 waypoint5 waypoint1)
5.582: (take_image rover0 waypoint5 objective2 camera1 colour)
5.583: (take_image rover0 waypoint5 objective2 camera3 colour)
5.601: (communicate_image_data rover0 general objective2 high_res waypoint5 waypoint19)
3.625: (communicate_soil_data rover0 general waypoint5 waypoint5 waypoint19)
3.625: (drop rover0 rover0store)
3.625: (communicate_image_data rover0 general objective2 high_res waypoint5 waypoint19)
3.625: (communicate_soil_data rover1 general waypoint17 waypoint3 waypoint19)
4.336: (take_image rover0 waypoint5 objective2 camera3 high_res)
4.336: (calibrate rover0 camera1 objective3 waypoint5)
4.336: (communicate_soil_data rover1 general waypoint17 waypoint3 waypoint19)
4.338: (communicate_soil_data rover0 general waypoint5 waypoint5 waypoint19)
4.338: (drop rover0 rover0store)
4.520: (take_image rover0 waypoint1 objective2 camera3 high_res)
4.520: (communicate_soil_data rover1 general waypoint17 waypoint3 waypoint19)
4.521: (navigate rover0 waypoint5 waypoint1)
4.601: (calibrate rover0 camera1 objective3 waypoint5)
4.601: (communicate_image_data rover0 general objective2 high_res waypoint5 waypoint19)
4.602: (navigate rover1 waypoint17 waypoint3)
4.651: (calibrate rover0 camera0 objective0 waypoint16)
4.651: (take_image rover0 waypoint16 objective2 camera3 high_res)
4.654: (calibrate rover0 camera3 objective0 waypoint16)
4.664: (communicate_image_data rover0 general objective2 high_res waypoint5 waypoint19)
4.665: (calibrate rover0 camera1 objective3 waypoint5)
4.668: (communicate_image_data rover0 general objective2 high_res waypoint5 waypoint19)
4.668: (calibrate rover0 camera1 objective3 waypoint5)
4.719: (take_image rover0 waypoint5 objective2 camera1 colour)
4.854: (navigate rover0 waypoint5 waypoint1)
4.879: (navigate rover1 waypoint5 waypoint0)
4.893: (navigate rover0 waypoint16 waypoint14)
4.911: (calibrate rover0 camera1 objective3 waypoint5)
4.912: (take_image rover0 waypoint5 objective2 camera3 colour)
4.923: (calibrate rover0 camera3 objective0 waypoint16)
4.923: (take_image rover0 waypoint16 objective2 camera0 colour)
4.939: (navigate rover0 waypoint5 waypoint1)
4.950: (navigate rover0 waypoint5 waypoint1)
5.031: (navigate rover1 waypoint5 waypoint19)
5.081: (navigate rover0 waypoint1 waypoint3)
5.129: (take_image rover0 waypoint16 objective2 camera3 colour)
5.129: (calibrate rover0 camera0 objective0 waypoint16)
5.130: (navigate rover0 waypoint1 waypoint3)
5.162: (navigate rover0 waypoint1 waypoint3)
5.164: (navigate rover1 waypoint3 waypoint17)
5.189: (take_image rover0 waypoint16 objective0 camera0 low_res)
3.580: (drop rover0 rover0store)
3.580: (communicate_soil_data rover0 general waypoint5 waypoint5 waypoint19)
3.580: (communicate_image_data rover0 general objective2 high_res waypoint5 waypoint19)
3.581: (calibrate rover0 camera1 objective3 waypoint5)
3.581: (communicate_soil_data rover1 general waypoint17 waypoint3 waypoint19)
3.873: (communicate_soil_data rover1 general waypoint17 waypoint3 waypoint19)
3.874: (drop rover0 rover0store)
3.875: (navigate rover0 waypoint5 waypoint1)
4.041: (communicate_soil_data rover0 general waypoint5 waypoint3 waypoint19)
4.042: (navigate rover0 waypoint1 waypoint3)
4.042: (communicate_soil_data rover1 general waypoint17 waypoint3 waypoint19)
4.167: (communicate_image_data rover0 general objective2 high_res waypoint14 waypoint19)
4.220: (navigate rover0 waypoint1 waypoint10)
4.249: (navigate rover0 waypoint1 waypoint10)
4.286: (navigate rover0 waypoint1 waypoint17)
4.295: (navigate rover0 waypoint1 waypoint10)
4.295: (navigate rover0 waypoint1 waypoint3)
4.298: (communicate_image_data rover0 general objective2 high_res waypoint3 waypoint19)
4.317: (navigate rover0 waypoint1 waypoint10)
4.359: (navigate rover0 waypoint1 waypoint3)
4.365: (communicate_image_data rover0 general objective2 high_res waypoint3 waypoint19)
4.398: (navigate rover0 waypoint1 waypoint3)
4.414: (navigate rover0 waypoint3 waypoint4)
4.424: (take_image rover0 waypoint5 objective2 camera3 high_res)
4.425: (take_image rover0 waypoint5 objective2 camera1 colour)
4.454: (take_image rover0 waypoint5 objective3 camera1 low_res)
4.463: (take_image rover0 waypoint16 objective2 camera3 colour)
4.464: (take_image rover0 waypoint16 objective2 camera3 high_res)
4.464: (take_image rover0 waypoint16 objective2 camera0 colour)
4.482: (navigate rover0 waypoint3 waypoint4)
4.518: (navigate rover0 waypoint3 waypoint4)
4.550: (calibrate rover0 camera3 objective0 waypoint1)
4.556: (navigate rover0 waypoint5 waypoint1)
4.557: (calibrate rover0 camera0 objective0 waypoint1)
4.560: (navigate rover1 waypoint3 waypoint17)
4.560: (communicate_image_data rover0 general objective2 high_res waypoint5 waypoint19)
4.625: (take_image rover0 waypoint5 objective3 camera1 low_res)
4.625: (take_image rover0 waypoint16 objective0 camera3 low_res)
4.626: (take_image rover0 waypoint16 objective0 camera0 low_res)
4.626: (take_image rover0 waypoint16 objective2 camera3 high_res)
3.219: (navigate rover0 waypoint1 waypoint10)
3.220: (drop rover0 rover0store)
3.220: (communicate_soil_data rover1 general waypoint17 waypoint3 waypoint19)
3.284: (drop rover0 rover0store)
3.285: (communicate_soil_data rover0 general waypoint5 waypoint3 waypoint19)
3.285: (communicate_soil_data rover1 general waypoint17 waypoint3 waypoint19)
3.285: (communicate_image_data rover0 general objective2 high_res waypoint3 waypoint19)
3.285: (navigate rover0 waypoint1 waypoint3)
3.434: (navigate rover0 waypoint3 waypoint4)
3.434: (take_image rover0 waypoint4 objective2 camera3 high_res)
3.435: (communicate_soil_data rover1 general waypoint17 waypoint3 waypoint19)
3.599: (communicate_soil_data rover1 general waypoint17 waypoint3 waypoint19)
3.600: (communicate_image_data rover0 general objective2 high_res waypoint5 waypoint19)
3.602: (take_image rover0 waypoint5 objective3 camera1 low_res)
3.630: (take_image rover0 waypoint5 objective2 camera1 colour)
3.632: (navigate rover0 waypoint1 waypoint17)
3.632: (communicate_image_data rover0 general objective2 high_res waypoint5 waypoint19)
3.646: (navigate rover0 waypoint3 waypoint4)
3.697: (navigate rover0 waypoint3 waypoint4)
3.715: (navigate rover0 waypoint3 waypoint4)
3.723: (sample_soil rover0 rover0store waypoint4)
3.808: (navigate rover0 waypoint1 waypoint15)
3.857: (calibrate rover0 camera3 objective0 waypoint1)
3.870: (calibrate rover0 camera0 objective0 waypoint1)
3.878: (navigate rover0 waypoint5 waypoint1)
3.901: (navigate rover0 waypoint1 waypoint0)
3.938: (calibrate rover0 camera1 objective3 waypoint5)
3.968: (navigate rover0 waypoint1 waypoint10)
3.986: (navigate rover0 waypoint1 waypoint10)
4.023: (navigate rover0 waypoint1 waypoint10)
4.030: (navigate rover0 waypoint14 waypoint16)
4.046: (navigate rover0 waypoint1 waypoint3)
4.046: (calibrate rover0 camera1 objective3 waypoint3)
4.067: (navigate rover0 waypoint1 waypoint9)
4.068: (navigate rover0 waypoint1 waypoint3)
4.080: (navigate rover0 waypoint1 waypoint3)
4.088: (calibrate rover0 camera1 objective3 waypoint14)
4.136: (sample_soil rover0 rover0store waypoint4)
4.152: (navigate rover1 waypoint3 waypoint17)
4.211: (navigate rover1 waypoint3 waypoint17)
2.655: (drop rover0 rover0store)
2.655: (communicate_soil_data rover1 general waypoint17 waypoint3 waypoint19)
2.655: (navigate rover0 waypoint3 waypoint4)
3.114: (communicate_soil_data rover1 general waypoint17 waypoint3 waypoint19)
3.119: (sample_soil rover0 rover0store waypoint4)
3.120: (take_image rover0 waypoint4 objective2 camera3 high_res)
3.182: (navigate rover0 waypoint1 waypoint10)
3.207: (navigate rover0 waypoint1 waypoint10)
3.210: (navigate rover0 waypoint1 waypoint10)
3.220: (sample_soil rover0 rover0store waypoint4)
3.249: (communicate_image_data rover0 general objective2 high_res waypoint3 waypoint19)
3.250: (calibrate rover0 camera1 objective3 waypoint3)
3.250: (navigate rover0 waypoint1 waypoint3)
3.275: (navigate rover0 waypoint1 waypoint3)
3.275: (communicate_image_data rover0 general objective2 high_res waypoint3 waypoint19)
3.278: (navigate rover0 waypoint1 waypoint3)
3.279: (communicate_image_data rover0 general objective2 high_res waypoint3 waypoint19)
3.403: (sample_soil rover0 rover0store waypoint4)
3.432: (take_image rover0 waypoint4 objective2 camera3 high_res)
3.433: (navigate rover0 waypoint3 waypoint4)
3.434: (navigate rover1 waypoint3 waypoint17)
3.445: (navigate rover1 waypoint3 waypoint17)
3.457: (navigate rover0 waypoint3 waypoint4)
3.472: (navigate rover0 waypoint3 waypoint4)
3.549: (calibrate rover0 camera1 objective3 waypoint5)
3.558: (communicate_image_data rover0 general objective2 high_res waypoint5 waypoint19)
3.558: (calibrate rover0 camera1 objective3 waypoint5)
3.604: (navigate rover0 waypoint0 waypoint2)
3.606: (navigate rover0 waypoint1 waypoint5)
3.608: (navigate rover0 waypoint1 waypoint5)
3.615: (communicate_image_data rover0 general objective3 low_res waypoint5 waypoint19)
3.616: (drop rover0 rover0store)
3.627: (calibrate rover0 camera3 objective0 waypoint17)
3.628: (navigate rover0 waypoint1 waypoint17)
3.634: (navigate rover0 waypoint1 waypoint17)
3.634: (calibrate rover0 camera0 objective0 waypoint17)
3.638: (navigate rover0 waypoint1 waypoint17)
3.639: (calibrate rover0 camera1 objective3 waypoint17)
3.643: (sample_soil rover0 rover0store waypoint4)
3.644: (navigate rover1 waypoint3 waypoint17)
2.218: (sample_soil rover0 rover0store waypoint4)
2.218: (communicate_soil_data rover1 general waypoint17 waypoint3 waypoint19)
2.616: (navigate rover0 waypoint3 waypoint4)
2.643: (navigate rover0 waypoint3 waypoint4)
2.643: (navigate rover0 waypoint3 waypoint4)
2.656: (navigate rover1 waypoint3 waypoint17)
2.948: (take_image rover0 waypoint4 objective2 camera3 high_res)
2.949: (drop rover0 rover0store)
2.982: (take_image rover0 waypoint4 objective2 camera3 high_res)
2.983: (navigate rover1 waypoint3 waypoint17)
2.984: (sample_soil rover0 rover0store waypoint4)
3.010: (navigate rover0 waypoint4 waypoint3)
3.035: (navigate rover0 waypoint4 waypoint3)
3.070: (sample_soil rover0 rover0store waypoint4)
3.072: (sample_soil rover0 rover0store waypoint4)
3.084: (sample_soil rover0 rover0store waypoint4)
3.091: (drop rover0 rover0store)
3.105: (navigate rover1 waypoint3 waypoint17)
3.190: (navigate rover0 waypoint4 waypoint3)
3.258: (navigate rover1 waypoint3 waypoint17)
3.266: (take_image rover0 waypoint3 objective3 camera1 low_res)
3.267: (take_image rover0 waypoint3 objective3 camera0 low_res)
3.267: (take_image rover0 waypoint3 objective3 camera3 low_res)
3.278: (calibrate rover0 camera1 objective3 waypoint3)
3.282: (calibrate rover0 camera1 objective3 waypoint3)
3.293: (take_image rover0 waypoint3 objective3 camera3 high_res)
3.303: (drop rover0 rover0store)
3.373: (take_image rover0 waypoint4 objective2 camera1 colour)
3.373: (take_image rover0 waypoint4 objective2 camera0 colour)
3.373: (take_image rover0 waypoint4 objective2 camera3 colour)
3.402: (navigate rover1 waypoint17 waypoint8)
3.418: (navigate rover1 waypoint3 waypoint17)
3.419: (navigate rover1 waypoint3 waypoint17)
3.432: (navigate rover1 waypoint3 waypoint17)
3.433: (navigate rover1 waypoint3 waypoint17)
3.446: (navigate rover1 waypoint3 waypoint17)
3.452: (navigate rover1 waypoint3 waypoint17)
3.534: (navigate rover1 waypoint17 waypoint8)
3.556: (calibrate rover0 camera1 objective3 waypoint5)
3.556: (communicate_image_data rover0 general objective3 low_res waypoint5 waypoint19)
2.004: (communicate_soil_data rover0 general waypoint4 waypoint3 waypoint19)
2.022: (communicate_image_data rover0 general objective2 high_res waypoint3 waypoint19)
2.023: (navigate rover0 waypoint4 waypoint3)
2.023: (communicate_soil_data rover1 general waypoint17 waypoint3 waypoint19)
2.024: (communicate_soil_data rover0 general waypoint5 waypoint3 waypoint19)
2.041: (communicate_soil_data rover0 general waypoint4 waypoint3 waypoint19)
2.113: (communicate_soil_data rover1 general waypoint17 waypoint3 waypoint19)
2.115: (drop rover0 rover0store)
2.133: (sample_soil rover0 rover0store waypoint4)
2.141: (sample_soil rover0 rover0store waypoint4)
2.153: (sample_soil rover0 rover0store waypoint4)
2.159: (sample_soil rover0 rover0store waypoint4)
2.160: (navigate rover1 waypoint3 waypoint17)
2.164: (communicate_soil_data rover0 general waypoint4 waypoint3 waypoint19)
2.621: (navigate rover1 waypoint17 waypoint8)
2.625: (navigate rover1 waypoint3 waypoint17)
2.633: (navigate rover1 waypoint3 waypoint17)
2.642: (navigate rover0 waypoint3 waypoint4)
2.644: (navigate rover0 waypoint3 waypoint4)
2.644: (navigate rover0 waypoint3 waypoint4)
2.646: (navigate rover1 waypoint3 waypoint17)
2.658: (take_image rover0 waypoint4 objective2 camera1 colour)
2.658: (take_image rover0 waypoint4 objective2 camera3 colour)
2.658: (take_image rover0 waypoint4 objective2 camera0 colour)
2.667: (navigate rover0 waypoint3 waypoint4)
2.898: (navigate rover1 waypoint3 waypoint17)
2.898: (navigate rover0 waypoint4 waypoint3)
2.921: (drop rover0 rover0store)
2.933: (sample_soil rover0 rover0store waypoint4)
2.933: (navigate rover1 waypoint3 waypoint17)
2.941: (drop rover0 rover0store)
2.949: (drop rover0 rover0store)
2.955: (navigate rover0 waypoint4 waypoint3)
2.955: (drop rover0 rover0store)
2.963: (navigate rover0 waypoint4 waypoint3)
2.967: (sample_soil rover0 rover0store waypoint4)
2.967: (navigate rover1 waypoint3 waypoint17)
2.968: (calibrate rover0 camera1 objective3 waypoint3)
2.969: (navigate rover1 waypoint3 waypoint17)
2.969: (sample_soil rover0 rover0store waypoint4)
1.000: (communicate_soil_data rover1 general waypoint17 waypoint3 waypoint19)
1.000: (communicate_soil_data rover0 general waypoint4 waypoint3 waypoint19)
1.001: (communicate_image_data rover0 general objective2 high_res waypoint3 waypoint19)
1.001: (communicate_soil_data rover0 general waypoint5 waypoint3 waypoint19)
1.916: (communicate_soil_data rover0 general waypoint4 waypoint3 waypoint19)
1.918: (drop rover0 rover0store)
1.925: (communicate_soil_data rover0 general waypoint4 waypoint3 waypoint19)
1.927: (navigate rover1 waypoint3 waypoint17)
1.945: (communicate_soil_data rover0 general waypoint4 waypoint3 waypoint19)
1.953: (calibrate rover0 camera1 objective3 waypoint3)
1.954: (communicate_soil_data rover1 general waypoint17 waypoint3 waypoint19)
1.955: (navigate rover0 waypoint4 waypoint3)
1.956: (calibrate rover0 camera1 objective3 waypoint3)
1.961: (drop rover0 rover0store)
1.966: (calibrate rover0 camera1 objective3 waypoint3)
1.967: (navigate rover0 waypoint4 waypoint3)
1.967: (communicate_image_data rover0 general objective2 high_res waypoint3 waypoint19)
1.967: (drop rover0 rover0store)
1.967: (communicate_soil_data rover0 general waypoint4 waypoint3 waypoint19)
1.967: (navigate rover0 waypoint4 waypoint3)
1.968: (communicate_image_data rover0 general objective2 high_res waypoint3 waypoint19)
1.972: (navigate rover0 waypoint4 waypoint3)
2.015: (navigate rover0 waypoint4 waypoint3)
2.018: (navigate rover1 waypoint3 waypoint17)
2.019: (communicate_image_data rover0 general objective2 high_res waypoint3 waypoint19)
2.052: (drop rover0 rover0store)
2.056: (navigate rover1 waypoint3 waypoint17)
2.056: (drop rover0 rover0store)
2.068: (drop rover0 rover0store)
2.083: (navigate rover1 waypoint3 waypoint17)
2.083: (sample_soil rover0 rover0store waypoint4)
2.089: (navigate rover0 waypoint3 waypoint4)
2.103: (calibrate rover0 camera1 objective3 waypoint3)
2.107: (sample_soil rover0 rover0store waypoint4)
2.107: (navigate rover1 waypoint3 waypoint17)
2.119: (navigate rover1 waypoint3 waypoint17)
2.121: (sample_soil rover0 rover0store waypoint4)
2.130: (navigate rover1 waypoint3 waypoint17)
2.138: (drop rover0 rover0store)
2.139: (sample_soil rover0 rover0store waypoint4)
0.923: (communicate_soil_data rover0 general waypoint5 waypoint3 waypoint19)
0.924: (calibrate rover0 camera1 objective3 waypoint3)
0.925: (communicate_soil_data rover0 general waypoint4 waypoint3 waypoint19)
0.925: (communicate_image_data rover0 general objective2 high_res waypoint3 waypoint19)
0.925: (communicate_soil_data rover1 general waypoint17 waypoint3 waypoint19)
0.929: (communicate_soil_data rover0 general waypoint5 waypoint3 waypoint19)
0.929: (drop rover0 rover0store)
0.930: (communicate_image_data rover0 general objective2 high_res waypoint3 waypoint19)
0.930: (communicate_soil_data rover1 general waypoint17 waypoint3 waypoint19)
0.931: (communicate_soil_data rover0 general waypoint4 waypoint3 waypoint19)
0.934: (communicate_soil_data rover0 general waypoint4 waypoint3 waypoint19)
0.938: (communicate_soil_data rover0 general waypoint4 waypoint3 waypoint19)
0.940: (communicate_image_data rover0 general objective2 high_res waypoint3 waypoint19)
1.031: (communicate_soil_data rover0 general waypoint5 waypoint3 waypoint19)
1.034: (communicate_soil_data rover0 general waypoint4 waypoint3 waypoint19)
1.035: (navigate rover1 waypoint3 waypoint17)
1.035: (communicate_image_data rover0 general objective2 high_res waypoint3 waypoint19)
1.191: (navigate rover0 waypoint3 waypoint4)
1.462: (navigate rover0 waypoint3 waypoint1)
1.887: (navigate rover1 waypoint3 waypoint17)
1.889: (drop rover0 rover0store)
1.889: (calibrate rover0 camera1 objective3 waypoint3)
1.890: (drop rover0 rover0store)
1.899: (navigate rover1 waypoint3 waypoint17)
1.900: (drop rover0 rover0store)
1.902: (drop rover0 rover0store)
1.903: (calibrate rover0 camera1 objective3 waypoint3)
1.904: (drop rover0 rover0store)
1.906: (navigate rover0 waypoint4 waypoint3)
1.906: (calibrate rover0 camera1 objective3 waypoint3)
1.916: (drop rover0 rover0store)
1.917: (navigate rover0 waypoint4 waypoint3)
1.919: (navigate rover1 waypoint3 waypoint17)
1.920: (calibrate rover0 camera1 objective3 waypoint3)
1.932: (drop rover0 rover0store)
1.934: (navigate rover0 waypoint4 waypoint3)
1.943: (communicate_image_data rover0 general objective0 high_res waypoint3 waypoint19)
1.947: (drop rover0 rover0store)
1.948: (navigate rover0 waypoint3 waypoint4)
1.955: (calibrate rover0 camera1 objective3 waypoint3)
0.869: (calibrate rover0 camera1 objective3 waypoint3)
0.869: (communicate_image_data rover0 general objective2 high_res waypoint3 waypoint19)
0.869: (drop rover0 rover0store)
0.869: (communicate_soil_data rover1 general waypoint17 waypoint3 waypoint19)
0.869: (communicate_soil_data rover0 general waypoint4 waypoint3 waypoint19)
0.882: (communicate_soil_data rover0 general waypoint4 waypoint3 waypoint19)
0.882: (drop rover0 rover0store)
0.891: (communicate_soil_data rover0 general waypoint4 waypoint3 waypoint19)
0.897: (communicate_image_data rover0 general objective2 high_res waypoint3 waypoint19)
0.897: (drop rover0 rover0store)
0.940: (calibrate rover0 camera1 objective3 waypoint3)
0.941: (communicate_image_data rover0 general objective2 high_res waypoint3 waypoint19)
0.942: (calibrate rover0 camera1 objective3 waypoint3)
0.990: (navigate rover1 waypoint3 waypoint17)
0.991: (communicate_image_data rover0 general objective2 high_res waypoint3 waypoint19)
0.992: (navigate rover1 waypoint3 waypoint17)
0.992: (take_image rover0 waypoint3 objective3 camera1 low_res)
0.992: (take_image rover0 waypoint3 objective3 camera0 low_res)
0.993: (take_image rover0 waypoint3 objective3 camera3 low_res)
1.000: (communicate_image_data rover0 general objective2 high_res waypoint3 waypoint19)
1.002: (calibrate rover0 camera1 objective3 waypoint3)
1.002: (navigate rover1 waypoint3 waypoint17)
1.003: (drop rover0 rover0store)
1.003: (navigate rover1 waypoint3 waypoint17)
1.006: (communicate_image_data rover0 general objective2 high_res waypoint3 waypoint19)
1.011: (take_image rover0 waypoint3 objective3 camera3 high_res)
1.074: (navigate rover0 waypoint1 waypoint17)
1.100: (drop rover0 rover0store)
1.102: (navigate rover0 waypoint3 waypoint4)
1.106: (navigate rover0 waypoint3 waypoint4)
1.113: (navigate rover0 waypoint3 waypoint4)
1.125: (navigate rover0 waypoint3 waypoint4)
1.163: (navigate rover0 waypoint3 waypoint4)
1.163: (navigate rover1 waypoint3 waypoint17)
1.319: (navigate rover0 waypoint1 waypoint10)
1.350: (navigate rover0 waypoint3 waypoint1)
1.352: (drop rover0 rover0store)
1.354: (navigate rover1 waypoint17 waypoint8)
1.384: (navigate rover0 waypoint3 waypoint1)
1.385: (calibrate rover0 camera3 objective0 waypoint1)
0.774: (navigate rover1 waypoint3 waypoint17)
0.891: (drop rover0 rover0store)
0.892: (calibrate rover0 camera1 objective3 waypoint3)
0.904: (calibrate rover0 camera1 objective3 waypoint3)
0.904: (take_image rover0 waypoint3 objective3 camera0 low_res)
0.904: (take_image rover0 waypoint3 objective3 camera3 low_res)
0.904: (drop rover0 rover0store)
0.904: (calibrate rover0 camera1 objective3 waypoint3)
0.917: (drop rover0 rover0store)
0.917: (take_image rover0 waypoint3 objective3 camera0 low_res)
0.917: (take_image rover0 waypoint3 objective3 camera1 low_res)
0.918: (take_image rover0 waypoint3 objective3 camera3 low_res)
0.919: (take_image rover0 waypoint3 objective3 camera1 low_res)
0.921: (take_image rover0 waypoint3 objective3 camera1 low_res)
0.931: (take_image rover0 waypoint3 objective3 camera3 high_res)
0.933: (calibrate rover0 camera1 objective3 waypoint3)
0.939: (take_image rover0 waypoint3 objective3 camera3 high_res)
0.941: (drop rover0 rover0store)
0.964: (navigate rover1 waypoint3 waypoint17)
0.965: (drop rover0 rover0store)
0.967: (navigate rover1 waypoint3 waypoint17)
0.968: (drop rover0 rover0store)
0.973: (calibrate rover0 camera1 objective3 waypoint3)
0.973: (drop rover0 rover0store)
0.975: (navigate rover1 waypoint3 waypoint17)
1.001: (communicate_image_data rover0 general objective3 low_res waypoint3 waypoint19)
1.010: (calibrate rover0 camera1 objective3 waypoint3)
1.010: (navigate rover1 waypoint3 waypoint17)
1.012: (calibrate rover0 camera1 objective3 waypoint3)
1.015: (navigate rover1 waypoint3 waypoint17)
1.020: (navigate rover1 waypoint3 waypoint17)
1.020: (take_image rover0 waypoint3 objective3 camera3 low_res)
1.021: (take_image rover0 waypoint3 objective3 camera0 low_res)
1.021: (take_image rover0 waypoint3 objective3 camera1 low_res)
1.030: (calibrate rover0 camera3 objective0 waypoint17)
1.031: (navigate rover1 waypoint3 waypoint17)
1.032: (navigate rover0 waypoint1 waypoint17)
1.033: (take_image rover0 waypoint3 objective3 camera3 high_res)
1.034: (calibrate rover0 camera0 objective0 waypoint17)
1.043: (navigate rover0 waypoint1 waypoint17)
0.718: (navigate rover1 waypoint3 waypoint17)
0.720: (calibrate rover0 camera0 objective0 waypoint17)
0.729: (calibrate rover0 camera3 objective0 waypoint17)
0.729: (navigate rover1 waypoint3 waypoint17)
0.732: (calibrate rover0 camera1 objective3 waypoint17)
0.735: (navigate rover1 waypoint3 waypoint17)
0.737: (drop rover0 rover0store)
0.835: (communicate_image_data rover0 general objective3 high_res waypoint3 waypoint19)
0.847: (drop rover0 rover0store)
0.847: (take_image rover0 waypoint3 objective3 camera0 low_res)
0.848: (take_image rover0 waypoint3 objective3 camera3 low_res)
0.849: (calibrate rover0 camera1 objective3 waypoint3)
0.863: (take_image rover0 waypoint3 objective3 camera1 low_res)
0.865: (drop rover0 rover0store)
0.874: (drop rover0 rover0store)
0.874: (take_image rover0 waypoint3 objective3 camera1 low_res)
0.875: (take_image rover0 waypoint3 objective3 camera3 high_res)
0.876: (drop rover0 rover0store)
0.877: (calibrate rover0 camera1 objective3 waypoint3)
0.908: (communicate_image_data rover0 general objective3 low_res waypoint3 waypoint19)
0.911: (calibrate rover0 camera1 objective3 waypoint3)
0.922: (calibrate rover0 camera1 objective3 waypoint3)
0.923: (communicate_image_data rover0 general objective3 low_res waypoint3 waypoint19)
0.923: (calibrate rover0 camera1 objective3 waypoint3)
0.925: (drop rover0 rover0store)
0.926: (communicate_image_data rover0 general objective3 low_res waypoint3 waypoint19)
0.927: (communicate_image_data rover0 general objective3 low_res waypoint3 waypoint19)
0.973: (navigate rover1 waypoint3 waypoint17)
0.976: (navigate rover1 waypoint3 waypoint17)
0.976: (take_image rover0 waypoint3 objective3 camera1 low_res)
0.978: (take_image rover0 waypoint3 objective3 camera1 low_res)
0.981: (take_image rover0 waypoint3 objective3 camera3 low_res)
0.983: (drop rover0 rover0store)
0.983: (take_image rover0 waypoint3 objective3 camera0 low_res)
0.983: (take_image rover0 waypoint3 objective3 camera1 low_res)
0.983: (take_image rover0 waypoint3 objective3 camera3 low_res)
0.984: (take_image rover0 waypoint3 objective3 camera0 low_res)
0.984: (calibrate rover0 camera1 objective3 waypoint3)
0.985: (navigate rover1 waypoint3 waypoint17)
0.986: (navigate rover1 waypoint3 waypoint17)
0.558: (calibrate rover0 camera1 objective3 waypoint3)
0.703: (drop rover0 rover0store)
0.703: (calibrate rover0 camera0 objective0 waypoint17)
0.716: (drop rover0 rover0store)
0.716: (drop rover0 rover0store)
0.716: (calibrate rover0 camera1 objective3 waypoint17)
0.717: (calibrate rover0 camera3 objective0 waypoint17)
0.744: (calibrate rover0 camera3 objective0 waypoint17)
0.745: (calibrate rover0 camera0 objective0 waypoint17)
0.748: (calibrate rover0 camera0 objective0 waypoint17)
0.748: (calibrate rover0 camera1 objective3 waypoint17)
0.749: (calibrate rover0 camera3 objective0 waypoint17)
0.749: (calibrate rover0 camera1 objective3 waypoint17)
0.758: (take_image rover0 waypoint17 objective3 camera1 low_res)
0.759: (take_image rover0 waypoint17 objective3 camera3 low_res)
0.759: (take_image rover0 waypoint17 objective3 camera0 low_res)
0.760: (take_image rover0 waypoint17 objective0 camera0 colour)
0.760: (take_image rover0 waypoint17 objective0 camera1 colour)
0.760: (take_image rover0 waypoint17 objective0 camera3 colour)
0.761: (take_image rover0 waypoint17 objective0 camera0 low_res)
0.761: (take_image rover0 waypoint17 objective0 camera3 low_res)
0.761: (take_image rover0 waypoint17 objective0 camera1 low_res)
0.769: (take_image rover0 waypoint17 objective3 camera3 high_res)
0.814: (drop rover0 rover0store)
0.847: (communicate_image_data rover0 general objective0 high_res waypoint3 waypoint19)
0.851: (communicate_image_data rover0 general objective3 low_res waypoint3 waypoint19)
0.854: (calibrate rover0 camera1 objective3 waypoint3)
0.854: (drop rover0 rover0store)
0.864: (drop rover0 rover0store)
0.867: (communicate_image_data rover0 general objective3 low_res waypoint3 waypoint19)
0.871: (drop rover0 rover0store)
0.873: (calibrate rover0 camera1 objective3 waypoint3)
0.875: (drop rover0 rover0store)
0.880: (communicate_image_data rover0 general objective3 low_res waypoint3 waypoint19)
0.881: (calibrate rover0 camera1 objective3 waypoint3)
0.881: (drop rover0 rover0store)
0.884: (navigate rover0 waypoint3 waypoint4)
0.910: (take_image rover0 waypoint3 objective3 camera3 high_res)
0.922: (communicate_image_data rover0 general objective3 low_res waypoint3 waypoint19)
0.926: (communicate_image_data rover0 general objective3 low_res waypoint3 waypoint19)
0.536: (calibrate rover0 camera1 objective3 waypoint3)
0.537: (drop rover0 rover0store)
0.564: (communicate_image_data rover0 general objective0 high_res waypoint3 waypoint19)
0.564: (calibrate rover0 camera1 objective3 waypoint3)
0.597: (navigate rover0 waypoint3 waypoint4)
0.703: (take_image rover0 waypoint17 objective3 camera3 low_res)
0.703: (take_image rover0 waypoint17 objective3 camera1 low_res)
0.704: (calibrate rover0 camera0 objective0 waypoint17)
0.706: (calibrate rover0 camera0 objective0 waypoint17)
0.708: (take_image rover0 waypoint17 objective0 camera3 low_res)
0.709: (take_image rover0 waypoint17 objective0 camera1 low_res)
0.709: (take_image rover0 waypoint17 objective3 camera0 low_res)
0.710: (take_image rover0 waypoint17 objective0 camera3 colour)
0.710: (take_image rover0 waypoint17 objective0 camera1 colour)
0.710: (calibrate rover0 camera3 objective0 waypoint17)
0.710: (take_image rover0 waypoint17 objective3 camera1 low_res)
0.711: (calibrate rover0 camera0 objective0 waypoint17)
0.712: (take_image rover0 waypoint17 objective0 camera0 low_res)
0.713: (calibrate rover0 camera3 objective0 waypoint17)
0.713: (calibrate rover0 camera1 objective3 waypoint17)
0.714: (take_image rover0 waypoint17 objective0 camera1 low_res)
0.714: (take_image rover0 waypoint17 objective3 camera3 low_res)
0.715: (take_image rover0 waypoint17 objective3 camera0 low_res)
0.715: (calibrate rover0 camera1 objective3 waypoint17)
0.716: (take_image rover0 waypoint17 objective3 camera3 high_res)
0.718: (drop rover0 rover0store)
0.718: (take_image rover0 waypoint17 objective3 camera1 low_res)
0.718: (take_image rover0 waypoint17 objective3 camera0 low_res)
0.718: (take_image rover0 waypoint17 objective0 camera0 low_res)
0.718: (drop rover0 rover0store)
0.719: (take_image rover0 waypoint17 objective0 camera3 low_res)
0.719: (calibrate rover0 camera0 objective0 waypoint17)
0.719: (take_image rover0 waypoint17 objective0 camera3 colour)
0.720: (take_image rover0 waypoint17 objective3 camera3 low_res)
0.720: (calibrate rover0 camera1 objective3 waypoint17)
0.720: (take_image rover0 waypoint17 objective3 camera3 high_res)
0.720: (take_image rover0 waypoint17 objective0 camera3 low_res)
0.720: (take_image rover0 waypoint17 objective0 camera0 colour)
0.721: (take_image rover0 waypoint17 objective0 camera0 low_res)
0.721: (take_image rover0 waypoint17 objective0 camera1 low_res)
0.542: (drop rover0 rover0store)
0.543: (communicate_image_data rover0 general objective0 high_res waypoint3 waypoint19)
0.565: (navigate rover0 waypoint3 waypoint4)
0.565: (drop rover0 rover0store)
0.603: (navigate rover0 waypoint3 waypoint4)
0.683: (calibrate rover0 camera0 objective0 waypoint17)
0.683: (navigate rover1 waypoint17 waypoint8)
0.683: (drop rover0 rover0store)
0.685: (drop rover0 rover0store)
0.685: (calibrate rover0 camera0 objective0 waypoint17)
0.693: (drop rover0 rover0store)
0.693: (drop rover0 rover0store)
0.694: (drop rover0 rover0store)
0.694: (drop rover0 rover0store)
0.694: (calibrate rover0 camera1 objective3 waypoint17)
0.694: (calibrate rover0 camera3 objective0 waypoint17)
0.694: (calibrate rover0 camera3 objective0 waypoint17)
0.698: (calibrate rover0 camera1 objective3 waypoint17)
0.698: (drop rover0 rover0store)
0.700: (drop rover0 rover0store)
0.702: (drop rover0 rover0store)
0.703: (drop rover0 rover0store)
0.727: (calibrate rover0 camera0 objective0 waypoint17)
0.728: (calibrate rover0 camera3 objective0 waypoint17)
0.729: (calibrate rover0 camera3 objective0 waypoint17)
0.730: (calibrate rover0 camera0 objective0 waypoint17)
0.730: (navigate rover1 waypoint17 waypoint8)
0.730: (calibrate rover0 camera1 objective3 waypoint17)
0.731: (calibrate rover0 camera3 objective0 waypoint17)
0.732: (calibrate rover0 camera1 objective3 waypoint17)
0.733: (calibrate rover0 camera3 objective0 waypoint17)
0.734: (calibrate rover0 camera1 objective3 waypoint17)
0.734: (calibrate rover0 camera0 objective0 waypoint17)
0.735: (calibrate rover0 camera0 objective0 waypoint17)
0.736: (calibrate rover0 camera1 objective3 waypoint17)
0.736: (calibrate rover0 camera3 objective0 waypoint17)
0.736: (calibrate rover0 camera0 objective0 waypoint17)
0.736: (calibrate rover0 camera1 objective3 waypoint17)
0.737: (calibrate rover0 camera1 objective3 waypoint17)
0.738: (calibrate rover0 camera0 objective0 waypoint17)
0.571: (navigate rover0 waypoint3 waypoint4)
0.571: (drop rover0 rover0store)
0.611: (navigate rover0 waypoint3 waypoint4)
0.614: (navigate rover1 waypoint17 waypoint8)
0.614: (drop rover0 rover0store)
0.638: (navigate rover1 waypoint8 waypoint7)
0.669: (navigate rover1 waypoint8 waypoint7)
0.690: (navigate rover1 waypoint17 waypoint8)
0.693: (take_image rover0 waypoint17 objective0 camera0 colour)
0.693: (take_image rover0 waypoint17 objective0 camera3 colour)
0.693: (take_image rover0 waypoint17 objective0 camera3 colour)
0.695: (take_image rover0 waypoint17 objective0 camera1 colour)
0.695: (take_image rover0 waypoint17 objective3 camera1 low_res)
0.697: (take_image rover0 waypoint17 objective0 camera1 colour)
0.697: (take_image rover0 waypoint17 objective0 camera3 colour)
0.698: (take_image rover0 waypoint17 objective0 camera1 low_res)
0.699: (take_image rover0 waypoint17 objective0 camera1 colour)
0.700: (take_image rover0 waypoint17 objective3 camera3 high_res)
0.700: (take_image rover0 waypoint17 objective3 camera0 low_res)
0.700: (take_image rover0 waypoint17 objective3 camera3 low_res)
0.701: (take_image rover0 waypoint17 objective0 camera0 colour)
0.701: (take_image rover0 waypoint17 objective0 camera1 low_res)
0.701: (take_image rover0 waypoint17 objective0 camera0 colour)
0.701: (take_image rover0 waypoint17 objective3 camera3 high_res)
0.702: (take_image rover0 waypoint17 objective0 camera0 low_res)
0.702: (take_image rover0 waypoint17 objective0 camera3 colour)
0.702: (take_image rover0 waypoint17 objective0 camera3 low_res)
0.702: (take_image rover0 waypoint17 objective0 camera0 low_res)
0.703: (take_image rover0 waypoint17 objective3 camera1 low_res)
0.703: (take_image rover0 waypoint17 objective3 camera0 low_res)
0.703: (take_image rover0 waypoint17 objective0 camera1 colour)
0.703: (take_image rover0 waypoint17 objective3 camera1 low_res)
0.703: (take_image rover0 waypoint17 objective0 camera3 colour)
0.703: (take_image rover0 waypoint17 objective3 camera0 low_res)
0.703: (take_image rover0 waypoint17 objective0 camera0 colour)
0.703: (take_image rover0 waypoint17 objective0 camera1 colour)
0.704: (take_image rover0 waypoint17 objective0 camera1 colour)
0.704: (take_image rover0 waypoint17 objective3 camera1 low_res)
0.704: (take_image rover0 waypoint17 objective0 camera3 colour)
0.705: (take_image rover0 waypoint17 objective0 camera0 colour)
0.579: (drop rover0 rover0store)
0.579: (navigate rover0 waypoint3 waypoint4)
0.579: (navigate rover1 waypoint8 waypoint7)
0.580: (navigate rover1 waypoint7 waypoint12)
0.621: (drop rover0 rover0store)
0.621: (navigate rover1 waypoint17 waypoint8)
0.645: (navigate rover1 waypoint8 waypoint7)
0.671: (calibrate rover0 camera0 objective0 waypoint17)
0.673: (drop rover0 rover0store)
0.676: (drop rover0 rover0store)
0.677: (communicate_image_data rover0 general objective0 high_res waypoint3 waypoint19)
0.679: (calibrate rover0 camera1 objective3 waypoint17)
0.680: (drop rover0 rover0store)
0.680: (drop rover0 rover0store)
0.681: (drop rover0 rover0store)
0.681: (drop rover0 rover0store)
0.682: (calibrate rover0 camera3 objective0 waypoint17)
0.682: (drop rover0 rover0store)
0.684: (drop rover0 rover0store)
0.684: (drop rover0 rover0store)
0.685: (drop rover0 rover0store)
0.688: (drop rover0 rover0store)
0.689: (drop rover0 rover0store)
0.689: (drop rover0 rover0store)
0.694: (sample_soil rover1 rover1store waypoint8)
0.712: (calibrate rover0 camera3 objective0 waypoint17)
0.712: (calibrate rover0 camera0 objective0 waypoint17)
0.712: (calibrate rover0 camera1 objective3 waypoint17)
0.713: (calibrate rover0 camera1 objective3 waypoint17)
0.715: (calibrate rover0 camera3 objective0 waypoint17)
0.717: (calibrate rover0 camera0 objective0 waypoint17)
0.718: (calibrate rover0 camera1 objective3 waypoint17)
0.719: (calibrate rover0 camera0 objective0 waypoint17)
0.720: (calibrate rover0 camera1 objective3 waypoint17)
0.721: (calibrate rover0 camera1 objective3 waypoint17)
0.722: (calibrate rover0 camera3 objective0 waypoint17)
0.722: (calibrate rover0 camera3 objective0 waypoint17)
0.722: (calibrate rover0 camera0 objective0 waypoint17)
0.722: (calibrate rover0 camera0 objective0 waypoint17)
0.722: (calibrate rover0 camera1 objective3 waypoint17)
0.518: (navigate rover1 waypoint7 waypoint12)
0.518: (drop rover0 rover0store)
0.586: (navigate rover1 waypoint7 waypoint12)
0.587: (navigate rover1 waypoint8 waypoint7)
0.587: (drop rover0 rover0store)
0.587: (navigate rover0 waypoint3 waypoint4)
0.607: (calibrate rover1 camera4 objective1 waypoint12)
0.633: (drop rover1 rover1store)
0.640: (navigate rover1 waypoint8 waypoint17)
0.655: (sample_soil rover1 rover1store waypoint7)
0.677: (take_image rover0 waypoint17 objective0 camera3 colour)
0.678: (take_image rover0 waypoint17 objective0 camera0 colour)
0.678: (take_image rover0 waypoint17 objective0 camera3 colour)
0.678: (take_image rover0 waypoint17 objective0 camera3 low_res)
0.679: (take_image rover0 waypoint17 objective0 camera0 colour)
0.679: (take_image rover0 waypoint17 objective3 camera3 high_res)
0.679: (take_image rover0 waypoint17 objective3 camera3 low_res)
0.679: (take_image rover0 waypoint17 objective3 camera0 low_res)
0.679: (take_image rover0 waypoint17 objective0 camera0 low_res)
0.680: (take_image rover0 waypoint17 objective3 camera1 low_res)
0.681: (take_image rover0 waypoint17 objective0 camera1 colour)
0.689: (take_image rover0 waypoint17 objective0 camera1 low_res)
0.689: (take_image rover0 waypoint17 objective3 camera3 high_res)
0.689: (take_image rover0 waypoint17 objective0 camera1 colour)
0.690: (take_image rover0 waypoint17 objective0 camera1 low_res)
0.691: (take_image rover0 waypoint17 objective3 camera3 low_res)
0.694: (take_image rover0 waypoint17 objective0 camera1 low_res)
0.694: (take_image rover0 waypoint17 objective0 camera1 colour)
0.695: (take_image rover0 waypoint17 objective0 camera1 colour)
0.695: (take_image rover0 waypoint17 objective3 camera1 low_res)
0.695: (take_image rover0 waypoint17 objective0 camera1 colour)
0.696: (take_image rover0 waypoint17 objective3 camera1 low_res)
0.696: (take_image rover0 waypoint17 objective0 camera0 low_res)
0.697: (take_image rover0 waypoint17 objective0 camera3 low_res)
0.697: (take_image rover0 waypoint17 objective3 camera3 high_res)
0.697: (take_image rover0 waypoint17 objective0 camera3 colour)
0.697: (take_image rover0 waypoint17 objective0 camera0 colour)
0.697: (take_image rover0 waypoint17 objective3 camera0 low_res)
0.697: (take_image rover0 waypoint17 objective3 camera3 high_res)
0.697: (take_image rover0 waypoint17 objective3 camera3 low_res)
0.512: (take_image rover1 waypoint12 objective0 camera4 high_res)
0.525: (navigate rover1 waypoint7 waypoint12)
0.525: (drop rover0 rover0store)
0.540: (drop rover0 rover0store)
0.540: (calibrate rover1 camera4 objective1 waypoint12)
0.568: (take_image rover1 waypoint12 objective1 camera4 high_res)
0.601: (navigate rover1 waypoint8 waypoint17)
0.601: (drop rover1 rover1store)
0.606: (navigate rover1 waypoint7 waypoint12)
0.612: (drop rover1 rover1store)
0.613: (calibrate rover1 camera4 objective1 waypoint12)
0.620: (navigate rover1 waypoint8 waypoint7)
0.654: (navigate rover1 waypoint12 waypoint7)
0.658: (calibrate rover0 camera1 objective3 waypoint17)
0.659: (drop rover0 rover0store)
0.661: (sample_soil rover1 rover1store waypoint7)
0.662: (drop rover0 rover0store)
0.662: (drop rover0 rover0store)
0.664: (drop rover0 rover0store)
0.664: (calibrate rover0 camera1 objective3 waypoint17)
0.664: (calibrate rover0 camera0 objective0 waypoint17)
0.665: (calibrate rover0 camera0 objective0 waypoint17)
0.672: (drop rover0 rover0store)
0.673: (drop rover0 rover0store)
0.673: (calibrate rover0 camera3 objective0 waypoint17)
0.678: (drop rover0 rover0store)
0.679: (drop rover0 rover0store)
0.679: (calibrate rover0 camera3 objective0 waypoint17)
0.680: (drop rover0 rover0store)
0.696: (calibrate rover0 camera1 objective3 waypoint17)
0.696: (calibrate rover0 camera0 objective0 waypoint17)
0.701: (calibrate rover0 camera1 objective3 waypoint17)
0.701: (calibrate rover0 camera0 objective0 waypoint17)
0.702: (calibrate rover0 camera1 objective3 waypoint17)
0.703: (calibrate rover0 camera3 objective0 waypoint17)
0.706: (calibrate rover0 camera1 objective3 waypoint17)
0.708: (calibrate rover0 camera3 objective0 waypoint17)
0.711: (calibrate rover0 camera3 objective0 waypoint17)
0.718: (calibrate rover0 camera0 objective0 waypoint17)
0.718: (calibrate rover0 camera3 objective0 waypoint17)
0.437: (drop rover0 rover0store)
0.437: (take_image rover1 waypoint12 objective0 camera4 high_res)
0.496: (take_image rover1 waypoint12 objective1 camera4 high_res)
0.496: (drop rover0 rover0store)
0.505: (navigate rover1 waypoint7 waypoint12)
0.518: (take_image rover1 waypoint12 objective0 camera4 high_res)
0.541: (calibrate rover1 camera4 objective1 waypoint12)
0.546: (calibrate rover1 camera4 objective1 waypoint12)
0.547: (drop rover0 rover0store)
0.572: (navigate rover0 waypoint4 waypoint3)
0.574: (navigate rover1 waypoint7 waypoint12)
0.574: (drop rover1 rover1store)
0.574: (take_image rover1 waypoint12 objective1 camera4 high_res)
0.599: (drop rover0 rover0store)
0.600: (calibrate rover1 camera4 objective1 waypoint12)
0.600: (navigate rover1 waypoint12 waypoint7)
0.609: (calibrate rover1 camera4 objective1 waypoint12)
0.612: (navigate rover1 waypoint7 waypoint12)
0.619: (drop rover1 rover1store)
0.633: (take_image rover1 waypoint7 objective0 camera4 high_res)
0.633: (navigate rover1 waypoint12 waypoint7)
0.661: (navigate rover1 waypoint12 waypoint7)
0.662: (navigate rover1 waypoint7 waypoint8)
0.665: (take_image rover1 waypoint7 objective3 camera4 high_res)
0.672: (navigate rover1 waypoint12 waypoint7)
0.675: (take_image rover0 waypoint17 objective0 camera3 colour)
0.676: (take_image rover0 waypoint17 objective3 camera3 low_res)
0.676: (take_image rover0 waypoint17 objective0 camera3 low_res)
0.680: (take_image rover0 waypoint17 objective0 camera0 low_res)
0.680: (take_image rover0 waypoint17 objective3 camera0 low_res)
0.681: (calibrate rover0 camera1 objective3 waypoint17)
0.681: (calibrate rover0 camera0 objective0 waypoint17)
0.681: (drop rover0 rover0store)
0.682: (take_image rover0 waypoint17 objective3 camera1 low_res)
0.683: (take_image rover0 waypoint17 objective0 camera1 low_res)
0.683: (take_image rover0 waypoint17 objective3 camera3 low_res)
0.684: (sample_soil rover1 rover1store waypoint7)
0.685: (calibrate rover0 camera0 objective0 waypoint17)
0.686: (calibrate rover0 camera1 objective3 waypoint17)
0.688: (drop rover0 rover0store)
0.442: (drop rover0 rover0store)
0.443: (take_image rover1 waypoint12 objective0 camera4 high_res)
0.463: (drop rover0 rover0store)
0.463: (calibrate rover1 camera4 objective1 waypoint12)
0.480: (take_image rover1 waypoint12 objective0 camera4 high_res)
0.501: (take_image rover1 waypoint12 objective1 camera4 high_res)
0.503: (drop rover0 rover0store)
0.504: (take_image rover1 waypoint12 objective0 camera4 high_res)
0.504: (take_image rover1 waypoint12 objective1 camera4 high_res)
0.524: (calibrate rover1 camera4 objective1 waypoint12)
0.526: (calibrate rover1 camera4 objective1 waypoint12)
0.526: (drop rover0 rover0store)
0.546: (navigate rover1 waypoint7 waypoint12)
0.547: (calibrate rover1 camera4 objective1 waypoint12)
0.550: (take_image rover1 waypoint12 objective1 camera4 high_res)
0.560: (drop rover0 rover0store)
0.560: (navigate rover1 waypoint12 waypoint7)
0.560: (take_image rover1 waypoint7 objective0 camera4 high_res)
0.577: (communicate_image_data rover0 general objective0 high_res waypoint3 waypoint19)
0.580: (take_image rover1 waypoint7 objective3 camera4 high_res)
0.581: (navigate rover1 waypoint7 waypoint12)
0.581: (drop rover1 rover1store)
0.581: (drop rover0 rover0store)
0.590: (navigate rover1 waypoint7 waypoint12)
0.590: (drop rover1 rover1store)
0.591: (calibrate rover1 camera4 objective1 waypoint12)
0.600: (navigate rover1 waypoint8 waypoint17)
0.601: (drop rover0 rover0store)
0.604: (navigate rover1 waypoint12 waypoint7)
0.607: (drop rover0 rover0store)
0.607: (calibrate rover1 camera4 objective1 waypoint12)
0.607: (navigate rover1 waypoint12 waypoint7)
0.611: (take_image rover1 waypoint7 objective2 camera4 high_res)
0.615: (calibrate rover1 camera4 objective1 waypoint12)
0.639: (take_image rover1 waypoint7 objective0 camera4 high_res)
0.640: (navigate rover1 waypoint12 waypoint7)
0.649: (navigate rover1 waypoint7 waypoint8)
0.652: (drop rover1 rover1store)
0.655: (take_image rover0 waypoint17 objective3 camera0 low_res)
0.657: (drop rover0 rover0store)
0.429: (take_image rover1 waypoint12 objective0 camera4 high_res)
0.437: (take_image rover1 waypoint12 objective0 camera4 high_res)
0.437: (take_image rover1 waypoint12 objective1 camera4 high_res)
0.437: (drop rover0 rover0store)
0.448: (drop rover0 rover0store)
0.448: (navigate rover1 waypoint7 waypoint12)
0.469: (calibrate rover1 camera4 objective1 waypoint12)
0.469: (drop rover0 rover0store)
0.484: (drop rover1 rover1store)
0.485: (take_image rover1 waypoint12 objective1 camera4 high_res)
0.486: (take_image rover1 waypoint12 objective0 camera4 high_res)
0.487: (take_image rover1 waypoint12 objective0 camera4 high_res)
0.496: (calibrate rover1 camera4 objective1 waypoint12)
0.499: (navigate rover1 waypoint7 waypoint12)
0.512: (take_image rover1 waypoint12 objective1 camera4 high_res)
0.512: (take_image rover1 waypoint12 objective0 camera4 high_res)
0.532: (calibrate rover1 camera4 objective1 waypoint12)
0.532: (drop rover0 rover0store)
0.533: (calibrate rover1 camera4 objective1 waypoint12)
0.547: (take_image rover1 waypoint12 objective1 camera4 high_res)
0.547: (drop rover1 rover1store)
0.555: (take_image rover1 waypoint12 objective1 camera4 high_res)
0.560: (navigate rover1 waypoint7 waypoint12)
0.560: (drop rover1 rover1store)
0.563: (navigate rover1 waypoint12 waypoint7)
0.563: (sample_soil rover1 rover1store waypoint7)
0.564: (take_image rover1 waypoint7 objective0 camera4 high_res)
0.564: (drop rover0 rover0store)
0.565: (calibrate rover1 camera4 objective1 waypoint12)
0.566: (navigate rover1 waypoint12 waypoint7)
0.572: (calibrate rover1 camera4 objective1 waypoint12)
0.573: (sample_soil rover1 rover1store waypoint7)
0.575: (navigate rover0 waypoint4 waypoint3)
0.587: (take_image rover1 waypoint7 objective3 camera4 high_res)
0.591: (navigate rover1 waypoint12 waypoint7)
0.592: (calibrate rover1 camera4 objective1 waypoint12)
0.597: (calibrate rover1 camera4 objective1 waypoint12)
0.599: (drop rover1 rover1store)
0.604: (navigate rover1 waypoint7 waypoint8)
0.605: (take_image rover1 waypoint8 objective0 camera4 high_res)
0.443: (take_image rover1 waypoint12 objective0 camera4 high_res)
0.443: (drop rover0 rover0store)
0.444: (take_image rover1 waypoint12 objective1 camera4 high_res)
0.452: (navigate rover1 waypoint7 waypoint12)
0.453: (calibrate rover1 camera4 objective1 waypoint12)
0.462: (drop rover0 rover0store)
0.463: (calibrate rover1 camera4 objective1 waypoint12)
0.468: (take_image rover1 waypoint12 objective0 camera4 high_res)
0.470: (navigate rover1 waypoint7 waypoint12)
0.474: (calibrate rover1 camera4 objective1 waypoint12)
0.474: (drop rover0 rover0store)
0.489: (take_image rover1 waypoint12 objective0 camera4 high_res)
0.489: (take_image rover1 waypoint12 objective0 camera4 high_res)
0.490: (drop rover1 rover1store)
0.490: (take_image rover1 waypoint12 objective1 camera4 high_res)
0.501: (calibrate rover1 camera4 objective1 waypoint12)
0.510: (drop rover1 rover1store)
0.510: (calibrate rover1 camera4 objective1 waypoint12)
0.513: (navigate rover1 waypoint8 waypoint17)
0.513: (calibrate rover1 camera4 objective1 waypoint12)
0.527: (take_image rover1 waypoint12 objective0 camera4 high_res)
0.532: (calibrate rover1 camera4 objective1 waypoint12)
0.533: (take_image rover1 waypoint12 objective1 camera4 high_res)
0.535: (take_image rover1 waypoint12 objective1 camera4 high_res)
0.540: (calibrate rover1 camera4 objective1 waypoint12)
0.553: (take_image rover1 waypoint12 objective1 camera4 high_res)
0.553: (drop rover1 rover1store)
0.565: (navigate rover1 waypoint12 waypoint7)
0.568: (drop rover1 rover1store)
0.568: (navigate rover1 waypoint12 waypoint7)
0.568: (navigate rover1 waypoint12 waypoint7)
0.569: (sample_soil rover1 rover1store waypoint7)
0.570: (take_image rover1 waypoint7 objective2 camera4 high_res)
0.570: (calibrate rover1 camera4 objective1 waypoint12)
0.572: (take_image rover1 waypoint7 objective3 camera4 high_res)
0.574: (sample_soil rover1 rover1store waypoint7)
0.575: (calibrate rover1 camera4 objective1 waypoint12)
0.575: (drop rover1 rover1store)
0.578: (calibrate rover1 camera4 objective1 waypoint12)
0.578: (drop rover1 rover1store)
0.428: (take_image rover1 waypoint12 objective1 camera4 high_res)
0.428: (take_image rover1 waypoint12 objective0 camera4 high_res)
0.439: (navigate rover1 waypoint7 waypoint12)
0.442: (drop rover0 rover0store)
0.442: (take_image rover1 waypoint12 objective0 camera4 high_res)
0.444: (take_image rover1 waypoint12 objective1 camera4 high_res)
0.447: (take_image rover1 waypoint12 objective0 camera4 high_res)
0.447: (navigate rover1 waypoint7 waypoint12)
0.448: (drop rover0 rover0store)
0.470: (calibrate rover1 camera4 objective1 waypoint12)
0.472: (drop rover0 rover0store)
0.472: (take_image rover1 waypoint12 objective0 camera4 high_res)
0.474: (drop rover1 rover1store)
0.477: (navigate rover1 waypoint7 waypoint12)
0.479: (calibrate rover1 camera4 objective1 waypoint12)
0.481: (take_image rover1 waypoint12 objective0 camera4 high_res)
0.484: (drop rover1 rover1store)
0.485: (take_image rover1 waypoint12 objective1 camera4 high_res)
0.486: (calibrate rover1 camera4 objective1 waypoint12)
0.489: (calibrate rover1 camera4 objective1 waypoint12)
0.493: (take_image rover1 waypoint12 objective1 camera4 high_res)
0.494: (drop rover1 rover1store)
0.497: (take_image rover1 waypoint12 objective0 camera4 high_res)
0.507: (take_image rover1 waypoint12 objective1 camera4 high_res)
0.508: (calibrate rover1 camera4 objective1 waypoint12)
0.516: (calibrate rover1 camera4 objective1 waypoint12)
0.516: (drop rover1 rover1store)
0.533: (drop rover1 rover1store)
0.534: (take_image rover1 waypoint12 objective1 camera4 high_res)
0.550: (calibrate rover1 camera4 objective1 waypoint12)
0.551: (calibrate rover1 camera4 objective1 waypoint12)
0.564: (calibrate rover1 camera4 objective1 waypoint12)
0.567: (sample_soil rover1 rover1store waypoint7)
0.570: (drop rover1 rover1store)
0.571: (navigate rover1 waypoint12 waypoint7)
0.574: (navigate rover1 waypoint12 waypoint7)
0.578: (calibrate rover1 camera4 objective1 waypoint12)
0.579: (drop rover1 rover1store)
0.580: (navigate rover0 waypoint4 waypoint3)
0.582: (sample_soil rover1 rover1store waypoint7)
0.447: (take_image rover1 waypoint12 objective0 camera4 high_res)
0.450: (take_image rover1 waypoint12 objective1 camera4 high_res)
0.453: (calibrate rover1 camera4 objective1 waypoint12)
0.462: (drop rover0 rover0store)
0.462: (calibrate rover1 camera4 objective1 waypoint12)
0.467: (navigate rover1 waypoint7 waypoint12)
0.469: (drop rover0 rover0store)
0.470: (take_image rover1 waypoint12 objective0 camera4 high_res)
0.471: (calibrate rover1 camera4 objective1 waypoint12)
0.472: (calibrate rover1 camera4 objective1 waypoint12)
0.474: (take_image rover1 waypoint12 objective1 camera4 high_res)
0.479: (take_image rover1 waypoint12 objective1 camera4 high_res)
0.481: (take_image rover1 waypoint12 objective0 camera4 high_res)
0.490: (take_image rover1 waypoint12 objective0 camera4 high_res)
0.491: (drop rover1 rover1store)
0.491: (take_image rover1 waypoint12 objective1 camera4 high_res)
0.494: (calibrate rover1 camera4 objective1 waypoint12)
0.499: (drop rover1 rover1store)
0.499: (calibrate rover1 camera4 objective1 waypoint12)
0.500: (drop rover1 rover1store)
0.510: (drop rover1 rover1store)
0.510: (calibrate rover1 camera4 objective1 waypoint12)
0.514: (calibrate rover1 camera4 objective1 waypoint12)
0.520: (take_image rover1 waypoint12 objective1 camera4 high_res)
0.521: (drop rover1 rover1store)
0.521: (take_image rover1 waypoint12 objective0 camera4 high_res)
0.521: (calibrate rover1 camera4 objective1 waypoint12)
0.538: (calibrate rover1 camera4 objective1 waypoint12)
0.563: (drop rover1 rover1store)
0.563: (calibrate rover1 camera4 objective1 waypoint12)
0.576: (navigate rover1 waypoint12 waypoint7)
0.576: (drop rover1 rover1store)
0.581: (drop rover1 rover1store)
0.588: (sample_soil rover1 rover1store waypoint7)
0.589: (communicate_image_data rover0 general objective0 high_res waypoint3 waypoint19)
0.590: (navigate rover1 waypoint12 waypoint7)
0.592: (navigate rover1 waypoint12 waypoint7)
0.592: (navigate rover1 waypoint12 waypoint7)
0.596: (navigate rover1 waypoint12 waypoint7)
0.596: (navigate rover1 waypoint12 waypoint7)
0.437: (take_image rover1 waypoint12 objective0 camera4 high_res)
0.438: (take_image rover1 waypoint12 objective1 camera4 high_res)
0.440: (drop rover0 rover0store)
0.448: (take_image rover1 waypoint12 objective0 camera4 high_res)
0.449: (take_image rover1 waypoint12 objective1 camera4 high_res)
0.468: (calibrate rover1 camera4 objective1 waypoint12)
0.474: (drop rover1 rover1store)
0.474: (take_image rover1 waypoint12 objective1 camera4 high_res)
0.475: (take_image rover1 waypoint12 objective0 camera4 high_res)
0.476: (take_image rover1 waypoint12 objective0 camera4 high_res)
0.476: (calibrate rover1 camera4 objective1 waypoint12)
0.480: (take_image rover1 waypoint12 objective1 camera4 high_res)
0.485: (calibrate rover1 camera4 objective1 waypoint12)
0.487: (take_image rover1 waypoint12 objective0 camera4 high_res)
0.487: (navigate rover1 waypoint7 waypoint12)
0.488: (drop rover1 rover1store)
0.490: (take_image rover1 waypoint12 objective1 camera4 high_res)
0.491: (drop rover1 rover1store)
0.494: (calibrate rover1 camera4 objective1 waypoint12)
0.498: (calibrate rover1 camera4 objective1 waypoint12)
0.516: (drop rover1 rover1store)
0.516: (calibrate rover1 camera4 objective1 waypoint12)
0.517: (navigate rover0 waypoint3 waypoint4)
0.526: (calibrate rover1 camera4 objective1 waypoint12)
0.527: (drop rover1 rover1store)
0.546: (calibrate rover1 camera4 objective1 waypoint12)
0.573: (take_image rover1 waypoint7 objective2 camera4 high_res)
0.574: (navigate rover1 waypoint7 waypoint8)
0.579: (navigate rover1 waypoint12 waypoint7)
0.581: (navigate rover1 waypoint12 waypoint7)
0.582: (drop rover1 rover1store)
0.597: (navigate rover1 waypoint12 waypoint7)
0.598: (navigate rover1 waypoint12 waypoint7)
0.598: (navigate rover1 waypoint12 waypoint7)
0.598: (sample_soil rover1 rover1store waypoint7)
0.601: (navigate rover1 waypoint12 waypoint7)
0.603: (navigate rover1 waypoint12 waypoint7)
0.604: (navigate rover1 waypoint12 waypoint7)
0.607: (navigate rover1 waypoint12 waypoint7)
0.613: (navigate rover1 waypoint12 waypoint7)
0.444: (take_image rover1 waypoint12 objective0 camera4 high_res)
0.444: (take_image rover1 waypoint12 objective1 camera4 high_res)
0.459: (drop rover0 rover0store)
0.459: (calibrate rover1 camera4 objective1 waypoint12)
0.468: (navigate rover1 waypoint7 waypoint12)
0.472: (take_image rover1 waypoint12 objective0 camera4 high_res)
0.473: (take_image rover1 waypoint12 objective1 camera4 high_res)
0.475: (calibrate rover1 camera4 objective1 waypoint12)
0.491: (calibrate rover1 camera4 objective1 waypoint12)
0.493: (take_image rover1 waypoint12 objective0 camera4 high_res)
0.493: (drop rover1 rover1store)
0.496: (take_image rover1 waypoint12 objective1 camera4 high_res)
0.497: (drop rover1 rover1store)
0.498: (drop rover1 rover1store)
0.499: (calibrate rover1 camera4 objective1 waypoint12)
0.499: (calibrate rover1 camera4 objective1 waypoint12)
0.509: (drop rover1 rover1store)
0.509: (calibrate rover1 camera4 objective1 waypoint12)
0.517: (drop rover1 rover1store)
0.517: (calibrate rover1 camera4 objective1 waypoint12)
0.548: (navigate rover1 waypoint8 waypoint17)
0.569: (take_image rover1 waypoint7 objective3 camera4 high_res)
0.569: (take_image rover1 waypoint7 objective2 camera4 high_res)
0.570: (take_image rover1 waypoint7 objective0 camera4 high_res)
0.571: (sample_soil rover1 rover1store waypoint7)
0.575: (navigate rover1 waypoint12 waypoint7)
0.578: (take_image rover1 waypoint7 objective2 camera4 high_res)
0.583: (navigate rover1 waypoint12 waypoint7)
0.585: (navigate rover1 waypoint12 waypoint7)
0.591: (drop rover1 rover1store)
0.591: (take_image rover1 waypoint7 objective3 camera4 high_res)
0.591: (sample_soil rover1 rover1store waypoint7)
0.593: (navigate rover1 waypoint12 waypoint7)
0.596: (take_image rover1 waypoint7 objective2 camera4 high_res)
0.601: (sample_soil rover1 rover1store waypoint7)
0.603: (navigate rover1 waypoint12 waypoint7)
0.603: (drop rover1 rover1store)
0.605: (drop rover1 rover1store)
0.606: (navigate rover1 waypoint12 waypoint7)
0.607: (navigate rover1 waypoint12 waypoint7)
0.437: (navigate rover1 waypoint7 waypoint12)
0.466: (calibrate rover1 camera4 objective1 waypoint12)
0.474: (navigate rover1 waypoint7 waypoint12)
0.478: (take_image rover1 waypoint12 objective1 camera4 high_res)
0.479: (take_image rover1 waypoint12 objective0 camera4 high_res)
0.484: (take_image rover1 waypoint12 objective1 camera4 high_res)
0.485: (drop rover1 rover1store)
0.485: (take_image rover1 waypoint12 objective0 camera4 high_res)
0.487: (navigate rover1 waypoint7 waypoint12)
0.488: (calibrate rover1 camera4 objective1 waypoint12)
0.488: (drop rover1 rover1store)
0.488: (navigate rover1 waypoint7 waypoint12)
0.491: (calibrate rover1 camera4 objective1 waypoint12)
0.495: (navigate rover1 waypoint7 waypoint12)
0.514: (drop rover1 rover1store)
0.514: (calibrate rover1 camera4 objective1 waypoint12)
0.522: (drop rover1 rover1store)
0.522: (calibrate rover1 camera4 objective1 waypoint12)
0.569: (sample_soil rover1 rover1store waypoint7)
0.570: (take_image rover1 waypoint7 objective2 camera4 high_res)
0.577: (take_image rover1 waypoint7 objective2 camera4 high_res)
0.586: (drop rover1 rover1store)
0.587: (navigate rover1 waypoint12 waypoint7)
0.589: (navigate rover1 waypoint12 waypoint7)
0.593: (navigate rover1 waypoint12 waypoint7)
0.593: (sample_soil rover1 rover1store waypoint7)
0.597: (drop rover1 rover1store)
0.598: (navigate rover1 waypoint12 waypoint7)
0.599: (sample_soil rover1 rover1store waypoint7)
0.599: (drop rover1 rover1store)
0.604: (sample_soil rover1 rover1store waypoint7)
0.604: (navigate rover1 waypoint12 waypoint7)
0.606: (navigate rover0 waypoint4 waypoint3)
0.608: (navigate rover1 waypoint7 waypoint8)
0.610: (drop rover1 rover1store)
0.612: (navigate rover1 waypoint12 waypoint7)
0.613: (navigate rover1 waypoint7 waypoint8)
0.614: (navigate rover1 waypoint12 waypoint7)
0.618: (navigate rover1 waypoint12 waypoint7)
0.621: (navigate rover1 waypoint7 waypoint8)
0.442: (navigate rover1 waypoint7 waypoint12)
0.458: (calibrate rover1 camera4 objective1 waypoint12)
0.466: (navigate rover1 waypoint7 waypoint12)
0.468: (take_image rover1 waypoint12 objective0 camera4 high_res)
0.476: (take_image rover1 waypoint12 objective1 camera4 high_res)
0.490: (take_image rover1 waypoint12 objective1 camera4 high_res)
0.490: (drop rover1 rover1store)
0.490: (take_image rover1 waypoint12 objective0 camera4 high_res)
0.493: (navigate rover1 waypoint7 waypoint12)
0.493: (calibrate rover1 camera4 objective1 waypoint12)
0.493: (drop rover1 rover1store)
0.496: (calibrate rover1 camera4 objective1 waypoint12)
0.502: (navigate rover1 waypoint7 waypoint12)
0.505: (drop rover1 rover1store)
0.505: (calibrate rover1 camera4 objective1 waypoint12)
0.515: (drop rover1 rover1store)
0.515: (calibrate rover1 camera4 objective1 waypoint12)
0.522: (calibrate rover1 camera4 objective1 waypoint12)
0.532: (navigate rover1 waypoint8 waypoint17)
0.547: (navigate rover1 waypoint8 waypoint17)
0.575: (take_image rover1 waypoint7 objective2 camera4 high_res)
0.575: (sample_soil rover1 rover1store waypoint7)
0.577: (sample_soil rover1 rover1store waypoint8)
0.579: (navigate rover1 waypoint8 waypoint17)
0.580: (drop rover1 rover1store)
0.581: (take_image rover1 waypoint7 objective2 camera4 high_res)
0.581: (take_image rover1 waypoint7 objective3 camera4 high_res)
0.581: (take_image rover1 waypoint7 objective2 camera4 high_res)
0.592: (sample_soil rover1 rover1store waypoint8)
0.598: (sample_soil rover1 rover1store waypoint7)
0.599: (navigate rover1 waypoint12 waypoint7)
0.599: (navigate rover1 waypoint12 waypoint7)
0.609: (navigate rover1 waypoint12 waypoint7)
0.610: (drop rover1 rover1store)
0.613: (communicate_image_data rover0 general objective0 high_res waypoint3 waypoint19)
0.618: (sample_soil rover1 rover1store waypoint7)
0.620: (navigate rover1 waypoint7 waypoint8)
0.620: (navigate rover1 waypoint12 waypoint7)
0.621: (navigate rover1 waypoint12 waypoint7)
0.628: (navigate rover1 waypoint7 waypoint8)
0.435: (navigate rover1 waypoint7 waypoint12)
0.438: (take_image rover1 waypoint12 objective1 camera4 high_res)
0.464: (calibrate rover1 camera4 objective1 waypoint12)
0.472: (take_image rover1 waypoint12 objective0 camera4 high_res)
0.474: (navigate rover1 waypoint7 waypoint12)
0.482: (take_image rover1 waypoint12 objective1 camera4 high_res)
0.482: (navigate rover1 waypoint7 waypoint12)
0.482: (drop rover1 rover1store)
0.483: (take_image rover1 waypoint12 objective0 camera4 high_res)
0.484: (calibrate rover1 camera4 objective1 waypoint12)
0.491: (drop rover1 rover1store)
0.491: (take_image rover1 waypoint12 objective1 camera4 high_res)
0.496: (calibrate rover1 camera4 objective1 waypoint12)
0.511: (drop rover1 rover1store)
0.511: (calibrate rover1 camera4 objective1 waypoint12)
0.520: (calibrate rover1 camera4 objective1 waypoint12)
0.520: (calibrate rover1 camera4 objective1 waypoint12)
0.520: (drop rover1 rover1store)
0.536: (navigate rover1 waypoint8 waypoint17)
0.544: (navigate rover1 waypoint8 waypoint17)
0.552: (navigate rover1 waypoint8 waypoint17)
0.555: (navigate rover0 waypoint3 waypoint4)
0.561: (navigate rover1 waypoint8 waypoint17)
0.578: (drop rover1 rover1store)
0.581: (sample_soil rover1 rover1store waypoint8)
0.582: (take_image rover1 waypoint7 objective2 camera4 high_res)
0.584: (drop rover1 rover1store)
0.586: (drop rover1 rover1store)
0.587: (take_image rover1 waypoint7 objective2 camera4 high_res)
0.594: (take_image rover1 waypoint7 objective2 camera4 high_res)
0.594: (sample_soil rover1 rover1store waypoint8)
0.595: (sample_soil rover1 rover1store waypoint7)
0.598: (navigate rover1 waypoint12 waypoint7)
0.599: (navigate rover1 waypoint12 waypoint7)
0.600: (navigate rover1 waypoint12 waypoint7)
0.601: (drop rover1 rover1store)
0.601: (navigate rover1 waypoint8 waypoint7)
0.604: (navigate rover1 waypoint12 waypoint7)
0.608: (navigate rover0 waypoint4 waypoint3)
0.615: (navigate rover0 waypoint4 waypoint3)
0.422: (navigate rover1 waypoint7 waypoint12)
0.443: (navigate rover1 waypoint7 waypoint12)
0.444: (take_image rover1 waypoint12 objective1 camera4 high_res)
0.459: (calibrate rover1 camera4 objective1 waypoint12)
0.474: (take_image rover1 waypoint12 objective1 camera4 high_res)
0.474: (take_image rover1 waypoint12 objective0 camera4 high_res)
0.477: (navigate rover1 waypoint7 waypoint12)
0.488: (take_image rover1 waypoint12 objective0 camera4 high_res)
0.488: (drop rover1 rover1store)
0.489: (navigate rover1 waypoint7 waypoint12)
0.490: (calibrate rover1 camera4 objective1 waypoint12)
0.496: (drop rover1 rover1store)
0.497: (take_image rover1 waypoint12 objective1 camera4 high_res)
0.502: (calibrate rover1 camera4 objective1 waypoint12)
0.504: (drop rover1 rover1store)
0.504: (calibrate rover1 camera4 objective1 waypoint12)
0.517: (drop rover1 rover1store)
0.517: (calibrate rover1 camera4 objective1 waypoint12)
0.550: (navigate rover1 waypoint8 waypoint17)
0.555: (drop rover1 rover1store)
0.556: (navigate rover1 waypoint8 waypoint17)
0.564: (navigate rover1 waypoint8 waypoint17)
0.565: (drop rover1 rover1store)
0.567: (navigate rover1 waypoint8 waypoint17)
0.578: (navigate rover1 waypoint17 waypoint8)
0.583: (drop rover1 rover1store)
0.592: (drop rover1 rover1store)
0.593: (drop rover1 rover1store)
0.593: (navigate rover1 waypoint12 waypoint7)
0.595: (sample_soil rover1 rover1store waypoint7)
0.595: (sample_soil rover1 rover1store waypoint7)
0.601: (navigate rover1 waypoint8 waypoint7)
0.601: (drop rover1 rover1store)
0.603: (drop rover1 rover1store)
0.605: (navigate rover1 waypoint12 waypoint7)
0.605: (navigate rover1 waypoint12 waypoint7)
0.606: (navigate rover1 waypoint8 waypoint7)
0.607: (navigate rover1 waypoint12 waypoint7)
0.611: (communicate_image_data rover0 general objective0 high_res waypoint3 waypoint19)
0.613: (navigate rover0 waypoint4 waypoint3)
0.428: (navigate rover1 waypoint7 waypoint12)
0.431: (navigate rover1 waypoint7 waypoint12)
0.431: (drop rover1 rover1store)
0.439: (calibrate rover1 camera4 objective1 waypoint12)
0.466: (calibrate rover1 camera4 objective1 waypoint12)
0.480: (navigate rover1 waypoint7 waypoint12)
0.480: (take_image rover1 waypoint12 objective1 camera4 high_res)
0.480: (take_image rover1 waypoint12 objective0 camera4 high_res)
0.484: (navigate rover1 waypoint7 waypoint12)
0.484: (take_image rover1 waypoint12 objective0 camera4 high_res)
0.485: (take_image rover1 waypoint12 objective1 camera4 high_res)
0.485: (drop rover1 rover1store)
0.493: (calibrate rover1 camera4 objective1 waypoint12)
0.509: (calibrate rover1 camera4 objective1 waypoint12)
0.510: (drop rover1 rover1store)
0.522: (calibrate rover1 camera4 objective1 waypoint12)
0.522: (drop rover1 rover1store)
0.559: (navigate rover1 waypoint8 waypoint17)
0.560: (drop rover1 rover1store)
0.569: (drop rover1 rover1store)
0.570: (navigate rover1 waypoint8 waypoint17)
0.599: (navigate rover1 waypoint12 waypoint7)
0.599: (sample_soil rover1 rover1store waypoint7)
0.601: (navigate rover1 waypoint8 waypoint7)
0.601: (drop rover1 rover1store)
0.602: (sample_soil rover1 rover1store waypoint7)
0.602: (drop rover1 rover1store)
0.603: (navigate rover1 waypoint12 waypoint7)
0.606: (drop rover1 rover1store)
0.607: (navigate rover1 waypoint8 waypoint7)
0.610: (drop rover1 rover1store)
0.612: (navigate rover1 waypoint12 waypoint7)
0.614: (navigate rover1 waypoint12 waypoint7)
0.619: (navigate rover1 waypoint8 waypoint7)
0.628: (navigate rover0 waypoint4 waypoint3)
0.628: (navigate rover0 waypoint4 waypoint3)
0.633: (navigate rover0 waypoint4 waypoint3)
0.634: (navigate rover1 waypoint12 waypoint7)
0.635: (navigate rover1 waypoint12 waypoint7)
0.643: (navigate rover0 waypoint4 waypoint3)
0.428: (take_image rover1 waypoint12 objective1 camera4 high_res)
0.434: (navigate rover1 waypoint7 waypoint12)
0.437: (navigate rover1 waypoint7 waypoint12)
0.437: (drop rover1 rover1store)
0.438: (navigate rover1 waypoint7 waypoint12)
0.445: (calibrate rover1 camera4 objective1 waypoint12)
0.453: (calibrate rover1 camera4 objective1 waypoint12)
0.453: (drop rover1 rover1store)
0.461: (navigate rover1 waypoint7 waypoint12)
0.490: (take_image rover1 waypoint12 objective0 camera4 high_res)
0.490: (navigate rover1 waypoint7 waypoint12)
0.490: (drop rover1 rover1store)
0.491: (take_image rover1 waypoint12 objective1 camera4 high_res)
0.498: (calibrate rover1 camera4 objective1 waypoint12)
0.505: (calibrate rover1 camera4 objective1 waypoint12)
0.505: (drop rover1 rover1store)
0.603: (sample_soil rover1 rover1store waypoint7)
0.608: (drop rover1 rover1store)
0.609: (navigate rover1 waypoint12 waypoint7)
0.610: (navigate rover1 waypoint7 waypoint8)
0.612: (drop rover1 rover1store)
0.619: (sample_soil rover1 rover1store waypoint7)
0.620: (sample_soil rover1 rover1store waypoint7)
0.621: (navigate rover1 waypoint12 waypoint7)
0.621: (navigate rover1 waypoint12 waypoint7)
0.625: (navigate rover1 waypoint12 waypoint7)
0.627: (sample_soil rover1 rover1store waypoint7)
0.630: (navigate rover0 waypoint4 waypoint3)
0.633: (drop rover1 rover1store)
0.633: (communicate_image_data rover0 general objective0 high_res waypoint3 waypoint19)
0.635: (navigate rover0 waypoint4 waypoint3)
0.636: (communicate_image_data rover0 general objective0 high_res waypoint3 waypoint19)
0.637: (drop rover1 rover1store)
0.639: (navigate rover1 waypoint12 waypoint7)
0.641: (drop rover1 rover1store)
0.657: (navigate rover1 waypoint7 waypoint8)
0.660: (take_image rover0 waypoint4 objective2 camera1 low_res)
0.666: (navigate rover1 waypoint7 waypoint8)
0.670: (navigate rover1 waypoint7 waypoint8)
0.673: (take_image rover0 waypoint4 objective2 camera1 low_res)
0.433: (drop rover1 rover1store)
0.433: (take_image rover1 waypoint12 objective1 camera4 high_res)
0.434: (take_image rover1 waypoint12 objective1 camera4 high_res)
0.446: (calibrate rover1 camera4 objective1 waypoint12)
0.459: (drop rover1 rover1store)
0.459: (calibrate rover1 camera4 objective1 waypoint12)
0.460: (calibrate rover1 camera4 objective1 waypoint12)
0.460: (calibrate rover1 camera4 objective1 waypoint12)
0.467: (navigate rover1 waypoint7 waypoint12)
0.473: (navigate rover1 waypoint7 waypoint12)
0.477: (navigate rover1 waypoint7 waypoint12)
0.477: (drop rover1 rover1store)
0.477: (calibrate rover1 camera4 objective1 waypoint12)
0.485: (navigate rover1 waypoint7 waypoint12)
0.511: (drop rover1 rover1store)
0.511: (calibrate rover1 camera4 objective1 waypoint12)
0.572: (navigate rover1 waypoint8 waypoint17)
0.577: (navigate rover1 waypoint8 waypoint17)
0.582: (navigate rover1 waypoint8 waypoint17)
0.591: (navigate rover1 waypoint8 waypoint17)
0.601: (navigate rover1 waypoint7 waypoint8)
0.613: (navigate rover1 waypoint7 waypoint8)
0.613: (drop rover1 rover1store)
0.614: (drop rover1 rover1store)
0.616: (navigate rover1 waypoint7 waypoint8)
0.618: (drop rover1 rover1store)
0.619: (sample_soil rover1 rover1store waypoint8)
0.620: (navigate rover1 waypoint12 waypoint7)
0.621: (drop rover1 rover1store)
0.623: (navigate rover1 waypoint12 waypoint7)
0.624: (navigate rover1 waypoint7 waypoint8)
0.625: (sample_soil rover1 rover1store waypoint7)
0.626: (take_image rover1 waypoint8 objective2 camera4 high_res)
0.626: (take_image rover1 waypoint8 objective3 camera4 high_res)
0.626: (take_image rover1 waypoint8 objective0 camera4 high_res)
0.626: (drop rover1 rover1store)
0.627: (navigate rover1 waypoint12 waypoint7)
0.629: (drop rover1 rover1store)
0.630: (navigate rover1 waypoint12 waypoint7)
0.632: (navigate rover1 waypoint12 waypoint7)
0.440: (drop rover1 rover1store)
0.440: (take_image rover1 waypoint12 objective1 camera4 high_res)
0.453: (calibrate rover1 camera4 objective1 waypoint12)
0.454: (calibrate rover1 camera4 objective1 waypoint12)
0.454: (drop rover1 rover1store)
0.467: (take_image rover1 waypoint12 objective1 camera4 high_res)
0.480: (drop rover1 rover1store)
0.481: (navigate rover1 waypoint7 waypoint12)
0.482: (navigate rover1 waypoint7 waypoint12)
0.482: (drop rover1 rover1store)
0.483: (calibrate rover1 camera4 objective1 waypoint12)
0.485: (drop rover1 rover1store)
0.489: (calibrate rover1 camera4 objective1 waypoint12)
0.491: (navigate rover1 waypoint7 waypoint12)
0.498: (calibrate rover1 camera4 objective1 waypoint12)
0.498: (drop rover1 rover1store)
0.506: (calibrate rover1 camera4 objective1 waypoint12)
0.544: (take_image rover1 waypoint17 objective3 camera4 high_res)
0.544: (take_image rover1 waypoint17 objective0 camera4 high_res)
0.546: (navigate rover1 waypoint8 waypoint17)
0.579: (navigate rover1 waypoint8 waypoint17)
0.580: (navigate rover1 waypoint8 waypoint17)
0.584: (navigate rover1 waypoint8 waypoint17)
0.584: (navigate rover1 waypoint8 waypoint17)
0.584: (drop rover1 rover1store)
0.592: (sample_soil rover1 rover1store waypoint8)
0.592: (navigate rover1 waypoint7 waypoint8)
0.592: (take_image rover1 waypoint8 objective3 camera4 high_res)
0.592: (take_image rover1 waypoint8 objective0 camera4 high_res)
0.592: (take_image rover1 waypoint8 objective2 camera4 high_res)
0.597: (navigate rover1 waypoint8 waypoint17)
0.601: (navigate rover1 waypoint7 waypoint8)
0.602: (navigate rover1 waypoint7 waypoint8)
0.605: (drop rover1 rover1store)
0.613: (navigate rover1 waypoint12 waypoint7)
0.614: (drop rover1 rover1store)
0.614: (navigate rover1 waypoint7 waypoint8)
0.616: (drop rover1 rover1store)
0.616: (drop rover1 rover1store)
0.619: (navigate rover1 waypoint12 waypoint7)
0.461: (drop rover1 rover1store)
0.461: (calibrate rover1 camera4 objective1 waypoint12)
0.473: (take_image rover1 waypoint12 objective1 camera4 high_res)
0.479: (drop rover1 rover1store)
0.479: (take_image rover1 waypoint12 objective1 camera4 high_res)
0.485: (calibrate rover1 camera4 objective1 waypoint12)
0.503: (drop rover1 rover1store)
0.504: (drop rover1 rover1store)
0.504: (calibrate rover1 camera4 objective1 waypoint12)
0.505: (drop rover1 rover1store)
0.505: (calibrate rover1 camera4 objective1 waypoint12)
0.505: (calibrate rover1 camera4 objective1 waypoint12)
0.561: (navigate rover1 waypoint8 waypoint17)
0.563: (take_image rover1 waypoint17 objective0 camera4 high_res)
0.563: (take_image rover1 waypoint17 objective3 camera4 high_res)
0.583: (navigate rover1 waypoint8 waypoint17)
0.585: (navigate rover1 waypoint8 waypoint17)
0.585: (drop rover1 rover1store)
0.588: (navigate rover1 waypoint7 waypoint8)
0.588: (take_image rover1 waypoint8 objective3 camera4 high_res)
0.588: (take_image rover1 waypoint8 objective0 camera4 high_res)
0.588: (take_image rover1 waypoint8 objective2 camera4 high_res)
0.588: (drop rover1 rover1store)
0.589: (drop rover1 rover1store)
0.589: (navigate rover1 waypoint8 waypoint17)
0.590: (drop rover1 rover1store)
0.603: (drop rover1 rover1store)
0.603: (navigate rover1 waypoint8 waypoint17)
0.609: (drop rover1 rover1store)
0.615: (navigate rover0 waypoint4 waypoint3)
0.619: (navigate rover1 waypoint12 waypoint7)
0.623: (navigate rover1 waypoint12 waypoint7)
0.625: (sample_soil rover1 rover1store waypoint7)
0.626: (navigate rover1 waypoint12 waypoint7)
0.629: (navigate rover1 waypoint7 waypoint8)
0.632: (drop rover1 rover1store)
0.633: (navigate rover1 waypoint12 waypoint7)
0.644: (navigate rover1 waypoint12 waypoint7)
0.645: (navigate rover1 waypoint12 waypoint7)
0.645: (navigate rover1 waypoint8 waypoint7)
0.485: (drop rover1 rover1store)
0.485: (take_image rover1 waypoint12 objective1 camera4 high_res)
0.491: (calibrate rover1 camera4 objective1 waypoint12)
0.499: (drop rover1 rover1store)
0.499: (calibrate rover1 camera4 objective1 waypoint12)
0.564: (drop rover1 rover1store)
0.565: (navigate rover1 waypoint8 waypoint17)
0.565: (take_image rover1 waypoint17 objective0 camera4 high_res)
0.565: (take_image rover1 waypoint17 objective3 camera4 high_res)
0.592: (navigate rover1 waypoint7 waypoint8)
0.596: (navigate rover1 waypoint8 waypoint17)
0.596: (drop rover1 rover1store)
0.602: (navigate rover1 waypoint8 waypoint17)
0.619: (navigate rover1 waypoint17 waypoint8)
0.619: (communicate_image_data rover0 general objective0 high_res waypoint3 waypoint19)
0.622: (drop rover1 rover1store)
0.625: (navigate rover1 waypoint12 waypoint7)
0.626: (navigate rover1 waypoint7 waypoint8)
0.627: (sample_soil rover1 rover1store waypoint7)
0.628: (navigate rover1 waypoint12 waypoint7)
0.634: (navigate rover0 waypoint4 waypoint3)
0.635: (navigate rover1 waypoint7 waypoint8)
0.635: (navigate rover1 waypoint8 waypoint7)
0.637: (drop rover1 rover1store)
0.638: (take_image rover1 waypoint7 objective2 camera4 high_res)
0.639: (navigate rover1 waypoint12 waypoint7)
0.640: (navigate rover1 waypoint7 waypoint8)
0.640: (drop rover1 rover1store)
0.640: (navigate rover0 waypoint4 waypoint3)
0.642: (navigate rover1 waypoint12 waypoint7)
0.643: (drop rover1 rover1store)
0.647: (navigate rover1 waypoint12 waypoint7)
0.648: (sample_soil rover1 rover1store waypoint7)
0.648: (navigate rover1 waypoint7 waypoint8)
0.651: (navigate rover1 waypoint12 waypoint7)
0.655: (navigate rover0 waypoint4 waypoint3)
0.656: (navigate rover1 waypoint12 waypoint7)
0.677: (navigate rover0 waypoint4 waypoint3)
0.678: (navigate rover0 waypoint4 waypoint3)
0.685: (navigate rover0 waypoint4 waypoint3)
0.496: (navigate rover1 waypoint7 waypoint12)
0.506: (calibrate rover1 camera4 objective1 waypoint12)
0.506: (drop rover1 rover1store)
0.551: (navigate rover0 waypoint3 waypoint4)
0.570: (navigate rover1 waypoint8 waypoint17)
0.589: (navigate rover1 waypoint8 waypoint17)
0.605: (navigate rover1 waypoint8 waypoint17)
0.617: (navigate rover1 waypoint8 waypoint17)
0.618: (drop rover1 rover1store)
0.620: (navigate rover1 waypoint7 waypoint8)
0.620: (navigate rover1 waypoint8 waypoint17)
0.621: (drop rover1 rover1store)
0.621: (navigate rover1 waypoint7 waypoint8)
0.626: (take_image rover1 waypoint17 objective3 camera4 high_res)
0.626: (take_image rover1 waypoint17 objective0 camera4 high_res)
0.630: (take_image rover1 waypoint7 objective2 camera4 high_res)
0.630: (navigate rover1 waypoint7 waypoint8)
0.630: (drop rover1 rover1store)
0.631: (navigate rover0 waypoint4 waypoint3)
0.631: (navigate rover1 waypoint12 waypoint7)
0.632: (drop rover1 rover1store)
0.633: (take_image rover1 waypoint8 objective3 camera4 high_res)
0.633: (take_image rover1 waypoint7 objective2 camera4 high_res)
0.633: (drop rover1 rover1store)
0.642: (navigate rover1 waypoint7 waypoint8)
0.643: (drop rover1 rover1store)
0.644: (take_image rover1 waypoint8 objective2 camera4 high_res)
0.645: (communicate_image_data rover0 general objective0 high_res waypoint3 waypoint19)
0.645: (navigate rover1 waypoint7 waypoint8)
0.646: (navigate rover1 waypoint7 waypoint8)
0.647: (navigate rover1 waypoint7 waypoint8)
0.647: (drop rover1 rover1store)
0.650: (navigate rover1 waypoint12 waypoint7)
0.652: (drop rover1 rover1store)
0.653: (navigate rover1 waypoint12 waypoint7)
0.654: (sample_soil rover1 rover1store waypoint7)
0.654: (navigate rover1 waypoint7 waypoint8)
0.682: (communicate_image_data rover0 general objective0 high_res waypoint3 waypoint19)
0.683: (navigate rover0 waypoint4 waypoint3)
0.684: (communicate_image_data rover0 general objective0 high_res waypoint3 waypoint19)
0.494: (drop rover1 rover1store)
0.497: (navigate rover1 waypoint7 waypoint12)
0.517: (calibrate rover1 camera4 objective1 waypoint12)
0.567: (navigate rover0 waypoint3 waypoint4)
0.592: (take_image rover1 waypoint17 objective3 camera4 high_res)
0.593: (navigate rover1 waypoint8 waypoint17)
0.595: (drop rover1 rover1store)
0.595: (navigate rover1 waypoint8 waypoint17)
0.596: (navigate rover1 waypoint8 waypoint17)
0.601: (navigate rover1 waypoint8 waypoint17)
0.607: (navigate rover1 waypoint8 waypoint17)
0.608: (navigate rover0 waypoint3 waypoint4)
0.622: (navigate rover1 waypoint8 waypoint17)
0.624: (drop rover1 rover1store)
0.624: (navigate rover1 waypoint8 waypoint17)
0.624: (drop rover1 rover1store)
0.625: (navigate rover1 waypoint8 waypoint17)
0.626: (drop rover1 rover1store)
0.626: (take_image rover1 waypoint8 objective3 camera4 high_res)
0.627: (navigate rover1 waypoint7 waypoint8)
0.627: (drop rover1 rover1store)
0.628: (take_image rover1 waypoint8 objective3 camera4 high_res)
0.628: (navigate rover1 waypoint17 waypoint8)
0.629: (take_image rover1 waypoint8 objective0 camera4 high_res)
0.630: (take_image rover1 waypoint8 objective2 camera4 high_res)
0.631: (navigate rover1 waypoint7 waypoint8)
0.632: (take_image rover1 waypoint8 objective2 camera4 high_res)
0.632: (drop rover1 rover1store)
0.634: (communicate_image_data rover0 general objective0 high_res waypoint3 waypoint19)
0.635: (drop rover1 rover1store)
0.635: (navigate rover0 waypoint4 waypoint3)
0.636: (navigate rover1 waypoint8 waypoint17)
0.639: (take_image rover1 waypoint17 objective0 camera4 high_res)
0.639: (take_image rover1 waypoint17 objective3 camera4 high_res)
0.649: (navigate rover1 waypoint7 waypoint8)
0.649: (drop rover1 rover1store)
0.652: (navigate rover1 waypoint7 waypoint8)
0.656: (drop rover1 rover1store)
0.656: (navigate rover1 waypoint12 waypoint7)
0.659: (navigate rover0 waypoint4 waypoint3)
0.518: (calibrate rover1 camera4 objective1 waypoint12)
0.519: (drop rover1 rover1store)
0.597: (sample_soil rover1 rover1store waypoint8)
0.597: (navigate rover1 waypoint17 waypoint8)
0.598: (take_image rover1 waypoint17 objective3 camera4 high_res)
0.599: (navigate rover1 waypoint8 waypoint17)
0.600: (drop rover1 rover1store)
0.600: (navigate rover1 waypoint8 waypoint17)
0.601: (drop rover1 rover1store)
0.602: (take_image rover1 waypoint17 objective3 camera4 high_res)
0.602: (take_image rover1 waypoint17 objective0 camera4 high_res)
0.603: (drop rover1 rover1store)
0.604: (navigate rover1 waypoint8 waypoint17)
0.629: (navigate rover1 waypoint8 waypoint17)
0.630: (navigate rover1 waypoint8 waypoint17)
0.631: (drop rover1 rover1store)
0.652: (drop rover1 rover1store)
0.654: (navigate rover0 waypoint4 waypoint3)
0.655: (navigate rover1 waypoint7 waypoint8)
0.655: (drop rover1 rover1store)
0.662: (navigate rover0 waypoint4 waypoint3)
0.663: (navigate rover0 waypoint4 waypoint3)
0.664: (navigate rover1 waypoint12 waypoint7)
0.664: (communicate_image_data rover0 general objective0 high_res waypoint3 waypoint19)
0.670: (navigate rover0 waypoint4 waypoint3)
0.695: (navigate rover0 waypoint4 waypoint3)
0.703: (navigate rover0 waypoint4 waypoint3)
0.705: (navigate rover0 waypoint4 waypoint3)
0.710: (navigate rover0 waypoint4 waypoint3)
0.742: (take_image rover0 waypoint4 objective2 camera1 low_res)
0.743: (navigate rover0 waypoint4 waypoint3)
0.746: (navigate rover1 waypoint17 waypoint8)
0.753: (navigate rover0 waypoint4 waypoint3)
0.762: (take_image rover0 waypoint4 objective2 camera1 low_res)
0.775: (navigate rover0 waypoint4 waypoint3)
0.776: (navigate rover0 waypoint4 waypoint3)
0.776: (navigate rover0 waypoint4 waypoint3)
0.783: (navigate rover0 waypoint4 waypoint3)
0.789: (navigate rover1 waypoint17 waypoint8)
0.806: (navigate rover0 waypoint4 waypoint3)
0.629: (navigate rover1 waypoint8 waypoint7)
0.635: (navigate rover1 waypoint8 waypoint17)
0.636: (drop rover1 rover1store)
0.646: (navigate rover1 waypoint8 waypoint17)
0.651: (navigate rover0 waypoint4 waypoint3)
0.652: (drop rover1 rover1store)
0.658: (take_image rover1 waypoint17 objective3 camera4 high_res)
0.658: (take_image rover1 waypoint17 objective3 camera4 high_res)
0.658: (take_image rover1 waypoint17 objective0 camera4 high_res)
0.658: (navigate rover0 waypoint4 waypoint3)
0.659: (navigate rover0 waypoint4 waypoint3)
0.659: (drop rover1 rover1store)
0.660: (drop rover1 rover1store)
0.660: (communicate_image_data rover0 general objective0 high_res waypoint3 waypoint19)
0.660: (drop rover1 rover1store)
0.661: (navigate rover1 waypoint8 waypoint17)
0.662: (navigate rover1 waypoint12 waypoint7)
0.662: (navigate rover1 waypoint8 waypoint17)
0.666: (navigate rover1 waypoint7 waypoint8)
0.681: (navigate rover1 waypoint8 waypoint7)
0.704: (navigate rover1 waypoint8 waypoint17)
0.705: (navigate rover0 waypoint4 waypoint3)
0.705: (drop rover1 rover1store)
0.709: (navigate rover1 waypoint8 waypoint7)
0.710: (navigate rover0 waypoint4 waypoint3)
0.713: (communicate_image_data rover0 general objective0 high_res waypoint3 waypoint19)
0.725: (navigate rover1 waypoint8 waypoint7)
0.726: (navigate rover1 waypoint8 waypoint7)
0.726: (navigate rover1 waypoint8 waypoint7)
0.726: (take_image rover1 waypoint7 objective3 camera4 high_res)
0.726: (take_image rover1 waypoint7 objective2 camera4 high_res)
0.726: (take_image rover1 waypoint7 objective0 camera4 high_res)
0.738: (navigate rover1 waypoint8 waypoint7)
0.739: (navigate rover1 waypoint12 waypoint7)
0.743: (take_image rover1 waypoint12 objective1 camera4 high_res)
0.743: (take_image rover1 waypoint12 objective0 camera4 high_res)
0.746: (navigate rover1 waypoint8 waypoint7)
0.754: (navigate rover0 waypoint3 waypoint1)
0.765: (navigate rover0 waypoint4 waypoint3)
0.766: (sample_soil rover1 rover1store waypoint8)
0.375: (take_image rover0 waypoint1 objective0 camera1 colour)
0.638: (navigate rover1 waypoint8 waypoint17)
0.661: (navigate rover1 waypoint7 waypoint8)
0.661: (drop rover1 rover1store)
0.700: (navigate rover0 waypoint1 waypoint5)
0.711: (navigate rover0 waypoint4 waypoint3)
0.711: (communicate_image_data rover0 general objective0 high_res waypoint3 waypoint19)
0.711: (drop rover1 rover1store)
0.716: (sample_soil rover1 rover1store waypoint7)
0.719: (navigate rover0 waypoint4 waypoint3)
0.721: (navigate rover1 waypoint8 waypoint7)
0.722: (drop rover1 rover1store)
0.722: (take_image rover1 waypoint7 objective0 camera4 high_res)
0.722: (take_image rover1 waypoint7 objective2 camera4 high_res)
0.722: (take_image rover1 waypoint7 objective3 camera4 high_res)
0.733: (sample_soil rover1 rover1store waypoint7)
0.733: (communicate_image_data rover0 general objective0 high_res waypoint3 waypoint19)
0.735: (navigate rover0 waypoint1 waypoint10)
0.737: (navigate rover0 waypoint1 waypoint17)
0.760: (navigate rover1 waypoint7 waypoint12)
0.763: (navigate rover0 waypoint4 waypoint3)
0.764: (calibrate rover0 camera3 objective0 waypoint1)
0.765: (navigate rover1 waypoint7 waypoint12)
0.766: (calibrate rover0 camera0 objective0 waypoint1)
0.779: (navigate rover1 waypoint7 waypoint12)
0.780: (navigate rover1 waypoint7 waypoint12)
0.783: (navigate rover1 waypoint7 waypoint12)
0.783: (calibrate rover1 camera4 objective1 waypoint12)
0.802: (navigate rover1 waypoint7 waypoint12)
0.807: (navigate rover0 waypoint3 waypoint1)
0.822: (navigate rover0 waypoint1 waypoint15)
0.822: (navigate rover1 waypoint17 waypoint8)
0.828: (navigate rover0 waypoint3 waypoint1)
0.828: (navigate rover0 waypoint3 waypoint1)
0.829: (navigate rover0 waypoint3 waypoint1)
0.831: (navigate rover0 waypoint3 waypoint1)
0.834: (navigate rover0 waypoint1 waypoint0)
0.834: (navigate rover0 waypoint3 waypoint1)
0.836: (navigate rover0 waypoint4 waypoint3)
0.852: (navigate rover0 waypoint3 waypoint1)
0.237: (navigate rover0 waypoint1 waypoint5)
0.276: (navigate rover0 waypoint1 waypoint17)
0.277: (navigate rover0 waypoint1 waypoint17)
0.278: (navigate rover0 waypoint1 waypoint17)
0.298: (navigate rover0 waypoint1 waypoint17)
0.298: (take_image rover0 waypoint17 objective0 camera1 colour)
0.302: (navigate rover0 waypoint1 waypoint17)
0.317: (navigate rover0 waypoint1 waypoint3)
0.327: (take_image rover0 waypoint1 objective0 camera1 colour)
0.328: (calibrate rover0 camera0 objective0 waypoint1)
0.330: (calibrate rover0 camera3 objective0 waypoint1)
0.335: (take_image rover0 waypoint1 objective0 camera1 colour)
0.339: (take_image rover0 waypoint1 objective0 camera0 colour)
0.339: (take_image rover0 waypoint1 objective0 camera3 colour)
0.361: (take_image rover0 waypoint1 objective0 camera1 colour)
0.362: (take_image rover0 waypoint1 objective0 camera1 colour)
0.365: (take_image rover0 waypoint1 objective0 camera1 colour)
0.367: (navigate rover0 waypoint1 waypoint10)
0.369: (take_image rover0 waypoint1 objective0 camera1 colour)
0.372: (take_image rover0 waypoint1 objective0 camera1 colour)
0.376: (take_image rover0 waypoint1 objective0 camera1 colour)
0.385: (take_image rover0 waypoint1 objective0 camera1 colour)
0.385: (take_image rover0 waypoint1 objective0 camera1 colour)
0.389: (calibrate rover1 camera4 objective1 waypoint12)
0.410: (navigate rover0 waypoint1 waypoint15)
0.420: (navigate rover1 waypoint12 waypoint7)
0.428: (navigate rover0 waypoint1 waypoint0)
0.436: (navigate rover0 waypoint1 waypoint9)
0.523: (navigate rover0 waypoint1 waypoint17)
0.564: (navigate rover0 waypoint1 waypoint17)
0.568: (navigate rover0 waypoint0 waypoint2)
0.590: (navigate rover0 waypoint17 waypoint7)
0.629: (navigate rover0 waypoint15 waypoint14)
0.631: (navigate rover0 waypoint1 waypoint10)
0.637: (navigate rover0 waypoint1 waypoint10)
0.637: (navigate rover1 waypoint12 waypoint7)
0.637: (navigate rover0 waypoint1 waypoint10)
0.642: (navigate rover1 waypoint8 waypoint17)
0.642: (drop rover1 rover1store)
0.659: (navigate rover0 waypoint1 waypoint10)
-0.252: (navigate rover0 waypoint9 waypoint12)
-0.152: (navigate rover0 waypoint1 waypoint17)
-0.149: (take_image rover0 waypoint17 objective0 camera1 colour)
-0.149: (take_image rover0 waypoint17 objective0 camera1 colour)
-0.148: (navigate rover0 waypoint1 waypoint17)
-0.148: (navigate rover0 waypoint1 waypoint17)
-0.147: (take_image rover0 waypoint17 objective0 camera1 colour)
-0.128: (navigate rover0 waypoint1 waypoint17)
-0.125: (take_image rover0 waypoint17 objective0 camera1 colour)
0.070: (navigate rover0 waypoint1 waypoint17)
0.072: (take_image rover0 waypoint17 objective0 camera1 colour)
0.098: (navigate rover0 waypoint3 waypoint4)
0.103: (communicate_image_data rover0 general objective3 colour waypoint5 waypoint19)
0.112: (communicate_image_data rover0 general objective0 colour waypoint5 waypoint19)
0.112: (take_image rover0 waypoint17 objective0 camera1 colour)
0.114: (navigate rover0 waypoint1 waypoint17)
0.156: (navigate rover0 waypoint17 waypoint7)
0.158: (take_image rover0 waypoint7 objective0 camera1 colour)
0.158: (navigate rover1 waypoint12 waypoint7)
0.162: (take_image rover0 waypoint17 objective0 camera1 colour)
0.162: (navigate rover0 waypoint1 waypoint17)
0.163: (navigate rover0 waypoint1 waypoint5)
0.167: (navigate rover0 waypoint15 waypoint14)
0.167: (navigate rover0 waypoint1 waypoint5)
0.169: (navigate rover0 waypoint1 waypoint5)
0.170: (calibrate rover0 camera1 objective3 waypoint5)
0.185: (navigate rover0 waypoint1 waypoint10)
0.186: (navigate rover0 waypoint1 waypoint10)
0.187: (navigate rover0 waypoint1 waypoint10)
0.193: (navigate rover0 waypoint1 waypoint3)
0.193: (navigate rover0 waypoint0 waypoint2)
0.194: (take_image rover0 waypoint2 objective0 camera1 colour)
0.195: (navigate rover0 waypoint1 waypoint3)
0.196: (communicate_image_data rover0 general objective3 colour waypoint3 waypoint19)
0.197: (navigate rover0 waypoint1 waypoint3)
0.200: (navigate rover0 waypoint1 waypoint10)
0.208: (navigate rover0 waypoint1 waypoint3)
0.209: (navigate rover0 waypoint1 waypoint3)
0.214: (navigate rover0 waypoint1 waypoint17)
0.225: (communicate_image_data rover0 general objective0 colour waypoint3 waypoint19)
-0.839: (communicate_image_data rover0 general objective0 colour waypoint5 waypoint19)
[Final] Expanded: 1574, Generated: 16434
Found a solution of length 68!
   1: (navigate rover0 waypoint15 waypoint14)
   2: (calibrate rover0 camera1 objective3 waypoint14)
   3: (take_image rover0 waypoint14 objective2 camera1 low_res)
   4: (calibrate rover0 camera1 objective3 waypoint14)
   5: (sample_soil rover0 rover0store waypoint14)
   6: (drop rover0 rover0store)
   7: (navigate rover1 waypoint8 waypoint17)
   8: (sample_soil rover1 rover1store waypoint17)
   9: (drop rover1 rover1store)
  10: (communicate_soil_data rover0 general waypoint14 waypoint14 waypoint19)
  11: (take_image rover0 waypoint14 objective3 camera1 colour)
  12: (communicate_image_data rover0 general objective2 low_res waypoint14 waypoint19)
  13: (navigate rover0 waypoint14 waypoint15)
  14: (navigate rover0 waypoint15 waypoint1)
  15: (calibrate rover0 camera3 objective0 waypoint1)
  16: (take_image rover0 waypoint1 objective0 camera3 high_res)
  17: (navigate rover1 waypoint17 waypoint3)
  18: (calibrate rover0 camera3 objective0 waypoint1)
  19: (navigate rover0 waypoint1 waypoint5)
  20: (communicate_soil_data rover1 general waypoint17 waypoint3 waypoint19)
  21: (sample_soil rover0 rover0store waypoint5)
  22: (drop rover0 rover0store)
  23: (communicate_soil_data rover0 general waypoint5 waypoint5 waypoint19)
  24: (navigate rover0 waypoint5 waypoint1)
  25: (take_image rover0 waypoint1 objective2 camera3 high_res)
  26: (calibrate rover0 camera3 objective0 waypoint1)
  27: (navigate rover0 waypoint1 waypoint3)
  28: (navigate rover0 waypoint3 waypoint4)
  29: (sample_soil rover0 rover0store waypoint4)
  30: (navigate rover0 waypoint4 waypoint3)
  31: (communicate_image_data rover0 general objective2 high_res waypoint3 waypoint19)
  32: (communicate_soil_data rover0 general waypoint4 waypoint3 waypoint19)
  33: (take_image rover0 waypoint3 objective3 camera3 high_res)
  34: (navigate rover1 waypoint3 waypoint17)
  35: (communicate_image_data rover0 general objective3 high_res waypoint3 waypoint19)
  36: (drop rover0 rover0store)
  37: (calibrate rover0 camera1 objective3 waypoint3)
  38: (navigate rover1 waypoint17 waypoint8)
  39: (navigate rover0 waypoint3 waypoint4)
  40: (sample_soil rover1 rover1store waypoint8)
  41: (drop rover1 rover1store)
  42: (navigate rover1 waypoint8 waypoint7)
  43: (navigate rover1 waypoint7 waypoint12)
  44: (calibrate rover1 camera4 objective1 waypoint12)
  45: (take_image rover1 waypoint12 objective0 camera4 high_res)
  46: (calibrate rover1 camera4 objective1 waypoint12)
  47: (take_image rover1 waypoint12 objective1 camera4 high_res)
  48: (navigate rover1 waypoint12 waypoint7)
  49: (navigate rover1 waypoint7 waypoint8)
  50: (navigate rover1 waypoint8 waypoint17)
  51: (navigate rover0 waypoint4 waypoint3)
  52: (communicate_image_data rover0 general objective0 high_res waypoint3 waypoint19)
  53: (navigate rover0 waypoint3 waypoint4)
  54: (navigate rover1 waypoint17 waypoint8)
  55: (navigate rover1 waypoint8 waypoint7)
  56: (sample_soil rover1 rover1store waypoint7)
  57: (navigate rover1 waypoint7 waypoint12)
  58: (calibrate rover1 camera4 objective1 waypoint12)
  59: (navigate rover1 waypoint12 waypoint7)
  60: (take_image rover1 waypoint7 objective2 camera4 high_res)
  61: (navigate rover1 waypoint7 waypoint12)
  62: (drop rover1 rover1store)
  63: (navigate rover0 waypoint4 waypoint3)
  64: (navigate rover0 waypoint3 waypoint1)
  65: (take_image rover0 waypoint1 objective0 camera1 colour)
  66: (navigate rover0 waypoint1 waypoint5)
  67: (communicate_image_data rover0 general objective3 colour waypoint5 waypoint19)
  68: (communicate_image_data rover0 general objective0 colour waypoint5 waypoint19)
