/u/ibrahim.eisawy/Neural-Guided-Search/venv/lib/python3.10/site-packages/pymimir_rgnn/model.py:151: UserWarning: index_reduce() is in beta and the API may change at any time. (Triggered internally at /pytorch/aten/src/ATen/native/cuda/Indexing.cu:1541.)
  max_msg.index_reduce_(0, output_indices, output_messages, reduce='amax', include_self=True)
Torch: 2.12.0+cu130
Using GPU:  NVIDIA L40S
57.621: (grasp left shot8)
57.621: (grasp right shot8)
57.709: (grasp right shot5)
57.709: (grasp left shot5)
58.491: (grasp left shot10)
58.491: (grasp left shot2)
58.491: (grasp right shot10)
58.491: (grasp right shot2)
59.553: (grasp right shot11)
59.553: (grasp left shot11)
59.967: (grasp right shot9)
59.968: (grasp left shot9)
59.968: (grasp left shot7)
59.968: (grasp left shot4)
59.968: (grasp right shot7)
59.968: (grasp right shot4)
60.162: (grasp left shot3)
60.162: (grasp left shot6)
60.162: (grasp right shot3)
60.162: (grasp right shot6)
60.246: (grasp left shot1)
60.246: (grasp right shot1)
60.358: (grasp right shaker1)
60.358: (grasp left shaker1)
57.031: (fill-shot shot8 ingredient6 right left dispenser6)
57.032: (fill-shot shot8 ingredient6 left right dispenser6)
57.076: (fill-shot shot5 ingredient6 left right dispenser6)
57.076: (fill-shot shot5 ingredient6 right left dispenser6)
57.192: (fill-shot shot5 ingredient1 left right dispenser1)
57.193: (fill-shot shot5 ingredient1 right left dispenser1)
57.197: (fill-shot shot5 ingredient3 left right dispenser3)
57.197: (fill-shot shot5 ingredient3 right left dispenser3)
57.330: (fill-shot shot8 ingredient1 right left dispenser1)
57.330: (fill-shot shot8 ingredient1 left right dispenser1)
57.336: (fill-shot shot8 ingredient2 right left dispenser2)
57.336: (fill-shot shot8 ingredient2 left right dispenser2)
57.336: (fill-shot shot11 ingredient6 left right dispenser6)
57.337: (fill-shot shot11 ingredient6 right left dispenser6)
57.461: (fill-shot shot2 ingredient1 left right dispenser1)
57.461: (fill-shot shot10 ingredient1 right left dispenser1)
57.461: (fill-shot shot2 ingredient1 right left dispenser1)
57.461: (fill-shot shot10 ingredient1 left right dispenser1)
57.592: (fill-shot shot5 ingredient4 left right dispenser4)
57.592: (fill-shot shot5 ingredient4 right left dispenser4)
57.682: (fill-shot shot8 ingredient4 right left dispenser4)
57.683: (fill-shot shot8 ingredient4 left right dispenser4)
57.700: (fill-shot shot11 ingredient1 right left dispenser1)
57.701: (fill-shot shot11 ingredient1 left right dispenser1)
57.708: (fill-shot shot2 ingredient6 left right dispenser6)
57.708: (fill-shot shot10 ingredient6 left right dispenser6)
57.709: (fill-shot shot10 ingredient6 right left dispenser6)
57.709: (fill-shot shot2 ingredient6 right left dispenser6)
57.714: (fill-shot shot2 ingredient4 left right dispenser4)
57.714: (fill-shot shot10 ingredient4 left right dispenser4)
57.715: (fill-shot shot2 ingredient4 right left dispenser4)
57.715: (fill-shot shot10 ingredient4 right left dispenser4)
57.738: (fill-shot shot5 ingredient5 right left dispenser5)
57.739: (fill-shot shot5 ingredient5 left right dispenser5)
57.920: (fill-shot shot8 ingredient3 left right dispenser3)
57.920: (fill-shot shot8 ingredient3 right left dispenser3)
57.941: (fill-shot shot2 ingredient2 left right dispenser2)
57.942: (fill-shot shot10 ingredient2 left right dispenser2)
57.942: (fill-shot shot10 ingredient2 right left dispenser2)
57.942: (fill-shot shot2 ingredient2 right left dispenser2)
57.974: (grasp left shot5)
57.974: (grasp right shot5)
57.974: (grasp right shot8)
57.974: (grasp left shot8)
58.012: (fill-shot shot5 ingredient2 left right dispenser2)
58.012: (fill-shot shot5 ingredient2 right left dispenser2)
58.164: (fill-shot shot6 ingredient6 left right dispenser6)
58.164: (fill-shot shot3 ingredient6 left right dispenser6)
58.165: (fill-shot shot6 ingredient6 right left dispenser6)
58.165: (fill-shot shot3 ingredient6 right left dispenser6)
58.426: (fill-shot shot2 ingredient3 right left dispenser3)
58.426: (fill-shot shot10 ingredient3 right left dispenser3)
58.427: (fill-shot shot2 ingredient3 left right dispenser3)
58.427: (fill-shot shot10 ingredient3 left right dispenser3)
58.446: (grasp left shot4)
58.446: (grasp left shot7)
58.446: (grasp left shot9)
58.446: (grasp right shot4)
58.446: (grasp right shot7)
58.446: (grasp right shot9)
58.446: (grasp right shot8)
58.446: (grasp right shot8)
58.446: (grasp left shot8)
58.447: (grasp left shot8)
58.447: (grasp left shot8)
58.447: (grasp right shot8)
58.461: (fill-shot shot4 ingredient6 right left dispenser6)
58.461: (fill-shot shot7 ingredient6 right left dispenser6)
58.461: (fill-shot shot4 ingredient6 left right dispenser6)
58.462: (fill-shot shot9 ingredient6 left right dispenser6)
58.462: (fill-shot shot7 ingredient6 left right dispenser6)
58.462: (fill-shot shot9 ingredient6 right left dispenser6)
58.521: (grasp right shaker1)
58.521: (grasp left shaker1)
58.522: (grasp left shot8)
58.522: (grasp right shot8)
58.566: (grasp right shot8)
58.566: (grasp right shot8)
58.566: (grasp left shot8)
58.567: (fill-shot shot10 ingredient5 left right dispenser5)
54.352: (pour-shot-to-clean-shaker shot11 ingredient6 shaker1 left l0 l1)
54.352: (pour-shot-to-clean-shaker shot11 ingredient6 shaker1 right l0 l1)
55.027: (pour-shot-to-clean-shaker shot10 ingredient1 shaker1 right l0 l1)
55.027: (pour-shot-to-clean-shaker shot2 ingredient1 shaker1 right l0 l1)
55.028: (pour-shot-to-clean-shaker shot2 ingredient1 shaker1 left l0 l1)
55.028: (pour-shot-to-clean-shaker shot10 ingredient1 shaker1 left l0 l1)
55.327: (pour-shot-to-clean-shaker shot2 ingredient6 shaker1 right l0 l1)
55.327: (pour-shot-to-clean-shaker shot10 ingredient6 shaker1 left l0 l1)
55.327: (pour-shot-to-clean-shaker shot10 ingredient6 shaker1 right l0 l1)
55.328: (pour-shot-to-clean-shaker shot2 ingredient6 shaker1 left l0 l1)
55.508: (pour-shot-to-clean-shaker shot11 ingredient1 shaker1 left l0 l1)
55.509: (pour-shot-to-clean-shaker shot11 ingredient1 shaker1 right l0 l1)
55.938: (pour-shot-to-clean-shaker shot8 ingredient2 shaker1 right l0 l1)
55.939: (pour-shot-to-clean-shaker shot8 ingredient2 shaker1 left l0 l1)
56.074: (pour-shot-to-clean-shaker shot5 ingredient4 shaker1 left l0 l1)
56.074: (pour-shot-to-clean-shaker shot5 ingredient4 shaker1 right l0 l1)
56.219: (pour-shot-to-clean-shaker shot5 ingredient3 shaker1 right l0 l1)
56.219: (pour-shot-to-clean-shaker shot5 ingredient3 shaker1 left l0 l1)
56.219: (pour-shot-to-clean-shaker shot8 ingredient1 shaker1 right l0 l1)
56.219: (pour-shot-to-clean-shaker shot8 ingredient1 shaker1 left l0 l1)
56.816: (grasp right shot8)
56.816: (grasp left shot8)
57.053: (leave left shot11)
57.053: (leave right shot11)
57.088: (grasp left shot8)
57.088: (grasp right shot8)
57.098: (pour-shot-to-clean-shaker shot2 ingredient4 shaker1 right l0 l1)
57.098: (pour-shot-to-clean-shaker shot10 ingredient4 shaker1 right l0 l1)
57.099: (pour-shot-to-clean-shaker shot10 ingredient4 shaker1 left l0 l1)
57.099: (pour-shot-to-clean-shaker shot2 ingredient4 shaker1 left l0 l1)
57.123: (grasp right shot5)
57.124: (grasp left shot5)
57.134: (grasp left shot5)
57.135: (grasp right shot5)
57.135: (leave left shot11)
57.136: (leave right shot11)
57.157: (pour-shot-to-clean-shaker shot7 ingredient6 shaker1 left l0 l1)
57.157: (pour-shot-to-clean-shaker shot9 ingredient6 shaker1 right l0 l1)
57.157: (pour-shot-to-clean-shaker shot4 ingredient6 shaker1 left l0 l1)
57.157: (pour-shot-to-clean-shaker shot7 ingredient6 shaker1 right l0 l1)
57.157: (pour-shot-to-clean-shaker shot9 ingredient6 shaker1 left l0 l1)
57.157: (pour-shot-to-clean-shaker shot4 ingredient6 shaker1 right l0 l1)
57.275: (pour-shot-to-clean-shaker shot6 ingredient6 shaker1 right l0 l1)
57.275: (pour-shot-to-clean-shaker shot3 ingredient6 shaker1 right l0 l1)
57.275: (pour-shot-to-clean-shaker shot3 ingredient6 shaker1 left l0 l1)
57.276: (pour-shot-to-clean-shaker shot6 ingredient6 shaker1 left l0 l1)
57.308: (pour-shot-to-clean-shaker shot10 ingredient2 shaker1 right l0 l1)
57.308: (pour-shot-to-clean-shaker shot10 ingredient2 shaker1 left l0 l1)
57.308: (pour-shot-to-clean-shaker shot2 ingredient2 shaker1 left l0 l1)
57.308: (pour-shot-to-clean-shaker shot2 ingredient2 shaker1 right l0 l1)
57.325: (pour-shot-to-clean-shaker shot8 ingredient6 shaker1 right l0 l1)
57.325: (pour-shot-to-clean-shaker shot8 ingredient6 shaker1 left l0 l1)
57.382: (grasp right shot8)
57.382: (grasp left shot8)
57.384: (grasp right shot5)
57.385: (grasp left shot5)
57.389: (grasp right shot8)
57.389: (grasp left shot8)
57.397: (grasp right shot8)
57.397: (grasp left shot8)
57.414: (grasp right shot5)
57.415: (grasp left shot5)
57.548: (grasp left shot10)
57.548: (grasp left shot2)
57.548: (grasp right shot2)
57.549: (grasp right shot10)
57.550: (grasp left shot8)
57.550: (grasp right shot8)
57.599: (pour-shot-to-clean-shaker shot5 ingredient6 shaker1 left l0 l1)
57.599: (pour-shot-to-clean-shaker shot5 ingredient6 shaker1 right l0 l1)
57.645: (grasp right shot8)
57.645: (grasp right shot8)
57.645: (grasp left shot8)
57.645: (grasp left shot8)
57.645: (grasp right shot8)
57.645: (grasp left shot8)
57.659: (grasp left shot10)
57.659: (grasp left shot2)
57.660: (grasp right shot10)
57.660: (grasp right shot2)
54.017: (clean-shot shot10 ingredient1 left right)
54.017: (clean-shot shot2 ingredient1 left right)
54.017: (clean-shot shot2 ingredient1 right left)
54.017: (clean-shot shot10 ingredient1 right left)
54.348: (clean-shot shot10 ingredient6 right left)
54.348: (clean-shot shot10 ingredient6 left right)
54.348: (clean-shot shot2 ingredient6 left right)
54.348: (clean-shot shot2 ingredient6 right left)
54.508: (refill-shot shot11 ingredient6 right left dispenser6)
54.508: (refill-shot shot11 ingredient6 left right dispenser6)
54.979: (clean-shot shot8 ingredient2 left right)
54.980: (clean-shot shot8 ingredient2 right left)
54.983: (leave right shot11)
54.983: (leave left shot11)
55.008: (clean-shot shot8 ingredient1 left right)
55.009: (clean-shot shot8 ingredient1 right left)
55.044: (grasp left shot3)
55.044: (grasp right shot3)
55.044: (grasp left shot6)
55.044: (grasp right shot6)
55.052: (grasp left shot10)
55.052: (grasp right shot10)
55.052: (grasp left shot2)
55.052: (grasp right shot2)
55.052: (pour-shot-to-clean-shaker shot11 ingredient1 shaker1 right l0 l1)
55.053: (pour-shot-to-clean-shaker shot11 ingredient1 shaker1 left l0 l1)
55.053: (pour-shot-to-clean-shaker shot11 ingredient1 shaker1 left l0 l1)
55.053: (pour-shot-to-clean-shaker shot11 ingredient1 shaker1 right l0 l1)
55.070: (clean-shot shot5 ingredient4 left right)
55.070: (clean-shot shot5 ingredient4 right left)
55.084: (grasp right shot4)
55.084: (grasp left shot9)
55.084: (grasp right shot7)
55.084: (grasp left shot7)
55.084: (grasp right shot9)
55.084: (grasp left shot4)
55.153: (pour-shot-to-clean-shaker shot11 ingredient6 shaker1 right l0 l1)
55.153: (pour-shot-to-clean-shaker shot11 ingredient6 shaker1 left l0 l1)
55.154: (grasp right shot8)
55.154: (grasp left shot8)
55.283: (grasp right shot1)
55.283: (grasp left shot1)
55.357: (grasp left shot10)
55.357: (grasp right shot10)
55.357: (grasp right shot2)
55.357: (grasp left shot2)
55.360: (pour-shot-to-clean-shaker shot11 ingredient6 shaker1 left l0 l1)
55.360: (pour-shot-to-clean-shaker shot11 ingredient6 shaker1 left l0 l1)
55.360: (pour-shot-to-clean-shaker shot11 ingredient6 shaker1 right l0 l1)
55.360: (pour-shot-to-clean-shaker shot11 ingredient6 shaker1 right l0 l1)
55.368: (grasp left shot8)
55.368: (pour-shot-to-clean-shaker shot11 ingredient1 shaker1 right l0 l1)
55.368: (grasp right shot8)
55.368: (pour-shot-to-clean-shaker shot11 ingredient1 shaker1 left l0 l1)
55.379: (grasp right shaker1)
55.379: (grasp left shaker1)
55.443: (grasp left shot5)
55.443: (grasp right shot5)
55.444: (pour-shot-to-clean-shaker shot11 ingredient6 shaker1 right l0 l1)
55.444: (pour-shot-to-clean-shaker shot11 ingredient6 shaker1 left l0 l1)
55.634: (grasp right shot10)
55.634: (grasp left shot10)
55.634: (grasp right shot2)
55.634: (grasp left shot2)
55.656: (refill-shot shot10 ingredient1 right left dispenser1)
55.656: (refill-shot shot10 ingredient1 left right dispenser1)
55.656: (refill-shot shot2 ingredient1 left right dispenser1)
55.656: (refill-shot shot2 ingredient1 right left dispenser1)
55.679: (grasp left shot8)
55.679: (grasp left shot8)
55.680: (grasp right shot8)
55.680: (grasp right shot8)
55.757: (clean-shot shot7 ingredient6 left right)
55.757: (clean-shot shot9 ingredient6 right left)
55.758: (clean-shot shot4 ingredient6 left right)
55.758: (clean-shot shot4 ingredient6 right left)
55.758: (clean-shot shot7 ingredient6 right left)
55.758: (clean-shot shot9 ingredient6 left right)
55.796: (leave right shot2)
55.796: (leave right shot10)
51.094: (fill-shot shot8 ingredient6 right left dispenser6)
51.096: (fill-shot shot8 ingredient6 left right dispenser6)
53.042: (fill-shot shot7 ingredient1 left right dispenser1)
53.042: (fill-shot shot9 ingredient1 right left dispenser1)
53.042: (fill-shot shot4 ingredient1 left right dispenser1)
53.042: (fill-shot shot4 ingredient1 right left dispenser1)
53.042: (fill-shot shot7 ingredient1 right left dispenser1)
53.043: (fill-shot shot9 ingredient1 left right dispenser1)
53.183: (fill-shot shot2 ingredient6 left right dispenser6)
53.183: (fill-shot shot2 ingredient6 right left dispenser6)
53.183: (fill-shot shot10 ingredient6 left right dispenser6)
53.183: (fill-shot shot10 ingredient6 right left dispenser6)
53.736: (fill-shot shot2 ingredient1 left right dispenser1)
53.736: (fill-shot shot10 ingredient1 left right dispenser1)
53.736: (fill-shot shot10 ingredient1 right left dispenser1)
53.736: (fill-shot shot2 ingredient1 right left dispenser1)
54.085: (leave right shot11)
54.085: (leave left shot11)
54.085: (leave right shot11)
54.085: (leave left shot11)
54.183: (fill-shot shot2 ingredient5 left right dispenser5)
54.183: (fill-shot shot2 ingredient5 right left dispenser5)
54.184: (fill-shot shot10 ingredient5 left right dispenser5)
54.184: (fill-shot shot10 ingredient5 right left dispenser5)
54.326: (fill-shot shot8 ingredient6 left right dispenser6)
54.326: (fill-shot shot8 ingredient6 right left dispenser6)
54.394: (leave left shot11)
54.394: (leave right shot11)
54.394: (leave right shot11)
54.394: (leave left shot11)
54.395: (grasp left shot2)
54.395: (grasp right shot10)
54.395: (grasp left shot10)
54.395: (grasp right shot2)
54.432: (leave right shot2)
54.432: (leave left shot2)
54.432: (leave left shot10)
54.432: (leave right shot10)
54.433: (grasp left shot8)
54.433: (grasp right shot8)
54.433: (grasp left shot8)
54.433: (grasp right shot8)
54.466: (fill-shot shot5 ingredient6 right left dispenser6)
54.466: (fill-shot shot5 ingredient6 left right dispenser6)
54.515: (fill-shot shot5 ingredient3 left right dispenser3)
54.515: (fill-shot shot5 ingredient3 right left dispenser3)
54.527: (leave left shot2)
54.528: (leave right shot2)
54.529: (leave left shot10)
54.529: (leave right shot10)
54.568: (fill-shot shot5 ingredient1 left right dispenser1)
54.568: (fill-shot shot5 ingredient1 right left dispenser1)
54.594: (fill-shot shot8 ingredient1 right left dispenser1)
54.595: (fill-shot shot8 ingredient1 left right dispenser1)
54.707: (grasp left shot3)
54.707: (grasp left shot6)
54.708: (grasp left shot6)
54.708: (grasp right shot6)
54.708: (grasp left shot3)
54.708: (grasp right shot3)
54.708: (grasp right shot3)
54.708: (grasp right shot6)
54.751: (grasp left shot1)
54.751: (grasp right shot1)
54.751: (grasp right shot1)
54.751: (grasp left shot1)
54.837: (grasp left shot4)
54.837: (grasp left shot7)
54.838: (grasp right shot4)
54.838: (grasp left shot7)
54.838: (grasp left shot9)
54.838: (grasp right shot4)
54.838: (grasp right shot7)
54.838: (grasp left shot9)
54.838: (grasp right shot9)
54.838: (grasp right shot7)
54.838: (grasp right shot9)
54.838: (grasp left shot4)
54.916: (leave right shot8)
54.916: (leave right shot8)
51.332: (leave left shot8)
51.332: (leave right shot8)
51.782: (grasp left shot6)
51.782: (grasp left shot3)
51.782: (grasp right shot3)
51.782: (grasp right shot6)
51.965: (grasp left shot1)
51.965: (grasp right shot1)
52.039: (grasp right shaker1)
52.039: (grasp left shaker1)
52.225: (pour-shot-to-used-shaker shot5 ingredient3 shaker1 left l1 l2)
52.225: (grasp left shot11)
52.225: (grasp right shot11)
52.226: (pour-shot-to-used-shaker shot5 ingredient3 shaker1 right l1 l2)
52.412: (grasp left shot9)
52.412: (grasp left shot7)
52.412: (grasp right shot9)
52.412: (grasp right shot7)
52.412: (grasp left shot4)
52.412: (grasp right shot4)
52.492: (grasp left shot5)
52.492: (grasp right shot5)
52.502: (pour-shot-to-used-shaker shot8 ingredient6 shaker1 left l1 l2)
52.502: (pour-shot-to-used-shaker shot8 ingredient6 shaker1 right l1 l2)
52.848: (grasp left shot2)
52.848: (grasp right shot2)
52.848: (grasp left shot10)
52.848: (grasp right shot10)
53.225: (fill-shot shot10 ingredient6 right left dispenser6)
53.226: (fill-shot shot2 ingredient6 left right dispenser6)
53.226: (fill-shot shot2 ingredient6 right left dispenser6)
53.226: (fill-shot shot10 ingredient6 left right dispenser6)
53.244: (leave left shot7)
53.244: (leave left shot9)
53.245: (leave right shot9)
53.245: (leave left shot4)
53.245: (leave right shot7)
53.245: (leave right shot4)
53.256: (grasp left shot8)
53.256: (grasp right shot8)
53.256: (grasp left shot8)
53.256: (grasp right shot8)
53.547: (grasp left shot8)
53.547: (grasp left shot8)
53.547: (grasp right shot8)
53.547: (grasp right shot8)
53.547: (grasp right shot8)
53.548: (grasp left shot8)
53.733: (grasp left shot3)
53.733: (grasp left shot6)
53.733: (grasp right shot3)
53.733: (grasp right shot6)
53.733: (grasp right shot3)
53.734: (grasp right shot6)
53.734: (grasp left shot6)
53.734: (grasp left shot3)
53.734: (grasp left shot3)
53.734: (grasp left shot6)
53.734: (grasp right shot3)
53.734: (grasp right shot6)
53.751: (fill-shot shot10 ingredient1 right left dispenser1)
53.751: (fill-shot shot10 ingredient1 left right dispenser1)
53.751: (fill-shot shot2 ingredient1 left right dispenser1)
53.751: (fill-shot shot2 ingredient1 right left dispenser1)
53.781: (grasp left shot1)
53.781: (grasp right shot1)
53.782: (grasp right shot1)
53.782: (grasp right shot1)
53.782: (grasp left shot1)
53.782: (grasp left shot1)
53.783: (grasp left shot9)
53.783: (grasp left shot4)
53.783: (grasp left shot7)
53.783: (grasp right shot4)
53.783: (grasp left shot9)
53.783: (grasp left shot7)
53.784: (grasp right shot7)
53.784: (grasp right shot9)
53.784: (grasp right shot9)
53.784: (grasp left shot4)
51.449: (refill-shot shot5 ingredient3 left right dispenser3)
51.449: (refill-shot shot5 ingredient3 right left dispenser3)
51.517: (grasp left shaker1)
51.517: (grasp right shaker1)
51.517: (pour-shot-to-used-shaker shot8 ingredient6 shaker1 left l1 l2)
51.517: (pour-shot-to-used-shaker shot8 ingredient6 shaker1 right l1 l2)
51.588: (clean-shot shot8 ingredient6 left right)
51.588: (clean-shot shot8 ingredient6 right left)
52.024: (leave right shot8)
52.024: (leave right shot8)
52.024: (leave left shot8)
52.024: (grasp left shot6)
52.024: (leave left shot8)
52.024: (grasp left shot3)
52.024: (grasp right shot6)
52.024: (grasp right shot3)
52.068: (grasp left shot1)
52.068: (grasp right shot1)
52.068: (leave right shot8)
52.068: (leave left shot8)
52.072: (clean-shot shot5 ingredient3 left right)
52.073: (clean-shot shot5 ingredient3 right left)
52.145: (grasp left shaker1)
52.145: (grasp right shaker1)
52.145: (leave right shot8)
52.145: (leave left shot8)
52.223: (leave right shot8)
52.224: (leave left shot8)
52.349: (leave right shot8)
52.349: (leave left shot8)
52.349: (leave left shot8)
52.349: (grasp left shot4)
52.349: (grasp right shot9)
52.349: (grasp right shot7)
52.349: (grasp left shot7)
52.349: (grasp left shot9)
52.349: (grasp right shot4)
52.349: (leave left shot8)
52.349: (leave right shot8)
52.349: (leave right shot8)
52.365: (grasp left shot11)
52.365: (grasp right shot11)
52.365: (leave left shot8)
52.365: (leave right shot8)
52.423: (leave left shot8)
52.423: (leave right shot8)
52.423: (grasp left shot5)
52.423: (grasp right shot5)
52.507: (leave left shot8)
52.507: (leave left shot8)
52.507: (leave right shot8)
52.507: (leave right shot8)
52.508: (grasp right shot10)
52.508: (grasp left shot2)
52.508: (grasp left shot10)
52.508: (grasp right shot2)
52.739: (grasp left shot4)
52.739: (grasp left shot9)
52.739: (grasp left shot7)
52.739: (grasp right shot4)
52.739: (grasp right shot9)
52.739: (grasp right shot7)
52.855: (grasp left shot5)
52.855: (pour-shot-to-used-shaker shot8 ingredient6 shaker1 right l1 l2)
52.855: (grasp right shot5)
52.856: (pour-shot-to-used-shaker shot8 ingredient6 shaker1 left l1 l2)
52.961: (grasp right shot6)
52.961: (grasp right shot3)
52.962: (grasp left shot3)
52.962: (grasp left shot6)
53.201: (grasp left shot2)
53.201: (grasp right shot10)
53.201: (grasp right shot2)
53.201: (pour-shot-to-used-shaker shot8 ingredient6 shaker1 right l1 l2)
53.201: (pour-shot-to-used-shaker shot8 ingredient6 shaker1 left l1 l2)
53.201: (pour-shot-to-used-shaker shot8 ingredient6 shaker1 right l1 l2)
53.201: (pour-shot-to-used-shaker shot8 ingredient6 shaker1 left l1 l2)
53.201: (grasp left shot10)
53.289: (refill-shot shot8 ingredient6 left right dispenser6)
53.289: (refill-shot shot8 ingredient6 right left dispenser6)
50.443: (leave left shot5)
50.443: (leave right shot5)
50.616: (grasp right shaker1)
50.616: (grasp left shaker1)
50.755: (grasp right shaker1)
50.755: (grasp left shaker1)
51.245: (fill-shot shot11 ingredient5 right left dispenser5)
51.246: (fill-shot shot11 ingredient5 left right dispenser5)
51.494: (leave left shot8)
51.494: (leave right shot8)
51.516: (grasp right shaker1)
51.517: (grasp left shaker1)
51.517: (leave left shot8)
51.517: (leave right shot8)
51.550: (grasp left shot8)
51.550: (grasp right shot8)
51.576: (fill-shot shot5 ingredient2 left right dispenser2)
51.576: (fill-shot shot5 ingredient2 right left dispenser2)
51.688: (fill-shot shot8 ingredient1 left right dispenser1)
51.688: (fill-shot shot8 ingredient1 right left dispenser1)
51.765: (fill-shot shot5 ingredient4 left right dispenser4)
51.765: (fill-shot shot5 ingredient4 right left dispenser4)
51.818: (fill-shot shot8 ingredient3 left right dispenser3)
51.818: (fill-shot shot8 ingredient3 right left dispenser3)
51.884: (fill-shot shot11 ingredient2 left right dispenser2)
51.884: (fill-shot shot11 ingredient2 right left dispenser2)
51.898: (fill-shot shot8 ingredient4 left right dispenser4)
51.898: (fill-shot shot8 ingredient4 right left dispenser4)
51.907: (fill-shot shot11 ingredient6 right left dispenser6)
51.908: (fill-shot shot11 ingredient6 left right dispenser6)
51.921: (fill-shot shot8 ingredient2 left right dispenser2)
51.922: (fill-shot shot8 ingredient2 right left dispenser2)
51.941: (grasp left shot5)
51.941: (grasp right shot5)
51.953: (fill-shot shot5 ingredient5 right left dispenser5)
51.953: (fill-shot shot5 ingredient5 left right dispenser5)
51.964: (grasp left shot4)
51.964: (grasp left shot7)
51.964: (grasp left shot9)
51.964: (grasp right shot9)
51.964: (grasp right shot4)
51.964: (grasp right shot7)
52.112: (fill-shot shot5 ingredient6 left right dispenser6)
52.112: (fill-shot shot5 ingredient6 right left dispenser6)
52.310: (grasp right shaker1)
52.310: (grasp left shaker1)
52.313: (grasp right shot2)
52.313: (grasp right shot10)
52.313: (grasp left shot2)
52.314: (grasp left shot10)
52.359: (grasp left shot3)
52.359: (grasp right shot6)
52.359: (grasp right shot3)
52.359: (grasp left shot6)
52.364: (fill-shot shot11 ingredient1 left right dispenser1)
52.364: (fill-shot shot11 ingredient1 right left dispenser1)
52.371: (grasp left shot1)
52.371: (grasp right shot1)
52.377: (fill-shot shot8 ingredient5 left right dispenser5)
52.377: (fill-shot shot8 ingredient5 right left dispenser5)
52.393: (fill-shot shot6 ingredient2 right left dispenser2)
52.394: (fill-shot shot3 ingredient2 right left dispenser2)
52.394: (fill-shot shot6 ingredient2 left right dispenser2)
52.394: (fill-shot shot3 ingredient2 left right dispenser2)
52.420: (grasp left shot2)
52.420: (grasp right shot10)
52.420: (grasp right shot2)
52.420: (grasp left shot10)
52.433: (fill-shot shot5 ingredient3 left right dispenser3)
52.433: (fill-shot shot5 ingredient3 right left dispenser3)
52.497: (grasp left shot11)
52.497: (grasp right shot11)
52.522: (fill-shot shot1 ingredient2 right left dispenser2)
52.522: (fill-shot shot1 ingredient2 left right dispenser2)
52.535: (grasp right shot6)
52.535: (grasp left shot3)
52.535: (grasp left shot6)
52.535: (grasp right shot3)
52.584: (grasp right shot7)
52.584: (grasp right shot4)
49.740: (leave left shot5)
49.740: (grasp left shaker1)
49.740: (grasp right shaker1)
49.740: (leave right shot5)
50.092: (leave left shot5)
50.092: (leave right shot5)
50.227: (leave left shot8)
50.227: (leave right shot8)
50.241: (leave right shot11)
50.241: (leave left shot11)
50.430: (leave right shot5)
50.430: (leave left shot5)
50.431: (grasp left shot8)
50.431: (grasp right shot8)
50.480: (leave left shot5)
50.480: (leave right shot5)
50.514: (leave left shot8)
50.514: (leave right shot8)
50.632: (grasp right shaker1)
50.633: (grasp left shaker1)
50.641: (shake cocktail3 ingredient1 ingredient6 shaker1 right left)
50.641: (shake cocktail3 ingredient1 ingredient6 shaker1 left right)
50.847: (grasp left shaker1)
50.848: (grasp right shaker1)
50.860: (leave right shot8)
50.860: (leave left shot8)
50.860: (grasp right shaker1)
50.860: (grasp left shaker1)
50.933: (grasp right shaker1)
50.933: (grasp left shaker1)
50.957: (leave right shot5)
50.957: (leave left shot5)
50.957: (leave left shot5)
50.957: (leave left shot5)
50.957: (leave right shot5)
50.957: (leave right shot5)
50.958: (grasp left shot9)
50.958: (grasp right shot4)
50.958: (grasp left shot7)
50.958: (grasp left shot4)
50.958: (grasp right shot9)
50.958: (grasp right shot7)
50.959: (grasp right shaker1)
50.959: (grasp left shaker1)
50.990: (leave right shot8)
50.991: (leave left shot8)
51.033: (grasp left shot8)
51.033: (grasp right shot8)
51.144: (leave right shot5)
51.144: (leave left shot5)
51.145: (leave left shot5)
51.145: (leave right shot5)
51.145: (grasp left shot10)
51.145: (grasp left shot2)
51.145: (grasp right shot2)
51.145: (grasp right shot10)
51.299: (leave left shot11)
51.299: (leave right shot11)
51.366: (grasp right shot1)
51.366: (grasp left shot1)
51.366: (leave left shot5)
51.366: (leave right shot5)
51.372: (leave right shot5)
51.372: (leave left shot5)
51.372: (leave left shot5)
51.372: (leave right shot5)
51.374: (grasp left shot6)
51.374: (grasp right shot3)
51.374: (grasp left shot3)
51.374: (grasp right shot6)
51.402: (leave left shot11)
51.404: (leave right shot11)
51.424: (leave left shot11)
51.424: (leave right shot11)
51.443: (grasp right shaker1)
51.443: (grasp left shaker1)
51.446: (leave right shot5)
51.446: (leave left shot5)
51.475: (grasp left shot11)
51.475: (grasp right shot11)
48.710: (shake cocktail2 ingredient4 ingredient3 shaker1 left right)
48.710: (shake cocktail2 ingredient4 ingredient3 shaker1 right left)
48.800: (pour-shaker-to-shot cocktail3 shot10 right shaker1 l2 l1)
48.800: (pour-shaker-to-shot cocktail3 shot2 right shaker1 l2 l1)
48.801: (pour-shaker-to-shot cocktail3 shot2 left shaker1 l2 l1)
48.801: (pour-shaker-to-shot cocktail3 shot10 left shaker1 l2 l1)
49.320: (fill-shot shot11 ingredient6 left right dispenser6)
49.320: (fill-shot shot11 ingredient6 right left dispenser6)
49.442: (grasp right shaker1)
49.442: (grasp left shaker1)
49.442: (grasp left shot8)
49.442: (grasp right shot8)
49.463: (shake cocktail3 ingredient1 ingredient6 shaker1 left right)
49.464: (shake cocktail3 ingredient1 ingredient6 shaker1 right left)
49.580: (leave left shot8)
49.580: (leave right shot8)
49.580: (grasp left shaker1)
49.580: (grasp right shaker1)
49.655: (fill-shot shot8 ingredient6 right left dispenser6)
49.655: (fill-shot shot8 ingredient6 left right dispenser6)
49.691: (fill-shot shot11 ingredient1 right left dispenser1)
49.691: (fill-shot shot11 ingredient1 left right dispenser1)
49.878: (leave right shot8)
49.878: (leave left shot8)
49.878: (grasp left shaker1)
49.878: (grasp right shaker1)
49.947: (fill-shot shot2 ingredient1 left right dispenser1)
49.948: (fill-shot shot10 ingredient1 right left dispenser1)
49.948: (fill-shot shot10 ingredient1 left right dispenser1)
49.948: (fill-shot shot2 ingredient1 right left dispenser1)
50.060: (grasp right shot8)
50.060: (grasp left shot8)
50.103: (grasp left shaker1)
50.103: (grasp right shaker1)
50.105: (leave right shot8)
50.105: (leave left shot8)
50.124: (fill-shot shot9 ingredient6 left right dispenser6)
50.125: (fill-shot shot7 ingredient6 right left dispenser6)
50.125: (fill-shot shot4 ingredient6 right left dispenser6)
50.125: (fill-shot shot9 ingredient6 right left dispenser6)
50.125: (fill-shot shot7 ingredient6 left right dispenser6)
50.125: (fill-shot shot4 ingredient6 left right dispenser6)
50.169: (fill-shot shot10 ingredient6 right left dispenser6)
50.169: (fill-shot shot2 ingredient6 left right dispenser6)
50.169: (fill-shot shot10 ingredient6 left right dispenser6)
50.169: (fill-shot shot2 ingredient6 right left dispenser6)
50.205: (fill-shot shot8 ingredient1 left right dispenser1)
50.205: (fill-shot shot8 ingredient1 right left dispenser1)
50.244: (grasp right shot8)
50.245: (grasp left shot8)
50.254: (grasp right shaker1)
50.254: (grasp right shaker1)
50.254: (grasp right shaker1)
50.254: (grasp left shaker1)
50.254: (grasp left shaker1)
50.254: (grasp left shaker1)
50.254: (grasp right shot4)
50.254: (grasp left shot9)
50.254: (grasp right shot9)
50.254: (grasp left shot4)
50.254: (grasp left shot7)
50.254: (grasp right shot7)
50.310: (grasp left shaker1)
50.310: (grasp left shaker1)
50.311: (grasp right shaker1)
50.311: (grasp right shaker1)
50.313: (grasp left shot10)
50.313: (grasp left shot2)
50.313: (grasp right shot2)
50.313: (grasp right shot10)
50.381: (fill-shot shot2 ingredient2 left right dispenser2)
50.381: (fill-shot shot10 ingredient2 right left dispenser2)
50.382: (fill-shot shot2 ingredient2 right left dispenser2)
50.382: (fill-shot shot10 ingredient2 left right dispenser2)
50.553: (leave left shot8)
50.553: (leave right shot8)
50.619: (empty-shot right shot8 ingredient5)
50.619: (empty-shot left shot8 ingredient5)
50.660: (grasp right shaker1)
50.660: (grasp left shaker1)
47.211: (pour-shaker-to-shot cocktail3 shot2 left shaker1 l1 l0)
47.211: (pour-shaker-to-shot cocktail3 shot10 left shaker1 l1 l0)
47.211: (pour-shaker-to-shot cocktail3 shot2 right shaker1 l1 l0)
47.211: (pour-shaker-to-shot cocktail3 shot10 right shaker1 l1 l0)
47.618: (pour-shaker-to-shot cocktail2 shot3 left shaker1 l2 l1)
47.618: (pour-shaker-to-shot cocktail2 shot6 left shaker1 l2 l1)
47.618: (pour-shaker-to-shot cocktail2 shot3 right shaker1 l2 l1)
47.618: (pour-shaker-to-shot cocktail2 shot6 right shaker1 l2 l1)
47.714: (pour-shaker-to-shot cocktail3 shot2 left shaker1 l2 l1)
47.714: (pour-shaker-to-shot cocktail3 shot10 right shaker1 l2 l1)
47.714: (pour-shaker-to-shot cocktail3 shot10 left shaker1 l2 l1)
47.714: (pour-shaker-to-shot cocktail3 shot2 right shaker1 l2 l1)
48.050: (leave right shot11)
48.050: (leave left shot11)
48.132: (leave left shot11)
48.133: (leave right shot11)
48.212: (grasp left shot8)
48.212: (grasp right shot8)
48.375: (shake cocktail3 ingredient1 ingredient6 shaker1 left right)
48.375: (shake cocktail3 ingredient1 ingredient6 shaker1 right left)
48.616: (grasp left shaker1)
48.617: (grasp right shaker1)
48.750: (shake cocktail3 ingredient1 ingredient6 shaker1 right left)
48.750: (shake cocktail3 ingredient1 ingredient6 shaker1 left right)
48.853: (grasp left shaker1)
48.853: (grasp right shaker1)
48.928: (leave left shot9)
48.928: (leave left shot7)
48.928: (leave right shot9)
48.928: (leave right shot4)
48.928: (leave right shot7)
48.928: (leave left shot4)
48.949: (leave right shot2)
48.949: (leave left shot10)
48.949: (leave right shot10)
48.949: (leave left shot2)
48.989: (grasp right shaker1)
48.989: (grasp left shaker1)
49.091: (leave right shot2)
49.091: (leave right shot10)
49.091: (leave left shot10)
49.091: (leave left shot2)
49.094: (grasp right shot10)
49.094: (grasp right shot2)
49.094: (grasp left shot10)
49.094: (grasp left shot2)
49.112: (leave left shot8)
49.113: (leave right shot8)
49.119: (shake cocktail3 ingredient1 ingredient6 shaker1 right left)
49.119: (shake cocktail3 ingredient1 ingredient6 shaker1 left right)
49.209: (leave left shot8)
49.209: (leave right shot8)
49.225: (grasp right shot9)
49.225: (grasp left shot4)
49.225: (grasp left shot7)
49.225: (grasp left shot9)
49.225: (grasp right shot7)
49.225: (grasp right shot4)
49.247: (grasp left shaker1)
49.247: (grasp right shaker1)
49.247: (grasp left shaker1)
49.247: (grasp right shaker1)
49.326: (grasp left shot4)
49.326: (grasp left shot9)
49.326: (grasp left shot7)
49.326: (grasp left shot4)
49.326: (grasp left shot7)
49.326: (grasp left shot9)
49.326: (grasp right shot4)
49.326: (grasp right shot7)
49.326: (grasp right shot9)
49.326: (grasp right shot7)
49.326: (grasp right shot9)
49.326: (grasp right shot4)
49.402: (grasp left shot8)
49.402: (grasp right shot8)
49.402: (grasp left shot8)
49.403: (grasp right shot8)
49.420: (grasp left shaker1)
49.420: (grasp left shaker1)
46.018: (empty-shaker right shaker1 cocktail3 l0 l0)
46.018: (empty-shaker left shaker1 cocktail3 l0 l0)
46.175: (pour-shaker-to-shot cocktail3 shot10 left shaker1 l1 l0)
46.176: (pour-shaker-to-shot cocktail3 shot2 right shaker1 l1 l0)
46.176: (pour-shaker-to-shot cocktail3 shot2 left shaker1 l1 l0)
46.176: (pour-shaker-to-shot cocktail3 shot10 right shaker1 l1 l0)
46.641: (pour-shaker-to-shot cocktail3 shot10 right shaker1 l2 l1)
46.641: (pour-shaker-to-shot cocktail3 shot2 right shaker1 l2 l1)
46.641: (pour-shaker-to-shot cocktail3 shot10 left shaker1 l2 l1)
46.641: (pour-shaker-to-shot cocktail3 shot2 left shaker1 l2 l1)
46.750: (grasp left shot8)
46.750: (grasp left shot8)
46.750: (grasp right shot8)
46.751: (grasp right shot8)
46.752: (pour-shaker-to-shot cocktail2 shot6 right shaker1 l2 l1)
46.752: (pour-shaker-to-shot cocktail2 shot6 left shaker1 l2 l1)
46.752: (pour-shaker-to-shot cocktail2 shot3 right shaker1 l2 l1)
46.752: (pour-shaker-to-shot cocktail2 shot3 left shaker1 l2 l1)
47.039: (pour-shaker-to-shot cocktail3 shot2 right shaker1 l2 l1)
47.039: (pour-shaker-to-shot cocktail3 shot10 right shaker1 l2 l1)
47.040: (pour-shaker-to-shot cocktail3 shot2 left shaker1 l2 l1)
47.040: (pour-shaker-to-shot cocktail3 shot10 left shaker1 l2 l1)
47.344: (leave right shot11)
47.344: (leave left shot11)
47.346: (grasp left shaker1)
47.346: (grasp right shaker1)
47.373: (pour-shaker-to-shot cocktail3 shot2 right shaker1 l2 l1)
47.373: (pour-shaker-to-shot cocktail3 shot10 left shaker1 l2 l1)
47.373: (pour-shaker-to-shot cocktail3 shot2 left shaker1 l2 l1)
47.373: (pour-shaker-to-shot cocktail3 shot10 right shaker1 l2 l1)
47.427: (leave left shot11)
47.428: (leave right shot11)
47.431: (grasp right shaker1)
47.431: (grasp left shaker1)
47.621: (pour-shaker-to-shot cocktail2 shot6 left shaker1 l2 l1)
47.621: (pour-shaker-to-shot cocktail2 shot3 left shaker1 l2 l1)
47.622: (pour-shaker-to-shot cocktail2 shot6 right shaker1 l2 l1)
47.622: (pour-shaker-to-shot cocktail2 shot6 right shaker1 l2 l1)
47.622: (pour-shaker-to-shot cocktail2 shot3 right shaker1 l2 l1)
47.622: (pour-shaker-to-shot cocktail2 shot3 right shaker1 l2 l1)
47.622: (pour-shaker-to-shot cocktail2 shot6 left shaker1 l2 l1)
47.622: (pour-shaker-to-shot cocktail2 shot3 left shaker1 l2 l1)
47.623: (grasp right shot2)
47.623: (grasp right shot10)
47.623: (grasp right shot2)
47.623: (grasp left shot10)
47.623: (grasp right shot10)
47.623: (grasp left shot10)
47.623: (grasp left shot2)
47.623: (grasp left shot2)
47.791: (pour-shaker-to-shot cocktail3 shot10 right shaker1 l1 l0)
47.791: (pour-shaker-to-shot cocktail3 shot2 right shaker1 l1 l0)
47.791: (pour-shaker-to-shot cocktail3 shot2 right shaker1 l1 l0)
47.791: (pour-shaker-to-shot cocktail3 shot10 right shaker1 l1 l0)
47.791: (pour-shaker-to-shot cocktail3 shot10 right shaker1 l1 l0)
47.792: (grasp left shot4)
47.792: (grasp right shot9)
47.792: (grasp right shot7)
47.792: (grasp left shot9)
47.792: (grasp right shot4)
47.792: (grasp left shot7)
47.792: (pour-shaker-to-shot cocktail3 shot10 left shaker1 l1 l0)
47.792: (pour-shaker-to-shot cocktail3 shot2 left shaker1 l1 l0)
47.792: (pour-shaker-to-shot cocktail3 shot2 left shaker1 l1 l0)
47.792: (pour-shaker-to-shot cocktail3 shot2 left shaker1 l1 l0)
47.792: (pour-shaker-to-shot cocktail3 shot10 left shaker1 l1 l0)
47.792: (pour-shaker-to-shot cocktail3 shot10 left shaker1 l1 l0)
47.793: (pour-shaker-to-shot cocktail3 shot2 right shaker1 l1 l0)
47.903: (grasp right shot3)
47.903: (grasp right shot6)
47.903: (grasp left shot3)
47.903: (grasp left shot6)
47.934: (pour-shaker-to-shot cocktail3 shot2 left shaker1 l1 l0)
47.934: (grasp right shot8)
47.934: (grasp left shot8)
47.935: (pour-shaker-to-shot cocktail3 shot10 left shaker1 l1 l0)
47.935: (pour-shaker-to-shot cocktail3 shot2 right shaker1 l1 l0)
47.935: (pour-shaker-to-shot cocktail3 shot10 right shaker1 l1 l0)
47.955: (grasp left shot5)
47.955: (grasp right shot5)
44.996: (empty-shaker left shaker1 cocktail3 l0 l0)
44.996: (empty-shaker right shaker1 cocktail3 l0 l0)
45.140: (clean-shaker left right shaker1)
45.140: (clean-shaker right left shaker1)
45.296: (pour-shaker-to-shot cocktail3 shot10 right shaker1 l1 l0)
45.296: (pour-shaker-to-shot cocktail3 shot2 right shaker1 l1 l0)
45.296: (pour-shaker-to-shot cocktail3 shot10 left shaker1 l1 l0)
45.296: (pour-shaker-to-shot cocktail3 shot2 left shaker1 l1 l0)
45.407: (pour-shaker-to-shot cocktail3 shot2 right shaker1 l1 l0)
45.407: (pour-shaker-to-shot cocktail3 shot10 right shaker1 l1 l0)
45.407: (pour-shaker-to-shot cocktail3 shot2 left shaker1 l1 l0)
45.407: (pour-shaker-to-shot cocktail3 shot10 left shaker1 l1 l0)
45.764: (pour-shaker-to-shot cocktail3 shot2 right shaker1 l1 l0)
45.764: (pour-shaker-to-shot cocktail3 shot10 left shaker1 l1 l0)
45.764: (pour-shaker-to-shot cocktail3 shot2 left shaker1 l1 l0)
45.764: (pour-shaker-to-shot cocktail3 shot10 right shaker1 l1 l0)
46.316: (shake cocktail2 ingredient4 ingredient3 shaker1 right left)
46.316: (shake cocktail2 ingredient4 ingredient3 shaker1 left right)
46.399: (shake cocktail2 ingredient4 ingredient3 shaker1 left right)
46.399: (shake cocktail2 ingredient4 ingredient3 shaker1 right left)
46.607: (grasp right shot4)
46.607: (grasp right shot7)
46.607: (grasp right shot9)
46.607: (grasp left shot9)
46.607: (grasp left shot4)
46.607: (grasp left shot7)
46.609: (empty-shaker right shaker1 cocktail3 l0 l0)
46.609: (empty-shaker right shaker1 cocktail3 l0 l0)
46.609: (empty-shaker left shaker1 cocktail3 l0 l0)
46.609: (empty-shaker right shaker1 cocktail3 l0 l0)
46.609: (empty-shaker left shaker1 cocktail3 l0 l0)
46.609: (empty-shaker left shaker1 cocktail3 l0 l0)
46.648: (grasp left shot4)
46.648: (grasp left shot9)
46.648: (grasp left shot7)
46.648: (grasp right shot7)
46.648: (grasp right shot4)
46.648: (grasp right shot9)
46.655: (grasp left shot8)
46.655: (grasp right shot8)
46.656: (empty-shaker right shaker1 cocktail3 l0 l0)
46.656: (empty-shaker left shaker1 cocktail3 l0 l0)
46.708: (empty-shaker right shaker1 cocktail3 l0 l0)
46.708: (empty-shaker left shaker1 cocktail3 l0 l0)
46.708: (empty-shaker left shaker1 cocktail3 l0 l0)
46.708: (empty-shaker right shaker1 cocktail3 l0 l0)
46.709: (grasp right shot3)
46.709: (grasp right shot6)
46.709: (grasp left shot6)
46.709: (grasp left shot3)
46.868: (grasp left shot3)
46.868: (grasp left shot6)
46.868: (grasp right shot6)
46.868: (grasp right shot3)
46.893: (grasp left shot1)
46.893: (grasp right shot1)
46.976: (grasp left shot8)
46.976: (grasp right shot8)
47.033: (grasp right shot2)
47.033: (grasp left shot10)
47.033: (grasp left shot2)
47.033: (grasp right shot10)
47.050: (grasp right shot11)
47.050: (grasp left shot11)
47.100: (grasp left shot1)
47.100: (grasp right shot1)
47.103: (leave right shaker1)
47.103: (leave left shaker1)
47.108: (empty-shaker right shaker1 cocktail3 l0 l0)
47.109: (grasp left shot5)
47.109: (grasp right shot5)
47.110: (empty-shaker left shaker1 cocktail3 l0 l0)
47.141: (grasp left shot5)
47.141: (grasp right shot5)
47.208: (grasp left shot11)
47.208: (grasp right shot11)
47.215: (grasp left shot2)
47.215: (grasp left shot10)
47.215: (grasp right shot10)
47.215: (grasp right shot2)
43.911: (grasp left shot8)
43.911: (grasp right shot8)
43.928: (grasp left shot5)
43.929: (grasp right shot5)
44.116: (clean-shaker left right shaker1)
44.116: (clean-shaker right left shaker1)
44.190: (empty-shaker left shaker1 cocktail3 l0 l0)
44.190: (empty-shaker right shaker1 cocktail3 l0 l0)
44.232: (empty-shaker right shaker1 cocktail3 l0 l0)
44.232: (empty-shaker left shaker1 cocktail3 l0 l0)
44.238: (leave left shaker1)
44.238: (leave right shaker1)
44.590: (empty-shaker left shaker1 cocktail3 l0 l0)
44.590: (empty-shaker right shaker1 cocktail3 l0 l0)
45.225: (pour-shaker-to-shot cocktail2 shot6 right shaker1 l2 l1)
45.225: (pour-shaker-to-shot cocktail2 shot3 right shaker1 l2 l1)
45.225: (pour-shaker-to-shot cocktail2 shot3 left shaker1 l2 l1)
45.225: (pour-shaker-to-shot cocktail2 shot6 left shaker1 l2 l1)
45.308: (pour-shaker-to-shot cocktail2 shot6 right shaker1 l2 l1)
45.308: (pour-shaker-to-shot cocktail2 shot3 right shaker1 l2 l1)
45.309: (pour-shaker-to-shot cocktail2 shot6 left shaker1 l2 l1)
45.309: (pour-shaker-to-shot cocktail2 shot3 left shaker1 l2 l1)
45.415: (grasp left shot11)
45.415: (grasp right shot11)
45.464: (grasp right shot9)
45.464: (grasp right shot7)
45.464: (grasp right shot4)
45.464: (grasp left shot4)
45.464: (grasp left shot7)
45.464: (grasp left shot9)
45.464: (empty-shaker right shaker1 cocktail3 l0 l0)
45.464: (empty-shaker left shaker1 cocktail3 l0 l0)
45.464: (empty-shaker right shaker1 cocktail3 l0 l0)
45.464: (empty-shaker right shaker1 cocktail3 l0 l0)
45.464: (empty-shaker left shaker1 cocktail3 l0 l0)
45.464: (empty-shaker left shaker1 cocktail3 l0 l0)
45.678: (grasp right shot8)
45.678: (grasp left shot8)
45.678: (empty-shaker left shaker1 cocktail3 l0 l0)
45.678: (empty-shaker right shaker1 cocktail3 l0 l0)
45.688: (empty-shaker right shaker1 cocktail3 l0 l0)
45.688: (empty-shaker left shaker1 cocktail3 l0 l0)
45.688: (empty-shaker left shaker1 cocktail3 l0 l0)
45.688: (empty-shaker right shaker1 cocktail3 l0 l0)
45.688: (grasp left shot3)
45.688: (grasp right shot6)
45.688: (grasp right shot3)
45.688: (grasp left shot6)
45.732: (grasp right shot9)
45.732: (grasp right shot7)
45.732: (grasp right shot4)
45.732: (grasp left shot9)
45.732: (grasp left shot4)
45.732: (grasp left shot7)
45.765: (grasp right shot9)
45.765: (grasp right shot4)
45.765: (grasp left shot4)
45.765: (grasp right shot7)
45.765: (grasp left shot9)
45.765: (grasp left shot7)
45.868: (grasp right shot9)
45.868: (grasp left shot7)
45.868: (grasp left shot9)
45.868: (grasp right shot7)
45.868: (grasp right shot4)
45.868: (grasp left shot4)
45.870: (grasp left shot6)
45.870: (grasp left shot3)
45.870: (grasp right shot3)
45.870: (grasp right shot6)
45.921: (empty-shaker right shaker1 cocktail3 l0 l0)
45.921: (grasp right shot1)
45.921: (grasp left shot1)
45.922: (empty-shaker left shaker1 cocktail3 l0 l0)
45.988: (grasp left shot6)
45.988: (grasp right shot6)
45.988: (grasp right shot3)
45.988: (grasp left shot3)
46.013: (empty-shaker left shaker1 cocktail3 l0 l0)
46.013: (empty-shaker right shaker1 cocktail3 l0 l0)
42.939: (grasp right shot8)
42.939: (grasp left shot8)
43.002: (grasp left shot5)
43.002: (grasp right shot5)
43.010: (grasp right shot8)
43.011: (leave left shaker1)
43.011: (leave right shaker1)
43.011: (grasp left shot8)
43.028: (leave right shaker1)
43.028: (grasp left shot5)
43.028: (leave left shaker1)
43.028: (grasp right shot5)
43.215: (leave right shaker1)
43.215: (leave left shaker1)
43.312: (clean-shaker left right shaker1)
43.312: (clean-shaker right left shaker1)
43.351: (clean-shaker right left shaker1)
43.351: (clean-shaker left right shaker1)
43.709: (clean-shaker right left shaker1)
43.709: (clean-shaker left right shaker1)
44.549: (leave left shaker1)
44.549: (leave right shaker1)
44.549: (grasp right shot9)
44.549: (grasp right shot7)
44.550: (grasp left shot7)
44.550: (grasp left shot9)
44.550: (grasp left shot4)
44.550: (grasp right shot4)
44.550: (empty-shaker left shaker1 cocktail3 l0 l0)
44.550: (empty-shaker left shaker1 cocktail3 l0 l0)
44.550: (empty-shaker right shaker1 cocktail3 l0 l0)
44.550: (empty-shaker right shaker1 cocktail3 l0 l0)
44.550: (empty-shaker right shaker1 cocktail3 l0 l0)
44.550: (empty-shaker left shaker1 cocktail3 l0 l0)
44.550: (grasp right shot11)
44.550: (grasp left shot11)
44.608: (grasp left shot7)
44.608: (grasp left shot9)
44.608: (grasp right shot4)
44.608: (grasp right shot7)
44.608: (grasp right shot9)
44.608: (grasp left shot4)
44.695: (grasp right shot11)
44.695: (grasp left shot11)
44.756: (empty-shaker left shaker1 cocktail3 l0 l0)
44.756: (grasp right shot9)
44.756: (grasp right shot7)
44.756: (grasp left shot4)
44.756: (empty-shaker right shaker1 cocktail3 l0 l0)
44.756: (empty-shaker left shaker1 cocktail3 l0 l0)
44.756: (empty-shaker left shaker1 cocktail3 l0 l0)
44.756: (empty-shaker right shaker1 cocktail3 l0 l0)
44.756: (empty-shaker right shaker1 cocktail3 l0 l0)
44.756: (grasp right shot4)
44.756: (grasp left shot9)
44.756: (grasp left shot7)
44.820: (grasp right shot6)
44.820: (grasp left shot6)
44.820: (grasp right shot3)
44.820: (grasp left shot3)
44.861: (grasp right shot9)
44.861: (grasp right shot4)
44.861: (grasp right shot7)
44.861: (grasp left shot4)
44.861: (leave right shaker1)
44.861: (leave left shaker1)
44.861: (leave left shaker1)
44.861: (leave right shaker1)
44.861: (grasp left shot7)
44.861: (leave left shaker1)
44.861: (leave right shaker1)
44.861: (grasp left shot9)
44.879: (empty-shaker right shaker1 cocktail3 l0 l0)
44.879: (empty-shaker left shaker1 cocktail3 l0 l0)
44.880: (empty-shaker left shaker1 cocktail3 l0 l0)
44.880: (empty-shaker right shaker1 cocktail3 l0 l0)
44.882: (grasp left shot3)
44.882: (grasp right shot6)
44.882: (grasp right shot3)
44.882: (grasp left shot6)
42.038: (grasp right shot8)
42.038: (leave left shaker1)
42.038: (leave right shaker1)
42.038: (grasp left shot8)
42.038: (clean-shot shot8 ingredient6 left right)
42.038: (clean-shot shot8 ingredient6 right left)
42.101: (leave right shaker1)
42.101: (leave left shaker1)
42.102: (grasp left shot5)
42.102: (grasp right shot5)
42.205: (grasp right shot5)
42.205: (grasp left shot5)
42.265: (grasp left shot5)
42.265: (grasp right shot5)
42.410: (leave right shaker1)
42.410: (leave left shaker1)
42.424: (fill-shot shot5 ingredient3 left right dispenser3)
42.424: (fill-shot shot5 ingredient3 right left dispenser3)
42.449: (leave right shaker1)
42.449: (leave left shaker1)
42.576: (grasp left shot8)
42.576: (grasp right shot8)
42.583: (grasp left shot8)
42.583: (grasp right shot8)
42.610: (fill-shot shot5 ingredient4 right left dispenser4)
42.610: (fill-shot shot5 ingredient4 left right dispenser4)
42.638: (grasp right shot5)
42.638: (grasp left shot5)
42.808: (leave right shaker1)
42.808: (leave left shaker1)
42.922: (fill-shot shot5 ingredient2 left right dispenser2)
42.922: (fill-shot shot5 ingredient2 right left dispenser2)
43.040: (fill-shot shot5 ingredient5 left right dispenser5)
43.040: (fill-shot shot5 ingredient5 right left dispenser5)
43.133: (grasp right shot8)
43.134: (grasp left shot8)
43.317: (fill-shot shot5 ingredient1 right left dispenser1)
43.317: (fill-shot shot5 ingredient1 left right dispenser1)
43.363: (grasp right shot8)
43.363: (grasp right shot5)
43.363: (grasp left shot8)
43.364: (grasp left shot5)
43.572: (grasp left shot11)
43.572: (grasp right shot11)
43.672: (grasp right shot4)
43.672: (grasp right shot7)
43.672: (grasp right shot9)
43.672: (grasp left shot7)
43.672: (grasp left shot9)
43.672: (grasp left shot4)
43.704: (grasp right shot9)
43.704: (grasp right shot4)
43.704: (grasp right shot7)
43.704: (grasp left shot7)
43.704: (grasp left shot9)
43.704: (grasp left shot4)
43.704: (leave right shaker1)
43.705: (leave right shaker1)
43.705: (leave left shaker1)
43.705: (leave left shaker1)
43.705: (leave right shaker1)
43.705: (leave left shaker1)
43.786: (refill-shot shot8 ingredient6 left right dispenser6)
43.786: (refill-shot shot8 ingredient6 right left dispenser6)
43.831: (leave left shaker1)
43.831: (leave right shaker1)
43.831: (grasp left shot11)
43.831: (grasp right shot11)
43.831: (fill-shot shot4 ingredient4 left right dispenser4)
43.832: (fill-shot shot7 ingredient4 right left dispenser4)
43.832: (fill-shot shot9 ingredient4 left right dispenser4)
43.832: (fill-shot shot4 ingredient4 right left dispenser4)
43.832: (fill-shot shot7 ingredient4 left right dispenser4)
43.833: (fill-shot shot9 ingredient4 right left dispenser4)
43.840: (fill-shot shot11 ingredient1 left right dispenser1)
43.840: (fill-shot shot11 ingredient1 right left dispenser1)
43.867: (fill-shot shot4 ingredient2 left right dispenser2)
43.867: (fill-shot shot9 ingredient2 left right dispenser2)
43.867: (fill-shot shot7 ingredient2 right left dispenser2)
43.867: (fill-shot shot7 ingredient2 left right dispenser2)
40.740: (pour-shot-to-clean-shaker shot8 ingredient2 shaker1 right l0 l1)
40.740: (pour-shot-to-clean-shaker shot8 ingredient2 shaker1 left l0 l1)
40.864: (pour-shot-to-clean-shaker shot5 ingredient4 shaker1 right l0 l1)
40.864: (pour-shot-to-clean-shaker shot5 ingredient4 shaker1 left l0 l1)
41.008: (pour-shot-to-clean-shaker shot5 ingredient3 shaker1 right l0 l1)
41.008: (pour-shot-to-clean-shaker shot5 ingredient3 shaker1 left l0 l1)
41.304: (grasp left shot5)
41.304: (leave right shaker1)
41.304: (leave left shaker1)
41.304: (grasp right shot5)
41.363: (grasp left shot5)
41.363: (grasp right shot5)
41.363: (leave left shaker1)
41.363: (leave right shaker1)
41.511: (fill-shot shot5 ingredient3 left right dispenser3)
41.511: (fill-shot shot5 ingredient3 right left dispenser3)
41.675: (leave left shaker1)
41.675: (grasp right shot8)
41.675: (leave right shaker1)
41.675: (grasp left shot8)
41.675: (fill-shot shot8 ingredient2 left right dispenser2)
41.675: (fill-shot shot8 ingredient2 right left dispenser2)
41.684: (grasp left shot8)
41.684: (leave right shaker1)
41.684: (leave left shaker1)
41.684: (fill-shot shot8 ingredient4 left right dispenser4)
41.684: (grasp right shot8)
41.684: (fill-shot shot8 ingredient4 right left dispenser4)
41.737: (grasp left shot5)
41.737: (grasp right shot5)
41.737: (leave right shaker1)
41.737: (leave left shaker1)
41.857: (fill-shot shot5 ingredient4 left right dispenser4)
41.857: (fill-shot shot5 ingredient4 right left dispenser4)
42.092: (pour-shot-to-clean-shaker shot4 ingredient4 shaker1 left l0 l1)
42.092: (pour-shot-to-clean-shaker shot7 ingredient4 shaker1 left l0 l1)
42.092: (pour-shot-to-clean-shaker shot7 ingredient4 shaker1 right l0 l1)
42.092: (pour-shot-to-clean-shaker shot9 ingredient4 shaker1 left l0 l1)
42.092: (pour-shot-to-clean-shaker shot4 ingredient4 shaker1 right l0 l1)
42.092: (pour-shot-to-clean-shaker shot9 ingredient4 shaker1 right l0 l1)
42.149: (fill-shot shot5 ingredient5 left right dispenser5)
42.149: (fill-shot shot5 ingredient5 right left dispenser5)
42.181: (pour-shot-to-clean-shaker shot9 ingredient2 shaker1 left l0 l1)
42.181: (pour-shot-to-clean-shaker shot4 ingredient2 shaker1 left l0 l1)
42.182: (pour-shot-to-clean-shaker shot7 ingredient2 shaker1 right l0 l1)
42.183: (pour-shot-to-clean-shaker shot7 ingredient2 shaker1 left l0 l1)
42.232: (fill-shot shot8 ingredient1 left right dispenser1)
42.233: (grasp left shot8)
42.233: (fill-shot shot8 ingredient1 right left dispenser1)
42.233: (grasp right shot8)
42.234: (leave right shaker1)
42.234: (leave left shaker1)
42.245: (fill-shot shot8 ingredient3 left right dispenser3)
42.246: (fill-shot shot8 ingredient3 right left dispenser3)
42.284: (fill-shot shot5 ingredient2 left right dispenser2)
42.285: (fill-shot shot5 ingredient2 right left dispenser2)
42.376: (fill-shot shot5 ingredient1 left right dispenser1)
42.376: (fill-shot shot5 ingredient1 right left dispenser1)
42.391: (grasp right shot8)
42.391: (grasp left shot8)
42.391: (grasp left shot5)
42.391: (grasp right shot5)
42.621: (pour-shot-to-clean-shaker shot8 ingredient4 shaker1 left l0 l1)
42.621: (pour-shot-to-clean-shaker shot8 ingredient4 shaker1 right l0 l1)
42.711: (grasp right shot11)
42.711: (grasp left shot11)
42.712: (leave right shaker1)
42.712: (leave left shaker1)
42.770: (grasp right shot7)
42.770: (grasp right shot9)
42.770: (grasp left shot4)
42.770: (grasp right shot4)
42.770: (grasp left shot9)
42.770: (grasp left shot7)
42.770: (leave right shaker1)
42.770: (leave right shaker1)
42.770: (leave right shaker1)
42.770: (leave left shaker1)
42.770: (leave left shaker1)
42.770: (leave left shaker1)
39.770: (pour-shot-to-clean-shaker shot8 ingredient2 shaker1 right l0 l1)
39.770: (pour-shot-to-clean-shaker shot8 ingredient2 shaker1 left l0 l1)
39.770: (leave left shaker1)
39.770: (leave right shaker1)
39.843: (pour-shot-to-clean-shaker shot5 ingredient4 shaker1 right l0 l1)
39.843: (pour-shot-to-clean-shaker shot5 ingredient4 shaker1 left l0 l1)
39.861: (clean-shot shot5 ingredient4 right left)
39.861: (clean-shot shot5 ingredient4 left right)
39.987: (pour-shot-to-clean-shaker shot5 ingredient3 shaker1 right l0 l1)
39.987: (pour-shot-to-clean-shaker shot5 ingredient3 shaker1 left l0 l1)
40.828: (clean-shot shot5 ingredient3 left right)
40.828: (clean-shot shot5 ingredient3 right left)
40.867: (fill-shot shot5 ingredient3 right left dispenser3)
40.867: (fill-shot shot5 ingredient3 left right dispenser3)
41.147: (fill-shot shot5 ingredient3 left right dispenser3)
41.147: (fill-shot shot5 ingredient3 right left dispenser3)
41.160: (fill-shot shot5 ingredient3 right left dispenser3)
41.160: (fill-shot shot5 ingredient3 left right dispenser3)
41.272: (fill-shot shot5 ingredient1 right left dispenser1)
41.273: (fill-shot shot5 ingredient1 left right dispenser1)
41.314: (fill-shot shot5 ingredient4 left right dispenser4)
41.315: (fill-shot shot5 ingredient4 right left dispenser4)
41.442: (fill-shot shot5 ingredient1 left right dispenser1)
41.442: (fill-shot shot5 ingredient1 right left dispenser1)
41.447: (clean-shot shot9 ingredient4 left right)
41.447: (clean-shot shot7 ingredient4 left right)
41.447: (clean-shot shot4 ingredient4 left right)
41.447: (clean-shot shot7 ingredient4 right left)
41.448: (clean-shot shot4 ingredient4 right left)
41.448: (clean-shot shot9 ingredient4 right left)
41.452: (grasp right shot4)
41.452: (grasp right shot9)
41.452: (grasp right shot7)
41.452: (grasp left shot9)
41.452: (grasp left shot4)
41.452: (grasp left shot7)
41.528: (fill-shot shot5 ingredient2 right left dispenser2)
41.528: (fill-shot shot5 ingredient2 left right dispenser2)
41.555: (fill-shot shot5 ingredient4 right left dispenser4)
41.555: (fill-shot shot5 ingredient4 left right dispenser4)
41.562: (clean-shot shot9 ingredient2 left right)
41.562: (clean-shot shot4 ingredient2 left right)
41.562: (clean-shot shot7 ingredient2 left right)
41.562: (clean-shot shot7 ingredient2 right left)
41.571: (leave left shaker1)
41.571: (leave right shaker1)
41.572: (pour-shot-to-clean-shaker shot8 ingredient4 shaker1 right l0 l1)
41.572: (pour-shot-to-clean-shaker shot8 ingredient4 shaker1 left l0 l1)
41.579: (grasp left shot9)
41.579: (grasp left shot4)
41.579: (grasp left shot7)
41.579: (grasp right shot9)
41.579: (grasp right shot7)
41.579: (grasp right shot4)
41.586: (fill-shot shot5 ingredient5 left right dispenser5)
41.586: (fill-shot shot5 ingredient5 right left dispenser5)
41.654: (fill-shot shot5 ingredient5 left right dispenser5)
41.654: (fill-shot shot5 ingredient5 right left dispenser5)
41.669: (fill-shot shot5 ingredient2 right left dispenser2)
41.669: (fill-shot shot5 ingredient2 left right dispenser2)
41.713: (grasp right shot6)
41.713: (grasp left shot3)
41.713: (grasp right shot3)
41.713: (grasp left shot6)
41.736: (grasp right shot1)
41.736: (grasp left shot1)
41.771: (refill-shot shot5 ingredient4 left right dispenser4)
41.771: (refill-shot shot5 ingredient4 right left dispenser4)
41.783: (leave left shot5)
41.783: (leave right shot5)
41.800: (grasp left shot8)
41.800: (grasp right shot8)
41.848: (grasp left shot1)
41.849: (grasp right shot1)
41.868: (grasp right shot11)
41.868: (grasp left shot11)
41.870: (leave left shot8)
41.870: (leave right shot8)
41.879: (grasp right shot10)
41.879: (grasp right shot2)
38.813: (clean-shot shot8 ingredient2 left right)
38.813: (clean-shot shot8 ingredient2 right left)
38.840: (clean-shot shot5 ingredient4 left right)
38.840: (clean-shot shot5 ingredient4 right left)
39.037: (pour-shot-to-clean-shaker shot5 ingredient4 shaker1 left l0 l1)
39.037: (pour-shot-to-clean-shaker shot5 ingredient4 shaker1 right l0 l1)
39.078: (pour-shot-to-clean-shaker shot5 ingredient4 shaker1 left l0 l1)
39.078: (pour-shot-to-clean-shaker shot5 ingredient4 shaker1 right l0 l1)
39.179: (pour-shot-to-clean-shaker shot5 ingredient3 shaker1 right l0 l1)
39.179: (pour-shot-to-clean-shaker shot5 ingredient3 shaker1 left l0 l1)
39.222: (pour-shot-to-clean-shaker shot5 ingredient3 shaker1 right l0 l1)
39.222: (pour-shot-to-clean-shaker shot5 ingredient3 shaker1 left l0 l1)
39.302: (fill-shot shot5 ingredient3 right left dispenser3)
39.302: (fill-shot shot5 ingredient3 left right dispenser3)
39.326: (pour-shot-to-clean-shaker shot5 ingredient3 shaker1 right l0 l1)
39.326: (pour-shot-to-clean-shaker shot5 ingredient3 shaker1 left l0 l1)
39.807: (clean-shot shot5 ingredient3 left right)
39.807: (clean-shot shot5 ingredient3 right left)
40.080: (fill-shot shot5 ingredient4 right left dispenser4)
40.080: (fill-shot shot5 ingredient4 left right dispenser4)
40.309: (grasp right shot9)
40.309: (grasp right shot4)
40.309: (grasp right shot7)
40.309: (grasp left shot4)
40.309: (grasp left shot9)
40.309: (grasp left shot7)
40.406: (grasp left shot4)
40.406: (grasp right shot9)
40.406: (grasp right shot7)
40.406: (grasp left shot7)
40.406: (grasp left shot9)
40.406: (grasp right shot4)
40.419: (grasp right shot8)
40.419: (grasp right shot8)
40.419: (grasp right shot8)
40.419: (grasp left shot8)
40.439: (grasp right shot4)
40.439: (grasp right shot7)
40.439: (grasp right shot9)
40.439: (grasp left shot9)
40.439: (grasp left shot7)
40.439: (grasp left shot4)
40.451: (grasp right shot5)
40.451: (grasp right shot4)
40.451: (grasp right shot7)
40.451: (grasp left shot4)
40.451: (grasp right shot9)
40.451: (grasp left shot9)
40.451: (grasp left shot7)
40.451: (grasp right shot5)
40.451: (grasp left shot5)
40.451: (grasp left shot5)
40.451: (grasp right shot5)
40.452: (grasp left shot5)
40.511: (grasp left shot6)
40.511: (grasp right shot3)
40.511: (grasp left shot3)
40.511: (grasp right shot6)
40.515: (clean-shot shot8 ingredient4 left right)
40.515: (clean-shot shot8 ingredient4 right left)
40.626: (fill-shot shot5 ingredient5 left right dispenser5)
40.626: (fill-shot shot5 ingredient5 right left dispenser5)
40.638: (fill-shot shot5 ingredient2 left right dispenser2)
40.638: (fill-shot shot5 ingredient2 right left dispenser2)
40.656: (fill-shot shot5 ingredient1 right left dispenser1)
40.656: (fill-shot shot5 ingredient1 left right dispenser1)
40.660: (leave left shot5)
40.660: (leave right shot5)
40.690: (refill-shot shot8 ingredient2 left right dispenser2)
40.690: (refill-shot shot8 ingredient2 right left dispenser2)
40.700: (grasp right shot3)
40.700: (grasp right shot6)
40.700: (grasp left shot6)
40.700: (grasp left shot3)
40.736: (grasp right shot1)
40.736: (grasp left shot1)
40.745: (grasp left shot6)
40.745: (grasp right shot3)
40.745: (grasp right shot6)
40.745: (grasp left shot3)
36.997: (pour-shot-to-used-shaker shot5 ingredient3 shaker1 left l1 l2)
36.997: (pour-shot-to-used-shaker shot5 ingredient3 shaker1 right l1 l2)
37.862: (refill-shot shot5 ingredient3 left right dispenser3)
37.862: (refill-shot shot5 ingredient3 right left dispenser3)
38.033: (clean-shot shot5 ingredient4 right left)
38.033: (clean-shot shot5 ingredient4 left right)
38.075: (clean-shot shot5 ingredient4 right left)
38.075: (clean-shot shot5 ingredient4 left right)
38.107: (pour-shot-to-used-shaker shot5 ingredient4 shaker1 right l1 l2)
38.107: (pour-shot-to-used-shaker shot5 ingredient4 shaker1 left l1 l2)
38.292: (fill-shot shot5 ingredient3 left right dispenser3)
38.292: (fill-shot shot5 ingredient3 right left dispenser3)
39.000: (clean-shot shot5 ingredient3 left right)
39.000: (clean-shot shot5 ingredient3 right left)
39.042: (clean-shot shot5 ingredient3 right left)
39.042: (clean-shot shot5 ingredient3 left right)
39.058: (fill-shot shot5 ingredient4 left right dispenser4)
39.058: (fill-shot shot5 ingredient4 right left dispenser4)
39.176: (clean-shot shot5 ingredient3 left right)
39.176: (clean-shot shot5 ingredient3 right left)
39.277: (grasp left shaker1)
39.277: (grasp right shaker1)
39.307: (grasp left shot4)
39.307: (grasp left shot7)
39.307: (grasp right shot9)
39.307: (grasp right shot4)
39.307: (grasp right shot7)
39.308: (grasp left shot9)
39.396: (grasp left shot4)
39.396: (grasp left shot7)
39.396: (grasp right shot9)
39.396: (grasp right shot7)
39.396: (grasp right shot4)
39.396: (grasp left shot9)
39.438: (grasp left shot3)
39.438: (grasp left shot6)
39.439: (grasp right shot6)
39.439: (grasp right shot3)
39.454: (grasp right shot7)
39.454: (grasp right shot9)
39.454: (grasp right shot4)
39.454: (grasp left shot7)
39.454: (grasp left shot9)
39.454: (grasp left shot4)
39.469: (grasp left shot3)
39.469: (grasp right shot6)
39.469: (grasp right shot3)
39.469: (grasp left shot6)
39.538: (grasp left shot9)
39.538: (grasp left shot7)
39.538: (grasp left shot4)
39.538: (grasp right shot7)
39.538: (grasp right shot4)
39.538: (grasp right shot9)
39.573: (fill-shot shot5 ingredient1 left right dispenser1)
39.574: (fill-shot shot5 ingredient1 right left dispenser1)
39.585: (fill-shot shot8 ingredient5 right left dispenser5)
39.585: (fill-shot shot8 ingredient5 left right dispenser5)
39.585: (grasp left shot8)
39.585: (grasp right shot8)
39.602: (grasp left shot4)
39.602: (grasp left shot7)
39.602: (grasp right shot4)
39.602: (grasp left shot9)
39.602: (grasp right shot7)
39.602: (grasp right shot9)
39.616: (grasp right shot4)
39.616: (grasp right shot7)
39.616: (grasp right shot9)
39.616: (grasp left shot9)
39.616: (grasp left shot7)
39.616: (grasp left shot4)
39.645: (fill-shot shot8 ingredient1 left right dispenser1)
39.645: (fill-shot shot8 ingredient1 right left dispenser1)
39.692: (fill-shot shot5 ingredient5 left right dispenser5)
39.692: (fill-shot shot5 ingredient5 right left dispenser5)
39.703: (fill-shot shot8 ingredient3 right left dispenser3)
39.703: (fill-shot shot8 ingredient3 left right dispenser3)
39.725: (grasp right shot6)
39.725: (grasp right shot3)
35.979: (pour-shot-to-used-shaker shot5 ingredient3 shaker1 right l1 l2)
35.979: (pour-shot-to-used-shaker shot5 ingredient3 shaker1 left l1 l2)
36.234: (refill-shot shot5 ingredient3 right left dispenser3)
36.234: (refill-shot shot5 ingredient3 left right dispenser3)
36.848: (clean-shot shot5 ingredient3 right left)
36.848: (clean-shot shot5 ingredient3 left right)
36.848: (clean-shot shot5 ingredient4 left right)
36.848: (clean-shot shot5 ingredient4 right left)
36.921: (leave left shot5)
36.921: (leave right shot5)
37.086: (pour-shot-to-used-shaker shot5 ingredient4 shaker1 left l1 l2)
37.086: (pour-shot-to-used-shaker shot5 ingredient4 shaker1 right l1 l2)
37.467: (fill-shot shot5 ingredient3 right left dispenser3)
37.467: (fill-shot shot5 ingredient3 left right dispenser3)
37.517: (fill-shot shot5 ingredient3 left right dispenser3)
37.518: (fill-shot shot5 ingredient3 right left dispenser3)
37.602: (grasp left shot8)
37.602: (grasp right shot8)
37.858: (grasp left shot7)
37.858: (grasp left shot9)
37.858: (grasp left shot4)
37.858: (grasp right shot4)
37.858: (grasp right shot7)
37.858: (grasp right shot9)
37.995: (grasp left shot10)
37.995: (grasp left shot2)
37.995: (grasp right shot2)
37.995: (grasp right shot10)
38.050: (pour-shot-to-used-shaker shot5 ingredient3 shaker1 left l1 l2)
38.050: (pour-shot-to-used-shaker shot5 ingredient3 shaker1 left l1 l2)
38.050: (pour-shot-to-used-shaker shot5 ingredient3 shaker1 right l1 l2)
38.050: (pour-shot-to-used-shaker shot5 ingredient3 shaker1 right l1 l2)
38.051: (grasp right shot6)
38.051: (grasp right shot3)
38.051: (grasp left shot6)
38.051: (grasp left shot3)
38.123: (grasp left shot9)
38.123: (grasp right shot9)
38.123: (grasp right shot4)
38.123: (grasp left shot7)
38.123: (grasp right shot7)
38.123: (grasp left shot4)
38.253: (fill-shot shot5 ingredient4 left right dispenser4)
38.253: (fill-shot shot5 ingredient4 right left dispenser4)
38.256: (grasp left shaker1)
38.256: (grasp right shaker1)
38.259: (leave right shot5)
38.259: (leave left shot5)
38.294: (fill-shot shot5 ingredient4 right left dispenser4)
38.294: (fill-shot shot5 ingredient4 left right dispenser4)
38.315: (grasp right shot1)
38.315: (grasp left shot1)
38.393: (grasp right shot9)
38.393: (grasp right shot7)
38.393: (grasp right shot4)
38.393: (grasp left shot7)
38.393: (grasp left shot4)
38.393: (grasp left shot9)
38.417: (grasp right shot3)
38.417: (grasp left shot3)
38.417: (grasp right shot6)
38.417: (grasp left shot6)
38.454: (fill-shot shot5 ingredient1 left right dispenser1)
38.454: (fill-shot shot5 ingredient1 right left dispenser1)
38.486: (grasp left shaker1)
38.486: (grasp right shaker1)
38.513: (pour-shot-to-used-shaker shot5 ingredient3 shaker1 left l1 l2)
38.513: (pour-shot-to-used-shaker shot5 ingredient3 shaker1 right l1 l2)
38.513: (grasp right shaker1)
38.513: (grasp left shaker1)
38.599: (grasp left shot9)
38.599: (grasp left shot7)
38.599: (grasp left shot4)
38.599: (grasp right shot9)
38.599: (grasp right shot7)
38.599: (grasp right shot4)
38.698: (fill-shot shot5 ingredient2 right left dispenser2)
38.698: (fill-shot shot5 ingredient2 left right dispenser2)
38.747: (grasp left shot1)
38.747: (grasp right shot1)
35.153: (pour-shot-to-used-shaker shot5 ingredient3 shaker1 right l1 l2)
35.153: (pour-shot-to-used-shaker shot5 ingredient3 shaker1 left l1 l2)
35.211: (refill-shot shot5 ingredient3 left right dispenser3)
35.211: (refill-shot shot5 ingredient3 right left dispenser3)
35.226: (leave right shot5)
35.226: (leave left shot5)
35.228: (pour-shot-to-used-shaker shot5 ingredient3 shaker1 left l1 l2)
35.228: (pour-shot-to-used-shaker shot5 ingredient3 shaker1 right l1 l2)
35.531: (grasp right shaker1)
35.531: (grasp left shaker1)
35.835: (clean-shot shot5 ingredient3 left right)
35.836: (clean-shot shot5 ingredient3 right left)
35.836: (clean-shot shot5 ingredient4 right left)
35.836: (clean-shot shot5 ingredient4 left right)
36.256: (pour-shot-to-used-shaker shot5 ingredient4 shaker1 left l1 l2)
36.256: (pour-shot-to-used-shaker shot5 ingredient4 shaker1 right l1 l2)
36.328: (pour-shot-to-used-shaker shot5 ingredient4 shaker1 left l1 l2)
36.328: (pour-shot-to-used-shaker shot5 ingredient4 shaker1 right l1 l2)
36.660: (grasp left shot8)
36.660: (grasp right shot8)
36.661: (leave right shot5)
36.661: (leave left shot5)
36.687: (grasp left shot7)
36.687: (grasp right shot9)
36.687: (grasp right shot7)
36.687: (grasp right shot4)
36.687: (grasp left shot9)
36.687: (grasp left shot4)
36.819: (grasp left shot7)
36.819: (grasp left shot4)
36.819: (grasp left shot9)
36.819: (grasp right shot4)
36.819: (grasp right shot7)
36.819: (grasp right shot9)
36.854: (pour-shot-to-used-shaker shot8 ingredient4 shaker1 left l1 l2)
36.854: (pour-shot-to-used-shaker shot8 ingredient4 shaker1 right l1 l2)
36.857: (pour-shot-to-used-shaker shot5 ingredient3 shaker1 left l1 l2)
36.857: (pour-shot-to-used-shaker shot5 ingredient3 shaker1 right l1 l2)
36.857: (pour-shot-to-used-shaker shot5 ingredient3 shaker1 left l1 l2)
36.858: (pour-shot-to-used-shaker shot5 ingredient3 shaker1 right l1 l2)
36.859: (grasp right shot3)
36.859: (grasp left shot6)
36.859: (grasp left shot3)
36.859: (grasp right shot6)
36.938: (grasp right shot8)
36.938: (grasp left shot8)
36.991: (grasp right shot2)
36.991: (grasp left shot2)
36.991: (grasp right shot10)
36.991: (grasp left shot10)
37.097: (grasp left shot1)
37.098: (grasp right shot1)
37.135: (grasp left shot3)
37.135: (grasp left shot6)
37.135: (grasp right shot6)
37.135: (grasp right shot3)
37.184: (leave left shot5)
37.184: (leave right shot5)
37.184: (leave right shot5)
37.184: (grasp right shot4)
37.184: (grasp left shot7)
37.184: (grasp right shot7)
37.184: (grasp right shot9)
37.184: (grasp left shot9)
37.184: (grasp left shot4)
37.185: (leave left shot5)
37.185: (leave left shot5)
37.185: (leave right shot5)
37.237: (leave right shot5)
37.237: (leave left shot5)
37.241: (grasp left shot11)
37.241: (grasp right shot11)
37.242: (grasp left shot1)
37.242: (grasp right shot1)
37.249: (grasp right shot10)
37.249: (grasp left shot10)
37.249: (grasp right shot2)
37.249: (grasp left shot2)
37.313: (pour-shot-to-used-shaker shot5 ingredient3 shaker1 right l1 l2)
37.313: (pour-shot-to-used-shaker shot5 ingredient3 shaker1 left l1 l2)
34.203: (leave right shot5)
34.203: (leave left shot5)
34.410: (refill-shot shot5 ingredient3 left right dispenser3)
34.410: (refill-shot shot5 ingredient3 right left dispenser3)
34.453: (refill-shot shot5 ingredient3 left right dispenser3)
34.453: (refill-shot shot5 ingredient3 right left dispenser3)
34.515: (grasp left shaker1)
34.515: (grasp right shaker1)
34.523: (leave left shot5)
34.524: (grasp right shaker1)
34.524: (grasp left shaker1)
34.524: (leave right shot5)
34.993: (clean-shot shot5 ingredient4 right left)
34.993: (clean-shot shot5 ingredient3 left right)
34.993: (clean-shot shot5 ingredient3 right left)
34.993: (clean-shot shot5 ingredient4 left right)
35.071: (clean-shot shot5 ingredient4 right left)
35.071: (clean-shot shot5 ingredient4 left right)
35.072: (clean-shot shot5 ingredient3 left right)
35.072: (clean-shot shot5 ingredient3 right left)
35.504: (grasp left shot4)
35.504: (grasp right shot9)
35.504: (grasp right shot7)
35.504: (grasp left shot7)
35.504: (grasp left shot9)
35.504: (grasp right shot4)
35.555: (leave left shot5)
35.555: (pour-shot-to-used-shaker shot8 ingredient4 shaker1 left l1 l2)
35.556: (leave right shot5)
35.556: (pour-shot-to-used-shaker shot8 ingredient4 shaker1 right l1 l2)
35.647: (grasp left shot8)
35.647: (grasp right shot8)
35.649: (leave left shot5)
35.649: (leave right shot5)
35.672: (grasp right shot9)
35.672: (grasp right shot7)
35.672: (grasp left shot4)
35.672: (grasp left shot7)
35.672: (grasp left shot9)
35.672: (grasp right shot4)
35.734: (grasp right shot7)
35.734: (grasp left shot9)
35.734: (grasp left shot4)
35.734: (grasp left shot7)
35.734: (grasp right shot9)
35.734: (grasp right shot4)
35.813: (grasp left shot4)
35.813: (grasp left shot9)
35.813: (grasp right shot9)
35.813: (grasp left shot7)
35.813: (grasp right shot7)
35.813: (grasp right shot4)
35.813: (leave right shot5)
35.813: (leave left shot5)
35.813: (leave right shot5)
35.813: (leave right shot5)
35.813: (leave left shot5)
35.813: (leave left shot5)
35.965: (grasp right shot8)
35.965: (grasp left shot8)
35.975: (grasp left shot3)
35.975: (grasp left shot6)
35.975: (grasp right shot3)
35.975: (grasp right shot6)
36.030: (grasp right shaker1)
36.030: (grasp left shaker1)
36.094: (grasp left shot1)
36.094: (grasp right shot1)
36.095: (grasp right shot1)
36.095: (grasp left shot1)
36.095: (leave right shot5)
36.095: (leave left shot5)
36.113: (grasp right shot6)
36.113: (grasp right shot3)
36.113: (grasp left shot6)
36.113: (grasp left shot3)
36.128: (grasp left shot1)
36.128: (grasp right shot1)
36.148: (leave left shot5)
36.148: (leave left shot5)
33.403: (leave left shot5)
33.403: (leave right shot5)
33.446: (leave left shot5)
33.446: (leave right shot5)
33.499: (shake cocktail2 ingredient4 ingredient3 shaker1 right left)
33.499: (shake cocktail2 ingredient4 ingredient3 shaker1 left right)
33.513: (grasp left shaker1)
33.513: (grasp right shaker1)
33.513: (leave right shot5)
33.513: (leave left shot5)
33.693: (grasp left shaker1)
33.693: (grasp right shaker1)
33.756: (grasp right shaker1)
33.756: (grasp left shaker1)
34.666: (grasp left shot4)
34.666: (grasp left shot7)
34.666: (grasp right shot4)
34.666: (grasp left shot9)
34.666: (grasp right shot9)
34.666: (grasp right shot7)
34.666: (leave left shot5)
34.666: (leave right shot5)
34.666: (leave right shot5)
34.666: (leave right shot5)
34.666: (leave left shot5)
34.666: (leave left shot5)
34.667: (leave left shot5)
34.667: (leave right shot5)
34.668: (clean-shot shot8 ingredient4 left right)
34.668: (grasp left shot8)
34.668: (grasp right shot8)
34.668: (clean-shot shot8 ingredient6 right left)
34.668: (clean-shot shot8 ingredient6 left right)
34.668: (clean-shot shot8 ingredient4 right left)
34.754: (grasp left shaker1)
34.754: (grasp right shaker1)
34.770: (grasp right shot4)
34.770: (grasp right shot7)
34.770: (grasp right shot9)
34.770: (grasp left shot7)
34.770: (grasp left shot4)
34.770: (grasp left shot9)
34.818: (grasp left shot8)
34.818: (grasp right shot8)
34.818: (grasp left shaker1)
34.818: (grasp right shaker1)
34.973: (grasp right shot9)
34.973: (grasp right shot7)
34.973: (grasp right shot4)
34.973: (grasp left shot7)
34.973: (grasp left shot4)
34.973: (grasp left shot9)
35.121: (leave right shot5)
35.122: (leave left shot5)
35.122: (grasp right shot1)
35.122: (grasp left shot1)
35.128: (leave left shot5)
35.128: (leave left shot5)
35.128: (leave right shot5)
35.128: (leave right shot5)
35.129: (grasp right shot3)
35.129: (grasp right shot6)
35.129: (grasp left shot3)
35.129: (grasp left shot6)
35.130: (grasp right shot7)
35.130: (grasp right shot4)
35.130: (grasp right shot9)
35.130: (grasp left shot9)
35.130: (grasp left shot7)
35.130: (grasp left shot4)
35.131: (grasp left shaker1)
35.131: (grasp right shaker1)
35.131: (grasp right shaker1)
35.131: (grasp right shaker1)
35.131: (grasp left shaker1)
35.132: (grasp left shaker1)
35.209: (leave left shot8)
35.209: (leave right shot8)
35.220: (grasp right shot10)
35.220: (grasp right shot2)
32.407: (pour-shaker-to-shot cocktail2 shot6 left shaker1 l2 l1)
32.407: (pour-shaker-to-shot cocktail2 shot3 left shaker1 l2 l1)
32.407: (pour-shaker-to-shot cocktail2 shot6 right shaker1 l2 l1)
32.407: (pour-shaker-to-shot cocktail2 shot3 right shaker1 l2 l1)
32.479: (shake cocktail2 ingredient4 ingredient3 shaker1 left right)
32.479: (shake cocktail2 ingredient4 ingredient3 shaker1 right left)
32.691: (leave right shot5)
32.691: (leave left shot5)
32.691: (grasp left shaker1)
32.691: (grasp right shaker1)
32.741: (grasp right shaker1)
32.741: (grasp left shaker1)
32.741: (leave left shot5)
32.741: (leave right shot5)
33.613: (grasp right shot8)
33.613: (grasp left shot8)
33.763: (leave left shot5)
33.763: (leave right shot5)
33.764: (grasp left shot9)
33.764: (leave left shot5)
33.764: (leave left shot5)
33.764: (grasp left shot7)
33.764: (grasp right shot7)
33.764: (grasp right shot4)
33.764: (grasp right shot9)
33.764: (grasp left shot4)
33.764: (leave right shot5)
33.764: (leave right shot5)
33.846: (grasp left shot8)
33.846: (grasp right shot8)
33.847: (grasp right shaker1)
33.847: (grasp left shaker1)
33.965: (leave right shot5)
33.965: (leave left shot5)
33.965: (leave right shot5)
33.965: (leave left shot5)
33.965: (leave left shot5)
33.965: (leave right shot5)
33.966: (grasp right shot4)
33.966: (grasp left shot4)
33.966: (grasp left shot9)
33.966: (grasp left shot7)
33.966: (grasp right shot9)
33.966: (grasp right shot7)
34.017: (grasp right shot7)
34.017: (grasp right shot9)
34.017: (grasp left shot7)
34.017: (grasp left shot9)
34.017: (grasp right shot4)
34.017: (grasp left shot4)
34.017: (grasp right shaker1)
34.017: (grasp right shaker1)
34.018: (grasp left shaker1)
34.018: (grasp right shaker1)
34.018: (grasp left shaker1)
34.018: (grasp left shaker1)
34.089: (grasp left shot9)
34.089: (grasp left shot4)
34.089: (grasp left shot7)
34.089: (grasp right shot4)
34.089: (grasp right shot9)
34.089: (grasp right shot7)
34.275: (grasp left shot1)
34.275: (grasp right shot1)
34.314: (grasp left shot1)
34.314: (grasp right shot1)
34.325: (fill-shot shot8 ingredient2 right left dispenser2)
34.325: (fill-shot shot8 ingredient2 left right dispenser2)
34.326: (grasp right shot8)
34.326: (grasp left shot8)
34.330: (grasp right shot6)
34.330: (grasp right shot3)
34.330: (grasp left shot3)
34.330: (grasp left shot6)
34.330: (grasp left shot3)
34.330: (grasp right shot3)
34.330: (grasp left shot6)
34.330: (grasp right shot6)
34.375: (grasp right shot1)
34.375: (grasp left shot1)
31.386: (pour-shaker-to-shot cocktail2 shot3 right shaker1 l2 l1)
31.386: (pour-shaker-to-shot cocktail2 shot6 right shaker1 l2 l1)
31.386: (pour-shaker-to-shot cocktail2 shot6 left shaker1 l2 l1)
31.386: (pour-shaker-to-shot cocktail2 shot3 left shaker1 l2 l1)
31.672: (shake cocktail2 ingredient4 ingredient3 shaker1 left right)
31.672: (shake cocktail2 ingredient4 ingredient3 shaker1 right left)
31.714: (shake cocktail2 ingredient4 ingredient3 shaker1 left right)
31.714: (shake cocktail2 ingredient4 ingredient3 shaker1 right left)
32.142: (pour-shaker-to-shot cocktail2 shot6 left shaker1 l2 l1)
32.142: (pour-shaker-to-shot cocktail2 shot3 left shaker1 l2 l1)
32.142: (grasp right shot8)
32.142: (grasp left shot8)
32.142: (grasp right shot8)
32.142: (grasp left shot8)
32.142: (pour-shaker-to-shot cocktail2 shot6 right shaker1 l2 l1)
32.142: (pour-shaker-to-shot cocktail2 shot3 right shaker1 l2 l1)
32.449: (pour-shaker-to-shot cocktail2 shot3 left shaker1 l1 l0)
32.449: (pour-shaker-to-shot cocktail2 shot6 left shaker1 l1 l0)
32.449: (pour-shaker-to-shot cocktail2 shot6 right shaker1 l1 l0)
32.449: (pour-shaker-to-shot cocktail2 shot3 right shaker1 l1 l0)
32.640: (grasp right shot8)
32.640: (grasp left shot8)
32.946: (grasp right shot4)
32.946: (grasp right shot7)
32.946: (grasp right shot9)
32.946: (grasp left shot4)
32.946: (grasp left shot7)
32.946: (grasp left shot9)
32.997: (grasp right shot9)
32.997: (grasp right shot4)
32.997: (grasp right shot7)
32.997: (grasp right shot7)
32.997: (grasp right shot4)
32.997: (grasp right shot9)
32.997: (grasp left shot4)
32.997: (grasp left shot7)
32.997: (grasp left shot9)
32.997: (grasp left shot4)
32.997: (grasp left shot7)
32.997: (grasp left shot9)
32.998: (pour-shaker-to-shot cocktail2 shot3 right shaker1 l2 l1)
32.998: (pour-shaker-to-shot cocktail2 shot6 right shaker1 l2 l1)
32.998: (pour-shaker-to-shot cocktail2 shot6 right shaker1 l2 l1)
32.998: (pour-shaker-to-shot cocktail2 shot3 right shaker1 l2 l1)
32.998: (pour-shaker-to-shot cocktail2 shot3 right shaker1 l2 l1)
32.998: (pour-shaker-to-shot cocktail2 shot3 left shaker1 l2 l1)
32.998: (pour-shaker-to-shot cocktail2 shot3 left shaker1 l2 l1)
32.998: (pour-shaker-to-shot cocktail2 shot6 left shaker1 l2 l1)
32.998: (pour-shaker-to-shot cocktail2 shot6 left shaker1 l2 l1)
32.998: (pour-shaker-to-shot cocktail2 shot3 left shaker1 l2 l1)
32.998: (pour-shaker-to-shot cocktail2 shot6 left shaker1 l2 l1)
32.998: (pour-shaker-to-shot cocktail2 shot6 right shaker1 l2 l1)
33.055: (grasp right shaker1)
33.055: (grasp left shaker1)
33.055: (grasp right shaker1)
33.055: (grasp left shaker1)
33.056: (grasp right shot7)
33.056: (grasp left shot7)
33.056: (grasp right shot4)
33.056: (grasp right shot9)
33.056: (grasp left shaker1)
33.056: (grasp left shot9)
33.056: (grasp left shot4)
33.056: (grasp right shaker1)
33.167: (leave left shaker1)
33.167: (leave right shaker1)
33.167: (leave left shaker1)
33.167: (leave right shaker1)
33.256: (grasp left shaker1)
33.256: (grasp left shaker1)
33.256: (grasp right shaker1)
33.256: (grasp left shaker1)
33.256: (grasp right shaker1)
33.257: (grasp right shot4)
33.257: (grasp right shaker1)
33.257: (grasp right shot7)
33.257: (grasp right shot9)
33.257: (grasp left shot4)
33.257: (grasp left shot7)
33.257: (grasp left shot9)
30.579: (pour-shaker-to-shot cocktail2 shot6 right shaker1 l2 l1)
30.579: (pour-shaker-to-shot cocktail2 shot3 right shaker1 l2 l1)
30.579: (pour-shaker-to-shot cocktail2 shot6 left shaker1 l2 l1)
30.579: (pour-shaker-to-shot cocktail2 shot3 left shaker1 l2 l1)
30.621: (pour-shaker-to-shot cocktail2 shot6 right shaker1 l2 l1)
30.621: (pour-shaker-to-shot cocktail2 shot3 right shaker1 l2 l1)
30.621: (pour-shaker-to-shot cocktail2 shot3 left shaker1 l2 l1)
30.621: (pour-shaker-to-shot cocktail2 shot6 left shaker1 l2 l1)
31.164: (pour-shaker-to-shot cocktail2 shot6 right shaker1 l1 l0)
31.164: (pour-shaker-to-shot cocktail2 shot3 right shaker1 l1 l0)
31.164: (pour-shaker-to-shot cocktail2 shot3 left shaker1 l1 l0)
31.165: (pour-shaker-to-shot cocktail2 shot6 left shaker1 l1 l0)
31.170: (pour-shaker-to-shot cocktail2 shot3 left shaker1 l2 l1)
31.170: (grasp left shot8)
31.170: (grasp left shot8)
31.170: (grasp right shot8)
31.170: (pour-shaker-to-shot cocktail2 shot6 left shaker1 l2 l1)
31.170: (grasp right shot8)
31.170: (pour-shaker-to-shot cocktail2 shot3 right shaker1 l2 l1)
31.170: (pour-shaker-to-shot cocktail2 shot6 right shaker1 l2 l1)
31.455: (empty-shaker right shaker1 cocktail2 l0 l0)
31.456: (empty-shaker left shaker1 cocktail2 l0 l0)
31.853: (grasp right shot7)
31.853: (grasp right shot4)
31.853: (grasp right shot9)
31.853: (grasp left shot4)
31.853: (grasp left shot7)
31.853: (grasp left shot9)
31.853: (grasp left shot4)
31.853: (grasp left shot9)
31.853: (grasp left shot7)
31.853: (grasp right shot4)
31.853: (grasp right shot9)
31.853: (grasp right shot7)
31.853: (pour-shaker-to-shot cocktail2 shot6 left shaker1 l2 l1)
31.853: (pour-shaker-to-shot cocktail2 shot3 left shaker1 l2 l1)
31.853: (pour-shaker-to-shot cocktail2 shot6 left shaker1 l2 l1)
31.853: (pour-shaker-to-shot cocktail2 shot3 right shaker1 l2 l1)
31.853: (pour-shaker-to-shot cocktail2 shot6 right shaker1 l2 l1)
31.853: (pour-shaker-to-shot cocktail2 shot3 right shaker1 l2 l1)
31.853: (pour-shaker-to-shot cocktail2 shot6 right shaker1 l2 l1)
31.853: (pour-shaker-to-shot cocktail2 shot6 right shaker1 l2 l1)
31.853: (pour-shaker-to-shot cocktail2 shot3 right shaker1 l2 l1)
31.853: (pour-shaker-to-shot cocktail2 shot3 left shaker1 l2 l1)
31.853: (pour-shaker-to-shot cocktail2 shot3 left shaker1 l2 l1)
31.853: (pour-shaker-to-shot cocktail2 shot6 left shaker1 l2 l1)
32.031: (grasp right shot9)
32.031: (grasp right shot7)
32.031: (grasp right shot4)
32.032: (grasp left shot9)
32.032: (grasp left shot7)
32.032: (grasp left shot4)
32.145: (leave right shaker1)
32.145: (leave right shaker1)
32.145: (leave left shaker1)
32.145: (leave left shaker1)
32.238: (grasp right shot4)
32.238: (grasp right shot7)
32.238: (grasp right shot9)
32.238: (grasp left shot4)
32.238: (grasp left shot9)
32.238: (grasp left shot7)
32.307: (grasp left shot5)
32.307: (grasp left shot5)
32.307: (grasp right shot5)
32.307: (grasp right shot5)
32.310: (grasp right shot1)
32.310: (grasp right shot1)
32.311: (grasp left shot1)
32.311: (grasp left shot1)
32.367: (grasp left shot3)
32.367: (grasp left shot6)
32.367: (grasp right shot3)
32.367: (grasp right shot6)
32.403: (grasp left shot2)
32.403: (grasp right shot2)
32.403: (grasp left shot2)
32.403: (grasp right shot10)
32.403: (grasp left shot10)
32.403: (grasp left shot10)
30.224: (empty-shaker right shaker1 cocktail2 l0 l0)
30.224: (empty-shaker left shaker1 cocktail2 l0 l0)
30.409: (pour-shaker-to-shot cocktail2 shot6 right shaker1 l1 l0)
30.409: (pour-shaker-to-shot cocktail2 shot3 right shaker1 l1 l0)
30.409: (pour-shaker-to-shot cocktail2 shot3 left shaker1 l1 l0)
30.409: (pour-shaker-to-shot cocktail2 shot6 left shaker1 l1 l0)
30.420: (pour-shaker-to-shot cocktail2 shot3 left shaker1 l1 l0)
30.421: (pour-shaker-to-shot cocktail2 shot6 left shaker1 l1 l0)
30.421: (pour-shaker-to-shot cocktail2 shot3 right shaker1 l1 l0)
30.421: (pour-shaker-to-shot cocktail2 shot6 right shaker1 l1 l0)
30.938: (grasp right shot9)
30.938: (grasp right shot7)
30.938: (grasp right shot4)
30.938: (grasp right shot7)
30.938: (grasp right shot4)
30.939: (grasp left shot7)
30.939: (grasp left shot9)
30.939: (grasp left shot4)
30.939: (grasp left shot7)
30.939: (grasp left shot9)
30.939: (grasp left shot4)
30.939: (grasp right shot9)
30.939: (pour-shaker-to-shot cocktail2 shot6 right shaker1 l2 l1)
30.940: (pour-shaker-to-shot cocktail2 shot3 right shaker1 l2 l1)
30.940: (pour-shaker-to-shot cocktail2 shot6 left shaker1 l2 l1)
30.940: (pour-shaker-to-shot cocktail2 shot6 right shaker1 l2 l1)
30.940: (pour-shaker-to-shot cocktail2 shot3 right shaker1 l2 l1)
30.940: (pour-shaker-to-shot cocktail2 shot3 left shaker1 l2 l1)
30.940: (pour-shaker-to-shot cocktail2 shot3 left shaker1 l2 l1)
30.940: (pour-shaker-to-shot cocktail2 shot3 left shaker1 l2 l1)
30.940: (pour-shaker-to-shot cocktail2 shot6 left shaker1 l2 l1)
30.940: (pour-shaker-to-shot cocktail2 shot6 left shaker1 l2 l1)
30.940: (pour-shaker-to-shot cocktail2 shot3 right shaker1 l2 l1)
30.940: (pour-shaker-to-shot cocktail2 shot6 right shaker1 l2 l1)
30.952: (grasp right shot8)
30.952: (grasp left shot8)
30.952: (grasp right shot8)
30.952: (grasp left shot8)
30.955: (clean-shaker left right shaker1)
30.956: (clean-shaker right left shaker1)
31.145: (grasp left shot9)
31.145: (grasp left shot7)
31.145: (grasp left shot4)
31.145: (grasp left shot9)
31.145: (grasp left shot4)
31.145: (grasp left shot7)
31.145: (grasp right shot4)
31.145: (grasp right shot7)
31.145: (grasp right shot9)
31.145: (grasp right shot9)
31.145: (grasp right shot7)
31.145: (grasp right shot4)
31.146: (pour-shaker-to-shot cocktail2 shot3 left shaker1 l2 l1)
31.146: (pour-shaker-to-shot cocktail2 shot6 right shaker1 l2 l1)
31.146: (pour-shaker-to-shot cocktail2 shot6 right shaker1 l2 l1)
31.146: (pour-shaker-to-shot cocktail2 shot3 right shaker1 l2 l1)
31.146: (pour-shaker-to-shot cocktail2 shot3 right shaker1 l2 l1)
31.146: (pour-shaker-to-shot cocktail2 shot3 left shaker1 l2 l1)
31.146: (pour-shaker-to-shot cocktail2 shot6 left shaker1 l2 l1)
31.146: (pour-shaker-to-shot cocktail2 shot6 left shaker1 l2 l1)
31.147: (pour-shaker-to-shot cocktail2 shot6 left shaker1 l2 l1)
31.147: (pour-shaker-to-shot cocktail2 shot3 left shaker1 l2 l1)
31.147: (pour-shaker-to-shot cocktail2 shot3 right shaker1 l2 l1)
31.147: (pour-shaker-to-shot cocktail2 shot6 right shaker1 l2 l1)
31.340: (leave left shaker1)
31.340: (leave right shaker1)
31.340: (leave right shaker1)
31.341: (leave left shaker1)
31.368: (grasp right shot8)
31.368: (grasp left shot8)
31.368: (grasp left shot8)
31.368: (grasp right shot8)
31.382: (leave left shaker1)
31.383: (leave left shaker1)
31.383: (leave right shaker1)
31.383: (leave right shaker1)
31.405: (grasp right shot7)
31.405: (grasp right shot9)
31.405: (grasp left shot9)
31.405: (grasp left shot7)
29.377: (grasp left shot8)
29.377: (grasp right shot8)
29.415: (empty-shaker right shaker1 cocktail2 l0 l0)
29.415: (empty-shaker left shaker1 cocktail2 l0 l0)
29.430: (empty-shaker right shaker1 cocktail2 l0 l0)
29.430: (empty-shaker left shaker1 cocktail2 l0 l0)
29.687: (clean-shaker left right shaker1)
29.687: (clean-shaker right left shaker1)
29.945: (leave left shaker1)
29.945: (leave right shaker1)
30.506: (empty-shaker right shaker1 cocktail2 l0 l0)
30.506: (empty-shaker right shaker1 cocktail2 l0 l0)
30.506: (grasp right shot9)
30.506: (empty-shaker left shaker1 cocktail2 l0 l0)
30.506: (grasp right shot7)
30.506: (grasp right shot4)
30.506: (empty-shaker left shaker1 cocktail2 l0 l0)
30.506: (grasp left shot4)
30.506: (grasp left shot7)
30.506: (grasp left shot9)
30.567: (pour-shaker-to-shot cocktail2 shot6 left shaker1 l1 l0)
30.567: (grasp left shot9)
30.567: (grasp right shot9)
30.567: (pour-shaker-to-shot cocktail2 shot6 left shaker1 l1 l0)
30.567: (pour-shaker-to-shot cocktail2 shot6 right shaker1 l1 l0)
30.567: (grasp left shot7)
30.567: (grasp left shot4)
30.567: (pour-shaker-to-shot cocktail2 shot6 right shaker1 l1 l0)
30.567: (pour-shaker-to-shot cocktail2 shot3 left shaker1 l1 l0)
30.567: (grasp right shot7)
30.567: (pour-shaker-to-shot cocktail2 shot6 left shaker1 l1 l0)
30.567: (pour-shaker-to-shot cocktail2 shot6 right shaker1 l1 l0)
30.567: (pour-shaker-to-shot cocktail2 shot3 left shaker1 l1 l0)
30.567: (pour-shaker-to-shot cocktail2 shot3 right shaker1 l1 l0)
30.567: (grasp right shot4)
30.567: (pour-shaker-to-shot cocktail2 shot3 right shaker1 l1 l0)
30.567: (pour-shaker-to-shot cocktail2 shot3 left shaker1 l1 l0)
30.567: (pour-shaker-to-shot cocktail2 shot3 right shaker1 l1 l0)
30.602: (grasp right shot8)
30.602: (grasp left shot8)
30.778: (leave right shaker1)
30.778: (leave left shaker1)
30.787: (leave left shaker1)
30.787: (leave right shaker1)
30.891: (pour-shaker-to-shot cocktail2 shot3 right shaker1 l1 l0)
30.891: (pour-shaker-to-shot cocktail2 shot3 right shaker1 l1 l0)
30.891: (pour-shaker-to-shot cocktail2 shot3 right shaker1 l1 l0)
30.891: (pour-shaker-to-shot cocktail2 shot6 right shaker1 l1 l0)
30.891: (pour-shaker-to-shot cocktail2 shot6 right shaker1 l1 l0)
30.891: (pour-shaker-to-shot cocktail2 shot6 right shaker1 l1 l0)
30.892: (grasp left shot4)
30.892: (grasp right shot9)
30.892: (grasp left shot7)
30.892: (grasp right shot7)
30.892: (grasp left shot9)
30.892: (grasp right shot4)
30.892: (pour-shaker-to-shot cocktail2 shot3 left shaker1 l1 l0)
30.892: (pour-shaker-to-shot cocktail2 shot3 left shaker1 l1 l0)
30.893: (pour-shaker-to-shot cocktail2 shot3 left shaker1 l1 l0)
30.893: (pour-shaker-to-shot cocktail2 shot6 left shaker1 l1 l0)
30.893: (pour-shaker-to-shot cocktail2 shot6 left shaker1 l1 l0)
30.893: (pour-shaker-to-shot cocktail2 shot6 left shaker1 l1 l0)
31.058: (grasp right shot1)
31.058: (grasp left shot1)
31.155: (grasp left shot1)
31.155: (grasp right shot1)
31.178: (grasp right shot8)
31.178: (grasp left shot8)
31.178: (pour-shaker-to-shot cocktail2 shot3 right shaker1 l1 l0)
31.179: (pour-shaker-to-shot cocktail2 shot6 left shaker1 l1 l0)
31.179: (pour-shaker-to-shot cocktail2 shot6 right shaker1 l1 l0)
31.179: (pour-shaker-to-shot cocktail2 shot3 left shaker1 l1 l0)
31.200: (leave left shaker1)
31.200: (leave right shaker1)
31.200: (grasp left shot6)
31.200: (grasp left shot3)
31.200: (grasp right shot6)
31.200: (grasp right shot3)
31.251: (grasp right shot11)
31.251: (grasp left shot11)
28.392: (grasp right shot8)
28.392: (grasp left shot8)
28.403: (leave right shaker1)
28.403: (leave left shaker1)
28.403: (grasp left shot8)
28.404: (grasp right shot8)
28.677: (leave left shaker1)
28.677: (leave right shaker1)
28.915: (clean-shaker right left shaker1)
28.915: (clean-shaker left right shaker1)
28.923: (clean-shaker left right shaker1)
28.923: (clean-shaker right left shaker1)
29.574: (empty-shaker left shaker1 cocktail2 l0 l0)
29.574: (empty-shaker right shaker1 cocktail2 l0 l0)
29.574: (empty-shaker left shaker1 cocktail2 l0 l0)
29.574: (empty-shaker right shaker1 cocktail2 l0 l0)
29.574: (empty-shaker right shaker1 cocktail2 l0 l0)
29.574: (empty-shaker left shaker1 cocktail2 l0 l0)
29.575: (grasp left shot7)
29.575: (grasp left shot9)
29.575: (grasp right shot9)
29.575: (grasp right shot7)
29.575: (grasp right shot4)
29.575: (grasp left shot4)
29.888: (grasp left shot9)
29.888: (grasp left shot7)
29.888: (grasp left shot4)
29.888: (grasp right shot7)
29.888: (grasp right shot9)
29.888: (grasp right shot4)
29.896: (empty-shaker left shaker1 cocktail2 l0 l0)
29.896: (empty-shaker right shaker1 cocktail2 l0 l0)
29.896: (empty-shaker right shaker1 cocktail2 l0 l0)
29.896: (empty-shaker left shaker1 cocktail2 l0 l0)
29.896: (empty-shaker right shaker1 cocktail2 l0 l0)
29.896: (empty-shaker left shaker1 cocktail2 l0 l0)
29.896: (grasp right shot7)
29.896: (grasp left shot7)
29.896: (grasp right shot4)
29.896: (grasp left shot9)
29.896: (grasp right shot9)
29.896: (grasp left shot4)
30.063: (leave right shaker1)
30.063: (leave left shaker1)
30.123: (leave right shaker1)
30.123: (leave left shaker1)
30.160: (empty-shaker right shaker1 cocktail2 l0 l0)
30.160: (empty-shaker left shaker1 cocktail2 l0 l0)
30.161: (grasp right shot1)
30.161: (grasp left shot1)
30.191: (grasp left shot8)
30.191: (grasp right shot8)
30.191: (empty-shaker right shaker1 cocktail2 l0 l0)
30.191: (empty-shaker left shaker1 cocktail2 l0 l0)
30.241: (grasp right shot9)
30.241: (grasp right shot7)
30.241: (grasp right shot4)
30.241: (grasp left shot9)
30.241: (grasp left shot4)
30.241: (grasp left shot7)
30.392: (grasp right shot1)
30.392: (grasp left shot1)
30.420: (grasp right shot6)
30.420: (grasp left shot6)
30.420: (grasp right shot3)
30.420: (grasp left shot3)
30.433: (grasp right shot6)
30.433: (grasp right shot3)
30.433: (grasp left shot3)
30.433: (grasp left shot6)
30.455: (grasp right shot11)
30.455: (grasp left shot11)
30.469: (grasp right shot11)
30.469: (grasp left shot11)
30.474: (grasp right shot1)
30.474: (grasp left shot1)
30.481: (grasp right shot10)
30.481: (grasp right shot2)
30.481: (grasp left shot2)
30.481: (grasp left shot10)
27.418: (grasp right shot8)
27.418: (grasp left shot8)
27.418: (clean-shot shot8 ingredient6 left right)
27.418: (leave left shaker1)
27.418: (leave right shaker1)
27.418: (clean-shot shot8 ingredient6 right left)
27.904: (leave left shaker1)
27.904: (leave right shaker1)
27.911: (leave right shaker1)
27.912: (leave left shaker1)
27.921: (grasp left shot11)
27.921: (grasp right shot11)
28.763: (grasp left shot1)
28.763: (grasp right shot1)
28.878: (leave left shaker1)
28.878: (grasp right shot9)
28.878: (leave right shaker1)
28.878: (leave right shaker1)
28.878: (leave right shaker1)
28.878: (grasp right shot7)
28.878: (leave left shaker1)
28.878: (leave left shaker1)
28.878: (grasp left shot9)
28.878: (grasp right shot4)
28.878: (grasp left shot7)
28.878: (grasp left shot4)
28.903: (grasp right shot9)
28.903: (grasp right shot7)
28.903: (grasp right shot4)
28.903: (grasp left shot7)
28.903: (grasp left shot4)
28.903: (grasp left shot9)
28.903: (grasp left shot8)
28.903: (grasp left shot8)
28.903: (grasp right shot8)
28.903: (grasp right shot8)
28.903: (grasp left shot8)
28.904: (grasp right shot8)
29.071: (grasp right shot9)
29.071: (grasp right shot7)
29.071: (grasp right shot4)
29.071: (grasp left shot9)
29.071: (grasp left shot4)
29.071: (grasp left shot7)
29.112: (refill-shot shot8 ingredient6 left right dispenser6)
29.112: (refill-shot shot8 ingredient6 right left dispenser6)
29.162: (grasp left shot8)
29.162: (grasp right shot8)
29.168: (grasp left shot10)
29.168: (grasp left shot2)
29.168: (grasp right shot10)
29.168: (grasp right shot2)
29.389: (grasp left shot6)
29.389: (grasp left shot3)
29.389: (grasp right shot6)
29.389: (grasp right shot3)
29.402: (grasp left shot7)
29.402: (grasp left shot9)
29.402: (grasp left shot4)
29.402: (grasp right shot7)
29.402: (grasp right shot4)
29.402: (grasp right shot9)
29.408: (grasp left shot5)
29.408: (grasp right shot5)
29.464: (leave right shaker1)
29.464: (leave left shaker1)
29.464: (grasp left shot1)
29.464: (grasp right shot1)
29.596: (grasp right shot8)
29.596: (grasp left shot8)
29.596: (fill-shot shot9 ingredient2 right left dispenser2)
29.597: (fill-shot shot4 ingredient2 right left dispenser2)
29.597: (fill-shot shot9 ingredient2 left right dispenser2)
29.597: (fill-shot shot7 ingredient2 right left dispenser2)
29.597: (fill-shot shot7 ingredient2 left right dispenser2)
29.597: (fill-shot shot4 ingredient2 left right dispenser2)
29.664: (grasp left shot1)
29.664: (grasp right shot1)
29.678: (grasp left shot3)
29.678: (grasp left shot6)
23.960: (pour-shot-to-clean-shaker shot8 ingredient1 shaker1 right l0 l1)
23.960: (pour-shot-to-clean-shaker shot8 ingredient1 shaker1 left l0 l1)
25.425: (pour-shot-to-clean-shaker shot8 ingredient2 shaker1 left l0 l1)
25.425: (pour-shot-to-clean-shaker shot8 ingredient2 shaker1 right l0 l1)
26.175: (grasp left shot8)
26.175: (grasp left shot8)
26.175: (grasp left shot8)
26.175: (grasp right shot8)
26.175: (grasp right shot8)
26.175: (grasp right shot8)
26.459: (pour-shot-to-clean-shaker shot9 ingredient2 shaker1 left l0 l1)
26.459: (pour-shot-to-clean-shaker shot4 ingredient2 shaker1 right l0 l1)
26.459: (pour-shot-to-clean-shaker shot9 ingredient2 shaker1 right l0 l1)
26.459: (pour-shot-to-clean-shaker shot7 ingredient2 shaker1 left l0 l1)
26.459: (pour-shot-to-clean-shaker shot7 ingredient2 shaker1 right l0 l1)
26.459: (pour-shot-to-clean-shaker shot4 ingredient2 shaker1 left l0 l1)
26.936: (grasp left shot11)
26.936: (grasp right shot11)
27.829: (grasp right shot1)
27.829: (grasp left shot1)
27.829: (grasp left shot8)
27.829: (grasp right shot8)
27.949: (grasp right shot7)
27.949: (grasp right shot9)
27.949: (grasp right shot4)
27.949: (grasp right shot8)
27.949: (grasp right shot8)
27.949: (grasp left shot9)
27.949: (grasp left shot8)
27.949: (grasp left shot7)
27.949: (grasp left shot4)
27.950: (grasp left shot8)
27.950: (grasp right shot8)
27.950: (grasp left shot8)
28.060: (leave right shaker1)
28.060: (leave right shaker1)
28.060: (grasp right shot9)
28.060: (grasp right shot4)
28.060: (grasp right shot7)
28.060: (leave right shaker1)
28.060: (leave left shaker1)
28.060: (leave left shaker1)
28.060: (leave left shaker1)
28.060: (grasp left shot4)
28.060: (grasp left shot7)
28.060: (grasp left shot9)
28.178: (grasp left shot10)
28.178: (grasp left shot2)
28.178: (grasp right shot2)
28.178: (grasp right shot10)
28.183: (leave right shaker1)
28.183: (leave left shaker1)
28.184: (grasp left shot8)
28.184: (fill-shot shot8 ingredient2 left right dispenser2)
28.184: (fill-shot shot8 ingredient2 right left dispenser2)
28.184: (grasp right shot8)
28.392: (leave left shaker1)
28.392: (leave left shaker1)
28.392: (grasp right shot7)
28.392: (leave left shaker1)
28.392: (grasp right shot4)
28.392: (leave right shaker1)
28.392: (leave right shaker1)
28.392: (leave right shaker1)
28.392: (grasp right shot9)
28.392: (grasp left shot9)
28.392: (grasp left shot4)
28.392: (grasp left shot7)
28.401: (grasp right shot8)
28.403: (grasp right shot8)
28.404: (grasp left shot3)
28.404: (grasp right shot6)
28.404: (grasp left shot6)
28.404: (grasp right shot3)
28.423: (grasp left shot5)
28.423: (grasp right shot5)
28.548: (fill-shot shot9 ingredient2 right left dispenser2)
28.548: (fill-shot shot7 ingredient2 left right dispenser2)
28.548: (fill-shot shot4 ingredient2 left right dispenser2)
28.549: (fill-shot shot4 ingredient2 right left dispenser2)
22.802: (leave left shaker1)
22.802: (leave right shaker1)
24.444: (leave right shaker1)
24.444: (leave left shaker1)
24.445: (pour-shot-to-clean-shaker shot8 ingredient2 shaker1 left l0 l1)
24.445: (pour-shot-to-clean-shaker shot8 ingredient2 shaker1 right l0 l1)
25.193: (leave left shot8)
25.193: (leave right shot8)
25.284: (grasp left shot8)
25.284: (grasp right shot8)
25.284: (grasp right shot8)
25.284: (grasp left shot8)
25.442: (pour-shot-to-clean-shaker shot4 ingredient2 shaker1 right l0 l1)
25.442: (pour-shot-to-clean-shaker shot4 ingredient2 shaker1 left l0 l1)
25.443: (pour-shot-to-clean-shaker shot7 ingredient2 shaker1 left l0 l1)
25.443: (pour-shot-to-clean-shaker shot9 ingredient2 shaker1 right l0 l1)
25.463: (grasp left shot8)
25.463: (grasp right shot8)
25.463: (grasp left shot8)
25.463: (grasp right shot8)
25.463: (grasp right shot8)
25.463: (pour-shot-to-clean-shaker shot9 ingredient2 shaker1 right l0 l1)
25.463: (grasp left shot8)
25.463: (pour-shot-to-clean-shaker shot7 ingredient2 shaker1 left l0 l1)
25.463: (pour-shot-to-clean-shaker shot4 ingredient2 shaker1 right l0 l1)
25.463: (pour-shot-to-clean-shaker shot7 ingredient2 shaker1 right l0 l1)
25.463: (pour-shot-to-clean-shaker shot9 ingredient2 shaker1 left l0 l1)
25.463: (pour-shot-to-clean-shaker shot4 ingredient2 shaker1 left l0 l1)
26.063: (clean-shot shot7 ingredient2 right left)
26.063: (clean-shot shot4 ingredient2 left right)
26.064: (clean-shot shot7 ingredient2 left right)
26.064: (clean-shot shot9 ingredient2 left right)
26.064: (clean-shot shot4 ingredient2 right left)
26.064: (clean-shot shot9 ingredient2 right left)
26.310: (empty-shot right shot4 ingredient2)
26.310: (empty-shot right shot9 ingredient2)
26.310: (empty-shot left shot7 ingredient2)
26.310: (empty-shot left shot9 ingredient2)
26.310: (empty-shot right shot7 ingredient2)
26.310: (empty-shot left shot4 ingredient2)
26.570: (leave right shot7)
26.570: (leave left shot7)
26.570: (leave right shot9)
26.570: (leave left shot9)
26.570: (leave left shot4)
26.571: (leave right shot4)
26.688: (leave right shot8)
26.688: (leave left shot8)
27.247: (grasp right shot7)
27.247: (grasp right shot4)
27.247: (grasp right shot4)
27.247: (grasp left shot9)
27.247: (grasp left shot7)
27.247: (grasp right shot9)
27.247: (grasp left shot4)
27.247: (grasp left shot4)
27.247: (grasp right shot9)
27.247: (grasp right shot7)
27.247: (grasp left shot9)
27.247: (grasp left shot7)
27.422: (grasp right shot6)
27.422: (grasp left shot6)
27.422: (grasp right shot3)
27.422: (grasp left shot3)
27.423: (grasp right shot6)
27.423: (grasp right shot6)
27.423: (grasp right shot3)
27.423: (grasp left shot3)
27.423: (grasp left shot6)
27.423: (grasp left shot6)
27.423: (grasp right shot3)
27.423: (grasp left shot3)
27.441: (grasp right shaker1)
27.441: (grasp left shaker1)
27.441: (grasp right shaker1)
27.442: (grasp left shaker1)
27.442: (grasp left shaker1)
27.442: (grasp right shaker1)
27.481: (grasp right shot11)
27.481: (grasp left shot11)
21.786: (clean-shot shot8 ingredient1 right left)
21.786: (clean-shot shot8 ingredient1 left right)
23.543: (clean-shot shot8 ingredient2 left right)
23.543: (clean-shot shot8 ingredient2 right left)
23.647: (grasp right shot1)
23.647: (grasp left shot1)
23.762: (grasp right shot10)
23.762: (grasp left shot10)
23.762: (grasp right shot2)
23.762: (grasp left shot2)
23.768: (grasp left shot6)
23.768: (grasp right shot6)
23.768: (grasp right shot3)
23.768: (grasp left shot3)
23.826: (grasp right shot11)
23.826: (grasp left shot11)
23.848: (grasp right shot7)
23.848: (grasp right shot9)
23.848: (grasp left shot9)
23.848: (grasp right shot4)
23.848: (grasp left shot7)
23.848: (grasp left shot4)
23.863: (grasp right shot5)
23.863: (grasp left shot5)
23.926: (refill-shot shot8 ingredient1 right left dispenser1)
23.926: (refill-shot shot8 ingredient1 left right dispenser1)
23.955: (leave left shaker1)
23.955: (leave left shot8)
23.955: (leave right shot8)
23.955: (leave right shaker1)
24.529: (grasp left shot8)
24.529: (grasp right shot8)
24.529: (pour-shot-to-clean-shaker shot9 ingredient2 shaker1 right l0 l1)
24.529: (grasp right shot8)
24.529: (grasp left shot8)
24.529: (pour-shot-to-clean-shaker shot7 ingredient2 shaker1 left l0 l1)
24.529: (pour-shot-to-clean-shaker shot4 ingredient2 shaker1 left l0 l1)
24.529: (pour-shot-to-clean-shaker shot4 ingredient2 shaker1 right l0 l1)
24.944: (grasp left shot7)
24.944: (grasp left shot4)
24.944: (grasp right shot4)
24.944: (grasp right shot7)
24.944: (grasp left shot9)
24.944: (grasp right shot9)
24.967: (grasp left shot8)
24.967: (grasp left shot8)
24.967: (grasp right shot8)
24.967: (grasp left shot8)
24.967: (grasp right shot8)
24.967: (grasp right shot8)
25.039: (clean-shot shot4 ingredient2 right left)
25.039: (clean-shot shot7 ingredient2 left right)
25.039: (clean-shot shot4 ingredient2 left right)
25.039: (clean-shot shot9 ingredient2 right left)
25.321: (empty-shot left shot4 ingredient2)
25.321: (empty-shot right shot9 ingredient2)
25.321: (empty-shot right shot4 ingredient2)
25.321: (empty-shot left shot7 ingredient2)
25.409: (grasp right shot3)
25.409: (grasp left shot3)
25.409: (grasp right shot6)
25.409: (grasp left shot6)
25.468: (grasp left shot11)
25.468: (grasp right shot11)
25.472: (grasp left shot1)
25.472: (grasp right shot1)
25.505: (grasp right shot5)
25.505: (grasp left shot5)
25.514: (refill-shot shot8 ingredient2 left right dispenser2)
25.514: (refill-shot shot8 ingredient2 right left dispenser2)
25.516: (grasp right shot10)
25.516: (grasp left shot2)
25.516: (grasp right shot2)
25.517: (grasp left shot10)
25.560: (fill-shot shot4 ingredient1 right left dispenser1)
25.560: (fill-shot shot9 ingredient1 right left dispenser1)
25.561: (fill-shot shot9 ingredient1 left right dispenser1)
25.562: (fill-shot shot7 ingredient1 left right dispenser1)
25.562: (fill-shot shot7 ingredient1 right left dispenser1)
25.562: (fill-shot shot4 ingredient1 left right dispenser1)
22.105: (fill-shot shot8 ingredient2 right left dispenser2)
22.106: (fill-shot shot8 ingredient2 left right dispenser2)
22.184: (fill-shot shot8 ingredient5 left right dispenser5)
22.184: (fill-shot shot8 ingredient5 right left dispenser5)
22.637: (grasp right shot1)
22.637: (grasp left shot1)
22.745: (grasp right shot10)
22.745: (grasp left shot10)
22.745: (grasp right shot2)
22.745: (grasp left shot2)
22.751: (grasp right shot3)
22.751: (grasp left shot6)
22.751: (grasp left shot3)
22.751: (grasp right shot6)
22.810: (grasp right shot11)
22.810: (grasp left shot11)
22.842: (grasp right shot4)
22.842: (grasp left shot4)
22.842: (grasp left shot7)
22.842: (grasp left shot9)
22.842: (grasp right shot7)
22.842: (grasp right shot9)
22.846: (grasp left shot5)
22.846: (grasp right shot5)
22.942: (grasp right shaker1)
22.942: (grasp left shaker1)
23.130: (leave left shot8)
23.130: (leave right shot8)
23.662: (fill-shot shot8 ingredient4 left right dispenser4)
23.662: (fill-shot shot8 ingredient4 right left dispenser4)
23.666: (fill-shot shot8 ingredient3 left right dispenser3)
23.666: (fill-shot shot8 ingredient3 right left dispenser3)
23.738: (fill-shot shot8 ingredient6 right left dispenser6)
23.739: (fill-shot shot8 ingredient6 left right dispenser6)
24.037: (grasp left shot8)
24.037: (grasp right shot8)
24.037: (grasp right shot8)
24.037: (grasp left shot8)
24.037: (grasp right shot9)
24.037: (grasp right shot7)
24.037: (grasp right shot4)
24.037: (grasp left shot7)
24.037: (grasp left shot9)
24.037: (grasp left shot4)
24.045: (fill-shot shot8 ingredient1 right left dispenser1)
24.046: (fill-shot shot8 ingredient1 left right dispenser1)
24.311: (fill-shot shot8 ingredient5 left right dispenser5)
24.311: (fill-shot shot8 ingredient5 right left dispenser5)
24.475: (leave right shot9)
24.475: (leave left shot7)
24.475: (leave right shot7)
24.475: (leave left shot4)
24.475: (leave left shot9)
24.475: (leave right shot4)
24.508: (grasp right shot6)
24.508: (grasp right shot3)
24.508: (grasp left shot3)
24.508: (grasp left shot6)
24.518: (grasp right shaker1)
24.519: (grasp left shaker1)
24.566: (grasp right shot11)
24.567: (grasp left shot11)
24.571: (grasp left shot1)
24.571: (grasp right shot1)
24.591: (fill-shot shot4 ingredient1 right left dispenser1)
24.591: (fill-shot shot9 ingredient1 right left dispenser1)
24.591: (fill-shot shot4 ingredient1 left right dispenser1)
24.591: (fill-shot shot7 ingredient1 left right dispenser1)
24.603: (grasp right shot5)
24.604: (grasp left shot5)
24.615: (grasp right shot2)
24.615: (grasp right shot10)
24.615: (grasp left shot2)
24.615: (grasp left shot10)
24.665: (grasp right shot8)
24.666: (grasp left shot8)
24.666: (grasp right shot8)
24.666: (grasp left shot8)
24.666: (grasp left shot8)
24.666: (grasp right shot8)
20.174: (pour-shot-to-used-shaker shot8 ingredient5 shaker1 left l1 l2)
20.174: (pour-shot-to-used-shaker shot8 ingredient5 shaker1 right l1 l2)
21.442: (leave right shot8)
21.442: (leave left shot8)
21.625: (empty-shot left shot8 ingredient5)
21.625: (empty-shot right shot8 ingredient5)
21.736: (pour-shot-to-used-shaker shot8 ingredient5 shaker1 right l1 l2)
21.736: (pour-shot-to-used-shaker shot8 ingredient5 shaker1 left l1 l2)
22.190: (empty-shot right shot8 ingredient2)
22.190: (empty-shot left shot8 ingredient2)
22.214: (grasp right shot9)
22.214: (grasp right shot7)
22.214: (grasp right shot4)
22.214: (grasp left shot4)
22.214: (grasp left shot7)
22.215: (grasp left shot9)
22.691: (grasp right shaker1)
22.691: (grasp left shaker1)
22.714: (empty-shot right shot8 ingredient4)
22.715: (empty-shot left shot8 ingredient4)
22.747: (empty-shot right shot8 ingredient3)
22.748: (empty-shot left shot8 ingredient3)
22.779: (empty-shot left shot8 ingredient6)
22.780: (empty-shot right shot8 ingredient6)
22.931: (grasp right shot1)
22.931: (grasp left shot1)
23.068: (grasp right shot10)
23.068: (grasp right shot2)
23.069: (grasp left shot10)
23.069: (grasp left shot2)
23.071: (grasp left shot6)
23.071: (grasp right shot6)
23.071: (grasp left shot3)
23.071: (grasp right shot3)
23.114: (grasp left shot1)
23.114: (grasp right shot1)
23.116: (grasp right shot9)
23.116: (grasp right shot7)
23.116: (grasp right shot4)
23.116: (grasp left shot4)
23.116: (grasp left shot9)
23.116: (grasp left shot7)
23.129: (grasp right shot11)
23.129: (grasp left shot11)
23.150: (grasp left shot3)
23.150: (grasp right shot3)
23.150: (grasp right shot6)
23.150: (grasp left shot6)
23.162: (grasp left shot10)
23.162: (grasp right shot2)
23.162: (grasp right shot10)
23.163: (grasp left shot2)
23.166: (grasp left shot5)
23.166: (grasp right shot5)
23.208: (grasp right shot11)
23.208: (grasp left shot11)
23.239: (grasp right shaker1)
23.239: (grasp left shaker1)
23.245: (grasp right shot5)
23.245: (grasp left shot5)
23.358: (leave right shot8)
23.358: (leave left shot8)
23.556: (empty-shot right shot8 ingredient5)
23.556: (empty-shot left shot8 ingredient5)
23.616: (leave right shot8)
23.616: (leave left shot8)
23.792: (grasp right shot8)
23.793: (grasp left shot8)
23.793: (grasp left shot8)
23.793: (grasp right shot8)
23.814: (grasp left shot1)
23.814: (grasp right shot1)
23.814: (leave left shot7)
23.814: (leave right shot4)
23.814: (leave right shot9)
23.814: (leave left shot4)
23.814: (leave left shot8)
23.814: (leave right shot8)
23.829: (empty-shot left shot5 ingredient3)
23.829: (empty-shot right shot5 ingredient3)
19.284: (refill-shot shot8 ingredient5 left right dispenser5)
19.284: (refill-shot shot8 ingredient5 right left dispenser5)
19.289: (pour-shot-to-used-shaker shot8 ingredient5 shaker1 right l1 l2)
19.289: (grasp left shaker1)
19.289: (pour-shot-to-used-shaker shot8 ingredient5 shaker1 left l1 l2)
19.289: (grasp right shaker1)
19.796: (clean-shot shot8 ingredient5 left right)
19.796: (clean-shot shot8 ingredient5 right left)
20.100: (grasp left shot1)
20.100: (grasp right shot1)
20.102: (pour-shot-to-used-shaker shot8 ingredient5 shaker1 right l1 l2)
20.102: (pour-shot-to-used-shaker shot8 ingredient5 shaker1 left l1 l2)
20.344: (pour-shot-to-used-shaker shot8 ingredient5 shaker1 right l1 l2)
20.344: (pour-shot-to-used-shaker shot8 ingredient5 shaker1 left l1 l2)
20.344: (grasp left shot11)
20.345: (grasp right shot11)
20.431: (pour-shot-to-used-shaker shot8 ingredient5 shaker1 right l1 l2)
20.431: (pour-shot-to-used-shaker shot8 ingredient5 shaker1 left l1 l2)
20.431: (pour-shot-to-used-shaker shot8 ingredient5 shaker1 left l1 l2)
20.432: (pour-shot-to-used-shaker shot8 ingredient5 shaker1 right l1 l2)
20.432: (grasp right shot10)
20.432: (grasp left shot2)
20.432: (grasp left shot10)
20.433: (grasp right shot2)
20.900: (grasp left shaker1)
20.900: (grasp right shaker1)
21.106: (grasp right shot7)
21.106: (grasp right shot9)
21.106: (grasp left shot4)
21.106: (grasp left shot9)
21.106: (grasp left shot7)
21.106: (grasp right shot4)
21.106: (pour-shot-to-used-shaker shot8 ingredient5 shaker1 right l1 l2)
21.106: (pour-shot-to-used-shaker shot8 ingredient5 shaker1 right l1 l2)
21.106: (pour-shot-to-used-shaker shot8 ingredient5 shaker1 right l1 l2)
21.106: (pour-shot-to-used-shaker shot8 ingredient5 shaker1 left l1 l2)
21.106: (pour-shot-to-used-shaker shot8 ingredient5 shaker1 left l1 l2)
21.106: (pour-shot-to-used-shaker shot8 ingredient5 shaker1 left l1 l2)
21.140: (grasp left shot3)
21.140: (grasp left shot6)
21.140: (grasp right shot3)
21.140: (grasp right shot6)
21.140: (pour-shot-to-used-shaker shot8 ingredient5 shaker1 left l1 l2)
21.140: (pour-shot-to-used-shaker shot8 ingredient5 shaker1 right l1 l2)
21.141: (pour-shot-to-used-shaker shot8 ingredient5 shaker1 right l1 l2)
21.141: (pour-shot-to-used-shaker shot8 ingredient5 shaker1 left l1 l2)
21.235: (pour-shot-to-used-shaker shot8 ingredient5 shaker1 right l1 l2)
21.235: (pour-shot-to-used-shaker shot8 ingredient5 shaker1 left l1 l2)
21.237: (grasp left shot5)
21.237: (grasp right shot5)
21.354: (grasp right shot4)
21.354: (grasp left shot4)
21.354: (grasp left shot7)
21.354: (grasp left shot9)
21.354: (grasp right shot9)
21.354: (grasp right shot7)
21.406: (clean-shot shot8 ingredient5 right left)
21.407: (clean-shot shot8 ingredient5 left right)
21.514: (grasp left shot11)
21.514: (grasp right shot11)
22.135: (leave left shot8)
22.135: (leave left shot8)
22.135: (leave left shot8)
22.135: (leave right shot8)
22.135: (leave right shot8)
22.135: (leave right shot8)
22.136: (grasp right shot7)
22.136: (grasp left shot7)
22.136: (grasp right shot9)
22.136: (grasp left shot9)
22.136: (grasp right shot4)
22.136: (grasp left shot4)
22.279: (leave left shot8)
22.279: (leave right shot8)
22.280: (grasp left shot1)
22.280: (grasp right shot1)
22.335: (leave left shot8)
22.335: (leave right shot8)
22.360: (grasp right shot1)
22.360: (grasp left shot1)
18.139: (leave right shot8)
18.139: (leave left shot8)
18.155: (grasp left shaker1)
18.155: (grasp right shaker1)
18.386: (grasp left shot1)
18.386: (grasp right shot1)
18.739: (grasp left shaker1)
18.739: (grasp right shaker1)
20.021: (fill-shot shot8 ingredient2 left right dispenser2)
20.021: (fill-shot shot8 ingredient2 right left dispenser2)
20.028: (grasp right shot1)
20.029: (grasp left shot1)
20.226: (grasp left shot10)
20.226: (grasp left shot2)
20.226: (grasp right shot2)
20.226: (grasp right shot10)
20.249: (grasp left shot6)
20.249: (grasp right shot3)
20.249: (grasp right shot6)
20.249: (grasp left shot3)
20.293: (grasp right shot9)
20.293: (grasp left shot7)
20.293: (grasp left shot4)
20.293: (grasp left shot9)
20.293: (grasp right shot7)
20.293: (grasp right shot4)
20.304: (grasp right shot11)
20.304: (grasp left shot11)
20.309: (grasp left shot11)
20.309: (grasp right shot11)
20.344: (grasp left shot5)
20.344: (grasp right shot5)
20.399: (grasp right shot10)
20.399: (grasp right shot2)
20.400: (grasp left shot10)
20.400: (grasp left shot2)
20.483: (grasp right shaker1)
20.483: (grasp left shaker1)
20.699: (grasp left shot9)
20.699: (grasp left shot7)
20.699: (grasp left shot4)
20.699: (grasp right shot4)
20.699: (grasp right shot9)
20.699: (grasp right shot7)
20.761: (grasp left shot3)
20.761: (grasp left shot6)
20.761: (grasp right shot3)
20.761: (grasp right shot6)
20.857: (grasp left shot5)
20.857: (grasp right shot5)
20.969: (fill-shot shot8 ingredient1 left right dispenser1)
20.969: (fill-shot shot8 ingredient1 right left dispenser1)
21.096: (grasp left shot4)
21.096: (grasp left shot9)
21.096: (grasp right shot4)
21.096: (grasp left shot7)
21.096: (grasp right shot9)
21.096: (grasp right shot7)
21.251: (leave right shot8)
21.251: (leave left shot8)
21.252: (grasp left shaker1)
21.252: (grasp right shaker1)
21.269: (fill-shot shot9 ingredient5 left right dispenser5)
21.269: (fill-shot shot7 ingredient5 left right dispenser5)
21.269: (fill-shot shot4 ingredient5 left right dispenser5)
21.269: (fill-shot shot7 ingredient5 right left dispenser5)
21.270: (fill-shot shot9 ingredient5 right left dispenser5)
21.270: (fill-shot shot4 ingredient5 right left dispenser5)
21.576: (grasp right shot11)
21.576: (grasp left shot11)
21.814: (leave left shot8)
21.815: (leave right shot8)
22.087: (leave left shot8)
22.087: (leave right shot8)
22.087: (grasp left shot1)
22.087: (grasp right shot1)
22.216: (empty-shot left shot5 ingredient3)
22.216: (empty-shot right shot5 ingredient3)
22.268: (grasp left shot1)
22.268: (grasp right shot1)
17.041: (grasp right shaker1)
17.041: (leave left shot8)
17.041: (grasp left shaker1)
17.041: (leave right shot8)
17.493: (leave left shot8)
17.493: (grasp right shot1)
17.493: (leave right shot8)
17.493: (grasp left shot1)
19.015: (grasp right shaker1)
19.016: (grasp left shaker1)
19.081: (grasp left shot10)
19.081: (grasp right shot2)
19.081: (grasp left shot2)
19.081: (grasp right shot10)
19.081: (leave left shot8)
19.081: (leave left shot8)
19.082: (leave right shot8)
19.082: (leave right shot8)
19.104: (leave right shot8)
19.104: (leave left shot8)
19.104: (leave right shot8)
19.104: (leave left shot8)
19.104: (grasp left shot3)
19.104: (grasp right shot6)
19.105: (grasp right shot3)
19.105: (grasp left shot6)
19.162: (leave left shot8)
19.162: (leave right shot8)
19.163: (grasp right shot11)
19.163: (grasp left shot11)
19.198: (leave left shot8)
19.198: (leave right shot8)
19.200: (grasp left shot5)
19.200: (grasp right shot5)
19.206: (leave right shot8)
19.206: (leave right shot8)
19.206: (leave right shot8)
19.206: (leave left shot8)
19.206: (leave left shot8)
19.206: (leave left shot8)
19.206: (grasp left shot9)
19.206: (grasp left shot7)
19.206: (grasp right shot4)
19.206: (grasp right shot7)
19.206: (grasp left shot4)
19.206: (grasp right shot9)
19.236: (shake cocktail1 ingredient5 ingredient1 shaker1 right left)
19.236: (shake cocktail1 ingredient5 ingredient1 shaker1 left right)
20.014: (grasp left shaker1)
20.014: (grasp right shaker1)
20.097: (empty-shot right shot8 ingredient2)
20.098: (empty-shot left shot8 ingredient2)
20.404: (pour-shot-to-used-shaker shot9 ingredient5 shaker1 left l1 l2)
20.404: (pour-shot-to-used-shaker shot7 ingredient5 shaker1 left l1 l2)
20.404: (pour-shot-to-used-shaker shot4 ingredient5 shaker1 left l1 l2)
20.404: (pour-shot-to-used-shaker shot7 ingredient5 shaker1 right l1 l2)
20.404: (pour-shot-to-used-shaker shot9 ingredient5 shaker1 right l1 l2)
20.405: (pour-shot-to-used-shaker shot4 ingredient5 shaker1 right l1 l2)
20.496: (grasp right shot1)
20.496: (grasp left shot1)
20.705: (grasp left shaker1)
20.705: (leave right shot8)
20.705: (leave left shot8)
20.705: (grasp right shaker1)
20.903: (leave left shot8)
20.903: (leave right shot8)
20.912: (grasp right shot4)
20.912: (grasp right shot9)
20.912: (grasp right shot7)
20.912: (grasp left shot4)
20.912: (grasp left shot9)
20.912: (grasp left shot7)
20.986: (grasp left shot6)
20.986: (grasp left shot3)
20.987: (grasp right shot6)
20.987: (grasp right shot3)
20.999: (grasp right shot2)
20.999: (grasp left shot10)
20.999: (grasp left shot2)
20.999: (grasp right shot10)
15.801: (fill-shot shot11 ingredient2 left right dispenser2)
15.802: (fill-shot shot11 ingredient2 right left dispenser2)
16.239: (grasp right shot1)
16.239: (grasp left shaker1)
16.239: (grasp left shot1)
16.239: (grasp right shaker1)
16.493: (fill-shot shot1 ingredient2 left right dispenser2)
16.493: (fill-shot shot1 ingredient2 right left dispenser2)
17.374: (grasp left shot11)
17.375: (grasp right shot11)
17.375: (grasp right shot1)
17.375: (grasp left shot1)
17.462: (grasp left shot10)
17.462: (grasp right shot2)
17.462: (grasp left shot2)
17.462: (grasp left shot1)
17.462: (grasp right shot1)
17.462: (grasp left shot1)
17.462: (grasp right shot10)
17.463: (grasp right shot1)
17.548: (fill-shot shot1 ingredient5 right left dispenser5)
17.548: (fill-shot shot1 ingredient5 left right dispenser5)
17.653: (shake cocktail1 ingredient5 ingredient1 shaker1 left right)
17.653: (shake cocktail1 ingredient5 ingredient1 shaker1 right left)
17.984: (grasp right shaker1)
17.984: (grasp left shaker1)
17.984: (grasp right shaker1)
17.985: (grasp left shot10)
17.985: (grasp right shot10)
17.985: (grasp right shot2)
17.985: (grasp left shot2)
17.985: (grasp left shaker1)
18.007: (grasp right shot3)
18.007: (grasp right shot6)
18.007: (grasp left shot3)
18.007: (grasp left shot6)
18.008: (grasp right shaker1)
18.008: (grasp left shaker1)
18.008: (grasp left shaker1)
18.008: (grasp right shaker1)
18.068: (grasp right shot11)
18.068: (grasp left shot11)
18.068: (grasp right shaker1)
18.069: (grasp left shaker1)
18.096: (grasp right shot4)
18.096: (grasp left shot9)
18.096: (grasp left shot7)
18.096: (grasp left shot4)
18.096: (grasp right shot9)
18.096: (grasp right shot7)
18.096: (grasp right shaker1)
18.097: (grasp right shaker1)
18.097: (grasp left shaker1)
18.097: (grasp left shaker1)
18.097: (grasp right shaker1)
18.098: (grasp left shaker1)
18.101: (grasp left shaker1)
18.101: (grasp right shaker1)
18.102: (grasp right shot5)
18.102: (grasp left shot5)
18.460: (grasp left shot1)
18.460: (grasp right shot1)
18.460: (grasp left shot1)
18.460: (grasp right shot1)
18.460: (grasp right shot6)
18.460: (grasp left shot6)
18.460: (grasp left shot3)
18.460: (grasp right shot3)
18.512: (grasp right shot1)
18.513: (grasp right shot1)
18.513: (grasp left shot1)
18.513: (grasp right shot1)
18.513: (grasp left shot1)
18.513: (grasp left shot7)
18.513: (grasp right shot4)
18.513: (grasp left shot9)
18.513: (grasp right shot7)
18.513: (grasp left shot4)
18.513: (grasp right shot9)
18.514: (grasp left shot1)
14.652: (grasp left shaker1)
14.652: (grasp right shaker1)
14.945: (grasp left shaker1)
14.945: (grasp right shaker1)
16.134: (grasp left shot11)
16.134: (grasp right shot11)
16.221: (grasp right shot2)
16.221: (grasp right shot10)
16.221: (grasp left shot2)
16.222: (grasp left shot10)
16.492: (grasp right shaker1)
16.492: (grasp left shaker1)
16.560: (grasp right shot1)
16.560: (grasp left shot1)
16.742: (grasp left shot9)
16.742: (grasp left shot7)
16.742: (grasp left shot4)
16.742: (grasp right shot9)
16.742: (grasp right shot7)
16.742: (grasp right shot4)
16.762: (grasp left shot2)
16.762: (grasp right shot10)
16.762: (grasp left shot10)
16.762: (grasp right shot2)
16.767: (grasp right shot6)
16.767: (grasp left shot6)
16.767: (grasp left shot3)
16.767: (grasp right shot3)
16.843: (grasp left shot8)
16.843: (grasp right shot8)
16.863: (grasp left shot5)
16.863: (grasp right shot5)
16.876: (empty-shot right shot11 ingredient2)
16.876: (empty-shot left shot11 ingredient2)
16.917: (leave right shot11)
16.917: (leave left shot11)
17.153: (leave left shot1)
17.153: (leave right shot1)
17.256: (grasp right shot8)
17.256: (grasp left shot8)
17.305: (leave right shot1)
17.305: (leave left shot1)
17.446: (empty-shot left shot1 ingredient2)
17.446: (empty-shot right shot1 ingredient2)
17.458: (grasp left shot6)
17.458: (grasp right shot6)
17.458: (grasp right shot3)
17.459: (grasp left shot3)
17.534: (grasp left shot7)
17.534: (grasp right shot9)
17.534: (grasp left shot9)
17.534: (grasp right shot4)
17.534: (grasp right shot7)
17.534: (grasp left shot4)
17.550: (grasp right shot5)
17.550: (grasp left shot5)
17.599: (grasp right shot11)
17.599: (grasp left shot11)
17.685: (grasp left shot2)
17.686: (grasp right shot10)
17.686: (grasp left shot10)
17.686: (grasp right shot2)
17.722: (empty-shot left shot1 ingredient5)
17.722: (empty-shot right shot1 ingredient5)
18.396: (leave right shaker1)
18.396: (leave left shaker1)
18.515: (grasp left shot6)
18.515: (grasp left shot3)
18.515: (grasp right shot6)
18.515: (grasp right shot3)
18.555: (grasp right shot7)
18.555: (grasp right shot4)
18.555: (grasp right shot9)
18.555: (grasp left shot9)
18.555: (grasp left shot7)
18.555: (grasp left shot4)
18.613: (grasp left shot5)
18.613: (grasp right shot5)
18.616: (grasp right shot3)
18.616: (grasp right shot6)
15.475: (empty-shot left shot11 ingredient2)
15.475: (empty-shot right shot11 ingredient2)
15.476: (grasp left shaker1)
15.476: (grasp right shaker1)
15.768: (leave right shot11)
15.768: (leave left shot11)
15.768: (grasp right shaker1)
15.768: (grasp left shaker1)
15.878: (empty-shot right shot1 ingredient2)
15.878: (empty-shot left shot1 ingredient2)
15.878: (grasp left shaker1)
15.879: (grasp right shaker1)
16.093: (grasp left shaker1)
16.094: (grasp right shaker1)
16.096: (empty-shot right shot1 ingredient5)
16.096: (empty-shot left shot1 ingredient5)
16.162: (grasp left shaker1)
16.162: (grasp right shaker1)
16.162: (leave right shot1)
16.162: (leave left shot1)
16.213: (grasp left shaker1)
16.213: (leave left shot1)
16.213: (grasp right shaker1)
16.213: (leave right shot1)
16.485: (empty-shot right shot11 ingredient2)
16.485: (empty-shot left shot11 ingredient2)
16.486: (grasp right shot1)
16.486: (grasp left shot1)
16.705: (grasp left shot2)
16.705: (grasp right shot10)
16.705: (empty-shot right shot11 ingredient2)
16.705: (empty-shot left shot11 ingredient2)
16.705: (grasp right shot2)
16.705: (empty-shot left shot11 ingredient2)
16.705: (empty-shot right shot11 ingredient2)
16.705: (grasp left shot10)
17.078: (grasp right shot11)
17.078: (grasp left shot11)
17.079: (empty-shot right shot1 ingredient2)
17.079: (empty-shot left shot1 ingredient2)
17.166: (empty-shot right shot1 ingredient2)
17.166: (empty-shot right shot1 ingredient2)
17.166: (grasp left shot10)
17.166: (empty-shot left shot1 ingredient2)
17.166: (grasp right shot10)
17.167: (grasp right shot2)
17.167: (grasp left shot2)
17.167: (empty-shot left shot1 ingredient2)
17.218: (empty-shot right shot1 ingredient5)
17.218: (empty-shot left shot1 ingredient5)
17.218: (grasp right shot11)
17.218: (grasp left shot11)
17.307: (empty-shot right shot1 ingredient5)
17.307: (empty-shot left shot1 ingredient5)
17.307: (empty-shot right shot1 ingredient5)
17.307: (empty-shot left shot1 ingredient5)
17.307: (grasp right shot2)
17.308: (grasp left shot10)
17.308: (grasp right shot10)
17.308: (grasp left shot2)
17.532: (grasp right shot1)
17.532: (grasp left shot1)
17.533: (leave right shot11)
17.533: (leave left shot11)
17.613: (grasp left shot8)
17.613: (grasp right shot8)
17.613: (empty-shot right shot11 ingredient2)
17.613: (empty-shot left shot11 ingredient2)
17.790: (leave left shot11)
17.790: (leave right shot11)
17.843: (grasp right shot3)
17.843: (grasp right shot6)
17.843: (empty-shot right shot11 ingredient2)
17.843: (empty-shot left shot11 ingredient2)
17.843: (empty-shot right shot11 ingredient2)
17.843: (grasp left shot3)
17.843: (grasp left shot6)
17.843: (empty-shot left shot11 ingredient2)
17.845: (empty-shot left shot5 ingredient3)
17.845: (empty-shot right shot5 ingredient3)
16.042: (shake cocktail1 ingredient5 ingredient1 shaker1 right left)
16.042: (shake cocktail1 ingredient5 ingredient1 shaker1 left right)
16.399: (grasp left shot1)
16.399: (grasp right shot1)
16.400: (grasp right shaker1)
16.400: (grasp left shaker1)
16.526: (fill-shot shot1 ingredient2 left right dispenser2)
16.526: (fill-shot shot1 ingredient2 right left dispenser2)
16.682: (grasp right shaker1)
16.682: (leave left shot11)
16.682: (leave right shot11)
16.682: (grasp left shaker1)
16.733: (grasp left shot6)
16.733: (grasp left shot3)
16.733: (grasp right shot3)
16.733: (grasp right shot6)
16.748: (grasp left shot10)
16.748: (grasp left shot2)
16.748: (grasp right shot10)
16.748: (grasp right shot2)
16.752: (grasp left shot8)
16.752: (grasp right shot8)
16.778: (grasp left shot9)
16.778: (grasp right shot9)
16.778: (grasp right shot4)
16.778: (grasp right shot7)
16.778: (grasp left shot4)
16.778: (grasp left shot7)
16.823: (shake cocktail1 ingredient5 ingredient1 shaker1 left right)
16.823: (shake cocktail1 ingredient5 ingredient1 shaker1 right left)
16.828: (grasp left shot5)
16.828: (grasp right shot5)
16.840: (shake cocktail1 ingredient5 ingredient1 shaker1 right left)
16.840: (shake cocktail1 ingredient5 ingredient1 shaker1 left right)
17.057: (leave right shot1)
17.057: (leave left shot1)
17.105: (grasp right shot10)
17.106: (grasp left shot10)
17.106: (grasp right shot2)
17.106: (grasp left shot2)
17.128: (grasp left shot3)
17.128: (grasp left shot6)
17.128: (grasp right shot3)
17.128: (grasp right shot6)
17.155: (grasp right shot2)
17.155: (grasp left shot2)
17.155: (grasp right shot10)
17.155: (grasp left shot10)
17.179: (grasp right shot3)
17.179: (grasp right shot6)
17.179: (grasp left shot6)
17.179: (grasp left shot3)
17.186: (grasp left shot11)
17.186: (grasp right shot11)
17.213: (grasp left shot9)
17.213: (grasp left shot4)
17.213: (grasp left shot7)
17.213: (grasp right shot7)
17.213: (grasp right shot9)
17.213: (grasp right shot4)
17.223: (grasp left shot5)
17.223: (grasp right shot5)
17.236: (leave right shot1)
17.236: (leave left shot1)
17.237: (grasp right shot11)
17.237: (grasp left shot11)
17.261: (grasp right shot7)
17.261: (grasp right shot4)
17.261: (grasp right shot9)
17.261: (grasp left shot4)
17.261: (grasp left shot7)
17.261: (grasp left shot9)
17.274: (grasp right shot5)
17.274: (grasp left shot5)
17.434: (grasp left shot8)
17.434: (grasp right shot8)
17.505: (grasp left shot1)
17.505: (grasp right shot1)
17.506: (leave right shot11)
17.506: (leave left shot11)
15.012: (grasp right shaker1)
15.012: (grasp left shaker1)
16.284: (grasp left shot2)
16.284: (grasp right shot10)
16.284: (grasp right shot2)
16.285: (grasp left shot10)
16.367: (grasp right shaker1)
16.368: (grasp left shaker1)
16.368: (grasp left shot1)
16.368: (grasp right shot1)
16.504: (fill-shot shot1 ingredient2 left right dispenser2)
16.504: (fill-shot shot1 ingredient2 right left dispenser2)
16.704: (grasp left shot11)
16.704: (grasp right shot11)
16.772: (leave right shaker1)
16.773: (leave left shaker1)
16.904: (shake cocktail1 ingredient5 ingredient1 shaker1 left right)
16.904: (shake cocktail1 ingredient5 ingredient1 shaker1 right left)
16.909: (grasp right shot1)
16.909: (grasp left shot1)
16.976: (grasp left shot11)
16.976: (grasp right shot11)
17.007: (grasp right shot6)
17.007: (grasp right shot3)
17.007: (grasp left shot6)
17.007: (grasp left shot3)
17.037: (grasp right shot9)
17.037: (grasp right shot7)
17.037: (grasp right shot4)
17.037: (grasp left shot7)
17.037: (grasp left shot9)
17.037: (grasp left shot4)
17.061: (grasp right shot8)
17.061: (grasp left shot8)
17.102: (grasp left shot5)
17.102: (grasp right shot5)
17.110: (grasp right shot2)
17.110: (grasp right shot10)
17.110: (grasp left shot10)
17.110: (grasp left shot2)
17.317: (grasp right shot8)
17.317: (grasp left shot8)
17.356: (leave right shot1)
17.356: (leave left shot1)
17.479: (empty-shot left shot1 ingredient2)
17.479: (empty-shot right shot1 ingredient2)
17.493: (grasp right shot3)
17.493: (grasp right shot6)
17.493: (grasp left shot3)
17.493: (grasp left shot6)
17.513: (leave left shaker1)
17.513: (leave right shaker1)
17.545: (leave left shaker1)
17.546: (leave right shaker1)
17.574: (grasp left shot9)
17.574: (grasp right shot7)
17.574: (grasp right shot4)
17.574: (grasp left shot4)
17.574: (grasp left shot7)
17.574: (grasp right shot9)
17.584: (fill-shot shot1 ingredient5 right left dispenser5)
17.585: (fill-shot shot1 ingredient5 left right dispenser5)
17.588: (grasp left shot5)
17.588: (grasp right shot5)
17.614: (grasp right shot8)
17.614: (grasp left shot8)
17.627: (grasp left shot10)
17.627: (grasp right shot10)
17.627: (grasp right shot2)
17.627: (grasp left shot2)
17.638: (grasp right shot9)
17.638: (grasp right shot7)
17.638: (grasp left shot9)
17.638: (grasp left shot7)
17.638: (grasp left shot4)
17.638: (grasp right shot4)
17.647: (grasp right shot3)
17.647: (grasp right shot6)
17.647: (grasp left shot6)
17.647: (grasp left shot3)
15.038: (grasp right shaker1)
15.038: (grasp left shaker1)
15.941: (grasp right shaker1)
15.941: (empty-shot left shot1 ingredient2)
15.941: (empty-shot right shot1 ingredient2)
15.941: (grasp left shaker1)
16.264: (grasp left shaker1)
16.265: (grasp right shaker1)
16.265: (leave left shot1)
16.265: (leave right shot1)
16.307: (grasp right shot10)
16.307: (grasp left shot10)
16.307: (grasp left shot2)
16.307: (grasp right shot2)
16.515: (grasp right shot11)
16.515: (grasp left shot11)
16.546: (grasp left shaker1)
16.547: (grasp right shaker1)
17.000: (empty-shot left shot1 ingredient2)
17.000: (grasp left shot11)
17.000: (empty-shot right shot1 ingredient2)
17.001: (grasp right shot11)
17.220: (grasp right shot2)
17.221: (empty-shot right shot1 ingredient2)
17.221: (empty-shot left shot1 ingredient2)
17.221: (empty-shot left shot1 ingredient2)
17.221: (empty-shot right shot1 ingredient2)
17.222: (grasp left shot10)
17.222: (grasp right shot10)
17.222: (grasp left shot2)
17.299: (grasp right shot11)
17.299: (grasp left shot11)
17.299: (empty-shot right shot11 ingredient2)
17.299: (empty-shot left shot11 ingredient2)
17.332: (leave left shot1)
17.332: (leave right shot1)
17.344: (grasp right shot8)
17.344: (grasp left shot8)
17.420: (leave right shot1)
17.420: (leave left shot1)
17.440: (empty-shot left shot1 ingredient2)
17.441: (empty-shot right shot1 ingredient2)
17.471: (grasp right shot3)
17.471: (grasp right shot6)
17.471: (grasp left shot3)
17.471: (grasp left shot6)
17.555: (grasp left shot4)
17.555: (grasp left shot9)
17.555: (grasp left shot7)
17.555: (grasp right shot4)
17.555: (grasp right shot9)
17.555: (grasp right shot7)
17.569: (grasp right shot5)
17.569: (grasp left shot5)
17.646: (grasp right shot1)
17.646: (grasp left shot1)
17.646: (leave left shaker1)
17.646: (leave right shaker1)
17.649: (leave right shaker1)
17.649: (leave left shaker1)
17.705: (grasp right shot11)
17.705: (grasp left shot11)
17.705: (leave left shaker1)
17.705: (leave right shaker1)
17.737: (grasp right shot3)
17.737: (leave left shaker1)
17.737: (grasp right shot6)
17.737: (leave left shaker1)
17.737: (grasp left shot3)
17.737: (grasp left shot6)
17.738: (leave right shaker1)
17.738: (leave right shaker1)
17.741: (grasp right shot7)
17.741: (grasp right shot4)
17.741: (grasp right shot9)
17.741: (grasp left shot9)
17.741: (grasp left shot7)
17.741: (grasp left shot4)
17.742: (leave left shaker1)
17.742: (leave left shaker1)
15.912: (empty-shot right shot1 ingredient2)
15.912: (empty-shot left shot1 ingredient2)
15.913: (grasp right shaker1)
15.913: (grasp left shaker1)
16.025: (empty-shot left shot1 ingredient5)
16.025: (empty-shot right shot1 ingredient5)
16.197: (empty-shot right shot1 ingredient5)
16.197: (empty-shot left shot1 ingredient5)
16.240: (leave left shot1)
16.240: (leave right shot1)
16.241: (grasp right shaker1)
16.241: (grasp left shaker1)
16.403: (grasp right shaker1)
16.403: (grasp left shaker1)
16.404: (leave left shot1)
16.404: (leave right shot1)
16.897: (shake cocktail1 ingredient5 ingredient1 shaker1 left right)
16.897: (shake cocktail1 ingredient5 ingredient1 shaker1 right left)
17.099: (leave right shot1)
17.099: (leave left shot1)
17.197: (empty-shot left shot1 ingredient2)
17.197: (empty-shot right shot1 ingredient2)
17.197: (empty-shot right shot1 ingredient2)
17.198: (grasp left shot10)
17.198: (grasp left shot2)
17.198: (empty-shot left shot1 ingredient2)
17.198: (grasp right shot10)
17.198: (grasp right shot2)
17.207: (grasp left shot2)
17.207: (grasp left shot10)
17.207: (grasp right shot2)
17.207: (grasp right shot10)
17.230: (grasp left shot3)
17.230: (grasp left shot6)
17.230: (grasp right shot6)
17.230: (grasp right shot3)
17.244: (grasp left shot11)
17.245: (grasp right shot11)
17.264: (grasp left shot7)
17.264: (grasp left shot4)
17.264: (grasp right shot7)
17.264: (grasp right shot9)
17.264: (grasp right shot4)
17.264: (grasp left shot9)
17.325: (grasp left shot5)
17.325: (grasp right shot5)
17.487: (grasp left shot8)
17.487: (grasp right shot8)
17.544: (grasp left shot11)
17.544: (grasp right shot11)
17.545: (empty-shot left shot1 ingredient2)
17.545: (empty-shot right shot1 ingredient2)
17.545: (empty-shot left shot11 ingredient2)
17.545: (empty-shot right shot11 ingredient2)
18.091: (grasp left shot11)
18.091: (grasp right shot11)
18.091: (leave right shot1)
18.091: (leave left shot1)
18.133: (empty-shot left shot1 ingredient2)
18.134: (grasp right shot8)
18.134: (grasp left shot8)
18.134: (empty-shot right shot1 ingredient2)
18.170: (leave right shot1)
18.170: (leave left shot1)
18.265: (leave left shot1)
18.265: (leave right shot1)
18.266: (grasp left shot11)
18.266: (grasp right shot11)
18.274: (leave left shot1)
18.274: (leave right shot1)
18.274: (leave right shot1)
18.274: (leave left shot1)
18.274: (grasp left shot10)
18.274: (grasp right shot10)
18.274: (grasp left shot2)
18.275: (grasp right shot2)
18.297: (leave right shot1)
18.297: (leave left shot1)
18.297: (leave left shot1)
18.297: (leave right shot1)
16.884: (shake cocktail1 ingredient5 ingredient1 shaker1 right left)
16.884: (shake cocktail1 ingredient5 ingredient1 shaker1 left right)
16.886: (shake cocktail1 ingredient5 ingredient1 shaker1 right left)
16.886: (shake cocktail1 ingredient5 ingredient1 shaker1 left right)
17.068: (grasp right shaker1)
17.068: (grasp left shaker1)
17.069: (grasp right shot11)
17.069: (grasp left shot11)
17.079: (grasp left shaker1)
17.079: (grasp right shaker1)
17.080: (leave right shot1)
17.080: (leave left shot1)
17.157: (refill-shot shot11 ingredient2 right left dispenser2)
17.157: (refill-shot shot11 ingredient2 left right dispenser2)
17.172: (grasp right shaker1)
17.173: (grasp left shaker1)
17.174: (grasp right shot11)
17.174: (grasp left shot11)
17.175: (empty-shot left shot11 ingredient2)
17.175: (empty-shot right shot11 ingredient2)
17.182: (grasp right shaker1)
17.182: (grasp left shaker1)
17.182: (grasp right shaker1)
17.182: (grasp left shaker1)
17.183: (grasp right shot10)
17.183: (grasp right shot2)
17.183: (grasp left shot2)
17.183: (grasp left shot10)
17.205: (grasp right shaker1)
17.205: (grasp left shaker1)
17.205: (grasp left shaker1)
17.206: (grasp right shaker1)
17.206: (grasp left shot6)
17.206: (grasp left shot3)
17.206: (grasp right shot6)
17.206: (grasp right shot3)
17.241: (grasp right shot9)
17.241: (grasp right shot7)
17.241: (grasp right shot4)
17.241: (grasp left shot4)
17.241: (grasp left shot7)
17.241: (grasp left shot9)
17.273: (grasp right shot11)
17.273: (grasp left shot11)
17.281: (leave right shot1)
17.281: (leave left shot1)
17.301: (grasp left shot5)
17.301: (grasp right shot5)
17.346: (grasp left shot2)
17.346: (grasp left shot10)
17.346: (grasp right shot2)
17.346: (grasp right shot10)
17.369: (grasp right shot3)
17.369: (grasp right shot6)
17.369: (grasp left shot3)
17.369: (grasp left shot6)
17.405: (grasp left shot9)
17.405: (grasp left shot7)
17.405: (grasp left shot4)
17.405: (grasp right shot9)
17.405: (grasp right shot7)
17.405: (grasp right shot4)
17.461: (grasp right shot8)
17.461: (grasp left shot8)
17.464: (grasp right shot5)
17.464: (grasp left shot5)
17.553: (leave left shaker1)
17.553: (leave right shaker1)
17.583: (grasp left shot8)
17.583: (grasp right shot8)
17.659: (grasp left shot7)
17.659: (grasp left shot9)
17.659: (grasp left shot4)
17.659: (grasp right shot7)
17.659: (grasp right shot4)
17.659: (grasp right shot9)
17.798: (grasp right shot1)
17.798: (grasp left shot1)
17.841: (leave right shaker1)
17.841: (leave left shaker1)
16.129: (grasp left shaker1)
16.129: (grasp right shaker1)
16.686: (grasp left shot1)
16.687: (grasp right shot1)
17.419: (grasp right shot10)
17.419: (grasp right shot2)
17.419: (grasp left shot2)
17.419: (grasp left shot10)
17.493: (leave right shot11)
17.493: (leave left shot11)
17.552: (leave left shaker1)
17.552: (leave right shaker1)
17.576: (leave right shaker1)
17.576: (leave left shaker1)
17.667: (grasp right shot9)
17.667: (grasp left shot9)
17.667: (grasp left shot4)
17.667: (grasp right shot7)
17.667: (grasp right shot4)
17.667: (grasp left shot7)
17.743: (grasp right shot11)
17.743: (grasp left shot11)
17.753: (grasp left shot7)
17.753: (grasp left shot9)
17.753: (grasp right shot4)
17.753: (grasp right shot7)
17.753: (grasp right shot9)
17.753: (grasp left shot4)
17.759: (grasp right shot1)
17.759: (grasp left shot1)
17.796: (grasp right shot1)
17.797: (grasp left shot1)
17.860: (shake cocktail1 ingredient5 ingredient1 shaker1 right left)
17.860: (shake cocktail1 ingredient5 ingredient1 shaker1 left right)
17.868: (grasp left shot3)
17.868: (grasp left shot6)
17.868: (grasp right shot6)
17.868: (grasp right shot3)
17.875: (grasp right shot11)
17.875: (grasp left shot11)
17.877: (grasp left shot11)
17.877: (grasp right shot11)
17.877: (grasp left shot6)
17.877: (grasp left shot3)
17.877: (grasp right shot3)
17.877: (grasp right shot6)
17.886: (shake cocktail1 ingredient5 ingredient1 shaker1 right left)
17.886: (shake cocktail1 ingredient5 ingredient1 shaker1 left right)
17.922: (grasp left shot8)
17.922: (grasp right shot8)
17.953: (grasp right shot10)
17.953: (grasp right shot2)
17.954: (grasp left shot2)
17.954: (grasp left shot10)
17.954: (grasp left shot10)
17.954: (grasp left shot2)
17.954: (grasp right shot2)
17.954: (grasp right shot10)
17.961: (grasp left shot5)
17.961: (grasp right shot5)
17.969: (grasp left shot5)
17.969: (grasp right shot5)
17.974: (grasp right shot8)
17.974: (grasp left shot8)
18.022: (grasp right shot2)
18.022: (grasp left shot10)
18.022: (grasp left shot2)
18.022: (grasp right shot10)
18.045: (grasp left shot3)
18.045: (grasp left shot6)
18.045: (grasp right shot3)
18.045: (grasp right shot6)
18.094: (grasp left shot9)
18.094: (grasp left shot7)
18.094: (grasp right shot4)
18.094: (grasp left shot4)
18.094: (grasp right shot9)
18.094: (grasp right shot7)
18.096: (grasp left shot11)
18.096: (grasp right shot11)
16.272: (empty-shot left shot1 ingredient5)
16.272: (empty-shot right shot1 ingredient5)
16.469: (grasp right shaker1)
16.470: (grasp left shaker1)
16.470: (leave right shot11)
16.470: (leave left shot11)
17.624: (grasp right shot1)
17.625: (leave left shot11)
17.625: (grasp left shot1)
17.625: (leave right shot11)
18.387: (leave left shaker1)
18.387: (leave left shaker1)
18.387: (grasp left shot4)
18.387: (grasp right shot4)
18.387: (leave left shaker1)
18.387: (grasp left shot9)
18.387: (grasp left shot7)
18.387: (grasp right shot9)
18.387: (grasp right shot7)
18.387: (leave right shaker1)
18.387: (leave right shaker1)
18.387: (leave right shaker1)
18.427: (grasp right shot1)
18.427: (grasp left shot1)
18.428: (leave left shaker1)
18.428: (leave right shaker1)
18.434: (grasp left shot2)
18.434: (grasp right shot10)
18.434: (grasp left shot10)
18.434: (grasp right shot2)
18.458: (grasp left shot3)
18.458: (grasp right shot3)
18.458: (grasp left shot6)
18.458: (grasp right shot6)
18.493: (grasp right shot4)
18.493: (grasp left shot7)
18.493: (grasp left shot4)
18.493: (grasp right shot7)
18.493: (grasp left shot9)
18.494: (grasp right shot9)
18.513: (grasp right shot1)
18.513: (grasp left shot1)
18.514: (leave left shaker1)
18.514: (leave right shaker1)
18.526: (leave left shaker1)
18.526: (leave left shaker1)
18.526: (leave right shaker1)
18.526: (leave right shaker1)
18.526: (leave left shaker1)
18.526: (leave right shaker1)
18.527: (leave left shaker1)
18.527: (leave right shaker1)
18.527: (leave left shaker1)
18.527: (leave right shaker1)
18.527: (grasp right shot4)
18.527: (grasp right shot9)
18.527: (grasp right shot7)
18.527: (grasp left shot7)
18.527: (grasp left shot9)
18.527: (grasp left shot4)
18.527: (grasp right shot6)
18.527: (grasp right shot3)
18.527: (grasp left shot6)
18.527: (grasp left shot3)
18.543: (leave left shaker1)
18.543: (leave right shaker1)
18.543: (leave right shaker1)
18.543: (leave left shaker1)
18.543: (grasp left shot3)
18.544: (grasp left shot6)
18.544: (grasp right shot3)
18.544: (grasp right shot6)
18.553: (grasp left shot5)
18.553: (grasp right shot5)
18.556: (grasp right shot11)
18.556: (grasp left shot11)
18.556: (leave right shaker1)
18.556: (leave left shaker1)
18.558: (grasp left shot11)
18.558: (grasp right shot11)
16.529: (grasp right shaker1)
16.529: (grasp left shaker1)
16.530: (grasp left shot1)
16.530: (grasp right shot1)
16.941: (shake cocktail1 ingredient5 ingredient1 shaker1 right left)
16.941: (shake cocktail1 ingredient5 ingredient1 shaker1 left right)
17.227: (grasp right shot7)
17.227: (grasp right shot9)
17.227: (grasp left shot4)
17.227: (grasp left shot9)
17.227: (grasp right shot4)
17.227: (grasp left shaker1)
17.227: (grasp left shot7)
17.228: (grasp right shaker1)
17.228: (grasp right shaker1)
17.228: (grasp left shaker1)
17.228: (grasp right shaker1)
17.228: (grasp left shaker1)
17.411: (grasp left shaker1)
17.412: (grasp left shot10)
17.412: (grasp right shot2)
17.412: (grasp left shot2)
17.412: (grasp right shot10)
17.413: (grasp right shaker1)
17.413: (grasp right shaker1)
17.413: (grasp left shaker1)
17.435: (grasp left shaker1)
17.435: (grasp left shot3)
17.435: (grasp left shot6)
17.435: (grasp left shaker1)
17.435: (grasp right shaker1)
17.435: (grasp right shot6)
17.435: (grasp right shot3)
17.435: (grasp right shaker1)
17.530: (grasp left shot5)
17.530: (grasp right shot5)
17.531: (grasp left shaker1)
17.531: (grasp right shaker1)
17.640: (grasp right shot8)
17.640: (grasp left shot8)
17.734: (grasp right shot10)
17.734: (grasp left shot2)
17.734: (grasp left shot10)
17.734: (grasp right shot2)
17.734: (grasp left shot1)
17.735: (grasp right shot1)
17.735: (grasp right shot1)
17.735: (grasp left shot1)
17.778: (empty-shot right shot1 ingredient5)
17.778: (leave right shot11)
17.778: (leave left shot11)
17.778: (leave left shot1)
17.778: (leave right shot1)
17.778: (empty-shot left shot1 ingredient5)
18.099: (grasp right shot11)
18.099: (grasp left shot11)
18.100: (grasp right shot11)
18.100: (grasp left shot11)
18.122: (grasp left shot11)
18.122: (grasp right shot11)
18.122: (grasp left shot11)
18.122: (grasp right shot11)
18.143: (grasp right shot11)
18.143: (grasp right shot11)
18.143: (grasp left shot11)
18.143: (grasp left shot11)
18.144: (grasp right shot11)
18.144: (grasp left shot11)
18.218: (grasp right shot11)
18.218: (grasp left shot11)
18.544: (clean-shot shot11 ingredient2 left right)
18.544: (clean-shot shot11 ingredient2 right left)
18.569: (clean-shot shot11 ingredient2 right left)
18.569: (clean-shot shot11 ingredient2 left right)
18.575: (refill-shot shot11 ingredient2 right left dispenser2)
18.576: (refill-shot shot11 ingredient2 left right dispenser2)
18.591: (grasp left shot3)
18.591: (grasp left shot6)
18.591: (grasp right shot6)
18.591: (grasp left shot1)
16.136: (empty-shot right shot1 ingredient5)
16.136: (empty-shot left shot1 ingredient5)
16.136: (grasp left shaker1)
16.137: (grasp right shaker1)
16.735: (grasp left shaker1)
16.736: (grasp right shaker1)
17.361: (empty-shot right shot1 ingredient5)
17.361: (empty-shot right shot1 ingredient5)
17.361: (empty-shot left shot1 ingredient5)
17.361: (empty-shot left shot1 ingredient5)
17.361: (grasp left shot10)
17.361: (grasp left shot2)
17.362: (grasp right shot2)
17.362: (grasp right shot10)
17.613: (leave right shaker1)
17.613: (leave left shaker1)
17.744: (grasp right shot1)
17.744: (grasp left shot1)
17.790: (grasp right shot9)
17.790: (grasp left shot4)
17.790: (grasp left shot7)
17.790: (grasp left shot9)
17.790: (grasp right shot4)
17.790: (grasp right shot7)
17.875: (grasp right shaker1)
17.875: (grasp left shaker1)
17.876: (grasp right shaker1)
17.876: (grasp left shaker1)
17.923: (grasp left shaker1)
17.923: (grasp right shaker1)
17.930: (grasp left shot3)
17.930: (grasp left shot6)
17.930: (grasp right shot6)
17.930: (grasp right shot3)
17.953: (grasp right shot11)
17.953: (grasp left shot11)
17.955: (grasp left shot8)
17.955: (grasp right shot8)
18.009: (grasp right shot10)
18.009: (grasp right shot2)
18.009: (grasp left shot2)
18.009: (grasp left shot10)
18.022: (grasp left shot5)
18.022: (grasp right shot5)
18.259: (grasp left shot8)
18.259: (grasp right shot8)
18.346: (leave left shot1)
18.346: (leave right shot1)
18.346: (leave right shot11)
18.346: (leave left shot11)
18.432: (fill-shot shot11 ingredient4 left right dispenser4)
18.432: (fill-shot shot11 ingredient4 right left dispenser4)
18.468: (fill-shot shot11 ingredient4 right left dispenser4)
18.469: (fill-shot shot11 ingredient4 left right dispenser4)
18.497: (fill-shot shot11 ingredient3 right left dispenser3)
18.497: (fill-shot shot11 ingredient3 left right dispenser3)
18.513: (empty-shot left shot5 ingredient3)
18.513: (empty-shot right shot5 ingredient3)
18.536: (fill-shot shot11 ingredient3 right left dispenser3)
18.536: (fill-shot shot11 ingredient3 left right dispenser3)
18.543: (fill-shot shot11 ingredient5 right left dispenser5)
18.543: (fill-shot shot11 ingredient5 left right dispenser5)
18.610: (fill-shot shot11 ingredient2 right left dispenser2)
18.610: (fill-shot shot11 ingredient2 left right dispenser2)
18.638: (fill-shot shot11 ingredient6 right left dispenser6)
18.638: (fill-shot shot11 ingredient6 left right dispenser6)
18.642: (fill-shot shot11 ingredient6 right left dispenser6)
18.642: (fill-shot shot11 ingredient6 left right dispenser6)
18.661: (fill-shot shot11 ingredient1 left right dispenser1)
18.662: (fill-shot shot11 ingredient1 right left dispenser1)
18.671: (grasp left shot9)
18.671: (grasp left shot7)
18.671: (grasp right shot7)
18.671: (grasp right shot9)
18.671: (grasp left shot4)
18.671: (grasp right shot4)
18.678: (fill-shot shot11 ingredient1 right left dispenser1)
18.678: (fill-shot shot11 ingredient1 left right dispenser1)
18.684: (leave left shaker1)
18.684: (leave right shaker1)
17.308: (grasp right shaker1)
17.308: (grasp left shaker1)
17.309: (leave right shot1)
17.309: (leave right shot11)
17.309: (leave left shot11)
17.309: (leave left shot1)
17.411: (leave right shot11)
17.411: (leave left shot11)
17.451: (leave right shot11)
17.451: (leave left shot11)
17.469: (leave left shot11)
17.470: (leave right shot11)
17.507: (leave left shot11)
17.507: (leave right shot11)
17.585: (leave right shot11)
17.586: (leave left shot11)
17.595: (leave right shot11)
17.595: (leave left shot11)
17.597: (leave right shot11)
17.598: (leave left shot11)
17.633: (leave left shot11)
17.633: (leave right shot11)
17.640: (leave left shot11)
17.640: (leave right shot11)
17.705: (grasp right shaker1)
17.706: (grasp left shaker1)
17.753: (grasp left shaker1)
17.753: (grasp right shaker1)
17.772: (grasp right shaker1)
17.772: (grasp left shaker1)
17.818: (grasp right shaker1)
17.818: (grasp left shaker1)
17.858: (grasp right shaker1)
17.858: (grasp left shaker1)
17.969: (grasp right shaker1)
17.969: (grasp left shaker1)
17.982: (grasp left shaker1)
17.982: (grasp right shaker1)
17.989: (grasp left shaker1)
17.990: (grasp right shaker1)
18.018: (grasp left shaker1)
18.018: (grasp right shaker1)
18.145: (empty-shot left shot1 ingredient5)
18.145: (empty-shot right shot1 ingredient5)
18.343: (grasp right shot11)
18.345: (grasp left shot11)
18.426: (leave right shaker1)
18.426: (leave left shaker1)
18.426: (grasp right shot1)
18.426: (grasp left shot1)
18.428: (empty-shot right shot11 ingredient4)
18.428: (empty-shot left shot11 ingredient4)
18.451: (empty-shot left shot11 ingredient3)
18.451: (empty-shot right shot11 ingredient3)
18.466: (empty-shot right shot11 ingredient4)
18.466: (empty-shot left shot11 ingredient4)
18.490: (empty-shot right shot11 ingredient3)
18.490: (empty-shot left shot11 ingredient3)
18.563: (empty-shot right shot11 ingredient5)
18.563: (empty-shot left shot11 ingredient5)
18.564: (grasp left shot7)
18.564: (grasp left shot9)
18.565: (grasp right shot7)
18.565: (grasp right shot9)
18.565: (grasp right shot4)
18.565: (grasp left shot4)
18.565: (leave left shaker1)
18.565: (leave left shaker1)
18.565: (leave left shaker1)
18.565: (leave right shaker1)
18.565: (leave right shaker1)
18.565: (leave right shaker1)
18.583: (empty-shot right shot11 ingredient6)
18.584: (empty-shot left shot11 ingredient6)
18.585: (leave right shaker1)
18.585: (leave left shaker1)
18.585: (leave left shaker1)
18.585: (grasp right shot6)
18.585: (grasp right shot3)
18.585: (grasp left shot6)
16.689: (leave right shot11)
16.689: (leave left shot11)
16.689: (grasp left shaker1)
16.689: (grasp right shaker1)
16.731: (leave left shot11)
16.731: (leave right shot11)
16.731: (grasp right shaker1)
16.732: (grasp left shaker1)
16.762: (grasp right shaker1)
16.762: (grasp left shaker1)
16.763: (leave left shot11)
16.763: (leave right shot11)
16.793: (grasp right shaker1)
16.793: (leave left shot11)
16.793: (grasp left shaker1)
16.793: (leave right shot11)
16.894: (leave left shot11)
16.894: (leave right shot11)
16.894: (grasp left shaker1)
16.894: (grasp right shaker1)
16.946: (leave right shot11)
16.946: (grasp right shaker1)
16.946: (grasp left shaker1)
16.947: (leave left shot11)
16.972: (leave left shot11)
16.972: (leave right shot11)
16.972: (grasp left shaker1)
16.972: (grasp right shaker1)
17.029: (grasp left shaker1)
17.029: (grasp right shaker1)
17.029: (leave left shot11)
17.029: (leave right shot11)
17.053: (leave left shot11)
17.053: (leave right shot11)
17.054: (grasp right shaker1)
17.054: (grasp left shaker1)
17.502: (leave right shot11)
17.502: (leave left shot11)
17.527: (leave right shot11)
17.527: (leave left shot11)
17.534: (leave left shot11)
17.534: (leave right shot11)
17.556: (leave right shot11)
17.556: (leave left shot11)
17.557: (leave left shot11)
17.557: (leave right shot11)
17.574: (leave right shot11)
17.574: (leave left shot11)
17.701: (empty-shot right shot11 ingredient4)
17.701: (empty-shot left shot11 ingredient4)
17.701: (grasp right shaker1)
17.701: (grasp left shaker1)
17.725: (grasp right shaker1)
17.725: (grasp left shaker1)
17.725: (empty-shot right shot11 ingredient3)
17.725: (empty-shot left shot11 ingredient3)
17.747: (empty-shot right shot11 ingredient4)
17.747: (empty-shot left shot11 ingredient4)
17.749: (grasp left shaker1)
17.749: (grasp right shaker1)
17.771: (empty-shot left shot11 ingredient3)
17.771: (empty-shot right shot11 ingredient3)
17.774: (grasp left shaker1)
17.774: (grasp right shaker1)
17.890: (empty-shot right shot11 ingredient5)
17.891: (empty-shot left shot11 ingredient5)
17.892: (grasp left shaker1)
17.892: (grasp right shaker1)
17.902: (shake cocktail1 ingredient5 ingredient1 shaker1 left right)
17.902: (shake cocktail1 ingredient5 ingredient1 shaker1 right left)
17.902: (leave right shot1)
17.902: (leave left shot1)
17.926: (empty-shot left shot11 ingredient6)
17.926: (empty-shot right shot11 ingredient6)
17.942: (grasp left shaker1)
17.942: (grasp right shaker1)
17.943: (empty-shot right shot11 ingredient6)
17.943: (empty-shot left shot11 ingredient6)
18.103: (empty-shot left shot11 ingredient1)
18.103: (empty-shot right shot11 ingredient1)
16.819: (grasp left shaker1)
16.819: (leave left shot11)
16.819: (leave right shot11)
16.820: (grasp right shaker1)
16.830: (grasp right shaker1)
16.830: (grasp left shaker1)
16.831: (leave left shot11)
16.831: (leave right shot11)
16.853: (leave left shot11)
16.853: (leave left shot11)
16.853: (leave right shot11)
16.853: (leave right shot11)
16.854: (grasp left shaker1)
16.854: (grasp right shaker1)
16.859: (grasp left shaker1)
16.859: (grasp right shaker1)
16.859: (leave right shot11)
16.859: (leave left shot11)
16.875: (grasp right shaker1)
16.875: (grasp left shaker1)
16.875: (leave left shot11)
16.875: (leave right shot11)
16.896: (leave right shot11)
16.896: (leave left shot11)
16.910: (leave left shot11)
16.910: (leave right shot11)
16.911: (grasp left shaker1)
16.911: (grasp right shaker1)
17.543: (grasp right shot4)
17.543: (grasp right shot7)
17.543: (grasp left shot9)
17.543: (grasp right shot9)
17.543: (grasp left shot7)
17.543: (grasp left shot4)
17.570: (grasp right shot1)
17.570: (grasp left shot1)
17.600: (grasp left shot7)
17.600: (grasp left shot4)
17.600: (grasp left shot9)
17.600: (grasp right shot9)
17.600: (grasp right shot4)
17.600: (grasp right shot7)
17.623: (grasp left shot9)
17.623: (grasp left shot7)
17.623: (grasp left shot4)
17.623: (grasp right shot7)
17.623: (grasp right shot9)
17.623: (grasp right shot4)
17.634: (grasp left shot1)
17.634: (grasp right shot1)
17.658: (grasp right shot6)
17.658: (grasp left shot3)
17.658: (grasp right shot3)
17.658: (grasp left shot6)
17.666: (grasp left shot1)
17.666: (grasp right shot1)
17.671: (grasp left shot9)
17.671: (grasp left shot4)
17.671: (grasp right shot7)
17.671: (grasp right shot4)
17.671: (grasp right shot9)
17.672: (grasp left shot7)
17.682: (grasp right shot7)
17.682: (grasp right shot4)
17.682: (grasp right shot9)
17.682: (grasp left shot7)
17.682: (grasp left shot9)
17.682: (grasp left shot4)
17.686: (grasp right shot1)
17.686: (grasp left shot1)
17.696: (grasp right shot3)
17.696: (grasp right shot6)
17.696: (grasp left shot3)
17.696: (grasp left shot6)
17.738: (grasp right shot6)
17.738: (grasp right shot3)
17.738: (grasp left shot6)
17.738: (grasp left shot3)
17.745: (grasp left shot1)
17.746: (grasp left shot7)
17.546: (leave left shaker1)
17.546: (leave right shaker1)
17.566: (leave right shaker1)
17.566: (leave left shaker1)
17.624: (grasp left shot9)
17.624: (grasp right shot4)
17.624: (grasp right shot9)
17.624: (grasp left shot4)
17.624: (grasp right shot7)
17.624: (grasp left shot7)
17.646: (grasp left shot9)
17.646: (grasp left shot7)
17.646: (grasp left shot4)
17.646: (grasp right shot7)
17.646: (grasp right shot4)
17.646: (grasp right shot9)
17.648: (grasp right shot9)
17.649: (grasp right shot4)
17.649: (grasp left shot9)
17.649: (grasp left shot4)
17.649: (grasp left shot7)
17.649: (grasp right shot7)
17.676: (grasp right shot1)
17.676: (grasp left shot1)
17.688: (grasp left shot1)
17.688: (grasp right shot1)
17.707: (grasp right shot1)
17.707: (grasp left shot9)
17.707: (grasp left shot7)
17.707: (grasp right shot9)
17.707: (grasp right shot7)
17.707: (grasp right shot4)
17.707: (grasp left shot1)
17.707: (grasp left shot4)
17.722: (grasp right shot1)
17.722: (grasp left shot1)
17.728: (grasp right shot9)
17.728: (grasp right shot4)
17.728: (grasp right shot7)
17.728: (grasp left shot4)
17.728: (grasp left shot7)
17.728: (grasp left shot9)
17.729: (grasp right shot4)
17.729: (grasp right shot7)
17.729: (grasp right shot9)
17.729: (grasp left shot4)
17.729: (grasp left shot7)
17.730: (grasp left shot9)
17.745: (grasp right shot9)
17.745: (grasp left shot7)
17.745: (grasp left shot9)
17.745: (grasp left shot4)
17.745: (grasp right shot4)
17.745: (grasp right shot7)
17.750: (grasp left shot1)
17.750: (grasp right shot1)
17.779: (grasp right shot1)
17.779: (grasp left shot1)
17.801: (grasp left shot7)
17.801: (grasp left shot9)
17.801: (grasp left shot4)
17.801: (grasp right shot9)
17.801: (grasp right shot7)
17.801: (grasp right shot4)
17.806: (grasp right shot1)
17.806: (grasp left shot1)
17.807: (grasp right shot3)
17.807: (grasp right shot6)
17.807: (grasp left shot3)
17.807: (grasp left shot6)
17.808: (grasp right shot6)
17.808: (grasp right shot3)
17.808: (grasp left shot3)
17.808: (grasp left shot6)
17.834: (grasp right shot1)
17.834: (grasp left shot1)
17.834: (grasp right shot3)
17.834: (grasp right shot6)
17.834: (grasp left shot3)
17.834: (grasp left shot6)
18.344: (leave left shaker1)
18.344: (leave right shaker1)
18.345: (leave left shaker1)
18.345: (leave left shaker1)
18.345: (leave right shaker1)
18.345: (leave right shaker1)
18.365: (leave left shaker1)
18.365: (leave left shaker1)
18.365: (leave right shaker1)
18.365: (leave right shaker1)
18.365: (leave left shaker1)
18.365: (leave right shaker1)
18.366: (leave left shaker1)
18.366: (leave left shaker1)
18.366: (leave left shaker1)
18.366: (leave right shaker1)
18.366: (leave right shaker1)
18.366: (leave right shaker1)
18.375: (leave left shaker1)
18.375: (leave right shaker1)
18.398: (leave right shaker1)
18.399: (leave left shaker1)
18.399: (grasp right shot1)
18.399: (grasp left shot1)
18.399: (leave right shaker1)
18.400: (leave left shaker1)
18.401: (leave left shaker1)
18.401: (leave right shaker1)
18.410: (leave right shaker1)
18.411: (grasp right shot1)
18.411: (grasp left shot1)
18.411: (leave left shaker1)
18.472: (leave right shaker1)
18.472: (leave right shaker1)
18.473: (leave left shaker1)
18.473: (leave left shaker1)
18.481: (leave left shaker1)
18.481: (leave right shaker1)
18.481: (leave right shaker1)
18.481: (leave right shaker1)
18.481: (leave left shaker1)
18.481: (leave left shaker1)
18.494: (leave left shaker1)
18.494: (leave right shaker1)
18.499: (leave right shaker1)
18.499: (leave left shaker1)
18.499: (leave right shaker1)
18.499: (leave left shaker1)
18.502: (leave right shaker1)
18.503: (leave right shaker1)
18.503: (leave right shaker1)
18.503: (grasp left shot9)
18.503: (grasp right shot4)
18.503: (grasp left shot7)
18.503: (grasp left shot4)
18.503: (grasp right shot7)
18.503: (grasp right shot9)
18.503: (leave left shaker1)
18.503: (leave left shaker1)
18.503: (leave left shaker1)
18.503: (leave left shaker1)
18.503: (leave right shaker1)
18.503: (leave left shaker1)
18.503: (leave right shaker1)
18.503: (leave right shaker1)
18.504: (leave left shaker1)
18.513: (grasp right shot3)
18.513: (grasp right shot6)
18.513: (grasp left shot3)
18.513: (grasp left shot6)
18.514: (leave right shaker1)
18.514: (leave left shaker1)
18.514: (leave left shaker1)
18.514: (leave right shaker1)
18.516: (leave left shaker1)
18.516: (leave right shaker1)
18.519: (leave left shaker1)
18.519: (leave right shaker1)
18.519: (leave left shaker1)
18.519: (leave left shaker1)
19.271: (grasp right shot11)
19.271: (grasp right shot11)
19.272: (grasp left shot11)
19.272: (grasp right shot11)
19.272: (grasp left shot11)
19.272: (grasp left shot11)
19.297: (grasp right shot11)
19.297: (grasp left shot11)
19.297: (grasp right shot11)
19.297: (grasp right shot11)
19.298: (grasp left shot11)
19.298: (grasp left shot11)
19.305: (grasp left shot9)
19.305: (grasp left shot4)
19.305: (grasp left shot7)
19.306: (grasp left shot7)
19.306: (grasp left shot9)
19.307: (grasp right shot3)
19.307: (grasp right shot6)
19.307: (grasp left shot6)
19.307: (grasp right shot6)
19.307: (grasp left shot3)
19.307: (grasp left shot3)
19.307: (grasp left shot3)
19.307: (grasp left shot6)
19.307: (grasp right shot6)
19.307: (grasp right shot3)
19.307: (grasp left shot6)
19.307: (grasp right shot3)
19.307: (grasp left shot4)
19.308: (grasp right shot9)
19.308: (grasp right shot7)
19.308: (grasp right shot4)
19.308: (grasp right shot7)
19.308: (grasp right shot4)
19.308: (grasp right shot9)
19.308: (grasp left shot11)
19.309: (grasp right shot11)
19.327: (grasp left shot6)
19.327: (grasp left shot3)
19.327: (grasp right shot3)
19.327: (grasp right shot6)
19.327: (grasp left shot6)
19.327: (grasp left shot3)
19.328: (grasp right shot3)
19.328: (grasp right shot6)
19.328: (grasp right shot6)
19.328: (grasp right shot3)
19.328: (grasp left shot3)
19.328: (grasp left shot6)
19.328: (grasp left shot3)
19.328: (grasp left shot3)
19.328: (grasp left shot6)
19.328: (grasp left shot6)
19.328: (grasp left shot3)
19.328: (grasp left shot6)
19.328: (grasp right shot6)
19.328: (grasp right shot3)
19.328: (grasp right shot3)
19.328: (grasp right shot6)
19.328: (grasp right shot3)
19.328: (grasp right shot6)
19.332: (grasp right shot11)
19.332: (grasp left shot11)
19.341: (grasp left shot1)
19.341: (grasp right shot1)
19.341: (grasp right shot1)
19.341: (grasp left shot1)
19.342: (grasp left shot6)
19.342: (grasp left shot3)
19.342: (grasp right shot3)
19.342: (grasp right shot6)
19.350: (grasp right shot1)
19.350: (grasp left shot1)
19.350: (grasp right shot1)
19.350: (grasp left shot1)
19.350: (grasp right shot1)
19.350: (grasp left shot1)
19.352: (grasp left shot7)
19.352: (grasp left shot9)
18.500: (leave right shot9)
18.500: (leave right shot9)
18.500: (leave left shot9)
18.500: (leave left shot4)
18.500: (leave left shot4)
18.500: (leave right shot7)
18.500: (leave left shot7)
18.500: (leave left shot7)
18.500: (leave left shot9)
18.501: (leave right shot4)
18.501: (leave right shot7)
18.501: (leave right shot4)
18.536: (leave left shot7)
18.536: (leave right shot7)
18.536: (leave right shot7)
18.536: (leave left shot4)
18.536: (leave left shot7)
18.536: (leave left shot4)
18.536: (leave right shot4)
18.536: (leave right shot4)
18.536: (leave left shot9)
18.536: (leave left shot9)
18.536: (leave right shot9)
18.537: (leave right shot9)
20.275: (empty-shot right shot1 ingredient5)
20.275: (empty-shot left shot1 ingredient5)
20.300: (empty-shot right shot1 ingredient5)
20.301: (empty-shot left shot1 ingredient5)
20.309: (empty-shot right shot1 ingredient5)
20.309: (empty-shot left shot1 ingredient5)
20.309: (empty-shot left shot1 ingredient5)
20.309: (empty-shot right shot1 ingredient5)
20.309: (empty-shot left shot1 ingredient5)
20.309: (empty-shot right shot1 ingredient5)
20.319: (empty-shot right shot1 ingredient5)
20.319: (empty-shot right shot1 ingredient5)
20.319: (empty-shot left shot1 ingredient5)
20.319: (empty-shot left shot1 ingredient5)
33.372: (empty-shot left shot6 cocktail2)
33.372: (empty-shot left shot3 cocktail2)
33.372: (empty-shot left shot3 cocktail2)
33.372: (empty-shot right shot6 cocktail2)
33.372: (empty-shot left shot3 cocktail2)
33.372: (empty-shot left shot6 cocktail2)
33.372: (empty-shot right shot3 cocktail2)
33.372: (empty-shot right shot6 cocktail2)
33.372: (empty-shot right shot6 cocktail2)
33.372: (empty-shot right shot3 cocktail2)
33.372: (empty-shot right shot3 cocktail2)
33.372: (empty-shot left shot6 cocktail2)
33.447: (empty-shot left shot6 cocktail2)
33.448: (empty-shot right shot3 cocktail2)
33.448: (empty-shot right shot3 cocktail2)
33.448: (empty-shot right shot6 cocktail2)
33.448: (empty-shot left shot3 cocktail2)
33.448: (empty-shot left shot6 cocktail2)
33.448: (empty-shot right shot3 cocktail2)
33.448: (empty-shot left shot3 cocktail2)
33.448: (empty-shot left shot3 cocktail2)
33.448: (empty-shot left shot6 cocktail2)
33.448: (empty-shot right shot6 cocktail2)
33.448: (empty-shot right shot6 cocktail2)
33.761: (empty-shot left shot6 cocktail2)
33.761: (empty-shot left shot3 cocktail2)
33.761: (empty-shot right shot6 cocktail2)
33.761: (empty-shot right shot3 cocktail2)
34.307: (empty-shot left shot3 cocktail2)
34.307: (empty-shot left shot6 cocktail2)
34.307: (empty-shot right shot6 cocktail2)
34.307: (empty-shot right shot3 cocktail2)
34.307: (empty-shot right shot6 cocktail2)
34.307: (empty-shot right shot3 cocktail2)
34.307: (empty-shot right shot3 cocktail2)
34.307: (empty-shot right shot6 cocktail2)
34.307: (empty-shot left shot6 cocktail2)
34.307: (empty-shot left shot3 cocktail2)
34.307: (empty-shot left shot3 cocktail2)
34.307: (empty-shot left shot6 cocktail2)
inf: (leave left shot6)
inf: (leave left shot11)
17.843: (grasp right shaker1)
17.843: (grasp left shaker1)
17.843: (grasp right shaker1)
17.843: (grasp left shaker1)
17.908: (grasp left shaker1)
17.908: (grasp right shaker1)
17.908: (grasp right shaker1)
17.908: (grasp left shaker1)
19.355: (leave left shot6)
19.355: (leave right shot3)
19.355: (leave right shot6)
19.355: (leave left shot3)
19.356: (leave left shot11)
19.356: (leave right shot11)
19.356: (leave right shot9)
19.356: (leave left shot4)
19.356: (leave left shot9)
19.356: (leave right shot7)
19.356: (leave left shot7)
19.356: (leave right shot4)
19.358: (leave right shot1)
19.358: (leave left shot1)
19.358: (leave right shot1)
19.358: (leave left shot1)
19.358: (leave left shot1)
19.358: (leave right shot1)
19.378: (leave right shot11)
19.378: (leave left shot11)
19.415: (grasp left shot11)
19.415: (grasp left shot11)
19.415: (grasp right shot11)
19.415: (grasp right shot11)
19.469: (leave right shot1)
19.469: (leave left shot1)
19.477: (grasp left shot3)
19.477: (grasp left shot6)
19.477: (grasp right shot3)
19.477: (grasp right shot6)
19.480: (grasp right shot1)
19.480: (grasp left shot1)
19.480: (grasp right shot1)
19.480: (grasp left shot1)
19.490: (grasp right shot1)
19.490: (grasp right shot1)
19.490: (grasp left shot1)
19.490: (grasp left shot1)
19.494: (leave right shot1)
19.494: (leave left shot1)
19.500: (leave left shot1)
19.500: (leave right shot1)
19.500: (leave right shot1)
19.501: (leave left shot1)
19.525: (grasp right shot3)
19.525: (grasp left shot3)
19.525: (grasp right shot6)
19.526: (grasp left shot6)
19.568: (grasp left shot11)
19.568: (grasp right shot11)
19.568: (grasp right shot11)
19.568: (grasp left shot11)
19.568: (grasp left shot2)
19.568: (grasp left shot10)
19.568: (grasp left shot10)
19.568: (grasp right shot2)
19.568: (grasp right shot2)
19.568: (grasp right shot10)
19.568: (grasp left shot2)
19.568: (grasp right shot10)
19.584: (grasp left shot5)
19.584: (grasp right shot5)
19.584: (grasp left shot5)
19.584: (grasp right shot5)
19.585: (grasp left shot8)
19.585: (grasp left shot8)
19.585: (grasp right shot8)
19.585: (grasp right shot8)
19.602: (grasp right shot2)
19.602: (grasp right shot2)
19.602: (grasp left shot10)
19.602: (grasp left shot10)
18.521: (leave right shot3)
18.521: (leave left shot6)
18.521: (leave left shot3)
18.522: (leave right shot6)
18.538: (leave left shot11)
18.538: (leave left shot9)
18.538: (leave right shot11)
18.538: (leave right shot1)
18.538: (leave right shot4)
18.538: (leave left shot4)
18.539: (leave left shot1)
18.539: (leave left shot6)
18.539: (leave left shot3)
18.539: (leave right shot6)
18.539: (leave left shot7)
18.539: (leave right shot7)
18.539: (leave right shot9)
18.539: (leave right shot3)
18.560: (leave right shot1)
18.560: (leave left shot1)
18.560: (leave left shot11)
18.560: (leave right shot11)
18.595: (leave left shot6)
18.595: (leave left shot3)
18.595: (leave left shot6)
18.595: (leave right shot3)
18.595: (leave left shot3)
18.595: (leave right shot6)
18.595: (leave right shot6)
18.595: (leave right shot3)
18.607: (leave left shot6)
18.607: (leave right shot6)
18.607: (leave right shot3)
18.607: (leave left shot3)
18.611: (grasp right shaker1)
18.611: (grasp right shaker1)
18.611: (grasp left shaker1)
18.611: (grasp left shaker1)
18.612: (grasp right shaker1)
18.612: (grasp left shaker1)
18.612: (leave right shot6)
18.612: (leave left shot6)
18.612: (leave right shot3)
18.612: (leave left shot3)
18.617: (leave right shot6)
18.617: (leave left shot3)
18.617: (leave right shot3)
18.617: (leave left shot6)
18.626: (grasp left shaker1)
18.626: (grasp right shaker1)
18.648: (grasp right shaker1)
18.648: (grasp left shaker1)
18.743: (grasp right shaker1)
18.743: (grasp left shaker1)
18.767: (grasp left shaker1)
18.767: (grasp right shaker1)
18.779: (grasp left shaker1)
18.779: (grasp right shaker1)
18.779: (grasp left shaker1)
18.779: (grasp right shaker1)
19.369: (clean-shot shot1 ingredient5 right left)
19.369: (clean-shot shot1 ingredient5 left right)
19.391: (clean-shot shot1 ingredient5 right left)
19.391: (clean-shot shot1 ingredient5 left right)
19.470: (refill-shot shot11 ingredient4 right left dispenser4)
19.470: (refill-shot shot11 ingredient4 left right dispenser4)
19.540: (refill-shot shot11 ingredient3 right left dispenser3)
19.540: (refill-shot shot11 ingredient3 left right dispenser3)
19.571: (clean-shot shot11 ingredient3 right left)
19.571: (clean-shot shot11 ingredient3 left right)
19.571: (clean-shot shot11 ingredient4 right left)
19.571: (clean-shot shot11 ingredient4 left right)
20.276: (grasp left shot11)
20.276: (grasp right shot11)
20.277: (grasp right shot7)
20.277: (grasp right shot9)
20.277: (grasp right shot4)
20.277: (grasp right shot11)
20.277: (grasp left shot11)
20.277: (grasp right shot11)
17.811: (leave right shot6)
17.811: (leave left shot3)
17.811: (leave right shot11)
17.811: (leave left shot11)
17.811: (leave right shot1)
17.811: (leave left shot1)
17.812: (leave left shot9)
17.812: (leave right shot9)
17.812: (leave right shot4)
17.812: (leave left shot7)
17.812: (leave left shot4)
17.812: (leave right shot7)
17.812: (grasp left shaker1)
17.812: (leave left shot6)
17.812: (leave right shot3)
17.812: (grasp right shaker1)
17.835: (leave left shot11)
17.835: (leave right shot11)
17.835: (leave right shot1)
17.835: (leave left shot1)
17.836: (grasp right shaker1)
17.836: (grasp left shaker1)
17.922: (grasp left shaker1)
17.922: (grasp right shaker1)
17.923: (grasp left shaker1)
17.923: (grasp right shaker1)
17.940: (grasp left shaker1)
17.940: (grasp right shaker1)
17.951: (grasp left shaker1)
17.951: (grasp right shaker1)
17.977: (grasp left shaker1)
17.977: (grasp right shaker1)
18.383: (leave left shot1)
18.383: (leave right shot1)
18.405: (leave left shot1)
18.406: (leave right shot1)
18.456: (leave left shot11)
18.456: (leave right shot11)
18.514: (leave right shot11)
18.514: (leave left shot11)
18.552: (leave left shot11)
18.552: (leave right shot11)
18.631: (grasp left shaker1)
18.631: (grasp right shaker1)
18.653: (grasp right shaker1)
18.653: (grasp left shaker1)
18.747: (grasp left shaker1)
18.747: (grasp right shaker1)
18.814: (grasp left shaker1)
18.814: (grasp right shaker1)
18.848: (grasp right shaker1)
18.848: (grasp left shaker1)
19.380: (grasp left shot9)
19.380: (grasp left shot4)
19.380: (grasp left shot7)
19.380: (grasp right shot9)
19.380: (grasp right shot7)
19.380: (grasp right shot4)
19.434: (grasp left shot4)
19.434: (grasp right shot9)
19.434: (grasp right shot7)
19.434: (grasp left shot9)
19.434: (grasp left shot7)
19.434: (grasp right shot4)
19.434: (grasp left shot9)
19.434: (grasp left shot7)
19.434: (grasp left shot4)
19.434: (grasp right shot7)
19.434: (grasp right shot4)
19.434: (grasp right shot9)
19.434: (grasp right shot7)
19.434: (grasp right shot4)
19.434: (grasp right shot4)
19.434: (grasp left shot7)
19.434: (grasp right shot9)
19.434: (grasp left shot4)
19.435: (grasp left shot9)
19.435: (grasp right shot7)
19.435: (grasp left shot4)
19.435: (grasp left shot7)
17.640: (leave left shot1)
17.640: (leave right shot1)
17.640: (grasp right shaker1)
17.640: (grasp left shaker1)
17.662: (leave right shot1)
17.662: (leave left shot1)
17.662: (grasp left shaker1)
17.662: (grasp right shaker1)
17.727: (leave right shot11)
17.727: (leave left shot11)
17.728: (grasp left shaker1)
17.728: (grasp right shaker1)
17.785: (grasp left shaker1)
17.785: (grasp right shaker1)
17.785: (leave left shot11)
17.785: (leave right shot11)
17.824: (grasp right shaker1)
17.824: (leave right shot11)
17.824: (leave left shot11)
17.824: (grasp left shaker1)
18.632: (grasp right shaker1)
18.632: (grasp right shaker1)
18.633: (grasp left shaker1)
18.633: (grasp left shaker1)
18.633: (grasp right shaker1)
18.633: (grasp left shaker1)
18.633: (grasp right shot9)
18.633: (grasp right shot4)
18.633: (grasp right shot7)
18.633: (grasp left shot7)
18.633: (grasp left shot9)
18.633: (grasp left shot4)
18.803: (grasp left shot3)
18.803: (grasp left shot6)
18.803: (grasp right shot3)
18.803: (grasp right shot6)
18.822: (grasp right shot8)
18.823: (grasp left shot8)
18.845: (grasp left shot8)
18.845: (grasp right shot8)
18.873: (grasp left shot5)
18.873: (grasp right shot5)
18.880: (grasp right shot10)
18.880: (grasp right shot2)
18.880: (grasp left shot10)
18.880: (grasp left shot2)
18.904: (grasp left shot10)
18.904: (grasp right shot10)
18.904: (grasp left shot2)
18.904: (grasp right shot2)
18.906: (empty-shot right shot5 ingredient3)
18.906: (empty-shot left shot5 ingredient3)
18.909: (grasp left shot5)
18.909: (grasp right shot5)
19.265: (grasp right shot1)
19.265: (grasp left shot1)
19.267: (grasp right shot4)
19.267: (grasp right shot7)
19.267: (grasp left shot4)
19.267: (grasp left shot9)
19.267: (grasp left shot7)
19.268: (grasp right shot9)
19.295: (empty-shot left shot8 ingredient5)
19.295: (empty-shot right shot8 ingredient5)
19.303: (grasp left shot11)
19.303: (grasp right shot11)
19.328: (grasp right shot1)
19.328: (grasp left shot1)
19.329: (grasp left shot11)
19.329: (grasp right shot11)
19.330: (grasp right shot9)
19.330: (grasp right shot7)
19.330: (grasp right shot4)
19.330: (grasp left shot9)
19.330: (grasp left shot4)
19.330: (grasp left shot7)
19.335: (grasp right shot4)
19.335: (grasp right shot9)
19.335: (grasp right shot7)
19.335: (grasp left shot9)
18.293: (refill-shot shot1 ingredient5 right left dispenser5)
18.293: (refill-shot shot1 ingredient5 left right dispenser5)
18.347: (refill-shot shot1 ingredient5 left right dispenser5)
18.348: (refill-shot shot1 ingredient5 right left dispenser5)
18.524: (grasp right shaker1)
18.524: (grasp left shaker1)
18.524: (grasp right shaker1)
18.524: (grasp right shaker1)
18.524: (grasp left shaker1)
18.524: (grasp left shaker1)
18.525: (grasp right shot7)
18.525: (grasp left shot4)
18.525: (grasp right shot9)
18.525: (grasp left shot9)
18.525: (grasp left shot7)
18.525: (grasp right shot4)
18.540: (grasp left shaker1)
18.540: (grasp right shaker1)
18.540: (grasp right shot1)
18.540: (grasp left shot1)
18.564: (grasp left shot11)
18.564: (grasp right shot11)
18.564: (grasp left shaker1)
18.564: (grasp right shaker1)
18.582: (grasp left shaker1)
18.582: (grasp right shaker1)
18.582: (grasp left shaker1)
18.582: (grasp right shaker1)
18.582: (grasp right shaker1)
18.584: (grasp left shaker1)
18.585: (grasp right shot4)
18.585: (grasp right shot9)
18.585: (grasp right shot7)
18.585: (grasp left shot4)
18.586: (grasp left shot9)
18.586: (grasp left shot7)
18.590: (grasp right shot11)
18.590: (grasp left shot11)
18.591: (grasp right shaker1)
18.591: (grasp left shaker1)
18.597: (grasp right shaker1)
18.597: (grasp left shaker1)
18.601: (grasp left shot1)
18.601: (grasp right shot1)
18.603: (grasp right shot6)
18.603: (grasp right shot3)
18.603: (grasp left shot3)
18.603: (grasp left shot6)
18.624: (grasp left shot6)
18.624: (grasp left shot3)
18.624: (grasp right shot6)
18.624: (grasp right shot3)
18.625: (grasp left shot4)
18.625: (grasp left shot7)
18.625: (grasp left shot9)
18.625: (grasp right shot9)
18.625: (grasp right shot7)
18.625: (grasp right shot4)
18.633: (grasp left shaker1)
18.634: (grasp right shaker1)
18.634: (grasp left shaker1)
18.634: (grasp left shaker1)
18.634: (grasp right shot7)
18.634: (grasp right shot4)
18.634: (grasp right shot9)
18.634: (grasp left shot4)
18.634: (grasp left shot7)
18.634: (grasp left shot9)
18.640: (grasp left shot1)
18.640: (grasp right shot1)
18.657: (grasp left shot9)
18.657: (grasp left shot4)
18.657: (grasp left shot7)
18.657: (grasp right shot7)
18.657: (grasp right shot4)
18.657: (grasp right shot9)
18.691: (grasp left shot6)
18.691: (grasp left shot3)
18.691: (grasp right shot6)
18.691: (grasp right shot3)
19.255: (grasp left shot6)
19.255: (grasp left shot3)
19.255: (grasp right shot3)
19.255: (grasp right shot6)
19.265: (grasp left shot4)
19.265: (grasp right shot9)
19.265: (grasp right shot7)
19.265: (grasp left shot7)
19.265: (grasp left shot9)
19.265: (grasp right shot4)
19.300: (grasp right shot8)
19.300: (grasp left shot8)
19.310: (grasp left shot11)
19.310: (grasp right shot11)
19.311: (grasp right shot6)
19.311: (grasp right shot3)
19.311: (grasp left shot3)
19.311: (grasp left shot6)
19.326: (grasp right shot9)
19.326: (grasp right shot7)
19.326: (grasp left shot9)
19.326: (grasp right shot4)
19.326: (grasp left shot7)
19.326: (grasp left shot4)
19.335: (leave right shaker1)
19.335: (leave right shaker1)
19.348: (leave right shaker1)
19.348: (leave left shaker1)
19.348: (leave right shaker1)
19.348: (leave left shaker1)
19.348: (grasp left shot5)
19.348: (grasp right shot5)
19.357: (grasp right shot8)
19.357: (grasp left shot8)
19.358: (leave left shaker1)
19.358: (leave right shaker1)
19.359: (leave left shaker1)
19.359: (leave left shaker1)
19.359: (leave right shaker1)
19.359: (leave right shaker1)
19.359: (grasp left shot10)
19.359: (grasp left shot2)
19.359: (grasp right shot10)
19.359: (grasp right shot2)
19.368: (leave left shaker1)
19.368: (leave right shaker1)
19.369: (leave right shaker1)
19.369: (leave right shaker1)
19.369: (leave left shaker1)
19.369: (leave left shaker1)
19.370: (leave right shaker1)
19.370: (leave right shaker1)
19.370: (leave right shaker1)
19.370: (leave left shaker1)
19.370: (leave left shaker1)
19.370: (leave left shaker1)
19.378: (grasp right shot11)
19.378: (grasp left shot11)
19.416: (grasp right shot10)
19.416: (grasp right shot2)
19.416: (grasp left shot10)
19.416: (grasp left shot2)
19.420: (leave left shaker1)
19.420: (leave right shaker1)
19.420: (leave right shaker1)
19.420: (leave left shaker1)
19.424: (grasp right shot5)
19.424: (grasp left shot5)
22.241: (pour-shaker-to-shot cocktail1 shot4 left shaker1 l2 l1)
22.241: (pour-shaker-to-shot cocktail1 shot7 left shaker1 l2 l1)
22.241: (pour-shaker-to-shot cocktail1 shot9 left shaker1 l2 l1)
22.241: (pour-shaker-to-shot cocktail1 shot7 right shaker1 l2 l1)
22.241: (pour-shaker-to-shot cocktail1 shot4 right shaker1 l2 l1)
22.241: (pour-shaker-to-shot cocktail1 shot9 right shaker1 l2 l1)
22.280: (pour-shaker-to-shot cocktail1 shot9 right shaker1 l2 l1)
22.280: (pour-shaker-to-shot cocktail1 shot7 right shaker1 l2 l1)
22.280: (pour-shaker-to-shot cocktail1 shot4 right shaker1 l2 l1)
22.280: (pour-shaker-to-shot cocktail1 shot9 right shaker1 l2 l1)
22.280: (pour-shaker-to-shot cocktail1 shot4 left shaker1 l2 l1)
22.280: (pour-shaker-to-shot cocktail1 shot7 right shaker1 l2 l1)
18.388: (refill-shot shot1 ingredient5 right left dispenser5)
18.388: (refill-shot shot1 ingredient5 left right dispenser5)
18.393: (leave left shot1)
18.393: (leave left shot1)
18.393: (leave right shot1)
18.393: (leave right shot1)
18.393: (leave right shot1)
18.393: (leave left shot1)
18.414: (leave left shot1)
18.414: (leave right shot1)
18.414: (leave right shot1)
18.414: (leave left shot1)
18.454: (leave left shot1)
18.454: (leave left shot1)
18.454: (leave right shot1)
18.454: (leave left shot1)
18.454: (leave right shot1)
18.454: (leave right shot1)
18.470: (leave left shot1)
18.470: (leave left shot1)
18.470: (leave right shot1)
18.470: (leave right shot1)
18.506: (leave left shot1)
18.506: (leave right shot1)
18.511: (leave left shot1)
18.511: (leave right shot1)
18.519: (leave right shot1)
18.519: (leave left shot1)
18.519: (leave left shot1)
18.519: (leave right shot1)
18.570: (leave left shot1)
18.570: (leave right shot1)
18.574: (leave right shot1)
18.575: (leave left shot1)
18.575: (leave right shot1)
18.575: (leave left shot1)
18.583: (leave left shot1)
18.583: (leave right shot1)
19.380: (clean-shot shot1 ingredient5 right left)
19.380: (clean-shot shot1 ingredient5 left right)
20.216: (empty-shot left shot1 ingredient5)
20.216: (empty-shot right shot1 ingredient5)
20.216: (empty-shot right shot1 ingredient5)
20.216: (empty-shot left shot1 ingredient5)
20.216: (empty-shot right shot1 ingredient5)
20.216: (empty-shot left shot1 ingredient5)
20.231: (empty-shot right shot1 ingredient5)
20.231: (empty-shot right shot1 ingredient5)
20.231: (empty-shot left shot1 ingredient5)
20.231: (empty-shot left shot1 ingredient5)
20.233: (grasp left shot1)
20.233: (grasp right shot1)
20.233: (grasp left shot9)
20.233: (grasp left shot7)
20.233: (grasp left shot4)
20.233: (grasp right shot9)
20.233: (grasp right shot4)
20.233: (grasp right shot7)
20.233: (grasp right shot7)
20.233: (grasp left shot4)
20.233: (grasp right shot4)
20.233: (grasp right shot9)
20.233: (grasp left shot7)
20.233: (grasp left shot9)
20.233: (grasp right shot1)
20.233: (grasp left shot1)
20.249: (grasp right shot11)
20.249: (grasp right shot11)
20.269: (grasp left shot11)
20.269: (grasp right shot11)
20.269: (grasp left shot11)
20.269: (grasp right shot11)
20.274: (empty-shot left shot1 ingredient5)
20.274: (empty-shot right shot1 ingredient5)
20.275: (grasp left shot11)
20.275: (grasp left shot11)
20.276: (grasp right shot11)
20.276: (grasp left shot11)
20.276: (grasp right shot11)
20.276: (grasp right shot11)
17.684: (grasp right shaker1)
17.684: (grasp left shaker1)
17.759: (grasp left shaker1)
17.759: (grasp left shaker1)
17.759: (grasp right shaker1)
17.759: (grasp right shaker1)
17.788: (grasp right shaker1)
17.788: (grasp left shaker1)
17.788: (grasp left shaker1)
17.788: (grasp right shaker1)
17.799: (grasp right shaker1)
17.799: (grasp left shaker1)
17.799: (grasp left shaker1)
17.799: (grasp right shaker1)
17.845: (grasp left shaker1)
17.845: (grasp right shaker1)
17.860: (grasp right shaker1)
17.860: (grasp left shaker1)
17.860: (grasp right shaker1)
17.860: (grasp left shaker1)
17.875: (grasp right shaker1)
17.875: (grasp left shaker1)
18.508: (fill-shot shot1 ingredient2 right left dispenser2)
18.509: (fill-shot shot1 ingredient2 left right dispenser2)
18.645: (grasp right shaker1)
18.645: (grasp left shaker1)
19.353: (grasp left shot6)
19.353: (grasp left shot3)
19.353: (grasp right shot3)
19.353: (grasp right shot6)
19.358: (grasp right shot7)
19.358: (grasp right shot9)
19.358: (grasp right shot7)
19.358: (grasp right shot4)
19.358: (grasp right shot9)
19.358: (grasp left shot4)
19.358: (grasp left shot9)
19.358: (grasp left shot7)
19.358: (grasp left shot6)
19.358: (grasp left shot6)
19.358: (grasp left shot3)
19.358: (grasp left shot3)
19.358: (grasp right shot6)
19.358: (grasp right shot3)
19.358: (grasp left shot9)
19.358: (grasp left shot4)
19.358: (grasp right shot4)
19.358: (grasp left shot7)
19.358: (grasp left shot6)
19.358: (grasp right shot6)
19.358: (grasp right shot6)
19.358: (grasp right shot3)
19.358: (grasp right shot3)
19.358: (grasp left shot3)
19.365: (grasp right shot9)
19.365: (grasp right shot7)
19.365: (grasp right shot4)
19.365: (grasp left shot4)
19.365: (grasp left shot9)
19.365: (grasp left shot7)
19.374: (grasp right shot3)
19.374: (grasp left shot6)
19.374: (grasp right shot6)
19.374: (grasp left shot3)
19.395: (grasp right shot8)
19.395: (grasp left shot8)
19.403: (grasp left shot11)
19.403: (grasp left shot11)
19.403: (grasp left shot11)
19.403: (grasp right shot11)
19.403: (grasp right shot11)
19.403: (grasp right shot11)
19.411: (grasp right shot11)
19.411: (grasp left shot11)
19.414: (grasp left shot9)
19.414: (grasp left shot7)
19.414: (grasp left shot4)
19.414: (grasp left shot4)
19.414: (grasp right shot7)
19.414: (grasp right shot4)
17.790: (grasp right shaker1)
17.790: (grasp left shaker1)
18.494: (leave left shot1)
18.494: (leave left shot1)
18.494: (leave right shot1)
18.494: (leave right shot1)
18.494: (leave left shot1)
18.494: (leave right shot1)
18.509: (leave left shot1)
18.509: (leave left shot1)
18.509: (leave right shot1)
18.509: (leave right shot1)
18.606: (leave right shot1)
18.606: (leave left shot1)
18.761: (empty-shot left shot5 ingredient3)
18.761: (empty-shot right shot5 ingredient3)
18.894: (empty-shot left shot8 ingredient5)
18.894: (empty-shot right shot8 ingredient5)
18.908: (empty-shot right shot5 ingredient3)
18.909: (empty-shot left shot5 ingredient3)
18.956: (empty-shot right shot8 ingredient5)
18.956: (empty-shot left shot8 ingredient5)
19.403: (empty-shot right shot11 ingredient4)
19.403: (empty-shot left shot11 ingredient4)
19.403: (empty-shot left shot11 ingredient4)
19.403: (empty-shot right shot11 ingredient4)
19.403: (empty-shot right shot11 ingredient4)
19.403: (empty-shot left shot11 ingredient4)
19.439: (grasp left shot4)
19.439: (grasp left shot7)
19.439: (grasp left shot9)
19.439: (grasp right shot7)
19.439: (grasp right shot4)
19.439: (grasp right shot9)
19.470: (grasp right shot6)
19.470: (grasp right shot3)
19.470: (grasp left shot6)
19.470: (grasp left shot3)
19.528: (grasp left shot11)
19.529: (grasp right shot11)
19.543: (empty-shot right shot1 ingredient2)
19.543: (empty-shot left shot1 ingredient2)
19.566: (grasp right shot5)
19.566: (grasp left shot5)
19.575: (grasp left shot10)
19.575: (grasp right shot2)
19.575: (grasp left shot2)
19.576: (grasp right shot10)
19.630: (grasp right shot8)
19.630: (grasp left shot8)
20.321: (empty-shot left shot1 ingredient5)
20.321: (empty-shot left shot1 ingredient5)
20.321: (empty-shot left shot1 ingredient5)
20.321: (empty-shot right shot1 ingredient5)
20.321: (empty-shot right shot1 ingredient5)
20.321: (empty-shot right shot1 ingredient5)
20.332: (empty-shot left shot1 ingredient5)
20.332: (empty-shot right shot1 ingredient5)
20.332: (empty-shot right shot1 ingredient5)
20.332: (empty-shot left shot1 ingredient5)
20.389: (empty-shot left shot1 ingredient5)
20.390: (empty-shot right shot1 ingredient5)
20.411: (empty-shot right shot1 ingredient5)
20.411: (empty-shot left shot1 ingredient5)
20.500: (empty-shot right shot8 ingredient5)
20.500: (empty-shot left shot8 ingredient5)
21.356: (pour-shaker-to-shot cocktail1 shot7 right shaker1 l2 l1)
21.356: (pour-shaker-to-shot cocktail1 shot4 right shaker1 l2 l1)
21.356: (pour-shaker-to-shot cocktail1 shot9 right shaker1 l2 l1)
21.356: (pour-shaker-to-shot cocktail1 shot9 right shaker1 l2 l1)
21.356: (pour-shaker-to-shot cocktail1 shot4 right shaker1 l2 l1)
21.356: (pour-shaker-to-shot cocktail1 shot7 right shaker1 l2 l1)
21.356: (pour-shaker-to-shot cocktail1 shot4 left shaker1 l2 l1)
21.356: (pour-shaker-to-shot cocktail1 shot7 left shaker1 l2 l1)
21.356: (pour-shaker-to-shot cocktail1 shot9 left shaker1 l2 l1)
21.356: (pour-shaker-to-shot cocktail1 shot9 left shaker1 l2 l1)
21.356: (pour-shaker-to-shot cocktail1 shot4 left shaker1 l2 l1)
21.356: (pour-shaker-to-shot cocktail1 shot7 left shaker1 l2 l1)
21.359: (pour-shaker-to-shot cocktail1 shot9 right shaker1 l2 l1)
21.359: (pour-shaker-to-shot cocktail1 shot4 left shaker1 l2 l1)
17.720: (grasp right shaker1)
17.720: (grasp left shaker1)
17.720: (grasp right shaker1)
17.720: (grasp left shaker1)
17.721: (grasp right shaker1)
17.721: (grasp left shaker1)
17.813: (grasp left shaker1)
17.814: (grasp left shaker1)
17.814: (grasp right shaker1)
17.814: (grasp right shaker1)
17.886: (grasp right shaker1)
17.886: (grasp left shaker1)
18.358: (leave right shot1)
18.358: (leave left shot1)
18.358: (leave right shot1)
18.358: (leave right shot1)
18.358: (leave left shot1)
18.358: (leave left shot1)
18.482: (leave left shot1)
18.482: (leave left shot1)
18.482: (leave right shot1)
18.482: (leave right shot1)
18.550: (leave right shot1)
18.550: (leave left shot1)
18.576: (leave left shot1)
18.576: (leave right shot1)
18.580: (leave right shot1)
18.580: (leave left shot1)
18.580: (leave right shot1)
18.580: (leave left shot1)
18.596: (leave right shot1)
18.596: (leave left shot1)
18.812: (grasp left shaker1)
18.812: (grasp right shaker1)
18.813: (empty-shot right shot1 ingredient2)
18.813: (empty-shot left shot1 ingredient2)
19.457: (grasp right shot4)
19.457: (grasp right shot9)
19.457: (grasp right shot7)
19.457: (grasp right shot4)
19.457: (grasp right shot7)
19.457: (grasp right shot9)
19.457: (grasp left shot9)
19.457: (grasp left shot7)
19.457: (grasp left shot9)
19.457: (grasp left shot7)
19.457: (grasp left shot4)
19.457: (grasp left shot4)
19.457: (grasp left shot6)
19.457: (grasp left shot3)
19.457: (grasp right shot3)
19.457: (grasp right shot6)
19.457: (grasp right shot3)
19.457: (grasp left shot3)
19.457: (grasp left shot6)
19.457: (grasp left shot3)
19.457: (grasp left shot6)
19.457: (grasp right shot6)
19.457: (grasp right shot3)
19.457: (grasp right shot6)
19.474: (grasp right shot6)
19.474: (grasp right shot3)
19.475: (grasp left shot6)
19.475: (grasp left shot3)
19.479: (leave right shaker1)
19.479: (leave left shaker1)
19.514: (leave left shot1)
19.514: (leave left shot1)
19.514: (leave right shot1)
19.514: (leave right shot1)
19.515: (grasp left shot11)
19.515: (grasp left shot11)
19.515: (grasp right shot11)
19.515: (grasp right shot11)
19.515: (grasp left shot11)
19.515: (grasp right shot11)
19.517: (grasp right shot9)
19.517: (grasp right shot4)
19.517: (grasp left shot4)
19.517: (grasp left shot7)
17.809: (grasp left shaker1)
17.809: (grasp left shaker1)
17.809: (grasp right shaker1)
17.809: (grasp right shaker1)
17.847: (grasp right shaker1)
17.847: (grasp left shaker1)
17.849: (leave left shot1)
17.849: (leave right shot1)
17.892: (grasp right shaker1)
17.893: (grasp left shaker1)
17.893: (grasp right shaker1)
17.893: (grasp left shaker1)
17.902: (grasp right shaker1)
17.902: (grasp left shaker1)
17.909: (grasp right shaker1)
17.910: (grasp left shaker1)
18.789: (grasp right shaker1)
18.789: (grasp right shaker1)
18.790: (grasp left shaker1)
18.790: (grasp left shaker1)
19.005: (empty-shot left shot8 ingredient5)
19.005: (empty-shot right shot8 ingredient5)
19.320: (grasp right shot6)
19.320: (grasp right shot3)
19.320: (grasp right shot3)
19.320: (grasp left shot3)
19.320: (grasp left shot6)
19.320: (grasp left shot4)
19.320: (grasp left shot4)
19.320: (grasp left shot6)
19.320: (grasp left shot3)
19.320: (grasp right shot7)
19.320: (grasp right shot9)
19.320: (grasp left shot7)
19.320: (grasp right shot4)
19.320: (grasp right shot6)
19.320: (grasp left shot9)
19.320: (grasp left shot9)
19.320: (grasp left shot7)
19.320: (grasp right shot3)
19.320: (grasp left shot6)
19.320: (grasp left shot3)
19.320: (grasp right shot6)
19.321: (grasp right shot7)
19.321: (grasp right shot4)
19.321: (grasp right shot9)
19.369: (grasp right shot9)
19.369: (grasp left shot9)
19.369: (grasp left shot7)
19.369: (grasp right shot7)
19.369: (grasp right shot4)
19.369: (grasp left shot4)
19.377: (grasp right shot11)
19.377: (grasp left shot11)
19.378: (grasp left shot11)
19.378: (grasp right shot11)
19.378: (grasp right shot11)
19.378: (grasp left shot11)
19.415: (grasp left shot5)
19.415: (grasp left shot5)
19.415: (grasp right shot5)
19.416: (grasp right shot5)
19.416: (grasp left shot5)
19.416: (grasp right shot5)
19.416: (grasp left shot4)
19.416: (grasp right shot9)
19.416: (grasp right shot4)
19.416: (grasp left shot9)
19.416: (grasp left shot7)
19.416: (grasp right shot7)
19.425: (grasp right shot9)
19.425: (grasp right shot7)
19.425: (grasp left shot4)
19.425: (grasp right shot4)
19.425: (grasp left shot9)
19.425: (grasp left shot7)
19.425: (grasp left shot4)
19.426: (grasp left shot9)
19.426: (grasp left shot7)
19.426: (grasp right shot9)
18.637: (grasp left shot7)
18.637: (grasp left shot4)
18.637: (grasp left shot9)
18.637: (grasp right shot7)
18.637: (grasp right shot4)
18.637: (grasp right shot9)
18.638: (grasp left shaker1)
18.638: (grasp right shaker1)
18.638: (grasp right shaker1)
18.638: (grasp left shaker1)
18.638: (grasp left shaker1)
18.638: (grasp right shaker1)
18.821: (grasp left shot3)
18.821: (grasp left shot6)
18.821: (grasp right shot6)
18.822: (grasp right shot3)
18.884: (grasp left shot11)
18.884: (grasp right shot11)
18.885: (empty-shot right shot5 ingredient3)
18.885: (empty-shot left shot5 ingredient3)
18.916: (grasp left shot5)
18.916: (grasp right shot5)
18.916: (grasp left shot10)
18.916: (grasp right shot10)
18.917: (grasp right shot2)
18.917: (grasp left shot2)
18.968: (grasp left shot8)
18.968: (grasp right shot8)
19.251: (empty-shot right shot8 ingredient5)
19.251: (empty-shot left shot8 ingredient5)
19.631: (leave left shaker1)
19.631: (leave right shaker1)
19.974: (leave right shot8)
19.974: (leave left shot8)
20.332: (grasp right shot6)
20.332: (grasp right shot6)
20.332: (grasp right shot3)
20.332: (grasp left shot6)
20.332: (grasp left shot6)
20.332: (grasp left shot3)
20.332: (grasp left shot3)
20.332: (grasp left shot3)
20.332: (grasp left shot6)
20.332: (grasp right shot3)
20.333: (grasp right shot6)
20.333: (grasp right shot3)
20.389: (grasp right shot11)
20.389: (grasp left shot11)
20.390: (grasp left shot11)
20.390: (grasp right shot11)
20.390: (grasp right shot11)
20.390: (grasp left shot11)
20.400: (empty-shot right shot5 ingredient3)
20.400: (empty-shot left shot5 ingredient3)
20.400: (empty-shot right shot5 ingredient3)
20.400: (empty-shot left shot5 ingredient3)
20.400: (empty-shot right shot5 ingredient3)
20.400: (empty-shot left shot5 ingredient3)
20.427: (grasp left shot5)
20.427: (grasp left shot5)
20.427: (grasp right shot5)
20.428: (grasp right shot5)
20.428: (grasp left shot5)
20.428: (grasp right shot5)
20.438: (grasp right shot2)
20.438: (grasp left shot2)
20.438: (grasp left shot10)
20.438: (grasp left shot10)
20.438: (grasp left shot2)
20.438: (grasp right shot10)
20.438: (grasp right shot2)
20.439: (grasp right shot10)
20.439: (grasp left shot2)
20.439: (grasp left shot10)
20.439: (grasp right shot2)
20.439: (grasp right shot10)
20.450: (grasp left shot7)
20.450: (grasp left shot9)
20.450: (grasp left shot9)
20.450: (grasp left shot4)
19.341: (leave right shot8)
19.341: (leave left shot8)
19.515: (leave left shaker1)
19.515: (leave left shaker1)
19.515: (leave left shot4)
19.515: (leave right shot7)
19.515: (leave right shot7)
19.515: (leave right shot9)
19.515: (leave right shot4)
19.515: (leave right shot4)
19.515: (leave left shot4)
19.515: (leave left shot9)
19.515: (leave left shot9)
19.515: (leave right shot9)
19.515: (leave left shot7)
19.515: (leave left shot7)
19.515: (leave right shaker1)
19.515: (leave right shaker1)
19.560: (leave right shot9)
19.560: (leave left shot7)
19.560: (leave right shot7)
19.560: (leave left shot4)
19.560: (leave left shot9)
19.560: (leave right shot4)
19.560: (leave left shaker1)
19.560: (leave right shaker1)
19.572: (leave left shot7)
19.572: (leave left shot9)
19.572: (leave right shot9)
19.573: (leave right shot7)
19.573: (leave right shot4)
19.573: (leave left shot4)
19.573: (leave right shaker1)
19.573: (leave left shaker1)
19.609: (leave left shot4)
19.609: (leave right shot9)
19.609: (leave left shot7)
19.609: (leave left shot9)
19.609: (leave right shot7)
19.609: (leave right shot4)
19.610: (leave left shaker1)
19.610: (leave right shaker1)
19.618: (leave left shot4)
19.618: (leave right shot4)
19.618: (leave right shot4)
19.618: (leave right shot7)
19.618: (leave right shot7)
19.618: (leave left shot9)
19.618: (leave right shot9)
19.618: (leave left shot7)
19.618: (leave right shot9)
19.618: (leave left shot7)
19.618: (leave left shot4)
19.618: (leave left shot9)
19.619: (leave left shaker1)
19.619: (leave left shaker1)
19.619: (leave right shaker1)
19.619: (leave right shaker1)
19.642: (clean-shot shot8 ingredient5 right left)
19.642: (clean-shot shot8 ingredient5 left right)
19.679: (leave left shaker1)
19.679: (leave right shaker1)
19.763: (leave right shaker1)
19.763: (leave left shaker1)
19.883: (leave left shot5)
19.883: (leave right shot5)
19.899: (empty-shot right shot5 ingredient3)
19.899: (empty-shot left shot5 ingredient3)
20.160: (empty-shot right shot8 ingredient5)
20.160: (empty-shot left shot8 ingredient5)
20.505: (grasp left shot4)
20.505: (grasp left shot9)
20.505: (grasp left shot7)
20.505: (grasp right shot4)
20.505: (grasp right shot9)
20.505: (grasp right shot7)
20.527: (grasp left shot9)
20.529: (grasp left shot7)
20.529: (grasp left shot4)
20.529: (grasp right shot4)
19.023: (grasp right shaker1)
19.024: (grasp left shaker1)
19.473: (fill-shot shot11 ingredient4 right left dispenser4)
19.473: (fill-shot shot11 ingredient4 left right dispenser4)
19.541: (fill-shot shot11 ingredient3 right left dispenser3)
19.542: (fill-shot shot11 ingredient3 left right dispenser3)
19.571: (clean-shot shot5 ingredient3 right left)
19.571: (clean-shot shot5 ingredient3 left right)
19.590: (fill-shot shot11 ingredient2 right left dispenser2)
19.590: (fill-shot shot11 ingredient2 left right dispenser2)
19.642: (fill-shot shot11 ingredient6 right left dispenser6)
19.643: (fill-shot shot11 ingredient6 left right dispenser6)
19.736: (fill-shot shot11 ingredient5 right left dispenser5)
19.736: (fill-shot shot11 ingredient5 left right dispenser5)
19.813: (fill-shot shot11 ingredient1 right left dispenser1)
19.813: (fill-shot shot11 ingredient1 left right dispenser1)
19.815: (clean-shot shot8 ingredient5 right left)
19.815: (clean-shot shot8 ingredient5 left right)
19.884: (leave left shot8)
19.884: (leave right shot8)
19.885: (leave left shaker1)
19.885: (leave right shaker1)
19.974: (grasp left shot7)
19.974: (grasp left shot4)
19.974: (grasp left shot9)
19.974: (grasp right shot7)
19.974: (grasp right shot4)
19.974: (grasp right shot9)
20.284: (leave right shot8)
20.285: (leave left shot8)
20.310: (grasp left shot1)
20.310: (grasp right shot1)
20.362: (grasp left shot3)
20.362: (grasp left shot6)
20.362: (grasp right shot3)
20.362: (grasp right shot6)
20.407: (grasp left shot2)
20.407: (grasp left shot10)
20.407: (grasp right shot10)
20.407: (grasp right shot2)
20.415: (grasp left shot11)
20.415: (grasp right shot11)
20.425: (grasp right shot1)
20.426: (grasp left shot1)
20.436: (grasp left shot5)
20.436: (grasp right shot5)
20.479: (grasp right shot6)
20.479: (grasp right shot3)
20.479: (grasp left shot6)
20.480: (grasp left shot3)
20.505: (grasp left shot7)
20.505: (grasp left shot4)
20.505: (grasp left shot9)
20.505: (grasp right shot9)
20.505: (grasp right shot7)
20.505: (grasp right shot4)
20.506: (grasp right shot1)
20.506: (grasp left shot1)
20.506: (grasp left shot1)
20.506: (grasp right shot1)
20.524: (grasp left shot6)
20.524: (grasp left shot3)
20.524: (grasp right shot6)
20.524: (grasp right shot3)
20.539: (grasp right shot11)
20.539: (grasp left shot3)
20.539: (grasp left shot6)
20.540: (grasp right shot11)
20.540: (grasp left shot11)
20.540: (grasp right shot3)
20.540: (grasp right shot6)
20.540: (grasp left shot11)
20.547: (grasp right shot7)
20.547: (grasp right shot9)
20.547: (grasp right shot4)
20.547: (grasp left shot4)
20.548: (grasp left shot7)
20.548: (grasp left shot9)
20.549: (grasp left shot1)
20.549: (grasp right shot1)
18.456: (leave left shot11)
18.456: (leave right shot11)
18.512: (leave left shot11)
18.513: (leave right shot11)
18.553: (leave left shot11)
18.553: (leave right shot11)
18.600: (leave right shot11)
18.600: (leave left shot11)
18.620: (leave right shot11)
18.620: (leave left shot11)
18.729: (leave right shot11)
18.729: (leave left shot11)
18.761: (grasp left shaker1)
18.761: (grasp right shaker1)
18.827: (grasp right shaker1)
18.827: (grasp left shaker1)
18.877: (grasp left shaker1)
18.877: (grasp right shaker1)
18.945: (grasp right shaker1)
18.945: (grasp left shaker1)
18.998: (grasp right shaker1)
18.998: (grasp left shaker1)
19.100: (grasp left shaker1)
19.100: (grasp right shaker1)
19.186: (grasp right shaker1)
19.186: (grasp left shaker1)
19.280: (grasp left shaker1)
19.280: (grasp right shaker1)
19.471: (empty-shot left shot11 ingredient4)
19.471: (empty-shot right shot11 ingredient4)
19.495: (empty-shot left shot11 ingredient3)
19.495: (empty-shot right shot11 ingredient3)
19.534: (empty-shot right shot11 ingredient5)
19.534: (empty-shot left shot11 ingredient5)
19.539: (empty-shot right shot11 ingredient2)
19.539: (empty-shot left shot11 ingredient2)
19.602: (empty-shot right shot11 ingredient6)
19.602: (empty-shot left shot11 ingredient6)
19.905: (grasp left shot1)
19.905: (grasp right shot1)
19.934: (empty-shot right shot11 ingredient1)
19.935: (empty-shot left shot11 ingredient1)
19.951: (grasp left shot1)
19.951: (grasp right shot1)
20.070: (leave right shot8)
20.070: (leave left shot8)
20.075: (leave left shot8)
20.075: (leave right shot8)
20.280: (grasp right shot9)
20.280: (grasp right shot7)
20.280: (grasp right shot4)
20.280: (grasp left shot4)
20.280: (grasp left shot9)
20.280: (grasp left shot7)
20.352: (grasp left shot4)
20.352: (grasp left shot9)
20.352: (grasp left shot7)
20.352: (grasp right shot7)
20.352: (grasp right shot9)
20.352: (grasp right shot4)
20.407: (grasp left shot9)
20.408: (grasp left shot7)
20.408: (grasp left shot4)
20.408: (grasp right shot4)
20.408: (grasp right shot7)
20.408: (grasp right shot9)
20.416: (grasp left shot4)
20.416: (grasp left shot7)
20.416: (grasp left shot9)
20.416: (grasp right shot4)
20.416: (grasp right shot7)
20.416: (grasp right shot9)
20.438: (grasp left shot3)
20.438: (grasp right shot6)
20.438: (grasp left shot6)
20.438: (grasp right shot3)
20.438: (grasp right shot4)
20.439: (grasp left shot4)
20.439: (grasp left shot7)
20.439: (grasp left shot9)
17.740: (leave left shot11)
17.740: (leave right shot11)
17.740: (grasp right shaker1)
17.740: (grasp left shaker1)
17.801: (leave right shot11)
17.801: (leave left shot11)
17.801: (grasp left shaker1)
17.801: (grasp right shaker1)
17.860: (grasp left shaker1)
17.860: (grasp right shaker1)
17.861: (leave left shot11)
17.861: (leave right shot11)
17.920: (leave right shot11)
17.920: (grasp left shaker1)
17.920: (grasp right shaker1)
17.921: (leave left shot11)
17.953: (leave left shot11)
17.953: (leave right shot11)
17.953: (grasp left shaker1)
17.954: (grasp right shaker1)
18.125: (leave right shot11)
18.125: (leave left shot11)
18.126: (grasp left shaker1)
18.126: (grasp right shaker1)
18.537: (leave right shot11)
18.537: (leave left shot11)
18.560: (leave right shot11)
18.560: (leave left shot11)
18.567: (leave right shot11)
18.567: (leave left shot11)
18.568: (leave left shot11)
18.569: (leave right shot11)
18.577: (leave right shot11)
18.577: (leave left shot11)
18.611: (leave left shot11)
18.611: (leave right shot11)
18.755: (empty-shot right shot11 ingredient4)
18.755: (empty-shot left shot11 ingredient4)
18.756: (grasp right shaker1)
18.756: (grasp left shaker1)
18.780: (empty-shot right shot11 ingredient3)
18.780: (grasp right shaker1)
18.780: (empty-shot left shot11 ingredient3)
18.781: (grasp left shaker1)
18.835: (grasp left shaker1)
18.835: (grasp right shaker1)
18.836: (empty-shot left shot11 ingredient2)
18.836: (empty-shot right shot11 ingredient2)
18.923: (grasp left shaker1)
18.923: (grasp right shaker1)
18.923: (empty-shot left shot11 ingredient5)
18.923: (empty-shot right shot11 ingredient5)
18.933: (empty-shot left shot11 ingredient6)
18.933: (empty-shot right shot11 ingredient6)
18.933: (grasp right shaker1)
18.933: (grasp left shaker1)
19.216: (empty-shot left shot11 ingredient1)
19.216: (empty-shot right shot11 ingredient1)
19.217: (grasp left shaker1)
19.217: (grasp right shaker1)
19.267: (leave left shot11)
19.267: (leave left shot11)
19.267: (leave left shot11)
19.267: (leave right shot11)
19.267: (leave right shot11)
19.267: (leave right shot11)
19.269: (grasp right shot4)
19.270: (grasp left shot4)
19.270: (grasp left shot9)
19.270: (grasp left shot7)
19.270: (grasp right shot7)
19.270: (grasp right shot9)
19.299: (leave right shot11)
19.299: (leave left shot11)
19.299: (grasp right shot1)
19.299: (grasp left shot1)
19.327: (leave left shot11)
19.327: (leave right shot11)
19.327: (leave right shot11)
19.327: (leave left shot11)
17.838: (grasp left shaker1)
17.838: (grasp right shaker1)
17.840: (leave right shot11)
17.840: (leave left shot11)
17.866: (grasp right shaker1)
17.866: (grasp left shaker1)
17.868: (leave right shot11)
17.868: (leave left shot11)
17.879: (leave right shot11)
17.879: (grasp right shaker1)
17.879: (grasp left shaker1)
17.879: (leave left shot11)
17.902: (grasp left shaker1)
17.902: (grasp right shaker1)
17.902: (leave left shot11)
17.902: (leave right shot11)
17.919: (grasp right shaker1)
17.919: (grasp left shaker1)
17.920: (leave left shot11)
17.920: (leave right shot11)
18.517: (refill-shot shot1 ingredient2 right left dispenser2)
18.517: (refill-shot shot1 ingredient2 left right dispenser2)
18.539: (grasp right shaker1)
18.539: (grasp right shaker1)
18.541: (grasp right shot9)
18.541: (grasp left shot4)
18.541: (grasp right shot4)
18.541: (grasp right shot7)
18.541: (grasp left shot7)
18.541: (grasp left shot9)
18.541: (grasp left shaker1)
18.541: (grasp left shaker1)
18.541: (grasp right shaker1)
18.541: (grasp left shaker1)
18.563: (grasp right shot1)
18.564: (grasp left shot1)
18.564: (grasp right shaker1)
18.566: (grasp left shaker1)
18.594: (grasp left shaker1)
18.596: (grasp left shaker1)
18.596: (grasp right shaker1)
18.596: (grasp right shaker1)
18.599: (grasp right shot4)
18.599: (grasp left shot4)
18.599: (grasp right shot9)
18.599: (grasp right shot7)
18.599: (grasp left shot7)
18.599: (grasp left shot9)
18.662: (grasp right shot7)
18.662: (grasp right shot9)
18.662: (grasp left shot4)
18.662: (grasp right shot4)
18.662: (grasp left shot7)
18.663: (grasp left shot9)
18.664: (grasp right shot9)
18.664: (grasp right shot7)
18.664: (grasp right shot4)
18.664: (grasp left shot9)
18.664: (grasp left shot4)
18.664: (grasp left shot7)
18.704: (grasp left shot6)
18.704: (grasp left shot3)
18.704: (grasp right shot3)
18.705: (grasp right shot6)
18.705: (grasp left shot1)
18.705: (grasp right shot1)
18.717: (grasp left shot1)
18.717: (grasp right shot1)
18.768: (grasp right shot3)
18.768: (grasp right shot6)
18.768: (grasp left shot6)
18.768: (grasp left shot3)
18.775: (grasp left shot1)
18.775: (grasp right shot1)
18.797: (grasp left shot5)
18.797: (grasp right shot5)
18.809: (grasp left shot10)
18.809: (grasp left shot2)
18.809: (grasp right shot2)
18.809: (grasp right shot10)
18.624: (grasp left shot9)
18.624: (grasp left shot4)
18.624: (grasp left shot7)
18.624: (grasp right shot7)
18.624: (grasp right shot4)
18.624: (grasp right shot9)
18.645: (grasp right shot4)
18.645: (grasp left shot7)
18.645: (grasp left shot4)
18.645: (grasp left shot9)
18.645: (grasp right shot7)
18.645: (grasp right shot9)
18.645: (grasp left shot4)
18.646: (grasp left shot9)
18.646: (grasp left shot7)
18.646: (grasp right shot4)
18.646: (grasp right shot7)
18.646: (grasp right shot9)
18.722: (grasp right shot7)
18.722: (grasp right shot9)
18.722: (grasp left shot4)
18.722: (grasp left shot7)
18.722: (grasp right shot4)
18.722: (grasp left shot9)
18.743: (grasp right shot9)
18.744: (grasp right shot7)
18.744: (grasp right shot4)
18.744: (grasp left shot4)
18.744: (grasp left shot9)
18.744: (grasp left shot7)
18.799: (grasp left shot1)
18.799: (grasp right shot1)
18.799: (grasp left shot1)
18.799: (grasp right shot1)
18.814: (grasp right shot6)
18.815: (grasp left shot6)
18.815: (grasp right shot3)
18.815: (grasp left shot3)
18.821: (grasp right shot1)
18.821: (grasp left shot1)
18.822: (grasp left shot1)
18.822: (grasp right shot1)
18.844: (grasp left shot6)
18.844: (grasp left shot3)
18.844: (grasp right shot6)
18.844: (grasp right shot3)
18.861: (grasp right shot3)
18.861: (grasp right shot6)
18.861: (grasp left shot6)
18.861: (grasp left shot3)
18.864: (grasp left shot1)
18.864: (grasp right shot1)
18.891: (grasp right shot3)
18.891: (grasp right shot6)
18.891: (grasp left shot6)
18.891: (grasp left shot3)
18.900: (grasp left shot3)
18.900: (grasp right shot3)
18.900: (grasp left shot6)
18.900: (grasp right shot6)
18.907: (grasp right shot10)
18.907: (grasp left shot2)
18.907: (grasp right shot2)
18.907: (grasp left shot10)
18.908: (grasp right shot5)
18.908: (grasp left shot5)
18.935: (grasp right shot2)
18.935: (grasp right shot10)
18.935: (grasp left shot10)
18.935: (grasp left shot2)
18.946: (grasp right shot10)
18.946: (grasp right shot2)
18.946: (grasp left shot2)
18.946: (grasp left shot10)
18.951: (grasp right shot5)
18.951: (grasp left shot5)
18.954: (grasp right shot5)
18.955: (grasp left shot5)
18.958: (grasp left shot8)
18.958: (grasp right shot8)
19.356: (leave right shaker1)
19.356: (leave right shaker1)
19.356: (leave left shaker1)
19.356: (leave right shaker1)
19.356: (leave left shaker1)
19.356: (leave left shaker1)
19.378: (leave left shaker1)
19.378: (leave right shaker1)
19.378: (leave right shaker1)
19.378: (leave right shaker1)
19.378: (leave left shaker1)
19.378: (leave left shaker1)
19.379: (leave left shaker1)
19.379: (leave left shaker1)
19.379: (leave right shaker1)
19.379: (leave left shaker1)
19.379: (leave right shaker1)
19.379: (leave right shaker1)
19.475: (leave right shaker1)
19.475: (leave right shaker1)
19.475: (leave left shaker1)
19.475: (leave right shaker1)
19.475: (leave left shaker1)
19.475: (leave left shaker1)
19.503: (leave right shaker1)
19.503: (leave left shaker1)
19.503: (leave left shaker1)
19.503: (leave right shaker1)
19.514: (leave right shaker1)
19.514: (leave right shaker1)
19.514: (leave right shaker1)
19.514: (leave left shaker1)
19.514: (leave left shaker1)
19.514: (leave left shaker1)
19.525: (leave left shaker1)
19.525: (leave right shaker1)
19.525: (leave right shaker1)
19.525: (leave left shaker1)
19.529: (leave left shaker1)
19.530: (leave right shaker1)
19.533: (leave left shaker1)
19.533: (leave right shaker1)
19.535: (leave right shaker1)
19.535: (leave left shaker1)
19.535: (leave right shaker1)
19.535: (leave left shaker1)
19.541: (leave right shaker1)
19.541: (leave left shaker1)
19.541: (leave right shaker1)
19.541: (leave left shaker1)
19.552: (leave left shaker1)
19.552: (leave right shaker1)
19.552: (leave left shaker1)
19.552: (leave right shaker1)
19.579: (leave left shaker1)
19.579: (leave right shaker1)
19.579: (leave left shaker1)
19.579: (leave right shaker1)
19.585: (leave right shaker1)
19.585: (leave left shaker1)
19.598: (leave right shaker1)
19.598: (leave left shaker1)
19.605: (leave right shaker1)
19.605: (leave left shaker1)
19.605: (leave right shaker1)
19.605: (leave left shaker1)
19.628: (leave left shaker1)
19.628: (leave right shaker1)
19.628: (leave right shaker1)
19.628: (leave left shaker1)
19.629: (leave right shaker1)
19.629: (leave left shaker1)
19.631: (leave left shaker1)
19.631: (leave right shaker1)
19.633: (leave left shaker1)
19.633: (leave right shaker1)
19.633: (leave left shaker1)
19.635: (leave right shaker1)
19.665: (leave left shaker1)
19.665: (leave right shaker1)
18.420: (clean-shot shot1 ingredient2 left right)
18.420: (clean-shot shot1 ingredient2 right left)
18.537: (refill-shot shot1 ingredient2 left right dispenser2)
18.537: (refill-shot shot1 ingredient2 right left dispenser2)
18.563: (refill-shot shot1 ingredient2 left right dispenser2)
18.563: (refill-shot shot1 ingredient2 right left dispenser2)
19.396: (clean-shot shot1 ingredient2 right left)
19.397: (clean-shot shot1 ingredient2 left right)
19.420: (clean-shot shot1 ingredient2 left right)
19.420: (clean-shot shot1 ingredient2 right left)
20.280: (grasp left shot11)
20.280: (grasp left shot11)
20.280: (grasp right shot11)
20.280: (grasp left shot11)
20.280: (grasp right shot11)
20.280: (grasp right shot11)
20.305: (grasp right shot11)
20.305: (grasp left shot11)
20.305: (grasp left shot11)
20.305: (grasp right shot11)
20.305: (grasp right shot11)
20.306: (grasp left shot11)
20.317: (grasp right shot7)
20.317: (grasp right shot9)
20.319: (grasp left shot3)
20.319: (grasp left shot6)
20.319: (grasp right shot3)
20.319: (grasp right shot6)
20.319: (grasp left shot3)
20.319: (grasp left shot3)
20.319: (grasp right shot3)
20.319: (grasp right shot6)
20.319: (grasp left shot6)
20.319: (grasp left shot6)
20.319: (grasp right shot6)
20.319: (grasp right shot3)
20.319: (grasp right shot4)
20.320: (grasp right shot4)
20.320: (grasp left shot9)
20.320: (grasp left shot7)
20.320: (grasp right shot7)
20.320: (grasp left shot4)
20.320: (grasp left shot9)
20.320: (grasp left shot7)
20.320: (grasp left shot4)
20.320: (grasp right shot9)
20.339: (grasp right shot9)
20.339: (grasp right shot7)
20.339: (grasp left shot7)
20.339: (grasp right shot4)
20.339: (grasp left shot4)
20.339: (grasp left shot9)
20.339: (grasp left shot4)
20.339: (grasp left shot9)
20.339: (grasp left shot7)
20.339: (grasp right shot9)
20.339: (grasp right shot4)
20.339: (grasp right shot7)
20.339: (grasp right shot6)
20.339: (grasp right shot3)
20.339: (grasp left shot6)
20.339: (grasp left shot3)
20.339: (grasp left shot6)
20.339: (grasp left shot3)
20.339: (grasp right shot3)
20.339: (grasp right shot6)
20.339: (grasp right shot6)
20.339: (grasp right shot3)
20.340: (grasp right shot4)
20.340: (grasp left shot6)
20.340: (grasp left shot3)
20.340: (grasp right shot4)
20.340: (grasp right shot7)
20.340: (grasp left shot9)
20.340: (grasp left shot7)
20.340: (grasp left shot4)
20.340: (grasp right shot9)
20.340: (grasp right shot7)
20.340: (grasp right shot9)
20.340: (grasp left shot3)
17.467: (leave left shot1)
17.467: (leave right shot1)
17.514: (leave left shot1)
17.514: (leave right shot1)
17.571: (leave right shot1)
17.571: (leave left shot1)
17.663: (grasp left shaker1)
17.663: (grasp right shaker1)
17.847: (grasp right shaker1)
17.847: (grasp left shaker1)
17.858: (grasp left shaker1)
17.858: (grasp right shaker1)
18.400: (leave left shot1)
18.400: (leave right shot1)
18.408: (leave left shot1)
18.408: (leave right shot1)
18.654: (grasp right shaker1)
18.654: (grasp left shaker1)
18.713: (grasp right shaker1)
18.713: (grasp left shaker1)
19.385: (grasp left shot3)
19.385: (grasp left shot6)
19.385: (grasp right shot3)
19.385: (grasp right shot6)
19.442: (grasp right shot11)
19.442: (grasp left shot11)
19.460: (grasp left shot7)
19.460: (grasp left shot9)
19.460: (grasp right shot4)
19.460: (grasp right shot9)
19.460: (grasp right shot7)
19.460: (grasp left shot4)
19.480: (grasp left shot5)
19.480: (grasp right shot5)
19.488: (grasp left shot10)
19.488: (grasp left shot2)
19.488: (grasp right shot2)
19.488: (grasp right shot10)
19.504: (grasp right shot3)
19.504: (grasp right shot6)
19.504: (grasp left shot6)
19.504: (grasp left shot3)
19.516: (grasp right shot7)
19.516: (grasp right shot4)
19.516: (grasp right shot9)
19.516: (grasp left shot9)
19.516: (grasp left shot7)
19.516: (grasp left shot4)
19.530: (grasp left shot3)
19.530: (grasp left shot6)
19.530: (grasp right shot6)
19.530: (grasp right shot3)
19.554: (grasp left shot11)
19.554: (grasp right shot11)
19.556: (grasp right shot7)
19.556: (grasp right shot9)
19.556: (grasp right shot4)
19.556: (grasp left shot4)
19.556: (grasp left shot7)
19.556: (grasp left shot9)
19.599: (grasp right shot5)
19.599: (grasp left shot5)
19.604: (grasp right shot10)
19.604: (grasp right shot2)
19.604: (grasp left shot2)
19.604: (grasp left shot10)
19.625: (grasp left shot5)
19.625: (grasp right shot5)
19.630: (grasp left shot8)
19.631: (grasp right shot8)
19.632: (grasp right shot2)
19.632: (grasp right shot10)
19.632: (grasp left shot2)
19.632: (grasp left shot10)
19.637: (grasp right shot8)
19.637: (grasp left shot8)
19.641: (grasp right shot8)
19.641: (grasp left shot8)
19.861: (grasp right shot11)
19.861: (grasp left shot11)
16.716: (grasp right shaker1)
16.716: (grasp left shaker1)
16.716: (leave right shot1)
16.717: (leave left shot1)
16.855: (grasp right shaker1)
16.855: (leave left shot1)
16.855: (leave right shot1)
16.855: (grasp left shaker1)
16.913: (leave right shot1)
16.913: (leave left shot1)
16.913: (grasp left shaker1)
16.913: (grasp right shaker1)
17.662: (grasp left shaker1)
17.662: (leave left shot1)
17.662: (leave right shot1)
17.662: (grasp right shaker1)
17.686: (grasp left shaker1)
17.686: (grasp right shaker1)
17.687: (leave left shot1)
17.687: (leave right shot1)
18.423: (grasp left shot9)
18.423: (grasp right shot7)
18.423: (grasp right shot9)
18.423: (grasp left shot4)
18.423: (grasp left shot7)
18.423: (grasp right shot4)
18.424: (leave right shot1)
18.424: (leave left shot1)
18.424: (leave left shot1)
18.424: (leave left shot1)
18.424: (leave right shot1)
18.424: (leave right shot1)
18.431: (leave left shot1)
18.431: (leave right shot1)
18.431: (leave left shot1)
18.431: (leave right shot1)
18.431: (grasp left shot3)
18.431: (grasp left shot6)
18.431: (grasp right shot3)
18.431: (grasp right shot6)
18.463: (leave left shot1)
18.463: (leave left shot1)
18.463: (leave left shot1)
18.463: (leave right shot1)
18.463: (grasp right shot9)
18.463: (grasp right shot7)
18.463: (grasp right shot4)
18.463: (grasp left shot4)
18.463: (grasp left shot9)
18.463: (grasp left shot7)
18.464: (leave right shot1)
18.464: (leave right shot1)
18.492: (grasp left shot6)
18.492: (grasp left shot3)
18.492: (grasp right shot3)
18.492: (grasp right shot6)
18.492: (leave right shot1)
18.492: (leave right shot1)
18.492: (leave left shot1)
18.493: (leave left shot1)
18.513: (leave right shot1)
18.513: (leave left shot1)
18.514: (grasp right shot11)
18.514: (grasp left shot11)
18.526: (leave left shot1)
18.526: (leave right shot1)
18.526: (grasp left shot5)
18.526: (grasp right shot5)
18.535: (grasp right shot2)
18.535: (grasp left shot10)
18.535: (grasp left shot2)
18.535: (grasp right shot10)
18.535: (leave left shot1)
18.536: (leave left shot1)
18.536: (leave right shot1)
18.536: (leave right shot1)
18.551: (grasp right shot6)
18.551: (grasp right shot3)
18.551: (grasp left shot6)
18.551: (grasp left shot3)
17.679: (grasp right shot3)
17.679: (grasp right shot6)
17.679: (grasp left shot3)
17.679: (grasp left shot6)
17.680: (grasp left shaker1)
17.680: (grasp right shaker1)
17.680: (grasp left shaker1)
17.680: (grasp right shaker1)
17.680: (grasp left shaker1)
17.681: (grasp right shot4)
17.681: (grasp right shot7)
17.681: (grasp left shot4)
17.681: (grasp right shot9)
17.681: (grasp left shot7)
17.681: (grasp left shot9)
17.681: (grasp right shaker1)
17.681: (grasp left shaker1)
17.681: (grasp left shaker1)
17.681: (grasp right shaker1)
17.681: (grasp right shaker1)
17.703: (grasp left shot7)
17.703: (grasp left shot4)
17.703: (grasp left shot9)
17.703: (grasp right shot7)
17.703: (grasp right shot9)
17.703: (grasp right shot4)
17.704: (grasp left shaker1)
17.704: (grasp left shaker1)
17.704: (grasp right shaker1)
17.704: (grasp left shaker1)
17.704: (grasp right shaker1)
17.704: (grasp right shaker1)
17.775: (grasp left shaker1)
17.775: (grasp right shaker1)
17.775: (grasp right shot5)
17.775: (grasp left shot5)
17.785: (grasp right shot2)
17.785: (grasp right shot10)
17.785: (grasp left shot2)
17.785: (grasp left shot10)
17.786: (grasp right shaker1)
17.786: (grasp right shaker1)
17.786: (grasp left shaker1)
17.786: (grasp left shaker1)
17.825: (grasp left shot4)
17.825: (grasp left shot7)
17.825: (grasp left shot9)
17.825: (grasp right shot9)
17.825: (grasp right shot7)
17.825: (grasp right shot4)
17.842: (grasp right shot11)
17.842: (grasp left shot11)
17.848: (grasp left shot3)
17.848: (grasp left shot6)
17.848: (grasp right shot3)
17.848: (grasp right shot6)
17.848: (grasp right shaker1)
17.848: (grasp left shaker1)
17.848: (grasp left shaker1)
17.848: (grasp right shaker1)
17.908: (grasp left shaker1)
17.908: (grasp left shaker1)
17.908: (grasp right shaker1)
17.908: (grasp right shaker1)
17.908: (grasp right shot3)
17.908: (grasp left shot6)
17.908: (grasp right shot6)
17.908: (grasp left shot3)
17.921: (grasp left shot2)
17.921: (grasp left shot10)
17.921: (grasp right shot2)
17.921: (grasp right shot10)
17.924: (grasp right shot8)
17.924: (grasp left shot8)
17.930: (grasp right shaker1)
17.930: (grasp left shaker1)
17.931: (grasp left shot11)
17.931: (grasp right shot11)
17.933: (grasp right shot8)
17.933: (grasp left shot8)
18.557: (leave left shaker1)
18.557: (leave right shaker1)
18.557: (leave right shaker1)
18.557: (leave right shaker1)
18.557: (leave left shaker1)
18.557: (leave left shaker1)
18.565: (leave right shaker1)
18.565: (leave left shaker1)
18.579: (leave left shaker1)
18.580: (leave right shaker1)
18.580: (leave right shaker1)
18.580: (leave left shaker1)
18.595: (leave left shaker1)
18.595: (leave right shaker1)
18.672: (leave right shaker1)
18.672: (leave left shaker1)
18.758: (empty-shot right shot5 ingredient3)
18.758: (empty-shot left shot5 ingredient3)
19.300: (empty-shot left shot8 ingredient5)
19.300: (empty-shot right shot8 ingredient5)
19.352: (empty-shot left shot8 ingredient5)
19.352: (empty-shot right shot8 ingredient5)
21.382: (pour-shaker-to-shot cocktail1 shot4 left shaker1 l2 l1)
21.382: (pour-shaker-to-shot cocktail1 shot9 right shaker1 l2 l1)
21.382: (pour-shaker-to-shot cocktail1 shot7 right shaker1 l2 l1)
21.382: (pour-shaker-to-shot cocktail1 shot4 right shaker1 l2 l1)
21.382: (pour-shaker-to-shot cocktail1 shot7 left shaker1 l2 l1)
21.382: (pour-shaker-to-shot cocktail1 shot9 left shaker1 l2 l1)
21.403: (pour-shaker-to-shot cocktail1 shot4 right shaker1 l2 l1)
21.403: (pour-shaker-to-shot cocktail1 shot9 left shaker1 l2 l1)
21.403: (pour-shaker-to-shot cocktail1 shot7 left shaker1 l2 l1)
21.403: (pour-shaker-to-shot cocktail1 shot4 left shaker1 l2 l1)
21.403: (pour-shaker-to-shot cocktail1 shot9 right shaker1 l2 l1)
21.403: (pour-shaker-to-shot cocktail1 shot7 right shaker1 l2 l1)
21.403: (pour-shaker-to-shot cocktail1 shot9 right shaker1 l2 l1)
21.403: (pour-shaker-to-shot cocktail1 shot7 right shaker1 l2 l1)
21.403: (pour-shaker-to-shot cocktail1 shot4 right shaker1 l2 l1)
21.403: (pour-shaker-to-shot cocktail1 shot9 left shaker1 l2 l1)
21.403: (pour-shaker-to-shot cocktail1 shot7 left shaker1 l2 l1)
21.404: (pour-shaker-to-shot cocktail1 shot4 left shaker1 l2 l1)
21.437: (pour-shaker-to-shot cocktail1 shot9 right shaker1 l2 l1)
21.437: (pour-shaker-to-shot cocktail1 shot7 right shaker1 l2 l1)
21.437: (pour-shaker-to-shot cocktail1 shot4 right shaker1 l2 l1)
21.437: (pour-shaker-to-shot cocktail1 shot4 right shaker1 l2 l1)
21.437: (pour-shaker-to-shot cocktail1 shot7 right shaker1 l2 l1)
21.437: (pour-shaker-to-shot cocktail1 shot7 left shaker1 l2 l1)
21.437: (pour-shaker-to-shot cocktail1 shot9 left shaker1 l2 l1)
21.437: (pour-shaker-to-shot cocktail1 shot4 left shaker1 l2 l1)
21.437: (pour-shaker-to-shot cocktail1 shot4 left shaker1 l2 l1)
21.437: (pour-shaker-to-shot cocktail1 shot7 left shaker1 l2 l1)
21.437: (pour-shaker-to-shot cocktail1 shot9 left shaker1 l2 l1)
21.437: (pour-shaker-to-shot cocktail1 shot9 right shaker1 l2 l1)
21.457: (pour-shaker-to-shot cocktail1 shot7 right shaker1 l2 l1)
21.457: (pour-shaker-to-shot cocktail1 shot4 right shaker1 l2 l1)
21.457: (pour-shaker-to-shot cocktail1 shot4 left shaker1 l2 l1)
21.457: (pour-shaker-to-shot cocktail1 shot7 left shaker1 l2 l1)
21.457: (pour-shaker-to-shot cocktail1 shot9 right shaker1 l2 l1)
21.457: (pour-shaker-to-shot cocktail1 shot9 left shaker1 l2 l1)
21.491: (pour-shaker-to-shot cocktail1 shot7 right shaker1 l2 l1)
21.491: (pour-shaker-to-shot cocktail1 shot4 right shaker1 l2 l1)
21.491: (pour-shaker-to-shot cocktail1 shot7 left shaker1 l2 l1)
21.491: (pour-shaker-to-shot cocktail1 shot9 right shaker1 l2 l1)
21.491: (pour-shaker-to-shot cocktail1 shot4 left shaker1 l2 l1)
21.491: (pour-shaker-to-shot cocktail1 shot9 left shaker1 l2 l1)
21.512: (pour-shaker-to-shot cocktail1 shot9 left shaker1 l2 l1)
21.512: (pour-shaker-to-shot cocktail1 shot7 left shaker1 l2 l1)
21.512: (pour-shaker-to-shot cocktail1 shot4 left shaker1 l2 l1)
21.512: (pour-shaker-to-shot cocktail1 shot7 right shaker1 l2 l1)
21.512: (pour-shaker-to-shot cocktail1 shot9 left shaker1 l2 l1)
21.512: (pour-shaker-to-shot cocktail1 shot4 right shaker1 l2 l1)
21.512: (pour-shaker-to-shot cocktail1 shot7 left shaker1 l2 l1)
21.512: (pour-shaker-to-shot cocktail1 shot4 right shaker1 l2 l1)
21.512: (pour-shaker-to-shot cocktail1 shot4 left shaker1 l2 l1)
21.512: (pour-shaker-to-shot cocktail1 shot7 right shaker1 l2 l1)
21.512: (pour-shaker-to-shot cocktail1 shot9 right shaker1 l2 l1)
21.512: (pour-shaker-to-shot cocktail1 shot9 right shaker1 l2 l1)
21.522: (pour-shaker-to-shot cocktail1 shot4 right shaker1 l2 l1)
21.522: (pour-shaker-to-shot cocktail1 shot7 left shaker1 l2 l1)
21.522: (pour-shaker-to-shot cocktail1 shot9 left shaker1 l2 l1)
21.522: (pour-shaker-to-shot cocktail1 shot4 left shaker1 l2 l1)
17.797: (refill-shot shot11 ingredient5 left right dispenser5)
17.797: (refill-shot shot11 ingredient5 right left dispenser5)
19.263: (leave right shot8)
19.263: (leave left shot8)
19.418: (clean-shot shot11 ingredient5 left right)
19.418: (clean-shot shot11 ingredient5 right left)
19.508: (leave left shaker1)
19.508: (leave right shaker1)
19.522: (grasp left shot6)
19.522: (grasp left shot3)
19.522: (grasp right shot6)
19.522: (grasp left shot3)
19.522: (grasp left shot6)
19.522: (grasp right shot3)
19.522: (grasp right shot3)
19.522: (grasp left shot6)
19.522: (grasp left shot3)
19.522: (grasp right shot6)
19.522: (grasp right shot3)
19.522: (grasp right shot6)
19.528: (grasp right shot3)
19.528: (grasp left shot6)
19.528: (grasp left shot3)
19.528: (grasp right shot6)
19.532: (grasp left shot7)
19.532: (grasp left shot9)
19.532: (grasp right shot4)
19.532: (grasp left shot4)
19.532: (grasp right shot9)
19.532: (grasp right shot7)
19.532: (grasp right shot4)
19.532: (grasp right shot7)
19.532: (grasp right shot9)
19.532: (grasp left shot9)
19.532: (grasp left shot4)
19.532: (grasp left shot7)
19.548: (leave right shot8)
19.548: (leave left shot8)
19.557: (grasp left shot6)
19.557: (grasp left shot3)
19.557: (grasp right shot6)
19.557: (grasp right shot3)
19.558: (grasp right shot6)
19.558: (grasp right shot3)
19.558: (grasp left shot6)
19.558: (grasp left shot3)
19.571: (grasp right shot6)
19.571: (grasp right shot3)
19.571: (grasp left shot3)
19.571: (grasp left shot6)
19.577: (grasp right shot7)
19.577: (grasp right shot4)
19.577: (grasp right shot9)
19.577: (grasp left shot4)
19.577: (grasp left shot7)
19.577: (grasp left shot9)
19.618: (grasp left shot5)
19.618: (grasp right shot5)
19.618: (grasp right shot5)
19.618: (grasp left shot5)
19.618: (grasp left shot5)
19.618: (grasp right shot5)
19.623: (grasp right shot7)
19.623: (grasp right shot7)
19.623: (grasp right shot4)
19.623: (grasp right shot9)
19.623: (grasp left shot9)
19.623: (grasp left shot7)
19.623: (grasp right shot4)
19.623: (grasp left shot9)
19.623: (grasp left shot4)
19.623: (grasp left shot4)
19.623: (grasp left shot7)
19.623: (grasp right shot9)
19.623: (grasp right shot5)
19.623: (grasp left shot5)
19.625: (grasp left shot2)
19.625: (grasp right shot10)
19.625: (grasp right shot10)
19.625: (grasp right shot2)
16.856: (leave left shot11)
16.856: (leave right shot11)
17.162: (grasp right shaker1)
17.162: (grasp left shaker1)
18.674: (grasp right shaker1)
18.674: (grasp left shaker1)
18.706: (grasp left shot1)
18.706: (grasp right shot1)
18.777: (grasp left shot3)
18.777: (grasp right shot3)
18.777: (grasp right shot6)
18.777: (grasp left shot6)
18.867: (grasp right shot10)
18.867: (grasp left shot2)
18.867: (grasp right shot2)
18.867: (grasp left shot10)
18.870: (grasp right shot5)
18.870: (grasp left shot5)
18.892: (grasp left shot8)
18.892: (grasp right shot8)
18.916: (grasp left shot4)
18.916: (grasp left shot7)
18.916: (grasp left shot9)
18.916: (grasp right shot4)
18.916: (grasp right shot9)
18.916: (grasp right shot7)
19.302: (fill-shot shot11 ingredient4 left right dispenser4)
19.302: (fill-shot shot11 ingredient4 right left dispenser4)
19.375: (fill-shot shot11 ingredient3 left right dispenser3)
19.375: (fill-shot shot11 ingredient3 right left dispenser3)
19.465: (fill-shot shot11 ingredient6 right left dispenser6)
19.465: (fill-shot shot11 ingredient6 left right dispenser6)
19.526: (clean-shot shot5 ingredient3 left right)
19.526: (clean-shot shot5 ingredient3 right left)
19.603: (fill-shot shot11 ingredient1 left right dispenser1)
19.603: (fill-shot shot11 ingredient1 right left dispenser1)
19.866: (leave left shaker1)
19.867: (leave right shaker1)
19.939: (grasp right shot9)
19.939: (grasp right shot7)
19.939: (grasp left shot4)
19.939: (grasp right shot4)
19.939: (grasp left shot7)
19.940: (grasp left shot9)
19.992: (grasp left shot1)
19.992: (leave left shaker1)
19.992: (grasp right shot1)
19.992: (leave right shaker1)
20.120: (grasp left shot9)
20.120: (grasp left shot4)
20.120: (grasp left shot7)
20.120: (grasp right shot9)
20.120: (grasp right shot4)
20.120: (grasp right shot7)
20.256: (grasp right shot6)
20.256: (grasp right shot3)
20.256: (grasp left shot3)
20.256: (grasp left shot6)
20.275: (grasp right shot11)
20.275: (grasp left shot11)
20.332: (grasp right shot10)
20.332: (grasp left shot2)
20.332: (grasp right shot2)
20.332: (grasp left shot10)
20.348: (grasp right shot5)
20.348: (grasp left shot5)
20.371: (grasp right shot9)
20.371: (grasp right shot7)
20.371: (grasp right shot4)
20.371: (grasp left shot9)
20.371: (grasp left shot7)
20.371: (grasp left shot4)
20.381: (grasp left shot3)
20.381: (grasp left shot6)
20.381: (grasp right shot3)
20.382: (grasp right shot6)
20.385: (grasp right shot1)
20.385: (grasp left shot1)
20.404: (grasp right shot1)
20.404: (grasp left shot1)
16.109: (leave right shot11)
16.109: (leave left shot11)
16.109: (grasp left shaker1)
16.109: (grasp right shaker1)
17.785: (leave left shot11)
17.785: (leave right shot11)
17.785: (grasp right shot1)
17.785: (grasp left shot1)
17.815: (leave left shot11)
17.815: (grasp right shot8)
17.815: (grasp left shot8)
17.815: (leave right shot11)
17.821: (leave left shot11)
17.821: (leave left shot11)
17.821: (leave right shot11)
17.821: (leave right shot11)
17.821: (grasp left shot3)
17.821: (grasp right shot6)
17.821: (grasp left shot6)
17.821: (grasp right shot3)
17.916: (leave right shot11)
17.916: (leave left shot11)
17.916: (grasp left shot5)
17.916: (grasp right shot5)
17.925: (leave left shot11)
17.925: (leave left shot11)
17.925: (leave right shot11)
17.925: (leave right shot11)
17.925: (grasp right shot10)
17.925: (grasp right shot2)
17.925: (grasp left shot10)
17.925: (grasp left shot2)
17.970: (leave left shot11)
17.970: (leave left shot11)
17.970: (grasp left shot4)
17.970: (grasp left shot9)
17.970: (grasp left shot7)
17.970: (grasp right shot4)
17.970: (grasp right shot7)
17.970: (leave left shot11)
17.970: (grasp right shot9)
17.970: (leave right shot11)
17.970: (leave right shot11)
17.970: (leave right shot11)
18.294: (leave left shot11)
18.294: (leave right shot11)
18.356: (leave left shot11)
18.356: (leave right shot11)
18.424: (leave right shot11)
18.424: (leave left shot11)
18.564: (grasp right shaker1)
18.564: (grasp left shaker1)
18.609: (leave left shot11)
18.609: (leave right shot11)
18.636: (grasp right shaker1)
18.636: (grasp left shaker1)
18.718: (grasp left shaker1)
18.718: (grasp right shaker1)
18.775: (grasp left shaker1)
18.775: (grasp right shaker1)
18.875: (grasp left shaker1)
18.875: (grasp right shaker1)
19.345: (leave left shot11)
19.345: (leave right shot11)
19.345: (leave right shot11)
19.345: (leave right shot11)
19.345: (leave left shot11)
19.345: (leave left shot11)
19.359: (leave right shot11)
19.359: (leave left shot11)
19.359: (leave right shot11)
19.359: (leave left shot11)
19.440: (empty-shot right shot11 ingredient6)
19.441: (empty-shot left shot11 ingredient6)
19.636: (empty-shot left shot11 ingredient5)
19.636: (empty-shot right shot11 ingredient5)
19.636: (empty-shot left shot11 ingredient5)
19.636: (empty-shot right shot11 ingredient5)
19.636: (empty-shot right shot11 ingredient1)
19.636: (empty-shot left shot11 ingredient1)
17.039: (grasp right shaker1)
17.039: (grasp left shaker1)
17.039: (grasp left shot1)
17.039: (grasp right shot1)
17.072: (grasp left shaker1)
17.072: (grasp left shaker1)
17.073: (grasp right shaker1)
17.073: (grasp right shaker1)
17.073: (grasp right shot6)
17.073: (grasp left shot3)
17.073: (grasp left shot6)
17.073: (grasp right shot3)
17.075: (grasp left shot8)
17.075: (grasp right shot8)
17.075: (grasp left shaker1)
17.075: (grasp right shaker1)
17.169: (grasp right shot5)
17.169: (grasp left shot5)
17.169: (grasp right shaker1)
17.169: (grasp left shaker1)
17.177: (grasp left shot2)
17.177: (grasp left shot10)
17.178: (grasp right shot2)
17.178: (grasp right shot10)
17.178: (grasp right shaker1)
17.178: (grasp right shaker1)
17.178: (grasp left shaker1)
17.178: (grasp left shaker1)
17.221: (grasp left shot4)
17.221: (grasp left shot9)
17.221: (grasp left shot7)
17.221: (grasp right shot7)
17.221: (grasp right shot4)
17.221: (grasp right shot9)
17.222: (grasp right shaker1)
17.222: (grasp left shaker1)
17.222: (grasp right shaker1)
17.222: (grasp right shaker1)
17.222: (grasp left shaker1)
17.222: (grasp left shaker1)
17.552: (leave right shot11)
17.552: (leave left shot11)
17.552: (grasp left shaker1)
17.552: (grasp right shaker1)
17.612: (leave left shot11)
17.612: (leave right shot11)
17.613: (grasp left shaker1)
17.613: (grasp right shaker1)
17.674: (leave right shot11)
17.674: (leave left shot11)
17.675: (grasp left shaker1)
17.675: (grasp right shaker1)
17.913: (grasp left shaker1)
17.913: (grasp right shaker1)
17.913: (leave left shot11)
17.913: (leave right shot11)
18.394: (fill-shot shot1 ingredient5 left right dispenser5)
18.394: (fill-shot shot1 ingredient5 right left dispenser5)
18.527: (fill-shot shot1 ingredient2 right left dispenser2)
18.527: (fill-shot shot1 ingredient2 left right dispenser2)
18.617: (grasp right shaker1)
18.617: (grasp right shaker1)
18.646: (grasp left shaker1)
18.646: (grasp right shaker1)
18.646: (grasp left shaker1)
18.646: (grasp right shaker1)
18.646: (grasp right shaker1)
18.646: (grasp left shaker1)
18.693: (empty-shot right shot11 ingredient6)
18.693: (empty-shot left shot11 ingredient6)
18.693: (grasp right shaker1)
18.693: (grasp left shaker1)
18.750: (grasp right shot1)
18.750: (grasp left shot1)
18.750: (grasp left shot1)
18.750: (grasp right shot1)
18.751: (grasp left shot3)
18.751: (grasp right shot6)
18.751: (grasp right shot3)
18.751: (grasp left shot6)
17.554: (leave left shot1)
17.554: (leave right shot1)
17.838: (grasp right shaker1)
17.838: (grasp left shaker1)
18.152: (empty-shot right shot5 ingredient3)
18.152: (empty-shot left shot5 ingredient3)
18.519: (grasp right shot6)
18.519: (grasp right shot3)
18.519: (grasp left shot6)
18.519: (grasp left shot3)
18.540: (grasp left shot9)
18.541: (grasp right shot7)
18.541: (grasp right shot9)
18.541: (grasp left shot4)
18.541: (grasp left shot7)
18.541: (grasp right shot4)
18.541: (grasp right shot1)
18.541: (grasp left shot1)
18.578: (grasp left shot6)
18.578: (grasp left shot3)
18.578: (grasp right shot3)
18.578: (grasp right shot6)
18.604: (grasp right shot1)
18.604: (grasp left shot1)
18.604: (grasp left shot9)
18.604: (grasp left shot7)
18.604: (grasp left shot4)
18.605: (grasp right shot9)
18.605: (grasp right shot7)
18.605: (grasp right shot4)
18.611: (grasp left shot5)
18.611: (grasp right shot5)
18.622: (grasp left shot2)
18.622: (grasp left shot10)
18.622: (grasp right shot10)
18.622: (grasp right shot2)
18.639: (grasp left shot3)
18.639: (grasp left shot6)
18.639: (grasp right shot6)
18.639: (grasp right shot3)
18.668: (grasp left shot1)
18.668: (grasp right shot1)
18.678: (grasp left shot7)
18.678: (grasp left shot9)
18.678: (grasp left shot4)
18.679: (grasp right shot7)
18.679: (grasp right shot4)
18.679: (grasp right shot9)
18.683: (grasp right shot2)
18.683: (grasp left shot10)
18.683: (grasp left shot2)
18.683: (grasp right shot10)
18.690: (grasp left shot5)
18.691: (grasp right shot5)
18.714: (grasp left shot8)
18.714: (grasp right shot8)
18.733: (grasp left shot5)
18.734: (grasp right shot5)
18.751: (grasp left shot10)
18.751: (grasp left shot2)
18.752: (grasp right shot2)
18.752: (grasp right shot10)
18.772: (grasp right shot8)
18.772: (grasp left shot8)
18.815: (grasp left shot4)
18.816: (grasp left shot9)
18.816: (grasp left shot7)
18.816: (grasp right shot7)
18.816: (grasp right shot9)
18.816: (grasp right shot4)
18.840: (grasp right shot8)
18.841: (grasp left shot8)
18.878: (grasp right shot6)
18.878: (grasp right shot3)
18.878: (grasp left shot3)
18.878: (grasp left shot6)
18.911: (grasp left shot1)
18.912: (grasp right shot1)
18.937: (grasp left shot8)
18.937: (grasp right shot8)
16.894: (leave left shot1)
16.894: (grasp right shaker1)
16.894: (grasp left shaker1)
16.894: (leave right shot1)
18.494: (grasp right shot9)
18.494: (grasp right shot7)
18.494: (grasp right shot4)
18.494: (grasp left shot9)
18.494: (grasp left shot4)
18.494: (grasp left shot7)
18.534: (grasp left shot3)
18.534: (grasp right shot3)
18.534: (grasp right shot6)
18.534: (grasp left shot6)
18.621: (grasp left shot8)
18.621: (grasp right shot8)
18.622: (grasp right shot10)
18.622: (grasp right shot2)
18.622: (grasp left shot2)
18.622: (grasp left shot10)
18.628: (grasp left shot5)
18.628: (grasp right shot5)
18.757: (grasp right shot11)
18.757: (grasp left shot11)
18.900: (leave left shaker1)
18.900: (leave right shaker1)
19.148: (leave right shot5)
19.148: (leave left shot5)
19.216: (empty-shot right shot8 ingredient5)
19.216: (empty-shot left shot8 ingredient5)
19.241: (leave right shaker1)
19.241: (leave left shaker1)
19.241: (leave left shaker1)
19.241: (leave right shaker1)
19.241: (leave left shaker1)
19.241: (leave right shaker1)
19.259: (leave right shaker1)
19.259: (leave left shaker1)
19.259: (leave right shaker1)
19.259: (leave left shaker1)
19.276: (empty-shot left shot8 ingredient5)
19.276: (empty-shot right shot8 ingredient5)
19.277: (leave right shaker1)
19.277: (leave left shaker1)
19.305: (leave right shaker1)
19.305: (leave right shaker1)
19.305: (leave right shaker1)
19.305: (leave left shaker1)
19.306: (leave left shaker1)
19.306: (leave left shaker1)
19.319: (leave left shaker1)
19.319: (leave right shaker1)
19.319: (leave right shaker1)
19.319: (leave left shaker1)
19.340: (leave right shaker1)
19.340: (leave left shaker1)
19.343: (empty-shot right shot8 ingredient5)
19.343: (empty-shot left shot8 ingredient5)
19.351: (leave left shaker1)
19.351: (leave right shaker1)
19.362: (leave right shaker1)
19.362: (leave left shaker1)
19.362: (leave right shaker1)
19.362: (leave left shaker1)
19.383: (leave left shaker1)
19.383: (leave left shaker1)
19.383: (leave right shaker1)
19.383: (leave right shaker1)
19.383: (leave right shaker1)
19.383: (leave left shaker1)
19.385: (leave left shaker1)
19.385: (leave left shaker1)
19.386: (leave right shaker1)
19.386: (leave right shaker1)
19.411: (leave right shaker1)
19.411: (leave left shaker1)
19.425: (leave right shaker1)
19.425: (leave left shaker1)
19.425: (leave left shaker1)
19.425: (leave right shaker1)
17.731: (grasp left shaker1)
17.732: (grasp right shaker1)
17.732: (grasp right shaker1)
17.732: (grasp left shaker1)
17.732: (grasp left shot4)
17.732: (grasp left shot9)
17.732: (grasp left shot7)
17.732: (grasp left shaker1)
17.732: (grasp right shaker1)
17.732: (grasp right shot7)
17.732: (grasp right shot4)
17.732: (grasp right shot9)
17.888: (grasp right shaker1)
17.888: (grasp right shaker1)
17.889: (grasp left shaker1)
17.889: (grasp left shaker1)
17.889: (grasp right shot3)
17.889: (grasp right shot6)
17.889: (grasp left shot3)
17.889: (grasp left shot6)
17.963: (grasp right shot2)
17.963: (grasp right shot10)
17.963: (grasp left shot2)
17.963: (grasp left shot10)
17.963: (grasp right shaker1)
17.963: (grasp right shaker1)
17.963: (grasp left shaker1)
17.964: (grasp left shaker1)
17.965: (grasp left shaker1)
17.965: (grasp right shaker1)
17.965: (grasp right shot8)
17.965: (grasp left shot8)
17.981: (grasp left shot5)
17.981: (grasp right shot5)
17.981: (grasp right shaker1)
17.981: (grasp left shaker1)
18.172: (grasp right shaker1)
18.172: (grasp left shaker1)
18.174: (grasp right shot11)
18.174: (grasp left shot11)
18.412: (fill-shot shot1 ingredient2 left right dispenser2)
18.412: (fill-shot shot1 ingredient2 right left dispenser2)
18.445: (fill-shot shot1 ingredient5 left right dispenser5)
18.445: (fill-shot shot1 ingredient5 right left dispenser5)
18.467: (fill-shot shot1 ingredient2 left right dispenser2)
18.468: (fill-shot shot1 ingredient2 right left dispenser2)
18.548: (fill-shot shot1 ingredient2 right left dispenser2)
18.548: (fill-shot shot1 ingredient2 left right dispenser2)
18.914: (clean-shot shot5 ingredient3 left right)
18.914: (clean-shot shot5 ingredient3 right left)
19.100: (leave left shot8)
19.101: (leave right shot8)
19.173: (leave right shot8)
19.173: (leave left shot8)
19.383: (leave right shot8)
19.383: (leave left shot8)
19.456: (grasp left shot3)
19.456: (grasp left shot7)
19.456: (grasp left shot4)
19.456: (grasp left shot9)
19.456: (grasp right shot4)
19.456: (grasp left shot6)
19.456: (grasp right shot9)
19.456: (grasp right shot7)
19.456: (grasp left shot3)
19.456: (grasp left shot6)
19.456: (grasp left shot9)
19.456: (grasp left shot4)
19.456: (grasp left shot7)
19.456: (grasp left shot3)
19.456: (grasp left shot6)
19.456: (grasp right shot6)
19.456: (grasp right shot4)
19.456: (grasp right shot3)
19.456: (grasp right shot7)
19.456: (grasp right shot9)
19.456: (grasp right shot6)
19.456: (grasp right shot3)
19.457: (grasp right shot6)
19.457: (grasp right shot3)
17.746: (grasp left shaker1)
17.802: (grasp left shaker1)
17.802: (grasp right shaker1)
17.881: (grasp left shaker1)
17.881: (grasp right shaker1)
18.167: (grasp left shaker1)
18.168: (grasp right shaker1)
18.964: (empty-shot right shot5 ingredient3)
18.964: (empty-shot left shot5 ingredient3)
19.334: (empty-shot right shot8 ingredient5)
19.334: (empty-shot left shot8 ingredient5)
19.338: (grasp left shot7)
19.338: (grasp left shot9)
19.338: (grasp left shot4)
19.338: (grasp right shot4)
19.338: (grasp right shot9)
19.338: (grasp right shot7)
19.376: (grasp left shot3)
19.376: (grasp right shot3)
19.376: (grasp right shot6)
19.376: (grasp left shot6)
19.391: (grasp right shot4)
19.391: (grasp right shot7)
19.391: (grasp right shot9)
19.391: (grasp left shot9)
19.391: (grasp left shot4)
19.391: (grasp left shot7)
19.395: (empty-shot right shot1 ingredient5)
19.395: (empty-shot left shot1 ingredient5)
19.400: (grasp right shot4)
19.400: (grasp right shot7)
19.400: (grasp right shot9)
19.400: (grasp left shot7)
19.400: (grasp left shot4)
19.400: (grasp left shot9)
19.425: (grasp right shot3)
19.425: (grasp right shot6)
19.425: (grasp left shot6)
19.425: (grasp left shot3)
19.429: (grasp right shot11)
19.429: (grasp left shot11)
19.431: (grasp left shot6)
19.431: (grasp left shot3)
19.432: (grasp right shot3)
19.432: (grasp right shot6)
19.441: (grasp right shot8)
19.441: (grasp left shot8)
19.443: (empty-shot left shot1 ingredient2)
19.443: (empty-shot right shot1 ingredient2)
19.465: (grasp left shot7)
19.465: (grasp left shot9)
19.465: (grasp right shot9)
19.465: (grasp right shot4)
19.465: (grasp right shot7)
19.465: (grasp left shot4)
19.469: (grasp left shot5)
19.469: (grasp right shot5)
19.480: (grasp right shot2)
19.480: (grasp right shot10)
19.480: (grasp left shot2)
19.480: (grasp left shot10)
19.485: (grasp left shot11)
19.485: (grasp right shot11)
19.497: (grasp left shot11)
19.497: (grasp right shot11)
19.504: (empty-shot left shot1 ingredient2)
19.504: (empty-shot right shot1 ingredient2)
19.512: (grasp right shot2)
19.512: (grasp right shot10)
19.512: (grasp left shot2)
19.512: (grasp left shot10)
19.518: (grasp right shot5)
19.518: (grasp left shot5)
19.519: (grasp right shot3)
19.519: (grasp right shot6)
19.519: (grasp left shot6)
19.519: (grasp left shot3)
19.535: (grasp left shot8)
19.535: (grasp right shot8)
19.538: (grasp left shot10)
18.260: (leave right shot1)
18.260: (leave right shot1)
18.260: (leave right shot1)
18.260: (leave left shot1)
18.260: (leave left shot1)
18.260: (leave left shot1)
18.320: (leave left shot1)
18.320: (leave right shot1)
18.320: (leave right shot1)
18.320: (leave left shot1)
18.320: (leave left shot1)
18.320: (leave right shot1)
18.375: (leave right shot1)
18.375: (leave left shot1)
18.375: (leave right shot1)
18.375: (leave left shot1)
18.382: (leave left shot1)
18.382: (leave left shot1)
18.382: (leave left shot1)
18.382: (leave right shot1)
18.383: (leave right shot1)
18.383: (leave right shot1)
18.435: (leave left shot1)
18.435: (leave right shot1)
18.435: (leave left shot1)
18.435: (leave right shot1)
18.467: (leave right shot1)
18.468: (leave left shot1)
18.480: (leave right shot1)
18.481: (leave right shot1)
18.481: (leave left shot1)
18.481: (leave left shot1)
18.496: (leave right shot1)
18.496: (leave left shot1)
18.520: (leave left shot1)
18.520: (leave left shot1)
18.520: (leave right shot1)
18.520: (leave right shot1)
18.520: (leave left shot1)
18.520: (leave right shot1)
18.538: (leave right shot1)
18.576: (leave left shot1)
18.576: (leave right shot1)
18.576: (leave right shot1)
18.576: (leave left shot1)
18.580: (leave right shot1)
18.580: (leave left shot1)
18.588: (leave right shot1)
18.588: (leave left shot1)
18.588: (leave left shot1)
18.588: (leave right shot1)
18.637: (leave left shot1)
18.637: (leave right shot1)
18.660: (empty-shot left shot1 ingredient5)
18.660: (empty-shot right shot1 ingredient5)
18.661: (grasp left shaker1)
18.661: (grasp right shaker1)
18.667: (leave right shot1)
18.667: (leave right shot1)
18.667: (leave left shot1)
18.667: (leave left shot1)
18.668: (leave right shot1)
18.668: (leave left shot1)
18.838: (empty-shot right shot1 ingredient2)
18.838: (empty-shot left shot1 ingredient2)
19.133: (leave right shot5)
19.133: (leave left shot5)
19.404: (leave right shot8)
19.404: (leave left shot8)
19.427: (empty-shot right shot11 ingredient4)
19.427: (empty-shot left shot11 ingredient4)
19.442: (empty-shot right shot11 ingredient6)
19.442: (empty-shot left shot11 ingredient6)
19.451: (empty-shot right shot11 ingredient3)
19.451: (empty-shot left shot11 ingredient3)
19.611: (leave right shaker1)
19.611: (leave left shaker1)
19.812: (leave left shaker1)
19.812: (leave right shaker1)
19.963: (leave left shot5)
17.745: (grasp left shaker1)
17.745: (grasp left shaker1)
17.746: (grasp right shaker1)
17.746: (grasp right shaker1)
17.746: (grasp left shaker1)
17.750: (grasp left shaker1)
17.751: (grasp right shaker1)
17.756: (grasp left shaker1)
17.758: (grasp left shaker1)
17.758: (grasp right shaker1)
17.758: (grasp right shaker1)
17.777: (grasp right shaker1)
17.777: (grasp left shaker1)
17.828: (grasp right shaker1)
17.882: (grasp right shaker1)
17.883: (grasp left shaker1)
17.884: (leave left shot1)
17.884: (leave right shot1)
17.945: (grasp right shaker1)
17.945: (grasp left shaker1)
17.945: (grasp right shaker1)
17.945: (grasp left shaker1)
17.952: (grasp right shaker1)
17.953: (grasp left shaker1)
17.969: (grasp right shaker1)
17.969: (grasp left shaker1)
17.970: (grasp right shaker1)
17.970: (grasp left shaker1)
18.015: (grasp right shaker1)
18.015: (grasp right shaker1)
18.015: (grasp left shaker1)
18.015: (grasp left shaker1)
18.032: (grasp left shaker1)
18.032: (grasp right shaker1)
18.598: (leave right shot1)
18.598: (leave left shot1)
19.224: (grasp right shot3)
19.224: (grasp right shot6)
19.224: (grasp left shot3)
19.224: (grasp left shot6)
19.224: (grasp left shot6)
19.224: (grasp right shot3)
19.224: (grasp right shot6)
19.224: (grasp left shot3)
19.224: (grasp right shot6)
19.224: (grasp left shot6)
19.224: (grasp right shot3)
19.225: (grasp left shot3)
19.225: (grasp right shot9)
19.225: (grasp right shot7)
19.225: (grasp right shot4)
19.225: (grasp left shot9)
19.225: (grasp left shot4)
19.225: (grasp left shot7)
19.225: (grasp right shot4)
19.225: (grasp left shot9)
19.225: (grasp left shot7)
19.225: (grasp left shot4)
19.225: (grasp right shot9)
19.225: (grasp right shot7)
19.272: (grasp right shot11)
19.272: (grasp right shot11)
19.272: (grasp right shot11)
19.272: (grasp left shot11)
19.272: (grasp left shot11)
19.272: (grasp left shot11)
19.281: (grasp right shot6)
19.281: (grasp left shot4)
19.281: (grasp right shot9)
19.281: (grasp right shot7)
19.281: (grasp right shot4)
19.281: (grasp left shot6)
19.281: (grasp left shot3)
19.281: (grasp left shot7)
19.281: (grasp left shot6)
19.281: (grasp left shot9)
19.282: (grasp right shot7)
19.282: (grasp right shot4)
19.282: (grasp right shot9)
19.282: (grasp left shot9)
18.648: (grasp right shot9)
18.648: (grasp right shot7)
18.648: (grasp left shot4)
18.648: (grasp left shot7)
18.648: (grasp left shot9)
18.649: (grasp right shot4)
18.722: (empty-shot right shot5 ingredient3)
18.722: (empty-shot left shot5 ingredient3)
18.867: (grasp right shot6)
18.867: (grasp right shot3)
18.867: (grasp left shot3)
18.867: (grasp left shot6)
18.873: (grasp left shot8)
18.873: (grasp right shot8)
18.926: (grasp right shot11)
18.926: (grasp left shot11)
18.954: (grasp right shot10)
18.954: (grasp right shot2)
18.954: (grasp left shot2)
18.954: (grasp left shot10)
18.960: (grasp right shot5)
18.960: (grasp left shot5)
19.016: (empty-shot left shot5 ingredient3)
19.016: (empty-shot right shot5 ingredient3)
19.032: (empty-shot right shot8 ingredient5)
19.032: (empty-shot left shot8 ingredient5)
19.115: (empty-shot left shot8 ingredient5)
19.115: (empty-shot right shot8 ingredient5)
19.537: (grasp right shot7)
19.537: (grasp right shot9)
19.537: (grasp right shot4)
19.537: (grasp left shot4)
19.537: (grasp left shot9)
19.537: (grasp left shot7)
19.571: (grasp left shot3)
19.571: (grasp left shot6)
19.571: (grasp right shot3)
19.571: (grasp right shot6)
19.647: (grasp right shot8)
19.647: (grasp left shot8)
19.664: (grasp left shot5)
19.664: (grasp right shot5)
19.669: (grasp left shot2)
19.669: (grasp left shot10)
19.669: (grasp right shot2)
19.669: (grasp right shot10)
21.336: (pour-shaker-to-shot cocktail1 shot7 right shaker1 l2 l1)
21.336: (pour-shaker-to-shot cocktail1 shot4 right shaker1 l2 l1)
21.336: (pour-shaker-to-shot cocktail1 shot4 left shaker1 l2 l1)
21.336: (pour-shaker-to-shot cocktail1 shot9 right shaker1 l2 l1)
21.336: (pour-shaker-to-shot cocktail1 shot7 left shaker1 l2 l1)
21.336: (pour-shaker-to-shot cocktail1 shot9 left shaker1 l2 l1)
21.372: (pour-shaker-to-shot cocktail1 shot7 left shaker1 l2 l1)
21.372: (pour-shaker-to-shot cocktail1 shot4 left shaker1 l2 l1)
21.372: (pour-shaker-to-shot cocktail1 shot9 left shaker1 l2 l1)
21.372: (pour-shaker-to-shot cocktail1 shot9 right shaker1 l2 l1)
21.372: (pour-shaker-to-shot cocktail1 shot7 right shaker1 l2 l1)
21.372: (pour-shaker-to-shot cocktail1 shot4 right shaker1 l2 l1)
21.390: (pour-shaker-to-shot cocktail1 shot9 right shaker1 l2 l1)
21.391: (pour-shaker-to-shot cocktail1 shot4 right shaker1 l2 l1)
21.391: (pour-shaker-to-shot cocktail1 shot7 right shaker1 l2 l1)
21.391: (pour-shaker-to-shot cocktail1 shot9 right shaker1 l2 l1)
21.391: (pour-shaker-to-shot cocktail1 shot7 right shaker1 l2 l1)
21.391: (pour-shaker-to-shot cocktail1 shot4 right shaker1 l2 l1)
21.391: (pour-shaker-to-shot cocktail1 shot9 left shaker1 l2 l1)
21.391: (pour-shaker-to-shot cocktail1 shot7 left shaker1 l2 l1)
21.391: (pour-shaker-to-shot cocktail1 shot4 left shaker1 l2 l1)
21.391: (pour-shaker-to-shot cocktail1 shot4 left shaker1 l2 l1)
21.391: (pour-shaker-to-shot cocktail1 shot9 left shaker1 l2 l1)
21.391: (pour-shaker-to-shot cocktail1 shot7 left shaker1 l2 l1)
21.434: (pour-shaker-to-shot cocktail1 shot4 left shaker1 l2 l1)
21.434: (pour-shaker-to-shot cocktail1 shot7 right shaker1 l2 l1)
21.434: (pour-shaker-to-shot cocktail1 shot4 right shaker1 l2 l1)
21.434: (pour-shaker-to-shot cocktail1 shot4 right shaker1 l2 l1)
21.434: (pour-shaker-to-shot cocktail1 shot9 right shaker1 l2 l1)
21.434: (pour-shaker-to-shot cocktail1 shot7 left shaker1 l2 l1)
21.434: (pour-shaker-to-shot cocktail1 shot9 left shaker1 l2 l1)
21.434: (pour-shaker-to-shot cocktail1 shot7 right shaker1 l2 l1)
21.434: (pour-shaker-to-shot cocktail1 shot9 right shaker1 l2 l1)
21.434: (pour-shaker-to-shot cocktail1 shot7 left shaker1 l2 l1)
18.539: (leave right shot11)
18.539: (leave right shot11)
18.539: (leave left shot11)
18.539: (leave left shot11)
18.617: (leave right shot11)
18.617: (leave left shot11)
18.633: (leave right shot11)
18.633: (leave left shot11)
18.633: (leave left shot11)
18.633: (leave left shot11)
18.633: (leave right shot11)
18.633: (leave right shot11)
18.881: (empty-shot left shot11 ingredient6)
18.881: (empty-shot right shot11 ingredient6)
19.105: (leave right shot8)
19.105: (leave left shot8)
19.399: (leave right shaker1)
19.399: (leave right shaker1)
19.399: (leave right shaker1)
19.399: (leave left shaker1)
19.399: (leave left shaker1)
19.399: (leave left shaker1)
19.441: (leave right shaker1)
19.441: (leave left shaker1)
19.549: (leave left shaker1)
19.549: (leave right shaker1)
19.549: (leave left shaker1)
19.549: (leave right shaker1)
19.572: (leave right shaker1)
19.572: (leave left shaker1)
19.591: (leave right shaker1)
19.591: (leave left shaker1)
19.621: (leave left shaker1)
19.621: (leave right shaker1)
19.643: (leave right shaker1)
19.643: (leave left shaker1)
19.652: (leave left shaker1)
19.653: (leave right shaker1)
19.653: (leave left shaker1)
19.654: (leave left shaker1)
19.654: (leave right shaker1)
19.654: (leave right shaker1)
19.673: (leave left shaker1)
19.673: (leave right shaker1)
19.720: (leave right shot5)
19.720: (leave left shot5)
19.944: (empty-shot left shot5 ingredient3)
19.944: (empty-shot right shot5 ingredient3)
19.968: (empty-shot left shot8 ingredient5)
19.968: (empty-shot right shot8 ingredient5)
20.016: (leave right shot5)
20.016: (leave left shot5)
20.144: (leave left shot8)
20.144: (leave right shot8)
20.312: (leave left shot5)
20.312: (leave left shot5)
20.312: (leave right shot5)
20.312: (leave right shot5)
20.312: (leave right shot8)
20.312: (leave right shot8)
20.312: (leave right shot8)
20.312: (leave left shot8)
20.312: (leave left shot8)
20.312: (leave left shot8)
20.312: (leave right shot5)
20.313: (leave left shot5)
20.313: (leave left shot10)
20.313: (leave left shot2)
20.313: (leave left shot2)
20.313: (leave left shot10)
20.313: (leave left shot2)
20.313: (leave right shot10)
20.313: (leave left shot10)
20.313: (leave right shot2)
20.313: (leave right shot10)
20.313: (leave right shot10)
20.313: (leave right shot2)
20.313: (leave right shot2)
20.468: (leave left shot3)
20.468: (leave left shot6)
17.849: (leave left shot11)
17.849: (leave right shot11)
17.884: (grasp left shaker1)
17.884: (grasp left shaker1)
17.884: (grasp right shaker1)
17.884: (grasp right shaker1)
17.914: (grasp right shaker1)
17.915: (grasp left shaker1)
17.961: (grasp left shaker1)
17.961: (grasp left shaker1)
17.961: (grasp right shaker1)
17.961: (grasp right shaker1)
17.977: (grasp left shaker1)
17.977: (grasp right shaker1)
19.386: (grasp left shot1)
19.386: (grasp left shot1)
19.386: (grasp right shot1)
19.386: (grasp right shot1)
19.413: (grasp right shot1)
19.413: (grasp left shot1)
19.460: (clean-shot shot5 ingredient3 right left)
19.460: (clean-shot shot5 ingredient3 left right)
19.465: (grasp right shot9)
19.465: (grasp right shot7)
19.465: (grasp left shot4)
19.465: (grasp right shot9)
19.465: (grasp right shot7)
19.465: (grasp left shot7)
19.465: (grasp right shot4)
19.465: (grasp left shot9)
19.465: (grasp right shot4)
19.465: (grasp left shot7)
19.465: (grasp left shot4)
19.465: (grasp left shot9)
19.476: (grasp right shot1)
19.476: (grasp left shot1)
19.476: (grasp left shot1)
19.476: (grasp right shot1)
19.479: (grasp left shot1)
19.480: (grasp right shot1)
19.516: (grasp left shot6)
19.516: (grasp left shot3)
19.516: (grasp right shot3)
19.516: (grasp right shot6)
19.538: (grasp right shot9)
19.538: (grasp right shot7)
19.538: (grasp right shot4)
19.538: (grasp left shot7)
19.538: (grasp left shot9)
19.538: (grasp left shot4)
19.561: (grasp left shot7)
19.561: (grasp left shot9)
19.561: (grasp left shot4)
19.561: (grasp right shot7)
19.561: (grasp right shot4)
19.561: (grasp right shot9)
19.572: (grasp right shot4)
19.572: (grasp left shot9)
19.572: (grasp left shot7)
19.572: (grasp right shot7)
19.572: (grasp right shot7)
19.572: (grasp right shot9)
19.572: (grasp right shot4)
19.572: (grasp right shot9)
19.572: (grasp left shot4)
19.572: (grasp left shot7)
19.572: (grasp left shot9)
19.572: (grasp left shot4)
19.582: (grasp left shot8)
19.582: (grasp left shot3)
19.582: (grasp left shot6)
19.582: (grasp right shot8)
19.582: (grasp right shot8)
19.582: (grasp left shot8)
19.582: (grasp right shot3)
19.582: (grasp right shot6)
19.592: (empty-shot right shot11 ingredient6)
19.592: (empty-shot left shot11 ingredient6)
19.593: (leave right shaker1)
19.593: (leave left shaker1)
18.561: (leave left shaker1)
18.561: (leave right shot11)
18.561: (leave right shaker1)
18.561: (leave left shot11)
18.632: (grasp right shot9)
18.632: (grasp right shot7)
18.632: (grasp right shot4)
18.632: (grasp left shot4)
18.632: (grasp left shot7)
18.632: (grasp left shot9)
18.648: (grasp right shot1)
18.649: (grasp left shot1)
18.735: (grasp right shaker1)
18.736: (grasp left shaker1)
18.826: (grasp left shot3)
18.826: (grasp right shot3)
18.826: (grasp left shot6)
18.826: (grasp right shot6)
18.849: (grasp left shot8)
18.849: (grasp right shot8)
18.917: (grasp right shot10)
18.917: (grasp right shot2)
18.917: (grasp left shot10)
18.917: (grasp left shot2)
18.920: (grasp left shot5)
18.920: (grasp right shot5)
18.960: (empty-shot left shot5 ingredient3)
18.960: (empty-shot right shot5 ingredient3)
19.063: (empty-shot right shot8 ingredient5)
19.063: (empty-shot left shot8 ingredient5)
20.308: (grasp left shot4)
20.308: (grasp left shot7)
20.308: (grasp left shot9)
20.308: (grasp right shot7)
20.308: (grasp right shot9)
20.308: (grasp right shot4)
20.343: (empty-shot right shot1 ingredient5)
20.343: (empty-shot right shot1 ingredient5)
20.343: (empty-shot left shot1 ingredient5)
20.343: (empty-shot left shot1 ingredient5)
20.412: (grasp right shot1)
20.412: (grasp left shot1)
20.415: (grasp right shot9)
20.415: (grasp right shot4)
20.415: (grasp right shot7)
20.415: (grasp left shot7)
20.415: (grasp left shot9)
20.415: (grasp left shot4)
20.416: (grasp right shot6)
20.416: (grasp right shot3)
20.416: (grasp left shot3)
20.416: (grasp left shot6)
20.419: (leave left shot5)
20.420: (leave right shot5)
20.420: (empty-shot left shot1 ingredient5)
20.420: (empty-shot right shot1 ingredient5)
20.439: (empty-shot right shot1 ingredient5)
20.439: (empty-shot left shot1 ingredient5)
20.447: (empty-shot right shot1 ingredient5)
20.447: (empty-shot left shot1 ingredient5)
20.447: (empty-shot left shot1 ingredient5)
20.447: (empty-shot right shot1 ingredient5)
20.461: (grasp right shot1)
20.461: (grasp left shot1)
20.462: (empty-shot right shot5 ingredient3)
20.462: (empty-shot left shot5 ingredient3)
20.482: (grasp right shot11)
20.482: (grasp left shot11)
20.506: (empty-shot right shot8 ingredient5)
20.506: (empty-shot left shot8 ingredient5)
20.514: (empty-shot right shot8 ingredient5)
20.514: (empty-shot right shot8 ingredient5)
20.514: (empty-shot right shot8 ingredient5)
20.514: (empty-shot left shot8 ingredient5)
20.514: (empty-shot left shot8 ingredient5)
20.514: (empty-shot left shot8 ingredient5)
20.529: (grasp left shot2)
20.529: (grasp left shot10)
20.529: (grasp right shot2)
20.529: (grasp right shot10)
19.380: (leave right shaker1)
19.380: (leave left shaker1)
19.380: (leave right shot10)
19.380: (leave right shot2)
19.380: (leave left shot2)
19.380: (leave right shot5)
19.380: (leave left shot10)
19.380: (leave right shot8)
19.380: (leave left shot8)
19.380: (leave left shot5)
19.380: (grasp right shot1)
19.380: (grasp left shot1)
19.381: (leave left shot3)
19.381: (leave left shot6)
19.381: (leave right shot3)
19.381: (leave right shot11)
19.381: (leave left shot11)
19.381: (leave right shot6)
19.381: (leave left shaker1)
19.381: (leave left shaker1)
19.381: (leave right shaker1)
19.381: (grasp right shot9)
19.381: (grasp right shot7)
19.381: (grasp right shot4)
19.381: (leave left shaker1)
19.381: (grasp left shot9)
19.381: (grasp left shot4)
19.381: (grasp left shot7)
19.381: (leave right shaker1)
19.381: (leave right shaker1)
19.381: (leave left shot11)
19.381: (leave left shot11)
19.381: (leave right shot11)
19.381: (leave right shot11)
19.381: (leave left shot11)
19.381: (leave right shot11)
19.526: (grasp right shot6)
19.526: (leave right shaker1)
19.526: (grasp right shot3)
19.526: (leave left shaker1)
19.526: (leave right shaker1)
19.526: (grasp left shot3)
19.526: (grasp left shot6)
19.526: (leave left shaker1)
19.526: (leave right shot1)
19.526: (leave right shot1)
19.526: (leave left shot1)
19.526: (leave left shot1)
19.575: (grasp right shot8)
19.575: (leave right shaker1)
19.575: (leave left shot1)
19.575: (leave right shot1)
19.575: (grasp left shot8)
19.575: (leave left shaker1)
19.615: (leave left shaker1)
19.616: (leave right shaker1)
19.616: (leave right shot1)
19.617: (leave left shot1)
19.621: (leave left shaker1)
19.621: (leave right shaker1)
19.621: (grasp right shot5)
19.621: (leave right shot1)
19.621: (grasp left shot5)
19.621: (leave left shot1)
19.628: (grasp right shot2)
19.628: (grasp left shot10)
19.628: (grasp right shot10)
19.628: (grasp left shot2)
19.628: (leave left shaker1)
19.628: (leave left shaker1)
19.628: (leave right shaker1)
19.629: (leave right shot1)
19.629: (leave left shot1)
19.629: (leave right shot1)
19.629: (leave left shot1)
19.629: (leave right shaker1)
19.644: (leave right shot9)
19.645: (leave right shot4)
19.645: (leave left shot1)
19.645: (leave right shot1)
19.622: (clean-shot shot5 ingredient3 left right)
19.622: (clean-shot shot5 ingredient3 right left)
19.661: (clean-shot shot8 ingredient5 right left)
19.661: (clean-shot shot8 ingredient5 left right)
20.336: (grasp right shot1)
20.336: (grasp left shot1)
20.336: (grasp right shot1)
20.336: (grasp left shot1)
20.336: (grasp right shot7)
20.336: (grasp left shot4)
20.336: (grasp right shot9)
20.336: (grasp right shot4)
20.336: (grasp left shot7)
20.336: (grasp left shot9)
20.336: (grasp left shot1)
20.336: (grasp right shot1)
20.343: (grasp left shot9)
20.343: (grasp left shot7)
20.343: (grasp left shot4)
20.343: (grasp right shot3)
20.343: (grasp right shot6)
20.344: (grasp right shot6)
20.344: (grasp right shot3)
20.344: (grasp left shot6)
20.344: (grasp left shot3)
20.344: (grasp left shot6)
20.344: (grasp left shot3)
20.344: (grasp right shot4)
20.344: (grasp left shot3)
20.344: (grasp left shot4)
20.344: (grasp right shot7)
20.344: (grasp left shot6)
20.344: (grasp right shot9)
20.344: (grasp right shot9)
20.344: (grasp right shot7)
20.344: (grasp left shot9)
20.344: (grasp left shot7)
20.344: (grasp right shot6)
20.344: (grasp right shot4)
20.344: (grasp right shot3)
20.439: (grasp left shot4)
20.439: (grasp right shot4)
20.439: (grasp right shot7)
20.439: (grasp right shot9)
20.439: (grasp left shot9)
20.439: (grasp left shot7)
20.439: (grasp right shot5)
20.439: (grasp right shot5)
20.439: (grasp left shot5)
20.440: (grasp left shot5)
20.440: (grasp left shot5)
20.440: (grasp right shot5)
20.450: (grasp left shot7)
20.450: (grasp left shot9)
20.450: (grasp left shot4)
20.450: (grasp right shot10)
20.450: (grasp right shot2)
20.450: (grasp left shot10)
20.450: (grasp right shot9)
20.450: (grasp right shot7)
20.450: (grasp right shot2)
20.450: (grasp right shot4)
20.450: (grasp left shot2)
20.450: (grasp left shot10)
20.450: (grasp left shot9)
20.450: (grasp left shot7)
20.450: (grasp left shot2)
20.450: (grasp right shot10)
20.450: (grasp left shot10)
20.450: (grasp right shot10)
20.450: (grasp left shot2)
20.450: (grasp left shot4)
20.450: (grasp right shot2)
20.450: (grasp right shot7)
20.450: (grasp right shot9)
20.451: (grasp right shot4)
20.453: (grasp right shot4)
20.453: (grasp right shot9)
20.453: (grasp left shot9)
20.453: (grasp left shot7)
18.948: (grasp left shaker1)
18.948: (grasp right shaker1)
19.093: (grasp left shaker1)
19.093: (grasp right shaker1)
20.433: (grasp left shot1)
20.433: (grasp right shot1)
20.467: (grasp left shot1)
20.467: (grasp right shot1)
20.554: (grasp left shot4)
20.554: (grasp left shot9)
20.554: (grasp left shot7)
20.554: (grasp right shot4)
20.554: (grasp right shot7)
20.554: (grasp right shot9)
20.561: (grasp left shot4)
20.561: (grasp right shot4)
20.561: (grasp right shot9)
20.561: (grasp right shot7)
20.561: (grasp left shot9)
20.561: (grasp left shot7)
20.583: (leave right shot5)
20.583: (leave left shot5)
20.586: (grasp left shot3)
20.586: (grasp right shot6)
20.586: (grasp right shot3)
20.586: (grasp left shot6)
20.637: (grasp right shot6)
20.637: (grasp right shot3)
20.637: (grasp left shot6)
20.637: (grasp left shot3)
20.654: (grasp left shot11)
20.654: (grasp right shot11)
20.674: (grasp left shot8)
20.674: (grasp right shot8)
20.689: (grasp right shot10)
20.689: (grasp left shot2)
20.689: (grasp right shot2)
20.690: (grasp left shot10)
20.694: (grasp left shot11)
20.694: (grasp right shot11)
20.731: (grasp right shot5)
20.731: (grasp left shot5)
20.737: (grasp left shot10)
20.737: (grasp left shot2)
20.737: (grasp right shot2)
20.737: (grasp right shot10)
20.754: (leave right shot8)
20.754: (leave left shot8)
21.179: (fill-shot shot8 ingredient2 left right dispenser2)
21.179: (fill-shot shot8 ingredient2 right left dispenser2)
21.415: (fill-shot shot5 ingredient5 right left dispenser5)
21.415: (fill-shot shot5 ingredient5 left right dispenser5)
21.423: (empty-shot right shot5 ingredient3)
21.423: (empty-shot left shot5 ingredient3)
21.423: (empty-shot right shot5 ingredient3)
21.423: (empty-shot right shot5 ingredient3)
21.423: (empty-shot left shot5 ingredient3)
21.423: (empty-shot left shot5 ingredient3)
21.540: (fill-shot shot5 ingredient2 left right dispenser2)
21.540: (fill-shot shot5 ingredient2 right left dispenser2)
21.561: (fill-shot shot8 ingredient4 left right dispenser4)
21.562: (fill-shot shot8 ingredient4 right left dispenser4)
21.604: (fill-shot shot8 ingredient3 left right dispenser3)
21.604: (fill-shot shot8 ingredient3 right left dispenser3)
21.617: (fill-shot shot8 ingredient1 right left dispenser1)
21.617: (fill-shot shot8 ingredient1 left right dispenser1)
21.618: (fill-shot shot5 ingredient4 left right dispenser4)
21.618: (fill-shot shot5 ingredient4 right left dispenser4)
21.638: (fill-shot shot5 ingredient1 left right dispenser1)
21.638: (fill-shot shot5 ingredient1 right left dispenser1)
21.651: (fill-shot shot5 ingredient6 left right dispenser6)
21.651: (fill-shot shot5 ingredient6 right left dispenser6)
21.684: (fill-shot shot8 ingredient6 left right dispenser6)
21.684: (fill-shot shot8 ingredient6 right left dispenser6)
35.306: (empty-shot left shot3 cocktail2)
35.306: (empty-shot left shot6 cocktail2)
35.306: (empty-shot left shot6 cocktail2)
35.306: (empty-shot right shot3 cocktail2)
35.306: (empty-shot left shot3 cocktail2)
35.306: (empty-shot right shot6 cocktail2)
19.888: (grasp right shaker1)
19.888: (leave left shot5)
19.888: (leave right shot5)
19.888: (grasp left shaker1)
19.953: (leave right shot8)
19.954: (leave left shot8)
20.177: (leave left shot8)
20.177: (leave right shot8)
20.178: (grasp left shaker1)
20.178: (grasp right shaker1)
20.423: (empty-shot left shot5 ingredient5)
20.423: (empty-shot right shot5 ingredient5)
20.476: (empty-shot left shot5 ingredient1)
20.476: (empty-shot right shot5 ingredient1)
20.526: (empty-shot left shot5 ingredient2)
20.526: (empty-shot right shot5 ingredient2)
20.593: (empty-shot right shot5 ingredient4)
20.593: (empty-shot left shot5 ingredient4)
20.604: (leave left shot9)
20.604: (leave right shot9)
20.604: (leave left shot7)
20.604: (leave left shot4)
20.604: (leave right shot4)
20.604: (leave right shot7)
20.610: (empty-shot left shot5 ingredient6)
20.610: (empty-shot right shot5 ingredient6)
20.624: (grasp right shaker1)
20.624: (grasp left shaker1)
20.727: (empty-shot left shot8 ingredient6)
20.727: (empty-shot right shot8 ingredient6)
20.745: (grasp left shaker1)
20.745: (grasp right shaker1)
20.822: (empty-shot left shot8 ingredient4)
20.822: (empty-shot right shot8 ingredient4)
20.857: (empty-shot left shot8 ingredient3)
20.858: (empty-shot right shot8 ingredient3)
20.910: (grasp right shaker1)
20.911: (grasp left shaker1)
20.918: (grasp left shaker1)
20.918: (grasp right shaker1)
20.928: (empty-shot right shot8 ingredient1)
20.928: (empty-shot left shot8 ingredient1)
20.929: (grasp right shaker1)
20.929: (grasp left shaker1)
20.993: (grasp right shaker1)
20.993: (grasp left shaker1)
21.025: (grasp right shaker1)
21.025: (grasp left shaker1)
21.033: (grasp right shaker1)
21.033: (grasp left shaker1)
21.049: (empty-shot right shot8 ingredient2)
21.049: (empty-shot left shot8 ingredient2)
21.095: (grasp right shaker1)
21.095: (grasp left shaker1)
21.285: (leave right shot8)
21.285: (leave left shot8)
21.285: (leave right shot8)
21.285: (leave right shot8)
21.285: (grasp left shot7)
21.285: (leave left shot8)
21.286: (grasp left shot9)
21.286: (leave left shot8)
21.286: (grasp left shot4)
21.286: (grasp right shot9)
21.286: (grasp right shot7)
21.286: (grasp right shot4)
21.286: (leave right shot8)
21.286: (leave left shot8)
21.292: (grasp left shaker1)
21.292: (grasp right shaker1)
21.425: (leave right shot5)
21.425: (leave left shot5)
21.426: (grasp left shot1)
21.426: (grasp right shot1)
21.439: (empty-shot right shot1 ingredient5)
21.439: (empty-shot left shot1 ingredient5)
21.528: (leave left shot5)
21.528: (grasp left shot7)
21.528: (grasp left shot9)
21.528: (leave left shot5)
19.346: (grasp right shaker1)
19.346: (leave left shot8)
19.346: (leave right shot8)
19.346: (grasp left shaker1)
19.768: (empty-shot left shot5 ingredient5)
19.768: (empty-shot right shot5 ingredient5)
19.768: (grasp left shaker1)
19.768: (grasp right shaker1)
19.831: (empty-shot right shot5 ingredient1)
19.831: (empty-shot left shot5 ingredient1)
19.831: (grasp left shaker1)
19.831: (grasp right shaker1)
19.903: (grasp right shaker1)
19.903: (grasp left shaker1)
19.909: (empty-shot left shot5 ingredient2)
19.909: (empty-shot right shot5 ingredient2)
19.909: (grasp right shaker1)
19.910: (grasp left shaker1)
19.937: (empty-shot right shot5 ingredient4)
19.937: (empty-shot left shot5 ingredient4)
19.938: (grasp left shaker1)
19.938: (grasp right shaker1)
20.000: (grasp left shaker1)
20.000: (grasp right shaker1)
20.000: (empty-shot left shot5 ingredient6)
20.001: (empty-shot right shot5 ingredient6)
20.173: (grasp right shaker1)
20.173: (grasp left shaker1)
20.176: (empty-shot right shot8 ingredient6)
20.176: (empty-shot left shot8 ingredient6)
20.285: (grasp right shaker1)
20.286: (empty-shot left shot8 ingredient4)
20.286: (grasp left shaker1)
20.286: (empty-shot right shot8 ingredient4)
20.326: (empty-shot right shot8 ingredient3)
20.326: (empty-shot left shot8 ingredient3)
20.327: (grasp left shaker1)
20.327: (grasp right shaker1)
20.472: (empty-shot left shot8 ingredient1)
20.472: (empty-shot right shot8 ingredient1)
20.472: (grasp right shaker1)
20.472: (grasp left shaker1)
20.503: (grasp right shaker1)
20.504: (grasp left shaker1)
20.505: (empty-shot left shot8 ingredient2)
20.505: (empty-shot right shot8 ingredient2)
20.619: (leave right shot1)
20.619: (leave left shot1)
20.620: (clean-shot shot5 ingredient3 left right)
20.620: (clean-shot shot5 ingredient3 right left)
20.622: (grasp right shaker1)
20.622: (grasp right shaker1)
20.622: (grasp left shaker1)
20.622: (grasp right shot7)
20.622: (grasp right shot4)
20.622: (grasp right shot9)
20.622: (grasp left shot7)
20.622: (grasp left shot4)
20.622: (grasp left shot9)
20.623: (grasp left shaker1)
20.623: (grasp right shaker1)
20.623: (grasp left shaker1)
20.659: (grasp right shot4)
20.659: (grasp right shot9)
20.659: (grasp right shot7)
20.659: (grasp left shot9)
20.659: (grasp left shot4)
20.659: (grasp left shot7)
20.735: (grasp left shaker1)
20.736: (grasp right shaker1)
20.736: (grasp left shot1)
20.736: (grasp right shot1)
20.744: (grasp left shot4)
20.744: (grasp right shot7)
20.744: (grasp left shot9)
20.744: (grasp left shot7)
20.744: (grasp right shot4)
20.744: (grasp right shot9)
20.748: (grasp left shaker1)
20.748: (grasp right shaker1)
19.905: (grasp left shaker1)
19.905: (grasp right shaker1)
20.212: (grasp right shot1)
20.212: (grasp left shot1)
20.217: (grasp right shot7)
20.217: (grasp right shot4)
20.217: (grasp right shot9)
20.217: (grasp left shaker1)
20.217: (grasp left shaker1)
20.217: (grasp left shot4)
20.217: (grasp left shot7)
20.217: (grasp left shot9)
20.217: (grasp right shaker1)
20.217: (grasp right shaker1)
20.217: (grasp right shaker1)
20.217: (grasp left shaker1)
20.359: (grasp left shot3)
20.359: (grasp left shot6)
20.359: (grasp right shot3)
20.359: (grasp right shot6)
20.411: (grasp right shot2)
20.411: (grasp right shot10)
20.411: (grasp left shot2)
20.411: (grasp left shot10)
20.419: (grasp left shot11)
20.419: (grasp right shot11)
20.439: (grasp left shot5)
20.439: (grasp right shot5)
20.455: (leave right shot8)
20.455: (leave left shot8)
20.656: (leave left shot5)
20.656: (leave right shot5)
20.670: (leave right shot5)
20.670: (leave left shot5)
20.707: (leave right shot5)
20.707: (leave left shot5)
20.876: (leave left shot5)
20.876: (leave right shot5)
20.901: (leave right shot5)
20.901: (leave left shot5)
20.921: (leave left shot5)
20.921: (leave right shot5)
21.203: (leave right shot8)
21.203: (leave left shot8)
21.280: (leave left shot8)
21.280: (leave right shot8)
21.281: (leave left shot8)
21.281: (leave right shot8)
21.322: (grasp right shot1)
21.322: (grasp right shot1)
21.322: (grasp right shot1)
21.322: (grasp left shot1)
21.323: (grasp left shot1)
21.323: (grasp left shot1)
21.440: (grasp left shot9)
21.440: (grasp left shot4)
21.440: (grasp left shot7)
21.440: (grasp right shot4)
21.440: (grasp right shot7)
21.440: (grasp right shot9)
21.526: (leave left shaker1)
21.526: (leave right shaker1)
21.558: (leave right shot8)
21.558: (leave left shot8)
21.577: (grasp right shot3)
21.577: (grasp right shot6)
21.577: (grasp left shot3)
21.577: (grasp left shot6)
21.586: (leave left shot5)
21.587: (leave right shot5)
21.634: (grasp left shot8)
21.634: (grasp right shot8)
21.651: (grasp right shot11)
21.651: (grasp left shot11)
21.675: (empty-shot left shot1 ingredient5)
21.675: (empty-shot right shot1 ingredient5)
21.675: (grasp left shot9)
21.675: (grasp left shot7)
21.675: (grasp left shot4)
21.676: (grasp right shot4)
19.282: (empty-shot left shot1 ingredient5)
19.282: (empty-shot right shot1 ingredient5)
20.769: (empty-shot left shot1 ingredient5)
20.769: (empty-shot right shot1 ingredient5)
20.769: (empty-shot right shot1 ingredient5)
20.770: (empty-shot right shot1 ingredient5)
20.770: (empty-shot left shot1 ingredient5)
20.770: (empty-shot left shot1 ingredient5)
20.824: (leave right shot9)
20.824: (leave right shot7)
20.824: (leave left shot9)
20.824: (leave right shot4)
20.825: (leave left shot7)
20.825: (leave left shot4)
20.825: (leave right shaker1)
20.825: (leave left shaker1)
20.862: (leave right shot1)
20.862: (leave left shot1)
20.863: (grasp right shaker1)
20.863: (grasp left shaker1)
20.863: (leave right shot5)
20.863: (leave left shot5)
20.948: (leave left shaker1)
20.948: (leave left shaker1)
20.948: (leave right shaker1)
20.948: (leave right shaker1)
20.981: (leave left shaker1)
20.981: (leave right shaker1)
21.019: (leave right shaker1)
21.019: (leave right shaker1)
21.019: (leave left shaker1)
21.019: (leave left shaker1)
21.030: (leave right shaker1)
21.030: (leave left shaker1)
21.042: (leave left shaker1)
21.042: (leave right shaker1)
21.050: (grasp left shot9)
21.050: (grasp left shot7)
21.050: (grasp left shot4)
21.050: (grasp right shot4)
21.050: (grasp right shot7)
21.050: (grasp right shot9)
21.350: (leave right shaker1)
21.350: (leave left shaker1)
21.354: (leave right shaker1)
21.354: (leave left shaker1)
21.370: (leave left shaker1)
21.370: (leave right shaker1)
21.400: (grasp right shot1)
21.400: (grasp left shot1)
21.414: (empty-shot right shot5 ingredient3)
21.414: (empty-shot left shot5 ingredient3)
21.475: (grasp right shot6)
21.475: (grasp right shot3)
21.475: (grasp left shot6)
21.475: (grasp left shot3)
21.484: (grasp right shot1)
21.484: (grasp left shot1)
21.502: (grasp left shot4)
21.502: (grasp right shot7)
21.502: (grasp right shot9)
21.502: (grasp right shot4)
21.502: (grasp left shot7)
21.502: (grasp left shot9)
21.520: (grasp left shot2)
21.520: (grasp left shot10)
21.520: (grasp right shot10)
21.520: (grasp right shot2)
21.525: (grasp right shot4)
21.525: (grasp left shot7)
21.525: (grasp left shot9)
21.525: (grasp left shot4)
21.525: (grasp right shot9)
21.525: (grasp right shot7)
21.541: (grasp right shot11)
21.541: (grasp left shot11)
21.542: (grasp left shot1)
21.542: (grasp right shot1)
21.549: (grasp left shot5)
21.549: (grasp right shot5)
19.901: (leave right shot7)
19.901: (leave left shot9)
19.901: (leave left shot7)
19.901: (leave left shot4)
19.901: (leave right shot4)
19.901: (leave right shot9)
19.901: (leave right shaker1)
19.901: (leave left shaker1)
19.901: (empty-shot left shot1 ingredient5)
19.901: (empty-shot right shot1 ingredient5)
20.177: (leave right shot1)
20.177: (leave left shot1)
20.569: (empty-shot right shot1 ingredient5)
20.569: (empty-shot left shot1 ingredient5)
20.911: (clean-shot shot11 ingredient6 left right)
20.911: (clean-shot shot11 ingredient6 right left)
21.060: (refill-shot shot11 ingredient6 right left dispenser6)
21.060: (refill-shot shot11 ingredient6 left right dispenser6)
21.490: (leave left shot1)
21.490: (leave right shot1)
21.490: (leave right shot1)
21.490: (leave left shot1)
21.490: (leave right shot1)
21.490: (leave left shot1)
21.524: (grasp left shot4)
21.524: (grasp right shot4)
21.524: (grasp left shot9)
21.524: (grasp right shot7)
21.524: (grasp left shot7)
21.524: (leave right shaker1)
21.524: (leave left shaker1)
21.524: (leave left shaker1)
21.524: (leave left shaker1)
21.524: (leave right shaker1)
21.524: (leave right shaker1)
21.525: (grasp right shot9)
21.653: (grasp left shot9)
21.653: (grasp left shot7)
21.653: (grasp left shot4)
21.653: (grasp right shot9)
21.653: (grasp right shot7)
21.653: (grasp right shot4)
21.697: (grasp left shot9)
21.697: (grasp left shot4)
21.697: (grasp left shot7)
21.697: (grasp right shot4)
21.697: (grasp right shot9)
21.697: (grasp right shot7)
21.697: (grasp left shot4)
21.697: (grasp right shot9)
21.697: (grasp left shot7)
21.697: (grasp left shot9)
21.697: (grasp right shot4)
21.697: (grasp right shot7)
21.728: (grasp left shot4)
21.728: (grasp left shot7)
21.728: (grasp left shot9)
21.728: (grasp right shot4)
21.728: (grasp right shot7)
21.728: (grasp left shot4)
21.728: (grasp right shot9)
21.728: (grasp left shot9)
21.728: (grasp left shot7)
21.728: (grasp right shot4)
21.728: (grasp right shot9)
21.728: (grasp right shot7)
21.761: (grasp right shot9)
21.761: (grasp right shot7)
21.761: (grasp right shot4)
21.761: (grasp left shot9)
21.761: (grasp left shot7)
21.761: (grasp left shot4)
21.771: (grasp right shot9)
21.771: (grasp right shot7)
21.772: (grasp left shot9)
21.772: (grasp right shot4)
21.772: (grasp left shot7)
21.772: (grasp left shot4)
21.821: (grasp left shot3)
21.821: (grasp left shot6)
18.933: (clean-shot shot1 ingredient5 left right)
18.933: (clean-shot shot1 ingredient5 right left)
19.847: (leave right shot11)
19.847: (leave left shot11)
20.012: (leave right shot11)
20.012: (leave left shot11)
20.332: (grasp left shaker1)
20.332: (grasp right shaker1)
20.467: (grasp left shaker1)
20.467: (grasp right shaker1)
20.504: (fill-shot shot11 ingredient4 right left dispenser4)
20.504: (fill-shot shot11 ingredient4 left right dispenser4)
20.660: (fill-shot shot11 ingredient3 right left dispenser3)
20.660: (fill-shot shot11 ingredient3 left right dispenser3)
20.773: (leave right shot9)
20.774: (leave left shot4)
20.774: (leave right shaker1)
20.774: (leave right shot4)
20.774: (leave left shot7)
20.774: (leave left shaker1)
20.774: (leave left shot1)
20.774: (leave right shot1)
20.774: (leave left shot9)
20.774: (leave right shot7)
20.879: (grasp left shot6)
20.879: (grasp left shot3)
20.879: (grasp right shot6)
20.879: (grasp right shot3)
20.933: (grasp right shot11)
20.933: (grasp left shot11)
20.959: (fill-shot shot11 ingredient2 right left dispenser2)
20.960: (fill-shot shot11 ingredient2 left right dispenser2)
20.969: (grasp left shot2)
20.969: (grasp right shot2)
20.969: (grasp left shot10)
20.969: (grasp right shot10)
20.972: (grasp right shot5)
20.972: (grasp left shot5)
20.989: (grasp left shot9)
20.989: (grasp right shot4)
20.989: (grasp left shot7)
20.989: (grasp left shot4)
20.989: (grasp right shot7)
20.989: (grasp right shot9)
20.989: (grasp left shaker1)
20.989: (grasp right shaker1)
20.989: (grasp right shaker1)
20.990: (grasp left shaker1)
20.990: (grasp right shaker1)
20.990: (grasp left shaker1)
21.013: (fill-shot shot11 ingredient5 right left dispenser5)
21.013: (fill-shot shot11 ingredient5 left right dispenser5)
21.154: (leave right shaker1)
21.155: (leave left shaker1)
21.191: (grasp left shot6)
21.191: (grasp left shot3)
21.191: (grasp right shot3)
21.191: (grasp right shot6)
21.242: (grasp right shot2)
21.242: (grasp left shot2)
21.242: (grasp left shot10)
21.242: (grasp right shot10)
21.246: (grasp left shot8)
21.246: (grasp right shot8)
21.252: (grasp right shot11)
21.252: (grasp left shot11)
21.270: (grasp left shot5)
21.270: (grasp right shot5)
21.303: (leave left shot1)
21.303: (leave right shot1)
21.327: (fill-shot shot11 ingredient1 right left dispenser1)
21.327: (fill-shot shot11 ingredient1 left right dispenser1)
21.413: (grasp left shot8)
21.413: (grasp right shot8)
21.659: (grasp left shot8)
21.659: (grasp left shot8)
21.659: (grasp right shot8)
21.659: (grasp right shot8)
21.659: (grasp right shot8)
21.659: (grasp left shot8)
18.126: (leave right shot1)
18.126: (leave left shot1)
18.297: (grasp left shaker1)
18.297: (grasp right shaker1)
19.257: (grasp left shaker1)
19.257: (grasp right shaker1)
19.257: (leave right shot11)
19.258: (leave left shot11)
19.420: (leave right shot11)
19.420: (leave left shot11)
19.420: (grasp right shaker1)
19.420: (grasp left shaker1)
19.637: (leave left shot11)
19.637: (leave right shot11)
19.766: (leave left shot11)
19.766: (leave right shot11)
19.822: (grasp left shot9)
19.822: (grasp left shot7)
19.822: (grasp left shot4)
19.823: (grasp right shot7)
19.823: (grasp right shot4)
19.823: (grasp right shot9)
19.892: (grasp right shaker1)
19.892: (grasp left shaker1)
19.903: (grasp right shot3)
19.903: (grasp right shot6)
19.903: (grasp left shot3)
19.903: (grasp left shot6)
19.908: (leave right shot11)
19.908: (leave left shot11)
19.935: (leave left shot11)
19.935: (leave right shot11)
19.965: (grasp right shot11)
19.965: (grasp left shot11)
19.997: (grasp right shot5)
19.998: (grasp left shot5)
20.003: (grasp right shot2)
20.003: (grasp right shot10)
20.003: (grasp left shot10)
20.003: (grasp left shot2)
20.046: (grasp right shaker1)
20.046: (grasp left shaker1)
20.174: (clean-shot shot1 ingredient5 left right)
20.174: (clean-shot shot1 ingredient5 right left)
20.288: (leave left shot11)
20.289: (leave right shot11)
20.339: (grasp right shaker1)
20.339: (grasp left shaker1)
20.386: (grasp left shot8)
20.386: (grasp right shot8)
20.389: (grasp left shaker1)
20.390: (grasp right shaker1)
20.562: (empty-shot right shot11 ingredient4)
20.562: (empty-shot left shot11 ingredient4)
20.599: (empty-shot left shot11 ingredient3)
20.599: (empty-shot right shot11 ingredient3)
20.606: (grasp left shot9)
20.606: (grasp left shot4)
20.606: (grasp right shot4)
20.606: (grasp left shot7)
20.606: (grasp right shot7)
20.606: (grasp right shot9)
20.719: (grasp left shot1)
20.719: (grasp right shot1)
20.760: (grasp left shot4)
20.760: (grasp left shot7)
20.760: (grasp right shot7)
20.760: (grasp left shot9)
20.760: (grasp right shot4)
20.760: (grasp right shot9)
20.841: (grasp right shot6)
20.841: (grasp right shot3)
20.841: (grasp left shot3)
20.841: (grasp left shot6)
20.850: (empty-shot right shot11 ingredient5)
20.850: (empty-shot left shot11 ingredient5)
20.885: (grasp left shot1)
20.885: (grasp right shot1)
20.895: (empty-shot left shot11 ingredient2)
20.895: (empty-shot right shot11 ingredient2)
17.553: (leave right shot1)
17.553: (grasp right shaker1)
17.553: (grasp left shaker1)
17.553: (leave left shot1)
18.959: (leave right shot1)
18.959: (leave right shot1)
18.959: (grasp right shot7)
18.959: (grasp right shot4)
18.959: (grasp right shot9)
18.959: (grasp left shot4)
18.959: (grasp left shot7)
18.959: (grasp left shot9)
18.960: (leave left shot1)
18.960: (leave left shot1)
18.960: (leave left shot1)
18.960: (leave right shot1)
19.023: (leave right shot11)
19.023: (leave left shot11)
19.023: (grasp right shaker1)
19.023: (grasp left shaker1)
19.121: (grasp right shot6)
19.121: (grasp left shot3)
19.121: (grasp left shot6)
19.121: (grasp right shot3)
19.121: (leave right shot1)
19.121: (leave left shot1)
19.121: (leave left shot1)
19.121: (leave right shot1)
19.146: (grasp left shaker1)
19.146: (grasp right shaker1)
19.147: (leave right shot11)
19.147: (leave left shot11)
19.158: (leave left shot1)
19.158: (leave right shot1)
19.159: (grasp right shot11)
19.159: (grasp left shot11)
19.191: (leave right shot1)
19.191: (leave left shot1)
19.191: (leave right shot1)
19.191: (leave left shot1)
19.192: (grasp left shot10)
19.192: (grasp right shot2)
19.192: (grasp left shot2)
19.192: (grasp right shot10)
19.212: (leave left shot1)
19.212: (leave right shot1)
19.213: (grasp left shot5)
19.213: (grasp right shot5)
19.254: (leave left shot1)
19.254: (leave right shot1)
19.306: (grasp left shaker1)
19.306: (grasp right shaker1)
19.307: (leave left shot11)
19.307: (leave right shot11)
19.331: (leave left shot11)
19.331: (leave right shot11)
19.332: (grasp left shaker1)
19.332: (grasp right shaker1)
19.526: (grasp right shaker1)
19.526: (grasp left shaker1)
19.597: (leave right shot1)
19.597: (grasp right shot8)
19.597: (grasp left shot8)
19.598: (leave left shot1)
19.854: (leave right shot11)
19.854: (leave left shot11)
19.876: (empty-shot left shot1 ingredient5)
19.877: (empty-shot right shot1 ingredient5)
19.887: (leave left shot11)
19.887: (leave right shot11)
19.892: (leave right shot11)
19.892: (leave left shot11)
19.904: (leave right shot11)
19.904: (leave left shot11)
19.937: (empty-shot left shot1 ingredient5)
19.937: (empty-shot right shot1 ingredient5)
19.962: (empty-shot right shot11 ingredient4)
19.962: (empty-shot left shot11 ingredient4)
19.964: (grasp left shaker1)
19.964: (grasp right shaker1)
18.246: (grasp right shaker1)
18.246: (grasp right shaker1)
18.246: (grasp left shaker1)
18.246: (grasp left shot9)
18.246: (grasp right shaker1)
18.246: (grasp left shot4)
18.246: (grasp left shot7)
18.246: (grasp right shot4)
18.246: (grasp right shot9)
18.246: (grasp right shot7)
18.246: (grasp left shaker1)
18.247: (grasp left shaker1)
18.552: (grasp right shaker1)
18.552: (grasp right shot6)
18.552: (grasp right shot3)
18.552: (grasp left shot3)
18.552: (grasp left shot6)
18.552: (grasp right shaker1)
18.552: (grasp left shaker1)
18.552: (grasp left shaker1)
18.585: (grasp left shot11)
18.585: (grasp right shot11)
18.585: (grasp right shaker1)
18.585: (grasp left shaker1)
18.618: (grasp left shot10)
18.618: (grasp right shot10)
18.618: (grasp right shot2)
18.618: (grasp left shot2)
18.618: (grasp right shaker1)
18.618: (grasp right shaker1)
18.618: (grasp left shaker1)
18.618: (grasp left shaker1)
18.644: (grasp right shot5)
18.644: (grasp left shaker1)
18.644: (grasp left shot5)
18.644: (grasp right shaker1)
18.651: (grasp left shaker1)
18.651: (grasp right shaker1)
18.652: (leave left shot1)
18.652: (leave right shot1)
18.921: (clean-shot shot1 ingredient5 left right)
18.921: (clean-shot shot1 ingredient5 right left)
18.958: (clean-shot shot1 ingredient5 left right)
18.958: (clean-shot shot1 ingredient5 right left)
19.016: (grasp left shot8)
19.016: (grasp right shot8)
19.017: (grasp left shaker1)
19.017: (grasp right shaker1)
19.100: (clean-shot shot11 ingredient6 left right)
19.100: (clean-shot shot11 ingredient6 right left)
19.219: (grasp right shaker1)
19.219: (grasp left shaker1)
19.232: (refill-shot shot11 ingredient6 left right dispenser6)
19.232: (refill-shot shot11 ingredient6 right left dispenser6)
19.239: (leave left shot11)
19.239: (leave right shot11)
19.240: (grasp left shaker1)
19.240: (grasp right shaker1)
19.278: (grasp left shaker1)
19.278: (grasp right shaker1)
19.284: (grasp left shaker1)
19.284: (grasp right shaker1)
19.302: (grasp right shaker1)
19.304: (grasp left shaker1)
19.340: (grasp right shaker1)
19.340: (grasp left shaker1)
19.766: (grasp right shot4)
19.766: (grasp right shot7)
19.766: (grasp right shot9)
19.766: (grasp left shot4)
19.766: (grasp left shot7)
19.766: (grasp left shot9)
19.822: (grasp left shot7)
19.822: (grasp right shot7)
19.822: (grasp right shot4)
19.822: (grasp right shot4)
19.822: (grasp right shot9)
19.822: (grasp right shot7)
19.822: (grasp left shot9)
19.822: (grasp left shot7)
18.055: (leave right shot11)
18.056: (leave left shot11)
18.056: (leave left shot1)
18.057: (leave right shot1)
18.183: (leave right shot11)
18.183: (leave left shot11)
18.184: (leave right shot1)
18.185: (leave left shot1)
18.255: (grasp left shaker1)
18.256: (grasp right shaker1)
18.342: (grasp right shaker1)
18.342: (grasp left shaker1)
18.511: (grasp left shaker1)
18.511: (grasp right shaker1)
18.663: (grasp left shaker1)
18.663: (grasp right shaker1)
18.957: (fill-shot shot11 ingredient4 right left dispenser4)
18.957: (fill-shot shot11 ingredient4 left right dispenser4)
19.021: (fill-shot shot11 ingredient3 right left dispenser3)
19.022: (fill-shot shot11 ingredient3 left right dispenser3)
19.090: (fill-shot shot11 ingredient2 right left dispenser2)
19.091: (fill-shot shot11 ingredient2 left right dispenser2)
19.314: (fill-shot shot11 ingredient1 right left dispenser1)
19.314: (fill-shot shot11 ingredient1 left right dispenser1)
19.337: (grasp right shot9)
19.337: (grasp right shot7)
19.337: (grasp left shot9)
19.337: (grasp left shot7)
19.337: (grasp left shot4)
19.337: (grasp right shot4)
19.403: (fill-shot shot11 ingredient5 left right dispenser5)
19.404: (fill-shot shot11 ingredient5 right left dispenser5)
19.628: (empty-shot left shot5 ingredient3)
19.628: (empty-shot right shot5 ingredient3)
19.642: (grasp left shot3)
19.642: (grasp left shot6)
19.642: (grasp right shot3)
19.642: (grasp right shot6)
19.684: (grasp right shot11)
19.684: (grasp left shot11)
19.720: (grasp left shot2)
19.720: (grasp left shot10)
19.720: (grasp right shot10)
19.720: (grasp right shot2)
19.734: (grasp left shot5)
19.735: (grasp right shot5)
19.808: (grasp left shot4)
19.808: (grasp right shot7)
19.808: (grasp right shot4)
19.808: (grasp right shot9)
19.808: (grasp left shot9)
19.808: (grasp left shot7)
19.839: (grasp left shot9)
19.839: (grasp left shot7)
19.840: (grasp right shot4)
19.840: (grasp right shot7)
19.840: (grasp left shot4)
19.840: (grasp right shot9)
19.854: (grasp left shot8)
19.855: (grasp right shot8)
19.855: (empty-shot right shot8 ingredient2)
19.855: (empty-shot left shot8 ingredient2)
19.883: (grasp left shot3)
19.883: (grasp left shot6)
19.883: (grasp right shot6)
19.883: (grasp right shot3)
19.934: (grasp right shot3)
19.934: (grasp left shot3)
19.934: (grasp right shot6)
19.934: (grasp left shot6)
19.941: (grasp left shot1)
19.941: (grasp right shot1)
19.941: (grasp left shot11)
19.942: (grasp right shot11)
19.970: (grasp right shot4)
19.970: (grasp right shot9)
19.971: (grasp left shot4)
19.971: (grasp left shot9)
19.971: (grasp left shot7)
19.971: (grasp right shot7)
17.448: (grasp right shaker1)
17.448: (leave left shot1)
17.448: (leave right shot1)
17.448: (grasp left shaker1)
17.448: (leave left shot11)
17.448: (leave right shot11)
17.616: (grasp right shaker1)
17.616: (grasp left shaker1)
17.616: (leave left shot11)
17.616: (leave right shot11)
17.616: (leave right shot1)
17.616: (leave left shot1)
17.938: (leave right shot11)
17.938: (leave left shot11)
18.004: (leave right shot11)
18.004: (leave left shot11)
18.092: (leave right shot11)
18.092: (leave left shot11)
18.141: (leave right shot11)
18.141: (leave left shot11)
18.283: (grasp right shaker1)
18.283: (grasp left shaker1)
18.353: (grasp right shaker1)
18.353: (grasp left shaker1)
18.354: (leave right shot11)
18.354: (leave left shot11)
18.520: (grasp right shaker1)
18.520: (grasp left shaker1)
18.754: (grasp right shaker1)
18.754: (grasp left shaker1)
18.827: (grasp left shaker1)
18.827: (grasp right shaker1)
18.949: (leave left shot11)
18.949: (leave right shot11)
18.950: (grasp right shot4)
18.950: (grasp right shot9)
18.950: (grasp right shot7)
18.950: (grasp left shot9)
18.950: (grasp left shot4)
18.950: (grasp left shot7)
18.950: (leave left shot1)
18.950: (leave right shot1)
18.950: (leave left shot1)
18.950: (leave right shot1)
18.950: (leave right shot1)
18.950: (leave left shot1)
18.950: (leave right shot11)
18.950: (leave left shot11)
18.950: (leave left shot11)
18.950: (leave right shot11)
18.952: (empty-shot right shot11 ingredient4)
18.952: (empty-shot left shot11 ingredient4)
18.974: (leave left shot1)
18.974: (leave left shot1)
18.974: (leave right shot1)
18.974: (leave right shot1)
18.975: (leave right shot1)
18.975: (grasp right shot4)
18.975: (grasp right shot9)
18.975: (grasp right shot7)
18.975: (leave left shot1)
18.975: (grasp left shot4)
18.975: (grasp left shot7)
18.975: (grasp left shot9)
18.977: (empty-shot right shot11 ingredient3)
18.977: (empty-shot left shot11 ingredient3)
19.010: (empty-shot right shot11 ingredient2)
19.010: (empty-shot left shot11 ingredient2)
19.034: (leave right shot1)
19.034: (leave right shot1)
19.034: (leave left shot1)
19.034: (leave left shot1)
19.036: (grasp right shot6)
19.036: (grasp right shot3)
19.036: (grasp left shot3)
19.036: (grasp left shot6)
19.090: (empty-shot left shot11 ingredient5)
19.090: (empty-shot right shot11 ingredient5)
19.125: (grasp right shot2)
19.125: (grasp right shot10)
17.280: (grasp left shaker1)
17.280: (leave right shot11)
17.280: (leave left shot11)
17.280: (grasp right shaker1)
17.372: (leave right shot11)
17.372: (leave left shot11)
17.372: (grasp right shaker1)
17.372: (grasp left shaker1)
17.503: (leave left shot11)
17.503: (leave right shot11)
17.504: (grasp left shaker1)
17.504: (grasp right shaker1)
17.562: (grasp left shaker1)
17.562: (grasp right shaker1)
17.562: (leave left shot11)
17.562: (leave right shot11)
17.785: (leave left shot11)
17.785: (leave right shot11)
17.785: (grasp left shaker1)
17.786: (grasp right shaker1)
18.048: (leave left shot11)
18.049: (leave right shot11)
18.080: (leave right shot11)
18.080: (leave left shot11)
18.081: (leave left shot11)
18.081: (leave right shot11)
18.087: (leave right shot11)
18.087: (leave left shot11)
18.236: (grasp right shaker1)
18.237: (grasp right shot4)
18.237: (grasp right shot7)
18.237: (grasp right shot9)
18.237: (grasp left shaker1)
18.237: (grasp right shaker1)
18.237: (grasp left shot7)
18.237: (grasp left shot9)
18.237: (grasp left shot4)
18.237: (grasp left shaker1)
18.237: (grasp left shaker1)
18.237: (grasp right shaker1)
18.261: (grasp left shaker1)
18.261: (grasp right shaker1)
18.261: (grasp left shot7)
18.261: (grasp left shot4)
18.261: (grasp left shot9)
18.261: (grasp right shot4)
18.261: (grasp left shaker1)
18.261: (grasp left shaker1)
18.261: (grasp right shot7)
18.261: (grasp right shaker1)
18.261: (grasp right shot9)
18.262: (grasp right shaker1)
18.280: (empty-shot right shot11 ingredient4)
18.280: (empty-shot left shot11 ingredient4)
18.281: (grasp left shaker1)
18.281: (grasp right shaker1)
18.306: (empty-shot right shot11 ingredient3)
18.306: (empty-shot left shot11 ingredient3)
18.307: (grasp left shaker1)
18.307: (grasp right shaker1)
18.429: (grasp left shaker1)
18.429: (grasp right shaker1)
18.430: (empty-shot right shot11 ingredient2)
18.430: (empty-shot left shot11 ingredient2)
18.441: (grasp left shaker1)
18.441: (grasp left shaker1)
18.442: (grasp right shaker1)
18.442: (grasp right shaker1)
18.443: (grasp right shot3)
18.443: (grasp right shot6)
18.443: (grasp left shot6)
18.443: (grasp left shot3)
18.503: (empty-shot left shot11 ingredient5)
18.503: (empty-shot right shot11 ingredient5)
18.505: (grasp right shaker1)
18.505: (grasp left shaker1)
18.516: (grasp right shot2)
18.516: (grasp left shot2)
18.516: (grasp left shot10)
18.516: (grasp right shot10)
17.447: (leave right shot11)
17.447: (grasp left shaker1)
17.447: (leave left shot11)
17.447: (grasp right shaker1)
17.486: (leave right shot11)
17.486: (leave left shot11)
17.486: (grasp left shaker1)
17.486: (grasp right shaker1)
17.486: (leave right shot11)
17.486: (leave left shot11)
17.487: (grasp right shaker1)
17.487: (grasp left shaker1)
17.490: (grasp left shaker1)
17.490: (leave left shot11)
17.490: (leave right shot11)
17.490: (grasp right shaker1)
18.150: (grasp left shot9)
18.150: (grasp left shot7)
18.150: (grasp left shot4)
18.150: (grasp right shot4)
18.150: (grasp right shot7)
18.150: (grasp right shot9)
18.154: (grasp left shot1)
18.154: (grasp right shot1)
18.207: (grasp left shot4)
18.207: (grasp right shot7)
18.207: (grasp left shot9)
18.207: (grasp right shot4)
18.207: (grasp right shot9)
18.207: (grasp left shot7)
18.212: (grasp left shot1)
18.213: (grasp right shot1)
18.249: (grasp left shot4)
18.249: (grasp right shot9)
18.249: (grasp right shot7)
18.249: (grasp right shot4)
18.249: (grasp left shot9)
18.249: (grasp left shot7)
18.258: (grasp left shot6)
18.258: (grasp left shot3)
18.258: (grasp right shot6)
18.258: (grasp right shot3)
18.276: (grasp right shot1)
18.276: (grasp left shot1)
18.283: (grasp right shot9)
18.283: (grasp right shot7)
18.283: (grasp right shot4)
18.283: (grasp left shot9)
18.283: (grasp left shot4)
18.283: (grasp left shot7)
18.320: (grasp right shot1)
18.320: (grasp left shot1)
18.348: (grasp left shot5)
18.348: (grasp right shot5)
18.349: (grasp right shot10)
18.349: (grasp right shot2)
18.349: (grasp left shot10)
18.349: (grasp left shot2)
18.359: (grasp right shot3)
18.359: (grasp right shot6)
18.359: (grasp left shot6)
18.359: (grasp left shot3)
18.440: (grasp left shot10)
18.440: (grasp left shot2)
18.440: (grasp right shot2)
18.440: (grasp right shot10)
18.475: (grasp right shot5)
18.475: (grasp left shot5)
18.502: (grasp right shot6)
18.502: (grasp right shot3)
18.502: (grasp left shot6)
18.502: (grasp left shot3)
18.560: (grasp left shot3)
18.560: (grasp left shot6)
18.561: (grasp right shot6)
18.561: (grasp right shot3)
18.571: (grasp left shot2)
18.571: (grasp right shot10)
18.571: (grasp left shot10)
18.571: (grasp right shot2)
18.227: (grasp left shot7)
18.227: (grasp left shot4)
18.227: (grasp left shot9)
18.227: (grasp right shot9)
18.227: (grasp right shot7)
18.227: (grasp right shot4)
18.245: (grasp left shot1)
18.245: (grasp right shot1)
18.245: (grasp left shot7)
18.245: (grasp left shot9)
18.245: (grasp left shot4)
18.245: (grasp right shot7)
18.245: (grasp right shot4)
18.245: (grasp right shot9)
18.248: (grasp right shot7)
18.248: (grasp right shot4)
18.248: (grasp right shot9)
18.248: (grasp left shot4)
18.248: (grasp left shot7)
18.248: (grasp left shot9)
18.260: (grasp left shot4)
18.260: (grasp left shot9)
18.260: (grasp left shot7)
18.261: (grasp right shot9)
18.261: (grasp right shot4)
18.261: (grasp right shot7)
18.265: (grasp right shot1)
18.265: (grasp left shot1)
18.271: (grasp left shot1)
18.271: (grasp right shot1)
18.278: (grasp right shot1)
18.279: (grasp left shot1)
18.444: (grasp left shot6)
18.444: (grasp right shot6)
18.444: (grasp left shot3)
18.444: (grasp right shot3)
18.483: (grasp right shot6)
18.483: (grasp left shot6)
18.483: (grasp left shot3)
18.483: (grasp right shot3)
18.484: (grasp left shot3)
18.484: (grasp right shot3)
18.484: (grasp right shot6)
18.484: (grasp left shot6)
18.488: (grasp left shot3)
18.488: (grasp left shot6)
18.488: (grasp right shot3)
18.488: (grasp right shot6)
18.515: (grasp right shot10)
18.515: (grasp right shot2)
18.515: (grasp left shot10)
18.515: (grasp left shot2)
18.536: (grasp left shot5)
18.536: (grasp right shot5)
18.554: (grasp left shot10)
18.554: (grasp right shot2)
18.554: (grasp left shot2)
18.554: (grasp right shot10)
18.555: (grasp right shot2)
18.555: (grasp left shot2)
18.555: (grasp right shot10)
18.556: (grasp left shot10)
18.557: (grasp right shot2)
18.557: (grasp right shot10)
18.557: (grasp left shot10)
18.558: (grasp left shot2)
18.576: (grasp left shot5)
18.576: (grasp right shot5)
18.579: (grasp left shot5)
18.579: (grasp right shot5)
18.590: (grasp left shot5)
18.590: (grasp right shot5)
18.825: (leave right shaker1)
18.826: (leave left shaker1)
18.851: (leave left shaker1)
18.851: (leave right shaker1)
18.851: (leave left shaker1)
18.851: (leave right shaker1)
18.851: (leave right shaker1)
18.851: (leave left shaker1)
18.907: (leave left shaker1)
18.907: (leave right shaker1)
18.928: (leave right shaker1)
18.928: (leave left shaker1)
18.929: (leave right shaker1)
18.929: (leave left shaker1)
18.938: (leave left shaker1)
18.938: (leave left shaker1)
18.938: (leave left shaker1)
18.938: (leave right shaker1)
18.938: (leave right shaker1)
18.938: (leave right shaker1)
18.940: (leave left shaker1)
18.940: (leave right shaker1)
18.960: (leave left shaker1)
18.960: (leave left shaker1)
18.960: (leave right shaker1)
18.960: (leave left shaker1)
18.960: (leave left shaker1)
18.960: (leave right shaker1)
18.960: (leave right shaker1)
18.961: (leave right shaker1)
18.961: (leave right shaker1)
18.961: (leave right shaker1)
18.961: (leave left shaker1)
18.961: (leave left shaker1)
18.971: (leave left shaker1)
18.971: (leave right shaker1)
18.971: (leave right shaker1)
18.971: (leave left shaker1)
18.971: (leave right shaker1)
18.971: (leave left shaker1)
19.032: (leave right shaker1)
19.032: (leave left shaker1)
19.032: (leave left shaker1)
19.032: (leave right shaker1)
19.064: (leave left shaker1)
19.064: (leave left shaker1)
19.064: (leave right shaker1)
19.064: (leave right shaker1)
19.068: (leave left shaker1)
19.068: (leave left shaker1)
19.068: (leave right shaker1)
19.068: (leave right shaker1)
19.068: (leave left shaker1)
19.068: (leave right shaker1)
19.068: (leave left shaker1)
19.068: (leave right shaker1)
19.117: (leave right shaker1)
19.117: (leave left shaker1)
19.117: (leave right shaker1)
19.117: (leave left shaker1)
19.124: (leave right shaker1)
19.124: (leave left shaker1)
19.147: (leave left shaker1)
19.147: (leave left shaker1)
19.147: (leave right shaker1)
19.148: (leave right shaker1)
19.152: (leave right shaker1)
19.152: (leave left shaker1)
19.152: (leave right shaker1)
19.152: (leave left shaker1)
19.153: (leave right shaker1)
19.153: (leave left shaker1)
19.153: (leave left shaker1)
19.154: (leave right shaker1)
19.161: (leave right shaker1)
19.161: (leave left shaker1)
19.162: (leave right shaker1)
19.162: (leave left shaker1)
19.171: (leave right shaker1)
19.171: (leave left shaker1)
19.516: (empty-shot right shot5 ingredient3)
19.516: (empty-shot left shot5 ingredient3)
19.547: (empty-shot right shot5 ingredient3)
19.547: (empty-shot left shot5 ingredient3)
19.558: (empty-shot right shot5 ingredient3)
19.558: (empty-shot left shot5 ingredient3)
19.564: (empty-shot left shot5 ingredient3)
19.564: (empty-shot right shot5 ingredient3)
19.797: (grasp right shot7)
19.797: (grasp right shot4)
19.797: (grasp right shot9)
19.797: (grasp left shot4)
19.797: (grasp left shot9)
19.797: (grasp left shot7)
19.798: (grasp right shot1)
19.798: (grasp right shot1)
19.798: (grasp right shot1)
19.798: (grasp left shot1)
19.798: (grasp left shot1)
19.798: (grasp left shot1)
19.802: (grasp left shot4)
19.802: (grasp left shot4)
19.802: (grasp right shot4)
19.802: (grasp left shot9)
19.802: (grasp left shot7)
19.802: (grasp right shot9)
19.802: (grasp left shot7)
19.802: (grasp right shot7)
19.802: (grasp right shot7)
19.802: (grasp right shot4)
19.802: (grasp right shot9)
19.802: (grasp left shot9)
19.815: (grasp left shot1)
19.815: (grasp right shot1)
19.815: (grasp right shot1)
19.816: (grasp left shot1)
19.816: (grasp right shot1)
19.816: (grasp right shot4)
19.816: (grasp right shot7)
19.816: (grasp right shot9)
19.816: (grasp left shot4)
19.816: (grasp left shot7)
19.816: (grasp left shot9)
19.816: (grasp left shot1)
19.819: (grasp right shot1)
19.819: (grasp right shot1)
19.819: (grasp left shot1)
19.819: (grasp left shot1)
19.819: (grasp right shot1)
19.819: (grasp left shot1)
19.820: (grasp right shot9)
19.820: (grasp right shot4)
19.820: (grasp right shot7)
19.820: (grasp left shot9)
19.820: (grasp left shot7)
19.820: (grasp left shot4)
19.821: (grasp right shot9)
19.821: (grasp right shot4)
19.821: (grasp right shot7)
19.821: (grasp right shot4)
19.822: (grasp right shot7)
19.822: (grasp right shot9)
19.822: (grasp left shot9)
19.822: (grasp left shot7)
19.822: (grasp left shot7)
19.822: (grasp left shot4)
19.822: (grasp left shot9)
19.822: (grasp left shot4)
19.823: (grasp right shot4)
19.823: (grasp right shot9)
19.823: (grasp right shot9)
19.823: (grasp right shot7)
19.823: (grasp right shot4)
19.823: (grasp left shot4)
19.823: (grasp left shot7)
19.823: (grasp right shot7)
19.823: (grasp left shot4)
19.823: (grasp left shot7)
19.823: (grasp left shot9)
19.823: (grasp left shot9)
19.830: (grasp right shot7)
19.830: (grasp right shot9)
19.830: (grasp right shot4)
19.831: (grasp left shot7)
19.831: (grasp left shot9)
19.831: (grasp left shot4)
19.831: (grasp left shot1)
19.831: (grasp right shot1)
18.907: (leave left shot7)
18.907: (leave right shot7)
18.907: (leave right shot4)
18.907: (leave right shot9)
18.907: (leave left shot9)
18.907: (leave left shot4)
18.928: (leave left shot7)
18.928: (leave left shot4)
18.928: (leave right shot4)
18.928: (leave right shot7)
18.928: (leave left shot9)
18.928: (leave right shot9)
18.930: (leave left shot4)
18.930: (leave right shot9)
18.930: (leave right shot4)
18.930: (leave left shot7)
18.930: (leave right shot7)
18.930: (leave left shot9)
18.938: (leave right shot7)
18.938: (leave left shot9)
18.938: (leave left shot7)
18.938: (leave right shot4)
18.938: (leave left shot4)
18.938: (leave left shot7)
18.938: (leave left shot9)
18.938: (leave right shot9)
18.938: (leave right shot1)
18.938: (leave right shot7)
18.938: (leave left shot4)
18.938: (leave right shot1)
18.938: (leave right shot4)
18.938: (leave right shot9)
18.938: (leave right shot1)
18.938: (leave left shot1)
18.938: (leave left shot1)
18.938: (leave left shot1)
18.940: (leave right shot7)
18.940: (leave left shot4)
18.940: (leave right shot4)
18.940: (leave left shot7)
18.940: (leave left shot9)
18.940: (leave right shot9)
18.960: (leave right shot4)
18.960: (leave right shot7)
18.960: (leave left shot9)
18.960: (leave right shot7)
18.960: (leave left shot4)
18.960: (leave left shot4)
18.960: (leave left shot1)
18.960: (leave right shot9)
18.960: (leave right shot9)
18.960: (leave left shot9)
18.960: (leave right shot4)
18.960: (leave left shot7)
18.960: (leave left shot1)
18.960: (leave left shot7)
18.960: (leave left shot1)
18.960: (leave right shot1)
18.960: (leave right shot1)
18.960: (leave right shot1)
18.960: (leave left shot9)
18.960: (leave right shot1)
18.960: (leave left shot7)
18.960: (leave right shot9)
18.960: (leave right shot4)
18.961: (leave left shot7)
18.961: (leave left shot1)
18.961: (leave left shot1)
18.961: (leave right shot1)
18.961: (leave left shot1)
18.961: (leave right shot1)
18.961: (leave left shot4)
18.961: (leave left shot4)
18.961: (leave right shot4)
18.961: (leave left shot9)
18.961: (leave right shot7)
18.961: (leave right shot7)
18.961: (leave right shot9)
18.971: (leave left shot1)
18.971: (leave left shot1)
Failed to find a solution!
