/u/ibrahim.eisawy/Neural-Guided-Search/venv/lib/python3.10/site-packages/pymimir_rgnn/model.py:151: UserWarning: index_reduce() is in beta and the API may change at any time. (Triggered internally at /pytorch/aten/src/ATen/native/cuda/Indexing.cu:1541.)
  max_msg.index_reduce_(0, output_indices, output_messages, reduce='amax', include_self=True)
Torch: 2.12.0+cu130
Using GPU:  NVIDIA L40S
72.742: (load-truck p27 t1 l1-1)
72.756: (load-truck p20 t3 l3-0)
72.758: (fly-airplane a0 l5-0 l1-0)
72.759: (fly-airplane a1 l5-0 l1-0)
72.765: (load-truck p4 t4 l4-1)
70.815: (load-truck p23 t4 l4-1)
71.766: (load-truck p20 t3 l3-0)
71.766: (load-truck p27 t1 l1-1)
71.773: (load-truck p27 t1 l1-1)
71.774: (load-truck p4 t4 l4-1)
69.823: (load-truck p27 t1 l1-1)
69.823: (load-truck p23 t4 l4-1)
69.842: (fly-airplane a0 l5-0 l1-0)
69.842: (fly-airplane a1 l5-0 l1-0)
69.852: (load-truck p4 t4 l4-1)
68.063: (load-truck p4 t4 l4-1)
68.064: (load-truck p27 t1 l1-1)
68.856: (load-truck p27 t1 l1-1)
68.857: (fly-airplane a0 l5-0 l1-0)
68.857: (fly-airplane a1 l5-0 l1-0)
67.096: (fly-airplane a0 l5-0 l1-0)
67.096: (fly-airplane a1 l5-0 l1-0)
67.097: (load-truck p4 t4 l4-1)
67.097: (load-truck p4 t4 l4-1)
67.112: (load-truck p26 t2 l2-0)
66.136: (load-airplane p1 a0 l1-0)
66.136: (load-airplane p1 a1 l1-0)
66.145: (load-truck p26 t2 l2-0)
66.146: (load-truck p26 t2 l2-0)
66.146: (fly-airplane a0 l5-0 l1-0)
65.184: (load-airplane p1 a0 l1-0)
65.185: (load-truck p26 t2 l2-0)
65.185: (load-truck p26 t2 l2-0)
65.185: (load-airplane p1 a1 l1-0)
65.201: (load-airplane p2 a2 l4-0)
64.166: (load-airplane p17 a2 l4-0)
64.174: (load-airplane p16 a2 l4-0)
64.248: (load-airplane p16 a2 l4-0)
64.248: (load-airplane p16 a2 l4-0)
64.249: (load-airplane p2 a2 l4-0)
63.141: (load-airplane p16 a2 l4-0)
63.141: (load-airplane p17 a2 l4-0)
63.213: (load-airplane p17 a2 l4-0)
63.213: (load-truck p26 t2 l2-0)
63.213: (load-airplane p17 a2 l4-0)
62.179: (load-airplane p2 a2 l4-0)
62.179: (load-airplane p17 a2 l4-0)
62.181: (load-truck p26 t2 l2-0)
62.181: (load-airplane p2 a2 l4-0)
62.904: (drive-truck t2 l2-0 l2-3 c2)
62.136: (drive-truck t2 l2-0 l2-2 c2)
62.136: (drive-truck t2 l2-0 l2-2 c2)
62.156: (drive-truck t0 l0-2 l0-0 c0)
62.156: (drive-truck t0 l0-2 l0-0 c0)
62.158: (drive-truck t2 l2-0 l2-1 c2)
60.826: (load-truck p14 t2 l2-1)
61.157: (load-truck p21 t2 l2-2)
61.157: (load-truck p21 t2 l2-2)
61.159: (load-truck p0 t0 l0-0)
61.160: (load-truck p0 t0 l0-0)
59.829: (load-truck p24 t2 l2-1)
60.692: (drive-truck t3 l3-0 l3-2 c3)
60.800: (drive-truck t0 l0-2 l0-0 c0)
60.807: (drive-truck t2 l2-1 l2-2 c2)
60.810: (drive-truck t0 l0-2 l0-3 c0)
59.400: (load-truck p5 t0 l0-3)
59.696: (load-truck p24 t2 l2-1)
59.696: (drive-truck t3 l3-0 l3-2 c3)
59.803: (load-truck p24 t2 l2-1)
59.804: (drive-truck t2 l2-1 l2-2 c2)
58.033: (load-truck p21 t2 l2-2)
58.403: (load-truck p24 t2 l2-1)
58.808: (load-truck p0 t0 l0-0)
59.266: (drive-truck t3 l3-0 l3-2 c3)
59.350: (drive-truck t0 l0-3 l0-1 c0)
57.910: (drive-truck t3 l3-0 l3-2 c3)
58.008: (drive-truck t0 l0-2 l0-0 c0)
58.017: (drive-truck t0 l0-2 l0-3 c0)
58.019: (drive-truck t1 l1-1 l1-2 c1)
58.020: (drive-truck t1 l1-1 l1-3 c1)
56.350: (load-truck p15 t1 l1-2)
56.571: (load-truck p9 t1 l1-3)
56.609: (load-truck p5 t0 l0-3)
57.013: (load-truck p0 t0 l0-0)
57.062: (load-truck p6 t1 l1-3)
55.409: (load-truck p7 t1 l1-2)
55.612: (load-truck p6 t1 l1-3)
55.613: (load-truck p9 t1 l1-3)
56.229: (drive-truck t3 l3-0 l3-2 c3)
56.326: (drive-truck t0 l0-2 l0-0 c0)
55.286: (load-truck p7 t1 l1-2)
55.286: (drive-truck t3 l3-0 l3-2 c3)
55.330: (load-truck p0 t0 l0-0)
55.368: (drive-truck t0 l0-2 l0-3 c0)
55.382: (drive-truck t0 l0-2 l0-0 c0)
53.087: (load-truck p5 t0 l0-3)
54.384: (load-truck p0 t0 l0-0)
54.385: (load-truck p7 t1 l1-2)
55.209: (drive-truck t3 l3-0 l3-2 c3)
55.245: (drive-truck t3 l3-0 l3-2 c3)
52.966: (drive-truck t3 l3-0 l3-2 c3)
52.966: (load-truck p5 t0 l0-3)
53.074: (drive-truck t1 l1-2 l1-3 c1)
53.085: (fly-airplane a0 l5-0 l1-0)
53.088: (drive-truck t5 l5-0 l5-1 c5)
51.664: (load-truck p9 t1 l1-3)
52.117: (load-truck p6 t1 l1-3)
52.147: (load-truck p10 t5 l5-1)
52.172: (load-truck p22 t5 l5-1)
52.951: (drive-truck t1 l1-2 l1-3 c1)
50.707: (load-truck p9 t1 l1-3)
50.708: (load-truck p6 t1 l1-3)
50.743: (load-truck p22 t5 l5-1)
50.744: (load-truck p10 t5 l5-1)
51.541: (drive-truck t3 l3-0 l3-2 c3)
50.026: (drive-truck t5 l5-1 l5-3 c5)
50.445: (drive-truck t5 l5-1 l5-2 c5)
50.582: (load-truck p6 t1 l1-3)
50.584: (drive-truck t3 l3-0 l3-2 c3)
50.624: (drive-truck t3 l3-0 l3-2 c3)
49.904: (drive-truck t5 l5-1 l5-3 c5)
49.904: (drive-truck t3 l3-0 l3-2 c3)
49.994: (fly-airplane a0 l5-0 l1-0)
49.996: (drive-truck t1 l1-2 l1-3 c1)
49.999: (fly-airplane a0 l5-0 l4-0)
48.615: (load-truck p9 t1 l1-3)
49.037: (load-truck p6 t1 l1-3)
49.872: (fly-airplane a0 l5-0 l1-0)
49.872: (drive-truck t3 l3-0 l3-2 c3)
49.873: (drive-truck t3 l3-0 l3-2 c3)
47.661: (load-truck p9 t1 l1-3)
47.661: (load-truck p6 t1 l1-3)
48.492: (load-truck p9 t1 l1-3)
48.493: (drive-truck t3 l3-0 l3-2 c3)
48.580: (fly-airplane a0 l5-0 l1-0)
47.538: (load-truck p6 t1 l1-3)
47.538: (drive-truck t3 l3-0 l3-2 c3)
47.626: (fly-airplane a0 l5-0 l1-0)
47.626: (load-truck p6 t1 l1-3)
47.630: (fly-airplane a0 l5-0 l4-0)
47.179: (unload-truck p24 t2 l2-2)
47.502: (drive-truck t3 l3-0 l3-2 c3)
47.503: (fly-airplane a0 l5-0 l1-0)
47.507: (fly-airplane a0 l5-0 l4-0)
47.507: (drive-truck t3 l3-0 l3-2 c3)
46.305: (drive-truck t2 l2-2 l2-0 c2)
46.528: (drive-truck t2 l2-2 l2-1 c2)
46.888: (drive-truck t5 l5-3 l5-2 c5)
47.059: (drive-truck t2 l2-2 l2-3 c2)
47.149: (unload-truck p24 t2 l2-2)
46.269: (fly-airplane a0 l5-0 l1-0)
46.270: (drive-truck t2 l2-2 l2-0 c2)
46.273: (fly-airplane a0 l5-0 l4-0)
46.301: (fly-airplane a0 l5-0 l0-0)
46.318: (drive-truck t2 l2-2 l2-0 c2)
45.417: (load-airplane p0 a0 l0-0)
46.283: (drive-truck t5 l5-3 l5-2 c5)
46.284: (fly-airplane a0 l5-0 l1-0)
46.285: (drive-truck t1 l1-3 l1-2 c1)
46.285: (drive-truck t1 l1-3 l1-1 c1)
45.345: (fly-airplane a0 l0-0 l1-0)
45.346: (fly-airplane a0 l0-0 l4-0)
45.410: (fly-airplane a0 l0-0 l5-0)
45.417: (drive-truck t1 l1-3 l1-1 c1)
45.417: (drive-truck t1 l1-3 l1-2 c1)
45.345: (fly-airplane a0 l0-0 l4-0)
45.345: (fly-airplane a0 l0-0 l1-0)
45.345: (fly-airplane a0 l0-0 l1-0)
45.345: (fly-airplane a0 l0-0 l4-0)
45.346: (fly-airplane a2 l4-0 l1-0)
45.345: (drive-truck t1 l1-3 l1-2 c1)
45.345: (fly-airplane a2 l4-0 l1-0)
45.345: (drive-truck t1 l1-3 l1-1 c1)
45.346: (fly-airplane a1 l1-0 l4-0)
45.346: (fly-airplane a1 l1-0 l4-0)
45.345: (fly-airplane a2 l4-0 l1-0)
45.345: (drive-truck t1 l1-2 l1-3 c1)
45.346: (fly-airplane a2 l4-0 l1-0)
45.346: (fly-airplane a1 l1-0 l4-0)
45.346: (drive-truck t1 l1-1 l1-3 c1)
45.344: (drive-truck t1 l1-2 l1-1 c1)
45.345: (drive-truck t1 l1-2 l1-3 c1)
45.346: (drive-truck t1 l1-1 l1-3 c1)
45.346: (fly-airplane a2 l4-0 l1-0)
45.346: (fly-airplane a0 l1-0 l4-0)
45.346: (fly-airplane a0 l1-0 l4-0)
45.346: (drive-truck t1 l1-1 l1-3 c1)
45.357: (drive-truck t5 l5-3 l5-2 c5)
45.363: (drive-truck t5 l5-3 l5-2 c5)
45.408: (fly-airplane a2 l1-0 l5-0)
45.357: (fly-airplane a1 l4-0 l1-0)
45.357: (fly-airplane a0 l4-0 l1-0)
45.357: (drive-truck t1 l1-3 l1-1 c1)
45.358: (drive-truck t1 l1-3 l1-2 c1)
45.358: (drive-truck t1 l1-1 l1-2 c1)
45.356: (fly-airplane a2 l1-0 l4-0)
45.356: (fly-airplane a2 l1-0 l4-0)
45.357: (fly-airplane a1 l4-0 l1-0)
45.357: (fly-airplane a2 l1-0 l4-0)
45.358: (drive-truck t1 l1-1 l1-2 c1)
45.356: (fly-airplane a2 l1-0 l4-0)
45.357: (fly-airplane a0 l4-0 l1-0)
45.357: (fly-airplane a1 l4-0 l1-0)
45.357: (drive-truck t1 l1-1 l1-2 c1)
45.358: (fly-airplane a1 l4-0 l1-0)
45.363: (drive-truck t1 l1-2 l1-3 c1)
45.364: (drive-truck t1 l1-1 l1-3 c1)
45.364: (drive-truck t1 l1-2 l1-3 c1)
45.419: (fly-airplane a1 l1-0 l5-0)
45.420: (fly-airplane a1 l1-0 l5-0)
45.363: (fly-airplane a1 l1-0 l4-0)
45.364: (fly-airplane a2 l4-0 l1-0)
45.409: (drive-truck t5 l5-2 l5-3 c5)
45.410: (drive-truck t5 l5-2 l5-3 c5)
45.426: (drive-truck t1 l1-1 l1-3 c1)
45.364: (fly-airplane a1 l1-0 l4-0)
45.408: (drive-truck t1 l1-1 l1-3 c1)
45.408: (drive-truck t1 l1-2 l1-3 c1)
45.408: (drive-truck t5 l5-2 l5-3 c5)
45.414: (fly-airplane a1 l5-0 l0-0)
45.414: (fly-airplane a1 l5-0 l0-0)
45.415: (drive-truck t1 l1-2 l1-1 c1)
45.415: (drive-truck t1 l1-2 l1-3 c1)
45.428: (drive-truck t5 l5-3 l5-2 c5)
45.428: (fly-airplane a1 l4-0 l5-0)
45.408: (drive-truck t5 l5-2 l5-3 c5)
45.419: (drive-truck t1 l1-3 l1-2 c1)
45.420: (drive-truck t1 l1-3 l1-1 c1)
45.427: (drive-truck t5 l5-3 l5-2 c5)
45.427: (drive-truck t1 l1-2 l1-1 c1)
45.409: (drive-truck t5 l5-2 l5-3 c5)
45.410: (drive-truck t5 l5-2 l5-3 c5)
45.410: (drive-truck t1 l1-3 l1-2 c1)
45.411: (drive-truck t1 l1-3 l1-1 c1)
45.414: (fly-airplane a1 l5-0 l0-0)
45.414: (drive-truck t1 l1-3 l1-2 c1)
45.415: (fly-airplane a1 l5-0 l0-0)
45.415: (fly-airplane a1 l5-0 l0-0)
45.416: (drive-truck t1 l1-3 l1-1 c1)
45.435: (drive-truck t5 l5-3 l5-2 c5)
45.427: (drive-truck t5 l5-3 l5-2 c5)
45.428: (drive-truck t5 l5-3 l5-2 c5)
45.428: (drive-truck t1 l1-3 l1-1 c1)
45.428: (drive-truck t1 l1-3 l1-2 c1)
45.550: (drive-truck t3 l3-2 l3-0 c3)
45.479: (fly-airplane a1 l0-0 l1-0)
45.479: (fly-airplane a1 l0-0 l4-0)
45.544: (fly-airplane a1 l0-0 l5-0)
45.550: (drive-truck t1 l1-2 l1-3 c1)
45.552: (drive-truck t1 l1-2 l1-1 c1)
45.479: (fly-airplane a1 l0-0 l4-0)
45.479: (fly-airplane a1 l0-0 l1-0)
45.481: (drive-truck t1 l1-2 l1-3 c1)
45.481: (fly-airplane a0 l4-0 l1-0)
45.481: (fly-airplane a2 l1-0 l4-0)
45.478: (fly-airplane a0 l4-0 l1-0)
45.479: (fly-airplane a2 l1-0 l4-0)
45.480: (drive-truck t1 l1-2 l1-1 c1)
45.480: (drive-truck t1 l1-2 l1-1 c1)
45.480: (fly-airplane a1 l4-0 l1-0)
45.479: (fly-airplane a2 l1-0 l4-0)
45.480: (drive-truck t1 l1-1 l1-3 c1)
45.480: (fly-airplane a0 l4-0 l1-0)
45.480: (fly-airplane a2 l1-0 l4-0)
45.481: (drive-truck t1 l1-2 l1-3 c1)
45.480: (fly-airplane a1 l4-0 l1-0)
45.480: (drive-truck t1 l1-1 l1-3 c1)
45.481: (fly-airplane a0 l4-0 l1-0)
45.488: (drive-truck t5 l5-3 l5-2 c5)
45.490: (drive-truck t5 l5-3 l5-2 c5)
45.491: (drive-truck t1 l1-1 l1-2 c1)
45.491: (drive-truck t1 l1-1 l1-2 c1)
45.491: (fly-airplane a0 l1-0 l4-0)
45.491: (fly-airplane a2 l4-0 l1-0)
45.497: (drive-truck t1 l1-1 l1-3 c1)
45.488: (fly-airplane a0 l1-0 l4-0)
45.490: (drive-truck t1 l1-1 l1-2 c1)
45.490: (fly-airplane a2 l4-0 l1-0)
45.491: (fly-airplane a0 l1-0 l4-0)
45.491: (drive-truck t1 l1-1 l1-2 c1)
45.490: (fly-airplane a1 l4-0 l1-0)
45.491: (drive-truck t1 l1-1 l1-2 c1)
45.491: (fly-airplane a2 l4-0 l1-0)
45.491: (fly-airplane a0 l1-0 l4-0)
45.497: (drive-truck t1 l1-2 l1-3 c1)
45.497: (drive-truck t1 l1-2 l1-3 c1)
45.497: (fly-airplane a0 l4-0 l1-0)
45.497: (drive-truck t1 l1-2 l1-3 c1)
45.497: (drive-truck t1 l1-1 l1-3 c1)
45.498: (fly-airplane a2 l4-0 l1-0)
45.497: (fly-airplane a0 l4-0 l1-0)
45.559: (fly-airplane a2 l1-0 l5-0)
45.561: (fly-airplane a1 l1-0 l5-0)
45.561: (fly-airplane a1 l1-0 l5-0)
45.562: (fly-airplane a1 l4-0 l5-0)
45.426: (drive-truck t3 l3-0 l3-2 c3)
45.543: (drive-truck t5 l5-2 l5-3 c5)
45.543: (drive-truck t5 l5-2 l5-3 c5)
45.543: (drive-truck t5 l5-2 l5-3 c5)
45.552: (drive-truck t1 l1-3 l1-2 c1)
45.407: (drive-truck t3 l3-0 l3-2 c3)
45.408: (drive-truck t5 l5-2 l5-3 c5)
45.420: (drive-truck t1 l1-3 l1-2 c1)
45.420: (drive-truck t1 l1-3 l1-1 c1)
45.433: (fly-airplane a2 l5-0 l0-0)
45.409: (drive-truck t5 l5-2 l5-3 c5)
45.410: (drive-truck t1 l1-3 l1-1 c1)
45.410: (drive-truck t5 l5-2 l5-3 c5)
45.411: (drive-truck t1 l1-3 l1-2 c1)
45.414: (fly-airplane a2 l5-0 l0-0)
45.414: (fly-airplane a2 l5-0 l0-0)
45.415: (drive-truck t1 l1-3 l1-2 c1)
45.415: (fly-airplane a2 l5-0 l0-0)
45.416: (drive-truck t1 l1-3 l1-1 c1)
45.545: (drive-truck t3 l3-2 l3-0 c3)
45.428: (drive-truck t5 l5-3 l5-2 c5)
45.428: (drive-truck t5 l5-3 l5-2 c5)
45.545: (drive-truck t1 l1-1 l1-2 c1)
45.550: (fly-airplane a2 l5-0 l0-0)
45.551: (drive-truck t3 l3-2 l3-0 c3)
45.550: (drive-truck t1 l1-1 l1-3 c1)
45.550: (fly-airplane a2 l5-0 l0-0)
45.550: (drive-truck t1 l1-1 l1-2 c1)
45.552: (drive-truck t5 l5-3 l5-2 c5)
45.561: (drive-truck t5 l5-3 l5-2 c5)
45.553: (fly-airplane a2 l0-0 l5-0)
45.554: (drive-truck t1 l1-2 l1-1 c1)
45.560: (drive-truck t1 l1-1 l1-2 c1)
45.560: (fly-airplane a2 l5-0 l0-0)
45.562: (drive-truck t5 l5-3 l5-2 c5)
45.567: (drive-truck t1 l1-2 l1-3 c1)
45.788: (drive-truck t2 l2-0 l2-1 c2)
45.793: (drive-truck t2 l2-0 l2-1 c2)
45.808: (drive-truck t3 l3-0 l3-3 c3)
45.816: (drive-truck t3 l3-0 l3-3 c3)
44.044: (load-truck p3 t3 l3-3)
44.051: (load-truck p3 t3 l3-3)
45.659: (drive-truck t3 l3-0 l3-2 c3)
45.665: (drive-truck t3 l3-0 l3-2 c3)
45.722: (fly-airplane a2 l0-0 l4-0)
43.980: (fly-airplane a2 l0-0 l1-0)
43.980: (fly-airplane a2 l0-0 l4-0)
43.981: (fly-airplane a2 l5-0 l1-0)
43.981: (fly-airplane a2 l5-0 l4-0)
44.034: (drive-truck t5 l5-2 l5-3 c5)
43.970: (drive-truck t5 l5-2 l5-3 c5)
43.970: (drive-truck t5 l5-2 l5-3 c5)
43.970: (drive-truck t5 l5-2 l5-3 c5)
43.971: (drive-truck t5 l5-2 l5-3 c5)
43.971: (fly-airplane a2 l5-0 l1-0)
43.968: (drive-truck t1 l1-2 l1-3 c1)
43.968: (drive-truck t1 l1-1 l1-3 c1)
43.969: (drive-truck t1 l1-2 l1-3 c1)
43.969: (drive-truck t3 l3-3 l3-2 c3)
43.970: (drive-truck t1 l1-1 l1-3 c1)
43.968: (drive-truck t3 l3-3 l3-2 c3)
43.968: (fly-airplane a0 l4-0 l1-0)
43.968: (drive-truck t1 l1-2 l1-3 c1)
43.968: (drive-truck t3 l3-3 l3-2 c3)
43.969: (fly-airplane a1 l1-0 l4-0)
43.967: (fly-airplane a1 l1-0 l4-0)
43.968: (fly-airplane a1 l1-0 l4-0)
43.968: (drive-truck t3 l3-3 l3-2 c3)
43.968: (fly-airplane a0 l4-0 l1-0)
43.969: (drive-truck t1 l1-3 l1-1 c1)
43.967: (drive-truck t3 l3-3 l3-2 c3)
43.968: (fly-airplane a1 l1-0 l4-0)
43.968: (fly-airplane a2 l4-0 l1-0)
43.969: (fly-airplane a0 l4-0 l1-0)
43.969: (drive-truck t1 l1-3 l1-1 c1)
43.969: (drive-truck t1 l1-3 l1-2 c1)
43.969: (drive-truck t1 l1-3 l1-2 c1)
43.970: (fly-airplane a0 l1-0 l4-0)
43.970: (fly-airplane a1 l1-0 l4-0)
43.970: (drive-truck t3 l3-2 l3-3 c3)
43.969: (fly-airplane a2 l1-0 l4-0)
43.969: (drive-truck t1 l1-1 l1-2 c1)
43.970: (drive-truck t3 l3-2 l3-3 c3)
43.970: (fly-airplane a2 l4-0 l1-0)
43.970: (fly-airplane a2 l4-0 l1-0)
43.969: (fly-airplane a0 l1-0 l4-0)
43.969: (drive-truck t1 l1-1 l1-2 c1)
43.970: (fly-airplane a0 l4-0 l1-0)
43.970: (fly-airplane a1 l1-0 l4-0)
43.970: (drive-truck t3 l3-2 l3-3 c3)
43.970: (fly-airplane a1 l4-0 l1-0)
43.970: (drive-truck t3 l3-2 l3-3 c3)
43.970: (drive-truck t1 l1-1 l1-2 c1)
43.979: (drive-truck t5 l5-3 l5-2 c5)
43.980: (drive-truck t5 l5-3 l5-2 c5)
43.970: (drive-truck t3 l3-2 l3-3 c3)
43.979: (fly-airplane a2 l1-0 l4-0)
43.979: (drive-truck t3 l3-3 l3-2 c3)
43.980: (fly-airplane a0 l1-0 l4-0)
43.980: (drive-truck t1 l1-2 l1-1 c1)
43.979: (fly-airplane a2 l1-0 l4-0)
43.979: (drive-truck t3 l3-3 l3-2 c3)
43.979: (drive-truck t3 l3-3 l3-2 c3)
43.979: (fly-airplane a1 l1-0 l4-0)
43.980: (fly-airplane a0 l1-0 l4-0)
43.980: (fly-airplane a1 l4-0 l1-0)
43.980: (fly-airplane a2 l4-0 l1-0)
43.980: (drive-truck t1 l1-1 l1-2 c1)
43.981: (drive-truck t1 l1-1 l1-2 c1)
43.981: (drive-truck t1 l1-1 l1-2 c1)
43.980: (fly-airplane a1 l4-0 l1-0)
43.980: (fly-airplane a0 l4-0 l1-0)
43.980: (drive-truck t3 l3-2 l3-3 c3)
43.980: (fly-airplane a2 l4-0 l1-0)
43.981: (fly-airplane a2 l4-0 l1-0)
43.981: (drive-truck t3 l3-2 l3-3 c3)
43.981: (fly-airplane a0 l4-0 l1-0)
43.984: (drive-truck t1 l1-2 l1-3 c1)
43.984: (drive-truck t1 l1-2 l1-3 c1)
43.985: (drive-truck t1 l1-2 l1-3 c1)
43.981: (fly-airplane a2 l1-0 l4-0)
43.984: (fly-airplane a2 l1-0 l4-0)
43.984: (drive-truck t3 l3-2 l3-3 c3)
43.984: (fly-airplane a0 l4-0 l1-0)
43.985: (fly-airplane a0 l1-0 l4-0)
43.981: (fly-airplane a1 l4-0 l1-0)
43.984: (drive-truck t3 l3-2 l3-3 c3)
43.984: (fly-airplane a1 l4-0 l1-0)
43.985: (fly-airplane a2 l1-0 l4-0)
43.985: (drive-truck t1 l1-2 l1-3 c1)
43.980: (drive-truck t1 l1-2 l1-1 c1)
43.984: (fly-airplane a0 l1-0 l4-0)
43.984: (fly-airplane a1 l4-0 l1-0)
43.984: (drive-truck t3 l3-2 l3-3 c3)
43.986: (drive-truck t1 l1-2 l1-3 c1)
43.984: (drive-truck t3 l3-2 l3-3 c3)
43.984: (fly-airplane a0 l1-0 l4-0)
44.043: (fly-airplane a1 l1-0 l5-0)
44.046: (fly-airplane a0 l1-0 l5-0)
44.048: (fly-airplane a1 l1-0 l5-0)
43.985: (fly-airplane a2 l4-0 l1-0)
44.032: (drive-truck t5 l5-2 l5-3 c5)
44.035: (drive-truck t5 l5-2 l5-3 c5)
44.036: (drive-truck t5 l5-2 l5-3 c5)
44.042: (drive-truck t3 l3-3 l3-2 c3)
44.030: (drive-truck t3 l3-3 l3-2 c3)
44.033: (drive-truck t1 l1-1 l1-3 c1)
44.033: (drive-truck t1 l1-1 l1-2 c1)
44.033: (drive-truck t1 l1-3 l1-2 c1)
44.035: (drive-truck t3 l3-3 l3-2 c3)
44.032: (drive-truck t3 l3-3 l3-2 c3)
44.034: (drive-truck t1 l1-1 l1-2 c1)
44.034: (drive-truck t3 l3-3 l3-2 c3)
44.034: (drive-truck t1 l1-3 l1-2 c1)
44.035: (drive-truck t1 l1-3 l1-2 c1)
44.036: (drive-truck t1 l1-3 l1-2 c1)
44.037: (drive-truck t3 l3-3 l3-2 c3)
44.037: (drive-truck t1 l1-3 l1-1 c1)
44.039: (fly-airplane a0 l5-0 l0-0)
44.039: (fly-airplane a1 l5-0 l0-0)
44.039: (drive-truck t1 l1-2 l1-3 c1)
44.039: (drive-truck t3 l3-2 l3-3 c3)
44.039: (drive-truck t3 l3-2 l3-3 c3)
44.040: (drive-truck t1 l1-2 l1-1 c1)
44.041: (fly-airplane a0 l5-0 l0-0)
44.037: (drive-truck t3 l3-2 l3-3 c3)
44.037: (drive-truck t1 l1-2 l1-3 c1)
44.040: (drive-truck t3 l3-2 l3-3 c3)
44.040: (drive-truck t1 l1-2 l1-1 c1)
44.040: (drive-truck t1 l1-3 l1-2 c1)
44.042: (drive-truck t1 l1-2 l1-1 c1)
44.050: (drive-truck t5 l5-3 l5-2 c5)
44.053: (drive-truck t5 l5-3 l5-2 c5)
44.056: (drive-truck t5 l5-3 l5-2 c5)
44.175: (drive-truck t3 l3-3 l3-0 c3)
44.041: (drive-truck t3 l3-3 l3-2 c3)
44.046: (fly-airplane a0 l0-0 l5-0)
44.050: (drive-truck t3 l3-3 l3-2 c3)
44.051: (drive-truck t1 l1-3 l1-2 c1)
44.052: (drive-truck t1 l1-1 l1-2 c1)
44.043: (fly-airplane a1 l0-0 l5-0)
44.045: (drive-truck t3 l3-3 l3-2 c3)
44.050: (drive-truck t1 l1-2 l1-3 c1)
44.051: (drive-truck t1 l1-1 l1-2 c1)
44.051: (drive-truck t3 l3-3 l3-2 c3)
44.043: (fly-airplane a1 l0-0 l5-0)
44.044: (drive-truck t1 l1-2 l1-1 c1)
44.045: (drive-truck t3 l3-3 l3-2 c3)
44.050: (drive-truck t1 l1-2 l1-3 c1)
44.052: (drive-truck t3 l3-3 l3-2 c3)
44.050: (drive-truck t1 l1-2 l1-3 c1)
44.052: (fly-airplane a0 l5-0 l0-0)
44.057: (fly-airplane a0 l5-0 l0-0)
44.181: (drive-truck t3 l3-2 l3-0 c3)
44.183: (drive-truck t3 l3-2 l3-0 c3)
44.053: (drive-truck t3 l3-2 l3-3 c3)
44.054: (drive-truck t1 l1-3 l1-2 c1)
44.054: (drive-truck t1 l1-1 l1-2 c1)
44.055: (fly-airplane a1 l5-0 l0-0)
44.057: (drive-truck t3 l3-2 l3-3 c3)
44.190: (drive-truck t3 l3-3 l3-0 c3)
44.190: (drive-truck t3 l3-2 l3-0 c3)
44.192: (drive-truck t3 l3-2 l3-0 c3)
44.196: (drive-truck t3 l3-3 l3-0 c3)
44.272: (drive-truck t2 l2-0 l2-1 c2)
44.117: (fly-airplane a0 l0-0 l4-0)
44.117: (fly-airplane a0 l0-0 l1-0)
44.117: (fly-airplane a0 l0-0 l1-0)
44.118: (fly-airplane a0 l0-0 l4-0)
44.123: (fly-airplane a0 l0-0 l1-0)
44.106: (drive-truck t5 l5-2 l5-3 c5)
44.106: (drive-truck t5 l5-2 l5-3 c5)
44.107: (drive-truck t5 l5-2 l5-3 c5)
44.107: (drive-truck t5 l5-2 l5-3 c5)
44.107: (drive-truck t5 l5-2 l5-3 c5)
44.105: (drive-truck t1 l1-2 l1-3 c1)
44.106: (fly-airplane a1 l1-0 l4-0)
44.106: (fly-airplane a0 l1-0 l4-0)
44.106: (fly-airplane a1 l1-0 l4-0)
44.106: (fly-airplane a2 l4-0 l1-0)
44.105: (fly-airplane a2 l4-0 l1-0)
44.106: (fly-airplane a2 l4-0 l1-0)
44.106: (fly-airplane a1 l1-0 l4-0)
44.106: (drive-truck t1 l1-2 l1-1 c1)
44.107: (drive-truck t1 l1-2 l1-3 c1)
44.105: (drive-truck t1 l1-2 l1-3 c1)
44.105: (fly-airplane a1 l1-0 l4-0)
44.106: (fly-airplane a0 l1-0 l4-0)
44.106: (fly-airplane a1 l1-0 l4-0)
44.106: (drive-truck t1 l1-3 l1-2 c1)
44.107: (drive-truck t1 l1-2 l1-1 c1)
44.108: (fly-airplane a0 l4-0 l1-0)
44.117: (drive-truck t5 l5-3 l5-2 c5)
44.118: (drive-truck t5 l5-3 l5-2 c5)
44.123: (drive-truck t5 l5-3 l5-2 c5)
44.107: (fly-airplane a2 l1-0 l4-0)
44.116: (fly-airplane a1 l4-0 l1-0)
44.117: (fly-airplane a2 l1-0 l4-0)
44.117: (drive-truck t1 l1-1 l1-2 c1)
44.117: (drive-truck t1 l1-3 l1-2 c1)
44.116: (fly-airplane a1 l4-0 l1-0)
44.117: (drive-truck t1 l1-2 l1-1 c1)
44.118: (drive-truck t5 l5-3 l5-2 c5)
44.118: (drive-truck t1 l1-1 l1-2 c1)
44.122: (drive-truck t1 l1-2 l1-3 c1)
44.118: (fly-airplane a2 l4-0 l1-0)
44.122: (fly-airplane a2 l4-0 l1-0)
44.123: (drive-truck t1 l1-2 l1-3 c1)
44.180: (fly-airplane a1 l4-0 l5-0)
44.181: (fly-airplane a1 l1-0 l5-0)
44.043: (drive-truck t3 l3-0 l3-2 c3)
44.043: (drive-truck t3 l3-0 l3-3 c3)
44.124: (fly-airplane a2 l1-0 l4-0)
44.170: (drive-truck t5 l5-2 l5-3 c5)
44.172: (drive-truck t5 l5-2 l5-3 c5)
44.033: (drive-truck t3 l3-0 l3-3 c3)
44.033: (drive-truck t3 l3-0 l3-2 c3)
44.033: (drive-truck t5 l5-2 l5-3 c5)
44.034: (drive-truck t5 l5-2 l5-3 c5)
44.043: (drive-truck t1 l1-2 l1-1 c1)
44.030: (drive-truck t1 l1-2 l1-3 c1)
44.031: (drive-truck t1 l1-2 l1-3 c1)
44.035: (drive-truck t1 l1-2 l1-1 c1)
44.035: (drive-truck t5 l5-2 l5-3 c5)
44.036: (drive-truck t1 l1-2 l1-1 c1)
44.037: (fly-airplane a1 l5-0 l0-0)
44.037: (fly-airplane a1 l5-0 l0-0)
44.039: (fly-airplane a1 l5-0 l0-0)
44.040: (fly-airplane a1 l5-0 l0-0)
44.042: (drive-truck t5 l5-3 l5-2 c5)
44.038: (drive-truck t1 l1-1 l1-2 c1)
44.039: (drive-truck t1 l1-1 l1-2 c1)
44.039: (drive-truck t1 l1-3 l1-2 c1)
44.039: (drive-truck t1 l1-3 l1-2 c1)
44.050: (drive-truck t5 l5-3 l5-2 c5)
44.051: (drive-truck t3 l3-2 l3-3 c3)
44.051: (drive-truck t5 l5-3 l5-2 c5)
44.051: (drive-truck t1 l1-1 l1-2 c1)
44.051: (drive-truck t5 l5-3 l5-2 c5)
44.054: (drive-truck t1 l1-1 l1-3 c1)
44.050: (fly-airplane a1 l0-0 l5-0)
44.054: (drive-truck t1 l1-2 l1-3 c1)
44.055: (drive-truck t1 l1-1 l1-3 c1)
44.056: (drive-truck t3 l3-2 l3-3 c3)
44.188: (drive-truck t3 l3-3 l3-0 c3)
44.048: (fly-airplane a1 l0-0 l5-0)
44.049: (drive-truck t3 l3-2 l3-3 c3)
44.176: (drive-truck t5 l5-2 l5-3 c5)
44.187: (drive-truck t3 l3-2 l3-0 c3)
44.189: (drive-truck t1 l1-2 l1-1 c1)
44.169: (drive-truck t5 l5-2 l5-3 c5)
44.174: (drive-truck t1 l1-2 l1-3 c1)
44.177: (drive-truck t5 l5-2 l5-3 c5)
44.178: (drive-truck t1 l1-2 l1-1 c1)
44.180: (fly-airplane a1 l0-0 l5-0)
44.171: (fly-airplane a1 l0-0 l5-0)
44.172: (drive-truck t5 l5-2 l5-3 c5)
44.173: (drive-truck t1 l1-3 l1-1 c1)
44.193: (drive-truck t5 l5-3 l5-2 c5)
44.381: (drive-truck t2 l2-0 l2-1 c2)
44.250: (drive-truck t3 l3-0 l3-2 c3)
44.250: (drive-truck t3 l3-0 l3-3 c3)
44.316: (fly-airplane a1 l5-0 l4-0)
44.317: (fly-airplane a1 l5-0 l1-0)
44.383: (drive-truck t1 l1-3 l1-1 c1)
44.187: (drive-truck t3 l3-0 l3-3 c3)
44.187: (drive-truck t3 l3-0 l3-2 c3)
44.188: (fly-airplane a1 l5-0 l4-0)
44.188: (fly-airplane a1 l5-0 l1-0)
44.188: (fly-airplane a1 l5-0 l4-0)
44.187: (fly-airplane a0 l4-0 l1-0)
44.187: (drive-truck t3 l3-2 l3-3 c3)
44.188: (fly-airplane a0 l4-0 l1-0)
44.188: (fly-airplane a1 l4-0 l1-0)
44.190: (fly-airplane a2 l1-0 l4-0)
44.187: (fly-airplane a2 l1-0 l4-0)
44.188: (fly-airplane a2 l1-0 l4-0)
44.189: (fly-airplane a2 l1-0 l4-0)
44.189: (fly-airplane a0 l4-0 l1-0)
44.190: (drive-truck t3 l3-2 l3-3 c3)
44.188: (fly-airplane a0 l4-0 l1-0)
44.189: (fly-airplane a1 l4-0 l1-0)
44.190: (drive-truck t3 l3-2 l3-3 c3)
44.193: (drive-truck t1 l1-3 l1-1 c1)
44.193: (drive-truck t1 l1-3 l1-1 c1)
44.193: (fly-airplane a2 l4-0 l1-0)
44.193: (fly-airplane a2 l4-0 l1-0)
44.193: (fly-airplane a1 l4-0 l1-0)
44.194: (drive-truck t1 l1-3 l1-1 c1)
44.194: (fly-airplane a1 l4-0 l1-0)
44.193: (fly-airplane a0 l1-0 l4-0)
44.193: (fly-airplane a0 l1-0 l4-0)
44.193: (fly-airplane a0 l1-0 l4-0)
44.194: (drive-truck t1 l1-1 l1-2 c1)
44.194: (fly-airplane a0 l1-0 l4-0)
44.193: (fly-airplane a2 l4-0 l1-0)
44.193: (fly-airplane a1 l4-0 l1-0)
44.194: (fly-airplane a1 l4-0 l1-0)
44.194: (drive-truck t1 l1-1 l1-2 c1)
44.194: (drive-truck t1 l1-1 l1-2 c1)
44.194: (drive-truck t1 l1-1 l1-2 c1)
44.194: (drive-truck t1 l1-1 l1-2 c1)
44.194: (fly-airplane a0 l4-0 l1-0)
44.195: (fly-airplane a1 l4-0 l1-0)
44.195: (fly-airplane a0 l4-0 l1-0)
44.194: (fly-airplane a2 l1-0 l4-0)
44.194: (fly-airplane a1 l1-0 l4-0)
44.194: (fly-airplane a2 l1-0 l4-0)
44.195: (drive-truck t3 l3-3 l3-2 c3)
44.195: (fly-airplane a1 l1-0 l4-0)
44.195: (fly-airplane a1 l1-0 l4-0)
44.195: (drive-truck t3 l3-3 l3-2 c3)
44.207: (drive-truck t5 l5-3 l5-2 c5)
44.207: (drive-truck t5 l5-3 l5-2 c5)
44.208: (drive-truck t5 l5-3 l5-2 c5)
44.202: (drive-truck t1 l1-2 l1-3 c1)
44.202: (drive-truck t1 l1-2 l1-3 c1)
44.205: (drive-truck t1 l1-2 l1-3 c1)
44.207: (fly-airplane a2 l4-0 l1-0)
44.207: (drive-truck t5 l5-3 l5-2 c5)
44.201: (fly-airplane a2 l4-0 l1-0)
44.202: (fly-airplane a0 l4-0 l1-0)
44.202: (fly-airplane a1 l4-0 l1-0)
44.202: (drive-truck t3 l3-2 l3-3 c3)
44.202: (drive-truck t3 l3-2 l3-3 c3)
44.202: (fly-airplane a2 l1-0 l4-0)
44.202: (drive-truck t3 l3-2 l3-3 c3)
44.204: (fly-airplane a0 l4-0 l1-0)
44.204: (fly-airplane a1 l4-0 l1-0)
44.204: (fly-airplane a2 l4-0 l1-0)
44.203: (fly-airplane a1 l4-0 l1-0)
44.205: (drive-truck t3 l3-3 l3-2 c3)
44.207: (drive-truck t1 l1-3 l1-1 c1)
44.207: (drive-truck t1 l1-3 l1-1 c1)
44.207: (drive-truck t1 l1-3 l1-2 c1)
44.207: (drive-truck t1 l1-3 l1-1 c1)
44.207: (fly-airplane a2 l1-0 l4-0)
44.207: (fly-airplane a2 l4-0 l1-0)
44.207: (drive-truck t1 l1-3 l1-2 c1)
44.207: (fly-airplane a1 l1-0 l4-0)
44.207: (drive-truck t3 l3-3 l3-2 c3)
44.207: (fly-airplane a0 l1-0 l4-0)
44.207: (drive-truck t3 l3-2 l3-3 c3)
44.207: (drive-truck t1 l1-1 l1-2 c1)
44.207: (fly-airplane a0 l4-0 l1-0)
44.207: (fly-airplane a2 l4-0 l1-0)
44.207: (fly-airplane a1 l4-0 l1-0)
44.207: (fly-airplane a2 l1-0 l4-0)
44.207: (fly-airplane a1 l1-0 l4-0)
44.208: (drive-truck t1 l1-1 l1-2 c1)
44.269: (fly-airplane a1 l4-0 l5-0)
44.270: (fly-airplane a1 l1-0 l5-0)
44.271: (fly-airplane a1 l1-0 l5-0)
44.271: (fly-airplane a2 l1-0 l5-0)
44.272: (fly-airplane a2 l4-0 l5-0)
44.044: (drive-truck t2 l2-1 l2-0 c2)
44.044: (drive-truck t2 l2-1 l2-0 c2)
44.254: (drive-truck t5 l5-2 l5-3 c5)
44.255: (drive-truck t5 l5-2 l5-3 c5)
44.258: (drive-truck t5 l5-2 l5-3 c5)
44.034: (drive-truck t5 l5-2 l5-3 c5)
44.034: (drive-truck t5 l5-2 l5-3 c5)
44.035: (drive-truck t2 l2-1 l2-0 c2)
44.042: (drive-truck t3 l3-3 l3-2 c3)
44.044: (drive-truck t1 l1-1 l1-2 c1)
44.031: (drive-truck t1 l1-1 l1-3 c1)
44.031: (drive-truck t1 l1-1 l1-3 c1)
44.034: (drive-truck t5 l5-2 l5-3 c5)
44.035: (drive-truck t3 l3-3 l3-2 c3)
44.035: (drive-truck t1 l1-1 l1-2 c1)
44.030: (drive-truck t1 l1-1 l1-3 c1)
44.031: (drive-truck t3 l3-2 l3-3 c3)
44.031: (drive-truck t3 l3-3 l3-2 c3)
44.034: (drive-truck t1 l1-1 l1-2 c1)
44.034: (drive-truck t1 l1-3 l1-2 c1)
44.034: (drive-truck t1 l1-3 l1-2 c1)
44.036: (drive-truck t3 l3-2 l3-3 c3)
44.036: (fly-airplane a2 l5-0 l0-0)
44.037: (fly-airplane a2 l5-0 l0-0)
44.040: (fly-airplane a2 l5-0 l0-0)
44.036: (drive-truck t3 l3-3 l3-2 c3)
44.036: (drive-truck t3 l3-2 l3-3 c3)
44.037: (drive-truck t1 l1-2 l1-3 c1)
44.038: (drive-truck t1 l1-2 l1-1 c1)
44.039: (drive-truck t1 l1-3 l1-2 c1)
44.039: (drive-truck t1 l1-2 l1-1 c1)
44.039: (drive-truck t1 l1-3 l1-2 c1)
44.039: (drive-truck t3 l3-2 l3-3 c3)
44.040: (drive-truck t1 l1-3 l1-1 c1)
44.040: (drive-truck t3 l3-2 l3-3 c3)
44.039: (drive-truck t1 l1-1 l1-2 c1)
44.050: (drive-truck t5 l5-3 l5-2 c5)
44.051: (drive-truck t5 l5-3 l5-2 c5)
44.051: (drive-truck t5 l5-3 l5-2 c5)
44.051: (drive-truck t5 l5-3 l5-2 c5)
44.044: (fly-airplane a2 l0-0 l5-0)
44.050: (drive-truck t3 l3-3 l3-2 c3)
44.051: (drive-truck t3 l3-3 l3-2 c3)
44.051: (drive-truck t1 l1-1 l1-2 c1)
44.054: (drive-truck t1 l1-2 l1-3 c1)
44.044: (drive-truck t3 l3-3 l3-2 c3)
44.044: (fly-airplane a2 l0-0 l5-0)
44.048: (drive-truck t1 l1-2 l1-3 c1)
44.049: (fly-airplane a2 l0-0 l5-0)
44.051: (drive-truck t1 l1-1 l1-2 c1)
44.048: (drive-truck t3 l3-3 l3-2 c3)
44.048: (drive-truck t1 l1-2 l1-3 c1)
44.054: (drive-truck t1 l1-2 l1-3 c1)
44.181: (drive-truck t3 l3-2 l3-0 c3)
44.185: (drive-truck t3 l3-3 l3-0 c3)
44.048: (fly-airplane a2 l0-0 l5-0)
44.054: (drive-truck t3 l3-2 l3-3 c3)
44.055: (fly-airplane a2 l5-0 l0-0)
44.168: (drive-truck t5 l5-2 l5-3 c5)
44.171: (drive-truck t5 l5-2 l5-3 c5)
44.048: (fly-airplane a2 l0-0 l5-0)
44.048: (drive-truck t3 l3-2 l3-3 c3)
44.171: (drive-truck t1 l1-2 l1-1 c1)
44.172: (drive-truck t1 l1-3 l1-1 c1)
44.174: (fly-airplane a2 l5-0 l0-0)
44.044: (drive-truck t1 l1-3 l1-2 c1)
44.176: (drive-truck t1 l1-3 l1-1 c1)
44.177: (fly-airplane a2 l5-0 l0-0)
44.177: (drive-truck t1 l1-3 l1-2 c1)
44.181: (drive-truck t5 l5-3 l5-2 c5)
44.181: (drive-truck t3 l3-3 l3-0 c3)
44.187: (fly-airplane a2 l5-0 l0-0)
44.188: (drive-truck t5 l5-3 l5-2 c5)
44.189: (drive-truck t5 l5-3 l5-2 c5)
44.271: (drive-truck t2 l2-0 l2-1 c2)
44.172: (drive-truck t5 l5-2 l5-3 c5)
44.180: (drive-truck t1 l1-2 l1-1 c1)
44.186: (drive-truck t1 l1-2 l1-3 c1)
44.189: (fly-airplane a2 l5-0 l0-0)
44.192: (drive-truck t1 l1-2 l1-3 c1)
44.168: (drive-truck t5 l5-2 l5-3 c5)
44.168: (drive-truck t1 l1-2 l1-3 c1)
44.171: (drive-truck t5 l5-2 l5-3 c5)
44.171: (drive-truck t1 l1-2 l1-1 c1)
44.177: (drive-truck t5 l5-2 l5-3 c5)
44.174: (fly-airplane a2 l5-0 l0-0)
44.175: (drive-truck t1 l1-2 l1-3 c1)
44.176: (drive-truck t1 l1-2 l1-1 c1)
44.177: (fly-airplane a2 l5-0 l0-0)
44.383: (drive-truck t2 l2-0 l2-1 c2)
44.189: (drive-truck t5 l5-3 l5-2 c5)
44.193: (drive-truck t5 l5-3 l5-2 c5)
44.251: (drive-truck t3 l3-0 l3-3 c3)
44.251: (drive-truck t3 l3-0 l3-2 c3)
44.317: (fly-airplane a2 l5-0 l4-0)
44.255: (fly-airplane a2 l5-0 l0-0)
44.256: (fly-airplane a2 l5-0 l0-0)
44.257: (drive-truck t1 l1-3 l1-2 c1)
44.258: (drive-truck t1 l1-3 l1-2 c1)
44.259: (drive-truck t1 l1-3 l1-1 c1)
44.263: (drive-truck t1 l1-3 l1-2 c1)
44.263: (fly-airplane a2 l5-0 l0-0)
44.263: (fly-airplane a2 l5-0 l0-0)
44.263: (drive-truck t1 l1-3 l1-2 c1)
44.263: (drive-truck t1 l1-3 l1-1 c1)
44.263: (drive-truck t3 l3-3 l3-2 c3)
44.264: (drive-truck t1 l1-2 l1-1 c1)
44.277: (drive-truck t5 l5-3 l5-2 c5)
44.278: (drive-truck t5 l5-3 l5-2 c5)
44.278: (drive-truck t5 l5-3 l5-2 c5)
44.271: (fly-airplane a2 l0-0 l5-0)
44.271: (fly-airplane a2 l0-0 l5-0)
44.271: (drive-truck t1 l1-2 l1-3 c1)
44.271: (drive-truck t1 l1-2 l1-3 c1)
44.272: (drive-truck t1 l1-1 l1-3 c1)
44.265: (drive-truck t1 l1-2 l1-3 c1)
44.265: (drive-truck t1 l1-1 l1-3 c1)
44.266: (fly-airplane a2 l0-0 l5-0)
44.267: (fly-airplane a2 l0-0 l5-0)
44.278: (drive-truck t1 l1-3 l1-1 c1)
44.398: (drive-truck t3 l3-3 l3-0 c3)
44.398: (drive-truck t3 l3-2 l3-0 c3)
44.411: (drive-truck t3 l3-2 l3-0 c3)
44.592: (drive-truck t4 l4-1 l4-3 c4)
44.592: (drive-truck t4 l4-1 l4-3 c4)
43.594: (load-truck p18 t4 l4-3)
43.595: (load-truck p18 t4 l4-3)
43.623: (load-truck p19 t4 l4-3)
43.624: (load-truck p19 t4 l4-3)
44.332: (fly-airplane a2 l5-0 l4-0)
41.858: (load-truck p19 t4 l4-3)
41.858: (load-truck p19 t4 l4-3)
41.858: (load-truck p18 t4 l4-3)
41.858: (load-truck p18 t4 l4-3)
43.282: (drive-truck t4 l4-3 l4-1 c4)
41.640: (drive-truck t2 l2-1 l2-0 c2)
41.640: (drive-truck t2 l2-1 l2-0 c2)
41.795: (fly-airplane a2 l5-0 l1-0)
41.795: (fly-airplane a2 l5-0 l4-0)
41.795: (fly-airplane a2 l5-0 l4-0)
41.575: (drive-truck t2 l2-1 l2-0 c2)
41.575: (fly-airplane a2 l5-0 l1-0)
41.576: (fly-airplane a2 l5-0 l4-0)
41.576: (fly-airplane a2 l5-0 l4-0)
41.576: (fly-airplane a2 l5-0 l1-0)
41.559: (drive-truck t5 l5-2 l5-3 c5)
41.560: (drive-truck t5 l5-2 l5-3 c5)
41.560: (drive-truck t5 l5-2 l5-3 c5)
41.560: (drive-truck t5 l5-2 l5-3 c5)
41.574: (drive-truck t1 l1-3 l1-2 c1)
41.559: (drive-truck t4 l4-3 l4-1 c4)
41.560: (drive-truck t4 l4-3 l4-1 c4)
41.560: (drive-truck t4 l4-3 l4-1 c4)
41.560: (fly-airplane a1 l1-0 l4-0)
41.560: (fly-airplane a0 l4-0 l1-0)
41.559: (fly-airplane a1 l1-0 l4-0)
41.559: (fly-airplane a1 l1-0 l4-0)
41.559: (fly-airplane a2 l1-0 l4-0)
41.559: (fly-airplane a0 l4-0 l1-0)
41.560: (drive-truck t3 l3-3 l3-2 c3)
41.559: (fly-airplane a0 l4-0 l1-0)
41.560: (fly-airplane a0 l4-0 l1-0)
41.560: (drive-truck t4 l4-1 l4-3 c4)
41.560: (fly-airplane a1 l1-0 l4-0)
41.560: (drive-truck t3 l3-3 l3-2 c3)
41.560: (fly-airplane a2 l1-0 l4-0)
41.560: (fly-airplane a0 l4-0 l1-0)
41.560: (drive-truck t4 l4-1 l4-3 c4)
41.560: (drive-truck t4 l4-1 l4-3 c4)
41.560: (drive-truck t3 l3-3 l3-2 c3)
41.560: (drive-truck t3 l3-3 l3-2 c3)
41.560: (fly-airplane a2 l1-0 l4-0)
41.560: (fly-airplane a1 l1-0 l4-0)
41.560: (drive-truck t4 l4-1 l4-3 c4)
41.562: (drive-truck t1 l1-3 l1-2 c1)
41.561: (drive-truck t1 l1-2 l1-1 c1)
41.562: (fly-airplane a2 l4-0 l1-0)
41.562: (fly-airplane a1 l4-0 l1-0)
41.562: (drive-truck t3 l3-2 l3-3 c3)
41.565: (drive-truck t1 l1-3 l1-2 c1)
41.561: (drive-truck t1 l1-2 l1-1 c1)
41.562: (fly-airplane a0 l1-0 l4-0)
41.562: (fly-airplane a2 l4-0 l1-0)
41.562: (drive-truck t3 l3-2 l3-3 c3)
41.562: (fly-airplane a1 l4-0 l1-0)
41.561: (fly-airplane a0 l1-0 l4-0)
41.561: (drive-truck t3 l3-2 l3-3 c3)
41.562: (drive-truck t1 l1-2 l1-1 c1)
41.562: (fly-airplane a0 l1-0 l4-0)
41.562: (drive-truck t1 l1-2 l1-1 c1)
41.561: (fly-airplane a0 l1-0 l4-0)
41.562: (drive-truck t3 l3-3 l3-2 c3)
41.562: (drive-truck t3 l3-3 l3-2 c3)
41.562: (fly-airplane a0 l1-0 l4-0)
41.562: (drive-truck t3 l3-3 l3-2 c3)
41.561: (fly-airplane a1 l4-0 l1-0)
41.562: (drive-truck t1 l1-2 l1-1 c1)
41.562: (fly-airplane a2 l4-0 l1-0)
41.562: (drive-truck t3 l3-3 l3-2 c3)
41.562: (fly-airplane a0 l1-0 l4-0)
41.561: (drive-truck t1 l1-1 l1-2 c1)
41.562: (drive-truck t3 l3-2 l3-3 c3)
41.562: (fly-airplane a2 l4-0 l1-0)
41.562: (drive-truck t3 l3-3 l3-2 c3)
41.562: (fly-airplane a1 l4-0 l1-0)
41.565: (drive-truck t4 l4-1 l4-3 c4)
41.566: (drive-truck t4 l4-1 l4-3 c4)
41.571: (drive-truck t5 l5-3 l5-2 c5)
41.572: (drive-truck t5 l5-3 l5-2 c5)
41.626: (fly-airplane a1 l1-0 l5-0)
41.565: (drive-truck t3 l3-3 l3-2 c3)
41.565: (drive-truck t1 l1-1 l1-2 c1)
41.565: (fly-airplane a2 l1-0 l4-0)
41.565: (fly-airplane a1 l1-0 l4-0)
41.566: (fly-airplane a2 l1-0 l4-0)
41.565: (fly-airplane a0 l4-0 l1-0)
41.565: (drive-truck t3 l3-3 l3-2 c3)
41.565: (fly-airplane a0 l4-0 l1-0)
41.565: (fly-airplane a2 l1-0 l4-0)
41.565: (fly-airplane a1 l1-0 l4-0)
41.565: (drive-truck t1 l1-2 l1-1 c1)
41.565: (fly-airplane a1 l1-0 l4-0)
41.565: (drive-truck t3 l3-3 l3-2 c3)
41.565: (fly-airplane a0 l4-0 l1-0)
41.566: (fly-airplane a2 l1-0 l4-0)
41.566: (drive-truck t1 l1-2 l1-1 c1)
41.566: (drive-truck t1 l1-2 l1-1 c1)
41.566: (drive-truck t1 l1-2 l1-1 c1)
41.566: (drive-truck t3 l3-2 l3-3 c3)
41.566: (fly-airplane a0 l4-0 l1-0)
41.565: (fly-airplane a0 l4-0 l1-0)
41.566: (fly-airplane a1 l4-0 l1-0)
41.566: (drive-truck t3 l3-3 l3-2 c3)
41.566: (drive-truck t3 l3-2 l3-3 c3)
41.566: (fly-airplane a1 l4-0 l1-0)
41.565: (fly-airplane a0 l1-0 l4-0)
41.566: (fly-airplane a2 l1-0 l4-0)
41.575: (drive-truck t5 l5-3 l5-2 c5)
41.575: (drive-truck t5 l5-3 l5-2 c5)
41.575: (drive-truck t5 l5-3 l5-2 c5)
41.570: (drive-truck t4 l4-3 l4-1 c4)
41.571: (drive-truck t4 l4-3 l4-1 c4)
41.572: (drive-truck t4 l4-3 l4-1 c4)
41.574: (drive-truck t3 l3-2 l3-3 c3)
41.574: (fly-airplane a2 l4-0 l1-0)
41.570: (drive-truck t4 l4-3 l4-1 c4)
41.570: (drive-truck t4 l4-3 l4-1 c4)
41.571: (fly-airplane a1 l4-0 l1-0)
41.571: (drive-truck t3 l3-3 l3-2 c3)
41.571: (drive-truck t1 l1-1 l1-2 c1)
41.571: (drive-truck t3 l3-3 l3-2 c3)
41.571: (fly-airplane a1 l1-0 l4-0)
41.571: (drive-truck t1 l1-1 l1-2 c1)
41.571: (fly-airplane a0 l1-0 l4-0)
41.571: (fly-airplane a0 l1-0 l4-0)
41.571: (drive-truck t1 l1-1 l1-2 c1)
41.571: (drive-truck t1 l1-2 l1-1 c1)
41.571: (drive-truck t3 l3-3 l3-2 c3)
41.571: (drive-truck t3 l3-3 l3-2 c3)
41.571: (fly-airplane a0 l1-0 l4-0)
41.571: (fly-airplane a2 l4-0 l1-0)
41.571: (fly-airplane a2 l4-0 l1-0)
41.571: (fly-airplane a0 l4-0 l1-0)
41.571: (drive-truck t3 l3-2 l3-3 c3)
41.572: (drive-truck t1 l1-2 l1-1 c1)
41.571: (fly-airplane a0 l4-0 l1-0)
41.572: (drive-truck t3 l3-2 l3-3 c3)
41.572: (drive-truck t1 l1-2 l1-1 c1)
41.575: (drive-truck t4 l4-1 l4-3 c4)
41.575: (drive-truck t4 l4-1 l4-3 c4)
41.572: (drive-truck t1 l1-2 l1-1 c1)
41.572: (fly-airplane a0 l4-0 l1-0)
41.574: (drive-truck t1 l1-2 l1-1 c1)
41.574: (fly-airplane a1 l4-0 l1-0)
41.575: (fly-airplane a0 l4-0 l1-0)
41.574: (fly-airplane a2 l1-0 l4-0)
41.574: (drive-truck t1 l1-2 l1-1 c1)
41.575: (drive-truck t3 l3-3 l3-2 c3)
41.575: (drive-truck t3 l3-3 l3-2 c3)
41.575: (fly-airplane a0 l4-0 l1-0)
41.574: (fly-airplane a2 l1-0 l4-0)
41.575: (fly-airplane a0 l1-0 l4-0)
41.575: (drive-truck t1 l1-2 l1-1 c1)
41.575: (drive-truck t3 l3-3 l3-2 c3)
41.575: (fly-airplane a1 l1-0 l4-0)
41.574: (fly-airplane a1 l4-0 l1-0)
41.575: (fly-airplane a0 l4-0 l1-0)
41.575: (drive-truck t1 l1-2 l1-1 c1)
41.575: (fly-airplane a1 l1-0 l4-0)
41.576: (drive-truck t1 l1-2 l1-3 c1)
41.575: (drive-truck t3 l3-2 l3-3 c3)
41.575: (drive-truck t3 l3-2 l3-3 c3)
41.575: (drive-truck t1 l1-2 l1-1 c1)
41.576: (fly-airplane a0 l4-0 l1-0)
41.576: (drive-truck t1 l1-2 l1-3 c1)
41.575: (drive-truck t4 l4-3 l4-1 c4)
41.576: (drive-truck t1 l1-2 l1-3 c1)
41.576: (drive-truck t4 l4-3 l4-1 c4)
41.576: (drive-truck t4 l4-3 l4-1 c4)
41.576: (fly-airplane a2 l1-0 l4-0)
41.575: (fly-airplane a0 l1-0 l4-0)
41.575: (drive-truck t4 l4-3 l4-1 c4)
41.575: (drive-truck t3 l3-3 l3-2 c3)
41.575: (drive-truck t3 l3-2 l3-3 c3)
41.576: (fly-airplane a1 l4-0 l1-0)
41.575: (drive-truck t4 l4-1 l4-3 c4)
41.575: (fly-airplane a1 l1-0 l4-0)
41.575: (fly-airplane a0 l1-0 l4-0)
41.576: (fly-airplane a1 l4-0 l1-0)
41.576: (fly-airplane a2 l1-0 l4-0)
41.575: (drive-truck t3 l3-3 l3-2 c3)
41.576: (fly-airplane a2 l1-0 l4-0)
41.576: (drive-truck t4 l4-1 l4-3 c4)
41.576: (fly-airplane a2 l1-0 l4-0)
41.576: (drive-truck t3 l3-3 l3-2 c3)
41.640: (fly-airplane a2 l4-0 l5-0)
41.640: (fly-airplane a2 l4-0 l5-0)
41.640: (fly-airplane a2 l4-0 l5-0)
41.640: (fly-airplane a1 l4-0 l5-0)
41.641: (fly-airplane a1 l4-0 l5-0)
41.623: (drive-truck t5 l5-2 l5-3 c5)
41.623: (drive-truck t5 l5-2 l5-3 c5)
41.623: (drive-truck t5 l5-2 l5-3 c5)
41.623: (drive-truck t5 l5-2 l5-3 c5)
41.624: (drive-truck t5 l5-2 l5-3 c5)
41.622: (drive-truck t4 l4-3 l4-1 c4)
41.622: (drive-truck t3 l3-3 l3-2 c3)
41.622: (drive-truck t3 l3-2 l3-3 c3)
41.623: (drive-truck t3 l3-2 l3-3 c3)
41.623: (drive-truck t4 l4-1 l4-3 c4)
41.623: (drive-truck t4 l4-1 l4-3 c4)
41.626: (drive-truck t1 l1-3 l1-2 c1)
41.627: (drive-truck t1 l1-3 l1-1 c1)
41.627: (drive-truck t1 l1-3 l1-2 c1)
41.627: (drive-truck t1 l1-3 l1-1 c1)
41.623: (drive-truck t3 l3-3 l3-2 c3)
41.626: (drive-truck t3 l3-3 l3-2 c3)
41.627: (drive-truck t3 l3-3 l3-2 c3)
41.628: (drive-truck t3 l3-3 l3-2 c3)
41.629: (drive-truck t3 l3-3 l3-2 c3)
41.629: (fly-airplane a2 l5-0 l0-0)
41.630: (drive-truck t4 l4-1 l4-3 c4)
41.631: (drive-truck t1 l1-3 l1-1 c1)
41.631: (drive-truck t4 l4-1 l4-3 c4)
41.631: (drive-truck t1 l1-3 l1-2 c1)
41.627: (drive-truck t4 l4-3 l4-1 c4)
41.628: (drive-truck t4 l4-3 l4-1 c4)
41.629: (drive-truck t4 l4-3 l4-1 c4)
41.630: (drive-truck t3 l3-2 l3-3 c3)
41.630: (drive-truck t3 l3-2 l3-3 c3)
41.627: (drive-truck t3 l3-2 l3-3 c3)
41.627: (drive-truck t3 l3-2 l3-3 c3)
41.630: (drive-truck t3 l3-2 l3-3 c3)
41.630: (drive-truck t4 l4-3 l4-1 c4)
41.631: (fly-airplane a2 l5-0 l0-0)
41.631: (drive-truck t4 l4-1 l4-3 c4)
41.631: (drive-truck t4 l4-1 l4-3 c4)
41.632: (fly-airplane a2 l5-0 l0-0)
41.632: (drive-truck t1 l1-2 l1-1 c1)
41.632: (drive-truck t1 l1-3 l1-1 c1)
41.632: (drive-truck t1 l1-1 l1-2 c1)
41.635: (drive-truck t4 l4-1 l4-3 c4)
41.636: (fly-airplane a2 l5-0 l0-0)
41.636: (fly-airplane a2 l5-0 l0-0)
41.636: (drive-truck t4 l4-1 l4-3 c4)
41.637: (drive-truck t3 l3-3 l3-2 c3)
41.637: (drive-truck t1 l1-1 l1-2 c1)
41.642: (drive-truck t5 l5-3 l5-2 c5)
41.646: (drive-truck t5 l5-3 l5-2 c5)
41.647: (drive-truck t5 l5-3 l5-2 c5)
41.575: (fly-airplane a2 l0-0 l4-0)
41.635: (fly-airplane a2 l0-0 l5-0)
41.639: (fly-airplane a2 l0-0 l5-0)
41.640: (fly-airplane a2 l0-0 l5-0)
41.642: (drive-truck t1 l1-2 l1-1 c1)
41.635: (drive-truck t3 l3-3 l3-2 c3)
41.635: (drive-truck t1 l1-2 l1-1 c1)
41.636: (fly-airplane a2 l0-0 l5-0)
41.636: (drive-truck t4 l4-3 l4-1 c4)
41.639: (drive-truck t3 l3-3 l3-2 c3)
41.635: (drive-truck t1 l1-2 l1-1 c1)
41.635: (drive-truck t3 l3-3 l3-2 c3)
41.639: (drive-truck t1 l1-2 l1-1 c1)
41.640: (drive-truck t1 l1-1 l1-3 c1)
41.642: (fly-airplane a2 l5-0 l0-0)
41.643: (fly-airplane a2 l5-0 l0-0)
41.643: (drive-truck t1 l1-2 l1-1 c1)
41.647: (fly-airplane a2 l5-0 l0-0)
41.647: (drive-truck t4 l4-1 l4-3 c4)
41.647: (fly-airplane a2 l5-0 l0-0)
41.646: (drive-truck t1 l1-1 l1-3 c1)
41.647: (drive-truck t1 l1-2 l1-3 c1)
41.647: (drive-truck t1 l1-1 l1-3 c1)
41.648: (drive-truck t3 l3-3 l3-2 c3)
41.648: (drive-truck t4 l4-1 l4-3 c4)
41.799: (drive-truck t3 l3-2 l3-0 c3)
41.812: (drive-truck t3 l3-2 l3-0 c3)
41.812: (drive-truck t3 l3-3 l3-0 c3)
41.863: (drive-truck t2 l2-0 l2-1 c2)
41.865: (drive-truck t2 l2-0 l2-1 c2)
41.727: (fly-airplane a2 l0-0 l4-0)
41.727: (fly-airplane a2 l0-0 l1-0)
41.739: (fly-airplane a2 l0-0 l1-0)
41.740: (fly-airplane a2 l0-0 l4-0)
41.781: (drive-truck t5 l5-2 l5-3 c5)
41.710: (fly-airplane a2 l0-0 l1-0)
41.710: (fly-airplane a2 l0-0 l4-0)
41.710: (drive-truck t5 l5-2 l5-3 c5)
41.710: (drive-truck t5 l5-2 l5-3 c5)
41.724: (drive-truck t5 l5-2 l5-3 c5)
41.710: (fly-airplane a1 l1-0 l4-0)
41.711: (fly-airplane a0 l4-0 l1-0)
41.716: (drive-truck t1 l1-3 l1-2 c1)
41.716: (drive-truck t1 l1-3 l1-2 c1)
41.717: (drive-truck t1 l1-3 l1-1 c1)
41.710: (fly-airplane a0 l4-0 l1-0)
41.711: (fly-airplane a1 l1-0 l4-0)
41.716: (drive-truck t1 l1-2 l1-1 c1)
41.716: (fly-airplane a1 l1-0 l4-0)
41.716: (drive-truck t1 l1-3 l1-2 c1)
41.715: (drive-truck t1 l1-2 l1-1 c1)
41.716: (fly-airplane a1 l1-0 l4-0)
41.716: (fly-airplane a0 l4-0 l1-0)
41.716: (drive-truck t1 l1-3 l1-2 c1)
41.716: (drive-truck t1 l1-3 l1-2 c1)
41.717: (drive-truck t1 l1-2 l1-1 c1)
41.717: (drive-truck t1 l1-2 l1-1 c1)
41.717: (fly-airplane a0 l4-0 l1-0)
41.726: (drive-truck t5 l5-3 l5-2 c5)
41.726: (drive-truck t5 l5-3 l5-2 c5)
41.717: (fly-airplane a1 l4-0 l1-0)
41.725: (drive-truck t1 l1-2 l1-1 c1)
41.726: (fly-airplane a1 l4-0 l1-0)
41.726: (fly-airplane a0 l1-0 l4-0)
41.727: (drive-truck t1 l1-2 l1-1 c1)
41.725: (drive-truck t1 l1-2 l1-1 c1)
41.725: (fly-airplane a0 l1-0 l4-0)
41.726: (fly-airplane a1 l4-0 l1-0)
41.726: (fly-airplane a0 l1-0 l4-0)
41.726: (drive-truck t1 l1-2 l1-1 c1)
41.725: (fly-airplane a0 l1-0 l4-0)
41.726: (drive-truck t1 l1-2 l1-1 c1)
41.727: (drive-truck t1 l1-2 l1-1 c1)
41.727: (fly-airplane a1 l4-0 l1-0)
41.727: (drive-truck t1 l1-1 l1-3 c1)
41.727: (fly-airplane a0 l4-0 l1-0)
41.739: (drive-truck t4 l4-1 l4-3 c4)
41.740: (drive-truck t4 l4-1 l4-3 c4)
41.740: (drive-truck t4 l4-1 l4-3 c4)
41.791: (fly-airplane a2 l4-0 l5-0)
41.724: (drive-truck t5 l5-2 l5-3 c5)
41.727: (fly-airplane a2 l1-0 l4-0)
41.729: (drive-truck t5 l5-2 l5-3 c5)
41.729: (drive-truck t5 l5-2 l5-3 c5)
41.738: (drive-truck t1 l1-3 l1-1 c1)
41.723: (drive-truck t1 l1-1 l1-3 c1)
41.724: (fly-airplane a0 l4-0 l1-0)
41.727: (fly-airplane a1 l4-0 l1-0)
41.728: (fly-airplane a1 l1-0 l4-0)
41.728: (drive-truck t1 l1-1 l1-2 c1)
41.723: (fly-airplane a0 l4-0 l1-0)
41.723: (fly-airplane a2 l1-0 l4-0)
41.728: (fly-airplane a2 l1-0 l4-0)
41.728: (fly-airplane a1 l1-0 l4-0)
41.728: (drive-truck t1 l1-1 l1-2 c1)
41.728: (fly-airplane a0 l4-0 l1-0)
41.728: (drive-truck t1 l1-3 l1-2 c1)
41.729: (drive-truck t1 l1-3 l1-2 c1)
41.729: (drive-truck t1 l1-3 l1-1 c1)
41.729: (fly-airplane a0 l4-0 l1-0)
41.729: (fly-airplane a2 l4-0 l1-0)
41.729: (fly-airplane a1 l4-0 l1-0)
41.729: (drive-truck t1 l1-2 l1-1 c1)
41.730: (drive-truck t1 l1-2 l1-1 c1)
41.738: (drive-truck t5 l5-3 l5-2 c5)
41.739: (drive-truck t1 l1-1 l1-2 c1)
41.739: (fly-airplane a1 l4-0 l1-0)
41.739: (drive-truck t5 l5-3 l5-2 c5)
41.740: (drive-truck t5 l5-3 l5-2 c5)
41.740: (drive-truck t1 l1-1 l1-3 c1)
41.739: (drive-truck t1 l1-1 l1-2 c1)
41.739: (fly-airplane a2 l4-0 l1-0)
41.739: (drive-truck t1 l1-1 l1-3 c1)
41.739: (drive-truck t1 l1-1 l1-2 c1)
41.739: (fly-airplane a1 l4-0 l1-0)
41.739: (fly-airplane a0 l1-0 l4-0)
41.739: (fly-airplane a0 l1-0 l4-0)
41.741: (drive-truck t1 l1-2 l1-3 c1)
41.802: (fly-airplane a1 l1-0 l5-0)
41.804: (fly-airplane a2 l1-0 l5-0)
41.638: (drive-truck t3 l3-0 l3-2 c3)
41.638: (drive-truck t3 l3-0 l3-3 c3)
41.639: (drive-truck t3 l3-0 l3-3 c3)
41.639: (drive-truck t3 l3-0 l3-2 c3)
41.739: (fly-airplane a1 l4-0 l1-0)
41.631: (drive-truck t5 l5-2 l5-3 c5)
41.631: (drive-truck t5 l5-2 l5-3 c5)
41.635: (drive-truck t4 l4-3 l4-1 c4)
41.635: (drive-truck t4 l4-3 l4-1 c4)
41.635: (drive-truck t4 l4-3 l4-1 c4)
41.631: (drive-truck t1 l1-2 l1-1 c1)
41.635: (drive-truck t3 l3-2 l3-3 c3)
41.635: (drive-truck t1 l1-2 l1-1 c1)
41.635: (drive-truck t1 l1-2 l1-1 c1)
41.635: (fly-airplane a2 l5-0 l0-0)
41.629: (drive-truck t1 l1-2 l1-3 c1)
41.633: (drive-truck t4 l4-3 l4-1 c4)
41.635: (drive-truck t1 l1-2 l1-1 c1)
41.635: (drive-truck t3 l3-2 l3-3 c3)
41.636: (drive-truck t1 l1-2 l1-1 c1)
41.629: (drive-truck t1 l1-2 l1-3 c1)
41.629: (drive-truck t4 l4-3 l4-1 c4)
41.629: (drive-truck t3 l3-2 l3-3 c3)
41.631: (drive-truck t4 l4-3 l4-1 c4)
41.631: (drive-truck t3 l3-2 l3-3 c3)
41.629: (drive-truck t4 l4-3 l4-1 c4)
41.629: (drive-truck t3 l3-2 l3-3 c3)
41.630: (drive-truck t1 l1-2 l1-3 c1)
41.631: (drive-truck t1 l1-2 l1-1 c1)
41.632: (drive-truck t3 l3-2 l3-3 c3)
41.636: (drive-truck t4 l4-1 l4-3 c4)
41.643: (drive-truck t5 l5-3 l5-2 c5)
41.646: (drive-truck t5 l5-3 l5-2 c5)
41.781: (drive-truck t3 l3-3 l3-0 c3)
41.787: (drive-truck t3 l3-3 l3-0 c3)
41.636: (drive-truck t1 l1-1 l1-2 c1)
41.639: (fly-airplane a2 l0-0 l5-0)
41.642: (drive-truck t1 l1-1 l1-2 c1)
41.643: (drive-truck t1 l1-3 l1-2 c1)
41.643: (drive-truck t3 l3-3 l3-2 c3)
41.636: (fly-airplane a2 l0-0 l5-0)
41.643: (drive-truck t1 l1-1 l1-2 c1)
41.643: (drive-truck t3 l3-3 l3-2 c3)
41.646: (drive-truck t4 l4-1 l4-3 c4)
41.647: (drive-truck t5 l5-3 l5-2 c5)
41.639: (drive-truck t4 l4-1 l4-3 c4)
41.646: (drive-truck t1 l1-2 l1-3 c1)
41.646: (drive-truck t1 l1-2 l1-3 c1)
41.647: (drive-truck t1 l1-2 l1-1 c1)
41.647: (drive-truck t4 l4-1 l4-3 c4)
41.639: (drive-truck t3 l3-2 l3-3 c3)
41.640: (fly-airplane a2 l0-0 l5-0)
41.640: (drive-truck t1 l1-1 l1-3 c1)
41.646: (drive-truck t1 l1-2 l1-1 c1)
41.647: (drive-truck t3 l3-3 l3-2 c3)
41.646: (drive-truck t1 l1-1 l1-3 c1)
41.646: (fly-airplane a2 l5-0 l0-0)
41.804: (drive-truck t3 l3-3 l3-0 c3)
41.804: (drive-truck t3 l3-2 l3-0 c3)
41.812: (drive-truck t3 l3-2 l3-0 c3)
41.787: (drive-truck t5 l5-2 l5-3 c5)
41.790: (drive-truck t4 l4-3 l4-1 c4)
41.791: (drive-truck t4 l4-3 l4-1 c4)
41.794: (drive-truck t5 l5-2 l5-3 c5)
41.798: (drive-truck t4 l4-3 l4-1 c4)
41.774: (drive-truck t4 l4-3 l4-1 c4)
41.774: (drive-truck t5 l5-2 l5-3 c5)
41.782: (drive-truck t5 l5-2 l5-3 c5)
41.782: (drive-truck t4 l4-3 l4-1 c4)
41.790: (drive-truck t1 l1-1 l1-2 c1)
41.782: (drive-truck t1 l1-3 l1-2 c1)
41.782: (drive-truck t5 l5-2 l5-3 c5)
41.783: (drive-truck t1 l1-1 l1-2 c1)
41.799: (fly-airplane a2 l5-0 l0-0)
41.988: (drive-truck t2 l2-0 l2-1 c2)
41.787: (fly-airplane a2 l5-0 l0-0)
41.788: (drive-truck t5 l5-2 l5-3 c5)
41.795: (drive-truck t4 l4-1 l4-3 c4)
41.799: (drive-truck t1 l1-2 l1-3 c1)
41.812: (drive-truck t4 l4-1 l4-3 c4)
41.800: (drive-truck t5 l5-2 l5-3 c5)
41.800: (fly-airplane a2 l5-0 l0-0)
41.800: (drive-truck t4 l4-1 l4-3 c4)
41.811: (drive-truck t4 l4-1 l4-3 c4)
41.812: (drive-truck t1 l1-2 l1-3 c1)
41.794: (drive-truck t1 l1-2 l1-3 c1)
41.794: (drive-truck t5 l5-2 l5-3 c5)
41.800: (drive-truck t1 l1-2 l1-1 c1)
42.018: (drive-truck t2 l2-0 l2-1 c2)
42.024: (drive-truck t2 l2-0 l2-1 c2)
41.860: (drive-truck t3 l3-0 l3-2 c3)
41.860: (drive-truck t3 l3-0 l3-3 c3)
41.865: (drive-truck t3 l3-0 l3-2 c3)
41.865: (drive-truck t3 l3-0 l3-3 c3)
41.945: (fly-airplane a2 l0-0 l4-0)
41.789: (drive-truck t3 l3-0 l3-3 c3)
41.789: (drive-truck t3 l3-0 l3-2 c3)
41.790: (fly-airplane a2 l0-0 l1-0)
41.790: (fly-airplane a2 l0-0 l4-0)
41.791: (fly-airplane a2 l0-0 l1-0)
41.779: (drive-truck t1 l1-2 l1-3 c1)
41.780: (drive-truck t1 l1-2 l1-3 c1)
41.780: (drive-truck t1 l1-2 l1-3 c1)
41.780: (drive-truck t1 l1-2 l1-3 c1)
41.785: (drive-truck t4 l4-3 l4-1 c4)
41.777: (drive-truck t4 l4-3 l4-1 c4)
41.777: (drive-truck t1 l1-2 l1-3 c1)
41.777: (drive-truck t4 l4-3 l4-1 c4)
41.777: (drive-truck t4 l4-3 l4-1 c4)
41.778: (drive-truck t4 l4-3 l4-1 c4)
41.777: (fly-airplane a0 l1-0 l4-0)
41.777: (fly-airplane a1 l4-0 l1-0)
41.778: (fly-airplane a0 l1-0 l4-0)
41.778: (fly-airplane a1 l4-0 l1-0)
41.784: (drive-truck t1 l1-3 l1-1 c1)
41.777: (fly-airplane a0 l1-0 l4-0)
41.777: (fly-airplane a1 l4-0 l1-0)
41.778: (fly-airplane a0 l1-0 l4-0)
41.778: (fly-airplane a1 l4-0 l1-0)
41.779: (drive-truck t4 l4-1 l4-3 c4)
41.779: (fly-airplane a0 l1-0 l4-0)
41.780: (drive-truck t3 l3-3 l3-2 c3)
41.780: (drive-truck t4 l4-1 l4-3 c4)
41.780: (drive-truck t4 l4-1 l4-3 c4)
41.780: (drive-truck t4 l4-1 l4-3 c4)
41.780: (fly-airplane a1 l1-0 l4-0)
41.780: (drive-truck t3 l3-2 l3-3 c3)
41.780: (fly-airplane a2 l4-0 l1-0)
41.789: (drive-truck t1 l1-3 l1-1 c1)
41.790: (drive-truck t1 l1-3 l1-2 c1)
41.780: (fly-airplane a1 l1-0 l4-0)
41.780: (drive-truck t3 l3-2 l3-3 c3)
41.784: (drive-truck t4 l4-3 l4-1 c4)
41.785: (drive-truck t4 l4-3 l4-1 c4)
41.790: (fly-airplane a0 l4-0 l1-0)
41.784: (fly-airplane a2 l4-0 l1-0)
41.784: (drive-truck t3 l3-2 l3-3 c3)
41.784: (fly-airplane a0 l4-0 l1-0)
41.785: (drive-truck t4 l4-3 l4-1 c4)
41.785: (fly-airplane a2 l4-0 l1-0)
41.784: (fly-airplane a2 l4-0 l1-0)
41.784: (fly-airplane a1 l1-0 l4-0)
41.784: (drive-truck t3 l3-2 l3-3 c3)
41.784: (drive-truck t3 l3-2 l3-3 c3)
41.784: (fly-airplane a0 l4-0 l1-0)
41.784: (fly-airplane a0 l4-0 l1-0)
41.784: (fly-airplane a1 l1-0 l4-0)
41.784: (fly-airplane a1 l1-0 l4-0)
41.784: (drive-truck t3 l3-2 l3-3 c3)
41.784: (drive-truck t1 l1-1 l1-2 c1)
41.784: (fly-airplane a2 l4-0 l1-0)
41.784: (fly-airplane a0 l4-0 l1-0)
41.784: (drive-truck t1 l1-1 l1-2 c1)
41.784: (drive-truck t3 l3-2 l3-3 c3)
41.785: (drive-truck t1 l1-1 l1-2 c1)
41.785: (drive-truck t1 l1-1 l1-2 c1)
41.785: (fly-airplane a0 l4-0 l1-0)
41.785: (drive-truck t3 l3-2 l3-3 c3)
41.786: (fly-airplane a2 l1-0 l4-0)
41.790: (drive-truck t4 l4-1 l4-3 c4)
41.790: (drive-truck t1 l1-2 l1-1 c1)
41.791: (fly-airplane a1 l4-0 l1-0)
41.791: (drive-truck t3 l3-3 l3-2 c3)
41.798: (drive-truck t5 l5-3 l5-2 c5)
41.798: (drive-truck t5 l5-3 l5-2 c5)
41.790: (fly-airplane a1 l4-0 l1-0)
41.790: (drive-truck t1 l1-2 l1-1 c1)
41.790: (drive-truck t3 l3-3 l3-2 c3)
41.790: (fly-airplane a0 l4-0 l1-0)
41.790: (drive-truck t1 l1-2 l1-1 c1)
41.790: (drive-truck t3 l3-3 l3-2 c3)
41.790: (fly-airplane a2 l1-0 l4-0)
41.790: (drive-truck t3 l3-3 l3-2 c3)
41.790: (fly-airplane a2 l1-0 l4-0)
41.790: (fly-airplane a0 l4-0 l1-0)
41.789: (drive-truck t3 l3-3 l3-2 c3)
41.789: (fly-airplane a1 l4-0 l1-0)
41.790: (drive-truck t1 l1-1 l1-2 c1)
41.790: (drive-truck t1 l1-1 l1-2 c1)
41.790: (fly-airplane a2 l1-0 l4-0)
41.785: (drive-truck t4 l4-3 l4-1 c4)
41.790: (drive-truck t1 l1-1 l1-2 c1)
41.790: (fly-airplane a1 l4-0 l1-0)
41.791: (fly-airplane a0 l4-0 l1-0)
41.791: (drive-truck t3 l3-3 l3-2 c3)
41.785: (fly-airplane a0 l4-0 l1-0)
41.785: (drive-truck t4 l4-3 l4-1 c4)
41.798: (drive-truck t5 l5-3 l5-2 c5)
41.805: (drive-truck t5 l5-3 l5-2 c5)
41.805: (drive-truck t5 l5-3 l5-2 c5)
41.792: (drive-truck t1 l1-2 l1-3 c1)
41.794: (drive-truck t1 l1-1 l1-3 c1)
41.795: (drive-truck t1 l1-2 l1-3 c1)
41.798: (drive-truck t1 l1-2 l1-1 c1)
41.798: (fly-airplane a2 l4-0 l1-0)
41.792: (drive-truck t1 l1-2 l1-3 c1)
41.792: (drive-truck t4 l4-3 l4-1 c4)
41.793: (drive-truck t4 l4-3 l4-1 c4)
41.793: (fly-airplane a0 l4-0 l1-0)
41.793: (fly-airplane a2 l4-0 l1-0)
41.792: (fly-airplane a0 l1-0 l4-0)
41.792: (fly-airplane a1 l1-0 l4-0)
41.793: (fly-airplane a1 l1-0 l4-0)
41.793: (fly-airplane a1 l1-0 l4-0)
41.793: (drive-truck t3 l3-3 l3-2 c3)
41.791: (fly-airplane a1 l1-0 l4-0)
41.791: (drive-truck t3 l3-3 l3-2 c3)
41.792: (fly-airplane a0 l4-0 l1-0)
41.792: (fly-airplane a2 l4-0 l1-0)
41.793: (fly-airplane a2 l4-0 l1-0)
41.794: (drive-truck t4 l4-1 l4-3 c4)
41.795: (drive-truck t4 l4-1 l4-3 c4)
41.795: (drive-truck t4 l4-1 l4-3 c4)
41.798: (drive-truck t1 l1-3 l1-1 c1)
41.798: (drive-truck t1 l1-3 l1-1 c1)
41.794: (fly-airplane a0 l1-0 l4-0)
41.795: (drive-truck t3 l3-2 l3-3 c3)
41.795: (fly-airplane a2 l1-0 l4-0)
41.795: (fly-airplane a2 l1-0 l4-0)
41.795: (fly-airplane a1 l4-0 l1-0)
41.803: (drive-truck t1 l1-3 l1-2 c1)
41.803: (drive-truck t1 l1-3 l1-1 c1)
41.804: (drive-truck t1 l1-3 l1-1 c1)
41.804: (drive-truck t1 l1-3 l1-2 c1)
41.804: (drive-truck t1 l1-3 l1-1 c1)
41.798: (drive-truck t4 l4-3 l4-1 c4)
41.798: (drive-truck t4 l4-3 l4-1 c4)
41.798: (drive-truck t4 l4-3 l4-1 c4)
41.799: (drive-truck t4 l4-3 l4-1 c4)
41.799: (drive-truck t4 l4-3 l4-1 c4)
41.798: (fly-airplane a2 l1-0 l4-0)
41.798: (fly-airplane a1 l1-0 l4-0)
41.798: (fly-airplane a1 l1-0 l4-0)
41.798: (drive-truck t3 l3-2 l3-3 c3)
41.798: (drive-truck t3 l3-3 l3-2 c3)
41.798: (fly-airplane a0 l4-0 l1-0)
41.798: (drive-truck t1 l1-1 l1-2 c1)
41.799: (fly-airplane a0 l4-0 l1-0)
41.803: (drive-truck t4 l4-1 l4-3 c4)
41.803: (drive-truck t4 l4-1 l4-3 c4)
41.798: (drive-truck t3 l3-2 l3-3 c3)
41.798: (drive-truck t1 l1-1 l1-2 c1)
41.798: (fly-airplane a0 l4-0 l1-0)
41.803: (fly-airplane a2 l1-0 l4-0)
41.803: (drive-truck t1 l1-1 l1-2 c1)
41.798: (fly-airplane a1 l1-0 l4-0)
41.798: (drive-truck t3 l3-2 l3-3 c3)
41.798: (drive-truck t1 l1-1 l1-2 c1)
41.803: (fly-airplane a2 l1-0 l4-0)
41.804: (drive-truck t4 l4-1 l4-3 c4)
41.798: (fly-airplane a1 l1-0 l4-0)
41.798: (drive-truck t1 l1-1 l1-2 c1)
41.803: (fly-airplane a1 l1-0 l4-0)
41.804: (drive-truck t4 l4-1 l4-3 c4)
41.805: (drive-truck t3 l3-3 l3-2 c3)
41.804: (fly-airplane a2 l4-0 l1-0)
41.804: (drive-truck t1 l1-1 l1-2 c1)
41.804: (drive-truck t4 l4-1 l4-3 c4)
41.804: (drive-truck t1 l1-2 l1-1 c1)
41.805: (fly-airplane a0 l4-0 l1-0)
41.803: (fly-airplane a1 l1-0 l4-0)
41.804: (fly-airplane a2 l4-0 l1-0)
41.804: (drive-truck t1 l1-1 l1-2 c1)
41.804: (drive-truck t3 l3-3 l3-2 c3)
41.805: (drive-truck t3 l3-3 l3-2 c3)
41.804: (fly-airplane a2 l4-0 l1-0)
41.805: (drive-truck t1 l1-1 l1-2 c1)
41.805: (drive-truck t3 l3-3 l3-2 c3)
41.867: (fly-airplane a2 l1-0 l5-0)
41.868: (fly-airplane a2 l4-0 l5-0)
41.804: (fly-airplane a0 l1-0 l4-0)
41.855: (drive-truck t5 l5-2 l5-3 c5)
41.855: (drive-truck t5 l5-2 l5-3 c5)
41.858: (drive-truck t1 l1-2 l1-3 c1)
41.858: (drive-truck t1 l1-2 l1-3 c1)
41.844: (drive-truck t5 l5-2 l5-3 c5)
41.844: (drive-truck t1 l1-2 l1-3 c1)
41.844: (drive-truck t5 l5-2 l5-3 c5)
41.844: (drive-truck t1 l1-2 l1-3 c1)
41.849: (drive-truck t4 l4-3 l4-1 c4)
41.842: (drive-truck t1 l1-2 l1-3 c1)
41.842: (drive-truck t4 l4-3 l4-1 c4)
41.842: (drive-truck t4 l4-3 l4-1 c4)
41.849: (fly-airplane a2 l5-0 l0-0)
41.849: (fly-airplane a2 l5-0 l0-0)
41.847: (fly-airplane a2 l5-0 l0-0)
41.847: (drive-truck t4 l4-3 l4-1 c4)
41.847: (fly-airplane a2 l5-0 l0-0)
41.847: (drive-truck t4 l4-3 l4-1 c4)
41.849: (drive-truck t1 l1-3 l1-2 c1)
41.851: (drive-truck t1 l1-2 l1-1 c1)
41.854: (drive-truck t1 l1-3 l1-2 c1)
41.854: (drive-truck t1 l1-3 l1-2 c1)
41.855: (fly-airplane a2 l5-0 l0-0)
41.855: (drive-truck t1 l1-3 l1-1 c1)
41.850: (fly-airplane a2 l0-0 l5-0)
41.851: (drive-truck t3 l3-2 l3-3 c3)
41.855: (drive-truck t3 l3-3 l3-2 c3)
41.855: (drive-truck t1 l1-2 l1-1 c1)
41.855: (fly-airplane a2 l5-0 l0-0)
41.856: (drive-truck t4 l4-1 l4-3 c4)
41.861: (drive-truck t4 l4-1 l4-3 c4)
41.863: (drive-truck t5 l5-3 l5-2 c5)
41.870: (drive-truck t5 l5-3 l5-2 c5)
42.000: (drive-truck t3 l3-3 l3-0 c3)
41.855: (drive-truck t1 l1-1 l1-3 c1)
41.856: (drive-truck t3 l3-3 l3-2 c3)
41.857: (fly-airplane a2 l0-0 l5-0)
41.861: (drive-truck t3 l3-2 l3-3 c3)
41.861: (fly-airplane a2 l5-0 l0-0)
41.856: (drive-truck t3 l3-3 l3-2 c3)
41.862: (drive-truck t1 l1-3 l1-2 c1)
41.863: (fly-airplane a2 l5-0 l0-0)
41.869: (drive-truck t5 l5-3 l5-2 c5)
41.876: (drive-truck t5 l5-3 l5-2 c5)
41.862: (drive-truck t3 l3-3 l3-2 c3)
41.862: (drive-truck t1 l1-3 l1-2 c1)
41.863: (fly-airplane a2 l5-0 l0-0)
41.863: (drive-truck t3 l3-3 l3-2 c3)
41.863: (drive-truck t1 l1-3 l1-1 c1)
41.868: (drive-truck t1 l1-3 l1-2 c1)
41.869: (fly-airplane a2 l5-0 l0-0)
42.011: (drive-truck t3 l3-2 l3-0 c3)
42.013: (drive-truck t3 l3-2 l3-0 c3)
42.014: (drive-truck t3 l3-2 l3-0 c3)
41.869: (drive-truck t3 l3-2 l3-3 c3)
41.874: (drive-truck t4 l4-1 l4-3 c4)
41.937: (fly-airplane a2 l0-0 l1-0)
41.937: (fly-airplane a2 l0-0 l4-0)
41.945: (fly-airplane a2 l5-0 l4-0)
41.870: (drive-truck t1 l1-2 l1-1 c1)
41.874: (drive-truck t4 l4-1 l4-3 c4)
41.874: (drive-truck t3 l3-2 l3-3 c3)
41.875: (drive-truck t1 l1-2 l1-1 c1)
41.921: (drive-truck t5 l5-2 l5-3 c5)
41.920: (fly-airplane a2 l4-0 l1-0)
41.921: (fly-airplane a1 l4-0 l1-0)
41.930: (drive-truck t1 l1-3 l1-1 c1)
41.931: (drive-truck t1 l1-3 l1-2 c1)
41.935: (drive-truck t4 l4-1 l4-3 c4)
41.922: (fly-airplane a0 l1-0 l4-0)
41.922: (fly-airplane a0 l1-0 l4-0)
41.931: (fly-airplane a1 l4-0 l1-0)
41.931: (fly-airplane a1 l4-0 l1-0)
41.931: (fly-airplane a2 l4-0 l1-0)
41.921: (fly-airplane a1 l4-0 l1-0)
41.922: (fly-airplane a2 l4-0 l1-0)
41.930: (drive-truck t1 l1-2 l1-1 c1)
41.931: (drive-truck t1 l1-3 l1-2 c1)
41.931: (fly-airplane a0 l1-0 l4-0)
41.930: (drive-truck t1 l1-2 l1-1 c1)
41.931: (fly-airplane a2 l4-0 l1-0)
41.931: (drive-truck t1 l1-3 l1-2 c1)
41.931: (fly-airplane a0 l1-0 l4-0)
41.931: (drive-truck t1 l1-2 l1-1 c1)
41.931: (fly-airplane a1 l4-0 l1-0)
41.931: (drive-truck t1 l1-2 l1-1 c1)
41.931: (fly-airplane a2 l4-0 l1-0)
41.944: (drive-truck t4 l4-1 l4-3 c4)
41.944: (drive-truck t4 l4-1 l4-3 c4)
41.934: (drive-truck t1 l1-1 l1-3 c1)
41.935: (drive-truck t1 l1-2 l1-3 c1)
41.944: (fly-airplane a1 l1-0 l4-0)
41.944: (drive-truck t1 l1-2 l1-1 c1)
41.944: (drive-truck t1 l1-1 l1-2 c1)
41.935: (fly-airplane a2 l1-0 l4-0)
41.935: (fly-airplane a0 l4-0 l1-0)
41.945: (fly-airplane a2 l1-0 l4-0)
41.945: (fly-airplane a0 l4-0 l1-0)
41.950: (drive-truck t5 l5-3 l5-2 c5)
41.935: (fly-airplane a0 l4-0 l1-0)
41.937: (drive-truck t4 l4-3 l4-1 c4)
41.944: (drive-truck t1 l1-3 l1-1 c1)
41.944: (drive-truck t1 l1-2 l1-1 c1)
41.944: (drive-truck t1 l1-3 l1-2 c1)
41.937: (fly-airplane a2 l1-0 l4-0)
41.937: (fly-airplane a1 l1-0 l4-0)
41.944: (fly-airplane a0 l4-0 l1-0)
41.944: (drive-truck t1 l1-3 l1-2 c1)
41.945: (drive-truck t1 l1-3 l1-1 c1)
41.937: (fly-airplane a0 l4-0 l1-0)
41.944: (fly-airplane a1 l1-0 l4-0)
41.945: (drive-truck t1 l1-3 l1-2 c1)
41.946: (drive-truck t1 l1-3 l1-1 c1)
41.946: (drive-truck t1 l1-3 l1-2 c1)
41.945: (fly-airplane a0 l4-0 l1-0)
41.945: (fly-airplane a2 l4-0 l1-0)
41.946: (fly-airplane a0 l4-0 l1-0)
41.946: (fly-airplane a1 l4-0 l1-0)
41.946: (drive-truck t1 l1-3 l1-2 c1)
41.946: (fly-airplane a2 l1-0 l4-0)
41.946: (drive-truck t1 l1-1 l1-2 c1)
41.946: (drive-truck t1 l1-2 l1-1 c1)
41.946: (fly-airplane a1 l1-0 l4-0)
41.959: (drive-truck t4 l4-1 l4-3 c4)
41.959: (fly-airplane a2 l1-0 l4-0)
41.959: (fly-airplane a1 l1-0 l4-0)
41.959: (drive-truck t4 l4-1 l4-3 c4)
41.959: (drive-truck t1 l1-2 l1-1 c1)
41.959: (drive-truck t4 l4-1 l4-3 c4)
41.950: (drive-truck t1 l1-1 l1-3 c1)
41.950: (drive-truck t1 l1-2 l1-3 c1)
41.950: (drive-truck t1 l1-2 l1-3 c1)
41.951: (drive-truck t1 l1-2 l1-3 c1)
41.959: (drive-truck t1 l1-2 l1-1 c1)
41.950: (fly-airplane a2 l1-0 l4-0)
41.951: (fly-airplane a0 l4-0 l1-0)
41.959: (drive-truck t1 l1-3 l1-1 c1)
41.959: (fly-airplane a0 l4-0 l1-0)
42.015: (fly-airplane a1 l4-0 l5-0)
41.805: (drive-truck t2 l2-1 l2-0 c2)
41.859: (drive-truck t3 l3-0 l3-3 c3)
41.859: (drive-truck t3 l3-0 l3-2 c3)
41.959: (drive-truck t1 l1-3 l1-2 c1)
41.959: (drive-truck t1 l1-3 l1-2 c1)
41.640: (drive-truck t2 l2-1 l2-0 c2)
41.641: (drive-truck t3 l3-0 l3-2 c3)
41.641: (drive-truck t3 l3-0 l3-3 c3)
41.641: (drive-truck t2 l2-1 l2-0 c2)
41.787: (drive-truck t5 l5-2 l5-3 c5)
41.622: (drive-truck t3 l3-0 l3-3 c3)
41.622: (drive-truck t3 l3-0 l3-2 c3)
41.622: (drive-truck t5 l5-2 l5-3 c5)
41.623: (drive-truck t5 l5-2 l5-3 c5)
41.639: (drive-truck t1 l1-3 l1-2 c1)
41.622: (drive-truck t4 l4-3 l4-1 c4)
41.623: (drive-truck t4 l4-3 l4-1 c4)
41.629: (fly-airplane a1 l5-0 l0-0)
41.629: (fly-airplane a1 l5-0 l0-0)
41.630: (drive-truck t1 l1-3 l1-2 c1)
41.625: (drive-truck t4 l4-3 l4-1 c4)
41.626: (drive-truck t1 l1-3 l1-2 c1)
41.628: (drive-truck t1 l1-3 l1-1 c1)
41.628: (drive-truck t1 l1-3 l1-1 c1)
41.629: (fly-airplane a1 l5-0 l0-0)
41.630: (drive-truck t3 l3-3 l3-2 c3)
41.631: (fly-airplane a1 l5-0 l0-0)
41.632: (drive-truck t4 l4-1 l4-3 c4)
41.632: (drive-truck t1 l1-3 l1-1 c1)
41.632: (fly-airplane a1 l5-0 l0-0)
41.630: (drive-truck t1 l1-1 l1-2 c1)
41.631: (drive-truck t3 l3-2 l3-3 c3)
41.632: (drive-truck t1 l1-3 l1-1 c1)
41.632: (drive-truck t3 l3-3 l3-2 c3)
41.632: (drive-truck t3 l3-3 l3-2 c3)
41.635: (fly-airplane a1 l5-0 l0-0)
41.635: (drive-truck t4 l4-1 l4-3 c4)
41.636: (fly-airplane a1 l5-0 l0-0)
41.636: (drive-truck t4 l4-1 l4-3 c4)
41.639: (drive-truck t5 l5-3 l5-2 c5)
41.635: (drive-truck t3 l3-3 l3-2 c3)
41.635: (drive-truck t1 l1-1 l1-2 c1)
41.635: (drive-truck t4 l4-3 l4-1 c4)
41.636: (drive-truck t3 l3-2 l3-3 c3)
41.637: (drive-truck t1 l1-2 l1-1 c1)
41.636: (drive-truck t3 l3-2 l3-3 c3)
41.636: (drive-truck t1 l1-1 l1-2 c1)
41.640: (drive-truck t1 l1-1 l1-3 c1)
41.643: (fly-airplane a1 l5-0 l0-0)
41.647: (drive-truck t5 l5-3 l5-2 c5)
41.635: (drive-truck t1 l1-1 l1-2 c1)
41.636: (drive-truck t3 l3-2 l3-3 c3)
41.639: (drive-truck t4 l4-1 l4-3 c4)
41.640: (drive-truck t1 l1-1 l1-3 c1)
41.641: (drive-truck t3 l3-2 l3-3 c3)
41.639: (drive-truck t4 l4-1 l4-3 c4)
41.639: (drive-truck t1 l1-1 l1-2 c1)
41.642: (drive-truck t1 l1-1 l1-2 c1)
41.643: (fly-airplane a1 l5-0 l0-0)
41.645: (drive-truck t4 l4-1 l4-3 c4)
41.642: (drive-truck t3 l3-3 l3-2 c3)
41.645: (drive-truck t3 l3-3 l3-2 c3)
41.646: (drive-truck t1 l1-1 l1-2 c1)
41.646: (drive-truck t1 l1-2 l1-3 c1)
41.646: (fly-airplane a1 l5-0 l0-0)
41.647: (drive-truck t1 l1-2 l1-3 c1)
41.647: (drive-truck t1 l1-1 l1-3 c1)
41.647: (drive-truck t1 l1-2 l1-3 c1)
41.648: (drive-truck t3 l3-3 l3-2 c3)
41.649: (drive-truck t4 l4-1 l4-3 c4)
41.798: (drive-truck t3 l3-2 l3-0 c3)
41.812: (drive-truck t3 l3-2 l3-0 c3)
41.812: (drive-truck t3 l3-3 l3-0 c3)
41.864: (drive-truck t2 l2-0 l2-1 c2)
41.866: (drive-truck t2 l2-0 l2-1 c2)
41.780: (drive-truck t5 l5-2 l5-3 c5)
41.792: (fly-airplane a1 l0-0 l5-0)
41.793: (drive-truck t5 l5-2 l5-3 c5)
41.798: (drive-truck t1 l1-3 l1-2 c1)
41.799: (drive-truck t1 l1-3 l1-1 c1)
41.773: (drive-truck t5 l5-2 l5-3 c5)
41.774: (fly-airplane a1 l0-0 l5-0)
41.786: (drive-truck t1 l1-3 l1-2 c1)
41.786: (drive-truck t5 l5-2 l5-3 c5)
41.789: (drive-truck t1 l1-3 l1-1 c1)
41.780: (fly-airplane a1 l0-0 l5-0)
41.780: (drive-truck t1 l1-3 l1-2 c1)
41.783: (fly-airplane a1 l0-0 l5-0)
41.784: (drive-truck t1 l1-3 l1-1 c1)
41.799: (drive-truck t4 l4-1 l4-3 c4)
41.790: (drive-truck t5 l5-3 l5-2 c5)
41.792: (drive-truck t5 l5-3 l5-2 c5)
41.792: (fly-airplane a1 l0-0 l5-0)
41.793: (drive-truck t4 l4-1 l4-3 c4)
41.796: (drive-truck t4 l4-1 l4-3 c4)
41.801: (fly-airplane a1 l5-0 l0-0)
41.802: (drive-truck t5 l5-3 l5-2 c5)
41.803: (drive-truck t4 l4-1 l4-3 c4)
41.803: (drive-truck t5 l5-3 l5-2 c5)
41.804: (drive-truck t4 l4-1 l4-3 c4)
41.811: (fly-airplane a1 l5-0 l0-0)
41.812: (fly-airplane a1 l5-0 l0-0)
41.812: (drive-truck t5 l5-3 l5-2 c5)
42.014: (drive-truck t2 l2-0 l2-1 c2)
42.023: (drive-truck t2 l2-0 l2-1 c2)
41.859: (drive-truck t3 l3-0 l3-3 c3)
41.859: (drive-truck t3 l3-0 l3-2 c3)
41.866: (drive-truck t3 l3-0 l3-3 c3)
41.866: (drive-truck t3 l3-0 l3-2 c3)
42.000: (drive-truck t4 l4-3 l4-1 c4)
41.849: (drive-truck t1 l1-1 l1-3 c1)
41.850: (drive-truck t1 l1-1 l1-3 c1)
41.852: (drive-truck t4 l4-3 l4-1 c4)
41.852: (drive-truck t3 l3-0 l3-2 c3)
41.852: (drive-truck t3 l3-0 l3-3 c3)
41.844: (fly-airplane a1 l0-0 l5-0)
41.844: (fly-airplane a1 l0-0 l5-0)
41.846: (drive-truck t1 l1-1 l1-3 c1)
41.847: (drive-truck t1 l1-1 l1-3 c1)
41.847: (fly-airplane a1 l0-0 l5-0)
41.842: (drive-truck t4 l4-3 l4-1 c4)
41.842: (drive-truck t1 l1-1 l1-3 c1)
41.842: (fly-airplane a1 l0-0 l5-0)
41.842: (drive-truck t4 l4-3 l4-1 c4)
41.843: (fly-airplane a1 l0-0 l5-0)
41.846: (drive-truck t1 l1-3 l1-1 c1)
41.849: (drive-truck t1 l1-3 l1-2 c1)
41.849: (drive-truck t1 l1-3 l1-2 c1)
41.856: (drive-truck t5 l5-3 l5-2 c5)
41.857: (drive-truck t5 l5-3 l5-2 c5)
41.852: (drive-truck t4 l4-1 l4-3 c4)
41.854: (drive-truck t4 l4-1 l4-3 c4)
41.854: (fly-airplane a1 l5-0 l0-0)
41.854: (fly-airplane a1 l5-0 l0-0)
41.855: (drive-truck t4 l4-1 l4-3 c4)
41.852: (drive-truck t3 l3-3 l3-2 c3)
41.852: (drive-truck t1 l1-2 l1-1 c1)
41.860: (fly-airplane a1 l5-0 l0-0)
41.860: (fly-airplane a1 l5-0 l0-0)
41.860: (drive-truck t4 l4-1 l4-3 c4)
41.876: (drive-truck t5 l5-3 l5-2 c5)
41.876: (drive-truck t5 l5-3 l5-2 c5)
42.007: (drive-truck t3 l3-2 l3-0 c3)
42.014: (drive-truck t3 l3-2 l3-0 c3)
42.015: (drive-truck t3 l3-3 l3-0 c3)
41.866: (drive-truck t1 l1-2 l1-3 c1)
41.869: (fly-airplane a1 l0-0 l5-0)
41.869: (drive-truck t4 l4-3 l4-1 c4)
41.870: (drive-truck t4 l4-3 l4-1 c4)
41.870: (fly-airplane a1 l0-0 l5-0)
41.861: (drive-truck t4 l4-3 l4-1 c4)
41.862: (fly-airplane a1 l0-0 l5-0)
41.862: (fly-airplane a1 l0-0 l5-0)
41.863: (drive-truck t4 l4-3 l4-1 c4)
41.863: (drive-truck t1 l1-2 l1-3 c1)
41.861: (drive-truck t1 l1-2 l1-1 c1)
41.861: (drive-truck t1 l1-2 l1-1 c1)
41.868: (drive-truck t1 l1-3 l1-1 c1)
42.008: (drive-truck t3 l3-3 l3-0 c3)
42.011: (drive-truck t3 l3-2 l3-0 c3)
41.867: (drive-truck t3 l3-3 l3-2 c3)
41.868: (fly-airplane a1 l5-0 l0-0)
41.875: (drive-truck t4 l4-1 l4-3 c4)
41.991: (drive-truck t5 l5-2 l5-3 c5)
41.994: (drive-truck t5 l5-2 l5-3 c5)
41.874: (drive-truck t4 l4-1 l4-3 c4)
41.875: (drive-truck t3 l3-3 l3-2 c3)
41.985: (drive-truck t1 l1-2 l1-3 c1)
41.986: (fly-airplane a1 l0-0 l5-0)
41.993: (drive-truck t1 l1-2 l1-1 c1)
41.999: (drive-truck t4 l4-1 l4-3 c4)
42.001: (drive-truck t5 l5-3 l5-2 c5)
42.010: (drive-truck t5 l5-3 l5-2 c5)
42.031: (drive-truck t3 l3-2 l3-0 c3)
42.226: (drive-truck t0 l0-3 l0-1 c0)
40.392: (load-truck p25 t0 l0-1)
41.997: (drive-truck t2 l2-1 l2-0 c2)
42.005: (fly-airplane a1 l5-0 l0-0)
42.008: (drive-truck t1 l1-3 l1-2 c1)
42.017: (drive-truck t4 l4-3 l4-1 c4)
40.164: (load-truck p25 t0 l0-1)
40.164: (drive-truck t2 l2-1 l2-0 c2)
40.358: (fly-airplane a1 l0-0 l1-0)
40.358: (fly-airplane a1 l0-0 l4-0)
40.378: (drive-truck t1 l1-1 l1-3 c1)
40.128: (drive-truck t2 l2-1 l2-0 c2)
40.128: (drive-truck t2 l2-1 l2-0 c2)
40.128: (fly-airplane a1 l0-0 l1-0)
40.128: (fly-airplane a1 l0-0 l4-0)
40.158: (drive-truck t2 l2-1 l2-0 c2)
40.121: (drive-truck t5 l5-2 l5-3 c5)
40.121: (drive-truck t5 l5-2 l5-3 c5)
40.121: (drive-truck t0 l0-1 l0-3 c0)
40.121: (drive-truck t0 l0-1 l0-3 c0)
40.122: (drive-truck t1 l1-1 l1-3 c1)
40.108: (drive-truck t5 l5-2 l5-3 c5)
40.108: (drive-truck t1 l1-1 l1-3 c1)
40.108: (drive-truck t1 l1-1 l1-3 c1)
40.109: (drive-truck t1 l1-1 l1-2 c1)
40.109: (drive-truck t1 l1-1 l1-2 c1)
40.108: (fly-airplane a2 l1-0 l4-0)
40.108: (drive-truck t4 l4-3 l4-1 c4)
40.108: (drive-truck t3 l3-2 l3-3 c3)
40.108: (drive-truck t3 l3-2 l3-3 c3)
40.108: (fly-airplane a0 l4-0 l1-0)
40.103: (drive-truck t0 l0-1 l0-3 c0)
40.108: (fly-airplane a2 l1-0 l4-0)
40.108: (drive-truck t4 l4-3 l4-1 c4)
40.108: (fly-airplane a1 l1-0 l4-0)
40.108: (drive-truck t3 l3-2 l3-3 c3)
40.102: (drive-truck t0 l0-1 l0-3 c0)
40.102: (drive-truck t1 l1-2 l1-3 c1)
40.104: (fly-airplane a0 l4-0 l1-0)
40.104: (drive-truck t3 l3-2 l3-3 c3)
40.104: (drive-truck t1 l1-2 l1-1 c1)
40.102: (fly-airplane a1 l4-0 l1-0)
40.102: (drive-truck t3 l3-2 l3-3 c3)
40.102: (drive-truck t3 l3-2 l3-3 c3)
40.102: (fly-airplane a2 l1-0 l4-0)
40.103: (fly-airplane a1 l4-0 l1-0)
40.102: (fly-airplane a1 l4-0 l1-0)
40.102: (fly-airplane a2 l1-0 l4-0)
40.102: (drive-truck t3 l3-2 l3-3 c3)
40.103: (drive-truck t1 l1-3 l1-1 c1)
40.103: (drive-truck t3 l3-2 l3-3 c3)
40.102: (fly-airplane a0 l4-0 l1-0)
40.102: (drive-truck t3 l3-2 l3-3 c3)
40.102: (fly-airplane a2 l1-0 l4-0)
40.103: (fly-airplane a1 l1-0 l4-0)
40.103: (fly-airplane a2 l1-0 l4-0)
40.102: (fly-airplane a0 l4-0 l1-0)
40.103: (drive-truck t3 l3-2 l3-3 c3)
40.103: (fly-airplane a0 l4-0 l1-0)
40.103: (drive-truck t3 l3-3 l3-2 c3)
40.103: (drive-truck t1 l1-3 l1-2 c1)
40.103: (fly-airplane a1 l1-0 l4-0)
40.103: (drive-truck t3 l3-3 l3-2 c3)
40.103: (drive-truck t1 l1-1 l1-2 c1)
40.104: (fly-airplane a0 l4-0 l1-0)
40.104: (fly-airplane a2 l4-0 l1-0)
40.103: (fly-airplane a0 l4-0 l1-0)
40.103: (drive-truck t3 l3-3 l3-2 c3)
40.103: (fly-airplane a1 l1-0 l4-0)
40.104: (drive-truck t1 l1-3 l1-2 c1)
40.104: (drive-truck t1 l1-3 l1-1 c1)
40.103: (fly-airplane a2 l4-0 l1-0)
40.103: (fly-airplane a2 l4-0 l1-0)
40.104: (drive-truck t1 l1-2 l1-1 c1)
40.104: (fly-airplane a1 l1-0 l4-0)
40.104: (drive-truck t3 l3-3 l3-2 c3)
40.104: (drive-truck t3 l3-3 l3-2 c3)
40.108: (drive-truck t0 l0-3 l0-1 c0)
40.109: (drive-truck t0 l0-3 l0-1 c0)
40.109: (drive-truck t4 l4-1 l4-3 c4)
40.110: (drive-truck t4 l4-1 l4-3 c4)
40.108: (drive-truck t0 l0-3 l0-1 c0)
40.108: (drive-truck t4 l4-1 l4-3 c4)
40.108: (drive-truck t1 l1-2 l1-3 c1)
40.108: (drive-truck t0 l0-3 l0-1 c0)
40.109: (drive-truck t1 l1-2 l1-3 c1)
40.108: (drive-truck t4 l4-1 l4-3 c4)
40.108: (drive-truck t3 l3-3 l3-2 c3)
40.108: (drive-truck t1 l1-2 l1-3 c1)
40.108: (fly-airplane a2 l1-0 l4-0)
40.108: (drive-truck t1 l1-2 l1-3 c1)
40.107: (fly-airplane a0 l1-0 l4-0)
40.108: (drive-truck t4 l4-3 l4-1 c4)
40.108: (fly-airplane a1 l4-0 l1-0)
40.108: (fly-airplane a1 l4-0 l1-0)
40.108: (drive-truck t3 l3-2 l3-3 c3)
40.108: (drive-truck t1 l1-2 l1-3 c1)
40.108: (drive-truck t4 l4-3 l4-1 c4)
40.108: (drive-truck t1 l1-3 l1-2 c1)
40.108: (fly-airplane a1 l4-0 l1-0)
40.108: (drive-truck t3 l3-2 l3-3 c3)
40.108: (fly-airplane a1 l4-0 l1-0)
40.108: (fly-airplane a0 l1-0 l4-0)
40.108: (drive-truck t4 l4-3 l4-1 c4)
40.109: (drive-truck t0 l0-1 l0-3 c0)
40.110: (drive-truck t4 l4-3 l4-1 c4)
40.107: (fly-airplane a0 l1-0 l4-0)
40.108: (drive-truck t3 l3-2 l3-3 c3)
40.108: (drive-truck t3 l3-3 l3-2 c3)
40.109: (fly-airplane a0 l1-0 l4-0)
40.109: (fly-airplane a0 l1-0 l4-0)
40.107: (drive-truck t3 l3-3 l3-2 c3)
40.108: (drive-truck t1 l1-3 l1-2 c1)
40.108: (fly-airplane a2 l4-0 l1-0)
40.109: (drive-truck t1 l1-2 l1-3 c1)
40.109: (drive-truck t3 l3-3 l3-2 c3)
40.109: (fly-airplane a1 l1-0 l4-0)
40.109: (drive-truck t4 l4-1 l4-3 c4)
40.109: (fly-airplane a0 l4-0 l1-0)
40.109: (fly-airplane a2 l4-0 l1-0)
40.109: (fly-airplane a2 l4-0 l1-0)
40.108: (drive-truck t1 l1-3 l1-2 c1)
40.109: (fly-airplane a1 l1-0 l4-0)
40.109: (fly-airplane a1 l1-0 l4-0)
40.109: (drive-truck t3 l3-3 l3-2 c3)
40.109: (fly-airplane a0 l4-0 l1-0)
40.108: (drive-truck t3 l3-2 l3-3 c3)
40.109: (fly-airplane a2 l1-0 l4-0)
40.109: (fly-airplane a0 l4-0 l1-0)
40.109: (drive-truck t3 l3-3 l3-2 c3)
40.109: (drive-truck t3 l3-2 l3-3 c3)
40.108: (fly-airplane a1 l1-0 l4-0)
40.109: (fly-airplane a1 l4-0 l1-0)
40.109: (drive-truck t1 l1-2 l1-3 c1)
40.109: (drive-truck t3 l3-3 l3-2 c3)
40.109: (drive-truck t1 l1-3 l1-2 c1)
40.114: (drive-truck t1 l1-3 l1-1 c1)
40.118: (drive-truck t1 l1-2 l1-1 c1)
40.118: (drive-truck t1 l1-3 l1-1 c1)
40.123: (drive-truck t5 l5-3 l5-2 c5)
40.124: (drive-truck t5 l5-3 l5-2 c5)
40.114: (drive-truck t3 l3-2 l3-3 c3)
40.114: (fly-airplane a2 l4-0 l1-0)
40.114: (fly-airplane a1 l4-0 l1-0)
40.117: (drive-truck t0 l0-1 l0-3 c0)
40.117: (drive-truck t4 l4-3 l4-1 c4)
40.109: (drive-truck t1 l1-3 l1-1 c1)
40.110: (drive-truck t1 l1-3 l1-1 c1)
40.110: (drive-truck t1 l1-1 l1-2 c1)
40.110: (drive-truck t1 l1-1 l1-2 c1)
40.110: (drive-truck t1 l1-1 l1-2 c1)
40.109: (fly-airplane a0 l1-0 l4-0)
40.109: (fly-airplane a1 l4-0 l1-0)
40.110: (fly-airplane a0 l1-0 l4-0)
40.110: (drive-truck t3 l3-2 l3-3 c3)
40.111: (fly-airplane a2 l4-0 l1-0)
40.110: (fly-airplane a0 l1-0 l4-0)
40.110: (drive-truck t3 l3-2 l3-3 c3)
40.110: (fly-airplane a2 l4-0 l1-0)
40.110: (fly-airplane a0 l1-0 l4-0)
40.110: (drive-truck t3 l3-2 l3-3 c3)
40.109: (fly-airplane a1 l4-0 l1-0)
40.109: (fly-airplane a2 l4-0 l1-0)
40.110: (drive-truck t3 l3-2 l3-3 c3)
40.111: (fly-airplane a0 l1-0 l4-0)
40.111: (fly-airplane a1 l4-0 l1-0)
40.111: (fly-airplane a2 l1-0 l4-0)
40.114: (drive-truck t1 l1-2 l1-1 c1)
40.116: (drive-truck t1 l1-1 l1-3 c1)
40.117: (drive-truck t1 l1-1 l1-3 c1)
40.119: (drive-truck t1 l1-1 l1-2 c1)
40.111: (fly-airplane a0 l4-0 l1-0)
40.111: (drive-truck t3 l3-2 l3-3 c3)
40.113: (fly-airplane a2 l1-0 l4-0)
40.113: (drive-truck t3 l3-3 l3-2 c3)
40.114: (fly-airplane a1 l1-0 l4-0)
40.111: (drive-truck t3 l3-2 l3-3 c3)
40.111: (fly-airplane a0 l4-0 l1-0)
40.113: (drive-truck t3 l3-3 l3-2 c3)
40.113: (fly-airplane a1 l1-0 l4-0)
40.113: (fly-airplane a0 l4-0 l1-0)
40.111: (fly-airplane a1 l1-0 l4-0)
40.117: (drive-truck t1 l1-1 l1-3 c1)
40.120: (drive-truck t1 l1-1 l1-2 c1)
40.121: (drive-truck t0 l0-3 l0-1 c0)
40.121: (drive-truck t4 l4-1 l4-3 c4)
40.113: (drive-truck t5 l5-2 l5-3 c5)
40.116: (drive-truck t3 l3-3 l3-2 c3)
40.116: (fly-airplane a1 l1-0 l4-0)
40.116: (fly-airplane a0 l1-0 l4-0)
40.117: (drive-truck t1 l1-1 l1-3 c1)
40.115: (fly-airplane a2 l4-0 l1-0)
40.116: (fly-airplane a0 l1-0 l4-0)
40.117: (drive-truck t3 l3-3 l3-2 c3)
40.119: (drive-truck t1 l1-3 l1-2 c1)
40.120: (drive-truck t1 l1-3 l1-2 c1)
40.117: (drive-truck t3 l3-3 l3-2 c3)
40.120: (drive-truck t1 l1-3 l1-2 c1)
40.120: (fly-airplane a1 l1-0 l4-0)
40.120: (fly-airplane a0 l1-0 l4-0)
40.120: (drive-truck t1 l1-3 l1-2 c1)
40.117: (fly-airplane a0 l1-0 l4-0)
40.119: (fly-airplane a2 l4-0 l1-0)
40.120: (drive-truck t3 l3-2 l3-3 c3)
40.120: (drive-truck t1 l1-3 l1-2 c1)
40.121: (fly-airplane a0 l1-0 l4-0)
40.119: (fly-airplane a2 l4-0 l1-0)
40.120: (fly-airplane a0 l1-0 l4-0)
40.120: (drive-truck t1 l1-3 l1-2 c1)
40.120: (fly-airplane a1 l4-0 l1-0)
40.121: (drive-truck t3 l3-3 l3-2 c3)
40.126: (drive-truck t0 l0-3 l0-1 c0)
40.126: (drive-truck t0 l0-3 l0-1 c0)
40.126: (drive-truck t4 l4-1 l4-3 c4)
40.127: (drive-truck t4 l4-1 l4-3 c4)
40.159: (fly-airplane a1 l1-0 l0-0)
40.120: (drive-truck t1 l1-2 l1-1 c1)
40.123: (drive-truck t1 l1-2 l1-3 c1)
40.123: (drive-truck t1 l1-2 l1-3 c1)
40.123: (drive-truck t1 l1-2 l1-3 c1)
40.125: (drive-truck t1 l1-2 l1-1 c1)
40.116: (drive-truck t5 l5-2 l5-3 c5)
40.121: (fly-airplane a1 l1-0 l4-0)
40.121: (fly-airplane a2 l1-0 l4-0)
40.122: (drive-truck t3 l3-2 l3-3 c3)
40.122: (fly-airplane a1 l4-0 l1-0)
40.118: (fly-airplane a1 l4-0 l1-0)
40.118: (fly-airplane a0 l4-0 l1-0)
40.121: (drive-truck t4 l4-1 l4-3 c4)
40.121: (fly-airplane a2 l1-0 l4-0)
40.121: (fly-airplane a0 l4-0 l1-0)
40.109: (drive-truck t1 l1-1 l1-2 c1)
40.118: (drive-truck t3 l3-2 l3-3 c3)
40.118: (fly-airplane a2 l1-0 l4-0)
40.118: (fly-airplane a2 l1-0 l4-0)
40.120: (drive-truck t3 l3-3 l3-2 c3)
40.117: (fly-airplane a1 l4-0 l1-0)
40.117: (drive-truck t3 l3-2 l3-3 c3)
40.118: (fly-airplane a2 l1-0 l4-0)
40.119: (drive-truck t3 l3-2 l3-3 c3)
40.119: (fly-airplane a0 l4-0 l1-0)
40.118: (drive-truck t3 l3-2 l3-3 c3)
40.118: (fly-airplane a1 l4-0 l1-0)
40.119: (fly-airplane a0 l4-0 l1-0)
40.121: (drive-truck t4 l4-1 l4-3 c4)
40.121: (drive-truck t4 l4-1 l4-3 c4)
40.121: (drive-truck t3 l3-3 l3-2 c3)
40.121: (fly-airplane a0 l1-0 l4-0)
40.121: (fly-airplane a1 l1-0 l4-0)
40.121: (fly-airplane a0 l4-0 l1-0)
40.121: (fly-airplane a2 l4-0 l1-0)
40.114: (drive-truck t0 l0-1 l0-3 c0)
40.120: (fly-airplane a1 l1-0 l4-0)
40.121: (fly-airplane a1 l1-0 l4-0)
40.121: (drive-truck t3 l3-2 l3-3 c3)
40.121: (fly-airplane a2 l4-0 l1-0)
40.121: (drive-truck t5 l5-3 l5-2 c5)
40.127: (drive-truck t5 l5-3 l5-2 c5)
40.128: (drive-truck t5 l5-3 l5-2 c5)
40.128: (drive-truck t5 l5-3 l5-2 c5)
40.157: (fly-airplane a2 l4-0 l0-0)
40.120: (drive-truck t0 l0-1 l0-3 c0)
40.121: (fly-airplane a0 l4-0 l1-0)
40.122: (drive-truck t1 l1-1 l1-3 c1)
40.122: (drive-truck t1 l1-1 l1-3 c1)
40.123: (drive-truck t1 l1-1 l1-3 c1)
40.121: (fly-airplane a1 l4-0 l1-0)
40.121: (fly-airplane a1 l1-0 l4-0)
40.121: (drive-truck t3 l3-3 l3-2 c3)
40.121: (drive-truck t4 l4-3 l4-1 c4)
40.121: (drive-truck t3 l3-2 l3-3 c3)
40.122: (drive-truck t4 l4-3 l4-1 c4)
40.123: (fly-airplane a2 l1-0 l4-0)
40.123: (drive-truck t3 l3-2 l3-3 c3)
40.123: (drive-truck t0 l0-1 l0-3 c0)
40.124: (fly-airplane a2 l1-0 l4-0)
40.122: (drive-truck t4 l4-1 l4-3 c4)
40.122: (drive-truck t3 l3-2 l3-3 c3)
40.122: (fly-airplane a0 l4-0 l1-0)
40.122: (fly-airplane a1 l4-0 l1-0)
40.122: (drive-truck t3 l3-3 l3-2 c3)
40.121: (drive-truck t4 l4-1 l4-3 c4)
40.121: (fly-airplane a0 l4-0 l1-0)
40.122: (drive-truck t3 l3-2 l3-3 c3)
40.122: (drive-truck t3 l3-3 l3-2 c3)
40.123: (drive-truck t0 l0-1 l0-3 c0)
40.123: (fly-airplane a2 l4-0 l1-0)
40.123: (drive-truck t3 l3-2 l3-3 c3)
40.123: (fly-airplane a0 l1-0 l4-0)
40.123: (drive-truck t0 l0-1 l0-3 c0)
40.123: (fly-airplane a0 l4-0 l1-0)
40.123: (fly-airplane a0 l4-0 l1-0)
40.123: (drive-truck t3 l3-2 l3-3 c3)
40.126: (drive-truck t1 l1-3 l1-1 c1)
40.126: (drive-truck t1 l1-3 l1-2 c1)
40.127: (drive-truck t1 l1-3 l1-2 c1)
40.123: (fly-airplane a1 l1-0 l4-0)
40.125: (drive-truck t0 l0-3 l0-1 c0)
40.125: (drive-truck t3 l3-3 l3-2 c3)
40.125: (drive-truck t0 l0-3 l0-1 c0)
40.125: (fly-airplane a2 l4-0 l1-0)
40.123: (drive-truck t3 l3-3 l3-2 c3)
40.124: (fly-airplane a1 l1-0 l4-0)
40.125: (drive-truck t3 l3-3 l3-2 c3)
40.125: (fly-airplane a0 l4-0 l1-0)
40.125: (drive-truck t4 l4-3 l4-1 c4)
40.124: (drive-truck t3 l3-3 l3-2 c3)
40.125: (fly-airplane a0 l4-0 l1-0)
40.125: (fly-airplane a1 l1-0 l4-0)
40.125: (fly-airplane a0 l4-0 l1-0)
40.125: (fly-airplane a2 l4-0 l1-0)
40.124: (fly-airplane a2 l1-0 l4-0)
40.124: (drive-truck t3 l3-3 l3-2 c3)
40.124: (drive-truck t4 l4-3 l4-1 c4)
40.125: (drive-truck t3 l3-2 l3-3 c3)
40.125: (fly-airplane a2 l4-0 l1-0)
40.125: (drive-truck t4 l4-3 l4-1 c4)
40.125: (fly-airplane a2 l1-0 l4-0)
40.125: (drive-truck t3 l3-3 l3-2 c3)
40.125: (fly-airplane a0 l1-0 l4-0)
40.125: (fly-airplane a1 l4-0 l1-0)
40.124: (drive-truck t3 l3-3 l3-2 c3)
40.125: (drive-truck t4 l4-3 l4-1 c4)
40.125: (drive-truck t3 l3-3 l3-2 c3)
40.125: (fly-airplane a1 l4-0 l1-0)
40.125: (fly-airplane a0 l1-0 l4-0)
40.126: (drive-truck t1 l1-1 l1-2 c1)
40.128: (drive-truck t4 l4-1 l4-3 c4)
40.160: (fly-airplane a1 l1-0 l0-0)
40.161: (fly-airplane a1 l4-0 l0-0)
40.161: (fly-airplane a1 l4-0 l0-0)
40.126: (fly-airplane a1 l1-0 l4-0)
40.128: (fly-airplane a1 l1-0 l4-0)
40.128: (drive-truck t3 l3-2 l3-3 c3)
40.128: (fly-airplane a0 l1-0 l4-0)
40.143: (drive-truck t5 l5-2 l5-3 c5)
40.126: (drive-truck t4 l4-1 l4-3 c4)
40.126: (drive-truck t1 l1-1 l1-2 c1)
40.126: (drive-truck t3 l3-2 l3-3 c3)
40.126: (fly-airplane a2 l4-0 l1-0)
40.127: (drive-truck t3 l3-2 l3-3 c3)
40.126: (fly-airplane a2 l4-0 l1-0)
40.127: (drive-truck t0 l0-1 l0-3 c0)
40.161: (fly-airplane a1 l4-0 l0-0)
40.161: (fly-airplane a1 l4-0 l0-0)
40.161: (fly-airplane a2 l4-0 l0-0)
40.126: (drive-truck t3 l3-2 l3-3 c3)
40.126: (fly-airplane a2 l4-0 l1-0)
40.143: (drive-truck t5 l5-2 l5-3 c5)
40.143: (drive-truck t5 l5-2 l5-3 c5)
40.144: (drive-truck t5 l5-2 l5-3 c5)
40.123: (drive-truck t1 l1-2 l1-3 c1)
40.126: (drive-truck t3 l3-2 l3-3 c3)
40.126: (fly-airplane a1 l4-0 l1-0)
40.127: (fly-airplane a2 l4-0 l1-0)
40.143: (drive-truck t0 l0-1 l0-3 c0)
40.126: (fly-airplane a0 l1-0 l4-0)
40.143: (drive-truck t3 l3-3 l3-2 c3)
40.143: (drive-truck t1 l1-2 l1-3 c1)
40.146: (drive-truck t1 l1-2 l1-1 c1)
40.149: (drive-truck t4 l4-1 l4-3 c4)
40.123: (drive-truck t1 l1-2 l1-3 c1)
40.143: (drive-truck t0 l0-3 l0-1 c0)
40.144: (drive-truck t1 l1-2 l1-3 c1)
40.144: (drive-truck t0 l0-3 l0-1 c0)
40.144: (drive-truck t3 l3-3 l3-2 c3)
40.145: (drive-truck t1 l1-2 l1-3 c1)
40.145: (drive-truck t1 l1-2 l1-3 c1)
40.146: (drive-truck t0 l0-3 l0-1 c0)
40.146: (drive-truck t1 l1-3 l1-1 c1)
40.150: (drive-truck t4 l4-1 l4-3 c4)
40.145: (drive-truck t0 l0-3 l0-1 c0)
40.145: (drive-truck t4 l4-1 l4-3 c4)
40.145: (drive-truck t3 l3-3 l3-2 c3)
40.145: (drive-truck t3 l3-2 l3-3 c3)
40.146: (drive-truck t4 l4-3 l4-1 c4)
40.154: (drive-truck t1 l1-3 l1-1 c1)
40.158: (drive-truck t5 l5-3 l5-2 c5)
40.158: (drive-truck t5 l5-3 l5-2 c5)
40.159: (drive-truck t1 l1-3 l1-1 c1)
40.171: (fly-airplane a1 l0-0 l5-0)
40.155: (drive-truck t4 l4-3 l4-1 c4)
40.155: (drive-truck t3 l3-3 l3-2 c3)
40.156: (drive-truck t0 l0-1 l0-3 c0)
40.156: (drive-truck t0 l0-1 l0-3 c0)
40.157: (drive-truck t4 l4-1 l4-3 c4)
40.149: (drive-truck t1 l1-1 l1-2 c1)
40.150: (drive-truck t1 l1-3 l1-1 c1)
40.156: (drive-truck t3 l3-3 l3-2 c3)
40.157: (drive-truck t3 l3-2 l3-3 c3)
40.160: (drive-truck t1 l1-3 l1-2 c1)
40.149: (drive-truck t1 l1-1 l1-3 c1)
40.150: (drive-truck t3 l3-3 l3-2 c3)
40.151: (drive-truck t1 l1-3 l1-1 c1)
40.158: (drive-truck t0 l0-3 l0-1 c0)
40.158: (drive-truck t0 l0-3 l0-1 c0)
40.159: (drive-truck t1 l1-1 l1-2 c1)
40.162: (drive-truck t4 l4-1 l4-3 c4)
40.162: (drive-truck t1 l1-3 l1-2 c1)
40.163: (drive-truck t5 l5-3 l5-2 c5)
40.163: (drive-truck t5 l5-3 l5-2 c5)
40.159: (drive-truck t4 l4-3 l4-1 c4)
40.160: (drive-truck t0 l0-1 l0-3 c0)
40.160: (drive-truck t1 l1-3 l1-1 c1)
40.161: (drive-truck t1 l1-1 l1-2 c1)
40.161: (drive-truck t3 l3-2 l3-3 c3)
40.166: (drive-truck t1 l1-1 l1-2 c1)
40.167: (drive-truck t0 l0-1 l0-3 c0)
40.185: (fly-airplane a1 l0-0 l5-0)
40.188: (fly-airplane a1 l0-0 l5-0)
40.190: (fly-airplane a1 l0-0 l5-0)
40.166: (drive-truck t3 l3-3 l3-2 c3)
40.171: (drive-truck t5 l5-2 l5-3 c5)
40.174: (drive-truck t0 l0-1 l0-3 c0)
40.175: (drive-truck t4 l4-3 l4-1 c4)
40.180: (drive-truck t5 l5-2 l5-3 c5)
40.162: (drive-truck t1 l1-2 l1-3 c1)
40.169: (drive-truck t4 l4-3 l4-1 c4)
40.170: (drive-truck t5 l5-2 l5-3 c5)
40.170: (drive-truck t3 l3-3 l3-2 c3)
40.171: (drive-truck t1 l1-2 l1-3 c1)
40.165: (drive-truck t1 l1-1 l1-3 c1)
40.165: (drive-truck t1 l1-1 l1-2 c1)
40.169: (drive-truck t3 l3-3 l3-2 c3)
40.171: (drive-truck t4 l4-3 l4-1 c4)
40.171: (drive-truck t0 l0-1 l0-3 c0)
40.165: (drive-truck t1 l1-1 l1-3 c1)
40.165: (drive-truck t1 l1-1 l1-2 c1)
40.165: (drive-truck t3 l3-3 l3-2 c3)
40.165: (drive-truck t3 l3-3 l3-2 c3)
40.170: (drive-truck t1 l1-3 l1-2 c1)
40.171: (drive-truck t0 l0-3 l0-1 c0)
40.171: (drive-truck t0 l0-3 l0-1 c0)
40.171: (drive-truck t4 l4-1 l4-3 c4)
40.172: (drive-truck t4 l4-1 l4-3 c4)
40.172: (drive-truck t3 l3-3 l3-2 c3)
40.172: (drive-truck t3 l3-2 l3-3 c3)
40.179: (drive-truck t1 l1-2 l1-1 c1)
40.180: (drive-truck t1 l1-3 l1-1 c1)
40.184: (drive-truck t1 l1-2 l1-1 c1)
40.184: (drive-truck t1 l1-3 l1-1 c1)
40.185: (drive-truck t3 l3-2 l3-3 c3)
40.185: (drive-truck t5 l5-3 l5-2 c5)
40.187: (drive-truck t0 l0-3 l0-1 c0)
40.187: (drive-truck t4 l4-1 l4-3 c4)
40.190: (drive-truck t5 l5-3 l5-2 c5)
40.174: (drive-truck t0 l0-1 l0-3 c0)
40.175: (drive-truck t4 l4-3 l4-1 c4)
40.187: (drive-truck t1 l1-1 l1-3 c1)
40.188: (drive-truck t4 l4-1 l4-3 c4)
40.188: (drive-truck t1 l1-1 l1-3 c1)
40.181: (drive-truck t0 l0-1 l0-3 c0)
40.181: (drive-truck t1 l1-1 l1-3 c1)
40.181: (drive-truck t4 l4-3 l4-1 c4)
40.183: (drive-truck t1 l1-1 l1-2 c1)
40.185: (drive-truck t0 l0-3 l0-1 c0)
40.181: (drive-truck t3 l3-2 l3-3 c3)
40.183: (drive-truck t3 l3-2 l3-3 c3)
40.187: (drive-truck t3 l3-2 l3-3 c3)
40.188: (drive-truck t1 l1-3 l1-2 c1)
40.190: (drive-truck t4 l4-1 l4-3 c4)
40.187: (drive-truck t0 l0-3 l0-1 c0)
40.188: (drive-truck t4 l4-1 l4-3 c4)
40.188: (drive-truck t0 l0-1 l0-3 c0)
40.188: (drive-truck t4 l4-3 l4-1 c4)
40.188: (drive-truck t4 l4-3 l4-1 c4)
40.189: (drive-truck t1 l1-3 l1-2 c1)
40.190: (drive-truck t3 l3-2 l3-3 c3)
40.190: (drive-truck t1 l1-3 l1-2 c1)
40.346: (drive-truck t3 l3-3 l3-0 c3)
40.348: (drive-truck t3 l3-3 l3-0 c3)
40.281: (fly-airplane a1 l5-0 l4-0)
40.281: (fly-airplane a1 l5-0 l1-0)
40.284: (fly-airplane a1 l5-0 l1-0)
40.284: (fly-airplane a1 l5-0 l4-0)
40.318: (fly-airplane a1 l5-0 l0-0)
40.266: (drive-truck t5 l5-2 l5-3 c5)
40.267: (drive-truck t5 l5-2 l5-3 c5)
40.268: (drive-truck t4 l4-3 l4-1 c4)
40.269: (drive-truck t5 l5-2 l5-3 c5)
40.269: (drive-truck t4 l4-3 l4-1 c4)
40.254: (drive-truck t4 l4-3 l4-1 c4)
40.254: (drive-truck t5 l5-2 l5-3 c5)
40.254: (drive-truck t4 l4-3 l4-1 c4)
40.254: (drive-truck t5 l5-2 l5-3 c5)
40.255: (drive-truck t0 l0-1 l0-3 c0)
40.254: (fly-airplane a0 l1-0 l4-0)
40.254: (fly-airplane a2 l4-0 l1-0)
40.255: (drive-truck t1 l1-3 l1-2 c1)
40.255: (drive-truck t1 l1-3 l1-2 c1)
40.259: (drive-truck t1 l1-3 l1-1 c1)
40.254: (fly-airplane a0 l1-0 l4-0)
40.254: (fly-airplane a2 l4-0 l1-0)
40.254: (fly-airplane a2 l4-0 l1-0)
40.255: (fly-airplane a0 l1-0 l4-0)
40.255: (drive-truck t1 l1-3 l1-2 c1)
40.254: (fly-airplane a2 l4-0 l1-0)
40.255: (fly-airplane a0 l1-0 l4-0)
40.255: (drive-truck t1 l1-3 l1-2 c1)
40.255: (drive-truck t1 l1-3 l1-2 c1)
40.259: (drive-truck t1 l1-2 l1-1 c1)
40.259: (fly-airplane a2 l4-0 l1-0)
40.259: (drive-truck t1 l1-2 l1-1 c1)
40.260: (drive-truck t1 l1-2 l1-1 c1)
40.267: (drive-truck t5 l5-3 l5-2 c5)
40.268: (drive-truck t4 l4-1 l4-3 c4)
40.260: (fly-airplane a0 l4-0 l1-0)
40.267: (drive-truck t5 l5-3 l5-2 c5)
40.267: (fly-airplane a0 l4-0 l1-0)
40.267: (fly-airplane a2 l4-0 l1-0)
40.267: (drive-truck t1 l1-2 l1-3 c1)
40.260: (fly-airplane a2 l1-0 l4-0)
40.267: (fly-airplane a1 l1-0 l4-0)
40.267: (drive-truck t5 l5-3 l5-2 c5)
40.267: (fly-airplane a2 l1-0 l4-0)
40.267: (fly-airplane a1 l1-0 l4-0)
40.267: (fly-airplane a0 l4-0 l1-0)
40.267: (fly-airplane a0 l1-0 l4-0)
40.268: (drive-truck t1 l1-3 l1-2 c1)
40.268: (drive-truck t1 l1-3 l1-2 c1)
40.268: (drive-truck t1 l1-1 l1-3 c1)
40.268: (fly-airplane a0 l4-0 l1-0)
40.268: (fly-airplane a0 l4-0 l1-0)
40.268: (drive-truck t1 l1-3 l1-2 c1)
40.269: (drive-truck t1 l1-1 l1-3 c1)
40.269: (fly-airplane a0 l1-0 l4-0)
40.268: (fly-airplane a2 l1-0 l4-0)
40.269: (fly-airplane a1 l1-0 l4-0)
40.269: (fly-airplane a1 l4-0 l1-0)
40.271: (drive-truck t1 l1-2 l1-1 c1)
40.272: (drive-truck t1 l1-3 l1-2 c1)
40.269: (fly-airplane a2 l1-0 l4-0)
40.271: (fly-airplane a1 l1-0 l4-0)
40.271: (fly-airplane a0 l1-0 l4-0)
40.272: (fly-airplane a1 l4-0 l1-0)
40.272: (drive-truck t1 l1-2 l1-1 c1)
40.271: (fly-airplane a2 l4-0 l1-0)
40.272: (drive-truck t1 l1-3 l1-2 c1)
40.272: (fly-airplane a2 l1-0 l4-0)
40.273: (fly-airplane a2 l4-0 l1-0)
40.279: (drive-truck t5 l5-3 l5-2 c5)
40.271: (fly-airplane a0 l1-0 l4-0)
40.272: (fly-airplane a0 l4-0 l1-0)
40.272: (fly-airplane a1 l1-0 l4-0)
40.279: (fly-airplane a2 l4-0 l1-0)
40.279: (fly-airplane a0 l4-0 l1-0)
40.272: (fly-airplane a1 l1-0 l4-0)
40.279: (fly-airplane a1 l1-0 l4-0)
40.280: (fly-airplane a1 l1-0 l4-0)
40.280: (drive-truck t5 l5-3 l5-2 c5)
40.281: (drive-truck t1 l1-1 l1-3 c1)
40.272: (fly-airplane a2 l4-0 l1-0)
40.280: (fly-airplane a0 l4-0 l1-0)
40.280: (fly-airplane a2 l4-0 l1-0)
40.281: (drive-truck t1 l1-1 l1-3 c1)
40.282: (fly-airplane a2 l1-0 l4-0)
40.281: (fly-airplane a0 l4-0 l1-0)
40.282: (drive-truck t1 l1-1 l1-3 c1)
40.285: (drive-truck t1 l1-3 l1-2 c1)
40.285: (drive-truck t1 l1-1 l1-2 c1)
40.285: (drive-truck t4 l4-1 l4-3 c4)
40.284: (fly-airplane a1 l4-0 l1-0)
40.286: (fly-airplane a2 l1-0 l4-0)
40.296: (drive-truck t0 l0-3 l0-1 c0)
40.299: (drive-truck t0 l0-3 l0-1 c0)
40.300: (drive-truck t0 l0-3 l0-1 c0)
40.127: (drive-truck t3 l3-0 l3-2 c3)
40.280: (drive-truck t5 l5-2 l5-3 c5)
40.281: (drive-truck t5 l5-2 l5-3 c5)
40.281: (drive-truck t5 l5-2 l5-3 c5)
40.283: (drive-truck t4 l4-3 l4-1 c4)
40.126: (fly-airplane a2 l1-0 l4-0)
40.166: (fly-airplane a2 l1-0 l0-0)
40.166: (fly-airplane a1 l1-0 l0-0)
40.190: (fly-airplane a2 l1-0 l5-0)
40.190: (fly-airplane a1 l1-0 l5-0)
40.149: (drive-truck t5 l5-2 l5-3 c5)
40.150: (drive-truck t5 l5-2 l5-3 c5)
40.160: (drive-truck t4 l4-3 l4-1 c4)
40.161: (drive-truck t4 l4-3 l4-1 c4)
40.161: (drive-truck t0 l0-3 l0-1 c0)
40.143: (drive-truck t5 l5-2 l5-3 c5)
40.143: (drive-truck t4 l4-3 l4-1 c4)
40.143: (drive-truck t4 l4-3 l4-1 c4)
40.143: (drive-truck t5 l5-2 l5-3 c5)
40.144: (drive-truck t5 l5-2 l5-3 c5)
40.142: (drive-truck t3 l3-2 l3-3 c3)
40.143: (drive-truck t3 l3-2 l3-3 c3)
40.143: (drive-truck t1 l1-2 l1-3 c1)
40.143: (drive-truck t0 l0-3 l0-1 c0)
40.145: (drive-truck t3 l3-2 l3-3 c3)
40.143: (drive-truck t3 l3-2 l3-3 c3)
40.143: (drive-truck t1 l1-2 l1-3 c1)
40.143: (drive-truck t0 l0-3 l0-1 c0)
40.144: (drive-truck t3 l3-2 l3-3 c3)
40.144: (drive-truck t4 l4-3 l4-1 c4)
40.143: (drive-truck t4 l4-1 l4-3 c4)
40.145: (drive-truck t1 l1-2 l1-3 c1)
40.145: (drive-truck t0 l0-3 l0-1 c0)
40.146: (drive-truck t3 l3-3 l3-2 c3)
40.146: (drive-truck t1 l1-3 l1-1 c1)
40.145: (drive-truck t1 l1-2 l1-3 c1)
40.145: (drive-truck t4 l4-1 l4-3 c4)
40.145: (drive-truck t3 l3-3 l3-2 c3)
40.145: (drive-truck t3 l3-3 l3-2 c3)
40.147: (drive-truck t1 l1-2 l1-3 c1)
40.144: (drive-truck t0 l0-1 l0-3 c0)
40.145: (drive-truck t4 l4-1 l4-3 c4)
40.145: (drive-truck t3 l3-3 l3-2 c3)
40.146: (drive-truck t4 l4-1 l4-3 c4)
40.146: (drive-truck t3 l3-2 l3-3 c3)
40.144: (drive-truck t0 l0-1 l0-3 c0)
40.145: (drive-truck t3 l3-2 l3-3 c3)
40.146: (drive-truck t4 l4-1 l4-3 c4)
40.146: (drive-truck t1 l1-3 l1-1 c1)
40.147: (drive-truck t3 l3-2 l3-3 c3)
40.146: (drive-truck t3 l3-2 l3-3 c3)
40.146: (drive-truck t1 l1-3 l1-1 c1)
40.151: (drive-truck t4 l4-1 l4-3 c4)
40.151: (drive-truck t0 l0-1 l0-3 c0)
40.152: (drive-truck t5 l5-3 l5-2 c5)
40.149: (drive-truck t1 l1-3 l1-2 c1)
40.152: (drive-truck t3 l3-3 l3-2 c3)
40.152: (drive-truck t5 l5-3 l5-2 c5)
40.152: (drive-truck t3 l3-2 l3-3 c3)
40.155: (drive-truck t0 l0-3 l0-1 c0)
40.155: (drive-truck t3 l3-3 l3-2 c3)
40.157: (drive-truck t1 l1-2 l1-1 c1)
40.157: (drive-truck t1 l1-1 l1-3 c1)
40.158: (drive-truck t4 l4-1 l4-3 c4)
40.160: (drive-truck t1 l1-1 l1-2 c1)
40.157: (drive-truck t3 l3-3 l3-2 c3)
40.158: (drive-truck t3 l3-3 l3-2 c3)
40.159: (drive-truck t4 l4-1 l4-3 c4)
40.159: (drive-truck t0 l0-3 l0-1 c0)
40.161: (drive-truck t5 l5-3 l5-2 c5)
40.158: (drive-truck t4 l4-1 l4-3 c4)
40.159: (drive-truck t0 l0-3 l0-1 c0)
40.159: (drive-truck t3 l3-3 l3-2 c3)
40.160: (drive-truck t1 l1-1 l1-3 c1)
40.160: (drive-truck t3 l3-2 l3-3 c3)
40.158: (drive-truck t3 l3-3 l3-2 c3)
40.159: (drive-truck t4 l4-1 l4-3 c4)
40.161: (drive-truck t1 l1-3 l1-2 c1)
40.161: (drive-truck t1 l1-3 l1-2 c1)
40.161: (drive-truck t1 l1-1 l1-2 c1)
40.163: (drive-truck t0 l0-1 l0-3 c0)
40.164: (drive-truck t1 l1-2 l1-1 c1)
40.164: (drive-truck t1 l1-3 l1-1 c1)
40.166: (drive-truck t0 l0-1 l0-3 c0)
40.188: (fly-airplane a2 l0-0 l5-0)
40.161: (drive-truck t1 l1-2 l1-1 c1)
40.162: (drive-truck t1 l1-3 l1-1 c1)
40.162: (drive-truck t0 l0-1 l0-3 c0)
40.162: (drive-truck t0 l0-1 l0-3 c0)
40.163: (drive-truck t3 l3-2 l3-3 c3)
40.186: (fly-airplane a2 l0-0 l5-0)
40.186: (fly-airplane a2 l0-0 l5-0)
40.188: (fly-airplane a2 l0-0 l5-0)
40.318: (drive-truck t3 l3-2 l3-0 c3)
40.318: (drive-truck t3 l3-3 l3-0 c3)
40.173: (drive-truck t5 l5-2 l5-3 c5)
40.176: (drive-truck t4 l4-3 l4-1 c4)
40.176: (drive-truck t4 l4-3 l4-1 c4)
40.179: (drive-truck t5 l5-2 l5-3 c5)
40.179: (drive-truck t5 l5-2 l5-3 c5)
40.166: (drive-truck t4 l4-3 l4-1 c4)
40.168: (drive-truck t4 l4-3 l4-1 c4)
40.168: (drive-truck t4 l4-3 l4-1 c4)
40.169: (drive-truck t5 l5-2 l5-3 c5)
40.169: (drive-truck t5 l5-2 l5-3 c5)
40.166: (drive-truck t1 l1-3 l1-2 c1)
40.166: (drive-truck t1 l1-1 l1-2 c1)
40.166: (drive-truck t3 l3-3 l3-2 c3)
40.167: (drive-truck t1 l1-1 l1-2 c1)
40.167: (drive-truck t1 l1-1 l1-3 c1)
40.172: (drive-truck t0 l0-3 l0-1 c0)
40.173: (drive-truck t4 l4-1 l4-3 c4)
40.173: (drive-truck t0 l0-3 l0-1 c0)
40.173: (drive-truck t4 l4-1 l4-3 c4)
40.173: (drive-truck t4 l4-1 l4-3 c4)
40.171: (drive-truck t0 l0-3 l0-1 c0)
40.172: (drive-truck t0 l0-3 l0-1 c0)
40.172: (drive-truck t4 l4-1 l4-3 c4)
40.172: (drive-truck t4 l4-1 l4-3 c4)
40.173: (drive-truck t0 l0-3 l0-1 c0)
40.173: (drive-truck t3 l3-2 l3-3 c3)
40.173: (drive-truck t1 l1-2 l1-3 c1)
40.173: (drive-truck t4 l4-3 l4-1 c4)
40.185: (drive-truck t1 l1-2 l1-1 c1)
40.186: (drive-truck t1 l1-2 l1-1 c1)
40.173: (drive-truck t4 l4-3 l4-1 c4)
40.173: (drive-truck t3 l3-2 l3-3 c3)
40.183: (drive-truck t1 l1-3 l1-1 c1)
40.183: (drive-truck t4 l4-3 l4-1 c4)
40.184: (drive-truck t4 l4-3 l4-1 c4)
40.189: (drive-truck t5 l5-3 l5-2 c5)
40.190: (drive-truck t5 l5-3 l5-2 c5)
40.190: (drive-truck t5 l5-3 l5-2 c5)
40.333: (drive-truck t3 l3-3 l3-0 c3)
40.347: (drive-truck t3 l3-2 l3-0 c3)
40.182: (drive-truck t0 l0-1 l0-3 c0)
40.188: (drive-truck t4 l4-1 l4-3 c4)
40.188: (drive-truck t3 l3-3 l3-2 c3)
40.188: (drive-truck t1 l1-1 l1-3 c1)
40.190: (drive-truck t1 l1-3 l1-2 c1)
40.182: (drive-truck t3 l3-3 l3-2 c3)
40.182: (drive-truck t0 l0-1 l0-3 c0)
40.183: (drive-truck t1 l1-3 l1-2 c1)
40.184: (drive-truck t0 l0-1 l0-3 c0)
40.190: (drive-truck t1 l1-3 l1-2 c1)
40.182: (drive-truck t3 l3-3 l3-2 c3)
40.183: (drive-truck t1 l1-3 l1-2 c1)
40.188: (drive-truck t4 l4-1 l4-3 c4)
40.189: (drive-truck t0 l0-1 l0-3 c0)
40.189: (drive-truck t3 l3-3 l3-2 c3)
40.190: (drive-truck t4 l4-3 l4-1 c4)
40.190: (drive-truck t0 l0-3 l0-1 c0)
40.192: (drive-truck t1 l1-2 l1-1 c1)
40.336: (drive-truck t3 l3-2 l3-0 c3)
40.347: (drive-truck t3 l3-2 l3-0 c3)
40.193: (drive-truck t3 l3-2 l3-3 c3)
40.308: (fly-airplane a2 l5-0 l0-0)
40.319: (drive-truck t5 l5-2 l5-3 c5)
40.319: (fly-airplane a2 l5-0 l0-0)
40.330: (drive-truck t5 l5-2 l5-3 c5)
40.293: (drive-truck t5 l5-2 l5-3 c5)
40.293: (fly-airplane a2 l5-0 l0-0)
40.305: (drive-truck t1 l1-2 l1-1 c1)
40.305: (drive-truck t5 l5-2 l5-3 c5)
40.306: (fly-airplane a2 l5-0 l0-0)
40.294: (drive-truck t4 l4-3 l4-1 c4)
40.294: (drive-truck t1 l1-2 l1-3 c1)
40.299: (drive-truck t5 l5-2 l5-3 c5)
40.300: (drive-truck t1 l1-2 l1-1 c1)
40.305: (drive-truck t0 l0-3 l0-1 c0)
40.268: (fly-airplane a2 l0-0 l1-0)
40.269: (fly-airplane a2 l0-0 l4-0)
40.306: (drive-truck t1 l1-2 l1-3 c1)
40.306: (drive-truck t5 l5-3 l5-2 c5)
40.307: (drive-truck t0 l0-3 l0-1 c0)
40.268: (drive-truck t1 l1-2 l1-3 c1)
40.268: (fly-airplane a0 l4-0 l1-0)
40.268: (fly-airplane a1 l1-0 l4-0)
40.269: (drive-truck t1 l1-2 l1-3 c1)
40.269: (fly-airplane a2 l0-0 l1-0)
40.268: (fly-airplane a0 l4-0 l1-0)
40.268: (drive-truck t1 l1-2 l1-3 c1)
40.268: (fly-airplane a1 l1-0 l4-0)
40.270: (fly-airplane a1 l1-0 l4-0)
40.281: (drive-truck t1 l1-2 l1-1 c1)
40.268: (fly-airplane a0 l4-0 l1-0)
40.268: (drive-truck t1 l1-2 l1-3 c1)
40.269: (drive-truck t1 l1-2 l1-3 c1)
40.281: (drive-truck t4 l4-1 l4-3 c4)
40.281: (drive-truck t1 l1-2 l1-1 c1)
40.281: (fly-airplane a1 l4-0 l1-0)
40.281: (drive-truck t4 l4-1 l4-3 c4)
40.282: (drive-truck t1 l1-3 l1-1 c1)
40.282: (fly-airplane a2 l4-0 l1-0)
40.288: (drive-truck t5 l5-3 l5-2 c5)
40.281: (fly-airplane a2 l1-0 l4-0)
40.281: (fly-airplane a1 l4-0 l1-0)
40.281: (fly-airplane a0 l1-0 l4-0)
40.282: (drive-truck t1 l1-3 l1-2 c1)
40.282: (drive-truck t1 l1-3 l1-2 c1)
40.281: (fly-airplane a2 l1-0 l4-0)
40.281: (fly-airplane a1 l4-0 l1-0)
40.281: (fly-airplane a1 l4-0 l1-0)
40.282: (drive-truck t1 l1-3 l1-2 c1)
40.282: (drive-truck t1 l1-3 l1-2 c1)
40.281: (fly-airplane a2 l1-0 l4-0)
40.289: (drive-truck t5 l5-3 l5-2 c5)
40.294: (drive-truck t1 l1-2 l1-1 c1)
40.294: (drive-truck t4 l4-1 l4-3 c4)
40.294: (drive-truck t1 l1-2 l1-1 c1)
40.283: (drive-truck t1 l1-1 l1-3 c1)
40.286: (drive-truck t1 l1-1 l1-2 c1)
40.289: (fly-airplane a2 l1-0 l4-0)
40.289: (fly-airplane a1 l1-0 l4-0)
40.289: (drive-truck t5 l5-3 l5-2 c5)
40.283: (fly-airplane a2 l1-0 l4-0)
40.283: (drive-truck t1 l1-1 l1-3 c1)
40.283: (fly-airplane a1 l1-0 l4-0)
40.284: (drive-truck t1 l1-1 l1-3 c1)
40.286: (fly-airplane a1 l1-0 l4-0)
40.286: (drive-truck t1 l1-3 l1-2 c1)
40.287: (fly-airplane a0 l4-0 l1-0)
40.296: (drive-truck t4 l4-1 l4-3 c4)
40.296: (drive-truck t4 l4-1 l4-3 c4)
40.318: (fly-airplane a1 l4-0 l0-0)
40.158: (drive-truck t3 l3-0 l3-2 c3)
40.158: (drive-truck t3 l3-0 l3-3 c3)
40.286: (fly-airplane a2 l1-0 l4-0)
40.286: (fly-airplane a0 l4-0 l1-0)
40.289: (drive-truck t1 l1-2 l1-1 c1)
40.156: (drive-truck t0 l0-1 l0-3 c0)
40.156: (drive-truck t0 l0-1 l0-3 c0)
40.158: (drive-truck t4 l4-1 l4-3 c4)
40.160: (drive-truck t1 l1-3 l1-1 c1)
40.160: (drive-truck t1 l1-3 l1-1 c1)
40.150: (drive-truck t0 l0-1 l0-3 c0)
40.150: (drive-truck t0 l0-1 l0-3 c0)
40.150: (drive-truck t1 l1-3 l1-1 c1)
40.151: (drive-truck t1 l1-3 l1-1 c1)
40.154: (drive-truck t5 l5-2 l5-3 c5)
40.156: (drive-truck t3 l3-3 l3-2 c3)
40.159: (drive-truck t4 l4-1 l4-3 c4)
40.161: (drive-truck t4 l4-1 l4-3 c4)
40.162: (drive-truck t4 l4-1 l4-3 c4)
40.175: (fly-airplane a1 l0-0 l5-0)
40.156: (drive-truck t5 l5-2 l5-3 c5)
40.156: (drive-truck t0 l0-1 l0-3 c0)
40.157: (drive-truck t5 l5-2 l5-3 c5)
40.159: (drive-truck t3 l3-3 l3-2 c3)
40.159: (drive-truck t4 l4-1 l4-3 c4)
40.149: (drive-truck t1 l1-1 l1-2 c1)
40.150: (drive-truck t1 l1-1 l1-3 c1)
40.150: (drive-truck t1 l1-1 l1-3 c1)
40.180: (fly-airplane a1 l0-0 l5-0)
40.180: (fly-airplane a1 l0-0 l5-0)
40.162: (drive-truck t5 l5-3 l5-2 c5)
40.163: (drive-truck t5 l5-3 l5-2 c5)
40.166: (drive-truck t5 l5-3 l5-2 c5)
40.168: (drive-truck t4 l4-3 l4-1 c4)
40.168: (drive-truck t4 l4-3 l4-1 c4)
40.161: (drive-truck t0 l0-3 l0-1 c0)
40.165: (drive-truck t1 l1-1 l1-3 c1)
40.165: (drive-truck t1 l1-1 l1-3 c1)
40.165: (drive-truck t1 l1-1 l1-2 c1)
40.166: (drive-truck t1 l1-1 l1-2 c1)
40.164: (drive-truck t1 l1-2 l1-1 c1)
40.170: (drive-truck t0 l0-3 l0-1 c0)
40.170: (drive-truck t0 l0-3 l0-1 c0)
40.171: (drive-truck t4 l4-1 l4-3 c4)
40.171: (drive-truck t4 l4-1 l4-3 c4)
40.170: (drive-truck t0 l0-3 l0-1 c0)
40.170: (drive-truck t4 l4-1 l4-3 c4)
40.170: (drive-truck t0 l0-3 l0-1 c0)
40.171: (drive-truck t4 l4-1 l4-3 c4)
40.171: (drive-truck t3 l3-2 l3-3 c3)
40.170: (drive-truck t3 l3-2 l3-3 c3)
40.170: (drive-truck t0 l0-3 l0-1 c0)
40.171: (drive-truck t1 l1-2 l1-3 c1)
40.171: (drive-truck t0 l0-1 l0-3 c0)
40.172: (drive-truck t4 l4-3 l4-1 c4)
40.171: (drive-truck t3 l3-2 l3-3 c3)
40.172: (drive-truck t4 l4-3 l4-1 c4)
40.184: (drive-truck t1 l1-3 l1-1 c1)
40.187: (drive-truck t5 l5-3 l5-2 c5)
40.187: (drive-truck t5 l5-3 l5-2 c5)
40.181: (drive-truck t0 l0-1 l0-3 c0)
40.184: (drive-truck t3 l3-2 l3-3 c3)
40.184: (drive-truck t1 l1-3 l1-1 c1)
40.185: (drive-truck t4 l4-1 l4-3 c4)
40.186: (drive-truck t3 l3-2 l3-3 c3)
40.181: (drive-truck t0 l0-1 l0-3 c0)
40.181: (drive-truck t3 l3-2 l3-3 c3)
40.183: (drive-truck t1 l1-3 l1-2 c1)
40.188: (drive-truck t0 l0-1 l0-3 c0)
40.188: (drive-truck t1 l1-3 l1-2 c1)
40.175: (drive-truck t1 l1-3 l1-1 c1)
40.183: (drive-truck t3 l3-2 l3-3 c3)
40.183: (drive-truck t0 l0-1 l0-3 c0)
40.183: (drive-truck t1 l1-3 l1-2 c1)
40.185: (drive-truck t1 l1-3 l1-1 c1)
40.185: (drive-truck t3 l3-2 l3-3 c3)
40.185: (drive-truck t4 l4-1 l4-3 c4)
40.189: (drive-truck t0 l0-3 l0-1 c0)
40.190: (drive-truck t4 l4-1 l4-3 c4)
40.193: (drive-truck t0 l0-3 l0-1 c0)
40.186: (drive-truck t5 l5-2 l5-3 c5)
40.188: (drive-truck t1 l1-2 l1-3 c1)
40.188: (drive-truck t1 l1-1 l1-2 c1)
40.188: (drive-truck t1 l1-1 l1-3 c1)
40.188: (drive-truck t4 l4-3 l4-1 c4)
40.188: (drive-truck t3 l3-2 l3-3 c3)
40.189: (drive-truck t1 l1-1 l1-2 c1)
40.189: (drive-truck t3 l3-2 l3-3 c3)
40.189: (drive-truck t4 l4-3 l4-1 c4)
40.346: (drive-truck t3 l3-3 l3-0 c3)
40.161: (fly-airplane a1 l5-0 l0-0)
40.193: (drive-truck t1 l1-2 l1-1 c1)
40.193: (drive-truck t5 l5-3 l5-2 c5)
40.319: (fly-airplane a1 l5-0 l0-0)
40.330: (drive-truck t5 l5-2 l5-3 c5)
40.306: (fly-airplane a1 l5-0 l0-0)
40.306: (drive-truck t5 l5-2 l5-3 c5)
40.306: (drive-truck t4 l4-3 l4-1 c4)
40.317: (drive-truck t4 l4-3 l4-1 c4)
40.318: (drive-truck t1 l1-3 l1-1 c1)
40.293: (drive-truck t4 l4-3 l4-1 c4)
40.293: (fly-airplane a1 l5-0 l0-0)
40.293: (drive-truck t5 l5-2 l5-3 c5)
40.305: (drive-truck t1 l1-3 l1-2 c1)
40.305: (drive-truck t4 l4-3 l4-1 c4)
40.292: (drive-truck t1 l1-3 l1-2 c1)
40.292: (drive-truck t4 l4-3 l4-1 c4)
40.300: (drive-truck t5 l5-2 l5-3 c5)
40.300: (drive-truck t1 l1-3 l1-1 c1)
40.305: (drive-truck t0 l0-3 l0-1 c0)
40.303: (drive-truck t0 l0-3 l0-1 c0)
40.303: (drive-truck t1 l1-3 l1-2 c1)
40.309: (drive-truck t5 l5-3 l5-2 c5)
40.313: (drive-truck t4 l4-1 l4-3 c4)
40.317: (fly-airplane a1 l0-0 l5-0)
40.316: (drive-truck t4 l4-1 l4-3 c4)
40.320: (drive-truck t1 l1-2 l1-1 c1)
40.321: (drive-truck t5 l5-3 l5-2 c5)
40.321: (drive-truck t0 l0-3 l0-1 c0)
40.322: (drive-truck t4 l4-1 l4-3 c4)
40.318: (drive-truck t1 l1-2 l1-3 c1)
40.324: (drive-truck t5 l5-3 l5-2 c5)
40.325: (drive-truck t1 l1-2 l1-1 c1)
40.332: (drive-truck t1 l1-2 l1-1 c1)
40.333: (drive-truck t4 l4-1 l4-3 c4)
40.293: (fly-airplane a1 l0-0 l4-0)
40.332: (drive-truck t5 l5-3 l5-2 c5)
40.338: (drive-truck t5 l5-3 l5-2 c5)
40.338: (drive-truck t4 l4-1 l4-3 c4)
40.344: (fly-airplane a1 l0-0 l5-0)
40.294: (fly-airplane a0 l4-0 l1-0)
40.296: (fly-airplane a1 l0-0 l1-0)
40.301: (fly-airplane a1 l0-0 l1-0)
40.302: (fly-airplane a1 l0-0 l4-0)
40.302: (drive-truck t5 l5-3 l5-2 c5)
40.294: (fly-airplane a2 l1-0 l4-0)
40.299: (drive-truck t1 l1-1 l1-2 c1)
40.299: (drive-truck t1 l1-3 l1-2 c1)
40.301: (fly-airplane a0 l4-0 l1-0)
40.302: (fly-airplane a2 l1-0 l4-0)
40.128: (drive-truck t3 l3-0 l3-3 c3)
40.300: (fly-airplane a2 l1-0 l4-0)
40.300: (drive-truck t1 l1-1 l1-2 c1)
40.301: (fly-airplane a0 l4-0 l1-0)
40.302: (fly-airplane a2 l1-0 l4-0)
40.164: (fly-airplane a2 l1-0 l0-0)
40.166: (fly-airplane a0 l1-0 l0-0)
40.193: (fly-airplane a2 l1-0 l5-0)
40.195: (fly-airplane a0 l1-0 l5-0)
40.285: (drive-truck t0 l0-1 l0-3 c0)
40.158: (drive-truck t1 l1-1 l1-3 c1)
40.159: (drive-truck t5 l5-2 l5-3 c5)
40.160: (drive-truck t5 l5-2 l5-3 c5)
40.160: (drive-truck t1 l1-1 l1-3 c1)
40.161: (drive-truck t4 l4-3 l4-1 c4)
40.145: (drive-truck t1 l1-1 l1-2 c1)
40.145: (drive-truck t1 l1-1 l1-2 c1)
40.146: (drive-truck t5 l5-2 l5-3 c5)
40.146: (drive-truck t1 l1-1 l1-3 c1)
40.147: (drive-truck t5 l5-2 l5-3 c5)
40.145: (drive-truck t4 l4-3 l4-1 c4)
40.146: (drive-truck t3 l3-3 l3-2 c3)
40.146: (drive-truck t4 l4-3 l4-1 c4)
40.146: (drive-truck t3 l3-3 l3-2 c3)
40.147: (drive-truck t3 l3-3 l3-2 c3)
40.143: (drive-truck t0 l0-1 l0-3 c0)
40.144: (drive-truck t0 l0-1 l0-3 c0)
40.145: (drive-truck t3 l3-3 l3-2 c3)
40.145: (drive-truck t3 l3-3 l3-2 c3)
40.145: (drive-truck t4 l4-3 l4-1 c4)
40.143: (drive-truck t0 l0-1 l0-3 c0)
40.144: (drive-truck t3 l3-3 l3-2 c3)
40.144: (drive-truck t3 l3-3 l3-2 c3)
40.145: (drive-truck t1 l1-2 l1-3 c1)
40.145: (drive-truck t0 l0-1 l0-3 c0)
40.145: (drive-truck t1 l1-2 l1-3 c1)
40.145: (drive-truck t3 l3-3 l3-2 c3)
40.146: (drive-truck t1 l1-2 l1-3 c1)
40.146: (drive-truck t1 l1-3 l1-1 c1)
40.146: (drive-truck t1 l1-2 l1-1 c1)
40.146: (drive-truck t3 l3-2 l3-3 c3)
40.147: (drive-truck t0 l0-3 l0-1 c0)
40.147: (drive-truck t1 l1-3 l1-1 c1)
40.148: (drive-truck t0 l0-3 l0-1 c0)
40.151: (drive-truck t5 l5-3 l5-2 c5)
40.147: (drive-truck t3 l3-2 l3-3 c3)
40.148: (drive-truck t1 l1-3 l1-1 c1)
40.148: (drive-truck t0 l0-3 l0-1 c0)
40.148: (drive-truck t3 l3-2 l3-3 c3)
40.148: (drive-truck t3 l3-2 l3-3 c3)
40.153: (drive-truck t5 l5-3 l5-2 c5)
40.155: (drive-truck t1 l1-3 l1-1 c1)
40.156: (drive-truck t0 l0-3 l0-1 c0)
40.158: (drive-truck t1 l1-3 l1-1 c1)
40.158: (drive-truck t4 l4-1 l4-3 c4)
40.151: (drive-truck t1 l1-1 l1-3 c1)
40.151: (drive-truck t1 l1-1 l1-2 c1)
40.153: (drive-truck t3 l3-3 l3-2 c3)
40.156: (drive-truck t3 l3-3 l3-2 c3)
40.157: (drive-truck t3 l3-3 l3-2 c3)
40.151: (drive-truck t3 l3-3 l3-2 c3)
40.151: (drive-truck t1 l1-1 l1-3 c1)
40.151: (drive-truck t1 l1-1 l1-2 c1)
40.153: (drive-truck t3 l3-3 l3-2 c3)
40.158: (drive-truck t4 l4-1 l4-3 c4)
40.156: (drive-truck t0 l0-1 l0-3 c0)
40.164: (drive-truck t5 l5-3 l5-2 c5)
40.164: (drive-truck t5 l5-3 l5-2 c5)
40.168: (drive-truck t5 l5-3 l5-2 c5)
40.174: (fly-airplane a0 l0-0 l5-0)
40.150: (drive-truck t1 l1-1 l1-2 c1)
40.151: (drive-truck t1 l1-1 l1-3 c1)
40.156: (drive-truck t3 l3-2 l3-3 c3)
40.158: (drive-truck t1 l1-1 l1-3 c1)
40.159: (drive-truck t4 l4-3 l4-1 c4)
40.150: (drive-truck t3 l3-2 l3-3 c3)
40.150: (drive-truck t1 l1-1 l1-2 c1)
40.151: (drive-truck t3 l3-2 l3-3 c3)
40.152: (drive-truck t1 l1-1 l1-3 c1)
40.158: (drive-truck t3 l3-2 l3-3 c3)
40.160: (drive-truck t0 l0-3 l0-1 c0)
40.162: (drive-truck t1 l1-3 l1-2 c1)
40.163: (drive-truck t5 l5-3 l5-2 c5)
40.164: (drive-truck t4 l4-1 l4-3 c4)
40.166: (drive-truck t5 l5-3 l5-2 c5)
40.157: (drive-truck t4 l4-3 l4-1 c4)
40.159: (drive-truck t4 l4-3 l4-1 c4)
40.160: (drive-truck t0 l0-3 l0-1 c0)
40.161: (drive-truck t3 l3-3 l3-2 c3)
40.161: (drive-truck t1 l1-2 l1-1 c1)
40.150: (drive-truck t4 l4-3 l4-1 c4)
40.152: (drive-truck t1 l1-2 l1-1 c1)
40.152: (drive-truck t1 l1-3 l1-1 c1)
40.157: (drive-truck t3 l3-3 l3-2 c3)
40.159: (drive-truck t0 l0-3 l0-1 c0)
40.159: (drive-truck t0 l0-3 l0-1 c0)
40.160: (drive-truck t3 l3-3 l3-2 c3)
40.160: (drive-truck t1 l1-3 l1-2 c1)
40.161: (drive-truck t1 l1-3 l1-2 c1)
40.163: (drive-truck t4 l4-1 l4-3 c4)
40.161: (drive-truck t1 l1-3 l1-1 c1)
40.161: (drive-truck t1 l1-3 l1-1 c1)
40.161: (drive-truck t0 l0-3 l0-1 c0)
40.161: (drive-truck t1 l1-3 l1-2 c1)
40.162: (drive-truck t3 l3-3 l3-2 c3)
40.166: (drive-truck t1 l1-1 l1-2 c1)
40.186: (fly-airplane a2 l0-0 l5-0)
40.190: (fly-airplane a2 l0-0 l5-0)
40.191: (fly-airplane a2 l0-0 l5-0)
40.318: (drive-truck t3 l3-2 l3-0 c3)
40.173: (drive-truck t5 l5-2 l5-3 c5)
40.176: (drive-truck t4 l4-3 l4-1 c4)
40.176: (drive-truck t0 l0-1 l0-3 c0)
40.179: (drive-truck t5 l5-2 l5-3 c5)
40.184: (drive-truck t0 l0-1 l0-3 c0)
40.166: (drive-truck t0 l0-1 l0-3 c0)
40.166: (drive-truck t5 l5-2 l5-3 c5)
40.169: (drive-truck t5 l5-2 l5-3 c5)
40.169: (drive-truck t4 l4-3 l4-1 c4)
40.172: (drive-truck t4 l4-1 l4-3 c4)
40.166: (drive-truck t1 l1-2 l1-3 c1)
40.166: (drive-truck t3 l3-2 l3-3 c3)
40.167: (drive-truck t1 l1-1 l1-3 c1)
40.169: (drive-truck t3 l3-2 l3-3 c3)
40.172: (drive-truck t3 l3-2 l3-3 c3)
40.166: (drive-truck t1 l1-2 l1-3 c1)
40.166: (drive-truck t3 l3-2 l3-3 c3)
40.166: (drive-truck t1 l1-1 l1-3 c1)
40.171: (drive-truck t1 l1-2 l1-3 c1)
40.172: (drive-truck t0 l0-1 l0-3 c0)
40.173: (drive-truck t4 l4-1 l4-3 c4)
40.173: (drive-truck t0 l0-1 l0-3 c0)
40.173: (drive-truck t3 l3-3 l3-2 c3)
40.173: (drive-truck t0 l0-3 l0-1 c0)
40.173: (drive-truck t1 l1-2 l1-3 c1)
40.173: (drive-truck t0 l0-1 l0-3 c0)
40.173: (drive-truck t3 l3-3 l3-2 c3)
40.173: (drive-truck t1 l1-3 l1-2 c1)
40.174: (drive-truck t4 l4-3 l4-1 c4)
40.174: (drive-truck t3 l3-3 l3-2 c3)
40.173: (drive-truck t1 l1-3 l1-2 c1)
40.183: (drive-truck t1 l1-2 l1-1 c1)
40.184: (drive-truck t1 l1-3 l1-1 c1)
40.188: (drive-truck t5 l5-3 l5-2 c5)
40.189: (drive-truck t5 l5-3 l5-2 c5)
40.181: (drive-truck t4 l4-3 l4-1 c4)
40.181: (drive-truck t0 l0-1 l0-3 c0)
40.186: (drive-truck t4 l4-1 l4-3 c4)
40.186: (drive-truck t0 l0-3 l0-1 c0)
40.186: (drive-truck t4 l4-1 l4-3 c4)
40.182: (drive-truck t3 l3-2 l3-3 c3)
40.186: (drive-truck t3 l3-2 l3-3 c3)
40.188: (drive-truck t3 l3-2 l3-3 c3)
40.190: (drive-truck t1 l1-3 l1-2 c1)
40.194: (drive-truck t1 l1-3 l1-1 c1)
40.176: (drive-truck t1 l1-3 l1-1 c1)
40.179: (drive-truck t0 l0-1 l0-3 c0)
40.183: (drive-truck t1 l1-3 l1-2 c1)
40.188: (drive-truck t4 l4-1 l4-3 c4)
40.188: (drive-truck t0 l0-1 l0-3 c0)
40.186: (drive-truck t1 l1-3 l1-1 c1)
40.186: (drive-truck t4 l4-1 l4-3 c4)
40.186: (drive-truck t5 l5-3 l5-2 c5)
40.189: (drive-truck t1 l1-3 l1-2 c1)
40.189: (drive-truck t4 l4-1 l4-3 c4)
40.189: (drive-truck t3 l3-3 l3-2 c3)
40.190: (drive-truck t0 l0-3 l0-1 c0)
40.345: (drive-truck t3 l3-3 l3-0 c3)
40.348: (drive-truck t3 l3-3 l3-0 c3)
40.415: (drive-truck t2 l2-0 l2-1 c2)
40.190: (drive-truck t4 l4-3 l4-1 c4)
40.321: (fly-airplane a2 l5-0 l0-0)
40.331: (drive-truck t5 l5-2 l5-3 c5)
40.332: (drive-truck t4 l4-3 l4-1 c4)
40.335: (drive-truck t4 l4-3 l4-1 c4)
40.189: (drive-truck t1 l1-2 l1-3 c1)
40.190: (drive-truck t1 l1-2 l1-1 c1)
40.305: (fly-airplane a2 l5-0 l0-0)
40.306: (drive-truck t5 l5-2 l5-3 c5)
40.306: (fly-airplane a2 l5-0 l0-0)
40.293: (drive-truck t4 l4-3 l4-1 c4)
40.301: (drive-truck t5 l5-2 l5-3 c5)
40.307: (drive-truck t1 l1-2 l1-3 c1)
40.307: (drive-truck t1 l1-1 l1-3 c1)
40.309: (drive-truck t1 l1-1 l1-2 c1)
40.293: (drive-truck t5 l5-2 l5-3 c5)
40.294: (drive-truck t1 l1-2 l1-3 c1)
40.294: (drive-truck t1 l1-1 l1-3 c1)
40.294: (drive-truck t4 l4-3 l4-1 c4)
40.305: (drive-truck t0 l0-3 l0-1 c0)
40.306: (drive-truck t1 l1-2 l1-3 c1)
40.307: (drive-truck t0 l0-3 l0-1 c0)
40.318: (drive-truck t4 l4-1 l4-3 c4)
40.318: (fly-airplane a2 l0-0 l5-0)
40.319: (drive-truck t1 l1-2 l1-1 c1)
40.318: (drive-truck t1 l1-3 l1-2 c1)
40.319: (drive-truck t5 l5-3 l5-2 c5)
40.320: (drive-truck t1 l1-2 l1-3 c1)
40.320: (drive-truck t4 l4-1 l4-3 c4)
40.324: (drive-truck t5 l5-3 l5-2 c5)
40.321: (drive-truck t1 l1-3 l1-2 c1)
40.322: (drive-truck t1 l1-1 l1-2 c1)
40.325: (drive-truck t1 l1-2 l1-1 c1)
40.331: (drive-truck t1 l1-3 l1-1 c1)
40.332: (drive-truck t4 l4-1 l4-3 c4)
40.296: (fly-airplane a2 l0-0 l4-0)
40.312: (drive-truck t0 l0-1 l0-3 c0)
40.319: (drive-truck t0 l0-1 l0-3 c0)
40.334: (drive-truck t1 l1-3 l1-2 c1)
40.335: (drive-truck t4 l4-1 l4-3 c4)
40.296: (fly-airplane a1 l4-0 l1-0)
40.299: (drive-truck t1 l1-3 l1-2 c1)
40.299: (fly-airplane a2 l0-0 l4-0)
40.331: (fly-airplane a1 l4-0 l0-0)
40.336: (drive-truck t1 l1-2 l1-1 c1)
40.299: (drive-truck t1 l1-3 l1-2 c1)
40.299: (fly-airplane a1 l4-0 l1-0)
40.318: (drive-truck t4 l4-3 l4-1 c4)
40.318: (drive-truck t5 l5-2 l5-3 c5)
40.333: (fly-airplane a0 l1-0 l0-0)
40.159: (drive-truck t3 l3-0 l3-3 c3)
40.159: (drive-truck t3 l3-0 l3-2 c3)
40.285: (drive-truck t0 l0-1 l0-3 c0)
40.305: (drive-truck t4 l4-3 l4-1 c4)
40.305: (drive-truck t5 l5-2 l5-3 c5)
40.148: (drive-truck t5 l5-2 l5-3 c5)
40.148: (drive-truck t5 l5-2 l5-3 c5)
40.160: (drive-truck t4 l4-3 l4-1 c4)
40.161: (drive-truck t4 l4-3 l4-1 c4)
40.163: (drive-truck t1 l1-3 l1-2 c1)
40.145: (drive-truck t1 l1-3 l1-2 c1)
40.145: (drive-truck t1 l1-3 l1-2 c1)
40.145: (drive-truck t5 l5-2 l5-3 c5)
40.148: (drive-truck t5 l5-2 l5-3 c5)
40.148: (drive-truck t4 l4-3 l4-1 c4)
40.145: (drive-truck t0 l0-1 l0-3 c0)
40.145: (drive-truck t1 l1-3 l1-2 c1)
40.146: (drive-truck t1 l1-3 l1-2 c1)
40.146: (drive-truck t4 l4-3 l4-1 c4)
40.146: (drive-truck t4 l4-3 l4-1 c4)
40.145: (drive-truck t0 l0-1 l0-3 c0)
40.145: (drive-truck t1 l1-3 l1-2 c1)
40.145: (drive-truck t0 l0-1 l0-3 c0)
40.146: (drive-truck t3 l3-2 l3-3 c3)
40.148: (drive-truck t1 l1-3 l1-1 c1)
40.147: (drive-truck t3 l3-2 l3-3 c3)
40.147: (drive-truck t1 l1-2 l1-1 c1)
40.148: (drive-truck t1 l1-3 l1-1 c1)
40.151: (drive-truck t4 l4-1 l4-3 c4)
40.152: (drive-truck t4 l4-1 l4-3 c4)
40.153: (drive-truck t1 l1-2 l1-3 c1)
40.153: (drive-truck t1 l1-2 l1-3 c1)
40.153: (drive-truck t5 l5-3 l5-2 c5)
40.156: (drive-truck t0 l0-3 l0-1 c0)
40.158: (drive-truck t1 l1-2 l1-1 c1)
40.154: (drive-truck t3 l3-3 l3-2 c3)
40.156: (drive-truck t3 l3-3 l3-2 c3)
40.157: (drive-truck t3 l3-2 l3-3 c3)
40.158: (drive-truck t1 l1-3 l1-1 c1)
40.158: (drive-truck t1 l1-1 l1-3 c1)
40.158: (drive-truck t1 l1-1 l1-3 c1)
40.158: (drive-truck t3 l3-3 l3-2 c3)
40.160: (drive-truck t0 l0-3 l0-1 c0)
40.160: (drive-truck t4 l4-1 l4-3 c4)
40.162: (drive-truck t1 l1-1 l1-2 c1)
40.162: (drive-truck t3 l3-2 l3-3 c3)
40.163: (drive-truck t0 l0-3 l0-1 c0)
40.164: (drive-truck t4 l4-1 l4-3 c4)
40.165: (drive-truck t5 l5-3 l5-2 c5)
40.166: (drive-truck t5 l5-3 l5-2 c5)
40.160: (drive-truck t4 l4-3 l4-1 c4)
40.161: (drive-truck t4 l4-3 l4-1 c4)
40.162: (drive-truck t0 l0-1 l0-3 c0)
40.162: (drive-truck t1 l1-2 l1-1 c1)
40.162: (drive-truck t0 l0-1 l0-3 c0)
40.163: (drive-truck t1 l1-1 l1-2 c1)
40.164: (drive-truck t1 l1-1 l1-3 c1)
40.168: (drive-truck t1 l1-1 l1-2 c1)
40.168: (drive-truck t1 l1-1 l1-2 c1)
40.187: (fly-airplane a0 l0-0 l5-0)
40.162: (drive-truck t0 l0-3 l0-1 c0)
40.163: (drive-truck t4 l4-1 l4-3 c4)
40.176: (drive-truck t4 l4-3 l4-1 c4)
40.181: (drive-truck t5 l5-2 l5-3 c5)
40.186: (drive-truck t3 l3-3 l3-2 c3)
40.170: (drive-truck t5 l5-2 l5-3 c5)
40.171: (drive-truck t4 l4-3 l4-1 c4)
40.173: (drive-truck t1 l1-1 l1-2 c1)
40.174: (drive-truck t1 l1-1 l1-3 c1)
40.176: (drive-truck t4 l4-3 l4-1 c4)
40.167: (drive-truck t4 l4-3 l4-1 c4)
40.167: (drive-truck t1 l1-1 l1-2 c1)
40.168: (drive-truck t1 l1-1 l1-3 c1)
40.168: (drive-truck t4 l4-3 l4-1 c4)
40.170: (drive-truck t5 l5-2 l5-3 c5)
40.167: (drive-truck t1 l1-1 l1-2 c1)
40.168: (drive-truck t3 l3-3 l3-2 c3)
40.168: (drive-truck t1 l1-1 l1-3 c1)
40.168: (drive-truck t3 l3-3 l3-2 c3)
40.173: (drive-truck t0 l0-3 l0-1 c0)
40.172: (drive-truck t4 l4-1 l4-3 c4)
40.173: (drive-truck t0 l0-3 l0-1 c0)
40.173: (drive-truck t3 l3-3 l3-2 c3)
40.174: (drive-truck t4 l4-1 l4-3 c4)
40.174: (drive-truck t4 l4-1 l4-3 c4)
40.171: (drive-truck t0 l0-3 l0-1 c0)
40.173: (drive-truck t4 l4-1 l4-3 c4)
40.173: (drive-truck t3 l3-3 l3-2 c3)
40.173: (drive-truck t0 l0-3 l0-1 c0)
40.174: (drive-truck t1 l1-2 l1-3 c1)
40.175: (drive-truck t4 l4-3 l4-1 c4)
40.175: (drive-truck t4 l4-3 l4-1 c4)
40.187: (drive-truck t1 l1-3 l1-1 c1)
40.188: (drive-truck t1 l1-2 l1-1 c1)
40.188: (drive-truck t1 l1-3 l1-1 c1)
40.181: (drive-truck t0 l0-1 l0-3 c0)
40.184: (drive-truck t1 l1-3 l1-1 c1)
40.185: (drive-truck t1 l1-3 l1-1 c1)
40.185: (drive-truck t4 l4-3 l4-1 c4)
40.186: (drive-truck t4 l4-3 l4-1 c4)
40.192: (drive-truck t5 l5-3 l5-2 c5)
40.192: (drive-truck t5 l5-3 l5-2 c5)
40.339: (drive-truck t3 l3-2 l3-0 c3)
40.348: (drive-truck t3 l3-3 l3-0 c3)
40.348: (drive-truck t3 l3-2 l3-0 c3)
40.190: (drive-truck t1 l1-1 l1-3 c1)
40.190: (drive-truck t1 l1-1 l1-3 c1)
40.192: (drive-truck t1 l1-1 l1-2 c1)
40.192: (drive-truck t1 l1-1 l1-2 c1)
40.195: (drive-truck t4 l4-1 l4-3 c4)
40.183: (drive-truck t0 l0-1 l0-3 c0)
40.183: (drive-truck t0 l0-1 l0-3 c0)
40.186: (drive-truck t0 l0-1 l0-3 c0)
40.186: (drive-truck t0 l0-1 l0-3 c0)
40.188: (drive-truck t1 l1-1 l1-3 c1)
40.189: (drive-truck t3 l3-3 l3-2 c3)
40.189: (drive-truck t0 l0-1 l0-3 c0)
40.190: (drive-truck t4 l4-1 l4-3 c4)
40.190: (drive-truck t4 l4-1 l4-3 c4)
40.191: (drive-truck t1 l1-3 l1-2 c1)
40.190: (drive-truck t3 l3-3 l3-2 c3)
40.191: (drive-truck t1 l1-3 l1-2 c1)
40.192: (drive-truck t1 l1-3 l1-2 c1)
40.192: (drive-truck t0 l0-1 l0-3 c0)
40.192: (drive-truck t1 l1-3 l1-2 c1)
40.195: (drive-truck t1 l1-2 l1-1 c1)
40.350: (drive-truck t3 l3-3 l3-0 c3)
40.351: (drive-truck t3 l3-2 l3-0 c3)
40.365: (drive-truck t3 l3-2 l3-0 c3)
40.418: (drive-truck t2 l2-0 l2-1 c2)
40.324: (fly-airplane a0 l5-0 l0-0)
40.332: (drive-truck t5 l5-2 l5-3 c5)
40.336: (fly-airplane a0 l5-0 l0-0)
40.338: (drive-truck t4 l4-3 l4-1 c4)
40.345: (drive-truck t5 l5-2 l5-3 c5)
40.307: (fly-airplane a0 l5-0 l0-0)
40.307: (drive-truck t5 l5-2 l5-3 c5)
40.312: (drive-truck t4 l4-3 l4-1 c4)
40.312: (fly-airplane a0 l5-0 l0-0)
40.318: (fly-airplane a0 l5-0 l0-0)
40.294: (drive-truck t4 l4-3 l4-1 c4)
40.294: (drive-truck t5 l5-2 l5-3 c5)
40.305: (drive-truck t4 l4-3 l4-1 c4)
40.306: (drive-truck t1 l1-2 l1-1 c1)
40.307: (drive-truck t1 l1-2 l1-3 c1)
40.295: (drive-truck t1 l1-2 l1-3 c1)
40.296: (drive-truck t5 l5-2 l5-3 c5)
40.301: (drive-truck t1 l1-2 l1-1 c1)
40.301: (drive-truck t5 l5-2 l5-3 c5)
40.307: (drive-truck t1 l1-2 l1-3 c1)
40.308: (drive-truck t4 l4-1 l4-3 c4)
40.314: (drive-truck t4 l4-1 l4-3 c4)
40.319: (fly-airplane a0 l0-0 l5-0)
40.320: (drive-truck t0 l0-3 l0-1 c0)
40.320: (drive-truck t1 l1-3 l1-1 c1)
40.319: (drive-truck t1 l1-3 l1-2 c1)
40.319: (drive-truck t5 l5-3 l5-2 c5)
40.321: (drive-truck t5 l5-3 l5-2 c5)
40.321: (drive-truck t0 l0-3 l0-1 c0)
40.326: (drive-truck t5 l5-3 l5-2 c5)
40.289: (fly-airplane a0 l0-0 l1-0)
40.321: (drive-truck t1 l1-1 l1-3 c1)
40.324: (drive-truck t1 l1-1 l1-2 c1)
40.326: (drive-truck t1 l1-2 l1-1 c1)
40.332: (drive-truck t1 l1-3 l1-1 c1)
40.325: (fly-airplane a1 l1-0 l0-0)
40.334: (drive-truck t5 l5-3 l5-2 c5)
40.338: (drive-truck t5 l5-3 l5-2 c5)
40.350: (fly-airplane a0 l0-0 l5-0)
40.352: (fly-airplane a0 l0-0 l5-0)
40.305: (drive-truck t0 l0-1 l0-3 c0)
40.320: (drive-truck t5 l5-2 l5-3 c5)
40.321: (drive-truck t1 l1-1 l1-2 c1)
40.334: (drive-truck t5 l5-2 l5-3 c5)
40.335: (drive-truck t0 l0-1 l0-3 c0)
40.300: (drive-truck t0 l0-1 l0-3 c0)
40.300: (drive-truck t5 l5-2 l5-3 c5)
40.303: (drive-truck t1 l1-1 l1-2 c1)
40.304: (drive-truck t5 l5-2 l5-3 c5)
40.306: (drive-truck t1 l1-1 l1-3 c1)
40.292: (drive-truck t1 l1-1 l1-2 c1)
40.292: (drive-truck t0 l0-1 l0-3 c0)
40.293: (drive-truck t1 l1-1 l1-3 c1)
40.293: (drive-truck t5 l5-2 l5-3 c5)
40.310: (drive-truck t1 l1-3 l1-2 c1)
40.305: (drive-truck t4 l4-1 l4-3 c4)
40.305: (drive-truck t4 l4-1 l4-3 c4)
40.317: (fly-airplane a1 l0-0 l5-0)
40.317: (fly-airplane a1 l0-0 l5-0)
40.322: (drive-truck t4 l4-1 l4-3 c4)
40.312: (drive-truck t1 l1-3 l1-1 c1)
40.312: (drive-truck t1 l1-2 l1-1 c1)
40.316: (drive-truck t0 l0-3 l0-1 c0)
40.317: (drive-truck t1 l1-2 l1-1 c1)
40.325: (drive-truck t1 l1-3 l1-1 c1)
40.330: (drive-truck t5 l5-3 l5-2 c5)
40.332: (drive-truck t0 l0-3 l0-1 c0)
40.333: (drive-truck t1 l1-2 l1-1 c1)
40.334: (drive-truck t5 l5-3 l5-2 c5)
40.338: (drive-truck t0 l0-3 l0-1 c0)
40.163: (drive-truck t3 l3-0 l3-2 c3)
40.333: (drive-truck t1 l1-1 l1-3 c1)
40.336: (drive-truck t1 l1-1 l1-2 c1)
40.344: (drive-truck t4 l4-1 l4-3 c4)
40.355: (drive-truck t0 l0-3 l0-1 c0)
40.193: (fly-airplane a1 l0-0 l5-0)
40.338: (drive-truck t5 l5-2 l5-3 c5)
40.349: (drive-truck t4 l4-1 l4-3 c4)
40.349: (drive-truck t1 l1-1 l1-2 c1)
40.349: (drive-truck t5 l5-2 l5-3 c5)
40.193: (drive-truck t3 l3-2 l3-3 c3)
40.329: (drive-truck t1 l1-1 l1-3 c1)
40.330: (drive-truck t1 l1-1 l1-2 c1)
40.330: (drive-truck t5 l5-2 l5-3 c5)
40.331: (drive-truck t1 l1-1 l1-2 c1)
40.331: (drive-truck t1 l1-2 l1-3 c1)
40.343: (drive-truck t4 l4-1 l4-3 c4)
40.343: (drive-truck t0 l0-3 l0-1 c0)
40.345: (drive-truck t0 l0-3 l0-1 c0)
40.350: (drive-truck t5 l5-3 l5-2 c5)
40.360: (drive-truck t5 l5-3 l5-2 c5)
40.361: (drive-truck t1 l1-3 l1-1 c1)
40.361: (drive-truck t1 l1-2 l1-1 c1)
40.362: (drive-truck t4 l4-1 l4-3 c4)
40.363: (drive-truck t5 l5-3 l5-2 c5)
40.366: (drive-truck t1 l1-2 l1-1 c1)
40.367: (drive-truck t1 l1-3 l1-1 c1)
40.367: (drive-truck t5 l5-3 l5-2 c5)
40.571: (drive-truck t2 l2-0 l2-1 c2)
40.572: (drive-truck t2 l2-0 l2-1 c2)
40.407: (drive-truck t3 l3-0 l3-3 c3)
40.407: (drive-truck t3 l3-0 l3-2 c3)
40.409: (drive-truck t3 l3-0 l3-3 c3)
40.409: (drive-truck t3 l3-0 l3-2 c3)
40.507: (fly-airplane a1 l5-0 l1-0)
40.343: (drive-truck t3 l3-0 l3-3 c3)
40.343: (drive-truck t3 l3-0 l3-2 c3)
40.343: (fly-airplane a1 l5-0 l1-0)
40.343: (fly-airplane a1 l5-0 l4-0)
40.343: (fly-airplane a1 l5-0 l1-0)
40.329: (drive-truck t5 l5-2 l5-3 c5)
40.330: (drive-truck t5 l5-2 l5-3 c5)
40.331: (drive-truck t5 l5-2 l5-3 c5)
40.341: (drive-truck t4 l4-3 l4-1 c4)
40.341: (drive-truck t0 l0-1 l0-3 c0)
40.328: (drive-truck t4 l4-3 l4-1 c4)
40.328: (drive-truck t4 l4-3 l4-1 c4)
40.328: (drive-truck t0 l0-1 l0-3 c0)
40.328: (drive-truck t0 l0-1 l0-3 c0)
40.329: (drive-truck t5 l5-2 l5-3 c5)
40.321: (drive-truck t0 l0-1 l0-3 c0)
40.322: (drive-truck t0 l0-1 l0-3 c0)
40.322: (drive-truck t4 l4-3 l4-1 c4)
40.322: (drive-truck t4 l4-3 l4-1 c4)
40.328: (fly-airplane a1 l1-0 l4-0)
40.321: (fly-airplane a2 l4-0 l1-0)
40.321: (fly-airplane a0 l1-0 l4-0)
40.322: (fly-airplane a1 l1-0 l4-0)
40.322: (fly-airplane a0 l1-0 l4-0)
40.322: (drive-truck t0 l0-1 l0-3 c0)
40.321: (fly-airplane a2 l4-0 l1-0)
40.322: (drive-truck t3 l3-3 l3-2 c3)
40.322: (fly-airplane a0 l1-0 l4-0)
40.322: (fly-airplane a2 l4-0 l1-0)
40.322: (fly-airplane a2 l4-0 l1-0)
40.321: (drive-truck t3 l3-3 l3-2 c3)
40.322: (fly-airplane a0 l1-0 l4-0)
40.322: (fly-airplane a1 l1-0 l4-0)
40.325: (drive-truck t1 l1-3 l1-1 c1)
40.327: (drive-truck t1 l1-3 l1-1 c1)
40.326: (fly-airplane a1 l4-0 l1-0)
40.326: (drive-truck t3 l3-3 l3-2 c3)
40.326: (fly-airplane a0 l4-0 l1-0)
40.327: (fly-airplane a1 l1-0 l4-0)
40.327: (drive-truck t1 l1-3 l1-1 c1)
40.326: (drive-truck t3 l3-3 l3-2 c3)
40.326: (fly-airplane a0 l4-0 l1-0)
40.326: (fly-airplane a2 l1-0 l4-0)
40.327: (fly-airplane a2 l1-0 l4-0)
40.329: (drive-truck t1 l1-1 l1-2 c1)
40.326: (drive-truck t3 l3-3 l3-2 c3)
40.326: (drive-truck t3 l3-3 l3-2 c3)
40.327: (fly-airplane a2 l1-0 l4-0)
40.327: (fly-airplane a0 l4-0 l1-0)
40.327: (fly-airplane a1 l4-0 l1-0)
40.327: (drive-truck t3 l3-3 l3-2 c3)
40.327: (fly-airplane a0 l4-0 l1-0)
40.327: (fly-airplane a1 l4-0 l1-0)
40.329: (drive-truck t1 l1-1 l1-2 c1)
40.330: (drive-truck t1 l1-1 l1-2 c1)
40.329: (drive-truck t3 l3-3 l3-2 c3)
40.329: (fly-airplane a2 l4-0 l1-0)
40.329: (drive-truck t3 l3-2 l3-3 c3)
40.329: (fly-airplane a1 l1-0 l4-0)
40.329: (fly-airplane a0 l1-0 l4-0)
40.329: (drive-truck t3 l3-3 l3-2 c3)
40.329: (fly-airplane a2 l4-0 l1-0)
40.329: (drive-truck t3 l3-2 l3-3 c3)
40.330: (fly-airplane a1 l1-0 l4-0)
40.330: (fly-airplane a1 l1-0 l4-0)
40.329: (drive-truck t3 l3-2 l3-3 c3)
40.329: (fly-airplane a0 l4-0 l1-0)
40.330: (fly-airplane a2 l4-0 l1-0)
40.330: (fly-airplane a1 l1-0 l4-0)
40.335: (drive-truck t0 l0-3 l0-1 c0)
40.328: (drive-truck t1 l1-2 l1-3 c1)
40.335: (drive-truck t0 l0-3 l0-1 c0)
40.335: (drive-truck t0 l0-3 l0-1 c0)
40.335: (fly-airplane a1 l1-0 l4-0)
40.336: (drive-truck t3 l3-3 l3-2 c3)
40.328: (drive-truck t1 l1-2 l1-3 c1)
40.328: (drive-truck t1 l1-2 l1-3 c1)
40.328: (fly-airplane a2 l1-0 l4-0)
40.328: (fly-airplane a1 l1-0 l4-0)
40.328: (drive-truck t3 l3-3 l3-2 c3)
40.328: (fly-airplane a0 l4-0 l1-0)
40.328: (drive-truck t3 l3-3 l3-2 c3)
40.328: (drive-truck t3 l3-2 l3-3 c3)
40.328: (fly-airplane a0 l1-0 l4-0)
40.328: (fly-airplane a2 l1-0 l4-0)
40.328: (fly-airplane a2 l1-0 l4-0)
40.329: (drive-truck t4 l4-1 l4-3 c4)
40.330: (drive-truck t4 l4-1 l4-3 c4)
40.330: (drive-truck t4 l4-1 l4-3 c4)
40.335: (drive-truck t1 l1-3 l1-2 c1)
40.328: (drive-truck t0 l0-1 l0-3 c0)
40.328: (drive-truck t0 l0-1 l0-3 c0)
40.329: (drive-truck t0 l0-1 l0-3 c0)
40.329: (fly-airplane a0 l1-0 l4-0)
40.329: (drive-truck t3 l3-2 l3-3 c3)
40.328: (fly-airplane a0 l4-0 l1-0)
40.328: (drive-truck t3 l3-2 l3-3 c3)
40.328: (drive-truck t3 l3-2 l3-3 c3)
40.328: (drive-truck t3 l3-3 l3-2 c3)
40.328: (fly-airplane a0 l1-0 l4-0)
40.329: (fly-airplane a2 l4-0 l1-0)
40.329: (fly-airplane a2 l1-0 l4-0)
40.329: (fly-airplane a1 l4-0 l1-0)
40.330: (drive-truck t0 l0-3 l0-1 c0)
40.336: (drive-truck t1 l1-3 l1-2 c1)
40.329: (drive-truck t3 l3-3 l3-2 c3)
40.329: (fly-airplane a1 l4-0 l1-0)
40.329: (drive-truck t0 l0-3 l0-1 c0)
40.330: (drive-truck t0 l0-3 l0-1 c0)
40.331: (fly-airplane a2 l1-0 l4-0)
40.330: (drive-truck t0 l0-3 l0-1 c0)
40.330: (drive-truck t3 l3-3 l3-2 c3)
40.336: (drive-truck t1 l1-3 l1-2 c1)
40.336: (drive-truck t1 l1-3 l1-2 c1)
40.337: (drive-truck t1 l1-3 l1-1 c1)
40.336: (fly-airplane a1 l1-0 l4-0)
40.336: (drive-truck t3 l3-2 l3-3 c3)
40.336: (fly-airplane a2 l1-0 l4-0)
40.336: (drive-truck t3 l3-2 l3-3 c3)
40.336: (fly-airplane a1 l1-0 l4-0)
40.336: (drive-truck t3 l3-2 l3-3 c3)
40.336: (drive-truck t1 l1-2 l1-1 c1)
40.336: (fly-airplane a2 l1-0 l4-0)
40.336: (drive-truck t1 l1-1 l1-2 c1)
40.336: (fly-airplane a0 l4-0 l1-0)
40.336: (fly-airplane a2 l1-0 l4-0)
40.336: (drive-truck t3 l3-2 l3-3 c3)
40.337: (drive-truck t1 l1-1 l1-2 c1)
40.337: (fly-airplane a1 l4-0 l1-0)
40.337: (fly-airplane a1 l1-0 l4-0)
40.336: (fly-airplane a2 l1-0 l4-0)
40.336: (drive-truck t3 l3-2 l3-3 c3)
40.336: (drive-truck t1 l1-1 l1-2 c1)
40.336: (drive-truck t1 l1-1 l1-2 c1)
40.336: (drive-truck t1 l1-1 l1-2 c1)
40.337: (drive-truck t0 l0-3 l0-1 c0)
40.337: (drive-truck t0 l0-3 l0-1 c0)
40.338: (drive-truck t0 l0-3 l0-1 c0)
40.347: (drive-truck t0 l0-3 l0-1 c0)
40.349: (drive-truck t5 l5-3 l5-2 c5)
40.335: (drive-truck t4 l4-3 l4-1 c4)
40.336: (drive-truck t4 l4-3 l4-1 c4)
40.336: (drive-truck t4 l4-3 l4-1 c4)
40.337: (drive-truck t3 l3-3 l3-2 c3)
40.337: (fly-airplane a2 l4-0 l1-0)
40.334: (drive-truck t1 l1-1 l1-3 c1)
40.335: (fly-airplane a1 l4-0 l1-0)
40.335: (fly-airplane a1 l4-0 l1-0)
40.338: (drive-truck t3 l3-3 l3-2 c3)
40.338: (fly-airplane a2 l4-0 l1-0)
40.334: (drive-truck t3 l3-3 l3-2 c3)
40.334: (drive-truck t1 l1-1 l1-3 c1)
40.334: (drive-truck t1 l1-1 l1-3 c1)
40.334: (fly-airplane a0 l4-0 l1-0)
40.334: (fly-airplane a2 l4-0 l1-0)
40.334: (fly-airplane a1 l1-0 l4-0)
40.334: (drive-truck t3 l3-3 l3-2 c3)
40.334: (fly-airplane a0 l4-0 l1-0)
40.334: (fly-airplane a1 l1-0 l4-0)
40.334: (drive-truck t3 l3-3 l3-2 c3)
40.334: (fly-airplane a1 l1-0 l4-0)
40.334: (fly-airplane a1 l1-0 l4-0)
40.334: (drive-truck t3 l3-3 l3-2 c3)
40.334: (fly-airplane a2 l4-0 l1-0)
40.334: (drive-truck t3 l3-3 l3-2 c3)
40.333: (fly-airplane a0 l4-0 l1-0)
40.334: (drive-truck t3 l3-3 l3-2 c3)
40.334: (fly-airplane a2 l4-0 l1-0)
40.338: (drive-truck t1 l1-3 l1-1 c1)
40.338: (drive-truck t1 l1-3 l1-1 c1)
40.337: (fly-airplane a1 l4-0 l1-0)
40.338: (drive-truck t3 l3-2 l3-3 c3)
40.338: (fly-airplane a2 l1-0 l4-0)
40.338: (drive-truck t3 l3-3 l3-2 c3)
40.338: (fly-airplane a0 l4-0 l1-0)
40.336: (fly-airplane a2 l1-0 l4-0)
40.338: (drive-truck t3 l3-3 l3-2 c3)
40.338: (fly-airplane a1 l4-0 l1-0)
40.344: (drive-truck t1 l1-1 l1-2 c1)
40.344: (drive-truck t1 l1-1 l1-2 c1)
40.338: (fly-airplane a1 l4-0 l1-0)
40.338: (drive-truck t3 l3-3 l3-2 c3)
40.344: (drive-truck t1 l1-1 l1-2 c1)
40.344: (drive-truck t3 l3-3 l3-2 c3)
40.344: (fly-airplane a1 l4-0 l1-0)
40.344: (fly-airplane a0 l1-0 l4-0)
40.344: (fly-airplane a2 l4-0 l1-0)
40.344: (drive-truck t3 l3-3 l3-2 c3)
40.344: (drive-truck t1 l1-1 l1-2 c1)
40.345: (fly-airplane a1 l4-0 l1-0)
40.344: (drive-truck t3 l3-3 l3-2 c3)
40.344: (drive-truck t3 l3-2 l3-3 c3)
40.344: (fly-airplane a0 l1-0 l4-0)
40.344: (fly-airplane a0 l1-0 l4-0)
40.344: (fly-airplane a2 l4-0 l1-0)
40.344: (fly-airplane a2 l4-0 l1-0)
40.344: (drive-truck t3 l3-3 l3-2 c3)
40.345: (fly-airplane a1 l4-0 l1-0)
40.350: (drive-truck t0 l0-3 l0-1 c0)
40.350: (drive-truck t0 l0-3 l0-1 c0)
40.335: (drive-truck t5 l5-2 l5-3 c5)
40.341: (drive-truck t1 l1-2 l1-3 c1)
40.341: (drive-truck t1 l1-2 l1-3 c1)
40.350: (fly-airplane a0 l1-0 l4-0)
40.350: (fly-airplane a1 l4-0 l1-0)
40.337: (drive-truck t4 l4-1 l4-3 c4)
40.340: (drive-truck t1 l1-2 l1-3 c1)
40.340: (drive-truck t1 l1-2 l1-3 c1)
40.341: (fly-airplane a0 l4-0 l1-0)
40.341: (fly-airplane a0 l1-0 l4-0)
40.337: (drive-truck t3 l3-2 l3-3 c3)
40.337: (fly-airplane a1 l4-0 l1-0)
40.340: (fly-airplane a2 l1-0 l4-0)
40.341: (drive-truck t3 l3-2 l3-3 c3)
40.341: (fly-airplane a2 l1-0 l4-0)
40.337: (fly-airplane a1 l4-0 l1-0)
40.337: (drive-truck t3 l3-2 l3-3 c3)
40.337: (fly-airplane a2 l1-0 l4-0)
40.340: (drive-truck t3 l3-2 l3-3 c3)
40.340: (fly-airplane a2 l1-0 l4-0)
40.335: (drive-truck t4 l4-3 l4-1 c4)
40.337: (fly-airplane a0 l4-0 l1-0)
40.337: (drive-truck t3 l3-2 l3-3 c3)
40.337: (fly-airplane a2 l1-0 l4-0)
40.342: (fly-airplane a0 l4-0 l1-0)
40.335: (drive-truck t3 l3-2 l3-3 c3)
40.336: (drive-truck t4 l4-3 l4-1 c4)
40.337: (drive-truck t3 l3-2 l3-3 c3)
40.339: (fly-airplane a0 l4-0 l1-0)
40.340: (fly-airplane a1 l1-0 l4-0)
40.341: (drive-truck t1 l1-2 l1-1 c1)
40.347: (drive-truck t1 l1-2 l1-1 c1)
40.350: (drive-truck t1 l1-3 l1-2 c1)
40.350: (drive-truck t5 l5-3 l5-2 c5)
40.352: (drive-truck t1 l1-3 l1-1 c1)
40.340: (drive-truck t5 l5-2 l5-3 c5)
40.341: (fly-airplane a2 l4-0 l1-0)
40.341: (fly-airplane a0 l4-0 l1-0)
40.341: (drive-truck t3 l3-3 l3-2 c3)
40.341: (drive-truck t4 l4-3 l4-1 c4)
40.340: (fly-airplane a2 l4-0 l1-0)
40.340: (fly-airplane a0 l4-0 l1-0)
40.341: (drive-truck t3 l3-3 l3-2 c3)
40.341: (drive-truck t3 l3-3 l3-2 c3)
40.341: (fly-airplane a1 l1-0 l4-0)
40.340: (fly-airplane a0 l4-0 l1-0)
40.340: (drive-truck t3 l3-3 l3-2 c3)
40.341: (fly-airplane a1 l1-0 l4-0)
40.341: (fly-airplane a2 l4-0 l1-0)
40.345: (drive-truck t4 l4-1 l4-3 c4)
40.346: (fly-airplane a1 l4-0 l1-0)
40.346: (drive-truck t3 l3-3 l3-2 c3)
40.346: (fly-airplane a0 l4-0 l1-0)
40.346: (drive-truck t4 l4-1 l4-3 c4)
40.347: (drive-truck t4 l4-1 l4-3 c4)
40.346: (fly-airplane a2 l1-0 l4-0)
40.346: (fly-airplane a1 l4-0 l1-0)
40.347: (drive-truck t3 l3-3 l3-2 c3)
40.347: (fly-airplane a2 l1-0 l4-0)
40.357: (drive-truck t5 l5-3 l5-2 c5)
40.343: (drive-truck t1 l1-1 l1-3 c1)
40.346: (fly-airplane a2 l1-0 l4-0)
40.347: (fly-airplane a1 l4-0 l1-0)
40.348: (drive-truck t0 l0-1 l0-3 c0)
40.351: (drive-truck t4 l4-3 l4-1 c4)
40.338: (drive-truck t0 l0-1 l0-3 c0)
40.341: (drive-truck t0 l0-1 l0-3 c0)
40.342: (drive-truck t1 l1-1 l1-3 c1)
40.343: (drive-truck t3 l3-2 l3-3 c3)
40.343: (fly-airplane a0 l1-0 l4-0)
40.340: (drive-truck t0 l0-1 l0-3 c0)
40.341: (fly-airplane a0 l1-0 l4-0)
40.341: (drive-truck t3 l3-2 l3-3 c3)
40.341: (fly-airplane a2 l1-0 l4-0)
40.342: (drive-truck t0 l0-1 l0-3 c0)
40.341: (drive-truck t3 l3-2 l3-3 c3)
40.341: (fly-airplane a1 l4-0 l1-0)
40.341: (drive-truck t3 l3-2 l3-3 c3)
40.341: (fly-airplane a0 l1-0 l4-0)
40.341: (fly-airplane a2 l1-0 l4-0)
40.341: (fly-airplane a2 l1-0 l4-0)
40.341: (fly-airplane a1 l4-0 l1-0)
40.341: (drive-truck t3 l3-2 l3-3 c3)
40.342: (fly-airplane a1 l4-0 l1-0)
40.342: (drive-truck t0 l0-3 l0-1 c0)
40.341: (fly-airplane a0 l1-0 l4-0)
40.341: (drive-truck t3 l3-2 l3-3 c3)
40.342: (fly-airplane a2 l1-0 l4-0)
40.342: (drive-truck t0 l0-3 l0-1 c0)
40.342: (fly-airplane a1 l4-0 l1-0)
40.342: (drive-truck t3 l3-3 l3-2 c3)
40.342: (fly-airplane a2 l1-0 l4-0)
40.343: (drive-truck t0 l0-3 l0-1 c0)
40.351: (drive-truck t1 l1-3 l1-2 c1)
40.352: (drive-truck t1 l1-3 l1-2 c1)
40.342: (drive-truck t3 l3-3 l3-2 c3)
40.343: (fly-airplane a2 l1-0 l4-0)
40.350: (drive-truck t4 l4-3 l4-1 c4)
40.351: (fly-airplane a2 l4-0 l1-0)
40.352: (fly-airplane a2 l1-0 l4-0)
40.349: (drive-truck t1 l1-2 l1-1 c1)
40.351: (fly-airplane a1 l1-0 l4-0)
40.352: (drive-truck t3 l3-3 l3-2 c3)
40.352: (fly-airplane a0 l4-0 l1-0)
40.352: (drive-truck t1 l1-3 l1-2 c1)
40.348: (drive-truck t3 l3-3 l3-2 c3)
40.348: (fly-airplane a1 l1-0 l4-0)
40.349: (drive-truck t1 l1-2 l1-1 c1)
40.350: (drive-truck t4 l4-3 l4-1 c4)
40.351: (drive-truck t4 l4-3 l4-1 c4)
40.348: (fly-airplane a2 l1-0 l4-0)
40.348: (fly-airplane a1 l1-0 l4-0)
40.348: (fly-airplane a0 l4-0 l1-0)
40.349: (drive-truck t3 l3-3 l3-2 c3)
40.350: (fly-airplane a0 l4-0 l1-0)
40.348: (fly-airplane a0 l4-0 l1-0)
40.349: (fly-airplane a2 l1-0 l4-0)
40.350: (fly-airplane a1 l1-0 l4-0)
40.350: (drive-truck t1 l1-1 l1-2 c1)
40.351: (drive-truck t1 l1-1 l1-2 c1)
40.349: (fly-airplane a1 l1-0 l4-0)
40.349: (drive-truck t3 l3-2 l3-3 c3)
40.349: (drive-truck t3 l3-3 l3-2 c3)
40.349: (fly-airplane a1 l4-0 l1-0)
40.350: (fly-airplane a2 l4-0 l1-0)
40.350: (drive-truck t1 l1-1 l1-2 c1)
40.351: (drive-truck t1 l1-1 l1-2 c1)
40.352: (drive-truck t4 l4-1 l4-3 c4)
40.358: (drive-truck t0 l0-3 l0-1 c0)
40.358: (drive-truck t0 l0-3 l0-1 c0)
40.343: (drive-truck t1 l1-1 l1-3 c1)
40.350: (fly-airplane a2 l4-0 l1-0)
40.350: (drive-truck t3 l3-3 l3-2 c3)
40.351: (drive-truck t3 l3-2 l3-3 c3)
40.351: (fly-airplane a1 l1-0 l4-0)
40.351: (drive-truck t3 l3-2 l3-3 c3)
40.352: (fly-airplane a2 l4-0 l1-0)
40.352: (drive-truck t0 l0-3 l0-1 c0)
40.352: (drive-truck t0 l0-3 l0-1 c0)
40.352: (drive-truck t1 l1-3 l1-2 c1)
40.352: (drive-truck t0 l0-3 l0-1 c0)
40.352: (fly-airplane a2 l4-0 l1-0)
40.358: (drive-truck t1 l1-2 l1-1 c1)
40.359: (drive-truck t1 l1-2 l1-1 c1)
40.387: (fly-airplane a2 l4-0 l0-0)
40.352: (fly-airplane a0 l1-0 l4-0)
40.353: (drive-truck t4 l4-3 l4-1 c4)
40.358: (fly-airplane a0 l1-0 l4-0)
40.358: (drive-truck t1 l1-2 l1-1 c1)
40.358: (fly-airplane a2 l4-0 l1-0)
40.351: (drive-truck t4 l4-3 l4-1 c4)
40.352: (drive-truck t4 l4-3 l4-1 c4)
40.352: (drive-truck t3 l3-3 l3-2 c3)
40.352: (fly-airplane a1 l1-0 l4-0)
40.353: (fly-airplane a0 l1-0 l4-0)
40.352: (fly-airplane a0 l1-0 l4-0)
40.352: (fly-airplane a2 l4-0 l1-0)
40.352: (drive-truck t3 l3-2 l3-3 c3)
40.353: (fly-airplane a1 l4-0 l1-0)
40.385: (fly-airplane a1 l4-0 l0-0)
40.352: (drive-truck t0 l0-1 l0-3 c0)
40.352: (fly-airplane a2 l4-0 l1-0)
40.353: (fly-airplane a0 l4-0 l1-0)
40.353: (drive-truck t3 l3-2 l3-3 c3)
40.353: (fly-airplane a1 l4-0 l1-0)
40.358: (drive-truck t4 l4-1 l4-3 c4)
40.386: (fly-airplane a1 l1-0 l0-0)
40.386: (fly-airplane a1 l1-0 l0-0)
40.389: (fly-airplane a2 l1-0 l0-0)
40.389: (fly-airplane a2 l1-0 l0-0)
40.358: (fly-airplane a1 l1-0 l4-0)
40.358: (fly-airplane a2 l1-0 l4-0)
40.375: (drive-truck t5 l5-2 l5-3 c5)
40.376: (drive-truck t0 l0-1 l0-3 c0)
40.376: (drive-truck t5 l5-2 l5-3 c5)
40.365: (drive-truck t1 l1-1 l1-3 c1)
40.365: (drive-truck t5 l5-2 l5-3 c5)
40.366: (drive-truck t0 l0-1 l0-3 c0)
40.369: (drive-truck t4 l4-3 l4-1 c4)
40.370: (drive-truck t1 l1-1 l1-2 c1)
40.363: (drive-truck t0 l0-1 l0-3 c0)
40.363: (drive-truck t1 l1-1 l1-3 c1)
40.363: (drive-truck t1 l1-2 l1-3 c1)
40.365: (drive-truck t3 l3-3 l3-2 c3)
40.366: (drive-truck t3 l3-3 l3-2 c3)
40.362: (drive-truck t0 l0-1 l0-3 c0)
40.363: (drive-truck t3 l3-3 l3-2 c3)
40.363: (drive-truck t3 l3-2 l3-3 c3)
40.364: (drive-truck t1 l1-1 l1-3 c1)
40.366: (drive-truck t0 l0-3 l0-1 c0)
40.366: (drive-truck t3 l3-2 l3-3 c3)
40.366: (drive-truck t0 l0-3 l0-1 c0)
40.368: (drive-truck t4 l4-1 l4-3 c4)
40.368: (drive-truck t1 l1-3 l1-2 c1)
40.368: (drive-truck t1 l1-3 l1-2 c1)
40.368: (drive-truck t4 l4-1 l4-3 c4)
40.368: (drive-truck t3 l3-2 l3-3 c3)
40.369: (drive-truck t3 l3-2 l3-3 c3)
40.370: (drive-truck t0 l0-1 l0-3 c0)
40.370: (drive-truck t0 l0-3 l0-1 c0)
40.370: (drive-truck t3 l3-2 l3-3 c3)
40.370: (drive-truck t0 l0-1 l0-3 c0)
40.372: (drive-truck t1 l1-3 l1-2 c1)
40.372: (drive-truck t4 l4-1 l4-3 c4)
40.375: (drive-truck t4 l4-1 l4-3 c4)
40.366: (drive-truck t1 l1-2 l1-3 c1)
40.369: (drive-truck t1 l1-2 l1-3 c1)
40.371: (drive-truck t4 l4-3 l4-1 c4)
40.371: (drive-truck t3 l3-2 l3-3 c3)
40.372: (drive-truck t0 l0-3 l0-1 c0)
40.367: (drive-truck t3 l3-2 l3-3 c3)
40.367: (drive-truck t0 l0-3 l0-1 c0)
40.368: (drive-truck t1 l1-2 l1-3 c1)
40.369: (drive-truck t0 l0-1 l0-3 c0)
40.370: (drive-truck t3 l3-3 l3-2 c3)
40.375: (drive-truck t1 l1-3 l1-2 c1)
40.377: (drive-truck t1 l1-3 l1-1 c1)
40.378: (drive-truck t5 l5-3 l5-2 c5)
40.381: (drive-truck t5 l5-3 l5-2 c5)
40.382: (drive-truck t1 l1-3 l1-1 c1)
40.375: (drive-truck t4 l4-3 l4-1 c4)
40.376: (drive-truck t0 l0-1 l0-3 c0)
40.377: (drive-truck t4 l4-3 l4-1 c4)
40.377: (drive-truck t3 l3-2 l3-3 c3)
40.380: (drive-truck t3 l3-2 l3-3 c3)
40.373: (drive-truck t0 l0-1 l0-3 c0)
40.374: (drive-truck t3 l3-2 l3-3 c3)
40.375: (drive-truck t4 l4-3 l4-1 c4)
40.376: (drive-truck t0 l0-3 l0-1 c0)
40.377: (drive-truck t1 l1-3 l1-1 c1)
40.383: (drive-truck t1 l1-1 l1-2 c1)
40.384: (drive-truck t1 l1-3 l1-2 c1)
40.385: (drive-truck t1 l1-3 l1-2 c1)
40.385: (drive-truck t1 l1-3 l1-1 c1)
40.386: (drive-truck t0 l0-3 l0-1 c0)
40.351: (fly-airplane a1 l0-0 l4-0)
40.375: (drive-truck t5 l5-2 l5-3 c5)
40.385: (drive-truck t0 l0-3 l0-1 c0)
40.386: (drive-truck t3 l3-2 l3-3 c3)
40.388: (drive-truck t4 l4-1 l4-3 c4)
40.382: (drive-truck t4 l4-1 l4-3 c4)
40.388: (drive-truck t4 l4-1 l4-3 c4)
40.388: (drive-truck t3 l3-2 l3-3 c3)
40.390: (fly-airplane a0 l4-0 l0-0)
40.390: (drive-truck t0 l0-1 l0-3 c0)
40.163: (drive-truck t2 l2-1 l2-0 c2)
40.377: (drive-truck t1 l1-1 l1-3 c1)
40.380: (drive-truck t0 l0-1 l0-3 c0)
40.380: (drive-truck t5 l5-2 l5-3 c5)
40.386: (drive-truck t1 l1-2 l1-1 c1)
40.156: (drive-truck t2 l2-1 l2-0 c2)
40.156: (drive-truck t5 l5-2 l5-3 c5)
40.162: (drive-truck t3 l3-2 l3-3 c3)
40.163: (drive-truck t1 l1-1 l1-2 c1)
40.165: (drive-truck t4 l4-1 l4-3 c4)
40.159: (drive-truck t5 l5-2 l5-3 c5)
40.159: (drive-truck t1 l1-1 l1-3 c1)
40.160: (drive-truck t4 l4-1 l4-3 c4)
40.162: (drive-truck t0 l0-1 l0-3 c0)
40.162: (drive-truck t0 l0-1 l0-3 c0)
40.163: (drive-truck t1 l1-3 l1-2 c1)
40.163: (drive-truck t3 l3-2 l3-3 c3)
40.186: (fly-airplane a0 l0-0 l5-0)
40.188: (fly-airplane a0 l0-0 l5-0)
40.188: (fly-airplane a0 l0-0 l5-0)
40.163: (drive-truck t3 l3-2 l3-3 c3)
40.168: (drive-truck t5 l5-2 l5-3 c5)
40.168: (drive-truck t1 l1-1 l1-2 c1)
40.173: (drive-truck t1 l1-1 l1-2 c1)
40.173: (drive-truck t1 l1-1 l1-3 c1)
40.163: (drive-truck t4 l4-3 l4-1 c4)
40.167: (drive-truck t3 l3-2 l3-3 c3)
40.168: (drive-truck t1 l1-2 l1-3 c1)
40.170: (drive-truck t1 l1-2 l1-1 c1)
40.173: (drive-truck t3 l3-2 l3-3 c3)
40.167: (drive-truck t1 l1-2 l1-3 c1)
40.168: (drive-truck t3 l3-2 l3-3 c3)
40.170: (drive-truck t3 l3-2 l3-3 c3)
40.170: (drive-truck t1 l1-2 l1-1 c1)
40.173: (drive-truck t1 l1-2 l1-3 c1)
40.174: (drive-truck t4 l4-1 l4-3 c4)
40.174: (drive-truck t0 l0-1 l0-3 c0)
40.174: (drive-truck t0 l0-3 l0-1 c0)
40.175: (drive-truck t4 l4-3 l4-1 c4)
40.178: (drive-truck t5 l5-3 l5-2 c5)
40.173: (drive-truck t1 l1-3 l1-2 c1)
40.174: (drive-truck t1 l1-3 l1-2 c1)
40.174: (drive-truck t3 l3-3 l3-2 c3)
40.174: (drive-truck t3 l3-3 l3-2 c3)
40.177: (drive-truck t3 l3-3 l3-2 c3)
40.173: (drive-truck t1 l1-3 l1-2 c1)
40.173: (drive-truck t3 l3-3 l3-2 c3)
40.181: (drive-truck t1 l1-2 l1-1 c1)
40.181: (drive-truck t1 l1-3 l1-1 c1)
40.183: (drive-truck t1 l1-1 l1-3 c1)
40.183: (drive-truck t3 l3-2 l3-3 c3)
40.184: (drive-truck t1 l1-2 l1-1 c1)
40.187: (drive-truck t5 l5-3 l5-2 c5)
40.188: (drive-truck t0 l0-3 l0-1 c0)
40.189: (drive-truck t0 l0-3 l0-1 c0)
40.184: (drive-truck t3 l3-2 l3-3 c3)
40.185: (drive-truck t4 l4-3 l4-1 c4)
40.186: (drive-truck t1 l1-3 l1-2 c1)
40.188: (drive-truck t4 l4-1 l4-3 c4)
40.189: (drive-truck t3 l3-2 l3-3 c3)
40.188: (drive-truck t4 l4-1 l4-3 c4)
40.190: (drive-truck t3 l3-2 l3-3 c3)
40.190: (drive-truck t0 l0-1 l0-3 c0)
40.190: (drive-truck t1 l1-3 l1-1 c1)
40.190: (drive-truck t1 l1-3 l1-2 c1)
40.190: (drive-truck t0 l0-1 l0-3 c0)
40.190: (drive-truck t3 l3-2 l3-3 c3)
40.190: (drive-truck t3 l3-2 l3-3 c3)
40.191: (drive-truck t4 l4-3 l4-1 c4)
40.191: (drive-truck t1 l1-1 l1-2 c1)
40.192: (drive-truck t0 l0-1 l0-3 c0)
40.192: (drive-truck t1 l1-3 l1-2 c1)
40.192: (drive-truck t1 l1-2 l1-1 c1)
40.348: (drive-truck t3 l3-3 l3-0 c3)
40.351: (drive-truck t3 l3-2 l3-0 c3)
40.192: (drive-truck t3 l3-3 l3-2 c3)
40.195: (drive-truck t4 l4-1 l4-3 c4)
40.320: (fly-airplane a0 l5-0 l0-0)
40.324: (fly-airplane a0 l5-0 l0-0)
40.332: (drive-truck t5 l5-2 l5-3 c5)
40.306: (drive-truck t5 l5-2 l5-3 c5)
40.308: (drive-truck t4 l4-3 l4-1 c4)
40.308: (fly-airplane a0 l5-0 l0-0)
40.308: (drive-truck t5 l5-2 l5-3 c5)
40.312: (drive-truck t0 l0-1 l0-3 c0)
40.294: (drive-truck t0 l0-1 l0-3 c0)
40.294: (drive-truck t5 l5-2 l5-3 c5)
40.295: (drive-truck t5 l5-2 l5-3 c5)
40.296: (drive-truck t4 l4-3 l4-1 c4)
40.306: (drive-truck t1 l1-3 l1-2 c1)
40.301: (drive-truck t1 l1-3 l1-1 c1)
40.301: (drive-truck t1 l1-2 l1-1 c1)
40.308: (drive-truck t0 l0-3 l0-1 c0)
40.313: (drive-truck t1 l1-2 l1-1 c1)
40.318: (drive-truck t0 l0-3 l0-1 c0)
40.307: (drive-truck t5 l5-3 l5-2 c5)
40.320: (drive-truck t5 l5-3 l5-2 c5)
40.320: (drive-truck t5 l5-3 l5-2 c5)
40.320: (drive-truck t0 l0-3 l0-1 c0)
40.320: (drive-truck t1 l1-3 l1-1 c1)
40.324: (drive-truck t1 l1-1 l1-2 c1)
40.325: (drive-truck t5 l5-3 l5-2 c5)
40.326: (drive-truck t1 l1-3 l1-1 c1)
40.326: (drive-truck t0 l0-3 l0-1 c0)
40.332: (drive-truck t4 l4-1 l4-3 c4)
40.321: (drive-truck t1 l1-1 l1-3 c1)
40.337: (drive-truck t0 l0-3 l0-1 c0)
40.339: (drive-truck t4 l4-1 l4-3 c4)
40.339: (drive-truck t5 l5-3 l5-2 c5)
40.351: (fly-airplane a0 l0-0 l5-0)
40.333: (drive-truck t1 l1-2 l1-3 c1)
40.333: (drive-truck t1 l1-1 l1-3 c1)
40.333: (drive-truck t5 l5-2 l5-3 c5)
40.333: (drive-truck t5 l5-3 l5-2 c5)
40.338: (drive-truck t4 l4-3 l4-1 c4)
40.319: (drive-truck t4 l4-3 l4-1 c4)
40.319: (drive-truck t5 l5-2 l5-3 c5)
40.334: (drive-truck t1 l1-2 l1-1 c1)
40.335: (drive-truck t1 l1-2 l1-3 c1)
40.339: (drive-truck t1 l1-2 l1-1 c1)
40.319: (drive-truck t1 l1-2 l1-3 c1)
40.320: (drive-truck t5 l5-2 l5-3 c5)
40.326: (drive-truck t5 l5-2 l5-3 c5)
40.326: (drive-truck t1 l1-2 l1-1 c1)
40.327: (drive-truck t4 l4-3 l4-1 c4)
40.334: (drive-truck t0 l0-3 l0-1 c0)
40.349: (drive-truck t0 l0-3 l0-1 c0)
40.531: (drive-truck t2 l2-0 l2-1 c2)
40.540: (drive-truck t2 l2-0 l2-1 c2)
40.716: (drive-truck t0 l0-3 l0-0 c0)
40.332: (drive-truck t1 l1-1 l1-2 c1)
40.333: (drive-truck t1 l1-3 l1-2 c1)
40.347: (drive-truck t4 l4-1 l4-3 c4)
40.350: (drive-truck t5 l5-3 l5-2 c5)
40.356: (drive-truck t5 l5-3 l5-2 c5)
40.345: (drive-truck t1 l1-3 l1-2 c1)
40.346: (drive-truck t4 l4-1 l4-3 c4)
40.361: (drive-truck t1 l1-3 l1-1 c1)
40.363: (drive-truck t4 l4-1 l4-3 c4)
40.363: (drive-truck t5 l5-3 l5-2 c5)
40.364: (drive-truck t1 l1-3 l1-2 c1)
40.365: (drive-truck t5 l5-3 l5-2 c5)
40.368: (drive-truck t5 l5-3 l5-2 c5)
40.369: (drive-truck t1 l1-3 l1-1 c1)
40.566: (drive-truck t2 l2-0 l2-1 c2)
40.346: (drive-truck t0 l0-1 l0-3 c0)
40.403: (drive-truck t3 l3-0 l3-2 c3)
40.403: (drive-truck t3 l3-0 l3-3 c3)
40.500: (fly-airplane a0 l5-0 l1-0)
40.500: (fly-airplane a0 l5-0 l4-0)
40.373: (fly-airplane a0 l5-0 l0-0)
40.374: (fly-airplane a0 l5-0 l0-0)
40.396: (drive-truck t1 l1-2 l1-3 c1)
40.396: (drive-truck t1 l1-2 l1-3 c1)
40.401: (drive-truck t4 l4-3 l4-1 c4)
40.369: (fly-airplane a0 l5-0 l0-0)
40.369: (fly-airplane a0 l5-0 l0-0)
40.369: (drive-truck t1 l1-2 l1-3 c1)
40.369: (drive-truck t1 l1-2 l1-3 c1)
40.372: (drive-truck t4 l4-3 l4-1 c4)
40.366: (drive-truck t4 l4-3 l4-1 c4)
40.367: (drive-truck t1 l1-2 l1-3 c1)
40.367: (drive-truck t4 l4-3 l4-1 c4)
40.369: (drive-truck t0 l0-1 l0-3 c0)
40.371: (drive-truck t0 l0-1 l0-3 c0)
40.364: (drive-truck t1 l1-2 l1-3 c1)
40.364: (drive-truck t0 l0-1 l0-3 c0)
40.364: (drive-truck t0 l0-1 l0-3 c0)
40.365: (drive-truck t4 l4-3 l4-1 c4)
40.370: (drive-truck t3 l3-2 l3-3 c3)
40.370: (drive-truck t1 l1-3 l1-1 c1)
40.370: (drive-truck t1 l1-2 l1-1 c1)
40.371: (drive-truck t1 l1-3 l1-1 c1)
40.371: (drive-truck t4 l4-1 l4-3 c4)
40.372: (drive-truck t0 l0-3 l0-1 c0)
40.377: (drive-truck t1 l1-3 l1-2 c1)
40.378: (drive-truck t1 l1-2 l1-1 c1)
40.379: (drive-truck t0 l0-3 l0-1 c0)
40.380: (drive-truck t5 l5-3 l5-2 c5)
40.381: (drive-truck t4 l4-1 l4-3 c4)
40.375: (drive-truck t1 l1-1 l1-3 c1)
40.377: (drive-truck t3 l3-3 l3-2 c3)
40.378: (drive-truck t1 l1-1 l1-2 c1)
40.379: (drive-truck t3 l3-2 l3-3 c3)
40.381: (drive-truck t1 l1-2 l1-1 c1)
40.375: (drive-truck t3 l3-3 l3-2 c3)
40.378: (drive-truck t0 l0-3 l0-1 c0)
40.382: (drive-truck t4 l4-1 l4-3 c4)
40.385: (drive-truck t0 l0-3 l0-1 c0)
40.386: (drive-truck t1 l1-3 l1-2 c1)
40.379: (drive-truck t0 l0-3 l0-1 c0)
40.380: (drive-truck t4 l4-1 l4-3 c4)
40.382: (drive-truck t4 l4-1 l4-3 c4)
40.382: (drive-truck t3 l3-3 l3-2 c3)
40.385: (drive-truck t3 l3-3 l3-2 c3)
40.380: (drive-truck t3 l3-3 l3-2 c3)
40.380: (drive-truck t0 l0-3 l0-1 c0)
40.390: (drive-truck t1 l1-3 l1-2 c1)
40.390: (drive-truck t1 l1-3 l1-1 c1)
40.392: (drive-truck t1 l1-3 l1-2 c1)
40.386: (drive-truck t4 l4-3 l4-1 c4)
40.387: (drive-truck t4 l4-3 l4-1 c4)
40.389: (drive-truck t3 l3-3 l3-2 c3)
40.390: (drive-truck t1 l1-3 l1-2 c1)
40.390: (drive-truck t0 l0-3 l0-1 c0)
40.387: (drive-truck t3 l3-3 l3-2 c3)
40.388: (drive-truck t0 l0-3 l0-1 c0)
40.388: (drive-truck t4 l4-3 l4-1 c4)
40.390: (drive-truck t1 l1-2 l1-1 c1)
40.395: (drive-truck t1 l1-2 l1-1 c1)
40.395: (drive-truck t3 l3-2 l3-3 c3)
40.395: (drive-truck t4 l4-1 l4-3 c4)
40.417: (fly-airplane a0 l0-0 l5-0)
40.420: (fly-airplane a0 l0-0 l5-0)
40.425: (fly-airplane a0 l0-0 l5-0)
40.391: (drive-truck t0 l0-1 l0-3 c0)
40.402: (drive-truck t5 l5-2 l5-3 c5)
40.405: (drive-truck t0 l0-1 l0-3 c0)
40.406: (drive-truck t5 l5-2 l5-3 c5)
40.407: (drive-truck t1 l1-2 l1-3 c1)
40.392: (drive-truck t0 l0-1 l0-3 c0)
40.392: (drive-truck t5 l5-2 l5-3 c5)
40.393: (drive-truck t1 l1-1 l1-2 c1)
40.393: (drive-truck t5 l5-2 l5-3 c5)
40.393: (drive-truck t1 l1-1 l1-3 c1)
40.387: (drive-truck t0 l0-1 l0-3 c0)
40.387: (drive-truck t1 l1-1 l1-3 c1)
40.387: (drive-truck t0 l0-1 l0-3 c0)
40.392: (drive-truck t3 l3-3 l3-2 c3)
40.396: (drive-truck t1 l1-1 l1-2 c1)
40.394: (drive-truck t4 l4-1 l4-3 c4)
40.394: (drive-truck t4 l4-1 l4-3 c4)
40.395: (drive-truck t1 l1-1 l1-2 c1)
40.396: (drive-truck t1 l1-3 l1-2 c1)
40.396: (drive-truck t3 l3-3 l3-2 c3)
40.402: (drive-truck t4 l4-1 l4-3 c4)
40.403: (drive-truck t1 l1-3 l1-2 c1)
40.403: (drive-truck t1 l1-3 l1-1 c1)
40.403: (drive-truck t1 l1-3 l1-2 c1)
40.403: (drive-truck t1 l1-3 l1-1 c1)
40.411: (drive-truck t0 l0-3 l0-1 c0)
40.412: (drive-truck t0 l0-3 l0-1 c0)
40.416: (drive-truck t5 l5-3 l5-2 c5)
40.416: (drive-truck t5 l5-3 l5-2 c5)
40.418: (drive-truck t5 l5-3 l5-2 c5)
40.404: (drive-truck t4 l4-3 l4-1 c4)
40.406: (drive-truck t1 l1-1 l1-3 c1)
40.406: (drive-truck t1 l1-1 l1-3 c1)
40.407: (drive-truck t4 l4-3 l4-1 c4)
40.407: (drive-truck t1 l1-2 l1-3 c1)
40.399: (drive-truck t4 l4-3 l4-1 c4)
40.399: (drive-truck t4 l4-3 l4-1 c4)
40.400: (drive-truck t1 l1-1 l1-3 c1)
40.408: (drive-truck t0 l0-3 l0-1 c0)
40.409: (drive-truck t0 l0-3 l0-1 c0)
40.405: (drive-truck t4 l4-3 l4-1 c4)
40.407: (drive-truck t0 l0-3 l0-1 c0)
40.411: (drive-truck t1 l1-3 l1-2 c1)
40.411: (drive-truck t1 l1-3 l1-2 c1)
40.418: (drive-truck t1 l1-3 l1-2 c1)
40.417: (drive-truck t1 l1-3 l1-2 c1)
40.417: (drive-truck t0 l0-3 l0-1 c0)
40.418: (drive-truck t4 l4-1 l4-3 c4)
40.418: (drive-truck t0 l0-1 l0-3 c0)
40.418: (drive-truck t3 l3-2 l3-3 c3)
40.425: (drive-truck t1 l1-2 l1-1 c1)
40.569: (drive-truck t3 l3-2 l3-0 c3)
40.570: (drive-truck t3 l3-3 l3-0 c3)
40.583: (drive-truck t3 l3-3 l3-0 c3)
40.806: (drive-truck t2 l2-1 l2-2 c2)
40.502: (fly-airplane a0 l5-0 l1-0)
40.502: (fly-airplane a0 l5-0 l4-0)
40.503: (fly-airplane a0 l5-0 l4-0)
40.503: (fly-airplane a0 l5-0 l1-0)
40.517: (fly-airplane a0 l5-0 l4-0)
40.486: (drive-truck t5 l5-2 l5-3 c5)
40.487: (drive-truck t5 l5-2 l5-3 c5)
40.487: (drive-truck t5 l5-2 l5-3 c5)
40.487: (drive-truck t5 l5-2 l5-3 c5)
40.488: (drive-truck t0 l0-1 l0-3 c0)
40.473: (drive-truck t4 l4-3 l4-1 c4)
40.473: (drive-truck t5 l5-2 l5-3 c5)
40.473: (drive-truck t0 l0-1 l0-3 c0)
40.473: (drive-truck t0 l0-1 l0-3 c0)
40.474: (drive-truck t4 l4-3 l4-1 c4)
40.465: (drive-truck t1 l1-2 l1-3 c1)
40.466: (drive-truck t1 l1-2 l1-3 c1)
40.473: (fly-airplane a2 l1-0 l4-0)
40.473: (fly-airplane a1 l4-0 l1-0)
40.474: (drive-truck t1 l1-2 l1-1 c1)
40.465: (fly-airplane a1 l4-0 l1-0)
40.465: (fly-airplane a2 l1-0 l4-0)
40.466: (drive-truck t1 l1-2 l1-3 c1)
40.467: (drive-truck t1 l1-2 l1-3 c1)
40.472: (fly-airplane a1 l4-0 l1-0)
40.465: (fly-airplane a1 l4-0 l1-0)
40.465: (fly-airplane a2 l1-0 l4-0)
40.474: (drive-truck t1 l1-3 l1-1 c1)
40.475: (fly-airplane a2 l1-0 l4-0)
40.478: (drive-truck t4 l4-1 l4-3 c4)
40.473: (drive-truck t1 l1-3 l1-2 c1)
40.473: (drive-truck t1 l1-3 l1-2 c1)
40.473: (fly-airplane a0 l4-0 l1-0)
40.474: (drive-truck t1 l1-1 l1-2 c1)
40.474: (drive-truck t1 l1-3 l1-1 c1)
40.486: (drive-truck t4 l4-1 l4-3 c4)
40.486: (drive-truck t0 l0-3 l0-1 c0)
40.487: (drive-truck t4 l4-1 l4-3 c4)
40.487: (drive-truck t0 l0-3 l0-1 c0)
40.487: (drive-truck t4 l4-1 l4-3 c4)
40.479: (drive-truck t1 l1-2 l1-3 c1)
40.479: (drive-truck t1 l1-1 l1-3 c1)
40.479: (drive-truck t1 l1-2 l1-3 c1)
40.479: (drive-truck t1 l1-2 l1-3 c1)
40.480: (drive-truck t1 l1-2 l1-3 c1)
40.478: (fly-airplane a2 l4-0 l1-0)
40.479: (fly-airplane a1 l1-0 l4-0)
40.480: (fly-airplane a2 l4-0 l1-0)
40.487: (drive-truck t1 l1-3 l1-1 c1)
40.492: (drive-truck t5 l5-3 l5-2 c5)
40.478: (drive-truck t4 l4-3 l4-1 c4)
40.479: (fly-airplane a1 l1-0 l4-0)
40.479: (fly-airplane a1 l1-0 l4-0)
40.480: (fly-airplane a2 l4-0 l1-0)
40.486: (fly-airplane a2 l4-0 l1-0)
40.478: (fly-airplane a0 l4-0 l1-0)
40.479: (fly-airplane a0 l4-0 l1-0)
40.479: (fly-airplane a2 l4-0 l1-0)
40.485: (fly-airplane a1 l1-0 l4-0)
40.487: (drive-truck t1 l1-3 l1-1 c1)
40.478: (fly-airplane a1 l1-0 l4-0)
40.479: (fly-airplane a1 l1-0 l4-0)
40.485: (fly-airplane a0 l4-0 l1-0)
40.487: (drive-truck t1 l1-3 l1-1 c1)
40.487: (drive-truck t1 l1-3 l1-1 c1)
40.474: (drive-truck t4 l4-3 l4-1 c4)
40.478: (fly-airplane a0 l4-0 l1-0)
40.479: (fly-airplane a2 l4-0 l1-0)
40.486: (fly-airplane a1 l1-0 l4-0)
40.486: (fly-airplane a2 l1-0 l4-0)
40.486: (fly-airplane a0 l4-0 l1-0)
40.487: (drive-truck t1 l1-3 l1-1 c1)
40.487: (drive-truck t5 l5-3 l5-2 c5)
40.487: (fly-airplane a0 l4-0 l1-0)
40.489: (drive-truck t1 l1-3 l1-2 c1)
40.487: (fly-airplane a1 l1-0 l4-0)
40.487: (fly-airplane a2 l1-0 l4-0)
40.489: (drive-truck t1 l1-1 l1-2 c1)
40.490: (fly-airplane a2 l1-0 l4-0)
40.499: (drive-truck t4 l4-1 l4-3 c4)
40.488: (fly-airplane a0 l1-0 l4-0)
40.493: (drive-truck t1 l1-1 l1-3 c1)
40.498: (fly-airplane a2 l1-0 l4-0)
40.499: (fly-airplane a0 l1-0 l4-0)
40.500: (drive-truck t4 l4-1 l4-3 c4)
40.488: (drive-truck t5 l5-2 l5-3 c5)
40.489: (fly-airplane a2 l4-0 l1-0)
40.492: (fly-airplane a0 l1-0 l4-0)
40.492: (drive-truck t1 l1-1 l1-3 c1)
40.492: (fly-airplane a2 l1-0 l4-0)
40.487: (drive-truck t1 l1-1 l1-2 c1)
40.492: (fly-airplane a1 l4-0 l1-0)
40.492: (fly-airplane a1 l4-0 l1-0)
40.502: (drive-truck t4 l4-1 l4-3 c4)
40.502: (drive-truck t0 l0-3 l0-1 c0)
40.487: (drive-truck t5 l5-2 l5-3 c5)
40.487: (drive-truck t5 l5-2 l5-3 c5)
40.493: (drive-truck t1 l1-2 l1-3 c1)
40.498: (drive-truck t1 l1-2 l1-1 c1)
40.500: (drive-truck t1 l1-3 l1-1 c1)
40.493: (fly-airplane a1 l1-0 l4-0)
40.494: (fly-airplane a2 l1-0 l4-0)
40.496: (drive-truck t1 l1-2 l1-1 c1)
40.499: (fly-airplane a2 l1-0 l4-0)
40.500: (drive-truck t0 l0-3 l0-1 c0)
40.493: (drive-truck t1 l1-2 l1-3 c1)
40.493: (fly-airplane a0 l4-0 l1-0)
40.493: (fly-airplane a0 l4-0 l1-0)
40.496: (fly-airplane a1 l1-0 l4-0)
40.496: (fly-airplane a2 l1-0 l4-0)
40.493: (fly-airplane a2 l1-0 l4-0)
40.493: (fly-airplane a1 l1-0 l4-0)
40.493: (fly-airplane a1 l1-0 l4-0)
40.495: (fly-airplane a2 l1-0 l4-0)
40.495: (fly-airplane a0 l4-0 l1-0)
40.492: (fly-airplane a0 l4-0 l1-0)
40.493: (fly-airplane a0 l4-0 l1-0)
40.496: (fly-airplane a1 l1-0 l4-0)
40.500: (drive-truck t1 l1-3 l1-2 c1)
40.503: (drive-truck t1 l1-3 l1-2 c1)
40.486: (drive-truck t1 l1-1 l1-2 c1)
40.487: (drive-truck t5 l5-2 l5-3 c5)
40.493: (fly-airplane a1 l1-0 l4-0)
40.493: (fly-airplane a2 l1-0 l4-0)
40.496: (fly-airplane a2 l4-0 l1-0)
40.500: (drive-truck t1 l1-3 l1-2 c1)
40.500: (drive-truck t4 l4-1 l4-3 c4)
40.507: (drive-truck t5 l5-3 l5-2 c5)
40.509: (drive-truck t4 l4-1 l4-3 c4)
40.509: (drive-truck t5 l5-3 l5-2 c5)
40.500: (fly-airplane a1 l4-0 l1-0)
40.507: (fly-airplane a2 l4-0 l1-0)
40.508: (fly-airplane a2 l1-0 l4-0)
40.508: (fly-airplane a0 l1-0 l4-0)
40.509: (fly-airplane a0 l1-0 l4-0)
40.507: (fly-airplane a0 l1-0 l4-0)
40.508: (fly-airplane a1 l4-0 l1-0)
40.508: (fly-airplane a1 l4-0 l1-0)
40.509: (drive-truck t1 l1-2 l1-1 c1)
40.510: (fly-airplane a1 l4-0 l1-0)
40.503: (drive-truck t1 l1-1 l1-2 c1)
40.507: (fly-airplane a1 l4-0 l1-0)
40.508: (fly-airplane a0 l1-0 l4-0)
40.508: (fly-airplane a1 l1-0 l4-0)
40.509: (fly-airplane a0 l1-0 l4-0)
40.503: (fly-airplane a0 l1-0 l4-0)
40.503: (drive-truck t1 l1-1 l1-2 c1)
40.507: (fly-airplane a2 l1-0 l4-0)
40.516: (drive-truck t1 l1-3 l1-2 c1)
40.516: (drive-truck t4 l4-1 l4-3 c4)
40.502: (drive-truck t0 l0-1 l0-3 c0)
40.516: (drive-truck t4 l4-1 l4-3 c4)
40.517: (drive-truck t1 l1-3 l1-2 c1)
40.517: (fly-airplane a1 l1-0 l4-0)
40.517: (fly-airplane a0 l1-0 l4-0)
40.500: (drive-truck t1 l1-2 l1-1 c1)
40.502: (drive-truck t0 l0-1 l0-3 c0)
40.502: (fly-airplane a0 l1-0 l4-0)
40.502: (drive-truck t0 l0-1 l0-3 c0)
40.502: (fly-airplane a1 l1-0 l4-0)
40.522: (drive-truck t0 l0-3 l0-1 c0)
40.536: (fly-airplane a1 l1-0 l0-0)
40.539: (fly-airplane a0 l1-0 l0-0)
40.540: (fly-airplane a1 l4-0 l0-0)
40.540: (fly-airplane a2 l4-0 l0-0)
40.321: (drive-truck t2 l2-1 l2-0 c2)
40.387: (drive-truck t3 l3-0 l3-2 c3)
40.387: (drive-truck t3 l3-0 l3-3 c3)
40.389: (drive-truck t3 l3-0 l3-3 c3)
40.390: (drive-truck t3 l3-0 l3-2 c3)
40.306: (drive-truck t5 l5-2 l5-3 c5)
40.335: (drive-truck t0 l0-3 l0-1 c0)
40.348: (fly-airplane a2 l0-0 l5-0)
40.375: (drive-truck t5 l5-2 l5-3 c5)
40.376: (drive-truck t5 l5-2 l5-3 c5)
40.312: (drive-truck t1 l1-2 l1-1 c1)
40.318: (drive-truck t5 l5-2 l5-3 c5)
40.318: (drive-truck t0 l0-3 l0-1 c0)
40.321: (drive-truck t4 l4-3 l4-1 c4)
40.331: (fly-airplane a2 l0-0 l5-0)
40.319: (drive-truck t1 l1-2 l1-3 c1)
40.320: (drive-truck t1 l1-2 l1-3 c1)
40.325: (drive-truck t1 l1-2 l1-1 c1)
40.332: (drive-truck t1 l1-2 l1-1 c1)
40.332: (drive-truck t0 l0-3 l0-1 c0)
40.319: (drive-truck t5 l5-2 l5-3 c5)
40.319: (drive-truck t4 l4-3 l4-1 c4)
40.332: (drive-truck t4 l4-1 l4-3 c4)
40.332: (drive-truck t5 l5-3 l5-2 c5)
40.336: (drive-truck t5 l5-3 l5-2 c5)
40.363: (fly-airplane a2 l0-0 l5-0)
40.367: (fly-airplane a2 l0-0 l5-0)
40.538: (drive-truck t2 l2-0 l2-1 c2)
40.545: (drive-truck t2 l2-0 l2-1 c2)
40.560: (drive-truck t2 l2-0 l2-1 c2)
40.345: (drive-truck t0 l0-1 l0-3 c0)
40.346: (drive-truck t5 l5-2 l5-3 c5)
40.349: (drive-truck t4 l4-3 l4-1 c4)
40.355: (drive-truck t4 l4-3 l4-1 c4)
40.360: (drive-truck t5 l5-2 l5-3 c5)
40.332: (drive-truck t0 l0-1 l0-3 c0)
40.332: (drive-truck t4 l4-3 l4-1 c4)
40.334: (drive-truck t0 l0-1 l0-3 c0)
40.338: (drive-truck t5 l5-2 l5-3 c5)
40.338: (drive-truck t0 l0-1 l0-3 c0)
40.318: (drive-truck t5 l5-2 l5-3 c5)
40.325: (drive-truck t5 l5-2 l5-3 c5)
40.325: (drive-truck t4 l4-3 l4-1 c4)
40.546: (drive-truck t2 l2-0 l2-1 c2)
40.556: (drive-truck t2 l2-0 l2-1 c2)
40.398: (drive-truck t3 l3-0 l3-2 c3)
40.398: (drive-truck t3 l3-0 l3-3 c3)
40.403: (drive-truck t3 l3-0 l3-2 c3)
40.403: (drive-truck t3 l3-0 l3-3 c3)
40.518: (fly-airplane a2 l5-0 l0-0)
40.373: (fly-airplane a2 l5-0 l0-0)
40.373: (fly-airplane a2 l5-0 l0-0)
40.375: (drive-truck t3 l3-0 l3-2 c3)
40.375: (drive-truck t3 l3-0 l3-3 c3)
40.380: (fly-airplane a2 l5-0 l0-0)
40.370: (drive-truck t4 l4-3 l4-1 c4)
40.376: (drive-truck t0 l0-3 l0-1 c0)
40.376: (drive-truck t0 l0-3 l0-1 c0)
40.379: (drive-truck t1 l1-3 l1-1 c1)
40.379: (drive-truck t1 l1-3 l1-1 c1)
40.370: (drive-truck t5 l5-2 l5-3 c5)
40.371: (drive-truck t3 l3-3 l3-2 c3)
40.378: (drive-truck t4 l4-1 l4-3 c4)
40.378: (drive-truck t4 l4-1 l4-3 c4)
40.380: (drive-truck t0 l0-3 l0-1 c0)
40.380: (drive-truck t3 l3-3 l3-2 c3)
40.380: (drive-truck t0 l0-3 l0-1 c0)
40.380: (drive-truck t0 l0-1 l0-3 c0)
40.380: (drive-truck t0 l0-1 l0-3 c0)
40.381: (drive-truck t4 l4-1 l4-3 c4)
40.370: (drive-truck t1 l1-1 l1-2 c1)
40.385: (drive-truck t0 l0-3 l0-1 c0)
40.386: (drive-truck t4 l4-1 l4-3 c4)
40.389: (drive-truck t5 l5-3 l5-2 c5)
40.389: (drive-truck t5 l5-3 l5-2 c5)
40.372: (drive-truck t4 l4-1 l4-3 c4)
40.373: (drive-truck t1 l1-1 l1-2 c1)
40.385: (drive-truck t5 l5-3 l5-2 c5)
40.386: (drive-truck t1 l1-1 l1-2 c1)
40.386: (drive-truck t3 l3-2 l3-3 c3)
40.382: (drive-truck t0 l0-1 l0-3 c0)
40.385: (drive-truck t3 l3-2 l3-3 c3)
40.387: (drive-truck t5 l5-3 l5-2 c5)
40.387: (drive-truck t4 l4-1 l4-3 c4)
40.395: (drive-truck t5 l5-3 l5-2 c5)
40.382: (drive-truck t0 l0-1 l0-3 c0)
40.383: (drive-truck t3 l3-2 l3-3 c3)
40.387: (drive-truck t3 l3-2 l3-3 c3)
40.387: (drive-truck t4 l4-1 l4-3 c4)
40.387: (drive-truck t1 l1-1 l1-2 c1)
40.408: (fly-airplane a2 l0-0 l5-0)
40.417: (fly-airplane a2 l0-0 l5-0)
40.527: (drive-truck t3 l3-3 l3-0 c3)
40.554: (drive-truck t3 l3-3 l3-0 c3)
40.762: (drive-truck t0 l0-3 l0-2 c0)
40.394: (drive-truck t5 l5-2 l5-3 c5)
40.402: (drive-truck t5 l5-2 l5-3 c5)
40.405: (drive-truck t1 l1-2 l1-1 c1)
40.408: (drive-truck t1 l1-2 l1-3 c1)
40.408: (drive-truck t3 l3-3 l3-2 c3)
40.386: (drive-truck t1 l1-2 l1-3 c1)
40.392: (drive-truck t5 l5-2 l5-3 c5)
40.393: (drive-truck t5 l5-2 l5-3 c5)
40.393: (drive-truck t1 l1-2 l1-1 c1)
40.394: (drive-truck t3 l3-3 l3-2 c3)
40.385: (drive-truck t1 l1-2 l1-3 c1)
40.386: (drive-truck t3 l3-3 l3-2 c3)
40.392: (drive-truck t1 l1-2 l1-1 c1)
40.393: (drive-truck t3 l3-3 l3-2 c3)
40.393: (drive-truck t4 l4-1 l4-3 c4)
40.393: (drive-truck t4 l4-1 l4-3 c4)
40.393: (drive-truck t3 l3-3 l3-2 c3)
40.393: (drive-truck t0 l0-3 l0-1 c0)
40.401: (drive-truck t1 l1-3 l1-2 c1)
40.404: (drive-truck t5 l5-3 l5-2 c5)
40.394: (drive-truck t3 l3-2 l3-3 c3)
40.395: (drive-truck t0 l0-3 l0-1 c0)
40.395: (drive-truck t4 l4-1 l4-3 c4)
40.401: (drive-truck t1 l1-3 l1-2 c1)
40.401: (drive-truck t1 l1-3 l1-2 c1)
40.400: (drive-truck t3 l3-2 l3-3 c3)
40.401: (drive-truck t1 l1-3 l1-2 c1)
40.402: (drive-truck t1 l1-3 l1-2 c1)
40.402: (drive-truck t0 l0-3 l0-1 c0)
40.403: (drive-truck t4 l4-1 l4-3 c4)
40.407: (drive-truck t1 l1-2 l1-1 c1)
40.414: (drive-truck t1 l1-2 l1-1 c1)
40.415: (drive-truck t5 l5-3 l5-2 c5)
40.417: (drive-truck t5 l5-3 l5-2 c5)
40.555: (drive-truck t3 l3-3 l3-0 c3)
40.333: (drive-truck t2 l2-1 l2-0 c2)
40.405: (drive-truck t1 l1-2 l1-3 c1)
40.406: (drive-truck t1 l1-2 l1-3 c1)
40.408: (drive-truck t3 l3-3 l3-2 c3)
40.408: (drive-truck t4 l4-3 l4-1 c4)
40.345: (drive-truck t4 l4-1 l4-3 c4)
40.351: (drive-truck t5 l5-3 l5-2 c5)
40.405: (drive-truck t3 l3-3 l3-2 c3)
40.405: (drive-truck t0 l0-1 l0-3 c0)
40.406: (drive-truck t4 l4-3 l4-1 c4)
40.363: (drive-truck t5 l5-3 l5-2 c5)
40.364: (drive-truck t4 l4-1 l4-3 c4)
40.405: (drive-truck t3 l3-2 l3-3 c3)
40.414: (drive-truck t1 l1-3 l1-2 c1)
40.415: (drive-truck t1 l1-3 l1-1 c1)
40.415: (drive-truck t1 l1-3 l1-2 c1)
40.415: (drive-truck t3 l3-2 l3-3 c3)
40.415: (drive-truck t3 l3-2 l3-3 c3)
40.416: (drive-truck t1 l1-3 l1-1 c1)
40.423: (drive-truck t0 l0-3 l0-1 c0)
40.390: (fly-airplane a2 l5-0 l0-0)
40.394: (fly-airplane a2 l5-0 l0-0)
40.419: (drive-truck t4 l4-3 l4-1 c4)
40.425: (drive-truck t3 l3-2 l3-3 c3)
40.425: (drive-truck t0 l0-3 l0-1 c0)
40.411: (drive-truck t5 l5-2 l5-3 c5)
40.416: (drive-truck t1 l1-1 l1-2 c1)
40.418: (drive-truck t4 l4-3 l4-1 c4)
40.420: (drive-truck t3 l3-2 l3-3 c3)
40.541: (drive-truck t3 l3-3 l3-0 c3)
40.529: (drive-truck t4 l4-3 l4-1 c4)
40.531: (drive-truck t5 l5-2 l5-3 c5)
40.532: (drive-truck t1 l1-1 l1-3 c1)
40.567: (fly-airplane a2 l0-0 l5-0)
40.570: (drive-truck t3 l3-2 l3-0 c3)
40.517: (drive-truck t4 l4-3 l4-1 c4)
40.518: (drive-truck t5 l5-2 l5-3 c5)
40.520: (drive-truck t5 l5-2 l5-3 c5)
40.521: (drive-truck t1 l1-1 l1-3 c1)
40.525: (drive-truck t1 l1-1 l1-2 c1)
40.507: (drive-truck t4 l4-3 l4-1 c4)
40.507: (drive-truck t1 l1-1 l1-3 c1)
40.512: (drive-truck t1 l1-1 l1-2 c1)
40.513: (drive-truck t4 l4-3 l4-1 c4)
40.534: (drive-truck t0 l0-3 l0-1 c0)
40.520: (drive-truck t0 l0-3 l0-1 c0)
40.520: (drive-truck t4 l4-3 l4-1 c4)
40.524: (drive-truck t0 l0-3 l0-1 c0)
40.533: (fly-airplane a2 l0-0 l5-0)
40.538: (drive-truck t1 l1-3 l1-2 c1)
40.531: (drive-truck t5 l5-3 l5-2 c5)
40.540: (drive-truck t1 l1-3 l1-2 c1)
40.540: (drive-truck t5 l5-3 l5-2 c5)
40.543: (drive-truck t1 l1-3 l1-1 c1)
40.546: (drive-truck t4 l4-1 l4-3 c4)
40.547: (drive-truck t1 l1-2 l1-1 c1)
40.548: (drive-truck t1 l1-3 l1-1 c1)
40.553: (drive-truck t4 l4-1 l4-3 c4)
40.554: (drive-truck t1 l1-3 l1-2 c1)
40.555: (drive-truck t5 l5-3 l5-2 c5)
40.555: (drive-truck t1 l1-1 l1-2 c1)
40.567: (drive-truck t0 l0-3 l0-1 c0)
40.568: (drive-truck t5 l5-3 l5-2 c5)
40.578: (drive-truck t0 l0-3 l0-1 c0)
40.578: (fly-airplane a2 l0-0 l5-0)
40.559: (drive-truck t1 l1-2 l1-3 c1)
40.560: (drive-truck t1 l1-1 l1-3 c1)
40.561: (drive-truck t1 l1-2 l1-3 c1)
40.565: (drive-truck t5 l5-2 l5-3 c5)
40.579: (drive-truck t1 l1-2 l1-1 c1)
40.546: (drive-truck t1 l1-1 l1-3 c1)
40.548: (drive-truck t4 l4-3 l4-1 c4)
40.548: (drive-truck t5 l5-2 l5-3 c5)
40.550: (fly-airplane a2 l5-0 l0-0)
40.574: (drive-truck t4 l4-1 l4-3 c4)
40.584: (drive-truck t1 l1-3 l1-2 c1)
40.592: (drive-truck t1 l1-3 l1-1 c1)
40.901: (drive-truck t0 l0-1 l0-2 c0)
40.928: (drive-truck t0 l0-1 l0-0 c0)
40.946: (drive-truck t0 l0-1 l0-2 c0)
40.522: (fly-airplane a2 l5-0 l4-0)
40.522: (fly-airplane a2 l5-0 l1-0)
40.682: (drive-truck t2 l2-1 l2-0 c2)
40.714: (drive-truck t2 l2-1 l2-0 c2)
40.732: (drive-truck t2 l2-1 l2-0 c2)
40.522: (fly-airplane a1 l1-0 l4-0)
40.528: (drive-truck t3 l3-0 l3-2 c3)
40.528: (drive-truck t3 l3-0 l3-3 c3)
40.556: (fly-airplane a1 l1-0 l0-0)
40.559: (fly-airplane a0 l4-0 l0-0)
40.392: (drive-truck t3 l3-0 l3-3 c3)
40.395: (drive-truck t3 l3-0 l3-3 c3)
40.395: (drive-truck t3 l3-0 l3-2 c3)
40.516: (drive-truck t1 l1-1 l1-3 c1)
40.516: (drive-truck t1 l1-1 l1-3 c1)
40.379: (drive-truck t1 l1-1 l1-3 c1)
40.380: (drive-truck t1 l1-1 l1-3 c1)
40.385: (drive-truck t5 l5-2 l5-3 c5)
40.386: (drive-truck t5 l5-2 l5-3 c5)
40.387: (drive-truck t0 l0-1 l0-3 c0)
40.369: (drive-truck t1 l1-1 l1-3 c1)
40.369: (drive-truck t5 l5-2 l5-3 c5)
40.369: (drive-truck t1 l1-1 l1-3 c1)
40.369: (drive-truck t5 l5-2 l5-3 c5)
40.374: (drive-truck t1 l1-1 l1-2 c1)
40.366: (drive-truck t4 l4-3 l4-1 c4)
40.367: (drive-truck t4 l4-3 l4-1 c4)
40.371: (drive-truck t0 l0-1 l0-3 c0)
40.371: (drive-truck t0 l0-1 l0-3 c0)
40.372: (drive-truck t4 l4-3 l4-1 c4)
40.364: (drive-truck t0 l0-1 l0-3 c0)
40.365: (drive-truck t0 l0-1 l0-3 c0)
40.365: (drive-truck t4 l4-3 l4-1 c4)
40.365: (drive-truck t4 l4-3 l4-1 c4)
40.372: (drive-truck t0 l0-1 l0-3 c0)
40.370: (drive-truck t1 l1-2 l1-1 c1)
40.370: (drive-truck t1 l1-3 l1-1 c1)
40.371: (drive-truck t1 l1-3 l1-1 c1)
40.371: (drive-truck t3 l3-3 l3-2 c3)
40.371: (drive-truck t1 l1-3 l1-2 c1)
40.372: (drive-truck t0 l0-3 l0-1 c0)
40.377: (drive-truck t4 l4-1 l4-3 c4)
40.379: (drive-truck t0 l0-3 l0-1 c0)
40.380: (drive-truck t5 l5-3 l5-2 c5)
40.380: (drive-truck t5 l5-3 l5-2 c5)
40.374: (drive-truck t0 l0-3 l0-1 c0)
40.374: (drive-truck t4 l4-1 l4-3 c4)
40.375: (drive-truck t1 l1-1 l1-3 c1)
40.375: (drive-truck t1 l1-1 l1-3 c1)
40.378: (drive-truck t3 l3-2 l3-3 c3)
40.378: (drive-truck t0 l0-3 l0-1 c0)
40.378: (drive-truck t0 l0-3 l0-1 c0)
40.379: (drive-truck t1 l1-2 l1-1 c1)
40.382: (drive-truck t4 l4-1 l4-3 c4)
40.382: (drive-truck t4 l4-1 l4-3 c4)
40.381: (drive-truck t3 l3-3 l3-2 c3)
40.387: (drive-truck t1 l1-3 l1-2 c1)
40.388: (drive-truck t1 l1-3 l1-2 c1)
40.389: (drive-truck t1 l1-3 l1-1 c1)
40.389: (drive-truck t1 l1-3 l1-1 c1)
40.386: (drive-truck t0 l0-1 l0-3 c0)
40.386: (drive-truck t0 l0-1 l0-3 c0)
40.388: (drive-truck t3 l3-3 l3-2 c3)
40.389: (drive-truck t4 l4-1 l4-3 c4)
40.390: (drive-truck t4 l4-1 l4-3 c4)
40.380: (drive-truck t5 l5-2 l5-3 c5)
40.392: (drive-truck t0 l0-1 l0-3 c0)
40.392: (drive-truck t0 l0-1 l0-3 c0)
40.392: (drive-truck t4 l4-1 l4-3 c4)
40.393: (drive-truck t4 l4-1 l4-3 c4)
40.391: (drive-truck t1 l1-2 l1-1 c1)
40.407: (fly-airplane a0 l0-0 l5-0)
40.418: (fly-airplane a0 l0-0 l5-0)
40.535: (drive-truck t3 l3-2 l3-0 c3)
40.541: (drive-truck t3 l3-2 l3-0 c3)
40.392: (drive-truck t0 l0-1 l0-3 c0)
40.394: (drive-truck t1 l1-1 l1-3 c1)
40.401: (drive-truck t1 l1-1 l1-2 c1)
40.403: (drive-truck t5 l5-2 l5-3 c5)
40.406: (drive-truck t1 l1-2 l1-3 c1)
40.387: (drive-truck t1 l1-1 l1-3 c1)
40.387: (drive-truck t0 l0-1 l0-3 c0)
40.392: (drive-truck t3 l3-2 l3-3 c3)
40.393: (drive-truck t1 l1-2 l1-3 c1)
40.393: (drive-truck t5 l5-2 l5-3 c5)
40.387: (drive-truck t1 l1-1 l1-3 c1)
40.387: (drive-truck t3 l3-2 l3-3 c3)
40.395: (drive-truck t3 l3-2 l3-3 c3)
40.395: (drive-truck t1 l1-1 l1-2 c1)
40.396: (drive-truck t1 l1-3 l1-2 c1)
40.394: (drive-truck t0 l0-3 l0-1 c0)
40.396: (drive-truck t0 l0-3 l0-1 c0)
40.399: (drive-truck t5 l5-3 l5-2 c5)
40.402: (drive-truck t0 l0-3 l0-1 c0)
40.403: (drive-truck t4 l4-1 l4-3 c4)
40.396: (drive-truck t3 l3-3 l3-2 c3)
40.399: (drive-truck t3 l3-3 l3-2 c3)
40.403: (drive-truck t1 l1-2 l1-1 c1)
40.404: (drive-truck t1 l1-3 l1-2 c1)
40.404: (drive-truck t4 l4-1 l4-3 c4)
40.403: (drive-truck t1 l1-3 l1-2 c1)
40.404: (drive-truck t3 l3-3 l3-2 c3)
40.404: (drive-truck t3 l3-3 l3-2 c3)
40.405: (drive-truck t1 l1-3 l1-1 c1)
40.407: (drive-truck t0 l0-3 l0-1 c0)
40.405: (drive-truck t3 l3-2 l3-3 c3)
40.405: (drive-truck t3 l3-2 l3-3 c3)
40.408: (drive-truck t4 l4-1 l4-3 c4)
40.411: (drive-truck t1 l1-1 l1-2 c1)
40.412: (drive-truck t0 l0-3 l0-1 c0)
40.408: (drive-truck t3 l3-2 l3-3 c3)
40.408: (drive-truck t4 l4-1 l4-3 c4)
40.411: (drive-truck t1 l1-1 l1-2 c1)
40.411: (drive-truck t3 l3-2 l3-3 c3)
40.412: (drive-truck t3 l3-2 l3-3 c3)
40.406: (drive-truck t4 l4-3 l4-1 c4)
40.406: (drive-truck t0 l0-1 l0-3 c0)
40.417: (drive-truck t0 l0-3 l0-1 c0)
40.419: (drive-truck t1 l1-3 l1-2 c1)
40.425: (drive-truck t1 l1-3 l1-1 c1)
40.416: (drive-truck t1 l1-3 l1-1 c1)
40.416: (drive-truck t0 l0-1 l0-3 c0)
40.417: (drive-truck t3 l3-3 l3-2 c3)
40.419: (drive-truck t3 l3-3 l3-2 c3)
40.419: (drive-truck t4 l4-3 l4-1 c4)
40.416: (drive-truck t3 l3-3 l3-2 c3)
40.419: (drive-truck t3 l3-3 l3-2 c3)
40.420: (drive-truck t1 l1-2 l1-1 c1)
40.426: (drive-truck t1 l1-2 l1-1 c1)
40.566: (drive-truck t3 l3-3 l3-0 c3)
40.346: (drive-truck t2 l2-1 l2-0 c2)
40.552: (drive-truck t5 l5-2 l5-3 c5)
40.554: (drive-truck t4 l4-3 l4-1 c4)
40.558: (drive-truck t1 l1-1 l1-3 c1)
40.570: (drive-truck t1 l1-1 l1-2 c1)
40.348: (drive-truck t2 l2-1 l2-0 c2)
40.348: (drive-truck t1 l1-1 l1-3 c1)
40.368: (drive-truck t0 l0-3 l0-1 c0)
40.526: (fly-airplane a0 l5-0 l0-0)
40.528: (fly-airplane a0 l5-0 l0-0)
40.332: (drive-truck t5 l5-2 l5-3 c5)
40.356: (drive-truck t4 l4-3 l4-1 c4)
40.361: (drive-truck t5 l5-2 l5-3 c5)
40.363: (drive-truck t0 l0-3 l0-1 c0)
40.363: (drive-truck t1 l1-1 l1-3 c1)
40.347: (drive-truck t5 l5-2 l5-3 c5)
40.347: (drive-truck t0 l0-3 l0-1 c0)
40.347: (drive-truck t1 l1-1 l1-3 c1)
40.544: (drive-truck t2 l2-0 l2-1 c2)
40.573: (drive-truck t2 l2-0 l2-1 c2)
40.335: (drive-truck t4 l4-3 l4-1 c4)
40.518: (fly-airplane a0 l5-0 l0-0)
40.531: (drive-truck t4 l4-3 l4-1 c4)
40.544: (fly-airplane a0 l5-0 l0-0)
40.552: (drive-truck t1 l1-3 l1-2 c1)
40.505: (fly-airplane a0 l5-0 l0-0)
40.505: (drive-truck t4 l4-3 l4-1 c4)
40.525: (drive-truck t1 l1-3 l1-2 c1)
40.526: (fly-airplane a0 l5-0 l0-0)
40.530: (drive-truck t5 l5-3 l5-2 c5)
40.511: (drive-truck t4 l4-3 l4-1 c4)
40.512: (drive-truck t1 l1-3 l1-2 c1)
40.515: (drive-truck t1 l1-3 l1-1 c1)
40.517: (drive-truck t5 l5-3 l5-2 c5)
40.517: (drive-truck t4 l4-3 l4-1 c4)
40.524: (drive-truck t0 l0-3 l0-1 c0)
40.528: (drive-truck t5 l5-3 l5-2 c5)
40.529: (drive-truck t1 l1-3 l1-2 c1)
40.530: (drive-truck t0 l0-3 l0-1 c0)
40.539: (fly-airplane a0 l0-0 l5-0)
40.518: (drive-truck t1 l1-2 l1-3 c1)
40.519: (drive-truck t5 l5-2 l5-3 c5)
40.537: (drive-truck t4 l4-1 l4-3 c4)
40.540: (drive-truck t1 l1-2 l1-1 c1)
40.540: (drive-truck t5 l5-3 l5-2 c5)
40.532: (drive-truck t4 l4-1 l4-3 c4)
40.532: (drive-truck t1 l1-2 l1-3 c1)
40.545: (drive-truck t1 l1-2 l1-1 c1)
40.545: (fly-airplane a0 l0-0 l5-0)
40.548: (drive-truck t1 l1-2 l1-1 c1)
40.553: (drive-truck t1 l1-3 l1-2 c1)
40.559: (fly-airplane a0 l0-0 l5-0)
40.559: (drive-truck t4 l4-1 l4-3 c4)
40.560: (drive-truck t5 l5-3 l5-2 c5)
40.562: (drive-truck t1 l1-3 l1-1 c1)
40.544: (drive-truck t0 l0-1 l0-3 c0)
40.566: (drive-truck t1 l1-3 l1-2 c1)
40.566: (drive-truck t4 l4-1 l4-3 c4)
40.570: (drive-truck t5 l5-3 l5-2 c5)
40.571: (drive-truck t1 l1-3 l1-2 c1)
40.556: (drive-truck t1 l1-3 l1-2 c1)
40.557: (drive-truck t0 l0-1 l0-3 c0)
40.575: (drive-truck t1 l1-2 l1-1 c1)
40.577: (drive-truck t1 l1-2 l1-1 c1)
40.583: (drive-truck t5 l5-3 l5-2 c5)
40.555: (fly-airplane a0 l5-0 l0-0)
40.588: (drive-truck t1 l1-2 l1-1 c1)
40.590: (drive-truck t4 l4-1 l4-3 c4)
40.590: (drive-truck t5 l5-3 l5-2 c5)
40.956: (drive-truck t0 l0-1 l0-0 c0)
40.742: (drive-truck t2 l2-1 l2-0 c2)
40.808: (drive-truck t3 l3-0 l3-2 c3)
40.808: (drive-truck t3 l3-0 l3-3 c3)
40.889: (fly-airplane a0 l5-0 l4-0)
40.890: (fly-airplane a0 l5-0 l1-0)
40.585: (drive-truck t2 l2-1 l2-0 c2)
40.585: (drive-truck t2 l2-1 l2-0 c2)
40.585: (drive-truck t3 l3-0 l3-3 c3)
40.585: (drive-truck t3 l3-0 l3-2 c3)
40.674: (drive-truck t2 l2-1 l2-0 c2)
40.517: (fly-airplane a0 l5-0 l1-0)
40.517: (fly-airplane a0 l5-0 l1-0)
40.517: (fly-airplane a0 l5-0 l4-0)
40.517: (fly-airplane a0 l5-0 l4-0)
40.517: (drive-truck t3 l3-0 l3-2 c3)
40.505: (drive-truck t1 l1-1 l1-3 c1)
40.505: (drive-truck t1 l1-1 l1-3 c1)
40.505: (drive-truck t1 l1-1 l1-3 c1)
40.505: (drive-truck t1 l1-1 l1-3 c1)
40.506: (drive-truck t4 l4-3 l4-1 c4)
40.498: (drive-truck t4 l4-3 l4-1 c4)
40.499: (drive-truck t4 l4-3 l4-1 c4)
40.499: (drive-truck t4 l4-3 l4-1 c4)
40.500: (drive-truck t4 l4-3 l4-1 c4)
40.500: (drive-truck t1 l1-1 l1-3 c1)
40.498: (fly-airplane a1 l1-0 l4-0)
40.498: (fly-airplane a2 l4-0 l1-0)
40.499: (fly-airplane a1 l1-0 l4-0)
40.499: (fly-airplane a2 l4-0 l1-0)
40.506: (drive-truck t1 l1-3 l1-2 c1)
40.498: (fly-airplane a2 l4-0 l1-0)
40.499: (fly-airplane a2 l4-0 l1-0)
40.499: (fly-airplane a1 l1-0 l4-0)
40.500: (fly-airplane a1 l1-0 l4-0)
40.505: (drive-truck t4 l4-1 l4-3 c4)
40.505: (drive-truck t4 l4-1 l4-3 c4)
40.505: (drive-truck t3 l3-2 l3-3 c3)
40.505: (drive-truck t4 l4-1 l4-3 c4)
40.505: (drive-truck t4 l4-1 l4-3 c4)
40.505: (fly-airplane a2 l4-0 l1-0)
40.505: (drive-truck t3 l3-2 l3-3 c3)
40.505: (fly-airplane a1 l4-0 l1-0)
40.505: (fly-airplane a0 l1-0 l4-0)
40.512: (drive-truck t1 l1-3 l1-2 c1)
40.513: (drive-truck t1 l1-3 l1-2 c1)
40.505: (drive-truck t3 l3-2 l3-3 c3)
40.505: (fly-airplane a1 l4-0 l1-0)
40.507: (drive-truck t4 l4-3 l4-1 c4)
40.507: (drive-truck t4 l4-3 l4-1 c4)
40.512: (drive-truck t1 l1-3 l1-2 c1)
40.505: (drive-truck t3 l3-3 l3-2 c3)
40.506: (fly-airplane a0 l1-0 l4-0)
40.507: (drive-truck t1 l1-2 l1-1 c1)
40.507: (drive-truck t4 l4-3 l4-1 c4)
40.507: (fly-airplane a1 l4-0 l1-0)
40.505: (drive-truck t1 l1-2 l1-1 c1)
40.506: (drive-truck t3 l3-3 l3-2 c3)
40.506: (fly-airplane a1 l4-0 l1-0)
40.506: (drive-truck t1 l1-2 l1-1 c1)
40.506: (fly-airplane a0 l1-0 l4-0)
40.506: (fly-airplane a1 l1-0 l4-0)
40.506: (drive-truck t3 l3-3 l3-2 c3)
40.507: (drive-truck t1 l1-2 l1-1 c1)
40.507: (fly-airplane a2 l1-0 l4-0)
40.507: (fly-airplane a1 l1-0 l4-0)
40.507: (drive-truck t1 l1-1 l1-2 c1)
40.507: (fly-airplane a1 l1-0 l4-0)
40.507: (drive-truck t3 l3-3 l3-2 c3)
40.508: (fly-airplane a0 l4-0 l1-0)
40.508: (drive-truck t3 l3-2 l3-3 c3)
40.505: (fly-airplane a1 l4-0 l1-0)
40.506: (drive-truck t3 l3-2 l3-3 c3)
40.506: (drive-truck t1 l1-1 l1-2 c1)
40.513: (drive-truck t4 l4-1 l4-3 c4)
40.516: (drive-truck t4 l4-1 l4-3 c4)
40.513: (drive-truck t3 l3-2 l3-3 c3)
40.513: (drive-truck t4 l4-1 l4-3 c4)
40.513: (drive-truck t4 l4-1 l4-3 c4)
40.513: (drive-truck t1 l1-1 l1-2 c1)
40.513: (fly-airplane a0 l4-0 l1-0)
40.513: (fly-airplane a2 l4-0 l1-0)
40.513: (fly-airplane a0 l4-0 l1-0)
40.513: (fly-airplane a2 l4-0 l1-0)
40.513: (drive-truck t3 l3-2 l3-3 c3)
40.513: (drive-truck t3 l3-3 l3-2 c3)
40.516: (drive-truck t1 l1-2 l1-1 c1)
40.517: (drive-truck t1 l1-2 l1-1 c1)
40.518: (drive-truck t1 l1-2 l1-1 c1)
40.528: (drive-truck t0 l0-0 l0-2 c0)
40.528: (drive-truck t0 l0-0 l0-2 c0)
40.517: (drive-truck t3 l3-2 l3-3 c3)
40.517: (fly-airplane a1 l4-0 l1-0)
40.518: (fly-airplane a2 l1-0 l4-0)
40.518: (drive-truck t3 l3-3 l3-2 c3)
40.520: (drive-truck t4 l4-3 l4-1 c4)
40.514: (fly-airplane a1 l1-0 l0-0)
40.516: (fly-airplane a2 l1-0 l0-0)
40.516: (drive-truck t1 l1-2 l1-3 c1)
40.517: (fly-airplane a2 l1-0 l4-0)
40.518: (drive-truck t3 l3-2 l3-3 c3)
40.509: (drive-truck t1 l1-2 l1-3 c1)
40.510: (fly-airplane a2 l1-0 l0-0)
40.510: (fly-airplane a1 l1-0 l0-0)
40.510: (drive-truck t1 l1-2 l1-3 c1)
40.514: (drive-truck t3 l3-3 l3-2 c3)
40.509: (drive-truck t3 l3-3 l3-2 c3)
40.510: (drive-truck t1 l1-2 l1-3 c1)
40.510: (drive-truck t3 l3-3 l3-2 c3)
40.515: (drive-truck t4 l4-1 l4-3 c4)
40.516: (fly-airplane a2 l0-0 l4-0)
40.512: (fly-airplane a0 l4-0 l0-0)
40.515: (drive-truck t1 l1-3 l1-2 c1)
40.515: (drive-truck t4 l4-1 l4-3 c4)
40.516: (drive-truck t3 l3-3 l3-2 c3)
40.516: (drive-truck t3 l3-3 l3-2 c3)
40.511: (drive-truck t3 l3-3 l3-2 c3)
40.512: (fly-airplane a0 l4-0 l0-0)
40.516: (drive-truck t1 l1-3 l1-2 c1)
40.516: (fly-airplane a0 l4-0 l1-0)
40.517: (fly-airplane a2 l4-0 l1-0)
40.510: (fly-airplane a1 l1-0 l0-0)
40.516: (drive-truck t3 l3-2 l3-3 c3)
40.516: (drive-truck t1 l1-3 l1-2 c1)
40.516: (fly-airplane a1 l1-0 l4-0)
40.517: (fly-airplane a1 l1-0 l4-0)
40.509: (drive-truck t3 l3-2 l3-3 c3)
40.509: (fly-airplane a1 l1-0 l0-0)
40.509: (fly-airplane a2 l4-0 l0-0)
40.512: (fly-airplane a0 l4-0 l0-0)
40.514: (drive-truck t1 l1-3 l1-2 c1)
40.510: (drive-truck t3 l3-2 l3-3 c3)
40.512: (drive-truck t3 l3-2 l3-3 c3)
40.514: (drive-truck t1 l1-3 l1-2 c1)
40.514: (drive-truck t3 l3-2 l3-3 c3)
40.515: (drive-truck t1 l1-3 l1-2 c1)
40.516: (drive-truck t1 l1-3 l1-2 c1)
40.516: (fly-airplane a0 l0-0 l1-0)
40.516: (drive-truck t3 l3-2 l3-3 c3)
40.516: (drive-truck t4 l4-1 l4-3 c4)
40.516: (fly-airplane a0 l0-0 l4-0)
40.516: (drive-truck t3 l3-3 l3-2 c3)
40.516: (drive-truck t3 l3-3 l3-2 c3)
40.516: (fly-airplane a2 l1-0 l4-0)
40.518: (drive-truck t1 l1-2 l1-1 c1)
40.521: (drive-truck t1 l1-3 l1-2 c1)
40.516: (fly-airplane a0 l4-0 l0-0)
40.517: (drive-truck t3 l3-3 l3-2 c3)
40.520: (drive-truck t3 l3-3 l3-2 c3)
40.521: (fly-airplane a0 l4-0 l1-0)
40.521: (drive-truck t1 l1-3 l1-2 c1)
40.516: (drive-truck t3 l3-3 l3-2 c3)
40.516: (fly-airplane a0 l4-0 l0-0)
40.520: (drive-truck t1 l1-2 l1-1 c1)
40.521: (drive-truck t3 l3-3 l3-2 c3)
40.521: (fly-airplane a0 l4-0 l1-0)
40.520: (drive-truck t1 l1-2 l1-1 c1)
40.520: (drive-truck t3 l3-3 l3-2 c3)
40.521: (fly-airplane a2 l1-0 l4-0)
40.523: (drive-truck t4 l4-1 l4-3 c4)
40.524: (fly-airplane a0 l0-0 l4-0)
40.518: (fly-airplane a1 l4-0 l0-0)
40.518: (drive-truck t1 l1-2 l1-3 c1)
40.521: (fly-airplane a1 l4-0 l1-0)
40.523: (drive-truck t3 l3-2 l3-3 c3)
40.523: (drive-truck t3 l3-3 l3-2 c3)
40.518: (drive-truck t3 l3-2 l3-3 c3)
40.518: (fly-airplane a1 l4-0 l0-0)
40.518: (drive-truck t3 l3-3 l3-2 c3)
40.518: (drive-truck t1 l1-2 l1-3 c1)
40.521: (fly-airplane a0 l1-0 l4-0)
40.521: (fly-airplane a2 l4-0 l1-0)
40.521: (drive-truck t3 l3-2 l3-3 c3)
40.523: (fly-airplane a0 l0-0 l1-0)
40.523: (fly-airplane a0 l0-0 l4-0)
40.525: (fly-airplane a1 l0-0 l1-0)
40.518: (fly-airplane a2 l1-0 l0-0)
40.521: (fly-airplane a0 l4-0 l1-0)
40.523: (fly-airplane a1 l4-0 l1-0)
40.523: (drive-truck t3 l3-3 l3-2 c3)
40.523: (drive-truck t3 l3-3 l3-2 c3)
40.518: (drive-truck t3 l3-2 l3-3 c3)
40.523: (fly-airplane a1 l4-0 l1-0)
40.523: (fly-airplane a2 l1-0 l4-0)
40.523: (drive-truck t3 l3-3 l3-2 c3)
40.524: (fly-airplane a2 l1-0 l4-0)
40.516: (fly-airplane a1 l4-0 l0-0)
40.519: (fly-airplane a0 l4-0 l0-0)
40.523: (drive-truck t3 l3-3 l3-2 c3)
40.523: (fly-airplane a1 l4-0 l1-0)
40.523: (fly-airplane a0 l4-0 l1-0)
40.515: (drive-truck t3 l3-2 l3-3 c3)
40.516: (fly-airplane a1 l1-0 l0-0)
40.518: (drive-truck t3 l3-3 l3-2 c3)
40.518: (fly-airplane a0 l4-0 l0-0)
40.519: (fly-airplane a0 l1-0 l0-0)
40.521: (drive-truck t1 l1-3 l1-2 c1)
40.523: (drive-truck t1 l1-3 l1-2 c1)
40.523: (fly-airplane a1 l0-0 l4-0)
40.529: (drive-truck t1 l1-3 l1-1 c1)
40.530: (drive-truck t1 l1-3 l1-1 c1)
40.518: (drive-truck t4 l4-3 l4-1 c4)
40.519: (drive-truck t4 l4-3 l4-1 c4)
40.521: (drive-truck t3 l3-3 l3-2 c3)
40.523: (drive-truck t3 l3-2 l3-3 c3)
40.528: (fly-airplane a1 l0-0 l1-0)
40.518: (drive-truck t3 l3-3 l3-2 c3)
40.519: (drive-truck t3 l3-2 l3-3 c3)
40.524: (fly-airplane a0 l0-0 l4-0)
40.525: (fly-airplane a0 l0-0 l1-0)
40.525: (fly-airplane a1 l0-0 l1-0)
40.523: (fly-airplane a1 l1-0 l4-0)
40.524: (fly-airplane a1 l1-0 l4-0)
40.524: (fly-airplane a0 l1-0 l4-0)
40.524: (fly-airplane a0 l0-0 l4-0)
40.525: (fly-airplane a1 l0-0 l4-0)
40.525: (fly-airplane a2 l4-0 l1-0)
40.525: (fly-airplane a2 l4-0 l1-0)
40.525: (fly-airplane a2 l4-0 l1-0)
40.535: (drive-truck t4 l4-1 l4-3 c4)
40.535: (drive-truck t4 l4-1 l4-3 c4)
40.528: (fly-airplane a2 l4-0 l0-0)
40.528: (drive-truck t1 l1-1 l1-2 c1)
40.528: (drive-truck t1 l1-1 l1-2 c1)
40.529: (fly-airplane a1 l4-0 l0-0)
40.529: (fly-airplane a0 l4-0 l0-0)
40.521: (fly-airplane a2 l4-0 l0-0)
40.522: (fly-airplane a2 l4-0 l0-0)
40.522: (drive-truck t1 l1-1 l1-2 c1)
40.528: (drive-truck t3 l3-2 l3-3 c3)
40.528: (drive-truck t3 l3-3 l3-2 c3)
40.521: (fly-airplane a2 l4-0 l0-0)
40.521: (drive-truck t3 l3-3 l3-2 c3)
40.522: (drive-truck t3 l3-2 l3-3 c3)
40.523: (fly-airplane a2 l4-0 l0-0)
40.528: (fly-airplane a2 l4-0 l1-0)
40.528: (fly-airplane a0 l1-0 l4-0)
40.528: (fly-airplane a2 l0-0 l1-0)
40.528: (drive-truck t1 l1-2 l1-1 c1)
40.535: (drive-truck t1 l1-2 l1-1 c1)
40.545: (drive-truck t5 l5-3 l5-2 c5)
40.521: (fly-airplane a1 l1-0 l0-0)
40.521: (fly-airplane a1 l4-0 l0-0)
40.528: (fly-airplane a1 l1-0 l4-0)
40.528: (drive-truck t3 l3-3 l3-2 c3)
40.529: (fly-airplane a0 l1-0 l0-0)
40.529: (drive-truck t1 l1-2 l1-1 c1)
40.529: (drive-truck t1 l1-2 l1-1 c1)
40.529: (drive-truck t3 l3-3 l3-2 c3)
40.534: (fly-airplane a0 l0-0 l4-0)
40.535: (drive-truck t1 l1-2 l1-1 c1)
40.534: (fly-airplane a1 l4-0 l1-0)
40.534: (fly-airplane a0 l4-0 l1-0)
40.534: (fly-airplane a1 l4-0 l1-0)
40.535: (fly-airplane a1 l0-0 l1-0)
40.535: (fly-airplane a0 l0-0 l1-0)
40.536: (fly-airplane a2 l1-0 l4-0)
40.552: (drive-truck t5 l5-3 l5-2 c5)
40.553: (drive-truck t5 l5-3 l5-2 c5)
40.553: (drive-truck t5 l5-3 l5-2 c5)
40.601: (fly-airplane a2 l1-0 l5-0)
40.535: (fly-airplane a0 l4-0 l1-0)
40.537: (drive-truck t0 l0-2 l0-0 c0)
40.539: (drive-truck t0 l0-2 l0-0 c0)
40.539: (drive-truck t0 l0-2 l0-0 c0)
40.541: (drive-truck t4 l4-3 l4-1 c4)
40.526: (drive-truck t0 l0-2 l0-0 c0)
40.527: (drive-truck t4 l4-3 l4-1 c4)
40.528: (drive-truck t1 l1-1 l1-2 c1)
40.529: (drive-truck t4 l4-3 l4-1 c4)
40.529: (drive-truck t4 l4-3 l4-1 c4)
40.526: (fly-airplane a1 l1-0 l4-0)
40.527: (fly-airplane a2 l1-0 l4-0)
40.527: (drive-truck t1 l1-1 l1-3 c1)
40.527: (drive-truck t1 l1-1 l1-3 c1)
40.528: (drive-truck t1 l1-1 l1-3 c1)
40.526: (fly-airplane a1 l1-0 l4-0)
40.527: (drive-truck t1 l1-1 l1-3 c1)
40.527: (drive-truck t3 l3-2 l3-3 c3)
40.527: (drive-truck t1 l1-1 l1-3 c1)
40.527: (fly-airplane a2 l1-0 l4-0)
40.527: (drive-truck t3 l3-3 l3-2 c3)
40.528: (fly-airplane a0 l4-0 l1-0)
40.528: (fly-airplane a2 l1-0 l4-0)
40.528: (drive-truck t1 l1-3 l1-1 c1)
40.529: (drive-truck t1 l1-3 l1-1 c1)
40.526: (drive-truck t3 l3-3 l3-2 c3)
40.526: (fly-airplane a2 l1-0 l4-0)
40.527: (fly-airplane a0 l4-0 l1-0)
40.528: (drive-truck t3 l3-3 l3-2 c3)
40.528: (drive-truck t1 l1-3 l1-1 c1)
40.526: (fly-airplane a0 l4-0 l1-0)
40.528: (drive-truck t1 l1-3 l1-1 c1)
40.529: (drive-truck t3 l3-3 l3-2 c3)
40.529: (fly-airplane a1 l4-0 l1-0)
40.529: (drive-truck t1 l1-3 l1-1 c1)
40.534: (drive-truck t1 l1-1 l1-2 c1)
40.534: (drive-truck t1 l1-1 l1-2 c1)
40.534: (drive-truck t1 l1-1 l1-2 c1)
40.539: (drive-truck t4 l4-1 l4-3 c4)
40.539: (drive-truck t4 l4-1 l4-3 c4)
40.533: (drive-truck t1 l1-1 l1-3 c1)
40.534: (drive-truck t1 l1-1 l1-3 c1)
40.534: (fly-airplane a2 l4-0 l1-0)
40.534: (fly-airplane a0 l1-0 l4-0)
40.534: (fly-airplane a0 l1-0 l4-0)
40.533: (fly-airplane a1 l1-0 l4-0)
40.533: (fly-airplane a0 l1-0 l4-0)
40.533: (fly-airplane a0 l1-0 l4-0)
40.533: (fly-airplane a1 l1-0 l4-0)
40.534: (fly-airplane a0 l1-0 l4-0)
40.533: (fly-airplane a2 l4-0 l1-0)
40.533: (fly-airplane a2 l4-0 l1-0)
40.533: (fly-airplane a2 l4-0 l1-0)
40.534: (fly-airplane a2 l4-0 l1-0)
40.535: (fly-airplane a1 l4-0 l1-0)
40.533: (fly-airplane a1 l1-0 l4-0)
40.533: (fly-airplane a0 l1-0 l4-0)
40.533: (fly-airplane a1 l1-0 l4-0)
40.533: (fly-airplane a0 l1-0 l4-0)
40.535: (drive-truck t3 l3-2 l3-3 c3)
40.534: (fly-airplane a1 l1-0 l4-0)
40.539: (drive-truck t1 l1-3 l1-1 c1)
40.539: (drive-truck t1 l1-3 l1-1 c1)
40.540: (drive-truck t1 l1-3 l1-2 c1)
40.541: (drive-truck t1 l1-3 l1-2 c1)
40.534: (fly-airplane a0 l4-0 l1-0)
40.539: (fly-airplane a0 l4-0 l1-0)
40.541: (fly-airplane a1 l4-0 l1-0)
40.541: (fly-airplane a0 l4-0 l1-0)
40.541: (fly-airplane a1 l4-0 l1-0)
40.534: (fly-airplane a2 l1-0 l4-0)
40.539: (fly-airplane a2 l1-0 l4-0)
40.540: (fly-airplane a2 l1-0 l4-0)
40.541: (fly-airplane a2 l1-0 l4-0)
40.541: (drive-truck t3 l3-3 l3-2 c3)
40.539: (drive-truck t3 l3-3 l3-2 c3)
40.539: (drive-truck t1 l1-2 l1-1 c1)
40.540: (fly-airplane a2 l1-0 l4-0)
40.541: (drive-truck t3 l3-3 l3-2 c3)
40.541: (drive-truck t3 l3-2 l3-3 c3)
40.537: (drive-truck t1 l1-2 l1-1 c1)
40.538: (drive-truck t3 l3-2 l3-3 c3)
40.541: (fly-airplane a0 l4-0 l1-0)
40.542: (fly-airplane a1 l4-0 l1-0)
40.552: (drive-truck t0 l0-0 l0-2 c0)
40.541: (drive-truck t4 l4-3 l4-1 c4)
40.545: (fly-airplane a2 l4-0 l0-0)
40.546: (fly-airplane a0 l4-0 l0-0)
40.547: (drive-truck t1 l1-1 l1-3 c1)
40.551: (fly-airplane a0 l4-0 l1-0)
40.535: (drive-truck t4 l4-3 l4-1 c4)
40.535: (fly-airplane a2 l4-0 l0-0)
40.536: (fly-airplane a0 l4-0 l0-0)
40.537: (drive-truck t4 l4-3 l4-1 c4)
40.539: (drive-truck t1 l1-1 l1-3 c1)
40.533: (drive-truck t1 l1-1 l1-3 c1)
40.533: (drive-truck t4 l4-3 l4-1 c4)
40.534: (drive-truck t1 l1-1 l1-3 c1)
40.535: (drive-truck t3 l3-2 l3-3 c3)
40.537: (drive-truck t3 l3-2 l3-3 c3)
40.533: (drive-truck t3 l3-2 l3-3 c3)
40.533: (drive-truck t1 l1-1 l1-3 c1)
40.534: (drive-truck t3 l3-2 l3-3 c3)
40.535: (drive-truck t1 l1-1 l1-3 c1)
40.538: (drive-truck t1 l1-1 l1-2 c1)
40.539: (drive-truck t3 l3-3 l3-2 c3)
40.539: (drive-truck t4 l4-1 l4-3 c4)
40.540: (fly-airplane a0 l0-0 l1-0)
40.540: (drive-truck t1 l1-3 l1-2 c1)
40.540: (fly-airplane a0 l0-0 l4-0)
40.533: (fly-airplane a1 l1-0 l0-0)
40.540: (drive-truck t3 l3-3 l3-2 c3)
40.540: (drive-truck t3 l3-3 l3-2 c3)
40.540: (fly-airplane a2 l4-0 l1-0)
40.540: (fly-airplane a1 l1-0 l4-0)
40.532: (fly-airplane a1 l1-0 l0-0)
40.532: (drive-truck t3 l3-3 l3-2 c3)
40.533: (fly-airplane a2 l4-0 l0-0)
40.534: (drive-truck t1 l1-3 l1-1 c1)
40.538: (drive-truck t1 l1-3 l1-2 c1)
40.533: (drive-truck t3 l3-3 l3-2 c3)
40.533: (drive-truck t3 l3-3 l3-2 c3)
40.533: (drive-truck t3 l3-3 l3-2 c3)
40.534: (drive-truck t1 l1-3 l1-1 c1)
40.534: (drive-truck t1 l1-3 l1-1 c1)
40.533: (drive-truck t3 l3-3 l3-2 c3)
40.534: (drive-truck t1 l1-3 l1-1 c1)
40.535: (drive-truck t1 l1-3 l1-1 c1)
40.538: (drive-truck t1 l1-1 l1-2 c1)
40.538: (drive-truck t1 l1-3 l1-2 c1)
40.535: (drive-truck t3 l3-2 l3-3 c3)
40.538: (drive-truck t1 l1-1 l1-2 c1)
40.542: (fly-airplane a2 l0-0 l4-0)
40.542: (fly-airplane a2 l0-0 l1-0)
40.543: (fly-airplane a1 l0-0 l4-0)
40.534: (fly-airplane a0 l4-0 l0-0)
40.534: (fly-airplane a0 l1-0 l0-0)
40.538: (drive-truck t3 l3-2 l3-3 c3)
40.538: (drive-truck t1 l1-1 l1-2 c1)
40.540: (drive-truck t1 l1-1 l1-3 c1)
40.534: (drive-truck t1 l1-1 l1-3 c1)
40.535: (fly-airplane a0 l4-0 l0-0)
40.536: (drive-truck t3 l3-2 l3-3 c3)
40.540: (fly-airplane a0 l4-0 l1-0)
40.540: (drive-truck t1 l1-1 l1-2 c1)
40.534: (drive-truck t1 l1-1 l1-3 c1)
40.535: (drive-truck t3 l3-2 l3-3 c3)
40.540: (drive-truck t3 l3-2 l3-3 c3)
40.540: (drive-truck t3 l3-2 l3-3 c3)
40.540: (drive-truck t1 l1-1 l1-2 c1)
40.540: (fly-airplane a0 l1-0 l4-0)
40.541: (drive-truck t4 l4-1 l4-3 c4)
40.541: (fly-airplane a0 l0-0 l4-0)
40.543: (drive-truck t1 l1-3 l1-1 c1)
40.546: (fly-airplane a0 l0-0 l4-0)
40.540: (drive-truck t3 l3-3 l3-2 c3)
40.540: (drive-truck t1 l1-2 l1-1 c1)
40.542: (fly-airplane a0 l1-0 l4-0)
40.542: (drive-truck t1 l1-3 l1-1 c1)
40.542: (fly-airplane a2 l1-0 l4-0)
40.542: (fly-airplane a1 l4-0 l1-0)
40.543: (fly-airplane a1 l4-0 l1-0)
40.546: (drive-truck t1 l1-1 l1-2 c1)
40.547: (drive-truck t1 l1-3 l1-1 c1)
40.547: (drive-truck t1 l1-3 l1-2 c1)
40.542: (fly-airplane a0 l1-0 l4-0)
40.542: (drive-truck t3 l3-3 l3-2 c3)
40.543: (fly-airplane a2 l1-0 l4-0)
40.545: (drive-truck t3 l3-2 l3-3 c3)
40.546: (fly-airplane a2 l4-0 l1-0)
40.541: (drive-truck t1 l1-1 l1-3 c1)
40.546: (drive-truck t3 l3-3 l3-2 c3)
40.546: (drive-truck t1 l1-1 l1-2 c1)
40.546: (drive-truck t1 l1-1 l1-2 c1)
40.546: (drive-truck t1 l1-1 l1-2 c1)
40.538: (fly-airplane a1 l1-0 l0-0)
40.541: (fly-airplane a1 l1-0 l4-0)
40.546: (fly-airplane a2 l4-0 l1-0)
40.546: (fly-airplane a2 l1-0 l4-0)
40.546: (fly-airplane a0 l1-0 l4-0)
40.544: (drive-truck t4 l4-1 l4-3 c4)
40.546: (fly-airplane a2 l4-0 l1-0)
40.547: (drive-truck t3 l3-3 l3-2 c3)
40.547: (drive-truck t4 l4-1 l4-3 c4)
40.553: (drive-truck t4 l4-1 l4-3 c4)
40.539: (drive-truck t1 l1-2 l1-3 c1)
40.539: (fly-airplane a2 l4-0 l0-0)
40.539: (fly-airplane a1 l4-0 l0-0)
40.540: (drive-truck t1 l1-2 l1-3 c1)
40.544: (drive-truck t1 l1-2 l1-1 c1)
40.539: (drive-truck t3 l3-2 l3-3 c3)
40.539: (drive-truck t3 l3-2 l3-3 c3)
40.544: (drive-truck t3 l3-2 l3-3 c3)
40.544: (drive-truck t1 l1-3 l1-2 c1)
40.545: (drive-truck t1 l1-3 l1-1 c1)
40.544: (drive-truck t3 l3-2 l3-3 c3)
40.544: (drive-truck t1 l1-1 l1-2 c1)
40.544: (drive-truck t1 l1-3 l1-2 c1)
40.544: (drive-truck t1 l1-3 l1-2 c1)
40.545: (drive-truck t1 l1-3 l1-1 c1)
40.553: (fly-airplane a2 l0-0 l4-0)
40.553: (fly-airplane a2 l0-0 l1-0)
40.553: (fly-airplane a1 l0-0 l1-0)
40.553: (fly-airplane a1 l0-0 l4-0)
40.554: (fly-airplane a2 l0-0 l1-0)
40.535: (drive-truck t5 l5-2 l5-3 c5)
40.546: (fly-airplane a0 l1-0 l0-0)
40.547: (drive-truck t4 l4-3 l4-1 c4)
40.547: (drive-truck t1 l1-2 l1-3 c1)
40.547: (drive-truck t1 l1-1 l1-3 c1)
40.535: (fly-airplane a1 l4-0 l1-0)
40.540: (drive-truck t1 l1-2 l1-3 c1)
40.546: (drive-truck t1 l1-2 l1-1 c1)
40.546: (drive-truck t3 l3-3 l3-2 c3)
40.547: (fly-airplane a0 l1-0 l4-0)
40.539: (fly-airplane a1 l4-0 l0-0)
40.541: (drive-truck t3 l3-3 l3-2 c3)
40.541: (drive-truck t1 l1-2 l1-3 c1)
40.546: (drive-truck t3 l3-3 l3-2 c3)
40.547: (fly-airplane a1 l4-0 l1-0)
40.539: (drive-truck t3 l3-3 l3-2 c3)
40.539: (fly-airplane a1 l4-0 l0-0)
40.544: (drive-truck t1 l1-3 l1-1 c1)
40.544: (drive-truck t1 l1-3 l1-2 c1)
40.547: (drive-truck t3 l3-3 l3-2 c3)
40.544: (drive-truck t1 l1-3 l1-1 c1)
40.545: (drive-truck t1 l1-3 l1-2 c1)
40.545: (drive-truck t3 l3-3 l3-2 c3)
40.545: (drive-truck t3 l3-3 l3-2 c3)
40.553: (fly-airplane a1 l0-0 l4-0)
40.553: (fly-airplane a1 l0-0 l4-0)
40.553: (fly-airplane a1 l0-0 l1-0)
40.553: (fly-airplane a1 l0-0 l4-0)
40.553: (drive-truck t1 l1-1 l1-2 c1)
40.553: (drive-truck t3 l3-3 l3-2 c3)
40.547: (drive-truck t4 l4-3 l4-1 c4)
40.553: (fly-airplane a0 l4-0 l1-0)
40.553: (fly-airplane a2 l1-0 l4-0)
40.617: (fly-airplane a1 l1-0 l5-0)
40.617: (fly-airplane a1 l4-0 l5-0)
40.547: (drive-truck t1 l1-2 l1-3 c1)
40.553: (fly-airplane a2 l1-0 l4-0)
40.553: (drive-truck t3 l3-2 l3-3 c3)
40.554: (fly-airplane a0 l4-0 l1-0)
40.592: (drive-truck t5 l5-2 l5-3 c5)
40.545: (fly-airplane a2 l4-0 l0-0)
40.547: (drive-truck t1 l1-2 l1-3 c1)
40.548: (drive-truck t1 l1-2 l1-3 c1)
40.553: (drive-truck t1 l1-2 l1-1 c1)
40.553: (drive-truck t1 l1-2 l1-1 c1)
40.545: (fly-airplane a2 l4-0 l0-0)
40.545: (drive-truck t1 l1-2 l1-1 c1)
40.547: (drive-truck t3 l3-2 l3-3 c3)
40.548: (fly-airplane a0 l4-0 l1-0)
40.551: (fly-airplane a0 l4-0 l1-0)
40.547: (fly-airplane a1 l1-0 l4-0)
40.612: (fly-airplane a1 l1-0 l5-0)
40.615: (fly-airplane a0 l1-0 l5-0)
40.618: (fly-airplane a2 l0-0 l5-0)
40.618: (fly-airplane a1 l1-0 l5-0)
40.587: (drive-truck t5 l5-2 l5-3 c5)
40.591: (drive-truck t5 l5-2 l5-3 c5)
40.598: (drive-truck t0 l0-2 l0-0 c0)
40.601: (drive-truck t0 l0-2 l0-0 c0)
40.601: (drive-truck t5 l5-2 l5-3 c5)
40.569: (drive-truck t0 l0-2 l0-0 c0)
40.569: (drive-truck t5 l5-2 l5-3 c5)
40.571: (drive-truck t5 l5-2 l5-3 c5)
40.572: (drive-truck t0 l0-2 l0-0 c0)
40.580: (drive-truck t4 l4-3 l4-1 c4)
40.562: (drive-truck t0 l0-2 l0-0 c0)
40.563: (drive-truck t4 l4-3 l4-1 c4)
40.565: (drive-truck t4 l4-3 l4-1 c4)
40.569: (drive-truck t3 l3-3 l3-2 c3)
40.572: (drive-truck t3 l3-3 l3-2 c3)
40.563: (drive-truck t4 l4-3 l4-1 c4)
40.563: (drive-truck t3 l3-3 l3-2 c3)
40.565: (drive-truck t4 l4-3 l4-1 c4)
40.565: (drive-truck t3 l3-3 l3-2 c3)
40.569: (drive-truck t1 l1-3 l1-2 c1)
40.569: (drive-truck t1 l1-3 l1-2 c1)
40.569: (drive-truck t3 l3-3 l3-2 c3)
40.570: (drive-truck t1 l1-3 l1-2 c1)
40.573: (drive-truck t1 l1-2 l1-1 c1)
40.574: (drive-truck t1 l1-3 l1-1 c1)
40.570: (drive-truck t3 l3-2 l3-3 c3)
40.575: (drive-truck t1 l1-2 l1-1 c1)
40.575: (drive-truck t4 l4-1 l4-3 c4)
40.578: (drive-truck t4 l4-1 l4-3 c4)
40.583: (drive-truck t4 l4-1 l4-3 c4)
40.575: (drive-truck t3 l3-2 l3-3 c3)
40.575: (drive-truck t1 l1-2 l1-1 c1)
40.575: (drive-truck t3 l3-2 l3-3 c3)
40.578: (drive-truck t4 l4-1 l4-3 c4)
40.579: (drive-truck t3 l3-2 l3-3 c3)
40.584: (drive-truck t1 l1-2 l1-1 c1)
40.590: (drive-truck t0 l0-0 l0-2 c0)
40.592: (drive-truck t0 l0-0 l0-2 c0)
40.592: (drive-truck t0 l0-0 l0-2 c0)
40.595: (drive-truck t5 l5-3 l5-2 c5)
Failed to find a solution!
