/u/ibrahim.eisawy/Neural-Guided-Search/venv/lib/python3.10/site-packages/pymimir_rgnn/model.py:162: UserWarning: index_reduce() is in beta and the API may change at any time. (Triggered internally at /pytorch/aten/src/ATen/native/cuda/Indexing.cu:1541.)
  exps_max.index_reduce_(0, output_indices, output_messages, reduce="amax", include_self=False)
Torch: 2.12.0+cu130
Loading model... (models/rovers_dqn.pth)
Using GPU:  NVIDIA L40S
heuristic_weight = 12.0
Starting Q* search...
[f=927.863] Expanded: 2, Generated: 1
[f=928.190] Expanded: 3, Generated: 2
[f=928.209] Expanded: 4, Generated: 3
[f=928.310] Expanded: 5, Generated: 4
[f=928.346] Expanded: 6, Generated: 5
[f=928.354] Expanded: 7, Generated: 6
[f=931.267] Expanded: 8, Generated: 7
[f=931.843] Expanded: 9, Generated: 8
[f=933.931] Expanded: 10, Generated: 9
[f=928.940] Expanded: 12, Generated: 11
[f=929.145] Expanded: 13, Generated: 12
[f=929.207] Expanded: 14, Generated: 13
[f=929.396] Expanded: 15, Generated: 14
[f=929.408] Expanded: 16, Generated: 15
[f=931.411] Expanded: 17, Generated: 16
[f=932.422] Expanded: 18, Generated: 17
[f=932.679] Expanded: 19, Generated: 18
[f=933.228] Expanded: 20, Generated: 19
[f=934.788] Expanded: 21, Generated: 20
[f=934.800] Expanded: 22, Generated: 21
[f=934.073] Expanded: 24, Generated: 23
[f=934.305] Expanded: 26, Generated: 25
[f=934.577] Expanded: 27, Generated: 26
[f=934.634] Expanded: 28, Generated: 27
[f=934.691] Expanded: 29, Generated: 28
[f=935.016] Expanded: 30, Generated: 29
[f=935.040] Expanded: 31, Generated: 30
[f=933.891] Expanded: 33, Generated: 32
[f=934.040] Expanded: 35, Generated: 34
[f=934.409] Expanded: 36, Generated: 35
[f=934.471] Expanded: 37, Generated: 36
[f=935.297] Expanded: 37, Generated: 37
[f=935.390] Expanded: 38, Generated: 38
[f=935.411] Expanded: 39, Generated: 39
[f=935.426] Expanded: 40, Generated: 40
[f=935.448] Expanded: 41, Generated: 41
[f=935.500] Expanded: 42, Generated: 42
[f=930.570] Expanded: 44, Generated: 44
[f=930.832] Expanded: 46, Generated: 46
[f=931.015] Expanded: 47, Generated: 47
[f=931.052] Expanded: 48, Generated: 48
[f=931.060] Expanded: 49, Generated: 49
[f=933.891] Expanded: 50, Generated: 50
[f=934.418] Expanded: 51, Generated: 51
[f=932.737] Expanded: 53, Generated: 53
[f=930.081] Expanded: 55, Generated: 55
[f=930.367] Expanded: 57, Generated: 57
[f=930.562] Expanded: 58, Generated: 58
[f=930.570] Expanded: 59, Generated: 59
[f=930.573] Expanded: 60, Generated: 60
[f=933.425] Expanded: 61, Generated: 61
[f=934.417] Expanded: 62, Generated: 62
[f=934.733] Expanded: 63, Generated: 63
[f=934.855] Expanded: 64, Generated: 64
[f=934.912] Expanded: 65, Generated: 65
[f=934.912] Expanded: 66, Generated: 66
[f=934.605] Expanded: 67, Generated: 68
[f=935.235] Expanded: 67, Generated: 69
[f=934.458] Expanded: 68, Generated: 71
[f=935.076] Expanded: 68, Generated: 72
[f=935.480] Expanded: 69, Generated: 73
[f=935.723] Expanded: 70, Generated: 74
[f=935.527] Expanded: 71, Generated: 76
[f=935.784] Expanded: 72, Generated: 77
[f=935.804] Expanded: 73, Generated: 78
[f=935.851] Expanded: 74, Generated: 79
[f=935.943] Expanded: 75, Generated: 80
[f=932.997] Expanded: 77, Generated: 82
[f=934.374] Expanded: 78, Generated: 83
[f=934.613] Expanded: 79, Generated: 84
[f=934.754] Expanded: 80, Generated: 85
[f=934.773] Expanded: 81, Generated: 86
[f=934.554] Expanded: 83, Generated: 88
[f=934.825] Expanded: 84, Generated: 89
[f=935.517] Expanded: 85, Generated: 90
[f=935.963] Expanded: 85, Generated: 91
[f=935.963] Expanded: 86, Generated: 92
[f=936.040] Expanded: 86, Generated: 93
[f=936.050] Expanded: 87, Generated: 94
[f=936.122] Expanded: 87, Generated: 95
[f=935.624] Expanded: 89, Generated: 97
[f=935.911] Expanded: 90, Generated: 98
[f=936.034] Expanded: 91, Generated: 99
[f=936.104] Expanded: 92, Generated: 100
[f=936.159] Expanded: 92, Generated: 101
[f=935.218] Expanded: 94, Generated: 103
[f=935.502] Expanded: 95, Generated: 104
[f=935.577] Expanded: 96, Generated: 105
[f=935.748] Expanded: 97, Generated: 106
[f=936.204] Expanded: 98, Generated: 107
[f=936.354] Expanded: 99, Generated: 108
[f=931.067] Expanded: 101, Generated: 110
[f=931.271] Expanded: 102, Generated: 111
[f=931.334] Expanded: 103, Generated: 112
[f=931.533] Expanded: 104, Generated: 113
[f=931.566] Expanded: 105, Generated: 114
[f=933.426] Expanded: 106, Generated: 115
[f=934.446] Expanded: 107, Generated: 116
[f=934.620] Expanded: 108, Generated: 117
[f=923.113] Expanded: 110, Generated: 119
[f=923.345] Expanded: 112, Generated: 121
[f=923.572] Expanded: 113, Generated: 122
[f=923.611] Expanded: 114, Generated: 123
[f=923.680] Expanded: 115, Generated: 124
[f=923.681] Expanded: 116, Generated: 125
[f=925.219] Expanded: 117, Generated: 126
[f=925.406] Expanded: 118, Generated: 127
[f=925.878] Expanded: 119, Generated: 128
[f=926.334] Expanded: 121, Generated: 130
[f=926.927] Expanded: 122, Generated: 131
[f=928.159] Expanded: 123, Generated: 132
[f=928.961] Expanded: 124, Generated: 133
[f=927.275] Expanded: 126, Generated: 135
[f=929.470] Expanded: 127, Generated: 136
[f=924.619] Expanded: 129, Generated: 138
[f=924.908] Expanded: 130, Generated: 139
[f=924.971] Expanded: 131, Generated: 140
[f=924.990] Expanded: 132, Generated: 141
[f=925.093] Expanded: 133, Generated: 142
[f=925.202] Expanded: 134, Generated: 143
[f=926.533] Expanded: 135, Generated: 144
[f=926.797] Expanded: 136, Generated: 145
[f=926.966] Expanded: 137, Generated: 146
[f=927.099] Expanded: 138, Generated: 147
[f=927.865] Expanded: 139, Generated: 148
[f=927.470] Expanded: 141, Generated: 150
[f=927.010] Expanded: 143, Generated: 152
[f=929.500] Expanded: 144, Generated: 153
[f=930.200] Expanded: 145, Generated: 154
[f=930.415] Expanded: 146, Generated: 155
[f=930.509] Expanded: 147, Generated: 156
[f=931.046] Expanded: 147, Generated: 157
[f=931.169] Expanded: 147, Generated: 158
[f=926.654] Expanded: 149, Generated: 160
[f=928.895] Expanded: 150, Generated: 161
[f=929.096] Expanded: 151, Generated: 162
[f=929.295] Expanded: 152, Generated: 163
[f=929.397] Expanded: 153, Generated: 164
[f=929.460] Expanded: 154, Generated: 165
[f=929.474] Expanded: 155, Generated: 166
[f=928.424] Expanded: 156, Generated: 168
[f=929.794] Expanded: 157, Generated: 169
[f=928.163] Expanded: 158, Generated: 171
[f=929.640] Expanded: 159, Generated: 172
[f=928.974] Expanded: 160, Generated: 174
[f=929.709] Expanded: 161, Generated: 176
[f=930.157] Expanded: 162, Generated: 177
[f=930.803] Expanded: 163, Generated: 178
[f=931.064] Expanded: 163, Generated: 179
[f=931.092] Expanded: 164, Generated: 180
[f=931.192] Expanded: 165, Generated: 181
[f=931.278] Expanded: 166, Generated: 182
[f=931.311] Expanded: 167, Generated: 183
[f=931.338] Expanded: 167, Generated: 184
[f=931.546] Expanded: 168, Generated: 185
[f=931.589] Expanded: 169, Generated: 186
[f=931.698] Expanded: 170, Generated: 187
[f=931.800] Expanded: 171, Generated: 188
[f=931.832] Expanded: 171, Generated: 189
[f=931.837] Expanded: 172, Generated: 190
[f=931.884] Expanded: 173, Generated: 191
[f=931.915] Expanded: 174, Generated: 192
[f=932.013] Expanded: 175, Generated: 193
[f=932.104] Expanded: 176, Generated: 194
[f=932.112] Expanded: 177, Generated: 195
[f=931.981] Expanded: 179, Generated: 197
[f=932.270] Expanded: 179, Generated: 198
[f=932.365] Expanded: 180, Generated: 199
[f=932.383] Expanded: 181, Generated: 200
[f=932.399] Expanded: 182, Generated: 201
[f=932.440] Expanded: 183, Generated: 202
[f=932.528] Expanded: 184, Generated: 203
[f=932.550] Expanded: 185, Generated: 204
[f=932.561] Expanded: 185, Generated: 205
[f=925.055] Expanded: 187, Generated: 207
[f=925.103] Expanded: 188, Generated: 208
[f=924.809] Expanded: 190, Generated: 210
[f=925.215] Expanded: 191, Generated: 211
[f=925.264] Expanded: 192, Generated: 212
[f=925.291] Expanded: 193, Generated: 213
[f=922.567] Expanded: 196, Generated: 216
[f=924.410] Expanded: 197, Generated: 217
[f=925.682] Expanded: 198, Generated: 218
[f=926.170] Expanded: 199, Generated: 219
[f=924.771] Expanded: 201, Generated: 221
[f=926.220] Expanded: 202, Generated: 222
[f=926.287] Expanded: 203, Generated: 223
[f=926.300] Expanded: 204, Generated: 224
[f=926.444] Expanded: 205, Generated: 225
[f=926.670] Expanded: 206, Generated: 226
[f=927.755] Expanded: 207, Generated: 227
[f=927.890] Expanded: 208, Generated: 228
[f=928.150] Expanded: 208, Generated: 229
[f=928.501] Expanded: 209, Generated: 230
[f=928.789] Expanded: 210, Generated: 231
[f=928.794] Expanded: 211, Generated: 232
[f=928.874] Expanded: 212, Generated: 233
[f=929.485] Expanded: 213, Generated: 234
[f=929.985] Expanded: 213, Generated: 235
[f=930.176] Expanded: 214, Generated: 236
[f=930.339] Expanded: 214, Generated: 237
[f=930.434] Expanded: 214, Generated: 238
[f=924.545] Expanded: 216, Generated: 240
[f=924.810] Expanded: 217, Generated: 241
[f=925.868] Expanded: 218, Generated: 242
[f=926.192] Expanded: 219, Generated: 243
[f=930.573] Expanded: 220, Generated: 244
[f=924.522] Expanded: 222, Generated: 246
[f=925.063] Expanded: 224, Generated: 248
[f=926.071] Expanded: 224, Generated: 249
[f=926.126] Expanded: 225, Generated: 250
[f=926.143] Expanded: 226, Generated: 251
[f=926.209] Expanded: 227, Generated: 252
[f=926.238] Expanded: 228, Generated: 253
[f=926.256] Expanded: 228, Generated: 254
[f=926.260] Expanded: 229, Generated: 255
[f=926.261] Expanded: 230, Generated: 256
[f=926.293] Expanded: 231, Generated: 257
[f=926.404] Expanded: 232, Generated: 258
[f=926.405] Expanded: 233, Generated: 259
[f=926.506] Expanded: 234, Generated: 260
[f=926.961] Expanded: 234, Generated: 261
[f=927.592] Expanded: 235, Generated: 262
[f=927.940] Expanded: 236, Generated: 263
[f=928.126] Expanded: 237, Generated: 264
[f=928.502] Expanded: 237, Generated: 265
[f=928.600] Expanded: 238, Generated: 266
[f=928.816] Expanded: 238, Generated: 267
[f=928.747] Expanded: 239, Generated: 269
[f=929.263] Expanded: 239, Generated: 270
[f=929.465] Expanded: 240, Generated: 271
[f=929.660] Expanded: 241, Generated: 272
[f=929.729] Expanded: 242, Generated: 273
[f=929.792] Expanded: 243, Generated: 274
[f=930.312] Expanded: 244, Generated: 275
[f=930.639] Expanded: 244, Generated: 276
[f=929.337] Expanded: 246, Generated: 278
[f=930.898] Expanded: 246, Generated: 279
[f=930.296] Expanded: 248, Generated: 281
[f=929.821] Expanded: 250, Generated: 283
[f=931.627] Expanded: 251, Generated: 284
[f=930.535] Expanded: 253, Generated: 286
[f=928.103] Expanded: 255, Generated: 288
[f=929.596] Expanded: 256, Generated: 289
[f=930.253] Expanded: 257, Generated: 290
[f=931.257] Expanded: 258, Generated: 291
[f=931.347] Expanded: 259, Generated: 292
[f=931.648] Expanded: 260, Generated: 293
[f=932.037] Expanded: 260, Generated: 294
[f=930.226] Expanded: 262, Generated: 296
[f=931.286] Expanded: 263, Generated: 297
[f=931.514] Expanded: 264, Generated: 298
[f=930.005] Expanded: 266, Generated: 300
[f=931.177] Expanded: 267, Generated: 301
[f=931.248] Expanded: 268, Generated: 302
[f=931.665] Expanded: 269, Generated: 303
[f=932.299] Expanded: 269, Generated: 304
[f=932.310] Expanded: 269, Generated: 305
[f=928.632] Expanded: 271, Generated: 307
[f=930.767] Expanded: 272, Generated: 308
[f=931.800] Expanded: 273, Generated: 309
[f=932.349] Expanded: 274, Generated: 310
[f=932.423] Expanded: 275, Generated: 311
[f=932.438] Expanded: 275, Generated: 312
[f=932.461] Expanded: 276, Generated: 313
[f=932.558] Expanded: 276, Generated: 314
[f=932.600] Expanded: 277, Generated: 315
[f=932.605] Expanded: 278, Generated: 316
[f=932.617] Expanded: 278, Generated: 317
[f=932.664] Expanded: 279, Generated: 318
[f=932.664] Expanded: 279, Generated: 319
[f=929.730] Expanded: 281, Generated: 321
[f=930.933] Expanded: 282, Generated: 322
[f=931.038] Expanded: 283, Generated: 323
[f=931.169] Expanded: 284, Generated: 324
[f=931.276] Expanded: 285, Generated: 325
[f=931.281] Expanded: 286, Generated: 326
[f=931.300] Expanded: 286, Generated: 327
[f=931.341] Expanded: 287, Generated: 328
[f=931.347] Expanded: 288, Generated: 329
[f=931.385] Expanded: 289, Generated: 330
[f=931.460] Expanded: 290, Generated: 331
[f=931.584] Expanded: 290, Generated: 332
[f=931.659] Expanded: 291, Generated: 333
[f=931.769] Expanded: 292, Generated: 334
[f=931.876] Expanded: 293, Generated: 335
[f=931.911] Expanded: 293, Generated: 336
[f=932.354] Expanded: 293, Generated: 337
[f=932.614] Expanded: 294, Generated: 338
[f=932.644] Expanded: 295, Generated: 339
[f=929.339] Expanded: 296, Generated: 341
[f=932.490] Expanded: 297, Generated: 342
[f=930.255] Expanded: 298, Generated: 344
[f=932.730] Expanded: 299, Generated: 345
[f=931.855] Expanded: 300, Generated: 347
[f=932.739] Expanded: 300, Generated: 348
[f=924.361] Expanded: 302, Generated: 350
[f=922.578] Expanded: 304, Generated: 352
[f=923.779] Expanded: 305, Generated: 353
[f=921.762] Expanded: 307, Generated: 355
[f=922.423] Expanded: 308, Generated: 356
[f=923.602] Expanded: 309, Generated: 357
[f=924.044] Expanded: 311, Generated: 359
[f=925.041] Expanded: 312, Generated: 360
[f=925.231] Expanded: 313, Generated: 361
[f=925.539] Expanded: 314, Generated: 362
[f=925.590] Expanded: 315, Generated: 363
[f=925.608] Expanded: 316, Generated: 364
[f=925.650] Expanded: 317, Generated: 365
[f=925.703] Expanded: 319, Generated: 367
[f=926.049] Expanded: 319, Generated: 368
[f=926.323] Expanded: 320, Generated: 369
[f=926.370] Expanded: 321, Generated: 370
[f=926.538] Expanded: 321, Generated: 371
[f=926.901] Expanded: 322, Generated: 372
[f=926.962] Expanded: 323, Generated: 373
[f=927.018] Expanded: 323, Generated: 374
[f=927.058] Expanded: 324, Generated: 375
[f=927.100] Expanded: 324, Generated: 376
[f=927.169] Expanded: 324, Generated: 377
[f=927.178] Expanded: 325, Generated: 378
[f=927.540] Expanded: 326, Generated: 379
[f=927.559] Expanded: 326, Generated: 380
[f=928.007] Expanded: 327, Generated: 381
[f=928.741] Expanded: 328, Generated: 382
[f=928.856] Expanded: 329, Generated: 383
[f=929.505] Expanded: 330, Generated: 384
[f=929.538] Expanded: 331, Generated: 385
[f=925.139] Expanded: 333, Generated: 387
[f=925.342] Expanded: 334, Generated: 388
[f=926.027] Expanded: 335, Generated: 389
[f=926.332] Expanded: 336, Generated: 390
[f=926.499] Expanded: 337, Generated: 391
[f=927.381] Expanded: 338, Generated: 392
[f=927.773] Expanded: 339, Generated: 393
[f=928.892] Expanded: 339, Generated: 394
[f=929.319] Expanded: 340, Generated: 395
[f=929.637] Expanded: 341, Generated: 396
[f=925.036] Expanded: 343, Generated: 398
[f=925.908] Expanded: 344, Generated: 399
[f=927.971] Expanded: 345, Generated: 400
[f=930.713] Expanded: 346, Generated: 401
[f=930.865] Expanded: 347, Generated: 402
[f=930.922] Expanded: 347, Generated: 403
[f=928.090] Expanded: 349, Generated: 405
[f=929.272] Expanded: 350, Generated: 406
[f=931.028] Expanded: 350, Generated: 407
[f=931.119] Expanded: 351, Generated: 408
[f=931.127] Expanded: 352, Generated: 409
[f=927.198] Expanded: 354, Generated: 411
[f=928.686] Expanded: 355, Generated: 412
[f=929.392] Expanded: 356, Generated: 413
[f=929.641] Expanded: 357, Generated: 414
[f=930.342] Expanded: 358, Generated: 415
[f=930.689] Expanded: 359, Generated: 416
[f=930.975] Expanded: 360, Generated: 417
[f=931.206] Expanded: 360, Generated: 418
[f=931.353] Expanded: 361, Generated: 419
[f=927.453] Expanded: 363, Generated: 421
[f=929.642] Expanded: 364, Generated: 422
[f=929.877] Expanded: 365, Generated: 423
[f=930.622] Expanded: 366, Generated: 424
[f=931.447] Expanded: 367, Generated: 425
[f=931.521] Expanded: 368, Generated: 426
[f=926.788] Expanded: 369, Generated: 428
[f=927.054] Expanded: 369, Generated: 429
[f=927.117] Expanded: 370, Generated: 430
[f=927.166] Expanded: 371, Generated: 431
[f=927.228] Expanded: 372, Generated: 432
[f=927.333] Expanded: 373, Generated: 433
[f=928.005] Expanded: 374, Generated: 434
[f=928.291] Expanded: 375, Generated: 435
[f=928.929] Expanded: 376, Generated: 436
[f=929.168] Expanded: 377, Generated: 437
[f=929.358] Expanded: 377, Generated: 438
[f=929.718] Expanded: 377, Generated: 439
[f=929.774] Expanded: 377, Generated: 440
[f=929.801] Expanded: 378, Generated: 441
[f=929.829] Expanded: 379, Generated: 442
[f=929.896] Expanded: 379, Generated: 443
[f=929.920] Expanded: 380, Generated: 444
[f=930.006] Expanded: 381, Generated: 445
[f=929.155] Expanded: 383, Generated: 447
[f=930.123] Expanded: 384, Generated: 448
[f=930.553] Expanded: 385, Generated: 449
[f=930.685] Expanded: 385, Generated: 450
[f=931.554] Expanded: 385, Generated: 451
[f=931.556] Expanded: 386, Generated: 452
[f=931.558] Expanded: 387, Generated: 453
[f=931.651] Expanded: 388, Generated: 454
[f=931.697] Expanded: 389, Generated: 455
[f=928.930] Expanded: 390, Generated: 457
[f=931.116] Expanded: 391, Generated: 458
[f=931.727] Expanded: 392, Generated: 459
[f=931.763] Expanded: 393, Generated: 460
[f=931.990] Expanded: 394, Generated: 461
[f=932.006] Expanded: 395, Generated: 462
[f=932.028] Expanded: 395, Generated: 463
[f=932.083] Expanded: 396, Generated: 464
[f=932.099] Expanded: 397, Generated: 465
[f=932.107] Expanded: 397, Generated: 466
[f=932.237] Expanded: 398, Generated: 467
[f=932.239] Expanded: 399, Generated: 468
[f=932.364] Expanded: 399, Generated: 469
[f=932.393] Expanded: 399, Generated: 470
[f=932.394] Expanded: 400, Generated: 471
[f=932.490] Expanded: 400, Generated: 472
[f=932.549] Expanded: 400, Generated: 473
[f=930.353] Expanded: 402, Generated: 475
[f=931.676] Expanded: 403, Generated: 476
[f=931.951] Expanded: 404, Generated: 477
[f=932.748] Expanded: 405, Generated: 478
[f=932.760] Expanded: 405, Generated: 479
[f=930.385] Expanded: 407, Generated: 481
[f=931.681] Expanded: 408, Generated: 482
[f=931.936] Expanded: 409, Generated: 483
[f=932.045] Expanded: 410, Generated: 484
[f=932.777] Expanded: 411, Generated: 485
[f=928.239] Expanded: 413, Generated: 487
[f=930.895] Expanded: 414, Generated: 488
[f=931.132] Expanded: 415, Generated: 489
[f=931.171] Expanded: 416, Generated: 490
[f=931.285] Expanded: 417, Generated: 491
[f=931.335] Expanded: 418, Generated: 492
[f=931.373] Expanded: 419, Generated: 493
[f=931.402] Expanded: 420, Generated: 494
[f=931.522] Expanded: 421, Generated: 495
[f=929.830] Expanded: 422, Generated: 497
[f=931.327] Expanded: 423, Generated: 498
[f=931.711] Expanded: 424, Generated: 499
[f=931.773] Expanded: 425, Generated: 500
[f=931.839] Expanded: 426, Generated: 501
[f=931.861] Expanded: 426, Generated: 502
[f=932.037] Expanded: 426, Generated: 503
[f=932.014] Expanded: 428, Generated: 505
[f=932.198] Expanded: 428, Generated: 506
[f=932.285] Expanded: 428, Generated: 507
[f=932.305] Expanded: 429, Generated: 508
[f=932.382] Expanded: 430, Generated: 509
[f=932.385] Expanded: 431, Generated: 510
[f=932.454] Expanded: 432, Generated: 511
[f=932.481] Expanded: 432, Generated: 512
[f=930.045] Expanded: 433, Generated: 514
[f=932.795] Expanded: 433, Generated: 515
[f=932.862] Expanded: 433, Generated: 516
[f=925.426] Expanded: 435, Generated: 518
[f=925.710] Expanded: 436, Generated: 519
[f=925.769] Expanded: 437, Generated: 520
[f=925.776] Expanded: 438, Generated: 521
[f=925.811] Expanded: 439, Generated: 522
[f=925.906] Expanded: 440, Generated: 523
[f=926.011] Expanded: 441, Generated: 524
[f=927.340] Expanded: 442, Generated: 525
[f=927.670] Expanded: 443, Generated: 526
[f=927.852] Expanded: 444, Generated: 527
[f=928.605] Expanded: 445, Generated: 528
[f=927.829] Expanded: 447, Generated: 530
[f=928.244] Expanded: 449, Generated: 532
[f=930.267] Expanded: 450, Generated: 533
[f=930.858] Expanded: 451, Generated: 534
[f=931.576] Expanded: 452, Generated: 535
[f=932.128] Expanded: 452, Generated: 536
[f=932.160] Expanded: 453, Generated: 537
[f=932.368] Expanded: 454, Generated: 538
[f=932.463] Expanded: 455, Generated: 539
[f=932.829] Expanded: 456, Generated: 540
[f=932.891] Expanded: 456, Generated: 541
[f=932.909] Expanded: 457, Generated: 542
[f=932.914] Expanded: 458, Generated: 543
[f=924.156] Expanded: 460, Generated: 545
[f=924.775] Expanded: 461, Generated: 546
[f=925.986] Expanded: 462, Generated: 547
[f=926.192] Expanded: 464, Generated: 549
[f=927.412] Expanded: 465, Generated: 550
[f=927.849] Expanded: 466, Generated: 551
[f=929.170] Expanded: 466, Generated: 552
[f=929.216] Expanded: 467, Generated: 553
[f=929.417] Expanded: 468, Generated: 554
[f=931.479] Expanded: 469, Generated: 555
[f=932.146] Expanded: 469, Generated: 556
[f=932.942] Expanded: 470, Generated: 557
[f=932.954] Expanded: 471, Generated: 558
[f=932.964] Expanded: 471, Generated: 559
[f=932.966] Expanded: 472, Generated: 560
[f=932.968] Expanded: 473, Generated: 561
[f=932.973] Expanded: 474, Generated: 562
[f=932.993] Expanded: 475, Generated: 563
[f=933.003] Expanded: 476, Generated: 564
[f=933.019] Expanded: 477, Generated: 565
[f=933.037] Expanded: 477, Generated: 566
[f=931.855] Expanded: 479, Generated: 568
[f=933.058] Expanded: 479, Generated: 569
[f=924.714] Expanded: 481, Generated: 571
[f=925.945] Expanded: 482, Generated: 572
[f=928.049] Expanded: 483, Generated: 573
[f=931.900] Expanded: 484, Generated: 574
[f=932.282] Expanded: 484, Generated: 575
[f=933.072] Expanded: 485, Generated: 576
[f=933.078] Expanded: 485, Generated: 577
[f=933.109] Expanded: 486, Generated: 578
[f=933.124] Expanded: 487, Generated: 579
[f=933.127] Expanded: 488, Generated: 580
[f=933.128] Expanded: 489, Generated: 581
[f=933.137] Expanded: 490, Generated: 582
[f=933.143] Expanded: 490, Generated: 583
[f=933.157] Expanded: 490, Generated: 584
[f=933.159] Expanded: 491, Generated: 585
[f=933.180] Expanded: 492, Generated: 586
[f=933.183] Expanded: 493, Generated: 587
[f=929.093] Expanded: 495, Generated: 589
[f=931.274] Expanded: 496, Generated: 590
[f=931.410] Expanded: 496, Generated: 591
[f=931.539] Expanded: 497, Generated: 592
[f=931.779] Expanded: 497, Generated: 593
[f=931.872] Expanded: 498, Generated: 594
[f=931.927] Expanded: 499, Generated: 595
[f=931.999] Expanded: 500, Generated: 596
[f=932.086] Expanded: 500, Generated: 597
[f=932.229] Expanded: 501, Generated: 598
[f=932.409] Expanded: 501, Generated: 599
[f=932.423] Expanded: 502, Generated: 600
[f=931.443] Expanded: 503, Generated: 602
[f=932.368] Expanded: 504, Generated: 604
[f=930.061] Expanded: 505, Generated: 606
[f=932.247] Expanded: 506, Generated: 607
[f=933.212] Expanded: 507, Generated: 608
[f=933.217] Expanded: 507, Generated: 609
[f=933.221] Expanded: 508, Generated: 610
[f=933.240] Expanded: 508, Generated: 611
[f=933.249] Expanded: 508, Generated: 612
[f=933.268] Expanded: 509, Generated: 613
[f=933.276] Expanded: 510, Generated: 614
[f=933.304] Expanded: 511, Generated: 615
[f=933.311] Expanded: 511, Generated: 616
[f=933.323] Expanded: 511, Generated: 617
[f=933.335] Expanded: 511, Generated: 618
[f=933.347] Expanded: 511, Generated: 619
[f=933.350] Expanded: 511, Generated: 620
[f=933.351] Expanded: 511, Generated: 621
[f=933.351] Expanded: 512, Generated: 622
[f=933.383] Expanded: 512, Generated: 623
[f=933.394] Expanded: 512, Generated: 624
[f=928.975] Expanded: 514, Generated: 626
[f=931.076] Expanded: 515, Generated: 627
[f=931.144] Expanded: 516, Generated: 628
[f=931.357] Expanded: 517, Generated: 629
[f=931.425] Expanded: 518, Generated: 630
[f=931.553] Expanded: 519, Generated: 631
[f=931.654] Expanded: 520, Generated: 632
[f=930.526] Expanded: 521, Generated: 634
[f=932.133] Expanded: 522, Generated: 635
[f=930.558] Expanded: 523, Generated: 637
[f=932.067] Expanded: 524, Generated: 638
[f=932.390] Expanded: 525, Generated: 639
[f=931.100] Expanded: 526, Generated: 641
[f=931.545] Expanded: 527, Generated: 643
[f=932.824] Expanded: 528, Generated: 644
[f=932.870] Expanded: 529, Generated: 645
[f=933.315] Expanded: 530, Generated: 646
[f=933.317] Expanded: 530, Generated: 647
[f=933.402] Expanded: 531, Generated: 648
[f=933.407] Expanded: 531, Generated: 649
[f=933.409] Expanded: 532, Generated: 650
[f=932.793] Expanded: 533, Generated: 652
[f=933.444] Expanded: 533, Generated: 653
[f=933.458] Expanded: 534, Generated: 654
[f=933.461] Expanded: 534, Generated: 655
[f=933.463] Expanded: 534, Generated: 656
[f=933.469] Expanded: 534, Generated: 657
[f=933.487] Expanded: 534, Generated: 658
[f=933.489] Expanded: 534, Generated: 659
[f=933.499] Expanded: 535, Generated: 660
[f=933.500] Expanded: 535, Generated: 661
[f=933.521] Expanded: 535, Generated: 662
[f=933.521] Expanded: 536, Generated: 663
[f=933.529] Expanded: 536, Generated: 664
[f=933.548] Expanded: 536, Generated: 665
[f=931.023] Expanded: 537, Generated: 667
[f=929.667] Expanded: 539, Generated: 669
[f=931.720] Expanded: 540, Generated: 670
[f=931.841] Expanded: 541, Generated: 671
[f=932.850] Expanded: 542, Generated: 672
[f=929.627] Expanded: 544, Generated: 674
[f=931.149] Expanded: 545, Generated: 675
[f=931.709] Expanded: 546, Generated: 676
[f=931.807] Expanded: 547, Generated: 677
[f=932.788] Expanded: 548, Generated: 678
[f=932.834] Expanded: 549, Generated: 679
[f=933.198] Expanded: 551, Generated: 681
[f=933.576] Expanded: 552, Generated: 682
[f=933.583] Expanded: 553, Generated: 683
[f=933.601] Expanded: 554, Generated: 684
[f=933.603] Expanded: 555, Generated: 685
[f=933.610] Expanded: 556, Generated: 686
[f=933.616] Expanded: 557, Generated: 687
[f=933.626] Expanded: 557, Generated: 688
[f=933.629] Expanded: 558, Generated: 689
[f=933.632] Expanded: 559, Generated: 690
[f=933.641] Expanded: 560, Generated: 691
[f=933.641] Expanded: 560, Generated: 692
[f=933.643] Expanded: 561, Generated: 693
[f=933.659] Expanded: 561, Generated: 694
[f=933.709] Expanded: 562, Generated: 695
[f=933.718] Expanded: 563, Generated: 696
[f=933.720] Expanded: 564, Generated: 697
[f=933.729] Expanded: 565, Generated: 698
[f=933.738] Expanded: 566, Generated: 699
[f=933.752] Expanded: 566, Generated: 700
[f=933.762] Expanded: 566, Generated: 701
[f=933.777] Expanded: 567, Generated: 702
[f=933.783] Expanded: 568, Generated: 703
[f=933.790] Expanded: 569, Generated: 704
[f=933.795] Expanded: 570, Generated: 705
[f=933.800] Expanded: 570, Generated: 706
[f=933.802] Expanded: 570, Generated: 707
[f=933.806] Expanded: 570, Generated: 708
[f=933.807] Expanded: 570, Generated: 709
[f=933.822] Expanded: 570, Generated: 710
[f=933.827] Expanded: 570, Generated: 711
[f=933.836] Expanded: 570, Generated: 712
[f=933.838] Expanded: 570, Generated: 713
[f=931.872] Expanded: 572, Generated: 715
[f=932.846] Expanded: 573, Generated: 716
[f=933.056] Expanded: 573, Generated: 717
[f=933.120] Expanded: 574, Generated: 718
[f=933.125] Expanded: 575, Generated: 719
[f=933.244] Expanded: 576, Generated: 720
[f=933.254] Expanded: 576, Generated: 721
[f=933.258] Expanded: 576, Generated: 722
[f=932.756] Expanded: 577, Generated: 724
[f=933.394] Expanded: 578, Generated: 725
[f=933.430] Expanded: 579, Generated: 726
[f=933.486] Expanded: 579, Generated: 727
[f=933.585] Expanded: 580, Generated: 728
[f=933.854] Expanded: 580, Generated: 729
[f=933.870] Expanded: 581, Generated: 730
[f=933.878] Expanded: 582, Generated: 731
[f=933.887] Expanded: 583, Generated: 732
[f=933.910] Expanded: 584, Generated: 733
[f=933.929] Expanded: 584, Generated: 734
[f=933.944] Expanded: 584, Generated: 735
[f=924.039] Expanded: 586, Generated: 737
[f=925.867] Expanded: 587, Generated: 738
[f=927.400] Expanded: 589, Generated: 740
[f=929.331] Expanded: 591, Generated: 742
[f=930.868] Expanded: 592, Generated: 743
[f=931.294] Expanded: 593, Generated: 744
[f=932.511] Expanded: 594, Generated: 745
[f=932.514] Expanded: 595, Generated: 746
[f=933.048] Expanded: 596, Generated: 747
[f=933.083] Expanded: 597, Generated: 748
[f=933.946] Expanded: 597, Generated: 749
[f=933.972] Expanded: 598, Generated: 750
[f=931.111] Expanded: 600, Generated: 752
[f=931.348] Expanded: 600, Generated: 753
[f=932.184] Expanded: 600, Generated: 754
[f=932.438] Expanded: 601, Generated: 755
[f=932.618] Expanded: 602, Generated: 756
[f=932.631] Expanded: 603, Generated: 757
[f=932.750] Expanded: 604, Generated: 758
[f=932.774] Expanded: 605, Generated: 759
[f=932.798] Expanded: 606, Generated: 760
[f=932.913] Expanded: 607, Generated: 761
[f=932.963] Expanded: 607, Generated: 762
[f=933.095] Expanded: 608, Generated: 763
[f=933.353] Expanded: 608, Generated: 764
[f=933.412] Expanded: 609, Generated: 765
[f=933.446] Expanded: 610, Generated: 766
[f=933.543] Expanded: 611, Generated: 767
[f=933.647] Expanded: 612, Generated: 768
[f=933.980] Expanded: 612, Generated: 769
[f=933.980] Expanded: 613, Generated: 770
[f=933.992] Expanded: 614, Generated: 771
[f=933.999] Expanded: 614, Generated: 772
[f=934.001] Expanded: 615, Generated: 773
[f=934.002] Expanded: 615, Generated: 774
[f=934.012] Expanded: 615, Generated: 775
[f=934.017] Expanded: 615, Generated: 776
[f=934.017] Expanded: 616, Generated: 777
[f=932.189] Expanded: 618, Generated: 779
[f=933.508] Expanded: 619, Generated: 780
[f=933.931] Expanded: 620, Generated: 781
[f=934.038] Expanded: 620, Generated: 782
[f=934.056] Expanded: 621, Generated: 783
[f=934.057] Expanded: 621, Generated: 784
[f=934.067] Expanded: 621, Generated: 785
[f=934.087] Expanded: 622, Generated: 786
[f=925.879] Expanded: 624, Generated: 788
[f=926.975] Expanded: 626, Generated: 790
[f=927.032] Expanded: 627, Generated: 791
[f=927.077] Expanded: 628, Generated: 792
[f=927.096] Expanded: 629, Generated: 793
[f=927.226] Expanded: 630, Generated: 794
[f=927.321] Expanded: 631, Generated: 795
[f=927.347] Expanded: 631, Generated: 796
[f=927.394] Expanded: 632, Generated: 797
[f=927.399] Expanded: 633, Generated: 798
[f=925.729] Expanded: 635, Generated: 800
[f=927.544] Expanded: 636, Generated: 801
[f=927.679] Expanded: 637, Generated: 802
[f=927.868] Expanded: 637, Generated: 803
[f=928.823] Expanded: 638, Generated: 804
[f=928.826] Expanded: 639, Generated: 805
[f=929.283] Expanded: 639, Generated: 806
[f=929.611] Expanded: 639, Generated: 807
[f=929.805] Expanded: 640, Generated: 808
[f=930.044] Expanded: 640, Generated: 809
[f=930.224] Expanded: 641, Generated: 810
[f=929.564] Expanded: 642, Generated: 812
[f=930.435] Expanded: 643, Generated: 813
[f=930.523] Expanded: 644, Generated: 814
[f=930.975] Expanded: 645, Generated: 815
[f=931.069] Expanded: 646, Generated: 816
[f=931.472] Expanded: 646, Generated: 817
[f=930.194] Expanded: 648, Generated: 819
[f=931.489] Expanded: 650, Generated: 821
[f=932.438] Expanded: 651, Generated: 822
[f=933.247] Expanded: 651, Generated: 823
[f=929.574] Expanded: 653, Generated: 825
[f=931.405] Expanded: 654, Generated: 826
[f=932.775] Expanded: 655, Generated: 827
[f=933.396] Expanded: 655, Generated: 828
[f=933.766] Expanded: 656, Generated: 829
[f=934.092] Expanded: 657, Generated: 830
[f=934.098] Expanded: 657, Generated: 831
[f=934.111] Expanded: 658, Generated: 832
[f=934.112] Expanded: 659, Generated: 833
[f=934.124] Expanded: 660, Generated: 834
[f=934.140] Expanded: 660, Generated: 835
[f=934.147] Expanded: 660, Generated: 836
[f=934.149] Expanded: 660, Generated: 837
[f=934.157] Expanded: 661, Generated: 838
[f=934.160] Expanded: 662, Generated: 839
[f=934.175] Expanded: 663, Generated: 840
[f=934.176] Expanded: 663, Generated: 841
[f=934.178] Expanded: 664, Generated: 842
[f=934.188] Expanded: 665, Generated: 843
[f=934.192] Expanded: 665, Generated: 844
[f=934.199] Expanded: 665, Generated: 845
[f=934.208] Expanded: 666, Generated: 846
[f=934.213] Expanded: 667, Generated: 847
[f=934.215] Expanded: 667, Generated: 848
[f=934.224] Expanded: 667, Generated: 849
[f=921.033] Expanded: 669, Generated: 851
[f=922.011] Expanded: 670, Generated: 852
[f=922.837] Expanded: 671, Generated: 853
[f=922.862] Expanded: 672, Generated: 854
[f=923.864] Expanded: 673, Generated: 855
[f=923.733] Expanded: 674, Generated: 857
[f=924.137] Expanded: 675, Generated: 858
[f=924.590] Expanded: 676, Generated: 859
[f=924.853] Expanded: 677, Generated: 860
[f=926.856] Expanded: 678, Generated: 861
[f=924.503] Expanded: 680, Generated: 863
[f=924.727] Expanded: 681, Generated: 864
[f=925.715] Expanded: 682, Generated: 865
[f=925.312] Expanded: 684, Generated: 867
[f=926.004] Expanded: 685, Generated: 868
[f=926.456] Expanded: 686, Generated: 869
[f=926.991] Expanded: 687, Generated: 870
[f=927.201] Expanded: 688, Generated: 871
[f=927.303] Expanded: 688, Generated: 872
[f=928.915] Expanded: 689, Generated: 873
[f=929.425] Expanded: 690, Generated: 874
[f=929.413] Expanded: 692, Generated: 876
[f=929.525] Expanded: 693, Generated: 877
[f=929.651] Expanded: 694, Generated: 878
[f=930.400] Expanded: 694, Generated: 879
[f=927.069] Expanded: 696, Generated: 881
[f=927.228] Expanded: 697, Generated: 882
[f=928.296] Expanded: 698, Generated: 883
[f=928.561] Expanded: 699, Generated: 884
[f=928.581] Expanded: 700, Generated: 885
[f=929.017] Expanded: 701, Generated: 886
[f=929.595] Expanded: 701, Generated: 887
[f=929.617] Expanded: 701, Generated: 888
[f=930.202] Expanded: 702, Generated: 889
[f=930.572] Expanded: 702, Generated: 890
[f=930.732] Expanded: 703, Generated: 891
[f=930.945] Expanded: 704, Generated: 892
[f=930.961] Expanded: 705, Generated: 893
[f=930.981] Expanded: 706, Generated: 894
[f=931.174] Expanded: 707, Generated: 895
[f=931.272] Expanded: 708, Generated: 896
[f=931.392] Expanded: 708, Generated: 897
[f=931.452] Expanded: 709, Generated: 898
[f=931.536] Expanded: 709, Generated: 899
[f=931.549] Expanded: 709, Generated: 900
[f=928.864] Expanded: 710, Generated: 902
[f=931.381] Expanded: 710, Generated: 903
[f=931.654] Expanded: 711, Generated: 904
[f=931.849] Expanded: 712, Generated: 905
[f=931.906] Expanded: 712, Generated: 906
[f=931.969] Expanded: 712, Generated: 907
[f=932.001] Expanded: 713, Generated: 908
[f=925.413] Expanded: 715, Generated: 910
[f=926.761] Expanded: 716, Generated: 911
[f=926.806] Expanded: 717, Generated: 912
[f=927.117] Expanded: 718, Generated: 913
[f=929.373] Expanded: 719, Generated: 914
[f=931.147] Expanded: 720, Generated: 915
[f=931.527] Expanded: 720, Generated: 916
[f=929.551] Expanded: 723, Generated: 919
[f=931.022] Expanded: 724, Generated: 920
[f=931.119] Expanded: 725, Generated: 921
[f=931.252] Expanded: 726, Generated: 922
[f=931.558] Expanded: 727, Generated: 923
[f=931.951] Expanded: 728, Generated: 924
[f=932.158] Expanded: 728, Generated: 925
[f=923.542] Expanded: 730, Generated: 927
[f=924.466] Expanded: 730, Generated: 928
[f=925.359] Expanded: 731, Generated: 929
[f=926.036] Expanded: 732, Generated: 931
[f=926.936] Expanded: 733, Generated: 932
[f=931.527] Expanded: 733, Generated: 933
[f=932.231] Expanded: 733, Generated: 934
[f=932.281] Expanded: 734, Generated: 935
[f=932.377] Expanded: 734, Generated: 936
[f=932.411] Expanded: 734, Generated: 937
[f=931.860] Expanded: 736, Generated: 939
[f=932.532] Expanded: 737, Generated: 940
[f=932.492] Expanded: 739, Generated: 942
[f=932.706] Expanded: 740, Generated: 943
[f=932.738] Expanded: 741, Generated: 944
[f=932.739] Expanded: 742, Generated: 945
[f=932.007] Expanded: 744, Generated: 947
[f=932.243] Expanded: 744, Generated: 948
[f=931.854] Expanded: 747, Generated: 951
[f=932.137] Expanded: 748, Generated: 952
[f=932.933] Expanded: 749, Generated: 953
[f=929.342] Expanded: 752, Generated: 956
[f=930.493] Expanded: 753, Generated: 957
[f=930.935] Expanded: 755, Generated: 959
[f=931.094] Expanded: 756, Generated: 960
[f=931.712] Expanded: 756, Generated: 961
[f=932.068] Expanded: 756, Generated: 962
[f=932.715] Expanded: 757, Generated: 963
[f=931.850] Expanded: 758, Generated: 965
[f=933.051] Expanded: 759, Generated: 966
[f=933.085] Expanded: 759, Generated: 967
[f=933.130] Expanded: 760, Generated: 968
[f=933.275] Expanded: 760, Generated: 969
[f=933.292] Expanded: 761, Generated: 970
[f=933.295] Expanded: 762, Generated: 971
[f=933.296] Expanded: 762, Generated: 972
[f=933.333] Expanded: 763, Generated: 973
[f=928.176] Expanded: 765, Generated: 975
[f=932.959] Expanded: 766, Generated: 976
[f=933.435] Expanded: 767, Generated: 977
[f=933.439] Expanded: 767, Generated: 978
[f=933.474] Expanded: 767, Generated: 979
[f=933.537] Expanded: 768, Generated: 980
[f=926.932] Expanded: 769, Generated: 982
[f=927.782] Expanded: 770, Generated: 983
[f=933.642] Expanded: 771, Generated: 984
[f=933.646] Expanded: 771, Generated: 985
[f=933.664] Expanded: 772, Generated: 986
[f=933.711] Expanded: 773, Generated: 987
[f=933.742] Expanded: 774, Generated: 988
[f=929.226] Expanded: 776, Generated: 990
[f=930.348] Expanded: 778, Generated: 992
[f=933.799] Expanded: 779, Generated: 993
[f=933.804] Expanded: 780, Generated: 994
[f=933.827] Expanded: 780, Generated: 995
[f=933.878] Expanded: 780, Generated: 996
[f=933.880] Expanded: 781, Generated: 997
[f=933.959] Expanded: 782, Generated: 998
[f=933.967] Expanded: 782, Generated: 999
[f=933.992] Expanded: 783, Generated: 1000
[f=934.003] Expanded: 784, Generated: 1001
[f=934.028] Expanded: 785, Generated: 1002
[f=934.050] Expanded: 785, Generated: 1003
[f=934.052] Expanded: 785, Generated: 1004
[f=934.054] Expanded: 785, Generated: 1005
[f=934.055] Expanded: 785, Generated: 1006
[f=934.073] Expanded: 785, Generated: 1007
[f=934.115] Expanded: 785, Generated: 1008
[f=934.130] Expanded: 785, Generated: 1009
[f=934.177] Expanded: 785, Generated: 1010
[f=934.181] Expanded: 785, Generated: 1011
[f=934.190] Expanded: 786, Generated: 1012
[f=934.216] Expanded: 787, Generated: 1013
[f=934.129] Expanded: 789, Generated: 1015
[f=934.234] Expanded: 789, Generated: 1016
[f=934.239] Expanded: 790, Generated: 1017
[f=934.239] Expanded: 791, Generated: 1018
[f=934.241] Expanded: 791, Generated: 1019
[f=926.800] Expanded: 793, Generated: 1021
[f=927.710] Expanded: 793, Generated: 1022
[f=927.975] Expanded: 793, Generated: 1023
[f=928.014] Expanded: 794, Generated: 1024
[f=927.984] Expanded: 796, Generated: 1026
[f=928.154] Expanded: 797, Generated: 1027
[f=928.254] Expanded: 798, Generated: 1028
[f=928.604] Expanded: 799, Generated: 1029
[f=929.210] Expanded: 800, Generated: 1030
[f=929.459] Expanded: 800, Generated: 1031
[f=929.469] Expanded: 801, Generated: 1032
[f=929.807] Expanded: 802, Generated: 1033
[f=929.814] Expanded: 802, Generated: 1034
[f=929.864] Expanded: 802, Generated: 1035
[f=929.871] Expanded: 803, Generated: 1036
[f=930.001] Expanded: 803, Generated: 1037
[f=930.107] Expanded: 803, Generated: 1038
[f=930.636] Expanded: 804, Generated: 1039
[f=930.806] Expanded: 805, Generated: 1040
[f=928.901] Expanded: 807, Generated: 1042
[f=930.127] Expanded: 808, Generated: 1043
[f=932.081] Expanded: 809, Generated: 1044
[f=932.178] Expanded: 810, Generated: 1045
[f=933.089] Expanded: 811, Generated: 1046
[f=933.491] Expanded: 811, Generated: 1047
[f=933.686] Expanded: 812, Generated: 1048
[f=934.138] Expanded: 813, Generated: 1049
[f=934.255] Expanded: 813, Generated: 1050
[f=934.256] Expanded: 814, Generated: 1051
[f=934.258] Expanded: 814, Generated: 1052
[f=934.260] Expanded: 814, Generated: 1053
[f=934.262] Expanded: 815, Generated: 1054
[f=934.263] Expanded: 816, Generated: 1055
[f=922.594] Expanded: 818, Generated: 1057
[f=922.860] Expanded: 819, Generated: 1058
[f=921.776] Expanded: 821, Generated: 1060
[f=923.034] Expanded: 822, Generated: 1061
[f=923.095] Expanded: 823, Generated: 1062
[f=923.387] Expanded: 824, Generated: 1063
[f=923.642] Expanded: 825, Generated: 1064
[f=924.478] Expanded: 826, Generated: 1065
[f=924.804] Expanded: 828, Generated: 1067
[f=924.994] Expanded: 829, Generated: 1068
[f=925.564] Expanded: 830, Generated: 1069
[f=927.371] Expanded: 831, Generated: 1070
[f=925.717] Expanded: 833, Generated: 1072
[f=928.138] Expanded: 834, Generated: 1073
[f=928.822] Expanded: 835, Generated: 1074
[f=928.831] Expanded: 836, Generated: 1075
[f=923.972] Expanded: 838, Generated: 1077
[f=924.056] Expanded: 839, Generated: 1078
[f=924.193] Expanded: 840, Generated: 1079
[f=924.262] Expanded: 841, Generated: 1080
[f=924.381] Expanded: 842, Generated: 1081
[f=924.626] Expanded: 843, Generated: 1082
[f=924.882] Expanded: 844, Generated: 1083
[f=925.071] Expanded: 845, Generated: 1084
[f=925.322] Expanded: 846, Generated: 1085
[f=925.869] Expanded: 847, Generated: 1086
[f=924.717] Expanded: 849, Generated: 1088
[f=925.666] Expanded: 851, Generated: 1090
[f=926.146] Expanded: 852, Generated: 1091
[f=928.716] Expanded: 853, Generated: 1092
[f=929.598] Expanded: 853, Generated: 1093
[f=929.781] Expanded: 854, Generated: 1094
[f=929.896] Expanded: 855, Generated: 1095
[f=930.018] Expanded: 856, Generated: 1096
[f=930.113] Expanded: 857, Generated: 1097
[f=930.131] Expanded: 858, Generated: 1098
[f=930.353] Expanded: 859, Generated: 1099
[f=930.414] Expanded: 859, Generated: 1100
[f=930.583] Expanded: 860, Generated: 1101
[f=930.679] Expanded: 861, Generated: 1102
[f=930.686] Expanded: 861, Generated: 1103
[f=930.702] Expanded: 862, Generated: 1104
[f=930.750] Expanded: 862, Generated: 1105
[f=930.761] Expanded: 862, Generated: 1106
[f=930.781] Expanded: 863, Generated: 1107
[f=930.837] Expanded: 864, Generated: 1108
[f=930.952] Expanded: 864, Generated: 1109
[f=926.441] Expanded: 866, Generated: 1111
[f=928.467] Expanded: 867, Generated: 1112
[f=928.725] Expanded: 868, Generated: 1113
[f=928.870] Expanded: 869, Generated: 1114
[f=928.906] Expanded: 870, Generated: 1115
[f=928.983] Expanded: 871, Generated: 1116
[f=929.001] Expanded: 872, Generated: 1117
[f=927.569] Expanded: 873, Generated: 1119
[f=928.397] Expanded: 874, Generated: 1121
[f=929.358] Expanded: 875, Generated: 1122
[f=926.652] Expanded: 876, Generated: 1124
[f=928.132] Expanded: 877, Generated: 1125
[f=928.167] Expanded: 878, Generated: 1127
[f=929.564] Expanded: 879, Generated: 1128
[f=929.581] Expanded: 880, Generated: 1129
[f=929.803] Expanded: 881, Generated: 1130
[f=930.166] Expanded: 881, Generated: 1131
[f=930.306] Expanded: 882, Generated: 1132
[f=930.396] Expanded: 883, Generated: 1133
[f=930.610] Expanded: 885, Generated: 1135
[f=930.737] Expanded: 886, Generated: 1136
[f=930.820] Expanded: 887, Generated: 1137
[f=931.148] Expanded: 888, Generated: 1138
[f=931.165] Expanded: 888, Generated: 1139
[f=927.897] Expanded: 889, Generated: 1141
[f=931.047] Expanded: 890, Generated: 1142
[f=931.186] Expanded: 891, Generated: 1143
[f=931.256] Expanded: 891, Generated: 1144
[f=931.308] Expanded: 892, Generated: 1145
[f=931.336] Expanded: 893, Generated: 1146
[f=931.359] Expanded: 893, Generated: 1147
[f=931.523] Expanded: 894, Generated: 1148
[f=931.603] Expanded: 895, Generated: 1149
[f=931.611] Expanded: 896, Generated: 1150
[f=931.710] Expanded: 896, Generated: 1151
[f=931.803] Expanded: 896, Generated: 1152
[f=931.843] Expanded: 897, Generated: 1153
[f=931.923] Expanded: 897, Generated: 1154
[f=932.031] Expanded: 897, Generated: 1155
[f=932.038] Expanded: 897, Generated: 1156
[f=932.126] Expanded: 897, Generated: 1157
[f=932.278] Expanded: 898, Generated: 1158
[f=929.396] Expanded: 900, Generated: 1160
[f=930.322] Expanded: 901, Generated: 1161
[f=930.350] Expanded: 902, Generated: 1162
[f=930.414] Expanded: 903, Generated: 1163
[f=929.806] Expanded: 905, Generated: 1165
[f=930.586] Expanded: 906, Generated: 1166
[f=930.664] Expanded: 907, Generated: 1167
[f=930.676] Expanded: 907, Generated: 1168
[f=930.704] Expanded: 908, Generated: 1169
[f=930.750] Expanded: 909, Generated: 1170
[f=930.904] Expanded: 910, Generated: 1171
[f=930.962] Expanded: 910, Generated: 1172
[f=930.994] Expanded: 910, Generated: 1173
[f=931.052] Expanded: 911, Generated: 1174
[f=931.053] Expanded: 912, Generated: 1175
[f=931.077] Expanded: 912, Generated: 1176
[f=931.105] Expanded: 913, Generated: 1177
[f=931.342] Expanded: 914, Generated: 1178
[f=931.462] Expanded: 915, Generated: 1179
[f=931.753] Expanded: 916, Generated: 1180
[f=931.982] Expanded: 917, Generated: 1181
[f=929.953] Expanded: 919, Generated: 1183
[f=931.211] Expanded: 920, Generated: 1184
[f=931.384] Expanded: 921, Generated: 1185
[f=932.325] Expanded: 922, Generated: 1186
[f=932.332] Expanded: 922, Generated: 1187
[f=932.363] Expanded: 923, Generated: 1188
[f=932.369] Expanded: 924, Generated: 1189
[f=925.242] Expanded: 926, Generated: 1191
[f=925.346] Expanded: 927, Generated: 1192
[f=924.017] Expanded: 929, Generated: 1194
[f=925.400] Expanded: 930, Generated: 1195
[f=925.447] Expanded: 931, Generated: 1196
[f=925.518] Expanded: 932, Generated: 1197
[f=925.868] Expanded: 933, Generated: 1198
[f=926.380] Expanded: 935, Generated: 1200
[f=921.695] Expanded: 937, Generated: 1202
[f=923.524] Expanded: 938, Generated: 1203
[f=924.811] Expanded: 939, Generated: 1204
[f=925.645] Expanded: 940, Generated: 1205
[f=926.575] Expanded: 941, Generated: 1206
[f=924.595] Expanded: 943, Generated: 1208
[f=926.636] Expanded: 944, Generated: 1209
[f=926.914] Expanded: 945, Generated: 1210
[f=927.101] Expanded: 946, Generated: 1211
[f=927.343] Expanded: 946, Generated: 1212
[f=927.571] Expanded: 947, Generated: 1213
[f=927.822] Expanded: 948, Generated: 1214
[f=928.039] Expanded: 949, Generated: 1215
[f=928.095] Expanded: 950, Generated: 1216
[f=928.839] Expanded: 951, Generated: 1217
[f=929.094] Expanded: 952, Generated: 1218
[f=929.300] Expanded: 952, Generated: 1219
[f=929.557] Expanded: 952, Generated: 1220
[f=923.378] Expanded: 954, Generated: 1222
[f=923.660] Expanded: 955, Generated: 1223
[f=924.718] Expanded: 956, Generated: 1224
[f=925.161] Expanded: 957, Generated: 1225
[f=929.678] Expanded: 957, Generated: 1226
[f=929.869] Expanded: 958, Generated: 1227
[f=930.508] Expanded: 958, Generated: 1228
[f=930.550] Expanded: 959, Generated: 1229
[f=924.069] Expanded: 961, Generated: 1231
[f=928.265] Expanded: 964, Generated: 1234
[f=929.846] Expanded: 965, Generated: 1235
[f=930.082] Expanded: 966, Generated: 1236
[f=930.151] Expanded: 967, Generated: 1237
[f=930.879] Expanded: 968, Generated: 1238
[f=929.026] Expanded: 970, Generated: 1240
[f=927.685] Expanded: 973, Generated: 1243
[f=928.800] Expanded: 974, Generated: 1244
[f=929.101] Expanded: 975, Generated: 1245
[f=929.357] Expanded: 976, Generated: 1246
[f=929.867] Expanded: 977, Generated: 1247
[f=931.000] Expanded: 978, Generated: 1248
[f=929.868] Expanded: 980, Generated: 1250
[f=925.185] Expanded: 982, Generated: 1252
[f=926.048] Expanded: 983, Generated: 1253
[f=926.131] Expanded: 984, Generated: 1254
[f=926.219] Expanded: 985, Generated: 1255
[f=925.882] Expanded: 986, Generated: 1257
[f=926.293] Expanded: 987, Generated: 1258
[f=926.315] Expanded: 988, Generated: 1259
[f=926.356] Expanded: 989, Generated: 1260
[f=926.372] Expanded: 989, Generated: 1261
[f=926.392] Expanded: 990, Generated: 1262
[f=926.492] Expanded: 991, Generated: 1263
[f=926.556] Expanded: 991, Generated: 1264
[f=926.737] Expanded: 992, Generated: 1265
[f=926.861] Expanded: 993, Generated: 1266
[f=927.067] Expanded: 994, Generated: 1267
[f=927.441] Expanded: 995, Generated: 1268
[f=927.527] Expanded: 995, Generated: 1269
[f=927.797] Expanded: 995, Generated: 1270
[f=927.709] Expanded: 996, Generated: 1272
[f=928.321] Expanded: 997, Generated: 1273
[f=928.493] Expanded: 998, Generated: 1274
[f=928.589] Expanded: 998, Generated: 1275
[f=928.641] Expanded: 999, Generated: 1276
[f=928.689] Expanded: 1000, Generated: 1277
[f=927.845] Expanded: 1002, Generated: 1279
[f=929.631] Expanded: 1003, Generated: 1280
[f=928.929] Expanded: 1005, Generated: 1282
[f=929.853] Expanded: 1006, Generated: 1283
[f=929.898] Expanded: 1006, Generated: 1284
[f=930.879] Expanded: 1007, Generated: 1285
[f=931.326] Expanded: 1008, Generated: 1286
[f=931.336] Expanded: 1008, Generated: 1287
[f=931.389] Expanded: 1009, Generated: 1288
[f=931.605] Expanded: 1010, Generated: 1289
[f=931.643] Expanded: 1010, Generated: 1290
[f=929.088] Expanded: 1013, Generated: 1293
[f=931.764] Expanded: 1014, Generated: 1294
[f=931.771] Expanded: 1014, Generated: 1295
[f=928.874] Expanded: 1017, Generated: 1298
[f=932.179] Expanded: 1018, Generated: 1299
[f=932.193] Expanded: 1018, Generated: 1300
[f=932.210] Expanded: 1019, Generated: 1301
[f=932.332] Expanded: 1020, Generated: 1302
[f=931.586] Expanded: 1021, Generated: 1304
[f=932.435] Expanded: 1021, Generated: 1305
[f=932.441] Expanded: 1021, Generated: 1306
[f=924.117] Expanded: 1025, Generated: 1310
[f=922.897] Expanded: 1026, Generated: 1312
[f=923.772] Expanded: 1027, Generated: 1313
[f=925.836] Expanded: 1028, Generated: 1314
[f=925.943] Expanded: 1029, Generated: 1315
[f=925.988] Expanded: 1029, Generated: 1316
[f=926.010] Expanded: 1030, Generated: 1317
[f=926.071] Expanded: 1031, Generated: 1318
[f=926.117] Expanded: 1031, Generated: 1319
[f=926.134] Expanded: 1032, Generated: 1320
[f=925.987] Expanded: 1033, Generated: 1322
[f=926.369] Expanded: 1034, Generated: 1323
[f=926.496] Expanded: 1035, Generated: 1324
[f=926.612] Expanded: 1036, Generated: 1325
[f=926.853] Expanded: 1037, Generated: 1326
[f=926.893] Expanded: 1037, Generated: 1327
[f=927.740] Expanded: 1038, Generated: 1328
[f=928.053] Expanded: 1038, Generated: 1329
[f=928.115] Expanded: 1039, Generated: 1330
[f=928.290] Expanded: 1040, Generated: 1331
[f=929.311] Expanded: 1041, Generated: 1332
[f=929.430] Expanded: 1042, Generated: 1333
[f=925.141] Expanded: 1044, Generated: 1335
[f=926.222] Expanded: 1046, Generated: 1337
[f=929.766] Expanded: 1047, Generated: 1338
[f=930.531] Expanded: 1048, Generated: 1339
[f=930.883] Expanded: 1049, Generated: 1340
[f=930.951] Expanded: 1050, Generated: 1341
[f=931.031] Expanded: 1050, Generated: 1342
[f=927.896] Expanded: 1052, Generated: 1344
[f=928.752] Expanded: 1053, Generated: 1345
[f=929.011] Expanded: 1054, Generated: 1346
[f=927.958] Expanded: 1056, Generated: 1348
[f=928.127] Expanded: 1057, Generated: 1349
[f=930.480] Expanded: 1058, Generated: 1350
[f=930.491] Expanded: 1059, Generated: 1351
[f=930.763] Expanded: 1059, Generated: 1352
[f=930.902] Expanded: 1060, Generated: 1353
[f=931.101] Expanded: 1061, Generated: 1354
[f=931.116] Expanded: 1062, Generated: 1355
[f=931.467] Expanded: 1062, Generated: 1356
[f=931.669] Expanded: 1062, Generated: 1357
[f=931.951] Expanded: 1063, Generated: 1358
[f=932.394] Expanded: 1064, Generated: 1359
[f=930.061] Expanded: 1065, Generated: 1361
[f=932.474] Expanded: 1065, Generated: 1362
[f=932.485] Expanded: 1065, Generated: 1363
[f=930.763] Expanded: 1067, Generated: 1365
[f=932.081] Expanded: 1068, Generated: 1366
[f=932.270] Expanded: 1069, Generated: 1367
[f=932.496] Expanded: 1069, Generated: 1368
[f=927.309] Expanded: 1070, Generated: 1370
[f=927.339] Expanded: 1071, Generated: 1371
[f=927.575] Expanded: 1071, Generated: 1372
[f=927.602] Expanded: 1072, Generated: 1373
[f=927.682] Expanded: 1073, Generated: 1374
[f=927.934] Expanded: 1074, Generated: 1375
[f=928.407] Expanded: 1075, Generated: 1376
[f=929.197] Expanded: 1076, Generated: 1377
[f=928.222] Expanded: 1077, Generated: 1379
[f=928.370] Expanded: 1078, Generated: 1380
[f=928.507] Expanded: 1079, Generated: 1381
[f=928.584] Expanded: 1079, Generated: 1382
[f=928.696] Expanded: 1080, Generated: 1383
[f=928.951] Expanded: 1081, Generated: 1384
[f=929.192] Expanded: 1082, Generated: 1385
[f=929.704] Expanded: 1082, Generated: 1386
[f=930.296] Expanded: 1083, Generated: 1387
[f=928.317] Expanded: 1085, Generated: 1389
[f=929.275] Expanded: 1087, Generated: 1391
[f=930.463] Expanded: 1088, Generated: 1392
[f=930.506] Expanded: 1088, Generated: 1393
[f=931.179] Expanded: 1088, Generated: 1394
[f=931.275] Expanded: 1088, Generated: 1395
[f=931.287] Expanded: 1089, Generated: 1396
[f=932.448] Expanded: 1090, Generated: 1397
[f=932.526] Expanded: 1090, Generated: 1398
[f=932.526] Expanded: 1091, Generated: 1399
[f=932.540] Expanded: 1092, Generated: 1400
[f=932.645] Expanded: 1092, Generated: 1401
[f=932.653] Expanded: 1092, Generated: 1402
[f=932.666] Expanded: 1093, Generated: 1403
[f=932.675] Expanded: 1093, Generated: 1404
[f=932.680] Expanded: 1093, Generated: 1405
[f=924.796] Expanded: 1095, Generated: 1407
[f=924.882] Expanded: 1096, Generated: 1408
[f=925.007] Expanded: 1097, Generated: 1409
[f=923.929] Expanded: 1099, Generated: 1411
[f=925.214] Expanded: 1100, Generated: 1412
[f=925.429] Expanded: 1101, Generated: 1413
[f=925.775] Expanded: 1102, Generated: 1414
[f=926.141] Expanded: 1103, Generated: 1415
[f=926.629] Expanded: 1104, Generated: 1416
[f=925.541] Expanded: 1106, Generated: 1418
[f=926.899] Expanded: 1107, Generated: 1419
[f=926.460] Expanded: 1109, Generated: 1421
[f=929.462] Expanded: 1110, Generated: 1422
[f=930.028] Expanded: 1111, Generated: 1423
[f=930.465] Expanded: 1112, Generated: 1424
[f=930.572] Expanded: 1113, Generated: 1425
[f=930.682] Expanded: 1114, Generated: 1426
[f=931.164] Expanded: 1115, Generated: 1427
[f=931.282] Expanded: 1116, Generated: 1428
[f=931.734] Expanded: 1117, Generated: 1429
[f=931.787] Expanded: 1117, Generated: 1430
[f=931.919] Expanded: 1117, Generated: 1431
[f=931.935] Expanded: 1118, Generated: 1432
[f=932.469] Expanded: 1118, Generated: 1433
[f=932.760] Expanded: 1118, Generated: 1434
[f=932.780] Expanded: 1118, Generated: 1435
[f=930.246] Expanded: 1121, Generated: 1438
[f=932.201] Expanded: 1122, Generated: 1439
[f=932.791] Expanded: 1123, Generated: 1440
[f=932.797] Expanded: 1123, Generated: 1441
[f=932.800] Expanded: 1123, Generated: 1442
[f=932.803] Expanded: 1124, Generated: 1443
[f=932.824] Expanded: 1125, Generated: 1444
[f=932.826] Expanded: 1125, Generated: 1445
[f=932.871] Expanded: 1125, Generated: 1446
[f=932.937] Expanded: 1125, Generated: 1447
[f=932.940] Expanded: 1125, Generated: 1448
[f=932.951] Expanded: 1126, Generated: 1449
[f=932.958] Expanded: 1126, Generated: 1450
[f=932.979] Expanded: 1126, Generated: 1451
[f=932.989] Expanded: 1126, Generated: 1452
[f=933.004] Expanded: 1127, Generated: 1453
[f=933.026] Expanded: 1128, Generated: 1454
[f=933.042] Expanded: 1129, Generated: 1455
[f=933.046] Expanded: 1129, Generated: 1456
[f=928.644] Expanded: 1131, Generated: 1458
[f=930.441] Expanded: 1132, Generated: 1459
[f=930.517] Expanded: 1133, Generated: 1460
[f=930.659] Expanded: 1134, Generated: 1461
[f=930.724] Expanded: 1135, Generated: 1462
[f=930.800] Expanded: 1136, Generated: 1463
[f=930.853] Expanded: 1137, Generated: 1464
[f=931.084] Expanded: 1138, Generated: 1465
[f=929.682] Expanded: 1139, Generated: 1467
[f=930.194] Expanded: 1140, Generated: 1469
[f=929.033] Expanded: 1141, Generated: 1471
[f=930.547] Expanded: 1142, Generated: 1472
[f=931.698] Expanded: 1143, Generated: 1473
[f=931.702] Expanded: 1144, Generated: 1474
[f=930.252] Expanded: 1145, Generated: 1476
[f=931.801] Expanded: 1146, Generated: 1477
[f=932.196] Expanded: 1147, Generated: 1478
[f=932.204] Expanded: 1148, Generated: 1479
[f=932.237] Expanded: 1149, Generated: 1480
[f=932.365] Expanded: 1150, Generated: 1481
[f=932.457] Expanded: 1150, Generated: 1482
[f=931.102] Expanded: 1152, Generated: 1484
[f=932.016] Expanded: 1154, Generated: 1486
[f=932.868] Expanded: 1155, Generated: 1487
[f=933.047] Expanded: 1155, Generated: 1488
[f=929.128] Expanded: 1156, Generated: 1490
[f=932.308] Expanded: 1157, Generated: 1491
[f=933.050] Expanded: 1157, Generated: 1492
[f=933.062] Expanded: 1157, Generated: 1493
[f=925.156] Expanded: 1159, Generated: 1495
[f=926.070] Expanded: 1160, Generated: 1496
[f=926.330] Expanded: 1161, Generated: 1497
[f=930.470] Expanded: 1162, Generated: 1498
[f=932.413] Expanded: 1162, Generated: 1499
[f=932.637] Expanded: 1162, Generated: 1500
[f=922.908] Expanded: 1164, Generated: 1502
[f=924.723] Expanded: 1165, Generated: 1503
[f=926.400] Expanded: 1166, Generated: 1504
[f=926.411] Expanded: 1167, Generated: 1505
[f=928.405] Expanded: 1170, Generated: 1508
[f=929.653] Expanded: 1171, Generated: 1509
[f=930.186] Expanded: 1172, Generated: 1510
[f=930.320] Expanded: 1173, Generated: 1511
[f=930.587] Expanded: 1174, Generated: 1512
[f=932.208] Expanded: 1175, Generated: 1513
[f=932.250] Expanded: 1176, Generated: 1514
[f=933.079] Expanded: 1176, Generated: 1515
[f=929.080] Expanded: 1178, Generated: 1517
[f=929.526] Expanded: 1179, Generated: 1518
[f=929.665] Expanded: 1180, Generated: 1519
[f=929.768] Expanded: 1181, Generated: 1520
[f=929.804] Expanded: 1182, Generated: 1521
[f=929.856] Expanded: 1183, Generated: 1522
[f=929.944] Expanded: 1184, Generated: 1523
[f=930.055] Expanded: 1185, Generated: 1524
[f=930.566] Expanded: 1187, Generated: 1526
[f=930.710] Expanded: 1187, Generated: 1527
[f=930.750] Expanded: 1188, Generated: 1528
[f=930.793] Expanded: 1188, Generated: 1529
[f=930.828] Expanded: 1189, Generated: 1530
[f=930.850] Expanded: 1190, Generated: 1531
[f=931.118] Expanded: 1191, Generated: 1532
[f=931.405] Expanded: 1192, Generated: 1533
[f=931.413] Expanded: 1193, Generated: 1534
[f=931.804] Expanded: 1193, Generated: 1535
[f=932.038] Expanded: 1194, Generated: 1536
[f=932.235] Expanded: 1195, Generated: 1537
[f=932.249] Expanded: 1196, Generated: 1538
[f=932.283] Expanded: 1197, Generated: 1539
[f=932.330] Expanded: 1198, Generated: 1540
[f=931.901] Expanded: 1199, Generated: 1542
[f=929.666] Expanded: 1200, Generated: 1544
[f=931.165] Expanded: 1201, Generated: 1545
[f=931.704] Expanded: 1202, Generated: 1547
[f=932.605] Expanded: 1203, Generated: 1548
[f=932.655] Expanded: 1203, Generated: 1549
[f=932.827] Expanded: 1204, Generated: 1550
[f=932.936] Expanded: 1205, Generated: 1551
[f=933.088] Expanded: 1205, Generated: 1552
[f=933.092] Expanded: 1206, Generated: 1553
[f=933.123] Expanded: 1207, Generated: 1554
[f=932.951] Expanded: 1209, Generated: 1556
[f=933.176] Expanded: 1209, Generated: 1557
[f=933.178] Expanded: 1209, Generated: 1558
[f=933.190] Expanded: 1209, Generated: 1559
[f=933.191] Expanded: 1209, Generated: 1560
[f=933.194] Expanded: 1210, Generated: 1561
[f=933.209] Expanded: 1210, Generated: 1562
[f=933.210] Expanded: 1211, Generated: 1563
[f=933.221] Expanded: 1211, Generated: 1564
[f=928.814] Expanded: 1213, Generated: 1566
[f=931.513] Expanded: 1214, Generated: 1567
[f=931.964] Expanded: 1215, Generated: 1568
[f=933.273] Expanded: 1215, Generated: 1569
[f=933.300] Expanded: 1216, Generated: 1570
[f=933.301] Expanded: 1217, Generated: 1571
[f=933.310] Expanded: 1217, Generated: 1572
[f=933.315] Expanded: 1218, Generated: 1573
[f=933.326] Expanded: 1218, Generated: 1574
[f=933.360] Expanded: 1218, Generated: 1575
[f=933.367] Expanded: 1218, Generated: 1576
[f=933.374] Expanded: 1218, Generated: 1577
[f=933.399] Expanded: 1219, Generated: 1578
[f=933.400] Expanded: 1220, Generated: 1579
[f=933.411] Expanded: 1221, Generated: 1580
[f=933.412] Expanded: 1222, Generated: 1581
[f=933.419] Expanded: 1223, Generated: 1582
[f=933.420] Expanded: 1224, Generated: 1583
[f=933.444] Expanded: 1225, Generated: 1584
[f=933.459] Expanded: 1226, Generated: 1585
[f=933.462] Expanded: 1226, Generated: 1586
[f=933.474] Expanded: 1227, Generated: 1587
[f=933.476] Expanded: 1227, Generated: 1588
[f=933.490] Expanded: 1228, Generated: 1589
[f=931.294] Expanded: 1229, Generated: 1591
[f=933.504] Expanded: 1230, Generated: 1592
[f=933.507] Expanded: 1230, Generated: 1593
[f=933.513] Expanded: 1230, Generated: 1594
[f=933.522] Expanded: 1230, Generated: 1595
[f=933.532] Expanded: 1230, Generated: 1596
[f=933.570] Expanded: 1230, Generated: 1597
[f=933.575] Expanded: 1231, Generated: 1598
[f=933.580] Expanded: 1232, Generated: 1599
[f=933.609] Expanded: 1232, Generated: 1600
[f=933.626] Expanded: 1233, Generated: 1601
[f=933.633] Expanded: 1233, Generated: 1603
[f=933.644] Expanded: 1233, Generated: 1604
[f=933.649] Expanded: 1233, Generated: 1605
[f=933.655] Expanded: 1234, Generated: 1606
[f=933.663] Expanded: 1235, Generated: 1607
[f=933.671] Expanded: 1235, Generated: 1608
[f=933.674] Expanded: 1236, Generated: 1609
[f=928.723] Expanded: 1238, Generated: 1611
[f=930.156] Expanded: 1240, Generated: 1613
[f=933.680] Expanded: 1241, Generated: 1614
[f=933.681] Expanded: 1242, Generated: 1615
[f=930.046] Expanded: 1245, Generated: 1618
[f=932.392] Expanded: 1246, Generated: 1619
[f=932.757] Expanded: 1247, Generated: 1620
[f=932.944] Expanded: 1248, Generated: 1621
[f=933.060] Expanded: 1248, Generated: 1622
[f=933.233] Expanded: 1249, Generated: 1623
[f=933.431] Expanded: 1250, Generated: 1624
[f=933.691] Expanded: 1250, Generated: 1625
[f=933.692] Expanded: 1250, Generated: 1626
[f=933.693] Expanded: 1250, Generated: 1627
[f=933.092] Expanded: 1252, Generated: 1629
[f=933.262] Expanded: 1252, Generated: 1630
[f=933.715] Expanded: 1252, Generated: 1631
[f=933.718] Expanded: 1252, Generated: 1632
[f=926.023] Expanded: 1254, Generated: 1634
[f=926.885] Expanded: 1255, Generated: 1635
[f=927.043] Expanded: 1256, Generated: 1636
[f=925.916] Expanded: 1258, Generated: 1638
[f=926.795] Expanded: 1258, Generated: 1639
[f=927.152] Expanded: 1259, Generated: 1640
[f=927.174] Expanded: 1260, Generated: 1641
[f=927.238] Expanded: 1261, Generated: 1642
[f=927.440] Expanded: 1262, Generated: 1643
[f=927.591] Expanded: 1263, Generated: 1644
[f=927.678] Expanded: 1263, Generated: 1645
[f=927.754] Expanded: 1264, Generated: 1646
[f=927.809] Expanded: 1265, Generated: 1647
[f=925.316] Expanded: 1267, Generated: 1649
[f=928.020] Expanded: 1268, Generated: 1650
[f=928.322] Expanded: 1268, Generated: 1651
[f=928.620] Expanded: 1268, Generated: 1652
[f=928.685] Expanded: 1269, Generated: 1653
[f=929.267] Expanded: 1270, Generated: 1654
[f=928.551] Expanded: 1271, Generated: 1656
[f=929.367] Expanded: 1271, Generated: 1657
[f=929.447] Expanded: 1272, Generated: 1658
[f=929.511] Expanded: 1273, Generated: 1659
[f=929.572] Expanded: 1274, Generated: 1660
[f=930.309] Expanded: 1274, Generated: 1661
[f=930.387] Expanded: 1275, Generated: 1662
[f=930.738] Expanded: 1275, Generated: 1663
[f=931.051] Expanded: 1276, Generated: 1664
[f=931.698] Expanded: 1277, Generated: 1665
[f=932.294] Expanded: 1277, Generated: 1666
[f=929.225] Expanded: 1280, Generated: 1669
[f=933.103] Expanded: 1281, Generated: 1670
[f=933.248] Expanded: 1282, Generated: 1671
[f=933.324] Expanded: 1283, Generated: 1672
[f=933.545] Expanded: 1283, Generated: 1673
[f=933.727] Expanded: 1283, Generated: 1674
[f=933.736] Expanded: 1283, Generated: 1675
[f=927.943] Expanded: 1285, Generated: 1677
[f=928.241] Expanded: 1285, Generated: 1678
[f=928.270] Expanded: 1286, Generated: 1679
[f=928.349] Expanded: 1286, Generated: 1680
[f=928.497] Expanded: 1287, Generated: 1681
[f=928.506] Expanded: 1287, Generated: 1682
[f=928.424] Expanded: 1289, Generated: 1684
[f=928.621] Expanded: 1290, Generated: 1685
[f=928.623] Expanded: 1290, Generated: 1686
[f=928.707] Expanded: 1290, Generated: 1687
[f=928.830] Expanded: 1291, Generated: 1688
[f=928.839] Expanded: 1292, Generated: 1689
[f=929.048] Expanded: 1293, Generated: 1690
[f=929.191] Expanded: 1293, Generated: 1691
[f=929.309] Expanded: 1294, Generated: 1692
[f=929.327] Expanded: 1295, Generated: 1693
[f=930.038] Expanded: 1295, Generated: 1694
[f=930.081] Expanded: 1296, Generated: 1695
[f=930.398] Expanded: 1297, Generated: 1696
[f=928.392] Expanded: 1299, Generated: 1698
[f=929.297] Expanded: 1300, Generated: 1699
[f=929.372] Expanded: 1301, Generated: 1700
[f=931.292] Expanded: 1301, Generated: 1701
[f=931.335] Expanded: 1302, Generated: 1702
[f=931.373] Expanded: 1303, Generated: 1703
[f=932.417] Expanded: 1304, Generated: 1704
[f=933.586] Expanded: 1305, Generated: 1705
[f=933.755] Expanded: 1305, Generated: 1706
[f=933.768] Expanded: 1306, Generated: 1707
[f=933.779] Expanded: 1306, Generated: 1708
[f=933.781] Expanded: 1306, Generated: 1709
[f=933.782] Expanded: 1306, Generated: 1710
[f=933.796] Expanded: 1306, Generated: 1711
[f=933.808] Expanded: 1306, Generated: 1712
[f=933.830] Expanded: 1307, Generated: 1713
[f=933.835] Expanded: 1308, Generated: 1714
[f=933.839] Expanded: 1308, Generated: 1715
[f=933.839] Expanded: 1309, Generated: 1716
[f=933.842] Expanded: 1310, Generated: 1717
[f=933.847] Expanded: 1310, Generated: 1718
[f=933.847] Expanded: 1310, Generated: 1719
[f=933.855] Expanded: 1310, Generated: 1720
[f=933.858] Expanded: 1310, Generated: 1721
[f=933.864] Expanded: 1310, Generated: 1722
[f=933.868] Expanded: 1310, Generated: 1723
[f=933.870] Expanded: 1311, Generated: 1724
[f=933.877] Expanded: 1311, Generated: 1725
[f=930.005] Expanded: 1312, Generated: 1727
[f=933.173] Expanded: 1313, Generated: 1728
[f=933.882] Expanded: 1313, Generated: 1729
[f=933.887] Expanded: 1314, Generated: 1730
[f=933.905] Expanded: 1314, Generated: 1731
[f=933.910] Expanded: 1314, Generated: 1732
[f=933.913] Expanded: 1314, Generated: 1733
[f=933.932] Expanded: 1315, Generated: 1734
[f=930.999] Expanded: 1316, Generated: 1736
[f=933.950] Expanded: 1317, Generated: 1737
[f=928.382] Expanded: 1319, Generated: 1739
[f=933.957] Expanded: 1320, Generated: 1740
[f=933.972] Expanded: 1321, Generated: 1741
[f=932.411] Expanded: 1322, Generated: 1743
[f=932.679] Expanded: 1323, Generated: 1744
[f=932.831] Expanded: 1323, Generated: 1745
[f=932.840] Expanded: 1324, Generated: 1746
[f=932.666] Expanded: 1325, Generated: 1748
[f=932.808] Expanded: 1327, Generated: 1750
[f=932.922] Expanded: 1328, Generated: 1751
[f=932.986] Expanded: 1329, Generated: 1752
[f=932.990] Expanded: 1330, Generated: 1753
[f=933.036] Expanded: 1331, Generated: 1754
[f=933.139] Expanded: 1331, Generated: 1755
[f=933.169] Expanded: 1332, Generated: 1756
[f=933.239] Expanded: 1333, Generated: 1757
[f=933.245] Expanded: 1333, Generated: 1758
[f=933.986] Expanded: 1334, Generated: 1760
[f=933.989] Expanded: 1335, Generated: 1761
[f=933.992] Expanded: 1336, Generated: 1762
[f=934.006] Expanded: 1336, Generated: 1763
[f=934.012] Expanded: 1337, Generated: 1764
[f=934.036] Expanded: 1338, Generated: 1765
[f=934.044] Expanded: 1338, Generated: 1766
[f=934.052] Expanded: 1338, Generated: 1767
[f=934.056] Expanded: 1338, Generated: 1768
[f=934.063] Expanded: 1338, Generated: 1769
[f=934.066] Expanded: 1338, Generated: 1770
[f=934.075] Expanded: 1339, Generated: 1771
[f=934.086] Expanded: 1339, Generated: 1772
[f=934.094] Expanded: 1340, Generated: 1773
[f=930.562] Expanded: 1343, Generated: 1776
[f=931.172] Expanded: 1344, Generated: 1777
[f=931.336] Expanded: 1345, Generated: 1778
[f=931.401] Expanded: 1345, Generated: 1779
[f=931.468] Expanded: 1346, Generated: 1780
[f=931.472] Expanded: 1347, Generated: 1781
[f=931.484] Expanded: 1348, Generated: 1782
[f=931.517] Expanded: 1349, Generated: 1783
[f=931.599] Expanded: 1349, Generated: 1784
[f=931.636] Expanded: 1350, Generated: 1785
[f=931.279] Expanded: 1351, Generated: 1787
[f=931.730] Expanded: 1352, Generated: 1788
[f=931.795] Expanded: 1353, Generated: 1789
[f=931.957] Expanded: 1354, Generated: 1790
[f=931.983] Expanded: 1355, Generated: 1791
[f=932.118] Expanded: 1356, Generated: 1792
[f=932.846] Expanded: 1356, Generated: 1793
[f=932.947] Expanded: 1357, Generated: 1794
[f=932.985] Expanded: 1357, Generated: 1795
[f=933.040] Expanded: 1358, Generated: 1796
[f=932.531] Expanded: 1359, Generated: 1798
[f=932.715] Expanded: 1359, Generated: 1799
[f=933.175] Expanded: 1360, Generated: 1800
[f=933.203] Expanded: 1361, Generated: 1801
[f=933.213] Expanded: 1362, Generated: 1802
[f=933.260] Expanded: 1362, Generated: 1803
[f=933.277] Expanded: 1363, Generated: 1804
[f=933.158] Expanded: 1364, Generated: 1806
[f=933.668] Expanded: 1365, Generated: 1807
[f=933.670] Expanded: 1366, Generated: 1808
[f=933.700] Expanded: 1367, Generated: 1809
[f=933.826] Expanded: 1368, Generated: 1810
[f=933.832] Expanded: 1369, Generated: 1811
[f=933.867] Expanded: 1370, Generated: 1812
[f=933.943] Expanded: 1370, Generated: 1813
[f=933.369] Expanded: 1371, Generated: 1815
[f=933.992] Expanded: 1371, Generated: 1816
[f=934.049] Expanded: 1372, Generated: 1817
[f=934.072] Expanded: 1373, Generated: 1818
[f=934.106] Expanded: 1374, Generated: 1819
[f=934.106] Expanded: 1374, Generated: 1820
[f=934.111] Expanded: 1375, Generated: 1821
[f=934.115] Expanded: 1376, Generated: 1822
[f=934.125] Expanded: 1376, Generated: 1823
[f=934.135] Expanded: 1376, Generated: 1824
[f=930.087] Expanded: 1378, Generated: 1827
[f=930.305] Expanded: 1379, Generated: 1828
[f=930.460] Expanded: 1379, Generated: 1829
[f=930.487] Expanded: 1380, Generated: 1830
[f=930.561] Expanded: 1381, Generated: 1831
[f=930.627] Expanded: 1382, Generated: 1832
[f=930.848] Expanded: 1383, Generated: 1833
[f=931.995] Expanded: 1384, Generated: 1834
[f=932.948] Expanded: 1384, Generated: 1835
[f=932.998] Expanded: 1384, Generated: 1836
[f=933.140] Expanded: 1384, Generated: 1837
[f=933.207] Expanded: 1384, Generated: 1838
[f=933.255] Expanded: 1385, Generated: 1840
[f=933.356] Expanded: 1386, Generated: 1841
[f=933.464] Expanded: 1386, Generated: 1842
[f=932.035] Expanded: 1387, Generated: 1844
[f=933.610] Expanded: 1388, Generated: 1845
[f=930.768] Expanded: 1389, Generated: 1847
[f=933.284] Expanded: 1389, Generated: 1848
[f=933.831] Expanded: 1390, Generated: 1849
[f=933.917] Expanded: 1391, Generated: 1850
[f=933.910] Expanded: 1393, Generated: 1852
[f=934.152] Expanded: 1393, Generated: 1853
[f=932.865] Expanded: 1395, Generated: 1855
[f=934.158] Expanded: 1395, Generated: 1856
[f=934.161] Expanded: 1396, Generated: 1857
[f=934.165] Expanded: 1396, Generated: 1858
[f=934.172] Expanded: 1396, Generated: 1859
[f=934.175] Expanded: 1396, Generated: 1860
[f=934.176] Expanded: 1396, Generated: 1861
[f=934.185] Expanded: 1397, Generated: 1862
[f=934.208] Expanded: 1398, Generated: 1863
[f=934.217] Expanded: 1399, Generated: 1864
[f=934.230] Expanded: 1400, Generated: 1865
[f=931.946] Expanded: 1401, Generated: 1867
[f=932.561] Expanded: 1403, Generated: 1869
[f=928.868] Expanded: 1405, Generated: 1871
[f=934.243] Expanded: 1406, Generated: 1872
[f=934.257] Expanded: 1406, Generated: 1873
[f=934.259] Expanded: 1406, Generated: 1874
[f=922.244] Expanded: 1408, Generated: 1876
[f=922.506] Expanded: 1409, Generated: 1877
[f=922.095] Expanded: 1411, Generated: 1879
[f=922.682] Expanded: 1412, Generated: 1880
[f=922.744] Expanded: 1413, Generated: 1881
[f=923.025] Expanded: 1414, Generated: 1882
[f=923.040] Expanded: 1415, Generated: 1883
[f=923.134] Expanded: 1416, Generated: 1884
[f=923.347] Expanded: 1417, Generated: 1885
[f=923.550] Expanded: 1418, Generated: 1886
[f=923.578] Expanded: 1419, Generated: 1887
[f=923.636] Expanded: 1420, Generated: 1888
[f=923.913] Expanded: 1421, Generated: 1889
[f=923.937] Expanded: 1421, Generated: 1890
[f=923.957] Expanded: 1422, Generated: 1891
[f=924.085] Expanded: 1422, Generated: 1892
[f=924.121] Expanded: 1423, Generated: 1893
[f=924.563] Expanded: 1423, Generated: 1894
[f=924.578] Expanded: 1424, Generated: 1895
[f=924.949] Expanded: 1425, Generated: 1896
[f=925.039] Expanded: 1425, Generated: 1897
[f=925.044] Expanded: 1426, Generated: 1898
[f=924.367] Expanded: 1428, Generated: 1900
[f=924.393] Expanded: 1429, Generated: 1901
[f=925.181] Expanded: 1430, Generated: 1902
[f=925.330] Expanded: 1431, Generated: 1903
[f=925.409] Expanded: 1432, Generated: 1904
[f=925.514] Expanded: 1433, Generated: 1905
[f=925.994] Expanded: 1433, Generated: 1906
[f=926.056] Expanded: 1434, Generated: 1907
[f=927.041] Expanded: 1434, Generated: 1908
[f=925.320] Expanded: 1436, Generated: 1910
[f=925.346] Expanded: 1437, Generated: 1911
[f=926.238] Expanded: 1438, Generated: 1912
[f=927.076] Expanded: 1439, Generated: 1913
[f=927.854] Expanded: 1440, Generated: 1914
[f=927.984] Expanded: 1441, Generated: 1915
[f=928.039] Expanded: 1441, Generated: 1916
[f=928.532] Expanded: 1442, Generated: 1917
[f=924.077] Expanded: 1444, Generated: 1919
[f=924.135] Expanded: 1445, Generated: 1920
[f=924.297] Expanded: 1446, Generated: 1921
[f=924.379] Expanded: 1447, Generated: 1922
[f=924.484] Expanded: 1448, Generated: 1923
[f=924.730] Expanded: 1449, Generated: 1924
[f=925.419] Expanded: 1450, Generated: 1925
[f=925.519] Expanded: 1451, Generated: 1926
[f=925.730] Expanded: 1452, Generated: 1927
[f=925.934] Expanded: 1453, Generated: 1928
[f=924.883] Expanded: 1455, Generated: 1930
[f=926.190] Expanded: 1456, Generated: 1931
[f=925.700] Expanded: 1458, Generated: 1933
[f=925.802] Expanded: 1460, Generated: 1935
[f=925.843] Expanded: 1461, Generated: 1936
[f=926.064] Expanded: 1462, Generated: 1937
[f=926.139] Expanded: 1463, Generated: 1938
[f=926.254] Expanded: 1464, Generated: 1939
[f=926.446] Expanded: 1465, Generated: 1940
[f=926.772] Expanded: 1466, Generated: 1941
[f=927.078] Expanded: 1467, Generated: 1942
[f=926.532] Expanded: 1469, Generated: 1944
[f=927.290] Expanded: 1470, Generated: 1945
[f=927.585] Expanded: 1471, Generated: 1946
[f=927.653] Expanded: 1471, Generated: 1947
[f=927.726] Expanded: 1472, Generated: 1948
[f=927.764] Expanded: 1472, Generated: 1949
[f=927.775] Expanded: 1472, Generated: 1950
[f=927.088] Expanded: 1474, Generated: 1952
[f=928.182] Expanded: 1474, Generated: 1953
[f=928.247] Expanded: 1474, Generated: 1954
[f=928.309] Expanded: 1474, Generated: 1955
[f=928.808] Expanded: 1475, Generated: 1956
[f=929.171] Expanded: 1476, Generated: 1957
[f=929.312] Expanded: 1477, Generated: 1958
[f=929.466] Expanded: 1478, Generated: 1959
[f=929.532] Expanded: 1479, Generated: 1960
[f=929.931] Expanded: 1479, Generated: 1961
[f=930.013] Expanded: 1480, Generated: 1962
[f=930.069] Expanded: 1480, Generated: 1963
[f=930.072] Expanded: 1481, Generated: 1964
[f=930.192] Expanded: 1482, Generated: 1965
[f=930.208] Expanded: 1483, Generated: 1966
[f=930.216] Expanded: 1484, Generated: 1967
[f=930.261] Expanded: 1485, Generated: 1968
[f=930.306] Expanded: 1486, Generated: 1969
[f=930.340] Expanded: 1487, Generated: 1970
[f=930.353] Expanded: 1487, Generated: 1971
[f=930.376] Expanded: 1488, Generated: 1972
[f=930.382] Expanded: 1489, Generated: 1973
[f=930.445] Expanded: 1490, Generated: 1974
[f=930.549] Expanded: 1490, Generated: 1975
[f=930.625] Expanded: 1490, Generated: 1976
[f=926.265] Expanded: 1492, Generated: 1978
[f=928.249] Expanded: 1493, Generated: 1979
[f=928.502] Expanded: 1494, Generated: 1980
[f=928.660] Expanded: 1495, Generated: 1981
[f=928.686] Expanded: 1496, Generated: 1982
[f=928.763] Expanded: 1497, Generated: 1983
[f=928.789] Expanded: 1498, Generated: 1984
[f=927.392] Expanded: 1499, Generated: 1986
[f=928.192] Expanded: 1500, Generated: 1988
[f=927.140] Expanded: 1501, Generated: 1990
[f=928.622] Expanded: 1502, Generated: 1991
[f=927.924] Expanded: 1503, Generated: 1993
[f=929.388] Expanded: 1504, Generated: 1994
[f=929.410] Expanded: 1505, Generated: 1995
[f=929.347] Expanded: 1507, Generated: 1997
[f=929.749] Expanded: 1508, Generated: 1998
[f=929.793] Expanded: 1509, Generated: 1999
[f=929.906] Expanded: 1510, Generated: 2000
[f=929.947] Expanded: 1510, Generated: 2001
[f=930.085] Expanded: 1511, Generated: 2002
[f=930.109] Expanded: 1512, Generated: 2003
[f=930.124] Expanded: 1513, Generated: 2004
[f=930.241] Expanded: 1514, Generated: 2005
[f=930.249] Expanded: 1515, Generated: 2006
[f=930.250] Expanded: 1516, Generated: 2007
[f=930.287] Expanded: 1517, Generated: 2008
[f=930.339] Expanded: 1518, Generated: 2009
[f=930.445] Expanded: 1519, Generated: 2010
[f=930.455] Expanded: 1519, Generated: 2011
[f=930.531] Expanded: 1519, Generated: 2012
[f=930.551] Expanded: 1520, Generated: 2013
[f=930.564] Expanded: 1521, Generated: 2014
[f=930.649] Expanded: 1521, Generated: 2015
[f=930.684] Expanded: 1522, Generated: 2016
[f=930.709] Expanded: 1522, Generated: 2017
[f=930.757] Expanded: 1523, Generated: 2018
[f=930.766] Expanded: 1524, Generated: 2019
[f=930.796] Expanded: 1525, Generated: 2020
[f=930.797] Expanded: 1526, Generated: 2021
[f=930.828] Expanded: 1527, Generated: 2022
[f=930.836] Expanded: 1528, Generated: 2023
[f=930.884] Expanded: 1528, Generated: 2024
[f=930.904] Expanded: 1529, Generated: 2025
[f=930.906] Expanded: 1530, Generated: 2026
[f=931.038] Expanded: 1530, Generated: 2027
[f=931.058] Expanded: 1530, Generated: 2028
[f=931.060] Expanded: 1531, Generated: 2029
[f=931.070] Expanded: 1532, Generated: 2030
[f=930.352] Expanded: 1534, Generated: 2032
[f=931.132] Expanded: 1535, Generated: 2033
[f=931.146] Expanded: 1536, Generated: 2034
[f=931.238] Expanded: 1536, Generated: 2035
[f=931.247] Expanded: 1537, Generated: 2036
[f=931.255] Expanded: 1538, Generated: 2037
[f=931.290] Expanded: 1538, Generated: 2038
[f=931.306] Expanded: 1538, Generated: 2039
[f=931.383] Expanded: 1539, Generated: 2040
[f=931.394] Expanded: 1539, Generated: 2041
[f=931.406] Expanded: 1540, Generated: 2042
[f=931.410] Expanded: 1541, Generated: 2043
[f=931.445] Expanded: 1541, Generated: 2044
[f=931.460] Expanded: 1542, Generated: 2045
[f=931.463] Expanded: 1542, Generated: 2046
[f=931.464] Expanded: 1542, Generated: 2047
[f=931.490] Expanded: 1542, Generated: 2048
[f=931.500] Expanded: 1542, Generated: 2049
[f=931.579] Expanded: 1542, Generated: 2050
[f=931.612] Expanded: 1543, Generated: 2051
[f=927.690] Expanded: 1544, Generated: 2053
[f=930.846] Expanded: 1545, Generated: 2054
[f=930.844] Expanded: 1547, Generated: 2056
[f=931.675] Expanded: 1548, Generated: 2057
[f=931.694] Expanded: 1548, Generated: 2058
[f=931.757] Expanded: 1549, Generated: 2059
[f=931.795] Expanded: 1550, Generated: 2060
[f=931.821] Expanded: 1551, Generated: 2061
[f=931.821] Expanded: 1551, Generated: 2062
[f=931.875] Expanded: 1552, Generated: 2063
[f=931.882] Expanded: 1553, Generated: 2064
[f=931.934] Expanded: 1553, Generated: 2065
[f=931.961] Expanded: 1554, Generated: 2066
[f=931.978] Expanded: 1555, Generated: 2067
[f=931.979] Expanded: 1555, Generated: 2068
[f=932.000] Expanded: 1555, Generated: 2069
[f=925.760] Expanded: 1557, Generated: 2071
[f=925.873] Expanded: 1558, Generated: 2072
[f=925.931] Expanded: 1559, Generated: 2073
[f=924.552] Expanded: 1561, Generated: 2075
[f=925.972] Expanded: 1562, Generated: 2076
[f=926.044] Expanded: 1563, Generated: 2077
[f=924.914] Expanded: 1565, Generated: 2079
[f=925.061] Expanded: 1566, Generated: 2080
[f=925.111] Expanded: 1567, Generated: 2081
[f=925.115] Expanded: 1568, Generated: 2082
[f=925.162] Expanded: 1569, Generated: 2083
[f=925.230] Expanded: 1570, Generated: 2084
[f=925.710] Expanded: 1571, Generated: 2085
[f=926.199] Expanded: 1572, Generated: 2086
[f=926.400] Expanded: 1573, Generated: 2087
[f=925.260] Expanded: 1575, Generated: 2089
[f=923.369] Expanded: 1577, Generated: 2091
[f=923.904] Expanded: 1578, Generated: 2092
[f=924.500] Expanded: 1579, Generated: 2093
[f=924.688] Expanded: 1580, Generated: 2094
[f=925.495] Expanded: 1581, Generated: 2095
[f=923.674] Expanded: 1583, Generated: 2097
[f=925.552] Expanded: 1584, Generated: 2098
[f=925.818] Expanded: 1585, Generated: 2099
[f=926.686] Expanded: 1586, Generated: 2100
[f=926.758] Expanded: 1586, Generated: 2101
[f=926.787] Expanded: 1587, Generated: 2102
[f=926.151] Expanded: 1589, Generated: 2104
[f=922.171] Expanded: 1591, Generated: 2106
[f=923.998] Expanded: 1592, Generated: 2107
[f=924.341] Expanded: 1592, Generated: 2108
[f=925.264] Expanded: 1593, Generated: 2109
[f=925.364] Expanded: 1594, Generated: 2110
[f=925.698] Expanded: 1594, Generated: 2111
[f=926.349] Expanded: 1595, Generated: 2112
[f=924.373] Expanded: 1597, Generated: 2114
[f=924.692] Expanded: 1597, Generated: 2115
[f=926.411] Expanded: 1598, Generated: 2116
[f=926.701] Expanded: 1599, Generated: 2117
[f=927.044] Expanded: 1599, Generated: 2118
[f=927.263] Expanded: 1599, Generated: 2119
[f=927.344] Expanded: 1600, Generated: 2120
[f=927.487] Expanded: 1601, Generated: 2121
[f=927.612] Expanded: 1602, Generated: 2122
[f=927.677] Expanded: 1602, Generated: 2123
[f=927.700] Expanded: 1603, Generated: 2124
[f=927.775] Expanded: 1604, Generated: 2125
[f=927.829] Expanded: 1605, Generated: 2126
[f=927.876] Expanded: 1605, Generated: 2127
[f=928.270] Expanded: 1606, Generated: 2128
[f=928.504] Expanded: 1607, Generated: 2129
[f=928.520] Expanded: 1608, Generated: 2130
[f=928.541] Expanded: 1609, Generated: 2131
[f=928.586] Expanded: 1610, Generated: 2132
[f=928.624] Expanded: 1610, Generated: 2133
[f=928.859] Expanded: 1610, Generated: 2134
[f=928.881] Expanded: 1610, Generated: 2135
[f=928.938] Expanded: 1610, Generated: 2136
[f=929.044] Expanded: 1610, Generated: 2137
[f=929.145] Expanded: 1611, Generated: 2138
[f=929.368] Expanded: 1611, Generated: 2139
[f=929.409] Expanded: 1611, Generated: 2140
[f=929.493] Expanded: 1611, Generated: 2141
[f=929.521] Expanded: 1612, Generated: 2142
[f=929.659] Expanded: 1613, Generated: 2143
[f=929.749] Expanded: 1613, Generated: 2144
[f=929.997] Expanded: 1613, Generated: 2145
[f=930.050] Expanded: 1613, Generated: 2146
[f=930.086] Expanded: 1613, Generated: 2147
[f=924.194] Expanded: 1615, Generated: 2149
[f=924.499] Expanded: 1616, Generated: 2150
[f=925.358] Expanded: 1618, Generated: 2152
[f=924.085] Expanded: 1620, Generated: 2154
[f=924.848] Expanded: 1621, Generated: 2155
[f=925.074] Expanded: 1623, Generated: 2157
[f=928.109] Expanded: 1623, Generated: 2158
[f=930.182] Expanded: 1623, Generated: 2159
[f=930.220] Expanded: 1624, Generated: 2160
[f=930.385] Expanded: 1625, Generated: 2161
[f=928.762] Expanded: 1627, Generated: 2163
[f=924.316] Expanded: 1629, Generated: 2165
[f=924.015] Expanded: 1631, Generated: 2167
[f=930.736] Expanded: 1631, Generated: 2168
[f=929.715] Expanded: 1633, Generated: 2170
[f=930.392] Expanded: 1634, Generated: 2171
[f=930.593] Expanded: 1635, Generated: 2172
[f=930.934] Expanded: 1635, Generated: 2173
[f=928.776] Expanded: 1637, Generated: 2175
[f=931.201] Expanded: 1637, Generated: 2176
[f=930.097] Expanded: 1639, Generated: 2178
[f=930.888] Expanded: 1640, Generated: 2179
[f=930.988] Expanded: 1641, Generated: 2180
[f=931.272] Expanded: 1642, Generated: 2181
[f=929.562] Expanded: 1644, Generated: 2183
[f=929.912] Expanded: 1644, Generated: 2184
[f=931.500] Expanded: 1644, Generated: 2185
[f=928.103] Expanded: 1647, Generated: 2188
[f=929.230] Expanded: 1648, Generated: 2189
[f=929.505] Expanded: 1649, Generated: 2190
[f=929.580] Expanded: 1650, Generated: 2191
[f=930.074] Expanded: 1651, Generated: 2192
[f=929.600] Expanded: 1653, Generated: 2194
[f=929.938] Expanded: 1653, Generated: 2195
[f=931.645] Expanded: 1654, Generated: 2196
[f=930.624] Expanded: 1656, Generated: 2198
[f=930.937] Expanded: 1657, Generated: 2199
[f=931.470] Expanded: 1658, Generated: 2200
[f=930.558] Expanded: 1660, Generated: 2202
[f=930.850] Expanded: 1661, Generated: 2203
[f=931.361] Expanded: 1662, Generated: 2204
[f=931.713] Expanded: 1663, Generated: 2205
[f=926.150] Expanded: 1665, Generated: 2207
[f=926.388] Expanded: 1666, Generated: 2208
[f=926.573] Expanded: 1667, Generated: 2209
[f=926.663] Expanded: 1667, Generated: 2210
[f=926.771] Expanded: 1668, Generated: 2211
[f=926.836] Expanded: 1668, Generated: 2212
[f=926.996] Expanded: 1669, Generated: 2213
[f=927.021] Expanded: 1670, Generated: 2214
[f=927.193] Expanded: 1671, Generated: 2215
[f=926.705] Expanded: 1672, Generated: 2217
[f=927.290] Expanded: 1673, Generated: 2218
[f=927.324] Expanded: 1674, Generated: 2219
[f=927.365] Expanded: 1675, Generated: 2220
[f=927.653] Expanded: 1676, Generated: 2221
[f=927.686] Expanded: 1677, Generated: 2222
[f=927.915] Expanded: 1678, Generated: 2223
[f=928.410] Expanded: 1678, Generated: 2224
[f=928.504] Expanded: 1679, Generated: 2225
[f=928.728] Expanded: 1679, Generated: 2226
[f=928.625] Expanded: 1680, Generated: 2228
[f=929.378] Expanded: 1681, Generated: 2229
[f=929.436] Expanded: 1681, Generated: 2230
[f=929.576] Expanded: 1682, Generated: 2231
[f=929.607] Expanded: 1683, Generated: 2232
[f=926.270] Expanded: 1685, Generated: 2234
[f=926.542] Expanded: 1686, Generated: 2235
[f=926.625] Expanded: 1686, Generated: 2236
[f=926.744] Expanded: 1687, Generated: 2237
[f=926.806] Expanded: 1687, Generated: 2238
[f=926.933] Expanded: 1688, Generated: 2239
[f=927.435] Expanded: 1689, Generated: 2240
[f=928.071] Expanded: 1690, Generated: 2241
[f=929.338] Expanded: 1691, Generated: 2242
[f=930.014] Expanded: 1692, Generated: 2243
[f=926.181] Expanded: 1693, Generated: 2245
[f=926.984] Expanded: 1694, Generated: 2246
[f=927.271] Expanded: 1695, Generated: 2247
[f=926.588] Expanded: 1696, Generated: 2249
[f=927.360] Expanded: 1697, Generated: 2250
[f=927.369] Expanded: 1698, Generated: 2251
[f=927.446] Expanded: 1699, Generated: 2252
[f=927.573] Expanded: 1700, Generated: 2253
[f=928.082] Expanded: 1700, Generated: 2254
[f=928.234] Expanded: 1701, Generated: 2255
[f=928.409] Expanded: 1701, Generated: 2256
[f=928.308] Expanded: 1702, Generated: 2258
[f=928.908] Expanded: 1702, Generated: 2259
[f=929.051] Expanded: 1703, Generated: 2260
[f=929.259] Expanded: 1704, Generated: 2261
[f=929.295] Expanded: 1705, Generated: 2262
[f=929.959] Expanded: 1706, Generated: 2263
[f=928.855] Expanded: 1708, Generated: 2265
[f=928.901] Expanded: 1710, Generated: 2267
[f=930.379] Expanded: 1710, Generated: 2268
[f=930.408] Expanded: 1710, Generated: 2269
[f=930.486] Expanded: 1711, Generated: 2270
[f=930.596] Expanded: 1711, Generated: 2271
[f=929.099] Expanded: 1713, Generated: 2273
[f=929.202] Expanded: 1715, Generated: 2275
[f=930.809] Expanded: 1715, Generated: 2276
[f=931.260] Expanded: 1715, Generated: 2277
[f=931.584] Expanded: 1716, Generated: 2278
[f=931.683] Expanded: 1716, Generated: 2279
[f=931.754] Expanded: 1716, Generated: 2280
[f=931.772] Expanded: 1717, Generated: 2281
[f=931.787] Expanded: 1718, Generated: 2282
[f=931.790] Expanded: 1719, Generated: 2283
[f=928.949] Expanded: 1722, Generated: 2286
[f=930.242] Expanded: 1724, Generated: 2288
[f=930.801] Expanded: 1725, Generated: 2289
[f=931.857] Expanded: 1725, Generated: 2290
[f=931.871] Expanded: 1726, Generated: 2291
[f=931.142] Expanded: 1727, Generated: 2293
[f=931.945] Expanded: 1728, Generated: 2294
[f=928.622] Expanded: 1731, Generated: 2297
[f=929.210] Expanded: 1734, Generated: 2300
[f=931.966] Expanded: 1734, Generated: 2301
[f=932.018] Expanded: 1735, Generated: 2302
[f=932.019] Expanded: 1735, Generated: 2303
[f=932.036] Expanded: 1735, Generated: 2304
[f=932.037] Expanded: 1735, Generated: 2305
[f=932.037] Expanded: 1736, Generated: 2306
[f=932.068] Expanded: 1737, Generated: 2307
[f=932.068] Expanded: 1738, Generated: 2308
[f=932.070] Expanded: 1738, Generated: 2309
[f=932.117] Expanded: 1739, Generated: 2310
[f=932.122] Expanded: 1739, Generated: 2311
[f=932.139] Expanded: 1740, Generated: 2312
[f=932.165] Expanded: 1741, Generated: 2313
[f=932.173] Expanded: 1742, Generated: 2314
[f=932.191] Expanded: 1743, Generated: 2315
[f=932.192] Expanded: 1743, Generated: 2316
[f=932.222] Expanded: 1743, Generated: 2317
[f=932.229] Expanded: 1744, Generated: 2318
[f=932.236] Expanded: 1744, Generated: 2319
[f=932.257] Expanded: 1744, Generated: 2320
[f=932.261] Expanded: 1745, Generated: 2321
[f=932.269] Expanded: 1745, Generated: 2322
[f=932.274] Expanded: 1746, Generated: 2323
[f=932.277] Expanded: 1747, Generated: 2324
[f=932.285] Expanded: 1748, Generated: 2325
[f=932.298] Expanded: 1748, Generated: 2326
[f=932.314] Expanded: 1748, Generated: 2327
[f=932.333] Expanded: 1748, Generated: 2328
[f=932.351] Expanded: 1749, Generated: 2329
[f=924.997] Expanded: 1751, Generated: 2331
[f=925.057] Expanded: 1752, Generated: 2332
[f=925.207] Expanded: 1753, Generated: 2333
[f=924.532] Expanded: 1755, Generated: 2335
[f=925.413] Expanded: 1756, Generated: 2336
[f=925.457] Expanded: 1758, Generated: 2338
[f=925.497] Expanded: 1759, Generated: 2339
[f=925.627] Expanded: 1760, Generated: 2340
[f=925.708] Expanded: 1761, Generated: 2341
[f=925.789] Expanded: 1762, Generated: 2342
[f=925.917] Expanded: 1763, Generated: 2343
[f=926.071] Expanded: 1764, Generated: 2344
[f=926.256] Expanded: 1764, Generated: 2345
[f=926.316] Expanded: 1764, Generated: 2346
[f=926.326] Expanded: 1765, Generated: 2347
[f=926.368] Expanded: 1766, Generated: 2348
[f=926.407] Expanded: 1767, Generated: 2349
[f=926.706] Expanded: 1768, Generated: 2350
[f=926.730] Expanded: 1768, Generated: 2351
[f=926.778] Expanded: 1769, Generated: 2352
[f=926.855] Expanded: 1769, Generated: 2353
[f=926.878] Expanded: 1770, Generated: 2354
[f=925.721] Expanded: 1772, Generated: 2356
[f=925.786] Expanded: 1773, Generated: 2357
[f=926.106] Expanded: 1774, Generated: 2358
[f=927.038] Expanded: 1775, Generated: 2359
[f=927.173] Expanded: 1776, Generated: 2360
[f=927.244] Expanded: 1777, Generated: 2361
[f=927.393] Expanded: 1777, Generated: 2362
[f=926.520] Expanded: 1779, Generated: 2364
[f=926.579] Expanded: 1780, Generated: 2365
[f=926.690] Expanded: 1781, Generated: 2366
[f=928.080] Expanded: 1781, Generated: 2367
[f=929.595] Expanded: 1781, Generated: 2368
[f=929.662] Expanded: 1782, Generated: 2369
[f=929.838] Expanded: 1783, Generated: 2370
[f=930.051] Expanded: 1784, Generated: 2371
[f=930.728] Expanded: 1785, Generated: 2372
[f=930.817] Expanded: 1786, Generated: 2373
[f=931.019] Expanded: 1787, Generated: 2374
[f=931.222] Expanded: 1788, Generated: 2375
[f=931.308] Expanded: 1789, Generated: 2376
[f=931.380] Expanded: 1790, Generated: 2377
[f=931.439] Expanded: 1791, Generated: 2378
[f=931.466] Expanded: 1792, Generated: 2379
[f=931.500] Expanded: 1793, Generated: 2380
[f=931.548] Expanded: 1794, Generated: 2381
[f=931.637] Expanded: 1795, Generated: 2382
[f=931.905] Expanded: 1796, Generated: 2383
[f=931.981] Expanded: 1796, Generated: 2384
[f=932.022] Expanded: 1797, Generated: 2385
[f=932.111] Expanded: 1798, Generated: 2386
[f=932.221] Expanded: 1799, Generated: 2387
[f=931.992] Expanded: 1801, Generated: 2389
[f=932.413] Expanded: 1801, Generated: 2390
[f=932.413] Expanded: 1801, Generated: 2391
[f=932.415] Expanded: 1802, Generated: 2392
[f=929.600] Expanded: 1804, Generated: 2394
[f=930.497] Expanded: 1805, Generated: 2395
[f=930.498] Expanded: 1806, Generated: 2396
[f=930.606] Expanded: 1807, Generated: 2397
[f=930.617] Expanded: 1809, Generated: 2399
[f=930.759] Expanded: 1810, Generated: 2400
[f=930.823] Expanded: 1810, Generated: 2401
[f=930.835] Expanded: 1811, Generated: 2402
[f=930.871] Expanded: 1812, Generated: 2403
[f=930.877] Expanded: 1813, Generated: 2404
[f=931.050] Expanded: 1814, Generated: 2405
[f=931.116] Expanded: 1814, Generated: 2406
[f=931.124] Expanded: 1814, Generated: 2407
[f=931.195] Expanded: 1815, Generated: 2408
[f=931.200] Expanded: 1816, Generated: 2409
[f=931.221] Expanded: 1816, Generated: 2410
[f=931.901] Expanded: 1817, Generated: 2411
[f=931.915] Expanded: 1818, Generated: 2412
[f=932.017] Expanded: 1819, Generated: 2413
[f=932.125] Expanded: 1820, Generated: 2414
[f=932.279] Expanded: 1821, Generated: 2415
[f=932.436] Expanded: 1821, Generated: 2416
[f=932.456] Expanded: 1821, Generated: 2417
[f=932.461] Expanded: 1821, Generated: 2418
[f=932.473] Expanded: 1822, Generated: 2419
[f=932.480] Expanded: 1823, Generated: 2420
[f=932.480] Expanded: 1823, Generated: 2421
[f=932.510] Expanded: 1824, Generated: 2422
[f=930.256] Expanded: 1826, Generated: 2424
[f=931.483] Expanded: 1827, Generated: 2425
[f=931.611] Expanded: 1828, Generated: 2426
[f=932.514] Expanded: 1828, Generated: 2427
[f=932.519] Expanded: 1828, Generated: 2428
[f=932.527] Expanded: 1828, Generated: 2429
[f=932.538] Expanded: 1828, Generated: 2430
[f=932.558] Expanded: 1829, Generated: 2431
[f=932.563] Expanded: 1830, Generated: 2432
[f=932.568] Expanded: 1830, Generated: 2433
[f=932.577] Expanded: 1830, Generated: 2434
[f=932.590] Expanded: 1830, Generated: 2435
[f=932.597] Expanded: 1830, Generated: 2436
[f=923.866] Expanded: 1834, Generated: 2440
[f=922.758] Expanded: 1835, Generated: 2442
[f=923.624] Expanded: 1836, Generated: 2443
[f=922.777] Expanded: 1838, Generated: 2445
[f=923.458] Expanded: 1839, Generated: 2446
[f=925.576] Expanded: 1840, Generated: 2447
[f=923.225] Expanded: 1842, Generated: 2449
[f=924.239] Expanded: 1843, Generated: 2450
[f=924.535] Expanded: 1844, Generated: 2451
[f=924.545] Expanded: 1845, Generated: 2452
[f=925.751] Expanded: 1846, Generated: 2453
[f=925.778] Expanded: 1847, Generated: 2454
[f=925.813] Expanded: 1848, Generated: 2455
[f=925.856] Expanded: 1849, Generated: 2456
[f=921.574] Expanded: 1851, Generated: 2458
[f=922.557] Expanded: 1851, Generated: 2459
[f=923.397] Expanded: 1852, Generated: 2460
[f=922.666] Expanded: 1854, Generated: 2462
[f=923.151] Expanded: 1855, Generated: 2463
[f=923.368] Expanded: 1856, Generated: 2464
[f=923.569] Expanded: 1858, Generated: 2466
[f=924.272] Expanded: 1859, Generated: 2467
[f=923.546] Expanded: 1860, Generated: 2469
[f=924.394] Expanded: 1861, Generated: 2470
[f=924.975] Expanded: 1861, Generated: 2471
[f=925.229] Expanded: 1862, Generated: 2472
[f=925.972] Expanded: 1863, Generated: 2473
[f=925.847] Expanded: 1864, Generated: 2475
[f=926.117] Expanded: 1865, Generated: 2476
[f=926.150] Expanded: 1865, Generated: 2477
[f=926.239] Expanded: 1865, Generated: 2478
[f=926.326] Expanded: 1866, Generated: 2479
[f=926.340] Expanded: 1867, Generated: 2480
[f=926.558] Expanded: 1868, Generated: 2481
[f=926.675] Expanded: 1868, Generated: 2482
[f=926.698] Expanded: 1869, Generated: 2483
[f=926.784] Expanded: 1869, Generated: 2484
[f=924.590] Expanded: 1870, Generated: 2486
[f=924.766] Expanded: 1871, Generated: 2487
[f=924.978] Expanded: 1871, Generated: 2488
[f=924.997] Expanded: 1872, Generated: 2489
[f=925.120] Expanded: 1873, Generated: 2490
[f=925.343] Expanded: 1874, Generated: 2491
[f=925.887] Expanded: 1875, Generated: 2492
[f=926.048] Expanded: 1876, Generated: 2493
[f=926.535] Expanded: 1877, Generated: 2494
[f=926.580] Expanded: 1878, Generated: 2495
[f=927.210] Expanded: 1879, Generated: 2496
[f=927.250] Expanded: 1880, Generated: 2497
[f=927.251] Expanded: 1881, Generated: 2498
[f=927.260] Expanded: 1881, Generated: 2499
[f=927.279] Expanded: 1881, Generated: 2500
[f=927.476] Expanded: 1881, Generated: 2501
[f=927.513] Expanded: 1882, Generated: 2502
[f=927.538] Expanded: 1883, Generated: 2503
[f=927.748] Expanded: 1883, Generated: 2504
[f=927.769] Expanded: 1883, Generated: 2505
[f=927.791] Expanded: 1884, Generated: 2506
[f=927.826] Expanded: 1884, Generated: 2507
[f=927.852] Expanded: 1884, Generated: 2508
[f=927.909] Expanded: 1885, Generated: 2509
[f=928.094] Expanded: 1886, Generated: 2510
[f=928.104] Expanded: 1886, Generated: 2511
[f=928.112] Expanded: 1887, Generated: 2512
[f=928.361] Expanded: 1888, Generated: 2513
[f=928.525] Expanded: 1888, Generated: 2514
[f=928.635] Expanded: 1889, Generated: 2515
[f=929.065] Expanded: 1889, Generated: 2516
[f=929.120] Expanded: 1890, Generated: 2517
[f=929.167] Expanded: 1891, Generated: 2518
[f=929.203] Expanded: 1892, Generated: 2519
[f=929.227] Expanded: 1892, Generated: 2520
[f=929.246] Expanded: 1892, Generated: 2521
[f=925.328] Expanded: 1894, Generated: 2523
[f=925.574] Expanded: 1895, Generated: 2524
[f=926.091] Expanded: 1897, Generated: 2526
[f=925.923] Expanded: 1899, Generated: 2528
[f=927.021] Expanded: 1901, Generated: 2530
[f=927.409] Expanded: 1901, Generated: 2531
[f=927.844] Expanded: 1902, Generated: 2532
[f=925.159] Expanded: 1904, Generated: 2534
[f=925.828] Expanded: 1905, Generated: 2535
[f=925.961] Expanded: 1906, Generated: 2536
[f=925.855] Expanded: 1908, Generated: 2538
[f=926.655] Expanded: 1909, Generated: 2539
[f=927.375] Expanded: 1910, Generated: 2540
[f=928.327] Expanded: 1911, Generated: 2541
[f=928.509] Expanded: 1911, Generated: 2542
[f=929.004] Expanded: 1911, Generated: 2543
[f=929.367] Expanded: 1911, Generated: 2544
[f=929.478] Expanded: 1912, Generated: 2545
[f=929.537] Expanded: 1913, Generated: 2546
[f=925.297] Expanded: 1915, Generated: 2548
[f=926.320] Expanded: 1917, Generated: 2550
[f=925.038] Expanded: 1919, Generated: 2552
[f=925.825] Expanded: 1920, Generated: 2553
[f=927.609] Expanded: 1921, Generated: 2554
[f=929.761] Expanded: 1922, Generated: 2555
[f=929.761] Expanded: 1922, Generated: 2556
[f=927.590] Expanded: 1924, Generated: 2558
[f=928.343] Expanded: 1925, Generated: 2559
[f=930.037] Expanded: 1926, Generated: 2560
[f=930.059] Expanded: 1927, Generated: 2561
[f=928.829] Expanded: 1929, Generated: 2563
[f=929.745] Expanded: 1930, Generated: 2564
[f=929.865] Expanded: 1931, Generated: 2565
[f=928.953] Expanded: 1933, Generated: 2567
[f=929.887] Expanded: 1934, Generated: 2568
[f=930.057] Expanded: 1935, Generated: 2569
[f=930.377] Expanded: 1936, Generated: 2570
[f=930.395] Expanded: 1936, Generated: 2571
[f=930.469] Expanded: 1936, Generated: 2572
[f=930.592] Expanded: 1937, Generated: 2573
[f=930.600] Expanded: 1938, Generated: 2574
[f=930.676] Expanded: 1939, Generated: 2575
[f=930.689] Expanded: 1940, Generated: 2576
[f=930.727] Expanded: 1941, Generated: 2577
[f=930.728] Expanded: 1941, Generated: 2578
[f=930.005] Expanded: 1943, Generated: 2580
[f=930.107] Expanded: 1944, Generated: 2581
[f=930.114] Expanded: 1945, Generated: 2582
[f=930.759] Expanded: 1946, Generated: 2583
[f=930.803] Expanded: 1947, Generated: 2584
[f=930.959] Expanded: 1948, Generated: 2585
[f=927.779] Expanded: 1951, Generated: 2588
[f=928.860] Expanded: 1952, Generated: 2589
[f=928.857] Expanded: 1954, Generated: 2591
[f=929.384] Expanded: 1955, Generated: 2592
[f=930.192] Expanded: 1955, Generated: 2593
[f=930.422] Expanded: 1955, Generated: 2594
[f=929.843] Expanded: 1957, Generated: 2596
[f=930.761] Expanded: 1958, Generated: 2597
[f=930.907] Expanded: 1959, Generated: 2598
[f=927.734] Expanded: 1961, Generated: 2600
[f=928.581] Expanded: 1962, Generated: 2601
[f=928.746] Expanded: 1963, Generated: 2602
[f=929.163] Expanded: 1963, Generated: 2603
[f=931.018] Expanded: 1964, Generated: 2604
[f=931.070] Expanded: 1964, Generated: 2605
[f=931.115] Expanded: 1965, Generated: 2606
[f=931.118] Expanded: 1965, Generated: 2607
[f=931.149] Expanded: 1965, Generated: 2608
[f=931.181] Expanded: 1965, Generated: 2609
[f=931.184] Expanded: 1965, Generated: 2610
[f=931.195] Expanded: 1965, Generated: 2611
[f=931.218] Expanded: 1965, Generated: 2612
[f=928.022] Expanded: 1968, Generated: 2615
[f=930.411] Expanded: 1969, Generated: 2616
[f=930.634] Expanded: 1970, Generated: 2617
[f=930.717] Expanded: 1970, Generated: 2618
[f=930.823] Expanded: 1971, Generated: 2619
[f=930.848] Expanded: 1972, Generated: 2620
[f=931.236] Expanded: 1973, Generated: 2621
[f=931.258] Expanded: 1974, Generated: 2622
[f=931.258] Expanded: 1975, Generated: 2623
[f=931.307] Expanded: 1976, Generated: 2624
[f=931.357] Expanded: 1976, Generated: 2625
[f=931.411] Expanded: 1976, Generated: 2626
[f=931.429] Expanded: 1977, Generated: 2627
[f=931.431] Expanded: 1977, Generated: 2628
[f=931.448] Expanded: 1977, Generated: 2629
[f=931.462] Expanded: 1977, Generated: 2630
[f=931.477] Expanded: 1978, Generated: 2631
[f=931.506] Expanded: 1979, Generated: 2632
[f=931.539] Expanded: 1980, Generated: 2633
[f=931.540] Expanded: 1981, Generated: 2634
[f=931.572] Expanded: 1982, Generated: 2635
[f=931.580] Expanded: 1983, Generated: 2636
[f=931.695] Expanded: 1984, Generated: 2637
[f=931.744] Expanded: 1985, Generated: 2638
[f=931.753] Expanded: 1985, Generated: 2639
[f=931.756] Expanded: 1985, Generated: 2640
[f=931.763] Expanded: 1986, Generated: 2641
[f=931.849] Expanded: 1986, Generated: 2642
[f=931.851] Expanded: 1986, Generated: 2643
[f=931.898] Expanded: 1986, Generated: 2644
[f=931.905] Expanded: 1987, Generated: 2645
[f=931.916] Expanded: 1988, Generated: 2646
[f=924.779] Expanded: 1990, Generated: 2648
[f=925.332] Expanded: 1991, Generated: 2649
[f=925.473] Expanded: 1992, Generated: 2650
[f=925.493] Expanded: 1994, Generated: 2652
[f=926.187] Expanded: 1995, Generated: 2653
[f=927.330] Expanded: 1996, Generated: 2654
[f=928.291] Expanded: 1997, Generated: 2655
[f=928.659] Expanded: 1997, Generated: 2656
[f=929.404] Expanded: 1998, Generated: 2657
[f=930.931] Expanded: 1998, Generated: 2658
[f=931.344] Expanded: 1999, Generated: 2659
[f=931.837] Expanded: 1999, Generated: 2660
[f=928.977] Expanded: 2000, Generated: 2662
[f=931.501] Expanded: 2000, Generated: 2663
[f=931.987] Expanded: 2000, Generated: 2664
[f=931.991] Expanded: 2001, Generated: 2665
[f=932.044] Expanded: 2001, Generated: 2666
[f=924.671] Expanded: 2003, Generated: 2668
[f=925.347] Expanded: 2004, Generated: 2669
[f=927.565] Expanded: 2005, Generated: 2670
[f=930.999] Expanded: 2005, Generated: 2671
[f=931.811] Expanded: 2006, Generated: 2672
[f=932.061] Expanded: 2007, Generated: 2673
[f=932.070] Expanded: 2007, Generated: 2674
[f=932.078] Expanded: 2007, Generated: 2675
[f=932.079] Expanded: 2007, Generated: 2676
[f=932.109] Expanded: 2008, Generated: 2677
[f=930.853] Expanded: 2010, Generated: 2679
[f=931.602] Expanded: 2011, Generated: 2680
[f=931.792] Expanded: 2012, Generated: 2681
[f=932.248] Expanded: 2013, Generated: 2682
[f=932.256] Expanded: 2013, Generated: 2683
[f=930.976] Expanded: 2015, Generated: 2685
[f=931.596] Expanded: 2016, Generated: 2686
[f=931.897] Expanded: 2017, Generated: 2687
[f=927.494] Expanded: 2018, Generated: 2689
[f=927.501] Expanded: 2019, Generated: 2690
[f=927.763] Expanded: 2019, Generated: 2691
[f=927.786] Expanded: 2020, Generated: 2692
[f=927.865] Expanded: 2021, Generated: 2693
[f=928.113] Expanded: 2022, Generated: 2694
[f=928.517] Expanded: 2023, Generated: 2695
[f=929.273] Expanded: 2024, Generated: 2696
[f=928.312] Expanded: 2025, Generated: 2698
[f=928.433] Expanded: 2026, Generated: 2699
[f=928.596] Expanded: 2027, Generated: 2700
[f=928.681] Expanded: 2027, Generated: 2701
[f=928.784] Expanded: 2028, Generated: 2702
[f=929.040] Expanded: 2029, Generated: 2703
[f=929.223] Expanded: 2030, Generated: 2704
[f=929.836] Expanded: 2030, Generated: 2705
[f=930.324] Expanded: 2031, Generated: 2706
[f=928.541] Expanded: 2033, Generated: 2708
[f=929.451] Expanded: 2035, Generated: 2710
[f=930.553] Expanded: 2036, Generated: 2711
[f=930.600] Expanded: 2036, Generated: 2712
[f=927.436] Expanded: 2038, Generated: 2714
[f=927.515] Expanded: 2038, Generated: 2715
[f=927.781] Expanded: 2038, Generated: 2716
[f=927.805] Expanded: 2039, Generated: 2717
[f=927.889] Expanded: 2040, Generated: 2718
[f=928.081] Expanded: 2041, Generated: 2719
[f=928.333] Expanded: 2042, Generated: 2720
[f=928.880] Expanded: 2043, Generated: 2721
[f=928.890] Expanded: 2044, Generated: 2722
[f=929.131] Expanded: 2045, Generated: 2723
[f=929.703] Expanded: 2046, Generated: 2724
[f=929.957] Expanded: 2047, Generated: 2725
[f=930.009] Expanded: 2047, Generated: 2726
[f=930.031] Expanded: 2048, Generated: 2727
[f=928.419] Expanded: 2050, Generated: 2729
[f=929.336] Expanded: 2051, Generated: 2730
[f=930.294] Expanded: 2051, Generated: 2731
[f=930.374] Expanded: 2051, Generated: 2732
[f=930.484] Expanded: 2051, Generated: 2733
[f=930.563] Expanded: 2052, Generated: 2734
[f=930.646] Expanded: 2052, Generated: 2735
[f=930.684] Expanded: 2053, Generated: 2736
[f=931.046] Expanded: 2054, Generated: 2737
[f=931.202] Expanded: 2054, Generated: 2738
[f=931.336] Expanded: 2055, Generated: 2739
[f=931.363] Expanded: 2055, Generated: 2740
[f=931.434] Expanded: 2055, Generated: 2741
[f=931.553] Expanded: 2055, Generated: 2742
[f=931.601] Expanded: 2056, Generated: 2743
[f=932.197] Expanded: 2056, Generated: 2744
[f=932.104] Expanded: 2058, Generated: 2746
[f=932.396] Expanded: 2058, Generated: 2747
[f=932.398] Expanded: 2059, Generated: 2748
[f=932.454] Expanded: 2060, Generated: 2749
[f=932.473] Expanded: 2061, Generated: 2750
[f=932.475] Expanded: 2062, Generated: 2751
[f=926.024] Expanded: 2064, Generated: 2753
[f=927.123] Expanded: 2066, Generated: 2755
[f=927.441] Expanded: 2067, Generated: 2756
[f=928.963] Expanded: 2067, Generated: 2757
[f=929.999] Expanded: 2068, Generated: 2758
[f=930.071] Expanded: 2068, Generated: 2759
[f=931.178] Expanded: 2069, Generated: 2760
[f=932.139] Expanded: 2069, Generated: 2761
[f=932.479] Expanded: 2069, Generated: 2762
[f=932.507] Expanded: 2069, Generated: 2763
[f=932.535] Expanded: 2070, Generated: 2764
[f=932.573] Expanded: 2070, Generated: 2765
[f=932.583] Expanded: 2071, Generated: 2766
[f=932.598] Expanded: 2072, Generated: 2767
[f=932.613] Expanded: 2073, Generated: 2768
[f=932.621] Expanded: 2074, Generated: 2769
[f=932.621] Expanded: 2075, Generated: 2770
[f=932.621] Expanded: 2075, Generated: 2771
[f=932.640] Expanded: 2075, Generated: 2772
[f=932.642] Expanded: 2076, Generated: 2773
[f=932.648] Expanded: 2076, Generated: 2774
[f=932.652] Expanded: 2076, Generated: 2775
[f=932.654] Expanded: 2076, Generated: 2776
[f=932.657] Expanded: 2077, Generated: 2777
[f=932.660] Expanded: 2078, Generated: 2778
[f=932.661] Expanded: 2078, Generated: 2779
[f=932.666] Expanded: 2079, Generated: 2780
[f=932.667] Expanded: 2080, Generated: 2781
[f=932.673] Expanded: 2080, Generated: 2782
[f=930.942] Expanded: 2082, Generated: 2784
[f=931.858] Expanded: 2083, Generated: 2785
[f=932.054] Expanded: 2084, Generated: 2786
[f=932.693] Expanded: 2085, Generated: 2787
[f=932.695] Expanded: 2085, Generated: 2788
[f=932.699] Expanded: 2086, Generated: 2789
[f=931.726] Expanded: 2087, Generated: 2791
[f=932.551] Expanded: 2088, Generated: 2792
[f=932.712] Expanded: 2088, Generated: 2793
[f=924.312] Expanded: 2090, Generated: 2795
[f=925.242] Expanded: 2090, Generated: 2796
[f=926.117] Expanded: 2091, Generated: 2797
[f=926.659] Expanded: 2091, Generated: 2798
[f=926.067] Expanded: 2092, Generated: 2800
[f=926.949] Expanded: 2093, Generated: 2801
[f=927.485] Expanded: 2093, Generated: 2802
[f=932.285] Expanded: 2093, Generated: 2803
[f=932.719] Expanded: 2094, Generated: 2804
[f=932.720] Expanded: 2094, Generated: 2805
[f=932.721] Expanded: 2095, Generated: 2806
[f=932.745] Expanded: 2095, Generated: 2807
[f=932.748] Expanded: 2096, Generated: 2808
[f=930.737] Expanded: 2098, Generated: 2810
[f=931.652] Expanded: 2099, Generated: 2811
[f=931.655] Expanded: 2100, Generated: 2812
[f=931.754] Expanded: 2101, Generated: 2813
[f=931.472] Expanded: 2103, Generated: 2815
[f=931.884] Expanded: 2104, Generated: 2816
[f=932.017] Expanded: 2105, Generated: 2817
[f=932.215] Expanded: 2106, Generated: 2818
[f=932.284] Expanded: 2107, Generated: 2819
[f=932.393] Expanded: 2108, Generated: 2820
[f=932.446] Expanded: 2109, Generated: 2821
[f=932.487] Expanded: 2109, Generated: 2822
[f=932.536] Expanded: 2110, Generated: 2823
[f=932.621] Expanded: 2111, Generated: 2824
[f=932.753] Expanded: 2112, Generated: 2825
[f=931.089] Expanded: 2114, Generated: 2827
[f=931.981] Expanded: 2115, Generated: 2828
[f=932.038] Expanded: 2116, Generated: 2829
[f=932.786] Expanded: 2116, Generated: 2830
[f=932.788] Expanded: 2116, Generated: 2831
[f=932.803] Expanded: 2117, Generated: 2832
[f=932.805] Expanded: 2117, Generated: 2833
[f=932.808] Expanded: 2118, Generated: 2834
[f=932.810] Expanded: 2118, Generated: 2835
[f=932.827] Expanded: 2119, Generated: 2836
[f=932.831] Expanded: 2119, Generated: 2837
[f=932.840] Expanded: 2120, Generated: 2838
[f=932.840] Expanded: 2120, Generated: 2839
[f=932.844] Expanded: 2120, Generated: 2840
[f=932.844] Expanded: 2120, Generated: 2841
[f=932.852] Expanded: 2120, Generated: 2842
[f=932.861] Expanded: 2121, Generated: 2843
[f=932.869] Expanded: 2122, Generated: 2844
[f=932.869] Expanded: 2122, Generated: 2845
[f=924.128] Expanded: 2124, Generated: 2847
[f=924.773] Expanded: 2125, Generated: 2848
[f=925.125] Expanded: 2127, Generated: 2850
[f=930.553] Expanded: 2129, Generated: 2852
[f=930.772] Expanded: 2130, Generated: 2853
[f=931.385] Expanded: 2131, Generated: 2854
[f=932.172] Expanded: 2132, Generated: 2855
[f=931.917] Expanded: 2134, Generated: 2857
[f=931.738] Expanded: 2135, Generated: 2859
[f=932.585] Expanded: 2136, Generated: 2860
[f=928.649] Expanded: 2138, Generated: 2862
[f=931.302] Expanded: 2139, Generated: 2863
[f=931.804] Expanded: 2140, Generated: 2864
[f=931.800] Expanded: 2142, Generated: 2866
[f=932.673] Expanded: 2143, Generated: 2867
[f=932.889] Expanded: 2144, Generated: 2868
[f=932.898] Expanded: 2144, Generated: 2869
[f=932.900] Expanded: 2145, Generated: 2870
[f=932.903] Expanded: 2146, Generated: 2872
[f=932.913] Expanded: 2146, Generated: 2873
[f=932.914] Expanded: 2146, Generated: 2874
[f=932.915] Expanded: 2146, Generated: 2875
[f=930.043] Expanded: 2147, Generated: 2877
[f=925.254] Expanded: 2149, Generated: 2879
[f=926.151] Expanded: 2150, Generated: 2880
[f=926.414] Expanded: 2151, Generated: 2881
[f=926.678] Expanded: 2151, Generated: 2882
[f=929.350] Expanded: 2151, Generated: 2883
[f=930.601] Expanded: 2152, Generated: 2884
[f=932.495] Expanded: 2152, Generated: 2885
[f=932.722] Expanded: 2152, Generated: 2886
[f=932.930] Expanded: 2152, Generated: 2887
[f=932.933] Expanded: 2152, Generated: 2888
[f=932.935] Expanded: 2152, Generated: 2889
[f=932.949] Expanded: 2153, Generated: 2890
[f=930.380] Expanded: 2156, Generated: 2893
[f=932.624] Expanded: 2157, Generated: 2894
[f=932.957] Expanded: 2157, Generated: 2895
[f=932.960] Expanded: 2158, Generated: 2896
[f=930.318] Expanded: 2161, Generated: 2899
[f=931.184] Expanded: 2163, Generated: 2901
[f=932.049] Expanded: 2164, Generated: 2902
[f=932.669] Expanded: 2165, Generated: 2903
[f=931.287] Expanded: 2167, Generated: 2905
[f=931.728] Expanded: 2167, Generated: 2906
[f=931.841] Expanded: 2168, Generated: 2907
[f=932.015] Expanded: 2168, Generated: 2908
[f=932.051] Expanded: 2168, Generated: 2909
[f=932.059] Expanded: 2169, Generated: 2910
[f=932.178] Expanded: 2170, Generated: 2911
[f=932.184] Expanded: 2171, Generated: 2912
[f=931.601] Expanded: 2173, Generated: 2914
[f=932.389] Expanded: 2173, Generated: 2915
[f=932.417] Expanded: 2174, Generated: 2916
[f=932.479] Expanded: 2175, Generated: 2917
[f=932.521] Expanded: 2176, Generated: 2918
[f=932.554] Expanded: 2176, Generated: 2919
[f=932.743] Expanded: 2177, Generated: 2920
[f=932.782] Expanded: 2177, Generated: 2921
[f=932.711] Expanded: 2179, Generated: 2923
[f=932.983] Expanded: 2179, Generated: 2924
[f=932.157] Expanded: 2181, Generated: 2926
[f=932.525] Expanded: 2182, Generated: 2927
[f=932.684] Expanded: 2183, Generated: 2928
[f=932.727] Expanded: 2183, Generated: 2929
[f=932.766] Expanded: 2184, Generated: 2930
[f=932.807] Expanded: 2184, Generated: 2931
[f=932.841] Expanded: 2185, Generated: 2932
[f=932.853] Expanded: 2186, Generated: 2933
[f=932.883] Expanded: 2186, Generated: 2934
[f=932.904] Expanded: 2187, Generated: 2935
[f=932.989] Expanded: 2188, Generated: 2936
[f=932.991] Expanded: 2188, Generated: 2937
[f=931.996] Expanded: 2189, Generated: 2939
[f=933.010] Expanded: 2189, Generated: 2940
[f=933.013] Expanded: 2190, Generated: 2941
[f=933.015] Expanded: 2190, Generated: 2942
[f=933.017] Expanded: 2191, Generated: 2943
[f=933.022] Expanded: 2191, Generated: 2944
[f=932.544] Expanded: 2192, Generated: 2946
[f=933.030] Expanded: 2193, Generated: 2947
[f=933.030] Expanded: 2193, Generated: 2948
[f=933.033] Expanded: 2193, Generated: 2949
[f=933.034] Expanded: 2194, Generated: 2950
[f=931.796] Expanded: 2196, Generated: 2952
[f=932.422] Expanded: 2197, Generated: 2953
[f=932.716] Expanded: 2198, Generated: 2954
[f=933.043] Expanded: 2199, Generated: 2955
[f=933.045] Expanded: 2200, Generated: 2956
[f=933.054] Expanded: 2200, Generated: 2957
[f=933.062] Expanded: 2200, Generated: 2958
[f=933.073] Expanded: 2201, Generated: 2959
[f=933.078] Expanded: 2201, Generated: 2960
[f=933.083] Expanded: 2202, Generated: 2961
[f=933.098] Expanded: 2202, Generated: 2962
[f=933.100] Expanded: 2202, Generated: 2963
[f=933.102] Expanded: 2203, Generated: 2964
[f=933.103] Expanded: 2203, Generated: 2965
[f=933.112] Expanded: 2203, Generated: 2966
[f=933.112] Expanded: 2204, Generated: 2967
[f=933.116] Expanded: 2204, Generated: 2968
[f=933.119] Expanded: 2204, Generated: 2969
[f=933.120] Expanded: 2204, Generated: 2970
[f=933.123] Expanded: 2204, Generated: 2971
[f=933.123] Expanded: 2204, Generated: 2972
[f=933.126] Expanded: 2204, Generated: 2973
[f=933.130] Expanded: 2205, Generated: 2974
[f=933.131] Expanded: 2205, Generated: 2975
[f=933.141] Expanded: 2206, Generated: 2976
[f=933.157] Expanded: 2206, Generated: 2977
[f=933.164] Expanded: 2207, Generated: 2978
[f=933.165] Expanded: 2208, Generated: 2979
[f=933.168] Expanded: 2208, Generated: 2980
[f=933.179] Expanded: 2208, Generated: 2982
[f=933.182] Expanded: 2209, Generated: 2983
[f=933.186] Expanded: 2209, Generated: 2984
[f=924.060] Expanded: 2211, Generated: 2986
[f=930.638] Expanded: 2213, Generated: 2988
[f=930.838] Expanded: 2214, Generated: 2989
[f=931.504] Expanded: 2215, Generated: 2990
[f=933.196] Expanded: 2216, Generated: 2991
[f=933.200] Expanded: 2216, Generated: 2992
[f=933.202] Expanded: 2217, Generated: 2993
[f=933.207] Expanded: 2217, Generated: 2994
[f=926.642] Expanded: 2219, Generated: 2996
[f=927.357] Expanded: 2220, Generated: 2997
[f=929.898] Expanded: 2221, Generated: 2998
[f=933.211] Expanded: 2221, Generated: 2999
[f=933.221] Expanded: 2221, Generated: 3000
[f=933.231] Expanded: 2221, Generated: 3001
[f=933.235] Expanded: 2221, Generated: 3002
[f=933.255] Expanded: 2221, Generated: 3003
[f=933.261] Expanded: 2222, Generated: 3004
[f=933.262] Expanded: 2222, Generated: 3005
[f=928.783] Expanded: 2224, Generated: 3007
[f=930.559] Expanded: 2225, Generated: 3008
[f=930.608] Expanded: 2226, Generated: 3009
[f=930.776] Expanded: 2227, Generated: 3010
[f=930.856] Expanded: 2228, Generated: 3011
[f=930.915] Expanded: 2229, Generated: 3012
[f=930.968] Expanded: 2230, Generated: 3013
[f=929.808] Expanded: 2231, Generated: 3015
[f=930.266] Expanded: 2232, Generated: 3017
[f=931.762] Expanded: 2233, Generated: 3018
[f=931.809] Expanded: 2234, Generated: 3019
[f=929.762] Expanded: 2235, Generated: 3021
[f=931.280] Expanded: 2236, Generated: 3022
[f=931.831] Expanded: 2237, Generated: 3023
[f=930.334] Expanded: 2238, Generated: 3025
[f=931.933] Expanded: 2239, Generated: 3026
[f=931.535] Expanded: 2241, Generated: 3028
[f=932.055] Expanded: 2242, Generated: 3029
[f=932.144] Expanded: 2243, Generated: 3030
[f=932.152] Expanded: 2244, Generated: 3031
[f=932.194] Expanded: 2245, Generated: 3032
[f=932.255] Expanded: 2245, Generated: 3033
[f=932.295] Expanded: 2246, Generated: 3034
[f=932.365] Expanded: 2248, Generated: 3036
[f=932.406] Expanded: 2249, Generated: 3037
[f=932.413] Expanded: 2250, Generated: 3038
[f=932.414] Expanded: 2251, Generated: 3039
[f=932.456] Expanded: 2252, Generated: 3040
[f=932.484] Expanded: 2252, Generated: 3041
[f=932.487] Expanded: 2253, Generated: 3042
[f=932.504] Expanded: 2254, Generated: 3043
[f=932.538] Expanded: 2254, Generated: 3044
[f=932.608] Expanded: 2255, Generated: 3045
[f=931.290] Expanded: 2257, Generated: 3047
[f=932.743] Expanded: 2257, Generated: 3048
[f=932.798] Expanded: 2257, Generated: 3049
[f=932.902] Expanded: 2258, Generated: 3050
[f=932.919] Expanded: 2259, Generated: 3051
[f=932.987] Expanded: 2260, Generated: 3052
[f=933.052] Expanded: 2260, Generated: 3053
[f=933.067] Expanded: 2261, Generated: 3054
[f=933.099] Expanded: 2261, Generated: 3055
[f=933.158] Expanded: 2262, Generated: 3056
[f=933.204] Expanded: 2263, Generated: 3057
[f=933.270] Expanded: 2263, Generated: 3058
[f=933.271] Expanded: 2264, Generated: 3059
[f=933.274] Expanded: 2264, Generated: 3060
[f=933.274] Expanded: 2264, Generated: 3061
[f=933.275] Expanded: 2265, Generated: 3062
[f=930.920] Expanded: 2267, Generated: 3064
[f=932.209] Expanded: 2268, Generated: 3065
[f=932.365] Expanded: 2269, Generated: 3066
[f=933.279] Expanded: 2269, Generated: 3068
[f=931.727] Expanded: 2271, Generated: 3070
[f=932.199] Expanded: 2272, Generated: 3071
[f=932.297] Expanded: 2273, Generated: 3072
[f=932.425] Expanded: 2274, Generated: 3073
[f=932.536] Expanded: 2275, Generated: 3074
[f=932.545] Expanded: 2276, Generated: 3075
[f=932.561] Expanded: 2277, Generated: 3076
[f=932.607] Expanded: 2278, Generated: 3077
[f=932.632] Expanded: 2279, Generated: 3078
[f=932.641] Expanded: 2280, Generated: 3079
[f=932.659] Expanded: 2280, Generated: 3080
[f=932.887] Expanded: 2281, Generated: 3081
[f=932.948] Expanded: 2281, Generated: 3082
[f=932.957] Expanded: 2281, Generated: 3083
[f=932.968] Expanded: 2282, Generated: 3084
[f=933.015] Expanded: 2283, Generated: 3085
[f=933.062] Expanded: 2283, Generated: 3086
[f=933.285] Expanded: 2283, Generated: 3087
[f=933.288] Expanded: 2283, Generated: 3088
[f=932.514] Expanded: 2285, Generated: 3090
[f=933.306] Expanded: 2285, Generated: 3091
[f=933.309] Expanded: 2285, Generated: 3092
[f=933.311] Expanded: 2285, Generated: 3093
[f=933.318] Expanded: 2285, Generated: 3094
[f=933.324] Expanded: 2285, Generated: 3095
[f=929.356] Expanded: 2286, Generated: 3097
[f=932.530] Expanded: 2287, Generated: 3098
[f=932.119] Expanded: 2289, Generated: 3100
[f=932.817] Expanded: 2290, Generated: 3101
[f=932.971] Expanded: 2291, Generated: 3102
[f=933.328] Expanded: 2292, Generated: 3103
[f=933.331] Expanded: 2292, Generated: 3104
[f=933.336] Expanded: 2292, Generated: 3105
[f=931.890] Expanded: 2294, Generated: 3107
[f=932.786] Expanded: 2295, Generated: 3108
[f=932.852] Expanded: 2296, Generated: 3109
[f=933.012] Expanded: 2298, Generated: 3111
[f=933.346] Expanded: 2299, Generated: 3112
[f=933.348] Expanded: 2299, Generated: 3113
[f=933.352] Expanded: 2299, Generated: 3114
[f=933.359] Expanded: 2300, Generated: 3115
[f=933.361] Expanded: 2300, Generated: 3116
[f=933.363] Expanded: 2300, Generated: 3117
[f=933.369] Expanded: 2300, Generated: 3118
[f=933.372] Expanded: 2300, Generated: 3119
[f=933.385] Expanded: 2301, Generated: 3120
[f=933.392] Expanded: 2301, Generated: 3121
[f=932.081] Expanded: 2303, Generated: 3123
[f=933.397] Expanded: 2303, Generated: 3124
[f=933.399] Expanded: 2304, Generated: 3125
[f=933.399] Expanded: 2304, Generated: 3126
[f=933.401] Expanded: 2304, Generated: 3127
[f=933.414] Expanded: 2304, Generated: 3128
[f=933.416] Expanded: 2305, Generated: 3129
[f=933.423] Expanded: 2306, Generated: 3130
[f=933.428] Expanded: 2306, Generated: 3131
[f=933.432] Expanded: 2306, Generated: 3132
[f=933.432] Expanded: 2307, Generated: 3133
[f=933.438] Expanded: 2307, Generated: 3134
[f=933.441] Expanded: 2307, Generated: 3135
[f=933.444] Expanded: 2307, Generated: 3136
[f=933.444] Expanded: 2307, Generated: 3137
[f=933.445] Expanded: 2307, Generated: 3138
[f=933.445] Expanded: 2307, Generated: 3139
[f=933.446] Expanded: 2308, Generated: 3140
[f=933.448] Expanded: 2309, Generated: 3141
[f=933.449] Expanded: 2310, Generated: 3142
[f=933.449] Expanded: 2311, Generated: 3143
[f=933.450] Expanded: 2311, Generated: 3144
[f=933.451] Expanded: 2311, Generated: 3145
[f=933.457] Expanded: 2311, Generated: 3146
[f=933.460] Expanded: 2311, Generated: 3147
[f=933.467] Expanded: 2312, Generated: 3148
[f=933.472] Expanded: 2312, Generated: 3149
[f=925.553] Expanded: 2314, Generated: 3151
[f=926.070] Expanded: 2315, Generated: 3152
[f=926.137] Expanded: 2316, Generated: 3153
[f=926.406] Expanded: 2317, Generated: 3154
[f=929.962] Expanded: 2318, Generated: 3155
[f=930.201] Expanded: 2319, Generated: 3156
[f=931.025] Expanded: 2320, Generated: 3157
[f=919.318] Expanded: 2322, Generated: 3159
[f=919.903] Expanded: 2323, Generated: 3160
[f=920.205] Expanded: 2324, Generated: 3161
[f=921.559] Expanded: 2325, Generated: 3162
[f=918.168] Expanded: 2327, Generated: 3164
[f=918.952] Expanded: 2328, Generated: 3165
[f=919.426] Expanded: 2330, Generated: 3167
[f=920.000] Expanded: 2331, Generated: 3168
[f=920.434] Expanded: 2332, Generated: 3169
[f=920.760] Expanded: 2333, Generated: 3170
[f=921.266] Expanded: 2334, Generated: 3171
[f=921.421] Expanded: 2335, Generated: 3172
[f=921.548] Expanded: 2336, Generated: 3173
[f=921.703] Expanded: 2337, Generated: 3174
[f=922.134] Expanded: 2337, Generated: 3175
[f=923.036] Expanded: 2338, Generated: 3176
[f=923.708] Expanded: 2339, Generated: 3177
[f=925.161] Expanded: 2340, Generated: 3178
[f=925.192] Expanded: 2341, Generated: 3179
[f=925.278] Expanded: 2341, Generated: 3180
[f=925.726] Expanded: 2342, Generated: 3181
[f=925.773] Expanded: 2343, Generated: 3182
[f=925.826] Expanded: 2344, Generated: 3183
[f=925.908] Expanded: 2345, Generated: 3184
[f=926.005] Expanded: 2346, Generated: 3185
[f=926.351] Expanded: 2347, Generated: 3186
[f=926.515] Expanded: 2348, Generated: 3187
[f=926.525] Expanded: 2349, Generated: 3188
[f=926.561] Expanded: 2350, Generated: 3189
[f=926.591] Expanded: 2350, Generated: 3190
[f=926.627] Expanded: 2351, Generated: 3191
[f=926.669] Expanded: 2352, Generated: 3192
[f=926.737] Expanded: 2353, Generated: 3193
[f=926.829] Expanded: 2354, Generated: 3194
[f=926.833] Expanded: 2354, Generated: 3195
[f=926.877] Expanded: 2355, Generated: 3196
[f=927.061] Expanded: 2356, Generated: 3197
[f=927.102] Expanded: 2357, Generated: 3198
[f=920.919] Expanded: 2359, Generated: 3200
[f=921.794] Expanded: 2360, Generated: 3201
[f=921.749] Expanded: 2362, Generated: 3203
[f=922.509] Expanded: 2363, Generated: 3204
[f=922.969] Expanded: 2364, Generated: 3205
[f=923.277] Expanded: 2365, Generated: 3206
[f=923.348] Expanded: 2366, Generated: 3207
[f=923.513] Expanded: 2367, Generated: 3208
[f=923.814] Expanded: 2368, Generated: 3209
[f=924.156] Expanded: 2369, Generated: 3210
[f=924.678] Expanded: 2369, Generated: 3211
[f=925.337] Expanded: 2370, Generated: 3212
[f=925.588] Expanded: 2371, Generated: 3213
[f=927.158] Expanded: 2371, Generated: 3214
[f=927.226] Expanded: 2372, Generated: 3215
[f=927.229] Expanded: 2372, Generated: 3216
[f=927.249] Expanded: 2372, Generated: 3217
[f=927.255] Expanded: 2373, Generated: 3218
[f=927.292] Expanded: 2373, Generated: 3219
[f=927.343] Expanded: 2373, Generated: 3220
[f=927.417] Expanded: 2373, Generated: 3221
[f=921.990] Expanded: 2375, Generated: 3223
[f=922.498] Expanded: 2376, Generated: 3224
[f=922.512] Expanded: 2377, Generated: 3225
[f=923.458] Expanded: 2378, Generated: 3226
[f=926.303] Expanded: 2378, Generated: 3227
[f=927.311] Expanded: 2378, Generated: 3228
[f=927.354] Expanded: 2378, Generated: 3229
[f=927.542] Expanded: 2379, Generated: 3230
[f=927.610] Expanded: 2380, Generated: 3231
[f=927.617] Expanded: 2381, Generated: 3232
[f=927.661] Expanded: 2381, Generated: 3233
[f=920.790] Expanded: 2383, Generated: 3235
[f=921.665] Expanded: 2384, Generated: 3236
[f=921.638] Expanded: 2386, Generated: 3238
[f=922.529] Expanded: 2387, Generated: 3239
[f=922.942] Expanded: 2388, Generated: 3240
[f=923.163] Expanded: 2389, Generated: 3241
[f=923.392] Expanded: 2390, Generated: 3242
[f=923.410] Expanded: 2391, Generated: 3243
[f=923.808] Expanded: 2392, Generated: 3244
[f=924.044] Expanded: 2393, Generated: 3245
[f=924.874] Expanded: 2393, Generated: 3246
[f=925.325] Expanded: 2394, Generated: 3247
[f=925.591] Expanded: 2395, Generated: 3248
[f=927.248] Expanded: 2395, Generated: 3249
[f=927.531] Expanded: 2397, Generated: 3251
[f=922.307] Expanded: 2400, Generated: 3254
[f=923.356] Expanded: 2401, Generated: 3255
[f=923.391] Expanded: 2402, Generated: 3256
[f=923.658] Expanded: 2403, Generated: 3257
[f=923.915] Expanded: 2404, Generated: 3258
[f=924.161] Expanded: 2405, Generated: 3259
[f=924.565] Expanded: 2406, Generated: 3260
[f=924.512] Expanded: 2407, Generated: 3262
[f=924.640] Expanded: 2408, Generated: 3263
[f=925.651] Expanded: 2409, Generated: 3264
[f=926.181] Expanded: 2410, Generated: 3265
[f=926.908] Expanded: 2411, Generated: 3266
[f=927.835] Expanded: 2412, Generated: 3267
[f=927.842] Expanded: 2412, Generated: 3268
[f=927.862] Expanded: 2413, Generated: 3269
[f=927.876] Expanded: 2414, Generated: 3270
[f=927.900] Expanded: 2414, Generated: 3271
[f=927.905] Expanded: 2415, Generated: 3272
[f=928.004] Expanded: 2416, Generated: 3273
[f=928.107] Expanded: 2417, Generated: 3274
[f=921.892] Expanded: 2419, Generated: 3276
[f=922.505] Expanded: 2420, Generated: 3277
[f=922.730] Expanded: 2421, Generated: 3278
[f=923.480] Expanded: 2422, Generated: 3279
[f=926.334] Expanded: 2422, Generated: 3280
[f=927.359] Expanded: 2422, Generated: 3281
[f=927.477] Expanded: 2422, Generated: 3282
[f=927.509] Expanded: 2424, Generated: 3284
[f=928.119] Expanded: 2424, Generated: 3285
[f=928.122] Expanded: 2425, Generated: 3286
[f=928.127] Expanded: 2425, Generated: 3287
[f=928.135] Expanded: 2426, Generated: 3288
[f=928.154] Expanded: 2427, Generated: 3289
[f=928.166] Expanded: 2427, Generated: 3290
[f=928.178] Expanded: 2428, Generated: 3291
[f=928.220] Expanded: 2429, Generated: 3292
[f=928.231] Expanded: 2430, Generated: 3293
[f=928.289] Expanded: 2431, Generated: 3294
[f=928.300] Expanded: 2432, Generated: 3295
[f=928.300] Expanded: 2432, Generated: 3296
[f=928.326] Expanded: 2432, Generated: 3297
[f=928.348] Expanded: 2433, Generated: 3298
[f=928.358] Expanded: 2434, Generated: 3299
[f=928.377] Expanded: 2435, Generated: 3300
[f=928.405] Expanded: 2435, Generated: 3301
[f=928.432] Expanded: 2435, Generated: 3302
[f=928.463] Expanded: 2435, Generated: 3303
[f=928.484] Expanded: 2435, Generated: 3304
[f=928.505] Expanded: 2435, Generated: 3305
[f=928.579] Expanded: 2436, Generated: 3306
[f=928.580] Expanded: 2437, Generated: 3307
[f=928.588] Expanded: 2438, Generated: 3308
[f=928.614] Expanded: 2438, Generated: 3309
[f=928.629] Expanded: 2439, Generated: 3310
[f=928.630] Expanded: 2440, Generated: 3311
[f=928.647] Expanded: 2440, Generated: 3312
[f=928.667] Expanded: 2441, Generated: 3313
[f=928.668] Expanded: 2443, Generated: 3315
[f=928.723] Expanded: 2443, Generated: 3316
[f=928.825] Expanded: 2444, Generated: 3317
[f=928.855] Expanded: 2445, Generated: 3318
[f=928.863] Expanded: 2445, Generated: 3319
[f=928.982] Expanded: 2446, Generated: 3320
[f=929.005] Expanded: 2447, Generated: 3321
[f=929.005] Expanded: 2447, Generated: 3322
[f=929.007] Expanded: 2448, Generated: 3323
[f=921.945] Expanded: 2450, Generated: 3325
[f=921.659] Expanded: 2452, Generated: 3327
[f=923.955] Expanded: 2453, Generated: 3328
[f=924.222] Expanded: 2454, Generated: 3329
[f=927.837] Expanded: 2455, Generated: 3330
[f=928.581] Expanded: 2456, Generated: 3331
[f=926.691] Expanded: 2459, Generated: 3334
[f=927.309] Expanded: 2460, Generated: 3335
[f=928.953] Expanded: 2461, Generated: 3336
[f=929.019] Expanded: 2462, Generated: 3337
[f=929.027] Expanded: 2463, Generated: 3338
[f=929.060] Expanded: 2464, Generated: 3339
[f=929.069] Expanded: 2464, Generated: 3340
[f=929.087] Expanded: 2464, Generated: 3341
[f=929.110] Expanded: 2464, Generated: 3342
[f=929.127] Expanded: 2465, Generated: 3343
[f=929.137] Expanded: 2466, Generated: 3344
[f=929.153] Expanded: 2466, Generated: 3345
[f=929.155] Expanded: 2467, Generated: 3346
[f=929.207] Expanded: 2468, Generated: 3347
[f=929.207] Expanded: 2469, Generated: 3348
[f=929.210] Expanded: 2470, Generated: 3349
[f=929.213] Expanded: 2470, Generated: 3350
[f=929.222] Expanded: 2471, Generated: 3351
[f=929.247] Expanded: 2472, Generated: 3352
[f=929.248] Expanded: 2473, Generated: 3353
[f=929.251] Expanded: 2474, Generated: 3354
[f=929.272] Expanded: 2474, Generated: 3355
[f=929.292] Expanded: 2475, Generated: 3356
[f=929.327] Expanded: 2475, Generated: 3357
[f=929.350] Expanded: 2475, Generated: 3358
[f=929.354] Expanded: 2476, Generated: 3359
[f=929.371] Expanded: 2477, Generated: 3360
[f=924.847] Expanded: 2479, Generated: 3362
[f=929.192] Expanded: 2479, Generated: 3363
[f=929.382] Expanded: 2480, Generated: 3364
[f=929.388] Expanded: 2481, Generated: 3365
[f=929.403] Expanded: 2481, Generated: 3366
[f=929.410] Expanded: 2482, Generated: 3367
[f=929.410] Expanded: 2483, Generated: 3368
[f=929.426] Expanded: 2483, Generated: 3369
[f=929.455] Expanded: 2484, Generated: 3370
[f=929.473] Expanded: 2485, Generated: 3371
[f=929.474] Expanded: 2486, Generated: 3372
[f=929.484] Expanded: 2487, Generated: 3373
[f=929.487] Expanded: 2488, Generated: 3374
[f=929.490] Expanded: 2488, Generated: 3375
[f=929.520] Expanded: 2488, Generated: 3376
[f=929.524] Expanded: 2488, Generated: 3377
[f=929.531] Expanded: 2488, Generated: 3378
[f=929.545] Expanded: 2489, Generated: 3379
[f=929.559] Expanded: 2490, Generated: 3380
[f=929.561] Expanded: 2491, Generated: 3381
[f=929.577] Expanded: 2492, Generated: 3382
[f=929.594] Expanded: 2493, Generated: 3383
[f=929.613] Expanded: 2494, Generated: 3384
[f=929.618] Expanded: 2495, Generated: 3385
[f=929.623] Expanded: 2495, Generated: 3386
[f=929.624] Expanded: 2495, Generated: 3387
[f=929.648] Expanded: 2495, Generated: 3388
[f=929.669] Expanded: 2496, Generated: 3389
[f=929.735] Expanded: 2497, Generated: 3390
[f=929.737] Expanded: 2497, Generated: 3391
[f=929.744] Expanded: 2497, Generated: 3392
[f=929.749] Expanded: 2497, Generated: 3393
[f=929.752] Expanded: 2498, Generated: 3394
[f=929.786] Expanded: 2498, Generated: 3395
[f=929.803] Expanded: 2499, Generated: 3396
[f=929.813] Expanded: 2499, Generated: 3397
[f=929.814] Expanded: 2499, Generated: 3398
[f=929.841] Expanded: 2500, Generated: 3399
[f=929.848] Expanded: 2500, Generated: 3400
[f=929.853] Expanded: 2500, Generated: 3401
[f=929.919] Expanded: 2501, Generated: 3402
[f=929.929] Expanded: 2501, Generated: 3403
[f=929.932] Expanded: 2501, Generated: 3404
[f=929.941] Expanded: 2501, Generated: 3405
[f=929.970] Expanded: 2502, Generated: 3406
[f=929.970] Expanded: 2503, Generated: 3407
[f=929.988] Expanded: 2503, Generated: 3408
[f=930.026] Expanded: 2504, Generated: 3409
[f=930.030] Expanded: 2505, Generated: 3410
[f=930.034] Expanded: 2505, Generated: 3411
[f=930.050] Expanded: 2506, Generated: 3412
[f=930.054] Expanded: 2507, Generated: 3413
[f=930.072] Expanded: 2507, Generated: 3414
[f=930.079] Expanded: 2507, Generated: 3415
[f=930.083] Expanded: 2507, Generated: 3416
[f=930.102] Expanded: 2508, Generated: 3417
[f=930.120] Expanded: 2509, Generated: 3418
[f=930.123] Expanded: 2509, Generated: 3419
[f=930.123] Expanded: 2510, Generated: 3420
[f=930.125] Expanded: 2511, Generated: 3421
[f=930.137] Expanded: 2512, Generated: 3422
[f=930.141] Expanded: 2513, Generated: 3423
[f=930.149] Expanded: 2514, Generated: 3424
[f=930.158] Expanded: 2515, Generated: 3425
[f=930.169] Expanded: 2516, Generated: 3426
[f=930.172] Expanded: 2517, Generated: 3427
[f=930.175] Expanded: 2517, Generated: 3428
[f=930.246] Expanded: 2518, Generated: 3429
[f=930.251] Expanded: 2519, Generated: 3430
[f=930.266] Expanded: 2519, Generated: 3431
[f=930.301] Expanded: 2520, Generated: 3432
[f=930.309] Expanded: 2521, Generated: 3433
[f=930.311] Expanded: 2522, Generated: 3434
[f=930.312] Expanded: 2522, Generated: 3435
[f=930.347] Expanded: 2522, Generated: 3436
[f=930.353] Expanded: 2523, Generated: 3437
[f=930.355] Expanded: 2524, Generated: 3438
[f=930.358] Expanded: 2524, Generated: 3439
[f=930.364] Expanded: 2524, Generated: 3440
[f=930.382] Expanded: 2525, Generated: 3441
[f=930.388] Expanded: 2525, Generated: 3442
[f=930.388] Expanded: 2526, Generated: 3443
[f=930.390] Expanded: 2527, Generated: 3444
[f=930.401] Expanded: 2527, Generated: 3445
[f=930.414] Expanded: 2528, Generated: 3446
[f=930.421] Expanded: 2529, Generated: 3447
[f=930.431] Expanded: 2530, Generated: 3448
[f=930.442] Expanded: 2531, Generated: 3449
[f=930.450] Expanded: 2531, Generated: 3450
[f=930.453] Expanded: 2531, Generated: 3451
[f=930.460] Expanded: 2532, Generated: 3452
[f=930.482] Expanded: 2532, Generated: 3453
[f=930.516] Expanded: 2533, Generated: 3454
[f=930.543] Expanded: 2534, Generated: 3455
[f=930.544] Expanded: 2534, Generated: 3456
[f=930.544] Expanded: 2535, Generated: 3457
[f=930.546] Expanded: 2535, Generated: 3458
[f=930.552] Expanded: 2535, Generated: 3459
[f=930.569] Expanded: 2535, Generated: 3460
[f=930.590] Expanded: 2536, Generated: 3461
[f=930.593] Expanded: 2536, Generated: 3462
[f=927.381] Expanded: 2538, Generated: 3464
[f=928.165] Expanded: 2539, Generated: 3465
[f=928.747] Expanded: 2541, Generated: 3467
[f=929.212] Expanded: 2542, Generated: 3468
[f=929.629] Expanded: 2543, Generated: 3469
[f=930.043] Expanded: 2544, Generated: 3470
[f=930.585] Expanded: 2545, Generated: 3471
[f=930.625] Expanded: 2546, Generated: 3472
[f=923.815] Expanded: 2548, Generated: 3474
[f=925.900] Expanded: 2549, Generated: 3475
[f=930.029] Expanded: 2550, Generated: 3476
[f=930.252] Expanded: 2550, Generated: 3477
[f=930.674] Expanded: 2550, Generated: 3478
[f=930.686] Expanded: 2551, Generated: 3479
[f=930.689] Expanded: 2551, Generated: 3480
[f=930.698] Expanded: 2551, Generated: 3481
[f=930.706] Expanded: 2552, Generated: 3482
[f=930.710] Expanded: 2553, Generated: 3483
[f=930.732] Expanded: 2553, Generated: 3484
[f=930.738] Expanded: 2554, Generated: 3485
[f=930.758] Expanded: 2554, Generated: 3486
[f=930.780] Expanded: 2554, Generated: 3487
[f=930.803] Expanded: 2555, Generated: 3488
[f=930.806] Expanded: 2556, Generated: 3489
[f=930.830] Expanded: 2557, Generated: 3490
[f=930.836] Expanded: 2557, Generated: 3491
[f=930.861] Expanded: 2557, Generated: 3492
[f=923.942] Expanded: 2559, Generated: 3494
[f=924.719] Expanded: 2560, Generated: 3495
[f=924.652] Expanded: 2562, Generated: 3497
[f=926.215] Expanded: 2563, Generated: 3498
[f=926.938] Expanded: 2564, Generated: 3499
[f=929.102] Expanded: 2565, Generated: 3500
[f=930.011] Expanded: 2566, Generated: 3501
[f=930.743] Expanded: 2567, Generated: 3502
[f=930.798] Expanded: 2568, Generated: 3503
[f=930.917] Expanded: 2568, Generated: 3504
[f=930.925] Expanded: 2568, Generated: 3505
[f=930.925] Expanded: 2568, Generated: 3506
[f=930.942] Expanded: 2569, Generated: 3507
[f=924.304] Expanded: 2571, Generated: 3509
[f=925.920] Expanded: 2571, Generated: 3510
[f=926.372] Expanded: 2572, Generated: 3511
[f=930.743] Expanded: 2572, Generated: 3512
[f=930.955] Expanded: 2573, Generated: 3513
[f=924.682] Expanded: 2576, Generated: 3516
[f=925.795] Expanded: 2577, Generated: 3517
[f=926.037] Expanded: 2578, Generated: 3518
[f=925.861] Expanded: 2580, Generated: 3520
[f=926.723] Expanded: 2581, Generated: 3521
[f=926.896] Expanded: 2582, Generated: 3522
[f=926.813] Expanded: 2583, Generated: 3524
[f=927.018] Expanded: 2584, Generated: 3525
[f=927.912] Expanded: 2585, Generated: 3526
[f=928.079] Expanded: 2586, Generated: 3527
[f=929.067] Expanded: 2587, Generated: 3528
[f=930.754] Expanded: 2588, Generated: 3529
[f=930.971] Expanded: 2588, Generated: 3530
[f=930.972] Expanded: 2589, Generated: 3531
[f=930.973] Expanded: 2589, Generated: 3532
[f=930.974] Expanded: 2589, Generated: 3533
[f=930.975] Expanded: 2590, Generated: 3534
[f=930.977] Expanded: 2590, Generated: 3535
[f=928.849] Expanded: 2592, Generated: 3537
[f=929.434] Expanded: 2593, Generated: 3538
[f=929.716] Expanded: 2594, Generated: 3539
[f=924.516] Expanded: 2597, Generated: 3542
[f=925.557] Expanded: 2598, Generated: 3543
[f=925.644] Expanded: 2599, Generated: 3544
[f=925.703] Expanded: 2601, Generated: 3546
[f=926.408] Expanded: 2602, Generated: 3547
[f=926.657] Expanded: 2603, Generated: 3548
[f=926.370] Expanded: 2604, Generated: 3550
[f=926.560] Expanded: 2605, Generated: 3551
[f=927.698] Expanded: 2606, Generated: 3552
[f=927.858] Expanded: 2607, Generated: 3553
[f=928.711] Expanded: 2608, Generated: 3554
[f=930.520] Expanded: 2609, Generated: 3555
[f=930.952] Expanded: 2609, Generated: 3556
[f=931.001] Expanded: 2610, Generated: 3557
[f=931.006] Expanded: 2611, Generated: 3558
[f=931.029] Expanded: 2612, Generated: 3559
[f=931.038] Expanded: 2613, Generated: 3560
[f=931.039] Expanded: 2613, Generated: 3561
[f=931.062] Expanded: 2613, Generated: 3562
[f=931.077] Expanded: 2613, Generated: 3563
[f=931.108] Expanded: 2614, Generated: 3564
[f=931.120] Expanded: 2615, Generated: 3565
[f=931.127] Expanded: 2616, Generated: 3566
[f=931.129] Expanded: 2616, Generated: 3567
[f=931.140] Expanded: 2617, Generated: 3568
[f=931.153] Expanded: 2618, Generated: 3569
[f=931.171] Expanded: 2619, Generated: 3570
[f=931.202] Expanded: 2619, Generated: 3571
[f=931.222] Expanded: 2619, Generated: 3572
[f=931.224] Expanded: 2620, Generated: 3573
[f=931.247] Expanded: 2620, Generated: 3574
[f=923.683] Expanded: 2622, Generated: 3576
[f=925.873] Expanded: 2623, Generated: 3577
[f=929.841] Expanded: 2624, Generated: 3578
[f=930.364] Expanded: 2624, Generated: 3579
[f=930.615] Expanded: 2625, Generated: 3580
[f=931.261] Expanded: 2625, Generated: 3581
[f=931.262] Expanded: 2626, Generated: 3582
[f=931.262] Expanded: 2627, Generated: 3583
[f=931.276] Expanded: 2627, Generated: 3584
[f=931.321] Expanded: 2627, Generated: 3585
[f=931.339] Expanded: 2627, Generated: 3586
[f=931.379] Expanded: 2628, Generated: 3587
[f=931.398] Expanded: 2628, Generated: 3588
[f=931.403] Expanded: 2629, Generated: 3589
[f=931.416] Expanded: 2629, Generated: 3590
[f=931.428] Expanded: 2630, Generated: 3591
[f=931.433] Expanded: 2631, Generated: 3592
[f=931.453] Expanded: 2631, Generated: 3593
[f=931.469] Expanded: 2631, Generated: 3594
[f=931.476] Expanded: 2632, Generated: 3595
[f=931.477] Expanded: 2633, Generated: 3596
[f=931.494] Expanded: 2633, Generated: 3597
[f=931.523] Expanded: 2634, Generated: 3598
[f=931.530] Expanded: 2635, Generated: 3599
[f=928.678] Expanded: 2638, Generated: 3602
[f=929.720] Expanded: 2639, Generated: 3603
[f=930.729] Expanded: 2640, Generated: 3604
[f=931.541] Expanded: 2640, Generated: 3605
[f=931.541] Expanded: 2640, Generated: 3606
[f=924.171] Expanded: 2642, Generated: 3608
[f=925.942] Expanded: 2642, Generated: 3609
[f=926.343] Expanded: 2643, Generated: 3610
[f=930.851] Expanded: 2643, Generated: 3611
[f=928.489] Expanded: 2646, Generated: 3614
[f=929.245] Expanded: 2647, Generated: 3615
[f=930.643] Expanded: 2648, Generated: 3616
[f=931.398] Expanded: 2649, Generated: 3617
[f=931.549] Expanded: 2649, Generated: 3618
[f=887.562] Expanded: 2652, Generated: 3621
[f=888.234] Expanded: 2653, Generated: 3622
[f=888.346] Expanded: 2654, Generated: 3623
[f=889.907] Expanded: 2655, Generated: 3624
[f=886.645] Expanded: 2657, Generated: 3626
[f=887.801] Expanded: 2658, Generated: 3627
[f=887.983] Expanded: 2660, Generated: 3629
[f=888.648] Expanded: 2661, Generated: 3630
[f=888.852] Expanded: 2662, Generated: 3631
[f=889.179] Expanded: 2663, Generated: 3632
[f=889.583] Expanded: 2665, Generated: 3634
[f=890.007] Expanded: 2666, Generated: 3635
[f=890.573] Expanded: 2667, Generated: 3636
[f=890.679] Expanded: 2667, Generated: 3637
[f=891.387] Expanded: 2668, Generated: 3638
[f=892.172] Expanded: 2669, Generated: 3639
[f=893.031] Expanded: 2670, Generated: 3640
[f=893.573] Expanded: 2671, Generated: 3641
[f=893.650] Expanded: 2671, Generated: 3642
[f=893.762] Expanded: 2672, Generated: 3643
[f=893.878] Expanded: 2673, Generated: 3644
[f=894.180] Expanded: 2674, Generated: 3645
[f=894.226] Expanded: 2675, Generated: 3646
[f=894.311] Expanded: 2676, Generated: 3647
[f=894.451] Expanded: 2677, Generated: 3648
[f=894.524] Expanded: 2678, Generated: 3649
[f=894.690] Expanded: 2679, Generated: 3650
[f=894.830] Expanded: 2680, Generated: 3651
[f=894.899] Expanded: 2680, Generated: 3652
[f=895.168] Expanded: 2681, Generated: 3653
[f=895.266] Expanded: 2682, Generated: 3654
[f=895.270] Expanded: 2683, Generated: 3655
[f=895.377] Expanded: 2683, Generated: 3656
[f=895.405] Expanded: 2684, Generated: 3657
[f=895.441] Expanded: 2685, Generated: 3658
[f=895.539] Expanded: 2686, Generated: 3659
[f=895.667] Expanded: 2687, Generated: 3660
[f=895.721] Expanded: 2688, Generated: 3661
[f=895.848] Expanded: 2688, Generated: 3662
[f=895.885] Expanded: 2689, Generated: 3663
[f=895.948] Expanded: 2690, Generated: 3664
[f=892.020] Expanded: 2692, Generated: 3666
[f=891.136] Expanded: 2694, Generated: 3668
[f=892.512] Expanded: 2695, Generated: 3669
[f=892.844] Expanded: 2696, Generated: 3670
[f=892.882] Expanded: 2697, Generated: 3671
[f=893.101] Expanded: 2698, Generated: 3672
[f=893.508] Expanded: 2699, Generated: 3673
[f=893.299] Expanded: 2701, Generated: 3675
[f=893.563] Expanded: 2701, Generated: 3676
[f=894.445] Expanded: 2702, Generated: 3677
[f=895.306] Expanded: 2703, Generated: 3678
[f=895.774] Expanded: 2704, Generated: 3679
[f=896.041] Expanded: 2704, Generated: 3680
[f=896.061] Expanded: 2705, Generated: 3681
[f=896.115] Expanded: 2706, Generated: 3682
[f=896.125] Expanded: 2707, Generated: 3683
[f=896.199] Expanded: 2708, Generated: 3684
[f=896.211] Expanded: 2708, Generated: 3685
[f=896.236] Expanded: 2708, Generated: 3686
[f=896.249] Expanded: 2708, Generated: 3687
[f=896.341] Expanded: 2708, Generated: 3688
[f=896.348] Expanded: 2708, Generated: 3689
[f=896.358] Expanded: 2709, Generated: 3690
[f=890.206] Expanded: 2711, Generated: 3692
[f=890.271] Expanded: 2712, Generated: 3693
[f=890.588] Expanded: 2713, Generated: 3694
[f=891.411] Expanded: 2714, Generated: 3695
[f=889.393] Expanded: 2716, Generated: 3697
[f=890.784] Expanded: 2717, Generated: 3698
[f=890.818] Expanded: 2718, Generated: 3699
[f=890.314] Expanded: 2720, Generated: 3701
[f=891.530] Expanded: 2721, Generated: 3702
[f=891.562] Expanded: 2722, Generated: 3703
[f=891.754] Expanded: 2723, Generated: 3704
[f=891.920] Expanded: 2724, Generated: 3705
[f=892.543] Expanded: 2725, Generated: 3706
[f=892.917] Expanded: 2726, Generated: 3707
[f=893.296] Expanded: 2726, Generated: 3708
[f=893.701] Expanded: 2727, Generated: 3709
[f=894.151] Expanded: 2728, Generated: 3710
[f=895.328] Expanded: 2728, Generated: 3711
[f=895.467] Expanded: 2729, Generated: 3712
[f=895.734] Expanded: 2730, Generated: 3713
[f=895.886] Expanded: 2730, Generated: 3714
[f=896.254] Expanded: 2731, Generated: 3715
[f=896.269] Expanded: 2732, Generated: 3716
[f=896.391] Expanded: 2732, Generated: 3717
[f=896.392] Expanded: 2733, Generated: 3718
[f=896.449] Expanded: 2733, Generated: 3719
[f=896.535] Expanded: 2734, Generated: 3720
[f=896.589] Expanded: 2735, Generated: 3721
[f=896.612] Expanded: 2735, Generated: 3722
[f=896.619] Expanded: 2735, Generated: 3723
[f=896.689] Expanded: 2735, Generated: 3724
[f=896.693] Expanded: 2736, Generated: 3725
[f=896.797] Expanded: 2736, Generated: 3726
[f=896.820] Expanded: 2737, Generated: 3727
[f=896.887] Expanded: 2738, Generated: 3728
[f=896.899] Expanded: 2739, Generated: 3729
[f=896.911] Expanded: 2740, Generated: 3730
[f=896.926] Expanded: 2740, Generated: 3731
[f=889.923] Expanded: 2742, Generated: 3733
[f=890.316] Expanded: 2743, Generated: 3734
[f=891.093] Expanded: 2744, Generated: 3735
[f=891.521] Expanded: 2745, Generated: 3736
[f=889.126] Expanded: 2747, Generated: 3738
[f=890.433] Expanded: 2748, Generated: 3739
[f=890.873] Expanded: 2749, Generated: 3740
[f=891.216] Expanded: 2750, Generated: 3741
[f=891.540] Expanded: 2751, Generated: 3742
[f=890.131] Expanded: 2753, Generated: 3744
[f=891.679] Expanded: 2755, Generated: 3746
[f=892.523] Expanded: 2756, Generated: 3747
[f=892.603] Expanded: 2757, Generated: 3748
[f=893.633] Expanded: 2758, Generated: 3749
[f=893.685] Expanded: 2758, Generated: 3750
[f=894.154] Expanded: 2759, Generated: 3751
[f=895.244] Expanded: 2760, Generated: 3752
[f=895.444] Expanded: 2760, Generated: 3753
[f=895.719] Expanded: 2761, Generated: 3754
[f=895.788] Expanded: 2762, Generated: 3755
[f=896.004] Expanded: 2762, Generated: 3756
[f=896.145] Expanded: 2763, Generated: 3757
[f=896.381] Expanded: 2764, Generated: 3758
[f=896.498] Expanded: 2764, Generated: 3759
[f=896.536] Expanded: 2765, Generated: 3760
[f=896.734] Expanded: 2766, Generated: 3761
[f=896.766] Expanded: 2767, Generated: 3762
[f=896.914] Expanded: 2768, Generated: 3763
[f=896.959] Expanded: 2769, Generated: 3764
[f=896.965] Expanded: 2770, Generated: 3765
[f=896.985] Expanded: 2771, Generated: 3766
[f=897.002] Expanded: 2772, Generated: 3767
[f=897.020] Expanded: 2773, Generated: 3768
[f=897.021] Expanded: 2773, Generated: 3769
[f=897.125] Expanded: 2774, Generated: 3770
[f=897.126] Expanded: 2774, Generated: 3771
[f=897.162] Expanded: 2775, Generated: 3772
[f=897.185] Expanded: 2775, Generated: 3773
[f=897.192] Expanded: 2775, Generated: 3774
[f=897.194] Expanded: 2776, Generated: 3775
[f=892.926] Expanded: 2778, Generated: 3777
[f=890.005] Expanded: 2780, Generated: 3779
[f=889.503] Expanded: 2782, Generated: 3781
[f=892.211] Expanded: 2783, Generated: 3782
[f=892.699] Expanded: 2784, Generated: 3783
[f=896.113] Expanded: 2785, Generated: 3784
[f=895.450] Expanded: 2787, Generated: 3786
[f=895.046] Expanded: 2789, Generated: 3788
[f=896.996] Expanded: 2790, Generated: 3789
[f=897.173] Expanded: 2791, Generated: 3790
[f=897.252] Expanded: 2792, Generated: 3791
[f=897.275] Expanded: 2793, Generated: 3792
[f=897.276] Expanded: 2793, Generated: 3793
[f=897.284] Expanded: 2793, Generated: 3794
[f=897.296] Expanded: 2794, Generated: 3795
[f=897.311] Expanded: 2794, Generated: 3796
[f=897.346] Expanded: 2795, Generated: 3797
[f=897.369] Expanded: 2795, Generated: 3798
[f=897.382] Expanded: 2795, Generated: 3799
[f=895.871] Expanded: 2797, Generated: 3801
[f=896.167] Expanded: 2798, Generated: 3802
[f=896.543] Expanded: 2799, Generated: 3803
[f=896.599] Expanded: 2800, Generated: 3804
[f=897.414] Expanded: 2801, Generated: 3805
[f=897.439] Expanded: 2801, Generated: 3806
[f=897.445] Expanded: 2802, Generated: 3807
[f=897.504] Expanded: 2803, Generated: 3808
[f=897.554] Expanded: 2803, Generated: 3809
[f=897.573] Expanded: 2804, Generated: 3810
[f=897.577] Expanded: 2805, Generated: 3811
[f=897.586] Expanded: 2805, Generated: 3812
[f=897.621] Expanded: 2806, Generated: 3813
[f=897.653] Expanded: 2807, Generated: 3814
[f=897.688] Expanded: 2807, Generated: 3815
[f=897.692] Expanded: 2808, Generated: 3816
[f=897.699] Expanded: 2809, Generated: 3817
[f=897.729] Expanded: 2810, Generated: 3818
[f=897.769] Expanded: 2810, Generated: 3819
[f=897.789] Expanded: 2811, Generated: 3820
[f=897.792] Expanded: 2812, Generated: 3821
[f=897.814] Expanded: 2812, Generated: 3822
[f=897.828] Expanded: 2812, Generated: 3823
[f=897.856] Expanded: 2812, Generated: 3824
[f=897.863] Expanded: 2813, Generated: 3825
[f=897.868] Expanded: 2813, Generated: 3826
[f=897.880] Expanded: 2814, Generated: 3827
[f=897.903] Expanded: 2814, Generated: 3828
[f=897.926] Expanded: 2815, Generated: 3829
[f=897.935] Expanded: 2816, Generated: 3830
[f=897.939] Expanded: 2816, Generated: 3831
[f=897.941] Expanded: 2816, Generated: 3832
[f=897.943] Expanded: 2816, Generated: 3833
[f=897.957] Expanded: 2817, Generated: 3834
[f=897.998] Expanded: 2818, Generated: 3835
[f=898.035] Expanded: 2819, Generated: 3836
[f=898.035] Expanded: 2820, Generated: 3837
[f=898.040] Expanded: 2821, Generated: 3838
[f=898.040] Expanded: 2822, Generated: 3839
[f=898.049] Expanded: 2823, Generated: 3840
[f=898.058] Expanded: 2824, Generated: 3841
[f=898.093] Expanded: 2825, Generated: 3842
[f=898.115] Expanded: 2825, Generated: 3843
[f=898.123] Expanded: 2826, Generated: 3844
[f=898.134] Expanded: 2827, Generated: 3845
[f=898.135] Expanded: 2828, Generated: 3846
[f=898.143] Expanded: 2829, Generated: 3847
[f=898.176] Expanded: 2830, Generated: 3848
[f=898.187] Expanded: 2831, Generated: 3849
[f=898.196] Expanded: 2832, Generated: 3850
[f=898.211] Expanded: 2832, Generated: 3851
[f=898.230] Expanded: 2832, Generated: 3852
[f=898.256] Expanded: 2833, Generated: 3853
[f=898.296] Expanded: 2834, Generated: 3854
[f=898.335] Expanded: 2835, Generated: 3855
[f=898.339] Expanded: 2836, Generated: 3856
[f=898.368] Expanded: 2837, Generated: 3857
[f=898.382] Expanded: 2838, Generated: 3858
[f=898.415] Expanded: 2839, Generated: 3859
[f=898.435] Expanded: 2840, Generated: 3860
[f=898.439] Expanded: 2841, Generated: 3861
[f=898.464] Expanded: 2841, Generated: 3862
[f=898.469] Expanded: 2841, Generated: 3863
[f=898.474] Expanded: 2841, Generated: 3864
[f=898.483] Expanded: 2841, Generated: 3865
[f=898.496] Expanded: 2842, Generated: 3866
[f=898.497] Expanded: 2843, Generated: 3867
[f=898.529] Expanded: 2844, Generated: 3868
[f=898.537] Expanded: 2844, Generated: 3869
[f=898.547] Expanded: 2844, Generated: 3870
[f=898.572] Expanded: 2844, Generated: 3871
[f=898.580] Expanded: 2845, Generated: 3872
[f=898.586] Expanded: 2845, Generated: 3873
[f=898.589] Expanded: 2845, Generated: 3874
[f=898.592] Expanded: 2846, Generated: 3875
[f=898.612] Expanded: 2846, Generated: 3876
[f=898.613] Expanded: 2846, Generated: 3877
[f=898.617] Expanded: 2846, Generated: 3878
[f=898.638] Expanded: 2847, Generated: 3879
[f=898.658] Expanded: 2847, Generated: 3880
[f=898.665] Expanded: 2847, Generated: 3881
[f=898.681] Expanded: 2848, Generated: 3882
[f=898.682] Expanded: 2849, Generated: 3883
[f=898.698] Expanded: 2850, Generated: 3884
[f=898.737] Expanded: 2850, Generated: 3885
[f=898.778] Expanded: 2851, Generated: 3886
[f=898.781] Expanded: 2851, Generated: 3887
[f=898.806] Expanded: 2852, Generated: 3888
[f=898.825] Expanded: 2853, Generated: 3889
[f=898.828] Expanded: 2853, Generated: 3890
[f=898.844] Expanded: 2853, Generated: 3891
[f=898.852] Expanded: 2853, Generated: 3892
[f=898.865] Expanded: 2854, Generated: 3893
[f=898.870] Expanded: 2854, Generated: 3894
[f=898.877] Expanded: 2854, Generated: 3895
[f=898.910] Expanded: 2854, Generated: 3896
[f=898.936] Expanded: 2855, Generated: 3897
[f=898.949] Expanded: 2856, Generated: 3898
[f=898.953] Expanded: 2857, Generated: 3899
[f=898.955] Expanded: 2858, Generated: 3900
[f=897.346] Expanded: 2860, Generated: 3902
[f=898.019] Expanded: 2861, Generated: 3903
[f=898.118] Expanded: 2862, Generated: 3904
[f=898.956] Expanded: 2863, Generated: 3905
[f=898.973] Expanded: 2864, Generated: 3906
[f=898.979] Expanded: 2865, Generated: 3907
[f=898.987] Expanded: 2865, Generated: 3908
[f=898.987] Expanded: 2866, Generated: 3909
[f=899.004] Expanded: 2867, Generated: 3910
[f=899.010] Expanded: 2868, Generated: 3911
[f=899.023] Expanded: 2868, Generated: 3912
[f=899.081] Expanded: 2869, Generated: 3913
[f=899.081] Expanded: 2869, Generated: 3914
[f=899.110] Expanded: 2869, Generated: 3915
[f=899.111] Expanded: 2870, Generated: 3916
[f=899.115] Expanded: 2870, Generated: 3917
[f=899.134] Expanded: 2870, Generated: 3918
[f=899.138] Expanded: 2871, Generated: 3919
[f=899.138] Expanded: 2872, Generated: 3920
[f=899.139] Expanded: 2873, Generated: 3921
[f=899.146] Expanded: 2873, Generated: 3922
[f=899.156] Expanded: 2873, Generated: 3923
[f=899.159] Expanded: 2873, Generated: 3924
[f=899.167] Expanded: 2874, Generated: 3925
[f=899.177] Expanded: 2874, Generated: 3926
[f=896.089] Expanded: 2876, Generated: 3928
[f=897.237] Expanded: 2877, Generated: 3929
[f=897.534] Expanded: 2879, Generated: 3931
[f=898.086] Expanded: 2880, Generated: 3932
[f=898.346] Expanded: 2881, Generated: 3933
[f=898.591] Expanded: 2882, Generated: 3934
[f=898.284] Expanded: 2884, Generated: 3936
[f=898.548] Expanded: 2885, Generated: 3937
[f=898.402] Expanded: 2887, Generated: 3939
[f=899.204] Expanded: 2887, Generated: 3940
[f=899.207] Expanded: 2888, Generated: 3941
[f=899.208] Expanded: 2888, Generated: 3942
[f=899.226] Expanded: 2888, Generated: 3943
[f=899.229] Expanded: 2888, Generated: 3944
[f=899.235] Expanded: 2888, Generated: 3945
[f=899.240] Expanded: 2889, Generated: 3946
[f=899.265] Expanded: 2889, Generated: 3947
[f=894.203] Expanded: 2891, Generated: 3949
[f=893.502] Expanded: 2893, Generated: 3951
[f=895.015] Expanded: 2894, Generated: 3952
[f=895.430] Expanded: 2895, Generated: 3953
[f=895.760] Expanded: 2896, Generated: 3954
[f=894.920] Expanded: 2898, Generated: 3956
[f=896.509] Expanded: 2899, Generated: 3957
[f=895.304] Expanded: 2901, Generated: 3959
[f=895.401] Expanded: 2901, Generated: 3960
[f=897.234] Expanded: 2902, Generated: 3961
[f=897.658] Expanded: 2903, Generated: 3962
[f=894.843] Expanded: 2905, Generated: 3964
[f=893.930] Expanded: 2907, Generated: 3966
[f=895.230] Expanded: 2908, Generated: 3967
[f=895.280] Expanded: 2910, Generated: 3969
[f=895.943] Expanded: 2911, Generated: 3970
[f=896.169] Expanded: 2912, Generated: 3971
[f=895.875] Expanded: 2914, Generated: 3973
[f=896.011] Expanded: 2914, Generated: 3974
[f=896.904] Expanded: 2915, Generated: 3975
[f=897.350] Expanded: 2916, Generated: 3976
[f=897.983] Expanded: 2917, Generated: 3977
[f=899.302] Expanded: 2917, Generated: 3978
[f=899.303] Expanded: 2917, Generated: 3979
[f=899.324] Expanded: 2918, Generated: 3980
[f=899.335] Expanded: 2918, Generated: 3981
[f=899.340] Expanded: 2918, Generated: 3982
[f=898.234] Expanded: 2920, Generated: 3984
[f=898.294] Expanded: 2921, Generated: 3985
[f=899.364] Expanded: 2922, Generated: 3986
[f=899.393] Expanded: 2922, Generated: 3987
[f=898.486] Expanded: 2924, Generated: 3989
[f=899.448] Expanded: 2925, Generated: 3990
[f=899.471] Expanded: 2925, Generated: 3991
[f=899.478] Expanded: 2925, Generated: 3992
[f=891.787] Expanded: 2927, Generated: 3994
[f=894.129] Expanded: 2928, Generated: 3995
[f=898.364] Expanded: 2929, Generated: 3996
[f=899.046] Expanded: 2929, Generated: 3997
[f=899.146] Expanded: 2930, Generated: 3998
[f=899.492] Expanded: 2931, Generated: 3999
[f=899.520] Expanded: 2931, Generated: 4000
[f=894.531] Expanded: 2933, Generated: 4002
[f=892.349] Expanded: 2935, Generated: 4004
[f=893.801] Expanded: 2935, Generated: 4005
[f=894.676] Expanded: 2936, Generated: 4006
[f=899.283] Expanded: 2937, Generated: 4007
[f=892.299] Expanded: 2939, Generated: 4009
[f=893.445] Expanded: 2940, Generated: 4010
[f=893.093] Expanded: 2942, Generated: 4012
[f=894.826] Expanded: 2943, Generated: 4013
[f=895.676] Expanded: 2944, Generated: 4014
[f=897.104] Expanded: 2945, Generated: 4015
[f=898.482] Expanded: 2946, Generated: 4016
[f=899.330] Expanded: 2947, Generated: 4017
[f=899.409] Expanded: 2948, Generated: 4018
[f=899.106] Expanded: 2950, Generated: 4020
[f=899.542] Expanded: 2950, Generated: 4021
[f=899.543] Expanded: 2950, Generated: 4022
[f=899.551] Expanded: 2950, Generated: 4023
[f=899.557] Expanded: 2951, Generated: 4024
[f=898.048] Expanded: 2953, Generated: 4026
[f=897.416] Expanded: 2955, Generated: 4028
[f=899.575] Expanded: 2956, Generated: 4029
[f=899.582] Expanded: 2957, Generated: 4030
[f=899.583] Expanded: 2958, Generated: 4031
[f=899.587] Expanded: 2959, Generated: 4032
[f=899.602] Expanded: 2959, Generated: 4033
[f=899.605] Expanded: 2959, Generated: 4034
[f=899.609] Expanded: 2959, Generated: 4035
[f=899.609] Expanded: 2960, Generated: 4036
[f=899.620] Expanded: 2961, Generated: 4037
[f=899.650] Expanded: 2961, Generated: 4038
[f=899.650] Expanded: 2962, Generated: 4039
[f=899.674] Expanded: 2963, Generated: 4040
[f=899.690] Expanded: 2963, Generated: 4041
[f=899.751] Expanded: 2964, Generated: 4042
[f=899.752] Expanded: 2964, Generated: 4043
[f=894.603] Expanded: 2966, Generated: 4045
[f=892.128] Expanded: 2968, Generated: 4047
[f=891.501] Expanded: 2970, Generated: 4049
[f=894.085] Expanded: 2971, Generated: 4050
[f=894.697] Expanded: 2972, Generated: 4051
[f=898.070] Expanded: 2973, Generated: 4052
[f=898.983] Expanded: 2974, Generated: 4053
[f=899.081] Expanded: 2974, Generated: 4054
[f=899.095] Expanded: 2975, Generated: 4055
[f=899.591] Expanded: 2976, Generated: 4056
[f=897.412] Expanded: 2978, Generated: 4058
[f=897.009] Expanded: 2980, Generated: 4060
[f=899.411] Expanded: 2981, Generated: 4061
[f=899.700] Expanded: 2981, Generated: 4062
[f=899.778] Expanded: 2982, Generated: 4063
[f=899.786] Expanded: 2983, Generated: 4064
[f=899.817] Expanded: 2984, Generated: 4065
[f=899.823] Expanded: 2984, Generated: 4066
[f=899.827] Expanded: 2985, Generated: 4067
[f=899.849] Expanded: 2985, Generated: 4068
[f=899.854] Expanded: 2986, Generated: 4069
[f=899.864] Expanded: 2987, Generated: 4070
[f=899.882] Expanded: 2987, Generated: 4071
[f=899.896] Expanded: 2988, Generated: 4072
[f=899.907] Expanded: 2989, Generated: 4073
[f=899.910] Expanded: 2990, Generated: 4074
[f=899.916] Expanded: 2991, Generated: 4075
[f=899.916] Expanded: 2991, Generated: 4076
[f=899.931] Expanded: 2992, Generated: 4077
[f=899.950] Expanded: 2992, Generated: 4078
[f=899.954] Expanded: 2993, Generated: 4079
[f=899.963] Expanded: 2994, Generated: 4080
[f=899.983] Expanded: 2994, Generated: 4081
[f=899.985] Expanded: 2995, Generated: 4082
[f=899.988] Expanded: 2996, Generated: 4083
[f=899.991] Expanded: 2996, Generated: 4084
[f=899.994] Expanded: 2997, Generated: 4085
[f=899.997] Expanded: 2997, Generated: 4086
[f=900.012] Expanded: 2997, Generated: 4087
[f=900.016] Expanded: 2997, Generated: 4088
[f=900.029] Expanded: 2998, Generated: 4089
[f=900.030] Expanded: 2999, Generated: 4090
[f=900.050] Expanded: 2999, Generated: 4091
[f=900.058] Expanded: 2999, Generated: 4092
[f=900.063] Expanded: 3000, Generated: 4093
[f=900.068] Expanded: 3001, Generated: 4094
[f=900.074] Expanded: 3002, Generated: 4095
[f=900.088] Expanded: 3002, Generated: 4096
[f=900.089] Expanded: 3002, Generated: 4097
[f=900.089] Expanded: 3002, Generated: 4098
[f=900.090] Expanded: 3003, Generated: 4099
[f=900.090] Expanded: 3004, Generated: 4100
[f=900.097] Expanded: 3005, Generated: 4101
[f=900.109] Expanded: 3006, Generated: 4102
[f=900.119] Expanded: 3006, Generated: 4103
[f=900.123] Expanded: 3007, Generated: 4104
[f=900.140] Expanded: 3008, Generated: 4105
[f=900.160] Expanded: 3008, Generated: 4106
[f=900.164] Expanded: 3008, Generated: 4107
[f=900.168] Expanded: 3008, Generated: 4108
[f=900.171] Expanded: 3008, Generated: 4109
[f=900.177] Expanded: 3009, Generated: 4110
[f=896.047] Expanded: 3011, Generated: 4112
[f=897.059] Expanded: 3012, Generated: 4113
[f=894.124] Expanded: 3014, Generated: 4115
[f=895.177] Expanded: 3015, Generated: 4116
[f=895.854] Expanded: 3016, Generated: 4117
[f=895.887] Expanded: 3017, Generated: 4118
[f=896.503] Expanded: 3018, Generated: 4119
[f=897.738] Expanded: 3019, Generated: 4120
[f=898.318] Expanded: 3020, Generated: 4121
[f=898.399] Expanded: 3021, Generated: 4122
[f=898.606] Expanded: 3022, Generated: 4123
[f=899.963] Expanded: 3022, Generated: 4124
[f=900.188] Expanded: 3023, Generated: 4125
[f=900.207] Expanded: 3024, Generated: 4126
[f=900.216] Expanded: 3025, Generated: 4127
[f=900.229] Expanded: 3025, Generated: 4128
[f=900.235] Expanded: 3025, Generated: 4129
[f=900.237] Expanded: 3026, Generated: 4130
[f=900.257] Expanded: 3027, Generated: 4131
[f=900.258] Expanded: 3027, Generated: 4132
[f=900.259] Expanded: 3027, Generated: 4133
[f=900.270] Expanded: 3028, Generated: 4134
[f=900.274] Expanded: 3029, Generated: 4135
[f=900.299] Expanded: 3029, Generated: 4136
[f=900.349] Expanded: 3030, Generated: 4137
[f=900.358] Expanded: 3031, Generated: 4138
[f=900.370] Expanded: 3032, Generated: 4139
[f=900.382] Expanded: 3032, Generated: 4140
[f=900.393] Expanded: 3033, Generated: 4141
[f=900.412] Expanded: 3033, Generated: 4142
[f=900.418] Expanded: 3034, Generated: 4143
[f=900.444] Expanded: 3034, Generated: 4144
[f=900.459] Expanded: 3035, Generated: 4145
[f=900.463] Expanded: 3036, Generated: 4146
[f=900.468] Expanded: 3036, Generated: 4147
[f=900.486] Expanded: 3037, Generated: 4148
[f=900.487] Expanded: 3037, Generated: 4149
[f=897.924] Expanded: 3039, Generated: 4151
[f=898.099] Expanded: 3040, Generated: 4152
[f=898.712] Expanded: 3041, Generated: 4153
[f=899.692] Expanded: 3042, Generated: 4154
[f=900.495] Expanded: 3042, Generated: 4155
[f=900.496] Expanded: 3042, Generated: 4156
[f=900.519] Expanded: 3043, Generated: 4157
[f=900.524] Expanded: 3043, Generated: 4158
[f=900.535] Expanded: 3043, Generated: 4159
[f=900.538] Expanded: 3043, Generated: 4160
[f=900.541] Expanded: 3044, Generated: 4161
[f=900.548] Expanded: 3045, Generated: 4162
[f=900.553] Expanded: 3045, Generated: 4163
[f=900.566] Expanded: 3045, Generated: 4164
[f=900.592] Expanded: 3046, Generated: 4165
[f=900.618] Expanded: 3046, Generated: 4166
[f=900.620] Expanded: 3047, Generated: 4167
[f=900.629] Expanded: 3048, Generated: 4168
[f=895.451] Expanded: 3050, Generated: 4170
[f=895.547] Expanded: 3051, Generated: 4171
[f=896.220] Expanded: 3052, Generated: 4172
[f=897.209] Expanded: 3053, Generated: 4173
[f=899.742] Expanded: 3053, Generated: 4174
[f=895.611] Expanded: 3055, Generated: 4176
[f=896.896] Expanded: 3056, Generated: 4177
[f=897.017] Expanded: 3057, Generated: 4178
[f=897.370] Expanded: 3058, Generated: 4179
[f=897.002] Expanded: 3060, Generated: 4181
[f=898.214] Expanded: 3062, Generated: 4183
[f=898.763] Expanded: 3063, Generated: 4184
[f=899.435] Expanded: 3063, Generated: 4185
[f=900.647] Expanded: 3064, Generated: 4186
[f=900.651] Expanded: 3065, Generated: 4187
[f=900.665] Expanded: 3065, Generated: 4188
[f=900.696] Expanded: 3066, Generated: 4189
[f=900.697] Expanded: 3067, Generated: 4190
[f=900.716] Expanded: 3067, Generated: 4191
[f=900.729] Expanded: 3067, Generated: 4192
[f=900.746] Expanded: 3067, Generated: 4193
[f=900.748] Expanded: 3068, Generated: 4194
[f=900.751] Expanded: 3068, Generated: 4195
[f=900.756] Expanded: 3068, Generated: 4196
[f=900.762] Expanded: 3069, Generated: 4197
[f=900.776] Expanded: 3070, Generated: 4198
[f=900.785] Expanded: 3070, Generated: 4199
[f=900.788] Expanded: 3071, Generated: 4200
[f=900.788] Expanded: 3072, Generated: 4201
[f=900.789] Expanded: 3072, Generated: 4202
[f=900.799] Expanded: 3072, Generated: 4203
[f=900.826] Expanded: 3072, Generated: 4204
[f=900.847] Expanded: 3073, Generated: 4205
[f=900.852] Expanded: 3074, Generated: 4206
[f=900.854] Expanded: 3075, Generated: 4207
[f=900.862] Expanded: 3075, Generated: 4208
[f=900.870] Expanded: 3075, Generated: 4209
[f=900.885] Expanded: 3075, Generated: 4210
[f=900.901] Expanded: 3076, Generated: 4211
[f=900.902] Expanded: 3077, Generated: 4212
[f=900.907] Expanded: 3078, Generated: 4213
[f=900.911] Expanded: 3079, Generated: 4214
[f=900.913] Expanded: 3079, Generated: 4215
[f=900.957] Expanded: 3080, Generated: 4216
[f=900.970] Expanded: 3081, Generated: 4217
[f=900.986] Expanded: 3081, Generated: 4218
[f=900.989] Expanded: 3082, Generated: 4219
[f=900.998] Expanded: 3082, Generated: 4220
[f=901.005] Expanded: 3083, Generated: 4221
[f=901.008] Expanded: 3084, Generated: 4222
[f=901.013] Expanded: 3085, Generated: 4223
[f=901.043] Expanded: 3086, Generated: 4224
[f=901.061] Expanded: 3087, Generated: 4225
[f=899.980] Expanded: 3089, Generated: 4227
[f=900.023] Expanded: 3090, Generated: 4228
[f=900.361] Expanded: 3091, Generated: 4229
[f=901.080] Expanded: 3091, Generated: 4230
[f=901.100] Expanded: 3092, Generated: 4231
[f=901.106] Expanded: 3092, Generated: 4232
[f=901.107] Expanded: 3092, Generated: 4233
[f=901.109] Expanded: 3092, Generated: 4234
[f=901.119] Expanded: 3093, Generated: 4235
[f=901.132] Expanded: 3094, Generated: 4236
[f=901.136] Expanded: 3094, Generated: 4237
[f=901.145] Expanded: 3094, Generated: 4238
[f=901.150] Expanded: 3094, Generated: 4239
[f=901.162] Expanded: 3094, Generated: 4240
[f=899.729] Expanded: 3096, Generated: 4242
[f=900.101] Expanded: 3097, Generated: 4243
[f=900.899] Expanded: 3098, Generated: 4244
[f=901.175] Expanded: 3099, Generated: 4245
[f=901.181] Expanded: 3099, Generated: 4246
[f=901.184] Expanded: 3099, Generated: 4247
[f=901.187] Expanded: 3099, Generated: 4248
[f=892.386] Expanded: 3100, Generated: 4250
[f=892.887] Expanded: 3101, Generated: 4251
[f=894.833] Expanded: 3101, Generated: 4252
[f=895.340] Expanded: 3102, Generated: 4253
[f=895.529] Expanded: 3103, Generated: 4254
[f=896.110] Expanded: 3104, Generated: 4255
[f=893.319] Expanded: 3106, Generated: 4257
[f=895.053] Expanded: 3106, Generated: 4258
[f=894.941] Expanded: 3108, Generated: 4260
[f=896.115] Expanded: 3109, Generated: 4261
[f=896.680] Expanded: 3109, Generated: 4262
[f=897.740] Expanded: 3110, Generated: 4263
[f=898.766] Expanded: 3111, Generated: 4264
[f=899.029] Expanded: 3111, Generated: 4265
[f=899.127] Expanded: 3113, Generated: 4267
[f=899.265] Expanded: 3114, Generated: 4268
[f=899.534] Expanded: 3114, Generated: 4269
[f=892.764] Expanded: 3115, Generated: 4271
[f=893.255] Expanded: 3115, Generated: 4272
[f=894.312] Expanded: 3116, Generated: 4273
[f=895.893] Expanded: 3117, Generated: 4274
[f=895.033] Expanded: 3118, Generated: 4276
[f=895.518] Expanded: 3118, Generated: 4277
[f=896.574] Expanded: 3119, Generated: 4278
[f=897.066] Expanded: 3120, Generated: 4279
[f=898.156] Expanded: 3121, Generated: 4280
[f=899.236] Expanded: 3121, Generated: 4281
[f=899.332] Expanded: 3122, Generated: 4282
[f=897.782] Expanded: 3124, Generated: 4284
[f=885.118] Expanded: 3126, Generated: 4286
[f=888.085] Expanded: 3127, Generated: 4287
[f=883.499] Expanded: 3129, Generated: 4289
[f=885.057] Expanded: 3131, Generated: 4291
[f=886.085] Expanded: 3132, Generated: 4292
[f=887.632] Expanded: 3133, Generated: 4293
[f=888.689] Expanded: 3134, Generated: 4294
[f=889.759] Expanded: 3135, Generated: 4295
[f=890.105] Expanded: 3136, Generated: 4296
[f=890.161] Expanded: 3137, Generated: 4297
[f=890.540] Expanded: 3138, Generated: 4298
[f=890.590] Expanded: 3139, Generated: 4299
[f=890.729] Expanded: 3140, Generated: 4300
[f=890.811] Expanded: 3141, Generated: 4301
[f=890.972] Expanded: 3142, Generated: 4302
[f=891.134] Expanded: 3143, Generated: 4303
[f=891.349] Expanded: 3144, Generated: 4304
[f=891.780] Expanded: 3145, Generated: 4305
[f=891.822] Expanded: 3146, Generated: 4306
[f=891.827] Expanded: 3147, Generated: 4307
[f=891.944] Expanded: 3148, Generated: 4308
[f=892.021] Expanded: 3148, Generated: 4309
[f=888.818] Expanded: 3150, Generated: 4311
[f=888.367] Expanded: 3152, Generated: 4313
[f=890.775] Expanded: 3153, Generated: 4314
[f=891.271] Expanded: 3154, Generated: 4315
[f=892.191] Expanded: 3155, Generated: 4316
[f=892.400] Expanded: 3156, Generated: 4317
[f=892.543] Expanded: 3156, Generated: 4318
[f=892.717] Expanded: 3156, Generated: 4319
[f=892.737] Expanded: 3157, Generated: 4320
[f=892.931] Expanded: 3157, Generated: 4321
[f=886.714] Expanded: 3159, Generated: 4323
[f=889.823] Expanded: 3160, Generated: 4324
[f=885.805] Expanded: 3162, Generated: 4326
[f=887.212] Expanded: 3163, Generated: 4327
[f=887.320] Expanded: 3164, Generated: 4328
[f=888.034] Expanded: 3165, Generated: 4329
[f=889.539] Expanded: 3166, Generated: 4330
[f=890.650] Expanded: 3167, Generated: 4331
[f=891.853] Expanded: 3168, Generated: 4332
[f=892.063] Expanded: 3169, Generated: 4333
[f=892.072] Expanded: 3170, Generated: 4334
[f=892.384] Expanded: 3171, Generated: 4335
[f=892.422] Expanded: 3171, Generated: 4336
[f=892.436] Expanded: 3172, Generated: 4337
[f=892.643] Expanded: 3173, Generated: 4338
[f=892.973] Expanded: 3174, Generated: 4339
[f=893.027] Expanded: 3174, Generated: 4340
[f=893.150] Expanded: 3175, Generated: 4341
[f=893.247] Expanded: 3175, Generated: 4342
[f=893.298] Expanded: 3176, Generated: 4343
[f=893.323] Expanded: 3177, Generated: 4344
[f=893.329] Expanded: 3178, Generated: 4345
[f=893.400] Expanded: 3179, Generated: 4346
[f=893.437] Expanded: 3179, Generated: 4347
[f=893.477] Expanded: 3180, Generated: 4348
[f=893.570] Expanded: 3181, Generated: 4349
[f=893.639] Expanded: 3182, Generated: 4350
[f=887.441] Expanded: 3184, Generated: 4352
[f=890.607] Expanded: 3185, Generated: 4353
[f=886.207] Expanded: 3187, Generated: 4355
[f=887.653] Expanded: 3189, Generated: 4357
[f=888.690] Expanded: 3190, Generated: 4358
[f=890.125] Expanded: 3191, Generated: 4359
[f=891.352] Expanded: 3192, Generated: 4360
[f=892.313] Expanded: 3193, Generated: 4361
[f=892.704] Expanded: 3194, Generated: 4362
[f=892.736] Expanded: 3195, Generated: 4363
[f=892.980] Expanded: 3196, Generated: 4364
[f=893.041] Expanded: 3197, Generated: 4365
[f=893.048] Expanded: 3198, Generated: 4366
[f=893.214] Expanded: 3199, Generated: 4367
[f=893.218] Expanded: 3199, Generated: 4368
[f=893.563] Expanded: 3200, Generated: 4369
[f=893.640] Expanded: 3201, Generated: 4370
[f=893.686] Expanded: 3202, Generated: 4371
[f=893.708] Expanded: 3202, Generated: 4372
[f=893.716] Expanded: 3203, Generated: 4373
[f=893.724] Expanded: 3204, Generated: 4374
[f=893.746] Expanded: 3204, Generated: 4375
[f=893.752] Expanded: 3205, Generated: 4376
[f=893.799] Expanded: 3206, Generated: 4377
[f=893.802] Expanded: 3207, Generated: 4378
[f=893.914] Expanded: 3207, Generated: 4379
[f=894.043] Expanded: 3207, Generated: 4380
[f=891.861] Expanded: 3209, Generated: 4382
[f=894.097] Expanded: 3210, Generated: 4383
[f=894.141] Expanded: 3211, Generated: 4384
[f=894.174] Expanded: 3212, Generated: 4385
[f=894.209] Expanded: 3213, Generated: 4386
[f=894.265] Expanded: 3214, Generated: 4387
[f=894.273] Expanded: 3215, Generated: 4388
[f=894.292] Expanded: 3215, Generated: 4389
[f=894.307] Expanded: 3216, Generated: 4390
[f=894.329] Expanded: 3216, Generated: 4391
[f=894.330] Expanded: 3217, Generated: 4392
[f=894.339] Expanded: 3218, Generated: 4393
[f=894.412] Expanded: 3219, Generated: 4394
[f=894.497] Expanded: 3219, Generated: 4395
[f=894.514] Expanded: 3220, Generated: 4396
[f=894.531] Expanded: 3220, Generated: 4397
[f=894.540] Expanded: 3220, Generated: 4398
[f=894.568] Expanded: 3221, Generated: 4399
[f=894.629] Expanded: 3222, Generated: 4400
[f=894.658] Expanded: 3223, Generated: 4401
[f=894.661] Expanded: 3223, Generated: 4402
[f=894.673] Expanded: 3224, Generated: 4403
[f=894.717] Expanded: 3224, Generated: 4404
[f=894.722] Expanded: 3224, Generated: 4405
[f=894.723] Expanded: 3224, Generated: 4406
[f=894.745] Expanded: 3225, Generated: 4407
[f=894.791] Expanded: 3226, Generated: 4408
[f=894.834] Expanded: 3227, Generated: 4409
[f=894.869] Expanded: 3228, Generated: 4410
[f=894.888] Expanded: 3229, Generated: 4411
[f=894.936] Expanded: 3230, Generated: 4412
[f=894.943] Expanded: 3231, Generated: 4413
[f=894.958] Expanded: 3231, Generated: 4414
[f=894.972] Expanded: 3232, Generated: 4415
[f=894.993] Expanded: 3232, Generated: 4416
[f=894.994] Expanded: 3232, Generated: 4417
[f=891.385] Expanded: 3234, Generated: 4419
[f=890.771] Expanded: 3236, Generated: 4421
[f=892.831] Expanded: 3237, Generated: 4422
[f=893.477] Expanded: 3238, Generated: 4423
[f=895.115] Expanded: 3239, Generated: 4424
[f=895.137] Expanded: 3239, Generated: 4425
[f=895.141] Expanded: 3240, Generated: 4426
[f=893.426] Expanded: 3242, Generated: 4428
[f=895.150] Expanded: 3243, Generated: 4429
[f=895.169] Expanded: 3244, Generated: 4430
[f=895.172] Expanded: 3245, Generated: 4431
[f=895.192] Expanded: 3245, Generated: 4432
[f=895.214] Expanded: 3245, Generated: 4433
[f=895.250] Expanded: 3245, Generated: 4434
[f=895.263] Expanded: 3246, Generated: 4435
[f=895.325] Expanded: 3247, Generated: 4436
[f=895.344] Expanded: 3248, Generated: 4437
[f=895.379] Expanded: 3249, Generated: 4438
[f=895.383] Expanded: 3250, Generated: 4439
[f=895.388] Expanded: 3251, Generated: 4440
[f=895.414] Expanded: 3252, Generated: 4441
[f=895.225] Expanded: 3254, Generated: 4443
[f=895.459] Expanded: 3255, Generated: 4444
[f=895.477] Expanded: 3255, Generated: 4445
[f=895.523] Expanded: 3256, Generated: 4446
[f=893.672] Expanded: 3258, Generated: 4448
[f=894.784] Expanded: 3260, Generated: 4450
[f=895.576] Expanded: 3261, Generated: 4451
[f=895.598] Expanded: 3261, Generated: 4452
[f=895.606] Expanded: 3261, Generated: 4453
[f=895.654] Expanded: 3262, Generated: 4454
[f=895.662] Expanded: 3263, Generated: 4455
[f=895.665] Expanded: 3264, Generated: 4456
[f=895.667] Expanded: 3265, Generated: 4457
[f=895.669] Expanded: 3266, Generated: 4458
[f=891.391] Expanded: 3268, Generated: 4460
[f=890.988] Expanded: 3270, Generated: 4462
[f=893.301] Expanded: 3271, Generated: 4463
[f=893.739] Expanded: 3272, Generated: 4464
[f=895.761] Expanded: 3273, Generated: 4465
[f=895.830] Expanded: 3273, Generated: 4466
[f=895.900] Expanded: 3274, Generated: 4467
[f=895.911] Expanded: 3275, Generated: 4468
[f=895.918] Expanded: 3276, Generated: 4469
[f=895.928] Expanded: 3277, Generated: 4470
[f=895.932] Expanded: 3278, Generated: 4471
[f=892.847] Expanded: 3280, Generated: 4473
[f=894.468] Expanded: 3282, Generated: 4475
[f=895.412] Expanded: 3283, Generated: 4476
[f=895.973] Expanded: 3283, Generated: 4477
[f=895.976] Expanded: 3284, Generated: 4478
[f=896.016] Expanded: 3285, Generated: 4479
[f=896.033] Expanded: 3286, Generated: 4480
[f=896.142] Expanded: 3287, Generated: 4481
[f=896.154] Expanded: 3287, Generated: 4482
[f=896.185] Expanded: 3288, Generated: 4483
[f=896.263] Expanded: 3288, Generated: 4484
[f=888.652] Expanded: 3290, Generated: 4486
[f=891.221] Expanded: 3291, Generated: 4487
[f=893.775] Expanded: 3292, Generated: 4488
[f=894.667] Expanded: 3293, Generated: 4489
[f=895.393] Expanded: 3294, Generated: 4490
[f=895.509] Expanded: 3295, Generated: 4491
[f=896.019] Expanded: 3296, Generated: 4492
[f=896.312] Expanded: 3297, Generated: 4493
[f=896.324] Expanded: 3298, Generated: 4494
[f=896.328] Expanded: 3299, Generated: 4495
[f=896.385] Expanded: 3299, Generated: 4496
[f=894.364] Expanded: 3301, Generated: 4498
[f=896.405] Expanded: 3302, Generated: 4499
[f=896.443] Expanded: 3303, Generated: 4500
[f=896.450] Expanded: 3303, Generated: 4501
[f=896.466] Expanded: 3304, Generated: 4502
[f=896.473] Expanded: 3304, Generated: 4503
[f=896.485] Expanded: 3305, Generated: 4504
[f=896.503] Expanded: 3306, Generated: 4505
[f=896.516] Expanded: 3306, Generated: 4506
[f=894.056] Expanded: 3308, Generated: 4508
[f=891.413] Expanded: 3310, Generated: 4510
[f=893.828] Expanded: 3311, Generated: 4511
[f=896.325] Expanded: 3312, Generated: 4512
[f=896.438] Expanded: 3313, Generated: 4513
[f=896.559] Expanded: 3314, Generated: 4514
[f=896.566] Expanded: 3314, Generated: 4515
[f=896.630] Expanded: 3314, Generated: 4516
[f=896.634] Expanded: 3315, Generated: 4517
[f=896.658] Expanded: 3315, Generated: 4518
[f=896.698] Expanded: 3315, Generated: 4519
[f=896.707] Expanded: 3316, Generated: 4520
[f=896.722] Expanded: 3316, Generated: 4521
[f=896.731] Expanded: 3317, Generated: 4522
[f=896.742] Expanded: 3317, Generated: 4523
[f=896.753] Expanded: 3318, Generated: 4524
[f=896.811] Expanded: 3318, Generated: 4525
[f=896.859] Expanded: 3318, Generated: 4526
[f=896.863] Expanded: 3319, Generated: 4527
[f=896.874] Expanded: 3319, Generated: 4528
[f=896.874] Expanded: 3320, Generated: 4529
[f=896.891] Expanded: 3321, Generated: 4530
[f=896.922] Expanded: 3321, Generated: 4531
[f=896.929] Expanded: 3321, Generated: 4532
[f=896.953] Expanded: 3321, Generated: 4533
[f=896.957] Expanded: 3322, Generated: 4534
[f=896.962] Expanded: 3323, Generated: 4535
[f=896.965] Expanded: 3324, Generated: 4536
[f=896.980] Expanded: 3325, Generated: 4537
[f=896.986] Expanded: 3326, Generated: 4538
[f=897.012] Expanded: 3327, Generated: 4539
[f=897.025] Expanded: 3328, Generated: 4540
[f=897.039] Expanded: 3329, Generated: 4541
[f=897.046] Expanded: 3329, Generated: 4542
[f=897.079] Expanded: 3329, Generated: 4543
[f=897.079] Expanded: 3330, Generated: 4544
[f=897.088] Expanded: 3331, Generated: 4545
[f=897.103] Expanded: 3331, Generated: 4546
[f=897.106] Expanded: 3331, Generated: 4547
[f=897.124] Expanded: 3331, Generated: 4548
[f=897.127] Expanded: 3332, Generated: 4549
[f=895.776] Expanded: 3334, Generated: 4551
[f=897.202] Expanded: 3335, Generated: 4552
[f=893.908] Expanded: 3337, Generated: 4554
[f=897.258] Expanded: 3338, Generated: 4555
[f=897.294] Expanded: 3339, Generated: 4556
[f=897.337] Expanded: 3339, Generated: 4557
[f=897.340] Expanded: 3339, Generated: 4558
[f=897.349] Expanded: 3340, Generated: 4559
[f=897.362] Expanded: 3341, Generated: 4560
[f=897.365] Expanded: 3342, Generated: 4561
[f=897.378] Expanded: 3343, Generated: 4562
[f=896.373] Expanded: 3345, Generated: 4564
[f=897.398] Expanded: 3346, Generated: 4565
[f=897.402] Expanded: 3347, Generated: 4566
[f=897.431] Expanded: 3348, Generated: 4567
[f=897.471] Expanded: 3349, Generated: 4568
[f=897.490] Expanded: 3349, Generated: 4569
[f=897.507] Expanded: 3349, Generated: 4570
[f=895.693] Expanded: 3351, Generated: 4572
[f=897.360] Expanded: 3353, Generated: 4574
[f=897.514] Expanded: 3354, Generated: 4575
[f=897.523] Expanded: 3355, Generated: 4576
[f=897.536] Expanded: 3356, Generated: 4577
[f=897.541] Expanded: 3357, Generated: 4578
[f=897.595] Expanded: 3358, Generated: 4579
[f=897.605] Expanded: 3358, Generated: 4580
[f=897.609] Expanded: 3359, Generated: 4581
[f=897.612] Expanded: 3360, Generated: 4582
[f=897.614] Expanded: 3361, Generated: 4583
[f=897.627] Expanded: 3361, Generated: 4584
[f=897.638] Expanded: 3362, Generated: 4585
[f=897.672] Expanded: 3363, Generated: 4586
[f=897.672] Expanded: 3364, Generated: 4587
[f=897.672] Expanded: 3365, Generated: 4588
[f=897.687] Expanded: 3365, Generated: 4589
[f=897.689] Expanded: 3365, Generated: 4590
[f=897.691] Expanded: 3366, Generated: 4591
[f=897.695] Expanded: 3367, Generated: 4592
[f=897.706] Expanded: 3368, Generated: 4593
[f=897.708] Expanded: 3369, Generated: 4594
[f=897.713] Expanded: 3369, Generated: 4595
[f=897.749] Expanded: 3370, Generated: 4596
[f=897.782] Expanded: 3371, Generated: 4597
[f=884.707] Expanded: 3372, Generated: 4599
[f=887.328] Expanded: 3373, Generated: 4600
[f=887.911] Expanded: 3374, Generated: 4601
[f=890.889] Expanded: 3375, Generated: 4602
[f=885.235] Expanded: 3376, Generated: 4604
[f=886.484] Expanded: 3377, Generated: 4605
[f=887.852] Expanded: 3378, Generated: 4606
[f=887.428] Expanded: 3379, Generated: 4608
[f=888.675] Expanded: 3380, Generated: 4609
[f=889.038] Expanded: 3381, Generated: 4610
[f=890.045] Expanded: 3382, Generated: 4611
[f=891.223] Expanded: 3383, Generated: 4612
[f=891.263] Expanded: 3383, Generated: 4613
[f=891.640] Expanded: 3384, Generated: 4614
[f=892.573] Expanded: 3385, Generated: 4616
[f=892.685] Expanded: 3385, Generated: 4617
[f=892.805] Expanded: 3385, Generated: 4618
[f=892.945] Expanded: 3386, Generated: 4619
[f=892.969] Expanded: 3386, Generated: 4620
[f=893.137] Expanded: 3387, Generated: 4621
[f=892.695] Expanded: 3388, Generated: 4623
[f=893.415] Expanded: 3389, Generated: 4624
[f=892.445] Expanded: 3390, Generated: 4626
[f=888.050] Expanded: 3392, Generated: 4628
[f=888.569] Expanded: 3393, Generated: 4629
[f=889.692] Expanded: 3393, Generated: 4630
[f=891.352] Expanded: 3394, Generated: 4631
[f=886.943] Expanded: 3396, Generated: 4633
[f=888.680] Expanded: 3397, Generated: 4634
[f=888.987] Expanded: 3398, Generated: 4635
[f=889.157] Expanded: 3399, Generated: 4636
[f=889.365] Expanded: 3400, Generated: 4637
[f=890.277] Expanded: 3400, Generated: 4638
[f=891.203] Expanded: 3401, Generated: 4639
[f=891.398] Expanded: 3402, Generated: 4640
[f=892.155] Expanded: 3403, Generated: 4641
[f=892.319] Expanded: 3403, Generated: 4642
[f=892.995] Expanded: 3404, Generated: 4643
[f=893.558] Expanded: 3405, Generated: 4644
[f=893.568] Expanded: 3406, Generated: 4645
[f=893.652] Expanded: 3407, Generated: 4646
[f=893.657] Expanded: 3408, Generated: 4647
[f=893.669] Expanded: 3409, Generated: 4648
[f=893.728] Expanded: 3409, Generated: 4649
[f=893.740] Expanded: 3409, Generated: 4650
[f=893.756] Expanded: 3410, Generated: 4651
[f=893.762] Expanded: 3410, Generated: 4652
[f=893.774] Expanded: 3411, Generated: 4653
[f=893.774] Expanded: 3412, Generated: 4654
[f=893.857] Expanded: 3413, Generated: 4655
[f=893.858] Expanded: 3414, Generated: 4656
[f=893.890] Expanded: 3415, Generated: 4657
[f=894.000] Expanded: 3416, Generated: 4658
[f=894.022] Expanded: 3416, Generated: 4659
[f=894.130] Expanded: 3417, Generated: 4660
[f=894.162] Expanded: 3418, Generated: 4661
[f=894.254] Expanded: 3419, Generated: 4662
[f=894.298] Expanded: 3419, Generated: 4663
[f=894.339] Expanded: 3420, Generated: 4664
[f=893.061] Expanded: 3421, Generated: 4666
[f=894.683] Expanded: 3422, Generated: 4667
[f=894.691] Expanded: 3423, Generated: 4668
[f=894.700] Expanded: 3424, Generated: 4669
[f=894.803] Expanded: 3425, Generated: 4670
[f=894.841] Expanded: 3426, Generated: 4671
[f=894.899] Expanded: 3426, Generated: 4672
[f=894.972] Expanded: 3426, Generated: 4673
[f=895.025] Expanded: 3427, Generated: 4674
[f=895.080] Expanded: 3428, Generated: 4675
[f=895.091] Expanded: 3429, Generated: 4676
[f=895.142] Expanded: 3429, Generated: 4677
[f=895.200] Expanded: 3430, Generated: 4678
[f=895.210] Expanded: 3430, Generated: 4679
[f=895.321] Expanded: 3431, Generated: 4680
[f=895.326] Expanded: 3432, Generated: 4681
[f=894.130] Expanded: 3434, Generated: 4683
[f=895.426] Expanded: 3435, Generated: 4684
[f=895.427] Expanded: 3436, Generated: 4685
[f=895.431] Expanded: 3436, Generated: 4686
[f=895.456] Expanded: 3437, Generated: 4687
[f=895.471] Expanded: 3438, Generated: 4688
[f=895.502] Expanded: 3439, Generated: 4689
[f=895.554] Expanded: 3440, Generated: 4690
[f=895.606] Expanded: 3441, Generated: 4691
[f=895.612] Expanded: 3442, Generated: 4692
[f=895.635] Expanded: 3443, Generated: 4693
[f=895.700] Expanded: 3443, Generated: 4694
[f=895.724] Expanded: 3443, Generated: 4695
[f=895.731] Expanded: 3443, Generated: 4696
[f=890.481] Expanded: 3444, Generated: 4698
[f=891.801] Expanded: 3445, Generated: 4699
[f=889.656] Expanded: 3446, Generated: 4701
[f=891.020] Expanded: 3447, Generated: 4702
[f=892.622] Expanded: 3448, Generated: 4703
[f=893.103] Expanded: 3449, Generated: 4704
[f=893.398] Expanded: 3450, Generated: 4705
[f=894.233] Expanded: 3451, Generated: 4706
[f=895.749] Expanded: 3451, Generated: 4707
[f=895.788] Expanded: 3452, Generated: 4708
[f=895.805] Expanded: 3453, Generated: 4709
[f=895.850] Expanded: 3453, Generated: 4710
[f=895.880] Expanded: 3453, Generated: 4711
[f=895.883] Expanded: 3454, Generated: 4712
[f=895.898] Expanded: 3454, Generated: 4713
[f=895.914] Expanded: 3455, Generated: 4714
[f=895.954] Expanded: 3456, Generated: 4715
[f=895.959] Expanded: 3456, Generated: 4716
[f=887.176] Expanded: 3457, Generated: 4718
[f=889.453] Expanded: 3458, Generated: 4719
[f=890.359] Expanded: 3459, Generated: 4720
[f=892.586] Expanded: 3460, Generated: 4721
[f=887.855] Expanded: 3461, Generated: 4723
[f=888.666] Expanded: 3462, Generated: 4724
[f=889.972] Expanded: 3463, Generated: 4726
[f=890.781] Expanded: 3464, Generated: 4727
[f=890.850] Expanded: 3465, Generated: 4728
[f=891.036] Expanded: 3466, Generated: 4729
[f=892.960] Expanded: 3467, Generated: 4730
[f=893.150] Expanded: 3468, Generated: 4731
[f=893.482] Expanded: 3469, Generated: 4732
[f=893.776] Expanded: 3469, Generated: 4733
[f=894.651] Expanded: 3470, Generated: 4734
[f=894.953] Expanded: 3470, Generated: 4735
[f=894.904] Expanded: 3471, Generated: 4737
[f=895.055] Expanded: 3471, Generated: 4738
[f=895.123] Expanded: 3472, Generated: 4739
[f=895.158] Expanded: 3473, Generated: 4740
[f=895.241] Expanded: 3474, Generated: 4741
[f=895.335] Expanded: 3475, Generated: 4742
[f=895.338] Expanded: 3475, Generated: 4743
[f=895.446] Expanded: 3475, Generated: 4744
[f=895.506] Expanded: 3475, Generated: 4745
[f=895.531] Expanded: 3476, Generated: 4746
[f=895.556] Expanded: 3476, Generated: 4747
[f=895.716] Expanded: 3476, Generated: 4748
[f=895.832] Expanded: 3477, Generated: 4749
[f=896.004] Expanded: 3478, Generated: 4750
[f=896.024] Expanded: 3479, Generated: 4751
[f=896.036] Expanded: 3480, Generated: 4752
[f=896.039] Expanded: 3481, Generated: 4753
[f=896.068] Expanded: 3482, Generated: 4754
[f=896.070] Expanded: 3482, Generated: 4755
[f=896.071] Expanded: 3483, Generated: 4756
[f=896.107] Expanded: 3484, Generated: 4757
[f=896.112] Expanded: 3485, Generated: 4758
[f=896.135] Expanded: 3485, Generated: 4759
[f=896.188] Expanded: 3486, Generated: 4760
[f=896.196] Expanded: 3487, Generated: 4761
[f=896.201] Expanded: 3487, Generated: 4762
[f=896.204] Expanded: 3487, Generated: 4763
[f=896.213] Expanded: 3487, Generated: 4764
[f=896.233] Expanded: 3487, Generated: 4765
[f=896.275] Expanded: 3488, Generated: 4766
[f=896.277] Expanded: 3488, Generated: 4767
[f=896.279] Expanded: 3489, Generated: 4768
[f=896.281] Expanded: 3489, Generated: 4770
[f=896.289] Expanded: 3489, Generated: 4771
[f=896.302] Expanded: 3489, Generated: 4772
[f=896.303] Expanded: 3490, Generated: 4773
[f=896.342] Expanded: 3490, Generated: 4774
[f=896.363] Expanded: 3490, Generated: 4775
[f=895.555] Expanded: 3491, Generated: 4777
[f=896.364] Expanded: 3492, Generated: 4778
[f=896.387] Expanded: 3492, Generated: 4779
[f=896.398] Expanded: 3493, Generated: 4780
[f=896.404] Expanded: 3494, Generated: 4781
[f=895.369] Expanded: 3495, Generated: 4783
[f=896.476] Expanded: 3495, Generated: 4784
[f=896.498] Expanded: 3496, Generated: 4785
[f=896.506] Expanded: 3497, Generated: 4786
[f=892.245] Expanded: 3499, Generated: 4788
[f=895.138] Expanded: 3500, Generated: 4789
[f=889.614] Expanded: 3502, Generated: 4791
[f=889.113] Expanded: 3504, Generated: 4793
[f=891.833] Expanded: 3505, Generated: 4794
[f=892.334] Expanded: 3506, Generated: 4795
[f=894.307] Expanded: 3507, Generated: 4796
[f=894.939] Expanded: 3508, Generated: 4797
[f=895.436] Expanded: 3509, Generated: 4798
[f=895.809] Expanded: 3510, Generated: 4799
[f=896.169] Expanded: 3511, Generated: 4800
[f=895.073] Expanded: 3513, Generated: 4802
[f=894.762] Expanded: 3515, Generated: 4804
[f=896.304] Expanded: 3516, Generated: 4805
[f=896.402] Expanded: 3517, Generated: 4806
[f=896.482] Expanded: 3518, Generated: 4807
[f=896.538] Expanded: 3519, Generated: 4808
[f=896.548] Expanded: 3520, Generated: 4809
[f=896.573] Expanded: 3520, Generated: 4810
[f=896.603] Expanded: 3521, Generated: 4811
[f=896.605] Expanded: 3521, Generated: 4812
[f=896.613] Expanded: 3522, Generated: 4813
[f=896.620] Expanded: 3523, Generated: 4814
[f=896.647] Expanded: 3524, Generated: 4815
[f=889.707] Expanded: 3526, Generated: 4817
[f=892.296] Expanded: 3527, Generated: 4818
[f=894.988] Expanded: 3528, Generated: 4819
[f=895.905] Expanded: 3529, Generated: 4820
[f=896.297] Expanded: 3530, Generated: 4821
[f=896.682] Expanded: 3531, Generated: 4822
[f=896.684] Expanded: 3531, Generated: 4823
[f=896.695] Expanded: 3532, Generated: 4824
[f=896.727] Expanded: 3533, Generated: 4825
[f=896.759] Expanded: 3534, Generated: 4826
[f=896.760] Expanded: 3535, Generated: 4827
[f=896.761] Expanded: 3536, Generated: 4828
[f=896.763] Expanded: 3537, Generated: 4829
[f=896.768] Expanded: 3538, Generated: 4830
[f=896.794] Expanded: 3538, Generated: 4831
[f=896.797] Expanded: 3539, Generated: 4832
[f=896.835] Expanded: 3540, Generated: 4833
[f=896.868] Expanded: 3541, Generated: 4834
[f=896.900] Expanded: 3542, Generated: 4835
[f=896.909] Expanded: 3543, Generated: 4836
[f=896.919] Expanded: 3544, Generated: 4837
[f=896.924] Expanded: 3545, Generated: 4838
[f=893.062] Expanded: 3546, Generated: 4840
[f=895.682] Expanded: 3547, Generated: 4841
[f=895.786] Expanded: 3548, Generated: 4842
[f=896.937] Expanded: 3549, Generated: 4843
[f=896.971] Expanded: 3550, Generated: 4844
[f=891.942] Expanded: 3552, Generated: 4846
[f=891.351] Expanded: 3554, Generated: 4848
[f=893.598] Expanded: 3555, Generated: 4849
[f=893.793] Expanded: 3556, Generated: 4850
[f=894.088] Expanded: 3557, Generated: 4851
[f=894.237] Expanded: 3558, Generated: 4852
[f=894.568] Expanded: 3558, Generated: 4853
[f=895.203] Expanded: 3558, Generated: 4854
[f=896.314] Expanded: 3559, Generated: 4855
[f=896.956] Expanded: 3560, Generated: 4856
[f=897.056] Expanded: 3560, Generated: 4857
[f=897.057] Expanded: 3560, Generated: 4858
[f=897.069] Expanded: 3560, Generated: 4859
[f=896.026] Expanded: 3562, Generated: 4861
[f=896.864] Expanded: 3563, Generated: 4862
[f=897.096] Expanded: 3563, Generated: 4863
[f=897.101] Expanded: 3563, Generated: 4864
[f=897.103] Expanded: 3564, Generated: 4865
[f=890.382] Expanded: 3566, Generated: 4867
[f=892.149] Expanded: 3566, Generated: 4868
[f=892.972] Expanded: 3567, Generated: 4869
[f=895.810] Expanded: 3568, Generated: 4870
[f=896.867] Expanded: 3569, Generated: 4871
[f=897.140] Expanded: 3570, Generated: 4872
[f=897.141] Expanded: 3570, Generated: 4873
[f=897.154] Expanded: 3571, Generated: 4874
[f=897.164] Expanded: 3572, Generated: 4875
[f=897.167] Expanded: 3572, Generated: 4876
[f=897.168] Expanded: 3573, Generated: 4877
[f=897.196] Expanded: 3574, Generated: 4878
[f=897.246] Expanded: 3575, Generated: 4879
[f=897.251] Expanded: 3575, Generated: 4880
[f=897.257] Expanded: 3576, Generated: 4881
[f=897.261] Expanded: 3576, Generated: 4882
[f=897.266] Expanded: 3576, Generated: 4883
[f=896.961] Expanded: 3578, Generated: 4885
[f=897.279] Expanded: 3578, Generated: 4886
[f=897.283] Expanded: 3578, Generated: 4887
[f=897.284] Expanded: 3579, Generated: 4888
[f=897.295] Expanded: 3579, Generated: 4889
[f=897.322] Expanded: 3580, Generated: 4890
[f=897.334] Expanded: 3580, Generated: 4891
[f=897.336] Expanded: 3581, Generated: 4892
[f=897.348] Expanded: 3582, Generated: 4893
[f=897.373] Expanded: 3582, Generated: 4894
[f=897.393] Expanded: 3583, Generated: 4895
[f=897.397] Expanded: 3583, Generated: 4896
[f=897.409] Expanded: 3584, Generated: 4897
[f=897.414] Expanded: 3584, Generated: 4898
[f=897.423] Expanded: 3585, Generated: 4899
[f=897.429] Expanded: 3586, Generated: 4900
[f=897.444] Expanded: 3586, Generated: 4901
[f=897.493] Expanded: 3587, Generated: 4902
[f=897.495] Expanded: 3588, Generated: 4903
[f=897.508] Expanded: 3589, Generated: 4904
[f=897.526] Expanded: 3590, Generated: 4905
[f=892.613] Expanded: 3592, Generated: 4907
[f=895.878] Expanded: 3593, Generated: 4908
[f=895.910] Expanded: 3593, Generated: 4909
[f=897.104] Expanded: 3594, Generated: 4910
[f=897.279] Expanded: 3595, Generated: 4911
[f=897.603] Expanded: 3595, Generated: 4912
[f=897.607] Expanded: 3595, Generated: 4913
[f=897.612] Expanded: 3595, Generated: 4914
[f=897.624] Expanded: 3596, Generated: 4915
[f=897.624] Expanded: 3596, Generated: 4916
[f=897.626] Expanded: 3596, Generated: 4917
[f=897.639] Expanded: 3597, Generated: 4918
[f=897.643] Expanded: 3598, Generated: 4919
[f=897.644] Expanded: 3599, Generated: 4920
[f=897.662] Expanded: 3600, Generated: 4921
[f=897.678] Expanded: 3601, Generated: 4922
[f=897.682] Expanded: 3601, Generated: 4923
[f=897.708] Expanded: 3602, Generated: 4924
[f=897.717] Expanded: 3602, Generated: 4925
[f=897.723] Expanded: 3602, Generated: 4926
[f=897.765] Expanded: 3603, Generated: 4927
[f=897.766] Expanded: 3603, Generated: 4928
[f=897.773] Expanded: 3604, Generated: 4929
[f=897.774] Expanded: 3604, Generated: 4930
[f=897.780] Expanded: 3605, Generated: 4931
[f=895.721] Expanded: 3607, Generated: 4933
[f=895.412] Expanded: 3609, Generated: 4935
[f=897.794] Expanded: 3610, Generated: 4936
[f=897.809] Expanded: 3610, Generated: 4937
[f=897.715] Expanded: 3612, Generated: 4939
[f=897.816] Expanded: 3613, Generated: 4940
[f=897.823] Expanded: 3614, Generated: 4941
[f=897.826] Expanded: 3614, Generated: 4942
[f=897.830] Expanded: 3614, Generated: 4943
[f=897.833] Expanded: 3615, Generated: 4944
[f=893.048] Expanded: 3617, Generated: 4946
[f=893.478] Expanded: 3619, Generated: 4948
[f=892.391] Expanded: 3621, Generated: 4950
[f=892.255] Expanded: 3623, Generated: 4952
[f=893.440] Expanded: 3625, Generated: 4954
[f=896.056] Expanded: 3626, Generated: 4955
[f=896.532] Expanded: 3626, Generated: 4956
[f=897.742] Expanded: 3627, Generated: 4957
[f=897.820] Expanded: 3627, Generated: 4958
[f=897.841] Expanded: 3628, Generated: 4959
[f=897.841] Expanded: 3628, Generated: 4960
[f=897.843] Expanded: 3629, Generated: 4961
[f=897.845] Expanded: 3630, Generated: 4962
[f=897.845] Expanded: 3631, Generated: 4963
[f=897.857] Expanded: 3631, Generated: 4964
[f=897.866] Expanded: 3632, Generated: 4965
[f=897.875] Expanded: 3632, Generated: 4966
[f=897.877] Expanded: 3633, Generated: 4967
[f=897.878] Expanded: 3634, Generated: 4968
[f=897.878] Expanded: 3635, Generated: 4969
[f=897.793] Expanded: 3636, Generated: 4971
[f=897.882] Expanded: 3636, Generated: 4972
[f=897.883] Expanded: 3637, Generated: 4973
[f=897.887] Expanded: 3637, Generated: 4974
[f=897.894] Expanded: 3638, Generated: 4975
[f=897.901] Expanded: 3638, Generated: 4976
[f=897.907] Expanded: 3639, Generated: 4977
[f=897.913] Expanded: 3640, Generated: 4978
[f=897.918] Expanded: 3640, Generated: 4979
[f=897.926] Expanded: 3640, Generated: 4980
[f=897.929] Expanded: 3641, Generated: 4981
[f=897.930] Expanded: 3642, Generated: 4982
[f=897.935] Expanded: 3642, Generated: 4983
[f=897.940] Expanded: 3642, Generated: 4984
[f=897.943] Expanded: 3643, Generated: 4985
[f=897.955] Expanded: 3644, Generated: 4986
[f=897.960] Expanded: 3645, Generated: 4987
[f=895.192] Expanded: 3647, Generated: 4989
[f=896.590] Expanded: 3648, Generated: 4990
[f=896.770] Expanded: 3649, Generated: 4991
[f=897.389] Expanded: 3650, Generated: 4992
[f=897.976] Expanded: 3651, Generated: 4993
[f=897.980] Expanded: 3652, Generated: 4994
[f=897.983] Expanded: 3653, Generated: 4995
[f=897.986] Expanded: 3653, Generated: 4996
[f=897.989] Expanded: 3654, Generated: 4997
[f=897.996] Expanded: 3655, Generated: 4998
[f=898.001] Expanded: 3655, Generated: 4999
[f=898.004] Expanded: 3655, Generated: 5000
[f=898.012] Expanded: 3656, Generated: 5001
[f=898.013] Expanded: 3657, Generated: 5002
[f=898.025] Expanded: 3657, Generated: 5003
[f=898.029] Expanded: 3658, Generated: 5004
[f=898.032] Expanded: 3658, Generated: 5005
[f=882.775] Expanded: 3659, Generated: 5007
[f=885.431] Expanded: 3660, Generated: 5008
[f=888.348] Expanded: 3661, Generated: 5009
[f=883.447] Expanded: 3662, Generated: 5011
[f=884.096] Expanded: 3663, Generated: 5012
[f=884.915] Expanded: 3664, Generated: 5014
[f=885.545] Expanded: 3665, Generated: 5015
[f=886.682] Expanded: 3666, Generated: 5016
[f=888.120] Expanded: 3667, Generated: 5017
[f=889.249] Expanded: 3668, Generated: 5018
[f=889.657] Expanded: 3668, Generated: 5019
[f=889.792] Expanded: 3669, Generated: 5020
[f=888.516] Expanded: 3671, Generated: 5022
[f=890.574] Expanded: 3672, Generated: 5023
[f=890.661] Expanded: 3673, Generated: 5024
[f=885.465] Expanded: 3675, Generated: 5026
[f=886.149] Expanded: 3675, Generated: 5027
[f=888.637] Expanded: 3676, Generated: 5028
[f=884.900] Expanded: 3678, Generated: 5030
[f=886.288] Expanded: 3679, Generated: 5031
[f=886.337] Expanded: 3680, Generated: 5032
[f=887.090] Expanded: 3680, Generated: 5033
[f=887.106] Expanded: 3681, Generated: 5034
[f=888.528] Expanded: 3682, Generated: 5035
[f=888.551] Expanded: 3682, Generated: 5036
[f=889.799] Expanded: 3683, Generated: 5037
[f=890.613] Expanded: 3684, Generated: 5038
[f=890.731] Expanded: 3684, Generated: 5039
[f=890.803] Expanded: 3684, Generated: 5040
[f=890.857] Expanded: 3685, Generated: 5041
[f=890.935] Expanded: 3685, Generated: 5042
[f=890.961] Expanded: 3686, Generated: 5043
[f=891.003] Expanded: 3686, Generated: 5044
[f=891.039] Expanded: 3687, Generated: 5045
[f=891.064] Expanded: 3688, Generated: 5046
[f=891.110] Expanded: 3689, Generated: 5047
[f=891.177] Expanded: 3690, Generated: 5048
[f=891.249] Expanded: 3690, Generated: 5049
[f=891.303] Expanded: 3691, Generated: 5050
[f=891.387] Expanded: 3691, Generated: 5051
[f=891.388] Expanded: 3691, Generated: 5052
[f=891.462] Expanded: 3692, Generated: 5053
[f=891.464] Expanded: 3692, Generated: 5054
[f=891.477] Expanded: 3693, Generated: 5055
[f=891.526] Expanded: 3694, Generated: 5056
[f=891.556] Expanded: 3695, Generated: 5057
[f=891.694] Expanded: 3696, Generated: 5058
[f=891.903] Expanded: 3697, Generated: 5059
[f=891.924] Expanded: 3697, Generated: 5060
[f=891.993] Expanded: 3698, Generated: 5061
[f=892.100] Expanded: 3698, Generated: 5062
[f=892.145] Expanded: 3699, Generated: 5063
[f=892.237] Expanded: 3700, Generated: 5064
[f=892.318] Expanded: 3700, Generated: 5065
[f=892.323] Expanded: 3701, Generated: 5066
[f=892.334] Expanded: 3701, Generated: 5067
[f=887.212] Expanded: 3704, Generated: 5070
[f=888.310] Expanded: 3704, Generated: 5071
[f=889.017] Expanded: 3705, Generated: 5072
[f=889.583] Expanded: 3705, Generated: 5073
[f=889.617] Expanded: 3706, Generated: 5074
[f=891.473] Expanded: 3707, Generated: 5075
[f=892.212] Expanded: 3708, Generated: 5076
[f=892.522] Expanded: 3709, Generated: 5077
[f=892.590] Expanded: 3710, Generated: 5078
[f=892.597] Expanded: 3711, Generated: 5079
[f=892.619] Expanded: 3712, Generated: 5080
[f=892.634] Expanded: 3713, Generated: 5081
[f=892.699] Expanded: 3714, Generated: 5082
[f=892.727] Expanded: 3714, Generated: 5083
[f=892.772] Expanded: 3715, Generated: 5084
[f=892.834] Expanded: 3715, Generated: 5085
[f=892.849] Expanded: 3716, Generated: 5086
[f=892.873] Expanded: 3717, Generated: 5087
[f=892.885] Expanded: 3717, Generated: 5088
[f=892.928] Expanded: 3718, Generated: 5089
[f=892.937] Expanded: 3719, Generated: 5090
[f=893.007] Expanded: 3719, Generated: 5091
[f=893.050] Expanded: 3719, Generated: 5092
[f=893.082] Expanded: 3719, Generated: 5093
[f=893.090] Expanded: 3720, Generated: 5094
[f=893.096] Expanded: 3721, Generated: 5095
[f=893.270] Expanded: 3721, Generated: 5096
[f=893.313] Expanded: 3721, Generated: 5097
[f=893.319] Expanded: 3722, Generated: 5098
[f=893.326] Expanded: 3722, Generated: 5099
[f=893.329] Expanded: 3722, Generated: 5100
[f=893.339] Expanded: 3723, Generated: 5101
[f=893.343] Expanded: 3724, Generated: 5102
[f=893.359] Expanded: 3724, Generated: 5103
[f=893.478] Expanded: 3725, Generated: 5104
[f=893.523] Expanded: 3726, Generated: 5105
[f=893.525] Expanded: 3727, Generated: 5106
[f=893.574] Expanded: 3728, Generated: 5107
[f=893.623] Expanded: 3729, Generated: 5108
[f=893.628] Expanded: 3730, Generated: 5109
[f=893.653] Expanded: 3730, Generated: 5110
[f=893.799] Expanded: 3730, Generated: 5111
[f=893.820] Expanded: 3730, Generated: 5112
[f=893.838] Expanded: 3730, Generated: 5113
[f=889.939] Expanded: 3732, Generated: 5115
[f=889.748] Expanded: 3734, Generated: 5117
[f=891.797] Expanded: 3735, Generated: 5118
[f=891.860] Expanded: 3735, Generated: 5119
[f=892.013] Expanded: 3736, Generated: 5120
[f=892.065] Expanded: 3736, Generated: 5121
[f=893.863] Expanded: 3737, Generated: 5122
[f=893.906] Expanded: 3737, Generated: 5123
[f=893.934] Expanded: 3738, Generated: 5124
[f=885.097] Expanded: 3739, Generated: 5126
[f=887.573] Expanded: 3740, Generated: 5127
[f=890.709] Expanded: 3741, Generated: 5128
[f=886.052] Expanded: 3742, Generated: 5130
[f=886.782] Expanded: 3743, Generated: 5131
[f=887.425] Expanded: 3744, Generated: 5133
[f=888.134] Expanded: 3745, Generated: 5134
[f=889.223] Expanded: 3746, Generated: 5135
[f=890.567] Expanded: 3747, Generated: 5136
[f=891.878] Expanded: 3748, Generated: 5137
[f=891.933] Expanded: 3748, Generated: 5138
[f=892.101] Expanded: 3749, Generated: 5139
[f=890.524] Expanded: 3751, Generated: 5141
[f=892.773] Expanded: 3751, Generated: 5142
[f=893.024] Expanded: 3751, Generated: 5143
[f=893.032] Expanded: 3751, Generated: 5144
[f=893.105] Expanded: 3752, Generated: 5145
[f=893.154] Expanded: 3753, Generated: 5146
[f=893.157] Expanded: 3754, Generated: 5147
[f=893.359] Expanded: 3754, Generated: 5148
[f=893.360] Expanded: 3755, Generated: 5149
[f=893.470] Expanded: 3755, Generated: 5150
[f=893.683] Expanded: 3756, Generated: 5151
[f=893.688] Expanded: 3757, Generated: 5152
[f=893.825] Expanded: 3757, Generated: 5153
[f=893.832] Expanded: 3757, Generated: 5154
[f=893.901] Expanded: 3758, Generated: 5155
[f=893.915] Expanded: 3759, Generated: 5156
[f=894.020] Expanded: 3759, Generated: 5157
[f=894.025] Expanded: 3760, Generated: 5158
[f=894.077] Expanded: 3761, Generated: 5159
[f=894.124] Expanded: 3761, Generated: 5160
[f=894.170] Expanded: 3762, Generated: 5161
[f=894.195] Expanded: 3763, Generated: 5162
[f=894.214] Expanded: 3764, Generated: 5163
[f=894.268] Expanded: 3764, Generated: 5164
[f=894.283] Expanded: 3764, Generated: 5165
[f=892.483] Expanded: 3766, Generated: 5167
[f=893.536] Expanded: 3766, Generated: 5168
[f=894.293] Expanded: 3767, Generated: 5169
[f=894.294] Expanded: 3767, Generated: 5170
[f=894.319] Expanded: 3767, Generated: 5171
[f=894.338] Expanded: 3768, Generated: 5172
[f=894.346] Expanded: 3769, Generated: 5173
[f=894.350] Expanded: 3770, Generated: 5174
[f=894.369] Expanded: 3770, Generated: 5175
[f=894.377] Expanded: 3770, Generated: 5176
[f=890.075] Expanded: 3771, Generated: 5178
[f=892.214] Expanded: 3772, Generated: 5179
[f=894.389] Expanded: 3773, Generated: 5180
[f=894.392] Expanded: 3773, Generated: 5181
[f=894.417] Expanded: 3774, Generated: 5182
[f=894.430] Expanded: 3775, Generated: 5183
[f=894.478] Expanded: 3776, Generated: 5184
[f=894.491] Expanded: 3776, Generated: 5185
[f=894.567] Expanded: 3777, Generated: 5186
[f=894.594] Expanded: 3777, Generated: 5187
[f=894.609] Expanded: 3778, Generated: 5188
[f=894.611] Expanded: 3779, Generated: 5189
[f=894.612] Expanded: 3780, Generated: 5190
[f=894.617] Expanded: 3780, Generated: 5191
[f=894.643] Expanded: 3780, Generated: 5192
[f=894.673] Expanded: 3780, Generated: 5193
[f=894.680] Expanded: 3781, Generated: 5194
[f=894.811] Expanded: 3781, Generated: 5195
[f=894.894] Expanded: 3781, Generated: 5196
[f=894.898] Expanded: 3781, Generated: 5197
[f=894.923] Expanded: 3781, Generated: 5198
[f=894.940] Expanded: 3782, Generated: 5199
[f=894.951] Expanded: 3782, Generated: 5200
[f=894.961] Expanded: 3782, Generated: 5201
[f=894.980] Expanded: 3783, Generated: 5202
[f=894.991] Expanded: 3784, Generated: 5203
[f=894.997] Expanded: 3784, Generated: 5204
[f=895.084] Expanded: 3784, Generated: 5205
[f=895.084] Expanded: 3784, Generated: 5206
[f=895.092] Expanded: 3784, Generated: 5207
[f=895.129] Expanded: 3785, Generated: 5208
[f=895.131] Expanded: 3786, Generated: 5209
[f=895.176] Expanded: 3787, Generated: 5210
[f=895.180] Expanded: 3788, Generated: 5211
[f=895.187] Expanded: 3789, Generated: 5212
[f=895.189] Expanded: 3789, Generated: 5213
[f=895.191] Expanded: 3790, Generated: 5214
[f=895.193] Expanded: 3791, Generated: 5215
[f=895.204] Expanded: 3792, Generated: 5216
[f=895.275] Expanded: 3792, Generated: 5217
[f=895.294] Expanded: 3792, Generated: 5218
[f=895.314] Expanded: 3792, Generated: 5219
[f=895.317] Expanded: 3793, Generated: 5220
[f=895.335] Expanded: 3793, Generated: 5221
[f=895.371] Expanded: 3793, Generated: 5222
[f=895.381] Expanded: 3794, Generated: 5223
[f=895.386] Expanded: 3794, Generated: 5224
[f=895.389] Expanded: 3794, Generated: 5225
[f=895.394] Expanded: 3795, Generated: 5226
[f=895.397] Expanded: 3795, Generated: 5227
[f=895.406] Expanded: 3795, Generated: 5228
[f=894.917] Expanded: 3797, Generated: 5230
[f=895.438] Expanded: 3798, Generated: 5231
[f=895.466] Expanded: 3799, Generated: 5232
[f=895.469] Expanded: 3800, Generated: 5233
[f=895.501] Expanded: 3801, Generated: 5234
[f=895.508] Expanded: 3801, Generated: 5235
[f=895.524] Expanded: 3802, Generated: 5236
[f=895.608] Expanded: 3802, Generated: 5237
[f=893.497] Expanded: 3803, Generated: 5239
[f=894.065] Expanded: 3804, Generated: 5240
[f=895.632] Expanded: 3805, Generated: 5241
[f=895.633] Expanded: 3806, Generated: 5242
[f=895.645] Expanded: 3806, Generated: 5243
[f=895.654] Expanded: 3807, Generated: 5244
[f=895.710] Expanded: 3807, Generated: 5245
[f=895.718] Expanded: 3807, Generated: 5246
[f=895.740] Expanded: 3808, Generated: 5247
[f=895.754] Expanded: 3808, Generated: 5248
[f=895.768] Expanded: 3809, Generated: 5249
[f=895.786] Expanded: 3810, Generated: 5250
[f=895.786] Expanded: 3810, Generated: 5251
[f=895.804] Expanded: 3811, Generated: 5252
[f=892.453] Expanded: 3812, Generated: 5254
[f=895.102] Expanded: 3813, Generated: 5255
[f=893.664] Expanded: 3814, Generated: 5257
[f=895.833] Expanded: 3815, Generated: 5258
[f=895.845] Expanded: 3816, Generated: 5259
[f=895.847] Expanded: 3817, Generated: 5260
[f=895.851] Expanded: 3818, Generated: 5261
[f=895.871] Expanded: 3818, Generated: 5262
[f=895.877] Expanded: 3818, Generated: 5263
[f=895.904] Expanded: 3819, Generated: 5264
[f=895.920] Expanded: 3819, Generated: 5265
[f=895.920] Expanded: 3819, Generated: 5266
[f=895.921] Expanded: 3819, Generated: 5267
[f=895.933] Expanded: 3820, Generated: 5268
[f=889.711] Expanded: 3822, Generated: 5270
[f=889.998] Expanded: 3823, Generated: 5271
[f=890.591] Expanded: 3823, Generated: 5272
[f=891.405] Expanded: 3824, Generated: 5273
[f=892.224] Expanded: 3824, Generated: 5274
[f=892.298] Expanded: 3825, Generated: 5275
[f=893.723] Expanded: 3826, Generated: 5276
[f=894.967] Expanded: 3827, Generated: 5277
[f=895.955] Expanded: 3827, Generated: 5278
[f=895.955] Expanded: 3828, Generated: 5279
[f=895.975] Expanded: 3828, Generated: 5280
[f=895.984] Expanded: 3829, Generated: 5281
[f=895.183] Expanded: 3830, Generated: 5283
[f=895.733] Expanded: 3831, Generated: 5284
[f=895.106] Expanded: 3833, Generated: 5286
[f=895.799] Expanded: 3833, Generated: 5287
[f=896.086] Expanded: 3834, Generated: 5288
[f=896.095] Expanded: 3835, Generated: 5289
[f=896.099] Expanded: 3835, Generated: 5290
[f=896.113] Expanded: 3836, Generated: 5291
[f=896.119] Expanded: 3836, Generated: 5292
[f=896.135] Expanded: 3837, Generated: 5293
[f=896.144] Expanded: 3838, Generated: 5294
[f=896.163] Expanded: 3838, Generated: 5295
[f=894.881] Expanded: 3840, Generated: 5297
[f=896.170] Expanded: 3840, Generated: 5298
[f=896.197] Expanded: 3840, Generated: 5299
[f=896.235] Expanded: 3841, Generated: 5300
[f=896.238] Expanded: 3842, Generated: 5301
[f=896.242] Expanded: 3843, Generated: 5302
[f=896.244] Expanded: 3844, Generated: 5303
[f=896.251] Expanded: 3844, Generated: 5304
[f=896.270] Expanded: 3845, Generated: 5305
[f=896.316] Expanded: 3845, Generated: 5306
[f=896.317] Expanded: 3845, Generated: 5307
[f=896.317] Expanded: 3846, Generated: 5308
[f=896.329] Expanded: 3846, Generated: 5309
[f=896.340] Expanded: 3847, Generated: 5310
[f=896.342] Expanded: 3848, Generated: 5311
[f=896.360] Expanded: 3849, Generated: 5312
[f=896.439] Expanded: 3850, Generated: 5313
[f=892.806] Expanded: 3851, Generated: 5315
[f=893.454] Expanded: 3852, Generated: 5316
[f=894.342] Expanded: 3853, Generated: 5318
[f=894.972] Expanded: 3854, Generated: 5319
[f=896.012] Expanded: 3855, Generated: 5320
[f=896.465] Expanded: 3856, Generated: 5321
[f=896.485] Expanded: 3856, Generated: 5322
[f=892.430] Expanded: 3857, Generated: 5324
[f=894.538] Expanded: 3858, Generated: 5325
[f=896.549] Expanded: 3859, Generated: 5326
[f=896.556] Expanded: 3860, Generated: 5327
[f=896.564] Expanded: 3861, Generated: 5328
[f=896.564] Expanded: 3862, Generated: 5329
[f=896.598] Expanded: 3862, Generated: 5330
[f=896.603] Expanded: 3863, Generated: 5331
[f=896.605] Expanded: 3864, Generated: 5332
[f=896.638] Expanded: 3865, Generated: 5333
[f=896.645] Expanded: 3865, Generated: 5334
[f=896.664] Expanded: 3865, Generated: 5335
[f=896.690] Expanded: 3866, Generated: 5336
[f=896.699] Expanded: 3866, Generated: 5337
[f=896.710] Expanded: 3866, Generated: 5338
[f=896.732] Expanded: 3866, Generated: 5339
[f=896.745] Expanded: 3866, Generated: 5340
[f=896.751] Expanded: 3866, Generated: 5341
[f=896.762] Expanded: 3866, Generated: 5342
[f=896.772] Expanded: 3867, Generated: 5343
[f=896.783] Expanded: 3868, Generated: 5344
[f=896.807] Expanded: 3869, Generated: 5345
[f=896.814] Expanded: 3870, Generated: 5346
[f=896.820] Expanded: 3870, Generated: 5347
[f=896.850] Expanded: 3870, Generated: 5348
[f=896.863] Expanded: 3871, Generated: 5349
[f=896.864] Expanded: 3872, Generated: 5350
[f=896.875] Expanded: 3873, Generated: 5351
[f=896.877] Expanded: 3874, Generated: 5352
[f=896.880] Expanded: 3874, Generated: 5353
[f=896.894] Expanded: 3875, Generated: 5354
[f=896.909] Expanded: 3875, Generated: 5355
[f=896.924] Expanded: 3875, Generated: 5356
[f=896.927] Expanded: 3876, Generated: 5357
[f=896.324] Expanded: 3878, Generated: 5359
[f=896.928] Expanded: 3878, Generated: 5360
[f=896.932] Expanded: 3879, Generated: 5361
[f=896.933] Expanded: 3879, Generated: 5362
[f=896.952] Expanded: 3880, Generated: 5363
[f=896.955] Expanded: 3881, Generated: 5364
[f=894.259] Expanded: 3883, Generated: 5366
[f=895.637] Expanded: 3884, Generated: 5367
[f=895.763] Expanded: 3885, Generated: 5368
[f=896.436] Expanded: 3886, Generated: 5369
[f=896.450] Expanded: 3886, Generated: 5370
[f=896.984] Expanded: 3887, Generated: 5371
[f=897.011] Expanded: 3888, Generated: 5372
[f=897.018] Expanded: 3888, Generated: 5373
[f=897.033] Expanded: 3889, Generated: 5374
[f=897.036] Expanded: 3889, Generated: 5375
[f=891.379] Expanded: 3890, Generated: 5377
[f=894.094] Expanded: 3891, Generated: 5378
[f=897.052] Expanded: 3892, Generated: 5379
[f=897.062] Expanded: 3892, Generated: 5380
[f=897.071] Expanded: 3892, Generated: 5381
[f=897.103] Expanded: 3892, Generated: 5382
[f=897.107] Expanded: 3892, Generated: 5383
[f=897.139] Expanded: 3893, Generated: 5384
[f=897.149] Expanded: 3893, Generated: 5385
[f=897.158] Expanded: 3894, Generated: 5386
[f=897.161] Expanded: 3894, Generated: 5387
[f=897.162] Expanded: 3894, Generated: 5388
[f=897.164] Expanded: 3895, Generated: 5389
[f=897.188] Expanded: 3896, Generated: 5390
[f=888.893] Expanded: 3897, Generated: 5392
[f=889.543] Expanded: 3898, Generated: 5393
[f=892.115] Expanded: 3899, Generated: 5394
[f=894.610] Expanded: 3900, Generated: 5395
[f=895.164] Expanded: 3901, Generated: 5396
[f=895.173] Expanded: 3901, Generated: 5397
[f=895.627] Expanded: 3902, Generated: 5398
[f=896.258] Expanded: 3903, Generated: 5399
[f=896.327] Expanded: 3903, Generated: 5400
[f=896.498] Expanded: 3904, Generated: 5401
[f=890.185] Expanded: 3906, Generated: 5403
[f=892.374] Expanded: 3907, Generated: 5404
[f=892.376] Expanded: 3908, Generated: 5405
[f=892.736] Expanded: 3909, Generated: 5406
[f=894.952] Expanded: 3910, Generated: 5407
[f=895.022] Expanded: 3911, Generated: 5408
[f=896.356] Expanded: 3912, Generated: 5409
[f=896.547] Expanded: 3913, Generated: 5410
[f=896.901] Expanded: 3914, Generated: 5411
[f=897.079] Expanded: 3915, Generated: 5412
[f=897.202] Expanded: 3915, Generated: 5413
[f=897.204] Expanded: 3916, Generated: 5414
[f=897.208] Expanded: 3916, Generated: 5415
[f=897.246] Expanded: 3917, Generated: 5416
[f=897.259] Expanded: 3917, Generated: 5417
[f=897.286] Expanded: 3917, Generated: 5418
[f=897.291] Expanded: 3917, Generated: 5419
[f=894.085] Expanded: 3919, Generated: 5421
[f=894.706] Expanded: 3919, Generated: 5422
[f=897.315] Expanded: 3920, Generated: 5423
[f=897.339] Expanded: 3920, Generated: 5424
[f=897.356] Expanded: 3920, Generated: 5425
[f=897.357] Expanded: 3921, Generated: 5426
[f=897.358] Expanded: 3922, Generated: 5427
[f=897.371] Expanded: 3922, Generated: 5428
[f=894.906] Expanded: 3924, Generated: 5430
[f=895.790] Expanded: 3925, Generated: 5431
[f=893.447] Expanded: 3926, Generated: 5433
[f=894.205] Expanded: 3927, Generated: 5434
[f=890.833] Expanded: 3928, Generated: 5436
[f=891.557] Expanded: 3929, Generated: 5437
[f=893.989] Expanded: 3930, Generated: 5438
[f=896.425] Expanded: 3931, Generated: 5439
[f=896.606] Expanded: 3932, Generated: 5440
[f=897.129] Expanded: 3932, Generated: 5441
[f=897.164] Expanded: 3933, Generated: 5442
[f=897.395] Expanded: 3933, Generated: 5443
[f=897.407] Expanded: 3933, Generated: 5444
[f=897.038] Expanded: 3935, Generated: 5446
[f=897.423] Expanded: 3935, Generated: 5447
[f=897.447] Expanded: 3936, Generated: 5448
[f=897.471] Expanded: 3936, Generated: 5449
[f=897.473] Expanded: 3936, Generated: 5450
[f=897.478] Expanded: 3937, Generated: 5451
[f=897.479] Expanded: 3937, Generated: 5452
[f=897.485] Expanded: 3937, Generated: 5453
[f=897.499] Expanded: 3937, Generated: 5454
[f=897.515] Expanded: 3937, Generated: 5455
[f=897.515] Expanded: 3938, Generated: 5456
[f=897.530] Expanded: 3938, Generated: 5457
[f=897.535] Expanded: 3939, Generated: 5458
[f=897.537] Expanded: 3940, Generated: 5459
[f=897.542] Expanded: 3941, Generated: 5460
[f=897.546] Expanded: 3942, Generated: 5461
[f=891.803] Expanded: 3943, Generated: 5463
[f=892.511] Expanded: 3944, Generated: 5464
[f=893.346] Expanded: 3945, Generated: 5466
[f=894.032] Expanded: 3946, Generated: 5467
[f=895.086] Expanded: 3947, Generated: 5468
[f=896.609] Expanded: 3948, Generated: 5469
[f=897.568] Expanded: 3949, Generated: 5470
[f=897.569] Expanded: 3949, Generated: 5471
[f=897.571] Expanded: 3949, Generated: 5472
[f=897.586] Expanded: 3950, Generated: 5473
[f=897.588] Expanded: 3951, Generated: 5474
[f=897.590] Expanded: 3951, Generated: 5475
[f=897.598] Expanded: 3951, Generated: 5476
[f=897.598] Expanded: 3951, Generated: 5477
[f=897.603] Expanded: 3952, Generated: 5478
[f=897.604] Expanded: 3952, Generated: 5479
[f=897.605] Expanded: 3953, Generated: 5480
[f=897.629] Expanded: 3953, Generated: 5481
[f=892.370] Expanded: 3954, Generated: 5483
[f=894.116] Expanded: 3955, Generated: 5484
[f=897.649] Expanded: 3956, Generated: 5485
[f=897.657] Expanded: 3956, Generated: 5486
[f=897.658] Expanded: 3956, Generated: 5487
[f=897.663] Expanded: 3957, Generated: 5488
[f=897.670] Expanded: 3958, Generated: 5489
[f=897.680] Expanded: 3958, Generated: 5490
[f=897.686] Expanded: 3958, Generated: 5491
[f=897.696] Expanded: 3958, Generated: 5492
[f=897.706] Expanded: 3958, Generated: 5493
[f=897.739] Expanded: 3959, Generated: 5494
[f=897.745] Expanded: 3959, Generated: 5495
[f=890.265] Expanded: 3962, Generated: 5498
[f=892.285] Expanded: 3963, Generated: 5499
[f=892.540] Expanded: 3964, Generated: 5500
[f=893.539] Expanded: 3965, Generated: 5501
[f=894.745] Expanded: 3966, Generated: 5502
[f=895.020] Expanded: 3967, Generated: 5503
[f=895.575] Expanded: 3968, Generated: 5504
[f=896.336] Expanded: 3969, Generated: 5505
[f=896.438] Expanded: 3970, Generated: 5506
[f=896.781] Expanded: 3971, Generated: 5507
[f=896.166] Expanded: 3972, Generated: 5509
[f=896.974] Expanded: 3973, Generated: 5510
[f=897.466] Expanded: 3974, Generated: 5511
[f=897.760] Expanded: 3974, Generated: 5512
[f=897.799] Expanded: 3975, Generated: 5513
[f=897.807] Expanded: 3975, Generated: 5514
[f=897.811] Expanded: 3975, Generated: 5515
[f=893.518] Expanded: 3977, Generated: 5517
[f=894.353] Expanded: 3978, Generated: 5518
[f=893.942] Expanded: 3980, Generated: 5520
[f=894.635] Expanded: 3981, Generated: 5521
[f=894.716] Expanded: 3982, Generated: 5522
[f=896.266] Expanded: 3983, Generated: 5523
[f=896.691] Expanded: 3984, Generated: 5524
[f=896.706] Expanded: 3985, Generated: 5525
[f=896.750] Expanded: 3986, Generated: 5526
[f=897.057] Expanded: 3987, Generated: 5527
[f=897.471] Expanded: 3987, Generated: 5528
[f=897.670] Expanded: 3988, Generated: 5529
[f=897.814] Expanded: 3989, Generated: 5530
[f=897.824] Expanded: 3989, Generated: 5531
[f=897.833] Expanded: 3989, Generated: 5532
[f=889.690] Expanded: 3991, Generated: 5534
[f=890.313] Expanded: 3992, Generated: 5535
[f=890.519] Expanded: 3994, Generated: 5537
[f=891.063] Expanded: 3995, Generated: 5538
[f=891.137] Expanded: 3996, Generated: 5539
[f=892.405] Expanded: 3997, Generated: 5540
[f=892.551] Expanded: 3998, Generated: 5541
[f=892.783] Expanded: 3999, Generated: 5542
[f=893.260] Expanded: 4000, Generated: 5543
[f=893.538] Expanded: 4000, Generated: 5544
[f=893.719] Expanded: 4001, Generated: 5545
[f=894.299] Expanded: 4002, Generated: 5546
[f=894.916] Expanded: 4003, Generated: 5547
[f=895.180] Expanded: 4004, Generated: 5548
[f=895.315] Expanded: 4005, Generated: 5549
[f=895.747] Expanded: 4006, Generated: 5550
[f=896.092] Expanded: 4006, Generated: 5551
[f=896.095] Expanded: 4007, Generated: 5552
[f=896.117] Expanded: 4008, Generated: 5553
[f=896.679] Expanded: 4009, Generated: 5554
[f=896.729] Expanded: 4010, Generated: 5555
[f=897.419] Expanded: 4010, Generated: 5556
[f=890.645] Expanded: 4012, Generated: 5558
[f=892.849] Expanded: 4013, Generated: 5559
[f=894.981] Expanded: 4014, Generated: 5560
[f=891.214] Expanded: 4016, Generated: 5562
[f=892.572] Expanded: 4018, Generated: 5564
[f=894.109] Expanded: 4019, Generated: 5565
[f=895.409] Expanded: 4019, Generated: 5566
[f=895.557] Expanded: 4020, Generated: 5567
[f=895.850] Expanded: 4021, Generated: 5568
[f=895.865] Expanded: 4022, Generated: 5569
[f=896.614] Expanded: 4023, Generated: 5570
[f=897.399] Expanded: 4024, Generated: 5571
[f=897.494] Expanded: 4024, Generated: 5572
[f=897.497] Expanded: 4024, Generated: 5573
[f=897.508] Expanded: 4025, Generated: 5574
[f=897.515] Expanded: 4026, Generated: 5575
[f=897.630] Expanded: 4027, Generated: 5576
[f=897.648] Expanded: 4028, Generated: 5577
[f=897.728] Expanded: 4028, Generated: 5578
[f=897.743] Expanded: 4029, Generated: 5579
[f=897.781] Expanded: 4029, Generated: 5580
[f=897.830] Expanded: 4030, Generated: 5581
[f=897.840] Expanded: 4030, Generated: 5582
[f=897.841] Expanded: 4031, Generated: 5583
[f=897.844] Expanded: 4031, Generated: 5584
[f=897.846] Expanded: 4031, Generated: 5585
[f=897.855] Expanded: 4031, Generated: 5586
[f=897.863] Expanded: 4031, Generated: 5587
[f=897.893] Expanded: 4031, Generated: 5588
[f=897.898] Expanded: 4031, Generated: 5589
[f=895.495] Expanded: 4032, Generated: 5591
[f=897.868] Expanded: 4033, Generated: 5592
[f=897.902] Expanded: 4034, Generated: 5593
[f=895.550] Expanded: 4035, Generated: 5595
[f=896.203] Expanded: 4036, Generated: 5596
[f=897.915] Expanded: 4036, Generated: 5597
[f=897.936] Expanded: 4036, Generated: 5598
[f=897.108] Expanded: 4037, Generated: 5600
[f=897.742] Expanded: 4038, Generated: 5601
[f=897.946] Expanded: 4039, Generated: 5602
[f=897.948] Expanded: 4040, Generated: 5603
[f=897.978] Expanded: 4040, Generated: 5604
[f=897.978] Expanded: 4040, Generated: 5605
[f=897.995] Expanded: 4040, Generated: 5606
[f=894.808] Expanded: 4042, Generated: 5608
[f=895.655] Expanded: 4043, Generated: 5609
[f=895.832] Expanded: 4044, Generated: 5610
[f=895.957] Expanded: 4045, Generated: 5611
[f=895.999] Expanded: 4046, Generated: 5612
[f=897.514] Expanded: 4046, Generated: 5613
[f=898.007] Expanded: 4047, Generated: 5614
[f=898.009] Expanded: 4048, Generated: 5615
[f=898.012] Expanded: 4049, Generated: 5616
[f=893.402] Expanded: 4051, Generated: 5618
[f=894.816] Expanded: 4052, Generated: 5619
[f=894.914] Expanded: 4053, Generated: 5620
[f=895.525] Expanded: 4053, Generated: 5621
[f=895.599] Expanded: 4054, Generated: 5622
[f=897.066] Expanded: 4054, Generated: 5623
[f=897.113] Expanded: 4055, Generated: 5624
[f=898.017] Expanded: 4055, Generated: 5625
[f=898.017] Expanded: 4056, Generated: 5626
[f=893.255] Expanded: 4057, Generated: 5628
[f=893.581] Expanded: 4058, Generated: 5629
[f=893.528] Expanded: 4059, Generated: 5631
[f=893.847] Expanded: 4060, Generated: 5632
[f=898.040] Expanded: 4061, Generated: 5633
[f=898.049] Expanded: 4061, Generated: 5634
[f=898.050] Expanded: 4061, Generated: 5635
[f=898.058] Expanded: 4061, Generated: 5636
[f=898.064] Expanded: 4062, Generated: 5637
[f=898.065] Expanded: 4063, Generated: 5638
[f=889.324] Expanded: 4065, Generated: 5640
[f=891.547] Expanded: 4066, Generated: 5641
[f=893.733] Expanded: 4067, Generated: 5642
[f=890.234] Expanded: 4069, Generated: 5644
[f=891.477] Expanded: 4071, Generated: 5646
[f=893.147] Expanded: 4072, Generated: 5647
[f=894.235] Expanded: 4072, Generated: 5648
[f=894.470] Expanded: 4073, Generated: 5649
[f=894.607] Expanded: 4074, Generated: 5650
[f=894.902] Expanded: 4075, Generated: 5651
[f=895.696] Expanded: 4076, Generated: 5652
[f=896.272] Expanded: 4077, Generated: 5653
[f=896.511] Expanded: 4077, Generated: 5654
[f=896.594] Expanded: 4077, Generated: 5655
[f=896.650] Expanded: 4078, Generated: 5656
[f=896.798] Expanded: 4079, Generated: 5657
[f=897.051] Expanded: 4079, Generated: 5658
[f=897.091] Expanded: 4079, Generated: 5659
[f=897.127] Expanded: 4080, Generated: 5660
[f=897.182] Expanded: 4081, Generated: 5661
[f=897.268] Expanded: 4082, Generated: 5662
[f=897.335] Expanded: 4082, Generated: 5663
[f=897.756] Expanded: 4083, Generated: 5664
[f=897.990] Expanded: 4083, Generated: 5665
[f=898.072] Expanded: 4084, Generated: 5666
[f=898.073] Expanded: 4085, Generated: 5667
[f=898.079] Expanded: 4085, Generated: 5668
[f=898.088] Expanded: 4086, Generated: 5669
[f=898.089] Expanded: 4086, Generated: 5670
[f=898.090] Expanded: 4086, Generated: 5671
[f=898.093] Expanded: 4086, Generated: 5672
[f=898.095] Expanded: 4086, Generated: 5673
[f=898.096] Expanded: 4087, Generated: 5674
[f=898.100] Expanded: 4088, Generated: 5675
[f=884.568] Expanded: 4089, Generated: 5677
[f=885.797] Expanded: 4090, Generated: 5678
[f=888.756] Expanded: 4091, Generated: 5679
[f=884.248] Expanded: 4093, Generated: 5681
[f=885.164] Expanded: 4093, Generated: 5682
[f=886.249] Expanded: 4094, Generated: 5683
[f=886.865] Expanded: 4095, Generated: 5684
[f=887.914] Expanded: 4096, Generated: 5685
[f=888.138] Expanded: 4096, Generated: 5686
[f=889.476] Expanded: 4097, Generated: 5687
[f=889.970] Expanded: 4098, Generated: 5688
[f=888.831] Expanded: 4100, Generated: 5690
[f=890.552] Expanded: 4101, Generated: 5691
[f=890.774] Expanded: 4102, Generated: 5692
[f=886.584] Expanded: 4104, Generated: 5694
[f=888.931] Expanded: 4104, Generated: 5695
[f=889.701] Expanded: 4105, Generated: 5696
[f=885.661] Expanded: 4107, Generated: 5698
[f=887.074] Expanded: 4108, Generated: 5699
[f=887.972] Expanded: 4109, Generated: 5700
[f=889.377] Expanded: 4110, Generated: 5701
[f=889.769] Expanded: 4110, Generated: 5702
[f=890.632] Expanded: 4111, Generated: 5703
[f=891.144] Expanded: 4112, Generated: 5704
[f=891.368] Expanded: 4113, Generated: 5705
[f=891.396] Expanded: 4114, Generated: 5706
[f=891.438] Expanded: 4114, Generated: 5707
[f=891.563] Expanded: 4114, Generated: 5708
[f=891.576] Expanded: 4115, Generated: 5709
[f=891.704] Expanded: 4116, Generated: 5710
[f=891.759] Expanded: 4117, Generated: 5711
[f=891.832] Expanded: 4118, Generated: 5712
[f=891.839] Expanded: 4119, Generated: 5713
[f=891.853] Expanded: 4120, Generated: 5714
[f=891.975] Expanded: 4121, Generated: 5715
[f=892.002] Expanded: 4121, Generated: 5716
[f=892.121] Expanded: 4122, Generated: 5717
[f=892.312] Expanded: 4122, Generated: 5718
[f=892.385] Expanded: 4123, Generated: 5719
[f=892.572] Expanded: 4123, Generated: 5720
[f=892.592] Expanded: 4124, Generated: 5721
[f=892.605] Expanded: 4124, Generated: 5722
[f=892.633] Expanded: 4124, Generated: 5723
[f=892.668] Expanded: 4125, Generated: 5724
[f=892.706] Expanded: 4125, Generated: 5725
[f=892.739] Expanded: 4126, Generated: 5726
[f=892.822] Expanded: 4126, Generated: 5727
[f=892.875] Expanded: 4126, Generated: 5728
[f=892.905] Expanded: 4127, Generated: 5729
[f=892.934] Expanded: 4128, Generated: 5730
[f=892.983] Expanded: 4129, Generated: 5731
[f=893.051] Expanded: 4130, Generated: 5732
[f=893.143] Expanded: 4130, Generated: 5733
[f=893.151] Expanded: 4131, Generated: 5734
[f=893.202] Expanded: 4132, Generated: 5735
[f=893.263] Expanded: 4133, Generated: 5736
[f=893.350] Expanded: 4134, Generated: 5737
[f=893.385] Expanded: 4134, Generated: 5738
[f=893.609] Expanded: 4135, Generated: 5739
[f=893.696] Expanded: 4135, Generated: 5740
[f=893.701] Expanded: 4136, Generated: 5741
[f=893.778] Expanded: 4136, Generated: 5742
[f=893.781] Expanded: 4137, Generated: 5743
[f=893.786] Expanded: 4138, Generated: 5744
[f=893.828] Expanded: 4138, Generated: 5745
[f=893.984] Expanded: 4139, Generated: 5746
[f=894.031] Expanded: 4140, Generated: 5747
[f=894.098] Expanded: 4141, Generated: 5748
[f=894.100] Expanded: 4142, Generated: 5749
[f=894.135] Expanded: 4143, Generated: 5750
[f=894.300] Expanded: 4144, Generated: 5751
[f=894.318] Expanded: 4144, Generated: 5752
[f=894.357] Expanded: 4144, Generated: 5753
[f=887.634] Expanded: 4145, Generated: 5755
[f=888.777] Expanded: 4146, Generated: 5756
[f=891.863] Expanded: 4147, Generated: 5757
[f=887.637] Expanded: 4149, Generated: 5759
[f=888.468] Expanded: 4149, Generated: 5760
[f=889.363] Expanded: 4150, Generated: 5761
[f=890.180] Expanded: 4151, Generated: 5762
[f=891.192] Expanded: 4152, Generated: 5763
[f=891.359] Expanded: 4152, Generated: 5764
[f=892.807] Expanded: 4153, Generated: 5765
[f=893.000] Expanded: 4154, Generated: 5766
[f=891.615] Expanded: 4156, Generated: 5768
[f=893.750] Expanded: 4157, Generated: 5769
[f=893.989] Expanded: 4158, Generated: 5770
[f=894.176] Expanded: 4159, Generated: 5771
[f=894.368] Expanded: 4160, Generated: 5772
[f=894.380] Expanded: 4161, Generated: 5773
[f=894.393] Expanded: 4161, Generated: 5774
[f=894.399] Expanded: 4161, Generated: 5775
[f=894.452] Expanded: 4161, Generated: 5776
[f=894.495] Expanded: 4162, Generated: 5777
[f=894.496] Expanded: 4163, Generated: 5778
[f=894.551] Expanded: 4163, Generated: 5779
[f=894.585] Expanded: 4163, Generated: 5780
[f=894.592] Expanded: 4164, Generated: 5781
[f=894.632] Expanded: 4165, Generated: 5782
[f=894.122] Expanded: 4166, Generated: 5784
[f=894.776] Expanded: 4166, Generated: 5785
[f=894.778] Expanded: 4167, Generated: 5786
[f=894.813] Expanded: 4168, Generated: 5787
[f=894.850] Expanded: 4168, Generated: 5788
[f=894.907] Expanded: 4169, Generated: 5789
[f=894.935] Expanded: 4169, Generated: 5790
[f=894.937] Expanded: 4170, Generated: 5791
[f=894.990] Expanded: 4170, Generated: 5792
[f=895.020] Expanded: 4171, Generated: 5793
[f=895.028] Expanded: 4172, Generated: 5794
[f=895.075] Expanded: 4173, Generated: 5795
[f=895.116] Expanded: 4174, Generated: 5796
[f=895.166] Expanded: 4175, Generated: 5797
[f=895.173] Expanded: 4175, Generated: 5798
[f=887.847] Expanded: 4178, Generated: 5801
[f=890.272] Expanded: 4179, Generated: 5802
[f=890.847] Expanded: 4179, Generated: 5803
[f=891.658] Expanded: 4180, Generated: 5804
[f=892.781] Expanded: 4180, Generated: 5805
[f=892.918] Expanded: 4181, Generated: 5806
[f=893.922] Expanded: 4182, Generated: 5807
[f=894.169] Expanded: 4183, Generated: 5808
[f=894.205] Expanded: 4184, Generated: 5809
[f=894.674] Expanded: 4185, Generated: 5810
[f=894.935] Expanded: 4186, Generated: 5811
[f=895.230] Expanded: 4186, Generated: 5812
[f=895.254] Expanded: 4187, Generated: 5813
[f=895.272] Expanded: 4188, Generated: 5814
[f=895.283] Expanded: 4189, Generated: 5815
[f=895.307] Expanded: 4189, Generated: 5816
[f=895.312] Expanded: 4190, Generated: 5817
[f=895.327] Expanded: 4190, Generated: 5818
[f=895.370] Expanded: 4191, Generated: 5819
[f=895.388] Expanded: 4191, Generated: 5820
[f=895.426] Expanded: 4191, Generated: 5821
[f=895.430] Expanded: 4192, Generated: 5822
[f=895.443] Expanded: 4192, Generated: 5823
[f=895.485] Expanded: 4193, Generated: 5824
[f=895.487] Expanded: 4193, Generated: 5825
[f=895.490] Expanded: 4193, Generated: 5826
[f=895.492] Expanded: 4193, Generated: 5827
[f=895.526] Expanded: 4193, Generated: 5828
[f=895.535] Expanded: 4194, Generated: 5829
[f=895.595] Expanded: 4194, Generated: 5830
[f=895.676] Expanded: 4195, Generated: 5831
[f=895.700] Expanded: 4195, Generated: 5832
[f=895.702] Expanded: 4195, Generated: 5833
[f=895.705] Expanded: 4195, Generated: 5834
[f=895.743] Expanded: 4196, Generated: 5835
[f=894.182] Expanded: 4198, Generated: 5837
[f=895.120] Expanded: 4198, Generated: 5838
[f=895.783] Expanded: 4199, Generated: 5839
[f=895.788] Expanded: 4200, Generated: 5840
[f=895.178] Expanded: 4202, Generated: 5842
[f=895.907] Expanded: 4202, Generated: 5843
[f=895.941] Expanded: 4203, Generated: 5844
[f=895.988] Expanded: 4203, Generated: 5845
[f=895.994] Expanded: 4204, Generated: 5846
[f=895.999] Expanded: 4205, Generated: 5847
[f=896.037] Expanded: 4206, Generated: 5848
[f=896.056] Expanded: 4206, Generated: 5849
[f=896.103] Expanded: 4206, Generated: 5850
[f=895.384] Expanded: 4207, Generated: 5852
[f=896.135] Expanded: 4208, Generated: 5853
[f=896.153] Expanded: 4208, Generated: 5854
[f=896.181] Expanded: 4209, Generated: 5855
[f=894.242] Expanded: 4210, Generated: 5857
[f=895.461] Expanded: 4211, Generated: 5858
[f=896.208] Expanded: 4212, Generated: 5859
[f=896.248] Expanded: 4213, Generated: 5860
[f=896.264] Expanded: 4213, Generated: 5861
[f=896.287] Expanded: 4213, Generated: 5862
[f=896.300] Expanded: 4213, Generated: 5863
[f=896.309] Expanded: 4214, Generated: 5864
[f=896.322] Expanded: 4214, Generated: 5865
[f=896.365] Expanded: 4214, Generated: 5866
[f=896.376] Expanded: 4215, Generated: 5867
[f=896.422] Expanded: 4215, Generated: 5868
[f=896.424] Expanded: 4216, Generated: 5869
[f=896.446] Expanded: 4216, Generated: 5870
[f=896.447] Expanded: 4216, Generated: 5871
[f=896.449] Expanded: 4217, Generated: 5872
[f=896.488] Expanded: 4218, Generated: 5873
[f=896.512] Expanded: 4219, Generated: 5874
[f=896.560] Expanded: 4219, Generated: 5875
[f=896.564] Expanded: 4220, Generated: 5876
[f=896.595] Expanded: 4221, Generated: 5877
[f=896.599] Expanded: 4221, Generated: 5878
[f=896.602] Expanded: 4221, Generated: 5879
[f=896.622] Expanded: 4221, Generated: 5880
[f=896.632] Expanded: 4222, Generated: 5881
[f=896.667] Expanded: 4222, Generated: 5882
[f=896.677] Expanded: 4223, Generated: 5883
[f=893.610] Expanded: 4225, Generated: 5885
[f=894.523] Expanded: 4225, Generated: 5886
[f=895.602] Expanded: 4226, Generated: 5887
[f=896.194] Expanded: 4227, Generated: 5888
[f=896.745] Expanded: 4228, Generated: 5889
[f=896.750] Expanded: 4229, Generated: 5890
[f=896.795] Expanded: 4230, Generated: 5891
[f=896.806] Expanded: 4230, Generated: 5892
[f=896.807] Expanded: 4230, Generated: 5893
[f=896.822] Expanded: 4231, Generated: 5894
[f=891.409] Expanded: 4233, Generated: 5896
[f=894.490] Expanded: 4234, Generated: 5897
[f=890.243] Expanded: 4236, Generated: 5899
[f=891.479] Expanded: 4238, Generated: 5901
[f=892.844] Expanded: 4239, Generated: 5902
[f=894.060] Expanded: 4240, Generated: 5903
[f=895.537] Expanded: 4241, Generated: 5904
[f=895.936] Expanded: 4242, Generated: 5905
[f=894.401] Expanded: 4244, Generated: 5907
[f=896.510] Expanded: 4245, Generated: 5908
[f=896.535] Expanded: 4246, Generated: 5909
[f=896.656] Expanded: 4247, Generated: 5910
[f=896.687] Expanded: 4248, Generated: 5911
[f=891.907] Expanded: 4250, Generated: 5913
[f=895.152] Expanded: 4251, Generated: 5914
[f=891.104] Expanded: 4253, Generated: 5916
[f=892.590] Expanded: 4254, Generated: 5917
[f=892.601] Expanded: 4255, Generated: 5918
[f=893.357] Expanded: 4256, Generated: 5919
[f=894.831] Expanded: 4257, Generated: 5920
[f=896.120] Expanded: 4258, Generated: 5921
[f=896.841] Expanded: 4258, Generated: 5922
[f=896.848] Expanded: 4258, Generated: 5923
[f=896.885] Expanded: 4259, Generated: 5924
[f=895.611] Expanded: 4261, Generated: 5926
[f=896.978] Expanded: 4261, Generated: 5927
[f=897.000] Expanded: 4262, Generated: 5928
[f=886.722] Expanded: 4264, Generated: 5930
[f=889.766] Expanded: 4265, Generated: 5931
[f=885.265] Expanded: 4267, Generated: 5933
[f=887.276] Expanded: 4268, Generated: 5934
[f=887.880] Expanded: 4269, Generated: 5935
[f=888.363] Expanded: 4270, Generated: 5936
[f=890.575] Expanded: 4271, Generated: 5937
[f=890.990] Expanded: 4272, Generated: 5938
[f=891.009] Expanded: 4273, Generated: 5939
[f=889.782] Expanded: 4275, Generated: 5941
[f=891.913] Expanded: 4276, Generated: 5942
[f=886.611] Expanded: 4278, Generated: 5944
[f=889.877] Expanded: 4279, Generated: 5945
[f=885.837] Expanded: 4281, Generated: 5947
[f=887.271] Expanded: 4282, Generated: 5948
[f=888.083] Expanded: 4283, Generated: 5949
[f=888.955] Expanded: 4284, Generated: 5950
[f=890.862] Expanded: 4285, Generated: 5951
[f=891.205] Expanded: 4286, Generated: 5952
[f=891.707] Expanded: 4287, Generated: 5953
[f=892.169] Expanded: 4288, Generated: 5954
[f=892.172] Expanded: 4289, Generated: 5955
[f=892.242] Expanded: 4290, Generated: 5956
[f=892.308] Expanded: 4291, Generated: 5957
[f=892.325] Expanded: 4291, Generated: 5958
[f=892.374] Expanded: 4292, Generated: 5959
[f=892.511] Expanded: 4293, Generated: 5960
[f=892.530] Expanded: 4294, Generated: 5961
[f=892.573] Expanded: 4294, Generated: 5962
[f=892.762] Expanded: 4295, Generated: 5963
[f=892.772] Expanded: 4296, Generated: 5964
[f=892.844] Expanded: 4297, Generated: 5965
[f=893.057] Expanded: 4298, Generated: 5966
[f=893.079] Expanded: 4298, Generated: 5967
[f=893.140] Expanded: 4299, Generated: 5968
[f=893.421] Expanded: 4300, Generated: 5969
[f=893.533] Expanded: 4301, Generated: 5970
[f=893.666] Expanded: 4302, Generated: 5971
[f=893.668] Expanded: 4303, Generated: 5972
[f=893.676] Expanded: 4304, Generated: 5973
[f=893.820] Expanded: 4305, Generated: 5974
[f=893.838] Expanded: 4305, Generated: 5975
[f=893.883] Expanded: 4306, Generated: 5976
[f=893.929] Expanded: 4307, Generated: 5977
[f=893.975] Expanded: 4307, Generated: 5978
[f=893.983] Expanded: 4308, Generated: 5979
[f=893.989] Expanded: 4309, Generated: 5980
[f=894.132] Expanded: 4310, Generated: 5981
[f=894.196] Expanded: 4311, Generated: 5982
[f=894.238] Expanded: 4312, Generated: 5983
[f=894.403] Expanded: 4313, Generated: 5984
[f=894.439] Expanded: 4313, Generated: 5985
[f=894.529] Expanded: 4313, Generated: 5986
[f=894.604] Expanded: 4314, Generated: 5987
[f=894.636] Expanded: 4314, Generated: 5988
[f=894.719] Expanded: 4315, Generated: 5989
[f=894.756] Expanded: 4315, Generated: 5990
[f=894.770] Expanded: 4316, Generated: 5991
[f=894.798] Expanded: 4317, Generated: 5992
[f=894.812] Expanded: 4318, Generated: 5993
[f=895.005] Expanded: 4319, Generated: 5994
[f=895.037] Expanded: 4319, Generated: 5995
[f=895.055] Expanded: 4320, Generated: 5996
[f=895.113] Expanded: 4321, Generated: 5997
[f=895.161] Expanded: 4322, Generated: 5998
[f=895.275] Expanded: 4323, Generated: 5999
[f=888.715] Expanded: 4325, Generated: 6001
[f=891.933] Expanded: 4326, Generated: 6002
[f=887.763] Expanded: 4328, Generated: 6004
[f=889.517] Expanded: 4329, Generated: 6005
[f=890.247] Expanded: 4330, Generated: 6006
[f=890.788] Expanded: 4331, Generated: 6007
[f=892.975] Expanded: 4332, Generated: 6008
[f=893.273] Expanded: 4333, Generated: 6009
[f=893.385] Expanded: 4334, Generated: 6010
[f=891.936] Expanded: 4336, Generated: 6012
[f=894.285] Expanded: 4337, Generated: 6013
[f=894.362] Expanded: 4338, Generated: 6014
[f=894.490] Expanded: 4339, Generated: 6015
[f=894.503] Expanded: 4339, Generated: 6016
[f=894.769] Expanded: 4340, Generated: 6017
[f=894.981] Expanded: 4341, Generated: 6018
[f=895.065] Expanded: 4342, Generated: 6019
[f=895.253] Expanded: 4343, Generated: 6020
[f=895.315] Expanded: 4344, Generated: 6021
[f=895.317] Expanded: 4345, Generated: 6022
[f=895.318] Expanded: 4345, Generated: 6023
[f=888.381] Expanded: 4348, Generated: 6026
[f=890.783] Expanded: 4349, Generated: 6027
[f=892.271] Expanded: 4350, Generated: 6028
[f=893.527] Expanded: 4351, Generated: 6029
[f=894.455] Expanded: 4352, Generated: 6030
[f=894.760] Expanded: 4353, Generated: 6031
[f=894.844] Expanded: 4354, Generated: 6032
[f=895.197] Expanded: 4355, Generated: 6033
[f=895.433] Expanded: 4356, Generated: 6034
[f=895.435] Expanded: 4357, Generated: 6035
[f=895.535] Expanded: 4357, Generated: 6036
[f=895.540] Expanded: 4358, Generated: 6037
[f=895.557] Expanded: 4359, Generated: 6038
[f=895.584] Expanded: 4360, Generated: 6039
[f=895.663] Expanded: 4360, Generated: 6040
[f=895.666] Expanded: 4361, Generated: 6041
[f=895.669] Expanded: 4362, Generated: 6042
[f=895.670] Expanded: 4363, Generated: 6043
[f=895.687] Expanded: 4364, Generated: 6044
[f=895.688] Expanded: 4365, Generated: 6045
[f=895.729] Expanded: 4366, Generated: 6046
[f=895.759] Expanded: 4367, Generated: 6047
[f=895.868] Expanded: 4367, Generated: 6048
[f=895.894] Expanded: 4368, Generated: 6049
[f=895.980] Expanded: 4368, Generated: 6050
[f=895.996] Expanded: 4369, Generated: 6051
[f=896.010] Expanded: 4370, Generated: 6052
[f=896.025] Expanded: 4371, Generated: 6053
[f=896.030] Expanded: 4371, Generated: 6054
[f=896.033] Expanded: 4372, Generated: 6055
[f=896.069] Expanded: 4373, Generated: 6056
[f=896.070] Expanded: 4373, Generated: 6057
[f=896.143] Expanded: 4374, Generated: 6058
[f=896.159] Expanded: 4375, Generated: 6059
[f=896.159] Expanded: 4375, Generated: 6060
[f=896.188] Expanded: 4375, Generated: 6061
[f=896.256] Expanded: 4376, Generated: 6062
[f=896.264] Expanded: 4377, Generated: 6063
[f=896.265] Expanded: 4378, Generated: 6064
[f=896.451] Expanded: 4379, Generated: 6065
[f=896.473] Expanded: 4379, Generated: 6066
[f=896.474] Expanded: 4379, Generated: 6067
[f=896.494] Expanded: 4379, Generated: 6068
[f=896.510] Expanded: 4379, Generated: 6069
[f=896.513] Expanded: 4380, Generated: 6070
[f=896.515] Expanded: 4380, Generated: 6071
[f=896.516] Expanded: 4380, Generated: 6072
[f=896.526] Expanded: 4380, Generated: 6073
[f=896.586] Expanded: 4381, Generated: 6074
[f=896.611] Expanded: 4382, Generated: 6075
[f=896.645] Expanded: 4383, Generated: 6076
[f=893.185] Expanded: 4385, Generated: 6078
[f=890.847] Expanded: 4387, Generated: 6080
[f=892.894] Expanded: 4388, Generated: 6081
[f=895.288] Expanded: 4389, Generated: 6082
[f=895.596] Expanded: 4390, Generated: 6083
[f=896.660] Expanded: 4390, Generated: 6084
[f=896.694] Expanded: 4390, Generated: 6085
[f=896.700] Expanded: 4390, Generated: 6086
[f=896.810] Expanded: 4391, Generated: 6087
[f=896.125] Expanded: 4393, Generated: 6089
[f=896.850] Expanded: 4393, Generated: 6090
[f=896.889] Expanded: 4394, Generated: 6091
[f=895.287] Expanded: 4396, Generated: 6093
[f=896.901] Expanded: 4396, Generated: 6094
[f=896.962] Expanded: 4397, Generated: 6095
[f=896.986] Expanded: 4398, Generated: 6096
[f=896.987] Expanded: 4398, Generated: 6097
[f=897.006] Expanded: 4398, Generated: 6098
[f=897.012] Expanded: 4399, Generated: 6099
[f=897.016] Expanded: 4400, Generated: 6100
[f=897.024] Expanded: 4401, Generated: 6101
[f=897.027] Expanded: 4402, Generated: 6102
[f=897.049] Expanded: 4402, Generated: 6103
[f=897.052] Expanded: 4403, Generated: 6104
[f=897.061] Expanded: 4404, Generated: 6105
[f=897.090] Expanded: 4404, Generated: 6106
[f=897.097] Expanded: 4405, Generated: 6107
[f=896.176] Expanded: 4407, Generated: 6109
[f=897.104] Expanded: 4407, Generated: 6110
[f=897.105] Expanded: 4407, Generated: 6111
[f=897.106] Expanded: 4407, Generated: 6112
[f=897.114] Expanded: 4408, Generated: 6113
[f=897.118] Expanded: 4409, Generated: 6114
[f=897.121] Expanded: 4410, Generated: 6115
[f=897.126] Expanded: 4410, Generated: 6116
[f=897.140] Expanded: 4411, Generated: 6117
[f=897.154] Expanded: 4412, Generated: 6118
[f=897.155] Expanded: 4413, Generated: 6119
[f=896.457] Expanded: 4415, Generated: 6121
[f=897.173] Expanded: 4416, Generated: 6122
[f=897.183] Expanded: 4417, Generated: 6123
[f=897.184] Expanded: 4418, Generated: 6124
[f=897.192] Expanded: 4419, Generated: 6125
[f=897.198] Expanded: 4420, Generated: 6126
[f=897.202] Expanded: 4420, Generated: 6127
[f=897.215] Expanded: 4421, Generated: 6128
[f=897.229] Expanded: 4421, Generated: 6129
[f=897.246] Expanded: 4422, Generated: 6130
[f=897.272] Expanded: 4423, Generated: 6131
[f=895.888] Expanded: 4425, Generated: 6133
[f=896.428] Expanded: 4427, Generated: 6135
[f=897.288] Expanded: 4427, Generated: 6136
[f=897.291] Expanded: 4427, Generated: 6137
[f=897.296] Expanded: 4428, Generated: 6138
[f=897.298] Expanded: 4429, Generated: 6139
[f=897.300] Expanded: 4430, Generated: 6140
[f=897.301] Expanded: 4430, Generated: 6141
[f=897.309] Expanded: 4431, Generated: 6142
[f=897.319] Expanded: 4432, Generated: 6143
[f=897.325] Expanded: 4433, Generated: 6144
[f=897.325] Expanded: 4434, Generated: 6145
[f=893.273] Expanded: 4436, Generated: 6147
[f=891.118] Expanded: 4438, Generated: 6149
[f=893.252] Expanded: 4439, Generated: 6150
[f=893.869] Expanded: 4439, Generated: 6151
[f=895.471] Expanded: 4440, Generated: 6152
[f=895.828] Expanded: 4441, Generated: 6153
[f=897.231] Expanded: 4442, Generated: 6154
[f=897.253] Expanded: 4443, Generated: 6155
[f=897.353] Expanded: 4444, Generated: 6156
[f=897.355] Expanded: 4445, Generated: 6157
[f=897.362] Expanded: 4445, Generated: 6158
[f=897.365] Expanded: 4446, Generated: 6159
[f=897.367] Expanded: 4447, Generated: 6160
[f=897.370] Expanded: 4447, Generated: 6161
[f=897.374] Expanded: 4448, Generated: 6162
[f=893.313] Expanded: 4449, Generated: 6164
[f=894.533] Expanded: 4450, Generated: 6165
[f=896.271] Expanded: 4452, Generated: 6167
[f=897.397] Expanded: 4453, Generated: 6168
[f=897.401] Expanded: 4453, Generated: 6169
[f=897.401] Expanded: 4453, Generated: 6170
[f=897.422] Expanded: 4453, Generated: 6171
[f=897.424] Expanded: 4453, Generated: 6172
[f=897.440] Expanded: 4454, Generated: 6173
[f=897.443] Expanded: 4455, Generated: 6174
[f=897.450] Expanded: 4456, Generated: 6175
[f=897.459] Expanded: 4457, Generated: 6176
[f=897.465] Expanded: 4458, Generated: 6177
[f=897.466] Expanded: 4459, Generated: 6178
[f=897.474] Expanded: 4459, Generated: 6179
[f=897.483] Expanded: 4460, Generated: 6180
[f=897.488] Expanded: 4461, Generated: 6181
[f=897.488] Expanded: 4462, Generated: 6182
[f=897.497] Expanded: 4463, Generated: 6183
[f=897.503] Expanded: 4463, Generated: 6184
[f=897.524] Expanded: 4463, Generated: 6185
[f=897.532] Expanded: 4463, Generated: 6186
[f=897.539] Expanded: 4463, Generated: 6187
[f=897.546] Expanded: 4463, Generated: 6188
[f=897.551] Expanded: 4463, Generated: 6189
[f=897.553] Expanded: 4464, Generated: 6190
[f=897.557] Expanded: 4465, Generated: 6191
[f=897.563] Expanded: 4466, Generated: 6192
[f=897.569] Expanded: 4467, Generated: 6193
[f=897.572] Expanded: 4467, Generated: 6194
[f=897.588] Expanded: 4468, Generated: 6195
[f=897.595] Expanded: 4468, Generated: 6196
[f=897.600] Expanded: 4469, Generated: 6197
[f=897.221] Expanded: 4470, Generated: 6199
[f=897.605] Expanded: 4471, Generated: 6200
[f=897.611] Expanded: 4472, Generated: 6201
[f=897.615] Expanded: 4473, Generated: 6202
[f=897.619] Expanded: 4473, Generated: 6203
[f=897.620] Expanded: 4473, Generated: 6204
[f=897.642] Expanded: 4473, Generated: 6205
[f=897.647] Expanded: 4473, Generated: 6206
[f=897.663] Expanded: 4473, Generated: 6207
[f=897.665] Expanded: 4474, Generated: 6208
[f=897.667] Expanded: 4474, Generated: 6209
[f=897.676] Expanded: 4474, Generated: 6210
[f=897.681] Expanded: 4475, Generated: 6211
[f=897.697] Expanded: 4476, Generated: 6212
[f=897.702] Expanded: 4476, Generated: 6213
[f=897.704] Expanded: 4477, Generated: 6214
[f=897.198] Expanded: 4478, Generated: 6216
[f=892.734] Expanded: 4480, Generated: 6218
[f=893.658] Expanded: 4480, Generated: 6219
[f=894.746] Expanded: 4481, Generated: 6220
[f=895.339] Expanded: 4482, Generated: 6221
[f=896.292] Expanded: 4483, Generated: 6222
[f=896.525] Expanded: 4483, Generated: 6223
[f=897.761] Expanded: 4484, Generated: 6224
[f=897.773] Expanded: 4485, Generated: 6225
[f=894.983] Expanded: 4487, Generated: 6227
[f=896.387] Expanded: 4488, Generated: 6228
[f=897.261] Expanded: 4489, Generated: 6229
[f=897.796] Expanded: 4490, Generated: 6230
[f=897.800] Expanded: 4490, Generated: 6231
[f=897.816] Expanded: 4490, Generated: 6232
[f=897.820] Expanded: 4490, Generated: 6233
[f=897.820] Expanded: 4491, Generated: 6234
[f=897.846] Expanded: 4492, Generated: 6235
[f=897.847] Expanded: 4493, Generated: 6236
[f=894.668] Expanded: 4495, Generated: 6238
[f=896.669] Expanded: 4496, Generated: 6239
[f=897.250] Expanded: 4497, Generated: 6240
[f=897.817] Expanded: 4498, Generated: 6241
[f=897.852] Expanded: 4499, Generated: 6242
[f=897.852] Expanded: 4499, Generated: 6243
[f=897.855] Expanded: 4500, Generated: 6244
[f=897.856] Expanded: 4500, Generated: 6245
[f=897.869] Expanded: 4501, Generated: 6246
[f=897.870] Expanded: 4502, Generated: 6247
[f=897.876] Expanded: 4503, Generated: 6248
[f=897.889] Expanded: 4504, Generated: 6249
[f=897.910] Expanded: 4505, Generated: 6250
[f=897.914] Expanded: 4506, Generated: 6251
[f=897.920] Expanded: 4506, Generated: 6252
[f=897.924] Expanded: 4507, Generated: 6253
[f=897.938] Expanded: 4507, Generated: 6254
[f=897.940] Expanded: 4507, Generated: 6255
[f=897.942] Expanded: 4507, Generated: 6256
[f=897.942] Expanded: 4507, Generated: 6257
[f=897.945] Expanded: 4507, Generated: 6258
[f=894.202] Expanded: 4508, Generated: 6260
[f=894.493] Expanded: 4509, Generated: 6261
[f=897.979] Expanded: 4510, Generated: 6262
[f=897.985] Expanded: 4511, Generated: 6263
[f=897.994] Expanded: 4512, Generated: 6264
[f=898.001] Expanded: 4513, Generated: 6265
[f=898.003] Expanded: 4514, Generated: 6266
[f=898.025] Expanded: 4515, Generated: 6267
[f=898.025] Expanded: 4516, Generated: 6268
[f=898.029] Expanded: 4516, Generated: 6269
[f=898.032] Expanded: 4517, Generated: 6270
[f=898.047] Expanded: 4518, Generated: 6271
[f=898.049] Expanded: 4519, Generated: 6272
[f=898.056] Expanded: 4520, Generated: 6273
[f=898.058] Expanded: 4521, Generated: 6274
[f=898.059] Expanded: 4522, Generated: 6275
[f=898.060] Expanded: 4523, Generated: 6276
[f=898.062] Expanded: 4524, Generated: 6277
[f=898.079] Expanded: 4525, Generated: 6278
[f=898.084] Expanded: 4526, Generated: 6279
[f=898.084] Expanded: 4527, Generated: 6280
[f=898.096] Expanded: 4527, Generated: 6281
[f=898.099] Expanded: 4528, Generated: 6282
[f=884.532] Expanded: 4530, Generated: 6284
[f=884.789] Expanded: 4530, Generated: 6285
[f=885.377] Expanded: 4530, Generated: 6286
[f=887.973] Expanded: 4531, Generated: 6287
[f=890.899] Expanded: 4532, Generated: 6288
[f=885.386] Expanded: 4534, Generated: 6290
[f=885.643] Expanded: 4534, Generated: 6291
[f=886.230] Expanded: 4534, Generated: 6292
[f=886.873] Expanded: 4535, Generated: 6293
[f=887.470] Expanded: 4537, Generated: 6295
[f=887.726] Expanded: 4537, Generated: 6296
[f=888.334] Expanded: 4537, Generated: 6297
[f=888.957] Expanded: 4538, Generated: 6298
[f=889.422] Expanded: 4539, Generated: 6299
[f=891.196] Expanded: 4540, Generated: 6300
[f=891.453] Expanded: 4540, Generated: 6301
[f=891.500] Expanded: 4541, Generated: 6302
[f=891.909] Expanded: 4542, Generated: 6303
[f=891.992] Expanded: 4543, Generated: 6304
[f=892.042] Expanded: 4543, Generated: 6305
[f=892.348] Expanded: 4544, Generated: 6307
[f=891.015] Expanded: 4546, Generated: 6309
[f=891.467] Expanded: 4546, Generated: 6310
[f=892.480] Expanded: 4547, Generated: 6311
[f=892.712] Expanded: 4548, Generated: 6312
[f=892.725] Expanded: 4548, Generated: 6313
[f=892.781] Expanded: 4549, Generated: 6314
[f=892.823] Expanded: 4550, Generated: 6315
[f=892.973] Expanded: 4550, Generated: 6316
[f=893.044] Expanded: 4550, Generated: 6317
[f=893.088] Expanded: 4551, Generated: 6318
[f=893.300] Expanded: 4551, Generated: 6319
[f=893.345] Expanded: 4551, Generated: 6320
[f=885.721] Expanded: 4552, Generated: 6322
[f=887.991] Expanded: 4553, Generated: 6323
[f=888.741] Expanded: 4553, Generated: 6324
[f=888.836] Expanded: 4554, Generated: 6325
[f=891.182] Expanded: 4555, Generated: 6326
[f=886.751] Expanded: 4556, Generated: 6328
[f=887.570] Expanded: 4557, Generated: 6329
[f=888.815] Expanded: 4558, Generated: 6331
[f=889.633] Expanded: 4559, Generated: 6332
[f=889.737] Expanded: 4560, Generated: 6333
[f=889.768] Expanded: 4560, Generated: 6334
[f=889.862] Expanded: 4561, Generated: 6335
[f=891.792] Expanded: 4562, Generated: 6336
[f=891.854] Expanded: 4562, Generated: 6337
[f=891.925] Expanded: 4563, Generated: 6338
[f=892.360] Expanded: 4563, Generated: 6339
[f=892.446] Expanded: 4564, Generated: 6340
[f=893.184] Expanded: 4565, Generated: 6341
[f=893.393] Expanded: 4566, Generated: 6342
[f=892.654] Expanded: 4568, Generated: 6344
[f=892.912] Expanded: 4568, Generated: 6345
[f=893.457] Expanded: 4569, Generated: 6346
[f=893.460] Expanded: 4569, Generated: 6347
[f=893.485] Expanded: 4569, Generated: 6348
[f=893.498] Expanded: 4569, Generated: 6349
[f=893.458] Expanded: 4570, Generated: 6351
[f=893.531] Expanded: 4570, Generated: 6352
[f=885.474] Expanded: 4572, Generated: 6354
[f=885.523] Expanded: 4572, Generated: 6355
[f=887.924] Expanded: 4573, Generated: 6356
[f=889.624] Expanded: 4573, Generated: 6357
[f=891.179] Expanded: 4574, Generated: 6358
[f=886.485] Expanded: 4576, Generated: 6360
[f=886.534] Expanded: 4576, Generated: 6361
[f=887.261] Expanded: 4577, Generated: 6362
[f=888.447] Expanded: 4579, Generated: 6364
[f=888.516] Expanded: 4579, Generated: 6365
[f=889.220] Expanded: 4580, Generated: 6366
[f=889.652] Expanded: 4581, Generated: 6367
[f=890.627] Expanded: 4581, Generated: 6368
[f=891.603] Expanded: 4582, Generated: 6369
[f=892.141] Expanded: 4583, Generated: 6370
[f=892.189] Expanded: 4583, Generated: 6371
[f=892.423] Expanded: 4584, Generated: 6372
[f=892.559] Expanded: 4585, Generated: 6373
[f=892.585] Expanded: 4585, Generated: 6374
[f=892.785] Expanded: 4586, Generated: 6375
[f=890.932] Expanded: 4588, Generated: 6377
[f=893.151] Expanded: 4589, Generated: 6378
[f=893.181] Expanded: 4589, Generated: 6379
[f=893.597] Expanded: 4590, Generated: 6380
[f=893.598] Expanded: 4590, Generated: 6381
[f=893.604] Expanded: 4590, Generated: 6382
[f=893.605] Expanded: 4590, Generated: 6383
[f=893.610] Expanded: 4591, Generated: 6384
[f=893.684] Expanded: 4592, Generated: 6385
[f=893.689] Expanded: 4592, Generated: 6386
[f=893.693] Expanded: 4593, Generated: 6387
[f=893.723] Expanded: 4594, Generated: 6388
[f=893.739] Expanded: 4594, Generated: 6389
[f=893.813] Expanded: 4595, Generated: 6390
[f=893.815] Expanded: 4596, Generated: 6391
[f=893.838] Expanded: 4597, Generated: 6392
[f=893.852] Expanded: 4598, Generated: 6393
[f=893.877] Expanded: 4600, Generated: 6395
[f=893.880] Expanded: 4601, Generated: 6396
[f=893.932] Expanded: 4601, Generated: 6397
[f=893.951] Expanded: 4601, Generated: 6398
[f=893.982] Expanded: 4602, Generated: 6399
[f=894.029] Expanded: 4603, Generated: 6400
[f=894.035] Expanded: 4604, Generated: 6401
[f=894.035] Expanded: 4604, Generated: 6402
[f=894.053] Expanded: 4605, Generated: 6403
[f=894.055] Expanded: 4606, Generated: 6404
[f=894.091] Expanded: 4607, Generated: 6405
[f=894.092] Expanded: 4607, Generated: 6406
[f=894.099] Expanded: 4607, Generated: 6407
[f=894.109] Expanded: 4607, Generated: 6408
[f=894.197] Expanded: 4607, Generated: 6409
[f=894.200] Expanded: 4607, Generated: 6410
[f=894.212] Expanded: 4608, Generated: 6411
[f=894.258] Expanded: 4609, Generated: 6412
[f=894.260] Expanded: 4609, Generated: 6413
[f=894.284] Expanded: 4610, Generated: 6414
[f=894.347] Expanded: 4611, Generated: 6415
[f=894.381] Expanded: 4612, Generated: 6416
[f=894.402] Expanded: 4613, Generated: 6417
[f=894.411] Expanded: 4614, Generated: 6418
[f=894.413] Expanded: 4614, Generated: 6419
[f=894.423] Expanded: 4614, Generated: 6420
[f=894.424] Expanded: 4615, Generated: 6421
[f=894.489] Expanded: 4615, Generated: 6422
[f=894.595] Expanded: 4615, Generated: 6423
[f=894.609] Expanded: 4615, Generated: 6424
[f=894.682] Expanded: 4615, Generated: 6425
[f=894.712] Expanded: 4616, Generated: 6426
[f=894.713] Expanded: 4617, Generated: 6427
[f=894.716] Expanded: 4617, Generated: 6428
[f=894.741] Expanded: 4618, Generated: 6429
[f=894.745] Expanded: 4618, Generated: 6430
[f=894.769] Expanded: 4618, Generated: 6431
[f=894.785] Expanded: 4619, Generated: 6432
[f=894.522] Expanded: 4620, Generated: 6434
[f=894.797] Expanded: 4621, Generated: 6435
[f=894.798] Expanded: 4621, Generated: 6436
[f=894.809] Expanded: 4621, Generated: 6437
[f=894.827] Expanded: 4621, Generated: 6438
[f=894.913] Expanded: 4622, Generated: 6439
[f=894.967] Expanded: 4623, Generated: 6440
[f=894.969] Expanded: 4624, Generated: 6441
[f=894.996] Expanded: 4624, Generated: 6442
[f=895.008] Expanded: 4625, Generated: 6443
[f=895.013] Expanded: 4625, Generated: 6444
[f=895.014] Expanded: 4626, Generated: 6445
[f=895.025] Expanded: 4627, Generated: 6446
[f=895.070] Expanded: 4627, Generated: 6447
[f=895.110] Expanded: 4628, Generated: 6448
[f=895.133] Expanded: 4628, Generated: 6449
[f=894.450] Expanded: 4629, Generated: 6451
[f=895.157] Expanded: 4630, Generated: 6452
[f=895.170] Expanded: 4630, Generated: 6453
[f=895.174] Expanded: 4630, Generated: 6454
[f=895.195] Expanded: 4631, Generated: 6455
[f=895.269] Expanded: 4632, Generated: 6456
[f=895.287] Expanded: 4633, Generated: 6457
[f=895.319] Expanded: 4634, Generated: 6458
[f=895.327] Expanded: 4634, Generated: 6459
[f=895.392] Expanded: 4634, Generated: 6460
[f=895.401] Expanded: 4634, Generated: 6461
[f=895.446] Expanded: 4635, Generated: 6462
[f=895.470] Expanded: 4635, Generated: 6463
[f=895.484] Expanded: 4636, Generated: 6464
[f=895.486] Expanded: 4637, Generated: 6465
[f=895.487] Expanded: 4637, Generated: 6466
[f=895.553] Expanded: 4637, Generated: 6467
[f=895.553] Expanded: 4637, Generated: 6468
[f=895.557] Expanded: 4638, Generated: 6469
[f=893.249] Expanded: 4640, Generated: 6471
[f=894.087] Expanded: 4640, Generated: 6472
[f=894.653] Expanded: 4641, Generated: 6473
[f=895.599] Expanded: 4642, Generated: 6474
[f=895.612] Expanded: 4642, Generated: 6475
[f=893.242] Expanded: 4644, Generated: 6477
[f=894.081] Expanded: 4644, Generated: 6478
[f=895.616] Expanded: 4644, Generated: 6479
[f=895.633] Expanded: 4645, Generated: 6480
[f=895.666] Expanded: 4645, Generated: 6481
[f=895.677] Expanded: 4645, Generated: 6482
[f=895.704] Expanded: 4645, Generated: 6483
[f=895.716] Expanded: 4646, Generated: 6484
[f=895.723] Expanded: 4646, Generated: 6485
[f=895.747] Expanded: 4647, Generated: 6486
[f=895.768] Expanded: 4647, Generated: 6487
[f=895.774] Expanded: 4647, Generated: 6488
[f=895.783] Expanded: 4647, Generated: 6489
[f=895.784] Expanded: 4648, Generated: 6490
[f=895.792] Expanded: 4649, Generated: 6491
[f=895.799] Expanded: 4650, Generated: 6492
[f=895.802] Expanded: 4651, Generated: 6493
[f=888.576] Expanded: 4653, Generated: 6496
[f=889.931] Expanded: 4654, Generated: 6497
[f=890.287] Expanded: 4655, Generated: 6498
[f=890.527] Expanded: 4655, Generated: 6499
[f=891.128] Expanded: 4655, Generated: 6500
[f=891.367] Expanded: 4656, Generated: 6501
[f=891.824] Expanded: 4657, Generated: 6502
[f=892.292] Expanded: 4657, Generated: 6503
[f=892.310] Expanded: 4658, Generated: 6504
[f=894.254] Expanded: 4659, Generated: 6505
[f=894.722] Expanded: 4659, Generated: 6506
[f=894.870] Expanded: 4660, Generated: 6507
[f=895.832] Expanded: 4660, Generated: 6508
[f=895.867] Expanded: 4660, Generated: 6509
[f=895.879] Expanded: 4661, Generated: 6510
[f=895.880] Expanded: 4662, Generated: 6511
[f=895.892] Expanded: 4663, Generated: 6512
[f=895.893] Expanded: 4663, Generated: 6513
[f=895.920] Expanded: 4664, Generated: 6514
[f=895.923] Expanded: 4664, Generated: 6515
[f=895.927] Expanded: 4665, Generated: 6516
[f=895.929] Expanded: 4666, Generated: 6517
[f=895.934] Expanded: 4667, Generated: 6518
[f=895.936] Expanded: 4668, Generated: 6519
[f=895.955] Expanded: 4669, Generated: 6520
[f=895.983] Expanded: 4669, Generated: 6521
[f=896.005] Expanded: 4670, Generated: 6522
[f=896.015] Expanded: 4671, Generated: 6523
[f=896.019] Expanded: 4671, Generated: 6524
[f=895.813] Expanded: 4673, Generated: 6526
[f=896.110] Expanded: 4674, Generated: 6527
[f=896.124] Expanded: 4674, Generated: 6528
[f=896.125] Expanded: 4675, Generated: 6529
[f=896.138] Expanded: 4676, Generated: 6530
[f=896.147] Expanded: 4676, Generated: 6531
[f=896.152] Expanded: 4677, Generated: 6532
[f=896.158] Expanded: 4677, Generated: 6533
[f=896.161] Expanded: 4678, Generated: 6534
[f=896.174] Expanded: 4678, Generated: 6535
[f=896.199] Expanded: 4679, Generated: 6536
[f=896.210] Expanded: 4680, Generated: 6537
[f=896.221] Expanded: 4680, Generated: 6538
[f=896.227] Expanded: 4681, Generated: 6539
[f=896.263] Expanded: 4681, Generated: 6540
[f=896.271] Expanded: 4681, Generated: 6541
[f=896.283] Expanded: 4681, Generated: 6542
[f=896.286] Expanded: 4681, Generated: 6543
[f=896.299] Expanded: 4681, Generated: 6544
[f=896.308] Expanded: 4681, Generated: 6545
[f=896.330] Expanded: 4681, Generated: 6546
[f=896.339] Expanded: 4682, Generated: 6547
[f=896.348] Expanded: 4682, Generated: 6548
[f=896.355] Expanded: 4683, Generated: 6549
[f=896.359] Expanded: 4683, Generated: 6550
[f=896.378] Expanded: 4684, Generated: 6551
[f=896.380] Expanded: 4684, Generated: 6552
[f=896.383] Expanded: 4684, Generated: 6553
[f=896.394] Expanded: 4685, Generated: 6554
[f=896.405] Expanded: 4686, Generated: 6555
[f=890.970] Expanded: 4688, Generated: 6557
[f=891.862] Expanded: 4688, Generated: 6558
[f=894.502] Expanded: 4689, Generated: 6559
[f=894.515] Expanded: 4689, Generated: 6560
[f=896.453] Expanded: 4690, Generated: 6561
[f=896.466] Expanded: 4690, Generated: 6562
[f=896.476] Expanded: 4691, Generated: 6563
[f=896.500] Expanded: 4692, Generated: 6564
[f=894.642] Expanded: 4694, Generated: 6566
[f=894.767] Expanded: 4695, Generated: 6567
[f=895.089] Expanded: 4695, Generated: 6568
[f=895.460] Expanded: 4695, Generated: 6569
[f=896.505] Expanded: 4695, Generated: 6570
[f=896.516] Expanded: 4695, Generated: 6571
[f=896.539] Expanded: 4696, Generated: 6572
[f=896.553] Expanded: 4696, Generated: 6573
[f=896.577] Expanded: 4697, Generated: 6574
[f=896.578] Expanded: 4698, Generated: 6575
[f=895.532] Expanded: 4700, Generated: 6577
[f=896.386] Expanded: 4700, Generated: 6578
[f=896.622] Expanded: 4700, Generated: 6579
[f=889.582] Expanded: 4701, Generated: 6581
[f=892.387] Expanded: 4702, Generated: 6582
[f=895.261] Expanded: 4703, Generated: 6583
[f=889.434] Expanded: 4704, Generated: 6585
[f=890.063] Expanded: 4705, Generated: 6586
[f=888.841] Expanded: 4706, Generated: 6588
[f=889.449] Expanded: 4707, Generated: 6589
[f=892.160] Expanded: 4708, Generated: 6590
[f=892.764] Expanded: 4709, Generated: 6591
[f=894.564] Expanded: 4710, Generated: 6592
[f=895.336] Expanded: 4711, Generated: 6593
[f=895.346] Expanded: 4712, Generated: 6594
[f=895.408] Expanded: 4712, Generated: 6595
[f=895.711] Expanded: 4713, Generated: 6596
[f=895.833] Expanded: 4714, Generated: 6597
[f=896.088] Expanded: 4715, Generated: 6598
[f=896.090] Expanded: 4715, Generated: 6599
[f=896.162] Expanded: 4715, Generated: 6600
[f=893.583] Expanded: 4717, Generated: 6602
[f=893.619] Expanded: 4718, Generated: 6603
[f=894.464] Expanded: 4718, Generated: 6604
[f=895.151] Expanded: 4719, Generated: 6605
[f=895.995] Expanded: 4719, Generated: 6606
[f=896.182] Expanded: 4720, Generated: 6607
[f=896.557] Expanded: 4721, Generated: 6608
[f=896.621] Expanded: 4721, Generated: 6609
[f=896.637] Expanded: 4722, Generated: 6610
[f=896.642] Expanded: 4722, Generated: 6611
[f=895.274] Expanded: 4724, Generated: 6613
[f=896.656] Expanded: 4724, Generated: 6614
[f=896.671] Expanded: 4724, Generated: 6615
[f=896.673] Expanded: 4724, Generated: 6616
[f=896.693] Expanded: 4724, Generated: 6617
[f=896.696] Expanded: 4725, Generated: 6618
[f=896.702] Expanded: 4726, Generated: 6619
[f=896.702] Expanded: 4726, Generated: 6620
[f=896.707] Expanded: 4727, Generated: 6621
[f=896.717] Expanded: 4728, Generated: 6622
[f=896.720] Expanded: 4729, Generated: 6623
[f=896.740] Expanded: 4730, Generated: 6624
[f=896.746] Expanded: 4730, Generated: 6625
[f=896.634] Expanded: 4731, Generated: 6627
[f=890.211] Expanded: 4733, Generated: 6629
[f=892.444] Expanded: 4734, Generated: 6630
[f=892.539] Expanded: 4735, Generated: 6631
[f=893.189] Expanded: 4736, Generated: 6632
[f=895.065] Expanded: 4737, Generated: 6633
[f=895.544] Expanded: 4738, Generated: 6634
[f=896.538] Expanded: 4739, Generated: 6635
[f=896.577] Expanded: 4740, Generated: 6636
[f=896.790] Expanded: 4741, Generated: 6637
[f=896.858] Expanded: 4742, Generated: 6638
[f=894.131] Expanded: 4743, Generated: 6640
[f=896.083] Expanded: 4744, Generated: 6641
[f=896.925] Expanded: 4745, Generated: 6642
[f=896.929] Expanded: 4746, Generated: 6643
[f=893.814] Expanded: 4748, Generated: 6645
[f=893.880] Expanded: 4748, Generated: 6646
[f=895.946] Expanded: 4749, Generated: 6647
[f=896.932] Expanded: 4750, Generated: 6648
[f=896.933] Expanded: 4751, Generated: 6649
[f=896.938] Expanded: 4751, Generated: 6650
[f=896.940] Expanded: 4751, Generated: 6651
[f=896.943] Expanded: 4751, Generated: 6652
[f=896.946] Expanded: 4751, Generated: 6653
[f=896.948] Expanded: 4752, Generated: 6654
[f=896.959] Expanded: 4753, Generated: 6655
[f=896.966] Expanded: 4753, Generated: 6656
[f=892.885] Expanded: 4755, Generated: 6658
[f=893.142] Expanded: 4755, Generated: 6659
[f=893.747] Expanded: 4755, Generated: 6660
[f=895.848] Expanded: 4756, Generated: 6661
[f=896.981] Expanded: 4756, Generated: 6662
[f=896.988] Expanded: 4757, Generated: 6663
[f=896.993] Expanded: 4758, Generated: 6664
[f=897.001] Expanded: 4759, Generated: 6665
[f=889.487] Expanded: 4760, Generated: 6667
[f=890.178] Expanded: 4761, Generated: 6668
[f=892.729] Expanded: 4762, Generated: 6669
[f=895.375] Expanded: 4763, Generated: 6670
[f=895.927] Expanded: 4764, Generated: 6671
[f=895.930] Expanded: 4764, Generated: 6672
[f=896.429] Expanded: 4765, Generated: 6673
[f=896.490] Expanded: 4765, Generated: 6674
[f=896.604] Expanded: 4766, Generated: 6675
[f=897.007] Expanded: 4767, Generated: 6676
[f=897.013] Expanded: 4767, Generated: 6677
[f=897.031] Expanded: 4768, Generated: 6678
[f=890.226] Expanded: 4770, Generated: 6680
[f=890.251] Expanded: 4771, Generated: 6681
[f=891.057] Expanded: 4772, Generated: 6682
[f=891.097] Expanded: 4772, Generated: 6683
[f=891.902] Expanded: 4773, Generated: 6684
[f=892.480] Expanded: 4773, Generated: 6685
[f=892.493] Expanded: 4774, Generated: 6686
[f=892.527] Expanded: 4775, Generated: 6687
[f=893.474] Expanded: 4775, Generated: 6688
[f=894.173] Expanded: 4776, Generated: 6689
[f=895.205] Expanded: 4776, Generated: 6690
[f=895.263] Expanded: 4777, Generated: 6691
[f=896.241] Expanded: 4778, Generated: 6692
[f=896.388] Expanded: 4778, Generated: 6693
[f=896.748] Expanded: 4779, Generated: 6694
[f=896.842] Expanded: 4780, Generated: 6695
[f=896.995] Expanded: 4781, Generated: 6696
[f=897.051] Expanded: 4782, Generated: 6697
[f=897.064] Expanded: 4782, Generated: 6698
[f=897.067] Expanded: 4782, Generated: 6699
[f=897.079] Expanded: 4782, Generated: 6700
[f=897.091] Expanded: 4782, Generated: 6701
[f=897.096] Expanded: 4782, Generated: 6702
[f=897.100] Expanded: 4783, Generated: 6703
[f=897.107] Expanded: 4783, Generated: 6704
[f=891.550] Expanded: 4785, Generated: 6706
[f=892.437] Expanded: 4785, Generated: 6707
[f=893.142] Expanded: 4786, Generated: 6708
[f=895.091] Expanded: 4786, Generated: 6709
[f=893.635] Expanded: 4788, Generated: 6711
[f=894.545] Expanded: 4788, Generated: 6712
[f=895.229] Expanded: 4789, Generated: 6713
[f=895.666] Expanded: 4790, Generated: 6714
[f=897.109] Expanded: 4791, Generated: 6715
[f=897.116] Expanded: 4792, Generated: 6716
[f=897.138] Expanded: 4793, Generated: 6717
[f=897.140] Expanded: 4794, Generated: 6718
[f=897.160] Expanded: 4795, Generated: 6719
[f=891.721] Expanded: 4796, Generated: 6721
[f=892.603] Expanded: 4797, Generated: 6722
[f=891.225] Expanded: 4798, Generated: 6724
[f=892.145] Expanded: 4799, Generated: 6725
[f=894.158] Expanded: 4800, Generated: 6726
[f=894.264] Expanded: 4801, Generated: 6727
[f=894.314] Expanded: 4801, Generated: 6728
[f=894.369] Expanded: 4802, Generated: 6729
[f=894.652] Expanded: 4803, Generated: 6730
[f=894.746] Expanded: 4804, Generated: 6731
[f=894.847] Expanded: 4805, Generated: 6732
[f=895.137] Expanded: 4805, Generated: 6733
[f=895.243] Expanded: 4806, Generated: 6734
[f=896.023] Expanded: 4807, Generated: 6735
[f=896.208] Expanded: 4807, Generated: 6736
[f=896.734] Expanded: 4808, Generated: 6737
[f=897.164] Expanded: 4809, Generated: 6738
[f=897.165] Expanded: 4810, Generated: 6739
[f=897.167] Expanded: 4810, Generated: 6740
[f=897.167] Expanded: 4811, Generated: 6741
[f=897.173] Expanded: 4811, Generated: 6742
[f=897.177] Expanded: 4812, Generated: 6743
[f=897.188] Expanded: 4813, Generated: 6744
[f=897.189] Expanded: 4814, Generated: 6745
[f=897.213] Expanded: 4815, Generated: 6746
[f=897.214] Expanded: 4815, Generated: 6747
[f=897.216] Expanded: 4815, Generated: 6748
[f=897.219] Expanded: 4815, Generated: 6749
[f=897.219] Expanded: 4816, Generated: 6750
[f=897.220] Expanded: 4816, Generated: 6751
[f=897.222] Expanded: 4817, Generated: 6752
[f=897.224] Expanded: 4817, Generated: 6753
[f=897.234] Expanded: 4818, Generated: 6754
[f=897.234] Expanded: 4818, Generated: 6755
[f=897.235] Expanded: 4818, Generated: 6756
[f=897.244] Expanded: 4818, Generated: 6757
[f=897.245] Expanded: 4819, Generated: 6758
[f=897.258] Expanded: 4820, Generated: 6759
[f=897.264] Expanded: 4821, Generated: 6760
[f=897.267] Expanded: 4822, Generated: 6761
[f=897.269] Expanded: 4822, Generated: 6762
[f=897.279] Expanded: 4822, Generated: 6763
[f=897.282] Expanded: 4822, Generated: 6764
[f=897.287] Expanded: 4823, Generated: 6765
[f=897.289] Expanded: 4823, Generated: 6766
[f=897.292] Expanded: 4823, Generated: 6767
[f=897.292] Expanded: 4824, Generated: 6768
[f=897.301] Expanded: 4825, Generated: 6769
[f=897.311] Expanded: 4825, Generated: 6770
[f=894.284] Expanded: 4827, Generated: 6772
[f=895.595] Expanded: 4828, Generated: 6773
[f=895.695] Expanded: 4829, Generated: 6774
[f=896.041] Expanded: 4829, Generated: 6775
[f=896.364] Expanded: 4830, Generated: 6776
[f=896.407] Expanded: 4830, Generated: 6777
[f=896.432] Expanded: 4831, Generated: 6778
[f=897.341] Expanded: 4831, Generated: 6779
[f=897.348] Expanded: 4831, Generated: 6780
[f=897.350] Expanded: 4832, Generated: 6781
[f=897.360] Expanded: 4832, Generated: 6782
[f=897.376] Expanded: 4832, Generated: 6783
[f=897.377] Expanded: 4833, Generated: 6784
[f=890.813] Expanded: 4835, Generated: 6786
[f=892.214] Expanded: 4835, Generated: 6787
[f=893.021] Expanded: 4836, Generated: 6788
[f=893.138] Expanded: 4837, Generated: 6789
[f=893.714] Expanded: 4838, Generated: 6790
[f=895.135] Expanded: 4838, Generated: 6791
[f=895.840] Expanded: 4839, Generated: 6792
[f=896.063] Expanded: 4840, Generated: 6793
[f=896.956] Expanded: 4841, Generated: 6794
[f=897.392] Expanded: 4841, Generated: 6795
[f=897.393] Expanded: 4841, Generated: 6796
[f=897.396] Expanded: 4842, Generated: 6797
[f=897.406] Expanded: 4842, Generated: 6798
[f=897.409] Expanded: 4842, Generated: 6799
[f=897.419] Expanded: 4843, Generated: 6800
[f=897.463] Expanded: 4844, Generated: 6801
[f=897.466] Expanded: 4844, Generated: 6802
[f=897.475] Expanded: 4844, Generated: 6803
[f=897.476] Expanded: 4845, Generated: 6804
[f=897.480] Expanded: 4845, Generated: 6805
[f=897.484] Expanded: 4845, Generated: 6806
[f=897.486] Expanded: 4845, Generated: 6807
[f=897.495] Expanded: 4845, Generated: 6808
[f=897.496] Expanded: 4845, Generated: 6809
[f=897.509] Expanded: 4846, Generated: 6810
[f=897.518] Expanded: 4846, Generated: 6811
[f=897.518] Expanded: 4846, Generated: 6812
[f=897.523] Expanded: 4847, Generated: 6813
[f=897.530] Expanded: 4847, Generated: 6814
[f=897.541] Expanded: 4847, Generated: 6815
[f=897.552] Expanded: 4847, Generated: 6816
[f=892.389] Expanded: 4849, Generated: 6818
[f=892.897] Expanded: 4850, Generated: 6819
[f=895.491] Expanded: 4851, Generated: 6820
[f=895.591] Expanded: 4851, Generated: 6821
[f=895.653] Expanded: 4852, Generated: 6822
[f=897.143] Expanded: 4853, Generated: 6823
[f=897.529] Expanded: 4854, Generated: 6824
[f=897.556] Expanded: 4854, Generated: 6825
[f=897.563] Expanded: 4854, Generated: 6826
[f=890.239] Expanded: 4855, Generated: 6828
[f=890.951] Expanded: 4856, Generated: 6829
[f=892.664] Expanded: 4856, Generated: 6830
[f=893.497] Expanded: 4857, Generated: 6831
[f=896.280] Expanded: 4858, Generated: 6832
[f=896.326] Expanded: 4859, Generated: 6833
[f=897.123] Expanded: 4859, Generated: 6834
[f=897.248] Expanded: 4860, Generated: 6835
[f=897.586] Expanded: 4861, Generated: 6836
[f=897.592] Expanded: 4862, Generated: 6837
[f=897.601] Expanded: 4863, Generated: 6838
[f=897.602] Expanded: 4863, Generated: 6839
[f=897.607] Expanded: 4864, Generated: 6840
[f=897.610] Expanded: 4865, Generated: 6841
[f=897.611] Expanded: 4865, Generated: 6842
[f=897.631] Expanded: 4865, Generated: 6843
[f=897.634] Expanded: 4865, Generated: 6844
[f=897.637] Expanded: 4865, Generated: 6845
[f=897.637] Expanded: 4865, Generated: 6846
[f=897.638] Expanded: 4866, Generated: 6847
[f=897.643] Expanded: 4866, Generated: 6848
[f=897.656] Expanded: 4866, Generated: 6849
[f=897.658] Expanded: 4867, Generated: 6850
[f=897.658] Expanded: 4867, Generated: 6851
[f=897.659] Expanded: 4867, Generated: 6852
[f=897.660] Expanded: 4867, Generated: 6853
[f=897.665] Expanded: 4868, Generated: 6854
[f=897.671] Expanded: 4869, Generated: 6855
[f=897.688] Expanded: 4869, Generated: 6856
[f=897.690] Expanded: 4870, Generated: 6857
[f=897.711] Expanded: 4870, Generated: 6858
[f=897.718] Expanded: 4870, Generated: 6859
[f=897.722] Expanded: 4871, Generated: 6860
[f=890.104] Expanded: 4872, Generated: 6862
[f=892.739] Expanded: 4873, Generated: 6863
[f=895.974] Expanded: 4874, Generated: 6864
[f=896.007] Expanded: 4874, Generated: 6865
[f=896.610] Expanded: 4874, Generated: 6866
[f=895.533] Expanded: 4876, Generated: 6868
[f=897.566] Expanded: 4877, Generated: 6869
[f=897.754] Expanded: 4878, Generated: 6870
[f=896.007] Expanded: 4880, Generated: 6872
[f=895.930] Expanded: 4882, Generated: 6874
[f=897.767] Expanded: 4882, Generated: 6875
[f=897.768] Expanded: 4883, Generated: 6876
[f=897.773] Expanded: 4884, Generated: 6877
[f=897.774] Expanded: 4884, Generated: 6878
[f=897.776] Expanded: 4884, Generated: 6879
[f=897.786] Expanded: 4884, Generated: 6880
[f=897.794] Expanded: 4884, Generated: 6881
[f=897.798] Expanded: 4885, Generated: 6882
[f=897.804] Expanded: 4886, Generated: 6883
[f=897.834] Expanded: 4887, Generated: 6884
[f=897.843] Expanded: 4887, Generated: 6885
[f=897.847] Expanded: 4888, Generated: 6886
[f=897.851] Expanded: 4888, Generated: 6887
[f=897.851] Expanded: 4888, Generated: 6888
[f=897.855] Expanded: 4888, Generated: 6889
[f=897.860] Expanded: 4889, Generated: 6890
[f=897.863] Expanded: 4890, Generated: 6891
[f=897.866] Expanded: 4890, Generated: 6892
[f=897.873] Expanded: 4890, Generated: 6893
[f=897.358] Expanded: 4892, Generated: 6895
[f=897.379] Expanded: 4894, Generated: 6897
[f=897.879] Expanded: 4894, Generated: 6898
[f=897.882] Expanded: 4894, Generated: 6899
[f=897.883] Expanded: 4895, Generated: 6900
[f=897.887] Expanded: 4896, Generated: 6901
[f=897.888] Expanded: 4897, Generated: 6902
[f=897.889] Expanded: 4897, Generated: 6903
[f=897.905] Expanded: 4897, Generated: 6904
[f=897.913] Expanded: 4898, Generated: 6905
[f=897.926] Expanded: 4899, Generated: 6906
[f=897.955] Expanded: 4900, Generated: 6907
[f=897.962] Expanded: 4900, Generated: 6908
[f=897.966] Expanded: 4901, Generated: 6909
[f=897.969] Expanded: 4902, Generated: 6910
[f=898.003] Expanded: 4902, Generated: 6911
[f=898.015] Expanded: 4902, Generated: 6912
[f=898.019] Expanded: 4903, Generated: 6913
[f=898.019] Expanded: 4904, Generated: 6914
[f=894.087] Expanded: 4906, Generated: 6916
[f=894.424] Expanded: 4907, Generated: 6917
[f=894.966] Expanded: 4907, Generated: 6918
[f=895.764] Expanded: 4908, Generated: 6919
[f=896.667] Expanded: 4908, Generated: 6920
[f=896.848] Expanded: 4909, Generated: 6921
[f=898.020] Expanded: 4909, Generated: 6922
[f=898.022] Expanded: 4910, Generated: 6923
[f=898.023] Expanded: 4910, Generated: 6924
[f=898.026] Expanded: 4911, Generated: 6925
[f=898.031] Expanded: 4911, Generated: 6926
[f=898.033] Expanded: 4911, Generated: 6927
[f=898.042] Expanded: 4912, Generated: 6928
[f=898.044] Expanded: 4912, Generated: 6929
[f=898.049] Expanded: 4912, Generated: 6930
[f=898.058] Expanded: 4913, Generated: 6931
[f=898.062] Expanded: 4913, Generated: 6932
[f=898.075] Expanded: 4914, Generated: 6933
[f=898.076] Expanded: 4915, Generated: 6934
[f=898.083] Expanded: 4915, Generated: 6935
[f=898.086] Expanded: 4916, Generated: 6936
[f=898.091] Expanded: 4917, Generated: 6937
[f=898.096] Expanded: 4917, Generated: 6938
[f=898.100] Expanded: 4918, Generated: 6939
[f=898.109] Expanded: 4919, Generated: 6940
[f=898.110] Expanded: 4919, Generated: 6941
[f=898.110] Expanded: 4920, Generated: 6942
[f=898.110] Expanded: 4921, Generated: 6943
[f=898.111] Expanded: 4921, Generated: 6944
[f=898.112] Expanded: 4922, Generated: 6945
[f=898.114] Expanded: 4923, Generated: 6946
[f=898.116] Expanded: 4924, Generated: 6947
[f=898.116] Expanded: 4925, Generated: 6948
[f=898.116] Expanded: 4925, Generated: 6949
[f=898.117] Expanded: 4925, Generated: 6950
[f=898.121] Expanded: 4926, Generated: 6951
[f=898.121] Expanded: 4926, Generated: 6953
[f=898.123] Expanded: 4926, Generated: 6954
[f=898.124] Expanded: 4927, Generated: 6955
[f=898.127] Expanded: 4928, Generated: 6956
[f=895.241] Expanded: 4930, Generated: 6958
[f=896.666] Expanded: 4931, Generated: 6959
[f=897.460] Expanded: 4932, Generated: 6960
[f=898.130] Expanded: 4933, Generated: 6961
[f=898.130] Expanded: 4933, Generated: 6962
[f=898.131] Expanded: 4933, Generated: 6963
[f=898.133] Expanded: 4934, Generated: 6964
[f=898.137] Expanded: 4934, Generated: 6965
[f=898.137] Expanded: 4934, Generated: 6966
[f=898.139] Expanded: 4935, Generated: 6967
[f=898.139] Expanded: 4935, Generated: 6969
[f=898.141] Expanded: 4936, Generated: 6971
[f=898.145] Expanded: 4937, Generated: 6972
[f=898.145] Expanded: 4937, Generated: 6973
[f=898.146] Expanded: 4937, Generated: 6974
[f=898.148] Expanded: 4938, Generated: 6975
[f=898.154] Expanded: 4939, Generated: 6976
[f=898.154] Expanded: 4940, Generated: 6977
[f=898.155] Expanded: 4941, Generated: 6978
[f=898.155] Expanded: 4942, Generated: 6979
[f=898.155] Expanded: 4943, Generated: 6980
[f=897.115] Expanded: 4945, Generated: 6982
[f=898.160] Expanded: 4945, Generated: 6983
[f=898.161] Expanded: 4945, Generated: 6984
[f=898.164] Expanded: 4946, Generated: 6985
[f=898.165] Expanded: 4947, Generated: 6986
[f=898.165] Expanded: 4947, Generated: 6987
[f=898.167] Expanded: 4947, Generated: 6988
[f=898.169] Expanded: 4947, Generated: 6989
[f=898.169] Expanded: 4947, Generated: 6990
[f=898.175] Expanded: 4947, Generated: 6991
[f=898.176] Expanded: 4948, Generated: 6992
[f=898.176] Expanded: 4948, Generated: 6993
[f=898.177] Expanded: 4949, Generated: 6994
[f=898.177] Expanded: 4951, Generated: 6996
[f=898.179] Expanded: 4952, Generated: 6997
[f=898.179] Expanded: 4953, Generated: 6998
[f=898.179] Expanded: 4954, Generated: 6999
[f=898.184] Expanded: 4954, Generated: 7000
[f=898.187] Expanded: 4954, Generated: 7001
[f=898.187] Expanded: 4955, Generated: 7002
[f=898.188] Expanded: 4956, Generated: 7003
[f=898.189] Expanded: 4956, Generated: 7004
[f=898.190] Expanded: 4957, Generated: 7005
[f=898.191] Expanded: 4957, Generated: 7006
[f=898.192] Expanded: 4958, Generated: 7007
[f=898.192] Expanded: 4959, Generated: 7008
[f=898.193] Expanded: 4960, Generated: 7009
[f=898.194] Expanded: 4961, Generated: 7010
[f=898.195] Expanded: 4961, Generated: 7011
[f=897.211] Expanded: 4963, Generated: 7013
[f=898.197] Expanded: 4964, Generated: 7014
[f=898.198] Expanded: 4965, Generated: 7015
[f=896.269] Expanded: 4966, Generated: 7017
[f=898.200] Expanded: 4967, Generated: 7018
[f=898.205] Expanded: 4968, Generated: 7019
[f=898.206] Expanded: 4969, Generated: 7021
[f=898.207] Expanded: 4970, Generated: 7022
[f=898.209] Expanded: 4971, Generated: 7023
[f=898.213] Expanded: 4971, Generated: 7024
[f=898.214] Expanded: 4972, Generated: 7025
[f=898.215] Expanded: 4972, Generated: 7026
[f=898.055] Expanded: 4974, Generated: 7028
[f=894.773] Expanded: 4975, Generated: 7030
[f=897.229] Expanded: 4976, Generated: 7031
[f=898.219] Expanded: 4977, Generated: 7032
[f=898.221] Expanded: 4978, Generated: 7033
[f=898.222] Expanded: 4979, Generated: 7034
[f=898.224] Expanded: 4979, Generated: 7035
[f=896.834] Expanded: 4981, Generated: 7037
[f=898.162] Expanded: 4982, Generated: 7038
[f=898.225] Expanded: 4983, Generated: 7039
[f=898.225] Expanded: 4983, Generated: 7040
[f=898.226] Expanded: 4983, Generated: 7041
[f=898.227] Expanded: 4984, Generated: 7042
[f=898.228] Expanded: 4985, Generated: 7043
[f=898.232] Expanded: 4986, Generated: 7044
[f=895.386] Expanded: 4988, Generated: 7046
[f=896.181] Expanded: 4989, Generated: 7047
[f=898.233] Expanded: 4989, Generated: 7048
[f=898.235] Expanded: 4990, Generated: 7049
[f=890.946] Expanded: 4991, Generated: 7051
[f=892.768] Expanded: 4992, Generated: 7052
[f=892.574] Expanded: 4993, Generated: 7054
[f=892.973] Expanded: 4994, Generated: 7055
[f=893.589] Expanded: 4995, Generated: 7057
[f=893.984] Expanded: 4996, Generated: 7058
[f=896.403] Expanded: 4997, Generated: 7059
[f=896.926] Expanded: 4997, Generated: 7060
[f=897.641] Expanded: 4998, Generated: 7061
[f=898.243] Expanded: 4999, Generated: 7062
[f=898.243] Expanded: 5000, Generated: 7063
[f=898.248] Expanded: 5000, Generated: 7064
[f=898.249] Expanded: 5001, Generated: 7065
[f=898.253] Expanded: 5002, Generated: 7066
[f=898.255] Expanded: 5003, Generated: 7067
[f=898.259] Expanded: 5004, Generated: 7068
[f=898.260] Expanded: 5005, Generated: 7070
[f=898.261] Expanded: 5005, Generated: 7071
[f=898.262] Expanded: 5006, Generated: 7072
[f=895.180] Expanded: 5008, Generated: 7074
[f=897.549] Expanded: 5008, Generated: 7075
[f=898.264] Expanded: 5009, Generated: 7076
[f=895.878] Expanded: 5011, Generated: 7078
[f=898.265] Expanded: 5011, Generated: 7079
[f=898.271] Expanded: 5011, Generated: 7080
[f=898.272] Expanded: 5012, Generated: 7081
[f=898.273] Expanded: 5013, Generated: 7082
[f=898.276] Expanded: 5013, Generated: 7083
[f=898.282] Expanded: 5014, Generated: 7084
[f=898.283] Expanded: 5015, Generated: 7085
[f=897.375] Expanded: 5017, Generated: 7087
[f=898.285] Expanded: 5018, Generated: 7088
[f=898.287] Expanded: 5018, Generated: 7089
[f=898.288] Expanded: 5019, Generated: 7090
[f=898.288] Expanded: 5019, Generated: 7091
[f=891.372] Expanded: 5021, Generated: 7093
[f=893.757] Expanded: 5022, Generated: 7094
[f=894.230] Expanded: 5022, Generated: 7095
[f=896.410] Expanded: 5023, Generated: 7096
[f=897.418] Expanded: 5024, Generated: 7097
[f=897.662] Expanded: 5025, Generated: 7098
[f=898.180] Expanded: 5026, Generated: 7099
[f=898.261] Expanded: 5027, Generated: 7100
[f=898.293] Expanded: 5027, Generated: 7101
[f=898.294] Expanded: 5027, Generated: 7102
[f=898.297] Expanded: 5027, Generated: 7103
[f=898.297] Expanded: 5027, Generated: 7104
[f=898.300] Expanded: 5027, Generated: 7105
[f=898.301] Expanded: 5028, Generated: 7106
[f=898.304] Expanded: 5029, Generated: 7107
[f=898.305] Expanded: 5030, Generated: 7108
[f=898.305] Expanded: 5030, Generated: 7109
[f=898.305] Expanded: 5030, Generated: 7110
[f=898.306] Expanded: 5030, Generated: 7111
[f=898.306] Expanded: 5030, Generated: 7112
[f=898.310] Expanded: 5031, Generated: 7113
[f=898.313] Expanded: 5031, Generated: 7114
[f=898.318] Expanded: 5031, Generated: 7115
[f=898.319] Expanded: 5031, Generated: 7116
[f=898.319] Expanded: 5032, Generated: 7117
[f=898.324] Expanded: 5033, Generated: 7118
[f=898.325] Expanded: 5034, Generated: 7119
[f=898.327] Expanded: 5035, Generated: 7120
[f=897.700] Expanded: 5036, Generated: 7122
[f=898.327] Expanded: 5036, Generated: 7123
[f=898.329] Expanded: 5037, Generated: 7124
[f=898.330] Expanded: 5038, Generated: 7125
[f=894.624] Expanded: 5040, Generated: 7127
[f=894.691] Expanded: 5042, Generated: 7129
[f=896.998] Expanded: 5043, Generated: 7130
[f=897.078] Expanded: 5044, Generated: 7131
[f=897.543] Expanded: 5045, Generated: 7132
[f=897.754] Expanded: 5046, Generated: 7133
[f=898.063] Expanded: 5046, Generated: 7134
[f=898.333] Expanded: 5047, Generated: 7135
[f=898.108] Expanded: 5048, Generated: 7137
[f=898.334] Expanded: 5048, Generated: 7139
[f=895.530] Expanded: 5049, Generated: 7141
[f=897.479] Expanded: 5050, Generated: 7142
[f=898.335] Expanded: 5051, Generated: 7143
[f=895.488] Expanded: 5053, Generated: 7145
[f=898.336] Expanded: 5054, Generated: 7146
[f=891.744] Expanded: 5056, Generated: 7148
[f=891.953] Expanded: 5056, Generated: 7149
[f=895.202] Expanded: 5057, Generated: 7150
[f=890.475] Expanded: 5059, Generated: 7152
[f=891.751] Expanded: 5061, Generated: 7154
[f=892.411] Expanded: 5061, Generated: 7155
[f=892.925] Expanded: 5062, Generated: 7156
[f=893.678] Expanded: 5062, Generated: 7157
[f=894.192] Expanded: 5063, Generated: 7158
[f=895.887] Expanded: 5064, Generated: 7159
[f=896.651] Expanded: 5065, Generated: 7160
[f=896.833] Expanded: 5066, Generated: 7161
[f=897.090] Expanded: 5067, Generated: 7162
[f=897.103] Expanded: 5068, Generated: 7163
[f=897.141] Expanded: 5069, Generated: 7164
[f=897.454] Expanded: 5070, Generated: 7165
[f=897.493] Expanded: 5071, Generated: 7166
[f=897.955] Expanded: 5072, Generated: 7167
[f=897.968] Expanded: 5073, Generated: 7168
[f=897.990] Expanded: 5074, Generated: 7169
[f=898.184] Expanded: 5075, Generated: 7170
[f=898.209] Expanded: 5076, Generated: 7171
[f=898.339] Expanded: 5077, Generated: 7172
[f=898.340] Expanded: 5077, Generated: 7173
[f=898.341] Expanded: 5078, Generated: 7174
[f=898.343] Expanded: 5078, Generated: 7175
[f=898.344] Expanded: 5079, Generated: 7176
[f=898.346] Expanded: 5080, Generated: 7177
[f=898.347] Expanded: 5080, Generated: 7178
[f=898.348] Expanded: 5080, Generated: 7179
[f=898.349] Expanded: 5081, Generated: 7180
[f=898.351] Expanded: 5082, Generated: 7181
[f=895.615] Expanded: 5084, Generated: 7183
[f=896.408] Expanded: 5084, Generated: 7184
[f=897.059] Expanded: 5085, Generated: 7185
[f=898.353] Expanded: 5085, Generated: 7186
[f=898.353] Expanded: 5086, Generated: 7187
[f=898.354] Expanded: 5086, Generated: 7188
[f=898.359] Expanded: 5087, Generated: 7189
[f=898.362] Expanded: 5087, Generated: 7190
[f=898.363] Expanded: 5088, Generated: 7191
[f=898.363] Expanded: 5088, Generated: 7192
[f=898.363] Expanded: 5088, Generated: 7193
[f=898.364] Expanded: 5088, Generated: 7194
[f=898.374] Expanded: 5089, Generated: 7195
[f=898.374] Expanded: 5089, Generated: 7196
[f=898.374] Expanded: 5089, Generated: 7197
[f=898.376] Expanded: 5089, Generated: 7198
[f=898.377] Expanded: 5089, Generated: 7199
[f=898.378] Expanded: 5089, Generated: 7200
[f=898.382] Expanded: 5090, Generated: 7201
[f=898.382] Expanded: 5091, Generated: 7202
[f=898.386] Expanded: 5091, Generated: 7203
[f=898.386] Expanded: 5091, Generated: 7204
[f=898.386] Expanded: 5092, Generated: 7205
[f=898.386] Expanded: 5093, Generated: 7206
[f=898.387] Expanded: 5093, Generated: 7207
[f=898.387] Expanded: 5093, Generated: 7208
[f=898.388] Expanded: 5093, Generated: 7209
[f=898.388] Expanded: 5094, Generated: 7210
[f=898.391] Expanded: 5094, Generated: 7211
[f=898.241] Expanded: 5096, Generated: 7213
[f=898.391] Expanded: 5097, Generated: 7214
[f=898.393] Expanded: 5097, Generated: 7215
[f=898.394] Expanded: 5098, Generated: 7216
[f=886.441] Expanded: 5100, Generated: 7218
[f=886.503] Expanded: 5100, Generated: 7219
[f=889.878] Expanded: 5101, Generated: 7220
[f=885.192] Expanded: 5103, Generated: 7222
[f=886.684] Expanded: 5105, Generated: 7224
[f=887.130] Expanded: 5105, Generated: 7225
[f=887.778] Expanded: 5106, Generated: 7226
[f=888.617] Expanded: 5106, Generated: 7227
[f=889.268] Expanded: 5107, Generated: 7228
[f=890.739] Expanded: 5108, Generated: 7229
[f=891.221] Expanded: 5109, Generated: 7230
[f=892.152] Expanded: 5110, Generated: 7231
[f=892.163] Expanded: 5111, Generated: 7232
[f=892.356] Expanded: 5112, Generated: 7233
[f=892.372] Expanded: 5113, Generated: 7234
[f=892.399] Expanded: 5114, Generated: 7235
[f=892.673] Expanded: 5115, Generated: 7236
[f=892.749] Expanded: 5116, Generated: 7237
[f=892.834] Expanded: 5117, Generated: 7238
[f=893.008] Expanded: 5118, Generated: 7239
[f=893.449] Expanded: 5118, Generated: 7240
[f=893.551] Expanded: 5119, Generated: 7241
[f=893.633] Expanded: 5120, Generated: 7242
[f=893.718] Expanded: 5121, Generated: 7243
[f=893.836] Expanded: 5122, Generated: 7244
[f=893.841] Expanded: 5122, Generated: 7245
[f=893.980] Expanded: 5123, Generated: 7246
[f=894.007] Expanded: 5124, Generated: 7247
[f=894.098] Expanded: 5124, Generated: 7248
[f=894.104] Expanded: 5125, Generated: 7249
[f=894.221] Expanded: 5126, Generated: 7250
[f=894.529] Expanded: 5126, Generated: 7251
[f=894.667] Expanded: 5126, Generated: 7252
[f=894.672] Expanded: 5126, Generated: 7253
[f=894.680] Expanded: 5126, Generated: 7254
[f=894.711] Expanded: 5127, Generated: 7255
[f=894.729] Expanded: 5128, Generated: 7256
[f=894.804] Expanded: 5128, Generated: 7257
[f=894.822] Expanded: 5129, Generated: 7258
[f=894.894] Expanded: 5129, Generated: 7259
[f=890.489] Expanded: 5131, Generated: 7261
[f=889.614] Expanded: 5133, Generated: 7263
[f=891.431] Expanded: 5133, Generated: 7264
[f=892.037] Expanded: 5134, Generated: 7265
[f=892.342] Expanded: 5134, Generated: 7266
[f=892.954] Expanded: 5135, Generated: 7267
[f=894.905] Expanded: 5136, Generated: 7268
[f=894.981] Expanded: 5136, Generated: 7269
[f=895.096] Expanded: 5136, Generated: 7270
[f=895.143] Expanded: 5136, Generated: 7271
[f=895.220] Expanded: 5137, Generated: 7272
[f=895.277] Expanded: 5138, Generated: 7273
[f=895.283] Expanded: 5139, Generated: 7274
[f=893.695] Expanded: 5141, Generated: 7276
[f=894.122] Expanded: 5141, Generated: 7277
[f=895.656] Expanded: 5141, Generated: 7278
[f=895.770] Expanded: 5142, Generated: 7279
[f=895.801] Expanded: 5143, Generated: 7280
[f=895.839] Expanded: 5144, Generated: 7281
[f=895.926] Expanded: 5144, Generated: 7282
[f=896.000] Expanded: 5144, Generated: 7283
[f=896.082] Expanded: 5145, Generated: 7284
[f=896.168] Expanded: 5146, Generated: 7285
[f=896.223] Expanded: 5146, Generated: 7286
[f=896.230] Expanded: 5147, Generated: 7287
[f=896.350] Expanded: 5148, Generated: 7288
[f=896.388] Expanded: 5148, Generated: 7289
[f=888.996] Expanded: 5150, Generated: 7291
[f=890.811] Expanded: 5151, Generated: 7292
[f=892.486] Expanded: 5152, Generated: 7293
[f=888.022] Expanded: 5154, Generated: 7295
[f=889.390] Expanded: 5156, Generated: 7297
[f=890.423] Expanded: 5157, Generated: 7298
[f=891.797] Expanded: 5158, Generated: 7299
[f=893.502] Expanded: 5159, Generated: 7300
[f=893.857] Expanded: 5160, Generated: 7301
[f=894.677] Expanded: 5161, Generated: 7302
[f=894.793] Expanded: 5162, Generated: 7303
[f=894.794] Expanded: 5163, Generated: 7304
[f=894.815] Expanded: 5164, Generated: 7305
[f=894.816] Expanded: 5165, Generated: 7306
[f=895.359] Expanded: 5166, Generated: 7307
[f=895.722] Expanded: 5167, Generated: 7308
[f=895.836] Expanded: 5168, Generated: 7309
[f=896.120] Expanded: 5169, Generated: 7310
[f=896.193] Expanded: 5170, Generated: 7311
[f=896.210] Expanded: 5171, Generated: 7312
[f=896.401] Expanded: 5171, Generated: 7313
[f=896.572] Expanded: 5172, Generated: 7314
[f=896.573] Expanded: 5173, Generated: 7315
[f=896.586] Expanded: 5173, Generated: 7316
[f=896.639] Expanded: 5173, Generated: 7317
[f=896.653] Expanded: 5174, Generated: 7318
[f=896.662] Expanded: 5174, Generated: 7319
[f=896.688] Expanded: 5175, Generated: 7320
[f=896.689] Expanded: 5175, Generated: 7321
[f=896.696] Expanded: 5176, Generated: 7322
[f=896.699] Expanded: 5177, Generated: 7323
[f=896.706] Expanded: 5178, Generated: 7324
[f=896.764] Expanded: 5178, Generated: 7325
[f=896.778] Expanded: 5179, Generated: 7326
[f=896.790] Expanded: 5180, Generated: 7327
[f=896.882] Expanded: 5181, Generated: 7328
[f=896.947] Expanded: 5181, Generated: 7329
[f=896.976] Expanded: 5182, Generated: 7330
[f=897.034] Expanded: 5183, Generated: 7331
[f=897.062] Expanded: 5183, Generated: 7332
[f=897.096] Expanded: 5184, Generated: 7333
[f=897.104] Expanded: 5184, Generated: 7334
[f=897.141] Expanded: 5184, Generated: 7335
[f=897.157] Expanded: 5185, Generated: 7336
[f=896.086] Expanded: 5187, Generated: 7338
[f=896.167] Expanded: 5187, Generated: 7339
[f=897.227] Expanded: 5188, Generated: 7340
[f=897.262] Expanded: 5189, Generated: 7341
[f=895.450] Expanded: 5191, Generated: 7343
[f=897.250] Expanded: 5191, Generated: 7344
[f=897.344] Expanded: 5192, Generated: 7345
[f=897.142] Expanded: 5194, Generated: 7347
[f=897.384] Expanded: 5195, Generated: 7348
[f=897.395] Expanded: 5195, Generated: 7349
[f=897.399] Expanded: 5196, Generated: 7350
[f=897.424] Expanded: 5197, Generated: 7351
[f=897.479] Expanded: 5197, Generated: 7352
[f=897.372] Expanded: 5198, Generated: 7354
[f=897.425] Expanded: 5199, Generated: 7355
[f=897.525] Expanded: 5200, Generated: 7356
[f=893.651] Expanded: 5202, Generated: 7358
[f=892.925] Expanded: 5204, Generated: 7360
[f=895.221] Expanded: 5205, Generated: 7361
[f=895.974] Expanded: 5206, Generated: 7362
[f=897.594] Expanded: 5207, Generated: 7363
[f=897.632] Expanded: 5208, Generated: 7364
[f=897.695] Expanded: 5209, Generated: 7365
[f=897.723] Expanded: 5210, Generated: 7366
[f=894.589] Expanded: 5212, Generated: 7368
[f=896.131] Expanded: 5214, Generated: 7370
[f=896.524] Expanded: 5214, Generated: 7371
[f=897.136] Expanded: 5215, Generated: 7372
[f=897.790] Expanded: 5215, Generated: 7373
[f=897.829] Expanded: 5215, Generated: 7374
[f=897.859] Expanded: 5216, Generated: 7375
[f=897.936] Expanded: 5216, Generated: 7376
[f=897.965] Expanded: 5216, Generated: 7377
[f=897.971] Expanded: 5216, Generated: 7378
[f=897.972] Expanded: 5217, Generated: 7379
[f=897.977] Expanded: 5218, Generated: 7380
[f=896.300] Expanded: 5220, Generated: 7382
[f=898.056] Expanded: 5221, Generated: 7383
[f=898.060] Expanded: 5221, Generated: 7384
[f=890.096] Expanded: 5223, Generated: 7386
[f=892.028] Expanded: 5223, Generated: 7387
[f=892.675] Expanded: 5224, Generated: 7388
[f=895.603] Expanded: 5225, Generated: 7389
[f=896.271] Expanded: 5226, Generated: 7390
[f=897.194] Expanded: 5227, Generated: 7391
[f=897.268] Expanded: 5228, Generated: 7392
[f=897.702] Expanded: 5229, Generated: 7393
[f=898.121] Expanded: 5229, Generated: 7394
[f=890.444] Expanded: 5232, Generated: 7397
[f=892.852] Expanded: 5233, Generated: 7398
[f=895.008] Expanded: 5234, Generated: 7399
[f=895.395] Expanded: 5234, Generated: 7400
[f=895.835] Expanded: 5235, Generated: 7401
[f=896.534] Expanded: 5236, Generated: 7402
[f=896.820] Expanded: 5236, Generated: 7403
[f=897.290] Expanded: 5237, Generated: 7404
[f=897.414] Expanded: 5238, Generated: 7405
[f=897.426] Expanded: 5239, Generated: 7406
[f=897.911] Expanded: 5240, Generated: 7407
[f=898.152] Expanded: 5241, Generated: 7408
[f=898.159] Expanded: 5241, Generated: 7409
[f=898.177] Expanded: 5241, Generated: 7410
[f=898.208] Expanded: 5241, Generated: 7411
[f=898.210] Expanded: 5242, Generated: 7412
[f=898.402] Expanded: 5242, Generated: 7413
[f=898.405] Expanded: 5242, Generated: 7414
[f=898.405] Expanded: 5243, Generated: 7415
[f=898.407] Expanded: 5244, Generated: 7417
[f=898.410] Expanded: 5245, Generated: 7418
[f=898.412] Expanded: 5245, Generated: 7419
[f=897.220] Expanded: 5246, Generated: 7421
[f=897.756] Expanded: 5247, Generated: 7422
[f=898.417] Expanded: 5247, Generated: 7423
[f=898.417] Expanded: 5247, Generated: 7424
[f=898.418] Expanded: 5247, Generated: 7425
[f=894.063] Expanded: 5249, Generated: 7427
[f=894.320] Expanded: 5249, Generated: 7428
[f=894.913] Expanded: 5250, Generated: 7429
[f=896.250] Expanded: 5250, Generated: 7430
[f=897.490] Expanded: 5251, Generated: 7431
[f=898.421] Expanded: 5252, Generated: 7432
[f=898.422] Expanded: 5253, Generated: 7433
[f=898.422] Expanded: 5254, Generated: 7434
[f=898.423] Expanded: 5255, Generated: 7435
[f=898.424] Expanded: 5256, Generated: 7436
[f=898.425] Expanded: 5256, Generated: 7437
[f=898.426] Expanded: 5256, Generated: 7438
[f=898.427] Expanded: 5256, Generated: 7439
[f=889.634] Expanded: 5259, Generated: 7442
[f=889.672] Expanded: 5260, Generated: 7443
[f=891.896] Expanded: 5261, Generated: 7444
[f=893.838] Expanded: 5261, Generated: 7445
[f=894.121] Expanded: 5262, Generated: 7446
[f=894.372] Expanded: 5263, Generated: 7447
[f=890.650] Expanded: 5265, Generated: 7449
[f=890.688] Expanded: 5266, Generated: 7450
[f=892.488] Expanded: 5268, Generated: 7452
[f=892.546] Expanded: 5269, Generated: 7453
[f=893.601] Expanded: 5270, Generated: 7454
[f=894.807] Expanded: 5270, Generated: 7455
[f=894.857] Expanded: 5270, Generated: 7456
[f=895.003] Expanded: 5271, Generated: 7457
[f=895.008] Expanded: 5272, Generated: 7458
[f=895.431] Expanded: 5273, Generated: 7459
[f=895.509] Expanded: 5274, Generated: 7460
[f=895.864] Expanded: 5274, Generated: 7461
[f=896.221] Expanded: 5275, Generated: 7462
[f=896.505] Expanded: 5275, Generated: 7463
[f=896.678] Expanded: 5276, Generated: 7464
[f=896.692] Expanded: 5276, Generated: 7465
[f=896.719] Expanded: 5276, Generated: 7466
[f=896.966] Expanded: 5277, Generated: 7467
[f=897.122] Expanded: 5277, Generated: 7468
[f=897.177] Expanded: 5278, Generated: 7469
[f=897.389] Expanded: 5279, Generated: 7470
[f=897.451] Expanded: 5279, Generated: 7471
[f=897.526] Expanded: 5280, Generated: 7472
[f=897.529] Expanded: 5280, Generated: 7473
[f=897.603] Expanded: 5281, Generated: 7474
[f=897.746] Expanded: 5282, Generated: 7475
[f=897.746] Expanded: 5283, Generated: 7476
[f=897.830] Expanded: 5284, Generated: 7477
[f=897.965] Expanded: 5285, Generated: 7478
[f=897.971] Expanded: 5286, Generated: 7479
[f=897.988] Expanded: 5286, Generated: 7480
[f=898.354] Expanded: 5287, Generated: 7481
[f=898.392] Expanded: 5288, Generated: 7482
[f=898.428] Expanded: 5289, Generated: 7483
[f=898.430] Expanded: 5290, Generated: 7484
[f=898.431] Expanded: 5290, Generated: 7485
[f=898.431] Expanded: 5291, Generated: 7486
[f=894.250] Expanded: 5292, Generated: 7488
[f=896.870] Expanded: 5293, Generated: 7489
[f=897.448] Expanded: 5294, Generated: 7490
[f=898.432] Expanded: 5295, Generated: 7491
[f=898.432] Expanded: 5295, Generated: 7492
[f=898.434] Expanded: 5296, Generated: 7493
[f=898.434] Expanded: 5296, Generated: 7494
[f=898.435] Expanded: 5296, Generated: 7495
[f=898.437] Expanded: 5297, Generated: 7496
[f=898.437] Expanded: 5298, Generated: 7497
[f=898.439] Expanded: 5299, Generated: 7498
[f=898.439] Expanded: 5299, Generated: 7499
[f=898.443] Expanded: 5299, Generated: 7500
[f=893.007] Expanded: 5302, Generated: 7503
[f=895.183] Expanded: 5303, Generated: 7504
[f=895.379] Expanded: 5304, Generated: 7505
[f=897.610] Expanded: 5305, Generated: 7506
[f=898.123] Expanded: 5306, Generated: 7507
[f=895.233] Expanded: 5308, Generated: 7509
[f=898.446] Expanded: 5309, Generated: 7510
[f=898.447] Expanded: 5310, Generated: 7511
[f=898.449] Expanded: 5311, Generated: 7512
[f=898.451] Expanded: 5311, Generated: 7513
[f=898.451] Expanded: 5312, Generated: 7514
[f=898.454] Expanded: 5313, Generated: 7515
[f=898.454] Expanded: 5314, Generated: 7516
[f=898.456] Expanded: 5314, Generated: 7517
[f=898.457] Expanded: 5315, Generated: 7518
[f=884.882] Expanded: 5317, Generated: 7520
[f=885.140] Expanded: 5317, Generated: 7521
[f=887.178] Expanded: 5317, Generated: 7522
[f=888.339] Expanded: 5318, Generated: 7523
[f=891.312] Expanded: 5319, Generated: 7524
[f=885.574] Expanded: 5321, Generated: 7526
[f=885.831] Expanded: 5321, Generated: 7527
[f=887.039] Expanded: 5322, Generated: 7528
[f=887.970] Expanded: 5322, Generated: 7529
[f=889.034] Expanded: 5323, Generated: 7530
[f=889.617] Expanded: 5324, Generated: 7531
[f=889.893] Expanded: 5325, Generated: 7532
[f=890.148] Expanded: 5325, Generated: 7533
[f=891.354] Expanded: 5326, Generated: 7534
[f=891.548] Expanded: 5327, Generated: 7535
[f=891.591] Expanded: 5327, Generated: 7536
[f=891.806] Expanded: 5327, Generated: 7537
[f=892.233] Expanded: 5328, Generated: 7538
[f=892.394] Expanded: 5329, Generated: 7540
[f=892.853] Expanded: 5330, Generated: 7541
[f=892.864] Expanded: 5331, Generated: 7542
[f=891.346] Expanded: 5333, Generated: 7544
[f=891.718] Expanded: 5333, Generated: 7545
[f=892.810] Expanded: 5334, Generated: 7546
[f=893.056] Expanded: 5334, Generated: 7547
[f=893.078] Expanded: 5335, Generated: 7548
[f=893.115] Expanded: 5335, Generated: 7549
[f=893.200] Expanded: 5336, Generated: 7550
[f=893.342] Expanded: 5336, Generated: 7551
[f=893.458] Expanded: 5336, Generated: 7552
[f=893.534] Expanded: 5337, Generated: 7553
[f=886.733] Expanded: 5338, Generated: 7555
[f=889.115] Expanded: 5339, Generated: 7556
[f=889.866] Expanded: 5340, Generated: 7557
[f=891.528] Expanded: 5340, Generated: 7558
[f=892.256] Expanded: 5341, Generated: 7559
[f=887.557] Expanded: 5342, Generated: 7561
[f=888.352] Expanded: 5343, Generated: 7562
[f=889.763] Expanded: 5344, Generated: 7563
[f=890.621] Expanded: 5345, Generated: 7564
[f=890.684] Expanded: 5346, Generated: 7565
[f=891.918] Expanded: 5346, Generated: 7566
[f=892.471] Expanded: 5346, Generated: 7567
[f=892.709] Expanded: 5347, Generated: 7568
[f=893.300] Expanded: 5348, Generated: 7569
[f=893.326] Expanded: 5348, Generated: 7570
[f=893.752] Expanded: 5349, Generated: 7571
[f=892.962] Expanded: 5351, Generated: 7573
[f=893.220] Expanded: 5351, Generated: 7574
[f=893.833] Expanded: 5351, Generated: 7575
[f=886.574] Expanded: 5353, Generated: 7577
[f=888.063] Expanded: 5353, Generated: 7578
[f=889.125] Expanded: 5354, Generated: 7579
[f=890.715] Expanded: 5354, Generated: 7580
[f=892.336] Expanded: 5355, Generated: 7581
[f=887.388] Expanded: 5357, Generated: 7583
[f=888.133] Expanded: 5358, Generated: 7584
[f=888.974] Expanded: 5358, Generated: 7585
[f=889.850] Expanded: 5359, Generated: 7586
[f=890.622] Expanded: 5360, Generated: 7587
[f=891.522] Expanded: 5360, Generated: 7588
[f=891.578] Expanded: 5361, Generated: 7589
[f=892.317] Expanded: 5362, Generated: 7590
[f=892.495] Expanded: 5362, Generated: 7591
[f=893.208] Expanded: 5363, Generated: 7592
[f=893.369] Expanded: 5364, Generated: 7593
[f=893.456] Expanded: 5365, Generated: 7594
[f=892.024] Expanded: 5367, Generated: 7596
[f=893.948] Expanded: 5368, Generated: 7597
[f=894.139] Expanded: 5368, Generated: 7598
[f=894.150] Expanded: 5369, Generated: 7599
[f=894.151] Expanded: 5370, Generated: 7600
[f=894.155] Expanded: 5371, Generated: 7601
[f=894.244] Expanded: 5372, Generated: 7602
[f=894.298] Expanded: 5373, Generated: 7603
[f=894.342] Expanded: 5374, Generated: 7604
[f=894.385] Expanded: 5374, Generated: 7605
[f=894.389] Expanded: 5374, Generated: 7606
[f=894.465] Expanded: 5375, Generated: 7607
[f=894.499] Expanded: 5375, Generated: 7608
[f=894.457] Expanded: 5376, Generated: 7610
[f=894.555] Expanded: 5377, Generated: 7611
[f=894.568] Expanded: 5378, Generated: 7612
[f=894.588] Expanded: 5379, Generated: 7613
[f=894.607] Expanded: 5379, Generated: 7614
[f=894.612] Expanded: 5379, Generated: 7615
[f=894.621] Expanded: 5380, Generated: 7616
[f=894.668] Expanded: 5381, Generated: 7617
[f=894.669] Expanded: 5382, Generated: 7618
[f=894.670] Expanded: 5383, Generated: 7619
[f=894.674] Expanded: 5384, Generated: 7620
[f=894.688] Expanded: 5384, Generated: 7621
[f=894.697] Expanded: 5384, Generated: 7622
[f=894.730] Expanded: 5385, Generated: 7623
[f=894.733] Expanded: 5386, Generated: 7624
[f=894.802] Expanded: 5387, Generated: 7625
[f=894.810] Expanded: 5387, Generated: 7626
[f=894.817] Expanded: 5388, Generated: 7627
[f=894.820] Expanded: 5389, Generated: 7628
[f=894.886] Expanded: 5389, Generated: 7629
[f=894.968] Expanded: 5389, Generated: 7630
[f=894.991] Expanded: 5390, Generated: 7631
[f=895.013] Expanded: 5391, Generated: 7632
[f=895.041] Expanded: 5391, Generated: 7633
[f=895.041] Expanded: 5392, Generated: 7634
[f=895.042] Expanded: 5393, Generated: 7635
[f=895.074] Expanded: 5393, Generated: 7636
[f=895.096] Expanded: 5393, Generated: 7637
[f=895.099] Expanded: 5394, Generated: 7638
[f=895.155] Expanded: 5395, Generated: 7639
[f=895.186] Expanded: 5396, Generated: 7640
[f=895.214] Expanded: 5396, Generated: 7641
[f=895.216] Expanded: 5396, Generated: 7642
[f=895.252] Expanded: 5396, Generated: 7643
[f=895.253] Expanded: 5396, Generated: 7644
[f=895.366] Expanded: 5397, Generated: 7645
[f=895.374] Expanded: 5398, Generated: 7646
[f=895.396] Expanded: 5398, Generated: 7647
[f=895.413] Expanded: 5398, Generated: 7648
[f=895.490] Expanded: 5398, Generated: 7649
[f=895.517] Expanded: 5398, Generated: 7650
[f=895.538] Expanded: 5399, Generated: 7651
[f=895.568] Expanded: 5400, Generated: 7652
[f=895.580] Expanded: 5401, Generated: 7653
[f=895.584] Expanded: 5401, Generated: 7654
[f=895.616] Expanded: 5402, Generated: 7655
[f=895.646] Expanded: 5403, Generated: 7656
[f=895.696] Expanded: 5403, Generated: 7657
[f=895.701] Expanded: 5404, Generated: 7658
[f=895.709] Expanded: 5404, Generated: 7659
[f=895.723] Expanded: 5404, Generated: 7660
[f=893.389] Expanded: 5406, Generated: 7662
[f=894.773] Expanded: 5407, Generated: 7663
[f=895.717] Expanded: 5407, Generated: 7664
[f=895.077] Expanded: 5408, Generated: 7666
[f=895.778] Expanded: 5409, Generated: 7667
[f=895.796] Expanded: 5409, Generated: 7668
[f=895.818] Expanded: 5410, Generated: 7669
[f=895.837] Expanded: 5411, Generated: 7670
[f=895.871] Expanded: 5412, Generated: 7671
[f=895.894] Expanded: 5413, Generated: 7672
[f=895.904] Expanded: 5414, Generated: 7673
[f=893.547] Expanded: 5416, Generated: 7675
[f=895.792] Expanded: 5416, Generated: 7676
[f=895.949] Expanded: 5416, Generated: 7677
[f=895.972] Expanded: 5416, Generated: 7678
[f=895.185] Expanded: 5417, Generated: 7680
[f=896.007] Expanded: 5417, Generated: 7681
[f=896.023] Expanded: 5417, Generated: 7682
[f=896.069] Expanded: 5418, Generated: 7683
[f=896.127] Expanded: 5419, Generated: 7684
[f=896.212] Expanded: 5419, Generated: 7685
[f=896.215] Expanded: 5419, Generated: 7686
[f=896.233] Expanded: 5420, Generated: 7687
[f=896.242] Expanded: 5421, Generated: 7688
[f=896.243] Expanded: 5422, Generated: 7689
[f=896.273] Expanded: 5423, Generated: 7690
[f=896.286] Expanded: 5423, Generated: 7691
[f=896.307] Expanded: 5423, Generated: 7692
[f=896.314] Expanded: 5424, Generated: 7693
[f=896.377] Expanded: 5425, Generated: 7694
[f=896.396] Expanded: 5425, Generated: 7695
[f=896.442] Expanded: 5425, Generated: 7696
[f=896.453] Expanded: 5426, Generated: 7697
[f=896.462] Expanded: 5427, Generated: 7698
[f=896.463] Expanded: 5428, Generated: 7699
[f=896.470] Expanded: 5429, Generated: 7700
[f=896.481] Expanded: 5429, Generated: 7701
[f=896.517] Expanded: 5429, Generated: 7702
[f=896.529] Expanded: 5430, Generated: 7703
[f=896.589] Expanded: 5430, Generated: 7704
[f=896.605] Expanded: 5430, Generated: 7705
[f=896.616] Expanded: 5431, Generated: 7706
[f=896.618] Expanded: 5431, Generated: 7707
[f=896.623] Expanded: 5432, Generated: 7708
[f=896.633] Expanded: 5432, Generated: 7709
[f=896.634] Expanded: 5433, Generated: 7710
[f=896.651] Expanded: 5434, Generated: 7711
[f=896.687] Expanded: 5435, Generated: 7712
[f=896.734] Expanded: 5436, Generated: 7713
[f=891.370] Expanded: 5438, Generated: 7715
[f=893.779] Expanded: 5438, Generated: 7716
[f=894.916] Expanded: 5439, Generated: 7717
[f=894.917] Expanded: 5439, Generated: 7718
[f=896.760] Expanded: 5440, Generated: 7719
[f=896.798] Expanded: 5440, Generated: 7720
[f=896.534] Expanded: 5442, Generated: 7722
[f=896.851] Expanded: 5442, Generated: 7723
[f=896.875] Expanded: 5443, Generated: 7724
[f=896.883] Expanded: 5444, Generated: 7725
[f=896.895] Expanded: 5445, Generated: 7726
[f=896.901] Expanded: 5445, Generated: 7727
[f=896.913] Expanded: 5445, Generated: 7728
[f=896.921] Expanded: 5446, Generated: 7729
[f=896.924] Expanded: 5446, Generated: 7730
[f=891.360] Expanded: 5447, Generated: 7732
[f=892.746] Expanded: 5448, Generated: 7733
[f=895.654] Expanded: 5449, Generated: 7734
[f=890.222] Expanded: 5451, Generated: 7736
[f=891.159] Expanded: 5451, Generated: 7737
[f=891.820] Expanded: 5453, Generated: 7739
[f=892.066] Expanded: 5453, Generated: 7740
[f=892.955] Expanded: 5454, Generated: 7741
[f=894.581] Expanded: 5455, Generated: 7742
[f=895.579] Expanded: 5456, Generated: 7743
[f=895.906] Expanded: 5457, Generated: 7744
[f=896.686] Expanded: 5458, Generated: 7745
[f=895.596] Expanded: 5460, Generated: 7747
[f=897.000] Expanded: 5461, Generated: 7748
[f=897.026] Expanded: 5461, Generated: 7749
[f=897.028] Expanded: 5462, Generated: 7750
[f=897.031] Expanded: 5463, Generated: 7751
[f=897.070] Expanded: 5463, Generated: 7752
[f=897.076] Expanded: 5464, Generated: 7753
[f=897.086] Expanded: 5464, Generated: 7754
[f=897.132] Expanded: 5465, Generated: 7755
[f=897.144] Expanded: 5466, Generated: 7756
[f=897.198] Expanded: 5467, Generated: 7757
[f=897.246] Expanded: 5467, Generated: 7758
[f=897.251] Expanded: 5468, Generated: 7759
[f=897.254] Expanded: 5469, Generated: 7760
[f=897.268] Expanded: 5469, Generated: 7761
[f=897.268] Expanded: 5470, Generated: 7762
[f=897.269] Expanded: 5470, Generated: 7763
[f=897.270] Expanded: 5470, Generated: 7764
[f=897.278] Expanded: 5471, Generated: 7765
[f=897.285] Expanded: 5472, Generated: 7766
[f=891.804] Expanded: 5474, Generated: 7768
[f=893.374] Expanded: 5475, Generated: 7769
[f=894.310] Expanded: 5475, Generated: 7770
[f=895.346] Expanded: 5475, Generated: 7771
[f=895.379] Expanded: 5476, Generated: 7772
[f=895.927] Expanded: 5477, Generated: 7773
[f=896.042] Expanded: 5478, Generated: 7774
[f=897.286] Expanded: 5479, Generated: 7775
[f=897.316] Expanded: 5479, Generated: 7776
[f=895.991] Expanded: 5481, Generated: 7778
[f=896.247] Expanded: 5481, Generated: 7779
[f=897.347] Expanded: 5481, Generated: 7780
[f=897.358] Expanded: 5481, Generated: 7781
[f=897.393] Expanded: 5482, Generated: 7782
[f=897.426] Expanded: 5483, Generated: 7783
[f=895.626] Expanded: 5485, Generated: 7785
[f=895.837] Expanded: 5486, Generated: 7786
[f=896.051] Expanded: 5486, Generated: 7787
[f=897.488] Expanded: 5486, Generated: 7788
[f=897.510] Expanded: 5487, Generated: 7789
[f=897.515] Expanded: 5488, Generated: 7790
[f=897.530] Expanded: 5488, Generated: 7791
[f=897.551] Expanded: 5489, Generated: 7792
[f=897.572] Expanded: 5490, Generated: 7793
[f=891.585] Expanded: 5492, Generated: 7795
[f=893.010] Expanded: 5493, Generated: 7796
[f=893.268] Expanded: 5494, Generated: 7797
[f=894.023] Expanded: 5495, Generated: 7798
[f=895.704] Expanded: 5495, Generated: 7799
[f=895.728] Expanded: 5496, Generated: 7800
[f=896.534] Expanded: 5496, Generated: 7801
[f=896.683] Expanded: 5497, Generated: 7802
[f=897.586] Expanded: 5497, Generated: 7803
[f=897.600] Expanded: 5497, Generated: 7804
[f=897.610] Expanded: 5498, Generated: 7805
[f=897.626] Expanded: 5499, Generated: 7806
[f=897.633] Expanded: 5500, Generated: 7807
[f=897.654] Expanded: 5501, Generated: 7808
[f=897.657] Expanded: 5501, Generated: 7809
[f=897.661] Expanded: 5501, Generated: 7810
[f=897.694] Expanded: 5502, Generated: 7811
[f=897.694] Expanded: 5502, Generated: 7812
[f=897.696] Expanded: 5502, Generated: 7813
[f=897.709] Expanded: 5503, Generated: 7814
[f=897.735] Expanded: 5504, Generated: 7815
[f=897.737] Expanded: 5504, Generated: 7816
[f=897.744] Expanded: 5505, Generated: 7817
[f=891.800] Expanded: 5507, Generated: 7819
[f=892.647] Expanded: 5507, Generated: 7820
[f=893.232] Expanded: 5509, Generated: 7822
[f=893.416] Expanded: 5509, Generated: 7823
[f=894.454] Expanded: 5510, Generated: 7824
[f=895.912] Expanded: 5511, Generated: 7825
[f=897.192] Expanded: 5512, Generated: 7826
[f=897.247] Expanded: 5513, Generated: 7827
[f=897.769] Expanded: 5513, Generated: 7828
[f=897.789] Expanded: 5513, Generated: 7829
[f=897.797] Expanded: 5514, Generated: 7830
[f=897.801] Expanded: 5514, Generated: 7831
[f=897.808] Expanded: 5514, Generated: 7832
[f=897.813] Expanded: 5515, Generated: 7833
[f=897.818] Expanded: 5515, Generated: 7834
[f=897.823] Expanded: 5515, Generated: 7835
[f=897.825] Expanded: 5515, Generated: 7836
[f=897.826] Expanded: 5516, Generated: 7837
[f=897.834] Expanded: 5516, Generated: 7838
[f=897.853] Expanded: 5516, Generated: 7839
[f=897.865] Expanded: 5516, Generated: 7840
[f=897.868] Expanded: 5517, Generated: 7841
[f=897.868] Expanded: 5517, Generated: 7842
[f=897.868] Expanded: 5518, Generated: 7843
[f=897.871] Expanded: 5519, Generated: 7844
[f=897.881] Expanded: 5520, Generated: 7845
[f=893.531] Expanded: 5522, Generated: 7847
[f=895.683] Expanded: 5522, Generated: 7848
[f=896.568] Expanded: 5523, Generated: 7849
[f=896.665] Expanded: 5523, Generated: 7850
[f=897.889] Expanded: 5523, Generated: 7851
[f=897.896] Expanded: 5524, Generated: 7852
[f=897.903] Expanded: 5524, Generated: 7853
[f=897.904] Expanded: 5525, Generated: 7854
[f=897.911] Expanded: 5526, Generated: 7855
[f=897.924] Expanded: 5526, Generated: 7856
[f=897.933] Expanded: 5527, Generated: 7857
[f=897.933] Expanded: 5528, Generated: 7858
[f=897.954] Expanded: 5528, Generated: 7859
[f=897.961] Expanded: 5529, Generated: 7860
[f=897.964] Expanded: 5530, Generated: 7861
[f=897.970] Expanded: 5531, Generated: 7862
[f=898.001] Expanded: 5532, Generated: 7863
[f=898.004] Expanded: 5533, Generated: 7864
[f=898.014] Expanded: 5534, Generated: 7865
[f=898.020] Expanded: 5535, Generated: 7866
[f=897.653] Expanded: 5537, Generated: 7868
[f=898.027] Expanded: 5538, Generated: 7869
[f=898.064] Expanded: 5538, Generated: 7870
[f=898.065] Expanded: 5538, Generated: 7871
[f=892.642] Expanded: 5539, Generated: 7873
[f=893.952] Expanded: 5540, Generated: 7874
[f=897.126] Expanded: 5541, Generated: 7875
[f=897.161] Expanded: 5541, Generated: 7876
[f=898.083] Expanded: 5542, Generated: 7877
[f=898.097] Expanded: 5543, Generated: 7878
[f=895.037] Expanded: 5545, Generated: 7880
[f=896.396] Expanded: 5546, Generated: 7881
[f=896.475] Expanded: 5547, Generated: 7882
[f=896.107] Expanded: 5549, Generated: 7884
[f=897.286] Expanded: 5550, Generated: 7885
[f=897.546] Expanded: 5551, Generated: 7886
[f=898.111] Expanded: 5552, Generated: 7887
[f=898.121] Expanded: 5553, Generated: 7888
[f=898.122] Expanded: 5553, Generated: 7889
[f=898.128] Expanded: 5554, Generated: 7890
[f=898.130] Expanded: 5555, Generated: 7891
[f=898.134] Expanded: 5555, Generated: 7892
[f=898.187] Expanded: 5556, Generated: 7893
[f=898.205] Expanded: 5557, Generated: 7894
[f=898.219] Expanded: 5557, Generated: 7895
[f=898.258] Expanded: 5557, Generated: 7896
[f=898.269] Expanded: 5557, Generated: 7897
[f=898.269] Expanded: 5557, Generated: 7898
[f=898.276] Expanded: 5557, Generated: 7899
[f=897.611] Expanded: 5559, Generated: 7901
[f=898.290] Expanded: 5559, Generated: 7902
[f=898.308] Expanded: 5560, Generated: 7903
[f=898.314] Expanded: 5560, Generated: 7904
[f=898.319] Expanded: 5560, Generated: 7905
[f=896.645] Expanded: 5562, Generated: 7907
[f=898.329] Expanded: 5563, Generated: 7908
[f=898.353] Expanded: 5563, Generated: 7909
[f=898.356] Expanded: 5563, Generated: 7910
[f=898.360] Expanded: 5564, Generated: 7911
[f=898.366] Expanded: 5564, Generated: 7912
[f=898.370] Expanded: 5565, Generated: 7913
[f=898.398] Expanded: 5565, Generated: 7914
[f=898.405] Expanded: 5565, Generated: 7915
[f=898.408] Expanded: 5566, Generated: 7916
[f=898.422] Expanded: 5567, Generated: 7917
[f=898.440] Expanded: 5567, Generated: 7918
[f=898.458] Expanded: 5568, Generated: 7919
[f=898.459] Expanded: 5568, Generated: 7920
[f=894.805] Expanded: 5569, Generated: 7922
[f=894.858] Expanded: 5570, Generated: 7923
[f=898.462] Expanded: 5570, Generated: 7924
[f=898.462] Expanded: 5571, Generated: 7925
[f=898.465] Expanded: 5571, Generated: 7926
[f=898.465] Expanded: 5571, Generated: 7927
[f=898.466] Expanded: 5571, Generated: 7928
[f=898.471] Expanded: 5572, Generated: 7929
[f=898.471] Expanded: 5572, Generated: 7930
[f=898.472] Expanded: 5573, Generated: 7931
[f=893.457] Expanded: 5575, Generated: 7933
[f=893.863] Expanded: 5575, Generated: 7934
[f=896.486] Expanded: 5576, Generated: 7935
[f=891.994] Expanded: 5578, Generated: 7937
[f=893.305] Expanded: 5580, Generated: 7939
[f=894.512] Expanded: 5580, Generated: 7940
[f=894.814] Expanded: 5581, Generated: 7941
[f=895.816] Expanded: 5581, Generated: 7942
[f=896.115] Expanded: 5582, Generated: 7943
[f=897.385] Expanded: 5583, Generated: 7944
[f=897.983] Expanded: 5584, Generated: 7945
[f=898.108] Expanded: 5585, Generated: 7946
[f=898.479] Expanded: 5585, Generated: 7947
[f=898.479] Expanded: 5586, Generated: 7948
[f=898.480] Expanded: 5586, Generated: 7949
[f=898.480] Expanded: 5586, Generated: 7950
[f=898.481] Expanded: 5587, Generated: 7952
[f=898.481] Expanded: 5588, Generated: 7953
[f=898.482] Expanded: 5589, Generated: 7954
[f=898.482] Expanded: 5590, Generated: 7955
[f=898.483] Expanded: 5591, Generated: 7956
[f=898.486] Expanded: 5592, Generated: 7957
[f=896.043] Expanded: 5594, Generated: 7959
[f=893.750] Expanded: 5596, Generated: 7961
[f=894.859] Expanded: 5597, Generated: 7962
[f=894.985] Expanded: 5597, Generated: 7963
[f=895.947] Expanded: 5598, Generated: 7964
[f=896.470] Expanded: 5598, Generated: 7965
[f=898.489] Expanded: 5599, Generated: 7966
[f=898.490] Expanded: 5599, Generated: 7967
[f=898.491] Expanded: 5600, Generated: 7968
[f=898.492] Expanded: 5601, Generated: 7969
[f=898.492] Expanded: 5601, Generated: 7970
[f=898.492] Expanded: 5602, Generated: 7971
[f=898.442] Expanded: 5604, Generated: 7973
[f=898.493] Expanded: 5604, Generated: 7974
[f=898.494] Expanded: 5605, Generated: 7975
[f=898.495] Expanded: 5606, Generated: 7976
[f=898.499] Expanded: 5606, Generated: 7977
[f=898.500] Expanded: 5606, Generated: 7978
[f=898.501] Expanded: 5607, Generated: 7979
[f=898.507] Expanded: 5608, Generated: 7980
[f=898.508] Expanded: 5608, Generated: 7981
[f=898.513] Expanded: 5609, Generated: 7983
[f=898.514] Expanded: 5610, Generated: 7984
[f=898.514] Expanded: 5610, Generated: 7985
[f=898.515] Expanded: 5611, Generated: 7986
[f=898.516] Expanded: 5611, Generated: 7987
[f=898.517] Expanded: 5612, Generated: 7988
[f=898.518] Expanded: 5613, Generated: 7989
[f=898.521] Expanded: 5613, Generated: 7990
[f=898.522] Expanded: 5613, Generated: 7991
[f=898.523] Expanded: 5614, Generated: 7992
[f=898.525] Expanded: 5615, Generated: 7993
[f=898.525] Expanded: 5615, Generated: 7994
[f=898.528] Expanded: 5616, Generated: 7995
[f=898.528] Expanded: 5617, Generated: 7996
[f=898.529] Expanded: 5617, Generated: 7997
[f=898.530] Expanded: 5617, Generated: 7998
[f=898.531] Expanded: 5618, Generated: 8000
[f=898.531] Expanded: 5618, Generated: 8001
[f=898.531] Expanded: 5618, Generated: 8002
[f=898.531] Expanded: 5619, Generated: 8003
[f=898.532] Expanded: 5619, Generated: 8004
[f=898.533] Expanded: 5620, Generated: 8005
[f=893.137] Expanded: 5621, Generated: 8007
[f=894.022] Expanded: 5622, Generated: 8008
[f=892.314] Expanded: 5623, Generated: 8010
[f=893.243] Expanded: 5624, Generated: 8011
[f=895.258] Expanded: 5625, Generated: 8012
[f=895.523] Expanded: 5626, Generated: 8013
[f=896.086] Expanded: 5627, Generated: 8014
[f=896.335] Expanded: 5628, Generated: 8015
[f=897.791] Expanded: 5629, Generated: 8016
[f=898.435] Expanded: 5629, Generated: 8017
[f=898.538] Expanded: 5630, Generated: 8018
[f=898.539] Expanded: 5630, Generated: 8019
[f=898.542] Expanded: 5631, Generated: 8020
[f=898.542] Expanded: 5631, Generated: 8021
[f=898.543] Expanded: 5631, Generated: 8022
[f=892.727] Expanded: 5632, Generated: 8024
[f=893.096] Expanded: 5633, Generated: 8025
[f=893.045] Expanded: 5635, Generated: 8027
[f=894.206] Expanded: 5635, Generated: 8028
[f=894.318] Expanded: 5636, Generated: 8029
[f=896.456] Expanded: 5637, Generated: 8030
[f=896.813] Expanded: 5638, Generated: 8031
[f=896.908] Expanded: 5638, Generated: 8032
[f=897.271] Expanded: 5638, Generated: 8033
[f=897.993] Expanded: 5639, Generated: 8034
[f=895.734] Expanded: 5641, Generated: 8036
[f=898.030] Expanded: 5641, Generated: 8037
[f=898.268] Expanded: 5642, Generated: 8038
[f=898.551] Expanded: 5643, Generated: 8039
[f=898.553] Expanded: 5643, Generated: 8041
[f=898.553] Expanded: 5644, Generated: 8042
[f=898.557] Expanded: 5644, Generated: 8043
[f=898.557] Expanded: 5645, Generated: 8044
[f=898.558] Expanded: 5646, Generated: 8045
[f=898.559] Expanded: 5647, Generated: 8046
[f=898.560] Expanded: 5647, Generated: 8047
[f=898.561] Expanded: 5648, Generated: 8048
[f=898.010] Expanded: 5650, Generated: 8050
[f=898.563] Expanded: 5650, Generated: 8051
[f=898.563] Expanded: 5651, Generated: 8052
[f=898.564] Expanded: 5651, Generated: 8053
[f=898.564] Expanded: 5652, Generated: 8054
[f=890.736] Expanded: 5654, Generated: 8056
[f=892.951] Expanded: 5655, Generated: 8057
[f=895.535] Expanded: 5656, Generated: 8058
[f=896.871] Expanded: 5657, Generated: 8059
[f=897.166] Expanded: 5658, Generated: 8060
[f=897.607] Expanded: 5659, Generated: 8061
[f=897.951] Expanded: 5659, Generated: 8062
[f=898.078] Expanded: 5660, Generated: 8063
[f=891.539] Expanded: 5663, Generated: 8066
[f=893.575] Expanded: 5664, Generated: 8067
[f=896.065] Expanded: 5665, Generated: 8068
[f=896.249] Expanded: 5666, Generated: 8069
[f=897.535] Expanded: 5667, Generated: 8070
[f=897.760] Expanded: 5668, Generated: 8071
[f=898.117] Expanded: 5669, Generated: 8072
[f=898.162] Expanded: 5670, Generated: 8073
[f=898.565] Expanded: 5671, Generated: 8074
[f=898.566] Expanded: 5671, Generated: 8076
[f=898.568] Expanded: 5672, Generated: 8077
[f=898.569] Expanded: 5673, Generated: 8078
[f=898.570] Expanded: 5673, Generated: 8079
[f=890.667] Expanded: 5675, Generated: 8081
[f=890.975] Expanded: 5675, Generated: 8082
[f=894.144] Expanded: 5676, Generated: 8083
[f=889.433] Expanded: 5678, Generated: 8085
[f=890.731] Expanded: 5680, Generated: 8087
[f=891.463] Expanded: 5680, Generated: 8088
[f=891.857] Expanded: 5681, Generated: 8089
[f=892.750] Expanded: 5681, Generated: 8090
[f=893.146] Expanded: 5682, Generated: 8091
[f=894.853] Expanded: 5683, Generated: 8092
[f=895.588] Expanded: 5684, Generated: 8093
[f=896.078] Expanded: 5685, Generated: 8094
[f=896.149] Expanded: 5686, Generated: 8095
[f=896.393] Expanded: 5687, Generated: 8096
[f=896.525] Expanded: 5688, Generated: 8097
[f=896.589] Expanded: 5689, Generated: 8098
[f=896.806] Expanded: 5690, Generated: 8099
[f=896.907] Expanded: 5691, Generated: 8100
[f=896.929] Expanded: 5692, Generated: 8101
[f=896.947] Expanded: 5693, Generated: 8102
[f=897.524] Expanded: 5694, Generated: 8103
[f=897.708] Expanded: 5694, Generated: 8104
[f=897.755] Expanded: 5695, Generated: 8105
[f=897.773] Expanded: 5696, Generated: 8106
[f=897.788] Expanded: 5696, Generated: 8107
[f=897.809] Expanded: 5697, Generated: 8108
[f=897.889] Expanded: 5698, Generated: 8109
[f=898.176] Expanded: 5699, Generated: 8110
[f=898.340] Expanded: 5700, Generated: 8111
[f=898.370] Expanded: 5701, Generated: 8112
[f=898.545] Expanded: 5701, Generated: 8113
[f=898.574] Expanded: 5702, Generated: 8114
[f=897.519] Expanded: 5704, Generated: 8116
[f=898.575] Expanded: 5704, Generated: 8117
[f=898.579] Expanded: 5705, Generated: 8118
[f=898.580] Expanded: 5706, Generated: 8119
[f=898.584] Expanded: 5706, Generated: 8120
[f=898.585] Expanded: 5707, Generated: 8121
[f=890.914] Expanded: 5709, Generated: 8123
[f=892.981] Expanded: 5711, Generated: 8125
[f=891.415] Expanded: 5713, Generated: 8127
[f=892.067] Expanded: 5714, Generated: 8128
[f=893.456] Expanded: 5715, Generated: 8129
[f=893.409] Expanded: 5717, Generated: 8131
[f=893.850] Expanded: 5718, Generated: 8132
[f=894.101] Expanded: 5719, Generated: 8133
[f=894.791] Expanded: 5720, Generated: 8134
[f=895.081] Expanded: 5720, Generated: 8135
[f=895.399] Expanded: 5721, Generated: 8136
[f=895.728] Expanded: 5721, Generated: 8137
[f=895.743] Expanded: 5722, Generated: 8138
[f=896.103] Expanded: 5723, Generated: 8139
[f=896.198] Expanded: 5724, Generated: 8140
[f=896.232] Expanded: 5725, Generated: 8141
[f=896.524] Expanded: 5726, Generated: 8142
[f=897.078] Expanded: 5727, Generated: 8143
[f=897.644] Expanded: 5728, Generated: 8144
[f=897.701] Expanded: 5729, Generated: 8145
[f=897.762] Expanded: 5730, Generated: 8146
[f=898.233] Expanded: 5731, Generated: 8147
[f=898.317] Expanded: 5732, Generated: 8148
[f=898.415] Expanded: 5733, Generated: 8149
[f=898.425] Expanded: 5733, Generated: 8150
[f=898.579] Expanded: 5733, Generated: 8151
[f=898.587] Expanded: 5733, Generated: 8152
[f=898.588] Expanded: 5733, Generated: 8153
[f=898.588] Expanded: 5734, Generated: 8154
[f=898.588] Expanded: 5735, Generated: 8155
[f=896.194] Expanded: 5737, Generated: 8157
[f=898.589] Expanded: 5737, Generated: 8158
[f=898.589] Expanded: 5737, Generated: 8159
[f=898.590] Expanded: 5738, Generated: 8160
[f=898.593] Expanded: 5739, Generated: 8161
[f=888.278] Expanded: 5740, Generated: 8163
[f=888.698] Expanded: 5741, Generated: 8164
[f=892.062] Expanded: 5742, Generated: 8165
[f=887.819] Expanded: 5744, Generated: 8167
[f=888.825] Expanded: 5744, Generated: 8168
[f=889.491] Expanded: 5745, Generated: 8169
[f=890.254] Expanded: 5746, Generated: 8170
[f=890.260] Expanded: 5747, Generated: 8171
[f=892.368] Expanded: 5747, Generated: 8172
[f=892.700] Expanded: 5748, Generated: 8173
[f=893.154] Expanded: 5749, Generated: 8174
[f=893.584] Expanded: 5750, Generated: 8175
[f=894.508] Expanded: 5751, Generated: 8176
[f=894.557] Expanded: 5752, Generated: 8177
[f=894.676] Expanded: 5753, Generated: 8178
[f=895.160] Expanded: 5754, Generated: 8179
[f=895.247] Expanded: 5755, Generated: 8180
[f=895.340] Expanded: 5756, Generated: 8181
[f=895.441] Expanded: 5757, Generated: 8182
[f=895.787] Expanded: 5757, Generated: 8183
[f=896.162] Expanded: 5757, Generated: 8184
[f=896.172] Expanded: 5757, Generated: 8185
[f=896.184] Expanded: 5758, Generated: 8186
[f=896.199] Expanded: 5759, Generated: 8187
[f=896.212] Expanded: 5759, Generated: 8188
[f=896.370] Expanded: 5760, Generated: 8189
[f=896.388] Expanded: 5760, Generated: 8190
[f=896.445] Expanded: 5761, Generated: 8191
[f=896.524] Expanded: 5761, Generated: 8192
[f=896.559] Expanded: 5761, Generated: 8193
[f=896.565] Expanded: 5761, Generated: 8194
[f=896.568] Expanded: 5762, Generated: 8195
[f=896.584] Expanded: 5763, Generated: 8196
[f=896.785] Expanded: 5763, Generated: 8197
[f=896.902] Expanded: 5764, Generated: 8198
[f=896.938] Expanded: 5764, Generated: 8199
[f=897.018] Expanded: 5765, Generated: 8200
[f=897.071] Expanded: 5766, Generated: 8201
[f=897.221] Expanded: 5767, Generated: 8202
[f=897.304] Expanded: 5768, Generated: 8203
[f=897.339] Expanded: 5769, Generated: 8204
[f=897.365] Expanded: 5769, Generated: 8205
[f=897.555] Expanded: 5770, Generated: 8206
[f=897.639] Expanded: 5771, Generated: 8207
[f=897.652] Expanded: 5771, Generated: 8208
[f=897.665] Expanded: 5772, Generated: 8209
[f=897.790] Expanded: 5773, Generated: 8210
[f=897.858] Expanded: 5774, Generated: 8211
[f=896.303] Expanded: 5776, Generated: 8213
[f=897.362] Expanded: 5776, Generated: 8214
[f=898.500] Expanded: 5776, Generated: 8215
[f=893.053] Expanded: 5778, Generated: 8217
[f=891.694] Expanded: 5780, Generated: 8219
[f=893.493] Expanded: 5780, Generated: 8220
[f=893.950] Expanded: 5781, Generated: 8221
[f=894.225] Expanded: 5781, Generated: 8222
[f=895.353] Expanded: 5782, Generated: 8223
[f=896.698] Expanded: 5783, Generated: 8224
[f=897.716] Expanded: 5784, Generated: 8225
[f=898.114] Expanded: 5785, Generated: 8226
[f=898.250] Expanded: 5786, Generated: 8227
[f=898.466] Expanded: 5787, Generated: 8228
[f=893.066] Expanded: 5788, Generated: 8230
[f=895.586] Expanded: 5789, Generated: 8231
[f=898.595] Expanded: 5790, Generated: 8232
[f=898.596] Expanded: 5791, Generated: 8233
[f=898.596] Expanded: 5791, Generated: 8234
[f=898.597] Expanded: 5792, Generated: 8235
[f=898.597] Expanded: 5793, Generated: 8236
[f=898.597] Expanded: 5794, Generated: 8237
[f=898.600] Expanded: 5794, Generated: 8238
[f=898.600] Expanded: 5794, Generated: 8239
[f=898.602] Expanded: 5795, Generated: 8240
[f=898.602] Expanded: 5795, Generated: 8241
[f=898.602] Expanded: 5795, Generated: 8242
[f=898.602] Expanded: 5796, Generated: 8243
[f=898.603] Expanded: 5796, Generated: 8244
[f=898.603] Expanded: 5796, Generated: 8245
[f=898.604] Expanded: 5796, Generated: 8246
[f=898.605] Expanded: 5797, Generated: 8247
[f=898.606] Expanded: 5797, Generated: 8248
[f=898.607] Expanded: 5797, Generated: 8249
[f=898.608] Expanded: 5797, Generated: 8250
[f=898.609] Expanded: 5798, Generated: 8251
[f=898.613] Expanded: 5799, Generated: 8252
[f=898.613] Expanded: 5799, Generated: 8253
[f=898.614] Expanded: 5799, Generated: 8254
[f=898.614] Expanded: 5800, Generated: 8255
[f=898.615] Expanded: 5801, Generated: 8256
[f=898.615] Expanded: 5801, Generated: 8257
[f=898.616] Expanded: 5801, Generated: 8258
[f=898.617] Expanded: 5802, Generated: 8259
[f=898.618] Expanded: 5802, Generated: 8260
[f=898.618] Expanded: 5802, Generated: 8261
[f=898.619] Expanded: 5802, Generated: 8262
[f=898.620] Expanded: 5803, Generated: 8263
[f=898.621] Expanded: 5803, Generated: 8264
[f=898.621] Expanded: 5804, Generated: 8265
[f=898.621] Expanded: 5804, Generated: 8266
[f=898.623] Expanded: 5804, Generated: 8267
[f=898.623] Expanded: 5805, Generated: 8268
[f=898.624] Expanded: 5806, Generated: 8269
[f=895.020] Expanded: 5808, Generated: 8271
[f=895.075] Expanded: 5809, Generated: 8272
[f=897.458] Expanded: 5810, Generated: 8273
[f=898.463] Expanded: 5811, Generated: 8275
[f=898.588] Expanded: 5812, Generated: 8276
[f=898.626] Expanded: 5813, Generated: 8277
[f=898.626] Expanded: 5813, Generated: 8278
[f=898.629] Expanded: 5814, Generated: 8279
[f=898.633] Expanded: 5815, Generated: 8280
[f=898.633] Expanded: 5816, Generated: 8281
[f=898.635] Expanded: 5817, Generated: 8282
[f=898.635] Expanded: 5817, Generated: 8283
[f=898.636] Expanded: 5818, Generated: 8284
[f=898.636] Expanded: 5818, Generated: 8285
[f=898.637] Expanded: 5819, Generated: 8286
[f=898.637] Expanded: 5820, Generated: 8287
[f=889.168] Expanded: 5822, Generated: 8290
[f=890.529] Expanded: 5823, Generated: 8291
[f=891.954] Expanded: 5824, Generated: 8292
[f=892.924] Expanded: 5825, Generated: 8293
[f=892.938] Expanded: 5826, Generated: 8294
[f=893.178] Expanded: 5826, Generated: 8295
[f=893.504] Expanded: 5826, Generated: 8296
[f=894.472] Expanded: 5827, Generated: 8297
[f=895.311] Expanded: 5827, Generated: 8298
[f=895.536] Expanded: 5828, Generated: 8299
[f=895.618] Expanded: 5828, Generated: 8300
[f=896.459] Expanded: 5828, Generated: 8301
[f=896.482] Expanded: 5829, Generated: 8302
[f=896.911] Expanded: 5830, Generated: 8303
[f=896.943] Expanded: 5831, Generated: 8304
[f=897.220] Expanded: 5832, Generated: 8305
[f=897.585] Expanded: 5832, Generated: 8306
[f=897.642] Expanded: 5833, Generated: 8307
[f=897.853] Expanded: 5833, Generated: 8308
[f=891.554] Expanded: 5835, Generated: 8310
[f=893.834] Expanded: 5836, Generated: 8311
[f=893.878] Expanded: 5837, Generated: 8312
[f=894.413] Expanded: 5837, Generated: 8313
[f=894.775] Expanded: 5837, Generated: 8314
[f=896.631] Expanded: 5838, Generated: 8315
[f=897.512] Expanded: 5839, Generated: 8316
[f=897.977] Expanded: 5840, Generated: 8317
[f=898.093] Expanded: 5841, Generated: 8318
[f=898.258] Expanded: 5842, Generated: 8319
[f=898.546] Expanded: 5843, Generated: 8320
[f=898.588] Expanded: 5844, Generated: 8321
[f=898.639] Expanded: 5845, Generated: 8322
[f=898.640] Expanded: 5846, Generated: 8324
[f=898.641] Expanded: 5847, Generated: 8325
[f=898.643] Expanded: 5847, Generated: 8326
[f=898.643] Expanded: 5848, Generated: 8327
[f=898.644] Expanded: 5848, Generated: 8328
[f=898.646] Expanded: 5848, Generated: 8329
[f=898.648] Expanded: 5849, Generated: 8330
[f=898.649] Expanded: 5849, Generated: 8332
[f=895.223] Expanded: 5850, Generated: 8334
[f=897.478] Expanded: 5851, Generated: 8335
[f=898.248] Expanded: 5852, Generated: 8336
[f=898.337] Expanded: 5853, Generated: 8337
[f=898.653] Expanded: 5854, Generated: 8338
[f=898.653] Expanded: 5854, Generated: 8339
[f=898.653] Expanded: 5854, Generated: 8340
[f=898.654] Expanded: 5855, Generated: 8341
[f=898.657] Expanded: 5855, Generated: 8342
[f=898.657] Expanded: 5856, Generated: 8343
[f=898.658] Expanded: 5856, Generated: 8344
[f=898.658] Expanded: 5856, Generated: 8345
[f=898.658] Expanded: 5856, Generated: 8346
[f=898.658] Expanded: 5856, Generated: 8347
[f=898.659] Expanded: 5857, Generated: 8348
[f=898.660] Expanded: 5857, Generated: 8349
[f=898.661] Expanded: 5858, Generated: 8350
[f=898.662] Expanded: 5858, Generated: 8351
[f=898.662] Expanded: 5858, Generated: 8352
[f=898.663] Expanded: 5859, Generated: 8353
[f=897.338] Expanded: 5861, Generated: 8355
[f=898.665] Expanded: 5861, Generated: 8356
[f=898.666] Expanded: 5862, Generated: 8357
[f=898.668] Expanded: 5862, Generated: 8358
[f=898.669] Expanded: 5862, Generated: 8359
[f=898.669] Expanded: 5863, Generated: 8360
[f=898.670] Expanded: 5864, Generated: 8361
[f=898.671] Expanded: 5865, Generated: 8362
[f=898.672] Expanded: 5866, Generated: 8363
[f=898.673] Expanded: 5866, Generated: 8364
[f=898.674] Expanded: 5867, Generated: 8365
[f=898.676] Expanded: 5867, Generated: 8366
[f=898.676] Expanded: 5868, Generated: 8367
[f=898.676] Expanded: 5868, Generated: 8368
[f=898.677] Expanded: 5869, Generated: 8369
[f=898.678] Expanded: 5870, Generated: 8370
[f=895.614] Expanded: 5872, Generated: 8372
[f=897.120] Expanded: 5874, Generated: 8374
[f=898.068] Expanded: 5875, Generated: 8375
[f=898.680] Expanded: 5875, Generated: 8376
[f=898.684] Expanded: 5875, Generated: 8377
[f=898.685] Expanded: 5876, Generated: 8378
[f=898.686] Expanded: 5877, Generated: 8379
[f=898.686] Expanded: 5877, Generated: 8380
[f=898.688] Expanded: 5877, Generated: 8381
[f=898.689] Expanded: 5877, Generated: 8382
[f=898.690] Expanded: 5878, Generated: 8383
[f=898.691] Expanded: 5879, Generated: 8384
[f=898.691] Expanded: 5880, Generated: 8385
[f=898.693] Expanded: 5880, Generated: 8386
[f=898.694] Expanded: 5881, Generated: 8387
[f=898.694] Expanded: 5882, Generated: 8389
[f=898.695] Expanded: 5883, Generated: 8390
[f=898.696] Expanded: 5883, Generated: 8391
[f=898.697] Expanded: 5883, Generated: 8392
[f=898.699] Expanded: 5884, Generated: 8393
[f=898.699] Expanded: 5884, Generated: 8394
[f=897.050] Expanded: 5886, Generated: 8396
[f=894.435] Expanded: 5888, Generated: 8398
[f=897.053] Expanded: 5888, Generated: 8399
[f=894.618] Expanded: 5890, Generated: 8401
[f=895.341] Expanded: 5891, Generated: 8402
[f=897.686] Expanded: 5892, Generated: 8403
[f=897.851] Expanded: 5893, Generated: 8404
[f=898.702] Expanded: 5893, Generated: 8405
[f=898.703] Expanded: 5893, Generated: 8406
[f=898.703] Expanded: 5894, Generated: 8407
[f=887.792] Expanded: 5896, Generated: 8409
[f=887.868] Expanded: 5897, Generated: 8410
[f=891.460] Expanded: 5898, Generated: 8411
[f=891.152] Expanded: 5900, Generated: 8413
[f=891.242] Expanded: 5901, Generated: 8414
[f=892.618] Expanded: 5902, Generated: 8415
[f=892.703] Expanded: 5903, Generated: 8416
[f=893.274] Expanded: 5903, Generated: 8417
[f=893.490] Expanded: 5903, Generated: 8418
[f=894.686] Expanded: 5904, Generated: 8419
[f=895.020] Expanded: 5905, Generated: 8420
[f=888.510] Expanded: 5907, Generated: 8422
[f=888.580] Expanded: 5908, Generated: 8423
[f=889.990] Expanded: 5909, Generated: 8424
[f=891.438] Expanded: 5910, Generated: 8425
[f=891.543] Expanded: 5911, Generated: 8426
[f=891.658] Expanded: 5912, Generated: 8427
[f=890.064] Expanded: 5914, Generated: 8429
[f=890.133] Expanded: 5915, Generated: 8430
[f=891.529] Expanded: 5916, Generated: 8431
[f=892.700] Expanded: 5917, Generated: 8432
[f=892.949] Expanded: 5918, Generated: 8433
[f=893.026] Expanded: 5919, Generated: 8434
[f=893.055] Expanded: 5920, Generated: 8435
[f=893.112] Expanded: 5921, Generated: 8436
[f=893.131] Expanded: 5922, Generated: 8437
[f=893.282] Expanded: 5923, Generated: 8438
[f=893.456] Expanded: 5923, Generated: 8439
[f=893.566] Expanded: 5923, Generated: 8440
[Final] Expanded: 5924, Generated: 8441
Failed to find a solution!
