/u/ibrahim.eisawy/Neural-Guided-Search/venv/lib/python3.10/site-packages/pymimir_rgnn/model.py:151: UserWarning: index_reduce() is in beta and the API may change at any time. (Triggered internally at /pytorch/aten/src/ATen/native/cuda/Indexing.cu:1541.)
  max_msg.index_reduce_(0, output_indices, output_messages, reduce='amax', include_self=True)
Torch: 2.12.0+cu130
Using GPU:  NVIDIA L40S
17.598: (switch_on instrument37 satellite6)
17.609: (switch_on instrument1 satellite0)
18.210: (switch_on instrument28 satellite4)
18.354: (switch_on instrument3 satellite0)
18.394: (switch_on instrument5 satellite0)
18.432: (turn_to satellite2 star5 planet25)
18.449: (switch_on instrument15 satellite2)
18.490: (turn_to satellite2 groundstation0 planet25)
18.501: (switch_on instrument41 satellite7)
18.526: (switch_on instrument8 satellite1)
15.732: (calibrate satellite4 instrument28 groundstation9)
15.895: (switch_on instrument5 satellite0)
15.904: (switch_on instrument3 satellite0)
15.961: (switch_on instrument37 satellite6)
15.987: (switch_on instrument37 satellite6)
16.147: (switch_on instrument1 satellite0)
16.193: (switch_on instrument1 satellite0)
16.219: (switch_on instrument37 satellite6)
16.222: (switch_on instrument44 satellite7)
16.240: (switch_on instrument28 satellite4)
14.639: (calibrate satellite7 instrument44 star1)
14.711: (switch_on instrument3 satellite0)
14.791: (turn_to satellite7 groundstation22 star1)
14.949: (switch_on instrument15 satellite2)
15.025: (turn_to satellite7 groundstation22 star1)
15.033: (switch_on instrument10 satellite1)
15.053: (turn_to satellite2 star6 planet25)
15.078: (switch_on instrument30 satellite5)
15.134: (switch_on instrument39 satellite6)
15.207: (turn_to satellite4 star14 groundstation9)
13.836: (switch_on instrument1 satellite0)
13.989: (turn_to satellite7 star5 star1)
13.997: (switch_on instrument5 satellite0)
14.027: (turn_to satellite7 groundstation4 star1)
14.028: (turn_to satellite7 star14 star1)
14.034: (turn_to satellite2 star6 planet25)
14.046: (turn_to satellite7 groundstation17 star1)
14.072: (turn_to satellite1 star6 star13)
14.079: (turn_to satellite0 groundstation22 star13)
14.096: (switch_on instrument16 satellite2)
13.073: (turn_to satellite4 star14 groundstation9)
13.115: (turn_to satellite7 groundstation22 star1)
13.119: (turn_to satellite4 groundstation4 groundstation9)
13.139: (turn_to satellite4 planet25 groundstation9)
13.177: (turn_to satellite4 planet25 groundstation9)
13.194: (turn_to satellite7 groundstation22 star1)
13.201: (turn_to satellite4 groundstation17 groundstation9)
13.240: (switch_on instrument42 satellite7)
13.243: (turn_to satellite4 star1 groundstation9)
13.251: (turn_to satellite4 planet25 groundstation9)
12.261: (turn_to satellite4 planet25 groundstation9)
12.265: (take_image satellite4 planet25 instrument28 spectrograph6)
12.371: (turn_to satellite7 groundstation22 star1)
12.383: (turn_to satellite3 groundstation22 star26)
12.398: (switch_on instrument41 satellite7)
12.486: (turn_to satellite7 groundstation22 star1)
12.491: (turn_to satellite3 star11 star26)
12.507: (turn_to satellite3 groundstation23 star26)
12.513: (turn_to satellite3 star2 star26)
12.528: (turn_to satellite7 groundstation22 star1)
11.747: (turn_to satellite7 groundstation22 star1)
11.786: (switch_on instrument42 satellite7)
11.811: (turn_to satellite4 star26 planet25)
11.815: (switch_on instrument41 satellite7)
11.827: (turn_to satellite0 star14 star13)
11.843: (turn_to satellite0 groundstation4 star13)
11.846: (turn_to satellite4 phenomenon24 planet25)
11.862: (turn_to satellite3 star20 star26)
11.863: (turn_to satellite0 star1 star13)
11.886: (switch_on instrument44 satellite7)
10.856: (turn_to satellite7 groundstation22 star1)
10.907: (turn_to satellite7 groundstation22 star1)
11.024: (switch_on instrument42 satellite7)
11.050: (turn_to satellite6 star2 star16)
11.168: (turn_to satellite0 groundstation4 star13)
11.188: (take_image satellite4 phenomenon24 instrument28 spectrograph6)
11.202: (turn_to satellite0 star1 star13)
11.237: (turn_to satellite4 star26 planet25)
11.252: (turn_to satellite0 star14 star13)
11.262: (turn_to satellite4 phenomenon24 planet25)
10.336: (turn_to satellite4 star26 planet25)
10.355: (turn_to satellite4 phenomenon24 planet25)
10.473: (turn_to satellite4 star27 planet25)
10.493: (turn_to satellite7 groundstation22 star1)
10.548: (turn_to satellite7 groundstation22 star1)
10.560: (turn_to satellite7 groundstation22 star1)
10.579: (turn_to satellite4 star26 planet25)
10.624: (switch_on instrument42 satellite7)
10.635: (turn_to satellite4 phenomenon24 planet25)
10.635: (switch_on instrument45 satellite7)
9.921: (take_image satellite4 phenomenon24 instrument28 spectrograph6)
10.008: (turn_to satellite4 star26 planet25)
10.021: (turn_to satellite4 phenomenon24 planet25)
10.049: (take_image satellite4 phenomenon24 instrument28 spectrograph6)
10.063: (switch_on instrument45 satellite7)
10.101: (switch_on instrument43 satellite7)
10.106: (switch_on instrument43 satellite7)
10.137: (switch_on instrument45 satellite7)
10.138: (switch_on instrument43 satellite7)
10.148: (switch_on instrument45 satellite7)
9.683: (switch_on instrument45 satellite7)
9.683: (take_image satellite4 phenomenon24 instrument28 spectrograph6)
9.689: (switch_on instrument43 satellite7)
9.735: (turn_to satellite3 planet25 star26)
9.739: (turn_to satellite3 groundstation22 star26)
9.755: (take_image satellite4 phenomenon24 instrument28 spectrograph6)
9.757: (turn_to satellite3 planet25 star26)
9.765: (turn_to satellite3 groundstation22 star26)
9.770: (switch_on instrument42 satellite7)
9.770: (turn_to satellite3 star16 star26)
9.181: (turn_to satellite6 star2 star16)
9.303: (turn_to satellite6 star2 star16)
9.350: (turn_to satellite6 star2 star16)
9.421: (turn_to satellite4 star26 phenomenon24)
9.459: (switch_on instrument43 satellite7)
9.469: (turn_to satellite4 star26 phenomenon24)
9.497: (switch_on instrument42 satellite7)
9.498: (turn_to satellite3 planet25 star26)
9.506: (switch_on instrument41 satellite7)
9.508: (switch_on instrument45 satellite7)
8.741: (switch_on instrument43 satellite7)
8.774: (turn_to satellite6 star2 star16)
8.783: (switch_on instrument43 satellite7)
8.827: (switch_on instrument45 satellite7)
8.840: (switch_on instrument43 satellite7)
8.845: (switch_on instrument39 satellite6)
8.863: (switch_on instrument45 satellite7)
8.863: (switch_on instrument39 satellite6)
8.867: (switch_on instrument45 satellite7)
8.878: (switch_on instrument40 satellite6)
8.534: (switch_on instrument37 satellite6)
8.574: (switch_on instrument45 satellite7)
8.577: (turn_to satellite4 star26 phenomenon24)
8.584: (switch_on instrument38 satellite6)
8.587: (switch_on instrument39 satellite6)
8.599: (switch_on instrument40 satellite6)
8.600: (switch_on instrument37 satellite6)
8.604: (turn_to satellite4 star26 phenomenon24)
8.607: (switch_on instrument34 satellite6)
8.607: (switch_on instrument37 satellite6)
8.378: (switch_on instrument37 satellite6)
8.396: (turn_to satellite4 star26 phenomenon24)
8.411: (switch_on instrument40 satellite6)
8.413: (turn_to satellite4 star27 phenomenon24)
8.415: (switch_on instrument38 satellite6)
8.419: (switch_on instrument39 satellite6)
8.430: (turn_to satellite1 planet25 star13)
8.448: (calibrate satellite6 instrument39 star2)
8.453: (switch_on instrument34 satellite6)
8.455: (calibrate satellite6 instrument39 star2)
8.068: (turn_to satellite3 groundstation3 planet25)
8.082: (turn_to satellite3 groundstation3 planet25)
8.103: (turn_to satellite1 groundstation3 star13)
8.104: (turn_to satellite5 groundstation3 star13)
8.111: (switch_on instrument13 satellite2)
8.115: (turn_to satellite6 star26 star2)
8.124: (switch_on instrument31 satellite5)
8.138: (switch_on instrument31 satellite5)
8.142: (turn_to satellite6 star27 star2)
8.143: (turn_to satellite3 groundstation9 planet25)
6.778: (take_image satellite6 star27 instrument39 thermograph2)
7.376: (switch_off instrument1 satellite0)
7.470: (turn_to satellite6 star27 star2)
7.475: (turn_to satellite3 groundstation3 planet25)
7.492: (turn_to satellite3 groundstation3 planet25)
7.546: (turn_to satellite6 star26 star2)
7.558: (turn_to satellite6 star27 star2)
7.583: (turn_to satellite6 star27 star2)
7.626: (turn_to satellite6 star26 star2)
7.652: (turn_to satellite6 star27 star2)
6.152: (turn_to satellite6 star26 star27)
6.260: (turn_to satellite1 groundstation3 star13)
6.261: (turn_to satellite5 groundstation3 star13)
6.278: (turn_to satellite3 groundstation3 planet25)
6.319: (turn_to satellite3 groundstation9 planet25)
6.328: (take_image satellite6 star27 instrument39 thermograph2)
6.347: (turn_to satellite0 groundstation4 star14)
6.351: (take_image satellite6 star27 instrument39 thermograph2)
6.385: (take_image satellite6 star27 instrument39 thermograph2)
6.390: (turn_to satellite3 star5 planet25)
5.845: (turn_to satellite6 star26 star27)
5.865: (turn_to satellite6 star26 star27)
5.867: (turn_to satellite6 star26 star27)
5.876: (turn_to satellite1 groundstation3 star13)
5.880: (turn_to satellite5 groundstation3 star13)
5.897: (turn_to satellite0 groundstation4 star14)
5.928: (turn_to satellite3 groundstation3 planet25)
5.930: (turn_to satellite6 star26 star27)
5.952: (turn_to satellite3 groundstation23 planet25)
5.959: (turn_to satellite3 star6 planet25)
5.771: (turn_to satellite1 groundstation3 star13)
5.775: (turn_to satellite2 groundstation12 star6)
5.777: (turn_to satellite0 groundstation4 star14)
5.783: (switch_on instrument16 satellite2)
5.784: (turn_to satellite1 star6 star13)
5.795: (take_image satellite4 phenomenon24 instrument28 infrared4)
5.800: (turn_to satellite5 star6 star13)
5.800: (turn_to satellite5 groundstation3 star13)
5.803: (turn_to satellite1 groundstation23 star13)
5.807: (turn_to satellite0 groundstation4 star14)
5.672: (switch_on instrument16 satellite2)
5.675: (turn_to satellite5 groundstation17 star13)
5.677: (turn_to satellite5 star16 star13)
5.679: (turn_to satellite1 star16 star13)
5.680: (turn_to satellite1 groundstation17 star13)
5.696: (turn_to satellite1 star7 star13)
5.696: (turn_to satellite1 star20 star13)
5.698: (switch_on instrument16 satellite2)
5.700: (turn_to satellite5 star7 star13)
5.705: (turn_to satellite5 star20 star13)
5.572: (turn_to satellite3 star27 planet25)
5.573: (turn_to satellite1 groundstation3 star13)
5.586: (turn_to satellite0 groundstation4 star14)
5.590: (turn_to satellite1 groundstation23 star13)
5.590: (switch_on instrument30 satellite5)
5.600: (turn_to satellite1 star20 star13)
5.602: (turn_to satellite5 groundstation3 star13)
5.608: (turn_to satellite2 groundstation12 star6)
5.611: (turn_to satellite1 star7 star13)
5.611: (turn_to satellite1 groundstation17 star13)
5.492: (take_image satellite4 phenomenon24 instrument28 spectrograph10)
5.492: (switch_on instrument31 satellite5)
5.494: (turn_to satellite5 groundstation12 star13)
5.537: (turn_to satellite1 star16 star7)
5.542: (turn_to satellite5 star14 star13)
5.547: (take_image satellite4 phenomenon24 instrument28 infrared4)
5.553: (turn_to satellite5 star19 star13)
5.556: (take_image satellite6 star26 instrument39 infrared4)
5.560: (turn_to satellite3 star16 planet25)
5.567: (turn_to satellite3 star27 planet25)
5.320: (take_image satellite4 phenomenon24 instrument28 spectrograph10)
5.338: (take_image satellite4 phenomenon24 instrument28 infrared4)
5.343: (turn_to satellite5 star19 star13)
5.343: (take_image satellite6 star26 instrument39 infrared4)
5.359: (turn_to satellite5 groundstation12 star13)
5.363: (turn_to satellite5 star19 star13)
5.373: (turn_to satellite1 star20 groundstation3)
5.373: (turn_to satellite1 groundstation9 groundstation3)
5.376: (turn_to satellite1 star7 groundstation3)
5.386: (turn_to satellite1 groundstation17 groundstation3)
5.371: (take_image satellite6 star26 instrument39 thermograph2)
5.372: (turn_to satellite3 star27 planet25)
5.388: (take_image satellite6 star26 instrument39 infrared4)
5.390: (turn_to satellite5 star19 groundstation12)
5.392: (turn_to satellite1 star13 groundstation9)
5.396: (turn_to satellite5 star14 star19)
5.398: (turn_to satellite1 groundstation17 groundstation3)
5.400: (turn_to satellite1 groundstation17 groundstation3)
5.406: (turn_to satellite1 star20 groundstation3)
5.406: (turn_to satellite1 star7 groundstation3)
5.347: (turn_to satellite1 star13 groundstation17)
5.369: (turn_to satellite1 star20 groundstation17)
5.369: (turn_to satellite1 star20 star13)
5.385: (take_image satellite6 star26 instrument39 thermograph2)
5.388: (turn_to satellite1 star13 groundstation17)
5.388: (turn_to satellite1 groundstation17 star20)
5.389: (turn_to satellite3 star27 planet25)
5.390: (take_image satellite6 star26 instrument39 infrared4)
5.391: (turn_to satellite1 groundstation23 groundstation17)
5.397: (take_image satellite4 phenomenon24 instrument28 spectrograph10)
5.260: (take_image satellite6 star26 instrument39 infrared4)
5.294: (take_image satellite6 star26 instrument39 thermograph2)
5.312: (take_image satellite4 phenomenon24 instrument28 infrared4)
5.327: (turn_to satellite1 groundstation3 star20)
5.356: (take_image satellite6 star26 instrument39 infrared4)
5.370: (turn_to satellite1 star13 star20)
5.380: (turn_to satellite3 star27 planet25)
5.381: (turn_to satellite5 star14 star19)
5.388: (take_image satellite6 star26 instrument39 thermograph2)
5.391: (take_image satellite4 phenomenon24 instrument28 infrared4)
5.350: (turn_to satellite1 star20 groundstation17)
5.363: (turn_to satellite1 groundstation17 star20)
5.364: (turn_to satellite1 groundstation3 groundstation17)
5.369: (turn_to satellite5 groundstation12 star19)
5.374: (turn_to satellite1 star7 star20)
5.388: (take_image satellite4 phenomenon24 instrument28 spectrograph10)
5.398: (turn_to satellite5 groundstation12 star19)
5.399: (turn_to satellite0 star14 groundstation4)
5.401: (turn_to satellite1 star7 groundstation17)
5.412: (take_image satellite6 star26 instrument39 infrared4)
5.302: (take_image satellite6 star26 instrument39 infrared4)
5.321: (take_image satellite6 star26 instrument39 thermograph2)
5.335: (turn_to satellite1 groundstation3 star7)
5.348: (turn_to satellite1 star7 groundstation17)
5.357: (turn_to satellite1 star20 groundstation17)
5.380: (take_image satellite6 star26 instrument39 infrared4)
5.396: (turn_to satellite1 star7 groundstation3)
5.396: (turn_to satellite1 star13 star20)
5.396: (turn_to satellite3 star27 planet25)
5.399: (turn_to satellite1 star20 groundstation3)
5.339: (turn_to satellite5 star19 groundstation12)
5.343: (turn_to satellite5 star14 groundstation12)
5.350: (turn_to satellite3 planet25 star27)
5.364: (turn_to satellite1 star7 groundstation17)
5.379: (take_image satellite6 star26 instrument39 infrared4)
5.383: (turn_to satellite3 star27 planet25)
5.387: (take_image satellite6 star26 instrument39 infrared4)
5.397: (turn_to satellite1 groundstation23 star13)
5.399: (turn_to satellite1 star20 groundstation17)
5.402: (turn_to satellite5 star14 groundstation12)
5.336: (turn_to satellite3 star27 planet25)
5.380: (turn_to satellite5 star14 groundstation12)
5.386: (take_image satellite6 star26 instrument39 infrared4)
5.402: (take_image satellite6 star26 instrument39 infrared4)
5.406: (turn_to satellite1 groundstation3 star7)
5.407: (turn_to satellite5 star19 groundstation12)
5.414: (turn_to satellite1 groundstation17 star7)
5.418: (turn_to satellite1 star20 groundstation17)
5.424: (turn_to satellite1 groundstation17 groundstation23)
5.426: (turn_to satellite1 star7 groundstation17)
5.323: (turn_to satellite5 star19 groundstation12)
5.380: (turn_to satellite1 star7 groundstation17)
5.393: (turn_to satellite5 star19 groundstation12)
5.406: (turn_to satellite5 star14 groundstation12)
5.424: (take_image satellite6 star26 instrument39 thermograph2)
5.432: (turn_to satellite1 star20 groundstation17)
5.436: (turn_to satellite3 planet25 star27)
5.436: (turn_to satellite1 groundstation3 groundstation17)
5.438: (turn_to satellite0 star19 groundstation4)
5.439: (turn_to satellite3 groundstation17 star27)
5.334: (turn_to satellite5 groundstation4 groundstation12)
5.356: (turn_to satellite1 groundstation3 groundstation17)
5.366: (turn_to satellite3 planet25 star27)
5.372: (turn_to satellite5 star14 groundstation12)
5.390: (take_image satellite6 star26 instrument39 thermograph2)
5.394: (turn_to satellite5 star14 star19)
5.401: (turn_to satellite1 groundstation3 groundstation17)
5.406: (turn_to satellite5 star14 groundstation12)
5.435: (turn_to satellite3 planet25 star27)
5.437: (take_image satellite4 phenomenon24 instrument28 spectrograph10)
5.343: (turn_to satellite5 star14 groundstation12)
5.362: (turn_to satellite5 groundstation4 groundstation12)
5.376: (take_image satellite6 star26 instrument39 thermograph2)
5.406: (turn_to satellite3 star16 star27)
5.407: (take_image satellite4 phenomenon24 instrument28 spectrograph10)
5.409: (turn_to satellite3 planet25 star27)
5.411: (turn_to satellite5 star19 star14)
5.432: (turn_to satellite0 star19 groundstation4)
5.436: (turn_to satellite1 star20 groundstation3)
5.440: (turn_to satellite1 star7 star20)
5.393: (turn_to satellite3 star16 star27)
5.408: (turn_to satellite1 star20 groundstation3)
5.412: (turn_to satellite5 groundstation4 star14)
5.417: (turn_to satellite5 star14 groundstation12)
5.427: (turn_to satellite1 star7 groundstation3)
5.427: (turn_to satellite3 groundstation3 star27)
5.439: (turn_to satellite0 groundstation12 groundstation4)
5.442: (take_image satellite4 phenomenon24 instrument28 spectrograph10)
5.443: (turn_to satellite1 star13 groundstation3)
5.444: (turn_to satellite1 star7 groundstation3)
5.374: (turn_to satellite5 groundstation3 star19)
5.387: (turn_to satellite1 star16 groundstation3)
5.400: (turn_to satellite1 star13 star20)
5.401: (turn_to satellite1 star7 groundstation3)
5.402: (turn_to satellite5 star16 star19)
5.402: (turn_to satellite3 star16 star27)
5.404: (turn_to satellite1 groundstation3 star20)
5.418: (turn_to satellite3 star13 star27)
5.419: (turn_to satellite1 planet25 groundstation3)
5.428: (turn_to satellite1 groundstation23 star20)
5.313: (turn_to satellite5 star19 groundstation12)
5.374: (take_image satellite4 phenomenon24 instrument28 spectrograph10)
5.390: (turn_to satellite5 star14 groundstation12)
5.395: (turn_to satellite0 groundstation12 star19)
5.396: (turn_to satellite5 groundstation23 groundstation12)
5.405: (take_image satellite4 phenomenon24 instrument28 spectrograph10)
5.409: (turn_to satellite5 groundstation10 groundstation12)
5.410: (turn_to satellite5 groundstation3 star19)
5.413: (turn_to satellite3 groundstation17 groundstation3)
5.414: (turn_to satellite5 groundstation3 star19)
5.322: (turn_to satellite1 star16 star13)
5.339: (turn_to satellite1 star16 star13)
5.353: (turn_to satellite0 star14 star19)
5.371: (take_image satellite4 phenomenon24 instrument28 spectrograph10)
5.375: (turn_to satellite3 planet25 star16)
5.381: (turn_to satellite1 star7 star13)
5.381: (turn_to satellite1 groundstation17 star13)
5.402: (turn_to satellite3 star20 groundstation3)
5.411: (take_image satellite4 phenomenon24 instrument28 spectrograph10)
5.416: (turn_to satellite1 groundstation17 star7)
5.335: (turn_to satellite5 groundstation12 star19)
5.383: (turn_to satellite1 star20 star7)
5.400: (turn_to satellite1 groundstation17 star7)
5.432: (turn_to satellite1 planet25 star7)
5.435: (turn_to satellite1 star27 planet25)
5.435: (turn_to satellite1 planet25 groundstation17)
5.436: (turn_to satellite3 star7 groundstation17)
5.446: (turn_to satellite2 groundstation10 star6)
5.452: (turn_to satellite3 star13 star20)
5.454: (turn_to satellite3 planet25 star27)
5.324: (turn_to satellite0 star19 star14)
5.379: (turn_to satellite5 groundstation12 star19)
5.384: (turn_to satellite5 star14 star19)
5.396: (turn_to satellite3 star20 groundstation17)
5.400: (turn_to satellite1 groundstation17 star7)
5.402: (turn_to satellite5 groundstation12 star19)
5.403: (turn_to satellite1 star20 star7)
5.407: (turn_to satellite1 star27 planet25)
5.409: (turn_to satellite3 star7 groundstation17)
5.413: (turn_to satellite3 star20 groundstation17)
5.333: (turn_to satellite3 star7 groundstation17)
5.344: (turn_to satellite3 star20 groundstation17)
5.395: (turn_to satellite5 groundstation12 star19)
5.414: (turn_to satellite1 star13 star20)
5.420: (take_image satellite6 star26 instrument39 thermograph2)
5.422: (turn_to satellite3 groundstation3 star7)
5.425: (turn_to satellite5 star14 groundstation12)
5.425: (turn_to satellite1 groundstation3 star20)
5.428: (turn_to satellite0 groundstation12 star14)
5.429: (turn_to satellite3 star27 planet25)
5.314: (turn_to satellite0 star19 star14)
5.345: (turn_to satellite1 groundstation17 star20)
5.346: (turn_to satellite5 star19 groundstation4)
5.381: (turn_to satellite0 star19 star14)
5.381: (turn_to satellite5 groundstation10 star14)
5.383: (turn_to satellite3 groundstation3 star20)
5.394: (turn_to satellite0 groundstation10 star14)
5.400: (turn_to satellite1 star27 planet25)
5.407: (turn_to satellite1 planet25 star27)
5.408: (turn_to satellite0 groundstation12 star14)
5.397: (turn_to satellite3 planet25 star27)
5.398: (turn_to satellite5 star19 groundstation12)
5.424: (turn_to satellite3 groundstation3 star20)
5.440: (turn_to satellite1 star27 planet25)
5.445: (turn_to satellite3 groundstation17 groundstation3)
5.447: (turn_to satellite5 groundstation12 star14)
5.447: (turn_to satellite1 star20 groundstation3)
5.451: (turn_to satellite1 star27 planet25)
5.453: (turn_to satellite3 star16 planet25)
5.453: (turn_to satellite5 groundstation10 star14)
5.420: (turn_to satellite3 star7 star20)
5.439: (switch_on instrument7 satellite1)
5.442: (turn_to satellite0 groundstation12 star19)
5.455: (turn_to satellite0 star19 groundstation10)
5.460: (turn_to satellite1 star16 planet25)
5.465: (turn_to satellite3 star7 groundstation3)
5.466: (switch_on instrument18 satellite3)
5.468: (take_image satellite6 star26 instrument39 thermograph2)
5.469: (turn_to satellite1 groundstation17 star20)
5.473: (turn_to satellite0 star14 groundstation10)
5.349: (take_image satellite6 star26 instrument39 thermograph2)
5.373: (turn_to satellite1 groundstation23 groundstation17)
5.385: (turn_to satellite1 star7 star20)
5.409: (take_image satellite6 star26 instrument39 thermograph2)
5.423: (turn_to satellite0 groundstation10 star19)
5.429: (turn_to satellite1 star7 star27)
5.433: (turn_to satellite3 groundstation17 star7)
5.438: (turn_to satellite3 groundstation17 planet25)
5.441: (turn_to satellite5 star14 groundstation4)
5.447: (turn_to satellite1 star13 groundstation17)
5.389: (turn_to satellite0 groundstation4 star19)
5.394: (turn_to satellite3 groundstation17 planet25)
5.425: (turn_to satellite1 star20 groundstation17)
5.426: (turn_to satellite3 star19 planet25)
5.449: (turn_to satellite3 star6 planet25)
5.469: (take_image satellite6 star26 instrument39 thermograph2)
5.470: (turn_to satellite3 star14 planet25)
5.471: (turn_to satellite0 groundstation10 groundstation12)
5.480: (turn_to satellite2 groundstation10 star6)
5.481: (turn_to satellite5 star14 groundstation4)
5.439: (turn_to satellite0 star6 groundstation12)
5.439: (turn_to satellite0 groundstation4 star19)
5.466: (turn_to satellite1 star13 star7)
5.470: (turn_to satellite3 star27 planet25)
5.473: (turn_to satellite1 star20 groundstation17)
5.475: (turn_to satellite1 groundstation17 star7)
5.483: (turn_to satellite1 groundstation23 star7)
5.485: (turn_to satellite3 star7 planet25)
5.487: (turn_to satellite1 groundstation3 star7)
5.493: (turn_to satellite3 star7 planet25)
5.417: (turn_to satellite0 groundstation3 groundstation10)
5.428: (turn_to satellite1 star27 star7)
5.430: (turn_to satellite0 star6 groundstation12)
5.434: (turn_to satellite2 groundstation12 groundstation10)
5.450: (turn_to satellite3 star27 planet25)
5.461: (turn_to satellite0 star19 groundstation12)
5.466: (turn_to satellite2 star14 groundstation10)
5.467: (turn_to satellite5 star19 star14)
5.468: (turn_to satellite1 star13 groundstation3)
5.472: (turn_to satellite1 star27 star7)
5.377: (turn_to satellite1 star13 star20)
5.388: (turn_to satellite1 groundstation17 star7)
5.392: (turn_to satellite1 groundstation23 star20)
5.411: (turn_to satellite1 planet25 star27)
5.411: (turn_to satellite2 star19 groundstation12)
5.412: (turn_to satellite3 star27 planet25)
5.416: (turn_to satellite1 star20 star7)
5.419: (turn_to satellite3 star27 planet25)
5.427: (turn_to satellite2 star6 groundstation10)
5.434: (turn_to satellite0 star14 star19)
5.342: (turn_to satellite2 star6 groundstation10)
5.378: (turn_to satellite2 star19 groundstation12)
5.381: (turn_to satellite0 star14 groundstation12)
5.400: (turn_to satellite3 groundstation17 star7)
5.424: (turn_to satellite1 groundstation17 star7)
5.424: (turn_to satellite1 star20 star7)
5.433: (turn_to satellite1 groundstation17 star7)
5.433: (turn_to satellite1 star13 star20)
5.434: (turn_to satellite3 star27 planet25)
5.439: (turn_to satellite3 star20 star7)
5.331: (turn_to satellite2 star6 groundstation10)
5.400: (turn_to satellite2 groundstation3 groundstation12)
5.400: (turn_to satellite3 groundstation17 star7)
5.403: (turn_to satellite2 star19 groundstation12)
5.412: (turn_to satellite3 star20 star7)
5.421: (turn_to satellite0 star19 star14)
5.426: (turn_to satellite1 star27 planet25)
5.428: (turn_to satellite1 groundstation3 star13)
5.433: (turn_to satellite2 star19 star14)
5.439: (turn_to satellite2 star19 groundstation12)
5.346: (turn_to satellite2 star19 groundstation12)
5.360: (turn_to satellite1 groundstation3 star13)
5.382: (turn_to satellite2 star6 groundstation10)
5.384: (turn_to satellite0 star19 groundstation12)
5.390: (turn_to satellite3 star20 star7)
5.392: (turn_to satellite2 groundstation23 groundstation12)
5.404: (turn_to satellite3 planet25 star27)
5.415: (turn_to satellite1 groundstation23 star13)
5.418: (turn_to satellite1 planet25 star27)
5.421: (turn_to satellite3 groundstation17 star7)
5.357: (turn_to satellite2 groundstation3 star19)
5.394: (turn_to satellite1 planet25 star27)
5.408: (turn_to satellite3 groundstation3 groundstation17)
5.412: (turn_to satellite3 groundstation3 star7)
5.416: (turn_to satellite3 groundstation17 star20)
5.417: (turn_to satellite3 star20 groundstation17)
5.420: (turn_to satellite1 groundstation17 star20)
5.421: (turn_to satellite0 groundstation12 star19)
5.430: (turn_to satellite0 star14 star19)
5.431: (turn_to satellite1 groundstation17 groundstation23)
5.422: (turn_to satellite3 groundstation3 groundstation17)
5.447: (turn_to satellite0 groundstation10 groundstation12)
5.465: (turn_to satellite0 star14 groundstation12)
5.466: (turn_to satellite3 star13 groundstation17)
5.468: (take_image satellite6 star26 instrument39 thermograph2)
5.479: (turn_to satellite3 groundstation9 groundstation17)
5.480: (turn_to satellite3 groundstation23 groundstation17)
5.481: (turn_to satellite3 star20 groundstation17)
5.483: (take_image satellite6 star26 instrument39 thermograph2)
5.489: (turn_to satellite1 groundstation17 star27)
5.394: (turn_to satellite0 groundstation3 star14)
5.397: (turn_to satellite5 star19 groundstation4)
5.452: (turn_to satellite1 planet25 star27)
5.459: (turn_to satellite1 planet25 groundstation17)
5.459: (turn_to satellite1 planet25 star27)
5.462: (turn_to satellite5 groundstation12 groundstation4)
5.469: (turn_to satellite0 groundstation12 star19)
5.469: (turn_to satellite2 groundstation12 star6)
5.482: (turn_to satellite1 groundstation23 planet25)
5.490: (turn_to satellite0 star14 star19)
5.430: (turn_to satellite3 star7 star20)
5.435: (turn_to satellite2 groundstation12 star6)
5.441: (turn_to satellite3 star7 groundstation17)
5.446: (turn_to satellite3 groundstation3 groundstation9)
5.451: (turn_to satellite1 star27 groundstation23)
5.453: (turn_to satellite2 star8 star6)
5.456: (turn_to satellite3 star7 star20)
5.473: (turn_to satellite3 groundstation17 star20)
5.476: (turn_to satellite0 star19 star14)
5.481: (turn_to satellite0 groundstation3 star19)
5.401: (turn_to satellite0 star6 groundstation10)
5.431: (turn_to satellite1 planet25 star27)
5.436: (turn_to satellite3 star7 star20)
5.442: (turn_to satellite3 star6 groundstation17)
5.448: (turn_to satellite3 groundstation17 star20)
5.457: (turn_to satellite0 star6 groundstation10)
5.472: (turn_to satellite3 groundstation17 star7)
5.484: (turn_to satellite1 groundstation15 groundstation17)
5.488: (take_image satellite6 star26 instrument39 thermograph2)
5.495: (take_image satellite6 star26 instrument39 thermograph2)
5.324: (turn_to satellite0 star6 groundstation10)
5.378: (turn_to satellite0 star6 groundstation10)
5.396: (turn_to satellite3 star7 star20)
5.398: (turn_to satellite3 groundstation17 star20)
5.399: (turn_to satellite1 planet25 star27)
5.411: (turn_to satellite2 star19 groundstation12)
5.420: (turn_to satellite3 groundstation17 star7)
5.421: (turn_to satellite0 star6 groundstation10)
5.423: (turn_to satellite2 star6 groundstation12)
5.435: (take_image satellite6 star26 instrument39 thermograph2)
5.400: (turn_to satellite2 star19 groundstation12)
5.425: (turn_to satellite0 star6 groundstation10)
5.425: (turn_to satellite2 star14 groundstation12)
5.428: (turn_to satellite2 star14 star19)
5.431: (turn_to satellite3 star7 groundstation17)
5.432: (turn_to satellite3 star20 groundstation17)
5.437: (turn_to satellite1 star27 planet25)
5.437: (turn_to satellite3 star7 star20)
5.443: (turn_to satellite3 groundstation17 star20)
5.445: (turn_to satellite2 star19 groundstation12)
5.388: (turn_to satellite2 groundstation10 groundstation12)
5.430: (take_image satellite6 star26 instrument39 thermograph2)
5.436: (turn_to satellite2 star14 groundstation12)
5.450: (turn_to satellite3 groundstation3 groundstation17)
5.452: (turn_to satellite1 star27 planet25)
5.453: (turn_to satellite3 groundstation3 star20)
5.454: (turn_to satellite3 groundstation17 star20)
5.454: (turn_to satellite1 star27 planet25)
5.460: (turn_to satellite3 groundstation17 star7)
5.464: (turn_to satellite1 star27 planet25)
5.440: (turn_to satellite3 groundstation3 groundstation17)
5.444: (turn_to satellite1 planet25 star27)
5.458: (turn_to satellite3 groundstation3 star7)
5.464: (turn_to satellite3 groundstation17 groundstation3)
5.472: (turn_to satellite3 groundstation17 star20)
5.490: (turn_to satellite0 groundstation12 star6)
5.490: (turn_to satellite2 groundstation12 star19)
5.490: (turn_to satellite2 star19 groundstation12)
5.492: (turn_to satellite1 star27 planet25)
5.493: (turn_to satellite3 groundstation23 star7)
5.430: (turn_to satellite2 star13 groundstation12)
5.455: (turn_to satellite1 groundstation23 star27)
5.458: (turn_to satellite0 star8 star6)
5.466: (turn_to satellite3 star7 star20)
5.475: (turn_to satellite2 groundstation3 star19)
5.477: (turn_to satellite2 groundstation12 star19)
5.477: (turn_to satellite2 groundstation23 groundstation12)
5.478: (turn_to satellite0 star19 star6)
5.480: (turn_to satellite1 groundstation17 star27)
5.483: (turn_to satellite1 planet25 star27)
5.352: (turn_to satellite2 groundstation3 star14)
5.411: (turn_to satellite5 star19 groundstation4)
5.436: (turn_to satellite2 star19 star14)
5.438: (turn_to satellite3 planet25 groundstation17)
5.474: (turn_to satellite1 planet25 star27)
5.474: (take_image satellite6 star26 instrument39 thermograph2)
5.496: (turn_to satellite1 groundstation23 star27)
5.502: (turn_to satellite5 groundstation12 groundstation4)
5.506: (turn_to satellite3 groundstation3 groundstation23)
5.513: (turn_to satellite3 star13 groundstation23)
5.431: (turn_to satellite1 star20 groundstation17)
5.440: (turn_to satellite3 star27 groundstation23)
5.456: (turn_to satellite3 planet25 groundstation23)
5.457: (turn_to satellite2 star13 groundstation12)
5.478: (turn_to satellite5 star19 groundstation4)
5.495: (turn_to satellite2 star13 groundstation12)
5.497: (turn_to satellite2 groundstation3 groundstation12)
5.499: (turn_to satellite2 star14 groundstation12)
5.504: (turn_to satellite3 star14 star13)
5.507: (take_image satellite6 star26 instrument39 thermograph2)
5.454: (turn_to satellite2 groundstation4 star14)
5.455: (turn_to satellite1 planet25 groundstation23)
5.484: (turn_to satellite2 groundstation12 star14)
5.493: (turn_to satellite2 groundstation10 star14)
5.495: (turn_to satellite3 star27 groundstation23)
5.502: (turn_to satellite3 star27 groundstation23)
5.502: (turn_to satellite3 planet25 groundstation23)
5.505: (turn_to satellite3 star27 planet25)
5.513: (turn_to satellite1 star16 groundstation23)
5.517: (turn_to satellite3 star16 groundstation23)
5.412: (turn_to satellite3 star16 groundstation23)
5.420: (turn_to satellite3 star6 groundstation23)
5.427: (turn_to satellite1 star7 star16)
5.439: (turn_to satellite5 groundstation12 star19)
5.444: (turn_to satellite0 groundstation12 star6)
5.446: (turn_to satellite3 star13 groundstation23)
5.453: (turn_to satellite1 star20 groundstation17)
5.455: (turn_to satellite5 star19 groundstation4)
5.455: (turn_to satellite1 star7 groundstation17)
5.458: (turn_to satellite3 groundstation3 groundstation23)
5.338: (turn_to satellite3 star27 planet25)
5.371: (turn_to satellite1 groundstation3 star7)
5.375: (turn_to satellite1 groundstation3 star20)
5.376: (take_image satellite6 star26 instrument39 thermograph2)
5.382: (turn_to satellite1 star7 groundstation17)
5.392: (turn_to satellite1 groundstation23 star7)
5.394: (turn_to satellite1 star20 groundstation17)
5.405: (turn_to satellite0 groundstation10 star6)
5.408: (turn_to satellite1 groundstation17 star20)
5.413: (turn_to satellite3 star7 planet25)
5.375: (turn_to satellite5 groundstation3 star19)
5.397: (turn_to satellite2 star14 groundstation4)
5.403: (turn_to satellite3 star27 planet25)
5.416: (turn_to satellite1 star27 star7)
5.422: (turn_to satellite1 planet25 star7)
5.428: (turn_to satellite5 star14 groundstation12)
5.433: (turn_to satellite0 groundstation10 star6)
5.439: (turn_to satellite5 groundstation12 star19)
5.456: (turn_to satellite1 groundstation17 star7)
5.457: (take_image satellite6 star26 instrument39 thermograph2)
5.355: (turn_to satellite3 star20 star7)
5.395: (turn_to satellite3 star27 planet25)
5.398: (turn_to satellite5 groundstation12 star19)
5.403: (turn_to satellite5 groundstation12 star19)
5.404: (turn_to satellite3 star27 planet25)
5.421: (turn_to satellite3 groundstation17 star7)
5.428: (turn_to satellite3 star20 star7)
5.431: (turn_to satellite1 star20 groundstation17)
5.434: (turn_to satellite1 groundstation17 star7)
5.435: (turn_to satellite3 groundstation17 star7)
5.336: (turn_to satellite5 star19 groundstation12)
5.356: (turn_to satellite3 groundstation17 star7)
5.374: (turn_to satellite3 star20 star7)
5.386: (turn_to satellite5 star14 groundstation12)
5.390: (turn_to satellite0 groundstation10 star6)
5.402: (turn_to satellite3 groundstation17 star7)
5.406: (turn_to satellite1 star20 groundstation17)
5.407: (turn_to satellite3 star20 star7)
5.418: (turn_to satellite0 groundstation10 star6)
5.420: (turn_to satellite5 groundstation12 star19)
5.398: (take_image satellite6 star26 instrument39 thermograph2)
5.411: (turn_to satellite5 star14 groundstation12)
5.419: (turn_to satellite3 groundstation17 star7)
5.429: (turn_to satellite0 groundstation10 star6)
5.431: (turn_to satellite0 groundstation10 star6)
5.431: (turn_to satellite0 groundstation10 star6)
5.432: (turn_to satellite1 star13 star20)
5.436: (turn_to satellite3 groundstation17 star7)
5.437: (turn_to satellite3 star20 star7)
5.438: (turn_to satellite5 groundstation10 groundstation12)
5.429: (turn_to satellite5 star6 groundstation12)
5.435: (turn_to satellite5 star8 groundstation12)
5.467: (turn_to satellite1 planet25 star27)
5.472: (turn_to satellite3 star7 star20)
5.477: (turn_to satellite5 star6 groundstation12)
5.478: (turn_to satellite1 star27 planet25)
5.479: (take_image satellite6 star26 instrument39 thermograph2)
5.481: (take_image satellite6 star26 instrument39 thermograph2)
5.483: (turn_to satellite1 star27 planet25)
5.489: (take_image satellite6 star26 instrument39 thermograph2)
5.365: (turn_to satellite0 groundstation12 groundstation10)
5.386: (turn_to satellite5 groundstation10 star14)
5.402: (turn_to satellite0 star19 groundstation10)
5.416: (turn_to satellite0 groundstation12 groundstation10)
5.420: (turn_to satellite0 star19 groundstation10)
5.447: (turn_to satellite0 star14 groundstation10)
5.450: (turn_to satellite3 star7 groundstation17)
5.452: (turn_to satellite3 groundstation17 star7)
5.459: (turn_to satellite3 star20 groundstation17)
5.468: (turn_to satellite1 star27 planet25)
5.372: (turn_to satellite3 star7 star20)
5.402: (turn_to satellite1 star27 planet25)
5.407: (take_image satellite6 star26 instrument39 thermograph2)
5.408: (turn_to satellite3 star7 groundstation17)
5.421: (turn_to satellite1 star27 planet25)
5.426: (turn_to satellite5 groundstation10 star6)
5.428: (turn_to satellite3 star7 groundstation17)
5.430: (turn_to satellite1 star20 planet25)
5.432: (turn_to satellite3 groundstation3 star20)
5.435: (take_image satellite6 star26 instrument39 thermograph2)
5.365: (turn_to satellite1 star27 planet25)
5.404: (turn_to satellite0 star19 star14)
5.409: (turn_to satellite0 star8 groundstation12)
5.412: (turn_to satellite3 groundstation17 star20)
5.414: (turn_to satellite0 star14 star19)
5.418: (turn_to satellite1 star27 planet25)
5.423: (turn_to satellite3 star7 star20)
5.433: (turn_to satellite5 groundstation10 star6)
5.434: (turn_to satellite1 star27 planet25)
5.437: (turn_to satellite0 star19 groundstation12)
5.363: (turn_to satellite3 groundstation17 star20)
5.392: (turn_to satellite3 groundstation3 star20)
5.395: (turn_to satellite3 star7 groundstation3)
5.415: (turn_to satellite5 groundstation10 star6)
5.416: (turn_to satellite1 star20 star27)
5.416: (turn_to satellite1 star27 planet25)
5.421: (turn_to satellite5 groundstation10 star6)
5.441: (turn_to satellite0 star19 groundstation12)
5.442: (turn_to satellite3 groundstation23 star20)
5.451: (take_image satellite6 star26 instrument39 thermograph2)
5.363: (take_image satellite6 star26 instrument39 thermograph2)
5.387: (turn_to satellite1 planet25 star27)
5.406: (turn_to satellite0 star6 groundstation12)
5.473: (turn_to satellite0 groundstation12 star19)
5.479: (turn_to satellite3 groundstation3 star20)
5.482: (turn_to satellite3 planet25 star20)
5.486: (turn_to satellite3 star13 groundstation23)
5.487: (turn_to satellite0 groundstation10 star14)
5.488: (turn_to satellite3 star27 star20)
5.492: (turn_to satellite0 star1 star19)
5.332: (turn_to satellite1 groundstation17 star20)
5.339: (turn_to satellite1 star7 star20)
5.351: (turn_to satellite2 star14 groundstation4)
5.374: (turn_to satellite0 groundstation12 star19)
5.374: (turn_to satellite0 star14 star19)
5.391: (turn_to satellite1 groundstation3 star20)
5.437: (turn_to satellite1 star13 star27)
5.438: (take_image satellite6 star26 instrument39 thermograph2)
5.445: (turn_to satellite1 groundstation17 star20)
5.454: (turn_to satellite1 groundstation3 star20)
5.301: (turn_to satellite1 star7 groundstation17)
5.332: (take_image satellite6 star26 instrument39 thermograph2)
5.386: (turn_to satellite1 groundstation23 groundstation17)
5.401: (turn_to satellite3 groundstation17 planet25)
5.402: (turn_to satellite3 planet25 star27)
5.408: (turn_to satellite1 star7 star20)
5.416: (turn_to satellite0 star14 star19)
5.430: (turn_to satellite2 star14 groundstation4)
5.432: (turn_to satellite0 star14 star19)
5.432: (turn_to satellite0 groundstation12 star19)
5.367: (turn_to satellite0 star14 groundstation12)
5.403: (take_image satellite6 star26 instrument39 thermograph2)
5.409: (turn_to satellite3 star27 planet25)
5.419: (turn_to satellite1 groundstation17 star7)
5.423: (turn_to satellite3 star7 star27)
5.423: (turn_to satellite0 groundstation3 star14)
5.428: (turn_to satellite3 star27 planet25)
5.432: (turn_to satellite5 groundstation10 star6)
5.437: (turn_to satellite0 groundstation12 star19)
5.451: (turn_to satellite1 groundstation3 groundstation17)
5.377: (turn_to satellite2 star19 groundstation4)
5.405: (turn_to satellite0 star14 groundstation12)
5.436: (turn_to satellite1 groundstation3 groundstation17)
5.440: (turn_to satellite5 groundstation10 star6)
5.445: (turn_to satellite5 groundstation10 star6)
5.449: (turn_to satellite1 groundstation3 star7)
5.452: (turn_to satellite0 groundstation10 groundstation12)
5.459: (turn_to satellite1 groundstation17 star7)
5.467: (turn_to satellite1 star13 groundstation17)
5.468: (turn_to satellite0 groundstation12 groundstation3)
5.418: (turn_to satellite3 planet25 star27)
5.426: (turn_to satellite1 groundstation3 star7)
5.429: (turn_to satellite0 groundstation12 star14)
5.453: (turn_to satellite1 groundstation17 star7)
5.465: (turn_to satellite3 star16 planet25)
5.470: (turn_to satellite3 planet25 star27)
5.472: (turn_to satellite0 groundstation10 groundstation12)
5.472: (turn_to satellite0 star19 star14)
5.479: (turn_to satellite0 groundstation10 star14)
5.485: (turn_to satellite1 star20 groundstation17)
5.439: (turn_to satellite1 star20 star13)
5.464: (turn_to satellite1 star20 star13)
5.470: (turn_to satellite1 star20 groundstation17)
5.491: (turn_to satellite5 groundstation12 star6)
5.491: (turn_to satellite3 planet25 star27)
5.491: (turn_to satellite1 star7 star13)
5.492: (turn_to satellite0 groundstation3 groundstation10)
5.497: (turn_to satellite1 groundstation17 star13)
5.510: (turn_to satellite0 star6 groundstation12)
5.514: (turn_to satellite1 star13 star20)
5.436: (turn_to satellite5 star14 groundstation10)
5.441: (turn_to satellite5 groundstation12 star6)
5.451: (turn_to satellite1 groundstation17 star13)
5.456: (turn_to satellite1 star7 groundstation17)
5.461: (turn_to satellite1 star20 star13)
5.461: (turn_to satellite1 groundstation3 groundstation17)
5.464: (turn_to satellite1 star7 star13)
5.466: (turn_to satellite3 planet25 star27)
5.471: (turn_to satellite0 star6 groundstation12)
5.479: (take_image satellite6 star26 instrument39 thermograph2)
5.408: (turn_to satellite0 star19 groundstation10)
5.423: (turn_to satellite0 groundstation12 groundstation3)
5.434: (turn_to satellite0 star19 groundstation3)
5.456: (turn_to satellite0 star14 groundstation10)
5.468: (turn_to satellite1 star20 groundstation17)
5.481: (turn_to satellite3 star16 planet25)
5.485: (turn_to satellite1 star20 groundstation17)
5.491: (turn_to satellite3 star27 planet25)
5.493: (turn_to satellite5 groundstation10 star6)
5.494: (turn_to satellite5 groundstation12 star6)
5.442: (turn_to satellite1 star16 star13)
5.485: (turn_to satellite1 star13 star7)
5.488: (turn_to satellite3 star27 planet25)
5.493: (turn_to satellite3 planet25 star27)
5.510: (turn_to satellite3 star16 planet25)
5.512: (turn_to satellite1 groundstation9 star13)
5.518: (turn_to satellite1 groundstation23 star13)
5.525: (turn_to satellite1 star27 star13)
5.525: (turn_to satellite1 groundstation3 star13)
5.526: (turn_to satellite1 groundstation9 star13)
5.425: (switch_off instrument1 satellite0)
5.438: (turn_to satellite3 groundstation17 star16)
5.441: (turn_to satellite3 star7 star16)
5.443: (turn_to satellite0 star19 groundstation3)
5.449: (turn_to satellite0 star16 groundstation3)
5.459: (turn_to satellite1 groundstation23 groundstation3)
5.459: (turn_to satellite3 star27 planet25)
5.460: (turn_to satellite5 star19 star14)
5.462: (turn_to satellite0 star13 groundstation3)
5.462: (turn_to satellite0 groundstation4 groundstation3)
5.407: (switch_on instrument0 satellite0)
5.425: (switch_on instrument3 satellite0)
5.447: (switch_on instrument2 satellite0)
5.461: (turn_to satellite3 star27 star16)
5.469: (turn_to satellite3 groundstation17 star16)
5.471: (turn_to satellite0 star6 groundstation4)
5.474: (turn_to satellite3 star7 star16)
5.477: (turn_to satellite0 groundstation22 star13)
5.486: (turn_to satellite3 planet25 star16)
5.488: (turn_to satellite0 groundstation10 star13)
5.180: (turn_to satellite0 groundstation10 groundstation3)
5.207: (turn_to satellite0 groundstation10 groundstation3)
5.265: (turn_to satellite0 groundstation10 groundstation3)
5.320: (turn_to satellite0 star19 groundstation3)
5.327: (turn_to satellite0 groundstation12 groundstation3)
5.327: (turn_to satellite0 groundstation12 groundstation3)
5.332: (turn_to satellite0 star19 groundstation3)
5.357: (turn_to satellite0 groundstation12 groundstation3)
5.371: (turn_to satellite1 planet25 star27)
5.371: (turn_to satellite0 star8 groundstation3)
5.129: (turn_to satellite1 planet25 star27)
5.195: (turn_to satellite1 planet25 star27)
5.198: (turn_to satellite2 groundstation10 groundstation4)
5.201: (turn_to satellite1 planet25 star27)
5.239: (turn_to satellite0 groundstation10 groundstation3)
5.245: (turn_to satellite1 planet25 star27)
5.264: (turn_to satellite5 groundstation10 star6)
5.275: (turn_to satellite3 star20 star16)
5.277: (take_image satellite6 star26 instrument39 thermograph2)
5.280: (turn_to satellite3 groundstation17 star16)
5.172: (turn_to satellite0 groundstation4 star19)
5.190: (turn_to satellite1 planet25 star27)
5.209: (take_image satellite6 star26 instrument39 thermograph2)
5.237: (turn_to satellite2 star19 groundstation4)
5.253: (turn_to satellite2 groundstation3 groundstation4)
5.255: (turn_to satellite5 groundstation10 star6)
5.256: (turn_to satellite0 star19 groundstation10)
5.257: (turn_to satellite3 planet25 star16)
5.258: (take_image satellite6 star26 instrument39 thermograph2)
5.264: (turn_to satellite1 star16 planet25)
5.153: (turn_to satellite1 star16 planet25)
5.168: (turn_to satellite1 planet25 star27)
5.228: (turn_to satellite0 star6 groundstation12)
5.246: (take_image satellite6 star26 instrument39 thermograph2)
5.277: (turn_to satellite1 star27 planet25)
5.277: (turn_to satellite1 star16 star27)
5.297: (turn_to satellite1 star27 planet25)
5.303: (turn_to satellite0 star13 star19)
5.307: (turn_to satellite3 star27 star16)
5.319: (turn_to satellite6 phenomenon24 star26)
4.941: (take_image satellite6 phenomenon24 instrument39 thermograph2)
5.178: (turn_to satellite3 planet25 star16)
5.179: (take_image satellite6 star26 instrument39 thermograph2)
5.187: (turn_to satellite1 star27 planet25)
5.202: (turn_to satellite2 star19 groundstation4)
5.219: (take_image satellite6 star26 instrument39 thermograph2)
5.229: (turn_to satellite1 planet25 star27)
5.235: (turn_to satellite5 groundstation12 groundstation10)
5.240: (turn_to satellite4 star26 phenomenon24)
5.247: (turn_to satellite3 star27 planet25)
4.279: (turn_to satellite6 star2 phenomenon24)
4.707: (turn_to satellite4 star26 phenomenon24)
4.730: (turn_to satellite6 star26 phenomenon24)
4.805: (take_image satellite6 phenomenon24 instrument39 thermograph2)
5.031: (turn_to satellite4 groundstation12 phenomenon24)
5.050: (turn_to satellite4 groundstation22 phenomenon24)
5.058: (turn_to satellite6 groundstation22 phenomenon24)
5.064: (turn_to satellite4 groundstation4 phenomenon24)
5.068: (turn_to satellite4 star6 phenomenon24)
5.068: (turn_to satellite6 groundstation12 phenomenon24)
3.644: (calibrate satellite5 instrument30 star6)
3.908: (turn_to satellite4 star26 phenomenon24)
3.911: (turn_to satellite6 star2 phenomenon24)
4.169: (turn_to satellite6 star2 phenomenon24)
4.189: (turn_to satellite6 star2 phenomenon24)
4.215: (turn_to satellite4 groundstation12 phenomenon24)
4.242: (turn_to satellite4 groundstation22 phenomenon24)
4.248: (turn_to satellite6 star2 phenomenon24)
4.262: (take_image satellite6 star2 instrument39 infrared4)
4.264: (turn_to satellite4 groundstation4 phenomenon24)
3.176: (calibrate satellite5 instrument30 star6)
3.213: (turn_to satellite3 star13 star16)
3.218: (turn_to satellite4 groundstation22 phenomenon24)
3.227: (turn_to satellite4 star19 phenomenon24)
3.247: (turn_to satellite3 groundstation3 star16)
3.297: (turn_to satellite1 star16 planet25)
3.312: (turn_to satellite4 groundstation3 phenomenon24)
3.313: (turn_to satellite4 groundstation9 phenomenon24)
3.315: (calibrate satellite5 instrument30 star6)
3.328: (turn_to satellite1 star6 planet25)
2.994: (turn_to satellite4 star26 phenomenon24)
3.049: (turn_to satellite5 groundstation12 star6)
3.054: (turn_to satellite4 groundstation12 phenomenon24)
3.067: (turn_to satellite4 groundstation12 phenomenon24)
3.073: (turn_to satellite5 star19 star6)
3.098: (turn_to satellite0 star19 groundstation10)
3.098: (turn_to satellite0 groundstation22 groundstation10)
3.114: (turn_to satellite0 groundstation3 groundstation10)
3.120: (turn_to satellite4 groundstation22 phenomenon24)
3.130: (turn_to satellite4 star8 phenomenon24)
2.562: (turn_to satellite1 groundstation23 star16)
2.580: (turn_to satellite3 groundstation23 star16)
2.581: (turn_to satellite1 groundstation3 star16)
2.584: (turn_to satellite1 groundstation9 star16)
2.587: (turn_to satellite3 groundstation9 star16)
2.598: (turn_to satellite3 star13 star16)
2.599: (turn_to satellite3 groundstation3 star16)
2.604: (turn_to satellite1 star13 star16)
2.609: (turn_to satellite3 star5 star16)
2.616: (turn_to satellite1 star5 star16)
2.470: (turn_to satellite1 star13 star16)
2.478: (turn_to satellite1 groundstation23 star16)
2.506: (turn_to satellite3 star13 star16)
2.508: (turn_to satellite0 groundstation23 groundstation10)
2.519: (turn_to satellite1 groundstation10 star16)
2.526: (turn_to satellite0 groundstation3 groundstation10)
2.530: (turn_to satellite5 star19 star6)
2.530: (turn_to satellite1 groundstation3 star16)
2.531: (take_image satellite5 star6 instrument30 thermograph5)
2.536: (turn_to satellite5 star13 star6)
2.342: (turn_to satellite5 star20 star6)
2.405: (turn_to satellite0 groundstation12 groundstation10)
2.425: (take_image satellite5 star6 instrument30 image8)
2.439: (take_image satellite5 star6 instrument30 thermograph5)
2.440: (turn_to satellite5 star7 star6)
2.444: (take_image satellite5 star6 instrument30 infrared7)
2.448: (turn_to satellite5 star13 star6)
2.452: (turn_to satellite5 groundstation12 star6)
2.464: (take_image satellite5 star6 instrument30 thermograph5)
2.466: (turn_to satellite5 star19 star6)
2.409: (turn_to satellite0 groundstation23 groundstation10)
2.414: (turn_to satellite5 star20 star6)
2.430: (turn_to satellite5 groundstation22 star7)
2.444: (turn_to satellite5 groundstation4 star6)
2.453: (turn_to satellite5 star13 star6)
2.460: (take_image satellite5 star6 instrument30 infrared7)
2.461: (turn_to satellite5 star13 star6)
2.462: (take_image satellite6 star2 instrument39 infrared4)
2.464: (turn_to satellite0 groundstation3 groundstation10)
2.469: (turn_to satellite1 groundstation23 groundstation10)
2.223: (take_image satellite5 groundstation4 instrument30 thermograph5)
2.249: (turn_to satellite1 groundstation18 groundstation10)
2.260: (take_image satellite5 groundstation4 instrument30 infrared7)
2.267: (take_image satellite5 groundstation4 instrument30 image8)
2.271: (turn_to satellite1 star13 groundstation10)
2.276: (turn_to satellite3 star6 groundstation3)
2.279: (turn_to satellite1 star6 groundstation10)
2.302: (take_image satellite4 star26 instrument28 spectrograph10)
2.312: (turn_to satellite1 groundstation3 groundstation10)
2.329: (turn_to satellite1 star19 groundstation10)
2.207: (turn_to satellite1 groundstation9 groundstation10)
2.217: (take_image satellite5 groundstation4 instrument30 thermograph5)
2.228: (turn_to satellite1 groundstation9 groundstation10)
2.229: (take_image satellite5 groundstation4 instrument30 image8)
2.238: (turn_to satellite5 star8 groundstation4)
2.243: (turn_to satellite5 star19 groundstation4)
2.245: (take_image satellite4 star26 instrument28 spectrograph10)
2.248: (take_image satellite5 groundstation4 instrument30 thermograph5)
2.251: (take_image satellite6 star2 instrument39 infrared4)
2.252: (take_image satellite5 groundstation4 instrument30 infrared7)
2.179: (turn_to satellite1 groundstation9 groundstation10)
2.186: (take_image satellite5 groundstation4 instrument30 image8)
2.192: (turn_to satellite5 star27 groundstation4)
2.197: (turn_to satellite2 groundstation12 groundstation4)
2.201: (turn_to satellite5 groundstation22 groundstation4)
2.207: (turn_to satellite5 planet25 groundstation4)
2.215: (turn_to satellite1 groundstation18 groundstation10)
2.218: (turn_to satellite2 star19 groundstation4)
2.220: (turn_to satellite1 groundstation9 star13)
2.222: (turn_to satellite5 groundstation12 groundstation4)
2.155: (turn_to satellite1 groundstation3 groundstation9)
2.162: (take_image satellite5 groundstation4 instrument30 image8)
2.163: (take_image satellite5 groundstation22 instrument30 thermograph5)
2.173: (turn_to satellite1 star13 groundstation9)
2.174: (turn_to satellite0 star19 groundstation12)
2.178: (take_image satellite5 groundstation22 instrument30 infrared7)
2.178: (take_image satellite5 groundstation22 instrument30 image8)
2.185: (turn_to satellite1 groundstation22 groundstation9)
2.187: (take_image satellite6 star2 instrument39 infrared4)
2.190: (take_image satellite4 star26 instrument28 spectrograph10)
2.128: (turn_to satellite1 star13 groundstation9)
2.170: (turn_to satellite5 star27 groundstation22)
2.182: (turn_to satellite3 star13 groundstation3)
2.186: (turn_to satellite5 planet25 groundstation22)
2.186: (turn_to satellite1 star5 star13)
2.187: (turn_to satellite1 groundstation3 groundstation9)
2.193: (turn_to satellite5 groundstation4 planet25)
2.196: (turn_to satellite5 star19 groundstation22)
2.198: (turn_to satellite5 star8 groundstation22)
2.200: (take_image satellite6 star2 instrument39 infrared4)
2.170: (turn_to satellite1 star5 groundstation9)
2.177: (take_image satellite5 planet25 instrument30 thermograph5)
2.188: (take_image satellite5 planet25 instrument30 infrared7)
2.190: (turn_to satellite5 star27 planet25)
2.191: (take_image satellite6 star2 instrument39 infrared4)
2.193: (take_image satellite4 star26 instrument28 spectrograph10)
2.200: (take_image satellite6 star2 instrument39 thermograph2)
2.203: (take_image satellite5 planet25 instrument30 image8)
2.203: (turn_to satellite1 star13 groundstation9)
2.208: (take_image satellite5 planet25 instrument30 thermograph5)
2.161: (turn_to satellite0 star19 groundstation12)
2.163: (turn_to satellite5 groundstation4 planet25)
2.170: (take_image satellite6 star2 instrument39 infrared4)
2.171: (turn_to satellite5 star19 planet25)
2.174: (turn_to satellite5 star27 planet25)
2.176: (take_image satellite4 star26 instrument28 spectrograph10)
2.177: (turn_to satellite5 star8 planet25)
2.179: (turn_to satellite5 groundstation22 planet25)
2.185: (turn_to satellite1 star5 groundstation9)
2.187: (take_image satellite5 planet25 instrument30 infrared7)
2.154: (turn_to satellite1 star5 groundstation9)
2.163: (turn_to satellite1 star13 groundstation9)
2.168: (turn_to satellite1 groundstation3 groundstation9)
2.168: (turn_to satellite0 star19 groundstation12)
2.178: (take_image satellite6 star2 instrument39 thermograph2)
2.179: (take_image satellite6 star2 instrument39 infrared4)
2.182: (turn_to satellite5 planet25 star27)
2.189: (turn_to satellite0 star8 groundstation12)
2.190: (take_image satellite5 star27 instrument30 thermograph5)
2.196: (turn_to satellite1 star5 groundstation9)
2.121: (turn_to satellite5 groundstation22 star19)
2.140: (turn_to satellite0 star19 groundstation12)
2.145: (turn_to satellite5 star8 star19)
2.164: (take_image satellite5 star19 instrument30 infrared7)
2.166: (take_image satellite5 star19 instrument30 thermograph5)
2.167: (turn_to satellite1 star13 groundstation9)
2.170: (turn_to satellite5 groundstation22 star27)
2.171: (take_image satellite6 star2 instrument39 thermograph2)
2.173: (turn_to satellite3 star13 groundstation3)
2.180: (take_image satellite6 star2 instrument39 infrared4)
2.093: (turn_to satellite5 groundstation22 star19)
2.098: (turn_to satellite5 groundstation22 star19)
2.132: (turn_to satellite5 star8 star19)
2.133: (take_image satellite5 star8 instrument30 thermograph5)
2.144: (take_image satellite5 star8 instrument30 infrared7)
2.159: (take_image satellite4 star26 instrument28 spectrograph10)
2.168: (turn_to satellite5 star8 star19)
2.169: (turn_to satellite0 star13 groundstation12)
2.170: (turn_to satellite1 groundstation9 groundstation3)
2.170: (turn_to satellite1 star13 groundstation3)
2.066: (turn_to satellite5 groundstation22 star8)
2.127: (take_image satellite4 star26 instrument28 spectrograph10)
2.138: (take_image satellite6 star2 instrument39 infrared4)
2.146: (turn_to satellite5 groundstation22 star8)
2.146: (turn_to satellite1 groundstation9 groundstation3)
2.147: (turn_to satellite3 star8 groundstation3)
2.149: (take_image satellite6 star2 instrument39 infrared4)
2.154: (turn_to satellite1 star8 groundstation3)
2.156: (take_image satellite4 star26 instrument28 spectrograph10)
2.158: (take_image satellite5 star8 instrument30 thermograph5)
2.064: (take_image satellite6 star2 instrument39 infrared4)
2.075: (take_image satellite4 star26 instrument28 spectrograph10)
2.084: (turn_to satellite5 groundstation22 star8)
2.098: (take_image satellite6 star2 instrument39 thermograph2)
2.118: (turn_to satellite3 groundstation4 groundstation3)
2.135: (turn_to satellite1 star5 groundstation3)
2.136: (take_image satellite5 groundstation22 instrument30 infrared7)
2.143: (turn_to satellite3 star5 groundstation3)
2.147: (turn_to satellite1 groundstation9 groundstation3)
2.149: (take_image satellite5 groundstation22 instrument30 image8)
2.089: (take_image satellite4 star26 instrument28 spectrograph10)
2.091: (take_image satellite6 star2 instrument39 infrared4)
2.133: (take_image satellite6 star2 instrument39 infrared4)
2.140: (take_image satellite6 star2 instrument39 thermograph2)
2.143: (take_image satellite5 groundstation22 instrument30 infrared7)
2.147: (turn_to satellite3 groundstation4 groundstation3)
2.153: (take_image satellite4 star26 instrument28 spectrograph10)
2.153: (turn_to satellite1 groundstation9 groundstation3)
2.155: (turn_to satellite3 groundstation9 groundstation3)
2.166: (take_image satellite5 groundstation22 instrument30 infrared7)
2.112: (take_image satellite4 star26 instrument28 spectrograph10)
2.119: (take_image satellite6 star2 instrument39 thermograph2)
2.139: (turn_to satellite1 groundstation9 groundstation3)
2.144: (turn_to satellite3 groundstation22 groundstation3)
2.153: (turn_to satellite3 star5 groundstation4)
2.154: (turn_to satellite3 groundstation9 groundstation4)
2.156: (take_image satellite6 star2 instrument39 infrared4)
2.156: (take_image satellite4 star26 instrument28 spectrograph10)
2.157: (turn_to satellite3 groundstation4 groundstation3)
2.162: (turn_to satellite1 groundstation22 groundstation3)
2.135: (turn_to satellite3 star13 star5)
2.136: (turn_to satellite3 groundstation22 star5)
2.138: (turn_to satellite3 groundstation12 star5)
2.165: (take_image satellite6 star2 instrument39 thermograph2)
2.172: (turn_to satellite5 star19 groundstation22)
2.176: (turn_to satellite5 star27 groundstation22)
2.176: (turn_to satellite5 groundstation4 groundstation22)
2.187: (take_image satellite4 star26 instrument28 spectrograph10)
2.188: (turn_to satellite3 groundstation9 groundstation22)
2.189: (turn_to satellite3 groundstation23 star5)
2.143: (turn_to satellite3 groundstation9 star5)
2.162: (turn_to satellite5 planet25 star19)
2.170: (take_image satellite4 star26 instrument28 spectrograph10)
2.178: (turn_to satellite3 star13 star5)
2.183: (turn_to satellite1 star13 groundstation9)
2.187: (turn_to satellite3 groundstation12 star5)
2.189: (turn_to satellite0 groundstation3 groundstation12)
2.191: (turn_to satellite5 groundstation12 star19)
2.195: (turn_to satellite5 star27 groundstation22)
2.198: (turn_to satellite5 phenomenon24 star19)
2.154: (turn_to satellite0 groundstation3 groundstation12)
2.157: (turn_to satellite0 star19 groundstation12)
2.165: (turn_to satellite5 star8 star19)
2.176: (take_image satellite5 star19 instrument30 image8)
2.179: (take_image satellite4 star26 instrument28 spectrograph10)
2.182: (turn_to satellite0 star13 groundstation12)
2.193: (take_image satellite5 star19 instrument30 infrared7)
2.196: (turn_to satellite3 groundstation3 star5)
2.201: (turn_to satellite5 star27 groundstation22)
2.203: (turn_to satellite0 groundstation4 groundstation12)
2.126: (turn_to satellite0 groundstation3 groundstation12)
2.141: (turn_to satellite0 star19 groundstation12)
2.146: (turn_to satellite3 groundstation9 star13)
2.158: (turn_to satellite3 groundstation4 star13)
2.180: (turn_to satellite0 groundstation4 groundstation12)
2.181: (turn_to satellite3 groundstation12 star13)
2.189: (turn_to satellite1 groundstation23 star13)
2.191: (turn_to satellite3 groundstation22 star13)
2.194: (turn_to satellite0 star19 groundstation12)
2.196: (turn_to satellite0 star13 groundstation12)
2.103: (turn_to satellite2 groundstation3 groundstation4)
2.119: (take_image satellite5 star19 instrument30 infrared7)
2.123: (take_image satellite6 star2 instrument39 thermograph2)
2.150: (turn_to satellite2 groundstation22 groundstation4)
2.155: (turn_to satellite2 star13 groundstation4)
2.155: (turn_to satellite2 star19 groundstation4)
2.164: (take_image satellite5 star19 instrument30 thermograph5)
2.167: (turn_to satellite1 groundstation9 star13)
2.176: (turn_to satellite3 groundstation9 groundstation3)
2.182: (take_image satellite5 groundstation22 instrument30 image8)
2.173: (turn_to satellite2 groundstation3 groundstation4)
2.175: (turn_to satellite1 groundstation3 star13)
2.183: (take_image satellite5 star19 instrument30 infrared7)
2.184: (take_image satellite6 star2 instrument39 thermograph2)
2.197: (turn_to satellite3 groundstation9 groundstation3)
2.199: (take_image satellite5 star19 instrument30 infrared7)
2.203: (take_image satellite5 star19 instrument30 infrared7)
2.203: (turn_to satellite3 groundstation23 groundstation3)
2.204: (take_image satellite4 star26 instrument28 spectrograph10)
2.209: (take_image satellite4 star26 instrument28 spectrograph10)
2.157: (turn_to satellite2 groundstation3 star13)
2.200: (turn_to satellite2 star19 star13)
2.200: (turn_to satellite2 groundstation3 star13)
2.204: (turn_to satellite1 groundstation3 star13)
2.214: (take_image satellite5 star19 instrument30 infrared7)
2.219: (take_image satellite5 star19 instrument30 thermograph5)
2.219: (turn_to satellite1 groundstation9 star13)
2.222: (turn_to satellite1 groundstation3 star13)
2.224: (turn_to satellite2 star19 star13)
2.226: (turn_to satellite2 groundstation23 star13)
2.129: (turn_to satellite2 groundstation3 star13)
2.148: (turn_to satellite3 star13 groundstation9)
2.176: (turn_to satellite2 star19 star13)
2.180: (turn_to satellite1 groundstation3 star13)
2.180: (turn_to satellite2 groundstation22 star13)
2.201: (turn_to satellite1 star19 star13)
2.203: (take_image satellite5 star19 instrument30 infrared7)
2.215: (take_image satellite4 star26 instrument28 spectrograph10)
2.224: (take_image satellite4 star26 instrument28 spectrograph10)
2.228: (turn_to satellite3 star13 groundstation3)
2.201: (turn_to satellite1 groundstation9 star13)
2.202: (take_image satellite4 star26 instrument28 spectrograph10)
2.202: (take_image satellite5 star19 instrument30 thermograph5)
2.203: (take_image satellite4 star26 instrument28 spectrograph10)
2.217: (turn_to satellite3 star13 groundstation3)
2.225: (take_image satellite5 star19 instrument30 thermograph5)
2.226: (take_image satellite4 star26 instrument28 spectrograph6)
2.226: (turn_to satellite3 groundstation9 groundstation3)
2.229: (turn_to satellite5 star27 star19)
2.234: (turn_to satellite5 groundstation12 star19)
2.134: (turn_to satellite2 groundstation3 star13)
2.143: (turn_to satellite2 groundstation4 star13)
2.170: (turn_to satellite2 groundstation3 groundstation22)
2.174: (turn_to satellite2 groundstation3 groundstation22)
2.175: (turn_to satellite2 star19 star13)
2.185: (turn_to satellite2 groundstation22 star13)
2.188: (turn_to satellite2 groundstation4 groundstation22)
2.223: (turn_to satellite5 groundstation4 star19)
2.224: (turn_to satellite2 star19 groundstation22)
2.239: (turn_to satellite0 groundstation12 groundstation4)
2.141: (turn_to satellite3 star13 groundstation3)
2.171: (take_image satellite5 star19 instrument30 thermograph5)
2.174: (turn_to satellite5 star27 star19)
2.175: (turn_to satellite5 planet25 star19)
2.179: (turn_to satellite3 star13 groundstation3)
2.191: (turn_to satellite5 groundstation4 star19)
2.195: (turn_to satellite0 star19 groundstation4)
2.199: (take_image satellite5 star19 instrument30 thermograph5)
2.200: (turn_to satellite5 phenomenon24 star19)
2.201: (take_image satellite5 groundstation4 instrument30 image8)
2.162: (take_image satellite4 star26 instrument28 spectrograph10)
2.189: (take_image satellite5 planet25 instrument30 image8)
2.194: (turn_to satellite1 groundstation23 groundstation3)
2.197: (take_image satellite4 star26 instrument28 spectrograph10)
2.198: (take_image satellite5 star27 instrument30 image8)
2.206: (turn_to satellite1 groundstation3 star13)
2.208: (take_image satellite5 star27 instrument30 infrared7)
2.209: (turn_to satellite5 groundstation4 star19)
2.210: (take_image satellite4 star26 instrument28 spectrograph6)
2.211: (take_image satellite5 groundstation4 instrument30 image8)
2.163: (turn_to satellite1 groundstation23 groundstation3)
2.170: (take_image satellite5 star27 instrument30 thermograph5)
2.178: (take_image satellite4 star26 instrument28 spectrograph10)
2.180: (turn_to satellite5 planet25 star27)
2.180: (turn_to satellite1 groundstation23 groundstation3)
2.180: (take_image satellite5 star27 instrument30 infrared7)
2.185: (turn_to satellite5 phenomenon24 star27)
2.188: (turn_to satellite5 star19 star27)
2.188: (take_image satellite5 planet25 instrument30 image8)
2.192: (turn_to satellite5 groundstation4 planet25)
2.181: (turn_to satellite1 groundstation23 groundstation3)
2.187: (take_image satellite5 planet25 instrument30 image8)
2.193: (take_image satellite5 planet25 instrument30 image8)
2.197: (take_image satellite4 star26 instrument28 spectrograph10)
2.197: (turn_to satellite5 star27 planet25)
2.197: (turn_to satellite5 phenomenon24 planet25)
2.210: (take_image satellite5 star27 instrument30 thermograph5)
2.210: (turn_to satellite1 groundstation23 groundstation3)
2.210: (take_image satellite5 planet25 instrument30 thermograph5)
2.211: (take_image satellite5 star27 instrument30 infrared7)
2.138: (turn_to satellite1 groundstation3 groundstation23)
2.172: (turn_to satellite1 groundstation23 groundstation3)
2.190: (turn_to satellite5 star27 planet25)
2.196: (take_image satellite5 planet25 instrument30 image8)
2.205: (take_image satellite5 star27 instrument30 thermograph5)
2.207: (take_image satellite5 planet25 instrument30 thermograph5)
2.217: (take_image satellite5 planet25 instrument30 thermograph5)
2.219: (turn_to satellite1 groundstation9 groundstation3)
2.221: (turn_to satellite5 phenomenon24 planet25)
2.222: (take_image satellite5 star27 instrument30 infrared7)
2.168: (turn_to satellite1 groundstation3 groundstation23)
2.169: (turn_to satellite1 groundstation23 groundstation3)
2.183: (take_image satellite5 star27 instrument30 image8)
2.188: (turn_to satellite5 star27 planet25)
2.189: (take_image satellite5 star27 instrument30 infrared7)
2.193: (take_image satellite5 star27 instrument30 image8)
2.201: (turn_to satellite5 planet25 star27)
2.203: (turn_to satellite5 phenomenon24 star27)
2.207: (take_image satellite5 star27 instrument30 thermograph5)
2.213: (turn_to satellite1 groundstation9 groundstation3)
2.127: (turn_to satellite1 groundstation3 groundstation23)
2.186: (turn_to satellite5 phenomenon24 star27)
2.187: (take_image satellite5 star27 instrument30 infrared7)
2.187: (turn_to satellite5 planet25 star27)
2.192: (take_image satellite5 star27 instrument30 thermograph5)
2.196: (take_image satellite5 star27 instrument30 infrared7)
2.204: (take_image satellite5 star27 instrument30 thermograph5)
2.212: (take_image satellite5 star27 instrument30 thermograph5)
2.219: (take_image satellite5 star27 instrument30 image8)
2.221: (turn_to satellite5 phenomenon24 star27)
2.192: (turn_to satellite5 phenomenon24 star27)
2.194: (take_image satellite5 star27 instrument30 thermograph5)
2.199: (take_image satellite5 planet25 instrument30 thermograph5)
2.203: (turn_to satellite5 planet25 star27)
2.206: (turn_to satellite5 planet25 star27)
2.218: (turn_to satellite1 groundstation3 groundstation23)
2.229: (take_image satellite5 star27 instrument30 infrared7)
2.232: (turn_to satellite5 phenomenon24 star27)
2.238: (turn_to satellite2 groundstation12 star19)
2.241: (turn_to satellite5 groundstation22 star27)
2.162: (turn_to satellite1 groundstation3 groundstation23)
2.183: (take_image satellite5 planet25 instrument30 thermograph5)
2.189: (turn_to satellite5 star27 planet25)
2.194: (turn_to satellite1 groundstation3 groundstation23)
2.208: (turn_to satellite1 star5 groundstation23)
2.215: (turn_to satellite1 groundstation9 groundstation23)
2.220: (turn_to satellite3 groundstation9 star13)
2.232: (take_image satellite5 phenomenon24 instrument30 thermograph5)
2.234: (take_image satellite5 phenomenon24 instrument30 image8)
2.234: (turn_to satellite5 phenomenon24 planet25)
2.189: (take_image satellite5 star27 instrument30 image8)
2.204: (take_image satellite5 star27 instrument30 thermograph5)
2.207: (turn_to satellite5 groundstation4 planet25)
2.214: (take_image satellite5 planet25 instrument30 thermograph5)
2.225: (turn_to satellite5 phenomenon24 planet25)
2.226: (turn_to satellite5 star19 planet25)
2.233: (turn_to satellite3 groundstation9 star13)
2.235: (turn_to satellite2 groundstation12 star19)
2.238: (turn_to satellite1 star5 groundstation23)
2.241: (turn_to satellite1 groundstation3 groundstation23)
2.170: (turn_to satellite1 groundstation9 groundstation3)
2.207: (turn_to satellite1 groundstation9 groundstation3)
2.208: (take_image satellite5 phenomenon24 instrument30 infrared7)
2.209: (turn_to satellite5 star27 planet25)
2.210: (turn_to satellite5 groundstation4 planet25)
2.212: (turn_to satellite1 star5 groundstation3)
2.217: (turn_to satellite3 groundstation9 star13)
2.226: (turn_to satellite5 phenomenon24 star27)
2.228: (take_image satellite5 phenomenon24 instrument30 image8)
2.230: (take_image satellite5 groundstation4 instrument30 image8)
2.182: (turn_to satellite5 star19 groundstation4)
2.184: (turn_to satellite1 groundstation23 groundstation3)
2.200: (turn_to satellite0 groundstation3 groundstation4)
2.207: (turn_to satellite0 star19 groundstation4)
2.208: (turn_to satellite0 groundstation12 groundstation4)
2.210: (turn_to satellite5 star27 phenomenon24)
2.214: (turn_to satellite0 star13 groundstation4)
2.216: (take_image satellite5 star27 instrument30 infrared7)
2.220: (take_image satellite5 groundstation4 instrument30 thermograph5)
2.220: (take_image satellite5 groundstation4 instrument30 image8)
2.164: (turn_to satellite1 star13 groundstation3)
2.194: (turn_to satellite0 star19 groundstation12)
2.203: (take_image satellite5 groundstation4 instrument30 image8)
2.205: (turn_to satellite1 groundstation3 groundstation9)
2.230: (take_image satellite5 groundstation4 instrument30 thermograph5)
2.235: (turn_to satellite3 groundstation9 star13)
2.236: (take_image satellite5 groundstation4 instrument30 thermograph5)
2.236: (turn_to satellite1 groundstation9 groundstation3)
2.241: (turn_to satellite1 groundstation10 groundstation3)
2.241: (turn_to satellite0 star19 groundstation3)
2.160: (turn_to satellite1 star13 groundstation3)
2.182: (turn_to satellite0 groundstation3 star19)
2.189: (turn_to satellite1 star13 groundstation3)
2.193: (take_image satellite5 groundstation4 instrument30 image8)
2.199: (turn_to satellite2 star7 star19)
2.208: (take_image satellite5 groundstation4 instrument30 thermograph5)
2.211: (turn_to satellite0 groundstation12 star19)
2.214: (turn_to satellite2 groundstation12 star19)
2.214: (turn_to satellite1 groundstation9 groundstation3)
2.214: (take_image satellite5 groundstation4 instrument30 image8)
2.170: (take_image satellite5 groundstation4 instrument30 image8)
2.203: (turn_to satellite1 star13 groundstation3)
2.207: (turn_to satellite0 star13 groundstation12)
2.209: (turn_to satellite2 groundstation12 star19)
2.210: (take_image satellite5 groundstation4 instrument30 thermograph5)
2.222: (turn_to satellite3 groundstation3 star13)
2.229: (turn_to satellite3 groundstation3 star13)
2.234: (turn_to satellite2 groundstation12 star19)
2.235: (turn_to satellite0 star13 groundstation3)
2.235: (take_image satellite4 star26 instrument28 spectrograph6)
2.186: (take_image satellite5 groundstation4 instrument30 thermograph5)
2.191: (turn_to satellite1 groundstation23 groundstation3)
2.192: (take_image satellite5 groundstation4 instrument30 image8)
2.195: (turn_to satellite2 groundstation12 star19)
2.204: (turn_to satellite1 groundstation9 star13)
2.208: (turn_to satellite3 groundstation4 groundstation3)
2.214: (take_image satellite5 groundstation4 instrument30 thermograph5)
2.216: (turn_to satellite3 groundstation3 star13)
2.226: (turn_to satellite1 groundstation23 star13)
2.230: (turn_to satellite0 star13 groundstation3)
2.171: (take_image satellite5 groundstation4 instrument30 thermograph5)
2.181: (turn_to satellite3 groundstation3 star13)
2.188: (turn_to satellite3 groundstation23 star13)
2.192: (turn_to satellite2 groundstation12 star19)
2.201: (take_image satellite5 groundstation4 instrument30 thermograph5)
2.206: (turn_to satellite3 star19 star13)
2.207: (take_image satellite4 star26 instrument28 spectrograph6)
2.209: (take_image satellite5 groundstation4 instrument30 image8)
2.211: (turn_to satellite3 groundstation4 star13)
2.212: (turn_to satellite3 star19 star13)
2.224: (turn_to satellite2 groundstation12 star19)
2.234: (take_image satellite4 star26 instrument28 spectrograph6)
2.235: (turn_to satellite3 groundstation9 groundstation3)
2.235: (take_image satellite4 star26 instrument28 spectrograph6)
2.237: (turn_to satellite0 star13 groundstation3)
2.237: (turn_to satellite3 groundstation3 star13)
2.243: (turn_to satellite1 groundstation3 star13)
2.245: (turn_to satellite2 groundstation12 star19)
2.245: (turn_to satellite0 star19 groundstation3)
2.245: (turn_to satellite2 star8 groundstation12)
2.172: (turn_to satellite1 groundstation3 star13)
2.209: (turn_to satellite0 groundstation12 star13)
2.213: (turn_to satellite0 groundstation4 star13)
2.226: (turn_to satellite0 star19 groundstation3)
2.231: (turn_to satellite2 star20 groundstation12)
2.233: (turn_to satellite1 groundstation3 groundstation9)
2.241: (turn_to satellite0 groundstation12 groundstation3)
2.245: (take_image satellite5 groundstation4 instrument30 thermograph5)
2.246: (turn_to satellite1 groundstation23 star13)
2.247: (turn_to satellite1 groundstation9 star13)
2.180: (turn_to satellite3 groundstation9 groundstation3)
2.180: (turn_to satellite2 star20 star19)
2.191: (turn_to satellite2 groundstation3 groundstation12)
2.202: (take_image satellite5 groundstation4 instrument30 thermograph5)
2.207: (turn_to satellite2 groundstation12 star19)
2.213: (turn_to satellite1 groundstation23 star13)
2.222: (turn_to satellite2 groundstation4 groundstation12)
2.223: (take_image satellite4 star26 instrument28 spectrograph6)
2.225: (turn_to satellite2 groundstation3 star19)
2.229: (turn_to satellite5 planet25 groundstation4)
2.118: (turn_to satellite3 star13 groundstation3)
2.194: (take_image satellite5 groundstation4 instrument30 thermograph5)
2.199: (turn_to satellite3 star19 groundstation3)
2.211: (turn_to satellite3 groundstation10 groundstation3)
2.212: (turn_to satellite0 star19 groundstation4)
2.218: (turn_to satellite2 groundstation12 star19)
2.223: (turn_to satellite3 groundstation9 groundstation3)
2.226: (turn_to satellite3 star13 groundstation3)
2.226: (take_image satellite5 groundstation4 instrument30 thermograph5)
2.228: (turn_to satellite0 groundstation12 star13)
2.185: (turn_to satellite3 star13 groundstation3)
2.208: (turn_to satellite0 groundstation12 star19)
2.217: (turn_to satellite3 groundstation4 star19)
2.218: (take_image satellite5 groundstation4 instrument30 thermograph5)
2.218: (turn_to satellite3 groundstation4 groundstation10)
2.234: (turn_to satellite1 groundstation3 star13)
2.238: (turn_to satellite2 star13 groundstation3)
2.241: (turn_to satellite0 groundstation12 star19)
2.245: (take_image satellite4 star26 instrument28 spectrograph6)
2.253: (turn_to satellite3 groundstation22 star19)
2.195: (take_image satellite5 groundstation4 instrument30 thermograph5)
2.218: (turn_to satellite2 groundstation4 groundstation3)
2.223: (turn_to satellite0 groundstation12 star19)
2.224: (take_image satellite4 star26 instrument28 spectrograph6)
2.229: (turn_to satellite1 star19 groundstation3)
2.233: (take_image satellite5 groundstation4 instrument30 thermograph5)
2.238: (turn_to satellite2 star13 groundstation3)
2.238: (turn_to satellite0 star20 star19)
2.244: (take_image satellite5 groundstation4 instrument30 thermograph5)
2.246: (turn_to satellite1 groundstation3 star13)
2.219: (turn_to satellite1 groundstation9 groundstation3)
2.239: (turn_to satellite3 groundstation23 star13)
2.242: (turn_to satellite2 star13 groundstation3)
2.249: (turn_to satellite2 star19 groundstation3)
2.253: (turn_to satellite3 groundstation9 star13)
2.256: (turn_to satellite1 groundstation4 star19)
2.256: (turn_to satellite1 groundstation22 groundstation3)
2.256: (take_image satellite4 star26 instrument28 spectrograph6)
2.257: (turn_to satellite1 groundstation4 groundstation3)
2.258: (turn_to satellite2 groundstation12 groundstation4)
2.190: (turn_to satellite2 star19 groundstation4)
2.193: (turn_to satellite3 groundstation3 star13)
2.212: (turn_to satellite0 groundstation12 star19)
2.226: (take_image satellite5 groundstation4 instrument30 thermograph5)
2.234: (turn_to satellite0 groundstation3 star19)
2.235: (turn_to satellite3 groundstation9 groundstation23)
2.238: (turn_to satellite5 star19 groundstation4)
2.242: (turn_to satellite3 groundstation3 star13)
2.259: (turn_to satellite1 groundstation23 groundstation3)
2.260: (turn_to satellite0 groundstation12 star19)
2.203: (turn_to satellite1 groundstation23 groundstation9)
2.215: (take_image satellite5 groundstation4 instrument30 thermograph5)
2.221: (turn_to satellite0 groundstation12 star19)
2.226: (turn_to satellite1 groundstation3 groundstation9)
2.227: (take_image satellite5 groundstation4 instrument30 thermograph5)
2.228: (turn_to satellite3 groundstation3 star13)
2.229: (turn_to satellite3 groundstation3 star13)
2.231: (take_image satellite5 groundstation4 instrument30 thermograph5)
2.232: (turn_to satellite2 star19 groundstation4)
2.235: (turn_to satellite5 groundstation12 groundstation4)
2.200: (turn_to satellite2 groundstation12 groundstation4)
2.207: (turn_to satellite2 star7 groundstation4)
2.209: (turn_to satellite5 star27 groundstation4)
2.218: (turn_to satellite0 groundstation3 star19)
2.220: (turn_to satellite5 groundstation12 groundstation4)
2.226: (turn_to satellite5 groundstation12 groundstation4)
2.226: (turn_to satellite3 star5 star13)
2.227: (turn_to satellite5 phenomenon24 groundstation4)
2.227: (turn_to satellite2 groundstation12 groundstation4)
2.231: (turn_to satellite1 groundstation23 groundstation9)
2.204: (take_image satellite5 star27 instrument30 infrared7)
2.209: (turn_to satellite3 groundstation9 groundstation3)
2.213: (turn_to satellite1 groundstation9 groundstation23)
2.223: (turn_to satellite1 star5 groundstation23)
2.225: (turn_to satellite0 groundstation4 groundstation12)
2.226: (turn_to satellite1 groundstation23 groundstation3)
2.228: (take_image satellite5 groundstation4 instrument30 thermograph5)
2.229: (turn_to satellite3 groundstation9 star13)
2.238: (turn_to satellite0 groundstation12 star19)
2.245: (turn_to satellite2 groundstation12 star7)
2.205: (turn_to satellite2 groundstation12 star19)
2.215: (turn_to satellite3 groundstation3 star13)
2.218: (turn_to satellite0 groundstation4 groundstation12)
2.219: (turn_to satellite2 star8 star19)
2.227: (turn_to satellite1 groundstation18 groundstation9)
2.229: (turn_to satellite1 groundstation23 groundstation3)
2.235: (take_image satellite4 star26 instrument28 spectrograph6)
2.238: (take_image satellite5 groundstation4 instrument30 thermograph5)
2.239: (turn_to satellite1 groundstation3 groundstation9)
2.240: (switch_off instrument39 satellite6)
2.209: (turn_to satellite2 star7 star19)
2.226: (turn_to satellite5 planet25 groundstation4)
2.228: (turn_to satellite1 groundstation18 groundstation9)
2.232: (take_image satellite5 groundstation4 instrument30 thermograph5)
2.234: (turn_to satellite5 groundstation12 groundstation4)
2.249: (turn_to satellite0 groundstation4 groundstation12)
2.251: (turn_to satellite1 groundstation3 groundstation9)
2.252: (turn_to satellite5 star27 groundstation4)
2.255: (turn_to satellite0 groundstation3 groundstation12)
2.256: (turn_to satellite1 star5 groundstation9)
2.186: (turn_to satellite2 star7 groundstation12)
2.239: (turn_to satellite0 star7 groundstation3)
2.245: (turn_to satellite3 groundstation23 groundstation9)
2.257: (turn_to satellite1 groundstation23 groundstation9)
2.258: (turn_to satellite3 groundstation23 star13)
2.260: (turn_to satellite2 star20 groundstation12)
2.261: (turn_to satellite3 groundstation3 star13)
2.262: (turn_to satellite2 star19 groundstation12)
2.268: (turn_to satellite2 star8 star7)
2.272: (turn_to satellite2 star8 groundstation12)
2.175: (turn_to satellite2 star19 groundstation12)
2.184: (turn_to satellite1 groundstation23 groundstation3)
2.222: (turn_to satellite1 planet25 groundstation3)
2.227: (turn_to satellite0 star19 groundstation3)
2.232: (turn_to satellite0 star8 star7)
2.233: (turn_to satellite1 star27 groundstation3)
2.234: (turn_to satellite2 star8 groundstation12)
2.239: (turn_to satellite0 groundstation12 star7)
2.240: (turn_to satellite0 star8 groundstation3)
2.240: (turn_to satellite2 star19 star7)
2.208: (turn_to satellite0 star13 groundstation3)
2.217: (turn_to satellite2 star20 star8)
2.223: (turn_to satellite2 star7 groundstation12)
2.228: (take_image satellite5 groundstation4 instrument30 thermograph5)
2.230: (turn_to satellite5 phenomenon24 planet25)
2.233: (turn_to satellite3 groundstation4 groundstation9)
2.235: (turn_to satellite5 star27 planet25)
2.239: (take_image satellite5 groundstation4 instrument30 thermograph5)
2.244: (turn_to satellite3 groundstation12 groundstation9)
2.245: (turn_to satellite3 star8 groundstation9)
2.163: (turn_to satellite1 groundstation3 groundstation23)
2.168: (turn_to satellite2 star19 groundstation12)
2.170: (turn_to satellite2 star20 groundstation12)
2.201: (take_image satellite5 phenomenon24 instrument30 infrared7)
2.212: (turn_to satellite2 star8 star7)
2.213: (take_image satellite5 phenomenon24 instrument30 image8)
2.213: (take_image satellite5 phenomenon24 instrument30 thermograph5)
2.215: (turn_to satellite2 star19 star7)
2.236: (turn_to satellite2 groundstation4 star7)
2.248: (take_image satellite5 groundstation4 instrument30 thermograph5)
2.178: (take_image satellite5 groundstation4 instrument30 thermograph5)
2.191: (turn_to satellite5 planet25 phenomenon24)
2.192: (turn_to satellite5 star27 phenomenon24)
2.212: (turn_to satellite3 groundstation3 groundstation9)
2.218: (turn_to satellite1 star19 groundstation23)
2.218: (take_image satellite5 phenomenon24 instrument30 thermograph5)
2.218: (turn_to satellite3 groundstation4 groundstation9)
2.220: (turn_to satellite1 star13 groundstation23)
2.222: (turn_to satellite3 groundstation12 groundstation9)
2.223: (take_image satellite4 star26 instrument28 spectrograph6)
2.201: (take_image satellite5 star27 instrument30 infrared7)
2.223: (turn_to satellite2 groundstation12 star19)
2.226: (turn_to satellite1 star13 groundstation23)
2.227: (turn_to satellite3 groundstation9 star13)
2.230: (turn_to satellite3 star13 groundstation23)
2.234: (turn_to satellite3 star19 groundstation23)
2.237: (turn_to satellite1 star5 groundstation23)
2.240: (turn_to satellite2 groundstation22 star8)
2.240: (turn_to satellite2 star13 star8)
2.240: (turn_to satellite1 groundstation9 groundstation3)
2.229: (turn_to satellite5 phenomenon24 star27)
2.240: (turn_to satellite5 planet25 star27)
2.241: (turn_to satellite5 groundstation4 star27)
2.242: (turn_to satellite1 star19 star13)
2.245: (turn_to satellite0 star20 groundstation12)
2.246: (turn_to satellite5 groundstation12 star27)
2.247: (turn_to satellite5 phenomenon24 star27)
2.248: (turn_to satellite1 star13 groundstation23)
2.256: (turn_to satellite1 groundstation3 groundstation23)
2.257: (turn_to satellite1 groundstation3 groundstation23)
2.221: (turn_to satellite5 planet25 groundstation4)
2.223: (turn_to satellite1 groundstation9 groundstation23)
2.226: (turn_to satellite0 groundstation12 groundstation4)
2.228: (turn_to satellite1 groundstation18 groundstation23)
2.229: (take_image satellite5 phenomenon24 instrument30 image8)
2.231: (take_image satellite5 phenomenon24 instrument30 thermograph5)
2.231: (turn_to satellite0 star19 star20)
2.244: (turn_to satellite5 star19 groundstation4)
2.254: (turn_to satellite2 groundstation12 star19)
2.261: (turn_to satellite3 groundstation18 star13)
2.178: (turn_to satellite1 groundstation3 groundstation23)
2.185: (turn_to satellite1 groundstation9 groundstation23)
2.205: (turn_to satellite2 groundstation4 groundstation12)
2.219: (turn_to satellite1 star5 groundstation23)
2.222: (turn_to satellite3 groundstation18 star13)
2.223: (turn_to satellite0 groundstation12 groundstation4)
2.224: (turn_to satellite1 groundstation18 groundstation23)
2.226: (turn_to satellite5 planet25 phenomenon24)
2.230: (take_image satellite5 groundstation4 instrument30 thermograph5)
2.236: (turn_to satellite5 star27 phenomenon24)
2.208: (turn_to satellite1 groundstation9 groundstation23)
2.210: (turn_to satellite1 groundstation3 groundstation18)
2.215: (turn_to satellite3 groundstation3 star13)
2.217: (turn_to satellite5 groundstation12 groundstation4)
2.226: (take_image satellite5 groundstation4 instrument30 thermograph5)
2.232: (turn_to satellite5 star27 groundstation4)
2.237: (turn_to satellite2 star19 groundstation4)
2.238: (turn_to satellite2 groundstation4 groundstation12)
2.240: (turn_to satellite5 planet25 groundstation4)
2.240: (turn_to satellite3 groundstation3 star13)
2.205: (turn_to satellite0 star19 groundstation12)
2.210: (turn_to satellite2 groundstation4 groundstation12)
2.225: (take_image satellite5 groundstation4 instrument30 thermograph5)
2.225: (turn_to satellite0 star13 groundstation12)
2.225: (turn_to satellite3 star5 star13)
2.229: (turn_to satellite2 groundstation3 groundstation12)
2.231: (turn_to satellite1 groundstation18 star5)
2.235: (turn_to satellite1 star5 groundstation9)
2.237: (turn_to satellite2 groundstation3 groundstation12)
2.240: (take_image satellite5 groundstation4 instrument30 thermograph5)
2.190: (turn_to satellite2 star19 groundstation4)
2.218: (turn_to satellite1 groundstation23 groundstation18)
2.220: (turn_to satellite1 star13 groundstation18)
2.226: (take_image satellite5 groundstation4 instrument30 thermograph5)
2.233: (turn_to satellite2 star19 groundstation12)
2.238: (turn_to satellite5 star19 groundstation4)
2.241: (turn_to satellite1 groundstation3 star5)
2.242: (turn_to satellite3 groundstation9 groundstation3)
2.242: (turn_to satellite3 groundstation3 star13)
2.246: (turn_to satellite3 groundstation9 star5)
2.189: (turn_to satellite3 groundstation23 groundstation3)
2.190: (turn_to satellite3 groundstation9 groundstation3)
2.193: (turn_to satellite0 groundstation3 star13)
2.194: (turn_to satellite3 groundstation3 star13)
2.198: (turn_to satellite2 groundstation3 groundstation12)
2.202: (turn_to satellite2 star19 groundstation12)
2.210: (turn_to satellite0 groundstation12 star13)
2.213: (turn_to satellite0 groundstation4 star13)
2.215: (take_image satellite5 groundstation4 instrument30 thermograph5)
2.215: (turn_to satellite0 groundstation4 star19)
2.172: (turn_to satellite1 star13 groundstation3)
2.194: (take_image satellite4 star26 instrument28 spectrograph6)
2.209: (turn_to satellite0 star19 groundstation12)
2.217: (turn_to satellite2 groundstation4 groundstation12)
2.219: (turn_to satellite1 groundstation9 star13)
2.221: (turn_to satellite0 groundstation4 groundstation12)
2.222: (take_image satellite5 groundstation4 instrument30 thermograph5)
2.222: (turn_to satellite3 star13 groundstation3)
2.228: (take_image satellite5 groundstation4 instrument30 thermograph5)
2.230: (take_image satellite5 groundstation4 instrument30 thermograph5)
2.118: (turn_to satellite3 star13 groundstation3)
2.167: (turn_to satellite0 star20 groundstation12)
2.195: (take_image satellite5 groundstation4 instrument30 thermograph5)
2.200: (turn_to satellite3 star19 groundstation3)
2.213: (turn_to satellite3 groundstation10 groundstation3)
2.214: (turn_to satellite2 groundstation12 star19)
2.215: (take_image satellite5 groundstation4 instrument30 thermograph5)
2.218: (turn_to satellite2 groundstation12 star19)
2.225: (turn_to satellite3 groundstation9 groundstation3)
2.226: (turn_to satellite3 groundstation3 star13)
2.169: (turn_to satellite3 star13 groundstation3)
2.218: (turn_to satellite3 groundstation4 star19)
2.218: (take_image satellite5 groundstation4 instrument30 thermograph5)
2.224: (turn_to satellite3 star19 groundstation3)
2.231: (turn_to satellite0 groundstation12 star19)
2.234: (turn_to satellite1 groundstation3 star13)
2.237: (turn_to satellite2 star20 groundstation12)
2.238: (turn_to satellite2 star20 star19)
2.241: (take_image satellite4 star26 instrument28 spectrograph6)
2.244: (turn_to satellite2 groundstation4 groundstation3)
2.183: (turn_to satellite3 star20 star13)
2.224: (turn_to satellite0 groundstation12 star19)
2.232: (turn_to satellite3 star13 groundstation3)
2.233: (take_image satellite4 star26 instrument28 spectrograph6)
2.235: (take_image satellite5 groundstation4 instrument30 thermograph5)
2.242: (turn_to satellite1 groundstation4 groundstation3)
2.243: (turn_to satellite1 star5 star13)
2.243: (turn_to satellite2 star19 groundstation3)
2.244: (turn_to satellite1 star19 groundstation3)
2.245: (turn_to satellite3 groundstation4 star19)
2.180: (turn_to satellite1 planet25 groundstation3)
2.200: (turn_to satellite1 star13 groundstation3)
2.225: (turn_to satellite1 phenomenon24 groundstation3)
2.232: (turn_to satellite1 star19 groundstation3)
2.234: (turn_to satellite1 star27 groundstation3)
2.238: (turn_to satellite2 groundstation4 groundstation3)
2.241: (turn_to satellite0 star20 star19)
2.242: (turn_to satellite2 star13 groundstation3)
2.243: (turn_to satellite2 star19 groundstation3)
2.244: (turn_to satellite1 groundstation4 groundstation3)
2.200: (turn_to satellite2 planet25 star19)
2.236: (take_image satellite5 groundstation4 instrument30 thermograph5)
2.242: (turn_to satellite0 groundstation12 star19)
2.256: (take_image satellite4 star26 instrument28 spectrograph6)
2.267: (turn_to satellite1 groundstation22 phenomenon24)
2.267: (turn_to satellite2 groundstation3 star19)
2.270: (turn_to satellite3 groundstation3 star13)
2.270: (turn_to satellite1 groundstation22 star27)
2.275: (turn_to satellite1 groundstation22 star19)
2.277: (take_image satellite4 star26 instrument28 spectrograph6)
2.239: (turn_to satellite3 groundstation3 star13)
2.246: (take_image satellite4 star26 instrument28 spectrograph6)
2.256: (turn_to satellite0 groundstation3 star20)
2.256: (turn_to satellite0 star19 star20)
2.258: (turn_to satellite0 groundstation12 star19)
2.259: (turn_to satellite3 groundstation4 star13)
2.259: (turn_to satellite0 star8 groundstation12)
2.265: (turn_to satellite3 groundstation12 star13)
2.267: (turn_to satellite0 star13 star20)
2.270: (turn_to satellite0 groundstation4 star20)
2.207: (turn_to satellite1 star13 groundstation3)
2.239: (turn_to satellite0 star20 star8)
2.253: (turn_to satellite0 groundstation12 groundstation3)
2.262: (turn_to satellite1 groundstation9 groundstation3)
2.266: (turn_to satellite2 groundstation4 star19)
2.267: (turn_to satellite1 planet25 groundstation22)
2.271: (turn_to satellite1 groundstation3 groundstation22)
2.279: (turn_to satellite1 phenomenon24 groundstation22)
2.281: (turn_to satellite3 groundstation9 star13)
2.281: (turn_to satellite0 groundstation12 star19)
2.245: (turn_to satellite5 star19 groundstation4)
2.255: (turn_to satellite3 groundstation9 star13)
2.259: (turn_to satellite5 groundstation3 groundstation4)
2.262: (take_image satellite5 groundstation4 instrument30 thermograph5)
2.263: (turn_to satellite2 groundstation12 star19)
2.268: (turn_to satellite0 groundstation4 star19)
2.276: (turn_to satellite1 groundstation23 groundstation3)
2.277: (turn_to satellite3 groundstation23 star13)
2.279: (turn_to satellite2 star7 star19)
2.279: (turn_to satellite5 star27 groundstation4)
2.237: (turn_to satellite1 planet25 star13)
2.251: (turn_to satellite3 groundstation3 star13)
2.269: (turn_to satellite1 groundstation22 star13)
2.272: (turn_to satellite0 star19 groundstation12)
2.275: (turn_to satellite3 groundstation4 star13)
2.275: (turn_to satellite1 groundstation9 groundstation3)
2.277: (turn_to satellite1 star27 star13)
2.278: (turn_to satellite1 phenomenon24 star13)
2.280: (turn_to satellite1 groundstation3 star13)
2.280: (turn_to satellite1 groundstation4 star13)
2.255: (turn_to satellite1 star13 groundstation3)
2.281: (turn_to satellite0 star13 groundstation3)
2.282: (turn_to satellite2 groundstation12 star19)
2.300: (turn_to satellite0 groundstation12 groundstation3)
2.304: (turn_to satellite0 star19 groundstation3)
2.305: (turn_to satellite1 star19 groundstation22)
2.305: (turn_to satellite1 groundstation9 star13)
2.309: (turn_to satellite3 star19 groundstation3)
2.317: (turn_to satellite0 groundstation4 groundstation3)
2.322: (turn_to satellite0 star20 groundstation3)
2.243: (turn_to satellite1 groundstation3 star13)
2.243: (turn_to satellite2 groundstation3 star19)
2.244: (turn_to satellite3 star13 groundstation3)
2.264: (turn_to satellite3 groundstation23 groundstation3)
2.268: (take_image satellite5 groundstation4 instrument30 thermograph5)
2.280: (turn_to satellite2 groundstation4 star19)
2.287: (turn_to satellite1 star5 star13)
2.287: (turn_to satellite3 groundstation3 groundstation9)
2.289: (turn_to satellite1 groundstation9 star13)
2.290: (turn_to satellite0 groundstation4 star19)
2.273: (turn_to satellite0 star20 star19)
2.274: (turn_to satellite2 groundstation12 star19)
2.280: (turn_to satellite2 star13 groundstation3)
2.290: (turn_to satellite2 star8 groundstation12)
2.294: (turn_to satellite2 star20 star19)
2.295: (turn_to satellite1 groundstation3 star13)
2.298: (turn_to satellite3 groundstation4 star13)
2.299: (turn_to satellite0 groundstation23 star13)
2.300: (turn_to satellite0 groundstation12 star19)
2.302: (turn_to satellite3 star19 groundstation3)
2.239: (turn_to satellite1 groundstation3 star13)
2.267: (turn_to satellite0 star20 groundstation12)
2.273: (turn_to satellite0 star13 star20)
2.286: (turn_to satellite2 groundstation4 star13)
2.286: (turn_to satellite0 groundstation12 star20)
2.288: (turn_to satellite1 planet25 star13)
2.288: (turn_to satellite1 phenomenon24 star13)
2.289: (turn_to satellite0 star8 star13)
2.294: (turn_to satellite3 star13 groundstation3)
2.296: (turn_to satellite0 groundstation3 star20)
2.250: (turn_to satellite5 star27 groundstation4)
2.272: (turn_to satellite3 groundstation9 groundstation3)
2.279: (turn_to satellite0 groundstation12 star19)
2.284: (turn_to satellite1 groundstation23 star13)
2.285: (turn_to satellite3 groundstation23 groundstation3)
2.285: (turn_to satellite2 star20 groundstation12)
2.291: (turn_to satellite5 phenomenon24 groundstation4)
2.303: (turn_to satellite5 groundstation22 groundstation4)
2.304: (turn_to satellite1 groundstation9 star13)
2.310: (turn_to satellite3 star13 groundstation3)
2.278: (turn_to satellite2 groundstation22 star13)
2.279: (turn_to satellite0 groundstation12 star19)
2.279: (turn_to satellite3 groundstation23 groundstation3)
2.285: (turn_to satellite3 groundstation18 groundstation9)
2.286: (turn_to satellite1 groundstation23 star13)
2.289: (turn_to satellite5 star19 groundstation4)
2.291: (turn_to satellite5 star27 groundstation4)
2.294: (turn_to satellite5 planet25 star27)
2.295: (turn_to satellite2 star8 star13)
2.301: (turn_to satellite1 star5 star13)
2.238: (turn_to satellite0 star20 groundstation12)
2.243: (take_image satellite5 star27 instrument30 infrared7)
2.248: (turn_to satellite0 groundstation12 star19)
2.255: (turn_to satellite2 groundstation12 groundstation4)
2.257: (turn_to satellite5 phenomenon24 star27)
2.271: (turn_to satellite5 groundstation12 groundstation4)
2.274: (turn_to satellite3 groundstation23 groundstation9)
2.279: (turn_to satellite5 planet25 star27)
2.295: (turn_to satellite5 groundstation22 star27)
2.297: (turn_to satellite1 groundstation9 star13)
2.271: (turn_to satellite5 star19 star27)
2.272: (turn_to satellite0 groundstation12 star19)
2.273: (turn_to satellite5 planet25 star27)
2.279: (turn_to satellite5 phenomenon24 star27)
2.297: (turn_to satellite5 star13 star27)
2.298: (turn_to satellite5 groundstation22 star27)
2.298: (turn_to satellite1 star5 star13)
2.300: (turn_to satellite3 groundstation9 groundstation23)
2.304: (turn_to satellite3 groundstation23 groundstation9)
2.317: (turn_to satellite5 groundstation12 star27)
2.243: (turn_to satellite0 groundstation12 star19)
2.254: (turn_to satellite5 groundstation12 star27)
2.261: (take_image satellite5 phenomenon24 instrument30 thermograph5)
2.271: (turn_to satellite5 phenomenon24 star27)
2.273: (take_image satellite5 phenomenon24 instrument30 image8)
2.275: (turn_to satellite5 groundstation4 star27)
2.279: (turn_to satellite5 planet25 star27)
2.290: (turn_to satellite3 groundstation3 groundstation23)
2.291: (turn_to satellite0 star13 groundstation12)
2.294: (turn_to satellite5 groundstation22 planet25)
2.240: (turn_to satellite5 star27 phenomenon24)
2.265: (take_image satellite5 groundstation12 instrument30 thermograph5)
2.265: (take_image satellite5 phenomenon24 instrument30 image8)
2.270: (turn_to satellite0 groundstation4 groundstation12)
2.270: (take_image satellite5 groundstation12 instrument30 infrared7)
2.272: (take_image satellite5 groundstation12 instrument30 image8)
2.281: (turn_to satellite5 planet25 phenomenon24)
2.290: (turn_to satellite0 groundstation12 star19)
2.291: (turn_to satellite3 groundstation9 groundstation23)
2.291: (turn_to satellite5 groundstation22 phenomenon24)
2.240: (turn_to satellite5 star27 phenomenon24)
2.254: (turn_to satellite0 groundstation12 star19)
2.262: (turn_to satellite5 groundstation4 groundstation12)
2.263: (take_image satellite5 groundstation12 instrument30 infrared7)
2.265: (take_image satellite5 groundstation12 instrument30 image8)
2.278: (turn_to satellite0 groundstation4 groundstation12)
2.278: (turn_to satellite5 phenomenon24 groundstation12)
2.281: (turn_to satellite5 planet25 phenomenon24)
2.286: (turn_to satellite5 star27 groundstation12)
2.287: (turn_to satellite3 groundstation9 groundstation23)
2.251: (turn_to satellite5 groundstation12 phenomenon24)
2.265: (turn_to satellite1 groundstation9 star13)
2.272: (turn_to satellite3 groundstation9 groundstation23)
2.272: (turn_to satellite5 groundstation4 phenomenon24)
2.273: (turn_to satellite5 star27 phenomenon24)
2.278: (turn_to satellite5 planet25 phenomenon24)
2.292: (turn_to satellite5 planet25 groundstation4)
2.296: (turn_to satellite3 groundstation3 groundstation9)
2.301: (turn_to satellite1 star5 star13)
2.302: (turn_to satellite0 groundstation12 star19)
2.189: (turn_to satellite5 star26 groundstation12)
2.254: (turn_to satellite0 star19 groundstation12)
2.254: (turn_to satellite2 groundstation12 groundstation4)
2.267: (turn_to satellite3 star13 groundstation23)
2.267: (turn_to satellite1 groundstation23 star13)
2.269: (turn_to satellite5 planet25 groundstation12)
2.269: (turn_to satellite5 groundstation12 groundstation4)
2.273: (turn_to satellite5 star7 groundstation12)
2.275: (turn_to satellite0 star7 groundstation12)
2.279: (take_image satellite5 groundstation12 instrument30 infrared7)
1.260: (take_image satellite5 star26 instrument30 thermograph5)
[Final] Expanded: 1807, Generated: 459549
Found a solution of length 192!
   1: (switch_on instrument28 satellite4)
   2: (calibrate satellite4 instrument28 groundstation9)
   3: (turn_to satellite2 star6 planet25)
   4: (switch_on instrument1 satellite0)
   5: (turn_to satellite4 planet25 groundstation9)
   6: (take_image satellite4 planet25 instrument28 spectrograph6)
   7: (turn_to satellite0 star14 star13)
   8: (turn_to satellite7 groundstation22 star1)
   9: (turn_to satellite4 phenomenon24 planet25)
  10: (take_image satellite4 phenomenon24 instrument28 spectrograph6)
  11: (turn_to satellite3 planet25 star26)
  12: (turn_to satellite6 star2 star16)
  13: (switch_on instrument43 satellite7)
  14: (switch_on instrument39 satellite6)
  15: (calibrate satellite6 instrument39 star2)
  16: (turn_to satellite6 star27 star2)
  17: (take_image satellite6 star27 instrument39 thermograph2)
  18: (turn_to satellite1 groundstation3 star13)
  19: (turn_to satellite6 star26 star27)
  20: (turn_to satellite0 groundstation4 star14)
  21: (switch_on instrument16 satellite2)
  22: (switch_on instrument30 satellite5)
  23: (turn_to satellite5 star19 star13)
  24: (take_image satellite4 phenomenon24 instrument28 infrared4)
  25: (turn_to satellite1 star20 groundstation3)
  26: (turn_to satellite3 star27 planet25)
  27: (take_image satellite6 star26 instrument39 infrared4)
  28: (turn_to satellite5 groundstation12 star19)
  29: (turn_to satellite1 star13 star20)
  30: (turn_to satellite1 groundstation23 star13)
  31: (turn_to satellite1 groundstation17 groundstation23)
  32: (turn_to satellite1 groundstation3 groundstation17)
  33: (turn_to satellite5 star14 groundstation12)
  34: (turn_to satellite0 star19 groundstation4)
  35: (turn_to satellite5 groundstation4 star14)
  36: (turn_to satellite1 star7 groundstation3)
  37: (take_image satellite4 phenomenon24 instrument28 spectrograph10)
  38: (turn_to satellite0 star14 star19)
  39: (turn_to satellite3 planet25 star27)
  40: (turn_to satellite1 star20 star7)
  41: (turn_to satellite3 star27 planet25)
  42: (turn_to satellite0 star19 star14)
  43: (turn_to satellite3 planet25 star27)
  44: (turn_to satellite0 groundstation12 star19)
  45: (turn_to satellite1 star7 star20)
  46: (turn_to satellite2 groundstation10 star6)
  47: (turn_to satellite3 star7 planet25)
  48: (turn_to satellite1 star27 star7)
  49: (turn_to satellite1 planet25 star27)
  50: (turn_to satellite3 groundstation17 star7)
  51: (turn_to satellite1 star27 planet25)
  52: (turn_to satellite2 star6 groundstation10)
  53: (turn_to satellite3 star20 groundstation17)
  54: (turn_to satellite0 groundstation10 groundstation12)
  55: (turn_to satellite2 groundstation12 star6)
  56: (turn_to satellite3 star7 star20)
  57: (turn_to satellite3 groundstation17 star7)
  58: (turn_to satellite0 star6 groundstation10)
  59: (turn_to satellite3 star20 groundstation17)
  60: (turn_to satellite2 star14 groundstation12)
  61: (turn_to satellite3 groundstation17 star20)
  62: (turn_to satellite1 groundstation17 star27)
  63: (turn_to satellite3 planet25 groundstation17)
  64: (turn_to satellite5 star19 groundstation4)
  65: (turn_to satellite2 groundstation4 star14)
  66: (turn_to satellite1 star7 groundstation17)
  67: (turn_to satellite3 star7 planet25)
  68: (turn_to satellite1 planet25 star7)
  69: (turn_to satellite5 groundstation12 star19)
  70: (turn_to satellite3 star20 star7)
  71: (turn_to satellite0 groundstation10 star6)
  72: (turn_to satellite5 star6 groundstation12)
  73: (turn_to satellite0 groundstation12 groundstation10)
  74: (turn_to satellite1 star27 planet25)
  75: (turn_to satellite0 star19 groundstation12)
  76: (turn_to satellite1 star20 star27)
  77: (turn_to satellite3 planet25 star20)
  78: (turn_to satellite1 groundstation17 star20)
  79: (turn_to satellite0 star14 star19)
  80: (turn_to satellite3 star27 planet25)
  81: (turn_to satellite1 star13 groundstation17)
  82: (turn_to satellite0 groundstation10 star14)
  83: (turn_to satellite0 groundstation3 groundstation10)
  84: (turn_to satellite3 planet25 star27)
  85: (turn_to satellite3 star16 planet25)
  86: (turn_to satellite1 star27 star13)
  87: (switch_off instrument1 satellite0)
  88: (switch_on instrument3 satellite0)
  89: (turn_to satellite0 groundstation10 groundstation3)
  90: (turn_to satellite1 planet25 star27)
  91: (take_image satellite6 star26 instrument39 thermograph2)
  92: (turn_to satellite6 phenomenon24 star26)
  93: (take_image satellite6 phenomenon24 instrument39 thermograph2)
  94: (turn_to satellite6 star2 phenomenon24)
  95: (calibrate satellite5 instrument30 star6)
  96: (turn_to satellite1 star16 planet25)
  97: (turn_to satellite4 star26 phenomenon24)
  98: (turn_to satellite3 groundstation3 star16)
  99: (turn_to satellite1 groundstation10 star16)
 100: (turn_to satellite0 groundstation12 groundstation10)
 101: (turn_to satellite5 groundstation4 star6)
 102: (take_image satellite5 groundstation4 instrument30 infrared7)
 103: (turn_to satellite1 groundstation9 groundstation10)
 104: (turn_to satellite5 groundstation22 groundstation4)
 105: (take_image satellite5 groundstation22 instrument30 thermograph5)
 106: (turn_to satellite5 planet25 groundstation22)
 107: (take_image satellite5 planet25 instrument30 infrared7)
 108: (turn_to satellite5 star19 planet25)
 109: (turn_to satellite1 groundstation3 groundstation9)
 110: (turn_to satellite5 star8 star19)
 111: (take_image satellite5 star8 instrument30 thermograph5)
 112: (take_image satellite6 star2 instrument39 infrared4)
 113: (turn_to satellite5 groundstation22 star8)
 114: (take_image satellite5 groundstation22 instrument30 infrared7)
 115: (turn_to satellite1 groundstation9 groundstation3)
 116: (turn_to satellite5 star19 groundstation22)
 117: (turn_to satellite1 star13 groundstation9)
 118: (take_image satellite5 star19 instrument30 image8)
 119: (turn_to satellite0 groundstation4 groundstation12)
 120: (turn_to satellite2 star13 groundstation4)
 121: (take_image satellite6 star2 instrument39 thermograph2)
 122: (take_image satellite5 star19 instrument30 infrared7)
 123: (turn_to satellite1 groundstation3 star13)
 124: (turn_to satellite3 star13 groundstation3)
 125: (turn_to satellite2 star19 star13)
 126: (turn_to satellite5 planet25 star19)
 127: (take_image satellite4 star26 instrument28 spectrograph10)
 128: (turn_to satellite1 groundstation23 groundstation3)
 129: (take_image satellite5 planet25 instrument30 image8)
 130: (turn_to satellite5 star27 planet25)
 131: (take_image satellite5 star27 instrument30 image8)
 132: (take_image satellite5 star27 instrument30 thermograph5)
 133: (turn_to satellite5 planet25 star27)
 134: (turn_to satellite1 groundstation3 groundstation23)
 135: (turn_to satellite5 groundstation4 planet25)
 136: (turn_to satellite1 groundstation9 groundstation3)
 137: (turn_to satellite0 star19 groundstation4)
 138: (turn_to satellite1 groundstation3 groundstation9)
 139: (turn_to satellite0 groundstation3 star19)
 140: (turn_to satellite1 star13 groundstation3)
 141: (take_image satellite5 groundstation4 instrument30 image8)
 142: (turn_to satellite3 groundstation3 star13)
 143: (turn_to satellite2 groundstation12 star19)
 144: (turn_to satellite0 star19 groundstation3)
 145: (turn_to satellite2 groundstation3 groundstation12)
 146: (turn_to satellite3 star13 groundstation3)
 147: (turn_to satellite1 groundstation3 star13)
 148: (turn_to satellite2 groundstation4 groundstation3)
 149: (turn_to satellite1 groundstation9 groundstation3)
 150: (turn_to satellite0 groundstation12 star19)
 151: (turn_to satellite1 groundstation23 groundstation9)
 152: (turn_to satellite2 groundstation12 groundstation4)
 153: (turn_to satellite1 groundstation9 groundstation23)
 154: (turn_to satellite0 groundstation4 groundstation12)
 155: (turn_to satellite5 planet25 groundstation4)
 156: (turn_to satellite1 groundstation23 groundstation9)
 157: (turn_to satellite2 star19 groundstation12)
 158: (turn_to satellite5 phenomenon24 planet25)
 159: (take_image satellite5 phenomenon24 instrument30 infrared7)
 160: (turn_to satellite5 star27 phenomenon24)
 161: (turn_to satellite2 groundstation12 star19)
 162: (turn_to satellite5 groundstation4 star27)
 163: (turn_to satellite0 groundstation12 groundstation4)
 164: (turn_to satellite1 star5 groundstation23)
 165: (turn_to satellite3 groundstation3 star13)
 166: (turn_to satellite1 groundstation18 star5)
 167: (turn_to satellite1 star13 groundstation18)
 168: (turn_to satellite2 groundstation3 groundstation12)
 169: (turn_to satellite0 star19 groundstation12)
 170: (turn_to satellite3 star13 groundstation3)
 171: (turn_to satellite1 groundstation3 star13)
 172: (turn_to satellite2 star19 groundstation3)
 173: (turn_to satellite0 star20 star19)
 174: (take_image satellite4 star26 instrument28 spectrograph6)
 175: (turn_to satellite0 groundstation3 star20)
 176: (turn_to satellite1 star13 groundstation3)
 177: (take_image satellite5 groundstation4 instrument30 thermograph5)
 178: (turn_to satellite3 groundstation3 star13)
 179: (turn_to satellite0 star19 groundstation3)
 180: (turn_to satellite2 groundstation3 star19)
 181: (turn_to satellite2 star13 groundstation3)
 182: (turn_to satellite2 groundstation4 star13)
 183: (turn_to satellite5 star27 groundstation4)
 184: (turn_to satellite3 groundstation23 groundstation3)
 185: (take_image satellite5 star27 instrument30 infrared7)
 186: (turn_to satellite0 groundstation12 star19)
 187: (turn_to satellite5 groundstation12 star27)
 188: (take_image satellite5 groundstation12 instrument30 thermograph5)
 189: (turn_to satellite3 groundstation9 groundstation23)
 190: (turn_to satellite3 groundstation3 groundstation9)
 191: (turn_to satellite5 star26 groundstation12)
 192: (take_image satellite5 star26 instrument30 thermograph5)
