/u/ibrahim.eisawy/Neural-Guided-Search/venv/lib/python3.10/site-packages/pymimir_rgnn/model.py:151: UserWarning: index_reduce() is in beta and the API may change at any time. (Triggered internally at /pytorch/aten/src/ATen/native/cuda/Indexing.cu:1541.)
  max_msg.index_reduce_(0, output_indices, output_messages, reduce='amax', include_self=True)
Torch: 2.12.0+cu130
Using GPU:  NVIDIA L40S
33.888: (navigate rover4 waypoint27 waypoint32)
33.990: (navigate rover0 waypoint20 waypoint32)
34.754: (calibrate rover2 camera9 objective6 waypoint5)
34.767: (calibrate rover0 camera4 objective0 waypoint20)
34.773: (calibrate rover0 camera6 objective13 waypoint20)
34.897: (calibrate rover5 camera11 objective10 waypoint11)
34.969: (calibrate rover5 camera13 objective8 waypoint11)
35.130: (calibrate rover0 camera14 objective4 waypoint20)
35.212: (navigate rover4 waypoint27 waypoint12)
35.335: (calibrate rover3 camera15 objective6 waypoint1)
35.419: (navigate rover1 waypoint28 waypoint32)
35.621: (navigate rover2 waypoint5 waypoint8)
35.650: (navigate rover3 waypoint1 waypoint13)
35.715: (calibrate rover1 camera3 objective0 waypoint28)
35.777: (navigate rover4 waypoint27 waypoint45)
35.851: (navigate rover3 waypoint1 waypoint20)
35.863: (navigate rover3 waypoint1 waypoint10)
35.865: (navigate rover3 waypoint1 waypoint29)
35.872: (navigate rover3 waypoint1 waypoint2)
35.944: (navigate rover0 waypoint20 waypoint26)
35.978: (navigate rover1 waypoint28 waypoint27)
35.993: (navigate rover0 waypoint20 waypoint41)
35.996: (navigate rover5 waypoint11 waypoint35)
36.001: (navigate rover1 waypoint28 waypoint33)
36.006: (navigate rover1 waypoint28 waypoint41)
36.036: (navigate rover2 waypoint5 waypoint26)
36.069: (navigate rover1 waypoint28 waypoint29)
36.076: (navigate rover2 waypoint5 waypoint30)
36.089: (navigate rover3 waypoint1 waypoint41)
36.103: (navigate rover0 waypoint20 waypoint1)
36.126: (navigate rover1 waypoint28 waypoint1)
36.199: (navigate rover1 waypoint28 waypoint40)
36.201: (navigate rover5 waypoint11 waypoint3)
36.217: (navigate rover5 waypoint11 waypoint10)
36.219: (navigate rover0 waypoint20 waypoint15)
36.237: (navigate rover3 waypoint1 waypoint15)
36.276: (navigate rover2 waypoint5 waypoint37)
36.425: (navigate rover0 waypoint20 waypoint21)
36.454: (navigate rover3 waypoint1 waypoint14)
36.459: (navigate rover0 waypoint20 waypoint17)
36.484: (navigate rover4 waypoint27 waypoint22)
36.509: (navigate rover2 waypoint5 waypoint23)
36.515: (navigate rover0 waypoint20 waypoint24)
36.555: (navigate rover5 waypoint11 waypoint24)
36.561: (navigate rover0 waypoint20 waypoint38)
36.566: (navigate rover3 waypoint1 waypoint17)
36.566: (navigate rover3 waypoint1 waypoint49)
36.608: (navigate rover3 waypoint1 waypoint16)
36.687: (navigate rover3 waypoint1 waypoint48)
36.690: (navigate rover3 waypoint1 waypoint22)
36.712: (navigate rover0 waypoint20 waypoint22)
36.752: (navigate rover2 waypoint5 waypoint16)
36.973: (navigate rover2 waypoint5 waypoint22)
37.571: (sample_rock rover2 rover2store waypoint5)
37.684: (sample_soil rover4 rover4store waypoint27)
32.318: (navigate rover4 waypoint27 waypoint32)
32.319: (calibrate rover0 camera4 objective0 waypoint20)
32.327: (navigate rover4 waypoint27 waypoint32)
32.330: (calibrate rover0 camera6 objective13 waypoint20)
32.332: (navigate rover4 waypoint27 waypoint32)
32.333: (calibrate rover2 camera9 objective6 waypoint5)
32.399: (calibrate rover2 camera9 objective6 waypoint5)
32.399: (navigate rover0 waypoint20 waypoint32)
32.425: (navigate rover0 waypoint20 waypoint32)
32.433: (navigate rover0 waypoint20 waypoint32)
32.435: (calibrate rover0 camera6 objective13 waypoint32)
32.452: (calibrate rover5 camera11 objective10 waypoint11)
32.456: (navigate rover4 waypoint27 waypoint32)
32.514: (navigate rover0 waypoint20 waypoint32)
32.516: (calibrate rover5 camera11 objective10 waypoint11)
32.543: (navigate rover4 waypoint27 waypoint32)
32.543: (calibrate rover5 camera13 objective8 waypoint11)
32.558: (navigate rover4 waypoint27 waypoint32)
32.567: (calibrate rover0 camera14 objective4 waypoint20)
32.597: (navigate rover0 waypoint20 waypoint32)
32.601: (calibrate rover5 camera13 objective8 waypoint11)
32.721: (calibrate rover4 camera8 objective5 waypoint32)
32.728: (navigate rover0 waypoint20 waypoint32)
32.760: (calibrate rover3 camera15 objective6 waypoint1)
32.764: (navigate rover4 waypoint27 waypoint32)
32.811: (take_image rover2 waypoint5 objective1 camera9 low_res)
32.889: (calibrate rover3 camera15 objective6 waypoint1)
32.892: (navigate rover0 waypoint20 waypoint32)
32.926: (navigate rover0 waypoint20 waypoint32)
32.929: (navigate rover4 waypoint27 waypoint12)
33.046: (take_image rover3 waypoint1 objective1 camera15 low_res)
33.087: (navigate rover2 waypoint5 waypoint8)
33.090: (navigate rover4 waypoint27 waypoint32)
33.148: (navigate rover3 waypoint1 waypoint13)
33.161: (navigate rover4 waypoint27 waypoint32)
33.161: (navigate rover4 waypoint27 waypoint32)
33.163: (calibrate rover1 camera3 objective0 waypoint28)
33.226: (navigate rover0 waypoint20 waypoint32)
33.226: (navigate rover4 waypoint27 waypoint32)
33.257: (calibrate rover1 camera3 objective0 waypoint28)
33.261: (navigate rover0 waypoint20 waypoint32)
33.266: (take_image rover2 waypoint5 objective1 camera9 colour)
33.309: (take_image rover5 waypoint11 objective10 camera13 low_res)
33.313: (take_image rover5 waypoint11 objective10 camera11 low_res)
33.341: (navigate rover0 waypoint20 waypoint32)
33.349: (navigate rover2 waypoint5 waypoint26)
33.350: (navigate rover0 waypoint20 waypoint32)
33.353: (navigate rover2 waypoint5 waypoint8)
33.356: (navigate rover3 waypoint1 waypoint13)
33.357: (navigate rover0 waypoint20 waypoint32)
33.475: (navigate rover3 waypoint1 waypoint10)
33.478: (navigate rover4 waypoint27 waypoint12)
33.481: (take_image rover0 waypoint20 objective10 camera4 low_res)
33.481: (navigate rover4 waypoint27 waypoint32)
33.482: (take_image rover0 waypoint20 objective10 camera14 low_res)
33.484: (take_image rover0 waypoint20 objective10 camera6 low_res)
33.489: (calibrate rover0 camera4 objective0 waypoint20)
33.490: (calibrate rover2 camera9 objective6 waypoint5)
33.492: (navigate rover5 waypoint11 waypoint35)
33.493: (navigate rover4 waypoint27 waypoint12)
33.495: (navigate rover4 waypoint27 waypoint32)
33.496: (navigate rover3 waypoint1 waypoint20)
33.497: (navigate rover0 waypoint20 waypoint32)
33.498: (calibrate rover0 camera6 objective13 waypoint20)
33.500: (navigate rover4 waypoint27 waypoint32)
33.503: (navigate rover4 waypoint27 waypoint12)
33.504: (navigate rover0 waypoint20 waypoint1)
33.506: (navigate rover4 waypoint27 waypoint32)
33.507: (navigate rover5 waypoint11 waypoint35)
33.527: (navigate rover0 waypoint20 waypoint32)
33.536: (navigate rover3 waypoint1 waypoint15)
33.563: (navigate rover3 waypoint1 waypoint29)
33.567: (navigate rover4 waypoint27 waypoint32)
33.568: (navigate rover3 waypoint1 waypoint41)
33.572: (navigate rover0 waypoint20 waypoint41)
33.573: (navigate rover4 waypoint27 waypoint32)
33.573: (navigate rover4 waypoint27 waypoint45)
33.574: (navigate rover0 waypoint20 waypoint32)
33.578: (navigate rover0 waypoint20 waypoint15)
33.591: (navigate rover4 waypoint27 waypoint32)
30.435: (navigate rover4 waypoint27 waypoint32)
30.446: (take_image rover2 waypoint5 objective1 camera9 low_res)
30.472: (take_image rover2 waypoint5 objective1 camera9 low_res)
30.479: (navigate rover0 waypoint20 waypoint32)
30.545: (take_image rover3 waypoint1 objective1 camera15 low_res)
30.545: (navigate rover0 waypoint20 waypoint32)
30.601: (navigate rover4 waypoint27 waypoint32)
30.607: (take_image rover3 waypoint1 objective1 camera15 low_res)
30.756: (navigate rover4 waypoint27 waypoint32)
30.778: (take_image rover2 waypoint5 objective1 camera9 colour)
30.797: (navigate rover4 waypoint27 waypoint32)
30.804: (take_image rover5 waypoint11 objective10 camera13 low_res)
30.810: (take_image rover5 waypoint11 objective10 camera11 low_res)
30.877: (navigate rover0 waypoint20 waypoint32)
30.885: (take_image rover5 waypoint11 objective10 camera13 low_res)
30.888: (take_image rover5 waypoint11 objective10 camera11 low_res)
30.897: (take_image rover2 waypoint5 objective1 camera9 colour)
30.899: (navigate rover0 waypoint20 waypoint32)
30.923: (take_image rover1 waypoint28 objective1 camera3 colour)
30.939: (navigate rover4 waypoint27 waypoint32)
30.963: (take_image rover0 waypoint20 objective10 camera14 low_res)
30.967: (take_image rover0 waypoint20 objective10 camera6 low_res)
30.969: (take_image rover0 waypoint20 objective10 camera4 low_res)
31.017: (take_image rover1 waypoint28 objective1 camera3 colour)
31.090: (take_image rover4 waypoint32 objective10 camera8 low_res)
31.168: (take_image rover0 waypoint32 objective10 camera4 low_res)
31.171: (navigate rover0 waypoint20 waypoint32)
31.175: (take_image rover0 waypoint32 objective10 camera14 low_res)
31.182: (take_image rover0 waypoint32 objective10 camera6 low_res)
31.225: (calibrate rover0 camera14 objective4 waypoint20)
31.233: (calibrate rover2 camera9 objective6 waypoint5)
31.292: (navigate rover4 waypoint27 waypoint12)
31.294: (navigate rover0 waypoint20 waypoint32)
31.296: (calibrate rover2 camera9 objective6 waypoint5)
31.299: (navigate rover4 waypoint27 waypoint12)
31.307: (calibrate rover0 camera6 objective13 waypoint32)
31.310: (navigate rover4 waypoint27 waypoint12)
31.319: (calibrate rover0 camera14 objective4 waypoint20)
31.321: (navigate rover0 waypoint20 waypoint32)
31.323: (calibrate rover5 camera11 objective10 waypoint11)
31.327: (navigate rover0 waypoint20 waypoint32)
31.368: (calibrate rover2 camera9 objective6 waypoint5)
31.395: (calibrate rover0 camera14 objective4 waypoint20)
31.396: (calibrate rover2 camera9 objective6 waypoint5)
31.397: (calibrate rover0 camera4 objective0 waypoint20)
31.403: (calibrate rover0 camera4 objective0 waypoint20)
31.406: (calibrate rover0 camera14 objective4 waypoint20)
31.406: (calibrate rover2 camera9 objective6 waypoint5)
31.406: (calibrate rover0 camera6 objective13 waypoint20)
31.408: (calibrate rover0 camera6 objective13 waypoint20)
31.422: (calibrate rover2 camera9 objective6 waypoint5)
31.428: (calibrate rover0 camera4 objective0 waypoint20)
31.433: (calibrate rover5 camera11 objective10 waypoint11)
31.434: (calibrate rover5 camera11 objective10 waypoint11)
31.435: (calibrate rover0 camera4 objective0 waypoint20)
31.439: (calibrate rover0 camera6 objective13 waypoint20)
31.440: (calibrate rover0 camera14 objective4 waypoint20)
31.440: (calibrate rover5 camera13 objective8 waypoint11)
31.440: (calibrate rover3 camera15 objective6 waypoint1)
31.443: (calibrate rover5 camera11 objective10 waypoint11)
31.451: (calibrate rover3 camera15 objective6 waypoint1)
31.451: (calibrate rover0 camera6 objective13 waypoint20)
31.453: (calibrate rover5 camera11 objective10 waypoint11)
31.466: (calibrate rover4 camera8 objective5 waypoint32)
31.476: (calibrate rover2 camera9 objective6 waypoint5)
31.478: (calibrate rover0 camera4 objective0 waypoint20)
31.485: (calibrate rover0 camera6 objective13 waypoint20)
31.487: (calibrate rover4 camera8 objective5 waypoint32)
31.499: (calibrate rover4 camera8 objective5 waypoint32)
31.500: (navigate rover4 waypoint27 waypoint12)
31.507: (calibrate rover2 camera9 objective6 waypoint5)
31.508: (calibrate rover5 camera11 objective10 waypoint11)
31.512: (calibrate rover5 camera11 objective10 waypoint11)
31.518: (calibrate rover2 camera9 objective6 waypoint5)
31.522: (calibrate rover0 camera6 objective13 waypoint32)
31.526: (calibrate rover0 camera6 objective13 waypoint32)
31.527: (calibrate rover2 camera9 objective6 waypoint5)
31.531: (calibrate rover0 camera4 objective0 waypoint20)
31.532: (calibrate rover5 camera11 objective10 waypoint11)
31.532: (calibrate rover4 camera8 objective5 waypoint32)
29.372: (calibrate rover2 camera9 objective6 waypoint5)
29.462: (calibrate rover0 camera4 objective0 waypoint20)
29.462: (calibrate rover2 camera9 objective6 waypoint5)
29.463: (calibrate rover2 camera9 objective6 waypoint5)
29.465: (take_image rover2 waypoint5 objective1 camera9 colour)
29.473: (take_image rover2 waypoint5 objective1 camera9 colour)
29.477: (calibrate rover0 camera14 objective4 waypoint20)
29.484: (take_image rover2 waypoint5 objective1 camera9 colour)
29.485: (take_image rover2 waypoint5 objective1 camera9 low_res)
29.489: (navigate rover4 waypoint27 waypoint12)
29.493: (calibrate rover0 camera6 objective13 waypoint20)
29.495: (calibrate rover2 camera9 objective6 waypoint5)
29.547: (calibrate rover2 camera9 objective6 waypoint5)
29.549: (calibrate rover5 camera11 objective10 waypoint11)
29.557: (take_image rover2 waypoint5 objective1 camera9 colour)
29.568: (take_image rover2 waypoint5 objective1 camera9 colour)
29.594: (take_image rover2 waypoint5 objective1 camera9 low_res)
29.603: (take_image rover2 waypoint5 objective1 camera9 colour)
29.608: (calibrate rover0 camera4 objective0 waypoint20)
29.608: (take_image rover3 waypoint1 objective1 camera15 low_res)
29.608: (calibrate rover5 camera11 objective10 waypoint11)
29.610: (take_image rover2 waypoint5 objective1 camera9 low_res)
29.613: (calibrate rover0 camera6 objective13 waypoint32)
29.617: (calibrate rover0 camera4 objective0 waypoint20)
29.617: (navigate rover2 waypoint5 waypoint8)
29.623: (navigate rover4 waypoint27 waypoint12)
29.625: (take_image rover3 waypoint1 objective1 camera15 low_res)
29.628: (calibrate rover5 camera11 objective10 waypoint11)
29.629: (calibrate rover2 camera9 objective6 waypoint5)
29.629: (calibrate rover0 camera6 objective13 waypoint20)
29.632: (take_image rover2 waypoint5 objective1 camera9 low_res)
29.633: (calibrate rover0 camera6 objective13 waypoint32)
29.634: (navigate rover2 waypoint5 waypoint26)
29.637: (navigate rover3 waypoint1 waypoint13)
29.638: (calibrate rover0 camera6 objective13 waypoint20)
29.642: (calibrate rover5 camera11 objective10 waypoint11)
29.646: (take_image rover2 waypoint5 objective1 camera9 colour)
29.647: (take_image rover2 waypoint5 objective1 camera9 low_res)
29.653: (calibrate rover5 camera11 objective10 waypoint11)
29.655: (take_image rover2 waypoint5 objective1 camera9 colour)
29.656: (take_image rover2 waypoint5 objective1 camera9 low_res)
29.666: (take_image rover2 waypoint5 objective1 camera9 low_res)
29.668: (calibrate rover0 camera6 objective13 waypoint32)
29.673: (calibrate rover5 camera13 objective8 waypoint11)
29.677: (calibrate rover5 camera11 objective10 waypoint11)
29.681: (calibrate rover2 camera9 objective6 waypoint5)
29.702: (calibrate rover0 camera4 objective0 waypoint20)
29.708: (calibrate rover5 camera13 objective8 waypoint11)
29.714: (calibrate rover2 camera9 objective6 waypoint5)
29.723: (calibrate rover5 camera13 objective8 waypoint11)
29.726: (calibrate rover3 camera15 objective6 waypoint1)
29.730: (calibrate rover0 camera6 objective13 waypoint20)
29.743: (calibrate rover5 camera13 objective8 waypoint11)
29.743: (calibrate rover4 camera8 objective5 waypoint32)
29.745: (navigate rover2 waypoint5 waypoint8)
29.749: (take_image rover2 waypoint5 objective1 camera9 colour)
29.755: (calibrate rover5 camera13 objective8 waypoint11)
29.764: (navigate rover3 waypoint1 waypoint13)
29.773: (calibrate rover5 camera13 objective8 waypoint11)
29.778: (calibrate rover5 camera11 objective10 waypoint11)
29.787: (navigate rover0 waypoint20 waypoint32)
29.788: (navigate rover4 waypoint27 waypoint32)
29.789: (navigate rover2 waypoint5 waypoint8)
29.804: (calibrate rover5 camera11 objective10 waypoint11)
29.822: (calibrate rover0 camera6 objective13 waypoint32)
29.825: (navigate rover3 waypoint1 waypoint13)
29.831: (navigate rover2 waypoint5 waypoint8)
29.835: (navigate rover2 waypoint5 waypoint26)
29.861: (navigate rover3 waypoint1 waypoint13)
29.865: (calibrate rover3 camera15 objective6 waypoint1)
29.884: (navigate rover5 waypoint11 waypoint35)
29.898: (navigate rover3 waypoint1 waypoint15)
29.903: (calibrate rover5 camera13 objective8 waypoint11)
29.915: (take_image rover2 waypoint5 objective1 camera9 colour)
29.920: (navigate rover4 waypoint27 waypoint32)
29.921: (navigate rover0 waypoint20 waypoint32)
29.922: (calibrate rover5 camera13 objective8 waypoint11)
29.926: (navigate rover4 waypoint27 waypoint12)
29.931: (navigate rover5 waypoint11 waypoint35)
29.969: (calibrate rover0 camera14 objective4 waypoint20)
28.277: (calibrate rover2 camera9 objective6 waypoint5)
28.278: (calibrate rover0 camera14 objective4 waypoint20)
28.415: (calibrate rover5 camera11 objective10 waypoint11)
28.425: (calibrate rover0 camera14 objective4 waypoint20)
28.432: (calibrate rover2 camera9 objective6 waypoint5)
28.437: (navigate rover4 waypoint27 waypoint12)
28.464: (calibrate rover2 camera9 objective6 waypoint5)
28.476: (navigate rover4 waypoint27 waypoint12)
28.478: (calibrate rover2 camera9 objective6 waypoint5)
28.535: (calibrate rover0 camera14 objective4 waypoint20)
28.538: (calibrate rover0 camera4 objective0 waypoint20)
28.543: (calibrate rover2 camera9 objective6 waypoint5)
28.543: (calibrate rover0 camera4 objective0 waypoint20)
28.548: (calibrate rover2 camera9 objective6 waypoint5)
28.550: (calibrate rover5 camera11 objective10 waypoint11)
28.554: (calibrate rover5 camera13 objective8 waypoint11)
28.555: (navigate rover2 waypoint5 waypoint26)
28.555: (navigate rover4 waypoint27 waypoint12)
28.557: (calibrate rover2 camera9 objective6 waypoint5)
28.558: (calibrate rover4 camera8 objective5 waypoint32)
28.560: (navigate rover4 waypoint27 waypoint12)
28.561: (calibrate rover2 camera9 objective6 waypoint26)
28.565: (calibrate rover0 camera14 objective4 waypoint20)
28.565: (calibrate rover0 camera14 objective4 waypoint20)
28.567: (calibrate rover0 camera6 objective13 waypoint20)
28.568: (navigate rover4 waypoint12 waypoint9)
28.570: (calibrate rover5 camera11 objective10 waypoint11)
28.573: (calibrate rover0 camera14 objective4 waypoint20)
28.574: (calibrate rover0 camera6 objective13 waypoint20)
28.575: (navigate rover4 waypoint27 waypoint12)
28.577: (calibrate rover2 camera9 objective6 waypoint5)
28.582: (navigate rover3 waypoint1 waypoint10)
28.586: (calibrate rover0 camera6 objective13 waypoint32)
28.587: (calibrate rover2 camera9 objective6 waypoint5)
28.588: (navigate rover4 waypoint27 waypoint12)
28.590: (navigate rover2 waypoint5 waypoint8)
28.594: (navigate rover3 waypoint1 waypoint13)
28.594: (calibrate rover0 camera6 objective13 waypoint32)
28.596: (calibrate rover0 camera6 objective13 waypoint32)
28.597: (navigate rover3 waypoint1 waypoint10)
28.598: (calibrate rover2 camera9 objective6 waypoint5)
28.601: (navigate rover3 waypoint1 waypoint13)
28.607: (navigate rover4 waypoint27 waypoint12)
28.610: (navigate rover4 waypoint27 waypoint12)
28.614: (navigate rover4 waypoint27 waypoint12)
28.622: (calibrate rover3 camera15 objective6 waypoint1)
28.623: (navigate rover4 waypoint27 waypoint12)
28.624: (calibrate rover5 camera11 objective10 waypoint11)
28.629: (calibrate rover3 camera15 objective6 waypoint1)
28.638: (calibrate rover5 camera11 objective10 waypoint11)
28.640: (calibrate rover0 camera4 objective0 waypoint20)
28.647: (navigate rover4 waypoint12 waypoint9)
28.647: (calibrate rover2 camera9 objective6 waypoint5)
28.649: (calibrate rover5 camera11 objective10 waypoint11)
28.649: (calibrate rover0 camera14 objective4 waypoint20)
28.651: (navigate rover2 waypoint5 waypoint8)
28.652: (calibrate rover4 camera8 objective5 waypoint32)
28.653: (calibrate rover5 camera11 objective10 waypoint11)
28.654: (calibrate rover3 camera15 objective6 waypoint1)
28.658: (calibrate rover0 camera4 objective0 waypoint20)
28.664: (calibrate rover4 camera8 objective5 waypoint32)
28.665: (calibrate rover0 camera14 objective4 waypoint20)
28.665: (calibrate rover3 camera15 objective6 waypoint1)
28.666: (navigate rover3 waypoint1 waypoint29)
28.666: (calibrate rover2 camera9 objective6 waypoint5)
28.667: (calibrate rover0 camera6 objective13 waypoint20)
28.669: (navigate rover3 waypoint1 waypoint13)
28.671: (calibrate rover5 camera11 objective10 waypoint11)
28.672: (calibrate rover0 camera14 objective4 waypoint20)
28.673: (calibrate rover4 camera8 objective5 waypoint32)
28.674: (calibrate rover0 camera4 objective0 waypoint20)
28.674: (calibrate rover5 camera11 objective10 waypoint11)
28.675: (calibrate rover5 camera11 objective10 waypoint11)
28.676: (navigate rover0 waypoint20 waypoint32)
28.678: (navigate rover2 waypoint5 waypoint8)
28.679: (navigate rover4 waypoint27 waypoint32)
28.680: (calibrate rover2 camera9 objective6 waypoint8)
28.680: (calibrate rover3 camera15 objective6 waypoint1)
28.680: (navigate rover4 waypoint12 waypoint34)
28.681: (navigate rover3 waypoint1 waypoint13)
27.399: (calibrate rover2 camera9 objective6 waypoint5)
27.418: (navigate rover4 waypoint27 waypoint12)
27.433: (navigate rover2 waypoint8 waypoint34)
27.442: (calibrate rover2 camera9 objective6 waypoint5)
27.443: (calibrate rover5 camera11 objective10 waypoint11)
27.443: (calibrate rover2 camera9 objective6 waypoint5)
27.444: (calibrate rover0 camera14 objective4 waypoint20)
27.464: (calibrate rover4 camera8 objective5 waypoint32)
27.475: (calibrate rover0 camera14 objective4 waypoint20)
27.493: (navigate rover2 waypoint8 waypoint34)
27.493: (navigate rover3 waypoint13 waypoint9)
27.495: (navigate rover4 waypoint12 waypoint9)
27.495: (calibrate rover2 camera9 objective6 waypoint5)
27.498: (calibrate rover2 camera9 objective6 waypoint26)
27.501: (navigate rover4 waypoint27 waypoint32)
27.510: (calibrate rover0 camera14 objective4 waypoint20)
27.518: (navigate rover3 waypoint1 waypoint29)
27.523: (navigate rover3 waypoint1 waypoint13)
27.527: (calibrate rover2 camera9 objective6 waypoint5)
27.536: (calibrate rover2 camera9 objective6 waypoint8)
27.540: (calibrate rover0 camera14 objective4 waypoint20)
27.543: (calibrate rover2 camera9 objective6 waypoint5)
27.548: (navigate rover3 waypoint13 waypoint9)
27.552: (navigate rover4 waypoint27 waypoint32)
27.553: (calibrate rover2 camera9 objective6 waypoint8)
27.554: (calibrate rover4 camera8 objective5 waypoint32)
27.558: (calibrate rover3 camera15 objective6 waypoint1)
27.558: (navigate rover4 waypoint12 waypoint9)
27.560: (calibrate rover5 camera11 objective10 waypoint11)
27.565: (navigate rover4 waypoint12 waypoint9)
27.565: (calibrate rover5 camera11 objective10 waypoint11)
27.566: (calibrate rover0 camera14 objective4 waypoint20)
27.571: (calibrate rover3 camera15 objective6 waypoint1)
27.571: (navigate rover4 waypoint12 waypoint9)
27.571: (calibrate rover0 camera6 objective13 waypoint32)
27.582: (navigate rover3 waypoint1 waypoint10)
27.589: (navigate rover4 waypoint12 waypoint9)
27.592: (navigate rover4 waypoint12 waypoint34)
27.593: (navigate rover0 waypoint20 waypoint32)
27.594: (navigate rover4 waypoint27 waypoint32)
27.604: (calibrate rover4 camera2 objective1 waypoint12)
27.608: (calibrate rover5 camera11 objective10 waypoint11)
27.609: (calibrate rover5 camera13 objective8 waypoint11)
27.609: (navigate rover4 waypoint27 waypoint12)
27.610: (calibrate rover2 camera9 objective6 waypoint5)
27.612: (calibrate rover5 camera11 objective10 waypoint11)
27.615: (calibrate rover0 camera14 objective4 waypoint20)
27.616: (calibrate rover2 camera9 objective6 waypoint8)
27.618: (calibrate rover2 camera9 objective6 waypoint5)
27.619: (calibrate rover0 camera4 objective0 waypoint20)
27.620: (calibrate rover2 camera9 objective6 waypoint5)
27.620: (calibrate rover0 camera14 objective4 waypoint20)
27.621: (calibrate rover0 camera6 objective13 waypoint32)
27.625: (calibrate rover5 camera11 objective10 waypoint11)
27.627: (calibrate rover2 camera9 objective6 waypoint5)
27.627: (navigate rover4 waypoint12 waypoint9)
27.632: (navigate rover3 waypoint1 waypoint13)
27.632: (calibrate rover2 camera9 objective6 waypoint8)
27.638: (navigate rover4 waypoint12 waypoint9)
27.649: (navigate rover4 waypoint27 waypoint32)
27.652: (calibrate rover0 camera6 objective13 waypoint20)
27.653: (calibrate rover5 camera11 objective10 waypoint11)
27.653: (calibrate rover0 camera6 objective13 waypoint32)
27.656: (calibrate rover2 camera9 objective6 waypoint5)
27.657: (calibrate rover0 camera14 objective4 waypoint20)
27.658: (calibrate rover2 camera9 objective6 waypoint5)
27.661: (calibrate rover0 camera6 objective13 waypoint32)
27.663: (navigate rover3 waypoint1 waypoint13)
27.666: (navigate rover4 waypoint12 waypoint34)
27.669: (calibrate rover4 camera2 objective1 waypoint12)
27.672: (calibrate rover2 camera9 objective6 waypoint5)
27.672: (navigate rover3 waypoint13 waypoint9)
27.678: (navigate rover2 waypoint5 waypoint8)
27.680: (calibrate rover5 camera11 objective10 waypoint11)
27.681: (calibrate rover0 camera14 objective4 waypoint20)
27.685: (navigate rover4 waypoint12 waypoint34)
27.696: (calibrate rover0 camera4 objective0 waypoint20)
27.697: (calibrate rover2 camera9 objective6 waypoint5)
27.700: (calibrate rover0 camera6 objective13 waypoint32)
27.702: (calibrate rover5 camera11 objective10 waypoint11)
26.027: (navigate rover3 waypoint13 waypoint9)
26.035: (navigate rover2 waypoint8 waypoint34)
26.046: (navigate rover3 waypoint13 waypoint9)
26.047: (navigate rover2 waypoint8 waypoint34)
26.178: (take_image rover4 waypoint12 objective10 camera2 colour)
26.337: (take_image rover4 waypoint12 objective10 camera2 colour)
26.356: (navigate rover2 waypoint8 waypoint34)
26.381: (navigate rover3 waypoint13 waypoint9)
26.382: (calibrate rover2 camera9 objective6 waypoint8)
26.401: (navigate rover2 waypoint8 waypoint34)
26.407: (calibrate rover2 camera9 objective6 waypoint8)
26.408: (navigate rover2 waypoint8 waypoint34)
26.410: (navigate rover3 waypoint13 waypoint9)
26.428: (navigate rover3 waypoint13 waypoint9)
26.431: (navigate rover4 waypoint27 waypoint32)
26.431: (calibrate rover0 camera6 objective13 waypoint32)
26.434: (calibrate rover2 camera9 objective6 waypoint8)
26.437: (calibrate rover5 camera11 objective10 waypoint11)
26.452: (calibrate rover0 camera6 objective13 waypoint32)
26.459: (navigate rover3 waypoint13 waypoint9)
26.466: (calibrate rover5 camera11 objective10 waypoint11)
26.528: (navigate rover4 waypoint12 waypoint9)
26.529: (navigate rover4 waypoint12 waypoint34)
26.530: (navigate rover3 waypoint13 waypoint9)
26.531: (navigate rover4 waypoint27 waypoint32)
26.531: (navigate rover4 waypoint27 waypoint32)
26.540: (navigate rover3 waypoint29 waypoint25)
26.541: (calibrate rover5 camera13 objective8 waypoint11)
26.556: (calibrate rover0 camera6 objective13 waypoint32)
26.558: (calibrate rover2 camera9 objective6 waypoint8)
26.560: (navigate rover4 waypoint27 waypoint32)
26.562: (calibrate rover5 camera13 objective8 waypoint11)
26.567: (calibrate rover5 camera11 objective10 waypoint11)
26.568: (navigate rover4 waypoint27 waypoint32)
26.574: (calibrate rover5 camera11 objective10 waypoint11)
26.575: (navigate rover2 waypoint8 waypoint9)
26.575: (calibrate rover2 camera9 objective6 waypoint8)
26.589: (calibrate rover0 camera6 objective13 waypoint32)
26.595: (navigate rover2 waypoint8 waypoint9)
26.595: (navigate rover3 waypoint1 waypoint13)
26.601: (navigate rover2 waypoint8 waypoint9)
26.614: (navigate rover4 waypoint12 waypoint9)
26.625: (calibrate rover2 camera9 objective6 waypoint5)
26.628: (calibrate rover0 camera6 objective13 waypoint32)
26.629: (navigate rover4 waypoint27 waypoint12)
26.629: (calibrate rover5 camera11 objective10 waypoint11)
26.631: (navigate rover3 waypoint13 waypoint9)
26.631: (navigate rover4 waypoint27 waypoint32)
26.634: (calibrate rover4 camera8 objective5 waypoint32)
26.634: (calibrate rover5 camera11 objective10 waypoint11)
26.639: (calibrate rover2 camera9 objective6 waypoint5)
26.640: (navigate rover3 waypoint1 waypoint13)
26.640: (calibrate rover2 camera9 objective6 waypoint5)
26.643: (calibrate rover5 camera11 objective10 waypoint11)
26.644: (navigate rover2 waypoint8 waypoint34)
26.645: (navigate rover4 waypoint12 waypoint9)
26.648: (navigate rover5 waypoint11 waypoint35)
26.656: (navigate rover2 waypoint8 waypoint34)
26.658: (calibrate rover0 camera6 objective13 waypoint32)
26.662: (calibrate rover5 camera13 objective8 waypoint11)
26.663: (navigate rover4 waypoint27 waypoint32)
26.664: (calibrate rover5 camera11 objective10 waypoint11)
26.667: (navigate rover3 waypoint1 waypoint15)
26.670: (navigate rover2 waypoint8 waypoint9)
26.671: (navigate rover4 waypoint12 waypoint34)
26.672: (navigate rover2 waypoint8 waypoint34)
26.675: (navigate rover3 waypoint1 waypoint13)
26.676: (calibrate rover5 camera13 objective8 waypoint11)
26.685: (navigate rover3 waypoint13 waypoint9)
26.686: (navigate rover4 waypoint27 waypoint32)
26.688: (navigate rover3 waypoint1 waypoint13)
26.690: (calibrate rover5 camera11 objective10 waypoint11)
26.696: (navigate rover2 waypoint5 waypoint8)
26.699: (calibrate rover2 camera9 objective6 waypoint5)
26.704: (navigate rover4 waypoint12 waypoint9)
26.707: (calibrate rover3 camera15 objective6 waypoint1)
26.708: (calibrate rover3 camera15 objective6 waypoint1)
26.708: (calibrate rover3 camera15 objective6 waypoint1)
26.708: (calibrate rover5 camera13 objective8 waypoint11)
26.708: (navigate rover4 waypoint27 waypoint32)
24.769: (navigate rover3 waypoint13 waypoint9)
24.770: (navigate rover2 waypoint8 waypoint34)
24.821: (navigate rover3 waypoint13 waypoint9)
24.821: (navigate rover2 waypoint8 waypoint34)
24.848: (navigate rover2 waypoint8 waypoint34)
24.852: (calibrate rover0 camera6 objective13 waypoint32)
24.854: (navigate rover3 waypoint13 waypoint9)
24.884: (navigate rover3 waypoint13 waypoint9)
24.885: (calibrate rover5 camera11 objective10 waypoint11)
24.893: (navigate rover2 waypoint8 waypoint34)
24.987: (calibrate rover5 camera13 objective8 waypoint11)
24.989: (navigate rover2 waypoint8 waypoint34)
24.990: (navigate rover3 waypoint13 waypoint9)
24.997: (calibrate rover0 camera6 objective13 waypoint32)
25.011: (calibrate rover5 camera11 objective10 waypoint11)
25.012: (navigate rover3 waypoint13 waypoint9)
25.013: (navigate rover2 waypoint8 waypoint34)
25.013: (navigate rover3 waypoint13 waypoint9)
25.026: (navigate rover2 waypoint8 waypoint34)
25.061: (navigate rover2 waypoint8 waypoint34)
25.080: (navigate rover3 waypoint13 waypoint9)
25.096: (calibrate rover5 camera13 objective8 waypoint11)
25.217: (calibrate rover2 camera9 objective6 waypoint5)
25.242: (navigate rover3 waypoint13 waypoint9)
25.300: (navigate rover5 waypoint11 waypoint35)
25.312: (navigate rover5 waypoint11 waypoint10)
25.322: (navigate rover3 waypoint13 waypoint9)
25.342: (navigate rover3 waypoint29 waypoint25)
25.353: (navigate rover5 waypoint11 waypoint35)
25.360: (navigate rover2 waypoint8 waypoint34)
25.368: (navigate rover5 waypoint11 waypoint10)
25.385: (calibrate rover0 camera6 objective13 waypoint32)
25.386: (navigate rover2 waypoint5 waypoint8)
25.386: (navigate rover5 waypoint11 waypoint3)
25.388: (navigate rover4 waypoint27 waypoint32)
25.392: (calibrate rover2 camera9 objective6 waypoint8)
25.399: (navigate rover3 waypoint13 waypoint9)
25.409: (navigate rover3 waypoint13 waypoint9)
25.409: (calibrate rover5 camera11 objective10 waypoint11)
25.450: (navigate rover4 waypoint12 waypoint9)
25.480: (calibrate rover2 camera9 objective6 waypoint8)
25.482: (navigate rover4 waypoint27 waypoint32)
25.485: (navigate rover3 waypoint13 waypoint9)
25.485: (calibrate rover0 camera6 objective13 waypoint32)
25.491: (navigate rover4 waypoint27 waypoint32)
25.497: (navigate rover5 waypoint11 waypoint35)
25.502: (navigate rover3 waypoint13 waypoint9)
25.507: (navigate rover5 waypoint11 waypoint3)
25.513: (calibrate rover5 camera13 objective8 waypoint11)
25.516: (navigate rover3 waypoint1 waypoint13)
25.518: (navigate rover4 waypoint27 waypoint32)
25.536: (navigate rover3 waypoint13 waypoint9)
25.540: (navigate rover5 waypoint11 waypoint10)
25.541: (navigate rover4 waypoint27 waypoint32)
25.544: (calibrate rover5 camera11 objective10 waypoint11)
25.547: (navigate rover4 waypoint12 waypoint9)
25.548: (navigate rover2 waypoint8 waypoint34)
25.552: (navigate rover4 waypoint12 waypoint34)
25.554: (navigate rover2 waypoint5 waypoint8)
25.605: (navigate rover3 waypoint13 waypoint9)
25.619: (navigate rover3 waypoint1 waypoint13)
25.620: (navigate rover5 waypoint11 waypoint10)
25.626: (navigate rover4 waypoint27 waypoint32)
25.628: (calibrate rover5 camera13 objective8 waypoint11)
25.629: (calibrate rover5 camera11 objective10 waypoint11)
25.634: (calibrate rover0 camera6 objective13 waypoint32)
25.635: (calibrate rover0 camera6 objective13 waypoint32)
25.638: (navigate rover4 waypoint27 waypoint32)
25.639: (navigate rover3 waypoint13 waypoint9)
25.642: (navigate rover5 waypoint11 waypoint10)
25.642: (navigate rover4 waypoint27 waypoint32)
25.645: (navigate rover3 waypoint13 waypoint9)
25.647: (navigate rover2 waypoint8 waypoint34)
25.648: (calibrate rover5 camera11 objective10 waypoint11)
25.650: (navigate rover2 waypoint8 waypoint34)
25.653: (navigate rover5 waypoint11 waypoint35)
25.653: (navigate rover4 waypoint27 waypoint32)
25.653: (navigate rover2 waypoint8 waypoint34)
25.655: (navigate rover4 waypoint27 waypoint32)
25.655: (navigate rover2 waypoint8 waypoint34)
23.696: (take_image rover5 waypoint11 objective10 camera11 colour)
23.959: (navigate rover5 waypoint11 waypoint10)
23.964: (navigate rover2 waypoint8 waypoint34)
24.019: (navigate rover2 waypoint8 waypoint34)
24.027: (navigate rover5 waypoint11 waypoint35)
24.037: (navigate rover5 waypoint11 waypoint10)
24.037: (navigate rover3 waypoint13 waypoint9)
24.038: (navigate rover3 waypoint13 waypoint9)
24.039: (calibrate rover0 camera6 objective13 waypoint32)
24.041: (calibrate rover5 camera11 objective10 waypoint11)
24.048: (navigate rover5 waypoint11 waypoint10)
24.063: (navigate rover2 waypoint8 waypoint34)
24.068: (navigate rover5 waypoint11 waypoint10)
24.094: (calibrate rover0 camera6 objective13 waypoint32)
24.124: (calibrate rover5 camera11 objective10 waypoint11)
24.134: (calibrate rover0 camera6 objective13 waypoint32)
24.139: (navigate rover5 waypoint11 waypoint10)
24.141: (calibrate rover0 camera6 objective13 waypoint32)
24.145: (navigate rover5 waypoint11 waypoint3)
24.150: (navigate rover5 waypoint11 waypoint10)
24.162: (calibrate rover5 camera13 objective8 waypoint11)
24.167: (navigate rover5 waypoint11 waypoint10)
24.167: (calibrate rover0 camera6 objective13 waypoint32)
24.168: (calibrate rover5 camera11 objective10 waypoint11)
24.211: (navigate rover5 waypoint11 waypoint35)
24.213: (navigate rover5 waypoint11 waypoint35)
24.215: (calibrate rover0 camera6 objective13 waypoint32)
24.248: (navigate rover2 waypoint5 waypoint8)
24.249: (navigate rover2 waypoint8 waypoint34)
24.251: (navigate rover4 waypoint27 waypoint32)
24.252: (calibrate rover5 camera13 objective8 waypoint11)
24.254: (navigate rover5 waypoint11 waypoint10)
24.257: (navigate rover5 waypoint11 waypoint3)
24.266: (navigate rover4 waypoint12 waypoint9)
24.268: (navigate rover5 waypoint11 waypoint35)
24.269: (navigate rover3 waypoint13 waypoint9)
24.274: (navigate rover4 waypoint27 waypoint32)
24.277: (navigate rover3 waypoint13 waypoint9)
24.280: (navigate rover5 waypoint11 waypoint3)
24.280: (navigate rover2 waypoint8 waypoint34)
24.280: (navigate rover3 waypoint13 waypoint9)
24.281: (calibrate rover0 camera6 objective13 waypoint32)
24.283: (navigate rover5 waypoint11 waypoint35)
24.283: (calibrate rover0 camera6 objective13 waypoint32)
24.285: (navigate rover3 waypoint13 waypoint9)
24.287: (calibrate rover0 camera6 objective13 waypoint32)
24.289: (navigate rover5 waypoint11 waypoint3)
24.290: (navigate rover5 waypoint11 waypoint35)
24.292: (calibrate rover0 camera6 objective13 waypoint32)
24.293: (calibrate rover5 camera11 objective10 waypoint11)
24.305: (navigate rover5 waypoint11 waypoint35)
24.311: (navigate rover4 waypoint27 waypoint32)
24.311: (calibrate rover0 camera6 objective13 waypoint32)
24.311: (navigate rover5 waypoint11 waypoint3)
24.317: (calibrate rover0 camera6 objective13 waypoint32)
24.318: (calibrate rover5 camera13 objective8 waypoint11)
24.323: (navigate rover2 waypoint8 waypoint34)
24.325: (navigate rover5 waypoint11 waypoint3)
24.347: (calibrate rover5 camera11 objective10 waypoint11)
24.347: (navigate rover3 waypoint13 waypoint9)
24.350: (navigate rover3 waypoint1 waypoint29)
24.350: (calibrate rover1 camera3 objective0 waypoint28)
24.351: (navigate rover2 waypoint8 waypoint34)
24.355: (navigate rover4 waypoint27 waypoint32)
24.359: (navigate rover3 waypoint1 waypoint13)
24.381: (navigate rover3 waypoint1 waypoint13)
24.386: (navigate rover5 waypoint10 waypoint25)
24.387: (navigate rover5 waypoint11 waypoint35)
24.395: (calibrate rover1 camera3 objective0 waypoint28)
24.396: (navigate rover2 waypoint8 waypoint34)
24.398: (navigate rover5 waypoint11 waypoint3)
24.404: (calibrate rover5 camera11 objective10 waypoint11)
24.404: (calibrate rover5 camera13 objective8 waypoint11)
24.407: (navigate rover4 waypoint27 waypoint32)
24.409: (navigate rover3 waypoint13 waypoint9)
24.416: (navigate rover5 waypoint10 waypoint25)
24.417: (calibrate rover0 camera6 objective13 waypoint32)
24.418: (calibrate rover5 camera13 objective8 waypoint11)
24.419: (navigate rover2 waypoint5 waypoint8)
24.419: (navigate rover3 waypoint1 waypoint10)
22.201: (take_image rover5 waypoint11 objective10 camera11 colour)
22.203: (navigate rover3 waypoint13 waypoint9)
22.209: (take_image rover5 waypoint11 objective10 camera13 colour)
22.255: (take_image rover5 waypoint11 objective10 camera13 colour)
22.265: (take_image rover0 waypoint32 objective10 camera6 colour)
22.269: (take_image rover5 waypoint11 objective10 camera11 colour)
22.281: (take_image rover0 waypoint32 objective10 camera6 colour)
22.506: (take_image rover5 waypoint11 objective10 camera11 colour)
22.528: (take_image rover5 waypoint11 objective10 camera11 colour)
22.544: (take_image rover5 waypoint11 objective10 camera13 colour)
22.552: (take_image rover5 waypoint11 objective10 camera13 colour)
22.590: (take_image rover0 waypoint32 objective10 camera6 colour)
22.630: (take_image rover0 waypoint32 objective10 camera6 colour)
22.678: (take_image rover5 waypoint11 objective10 camera11 colour)
22.696: (take_image rover0 waypoint32 objective10 camera6 colour)
22.987: (navigate rover5 waypoint10 waypoint25)
23.073: (navigate rover3 waypoint13 waypoint9)
23.100: (take_image rover1 waypoint28 objective6 camera3 colour)
23.113: (navigate rover2 waypoint8 waypoint34)
23.116: (calibrate rover5 camera11 objective10 waypoint11)
23.125: (navigate rover5 waypoint10 waypoint25)
23.130: (navigate rover2 waypoint8 waypoint34)
23.139: (navigate rover4 waypoint12 waypoint9)
23.147: (take_image rover5 waypoint11 objective4 camera11 colour)
23.158: (navigate rover3 waypoint1 waypoint29)
23.158: (take_image rover5 waypoint11 objective4 camera13 colour)
23.167: (navigate rover4 waypoint27 waypoint32)
23.174: (navigate rover3 waypoint1 waypoint10)
23.182: (take_image rover5 waypoint11 objective4 camera11 colour)
23.184: (navigate rover5 waypoint10 waypoint25)
23.185: (take_image rover5 waypoint11 objective4 camera13 colour)
23.189: (calibrate rover0 camera6 objective13 waypoint32)
23.193: (navigate rover5 waypoint10 waypoint25)
23.216: (calibrate rover0 camera6 objective13 waypoint32)
23.227: (navigate rover3 waypoint29 waypoint25)
23.232: (navigate rover5 waypoint11 waypoint10)
23.236: (calibrate rover0 camera6 objective13 waypoint32)
23.237: (navigate rover5 waypoint10 waypoint25)
23.238: (navigate rover5 waypoint10 waypoint25)
23.263: (navigate rover2 waypoint5 waypoint8)
23.263: (navigate rover4 waypoint12 waypoint34)
23.263: (navigate rover5 waypoint11 waypoint35)
23.271: (calibrate rover5 camera13 objective8 waypoint11)
23.274: (navigate rover5 waypoint10 waypoint25)
23.276: (navigate rover5 waypoint11 waypoint10)
23.279: (calibrate rover0 camera6 objective13 waypoint32)
23.280: (navigate rover5 waypoint11 waypoint10)
23.281: (take_image rover1 waypoint28 objective6 camera3 colour)
23.300: (navigate rover5 waypoint11 waypoint35)
23.311: (navigate rover5 waypoint10 waypoint25)
23.320: (navigate rover5 waypoint11 waypoint10)
23.326: (navigate rover1 waypoint28 waypoint29)
23.340: (calibrate rover0 camera6 objective13 waypoint32)
23.343: (calibrate rover0 camera6 objective13 waypoint32)
23.345: (take_image rover1 waypoint28 objective4 camera3 colour)
23.346: (navigate rover5 waypoint11 waypoint10)
23.349: (navigate rover5 waypoint11 waypoint10)
23.349: (navigate rover5 waypoint11 waypoint10)
23.359: (navigate rover1 waypoint28 waypoint32)
23.359: (navigate rover5 waypoint11 waypoint35)
23.362: (calibrate rover0 camera6 objective13 waypoint32)
23.362: (navigate rover1 waypoint28 waypoint27)
23.378: (navigate rover3 waypoint13 waypoint9)
23.379: (calibrate rover5 camera11 objective10 waypoint11)
23.381: (take_image rover5 waypoint11 objective4 camera11 colour)
23.382: (navigate rover3 waypoint1 waypoint10)
23.382: (calibrate rover0 camera6 objective13 waypoint32)
23.386: (take_image rover5 waypoint11 objective4 camera13 colour)
23.387: (take_image rover5 waypoint11 objective4 camera13 colour)
23.392: (navigate rover3 waypoint1 waypoint29)
23.401: (navigate rover4 waypoint12 waypoint34)
23.406: (navigate rover1 waypoint28 waypoint32)
23.421: (navigate rover5 waypoint11 waypoint35)
23.433: (navigate rover5 waypoint11 waypoint3)
23.440: (navigate rover5 waypoint11 waypoint10)
23.444: (calibrate rover0 camera6 objective13 waypoint32)
23.445: (calibrate rover5 camera11 objective10 waypoint11)
23.447: (calibrate rover0 camera6 objective13 waypoint32)
23.450: (navigate rover5 waypoint11 waypoint10)
23.451: (navigate rover1 waypoint28 waypoint32)
21.293: (navigate rover1 waypoint28 waypoint29)
21.383: (navigate rover1 waypoint28 waypoint29)
21.472: (navigate rover1 waypoint28 waypoint29)
21.525: (navigate rover1 waypoint28 waypoint32)
21.529: (navigate rover1 waypoint28 waypoint29)
21.547: (navigate rover1 waypoint28 waypoint27)
21.559: (navigate rover3 waypoint13 waypoint9)
21.579: (navigate rover1 waypoint28 waypoint29)
21.583: (calibrate rover5 camera11 objective10 waypoint11)
21.585: (navigate rover3 waypoint13 waypoint9)
21.586: (navigate rover5 waypoint11 waypoint10)
21.587: (navigate rover1 waypoint28 waypoint29)
21.589: (calibrate rover5 camera11 objective10 waypoint11)
21.590: (navigate rover1 waypoint28 waypoint32)
21.592: (navigate rover1 waypoint28 waypoint29)
21.596: (navigate rover3 waypoint13 waypoint9)
21.620: (navigate rover1 waypoint28 waypoint27)
21.643: (navigate rover1 waypoint28 waypoint29)
21.652: (take_image rover0 waypoint32 objective10 camera6 colour)
21.656: (navigate rover5 waypoint11 waypoint10)
21.667: (take_image rover0 waypoint32 objective10 camera6 colour)
21.677: (navigate rover3 waypoint13 waypoint9)
21.679: (calibrate rover0 camera6 objective13 waypoint32)
21.679: (take_image rover5 waypoint11 objective10 camera11 colour)
21.686: (take_image rover5 waypoint11 objective10 camera11 colour)
21.687: (calibrate rover5 camera11 objective10 waypoint11)
21.693: (navigate rover1 waypoint28 waypoint32)
21.697: (navigate rover3 waypoint13 waypoint9)
21.699: (calibrate rover0 camera6 objective13 waypoint32)
21.707: (take_image rover0 waypoint32 objective10 camera6 colour)
21.711: (calibrate rover5 camera11 objective10 waypoint11)
21.713: (navigate rover1 waypoint28 waypoint29)
21.713: (navigate rover1 waypoint28 waypoint32)
21.716: (calibrate rover0 camera6 objective13 waypoint32)
21.718: (navigate rover1 waypoint28 waypoint27)
21.728: (navigate rover1 waypoint28 waypoint32)
21.729: (take_image rover0 waypoint32 objective10 camera6 colour)
21.733: (navigate rover3 waypoint13 waypoint9)
21.735: (calibrate rover0 camera6 objective13 waypoint32)
21.737: (navigate rover5 waypoint11 waypoint35)
21.739: (navigate rover1 waypoint28 waypoint27)
21.739: (navigate rover5 waypoint11 waypoint35)
21.740: (navigate rover1 waypoint28 waypoint27)
21.742: (navigate rover1 waypoint28 waypoint32)
21.742: (navigate rover1 waypoint28 waypoint27)
21.745: (navigate rover3 waypoint13 waypoint9)
21.747: (calibrate rover5 camera13 objective8 waypoint11)
21.748: (navigate rover3 waypoint13 waypoint9)
21.772: (calibrate rover5 camera13 objective8 waypoint11)
21.777: (calibrate rover5 camera13 objective8 waypoint11)
21.791: (calibrate rover5 camera13 objective8 waypoint11)
21.801: (navigate rover1 waypoint28 waypoint32)
21.804: (navigate rover5 waypoint11 waypoint10)
21.812: (take_image rover0 waypoint32 objective10 camera6 colour)
21.818: (navigate rover5 waypoint11 waypoint10)
21.821: (navigate rover1 waypoint28 waypoint27)
21.822: (navigate rover1 waypoint28 waypoint29)
21.839: (communicate_image_data rover5 general objective10 colour waypoint10 waypoint11)
21.849: (communicate_image_data rover5 general objective10 colour waypoint35 waypoint11)
21.850: (navigate rover5 waypoint11 waypoint10)
21.856: (navigate rover1 waypoint28 waypoint32)
21.858: (navigate rover1 waypoint28 waypoint29)
21.864: (calibrate rover0 camera6 objective13 waypoint32)
21.865: (calibrate rover5 camera11 objective10 waypoint11)
21.881: (navigate rover1 waypoint28 waypoint27)
21.894: (navigate rover5 waypoint11 waypoint3)
21.900: (navigate rover5 waypoint10 waypoint25)
21.902: (navigate rover1 waypoint28 waypoint32)
21.902: (navigate rover5 waypoint11 waypoint3)
21.904: (navigate rover3 waypoint13 waypoint9)
21.905: (calibrate rover5 camera11 objective10 waypoint11)
21.907: (navigate rover4 waypoint27 waypoint32)
21.931: (navigate rover1 waypoint28 waypoint27)
21.943: (navigate rover5 waypoint11 waypoint35)
21.945: (navigate rover1 waypoint28 waypoint32)
21.946: (navigate rover1 waypoint28 waypoint27)
21.955: (navigate rover5 waypoint11 waypoint35)
21.964: (navigate rover4 waypoint27 waypoint32)
21.969: (navigate rover4 waypoint27 waypoint32)
21.979: (navigate rover4 waypoint27 waypoint32)
19.990: (communicate_image_data rover5 general objective10 colour waypoint10 waypoint11)
19.993: (navigate rover3 waypoint13 waypoint9)
20.057: (communicate_image_data rover5 general objective10 colour waypoint10 waypoint11)
20.194: (communicate_image_data rover5 general objective10 colour waypoint35 waypoint11)
20.195: (navigate rover3 waypoint13 waypoint9)
20.245: (navigate rover5 waypoint10 waypoint25)
20.257: (navigate rover5 waypoint10 waypoint25)
20.258: (navigate rover3 waypoint13 waypoint9)
20.287: (communicate_image_data rover5 general objective10 colour waypoint10 waypoint11)
20.310: (navigate rover5 waypoint10 waypoint25)
20.342: (communicate_image_data rover5 general objective10 colour waypoint3 waypoint11)
20.378: (navigate rover1 waypoint29 waypoint25)
20.389: (navigate rover5 waypoint10 waypoint25)
20.423: (navigate rover1 waypoint29 waypoint25)
20.492: (communicate_image_data rover5 general objective10 colour waypoint35 waypoint11)
20.542: (navigate rover1 waypoint29 waypoint25)
20.550: (navigate rover1 waypoint29 waypoint25)
20.558: (navigate rover1 waypoint29 waypoint25)
20.559: (navigate rover5 waypoint10 waypoint25)
20.560: (navigate rover1 waypoint29 waypoint25)
20.599: (take_image rover5 waypoint11 objective4 camera13 low_res)
20.607: (take_image rover5 waypoint11 objective4 camera11 low_res)
20.612: (navigate rover5 waypoint10 waypoint25)
20.625: (take_image rover5 waypoint11 objective4 camera13 low_res)
20.629: (navigate rover1 waypoint29 waypoint25)
20.630: (take_image rover5 waypoint11 objective4 camera11 low_res)
20.663: (navigate rover1 waypoint28 waypoint29)
20.665: (calibrate rover5 camera11 objective10 waypoint11)
20.720: (calibrate rover5 camera11 objective10 waypoint11)
20.721: (navigate rover1 waypoint28 waypoint29)
20.724: (navigate rover1 waypoint27 waypoint39)
20.727: (navigate rover1 waypoint29 waypoint25)
20.743: (navigate rover1 waypoint29 waypoint25)
20.788: (navigate rover1 waypoint29 waypoint25)
20.803: (calibrate rover0 camera6 objective13 waypoint32)
20.805: (navigate rover1 waypoint28 waypoint29)
20.815: (take_image rover5 waypoint11 objective4 camera11 low_res)
20.817: (navigate rover1 waypoint29 waypoint25)
20.829: (take_image rover5 waypoint11 objective4 camera13 low_res)
20.855: (take_image rover5 waypoint11 objective4 camera11 low_res)
20.862: (take_image rover5 waypoint11 objective4 camera13 low_res)
20.865: (calibrate rover5 camera13 objective8 waypoint11)
20.868: (calibrate rover0 camera6 objective13 waypoint32)
20.871: (calibrate rover1 camera7 objective7 waypoint29)
20.873: (navigate rover1 waypoint28 waypoint29)
20.873: (navigate rover1 waypoint28 waypoint32)
20.875: (navigate rover1 waypoint28 waypoint29)
20.877: (calibrate rover5 camera11 objective10 waypoint11)
20.881: (navigate rover1 waypoint27 waypoint39)
20.905: (calibrate rover0 camera6 objective13 waypoint32)
20.907: (navigate rover1 waypoint28 waypoint32)
20.907: (calibrate rover5 camera11 objective10 waypoint11)
20.911: (navigate rover1 waypoint27 waypoint39)
20.917: (calibrate rover5 camera11 objective10 waypoint11)
20.922: (navigate rover1 waypoint28 waypoint29)
20.926: (navigate rover1 waypoint28 waypoint27)
20.927: (navigate rover5 waypoint11 waypoint10)
20.936: (calibrate rover5 camera13 objective8 waypoint11)
20.948: (calibrate rover5 camera11 objective10 waypoint11)
20.949: (navigate rover1 waypoint28 waypoint27)
20.950: (calibrate rover5 camera11 objective10 waypoint11)
20.951: (calibrate rover0 camera6 objective13 waypoint32)
20.952: (navigate rover1 waypoint28 waypoint29)
20.960: (calibrate rover1 camera7 objective7 waypoint29)
20.960: (navigate rover1 waypoint28 waypoint29)
20.962: (calibrate rover5 camera11 objective10 waypoint11)
20.971: (calibrate rover1 camera7 objective7 waypoint29)
20.984: (navigate rover1 waypoint27 waypoint39)
20.998: (navigate rover1 waypoint28 waypoint29)
21.008: (calibrate rover5 camera11 objective10 waypoint11)
21.012: (navigate rover1 waypoint27 waypoint39)
21.025: (calibrate rover0 camera6 objective13 waypoint32)
21.031: (calibrate rover5 camera11 objective10 waypoint11)
21.035: (calibrate rover0 camera6 objective13 waypoint32)
21.036: (calibrate rover0 camera6 objective13 waypoint32)
21.040: (navigate rover1 waypoint28 waypoint32)
21.040: (calibrate rover1 camera7 objective7 waypoint29)
21.040: (navigate rover5 waypoint11 waypoint10)
21.040: (navigate rover1 waypoint27 waypoint39)
21.048: (navigate rover5 waypoint11 waypoint10)
18.847: (navigate rover3 waypoint13 waypoint9)
18.855: (navigate rover5 waypoint10 waypoint25)
18.872: (navigate rover5 waypoint10 waypoint25)
19.181: (navigate rover5 waypoint10 waypoint25)
19.446: (navigate rover1 waypoint28 waypoint32)
19.490: (navigate rover1 waypoint28 waypoint32)
19.522: (navigate rover1 waypoint28 waypoint27)
19.537: (navigate rover1 waypoint28 waypoint27)
19.555: (navigate rover1 waypoint28 waypoint29)
19.556: (navigate rover1 waypoint28 waypoint32)
19.557: (navigate rover1 waypoint28 waypoint29)
19.564: (navigate rover1 waypoint28 waypoint32)
19.571: (navigate rover1 waypoint28 waypoint32)
19.576: (calibrate rover0 camera6 objective13 waypoint32)
19.599: (navigate rover1 waypoint28 waypoint32)
19.601: (calibrate rover0 camera6 objective13 waypoint32)
19.605: (communicate_image_data rover5 general objective10 colour waypoint10 waypoint11)
19.614: (navigate rover1 waypoint28 waypoint27)
19.616: (navigate rover5 waypoint10 waypoint25)
19.619: (communicate_image_data rover5 general objective10 colour waypoint10 waypoint11)
19.624: (navigate rover1 waypoint28 waypoint27)
19.627: (navigate rover1 waypoint28 waypoint27)
19.644: (communicate_image_data rover5 general objective10 colour waypoint10 waypoint11)
19.655: (navigate rover1 waypoint28 waypoint32)
19.657: (navigate rover1 waypoint28 waypoint27)
19.663: (calibrate rover5 camera12 objective12 waypoint10)
19.695: (navigate rover1 waypoint28 waypoint27)
19.703: (calibrate rover5 camera12 objective12 waypoint10)
19.708: (navigate rover1 waypoint29 waypoint25)
19.713: (calibrate rover5 camera11 objective10 waypoint11)
19.718: (calibrate rover5 camera1 objective7 waypoint25)
19.720: (calibrate rover5 camera1 objective7 waypoint25)
19.726: (calibrate rover0 camera6 objective13 waypoint32)
19.726: (navigate rover5 waypoint10 waypoint25)
19.728: (calibrate rover0 camera6 objective13 waypoint32)
19.729: (calibrate rover0 camera6 objective13 waypoint32)
19.733: (calibrate rover5 camera1 objective7 waypoint25)
19.744: (calibrate rover5 camera11 objective10 waypoint11)
19.749: (take_image rover5 waypoint11 objective4 camera13 low_res)
19.749: (navigate rover1 waypoint29 waypoint25)
19.764: (take_image rover5 waypoint11 objective4 camera11 low_res)
19.770: (navigate rover1 waypoint28 waypoint29)
19.786: (navigate rover1 waypoint28 waypoint32)
19.786: (calibrate rover5 camera1 objective7 waypoint25)
19.794: (navigate rover5 waypoint10 waypoint25)
19.800: (calibrate rover0 camera6 objective13 waypoint32)
19.801: (calibrate rover0 camera6 objective13 waypoint32)
19.812: (navigate rover5 waypoint11 waypoint35)
19.815: (navigate rover1 waypoint28 waypoint27)
19.817: (navigate rover4 waypoint27 waypoint32)
19.827: (navigate rover1 waypoint28 waypoint29)
19.840: (calibrate rover5 camera1 objective7 waypoint35)
19.847: (navigate rover5 waypoint11 waypoint35)
19.858: (calibrate rover1 camera3 objective0 waypoint28)
19.873: (navigate rover1 waypoint29 waypoint25)
19.874: (navigate rover1 waypoint29 waypoint25)
19.884: (calibrate rover0 camera6 objective13 waypoint32)
19.884: (calibrate rover5 camera12 objective12 waypoint35)
19.894: (navigate rover1 waypoint29 waypoint25)
19.894: (navigate rover1 waypoint28 waypoint32)
19.898: (navigate rover1 waypoint28 waypoint32)
19.898: (calibrate rover0 camera6 objective13 waypoint32)
19.903: (navigate rover1 waypoint28 waypoint29)
19.910: (calibrate rover5 camera11 objective10 waypoint11)
19.911: (navigate rover1 waypoint29 waypoint25)
19.915: (navigate rover4 waypoint27 waypoint32)
19.919: (calibrate rover1 camera3 objective0 waypoint28)
19.925: (navigate rover1 waypoint28 waypoint32)
19.927: (calibrate rover5 camera13 objective8 waypoint11)
19.930: (navigate rover4 waypoint27 waypoint32)
19.935: (calibrate rover5 camera11 objective10 waypoint11)
19.936: (navigate rover1 waypoint28 waypoint27)
19.937: (navigate rover1 waypoint29 waypoint25)
19.944: (navigate rover1 waypoint28 waypoint27)
19.944: (calibrate rover5 camera12 objective12 waypoint10)
19.944: (navigate rover1 waypoint29 waypoint25)
19.948: (navigate rover1 waypoint28 waypoint27)
19.959: (calibrate rover5 camera13 objective8 waypoint11)
19.963: (calibrate rover0 camera6 objective13 waypoint32)
19.970: (calibrate rover5 camera11 objective10 waypoint11)
18.227: (navigate rover1 waypoint29 waypoint25)
18.229: (communicate_image_data rover5 general objective10 colour waypoint35 waypoint11)
18.448: (navigate rover5 waypoint10 waypoint25)
18.453: (calibrate rover0 camera6 objective13 waypoint32)
18.473: (calibrate rover0 camera6 objective13 waypoint32)
18.476: (navigate rover5 waypoint10 waypoint25)
18.488: (calibrate rover5 camera1 objective7 waypoint25)
18.506: (navigate rover5 waypoint10 waypoint25)
18.514: (navigate rover5 waypoint10 waypoint25)
18.528: (navigate rover5 waypoint10 waypoint25)
18.530: (calibrate rover5 camera1 objective7 waypoint25)
18.545: (navigate rover1 waypoint27 waypoint39)
18.560: (navigate rover1 waypoint29 waypoint25)
18.565: (navigate rover5 waypoint10 waypoint25)
18.569: (navigate rover1 waypoint27 waypoint39)
18.573: (navigate rover1 waypoint29 waypoint25)
18.639: (take_image rover5 waypoint25 objective4 camera1 low_res)
18.639: (calibrate rover1 camera3 objective0 waypoint28)
18.641: (navigate rover5 waypoint10 waypoint25)
18.653: (calibrate rover1 camera3 objective0 waypoint28)
18.663: (navigate rover5 waypoint10 waypoint25)
18.664: (navigate rover1 waypoint27 waypoint39)
18.726: (navigate rover1 waypoint27 waypoint39)
18.727: (take_image rover5 waypoint25 objective4 camera1 low_res)
18.758: (navigate rover1 waypoint27 waypoint39)
18.777: (take_image rover5 waypoint35 objective6 camera12 low_res)
18.781: (take_image rover5 waypoint10 objective4 camera11 low_res)
18.782: (take_image rover5 waypoint35 objective6 camera1 low_res)
18.784: (take_image rover5 waypoint10 objective4 camera13 low_res)
18.785: (take_image rover5 waypoint10 objective4 camera12 low_res)
18.785: (sample_rock rover5 rover5store waypoint25)
18.814: (take_image rover5 waypoint11 objective4 camera11 low_res)
18.815: (take_image rover5 waypoint11 objective4 camera13 low_res)
18.819: (navigate rover1 waypoint29 waypoint25)
18.842: (calibrate rover5 camera1 objective7 waypoint25)
18.852: (sample_rock rover5 rover5store waypoint25)
18.858: (navigate rover1 waypoint27 waypoint39)
18.869: (take_image rover5 waypoint25 objective4 camera13 low_res)
18.869: (navigate rover1 waypoint29 waypoint25)
18.870: (take_image rover5 waypoint25 objective4 camera11 low_res)
18.875: (take_image rover5 waypoint25 objective4 camera1 low_res)
18.883: (navigate rover1 waypoint27 waypoint39)
18.913: (take_image rover5 waypoint25 objective4 camera1 low_res)
18.914: (navigate rover1 waypoint27 waypoint39)
18.920: (calibrate rover1 camera7 objective7 waypoint32)
18.927: (calibrate rover5 camera1 objective7 waypoint25)
18.927: (navigate rover1 waypoint28 waypoint32)
18.928: (navigate rover1 waypoint28 waypoint32)
18.929: (navigate rover5 waypoint10 waypoint25)
18.942: (navigate rover1 waypoint28 waypoint32)
18.942: (take_image rover5 waypoint35 objective4 camera12 low_res)
18.943: (take_image rover5 waypoint35 objective4 camera1 low_res)
18.960: (calibrate rover0 camera6 objective13 waypoint32)
18.967: (calibrate rover1 camera10 objective11 waypoint32)
18.981: (take_image rover5 waypoint10 objective4 camera12 low_res)
18.983: (calibrate rover1 camera3 objective0 waypoint28)
18.990: (navigate rover1 waypoint28 waypoint27)
19.008: (navigate rover1 waypoint28 waypoint27)
19.009: (navigate rover1 waypoint28 waypoint27)
19.010: (calibrate rover5 camera1 objective7 waypoint25)
19.011: (calibrate rover5 camera1 objective7 waypoint25)
19.011: (navigate rover1 waypoint28 waypoint32)
19.026: (calibrate rover1 camera7 objective7 waypoint32)
19.028: (calibrate rover1 camera7 objective7 waypoint32)
19.029: (calibrate rover0 camera6 objective13 waypoint32)
19.033: (navigate rover1 waypoint27 waypoint39)
19.034: (navigate rover1 waypoint28 waypoint32)
19.036: (navigate rover1 waypoint28 waypoint33)
19.040: (take_image rover5 waypoint11 objective4 camera11 low_res)
19.052: (calibrate rover0 camera6 objective13 waypoint32)
19.063: (calibrate rover1 camera10 objective11 waypoint32)
19.066: (calibrate rover1 camera7 objective7 waypoint32)
19.069: (navigate rover1 waypoint28 waypoint27)
19.069: (calibrate rover1 camera7 objective7 waypoint32)
19.072: (calibrate rover1 camera7 objective7 waypoint29)
19.078: (take_image rover5 waypoint10 objective4 camera12 low_res)
19.079: (navigate rover1 waypoint27 waypoint39)
19.087: (navigate rover1 waypoint28 waypoint32)
19.087: (calibrate rover1 camera7 objective7 waypoint32)
19.089: (navigate rover4 waypoint27 waypoint32)
17.648: (take_image rover1 waypoint28 objective6 camera3 colour)
17.660: (take_image rover5 waypoint25 objective4 camera12 low_res)
17.665: (take_image rover5 waypoint25 objective4 camera11 low_res)
17.665: (take_image rover5 waypoint25 objective4 camera13 low_res)
17.666: (take_image rover5 waypoint25 objective4 camera1 low_res)
17.668: (navigate rover5 waypoint10 waypoint25)
17.722: (sample_rock rover5 rover5store waypoint25)
17.798: (drop rover5 rover5store)
17.815: (sample_rock rover5 rover5store waypoint25)
17.830: (communicate_image_data rover5 general objective4 low_res waypoint10 waypoint11)
17.837: (sample_rock rover5 rover5store waypoint25)
17.862: (drop rover5 rover5store)
17.865: (calibrate rover0 camera6 objective13 waypoint32)
17.865: (communicate_image_data rover5 general objective4 low_res waypoint10 waypoint11)
17.867: (calibrate rover1 camera7 objective7 waypoint25)
17.868: (navigate rover5 waypoint10 waypoint25)
17.869: (take_image rover5 waypoint25 objective4 camera12 low_res)
17.869: (take_image rover5 waypoint25 objective4 camera1 low_res)
17.910: (calibrate rover5 camera1 objective7 waypoint35)
17.914: (sample_rock rover5 rover5store waypoint25)
17.950: (calibrate rover5 camera12 objective12 waypoint35)
17.964: (take_image rover1 waypoint28 objective6 camera3 colour)
17.973: (calibrate rover1 camera10 objective11 waypoint25)
17.990: (take_image rover5 waypoint25 objective4 camera12 low_res)
17.991: (take_image rover1 waypoint28 objective6 camera3 colour)
18.004: (communicate_image_data rover5 general objective4 low_res waypoint35 waypoint11)
18.014: (take_image rover5 waypoint25 objective4 camera1 low_res)
18.028: (communicate_image_data rover5 general objective6 low_res waypoint35 waypoint11)
18.068: (navigate rover5 waypoint10 waypoint25)
18.073: (navigate rover1 waypoint28 waypoint32)
18.074: (take_image rover5 waypoint25 objective4 camera1 low_res)
18.080: (calibrate rover0 camera6 objective13 waypoint32)
18.084: (calibrate rover5 camera1 objective7 waypoint25)
18.104: (navigate rover1 waypoint27 waypoint39)
18.111: (calibrate rover5 camera1 objective7 waypoint25)
18.119: (calibrate rover0 camera6 objective13 waypoint32)
18.133: (take_image rover5 waypoint25 objective4 camera1 low_res)
18.141: (calibrate rover0 camera6 objective13 waypoint32)
18.142: (calibrate rover0 camera6 objective13 waypoint32)
18.143: (calibrate rover0 camera6 objective13 waypoint32)
18.143: (calibrate rover5 camera1 objective7 waypoint25)
18.148: (navigate rover1 waypoint28 waypoint27)
18.148: (navigate rover1 waypoint27 waypoint39)
18.152: (take_image rover5 waypoint25 objective4 camera1 low_res)
18.155: (calibrate rover0 camera6 objective13 waypoint32)
18.157: (calibrate rover0 camera6 objective13 waypoint32)
18.159: (calibrate rover0 camera6 objective13 waypoint32)
18.159: (calibrate rover0 camera6 objective13 waypoint32)
18.160: (calibrate rover5 camera1 objective7 waypoint25)
18.161: (calibrate rover1 camera3 objective0 waypoint25)
18.161: (calibrate rover1 camera7 objective7 waypoint39)
18.162: (calibrate rover0 camera6 objective13 waypoint32)
18.163: (calibrate rover1 camera5 objective7 waypoint25)
18.166: (calibrate rover1 camera7 objective7 waypoint39)
18.174: (calibrate rover0 camera6 objective13 waypoint32)
18.175: (communicate_image_data rover5 general objective4 low_res waypoint10 waypoint11)
18.178: (calibrate rover5 camera11 objective10 waypoint11)
18.186: (navigate rover1 waypoint28 waypoint32)
18.187: (calibrate rover5 camera1 objective7 waypoint25)
18.197: (calibrate rover0 camera6 objective13 waypoint32)
18.204: (navigate rover5 waypoint11 waypoint35)
18.213: (calibrate rover1 camera7 objective7 waypoint25)
18.218: (calibrate rover1 camera7 objective7 waypoint25)
18.221: (navigate rover1 waypoint27 waypoint39)
18.221: (calibrate rover5 camera12 objective12 waypoint10)
18.221: (calibrate rover0 camera6 objective13 waypoint32)
18.223: (navigate rover1 waypoint29 waypoint25)
18.230: (calibrate rover5 camera1 objective7 waypoint25)
18.235: (calibrate rover5 camera12 objective12 waypoint10)
18.236: (calibrate rover5 camera1 objective7 waypoint25)
18.236: (navigate rover1 waypoint28 waypoint27)
18.242: (calibrate rover5 camera12 objective12 waypoint10)
18.243: (calibrate rover0 camera6 objective13 waypoint32)
18.245: (take_image rover5 waypoint25 objective4 camera1 low_res)
18.251: (calibrate rover5 camera12 objective12 waypoint10)
18.252: (calibrate rover1 camera3 objective0 waypoint28)
18.255: (calibrate rover1 camera10 objective11 waypoint39)
18.256: (calibrate rover5 camera1 objective7 waypoint25)
18.258: (calibrate rover5 camera1 objective7 waypoint25)
18.259: (navigate rover4 waypoint27 waypoint32)
16.633: (navigate rover1 waypoint28 waypoint32)
16.649: (navigate rover1 waypoint28 waypoint27)
16.698: (navigate rover1 waypoint28 waypoint32)
16.730: (navigate rover5 waypoint10 waypoint25)
16.740: (navigate rover5 waypoint10 waypoint25)
16.742: (navigate rover1 waypoint28 waypoint27)
16.804: (take_image rover5 waypoint35 objective6 camera12 low_res)
16.805: (take_image rover5 waypoint35 objective6 camera1 low_res)
16.853: (communicate_image_data rover5 general objective4 low_res waypoint35 waypoint11)
16.929: (take_image rover1 waypoint25 objective4 camera10 low_res)
16.941: (take_image rover1 waypoint25 objective4 camera7 low_res)
17.013: (navigate rover1 waypoint28 waypoint32)
17.017: (navigate rover1 waypoint28 waypoint27)
17.073: (take_image rover5 waypoint35 objective4 camera1 low_res)
17.074: (take_image rover5 waypoint35 objective4 camera12 low_res)
17.079: (navigate rover5 waypoint10 waypoint25)
17.184: (calibrate rover5 camera1 objective7 waypoint25)
17.193: (calibrate rover0 camera6 objective13 waypoint32)
17.211: (calibrate rover0 camera6 objective13 waypoint32)
17.225: (sample_rock rover5 rover5store waypoint25)
17.255: (take_image rover1 waypoint25 objective4 camera7 low_res)
17.285: (take_image rover5 waypoint25 objective4 camera13 low_res)
17.290: (calibrate rover0 camera6 objective13 waypoint32)
17.291: (calibrate rover0 camera6 objective13 waypoint32)
17.292: (take_image rover1 waypoint39 objective4 camera10 low_res)
17.298: (take_image rover5 waypoint25 objective4 camera1 low_res)
17.300: (take_image rover5 waypoint25 objective4 camera11 low_res)
17.303: (take_image rover5 waypoint25 objective4 camera11 low_res)
17.305: (take_image rover5 waypoint25 objective4 camera12 low_res)
17.306: (take_image rover5 waypoint25 objective4 camera13 low_res)
17.307: (take_image rover5 waypoint25 objective4 camera1 low_res)
17.307: (take_image rover5 waypoint25 objective4 camera1 low_res)
17.310: (take_image rover1 waypoint39 objective4 camera7 low_res)
17.315: (calibrate rover0 camera6 objective13 waypoint32)
17.324: (calibrate rover5 camera1 objective7 waypoint25)
17.324: (take_image rover1 waypoint25 objective4 camera7 low_res)
17.326: (navigate rover1 waypoint28 waypoint29)
17.327: (take_image rover1 waypoint39 objective4 camera7 low_res)
17.328: (sample_rock rover5 rover5store waypoint25)
17.333: (sample_rock rover5 rover5store waypoint25)
17.342: (calibrate rover5 camera1 objective7 waypoint25)
17.343: (take_image rover5 waypoint10 objective4 camera12 low_res)
17.347: (navigate rover1 waypoint27 waypoint39)
17.351: (take_image rover5 waypoint25 objective4 camera1 low_res)
17.358: (navigate rover1 waypoint28 waypoint32)
17.360: (navigate rover1 waypoint28 waypoint32)
17.371: (calibrate rover1 camera7 objective7 waypoint39)
17.380: (calibrate rover0 camera6 objective13 waypoint32)
17.389: (navigate rover1 waypoint28 waypoint29)
17.395: (calibrate rover5 camera1 objective7 waypoint25)
17.409: (calibrate rover5 camera1 objective7 waypoint25)
17.414: (calibrate rover0 camera6 objective13 waypoint32)
17.416: (calibrate rover0 camera6 objective13 waypoint32)
17.424: (navigate rover1 waypoint27 waypoint39)
17.424: (calibrate rover5 camera1 objective7 waypoint25)
17.424: (calibrate rover1 camera10 objective11 waypoint39)
17.431: (take_image rover5 waypoint10 objective4 camera12 low_res)
17.432: (navigate rover1 waypoint28 waypoint27)
17.434: (navigate rover1 waypoint28 waypoint29)
17.436: (navigate rover1 waypoint28 waypoint29)
17.436: (calibrate rover5 camera1 objective7 waypoint25)
17.439: (navigate rover1 waypoint28 waypoint27)
17.447: (calibrate rover1 camera3 objective0 waypoint28)
17.449: (calibrate rover0 camera6 objective13 waypoint32)
17.479: (take_image rover5 waypoint10 objective4 camera12 low_res)
17.479: (navigate rover1 waypoint28 waypoint32)
17.485: (navigate rover1 waypoint28 waypoint32)
17.485: (calibrate rover0 camera6 objective13 waypoint32)
17.490: (calibrate rover1 camera7 objective7 waypoint39)
17.491: (calibrate rover0 camera6 objective13 waypoint32)
17.495: (calibrate rover5 camera1 objective7 waypoint25)
17.501: (calibrate rover5 camera1 objective7 waypoint25)
17.502: (take_image rover5 waypoint25 objective4 camera12 low_res)
17.504: (take_image rover5 waypoint25 objective4 camera1 low_res)
17.504: (calibrate rover1 camera7 objective7 waypoint39)
17.504: (calibrate rover0 camera6 objective13 waypoint32)
17.505: (calibrate rover5 camera1 objective7 waypoint25)
17.505: (take_image rover5 waypoint25 objective4 camera12 low_res)
17.508: (take_image rover5 waypoint25 objective4 camera1 low_res)
17.510: (take_image rover1 waypoint28 objective6 camera3 colour)
15.798: (take_image rover1 waypoint28 objective6 camera3 colour)
15.864: (take_image rover5 waypoint25 objective4 camera1 low_res)
15.965: (navigate rover1 waypoint27 waypoint39)
16.038: (take_image rover5 waypoint25 objective4 camera1 low_res)
16.071: (navigate rover1 waypoint27 waypoint39)
16.077: (communicate_image_data rover5 general objective6 low_res waypoint35 waypoint11)
16.122: (communicate_image_data rover5 general objective4 low_res waypoint35 waypoint11)
16.166: (take_image rover5 waypoint25 objective4 camera1 low_res)
16.176: (sample_rock rover5 rover5store waypoint25)
16.289: (take_image rover5 waypoint25 objective4 camera1 low_res)
16.313: (sample_rock rover5 rover5store waypoint25)
16.334: (navigate rover1 waypoint29 waypoint25)
16.342: (calibrate rover0 camera6 objective13 waypoint32)
16.344: (navigate rover1 waypoint27 waypoint39)
16.346: (communicate_image_data rover5 general objective4 low_res waypoint10 waypoint11)
16.358: (communicate_image_data rover5 general objective4 low_res waypoint10 waypoint11)
16.361: (navigate rover5 waypoint10 waypoint25)
16.362: (calibrate rover0 camera6 objective13 waypoint32)
16.367: (navigate rover1 waypoint29 waypoint25)
16.369: (calibrate rover5 camera1 objective7 waypoint35)
16.371: (navigate rover1 waypoint28 waypoint32)
16.382: (navigate rover5 waypoint10 waypoint25)
16.383: (calibrate rover0 camera6 objective13 waypoint32)
16.385: (calibrate rover5 camera1 objective7 waypoint25)
16.399: (calibrate rover1 camera7 objective7 waypoint32)
16.409: (calibrate rover1 camera10 objective11 waypoint32)
16.412: (take_image rover1 waypoint39 objective4 camera10 low_res)
16.412: (navigate rover1 waypoint27 waypoint39)
16.413: (calibrate rover5 camera12 objective12 waypoint35)
16.417: (take_image rover1 waypoint39 objective4 camera7 low_res)
16.418: (calibrate rover5 camera1 objective7 waypoint25)
16.419: (take_image rover5 waypoint25 objective4 camera1 low_res)
16.427: (take_image rover5 waypoint25 objective4 camera1 low_res)
16.432: (navigate rover1 waypoint28 waypoint27)
16.435: (calibrate rover0 camera6 objective13 waypoint32)
16.435: (calibrate rover5 camera1 objective7 waypoint25)
16.442: (calibrate rover1 camera7 objective7 waypoint25)
16.447: (navigate rover1 waypoint29 waypoint25)
16.449: (navigate rover1 waypoint28 waypoint27)
16.452: (navigate rover1 waypoint27 waypoint39)
16.455: (calibrate rover5 camera1 objective7 waypoint25)
16.459: (calibrate rover1 camera3 objective0 waypoint28)
16.460: (communicate_image_data rover5 general objective4 low_res waypoint10 waypoint11)
16.470: (calibrate rover0 camera6 objective13 waypoint32)
16.483: (navigate rover1 waypoint28 waypoint32)
16.485: (navigate rover1 waypoint29 waypoint25)
16.490: (calibrate rover1 camera7 objective7 waypoint32)
16.492: (navigate rover1 waypoint28 waypoint32)
16.492: (calibrate rover1 camera10 objective11 waypoint25)
16.498: (calibrate rover1 camera3 objective0 waypoint28)
16.502: (calibrate rover1 camera5 objective7 waypoint32)
16.502: (calibrate rover1 camera10 objective11 waypoint32)
16.502: (calibrate rover5 camera1 objective7 waypoint25)
16.511: (navigate rover1 waypoint28 waypoint27)
16.516: (calibrate rover5 camera1 objective7 waypoint25)
16.519: (take_image rover1 waypoint39 objective4 camera7 low_res)
16.528: (calibrate rover1 camera5 objective7 waypoint32)
16.548: (calibrate rover0 camera6 objective13 waypoint32)
16.551: (sample_rock rover5 rover5store waypoint25)
16.553: (navigate rover1 waypoint28 waypoint32)
16.553: (calibrate rover1 camera3 objective0 waypoint27)
16.557: (take_image rover5 waypoint25 objective4 camera11 low_res)
16.563: (calibrate rover0 camera6 objective13 waypoint32)
16.569: (navigate rover1 waypoint28 waypoint27)
16.588: (take_image rover5 waypoint25 objective4 camera1 low_res)
16.610: (sample_rock rover5 rover5store waypoint25)
16.612: (calibrate rover0 camera6 objective13 waypoint32)
16.613: (sample_rock rover5 rover5store waypoint25)
16.621: (take_image rover1 waypoint39 objective4 camera7 low_res)
16.625: (calibrate rover1 camera3 objective0 waypoint27)
16.650: (calibrate rover5 camera1 objective7 waypoint35)
16.656: (calibrate rover1 camera7 objective7 waypoint25)
16.668: (calibrate rover5 camera1 objective7 waypoint25)
16.678: (calibrate rover5 camera12 objective12 waypoint35)
16.682: (calibrate rover1 camera7 objective7 waypoint32)
16.688: (calibrate rover5 camera1 objective7 waypoint25)
16.692: (calibrate rover0 camera6 objective13 waypoint32)
16.693: (sample_rock rover5 rover5store waypoint25)
16.699: (calibrate rover5 camera1 objective7 waypoint35)
16.702: (calibrate rover1 camera10 objective11 waypoint32)
15.072: (take_image rover5 waypoint35 objective6 camera1 low_res)
15.081: (take_image rover5 waypoint35 objective6 camera12 low_res)
15.182: (sample_rock rover5 rover5store waypoint25)
15.197: (navigate rover1 waypoint27 waypoint39)
15.209: (take_image rover1 waypoint28 objective6 camera3 colour)
15.232: (take_image rover1 waypoint28 objective6 camera3 colour)
15.271: (take_image rover2 waypoint34 objective8 camera9 low_res)
15.285: (take_image rover2 waypoint34 objective3 camera9 low_res)
15.343: (sample_rock rover5 rover5store waypoint25)
15.358: (navigate rover4 waypoint27 waypoint32)
15.424: (take_image rover2 waypoint34 objective3 camera9 low_res)
15.452: (take_image rover2 waypoint34 objective8 camera9 low_res)
15.493: (navigate rover1 waypoint27 waypoint39)
15.497: (calibrate rover5 camera1 objective7 waypoint25)
15.508: (sample_rock rover5 rover5store waypoint25)
15.511: (take_image rover2 waypoint34 objective8 camera9 colour)
15.517: (take_image rover2 waypoint34 objective8 camera9 colour)
15.523: (navigate rover1 waypoint27 waypoint39)
15.525: (calibrate rover0 camera6 objective13 waypoint32)
15.536: (navigate rover4 waypoint27 waypoint32)
15.539: (sample_rock rover5 rover5store waypoint25)
15.545: (take_image rover2 waypoint34 objective3 camera9 high_res)
15.548: (calibrate rover1 camera7 objective7 waypoint39)
15.555: (navigate rover1 waypoint27 waypoint39)
15.557: (drop rover5 rover5store)
15.563: (take_image rover2 waypoint34 objective3 camera9 high_res)
15.567: (calibrate rover5 camera1 objective7 waypoint25)
15.570: (drop rover5 rover5store)
15.574: (take_image rover2 waypoint34 objective8 camera9 high_res)
15.576: (drop rover5 rover5store)
15.576: (calibrate rover0 camera6 objective13 waypoint32)
15.583: (calibrate rover1 camera10 objective11 waypoint39)
15.583: (navigate rover1 waypoint27 waypoint39)
15.600: (take_image rover2 waypoint34 objective8 camera9 high_res)
15.611: (take_image rover2 waypoint34 objective3 camera9 colour)
15.632: (calibrate rover1 camera7 objective7 waypoint39)
15.670: (calibrate rover1 camera10 objective11 waypoint39)
15.675: (navigate rover4 waypoint27 waypoint45)
15.693: (calibrate rover1 camera3 objective0 waypoint28)
15.703: (sample_rock rover5 rover5store waypoint25)
15.706: (calibrate rover0 camera6 objective13 waypoint32)
15.721: (take_image rover1 waypoint28 objective1 camera3 colour)
15.731: (drop rover5 rover5store)
15.736: (take_image rover2 waypoint34 objective3 camera9 colour)
15.739: (navigate rover1 waypoint28 waypoint33)
15.757: (take_image rover1 waypoint28 objective1 camera3 colour)
15.789: (navigate rover4 waypoint27 waypoint45)
15.842: (calibrate rover5 camera1 objective7 waypoint25)
15.863: (calibrate rover0 camera6 objective13 waypoint32)
15.867: (calibrate rover5 camera1 objective7 waypoint25)
15.870: (calibrate rover0 camera6 objective13 waypoint32)
15.875: (navigate rover1 waypoint28 waypoint40)
15.886: (calibrate rover1 camera7 objective7 waypoint39)
15.902: (navigate rover1 waypoint27 waypoint39)
15.909: (calibrate rover0 camera6 objective13 waypoint32)
15.912: (navigate rover4 waypoint27 waypoint32)
15.925: (calibrate rover5 camera1 objective7 waypoint25)
15.926: (calibrate rover1 camera3 objective0 waypoint28)
15.927: (calibrate rover1 camera10 objective11 waypoint39)
15.930: (calibrate rover0 camera6 objective13 waypoint32)
15.932: (navigate rover4 waypoint27 waypoint12)
15.933: (calibrate rover1 camera5 objective7 waypoint39)
15.936: (calibrate rover0 camera6 objective13 waypoint32)
15.943: (navigate rover1 waypoint27 waypoint39)
15.950: (calibrate rover1 camera7 objective7 waypoint39)
15.969: (navigate rover1 waypoint28 waypoint33)
15.973: (calibrate rover5 camera1 objective7 waypoint25)
15.976: (calibrate rover5 camera1 objective7 waypoint25)
15.987: (calibrate rover1 camera10 objective11 waypoint39)
15.994: (calibrate rover0 camera6 objective13 waypoint32)
15.995: (navigate rover4 waypoint27 waypoint32)
16.018: (calibrate rover5 camera12 objective12 waypoint10)
16.022: (calibrate rover5 camera1 objective7 waypoint25)
16.022: (navigate rover4 waypoint27 waypoint22)
16.034: (navigate rover1 waypoint28 waypoint1)
16.036: (calibrate rover5 camera1 objective7 waypoint35)
16.037: (communicate_image_data rover5 general objective4 low_res waypoint35 waypoint11)
16.038: (calibrate rover0 camera6 objective13 waypoint32)
16.040: (calibrate rover5 camera12 objective12 waypoint35)
16.040: (calibrate rover5 camera1 objective7 waypoint25)
14.574: (drop rover5 rover5store)
14.651: (communicate_image_data rover5 general objective6 low_res waypoint35 waypoint11)
14.697: (navigate rover4 waypoint27 waypoint32)
14.736: (take_image rover2 waypoint34 objective3 camera9 colour)
14.738: (navigate rover4 waypoint27 waypoint32)
14.743: (calibrate rover0 camera6 objective13 waypoint32)
14.745: (sample_rock rover5 rover5store waypoint25)
14.749: (take_image rover2 waypoint34 objective8 camera9 low_res)
14.751: (take_image rover2 waypoint34 objective8 camera9 colour)
14.771: (drop rover5 rover5store)
14.771: (take_image rover2 waypoint34 objective3 camera9 low_res)
14.798: (sample_rock rover5 rover5store waypoint25)
14.799: (calibrate rover1 camera7 objective7 waypoint39)
14.802: (sample_rock rover5 rover5store waypoint25)
14.802: (sample_rock rover5 rover5store waypoint25)
14.804: (calibrate rover5 camera1 objective7 waypoint25)
14.806: (sample_rock rover5 rover5store waypoint25)
14.819: (take_image rover2 waypoint34 objective3 camera9 high_res)
14.822: (sample_rock rover5 rover5store waypoint25)
14.837: (calibrate rover1 camera10 objective11 waypoint39)
14.840: (take_image rover2 waypoint34 objective8 camera9 high_res)
14.847: (calibrate rover0 camera6 objective13 waypoint32)
14.853: (sample_rock rover5 rover5store waypoint25)
14.861: (take_image rover2 waypoint34 objective3 camera9 low_res)
14.869: (take_image rover2 waypoint34 objective8 camera9 low_res)
14.872: (sample_rock rover5 rover5store waypoint25)
14.886: (sample_rock rover5 rover5store waypoint25)
14.912: (calibrate rover1 camera7 objective7 waypoint39)
14.912: (sample_rock rover5 rover5store waypoint25)
14.917: (navigate rover4 waypoint27 waypoint32)
14.918: (take_image rover2 waypoint34 objective3 camera9 low_res)
14.920: (sample_rock rover5 rover5store waypoint25)
14.929: (sample_rock rover5 rover5store waypoint25)
14.930: (take_image rover2 waypoint34 objective8 camera9 low_res)
14.931: (sample_rock rover5 rover5store waypoint25)
14.936: (calibrate rover5 camera1 objective7 waypoint25)
14.942: (take_image rover2 waypoint34 objective3 camera9 colour)
14.943: (calibrate rover1 camera10 objective11 waypoint39)
14.949: (sample_rock rover5 rover5store waypoint25)
14.964: (navigate rover4 waypoint27 waypoint32)
14.970: (sample_rock rover5 rover5store waypoint25)
14.976: (sample_rock rover5 rover5store waypoint25)
14.978: (take_image rover2 waypoint34 objective8 camera9 colour)
14.980: (sample_rock rover5 rover5store waypoint25)
14.980: (take_image rover2 waypoint34 objective3 camera9 high_res)
14.992: (take_image rover2 waypoint34 objective3 camera9 low_res)
14.992: (take_image rover2 waypoint34 objective8 camera9 low_res)
14.995: (take_image rover2 waypoint34 objective3 camera9 high_res)
14.997: (sample_rock rover5 rover5store waypoint25)
15.000: (take_image rover2 waypoint34 objective8 camera9 high_res)
15.009: (take_image rover2 waypoint34 objective8 camera9 colour)
15.015: (calibrate rover1 camera3 objective0 waypoint28)
15.020: (take_image rover2 waypoint34 objective3 camera9 colour)
15.025: (take_image rover2 waypoint34 objective8 camera9 high_res)
15.028: (take_image rover2 waypoint34 objective3 camera9 colour)
15.030: (sample_rock rover5 rover5store waypoint25)
15.032: (take_image rover2 waypoint34 objective3 camera9 high_res)
15.034: (calibrate rover5 camera1 objective7 waypoint35)
15.035: (calibrate rover5 camera12 objective12 waypoint35)
15.041: (take_image rover2 waypoint34 objective8 camera9 low_res)
15.042: (take_image rover2 waypoint34 objective3 camera9 low_res)
15.046: (navigate rover4 waypoint12 waypoint9)
15.059: (take_image rover2 waypoint34 objective8 camera9 high_res)
15.060: (take_image rover2 waypoint34 objective8 camera9 colour)
15.063: (calibrate rover1 camera7 objective7 waypoint32)
15.071: (sample_rock rover5 rover5store waypoint25)
15.079: (take_image rover2 waypoint34 objective8 camera9 colour)
15.080: (navigate rover1 waypoint28 waypoint33)
15.081: (navigate rover4 waypoint12 waypoint34)
15.081: (calibrate rover1 camera3 objective0 waypoint28)
15.084: (calibrate rover1 camera10 objective11 waypoint25)
15.084: (calibrate rover0 camera6 objective13 waypoint32)
15.088: (calibrate rover1 camera3 objective0 waypoint25)
15.092: (calibrate rover1 camera5 objective7 waypoint25)
15.093: (calibrate rover1 camera7 objective7 waypoint25)
15.098: (calibrate rover1 camera10 objective11 waypoint32)
15.104: (calibrate rover5 camera1 objective7 waypoint25)
15.105: (navigate rover1 waypoint28 waypoint33)
15.108: (calibrate rover5 camera1 objective7 waypoint25)
15.114: (navigate rover4 waypoint27 waypoint45)
13.815: (drop rover5 rover5store)
13.825: (drop rover5 rover5store)
13.920: (take_image rover2 waypoint34 objective8 camera9 low_res)
13.921: (drop rover5 rover5store)
13.936: (drop rover5 rover5store)
13.942: (take_image rover2 waypoint34 objective3 camera9 low_res)
13.953: (drop rover5 rover5store)
13.957: (take_image rover2 waypoint34 objective3 camera9 low_res)
13.977: (take_image rover2 waypoint34 objective8 camera9 low_res)
13.992: (drop rover5 rover5store)
14.010: (drop rover5 rover5store)
14.015: (take_image rover2 waypoint34 objective8 camera9 colour)
14.015: (navigate rover4 waypoint27 waypoint32)
14.017: (drop rover5 rover5store)
14.019: (drop rover5 rover5store)
14.021: (take_image rover2 waypoint34 objective3 camera9 high_res)
14.038: (take_image rover2 waypoint34 objective8 camera9 high_res)
14.054: (drop rover5 rover5store)
14.056: (drop rover5 rover5store)
14.059: (take_image rover2 waypoint34 objective3 camera9 colour)
14.123: (drop rover5 rover5store)
14.134: (take_image rover2 waypoint34 objective8 camera9 colour)
14.175: (take_image rover2 waypoint34 objective3 camera9 high_res)
14.203: (take_image rover2 waypoint34 objective8 camera9 high_res)
14.206: (sample_rock rover5 rover5store waypoint25)
14.209: (take_image rover2 waypoint34 objective8 camera9 colour)
14.215: (take_image rover2 waypoint34 objective8 camera9 low_res)
14.217: (navigate rover4 waypoint27 waypoint32)
14.217: (take_image rover2 waypoint34 objective3 camera9 colour)
14.219: (sample_rock rover5 rover5store waypoint25)
14.225: (sample_rock rover5 rover5store waypoint25)
14.231: (sample_rock rover5 rover5store waypoint25)
14.244: (sample_rock rover5 rover5store waypoint25)
14.245: (navigate rover4 waypoint27 waypoint32)
14.259: (navigate rover4 waypoint27 waypoint45)
14.260: (navigate rover4 waypoint27 waypoint32)
14.262: (take_image rover2 waypoint34 objective3 camera9 low_res)
14.268: (sample_rock rover5 rover5store waypoint25)
14.287: (sample_rock rover5 rover5store waypoint25)
14.287: (take_image rover2 waypoint34 objective3 camera9 high_res)
14.305: (take_image rover2 waypoint34 objective8 camera9 high_res)
14.306: (sample_rock rover5 rover5store waypoint25)
14.356: (calibrate rover0 camera6 objective13 waypoint32)
14.357: (calibrate rover0 camera6 objective13 waypoint32)
14.358: (calibrate rover1 camera7 objective7 waypoint39)
14.366: (take_image rover2 waypoint34 objective3 camera9 colour)
14.367: (calibrate rover5 camera1 objective7 waypoint25)
14.368: (sample_rock rover5 rover5store waypoint25)
14.373: (take_image rover2 waypoint34 objective3 camera9 colour)
14.392: (calibrate rover1 camera3 objective0 waypoint28)
14.397: (calibrate rover0 camera6 objective13 waypoint32)
14.398: (calibrate rover1 camera10 objective11 waypoint39)
14.405: (sample_rock rover5 rover5store waypoint25)
14.415: (take_image rover2 waypoint34 objective8 camera9 low_res)
14.416: (take_image rover2 waypoint34 objective3 camera9 high_res)
14.423: (sample_rock rover5 rover5store waypoint25)
14.423: (take_image rover2 waypoint34 objective8 camera9 colour)
14.426: (calibrate rover0 camera6 objective13 waypoint32)
14.427: (calibrate rover1 camera7 objective7 waypoint39)
14.432: (calibrate rover0 camera6 objective13 waypoint32)
14.433: (take_image rover2 waypoint34 objective8 camera9 high_res)
14.434: (calibrate rover5 camera1 objective7 waypoint25)
14.436: (sample_rock rover5 rover5store waypoint25)
14.442: (calibrate rover1 camera10 objective11 waypoint39)
14.446: (take_image rover2 waypoint34 objective3 camera9 low_res)
14.447: (navigate rover4 waypoint27 waypoint45)
14.452: (calibrate rover0 camera6 objective13 waypoint32)
14.452: (navigate rover4 waypoint9 waypoint39)
14.455: (sample_rock rover5 rover5store waypoint25)
14.462: (calibrate rover5 camera1 objective7 waypoint25)
14.465: (calibrate rover1 camera7 objective7 waypoint39)
14.465: (sample_rock rover5 rover5store waypoint25)
14.469: (navigate rover4 waypoint27 waypoint32)
14.470: (calibrate rover1 camera10 objective11 waypoint39)
14.472: (take_image rover2 waypoint34 objective8 camera9 colour)
14.472: (take_image rover2 waypoint34 objective3 camera9 low_res)
14.474: (communicate_image_data rover5 general objective6 low_res waypoint35 waypoint11)
14.475: (navigate rover4 waypoint27 waypoint32)
14.475: (calibrate rover5 camera1 objective7 waypoint25)
14.476: (take_image rover2 waypoint34 objective8 camera9 low_res)
13.215: (drop rover5 rover5store)
13.221: (take_image rover2 waypoint34 objective3 camera9 colour)
13.222: (drop rover5 rover5store)
13.224: (take_image rover2 waypoint34 objective8 camera9 colour)
13.229: (navigate rover4 waypoint27 waypoint32)
13.230: (drop rover5 rover5store)
13.231: (drop rover5 rover5store)
13.232: (take_image rover2 waypoint34 objective8 camera9 low_res)
13.269: (drop rover5 rover5store)
13.270: (drop rover5 rover5store)
13.271: (navigate rover4 waypoint27 waypoint32)
13.272: (take_image rover2 waypoint34 objective3 camera9 low_res)
13.293: (drop rover5 rover5store)
13.296: (take_image rover2 waypoint34 objective3 camera9 high_res)
13.309: (drop rover5 rover5store)
13.314: (take_image rover2 waypoint34 objective8 camera9 high_res)
13.360: (drop rover5 rover5store)
13.370: (take_image rover2 waypoint34 objective3 camera9 colour)
13.412: (drop rover5 rover5store)
13.427: (take_image rover2 waypoint34 objective3 camera9 high_res)
13.429: (take_image rover2 waypoint34 objective8 camera9 low_res)
13.435: (take_image rover2 waypoint34 objective8 camera9 colour)
13.436: (drop rover5 rover5store)
13.440: (drop rover5 rover5store)
13.441: (drop rover5 rover5store)
13.454: (take_image rover2 waypoint34 objective8 camera9 high_res)
13.472: (take_image rover2 waypoint34 objective3 camera9 low_res)
13.484: (drop rover5 rover5store)
13.595: (calibrate rover1 camera3 objective0 waypoint28)
13.604: (navigate rover4 waypoint27 waypoint45)
13.605: (navigate rover4 waypoint27 waypoint45)
13.641: (calibrate rover1 camera3 objective0 waypoint28)
13.688: (navigate rover1 waypoint28 waypoint33)
13.695: (sample_rock rover5 rover5store waypoint25)
13.737: (navigate rover1 waypoint28 waypoint33)
13.775: (calibrate rover5 camera1 objective7 waypoint25)
13.796: (calibrate rover5 camera1 objective7 waypoint25)
13.811: (calibrate rover0 camera6 objective13 waypoint32)
13.814: (calibrate rover0 camera6 objective13 waypoint32)
13.853: (navigate rover1 waypoint28 waypoint40)
13.869: (navigate rover1 waypoint28 waypoint40)
13.894: (navigate rover5 waypoint25 waypoint10)
13.897: (navigate rover1 waypoint28 waypoint33)
13.912: (navigate rover1 waypoint28 waypoint33)
13.915: (navigate rover1 waypoint28 waypoint33)
13.917: (navigate rover1 waypoint28 waypoint33)
13.919: (navigate rover4 waypoint27 waypoint32)
13.921: (calibrate rover1 camera3 objective0 waypoint28)
13.931: (navigate rover1 waypoint28 waypoint33)
13.935: (navigate rover1 waypoint28 waypoint32)
13.941: (navigate rover5 waypoint25 waypoint10)
13.945: (navigate rover4 waypoint27 waypoint32)
13.945: (take_image rover2 waypoint34 objective8 camera9 low_res)
13.961: (take_image rover2 waypoint34 objective3 camera9 low_res)
13.963: (navigate rover1 waypoint28 waypoint32)
13.964: (navigate rover4 waypoint27 waypoint32)
13.969: (navigate rover1 waypoint28 waypoint33)
13.969: (navigate rover4 waypoint27 waypoint32)
13.970: (take_image rover2 waypoint34 objective8 camera9 low_res)
13.973: (navigate rover4 waypoint27 waypoint32)
13.973: (take_image rover2 waypoint34 objective8 camera9 colour)
13.973: (calibrate rover5 camera1 objective7 waypoint25)
13.973: (navigate rover1 waypoint28 waypoint33)
13.975: (take_image rover2 waypoint34 objective3 camera9 colour)
13.976: (navigate rover4 waypoint27 waypoint32)
13.977: (sample_rock rover5 rover5store waypoint25)
13.983: (sample_rock rover5 rover5store waypoint25)
13.983: (sample_rock rover5 rover5store waypoint25)
13.988: (navigate rover1 waypoint28 waypoint33)
13.992: (navigate rover4 waypoint27 waypoint12)
14.003: (navigate rover1 waypoint28 waypoint33)
14.008: (calibrate rover0 camera6 objective13 waypoint32)
14.010: (navigate rover4 waypoint27 waypoint22)
14.023: (navigate rover1 waypoint28 waypoint1)
14.025: (navigate rover1 waypoint28 waypoint33)
14.030: (take_image rover1 waypoint28 objective1 camera3 colour)
14.031: (navigate rover4 waypoint27 waypoint32)
14.034: (navigate rover4 waypoint27 waypoint32)
14.035: (navigate rover1 waypoint28 waypoint1)
14.037: (take_image rover2 waypoint34 objective3 camera9 high_res)
12.954: (communicate_rock_data rover5 general waypoint25 waypoint10 waypoint11)
12.964: (navigate rover4 waypoint12 waypoint9)
12.974: (drop rover5 rover5store)
12.980: (drop rover5 rover5store)
12.981: (navigate rover4 waypoint27 waypoint32)
12.981: (drop rover5 rover5store)
12.982: (take_image rover2 waypoint34 objective8 camera9 colour)
12.982: (take_image rover2 waypoint34 objective8 camera9 low_res)
12.982: (navigate rover4 waypoint27 waypoint32)
12.983: (navigate rover4 waypoint27 waypoint32)
12.984: (take_image rover2 waypoint34 objective3 camera9 low_res)
12.999: (take_image rover2 waypoint34 objective3 camera9 colour)
12.999: (navigate rover4 waypoint27 waypoint32)
13.010: (communicate_rock_data rover5 general waypoint25 waypoint10 waypoint11)
13.012: (drop rover5 rover5store)
13.044: (drop rover5 rover5store)
13.050: (drop rover5 rover5store)
13.051: (take_image rover2 waypoint34 objective3 camera9 high_res)
13.051: (navigate rover4 waypoint27 waypoint32)
13.059: (navigate rover4 waypoint27 waypoint32)
13.060: (take_image rover2 waypoint34 objective3 camera9 colour)
13.068: (take_image rover2 waypoint34 objective8 camera9 high_res)
13.070: (take_image rover2 waypoint34 objective3 camera9 low_res)
13.070: (navigate rover4 waypoint27 waypoint32)
13.074: (navigate rover4 waypoint27 waypoint32)
13.082: (navigate rover4 waypoint12 waypoint34)
13.084: (navigate rover4 waypoint27 waypoint32)
13.084: (navigate rover4 waypoint27 waypoint32)
13.085: (take_image rover2 waypoint34 objective3 camera9 high_res)
13.091: (navigate rover4 waypoint27 waypoint32)
13.092: (take_image rover2 waypoint34 objective8 camera9 low_res)
13.092: (take_image rover2 waypoint34 objective8 camera9 colour)
13.095: (navigate rover4 waypoint27 waypoint32)
13.104: (navigate rover1 waypoint28 waypoint33)
13.112: (take_image rover2 waypoint34 objective8 camera9 high_res)
13.116: (navigate rover4 waypoint27 waypoint32)
13.122: (navigate rover4 waypoint27 waypoint32)
13.127: (navigate rover1 waypoint28 waypoint33)
13.150: (navigate rover4 waypoint27 waypoint32)
13.152: (calibrate rover1 camera3 objective0 waypoint28)
13.177: (navigate rover1 waypoint28 waypoint32)
13.184: (navigate rover4 waypoint27 waypoint32)
13.186: (calibrate rover1 camera3 objective0 waypoint28)
13.187: (navigate rover4 waypoint27 waypoint32)
13.191: (navigate rover1 waypoint28 waypoint33)
13.191: (calibrate rover5 camera1 objective7 waypoint25)
13.191: (take_image rover2 waypoint34 objective8 camera9 colour)
13.192: (navigate rover1 waypoint28 waypoint33)
13.195: (take_image rover2 waypoint34 objective8 camera9 low_res)
13.195: (take_image rover2 waypoint34 objective3 camera9 colour)
13.198: (navigate rover1 waypoint28 waypoint33)
13.212: (navigate rover4 waypoint27 waypoint32)
13.214: (calibrate rover0 camera6 objective13 waypoint32)
13.222: (navigate rover1 waypoint28 waypoint32)
13.233: (navigate rover1 waypoint28 waypoint32)
13.239: (navigate rover1 waypoint1 waypoint2)
13.240: (navigate rover4 waypoint27 waypoint32)
13.242: (navigate rover1 waypoint28 waypoint33)
13.243: (take_image rover2 waypoint34 objective3 camera9 low_res)
13.245: (take_image rover2 waypoint34 objective8 camera9 low_res)
13.245: (calibrate rover5 camera1 objective7 waypoint25)
13.247: (calibrate rover1 camera3 objective0 waypoint28)
13.247: (calibrate rover4 camera8 objective5 waypoint32)
13.249: (navigate rover4 waypoint27 waypoint32)
13.252: (calibrate rover0 camera6 objective13 waypoint32)
13.254: (calibrate rover1 camera3 objective0 waypoint28)
13.254: (take_image rover2 waypoint34 objective3 camera9 low_res)
13.261: (take_image rover2 waypoint34 objective8 camera9 colour)
13.268: (take_image rover2 waypoint34 objective3 camera9 high_res)
13.268: (navigate rover1 waypoint28 waypoint33)
13.269: (calibrate rover1 camera3 objective0 waypoint28)
13.283: (take_image rover2 waypoint34 objective8 camera9 high_res)
13.284: (navigate rover1 waypoint1 waypoint2)
13.285: (navigate rover1 waypoint28 waypoint33)
13.285: (take_image rover2 waypoint34 objective3 camera9 colour)
13.285: (calibrate rover1 camera3 objective0 waypoint28)
13.290: (calibrate rover4 camera8 objective5 waypoint32)
13.291: (take_image rover2 waypoint34 objective3 camera9 colour)
13.293: (navigate rover4 waypoint22 waypoint28)
13.294: (navigate rover1 waypoint40 waypoint31)
12.493: (navigate rover4 waypoint9 waypoint39)
12.522: (navigate rover1 waypoint28 waypoint32)
12.546: (navigate rover1 waypoint28 waypoint27)
12.578: (navigate rover1 waypoint28 waypoint32)
12.579: (navigate rover5 waypoint10 waypoint23)
12.584: (navigate rover5 waypoint10 waypoint23)
12.591: (navigate rover1 waypoint28 waypoint32)
12.592: (navigate rover1 waypoint28 waypoint32)
12.594: (navigate rover1 waypoint28 waypoint32)
12.595: (navigate rover1 waypoint28 waypoint27)
12.606: (navigate rover1 waypoint28 waypoint32)
12.665: (navigate rover1 waypoint28 waypoint32)
12.687: (navigate rover1 waypoint28 waypoint32)
12.704: (navigate rover5 waypoint10 waypoint26)
12.712: (navigate rover4 waypoint27 waypoint32)
12.754: (navigate rover5 waypoint10 waypoint26)
12.763: (take_image rover2 waypoint34 objective3 camera9 colour)
12.764: (take_image rover2 waypoint34 objective3 camera9 low_res)
12.767: (navigate rover4 waypoint27 waypoint32)
12.769: (take_image rover2 waypoint34 objective3 camera9 low_res)
12.770: (take_image rover2 waypoint34 objective8 camera9 colour)
12.773: (take_image rover2 waypoint34 objective8 camera9 low_res)
12.775: (take_image rover2 waypoint34 objective3 camera9 colour)
12.787: (take_image rover2 waypoint34 objective3 camera9 high_res)
12.788: (take_image rover2 waypoint34 objective8 camera9 colour)
12.788: (take_image rover2 waypoint34 objective8 camera9 low_res)
12.795: (take_image rover2 waypoint34 objective8 camera9 low_res)
12.798: (take_image rover2 waypoint34 objective8 camera9 colour)
12.804: (take_image rover2 waypoint34 objective3 camera9 colour)
12.805: (take_image rover2 waypoint34 objective3 camera9 colour)
12.812: (navigate rover1 waypoint28 waypoint32)
12.812: (take_image rover2 waypoint34 objective8 camera9 high_res)
12.814: (take_image rover2 waypoint34 objective3 camera9 low_res)
12.817: (take_image rover2 waypoint34 objective3 camera9 low_res)
12.818: (navigate rover1 waypoint28 waypoint32)
12.825: (take_image rover2 waypoint34 objective3 camera9 high_res)
12.837: (navigate rover1 waypoint28 waypoint32)
12.840: (take_image rover2 waypoint34 objective8 camera9 low_res)
12.842: (take_image rover2 waypoint34 objective3 camera9 high_res)
12.843: (navigate rover1 waypoint28 waypoint32)
12.844: (take_image rover2 waypoint34 objective8 camera9 colour)
12.849: (navigate rover1 waypoint28 waypoint32)
12.854: (take_image rover2 waypoint34 objective8 camera9 high_res)
12.857: (navigate rover5 waypoint10 waypoint25)
12.860: (take_image rover2 waypoint34 objective3 camera9 colour)
12.861: (take_image rover2 waypoint34 objective3 camera9 low_res)
12.870: (navigate rover1 waypoint28 waypoint33)
12.873: (navigate rover1 waypoint28 waypoint32)
12.873: (take_image rover2 waypoint34 objective8 camera9 high_res)
12.875: (take_image rover2 waypoint34 objective8 camera9 colour)
12.875: (take_image rover2 waypoint34 objective8 camera9 low_res)
12.880: (calibrate rover1 camera3 objective0 waypoint28)
12.884: (take_image rover2 waypoint34 objective8 camera9 high_res)
12.885: (take_image rover2 waypoint34 objective3 camera9 high_res)
12.885: (take_image rover2 waypoint34 objective3 camera9 high_res)
12.886: (take_image rover2 waypoint34 objective3 camera9 colour)
12.896: (take_image rover2 waypoint34 objective3 camera9 colour)
12.897: (navigate rover5 waypoint10 waypoint25)
12.901: (take_image rover2 waypoint34 objective8 camera9 high_res)
12.902: (navigate rover1 waypoint28 waypoint33)
12.902: (navigate rover1 waypoint28 waypoint33)
12.903: (calibrate rover1 camera3 objective0 waypoint28)
12.904: (navigate rover1 waypoint28 waypoint33)
12.907: (take_image rover2 waypoint34 objective8 camera9 colour)
12.907: (take_image rover2 waypoint34 objective8 camera9 low_res)
12.911: (take_image rover2 waypoint34 objective3 camera9 low_res)
12.915: (take_image rover2 waypoint34 objective3 camera9 low_res)
12.916: (navigate rover1 waypoint28 waypoint32)
12.916: (navigate rover4 waypoint27 waypoint32)
12.917: (navigate rover1 waypoint28 waypoint33)
12.918: (navigate rover4 waypoint27 waypoint32)
12.918: (navigate rover1 waypoint28 waypoint33)
12.918: (take_image rover2 waypoint34 objective3 camera9 colour)
12.919: (navigate rover4 waypoint27 waypoint32)
12.927: (sample_soil rover4 rover4store waypoint9)
12.928: (navigate rover4 waypoint27 waypoint32)
12.928: (take_image rover2 waypoint34 objective8 camera9 low_res)
12.930: (take_image rover2 waypoint34 objective3 camera9 high_res)
12.932: (take_image rover2 waypoint34 objective3 camera9 high_res)
12.936: (calibrate rover5 camera12 objective12 waypoint10)
11.360: (navigate rover1 waypoint27 waypoint39)
11.505: (navigate rover1 waypoint27 waypoint39)
11.939: (drop rover4 rover4store)
11.956: (navigate rover4 waypoint9 waypoint39)
12.104: (navigate rover1 waypoint28 waypoint32)
12.108: (navigate rover5 waypoint10 waypoint23)
12.120: (navigate rover1 waypoint28 waypoint32)
12.120: (navigate rover5 waypoint10 waypoint23)
12.144: (navigate rover1 waypoint28 waypoint27)
12.145: (navigate rover5 waypoint10 waypoint23)
12.145: (navigate rover1 waypoint28 waypoint27)
12.146: (navigate rover5 waypoint10 waypoint23)
12.261: (navigate rover4 waypoint9 waypoint39)
12.262: (take_image rover2 waypoint34 objective3 camera9 colour)
12.271: (take_image rover2 waypoint34 objective3 camera9 low_res)
12.274: (navigate rover4 waypoint9 waypoint39)
12.282: (navigate rover4 waypoint9 waypoint39)
12.285: (navigate rover4 waypoint9 waypoint39)
12.287: (take_image rover2 waypoint34 objective8 camera9 colour)
12.287: (take_image rover2 waypoint34 objective8 camera9 low_res)
12.290: (take_image rover2 waypoint34 objective3 camera9 high_res)
12.296: (navigate rover4 waypoint9 waypoint39)
12.298: (navigate rover5 waypoint10 waypoint26)
12.300: (navigate rover4 waypoint9 waypoint39)
12.301: (take_image rover2 waypoint34 objective3 camera9 colour)
12.303: (navigate rover1 waypoint28 waypoint33)
12.308: (take_image rover2 waypoint34 objective8 camera9 high_res)
12.317: (navigate rover4 waypoint9 waypoint39)
12.318: (navigate rover5 waypoint10 waypoint26)
12.318: (navigate rover1 waypoint28 waypoint32)
12.321: (navigate rover5 waypoint10 waypoint26)
12.321: (navigate rover1 waypoint28 waypoint32)
12.323: (take_image rover2 waypoint34 objective3 camera9 colour)
12.323: (take_image rover2 waypoint34 objective8 camera9 low_res)
12.324: (take_image rover2 waypoint34 objective8 camera9 colour)
12.324: (navigate rover1 waypoint28 waypoint32)
12.326: (navigate rover1 waypoint28 waypoint32)
12.327: (navigate rover5 waypoint10 waypoint23)
12.328: (take_image rover2 waypoint34 objective8 camera9 colour)
12.328: (take_image rover2 waypoint34 objective8 camera9 low_res)
12.329: (take_image rover2 waypoint34 objective3 camera9 low_res)
12.331: (navigate rover4 waypoint27 waypoint32)
12.339: (navigate rover5 waypoint10 waypoint26)
12.339: (take_image rover2 waypoint34 objective3 camera9 low_res)
12.342: (navigate rover5 waypoint10 waypoint23)
12.345: (navigate rover4 waypoint27 waypoint32)
12.346: (navigate rover5 waypoint10 waypoint25)
12.351: (navigate rover5 waypoint10 waypoint25)
12.351: (take_image rover2 waypoint34 objective8 camera9 colour)
12.354: (navigate rover5 waypoint10 waypoint26)
12.356: (navigate rover5 waypoint10 waypoint25)
12.361: (take_image rover2 waypoint34 objective8 camera9 low_res)
12.363: (navigate rover5 waypoint10 waypoint25)
12.364: (navigate rover4 waypoint27 waypoint32)
12.367: (navigate rover5 waypoint10 waypoint23)
12.368: (take_image rover2 waypoint34 objective3 camera9 colour)
12.371: (navigate rover1 waypoint28 waypoint27)
12.372: (take_image rover2 waypoint34 objective3 camera9 low_res)
12.372: (take_image rover2 waypoint34 objective3 camera9 high_res)
12.375: (navigate rover1 waypoint28 waypoint27)
12.376: (take_image rover2 waypoint34 objective8 camera9 low_res)
12.377: (navigate rover5 waypoint10 waypoint26)
12.377: (navigate rover5 waypoint10 waypoint23)
12.378: (navigate rover1 waypoint28 waypoint27)
12.378: (take_image rover2 waypoint34 objective8 camera9 colour)
12.381: (take_image rover2 waypoint34 objective3 camera9 colour)
12.381: (navigate rover1 waypoint28 waypoint27)
12.381: (take_image rover2 waypoint34 objective3 camera9 high_res)
12.383: (navigate rover5 waypoint10 waypoint23)
12.383: (take_image rover2 waypoint34 objective8 camera9 colour)
12.383: (take_image rover2 waypoint34 objective8 camera9 low_res)
12.385: (navigate rover4 waypoint27 waypoint32)
12.385: (navigate rover5 waypoint10 waypoint23)
12.390: (take_image rover2 waypoint34 objective3 camera9 low_res)
12.391: (take_image rover2 waypoint34 objective3 camera9 colour)
12.391: (navigate rover1 waypoint28 waypoint32)
12.392: (take_image rover2 waypoint34 objective8 camera9 high_res)
12.401: (calibrate rover1 camera3 objective0 waypoint28)
12.402: (navigate rover5 waypoint10 waypoint25)
12.409: (navigate rover5 waypoint10 waypoint25)
10.984: (drop rover4 rover4store)
10.985: (navigate rover4 waypoint9 waypoint39)
11.054: (navigate rover1 waypoint27 waypoint39)
11.059: (navigate rover5 waypoint10 waypoint23)
11.138: (navigate rover1 waypoint27 waypoint39)
11.142: (navigate rover5 waypoint10 waypoint23)
11.205: (navigate rover1 waypoint27 waypoint39)
11.214: (take_image rover2 waypoint34 objective3 camera9 low_res)
11.230: (navigate rover1 waypoint27 waypoint39)
11.230: (navigate rover1 waypoint27 waypoint39)
11.234: (take_image rover2 waypoint34 objective8 camera9 low_res)
11.235: (take_image rover2 waypoint34 objective8 camera9 colour)
11.236: (take_image rover2 waypoint34 objective3 camera9 colour)
11.250: (navigate rover1 waypoint27 waypoint39)
11.275: (take_image rover2 waypoint34 objective3 camera9 high_res)
11.299: (take_image rover2 waypoint34 objective8 camera9 high_res)
11.329: (calibrate rover5 camera12 objective12 waypoint10)
11.355: (calibrate rover0 camera6 objective13 waypoint32)
11.358: (navigate rover4 waypoint27 waypoint45)
11.376: (calibrate rover1 camera5 objective7 waypoint39)
11.377: (calibrate rover1 camera10 objective11 waypoint39)
11.379: (navigate rover4 waypoint27 waypoint12)
11.385: (calibrate rover1 camera7 objective7 waypoint39)
11.388: (navigate rover4 waypoint27 waypoint45)
11.426: (take_image rover2 waypoint34 objective3 camera9 low_res)
11.430: (take_image rover2 waypoint34 objective3 camera9 colour)
11.464: (take_image rover2 waypoint34 objective3 camera9 high_res)
11.472: (take_image rover2 waypoint34 objective8 camera9 colour)
11.474: (take_image rover2 waypoint34 objective8 camera9 low_res)
11.483: (calibrate rover5 camera12 objective12 waypoint10)
11.489: (navigate rover4 waypoint27 waypoint12)
11.504: (take_image rover2 waypoint34 objective8 camera9 high_res)
11.504: (calibrate rover0 camera6 objective13 waypoint32)
11.535: (calibrate rover1 camera5 objective7 waypoint39)
11.537: (calibrate rover1 camera10 objective11 waypoint39)
11.542: (calibrate rover1 camera7 objective7 waypoint39)
11.575: (navigate rover5 waypoint10 waypoint1)
11.592: (navigate rover4 waypoint27 waypoint32)
11.695: (navigate rover4 waypoint27 waypoint22)
11.704: (take_image rover2 waypoint34 objective3 camera9 colour)
11.709: (take_image rover2 waypoint34 objective3 camera9 low_res)
11.715: (navigate rover5 waypoint10 waypoint1)
11.732: (take_image rover2 waypoint34 objective3 camera9 high_res)
11.738: (take_image rover2 waypoint34 objective8 camera9 low_res)
11.738: (take_image rover2 waypoint34 objective8 camera9 colour)
11.756: (take_image rover2 waypoint34 objective3 camera9 colour)
11.761: (navigate rover4 waypoint27 waypoint22)
11.762: (take_image rover2 waypoint34 objective8 camera9 high_res)
11.766: (take_image rover2 waypoint34 objective3 camera9 low_res)
11.783: (take_image rover2 waypoint34 objective3 camera9 high_res)
11.785: (take_image rover2 waypoint34 objective8 camera9 low_res)
11.788: (take_image rover2 waypoint34 objective8 camera9 colour)
11.791: (navigate rover1 waypoint28 waypoint33)
11.802: (take_image rover2 waypoint34 objective8 camera9 high_res)
11.826: (calibrate rover1 camera3 objective0 waypoint28)
11.834: (navigate rover1 waypoint28 waypoint33)
11.880: (navigate rover1 waypoint28 waypoint32)
11.881: (navigate rover1 waypoint28 waypoint32)
11.881: (calibrate rover5 camera1 objective7 waypoint25)
11.883: (navigate rover1 waypoint28 waypoint32)
11.887: (navigate rover1 waypoint28 waypoint32)
11.888: (navigate rover4 waypoint27 waypoint32)
11.889: (take_image rover2 waypoint34 objective3 camera9 colour)
11.890: (navigate rover5 waypoint10 waypoint23)
11.890: (take_image rover2 waypoint34 objective8 camera9 low_res)
11.890: (navigate rover5 waypoint10 waypoint23)
11.891: (take_image rover2 waypoint34 objective8 camera9 colour)
11.893: (navigate rover1 waypoint28 waypoint32)
11.895: (navigate rover5 waypoint10 waypoint23)
11.899: (calibrate rover0 camera6 objective13 waypoint32)
11.903: (navigate rover1 waypoint28 waypoint32)
11.903: (take_image rover2 waypoint34 objective3 camera9 low_res)
11.904: (navigate rover4 waypoint27 waypoint32)
11.904: (calibrate rover1 camera3 objective0 waypoint28)
11.905: (sample_soil rover0 rover0store waypoint32)
11.906: (navigate rover5 waypoint10 waypoint23)
11.910: (calibrate rover4 camera8 objective5 waypoint9)
11.911: (navigate rover1 waypoint28 waypoint32)
11.938: (calibrate rover5 camera1 objective7 waypoint25)
11.947: (take_image rover2 waypoint34 objective8 camera9 low_res)
10.738: (navigate rover4 waypoint27 waypoint32)
10.750: (take_image rover2 waypoint34 objective3 camera9 colour)
10.756: (drop rover4 rover4store)
10.758: (take_image rover2 waypoint34 objective3 camera9 low_res)
10.758: (navigate rover4 waypoint9 waypoint39)
10.760: (navigate rover4 waypoint9 waypoint39)
10.777: (navigate rover4 waypoint9 waypoint39)
10.777: (take_image rover2 waypoint34 objective3 camera9 high_res)
10.778: (drop rover4 rover4store)
10.779: (take_image rover2 waypoint34 objective8 camera9 low_res)
10.779: (take_image rover2 waypoint34 objective8 camera9 colour)
10.780: (drop rover4 rover4store)
10.781: (navigate rover4 waypoint9 waypoint39)
10.783: (drop rover4 rover4store)
10.785: (navigate rover4 waypoint9 waypoint39)
10.787: (drop rover4 rover4store)
10.789: (navigate rover5 waypoint10 waypoint23)
10.797: (take_image rover2 waypoint34 objective8 camera9 high_res)
10.801: (drop rover4 rover4store)
10.803: (navigate rover4 waypoint27 waypoint32)
10.808: (navigate rover4 waypoint9 waypoint39)
10.825: (navigate rover1 waypoint28 waypoint33)
10.845: (drop rover4 rover4store)
10.846: (navigate rover4 waypoint9 waypoint39)
10.882: (take_image rover2 waypoint34 objective3 camera9 low_res)
10.884: (navigate rover5 waypoint10 waypoint23)
10.885: (drop rover0 rover0store)
10.897: (calibrate rover1 camera3 objective0 waypoint28)
10.898: (take_image rover2 waypoint34 objective8 camera9 colour)
10.899: (navigate rover5 waypoint10 waypoint23)
10.899: (take_image rover2 waypoint34 objective8 camera9 low_res)
10.899: (navigate rover5 waypoint10 waypoint23)
10.901: (take_image rover2 waypoint34 objective3 camera9 colour)
10.902: (navigate rover5 waypoint10 waypoint23)
10.908: (navigate rover4 waypoint9 waypoint39)
10.911: (navigate rover1 waypoint27 waypoint39)
10.912: (drop rover4 rover4store)
10.914: (navigate rover4 waypoint9 waypoint39)
10.919: (drop rover4 rover4store)
10.934: (calibrate rover5 camera1 objective7 waypoint25)
10.941: (navigate rover4 waypoint27 waypoint12)
10.946: (take_image rover2 waypoint34 objective3 camera9 high_res)
10.947: (navigate rover5 waypoint10 waypoint23)
10.947: (navigate rover5 waypoint10 waypoint23)
10.948: (navigate rover4 waypoint9 waypoint39)
10.960: (navigate rover5 waypoint10 waypoint25)
10.963: (calibrate rover0 camera6 objective13 waypoint32)
10.963: (navigate rover5 waypoint10 waypoint23)
10.963: (navigate rover4 waypoint9 waypoint39)
10.965: (take_image rover2 waypoint34 objective8 camera9 high_res)
10.981: (navigate rover5 waypoint10 waypoint23)
10.983: (navigate rover4 waypoint27 waypoint12)
11.015: (navigate rover5 waypoint10 waypoint25)
11.017: (calibrate rover5 camera13 objective8 waypoint23)
11.035: (navigate rover5 waypoint10 waypoint23)
11.038: (calibrate rover5 camera11 objective10 waypoint23)
11.039: (navigate rover4 waypoint12 waypoint9)
11.044: (take_image rover2 waypoint34 objective3 camera9 low_res)
11.049: (navigate rover5 waypoint10 waypoint23)
11.050: (take_image rover2 waypoint34 objective3 camera9 colour)
11.056: (navigate rover5 waypoint10 waypoint23)
11.057: (calibrate rover0 camera6 objective13 waypoint32)
11.061: (navigate rover5 waypoint10 waypoint23)
11.069: (calibrate rover1 camera5 objective7 waypoint39)
11.070: (navigate rover5 waypoint10 waypoint23)
11.071: (calibrate rover1 camera10 objective11 waypoint39)
11.073: (navigate rover3 waypoint9 waypoint45)
11.076: (navigate rover5 waypoint10 waypoint23)
11.076: (navigate rover5 waypoint10 waypoint23)
11.077: (navigate rover5 waypoint10 waypoint23)
11.080: (calibrate rover1 camera7 objective7 waypoint39)
11.081: (take_image rover2 waypoint34 objective3 camera9 high_res)
11.081: (navigate rover5 waypoint23 waypoint31)
11.082: (navigate rover5 waypoint10 waypoint23)
11.082: (take_image rover2 waypoint34 objective8 camera9 colour)
11.082: (navigate rover5 waypoint10 waypoint23)
11.086: (take_image rover2 waypoint34 objective8 camera9 low_res)
11.107: (take_image rover2 waypoint34 objective8 camera9 high_res)
11.108: (calibrate rover5 camera13 objective8 waypoint23)
11.110: (navigate rover5 waypoint10 waypoint23)
10.163: (navigate rover5 waypoint10 waypoint23)
10.165: (navigate rover4 waypoint12 waypoint9)
10.207: (navigate rover4 waypoint12 waypoint9)
10.453: (navigate rover4 waypoint12 waypoint34)
10.483: (navigate rover3 waypoint9 waypoint45)
10.531: (navigate rover4 waypoint12 waypoint34)
10.583: (navigate rover4 waypoint27 waypoint32)
10.583: (take_image rover2 waypoint34 objective3 camera9 low_res)
10.594: (take_image rover2 waypoint34 objective3 camera9 colour)
10.596: (navigate rover4 waypoint27 waypoint32)
10.596: (take_image rover2 waypoint34 objective8 camera9 low_res)
10.596: (take_image rover2 waypoint34 objective8 camera9 colour)
10.599: (navigate rover4 waypoint27 waypoint32)
10.600: (navigate rover4 waypoint27 waypoint32)
10.626: (navigate rover1 waypoint28 waypoint33)
10.634: (take_image rover2 waypoint34 objective3 camera9 colour)
10.636: (navigate rover1 waypoint28 waypoint33)
10.640: (take_image rover2 waypoint34 objective3 camera9 low_res)
10.645: (navigate rover4 waypoint27 waypoint32)
10.647: (take_image rover2 waypoint34 objective3 camera9 high_res)
10.653: (navigate rover1 waypoint28 waypoint33)
10.654: (navigate rover1 waypoint28 waypoint33)
10.655: (take_image rover2 waypoint34 objective3 camera9 high_res)
10.656: (navigate rover1 waypoint28 waypoint33)
10.656: (take_image rover2 waypoint34 objective8 camera9 colour)
10.659: (take_image rover2 waypoint34 objective8 camera9 low_res)
10.667: (navigate rover5 waypoint10 waypoint23)
10.668: (take_image rover2 waypoint34 objective8 camera9 high_res)
10.670: (navigate rover1 waypoint28 waypoint33)
10.672: (navigate rover5 waypoint10 waypoint25)
10.672: (take_image rover2 waypoint34 objective8 camera9 high_res)
10.674: (navigate rover4 waypoint27 waypoint32)
10.678: (navigate rover4 waypoint27 waypoint32)
10.691: (calibrate rover5 camera13 objective8 waypoint23)
10.703: (navigate rover4 waypoint27 waypoint32)
10.704: (navigate rover4 waypoint27 waypoint32)
10.704: (navigate rover4 waypoint27 waypoint32)
10.709: (navigate rover4 waypoint27 waypoint32)
10.711: (take_image rover2 waypoint34 objective3 camera9 low_res)
10.711: (calibrate rover5 camera11 objective10 waypoint23)
10.714: (navigate rover4 waypoint27 waypoint32)
10.715: (take_image rover2 waypoint34 objective3 camera9 colour)
10.720: (take_image rover2 waypoint34 objective3 camera9 low_res)
10.722: (calibrate rover0 camera6 objective13 waypoint32)
10.723: (calibrate rover1 camera10 objective11 waypoint39)
10.724: (calibrate rover1 camera5 objective7 waypoint39)
10.724: (navigate rover4 waypoint27 waypoint32)
10.726: (navigate rover4 waypoint27 waypoint32)
10.726: (navigate rover4 waypoint27 waypoint32)
10.732: (navigate rover1 waypoint28 waypoint33)
10.734: (calibrate rover1 camera7 objective7 waypoint39)
10.739: (calibrate rover4 camera8 objective5 waypoint32)
10.740: (navigate rover4 waypoint27 waypoint32)
10.741: (navigate rover4 waypoint27 waypoint12)
10.743: (take_image rover2 waypoint34 objective3 camera9 high_res)
10.743: (calibrate rover1 camera5 objective7 waypoint33)
10.743: (navigate rover1 waypoint28 waypoint32)
10.746: (navigate rover1 waypoint28 waypoint32)
10.746: (navigate rover4 waypoint27 waypoint32)
10.747: (take_image rover2 waypoint34 objective8 camera9 colour)
10.747: (navigate rover4 waypoint27 waypoint32)
10.747: (take_image rover2 waypoint34 objective8 camera9 low_res)
10.747: (calibrate rover1 camera10 objective11 waypoint33)
10.749: (take_image rover2 waypoint34 objective8 camera9 colour)
10.749: (calibrate rover1 camera7 objective7 waypoint33)
10.750: (take_image rover2 waypoint34 objective8 camera9 low_res)
10.752: (take_image rover2 waypoint34 objective3 camera9 colour)
10.754: (navigate rover4 waypoint27 waypoint32)
10.757: (calibrate rover5 camera13 objective8 waypoint23)
10.762: (navigate rover1 waypoint28 waypoint32)
10.763: (navigate rover4 waypoint27 waypoint12)
10.765: (take_image rover2 waypoint34 objective3 camera9 low_res)
10.767: (take_image rover2 waypoint34 objective3 camera9 low_res)
10.768: (navigate rover1 waypoint28 waypoint33)
10.769: (take_image rover2 waypoint34 objective8 camera9 high_res)
10.770: (calibrate rover1 camera3 objective0 waypoint28)
10.771: (calibrate rover5 camera1 objective7 waypoint25)
10.776: (navigate rover1 waypoint28 waypoint32)
10.776: (calibrate rover5 camera11 objective10 waypoint23)
10.777: (take_image rover2 waypoint34 objective8 camera9 low_res)
10.063: (take_image rover2 waypoint34 objective3 camera9 colour)
10.063: (take_image rover2 waypoint34 objective3 camera9 low_res)
10.068: (take_image rover2 waypoint34 objective3 camera9 low_res)
10.074: (navigate rover4 waypoint12 waypoint9)
10.079: (take_image rover2 waypoint34 objective3 camera9 colour)
10.083: (take_image rover2 waypoint34 objective8 camera9 low_res)
10.083: (take_image rover2 waypoint34 objective8 camera9 colour)
10.087: (navigate rover4 waypoint12 waypoint9)
10.093: (take_image rover2 waypoint34 objective3 camera9 high_res)
10.100: (take_image rover2 waypoint34 objective8 camera9 colour)
10.101: (take_image rover2 waypoint34 objective8 camera9 low_res)
10.121: (take_image rover2 waypoint34 objective8 camera9 high_res)
10.124: (calibrate rover5 camera13 objective8 waypoint23)
10.127: (take_image rover2 waypoint34 objective3 camera9 high_res)
10.144: (calibrate rover5 camera11 objective10 waypoint23)
10.149: (take_image rover2 waypoint34 objective8 camera9 high_res)
10.152: (calibrate rover4 camera8 objective5 waypoint9)
10.156: (calibrate rover0 camera6 objective13 waypoint32)
10.161: (calibrate rover1 camera10 objective11 waypoint39)
10.163: (calibrate rover1 camera5 objective7 waypoint39)
10.166: (calibrate rover5 camera13 objective8 waypoint23)
10.168: (navigate rover5 waypoint10 waypoint25)
10.170: (calibrate rover1 camera7 objective7 waypoint39)
10.171: (navigate rover5 waypoint10 waypoint23)
10.172: (navigate rover3 waypoint9 waypoint45)
10.173: (navigate rover3 waypoint9 waypoint45)
10.186: (calibrate rover5 camera11 objective10 waypoint23)
10.197: (calibrate rover1 camera10 objective11 waypoint39)
10.200: (calibrate rover4 camera8 objective5 waypoint9)
10.200: (calibrate rover1 camera5 objective7 waypoint39)
10.202: (calibrate rover0 camera6 objective13 waypoint32)
10.210: (calibrate rover1 camera7 objective7 waypoint39)
10.275: (take_image rover2 waypoint34 objective3 camera9 low_res)
10.283: (take_image rover2 waypoint34 objective8 camera9 low_res)
10.283: (take_image rover2 waypoint34 objective8 camera9 colour)
10.286: (take_image rover2 waypoint34 objective3 camera9 colour)
10.287: (take_image rover2 waypoint34 objective3 camera9 colour)
10.288: (navigate rover4 waypoint12 waypoint34)
10.290: (take_image rover2 waypoint34 objective3 camera9 low_res)
10.294: (navigate rover4 waypoint12 waypoint34)
10.315: (take_image rover2 waypoint34 objective8 camera9 low_res)
10.316: (take_image rover2 waypoint34 objective3 camera9 high_res)
10.316: (take_image rover2 waypoint34 objective8 camera9 colour)
10.325: (navigate rover4 waypoint27 waypoint32)
10.340: (take_image rover2 waypoint34 objective3 camera9 high_res)
10.352: (take_image rover2 waypoint34 objective8 camera9 high_res)
10.353: (take_image rover2 waypoint34 objective8 camera9 high_res)
10.371: (navigate rover2 waypoint34 waypoint8)
10.375: (navigate rover3 waypoint9 waypoint45)
10.394: (navigate rover4 waypoint27 waypoint12)
10.400: (navigate rover5 waypoint23 waypoint32)
10.407: (calibrate rover5 camera13 objective8 waypoint23)
10.409: (navigate rover3 waypoint9 waypoint13)
10.418: (navigate rover5 waypoint10 waypoint23)
10.423: (take_image rover2 waypoint34 objective3 camera9 low_res)
10.426: (take_image rover2 waypoint34 objective3 camera9 colour)
10.427: (calibrate rover5 camera11 objective10 waypoint23)
10.429: (navigate rover5 waypoint23 waypoint32)
10.430: (navigate rover3 waypoint9 waypoint13)
10.435: (navigate rover5 waypoint23 waypoint32)
10.439: (calibrate rover1 camera10 objective11 waypoint39)
10.439: (calibrate rover1 camera5 objective7 waypoint39)
10.444: (calibrate rover0 camera6 objective13 waypoint32)
10.446: (navigate rover5 waypoint23 waypoint32)
10.448: (calibrate rover1 camera7 objective7 waypoint39)
10.450: (take_image rover2 waypoint34 objective3 camera9 low_res)
10.450: (sample_soil rover4 rover4store waypoint34)
10.455: (take_image rover2 waypoint34 objective3 camera9 high_res)
10.457: (take_image rover2 waypoint34 objective8 camera9 colour)
10.461: (take_image rover2 waypoint34 objective8 camera9 low_res)
10.469: (calibrate rover5 camera12 objective12 waypoint10)
10.472: (calibrate rover5 camera13 objective8 waypoint23)
10.475: (take_image rover2 waypoint34 objective3 camera9 colour)
10.475: (sample_soil rover4 rover4store waypoint9)
10.477: (take_image rover2 waypoint34 objective3 camera9 low_res)
10.478: (navigate rover5 waypoint10 waypoint23)
10.479: (calibrate rover0 camera6 objective13 waypoint32)
10.480: (take_image rover2 waypoint34 objective8 camera9 high_res)
10.480: (navigate rover5 waypoint23 waypoint32)
10.483: (navigate rover5 waypoint10 waypoint23)
9.459: (drop rover4 rover4store)
9.521: (drop rover4 rover4store)
9.663: (navigate rover4 waypoint12 waypoint9)
9.902: (navigate rover3 waypoint9 waypoint45)
9.906: (take_image rover2 waypoint34 objective3 camera9 colour)
9.925: (take_image rover2 waypoint34 objective3 camera9 low_res)
9.926: (navigate rover5 waypoint10 waypoint25)
9.926: (navigate rover4 waypoint12 waypoint34)
9.929: (navigate rover3 waypoint9 waypoint45)
9.931: (navigate rover3 waypoint9 waypoint45)
9.941: (navigate rover5 waypoint10 waypoint25)
9.947: (navigate rover3 waypoint9 waypoint45)
9.951: (take_image rover2 waypoint34 objective8 camera9 low_res)
9.951: (take_image rover2 waypoint34 objective8 camera9 colour)
9.952: (navigate rover3 waypoint13 waypoint24)
9.955: (navigate rover3 waypoint9 waypoint45)
9.971: (take_image rover2 waypoint34 objective3 camera9 high_res)
9.977: (navigate rover3 waypoint9 waypoint45)
9.980: (take_image rover2 waypoint34 objective8 camera9 high_res)
9.983: (navigate rover5 waypoint23 waypoint32)
9.991: (take_image rover5 waypoint23 objective1 camera11 low_res)
9.992: (take_image rover5 waypoint23 objective1 camera13 low_res)
10.012: (navigate rover5 waypoint23 waypoint32)
10.013: (navigate rover5 waypoint23 waypoint32)
10.020: (navigate rover5 waypoint10 waypoint23)
10.027: (navigate rover5 waypoint23 waypoint32)
10.033: (navigate rover5 waypoint10 waypoint23)
10.034: (calibrate rover3 camera15 objective6 waypoint45)
10.046: (navigate rover3 waypoint9 waypoint45)
10.048: (navigate rover3 waypoint9 waypoint45)
10.056: (take_image rover2 waypoint34 objective3 camera9 low_res)
10.057: (navigate rover5 waypoint23 waypoint32)
10.058: (take_image rover5 waypoint23 objective6 camera13 colour)
10.059: (take_image rover2 waypoint34 objective3 camera9 colour)
10.061: (take_image rover5 waypoint23 objective6 camera11 colour)
10.064: (take_image rover0 waypoint32 objective12 camera6 colour)
10.067: (take_image rover0 waypoint32 objective7 camera6 colour)
10.070: (take_image rover0 waypoint32 objective8 camera6 colour)
10.071: (take_image rover0 waypoint32 objective11 camera6 colour)
10.074: (take_image rover2 waypoint34 objective3 camera9 high_res)
10.074: (take_image rover0 waypoint32 objective5 camera6 colour)
10.076: (take_image rover0 waypoint32 objective13 camera6 colour)
10.078: (navigate rover3 waypoint9 waypoint45)
10.080: (navigate rover3 waypoint9 waypoint45)
10.080: (navigate rover3 waypoint9 waypoint45)
10.081: (take_image rover2 waypoint34 objective8 camera9 colour)
10.085: (take_image rover2 waypoint34 objective8 camera9 low_res)
10.088: (take_image rover2 waypoint8 objective6 camera9 colour)
10.089: (take_image rover2 waypoint34 objective3 camera9 low_res)
10.091: (take_image rover0 waypoint32 objective10 camera6 colour)
10.093: (navigate rover5 waypoint23 waypoint32)
10.093: (calibrate rover5 camera13 objective8 waypoint23)
10.094: (calibrate rover5 camera13 objective8 waypoint23)
10.097: (take_image rover2 waypoint34 objective3 camera9 colour)
10.097: (navigate rover3 waypoint9 waypoint45)
10.098: (navigate rover5 waypoint23 waypoint32)
10.103: (take_image rover2 waypoint34 objective3 camera9 low_res)
10.103: (take_image rover2 waypoint34 objective8 camera9 high_res)
10.103: (calibrate rover5 camera11 objective10 waypoint23)
10.106: (take_image rover2 waypoint34 objective3 camera9 colour)
10.106: (calibrate rover5 camera11 objective10 waypoint23)
10.106: (take_image rover2 waypoint34 objective3 camera9 low_res)
10.108: (navigate rover5 waypoint23 waypoint32)
10.112: (take_image rover0 waypoint32 objective7 camera6 colour)
10.113: (take_image rover5 waypoint23 objective1 camera13 colour)
10.114: (take_image rover5 waypoint23 objective1 camera11 colour)
10.114: (calibrate rover5 camera13 objective8 waypoint23)
10.115: (calibrate rover0 camera6 objective13 waypoint32)
10.115: (take_image rover2 waypoint8 objective7 camera9 colour)
10.116: (take_image rover0 waypoint32 objective11 camera6 colour)
10.116: (calibrate rover4 camera8 objective5 waypoint9)
10.117: (calibrate rover0 camera6 objective13 waypoint32)
10.118: (take_image rover0 waypoint32 objective13 camera6 colour)
10.118: (navigate rover3 waypoint9 waypoint45)
10.119: (calibrate rover5 camera13 objective8 waypoint23)
10.119: (calibrate rover5 camera13 objective8 waypoint23)
10.120: (take_image rover0 waypoint32 objective8 camera6 colour)
10.120: (calibrate rover5 camera13 objective8 waypoint23)
10.120: (take_image rover0 waypoint32 objective3 camera6 colour)
10.120: (take_image rover2 waypoint34 objective3 camera9 colour)
9.284: (take_image rover2 waypoint34 objective8 camera9 low_res)
9.286: (take_image rover2 waypoint34 objective8 camera9 colour)
9.289: (take_image rover2 waypoint34 objective3 camera9 low_res)
9.301: (take_image rover2 waypoint34 objective3 camera9 colour)
9.350: (take_image rover2 waypoint34 objective3 camera9 high_res)
9.352: (take_image rover2 waypoint34 objective8 camera9 high_res)
9.362: (navigate rover4 waypoint9 waypoint12)
9.388: (navigate rover4 waypoint9 waypoint39)
9.396: (calibrate rover5 camera13 objective8 waypoint23)
9.407: (take_image rover2 waypoint34 objective3 camera9 low_res)
9.410: (take_image rover2 waypoint34 objective3 camera9 colour)
9.417: (calibrate rover5 camera11 objective10 waypoint23)
9.420: (calibrate rover1 camera10 objective11 waypoint39)
9.422: (calibrate rover1 camera5 objective7 waypoint39)
9.431: (calibrate rover0 camera6 objective13 waypoint32)
9.431: (calibrate rover1 camera7 objective7 waypoint39)
9.439: (take_image rover2 waypoint34 objective3 camera9 high_res)
9.445: (take_image rover2 waypoint34 objective8 camera9 colour)
9.446: (take_image rover2 waypoint34 objective8 camera9 low_res)
9.458: (navigate rover2 waypoint34 waypoint8)
9.467: (take_image rover2 waypoint34 objective8 camera9 high_res)
9.487: (calibrate rover1 camera10 objective11 waypoint39)
9.487: (calibrate rover1 camera5 objective7 waypoint39)
9.489: (calibrate rover5 camera13 objective8 waypoint23)
9.494: (calibrate rover1 camera7 objective7 waypoint39)
9.499: (calibrate rover4 camera8 objective5 waypoint9)
9.506: (calibrate rover0 camera6 objective13 waypoint32)
9.507: (calibrate rover5 camera11 objective10 waypoint23)
9.532: (take_image rover2 waypoint34 objective3 camera9 low_res)
9.538: (take_image rover2 waypoint34 objective8 camera9 low_res)
9.540: (take_image rover2 waypoint34 objective8 camera9 colour)
9.547: (take_image rover2 waypoint34 objective3 camera9 colour)
9.595: (take_image rover2 waypoint34 objective3 camera9 high_res)
9.611: (take_image rover2 waypoint34 objective8 camera9 high_res)
9.618: (navigate rover3 waypoint9 waypoint45)
9.621: (navigate rover4 waypoint9 waypoint26)
9.625: (calibrate rover5 camera13 objective8 waypoint23)
9.629: (navigate rover4 waypoint9 waypoint13)
9.641: (navigate rover4 waypoint34 waypoint12)
9.644: (calibrate rover5 camera11 objective10 waypoint23)
9.653: (calibrate rover0 camera6 objective13 waypoint32)
9.659: (calibrate rover1 camera10 objective11 waypoint39)
9.660: (calibrate rover1 camera5 objective7 waypoint39)
9.665: (calibrate rover4 camera8 objective5 waypoint9)
9.668: (navigate rover3 waypoint9 waypoint13)
9.670: (calibrate rover1 camera7 objective7 waypoint39)
9.702: (navigate rover2 waypoint34 waypoint8)
9.724: (navigate rover4 waypoint9 waypoint15)
9.735: (take_image rover2 waypoint34 objective3 camera9 low_res)
9.738: (take_image rover2 waypoint34 objective8 camera9 low_res)
9.738: (take_image rover2 waypoint34 objective8 camera9 colour)
9.748: (take_image rover2 waypoint34 objective3 camera9 colour)
9.799: (take_image rover2 waypoint34 objective3 camera9 high_res)
9.815: (take_image rover2 waypoint34 objective3 camera9 colour)
9.818: (take_image rover2 waypoint34 objective8 camera9 high_res)
9.821: (take_image rover2 waypoint34 objective3 camera9 low_res)
9.841: (sample_soil rover0 rover0store waypoint32)
9.845: (take_image rover2 waypoint34 objective3 camera9 low_res)
9.849: (take_image rover2 waypoint34 objective3 camera9 colour)
9.851: (sample_soil rover0 rover0store waypoint32)
9.852: (take_image rover2 waypoint34 objective3 camera9 high_res)
9.853: (sample_soil rover4 rover4store waypoint34)
9.856: (navigate rover4 waypoint9 waypoint41)
9.857: (take_image rover2 waypoint34 objective8 camera9 colour)
9.857: (take_image rover2 waypoint34 objective8 camera9 low_res)
9.858: (navigate rover5 waypoint23 waypoint32)
9.861: (navigate rover3 waypoint9 waypoint13)
9.863: (navigate rover5 waypoint23 waypoint32)
9.864: (calibrate rover5 camera13 objective8 waypoint23)
9.875: (navigate rover5 waypoint23 waypoint32)
9.875: (take_image rover2 waypoint34 objective8 camera9 low_res)
9.877: (navigate rover5 waypoint23 waypoint32)
9.880: (take_image rover2 waypoint34 objective8 camera9 high_res)
9.882: (take_image rover2 waypoint34 objective8 camera9 colour)
9.882: (calibrate rover5 camera11 objective10 waypoint23)
9.882: (navigate rover2 waypoint8 waypoint9)
9.885: (navigate rover3 waypoint9 waypoint45)
9.889: (navigate rover5 waypoint23 waypoint47)
9.891: (take_image rover2 waypoint34 objective3 camera9 high_res)
9.893: (sample_soil rover4 rover4store waypoint9)
8.800: (navigate rover4 waypoint12 waypoint9)
8.865: (drop rover0 rover0store)
8.865: (drop rover4 rover4store)
8.873: (drop rover0 rover0store)
8.888: (drop rover4 rover4store)
9.101: (navigate rover4 waypoint12 waypoint34)
9.128: (take_image rover2 waypoint8 objective6 camera9 colour)
9.192: (navigate rover5 waypoint23 waypoint32)
9.199: (navigate rover5 waypoint23 waypoint32)
9.209: (navigate rover5 waypoint23 waypoint32)
9.218: (navigate rover4 waypoint9 waypoint12)
9.218: (take_image rover2 waypoint34 objective3 camera9 low_res)
9.222: (take_image rover2 waypoint34 objective3 camera9 colour)
9.222: (navigate rover4 waypoint9 waypoint12)
9.230: (navigate rover5 waypoint23 waypoint32)
9.231: (take_image rover2 waypoint8 objective2 camera9 low_res)
9.234: (take_image rover2 waypoint8 objective7 camera9 low_res)
9.235: (navigate rover2 waypoint34 waypoint8)
9.236: (navigate rover2 waypoint34 waypoint8)
9.237: (take_image rover2 waypoint8 objective2 camera9 colour)
9.238: (take_image rover2 waypoint8 objective10 camera9 low_res)
9.239: (take_image rover2 waypoint8 objective7 camera9 colour)
9.240: (take_image rover2 waypoint8 objective8 camera9 colour)
9.241: (take_image rover2 waypoint8 objective8 camera9 low_res)
9.242: (navigate rover2 waypoint34 waypoint8)
9.243: (navigate rover2 waypoint34 waypoint8)
9.245: (navigate rover4 waypoint9 waypoint12)
9.245: (take_image rover2 waypoint8 objective10 camera9 colour)
9.249: (take_image rover2 waypoint34 objective3 camera9 high_res)
9.251: (navigate rover4 waypoint9 waypoint12)
9.251: (take_image rover2 waypoint8 objective2 camera9 high_res)
9.251: (take_image rover2 waypoint8 objective6 camera9 high_res)
9.253: (navigate rover4 waypoint9 waypoint12)
9.255: (take_image rover2 waypoint34 objective8 camera9 colour)
9.255: (take_image rover2 waypoint34 objective8 camera9 low_res)
9.263: (navigate rover5 waypoint23 waypoint32)
9.265: (take_image rover2 waypoint34 objective3 camera9 low_res)
9.266: (navigate rover4 waypoint9 waypoint39)
9.267: (navigate rover2 waypoint34 waypoint8)
9.269: (take_image rover2 waypoint34 objective3 camera9 colour)
9.270: (take_image rover2 waypoint8 objective10 camera9 high_res)
9.272: (navigate rover4 waypoint9 waypoint39)
9.272: (take_image rover2 waypoint34 objective8 camera9 high_res)
9.273: (take_image rover2 waypoint8 objective7 camera9 high_res)
9.274: (take_image rover2 waypoint8 objective8 camera9 high_res)
9.274: (navigate rover2 waypoint34 waypoint8)
9.279: (navigate rover4 waypoint9 waypoint12)
9.279: (navigate rover3 waypoint13 waypoint24)
9.281: (calibrate rover4 camera2 objective1 waypoint12)
9.288: (navigate rover5 waypoint23 waypoint32)
9.298: (navigate rover4 waypoint9 waypoint39)
9.301: (take_image rover2 waypoint34 objective8 camera9 colour)
9.301: (take_image rover2 waypoint34 objective3 camera9 high_res)
9.302: (navigate rover4 waypoint9 waypoint39)
9.302: (navigate rover4 waypoint9 waypoint39)
9.304: (take_image rover2 waypoint34 objective8 camera9 low_res)
9.311: (navigate rover2 waypoint8 waypoint9)
9.320: (navigate rover5 waypoint23 waypoint32)
9.325: (take_image rover2 waypoint34 objective8 camera9 high_res)
9.330: (calibrate rover1 camera10 objective11 waypoint39)
9.332: (navigate rover4 waypoint9 waypoint12)
9.333: (calibrate rover1 camera5 objective7 waypoint39)
9.333: (navigate rover4 waypoint9 waypoint39)
9.333: (calibrate rover1 camera10 objective11 waypoint39)
9.336: (calibrate rover5 camera13 objective8 waypoint23)
9.337: (calibrate rover1 camera5 objective7 waypoint39)
9.339: (calibrate rover1 camera7 objective7 waypoint39)
9.339: (navigate rover4 waypoint9 waypoint12)
9.339: (navigate rover5 waypoint23 waypoint32)
9.339: (navigate rover5 waypoint23 waypoint32)
9.340: (navigate rover4 waypoint9 waypoint39)
9.340: (navigate rover4 waypoint9 waypoint39)
9.341: (navigate rover4 waypoint9 waypoint12)
9.341: (navigate rover4 waypoint9 waypoint12)
9.344: (take_image rover2 waypoint34 objective8 camera9 low_res)
9.346: (calibrate rover1 camera7 objective7 waypoint39)
9.346: (calibrate rover5 camera13 objective8 waypoint23)
9.348: (calibrate rover5 camera13 objective8 waypoint23)
9.348: (navigate rover4 waypoint9 waypoint12)
9.349: (navigate rover4 waypoint9 waypoint39)
8.668: (take_image rover2 waypoint34 objective3 camera9 low_res)
8.669: (take_image rover2 waypoint34 objective8 camera9 low_res)
8.670: (take_image rover2 waypoint34 objective8 camera9 colour)
8.680: (take_image rover2 waypoint34 objective3 camera9 colour)
8.707: (take_image rover2 waypoint34 objective8 camera9 low_res)
8.708: (take_image rover2 waypoint34 objective8 camera9 colour)
8.711: (take_image rover2 waypoint34 objective3 camera9 low_res)
8.723: (take_image rover2 waypoint34 objective3 camera9 high_res)
8.726: (navigate rover4 waypoint9 waypoint12)
8.726: (take_image rover2 waypoint34 objective3 camera9 colour)
8.728: (take_image rover2 waypoint34 objective8 camera9 high_res)
8.735: (take_image rover2 waypoint34 objective3 camera9 low_res)
8.735: (navigate rover2 waypoint34 waypoint8)
8.745: (take_image rover2 waypoint34 objective3 camera9 colour)
8.745: (take_image rover2 waypoint34 objective3 camera9 low_res)
8.748: (navigate rover4 waypoint9 waypoint39)
8.755: (take_image rover2 waypoint34 objective8 camera9 low_res)
8.756: (take_image rover2 waypoint34 objective3 camera9 colour)
8.756: (take_image rover2 waypoint34 objective8 camera9 colour)
8.768: (take_image rover2 waypoint34 objective3 camera9 high_res)
8.775: (calibrate rover5 camera13 objective8 waypoint23)
8.778: (take_image rover2 waypoint34 objective8 camera9 colour)
8.779: (take_image rover2 waypoint34 objective3 camera9 high_res)
8.781: (take_image rover2 waypoint34 objective8 camera9 low_res)
8.785: (take_image rover2 waypoint34 objective8 camera9 high_res)
8.794: (calibrate rover1 camera10 objective11 waypoint39)
8.796: (calibrate rover5 camera11 objective10 waypoint23)
8.797: (take_image rover2 waypoint34 objective3 camera9 high_res)
8.797: (calibrate rover1 camera5 objective7 waypoint39)
8.799: (take_image rover2 waypoint34 objective8 camera9 high_res)
8.801: (calibrate rover4 camera8 objective5 waypoint9)
8.804: (calibrate rover5 camera13 objective8 waypoint23)
8.805: (calibrate rover0 camera6 objective13 waypoint32)
8.806: (calibrate rover1 camera7 objective7 waypoint39)
8.813: (navigate rover4 waypoint9 waypoint12)
8.818: (take_image rover2 waypoint34 objective8 camera9 high_res)
8.822: (calibrate rover5 camera11 objective10 waypoint23)
8.823: (calibrate rover5 camera13 objective8 waypoint23)
8.834: (navigate rover2 waypoint8 waypoint9)
8.834: (calibrate rover0 camera6 objective13 waypoint32)
8.836: (calibrate rover0 camera6 objective13 waypoint32)
8.839: (calibrate rover5 camera11 objective10 waypoint23)
8.840: (calibrate rover4 camera8 objective5 waypoint9)
8.840: (navigate rover4 waypoint9 waypoint39)
8.845: (calibrate rover1 camera5 objective7 waypoint39)
8.846: (calibrate rover1 camera10 objective11 waypoint39)
8.854: (calibrate rover1 camera5 objective7 waypoint39)
8.856: (calibrate rover1 camera10 objective11 waypoint39)
8.856: (calibrate rover1 camera7 objective7 waypoint39)
8.863: (calibrate rover1 camera7 objective7 waypoint39)
8.874: (sample_soil rover4 rover4store waypoint34)
8.874: (take_image rover4 waypoint12 objective6 camera2 colour)
8.877: (calibrate rover5 camera13 objective8 waypoint23)
8.894: (calibrate rover5 camera11 objective10 waypoint23)
8.894: (navigate rover2 waypoint34 waypoint8)
8.895: (calibrate rover0 camera6 objective13 waypoint32)
8.898: (calibrate rover4 camera8 objective5 waypoint9)
8.908: (calibrate rover1 camera5 objective7 waypoint39)
8.913: (calibrate rover1 camera10 objective11 waypoint39)
8.920: (calibrate rover1 camera7 objective7 waypoint39)
8.935: (navigate rover3 waypoint9 waypoint13)
8.945: (navigate rover4 waypoint9 waypoint26)
8.956: (sample_soil rover4 rover4store waypoint9)
8.965: (take_image rover2 waypoint34 objective3 camera9 low_res)
8.970: (take_image rover2 waypoint34 objective3 camera9 colour)
8.971: (navigate rover4 waypoint12 waypoint34)
8.972: (navigate rover4 waypoint12 waypoint34)
8.984: (navigate rover2 waypoint8 waypoint34)
8.993: (navigate rover3 waypoint9 waypoint45)
8.998: (navigate rover4 waypoint12 waypoint34)
8.999: (take_image rover2 waypoint34 objective3 camera9 high_res)
9.000: (navigate rover4 waypoint12 waypoint34)
9.002: (take_image rover2 waypoint34 objective8 camera9 colour)
9.003: (take_image rover2 waypoint34 objective8 camera9 low_res)
9.006: (navigate rover4 waypoint9 waypoint13)
9.007: (navigate rover4 waypoint12 waypoint34)
9.012: (navigate rover4 waypoint12 waypoint34)
9.023: (take_image rover2 waypoint34 objective8 camera9 high_res)
9.026: (navigate rover2 waypoint8 waypoint32)
9.027: (navigate rover4 waypoint34 waypoint12)
7.761: (sample_soil rover0 rover0store waypoint32)
7.824: (sample_soil rover0 rover0store waypoint32)
7.981: (drop rover4 rover4store)
8.086: (drop rover4 rover4store)
8.172: (navigate rover4 waypoint12 waypoint9)
8.372: (take_image rover2 waypoint8 objective6 camera9 colour)
8.431: (navigate rover5 waypoint23 waypoint32)
8.442: (navigate rover5 waypoint23 waypoint32)
8.445: (navigate rover4 waypoint12 waypoint34)
8.449: (navigate rover5 waypoint23 waypoint32)
8.462: (navigate rover5 waypoint23 waypoint32)
8.491: (navigate rover5 waypoint23 waypoint32)
8.497: (navigate rover5 waypoint23 waypoint32)
8.507: (navigate rover2 waypoint34 waypoint8)
8.509: (navigate rover2 waypoint34 waypoint8)
8.510: (take_image rover2 waypoint8 objective10 camera9 colour)
8.510: (take_image rover2 waypoint8 objective2 camera9 colour)
8.511: (take_image rover2 waypoint8 objective10 camera9 low_res)
8.512: (navigate rover5 waypoint23 waypoint32)
8.513: (navigate rover5 waypoint23 waypoint32)
8.514: (take_image rover2 waypoint8 objective7 camera9 low_res)
8.514: (navigate rover2 waypoint34 waypoint8)
8.514: (take_image rover2 waypoint8 objective2 camera9 low_res)
8.515: (take_image rover2 waypoint8 objective7 camera9 colour)
8.515: (navigate rover2 waypoint34 waypoint8)
8.516: (navigate rover5 waypoint23 waypoint32)
8.521: (take_image rover2 waypoint8 objective8 camera9 colour)
8.521: (navigate rover5 waypoint23 waypoint32)
8.524: (take_image rover2 waypoint8 objective8 camera9 low_res)
8.524: (navigate rover4 waypoint12 waypoint34)
8.527: (take_image rover5 waypoint23 objective6 camera13 colour)
8.531: (take_image rover5 waypoint23 objective6 camera11 colour)
8.535: (take_image rover2 waypoint8 objective6 camera9 high_res)
8.540: (take_image rover2 waypoint8 objective2 camera9 high_res)
8.543: (navigate rover2 waypoint34 waypoint8)
8.544: (take_image rover2 waypoint8 objective10 camera9 high_res)
8.546: (navigate rover2 waypoint34 waypoint8)
8.546: (take_image rover2 waypoint8 objective7 camera9 high_res)
8.546: (take_image rover2 waypoint8 objective8 camera9 high_res)
8.555: (navigate rover5 waypoint23 waypoint32)
8.561: (take_image rover5 waypoint23 objective1 camera13 low_res)
8.571: (navigate rover5 waypoint23 waypoint32)
8.580: (take_image rover5 waypoint23 objective1 camera11 low_res)
8.584: (navigate rover2 waypoint8 waypoint9)
8.585: (take_image rover5 waypoint23 objective1 camera13 low_res)
8.591: (take_image rover2 waypoint34 objective3 camera9 low_res)
8.592: (navigate rover4 waypoint9 waypoint12)
8.592: (navigate rover4 waypoint9 waypoint12)
8.593: (take_image rover5 waypoint23 objective1 camera11 low_res)
8.596: (take_image rover2 waypoint34 objective3 camera9 colour)
8.615: (take_image rover2 waypoint34 objective3 camera9 low_res)
8.616: (take_image rover5 waypoint23 objective6 camera11 colour)
8.618: (take_image rover2 waypoint34 objective3 camera9 high_res)
8.621: (navigate rover4 waypoint9 waypoint12)
8.622: (take_image rover2 waypoint34 objective3 camera9 colour)
8.624: (navigate rover4 waypoint9 waypoint12)
8.624: (navigate rover4 waypoint9 waypoint39)
8.625: (navigate rover4 waypoint9 waypoint39)
8.628: (take_image rover2 waypoint8 objective6 camera9 colour)
8.629: (take_image rover2 waypoint34 objective8 camera9 colour)
8.629: (take_image rover2 waypoint34 objective8 camera9 low_res)
8.632: (navigate rover4 waypoint9 waypoint12)
8.633: (navigate rover4 waypoint9 waypoint12)
8.634: (navigate rover4 waypoint9 waypoint12)
8.635: (take_image rover2 waypoint34 objective3 camera9 colour)
8.637: (take_image rover5 waypoint23 objective6 camera13 colour)
8.637: (navigate rover4 waypoint9 waypoint12)
8.637: (navigate rover4 waypoint9 waypoint12)
8.638: (navigate rover5 waypoint23 waypoint32)
8.640: (take_image rover5 waypoint23 objective1 camera13 colour)
8.643: (take_image rover2 waypoint34 objective3 camera9 high_res)
8.643: (navigate rover5 waypoint23 waypoint32)
8.646: (take_image rover2 waypoint34 objective8 camera9 high_res)
8.646: (navigate rover4 waypoint9 waypoint39)
8.646: (take_image rover5 waypoint23 objective1 camera11 colour)
8.649: (calibrate rover4 camera2 objective1 waypoint12)
8.654: (navigate rover5 waypoint23 waypoint32)
8.655: (take_image rover2 waypoint34 objective3 camera9 low_res)
8.655: (navigate rover4 waypoint9 waypoint39)
8.657: (navigate rover4 waypoint9 waypoint39)
7.504: (sample_soil rover4 rover4store waypoint34)
7.504: (drop rover0 rover0store)
7.504: (sample_soil rover0 rover0store waypoint32)
7.505: (drop rover4 rover4store)
7.552: (take_image rover2 waypoint34 objective3 camera9 colour)
7.572: (take_image rover2 waypoint34 objective3 camera9 low_res)
7.574: (take_image rover2 waypoint34 objective8 camera9 low_res)
7.576: (take_image rover2 waypoint34 objective8 camera9 colour)
7.582: (take_image rover2 waypoint34 objective8 camera9 high_res)
7.582: (sample_soil rover4 rover4store waypoint9)
7.582: (drop rover0 rover0store)
7.587: (drop rover4 rover4store)
7.587: (sample_soil rover0 rover0store waypoint32)
7.588: (take_image rover2 waypoint34 objective8 camera9 colour)
7.588: (take_image rover2 waypoint34 objective3 camera9 high_res)
7.588: (take_image rover2 waypoint34 objective8 camera9 low_res)
7.604: (take_image rover2 waypoint34 objective3 camera9 low_res)
7.614: (sample_soil rover4 rover4store waypoint34)
7.619: (take_image rover2 waypoint34 objective3 camera9 colour)
7.648: (take_image rover2 waypoint34 objective8 camera9 high_res)
7.659: (take_image rover2 waypoint34 objective3 camera9 high_res)
7.674: (navigate rover4 waypoint34 waypoint12)
7.721: (calibrate rover5 camera13 objective8 waypoint23)
7.742: (calibrate rover5 camera11 objective10 waypoint23)
7.757: (calibrate rover0 camera6 objective13 waypoint32)
7.773: (calibrate rover5 camera13 objective8 waypoint23)
7.790: (take_image rover2 waypoint34 objective3 camera9 colour)
7.791: (calibrate rover5 camera11 objective10 waypoint23)
7.793: (take_image rover2 waypoint34 objective3 camera9 low_res)
7.819: (calibrate rover0 camera6 objective13 waypoint32)
7.820: (take_image rover2 waypoint34 objective3 camera9 high_res)
7.826: (take_image rover2 waypoint34 objective8 camera9 low_res)
7.826: (take_image rover2 waypoint34 objective8 camera9 colour)
7.839: (navigate rover4 waypoint9 waypoint12)
7.842: (calibrate rover4 camera8 objective5 waypoint9)
7.842: (take_image rover2 waypoint34 objective8 camera9 high_res)
7.865: (take_image rover2 waypoint34 objective3 camera9 low_res)
7.869: (take_image rover2 waypoint34 objective8 camera9 low_res)
7.869: (take_image rover2 waypoint34 objective8 camera9 colour)
7.877: (take_image rover2 waypoint34 objective3 camera9 colour)
7.880: (navigate rover4 waypoint9 waypoint26)
7.896: (navigate rover4 waypoint9 waypoint13)
7.909: (take_image rover2 waypoint34 objective3 camera9 high_res)
7.910: (navigate rover5 waypoint23 waypoint47)
7.912: (navigate rover5 waypoint23 waypoint31)
7.917: (take_image rover2 waypoint34 objective8 camera9 high_res)
7.920: (calibrate rover1 camera10 objective11 waypoint39)
7.922: (calibrate rover1 camera5 objective7 waypoint39)
7.922: (calibrate rover1 camera5 objective7 waypoint39)
7.923: (navigate rover3 waypoint9 waypoint13)
7.929: (calibrate rover1 camera10 objective11 waypoint39)
7.929: (calibrate rover1 camera7 objective7 waypoint39)
7.931: (calibrate rover1 camera7 objective7 waypoint39)
7.931: (navigate rover2 waypoint34 waypoint8)
7.934: (calibrate rover5 camera13 objective8 waypoint23)
7.945: (navigate rover0 waypoint32 waypoint33)
7.948: (calibrate rover1 camera5 objective7 waypoint39)
7.953: (calibrate rover0 camera6 objective13 waypoint32)
7.954: (calibrate rover1 camera10 objective11 waypoint39)
7.960: (calibrate rover5 camera11 objective10 waypoint23)
7.963: (calibrate rover1 camera7 objective7 waypoint39)
7.967: (navigate rover5 waypoint23 waypoint47)
7.971: (navigate rover0 waypoint32 waypoint27)
7.973: (navigate rover0 waypoint32 waypoint27)
7.978: (navigate rover0 waypoint32 waypoint45)
8.020: (calibrate rover1 camera10 objective11 waypoint39)
8.021: (take_image rover2 waypoint34 objective8 camera9 low_res)
8.021: (navigate rover4 waypoint9 waypoint39)
8.023: (calibrate rover1 camera5 objective7 waypoint39)
8.023: (take_image rover2 waypoint34 objective8 camera9 colour)
8.025: (calibrate rover5 camera13 objective8 waypoint23)
8.028: (take_image rover2 waypoint34 objective3 camera9 low_res)
8.030: (navigate rover3 waypoint9 waypoint13)
8.032: (navigate rover2 waypoint34 waypoint8)
8.033: (calibrate rover1 camera7 objective7 waypoint39)
8.042: (take_image rover2 waypoint34 objective3 camera9 colour)
8.042: (calibrate rover4 camera8 objective5 waypoint9)
8.047: (calibrate rover5 camera11 objective10 waypoint23)
8.048: (navigate rover4 waypoint34 waypoint12)
8.051: (navigate rover0 waypoint32 waypoint33)
7.250: (drop rover0 rover0store)
7.251: (drop rover4 rover4store)
7.311: (take_image rover2 waypoint34 objective3 camera9 colour)
7.311: (take_image rover2 waypoint34 objective3 camera9 colour)
7.312: (drop rover0 rover0store)
7.312: (sample_soil rover0 rover0store waypoint32)
7.313: (drop rover4 rover4store)
7.321: (navigate rover5 waypoint23 waypoint32)
7.326: (navigate rover5 waypoint23 waypoint32)
7.328: (navigate rover5 waypoint23 waypoint32)
7.330: (drop rover0 rover0store)
7.331: (take_image rover2 waypoint34 objective3 camera9 low_res)
7.332: (take_image rover2 waypoint34 objective3 camera9 low_res)
7.332: (drop rover4 rover4store)
7.334: (sample_soil rover0 rover0store waypoint32)
7.337: (take_image rover2 waypoint34 objective8 camera9 low_res)
7.337: (drop rover0 rover0store)
7.337: (take_image rover2 waypoint34 objective8 camera9 low_res)
7.337: (drop rover4 rover4store)
7.338: (take_image rover2 waypoint34 objective8 camera9 colour)
7.339: (drop rover0 rover0store)
7.339: (take_image rover2 waypoint34 objective8 camera9 colour)
7.340: (drop rover4 rover4store)
7.341: (drop rover0 rover0store)
7.342: (sample_soil rover0 rover0store waypoint32)
7.343: (drop rover0 rover0store)
7.343: (take_image rover2 waypoint34 objective8 camera9 high_res)
7.343: (sample_soil rover4 rover4store waypoint9)
7.343: (drop rover4 rover4store)
7.344: (navigate rover5 waypoint23 waypoint32)
7.346: (take_image rover2 waypoint34 objective3 camera9 high_res)
7.346: (take_image rover2 waypoint34 objective8 camera9 high_res)
7.347: (take_image rover2 waypoint34 objective3 camera9 high_res)
7.348: (sample_soil rover4 rover4store waypoint9)
7.349: (drop rover4 rover4store)
7.350: (drop rover0 rover0store)
7.351: (drop rover4 rover4store)
7.352: (sample_soil rover4 rover4store waypoint9)
7.355: (sample_soil rover0 rover0store waypoint32)
7.356: (sample_soil rover0 rover0store waypoint32)
7.356: (sample_soil rover0 rover0store waypoint32)
7.359: (sample_soil rover0 rover0store waypoint32)
7.360: (drop rover4 rover4store)
7.362: (drop rover0 rover0store)
7.363: (sample_soil rover0 rover0store waypoint32)
7.364: (drop rover0 rover0store)
7.364: (drop rover4 rover4store)
7.366: (drop rover4 rover4store)
7.367: (take_image rover2 waypoint34 objective8 camera9 low_res)
7.367: (take_image rover2 waypoint34 objective8 camera9 low_res)
7.368: (take_image rover2 waypoint34 objective8 camera9 colour)
7.368: (take_image rover2 waypoint34 objective8 camera9 colour)
7.372: (navigate rover5 waypoint23 waypoint32)
7.373: (sample_soil rover4 rover4store waypoint9)
7.374: (drop rover4 rover4store)
7.376: (take_image rover2 waypoint34 objective3 camera9 low_res)
7.377: (drop rover0 rover0store)
7.377: (take_image rover2 waypoint34 objective3 camera9 low_res)
7.377: (navigate rover5 waypoint23 waypoint32)
7.384: (drop rover0 rover0store)
7.389: (take_image rover2 waypoint34 objective8 camera9 low_res)
7.389: (sample_soil rover0 rover0store waypoint32)
7.390: (take_image rover2 waypoint34 objective8 camera9 colour)
7.391: (take_image rover2 waypoint8 objective6 camera9 colour)
7.392: (take_image rover2 waypoint34 objective3 camera9 colour)
7.393: (drop rover4 rover4store)
7.394: (take_image rover2 waypoint34 objective3 camera9 colour)
7.395: (sample_soil rover0 rover0store waypoint32)
7.403: (take_image rover2 waypoint34 objective3 camera9 low_res)
7.409: (sample_soil rover0 rover0store waypoint32)
7.418: (take_image rover2 waypoint34 objective3 camera9 colour)
7.421: (drop rover0 rover0store)
7.422: (take_image rover2 waypoint34 objective8 camera9 high_res)
7.425: (navigate rover4 waypoint34 waypoint12)
7.425: (sample_soil rover0 rover0store waypoint32)
7.425: (take_image rover2 waypoint34 objective8 camera9 high_res)
7.428: (drop rover4 rover4store)
7.430: (drop rover0 rover0store)
7.430: (take_image rover2 waypoint34 objective3 camera9 high_res)
7.431: (drop rover0 rover0store)
7.064: (drop rover0 rover0store)
7.065: (take_image rover2 waypoint34 objective3 camera9 colour)
7.065: (drop rover4 rover4store)
7.084: (navigate rover2 waypoint8 waypoint32)
7.085: (drop rover0 rover0store)
7.085: (drop rover4 rover4store)
7.085: (take_image rover2 waypoint34 objective3 camera9 low_res)
7.090: (drop rover0 rover0store)
7.093: (take_image rover2 waypoint34 objective8 camera9 low_res)
7.094: (drop rover0 rover0store)
7.094: (drop rover0 rover0store)
7.095: (take_image rover2 waypoint34 objective8 camera9 colour)
7.096: (drop rover0 rover0store)
7.096: (drop rover4 rover4store)
7.096: (drop rover4 rover4store)
7.096: (drop rover4 rover4store)
7.098: (take_image rover2 waypoint34 objective3 camera9 high_res)
7.099: (drop rover4 rover4store)
7.099: (take_image rover2 waypoint34 objective8 camera9 high_res)
7.105: (navigate rover2 waypoint8 waypoint9)
7.111: (drop rover0 rover0store)
7.116: (navigate rover5 waypoint23 waypoint32)
7.117: (drop rover0 rover0store)
7.117: (drop rover0 rover0store)
7.122: (navigate rover5 waypoint23 waypoint32)
7.125: (navigate rover5 waypoint23 waypoint32)
7.125: (navigate rover5 waypoint23 waypoint32)
7.129: (navigate rover5 waypoint23 waypoint32)
7.133: (navigate rover5 waypoint23 waypoint32)
7.135: (take_image rover2 waypoint34 objective3 camera9 low_res)
7.135: (drop rover4 rover4store)
7.136: (drop rover0 rover0store)
7.138: (navigate rover4 waypoint9 waypoint26)
7.139: (take_image rover2 waypoint34 objective8 camera9 low_res)
7.140: (drop rover4 rover4store)
7.141: (take_image rover2 waypoint34 objective8 camera9 colour)
7.143: (drop rover4 rover4store)
7.144: (navigate rover5 waypoint23 waypoint32)
7.145: (drop rover4 rover4store)
7.145: (drop rover0 rover0store)
7.145: (navigate rover5 waypoint23 waypoint32)
7.147: (drop rover4 rover4store)
7.147: (take_image rover2 waypoint34 objective8 camera9 colour)
7.147: (navigate rover5 waypoint23 waypoint32)
7.148: (take_image rover2 waypoint34 objective8 camera9 low_res)
7.149: (drop rover4 rover4store)
7.150: (drop rover4 rover4store)
7.151: (drop rover0 rover0store)
7.151: (drop rover4 rover4store)
7.152: (drop rover0 rover0store)
7.153: (take_image rover2 waypoint34 objective3 camera9 colour)
7.155: (navigate rover5 waypoint23 waypoint32)
7.155: (drop rover0 rover0store)
7.156: (take_image rover2 waypoint34 objective3 camera9 low_res)
7.156: (drop rover4 rover4store)
7.157: (drop rover0 rover0store)
7.157: (drop rover0 rover0store)
7.158: (drop rover4 rover4store)
7.158: (navigate rover5 waypoint23 waypoint32)
7.165: (drop rover4 rover4store)
7.165: (navigate rover5 waypoint23 waypoint32)
7.171: (take_image rover2 waypoint34 objective3 camera9 colour)
7.173: (navigate rover5 waypoint23 waypoint32)
7.174: (drop rover4 rover4store)
7.174: (drop rover0 rover0store)
7.178: (navigate rover5 waypoint23 waypoint32)
7.182: (navigate rover5 waypoint23 waypoint32)
7.184: (drop rover4 rover4store)
7.187: (take_image rover2 waypoint34 objective3 camera9 high_res)
7.190: (drop rover4 rover4store)
7.191: (take_image rover2 waypoint34 objective8 camera9 high_res)
7.195: (navigate rover2 waypoint8 waypoint5)
7.197: (navigate rover2 waypoint8 waypoint3)
7.197: (drop rover0 rover0store)
7.198: (drop rover4 rover4store)
7.200: (take_image rover2 waypoint34 objective3 camera9 colour)
7.202: (navigate rover5 waypoint23 waypoint32)
7.204: (drop rover0 rover0store)
7.204: (drop rover4 rover4store)
7.204: (drop rover4 rover4store)
6.850: (drop rover4 rover4store)
6.859: (drop rover4 rover4store)
6.860: (drop rover0 rover0store)
6.881: (drop rover0 rover0store)
6.882: (navigate rover2 waypoint8 waypoint32)
6.884: (navigate rover2 waypoint8 waypoint32)
6.886: (navigate rover2 waypoint8 waypoint9)
6.899: (navigate rover2 waypoint8 waypoint9)
6.921: (drop rover0 rover0store)
6.922: (drop rover4 rover4store)
6.924: (drop rover4 rover4store)
6.926: (drop rover4 rover4store)
6.929: (drop rover4 rover4store)
6.929: (drop rover0 rover0store)
6.930: (drop rover4 rover4store)
6.933: (drop rover4 rover4store)
6.934: (navigate rover5 waypoint23 waypoint32)
6.934: (navigate rover5 waypoint23 waypoint32)
6.934: (navigate rover5 waypoint23 waypoint32)
6.936: (navigate rover5 waypoint23 waypoint32)
6.937: (drop rover0 rover0store)
6.938: (drop rover4 rover4store)
6.939: (drop rover0 rover0store)
6.939: (navigate rover5 waypoint23 waypoint32)
6.941: (navigate rover5 waypoint23 waypoint32)
6.949: (drop rover0 rover0store)
6.949: (drop rover4 rover4store)
6.949: (navigate rover5 waypoint23 waypoint32)
6.965: (drop rover4 rover4store)
6.966: (navigate rover5 waypoint23 waypoint32)
6.973: (navigate rover5 waypoint23 waypoint32)
6.973: (drop rover0 rover0store)
6.975: (navigate rover4 waypoint9 waypoint26)
6.975: (navigate rover2 waypoint8 waypoint5)
6.975: (drop rover4 rover4store)
6.977: (navigate rover5 waypoint23 waypoint32)
6.981: (drop rover4 rover4store)
6.986: (drop rover0 rover0store)
6.992: (navigate rover2 waypoint8 waypoint3)
6.996: (drop rover4 rover4store)
6.998: (drop rover0 rover0store)
6.998: (navigate rover2 waypoint8 waypoint5)
6.999: (drop rover0 rover0store)
7.000: (drop rover4 rover4store)
7.000: (navigate rover2 waypoint8 waypoint3)
7.001: (navigate rover5 waypoint23 waypoint32)
7.002: (navigate rover5 waypoint23 waypoint32)
7.013: (navigate rover2 waypoint8 waypoint34)
7.016: (navigate rover4 waypoint34 waypoint12)
7.017: (navigate rover5 waypoint23 waypoint31)
7.021: (navigate rover2 waypoint8 waypoint34)
7.021: (drop rover0 rover0store)
7.022: (drop rover4 rover4store)
7.026: (navigate rover2 waypoint8 waypoint32)
7.029: (navigate rover4 waypoint9 waypoint26)
7.030: (navigate rover4 waypoint9 waypoint26)
7.032: (navigate rover5 waypoint23 waypoint31)
7.033: (navigate rover4 waypoint34 waypoint12)
7.036: (navigate rover4 waypoint34 waypoint12)
7.038: (navigate rover5 waypoint23 waypoint31)
7.041: (navigate rover4 waypoint34 waypoint12)
7.044: (drop rover4 rover4store)
7.045: (navigate rover4 waypoint34 waypoint12)
7.046: (navigate rover4 waypoint34 waypoint12)
7.060: (navigate rover5 waypoint23 waypoint32)
7.064: (navigate rover4 waypoint9 waypoint26)
7.065: (navigate rover2 waypoint8 waypoint9)
7.082: (navigate rover4 waypoint9 waypoint26)
7.099: (navigate rover5 waypoint23 waypoint32)
7.108: (navigate rover5 waypoint23 waypoint32)
7.109: (navigate rover2 waypoint8 waypoint3)
7.110: (navigate rover5 waypoint23 waypoint32)
7.113: (navigate rover5 waypoint23 waypoint32)
7.116: (navigate rover2 waypoint5 waypoint26)
7.123: (navigate rover5 waypoint23 waypoint32)
7.125: (navigate rover5 waypoint23 waypoint10)
7.128: (navigate rover4 waypoint9 waypoint39)
7.129: (calibrate rover5 camera13 objective8 waypoint23)
7.137: (navigate rover4 waypoint9 waypoint39)
7.140: (calibrate rover0 camera6 objective13 waypoint32)
6.633: (navigate rover2 waypoint8 waypoint32)
6.634: (drop rover4 rover4store)
6.634: (drop rover0 rover0store)
6.634: (drop rover0 rover0store)
6.635: (drop rover4 rover4store)
6.635: (navigate rover2 waypoint8 waypoint9)
6.715: (take_image rover5 waypoint23 objective1 camera13 low_res)
6.748: (drop rover0 rover0store)
6.749: (navigate rover2 waypoint8 waypoint5)
6.754: (drop rover4 rover4store)
6.787: (navigate rover2 waypoint8 waypoint3)
6.787: (drop rover0 rover0store)
6.787: (navigate rover5 waypoint23 waypoint32)
6.788: (drop rover0 rover0store)
6.789: (navigate rover2 waypoint8 waypoint34)
6.792: (drop rover4 rover4store)
6.794: (navigate rover5 waypoint23 waypoint32)
6.795: (drop rover0 rover0store)
6.795: (drop rover4 rover4store)
6.798: (drop rover0 rover0store)
6.798: (drop rover4 rover4store)
6.800: (drop rover4 rover4store)
6.800: (drop rover4 rover4store)
6.804: (navigate rover5 waypoint23 waypoint31)
6.805: (navigate rover5 waypoint23 waypoint32)
6.812: (navigate rover5 waypoint23 waypoint32)
6.814: (take_image rover5 waypoint23 objective6 camera13 colour)
6.821: (drop rover0 rover0store)
6.861: (drop rover0 rover0store)
6.865: (navigate rover4 waypoint9 waypoint26)
6.866: (navigate rover4 waypoint9 waypoint26)
6.868: (drop rover0 rover0store)
6.871: (drop rover4 rover4store)
6.872: (navigate rover2 waypoint8 waypoint32)
6.872: (navigate rover5 waypoint23 waypoint31)
6.876: (navigate rover4 waypoint9 waypoint26)
6.881: (drop rover0 rover0store)
6.882: (navigate rover5 waypoint23 waypoint32)
6.897: (navigate rover4 waypoint9 waypoint26)
6.902: (drop rover4 rover4store)
6.903: (navigate rover2 waypoint8 waypoint32)
6.905: (navigate rover5 waypoint23 waypoint32)
6.914: (calibrate rover2 camera0 objective10 waypoint8)
6.916: (navigate rover2 waypoint8 waypoint9)
6.916: (navigate rover5 waypoint23 waypoint32)
6.918: (calibrate rover4 camera8 objective5 waypoint9)
6.919: (calibrate rover4 camera8 objective5 waypoint9)
6.920: (navigate rover5 waypoint23 waypoint32)
6.920: (navigate rover2 waypoint5 waypoint23)
6.920: (navigate rover4 waypoint9 waypoint39)
6.921: (navigate rover4 waypoint9 waypoint26)
6.922: (navigate rover4 waypoint9 waypoint26)
6.924: (navigate rover4 waypoint9 waypoint39)
6.926: (navigate rover4 waypoint9 waypoint39)
6.927: (navigate rover2 waypoint5 waypoint26)
6.927: (drop rover4 rover4store)
6.930: (navigate rover4 waypoint9 waypoint39)
6.935: (drop rover0 rover0store)
6.936: (navigate rover2 waypoint5 waypoint23)
6.937: (navigate rover2 waypoint8 waypoint9)
6.938: (drop rover0 rover0store)
6.942: (navigate rover4 waypoint9 waypoint12)
6.944: (calibrate rover4 camera8 objective5 waypoint9)
6.946: (drop rover4 rover4store)
6.946: (navigate rover2 waypoint5 waypoint26)
6.947: (navigate rover4 waypoint9 waypoint26)
6.948: (calibrate rover5 camera13 objective8 waypoint23)
6.948: (navigate rover5 waypoint23 waypoint31)
6.948: (calibrate rover5 camera13 objective8 waypoint23)
6.949: (calibrate rover5 camera13 objective8 waypoint23)
6.950: (calibrate rover2 camera0 objective10 waypoint32)
6.950: (calibrate rover2 camera0 objective10 waypoint32)
6.951: (drop rover0 rover0store)
6.953: (drop rover4 rover4store)
6.956: (calibrate rover5 camera11 objective10 waypoint23)
6.957: (calibrate rover5 camera11 objective10 waypoint23)
6.957: (calibrate rover5 camera11 objective10 waypoint23)
6.958: (navigate rover4 waypoint9 waypoint12)
6.960: (navigate rover4 waypoint9 waypoint12)
6.961: (calibrate rover0 camera6 objective13 waypoint32)
6.513: (take_image rover5 waypoint23 objective6 camera11 colour)
6.553: (take_image rover5 waypoint23 objective6 camera11 colour)
6.557: (take_image rover5 waypoint23 objective6 camera13 colour)
6.559: (take_image rover5 waypoint23 objective6 camera11 colour)
6.586: (take_image rover5 waypoint23 objective6 camera13 colour)
6.589: (navigate rover5 waypoint23 waypoint32)
6.590: (navigate rover5 waypoint23 waypoint32)
6.593: (drop rover4 rover4store)
6.595: (drop rover0 rover0store)
6.595: (take_image rover5 waypoint23 objective6 camera13 colour)
6.602: (drop rover4 rover4store)
6.606: (navigate rover5 waypoint23 waypoint32)
6.606: (drop rover0 rover0store)
6.626: (take_image rover5 waypoint23 objective6 camera13 low_res)
6.629: (take_image rover5 waypoint23 objective6 camera11 low_res)
6.629: (take_image rover5 waypoint23 objective6 camera11 low_res)
6.631: (take_image rover5 waypoint23 objective6 camera11 low_res)
6.631: (navigate rover4 waypoint9 waypoint39)
6.632: (take_image rover5 waypoint23 objective6 camera13 low_res)
6.635: (navigate rover4 waypoint9 waypoint39)
6.640: (take_image rover5 waypoint23 objective6 camera13 low_res)
6.657: (navigate rover5 waypoint23 waypoint32)
6.685: (calibrate rover4 camera8 objective5 waypoint9)
6.687: (navigate rover4 waypoint34 waypoint12)
6.687: (drop rover4 rover4store)
6.691: (navigate rover2 waypoint5 waypoint23)
6.691: (calibrate rover4 camera8 objective5 waypoint9)
6.692: (navigate rover2 waypoint23 waypoint24)
6.696: (drop rover0 rover0store)
6.701: (drop rover0 rover0store)
6.701: (navigate rover5 waypoint23 waypoint32)
6.701: (drop rover0 rover0store)
6.703: (navigate rover2 waypoint26 waypoint39)
6.704: (drop rover4 rover4store)
6.716: (drop rover0 rover0store)
6.716: (calibrate rover1 camera10 objective11 waypoint39)
6.717: (drop rover4 rover4store)
6.718: (calibrate rover5 camera13 objective8 waypoint23)
6.719: (drop rover4 rover4store)
6.720: (navigate rover2 waypoint8 waypoint9)
6.721: (calibrate rover1 camera10 objective11 waypoint39)
6.721: (take_image rover5 waypoint23 objective1 camera11 low_res)
6.721: (calibrate rover2 camera0 objective10 waypoint32)
6.722: (navigate rover4 waypoint9 waypoint12)
6.722: (drop rover0 rover0store)
6.724: (calibrate rover5 camera13 objective8 waypoint23)
6.725: (navigate rover2 waypoint8 waypoint32)
6.727: (calibrate rover5 camera11 objective10 waypoint23)
6.728: (drop rover4 rover4store)
6.729: (drop rover0 rover0store)
6.729: (drop rover4 rover4store)
6.731: (navigate rover2 waypoint23 waypoint24)
6.731: (drop rover4 rover4store)
6.731: (drop rover0 rover0store)
6.731: (take_image rover5 waypoint23 objective1 camera11 colour)
6.732: (calibrate rover5 camera11 objective10 waypoint23)
6.732: (calibrate rover0 camera6 objective13 waypoint32)
6.732: (navigate rover2 waypoint26 waypoint39)
6.733: (drop rover0 rover0store)
6.734: (drop rover4 rover4store)
6.734: (take_image rover5 waypoint23 objective1 camera13 low_res)
6.734: (navigate rover4 waypoint9 waypoint12)
6.735: (drop rover0 rover0store)
6.735: (navigate rover4 waypoint9 waypoint39)
6.735: (take_image rover5 waypoint23 objective1 camera13 low_res)
6.736: (calibrate rover0 camera6 objective13 waypoint32)
6.736: (drop rover0 rover0store)
6.736: (navigate rover2 waypoint8 waypoint32)
6.737: (take_image rover5 waypoint23 objective1 camera13 colour)
6.737: (drop rover0 rover0store)
6.738: (take_image rover5 waypoint23 objective1 camera13 low_res)
6.741: (take_image rover5 waypoint23 objective1 camera11 low_res)
6.741: (navigate rover4 waypoint9 waypoint26)
6.747: (take_image rover5 waypoint23 objective1 camera11 low_res)
6.750: (drop rover4 rover4store)
6.751: (drop rover4 rover4store)
6.759: (take_image rover5 waypoint23 objective1 camera13 colour)
6.759: (navigate rover4 waypoint34 waypoint12)
6.761: (navigate rover4 waypoint9 waypoint13)
6.762: (take_image rover5 waypoint23 objective1 camera11 colour)
5.539: (sample_rock rover2 rover2store waypoint39)
5.541: (sample_rock rover2 rover2store waypoint39)
6.343: (drop rover0 rover0store)
6.348: (drop rover4 rover4store)
6.348: (drop rover0 rover0store)
6.350: (take_image rover5 waypoint23 objective6 camera11 colour)
6.352: (take_image rover5 waypoint23 objective6 camera13 colour)
6.357: (take_image rover5 waypoint23 objective6 camera13 colour)
6.361: (take_image rover5 waypoint23 objective6 camera11 colour)
6.392: (navigate rover5 waypoint23 waypoint32)
6.392: (navigate rover5 waypoint23 waypoint32)
6.397: (take_image rover5 waypoint23 objective6 camera11 low_res)
6.398: (take_image rover5 waypoint23 objective6 camera13 low_res)
6.399: (drop rover0 rover0store)
6.399: (navigate rover5 waypoint23 waypoint32)
6.401: (take_image rover5 waypoint23 objective6 camera13 low_res)
6.402: (drop rover0 rover0store)
6.403: (drop rover4 rover4store)
6.405: (take_image rover5 waypoint23 objective6 camera11 low_res)
6.428: (drop rover0 rover0store)
6.433: (drop rover4 rover4store)
6.457: (navigate rover5 waypoint23 waypoint32)
6.466: (navigate rover5 waypoint23 waypoint32)
6.471: (navigate rover5 waypoint23 waypoint32)
6.491: (take_image rover5 waypoint23 objective1 camera11 low_res)
6.495: (take_image rover5 waypoint23 objective1 camera13 low_res)
6.499: (drop rover0 rover0store)
6.511: (navigate rover5 waypoint23 waypoint32)
6.516: (drop rover0 rover0store)
6.516: (drop rover4 rover4store)
6.520: (navigate rover5 waypoint23 waypoint32)
6.523: (take_image rover5 waypoint23 objective1 camera11 low_res)
6.523: (take_image rover5 waypoint23 objective1 camera13 low_res)
6.527: (navigate rover5 waypoint23 waypoint32)
6.528: (take_image rover5 waypoint23 objective1 camera11 colour)
6.529: (navigate rover2 waypoint23 waypoint24)
6.530: (take_image rover5 waypoint23 objective1 camera13 colour)
6.530: (drop rover0 rover0store)
6.534: (drop rover4 rover4store)
6.537: (take_image rover5 waypoint23 objective1 camera13 colour)
6.540: (take_image rover5 waypoint23 objective1 camera11 colour)
6.540: (drop rover0 rover0store)
6.546: (drop rover4 rover4store)
6.548: (drop rover0 rover0store)
6.572: (take_image rover0 waypoint32 objective7 camera6 low_res)
6.574: (take_image rover0 waypoint32 objective10 camera6 low_res)
6.575: (take_image rover0 waypoint32 objective7 camera6 low_res)
6.575: (take_image rover0 waypoint32 objective11 camera6 low_res)
6.577: (take_image rover0 waypoint32 objective13 camera6 low_res)
6.578: (take_image rover0 waypoint32 objective8 camera6 low_res)
6.578: (take_image rover0 waypoint32 objective13 camera6 low_res)
6.579: (take_image rover4 waypoint9 objective11 camera8 low_res)
6.579: (take_image rover0 waypoint32 objective11 camera6 low_res)
6.580: (take_image rover4 waypoint9 objective13 camera8 low_res)
6.581: (take_image rover0 waypoint32 objective12 camera6 low_res)
6.581: (take_image rover0 waypoint32 objective8 camera6 low_res)
6.582: (take_image rover4 waypoint9 objective13 camera8 low_res)
6.582: (take_image rover4 waypoint9 objective12 camera8 low_res)
6.582: (take_image rover4 waypoint9 objective12 camera8 low_res)
6.584: (take_image rover4 waypoint9 objective11 camera8 low_res)
6.585: (take_image rover0 waypoint32 objective3 camera6 low_res)
6.586: (take_image rover4 waypoint9 objective5 camera8 low_res)
6.586: (take_image rover0 waypoint32 objective5 camera6 low_res)
6.587: (take_image rover0 waypoint32 objective5 camera6 low_res)
6.589: (take_image rover4 waypoint9 objective5 camera8 low_res)
6.590: (take_image rover0 waypoint32 objective12 camera6 low_res)
6.591: (navigate rover5 waypoint23 waypoint32)
6.593: (take_image rover0 waypoint32 objective3 camera6 low_res)
6.594: (navigate rover4 waypoint9 waypoint39)
6.594: (navigate rover5 waypoint23 waypoint32)
6.595: (calibrate rover2 camera0 objective10 waypoint32)
6.596: (navigate rover4 waypoint9 waypoint39)
6.597: (take_image rover0 waypoint32 objective10 camera6 low_res)
6.597: (navigate rover0 waypoint32 waypoint45)
6.598: (take_image rover0 waypoint32 objective8 camera6 colour)
6.598: (take_image rover2 waypoint32 objective3 camera0 colour)
6.598: (take_image rover0 waypoint32 objective5 camera6 colour)
6.601: (take_image rover4 waypoint9 objective4 camera8 low_res)
6.602: (take_image rover4 waypoint9 objective4 camera8 low_res)
6.603: (take_image rover0 waypoint32 objective12 camera6 colour)
5.420: (drop rover2 rover2store)
5.424: (drop rover2 rover2store)
5.473: (navigate rover5 waypoint23 waypoint32)
5.476: (drop rover4 rover4store)
5.476: (drop rover0 rover0store)
5.479: (sample_rock rover2 rover2store waypoint39)
5.496: (navigate rover5 waypoint23 waypoint32)
5.506: (navigate rover4 waypoint9 waypoint12)
5.536: (navigate rover4 waypoint9 waypoint12)
5.538: (navigate rover2 waypoint39 waypoint26)
5.544: (navigate rover2 waypoint39 waypoint26)
5.544: (navigate rover4 waypoint9 waypoint26)
5.558: (navigate rover1 waypoint39 waypoint27)
5.559: (navigate rover4 waypoint9 waypoint26)
5.581: (navigate rover4 waypoint9 waypoint39)
5.582: (navigate rover4 waypoint9 waypoint13)
5.586: (navigate rover4 waypoint9 waypoint39)
5.589: (navigate rover1 waypoint39 waypoint27)
5.590: (navigate rover4 waypoint9 waypoint13)
5.596: (calibrate rover2 camera0 objective10 waypoint39)
5.599: (calibrate rover2 camera0 objective10 waypoint39)
5.600: (navigate rover0 waypoint32 waypoint27)
5.603: (navigate rover3 waypoint9 waypoint13)
5.608: (navigate rover3 waypoint9 waypoint13)
5.614: (navigate rover0 waypoint32 waypoint27)
5.620: (calibrate rover4 camera8 objective5 waypoint9)
5.624: (calibrate rover4 camera8 objective5 waypoint9)
5.632: (calibrate rover1 camera10 objective11 waypoint39)
5.634: (calibrate rover1 camera10 objective11 waypoint39)
5.640: (navigate rover0 waypoint32 waypoint33)
5.643: (navigate rover0 waypoint32 waypoint45)
5.654: (calibrate rover5 camera13 objective8 waypoint23)
5.657: (calibrate rover5 camera13 objective8 waypoint23)
5.657: (navigate rover0 waypoint32 waypoint33)
5.659: (navigate rover0 waypoint32 waypoint45)
5.660: (calibrate rover5 camera11 objective10 waypoint23)
5.661: (navigate rover4 waypoint9 waypoint15)
5.663: (calibrate rover5 camera11 objective10 waypoint23)
5.665: (navigate rover0 waypoint32 waypoint7)
5.670: (calibrate rover1 camera5 objective7 waypoint39)
5.672: (calibrate rover1 camera5 objective7 waypoint39)
5.673: (calibrate rover0 camera6 objective13 waypoint32)
5.676: (navigate rover4 waypoint9 waypoint41)
5.678: (calibrate rover0 camera6 objective13 waypoint32)
5.678: (navigate rover4 waypoint9 waypoint15)
5.686: (navigate rover0 waypoint32 waypoint7)
5.687: (navigate rover4 waypoint9 waypoint41)
5.692: (calibrate rover1 camera7 objective7 waypoint39)
5.694: (calibrate rover1 camera7 objective7 waypoint39)
5.702: (navigate rover0 waypoint32 waypoint20)
5.719: (navigate rover3 waypoint9 waypoint45)
5.739: (navigate rover0 waypoint32 waypoint20)
5.746: (navigate rover3 waypoint9 waypoint45)
5.845: (navigate rover5 waypoint23 waypoint47)
5.848: (navigate rover5 waypoint23 waypoint47)
6.194: (drop rover0 rover0store)
6.194: (navigate rover5 waypoint23 waypoint32)
6.196: (drop rover0 rover0store)
6.197: (drop rover4 rover4store)
6.197: (navigate rover5 waypoint23 waypoint32)
6.259: (navigate rover5 waypoint23 waypoint32)
6.261: (drop rover4 rover4store)
6.261: (navigate rover5 waypoint23 waypoint32)
6.263: (drop rover0 rover0store)
6.267: (drop rover0 rover0store)
6.317: (drop rover0 rover0store)
6.321: (navigate rover5 waypoint23 waypoint32)
6.330: (navigate rover5 waypoint23 waypoint32)
6.330: (drop rover4 rover4store)
6.330: (drop rover0 rover0store)
6.361: (navigate rover4 waypoint9 waypoint39)
6.364: (drop rover0 rover0store)
6.367: (calibrate rover2 camera0 objective10 waypoint32)
6.368: (navigate rover4 waypoint9 waypoint39)
6.386: (calibrate rover2 camera0 objective10 waypoint32)
6.386: (navigate rover5 waypoint23 waypoint32)
6.417: (navigate rover4 waypoint9 waypoint39)
6.418: (calibrate rover2 camera0 objective10 waypoint32)
6.419: (calibrate rover2 camera0 objective10 waypoint32)
6.420: (calibrate rover4 camera8 objective5 waypoint9)
4.815: (communicate_soil_data rover0 general waypoint32 waypoint7 waypoint11)
4.818: (communicate_soil_data rover0 general waypoint32 waypoint7 waypoint11)
5.258: (drop rover2 rover2store)
5.259: (navigate rover5 waypoint23 waypoint32)
5.273: (navigate rover5 waypoint23 waypoint32)
5.274: (drop rover2 rover2store)
5.275: (take_image rover5 waypoint23 objective6 camera11 colour)
5.276: (take_image rover5 waypoint23 objective6 camera13 colour)
5.277: (take_image rover5 waypoint23 objective6 camera13 colour)
5.278: (take_image rover5 waypoint23 objective6 camera11 colour)
5.358: (drop rover2 rover2store)
5.360: (drop rover4 rover4store)
5.360: (drop rover0 rover0store)
5.374: (take_image rover5 waypoint23 objective6 camera13 low_res)
5.378: (take_image rover5 waypoint23 objective6 camera11 low_res)
5.385: (navigate rover4 waypoint9 waypoint12)
5.387: (drop rover2 rover2store)
5.392: (take_image rover5 waypoint23 objective6 camera11 low_res)
5.393: (take_image rover5 waypoint23 objective6 camera13 low_res)
5.398: (take_image rover5 waypoint23 objective1 camera11 colour)
5.405: (take_image rover5 waypoint23 objective1 camera13 colour)
5.407: (take_image rover5 waypoint23 objective1 camera11 colour)
5.415: (take_image rover5 waypoint23 objective1 camera13 colour)
5.415: (navigate rover2 waypoint39 waypoint26)
5.416: (drop rover2 rover2store)
5.416: (navigate rover4 waypoint9 waypoint12)
5.416: (drop rover2 rover2store)
5.417: (navigate rover4 waypoint9 waypoint26)
5.417: (drop rover2 rover2store)
5.420: (drop rover2 rover2store)
5.420: (navigate rover2 waypoint39 waypoint26)
5.431: (drop rover2 rover2store)
5.433: (drop rover4 rover4store)
5.433: (navigate rover5 waypoint23 waypoint32)
5.433: (navigate rover4 waypoint9 waypoint26)
5.434: (navigate rover3 waypoint13 waypoint24)
5.434: (drop rover2 rover2store)
5.435: (drop rover0 rover0store)
5.441: (navigate rover0 waypoint32 waypoint45)
5.446: (navigate rover4 waypoint9 waypoint39)
5.447: (drop rover2 rover2store)
5.448: (drop rover2 rover2store)
5.449: (take_image rover0 waypoint32 objective13 camera6 low_res)
5.450: (take_image rover0 waypoint32 objective7 camera6 low_res)
5.450: (drop rover2 rover2store)
5.452: (take_image rover0 waypoint32 objective7 camera6 low_res)
5.452: (navigate rover4 waypoint9 waypoint39)
5.452: (take_image rover0 waypoint32 objective5 camera6 low_res)
5.455: (navigate rover4 waypoint9 waypoint13)
5.455: (take_image rover0 waypoint32 objective11 camera6 low_res)
5.456: (take_image rover0 waypoint32 objective12 camera6 low_res)
5.457: (drop rover2 rover2store)
5.458: (navigate rover0 waypoint32 waypoint27)
5.458: (navigate rover0 waypoint32 waypoint45)
5.458: (take_image rover0 waypoint32 objective3 camera6 low_res)
5.458: (navigate rover1 waypoint27 waypoint12)
5.459: (take_image rover0 waypoint32 objective11 camera6 low_res)
5.461: (take_image rover0 waypoint32 objective5 camera6 low_res)
5.461: (take_image rover0 waypoint32 objective12 camera6 low_res)
5.461: (drop rover2 rover2store)
5.462: (take_image rover0 waypoint32 objective3 camera6 low_res)
5.463: (take_image rover0 waypoint32 objective13 camera6 low_res)
5.463: (take_image rover0 waypoint32 objective8 camera6 low_res)
5.463: (navigate rover4 waypoint9 waypoint13)
5.464: (drop rover2 rover2store)
5.464: (drop rover2 rover2store)
5.464: (navigate rover1 waypoint39 waypoint27)
5.465: (take_image rover0 waypoint32 objective10 camera6 low_res)
5.465: (take_image rover4 waypoint9 objective12 camera8 low_res)
5.465: (take_image rover4 waypoint9 objective11 camera8 low_res)
5.467: (sample_rock rover2 rover2store waypoint39)
5.468: (drop rover4 rover4store)
5.468: (take_image rover0 waypoint32 objective13 camera6 colour)
5.469: (take_image rover0 waypoint32 objective8 camera6 low_res)
5.469: (drop rover0 rover0store)
5.470: (take_image rover0 waypoint32 objective10 camera6 low_res)
5.470: (take_image rover4 waypoint9 objective13 camera8 low_res)
5.471: (navigate rover3 waypoint13 waypoint24)
5.471: (take_image rover4 waypoint9 objective5 camera8 low_res)
5.471: (navigate rover4 waypoint9 waypoint12)
4.624: (navigate rover4 waypoint9 waypoint26)
4.642: (navigate rover4 waypoint9 waypoint26)
4.642: (navigate rover2 waypoint39 waypoint26)
4.645: (drop rover2 rover2store)
4.673: (navigate rover2 waypoint39 waypoint26)
4.674: (drop rover2 rover2store)
4.684: (navigate rover4 waypoint9 waypoint12)
4.696: (navigate rover4 waypoint9 waypoint12)
4.705: (navigate rover5 waypoint23 waypoint31)
4.722: (navigate rover5 waypoint23 waypoint31)
4.734: (navigate rover0 waypoint7 waypoint32)
4.755: (navigate rover0 waypoint7 waypoint32)
4.767: (drop rover4 rover4store)
4.768: (drop rover0 rover0store)
4.776: (navigate rover4 waypoint9 waypoint39)
4.805: (navigate rover5 waypoint23 waypoint47)
4.807: (navigate rover4 waypoint9 waypoint41)
4.810: (navigate rover4 waypoint9 waypoint39)
4.815: (navigate rover5 waypoint23 waypoint47)
4.818: (navigate rover4 waypoint9 waypoint13)
4.828: (navigate rover4 waypoint9 waypoint41)
4.832: (navigate rover1 waypoint39 waypoint27)
4.833: (calibrate rover2 camera0 objective10 waypoint39)
4.835: (sample_soil rover0 rover0store waypoint7)
4.840: (navigate rover4 waypoint9 waypoint13)
4.854: (navigate rover1 waypoint39 waypoint27)
4.856: (navigate rover5 waypoint23 waypoint10)
4.861: (calibrate rover2 camera0 objective10 waypoint39)
4.865: (navigate rover4 waypoint9 waypoint15)
4.872: (navigate rover3 waypoint9 waypoint13)
4.873: (navigate rover5 waypoint23 waypoint10)
4.873: (calibrate rover4 camera8 objective5 waypoint9)
4.891: (navigate rover4 waypoint9 waypoint15)
4.893: (calibrate rover0 camera14 objective4 waypoint7)
4.901: (calibrate rover1 camera5 objective7 waypoint39)
4.905: (navigate rover3 waypoint9 waypoint13)
4.906: (calibrate rover1 camera10 objective11 waypoint39)
4.907: (calibrate rover4 camera8 objective5 waypoint9)
4.917: (calibrate rover0 camera14 objective4 waypoint7)
4.926: (calibrate rover5 camera13 objective8 waypoint23)
4.930: (calibrate rover1 camera5 objective7 waypoint39)
4.934: (calibrate rover1 camera10 objective11 waypoint39)
4.937: (calibrate rover5 camera11 objective10 waypoint23)
4.955: (calibrate rover5 camera13 objective8 waypoint23)
4.959: (calibrate rover0 camera6 objective13 waypoint7)
4.961: (navigate rover3 waypoint9 waypoint45)
4.962: (calibrate rover1 camera7 objective7 waypoint39)
4.963: (calibrate rover5 camera11 objective10 waypoint23)
4.978: (navigate rover3 waypoint9 waypoint45)
4.983: (calibrate rover0 camera6 objective13 waypoint7)
4.989: (calibrate rover1 camera7 objective7 waypoint39)
5.080: (navigate rover5 waypoint23 waypoint32)
5.094: (navigate rover5 waypoint23 waypoint32)
5.141: (navigate rover5 waypoint23 waypoint32)
5.153: (navigate rover5 waypoint23 waypoint32)
5.198: (drop rover2 rover2store)
5.204: (drop rover2 rover2store)
5.210: (drop rover4 rover4store)
5.210: (drop rover0 rover0store)
5.211: (navigate rover5 waypoint23 waypoint32)
5.214: (drop rover0 rover0store)
5.215: (drop rover4 rover4store)
5.218: (drop rover2 rover2store)
5.232: (navigate rover0 waypoint32 waypoint27)
5.242: (navigate rover0 waypoint32 waypoint45)
5.251: (navigate rover0 waypoint32 waypoint27)
5.253: (navigate rover4 waypoint9 waypoint39)
5.254: (navigate rover0 waypoint32 waypoint20)
5.259: (navigate rover0 waypoint32 waypoint33)
5.263: (navigate rover5 waypoint23 waypoint32)
5.263: (navigate rover0 waypoint32 waypoint45)
5.266: (navigate rover2 waypoint39 waypoint26)
5.270: (navigate rover2 waypoint39 waypoint26)
5.274: (navigate rover4 waypoint9 waypoint39)
5.275: (navigate rover0 waypoint32 waypoint7)
5.276: (navigate rover5 waypoint23 waypoint32)
5.280: (navigate rover5 waypoint23 waypoint32)
5.284: (navigate rover0 waypoint32 waypoint33)
5.288: (navigate rover5 waypoint23 waypoint32)
5.292: (navigate rover4 waypoint9 waypoint12)
4.331: (communicate_soil_data rover0 general waypoint32 waypoint7 waypoint11)
4.333: (take_image rover5 waypoint23 objective6 camera11 colour)
4.342: (take_image rover5 waypoint23 objective6 camera13 colour)
4.362: (take_image rover5 waypoint23 objective6 camera11 colour)
4.362: (take_image rover5 waypoint23 objective6 camera13 colour)
4.365: (take_image rover0 waypoint7 objective6 camera6 colour)
4.450: (take_image rover5 waypoint23 objective6 camera11 low_res)
4.453: (take_image rover5 waypoint23 objective6 camera13 low_res)
4.456: (take_image rover0 waypoint7 objective6 camera6 colour)
4.463: (navigate rover5 waypoint23 waypoint32)
4.463: (navigate rover4 waypoint9 waypoint26)
4.464: (drop rover2 rover2store)
4.476: (navigate rover4 waypoint9 waypoint26)
4.477: (drop rover2 rover2store)
4.479: (navigate rover5 waypoint23 waypoint32)
4.480: (navigate rover5 waypoint23 waypoint32)
4.489: (drop rover2 rover2store)
4.491: (navigate rover2 waypoint39 waypoint26)
4.493: (take_image rover5 waypoint23 objective1 camera13 colour)
4.495: (navigate rover5 waypoint23 waypoint32)
4.496: (take_image rover5 waypoint23 objective1 camera11 colour)
4.503: (take_image rover5 waypoint23 objective6 camera11 low_res)
4.505: (take_image rover5 waypoint23 objective1 camera13 colour)
4.506: (take_image rover5 waypoint23 objective6 camera13 low_res)
4.506: (take_image rover5 waypoint23 objective1 camera11 colour)
4.508: (navigate rover5 waypoint23 waypoint32)
4.519: (navigate rover5 waypoint23 waypoint32)
4.522: (navigate rover2 waypoint39 waypoint26)
4.524: (drop rover2 rover2store)
4.525: (drop rover2 rover2store)
4.527: (navigate rover4 waypoint9 waypoint12)
4.536: (navigate rover4 waypoint9 waypoint12)
4.540: (drop rover2 rover2store)
4.560: (navigate rover4 waypoint9 waypoint26)
4.565: (take_image rover5 waypoint23 objective1 camera13 low_res)
4.565: (navigate rover5 waypoint23 waypoint10)
4.571: (take_image rover5 waypoint23 objective1 camera11 low_res)
4.572: (navigate rover5 waypoint23 waypoint31)
4.575: (navigate rover5 waypoint23 waypoint10)
4.576: (drop rover2 rover2store)
4.577: (navigate rover5 waypoint23 waypoint10)
4.579: (navigate rover4 waypoint9 waypoint26)
4.580: (navigate rover4 waypoint9 waypoint26)
4.583: (navigate rover4 waypoint9 waypoint12)
4.583: (navigate rover5 waypoint23 waypoint31)
4.584: (take_image rover0 waypoint7 objective6 camera6 low_res)
4.586: (navigate rover0 waypoint7 waypoint32)
4.587: (navigate rover5 waypoint23 waypoint10)
4.589: (navigate rover2 waypoint39 waypoint26)
4.590: (navigate rover5 waypoint23 waypoint31)
4.590: (navigate rover5 waypoint23 waypoint32)
4.593: (navigate rover5 waypoint23 waypoint31)
4.593: (drop rover2 rover2store)
4.594: (navigate rover4 waypoint9 waypoint12)
4.594: (navigate rover5 waypoint23 waypoint32)
4.595: (drop rover0 rover0store)
4.595: (drop rover4 rover4store)
4.596: (drop rover2 rover2store)
4.598: (take_image rover0 waypoint7 objective6 camera14 low_res)
4.599: (navigate rover5 waypoint23 waypoint31)
4.599: (navigate rover4 waypoint9 waypoint26)
4.600: (navigate rover4 waypoint9 waypoint26)
4.601: (navigate rover5 waypoint23 waypoint47)
4.602: (navigate rover4 waypoint9 waypoint39)
4.604: (drop rover2 rover2store)
4.605: (navigate rover0 waypoint7 waypoint32)
4.605: (navigate rover4 waypoint9 waypoint26)
4.606: (navigate rover4 waypoint9 waypoint26)
4.606: (drop rover2 rover2store)
4.609: (navigate rover5 waypoint23 waypoint47)
4.615: (drop rover4 rover4store)
4.615: (navigate rover4 waypoint9 waypoint41)
4.616: (drop rover4 rover4store)
4.616: (drop rover0 rover0store)
4.616: (drop rover2 rover2store)
4.616: (drop rover0 rover0store)
4.617: (navigate rover5 waypoint23 waypoint31)
4.617: (navigate rover5 waypoint23 waypoint10)
4.618: (navigate rover4 waypoint9 waypoint12)
4.619: (navigate rover2 waypoint39 waypoint26)
3.969: (navigate rover5 waypoint23 waypoint32)
4.052: (navigate rover5 waypoint23 waypoint32)
4.207: (navigate rover5 waypoint23 waypoint31)
4.215: (drop rover2 rover2store)
4.233: (navigate rover5 waypoint23 waypoint31)
4.235: (navigate rover5 waypoint23 waypoint32)
4.236: (navigate rover4 waypoint9 waypoint26)
4.236: (drop rover2 rover2store)
4.241: (navigate rover5 waypoint23 waypoint32)
4.253: (navigate rover2 waypoint39 waypoint26)
4.253: (navigate rover5 waypoint23 waypoint32)
4.255: (navigate rover4 waypoint9 waypoint26)
4.257: (drop rover2 rover2store)
4.258: (navigate rover4 waypoint9 waypoint26)
4.260: (navigate rover4 waypoint9 waypoint12)
4.263: (navigate rover2 waypoint39 waypoint26)
4.264: (drop rover2 rover2store)
4.266: (navigate rover5 waypoint23 waypoint31)
4.268: (drop rover2 rover2store)
4.268: (navigate rover4 waypoint9 waypoint12)
4.279: (navigate rover4 waypoint9 waypoint12)
4.280: (drop rover2 rover2store)
4.282: (drop rover2 rover2store)
4.288: (drop rover2 rover2store)
4.288: (drop rover2 rover2store)
4.303: (navigate rover2 waypoint39 waypoint26)
4.304: (navigate rover5 waypoint23 waypoint31)
4.314: (drop rover0 rover0store)
4.314: (drop rover4 rover4store)
4.317: (navigate rover5 waypoint23 waypoint47)
4.324: (navigate rover4 waypoint9 waypoint39)
4.325: (navigate rover4 waypoint9 waypoint26)
4.327: (navigate rover5 waypoint23 waypoint47)
4.328: (drop rover2 rover2store)
4.332: (navigate rover2 waypoint39 waypoint26)
4.335: (navigate rover5 waypoint23 waypoint31)
4.338: (navigate rover5 waypoint23 waypoint47)
4.341: (navigate rover4 waypoint9 waypoint12)
4.342: (navigate rover5 waypoint23 waypoint31)
4.345: (navigate rover0 waypoint7 waypoint32)
4.346: (drop rover2 rover2store)
4.346: (navigate rover4 waypoint9 waypoint26)
4.353: (navigate rover4 waypoint9 waypoint12)
4.355: (drop rover2 rover2store)
4.364: (navigate rover4 waypoint9 waypoint39)
4.370: (drop rover2 rover2store)
4.370: (navigate rover4 waypoint9 waypoint41)
4.371: (navigate rover4 waypoint9 waypoint26)
4.371: (navigate rover4 waypoint9 waypoint12)
4.372: (navigate rover2 waypoint39 waypoint26)
4.377: (navigate rover4 waypoint9 waypoint39)
4.388: (navigate rover0 waypoint7 waypoint32)
4.389: (navigate rover5 waypoint23 waypoint10)
4.390: (sample_soil rover0 rover0store waypoint7)
4.391: (navigate rover4 waypoint9 waypoint26)
4.393: (navigate rover4 waypoint9 waypoint26)
4.394: (calibrate rover2 camera0 objective10 waypoint39)
4.398: (navigate rover1 waypoint39 waypoint27)
4.400: (drop rover2 rover2store)
4.400: (navigate rover4 waypoint9 waypoint41)
4.400: (navigate rover4 waypoint9 waypoint13)
4.401: (navigate rover5 waypoint23 waypoint47)
4.406: (navigate rover4 waypoint9 waypoint26)
4.406: (navigate rover2 waypoint39 waypoint26)
4.407: (navigate rover4 waypoint9 waypoint41)
4.410: (navigate rover4 waypoint9 waypoint26)
4.411: (navigate rover4 waypoint9 waypoint26)
4.411: (sample_soil rover0 rover0store waypoint7)
4.412: (drop rover4 rover4store)
4.413: (navigate rover0 waypoint7 waypoint32)
4.415: (drop rover4 rover4store)
4.415: (drop rover0 rover0store)
4.416: (drop rover0 rover0store)
4.416: (navigate rover5 waypoint23 waypoint10)
4.418: (navigate rover5 waypoint23 waypoint31)
4.420: (drop rover2 rover2store)
4.420: (navigate rover4 waypoint9 waypoint26)
4.421: (navigate rover4 waypoint9 waypoint13)
4.421: (navigate rover2 waypoint39 waypoint26)
4.422: (navigate rover4 waypoint9 waypoint12)
3.781: (navigate rover5 waypoint23 waypoint32)
3.782: (drop rover2 rover2store)
3.855: (navigate rover5 waypoint23 waypoint32)
3.864: (drop rover2 rover2store)
3.896: (navigate rover4 waypoint9 waypoint26)
3.899: (navigate rover5 waypoint23 waypoint32)
3.917: (navigate rover5 waypoint23 waypoint32)
3.920: (navigate rover0 waypoint7 waypoint32)
3.940: (navigate rover4 waypoint9 waypoint39)
3.958: (navigate rover4 waypoint9 waypoint26)
3.960: (navigate rover5 waypoint23 waypoint32)
3.970: (navigate rover5 waypoint23 waypoint32)
3.995: (navigate rover5 waypoint23 waypoint32)
3.995: (navigate rover5 waypoint23 waypoint32)
3.999: (navigate rover5 waypoint23 waypoint32)
4.003: (sample_soil rover0 rover0store waypoint7)
4.003: (navigate rover5 waypoint23 waypoint32)
4.005: (navigate rover4 waypoint9 waypoint41)
4.013: (drop rover4 rover4store)
4.013: (drop rover0 rover0store)
4.020: (sample_rock rover5 rover5store waypoint32)
4.023: (calibrate rover2 camera0 objective10 waypoint39)
4.023: (navigate rover4 waypoint9 waypoint39)
4.023: (navigate rover5 waypoint23 waypoint32)
4.034: (navigate rover0 waypoint7 waypoint32)
4.043: (calibrate rover1 camera5 objective7 waypoint39)
4.050: (navigate rover2 waypoint39 waypoint26)
4.055: (navigate rover5 waypoint23 waypoint32)
4.058: (navigate rover5 waypoint23 waypoint32)
4.062: (drop rover2 rover2store)
4.082: (navigate rover5 waypoint23 waypoint31)
4.082: (navigate rover4 waypoint9 waypoint41)
4.083: (drop rover2 rover2store)
4.096: (calibrate rover2 camera0 objective10 waypoint39)
4.099: (sample_rock rover5 rover5store waypoint32)
4.106: (navigate rover4 waypoint9 waypoint15)
4.110: (navigate rover5 waypoint23 waypoint31)
4.111: (navigate rover4 waypoint9 waypoint26)
4.114: (navigate rover5 waypoint23 waypoint31)
4.114: (drop rover2 rover2store)
4.116: (calibrate rover1 camera5 objective7 waypoint39)
4.118: (navigate rover4 waypoint9 waypoint26)
4.119: (drop rover2 rover2store)
4.120: (navigate rover1 waypoint39 waypoint27)
4.126: (navigate rover4 waypoint9 waypoint26)
4.126: (navigate rover4 waypoint9 waypoint26)
4.128: (drop rover2 rover2store)
4.128: (navigate rover2 waypoint39 waypoint26)
4.128: (navigate rover5 waypoint23 waypoint31)
4.133: (drop rover2 rover2store)
4.138: (navigate rover5 waypoint23 waypoint32)
4.138: (navigate rover4 waypoint9 waypoint12)
4.139: (navigate rover2 waypoint39 waypoint26)
4.139: (drop rover2 rover2store)
4.143: (navigate rover2 waypoint39 waypoint26)
4.145: (navigate rover4 waypoint9 waypoint12)
4.146: (drop rover2 rover2store)
4.147: (navigate rover5 waypoint23 waypoint31)
4.154: (drop rover2 rover2store)
4.154: (navigate rover2 waypoint39 waypoint26)
4.154: (navigate rover4 waypoint9 waypoint12)
4.155: (navigate rover4 waypoint9 waypoint26)
4.156: (drop rover2 rover2store)
4.157: (navigate rover5 waypoint23 waypoint10)
4.158: (navigate rover5 waypoint23 waypoint47)
4.159: (drop rover2 rover2store)
4.161: (navigate rover5 waypoint23 waypoint47)
4.163: (navigate rover4 waypoint9 waypoint12)
4.164: (navigate rover4 waypoint9 waypoint12)
4.164: (navigate rover5 waypoint23 waypoint31)
4.164: (drop rover2 rover2store)
4.165: (navigate rover4 waypoint9 waypoint26)
4.167: (navigate rover4 waypoint9 waypoint26)
4.170: (navigate rover5 waypoint23 waypoint10)
4.170: (navigate rover4 waypoint9 waypoint26)
4.170: (navigate rover5 waypoint23 waypoint31)
4.172: (navigate rover4 waypoint9 waypoint12)
4.173: (navigate rover5 waypoint23 waypoint10)
4.175: (navigate rover5 waypoint23 waypoint31)
4.175: (navigate rover5 waypoint23 waypoint47)
3.699: (navigate rover0 waypoint7 waypoint32)
3.699: (drop rover2 rover2store)
3.705: (navigate rover4 waypoint9 waypoint26)
3.705: (drop rover2 rover2store)
3.714: (navigate rover5 waypoint23 waypoint32)
3.738: (drop rover2 rover2store)
3.738: (navigate rover4 waypoint9 waypoint39)
3.769: (drop rover2 rover2store)
3.770: (navigate rover4 waypoint9 waypoint26)
3.793: (navigate rover5 waypoint10 waypoint25)
3.799: (navigate rover4 waypoint9 waypoint41)
3.800: (drop rover2 rover2store)
3.812: (navigate rover4 waypoint9 waypoint39)
3.813: (navigate rover0 waypoint7 waypoint32)
3.814: (drop rover2 rover2store)
3.816: (drop rover2 rover2store)
3.817: (drop rover2 rover2store)
3.818: (navigate rover5 waypoint10 waypoint11)
3.821: (drop rover4 rover4store)
3.821: (sample_soil rover0 rover0store waypoint7)
3.821: (drop rover0 rover0store)
3.822: (drop rover2 rover2store)
3.823: (drop rover2 rover2store)
3.828: (drop rover2 rover2store)
3.831: (sample_rock rover5 rover5store waypoint32)
3.835: (drop rover2 rover2store)
3.841: (calibrate rover2 camera0 objective10 waypoint39)
3.843: (navigate rover5 waypoint10 waypoint26)
3.843: (drop rover2 rover2store)
3.845: (drop rover2 rover2store)
3.845: (calibrate rover1 camera5 objective7 waypoint39)
3.862: (drop rover2 rover2store)
3.862: (navigate rover5 waypoint23 waypoint32)
3.864: (navigate rover4 waypoint9 waypoint41)
3.868: (navigate rover2 waypoint39 waypoint26)
3.869: (drop rover2 rover2store)
3.870: (drop rover2 rover2store)
3.874: (navigate rover0 waypoint7 waypoint32)
3.874: (navigate rover4 waypoint9 waypoint26)
3.910: (sample_rock rover5 rover5store waypoint32)
3.912: (take_image rover1 waypoint39 objective2 camera5 colour)
3.913: (take_image rover1 waypoint39 objective3 camera5 colour)
3.914: (navigate rover4 waypoint9 waypoint39)
3.914: (navigate rover0 waypoint7 waypoint32)
3.917: (navigate rover4 waypoint9 waypoint26)
3.920: (sample_soil rover0 rover0store waypoint7)
3.920: (calibrate rover2 camera0 objective10 waypoint39)
3.920: (drop rover2 rover2store)
3.923: (drop rover2 rover2store)
3.923: (drop rover2 rover2store)
3.923: (calibrate rover1 camera5 objective7 waypoint39)
3.924: (navigate rover4 waypoint9 waypoint26)
3.925: (navigate rover1 waypoint39 waypoint27)
3.925: (drop rover0 rover0store)
3.927: (drop rover4 rover4store)
3.929: (drop rover2 rover2store)
3.934: (take_image rover1 waypoint39 objective7 camera5 colour)
3.936: (take_image rover1 waypoint39 objective11 camera5 colour)
3.940: (take_image rover1 waypoint39 objective12 camera5 colour)
3.942: (take_image rover1 waypoint39 objective13 camera5 colour)
3.944: (take_image rover1 waypoint39 objective4 camera5 colour)
3.949: (take_image rover1 waypoint39 objective10 camera5 colour)
3.949: (take_image rover2 waypoint39 objective2 camera0 colour)
3.949: (navigate rover4 waypoint9 waypoint26)
3.950: (take_image rover1 waypoint39 objective3 camera5 high_res)
3.950: (drop rover2 rover2store)
3.950: (take_image rover2 waypoint39 objective3 camera0 colour)
3.950: (take_image rover1 waypoint39 objective2 camera5 high_res)
3.952: (navigate rover2 waypoint39 waypoint26)
3.953: (navigate rover4 waypoint9 waypoint15)
3.954: (calibrate rover2 camera0 objective10 waypoint39)
3.954: (navigate rover0 waypoint7 waypoint32)
3.955: (navigate rover0 waypoint7 waypoint32)
3.956: (navigate rover4 waypoint9 waypoint41)
3.956: (take_image rover1 waypoint39 objective7 camera5 high_res)
3.957: (take_image rover1 waypoint39 objective12 camera5 high_res)
3.958: (take_image rover1 waypoint39 objective11 camera5 high_res)
3.960: (take_image rover2 waypoint39 objective7 camera0 colour)
3.960: (drop rover2 rover2store)
3.960: (navigate rover4 waypoint9 waypoint26)
3.613: (drop rover2 rover2store)
3.625: (drop rover2 rover2store)
3.645: (drop rover2 rover2store)
3.678: (drop rover2 rover2store)
3.679: (drop rover2 rover2store)
3.682: (navigate rover4 waypoint9 waypoint26)
3.683: (navigate rover0 waypoint7 waypoint32)
3.683: (navigate rover4 waypoint9 waypoint39)
3.684: (navigate rover0 waypoint7 waypoint32)
3.724: (drop rover2 rover2store)
3.725: (sample_soil rover0 rover0store waypoint7)
3.726: (navigate rover4 waypoint9 waypoint26)
3.734: (sample_rock rover5 rover5store waypoint32)
3.736: (drop rover0 rover0store)
3.736: (drop rover4 rover4store)
3.737: (drop rover2 rover2store)
3.737: (drop rover2 rover2store)
3.739: (navigate rover4 waypoint9 waypoint26)
3.740: (drop rover2 rover2store)
3.744: (take_image rover1 waypoint39 objective2 camera5 colour)
3.745: (take_image rover1 waypoint39 objective3 camera5 colour)
3.745: (drop rover2 rover2store)
3.746: (navigate rover0 waypoint7 waypoint32)
3.749: (drop rover2 rover2store)
3.750: (drop rover2 rover2store)
3.752: (drop rover2 rover2store)
3.752: (take_image rover1 waypoint39 objective7 camera5 colour)
3.757: (drop rover2 rover2store)
3.757: (drop rover2 rover2store)
3.758: (navigate rover0 waypoint7 waypoint32)
3.759: (drop rover2 rover2store)
3.759: (navigate rover4 waypoint9 waypoint41)
3.759: (navigate rover0 waypoint7 waypoint32)
3.759: (navigate rover5 waypoint11 waypoint24)
3.760: (navigate rover4 waypoint9 waypoint26)
3.760: (drop rover2 rover2store)
3.761: (navigate rover4 waypoint9 waypoint39)
3.761: (drop rover0 rover0store)
3.762: (take_image rover1 waypoint39 objective11 camera5 high_res)
3.762: (take_image rover1 waypoint39 objective11 camera5 colour)
3.762: (navigate rover4 waypoint9 waypoint26)
3.762: (take_image rover1 waypoint39 objective2 camera5 high_res)
3.763: (drop rover0 rover0store)
3.763: (drop rover4 rover4store)
3.764: (navigate rover0 waypoint7 waypoint32)
3.764: (drop rover4 rover4store)
3.764: (drop rover2 rover2store)
3.764: (navigate rover0 waypoint7 waypoint32)
3.765: (take_image rover1 waypoint39 objective12 camera5 colour)
3.765: (take_image rover1 waypoint39 objective13 camera5 colour)
3.765: (take_image rover1 waypoint39 objective7 camera5 high_res)
3.766: (take_image rover1 waypoint39 objective13 camera5 high_res)
3.767: (take_image rover1 waypoint39 objective3 camera5 high_res)
3.767: (drop rover2 rover2store)
3.768: (take_image rover1 waypoint39 objective4 camera5 colour)
3.769: (take_image rover2 waypoint39 objective2 camera0 colour)
3.769: (take_image rover1 waypoint39 objective4 camera5 high_res)
3.770: (take_image rover1 waypoint39 objective10 camera5 colour)
3.770: (drop rover2 rover2store)
3.771: (take_image rover1 waypoint39 objective12 camera5 high_res)
3.771: (drop rover2 rover2store)
3.771: (drop rover4 rover4store)
3.772: (take_image rover2 waypoint39 objective7 camera0 colour)
3.773: (take_image rover2 waypoint39 objective10 camera0 colour)
3.774: (take_image rover2 waypoint39 objective3 camera0 colour)
3.774: (calibrate rover2 camera0 objective10 waypoint39)
3.774: (drop rover2 rover2store)
3.774: (take_image rover2 waypoint39 objective4 camera0 colour)
3.774: (drop rover0 rover0store)
3.775: (calibrate rover1 camera5 objective7 waypoint39)
3.777: (take_image rover2 waypoint39 objective13 camera0 colour)
3.778: (navigate rover4 waypoint9 waypoint26)
3.779: (take_image rover1 waypoint39 objective10 camera5 high_res)
3.779: (take_image rover2 waypoint39 objective12 camera0 colour)
3.779: (navigate rover4 waypoint9 waypoint39)
3.780: (navigate rover0 waypoint7 waypoint32)
3.781: (take_image rover2 waypoint39 objective11 camera0 colour)
3.782: (drop rover2 rover2store)
3.782: (drop rover4 rover4store)
3.782: (sample_soil rover0 rover0store waypoint7)
3.589: (drop rover2 rover2store)
3.589: (navigate rover5 waypoint11 waypoint24)
3.602: (navigate rover0 waypoint7 waypoint32)
3.639: (drop rover0 rover0store)
3.644: (drop rover0 rover0store)
3.658: (navigate rover5 waypoint26 waypoint7)
3.661: (navigate rover5 waypoint26 waypoint9)
3.661: (take_image rover1 waypoint39 objective2 camera5 colour)
3.664: (calibrate rover2 camera0 objective10 waypoint39)
3.664: (calibrate rover1 camera5 objective7 waypoint39)
3.665: (navigate rover0 waypoint7 waypoint32)
3.668: (navigate rover4 waypoint9 waypoint26)
3.668: (calibrate rover1 camera5 objective7 waypoint39)
3.669: (navigate rover0 waypoint7 waypoint32)
3.671: (navigate rover4 waypoint9 waypoint26)
3.671: (take_image rover1 waypoint39 objective3 camera5 colour)
3.674: (calibrate rover2 camera0 objective10 waypoint39)
3.674: (navigate rover0 waypoint7 waypoint32)
3.675: (take_image rover1 waypoint39 objective7 camera5 colour)
3.677: (navigate rover4 waypoint9 waypoint26)
3.677: (take_image rover1 waypoint39 objective11 camera5 colour)
3.677: (take_image rover1 waypoint39 objective7 camera5 high_res)
3.678: (drop rover0 rover0store)
3.680: (navigate rover0 waypoint7 waypoint32)
3.680: (navigate rover4 waypoint9 waypoint26)
3.680: (navigate rover4 waypoint26 waypoint9)
3.681: (navigate rover4 waypoint9 waypoint26)
3.682: (navigate rover4 waypoint9 waypoint26)
3.682: (navigate rover4 waypoint9 waypoint26)
3.683: (navigate rover0 waypoint7 waypoint32)
3.683: (take_image rover1 waypoint39 objective2 camera5 high_res)
3.684: (navigate rover4 waypoint9 waypoint26)
3.684: (navigate rover4 waypoint9 waypoint26)
3.685: (navigate rover0 waypoint7 waypoint32)
3.685: (take_image rover1 waypoint39 objective10 camera5 high_res)
3.685: (take_image rover1 waypoint39 objective13 camera5 high_res)
3.686: (navigate rover4 waypoint9 waypoint26)
3.686: (navigate rover4 waypoint9 waypoint26)
3.686: (navigate rover0 waypoint7 waypoint32)
3.686: (navigate rover4 waypoint9 waypoint26)
3.687: (navigate rover0 waypoint7 waypoint32)
3.688: (navigate rover4 waypoint9 waypoint26)
3.688: (navigate rover4 waypoint9 waypoint26)
3.688: (take_image rover1 waypoint39 objective12 camera5 colour)
3.688: (take_image rover2 waypoint39 objective2 camera0 colour)
3.688: (navigate rover0 waypoint7 waypoint32)
3.689: (navigate rover0 waypoint7 waypoint32)
3.689: (navigate rover4 waypoint9 waypoint26)
3.690: (take_image rover1 waypoint39 objective4 camera5 high_res)
3.690: (navigate rover0 waypoint7 waypoint32)
3.690: (navigate rover0 waypoint7 waypoint32)
3.691: (take_image rover2 waypoint39 objective3 camera0 colour)
3.692: (take_image rover1 waypoint39 objective11 camera5 high_res)
3.693: (take_image rover1 waypoint39 objective3 camera5 high_res)
3.694: (take_image rover1 waypoint39 objective12 camera5 high_res)
3.694: (drop rover4 rover4store)
3.694: (navigate rover0 waypoint7 waypoint32)
3.694: (take_image rover1 waypoint39 objective4 camera5 colour)
3.694: (navigate rover4 waypoint9 waypoint26)
3.695: (calibrate rover1 camera5 objective7 waypoint39)
3.695: (take_image rover2 waypoint39 objective4 camera0 colour)
3.695: (navigate rover4 waypoint9 waypoint26)
3.696: (navigate rover0 waypoint7 waypoint32)
3.697: (take_image rover1 waypoint39 objective13 camera5 colour)
3.697: (navigate rover0 waypoint7 waypoint32)
3.698: (sample_soil rover0 rover0store waypoint7)
3.698: (take_image rover2 waypoint39 objective13 camera0 colour)
3.699: (take_image rover2 waypoint39 objective12 camera0 colour)
3.699: (take_image rover1 waypoint39 objective10 camera5 colour)
3.700: (navigate rover0 waypoint7 waypoint32)
3.700: (take_image rover2 waypoint39 objective11 camera0 colour)
3.702: (navigate rover4 waypoint9 waypoint26)
3.702: (take_image rover2 waypoint39 objective10 camera0 colour)
3.702: (navigate rover0 waypoint7 waypoint32)
3.702: (take_image rover2 waypoint39 objective7 camera0 colour)
3.703: (calibrate rover2 camera0 objective10 waypoint39)
3.703: (navigate rover0 waypoint7 waypoint32)
3.704: (navigate rover4 waypoint9 waypoint26)
3.704: (navigate rover0 waypoint7 waypoint32)
3.705: (navigate rover4 waypoint9 waypoint39)
3.558: (take_image rover1 waypoint39 objective3 camera5 colour)
3.561: (take_image rover1 waypoint39 objective2 camera5 colour)
3.583: (take_image rover1 waypoint39 objective7 camera5 colour)
3.589: (take_image rover1 waypoint39 objective11 camera5 colour)
3.590: (take_image rover1 waypoint39 objective12 camera5 colour)
3.590: (take_image rover1 waypoint39 objective13 camera5 colour)
3.591: (take_image rover1 waypoint39 objective2 camera5 high_res)
3.593: (take_image rover1 waypoint39 objective3 camera5 high_res)
3.595: (take_image rover1 waypoint39 objective7 camera5 high_res)
3.597: (take_image rover1 waypoint39 objective4 camera5 colour)
3.599: (take_image rover1 waypoint39 objective10 camera5 high_res)
3.599: (take_image rover1 waypoint39 objective4 camera5 high_res)
3.600: (take_image rover2 waypoint39 objective2 camera0 colour)
3.600: (take_image rover1 waypoint39 objective13 camera5 high_res)
3.601: (take_image rover1 waypoint39 objective3 camera5 high_res)
3.601: (take_image rover1 waypoint39 objective2 camera5 high_res)
3.602: (take_image rover1 waypoint39 objective10 camera5 colour)
3.602: (take_image rover1 waypoint39 objective11 camera5 high_res)
3.603: (take_image rover2 waypoint39 objective2 camera0 colour)
3.604: (take_image rover1 waypoint39 objective12 camera5 high_res)
3.605: (take_image rover2 waypoint39 objective3 camera0 colour)
3.605: (take_image rover1 waypoint39 objective7 camera5 high_res)
3.606: (take_image rover2 waypoint39 objective7 camera0 colour)
3.607: (take_image rover1 waypoint39 objective12 camera5 high_res)
3.608: (take_image rover1 waypoint39 objective10 camera5 high_res)
3.609: (take_image rover2 waypoint39 objective3 camera0 colour)
3.609: (sample_soil rover0 rover0store waypoint7)
3.610: (take_image rover1 waypoint39 objective13 camera5 high_res)
3.610: (take_image rover1 waypoint39 objective11 camera5 high_res)
3.611: (take_image rover2 waypoint39 objective3 camera0 colour)
3.611: (navigate rover5 waypoint11 waypoint24)
3.611: (navigate rover0 waypoint7 waypoint32)
3.611: (take_image rover1 waypoint39 objective4 camera5 high_res)
3.612: (take_image rover2 waypoint39 objective13 camera0 colour)
3.612: (take_image rover2 waypoint39 objective11 camera0 colour)
3.612: (take_image rover2 waypoint39 objective4 camera0 colour)
3.612: (take_image rover1 waypoint39 objective3 camera5 high_res)
3.613: (take_image rover1 waypoint39 objective2 camera5 high_res)
3.613: (take_image rover2 waypoint39 objective12 camera0 colour)
3.614: (take_image rover2 waypoint39 objective7 camera0 colour)
3.614: (take_image rover2 waypoint39 objective2 camera0 colour)
3.614: (take_image rover2 waypoint39 objective11 camera0 colour)
3.616: (take_image rover2 waypoint39 objective10 camera0 colour)
3.616: (take_image rover2 waypoint39 objective4 camera0 colour)
3.616: (drop rover0 rover0store)
3.616: (navigate rover0 waypoint7 waypoint32)
3.617: (take_image rover2 waypoint39 objective11 camera0 colour)
3.617: (take_image rover2 waypoint39 objective13 camera0 colour)
3.618: (drop rover0 rover0store)
3.618: (navigate rover5 waypoint11 waypoint24)
3.619: (take_image rover2 waypoint39 objective12 camera0 colour)
3.620: (navigate rover4 waypoint9 waypoint26)
3.622: (take_image rover2 waypoint39 objective10 camera0 colour)
3.622: (take_image rover1 waypoint39 objective2 camera5 colour)
3.622: (take_image rover1 waypoint39 objective7 camera5 colour)
3.623: (take_image rover1 waypoint39 objective10 camera5 colour)
3.623: (sample_soil rover0 rover0store waypoint7)
3.623: (take_image rover1 waypoint39 objective13 camera5 high_res)
3.623: (take_image rover1 waypoint39 objective12 camera5 high_res)
3.624: (take_image rover1 waypoint39 objective10 camera5 colour)
3.624: (take_image rover2 waypoint39 objective13 camera0 colour)
3.627: (take_image rover1 waypoint39 objective4 camera5 high_res)
3.627: (take_image rover2 waypoint39 objective12 camera0 colour)
3.627: (take_image rover1 waypoint39 objective7 camera5 high_res)
3.627: (take_image rover1 waypoint39 objective11 camera5 high_res)
3.628: (navigate rover4 waypoint9 waypoint26)
3.629: (take_image rover1 waypoint39 objective13 camera5 colour)
3.629: (take_image rover1 waypoint39 objective7 camera5 colour)
3.631: (take_image rover1 waypoint39 objective4 camera5 colour)
3.631: (take_image rover1 waypoint39 objective12 camera5 colour)
3.631: (take_image rover1 waypoint39 objective11 camera5 colour)
3.632: (sample_soil rover0 rover0store waypoint7)
3.633: (take_image rover1 waypoint39 objective11 camera5 colour)
3.633: (take_image rover1 waypoint39 objective2 camera5 colour)
3.633: (take_image rover1 waypoint39 objective4 camera5 colour)
3.633: (take_image rover1 waypoint39 objective3 camera5 colour)
3.634: (take_image rover2 waypoint39 objective4 camera0 colour)
3.635: (take_image rover1 waypoint39 objective3 camera5 colour)
3.635: (take_image rover1 waypoint39 objective13 camera5 colour)
3.636: (take_image rover2 waypoint39 objective7 camera0 colour)
3.531: (navigate rover0 waypoint7 waypoint32)
3.537: (navigate rover0 waypoint7 waypoint32)
3.551: (navigate rover0 waypoint7 waypoint32)
3.555: (navigate rover0 waypoint32 waypoint20)
3.560: (navigate rover0 waypoint7 waypoint32)
3.563: (navigate rover0 waypoint7 waypoint32)
3.564: (navigate rover0 waypoint7 waypoint32)
3.567: (navigate rover4 waypoint26 waypoint9)
3.567: (navigate rover5 waypoint11 waypoint24)
3.569: (navigate rover5 waypoint11 waypoint24)
3.570: (navigate rover5 waypoint11 waypoint24)
3.572: (navigate rover5 waypoint11 waypoint24)
3.572: (navigate rover5 waypoint11 waypoint24)
3.573: (navigate rover5 waypoint11 waypoint24)
3.574: (navigate rover0 waypoint7 waypoint32)
3.575: (navigate rover0 waypoint7 waypoint32)
3.576: (drop rover0 rover0store)
3.576: (navigate rover5 waypoint11 waypoint24)
3.576: (navigate rover5 waypoint11 waypoint24)
3.578: (navigate rover5 waypoint11 waypoint24)
3.578: (navigate rover0 waypoint7 waypoint32)
3.580: (drop rover0 rover0store)
3.580: (navigate rover5 waypoint11 waypoint24)
3.580: (navigate rover5 waypoint11 waypoint24)
3.580: (navigate rover5 waypoint11 waypoint24)
3.582: (navigate rover0 waypoint7 waypoint32)
3.583: (navigate rover5 waypoint11 waypoint24)
3.585: (navigate rover0 waypoint7 waypoint32)
3.586: (navigate rover0 waypoint7 waypoint32)
3.586: (navigate rover5 waypoint11 waypoint24)
3.587: (navigate rover0 waypoint7 waypoint32)
3.587: (navigate rover0 waypoint7 waypoint32)
3.587: (navigate rover0 waypoint7 waypoint32)
3.587: (navigate rover5 waypoint11 waypoint24)
3.588: (navigate rover0 waypoint7 waypoint32)
3.589: (navigate rover5 waypoint11 waypoint24)
3.590: (navigate rover0 waypoint7 waypoint32)
3.590: (navigate rover0 waypoint7 waypoint32)
3.591: (navigate rover5 waypoint11 waypoint24)
3.591: (navigate rover5 waypoint11 waypoint24)
3.591: (navigate rover0 waypoint7 waypoint32)
3.591: (navigate rover0 waypoint7 waypoint32)
3.593: (navigate rover5 waypoint11 waypoint24)
3.593: (navigate rover0 waypoint7 waypoint32)
3.593: (navigate rover5 waypoint11 waypoint24)
3.594: (navigate rover5 waypoint11 waypoint24)
3.594: (navigate rover0 waypoint7 waypoint32)
3.594: (sample_soil rover0 rover0store waypoint7)
3.594: (navigate rover5 waypoint11 waypoint24)
3.595: (navigate rover5 waypoint11 waypoint24)
3.597: (navigate rover5 waypoint11 waypoint24)
3.597: (navigate rover5 waypoint11 waypoint24)
3.597: (navigate rover0 waypoint7 waypoint32)
3.598: (drop rover0 rover0store)
3.602: (communicate_soil_data rover0 general waypoint7 waypoint7 waypoint11)
3.602: (navigate rover0 waypoint7 waypoint32)
3.607: (drop rover0 rover0store)
3.608: (drop rover0 rover0store)
3.608: (drop rover0 rover0store)
3.612: (navigate rover5 waypoint26 waypoint7)
3.613: (calibrate rover2 camera0 objective10 waypoint39)
3.613: (calibrate rover1 camera5 objective7 waypoint39)
3.613: (drop rover0 rover0store)
3.614: (calibrate rover1 camera5 objective7 waypoint39)
3.614: (calibrate rover1 camera5 objective7 waypoint39)
3.614: (drop rover0 rover0store)
3.614: (calibrate rover1 camera5 objective7 waypoint39)
3.615: (calibrate rover2 camera0 objective10 waypoint39)
3.616: (calibrate rover2 camera0 objective10 waypoint39)
3.616: (drop rover0 rover0store)
3.617: (drop rover0 rover0store)
3.617: (drop rover0 rover0store)
3.618: (drop rover0 rover0store)
3.618: (calibrate rover2 camera0 objective10 waypoint39)
3.618: (drop rover0 rover0store)
3.619: (drop rover0 rover0store)
3.619: (drop rover0 rover0store)
3.620: (drop rover0 rover0store)
3.620: (drop rover0 rover0store)
3.621: (drop rover0 rover0store)
3.436: (navigate rover0 waypoint20 waypoint22)
3.487: (navigate rover0 waypoint20 waypoint41)
3.489: (navigate rover0 waypoint20 waypoint26)
3.502: (navigate rover0 waypoint20 waypoint24)
3.529: (navigate rover4 waypoint9 waypoint39)
3.541: (take_image rover1 waypoint39 objective3 camera5 colour)
3.541: (take_image rover1 waypoint39 objective2 camera5 colour)
3.545: (drop rover0 rover0store)
3.546: (take_image rover2 waypoint39 objective3 camera0 colour)
3.546: (navigate rover0 waypoint7 waypoint32)
3.549: (navigate rover0 waypoint7 waypoint32)
3.550: (drop rover0 rover0store)
3.556: (take_image rover2 waypoint39 objective7 camera0 colour)
3.557: (take_image rover1 waypoint39 objective3 camera5 high_res)
3.557: (take_image rover1 waypoint39 objective7 camera5 colour)
3.558: (take_image rover1 waypoint39 objective11 camera5 colour)
3.559: (sample_soil rover0 rover0store waypoint7)
3.559: (navigate rover4 waypoint26 waypoint9)
3.560: (take_image rover1 waypoint39 objective13 camera5 colour)
3.560: (navigate rover0 waypoint32 waypoint20)
3.561: (take_image rover2 waypoint39 objective7 camera0 colour)
3.561: (take_image rover2 waypoint39 objective4 camera0 colour)
3.561: (navigate rover0 waypoint7 waypoint32)
3.561: (navigate rover5 waypoint11 waypoint24)
3.561: (take_image rover1 waypoint39 objective10 camera5 high_res)
3.562: (take_image rover2 waypoint39 objective4 camera0 colour)
3.564: (take_image rover2 waypoint39 objective2 camera0 colour)
3.564: (take_image rover1 waypoint39 objective2 camera5 high_res)
3.565: (drop rover0 rover0store)
3.566: (sample_soil rover0 rover0store waypoint7)
3.567: (take_image rover1 waypoint39 objective3 camera5 high_res)
3.568: (sample_soil rover0 rover0store waypoint7)
3.569: (take_image rover2 waypoint39 objective11 camera0 colour)
3.570: (take_image rover1 waypoint39 objective4 camera5 high_res)
3.570: (take_image rover1 waypoint39 objective12 camera5 high_res)
3.570: (navigate rover5 waypoint11 waypoint24)
3.571: (take_image rover1 waypoint39 objective11 camera5 high_res)
3.571: (take_image rover2 waypoint39 objective13 camera0 colour)
3.572: (calibrate rover1 camera5 objective7 waypoint39)
3.572: (calibrate rover2 camera0 objective10 waypoint39)
3.572: (take_image rover1 waypoint39 objective4 camera5 colour)
3.572: (take_image rover1 waypoint39 objective7 camera5 high_res)
3.573: (take_image rover1 waypoint39 objective7 camera5 colour)
3.573: (drop rover0 rover0store)
3.574: (take_image rover1 waypoint39 objective13 camera5 high_res)
3.574: (take_image rover2 waypoint39 objective10 camera0 colour)
3.575: (navigate rover0 waypoint7 waypoint32)
3.575: (take_image rover1 waypoint39 objective4 camera5 colour)
3.575: (sample_soil rover0 rover0store waypoint7)
3.575: (drop rover0 rover0store)
3.575: (take_image rover1 waypoint39 objective11 camera5 colour)
3.576: (take_image rover1 waypoint39 objective12 camera5 colour)
3.576: (take_image rover2 waypoint39 objective13 camera0 colour)
3.576: (take_image rover1 waypoint39 objective10 camera5 colour)
3.576: (take_image rover2 waypoint39 objective3 camera0 colour)
3.576: (navigate rover5 waypoint11 waypoint24)
3.577: (take_image rover1 waypoint39 objective4 camera5 high_res)
3.577: (drop rover0 rover0store)
3.577: (take_image rover2 waypoint39 objective10 camera0 colour)
3.578: (take_image rover2 waypoint39 objective12 camera0 colour)
3.579: (take_image rover1 waypoint39 objective7 camera5 high_res)
3.580: (navigate rover5 waypoint11 waypoint24)
3.581: (take_image rover2 waypoint39 objective11 camera0 colour)
3.582: (navigate rover5 waypoint11 waypoint24)
3.582: (take_image rover1 waypoint39 objective13 camera5 colour)
3.582: (calibrate rover1 camera5 objective7 waypoint39)
3.583: (navigate rover0 waypoint7 waypoint32)
3.583: (take_image rover1 waypoint39 objective13 camera5 high_res)
3.583: (calibrate rover2 camera0 objective10 waypoint39)
3.584: (navigate rover5 waypoint11 waypoint24)
3.585: (take_image rover2 waypoint39 objective12 camera0 colour)
3.585: (sample_soil rover0 rover0store waypoint7)
3.585: (navigate rover0 waypoint7 waypoint32)
3.586: (navigate rover5 waypoint11 waypoint24)
3.586: (navigate rover0 waypoint7 waypoint32)
3.587: (navigate rover5 waypoint11 waypoint24)
3.587: (calibrate rover1 camera5 objective7 waypoint39)
3.587: (take_image rover1 waypoint39 objective12 camera5 colour)
3.587: (take_image rover2 waypoint39 objective2 camera0 colour)
3.587: (communicate_soil_data rover0 general waypoint7 waypoint7 waypoint11)
3.380: (navigate rover5 waypoint24 waypoint11)
3.411: (navigate rover4 waypoint26 waypoint9)
3.416: (navigate rover0 waypoint20 waypoint41)
3.453: (drop rover0 rover0store)
3.454: (navigate rover4 waypoint26 waypoint9)
3.455: (navigate rover0 waypoint20 waypoint24)
3.490: (navigate rover4 waypoint26 waypoint9)
3.492: (navigate rover0 waypoint20 waypoint26)
3.493: (calibrate rover2 camera0 objective10 waypoint39)
3.497: (navigate rover2 waypoint39 waypoint26)
3.501: (navigate rover0 waypoint22 waypoint0)
3.502: (drop rover0 rover0store)
3.504: (calibrate rover1 camera5 objective7 waypoint39)
3.507: (drop rover0 rover0store)
3.510: (navigate rover0 waypoint7 waypoint32)
3.512: (navigate rover0 waypoint20 waypoint22)
3.512: (navigate rover0 waypoint7 waypoint32)
3.513: (navigate rover4 waypoint9 waypoint41)
3.514: (navigate rover0 waypoint7 waypoint32)
3.514: (navigate rover4 waypoint26 waypoint9)
3.515: (navigate rover4 waypoint9 waypoint39)
3.515: (navigate rover0 waypoint32 waypoint20)
3.518: (navigate rover0 waypoint7 waypoint32)
3.520: (navigate rover0 waypoint7 waypoint32)
3.521: (navigate rover0 waypoint7 waypoint32)
3.522: (navigate rover0 waypoint7 waypoint32)
3.522: (navigate rover0 waypoint7 waypoint32)
3.523: (navigate rover0 waypoint7 waypoint32)
3.523: (navigate rover0 waypoint7 waypoint32)
3.523: (navigate rover0 waypoint7 waypoint32)
3.523: (sample_rock rover5 rover5store waypoint24)
3.524: (navigate rover0 waypoint7 waypoint32)
3.524: (navigate rover0 waypoint7 waypoint32)
3.525: (navigate rover0 waypoint7 waypoint32)
3.525: (navigate rover0 waypoint7 waypoint32)
3.526: (navigate rover0 waypoint7 waypoint32)
3.527: (navigate rover0 waypoint7 waypoint32)
3.527: (navigate rover0 waypoint7 waypoint32)
3.528: (navigate rover0 waypoint7 waypoint32)
3.529: (navigate rover0 waypoint7 waypoint32)
3.529: (navigate rover4 waypoint26 waypoint9)
3.530: (navigate rover0 waypoint7 waypoint32)
3.531: (navigate rover4 waypoint26 waypoint9)
3.531: (navigate rover0 waypoint7 waypoint32)
3.531: (drop rover0 rover0store)
3.531: (navigate rover0 waypoint7 waypoint32)
3.531: (navigate rover0 waypoint7 waypoint32)
3.533: (navigate rover0 waypoint7 waypoint32)
3.533: (navigate rover0 waypoint7 waypoint32)
3.533: (navigate rover0 waypoint7 waypoint32)
3.534: (navigate rover0 waypoint7 waypoint32)
3.534: (navigate rover0 waypoint7 waypoint32)
3.534: (navigate rover0 waypoint7 waypoint32)
3.535: (navigate rover0 waypoint7 waypoint32)
3.536: (navigate rover1 waypoint39 waypoint27)
3.536: (navigate rover0 waypoint7 waypoint32)
3.537: (navigate rover0 waypoint7 waypoint32)
3.538: (navigate rover0 waypoint7 waypoint32)
3.539: (navigate rover0 waypoint7 waypoint32)
3.539: (navigate rover0 waypoint7 waypoint32)
3.539: (calibrate rover2 camera0 objective10 waypoint39)
3.540: (navigate rover4 waypoint26 waypoint9)
3.541: (navigate rover0 waypoint7 waypoint32)
3.545: (navigate rover0 waypoint7 waypoint32)
3.546: (calibrate rover2 camera0 objective10 waypoint39)
3.546: (calibrate rover1 camera5 objective7 waypoint39)
3.548: (navigate rover0 waypoint32 waypoint20)
3.549: (navigate rover0 waypoint7 waypoint32)
3.550: (navigate rover0 waypoint32 waypoint20)
3.550: (navigate rover0 waypoint32 waypoint20)
3.550: (navigate rover0 waypoint7 waypoint32)
3.551: (navigate rover0 waypoint7 waypoint32)
3.551: (navigate rover4 waypoint26 waypoint9)
3.551: (navigate rover4 waypoint26 waypoint9)
3.553: (navigate rover0 waypoint7 waypoint32)
3.553: (sample_soil rover0 rover0store waypoint7)
3.555: (drop rover0 rover0store)
3.556: (navigate rover0 waypoint7 waypoint32)
3.558: (navigate rover0 waypoint32 waypoint20)
3.558: (calibrate rover1 camera5 objective7 waypoint39)
3.371: (navigate rover4 waypoint9 waypoint39)
3.382: (navigate rover0 waypoint20 waypoint41)
3.384: (navigate rover0 waypoint20 waypoint41)
3.385: (navigate rover4 waypoint9 waypoint41)
3.385: (navigate rover0 waypoint20 waypoint24)
3.388: (navigate rover0 waypoint20 waypoint24)
3.393: (drop rover0 rover0store)
3.396: (navigate rover4 waypoint9 waypoint39)
3.396: (navigate rover4 waypoint9 waypoint41)
3.396: (navigate rover5 waypoint24 waypoint11)
3.419: (navigate rover2 waypoint39 waypoint26)
3.422: (take_image rover1 waypoint39 objective7 camera5 high_res)
3.422: (navigate rover5 waypoint24 waypoint11)
3.422: (navigate rover4 waypoint26 waypoint9)
3.426: (take_image rover1 waypoint39 objective2 camera5 high_res)
3.426: (calibrate rover2 camera0 objective10 waypoint39)
3.427: (navigate rover0 waypoint20 waypoint22)
3.427: (take_image rover1 waypoint39 objective11 camera5 high_res)
3.427: (take_image rover1 waypoint39 objective13 camera5 high_res)
3.427: (take_image rover1 waypoint39 objective3 camera5 high_res)
3.428: (take_image rover1 waypoint39 objective12 camera5 high_res)
3.428: (calibrate rover1 camera5 objective7 waypoint39)
3.429: (take_image rover1 waypoint39 objective10 camera5 high_res)
3.430: (take_image rover2 waypoint39 objective7 camera0 colour)
3.430: (take_image rover2 waypoint39 objective2 camera0 colour)
3.431: (take_image rover2 waypoint39 objective3 camera0 colour)
3.433: (take_image rover1 waypoint39 objective4 camera5 high_res)
3.434: (take_image rover2 waypoint39 objective4 camera0 colour)
3.436: (take_image rover2 waypoint39 objective3 camera0 colour)
3.436: (take_image rover2 waypoint39 objective10 camera0 colour)
3.437: (take_image rover2 waypoint39 objective11 camera0 colour)
3.437: (take_image rover2 waypoint39 objective2 camera0 colour)
3.439: (take_image rover2 waypoint39 objective13 camera0 colour)
3.442: (take_image rover2 waypoint39 objective12 camera0 colour)
3.444: (navigate rover0 waypoint20 waypoint22)
3.446: (drop rover0 rover0store)
3.449: (take_image rover2 waypoint39 objective10 camera0 colour)
3.450: (take_image rover1 waypoint39 objective10 camera5 colour)
3.451: (navigate rover4 waypoint26 waypoint9)
3.455: (take_image rover2 waypoint39 objective7 camera0 colour)
3.456: (take_image rover2 waypoint39 objective13 camera0 colour)
3.459: (take_image rover1 waypoint39 objective7 camera5 colour)
3.459: (navigate rover0 waypoint20 waypoint26)
3.459: (take_image rover1 waypoint39 objective11 camera5 high_res)
3.460: (navigate rover4 waypoint9 waypoint41)
3.460: (take_image rover1 waypoint39 objective12 camera5 high_res)
3.462: (take_image rover1 waypoint39 objective4 camera5 colour)
3.462: (take_image rover1 waypoint39 objective7 camera5 high_res)
3.462: (take_image rover2 waypoint39 objective12 camera0 colour)
3.464: (navigate rover0 waypoint20 waypoint22)
3.465: (sample_rock rover5 rover5store waypoint24)
3.466: (take_image rover2 waypoint39 objective4 camera0 colour)
3.466: (take_image rover1 waypoint39 objective13 camera5 colour)
3.466: (take_image rover1 waypoint39 objective12 camera5 high_res)
3.468: (navigate rover0 waypoint20 waypoint26)
3.468: (navigate rover0 waypoint20 waypoint22)
3.468: (take_image rover2 waypoint39 objective4 camera0 colour)
3.469: (take_image rover1 waypoint39 objective12 camera5 colour)
3.469: (take_image rover1 waypoint39 objective13 camera5 high_res)
3.469: (navigate rover4 waypoint9 waypoint39)
3.470: (take_image rover2 waypoint39 objective10 camera0 colour)
3.470: (take_image rover1 waypoint39 objective2 camera5 high_res)
3.470: (take_image rover1 waypoint39 objective7 camera5 colour)
3.471: (take_image rover2 waypoint39 objective3 camera0 colour)
3.471: (take_image rover1 waypoint39 objective11 camera5 colour)
3.471: (take_image rover2 waypoint39 objective11 camera0 colour)
3.472: (take_image rover1 waypoint39 objective10 camera5 colour)
3.472: (take_image rover1 waypoint39 objective11 camera5 colour)
3.472: (take_image rover2 waypoint39 objective13 camera0 colour)
3.473: (take_image rover1 waypoint39 objective3 camera5 high_res)
3.474: (take_image rover1 waypoint39 objective3 camera5 high_res)
3.474: (take_image rover1 waypoint39 objective13 camera5 colour)
3.475: (take_image rover1 waypoint39 objective7 camera5 high_res)
3.476: (take_image rover2 waypoint39 objective12 camera0 colour)
3.477: (navigate rover0 waypoint20 waypoint41)
3.478: (take_image rover1 waypoint39 objective10 camera5 high_res)
3.478: (take_image rover1 waypoint39 objective10 camera5 high_res)
3.478: (take_image rover1 waypoint39 objective13 camera5 high_res)
3.478: (navigate rover4 waypoint9 waypoint39)
3.478: (navigate rover0 waypoint20 waypoint22)
3.299: (navigate rover4 waypoint9 waypoint41)
3.302: (navigate rover5 waypoint24 waypoint11)
3.329: (take_image rover1 waypoint39 objective3 camera5 colour)
3.330: (take_image rover1 waypoint39 objective2 camera5 colour)
3.337: (take_image rover1 waypoint39 objective7 camera5 colour)
3.344: (navigate rover4 waypoint9 waypoint39)
3.347: (take_image rover1 waypoint39 objective13 camera5 colour)
3.347: (take_image rover1 waypoint39 objective11 camera5 colour)
3.347: (navigate rover5 waypoint24 waypoint11)
3.351: (take_image rover1 waypoint39 objective12 camera5 colour)
3.353: (take_image rover1 waypoint39 objective3 camera5 high_res)
3.355: (take_image rover1 waypoint39 objective2 camera5 high_res)
3.356: (take_image rover1 waypoint39 objective4 camera5 colour)
3.357: (take_image rover1 waypoint39 objective7 camera5 high_res)
3.362: (take_image rover1 waypoint39 objective12 camera5 high_res)
3.362: (take_image rover1 waypoint39 objective13 camera5 high_res)
3.364: (take_image rover1 waypoint39 objective10 camera5 colour)
3.364: (take_image rover1 waypoint39 objective11 camera5 high_res)
3.366: (take_image rover1 waypoint39 objective10 camera5 high_res)
3.367: (take_image rover1 waypoint39 objective4 camera5 high_res)
3.372: (take_image rover2 waypoint39 objective2 camera0 colour)
3.372: (take_image rover2 waypoint39 objective7 camera0 colour)
3.374: (take_image rover2 waypoint39 objective3 camera0 colour)
3.374: (take_image rover2 waypoint39 objective4 camera0 colour)
3.375: (take_image rover2 waypoint39 objective10 camera0 colour)
3.377: (take_image rover2 waypoint39 objective11 camera0 colour)
3.377: (take_image rover2 waypoint39 objective13 camera0 colour)
3.383: (take_image rover2 waypoint39 objective12 camera0 colour)
3.391: (navigate rover4 waypoint26 waypoint9)
3.392: (navigate rover4 waypoint26 waypoint9)
3.396: (navigate rover4 waypoint26 waypoint9)
3.398: (navigate rover4 waypoint26 waypoint9)
3.404: (drop rover0 rover0store)
3.407: (calibrate rover2 camera0 objective10 waypoint39)
3.407: (navigate rover4 waypoint26 waypoint9)
3.408: (calibrate rover1 camera5 objective7 waypoint39)
3.408: (navigate rover4 waypoint26 waypoint9)
3.408: (navigate rover4 waypoint26 waypoint9)
3.409: (navigate rover4 waypoint9 waypoint39)
3.411: (navigate rover4 waypoint26 waypoint9)
3.412: (navigate rover4 waypoint26 waypoint9)
3.413: (calibrate rover2 camera0 objective10 waypoint39)
3.413: (navigate rover4 waypoint26 waypoint9)
3.415: (drop rover0 rover0store)
3.415: (navigate rover4 waypoint26 waypoint9)
3.416: (navigate rover4 waypoint26 waypoint9)
3.422: (navigate rover4 waypoint26 waypoint9)
3.424: (navigate rover4 waypoint9 waypoint41)
3.424: (navigate rover4 waypoint9 waypoint39)
3.426: (navigate rover4 waypoint26 waypoint9)
3.426: (drop rover0 rover0store)
3.428: (sample_soil rover0 rover0store waypoint41)
3.431: (drop rover0 rover0store)
3.431: (sample_soil rover4 rover4store waypoint41)
3.431: (navigate rover4 waypoint26 waypoint9)
3.433: (sample_rock rover5 rover5store waypoint24)
3.434: (drop rover0 rover0store)
3.435: (navigate rover2 waypoint39 waypoint26)
3.435: (calibrate rover2 camera0 objective10 waypoint39)
3.435: (drop rover0 rover0store)
3.436: (drop rover0 rover0store)
3.436: (navigate rover4 waypoint26 waypoint9)
3.438: (drop rover0 rover0store)
3.438: (sample_soil rover4 rover4store waypoint41)
3.438: (navigate rover4 waypoint9 waypoint41)
3.439: (drop rover0 rover0store)
3.439: (drop rover0 rover0store)
3.440: (drop rover0 rover0store)
3.440: (drop rover0 rover0store)
3.440: (navigate rover2 waypoint39 waypoint26)
3.441: (drop rover0 rover0store)
3.442: (calibrate rover2 camera0 objective10 waypoint39)
3.443: (drop rover0 rover0store)
3.443: (drop rover0 rover0store)
3.443: (calibrate rover1 camera5 objective7 waypoint39)
3.443: (drop rover0 rover0store)
3.444: (drop rover0 rover0store)
3.445: (drop rover0 rover0store)
3.445: (drop rover0 rover0store)
3.446: (sample_rock rover5 rover5store waypoint24)
3.319: (navigate rover5 waypoint24 waypoint11)
3.320: (sample_soil rover4 rover4store waypoint41)
3.325: (drop rover0 rover0store)
3.331: (navigate rover5 waypoint24 waypoint11)
3.335: (drop rover0 rover0store)
3.338: (drop rover0 rover0store)
3.339: (navigate rover4 waypoint9 waypoint41)
3.346: (navigate rover4 waypoint9 waypoint39)
3.349: (navigate rover4 waypoint9 waypoint39)
3.350: (take_image rover1 waypoint39 objective7 camera5 colour)
3.350: (navigate rover4 waypoint9 waypoint39)
3.351: (drop rover0 rover0store)
3.351: (navigate rover4 waypoint9 waypoint39)
3.355: (drop rover0 rover0store)
3.356: (navigate rover4 waypoint9 waypoint39)
3.356: (drop rover0 rover0store)
3.356: (navigate rover4 waypoint9 waypoint39)
3.356: (calibrate rover0 camera4 objective0 waypoint24)
3.356: (calibrate rover1 camera7 objective7 waypoint39)
3.357: (drop rover0 rover0store)
3.357: (navigate rover4 waypoint9 waypoint39)
3.358: (navigate rover4 waypoint9 waypoint39)
3.359: (calibrate rover0 camera6 objective13 waypoint24)
3.360: (navigate rover4 waypoint9 waypoint39)
3.361: (navigate rover4 waypoint9 waypoint41)
3.362: (navigate rover4 waypoint9 waypoint41)
3.362: (take_image rover1 waypoint39 objective3 camera5 colour)
3.364: (navigate rover4 waypoint9 waypoint41)
3.364: (navigate rover4 waypoint9 waypoint39)
3.364: (navigate rover5 waypoint24 waypoint11)
3.364: (drop rover0 rover0store)
3.365: (navigate rover4 waypoint9 waypoint39)
3.365: (navigate rover4 waypoint9 waypoint41)
3.366: (navigate rover4 waypoint9 waypoint39)
3.366: (drop rover0 rover0store)
3.366: (navigate rover4 waypoint9 waypoint39)
3.367: (navigate rover4 waypoint9 waypoint39)
3.367: (navigate rover4 waypoint9 waypoint41)
3.368: (drop rover0 rover0store)
3.368: (drop rover0 rover0store)
3.369: (navigate rover4 waypoint9 waypoint41)
3.369: (sample_soil rover0 rover0store waypoint41)
3.370: (drop rover0 rover0store)
3.371: (drop rover0 rover0store)
3.371: (drop rover0 rover0store)
3.372: (navigate rover2 waypoint39 waypoint26)
3.372: (take_image rover1 waypoint39 objective13 camera5 colour)
3.372: (navigate rover4 waypoint9 waypoint39)
3.373: (drop rover0 rover0store)
3.373: (navigate rover2 waypoint39 waypoint26)
3.373: (navigate rover2 waypoint39 waypoint26)
3.374: (drop rover0 rover0store)
3.374: (drop rover0 rover0store)
3.374: (take_image rover1 waypoint39 objective13 camera5 high_res)
3.376: (take_image rover1 waypoint39 objective2 camera5 colour)
3.376: (navigate rover4 waypoint9 waypoint39)
3.377: (drop rover0 rover0store)
3.377: (drop rover0 rover0store)
3.377: (take_image rover1 waypoint39 objective4 camera5 colour)
3.377: (navigate rover4 waypoint9 waypoint41)
3.377: (drop rover0 rover0store)
3.377: (drop rover0 rover0store)
3.378: (navigate rover4 waypoint9 waypoint41)
3.378: (take_image rover1 waypoint39 objective3 camera5 colour)
3.378: (drop rover0 rover0store)
3.379: (calibrate rover2 camera0 objective10 waypoint39)
3.379: (navigate rover4 waypoint9 waypoint41)
3.379: (navigate rover4 waypoint9 waypoint41)
3.379: (take_image rover1 waypoint39 objective11 camera5 colour)
3.379: (drop rover0 rover0store)
3.379: (drop rover4 rover4store)
3.380: (navigate rover4 waypoint9 waypoint41)
3.380: (navigate rover4 waypoint9 waypoint41)
3.381: (take_image rover1 waypoint39 objective3 camera5 high_res)
3.382: (take_image rover1 waypoint39 objective7 camera5 high_res)
3.382: (navigate rover4 waypoint9 waypoint41)
3.382: (navigate rover4 waypoint9 waypoint41)
3.382: (drop rover0 rover0store)
3.382: (navigate rover2 waypoint39 waypoint26)
3.383: (calibrate rover1 camera5 objective7 waypoint39)
3.262: (take_image rover1 waypoint39 objective3 camera7 colour)
3.266: (take_image rover0 waypoint24 objective2 camera6 high_res)
3.266: (take_image rover0 waypoint24 objective7 camera6 high_res)
3.268: (take_image rover0 waypoint24 objective0 camera4 high_res)
3.269: (take_image rover0 waypoint24 objective13 camera4 high_res)
3.269: (take_image rover0 waypoint24 objective13 camera6 high_res)
3.269: (take_image rover0 waypoint24 objective2 camera4 high_res)
3.269: (take_image rover1 waypoint39 objective3 camera7 low_res)
3.270: (take_image rover1 waypoint39 objective2 camera7 colour)
3.270: (take_image rover0 waypoint24 objective5 camera4 high_res)
3.270: (take_image rover0 waypoint24 objective2 camera6 colour)
3.270: (take_image rover0 waypoint24 objective7 camera4 high_res)
3.271: (take_image rover0 waypoint24 objective2 camera6 low_res)
3.272: (take_image rover1 waypoint39 objective7 camera7 high_res)
3.273: (take_image rover0 waypoint24 objective12 camera6 high_res)
3.273: (take_image rover0 waypoint24 objective12 camera4 high_res)
3.273: (take_image rover0 waypoint24 objective2 camera4 low_res)
3.273: (take_image rover0 waypoint24 objective5 camera6 high_res)
3.275: (take_image rover1 waypoint39 objective2 camera7 high_res)
3.276: (take_image rover0 waypoint24 objective11 camera6 high_res)
3.276: (take_image rover1 waypoint39 objective3 camera7 high_res)
3.277: (take_image rover1 waypoint39 objective7 camera7 colour)
3.277: (take_image rover0 waypoint24 objective0 camera6 high_res)
3.278: (take_image rover1 waypoint39 objective13 camera7 colour)
3.278: (take_image rover1 waypoint39 objective2 camera7 low_res)
3.280: (take_image rover0 waypoint24 objective2 camera4 colour)
3.281: (take_image rover1 waypoint39 objective12 camera7 high_res)
3.282: (take_image rover1 waypoint39 objective10 camera7 high_res)
3.282: (take_image rover0 waypoint24 objective11 camera4 high_res)
3.282: (take_image rover1 waypoint39 objective13 camera7 low_res)
3.283: (take_image rover1 waypoint39 objective7 camera7 low_res)
3.283: (take_image rover1 waypoint39 objective11 camera7 colour)
3.284: (take_image rover1 waypoint39 objective13 camera7 high_res)
3.286: (take_image rover1 waypoint39 objective11 camera7 high_res)
3.288: (take_image rover0 waypoint24 objective0 camera4 low_res)
3.288: (take_image rover0 waypoint24 objective0 camera6 low_res)
3.289: (take_image rover1 waypoint39 objective12 camera7 colour)
3.290: (take_image rover1 waypoint39 objective12 camera7 low_res)
3.290: (take_image rover1 waypoint39 objective11 camera7 low_res)
3.292: (take_image rover1 waypoint39 objective4 camera7 high_res)
3.292: (take_image rover0 waypoint24 objective7 camera4 low_res)
3.293: (take_image rover0 waypoint24 objective7 camera6 low_res)
3.295: (take_image rover0 waypoint24 objective5 camera4 low_res)
3.295: (take_image rover1 waypoint39 objective10 camera7 low_res)
3.296: (take_image rover0 waypoint24 objective5 camera6 low_res)
3.298: (take_image rover0 waypoint24 objective11 camera6 low_res)
3.299: (take_image rover0 waypoint24 objective13 camera6 low_res)
3.300: (take_image rover0 waypoint24 objective12 camera6 low_res)
3.300: (take_image rover1 waypoint39 objective4 camera7 colour)
3.300: (take_image rover1 waypoint39 objective4 camera7 low_res)
3.302: (drop rover4 rover4store)
3.302: (take_image rover1 waypoint39 objective10 camera7 colour)
3.303: (take_image rover0 waypoint24 objective11 camera4 low_res)
3.303: (take_image rover0 waypoint24 objective12 camera4 low_res)
3.304: (take_image rover0 waypoint24 objective5 camera4 colour)
3.304: (take_image rover0 waypoint24 objective13 camera4 low_res)
3.306: (take_image rover0 waypoint24 objective7 camera6 colour)
3.306: (take_image rover0 waypoint24 objective0 camera4 colour)
3.307: (take_image rover0 waypoint24 objective0 camera6 colour)
3.307: (take_image rover0 waypoint24 objective5 camera6 colour)
3.308: (take_image rover0 waypoint24 objective13 camera6 colour)
3.308: (take_image rover0 waypoint24 objective13 camera4 colour)
3.308: (take_image rover0 waypoint24 objective12 camera4 colour)
3.308: (take_image rover0 waypoint24 objective7 camera4 colour)
3.310: (take_image rover2 waypoint39 objective2 camera0 colour)
3.312: (take_image rover0 waypoint24 objective11 camera6 colour)
3.314: (take_image rover0 waypoint24 objective12 camera6 colour)
3.315: (take_image rover0 waypoint24 objective11 camera4 colour)
3.325: (take_image rover1 waypoint39 objective2 camera5 colour)
3.329: (calibrate rover1 camera10 objective11 waypoint39)
3.331: (calibrate rover1 camera10 objective11 waypoint39)
3.333: (take_image rover1 waypoint39 objective7 camera5 high_res)
3.333: (take_image rover2 waypoint39 objective3 camera0 colour)
3.334: (take_image rover1 waypoint39 objective12 camera5 high_res)
3.335: (take_image rover1 waypoint39 objective13 camera5 colour)
3.335: (calibrate rover2 camera0 objective10 waypoint39)
3.336: (calibrate rover2 camera0 objective10 waypoint39)
3.336: (calibrate rover1 camera7 objective7 waypoint39)
3.337: (calibrate rover1 camera5 objective7 waypoint39)
3.337: (calibrate rover1 camera7 objective7 waypoint39)
3.262: (communicate_image_data rover0 general objective5 high_res waypoint24 waypoint11)
3.262: (communicate_image_data rover0 general objective13 high_res waypoint24 waypoint11)
3.263: (communicate_image_data rover0 general objective7 high_res waypoint24 waypoint11)
3.265: (communicate_image_data rover0 general objective2 high_res waypoint24 waypoint11)
3.266: (communicate_image_data rover0 general objective12 high_res waypoint24 waypoint11)
3.267: (communicate_image_data rover0 general objective11 high_res waypoint24 waypoint11)
3.268: (communicate_image_data rover0 general objective0 high_res waypoint24 waypoint11)
3.272: (communicate_image_data rover0 general objective12 low_res waypoint24 waypoint11)
3.272: (communicate_image_data rover0 general objective2 low_res waypoint24 waypoint11)
3.275: (communicate_image_data rover0 general objective2 colour waypoint24 waypoint11)
3.279: (communicate_image_data rover0 general objective11 low_res waypoint24 waypoint11)
3.282: (sample_soil rover4 rover4store waypoint41)
3.284: (communicate_image_data rover0 general objective7 low_res waypoint24 waypoint11)
3.284: (sample_soil rover4 rover4store waypoint41)
3.284: (communicate_image_data rover0 general objective13 low_res waypoint24 waypoint11)
3.285: (sample_soil rover4 rover4store waypoint41)
3.285: (sample_soil rover4 rover4store waypoint41)
3.286: (communicate_image_data rover0 general objective0 colour waypoint24 waypoint11)
3.286: (sample_soil rover4 rover4store waypoint41)
3.288: (drop rover0 rover0store)
3.289: (sample_soil rover4 rover4store waypoint41)
3.289: (sample_soil rover4 rover4store waypoint41)
3.290: (communicate_image_data rover0 general objective12 colour waypoint24 waypoint11)
3.290: (communicate_image_data rover0 general objective5 colour waypoint24 waypoint11)
3.290: (communicate_image_data rover0 general objective5 low_res waypoint24 waypoint11)
3.290: (sample_soil rover4 rover4store waypoint41)
3.292: (drop rover0 rover0store)
3.293: (drop rover0 rover0store)
3.293: (drop rover0 rover0store)
3.293: (sample_soil rover4 rover4store waypoint41)
3.293: (sample_soil rover4 rover4store waypoint41)
3.293: (sample_soil rover4 rover4store waypoint41)
3.293: (sample_soil rover4 rover4store waypoint41)
3.293: (sample_soil rover4 rover4store waypoint41)
3.293: (drop rover0 rover0store)
3.294: (drop rover0 rover0store)
3.294: (drop rover0 rover0store)
3.294: (drop rover0 rover0store)
3.294: (sample_soil rover4 rover4store waypoint41)
3.294: (sample_soil rover4 rover4store waypoint41)
3.295: (drop rover0 rover0store)
3.295: (calibrate rover1 camera10 objective11 waypoint39)
3.296: (drop rover0 rover0store)
3.296: (drop rover0 rover0store)
3.297: (sample_soil rover4 rover4store waypoint41)
3.297: (drop rover0 rover0store)
3.297: (sample_soil rover4 rover4store waypoint41)
3.298: (drop rover0 rover0store)
3.298: (communicate_image_data rover0 general objective11 colour waypoint24 waypoint11)
3.298: (sample_soil rover4 rover4store waypoint41)
3.299: (sample_soil rover4 rover4store waypoint41)
3.299: (drop rover0 rover0store)
3.300: (drop rover0 rover0store)
3.300: (drop rover0 rover0store)
3.300: (sample_soil rover4 rover4store waypoint41)
3.301: (sample_soil rover4 rover4store waypoint41)
3.301: (drop rover0 rover0store)
3.302: (communicate_image_data rover0 general objective0 low_res waypoint24 waypoint11)
3.302: (communicate_image_data rover0 general objective13 colour waypoint24 waypoint11)
3.302: (sample_soil rover4 rover4store waypoint41)
3.303: (sample_soil rover4 rover4store waypoint41)
3.303: (drop rover0 rover0store)
3.304: (take_image rover1 waypoint39 objective2 camera7 low_res)
3.304: (communicate_image_data rover0 general objective7 colour waypoint24 waypoint11)
3.305: (sample_soil rover4 rover4store waypoint41)
3.305: (drop rover0 rover0store)
3.306: (sample_soil rover4 rover4store waypoint41)
3.307: (drop rover0 rover0store)
3.307: (drop rover0 rover0store)
3.307: (sample_soil rover4 rover4store waypoint41)
3.307: (sample_soil rover4 rover4store waypoint41)
3.308: (drop rover0 rover0store)
3.308: (drop rover0 rover0store)
3.309: (drop rover0 rover0store)
3.309: (calibrate rover1 camera5 objective7 waypoint39)
3.310: (sample_soil rover4 rover4store waypoint41)
3.310: (sample_soil rover4 rover4store waypoint41)
3.310: (calibrate rover2 camera0 objective10 waypoint39)
3.310: (drop rover0 rover0store)
3.311: (sample_soil rover4 rover4store waypoint41)
3.227: (take_image rover0 waypoint24 objective13 camera4 high_res)
3.228: (take_image rover0 waypoint24 objective0 camera4 high_res)
3.232: (take_image rover0 waypoint24 objective7 camera4 high_res)
3.235: (take_image rover0 waypoint24 objective5 camera4 high_res)
3.242: (take_image rover0 waypoint24 objective12 camera4 high_res)
3.248: (take_image rover0 waypoint24 objective2 camera4 low_res)
3.249: (take_image rover0 waypoint24 objective7 camera4 low_res)
3.251: (take_image rover0 waypoint24 objective13 camera4 low_res)
3.255: (drop rover4 rover4store)
3.257: (take_image rover0 waypoint24 objective11 camera4 low_res)
3.257: (take_image rover0 waypoint24 objective2 camera4 high_res)
3.258: (take_image rover0 waypoint24 objective11 camera4 high_res)
3.258: (take_image rover0 waypoint24 objective13 camera4 colour)
3.259: (take_image rover0 waypoint24 objective7 camera4 colour)
3.260: (drop rover4 rover4store)
3.261: (drop rover4 rover4store)
3.263: (take_image rover0 waypoint24 objective5 camera4 low_res)
3.264: (drop rover4 rover4store)
3.264: (drop rover4 rover4store)
3.265: (take_image rover0 waypoint24 objective5 camera4 colour)
3.265: (take_image rover0 waypoint24 objective0 camera4 low_res)
3.267: (take_image rover0 waypoint24 objective12 camera4 low_res)
3.268: (drop rover4 rover4store)
3.270: (drop rover4 rover4store)
3.270: (take_image rover0 waypoint24 objective0 camera4 colour)
3.273: (drop rover4 rover4store)
3.273: (communicate_image_data rover0 general objective0 high_res waypoint24 waypoint11)
3.274: (take_image rover0 waypoint24 objective11 camera4 colour)
3.274: (take_image rover0 waypoint24 objective2 camera4 colour)
3.275: (communicate_image_data rover0 general objective11 high_res waypoint24 waypoint11)
3.275: (communicate_image_data rover0 general objective5 high_res waypoint24 waypoint11)
3.276: (drop rover4 rover4store)
3.276: (drop rover4 rover4store)
3.277: (drop rover4 rover4store)
3.277: (drop rover4 rover4store)
3.278: (communicate_image_data rover0 general objective12 high_res waypoint24 waypoint11)
3.278: (take_image rover0 waypoint24 objective12 camera4 colour)
3.278: (sample_soil rover4 rover4store waypoint41)
3.279: (drop rover4 rover4store)
3.279: (drop rover4 rover4store)
3.279: (communicate_image_data rover0 general objective13 high_res waypoint24 waypoint11)
3.279: (drop rover4 rover4store)
3.280: (sample_soil rover4 rover4store waypoint41)
3.280: (calibrate rover2 camera0 objective10 waypoint39)
3.281: (sample_soil rover4 rover4store waypoint41)
3.281: (communicate_image_data rover0 general objective7 high_res waypoint24 waypoint11)
3.281: (drop rover4 rover4store)
3.282: (sample_soil rover4 rover4store waypoint41)
3.282: (drop rover4 rover4store)
3.282: (drop rover4 rover4store)
3.282: (drop rover4 rover4store)
3.284: (drop rover4 rover4store)
3.284: (drop rover4 rover4store)
3.284: (sample_soil rover4 rover4store waypoint41)
3.285: (communicate_image_data rover0 general objective13 high_res waypoint24 waypoint11)
3.286: (communicate_image_data rover0 general objective2 low_res waypoint24 waypoint11)
3.287: (sample_soil rover4 rover4store waypoint41)
3.288: (drop rover0 rover0store)
3.288: (drop rover0 rover0store)
3.288: (sample_soil rover4 rover4store waypoint41)
3.289: (calibrate rover0 camera6 objective13 waypoint24)
3.289: (communicate_image_data rover0 general objective2 high_res waypoint24 waypoint11)
3.290: (drop rover4 rover4store)
3.290: (drop rover4 rover4store)
3.290: (drop rover4 rover4store)
3.290: (drop rover0 rover0store)
3.291: (sample_soil rover4 rover4store waypoint41)
3.291: (sample_soil rover4 rover4store waypoint41)
3.292: (communicate_image_data rover0 general objective0 high_res waypoint24 waypoint11)
3.292: (drop rover0 rover0store)
3.292: (calibrate rover1 camera7 objective7 waypoint39)
3.293: (drop rover4 rover4store)
3.293: (drop rover0 rover0store)
3.293: (sample_soil rover4 rover4store waypoint41)
3.293: (calibrate rover1 camera5 objective7 waypoint39)
3.293: (drop rover0 rover0store)
3.294: (communicate_image_data rover0 general objective7 high_res waypoint24 waypoint11)
3.294: (drop rover0 rover0store)
3.295: (take_image rover1 waypoint39 objective2 camera5 colour)
3.295: (communicate_image_data rover0 general objective2 colour waypoint24 waypoint11)
3.233: (drop rover4 rover4store)
3.237: (communicate_image_data rover0 general objective5 high_res waypoint24 waypoint11)
3.237: (communicate_image_data rover0 general objective7 high_res waypoint24 waypoint11)
3.238: (communicate_image_data rover0 general objective13 high_res waypoint24 waypoint11)
3.240: (communicate_image_data rover0 general objective12 high_res waypoint24 waypoint11)
3.240: (communicate_image_data rover0 general objective2 high_res waypoint24 waypoint11)
3.241: (communicate_image_data rover0 general objective0 high_res waypoint24 waypoint11)
3.248: (communicate_image_data rover0 general objective12 high_res waypoint24 waypoint11)
3.249: (communicate_image_data rover0 general objective2 colour waypoint24 waypoint11)
3.249: (drop rover4 rover4store)
3.251: (communicate_image_data rover0 general objective11 high_res waypoint24 waypoint11)
3.252: (drop rover4 rover4store)
3.254: (communicate_image_data rover0 general objective2 low_res waypoint24 waypoint11)
3.255: (drop rover4 rover4store)
3.256: (communicate_image_data rover0 general objective2 colour waypoint24 waypoint11)
3.256: (sample_soil rover4 rover4store waypoint41)
3.259: (sample_soil rover4 rover4store waypoint41)
3.259: (communicate_image_data rover0 general objective5 high_res waypoint24 waypoint11)
3.259: (drop rover4 rover4store)
3.260: (communicate_image_data rover0 general objective7 high_res waypoint24 waypoint11)
3.261: (communicate_image_data rover0 general objective0 high_res waypoint24 waypoint11)
3.261: (sample_soil rover4 rover4store waypoint41)
3.263: (sample_soil rover4 rover4store waypoint41)
3.263: (communicate_image_data rover0 general objective2 high_res waypoint24 waypoint11)
3.264: (sample_soil rover4 rover4store waypoint41)
3.265: (sample_soil rover4 rover4store waypoint41)
3.266: (sample_soil rover4 rover4store waypoint41)
3.266: (communicate_image_data rover0 general objective12 colour waypoint24 waypoint11)
3.266: (communicate_image_data rover0 general objective11 high_res waypoint24 waypoint11)
3.266: (calibrate rover5 camera11 objective10 waypoint11)
3.266: (drop rover0 rover0store)
3.266: (communicate_image_data rover0 general objective7 low_res waypoint24 waypoint11)
3.267: (sample_soil rover4 rover4store waypoint41)
3.267: (drop rover4 rover4store)
3.268: (drop rover0 rover0store)
3.268: (drop rover0 rover0store)
3.268: (drop rover4 rover4store)
3.268: (communicate_image_data rover0 general objective12 low_res waypoint24 waypoint11)
3.269: (drop rover0 rover0store)
3.269: (drop rover0 rover0store)
3.269: (communicate_image_data rover0 general objective13 low_res waypoint24 waypoint11)
3.269: (calibrate rover5 camera13 objective8 waypoint11)
3.270: (take_image rover0 waypoint24 objective13 camera4 high_res)
3.270: (communicate_image_data rover0 general objective0 low_res waypoint24 waypoint11)
3.271: (communicate_image_data rover0 general objective13 high_res waypoint24 waypoint11)
3.271: (drop rover0 rover0store)
3.272: (communicate_image_data rover0 general objective11 low_res waypoint24 waypoint11)
3.273: (take_image rover0 waypoint24 objective12 camera4 high_res)
3.273: (drop rover4 rover4store)
3.275: (drop rover0 rover0store)
3.275: (communicate_image_data rover0 general objective5 low_res waypoint24 waypoint11)
3.275: (communicate_image_data rover0 general objective2 low_res waypoint24 waypoint11)
3.275: (take_image rover0 waypoint24 objective11 camera4 high_res)
3.275: (take_image rover0 waypoint24 objective0 camera4 high_res)
3.275: (drop rover0 rover0store)
3.277: (take_image rover0 waypoint24 objective5 camera4 high_res)
3.278: (sample_soil rover4 rover4store waypoint41)
3.278: (drop rover4 rover4store)
3.279: (sample_soil rover4 rover4store waypoint41)
3.279: (drop rover0 rover0store)
3.280: (communicate_image_data rover0 general objective0 colour waypoint24 waypoint11)
3.280: (calibrate rover1 camera10 objective11 waypoint39)
3.281: (calibrate rover1 camera10 objective11 waypoint39)
3.281: (calibrate rover4 camera8 objective5 waypoint41)
3.281: (sample_soil rover4 rover4store waypoint41)
3.282: (take_image rover1 waypoint39 objective3 camera7 colour)
3.282: (take_image rover1 waypoint39 objective11 camera7 high_res)
3.283: (drop rover0 rover0store)
3.283: (take_image rover1 waypoint39 objective7 camera7 colour)
3.283: (communicate_image_data rover0 general objective11 colour waypoint24 waypoint11)
3.283: (drop rover0 rover0store)
3.284: (drop rover4 rover4store)
3.285: (sample_soil rover4 rover4store waypoint41)
3.285: (calibrate rover1 camera5 objective7 waypoint39)
3.285: (communicate_image_data rover0 general objective7 colour waypoint24 waypoint11)
3.286: (calibrate rover4 camera8 objective5 waypoint41)
3.286: (sample_soil rover4 rover4store waypoint41)
3.286: (calibrate rover1 camera7 objective7 waypoint39)
3.287: (take_image rover1 waypoint39 objective3 camera5 colour)
3.287: (calibrate rover2 camera0 objective10 waypoint39)
3.187: (take_image rover0 waypoint24 objective7 camera4 high_res)
3.192: (take_image rover0 waypoint24 objective5 camera4 colour)
3.198: (take_image rover0 waypoint24 objective13 camera4 high_res)
3.200: (take_image rover0 waypoint24 objective7 camera4 colour)
3.202: (take_image rover0 waypoint24 objective13 camera4 colour)
3.202: (take_image rover0 waypoint24 objective12 camera4 colour)
3.203: (take_image rover0 waypoint24 objective0 camera4 colour)
3.204: (take_image rover0 waypoint24 objective5 camera4 high_res)
3.206: (take_image rover0 waypoint24 objective12 camera4 high_res)
3.206: (take_image rover0 waypoint24 objective0 camera4 high_res)
3.209: (take_image rover0 waypoint24 objective11 camera4 colour)
3.210: (take_image rover1 waypoint39 objective7 camera7 colour)
3.210: (take_image rover0 waypoint24 objective7 camera4 high_res)
3.210: (take_image rover0 waypoint24 objective7 camera4 low_res)
3.213: (take_image rover0 waypoint24 objective0 camera4 low_res)
3.214: (take_image rover1 waypoint39 objective7 camera7 colour)
3.214: (take_image rover1 waypoint39 objective3 camera7 colour)
3.215: (take_image rover1 waypoint39 objective7 camera7 high_res)
3.216: (take_image rover1 waypoint39 objective7 camera7 low_res)
3.217: (take_image rover1 waypoint39 objective3 camera7 colour)
3.217: (take_image rover0 waypoint24 objective11 camera4 high_res)
3.218: (take_image rover0 waypoint24 objective2 camera4 colour)
3.218: (take_image rover1 waypoint39 objective11 camera7 high_res)
3.218: (take_image rover1 waypoint39 objective12 camera7 high_res)
3.218: (take_image rover1 waypoint39 objective10 camera7 high_res)
3.218: (take_image rover1 waypoint39 objective7 camera7 low_res)
3.219: (take_image rover1 waypoint39 objective4 camera7 high_res)
3.219: (take_image rover0 waypoint24 objective13 camera4 low_res)
3.220: (take_image rover1 waypoint39 objective7 camera7 high_res)
3.220: (take_image rover1 waypoint39 objective3 camera7 colour)
3.220: (take_image rover1 waypoint39 objective13 camera7 high_res)
3.220: (take_image rover1 waypoint39 objective4 camera7 high_res)
3.220: (take_image rover1 waypoint39 objective13 camera7 high_res)
3.221: (take_image rover1 waypoint39 objective13 camera7 high_res)
3.221: (take_image rover1 waypoint39 objective10 camera7 high_res)
3.221: (take_image rover1 waypoint39 objective7 camera7 colour)
3.221: (take_image rover1 waypoint39 objective13 camera7 colour)
3.222: (take_image rover0 waypoint24 objective2 camera4 high_res)
3.222: (take_image rover1 waypoint39 objective13 camera7 low_res)
3.223: (take_image rover1 waypoint39 objective10 camera7 high_res)
3.223: (take_image rover1 waypoint39 objective2 camera7 colour)
3.223: (take_image rover1 waypoint39 objective7 camera7 high_res)
3.223: (take_image rover0 waypoint24 objective13 camera4 high_res)
3.224: (take_image rover1 waypoint39 objective11 camera7 colour)
3.224: (take_image rover1 waypoint39 objective7 camera7 colour)
3.224: (take_image rover1 waypoint39 objective10 camera7 colour)
3.225: (take_image rover1 waypoint39 objective2 camera7 colour)
3.225: (take_image rover1 waypoint39 objective3 camera7 low_res)
3.225: (take_image rover1 waypoint39 objective11 camera7 colour)
3.225: (take_image rover1 waypoint39 objective10 camera7 high_res)
3.226: (take_image rover1 waypoint39 objective13 camera7 colour)
3.226: (take_image rover1 waypoint39 objective7 camera7 low_res)
3.226: (take_image rover1 waypoint39 objective7 camera7 high_res)
3.226: (take_image rover0 waypoint24 objective2 camera4 high_res)
3.227: (take_image rover1 waypoint39 objective13 camera7 high_res)
3.227: (take_image rover1 waypoint39 objective7 camera7 high_res)
3.227: (take_image rover1 waypoint39 objective11 camera7 colour)
3.227: (take_image rover0 waypoint24 objective2 camera4 low_res)
3.227: (take_image rover1 waypoint39 objective4 camera7 high_res)
3.228: (take_image rover1 waypoint39 objective12 camera7 high_res)
3.228: (take_image rover0 waypoint24 objective13 camera4 low_res)
3.228: (take_image rover1 waypoint39 objective7 camera7 low_res)
3.228: (take_image rover0 waypoint24 objective12 camera4 low_res)
3.228: (take_image rover1 waypoint39 objective2 camera7 colour)
3.228: (take_image rover1 waypoint39 objective13 camera7 colour)
3.229: (take_image rover1 waypoint39 objective3 camera7 low_res)
3.229: (take_image rover1 waypoint39 objective3 camera7 high_res)
3.229: (take_image rover1 waypoint39 objective12 camera7 high_res)
3.229: (take_image rover0 waypoint24 objective12 camera4 low_res)
3.229: (take_image rover1 waypoint39 objective3 camera7 colour)
3.230: (take_image rover0 waypoint24 objective11 camera4 low_res)
3.230: (take_image rover0 waypoint24 objective11 camera4 low_res)
3.230: (take_image rover1 waypoint39 objective4 camera7 high_res)
3.230: (take_image rover1 waypoint39 objective2 camera7 colour)
3.230: (take_image rover1 waypoint39 objective4 camera7 low_res)
3.230: (take_image rover4 waypoint41 objective5 camera8 low_res)
3.230: (take_image rover1 waypoint39 objective10 camera7 high_res)
3.231: (take_image rover1 waypoint39 objective7 camera7 colour)
3.231: (take_image rover1 waypoint39 objective3 camera7 high_res)
3.231: (take_image rover1 waypoint39 objective3 camera7 high_res)
3.196: (calibrate rover1 camera10 objective11 waypoint39)
3.197: (calibrate rover4 camera8 objective5 waypoint41)
3.206: (sample_soil rover4 rover4store waypoint41)
3.209: (communicate_image_data rover0 general objective13 high_res waypoint24 waypoint11)
3.212: (communicate_image_data rover0 general objective11 high_res waypoint24 waypoint11)
3.212: (communicate_image_data rover0 general objective12 high_res waypoint24 waypoint11)
3.212: (communicate_image_data rover0 general objective5 high_res waypoint24 waypoint11)
3.213: (calibrate rover1 camera7 objective7 waypoint39)
3.213: (communicate_image_data rover0 general objective11 high_res waypoint24 waypoint11)
3.214: (communicate_image_data rover0 general objective13 high_res waypoint24 waypoint11)
3.214: (communicate_image_data rover0 general objective11 high_res waypoint24 waypoint11)
3.214: (calibrate rover1 camera5 objective7 waypoint39)
3.215: (communicate_image_data rover0 general objective0 high_res waypoint24 waypoint11)
3.215: (communicate_image_data rover0 general objective11 high_res waypoint24 waypoint11)
3.216: (communicate_image_data rover0 general objective12 high_res waypoint24 waypoint11)
3.216: (communicate_image_data rover0 general objective5 high_res waypoint24 waypoint11)
3.216: (communicate_image_data rover0 general objective2 high_res waypoint24 waypoint11)
3.217: (communicate_image_data rover0 general objective5 high_res waypoint24 waypoint11)
3.217: (communicate_image_data rover0 general objective7 high_res waypoint24 waypoint11)
3.218: (communicate_image_data rover0 general objective12 high_res waypoint24 waypoint11)
3.219: (communicate_image_data rover0 general objective12 high_res waypoint24 waypoint11)
3.219: (communicate_image_data rover0 general objective5 high_res waypoint24 waypoint11)
3.219: (communicate_image_data rover0 general objective5 high_res waypoint24 waypoint11)
3.220: (communicate_image_data rover0 general objective13 high_res waypoint24 waypoint11)
3.221: (communicate_image_data rover0 general objective11 high_res waypoint24 waypoint11)
3.221: (sample_soil rover4 rover4store waypoint41)
3.221: (communicate_image_data rover0 general objective13 high_res waypoint24 waypoint11)
3.221: (communicate_image_data rover0 general objective12 high_res waypoint24 waypoint11)
3.221: (communicate_image_data rover0 general objective12 high_res waypoint24 waypoint11)
3.222: (communicate_image_data rover0 general objective13 high_res waypoint24 waypoint11)
3.222: (communicate_image_data rover0 general objective12 high_res waypoint24 waypoint11)
3.223: (communicate_image_data rover0 general objective12 high_res waypoint24 waypoint11)
3.223: (communicate_image_data rover0 general objective0 high_res waypoint24 waypoint11)
3.224: (communicate_image_data rover0 general objective0 high_res waypoint24 waypoint11)
3.224: (communicate_image_data rover0 general objective5 high_res waypoint24 waypoint11)
3.224: (calibrate rover5 camera11 objective10 waypoint11)
3.224: (sample_soil rover4 rover4store waypoint41)
3.224: (communicate_image_data rover0 general objective13 high_res waypoint24 waypoint11)
3.225: (sample_soil rover4 rover4store waypoint41)
3.225: (communicate_image_data rover0 general objective0 high_res waypoint24 waypoint11)
3.225: (communicate_image_data rover0 general objective0 high_res waypoint24 waypoint11)
3.226: (communicate_image_data rover0 general objective0 high_res waypoint24 waypoint11)
3.227: (communicate_image_data rover0 general objective0 high_res waypoint24 waypoint11)
3.227: (communicate_image_data rover0 general objective2 high_res waypoint24 waypoint11)
3.227: (communicate_image_data rover0 general objective13 high_res waypoint24 waypoint11)
3.227: (drop rover0 rover0store)
3.227: (communicate_image_data rover0 general objective13 high_res waypoint24 waypoint11)
3.229: (communicate_image_data rover0 general objective13 high_res waypoint24 waypoint11)
3.229: (communicate_image_data rover0 general objective2 low_res waypoint24 waypoint11)
3.229: (communicate_image_data rover0 general objective13 high_res waypoint24 waypoint11)
3.230: (communicate_image_data rover0 general objective11 high_res waypoint24 waypoint11)
3.230: (sample_soil rover4 rover4store waypoint41)
3.230: (communicate_image_data rover0 general objective13 high_res waypoint24 waypoint11)
3.231: (sample_soil rover4 rover4store waypoint41)
3.231: (sample_soil rover4 rover4store waypoint41)
3.231: (communicate_image_data rover0 general objective13 high_res waypoint24 waypoint11)
3.231: (communicate_image_data rover0 general objective12 high_res waypoint24 waypoint11)
3.231: (sample_soil rover4 rover4store waypoint41)
3.232: (communicate_image_data rover0 general objective5 high_res waypoint24 waypoint11)
3.232: (communicate_image_data rover0 general objective12 low_res waypoint24 waypoint11)
3.232: (communicate_image_data rover0 general objective11 low_res waypoint24 waypoint11)
3.232: (communicate_image_data rover0 general objective0 high_res waypoint24 waypoint11)
3.233: (sample_soil rover4 rover4store waypoint41)
3.233: (communicate_image_data rover0 general objective12 high_res waypoint24 waypoint11)
3.234: (communicate_image_data rover0 general objective12 high_res waypoint24 waypoint11)
3.234: (sample_soil rover4 rover4store waypoint41)
3.235: (take_image rover2 waypoint39 objective7 camera0 colour)
3.235: (communicate_image_data rover0 general objective11 high_res waypoint24 waypoint11)
3.235: (sample_soil rover4 rover4store waypoint41)
3.235: (sample_soil rover4 rover4store waypoint41)
3.235: (sample_soil rover4 rover4store waypoint41)
3.235: (communicate_image_data rover0 general objective12 low_res waypoint24 waypoint11)
3.235: (sample_soil rover4 rover4store waypoint41)
3.236: (calibrate rover0 camera6 objective13 waypoint24)
3.237: (drop rover0 rover0store)
3.237: (communicate_image_data rover0 general objective7 low_res waypoint24 waypoint11)
3.238: (sample_soil rover4 rover4store waypoint41)
3.239: (communicate_image_data rover0 general objective12 high_res waypoint24 waypoint11)
3.239: (communicate_image_data rover0 general objective7 high_res waypoint24 waypoint11)
3.239: (sample_soil rover4 rover4store waypoint41)
3.160: (take_image rover0 waypoint24 objective13 camera4 high_res)
3.161: (take_image rover0 waypoint24 objective5 camera4 high_res)
3.167: (take_image rover0 waypoint24 objective12 camera4 high_res)
3.168: (take_image rover0 waypoint24 objective0 camera4 high_res)
3.174: (take_image rover0 waypoint24 objective7 camera4 high_res)
3.179: (take_image rover0 waypoint24 objective2 camera4 colour)
3.182: (take_image rover0 waypoint24 objective2 camera4 low_res)
3.182: (take_image rover0 waypoint24 objective11 camera4 high_res)
3.183: (calibrate rover1 camera10 objective11 waypoint39)
3.185: (calibrate rover4 camera8 objective5 waypoint41)
3.188: (take_image rover0 waypoint24 objective0 camera4 low_res)
3.188: (take_image rover0 waypoint24 objective0 camera4 colour)
3.191: (take_image rover0 waypoint24 objective2 camera4 high_res)
3.191: (take_image rover0 waypoint24 objective7 camera6 low_res)
3.194: (drop rover4 rover4store)
3.195: (calibrate rover1 camera7 objective7 waypoint39)
3.196: (take_image rover0 waypoint24 objective13 camera6 low_res)
3.196: (take_image rover0 waypoint24 objective11 camera6 low_res)
3.199: (calibrate rover5 camera11 objective10 waypoint11)
3.202: (take_image rover0 waypoint24 objective13 camera4 low_res)
3.202: (take_image rover0 waypoint24 objective13 camera4 colour)
3.202: (take_image rover0 waypoint24 objective7 camera4 colour)
3.202: (calibrate rover1 camera5 objective7 waypoint39)
3.203: (sample_soil rover4 rover4store waypoint41)
3.203: (take_image rover0 waypoint24 objective12 camera6 low_res)
3.203: (take_image rover0 waypoint24 objective11 camera6 colour)
3.205: (take_image rover0 waypoint24 objective0 camera6 low_res)
3.207: (take_image rover0 waypoint24 objective11 camera4 high_res)
3.207: (take_image rover0 waypoint24 objective11 camera4 low_res)
3.207: (take_image rover0 waypoint24 objective0 camera4 colour)
3.208: (take_image rover0 waypoint24 objective13 camera6 colour)
3.208: (calibrate rover1 camera10 objective11 waypoint39)
3.208: (take_image rover0 waypoint24 objective0 camera4 low_res)
3.209: (take_image rover0 waypoint24 objective7 camera4 low_res)
3.209: (calibrate rover4 camera8 objective5 waypoint41)
3.209: (take_image rover2 waypoint39 objective11 camera0 colour)
3.210: (take_image rover0 waypoint24 objective5 camera6 low_res)
3.210: (take_image rover0 waypoint24 objective7 camera6 colour)
3.210: (drop rover4 rover4store)
3.210: (communicate_image_data rover0 general objective5 high_res waypoint24 waypoint11)
3.211: (calibrate rover0 camera6 objective13 waypoint24)
3.212: (take_image rover0 waypoint24 objective2 camera6 low_res)
3.213: (take_image rover0 waypoint24 objective11 camera4 colour)
3.213: (take_image rover0 waypoint24 objective11 camera4 low_res)
3.213: (take_image rover0 waypoint24 objective2 camera6 colour)
3.213: (drop rover4 rover4store)
3.213: (communicate_image_data rover0 general objective11 high_res waypoint24 waypoint11)
3.214: (drop rover4 rover4store)
3.214: (take_image rover0 waypoint24 objective5 camera4 high_res)
3.214: (take_image rover0 waypoint24 objective7 camera4 high_res)
3.214: (calibrate rover1 camera5 objective7 waypoint39)
3.215: (take_image rover0 waypoint24 objective12 camera4 colour)
3.215: (calibrate rover1 camera7 objective7 waypoint39)
3.215: (take_image rover0 waypoint24 objective13 camera4 low_res)
3.215: (drop rover0 rover0store)
3.215: (take_image rover0 waypoint24 objective7 camera4 low_res)
3.216: (take_image rover0 waypoint24 objective12 camera6 colour)
3.216: (take_image rover0 waypoint24 objective2 camera4 high_res)
3.216: (communicate_image_data rover0 general objective5 high_res waypoint24 waypoint11)
3.216: (take_image rover0 waypoint24 objective12 camera4 high_res)
3.217: (calibrate rover1 camera10 objective11 waypoint39)
3.217: (calibrate rover1 camera10 objective11 waypoint39)
3.217: (sample_soil rover4 rover4store waypoint41)
3.217: (take_image rover0 waypoint24 objective13 camera4 high_res)
3.217: (take_image rover0 waypoint24 objective2 camera6 high_res)
3.217: (calibrate rover1 camera7 objective7 waypoint39)
3.218: (take_image rover2 waypoint39 objective7 camera0 colour)
3.218: (calibrate rover4 camera8 objective5 waypoint41)
3.218: (take_image rover0 waypoint24 objective7 camera4 colour)
3.218: (communicate_image_data rover0 general objective5 high_res waypoint24 waypoint11)
3.218: (calibrate rover1 camera5 objective7 waypoint39)
3.219: (take_image rover0 waypoint24 objective0 camera4 high_res)
3.219: (communicate_image_data rover0 general objective5 high_res waypoint24 waypoint11)
3.219: (take_image rover0 waypoint24 objective7 camera4 low_res)
3.220: (take_image rover0 waypoint24 objective13 camera4 high_res)
3.220: (take_image rover0 waypoint24 objective2 camera4 low_res)
3.220: (take_image rover0 waypoint24 objective5 camera4 low_res)
3.220: (drop rover4 rover4store)
3.220: (take_image rover0 waypoint24 objective12 camera4 low_res)
3.220: (take_image rover0 waypoint24 objective12 camera4 high_res)
3.155: (communicate_image_data rover0 general objective7 low_res waypoint24 waypoint11)
3.158: (take_image rover1 waypoint39 objective3 camera7 low_res)
3.160: (drop rover0 rover0store)
3.164: (take_image rover1 waypoint39 objective7 camera7 low_res)
3.164: (calibrate rover4 camera8 objective5 waypoint41)
3.164: (calibrate rover1 camera10 objective11 waypoint39)
3.165: (take_image rover1 waypoint39 objective11 camera7 low_res)
3.166: (take_image rover1 waypoint39 objective11 camera10 low_res)
3.167: (calibrate rover1 camera5 objective7 waypoint39)
3.167: (calibrate rover4 camera8 objective5 waypoint41)
3.167: (take_image rover1 waypoint39 objective11 camera5 colour)
3.168: (take_image rover1 waypoint39 objective13 camera7 low_res)
3.169: (take_image rover0 waypoint24 objective11 camera4 high_res)
3.169: (calibrate rover5 camera11 objective10 waypoint11)
3.170: (take_image rover1 waypoint39 objective7 camera5 high_res)
3.171: (calibrate rover0 camera6 objective13 waypoint24)
3.171: (calibrate rover0 camera6 objective13 waypoint24)
3.172: (communicate_image_data rover0 general objective12 colour waypoint24 waypoint11)
3.172: (communicate_image_data rover0 general objective13 high_res waypoint24 waypoint11)
3.172: (take_image rover1 waypoint39 objective7 camera10 low_res)
3.172: (take_image rover1 waypoint39 objective2 camera5 high_res)
3.174: (take_image rover1 waypoint39 objective7 camera7 high_res)
3.174: (take_image rover1 waypoint39 objective12 camera7 low_res)
3.174: (take_image rover1 waypoint39 objective11 camera10 low_res)
3.174: (communicate_image_data rover0 general objective11 high_res waypoint24 waypoint11)
3.175: (communicate_image_data rover0 general objective7 high_res waypoint24 waypoint11)
3.175: (calibrate rover1 camera7 objective7 waypoint39)
3.175: (communicate_image_data rover0 general objective12 high_res waypoint24 waypoint11)
3.176: (take_image rover1 waypoint39 objective13 camera5 high_res)
3.176: (calibrate rover0 camera6 objective13 waypoint24)
3.176: (calibrate rover1 camera7 objective7 waypoint39)
3.176: (take_image rover1 waypoint39 objective13 camera10 low_res)
3.176: (take_image rover1 waypoint39 objective3 camera10 low_res)
3.177: (communicate_image_data rover0 general objective0 high_res waypoint24 waypoint11)
3.177: (take_image rover1 waypoint39 objective11 camera7 colour)
3.177: (calibrate rover1 camera10 objective11 waypoint39)
3.178: (take_image rover1 waypoint39 objective3 camera5 colour)
3.178: (take_image rover4 waypoint41 objective7 camera8 low_res)
3.178: (communicate_image_data rover0 general objective5 low_res waypoint24 waypoint11)
3.178: (calibrate rover5 camera11 objective10 waypoint11)
3.178: (communicate_image_data rover0 general objective5 high_res waypoint24 waypoint11)
3.178: (calibrate rover0 camera4 objective0 waypoint24)
3.179: (communicate_image_data rover0 general objective2 high_res waypoint24 waypoint11)
3.179: (calibrate rover1 camera10 objective11 waypoint39)
3.179: (take_image rover1 waypoint39 objective13 camera7 high_res)
3.179: (take_image rover1 waypoint39 objective12 camera5 colour)
3.179: (calibrate rover0 camera6 objective13 waypoint24)
3.181: (calibrate rover1 camera10 objective11 waypoint39)
3.181: (calibrate rover1 camera5 objective7 waypoint39)
3.181: (calibrate rover5 camera11 objective10 waypoint11)
3.182: (calibrate rover1 camera10 objective11 waypoint39)
3.182: (calibrate rover4 camera8 objective5 waypoint41)
3.182: (take_image rover1 waypoint39 objective7 camera5 colour)
3.182: (take_image rover1 waypoint39 objective10 camera5 high_res)
3.182: (communicate_image_data rover0 general objective0 low_res waypoint24 waypoint11)
3.182: (take_image rover1 waypoint39 objective2 camera7 high_res)
3.183: (take_image rover1 waypoint39 objective13 camera10 low_res)
3.183: (take_image rover1 waypoint39 objective12 camera5 high_res)
3.184: (communicate_image_data rover0 general objective2 low_res waypoint24 waypoint11)
3.184: (calibrate rover5 camera11 objective10 waypoint11)
3.184: (calibrate rover0 camera4 objective0 waypoint24)
3.185: (take_image rover1 waypoint39 objective13 camera5 high_res)
3.185: (drop rover0 rover0store)
3.185: (take_image rover1 waypoint39 objective4 camera5 high_res)
3.185: (drop rover4 rover4store)
3.185: (calibrate rover1 camera5 objective7 waypoint39)
3.186: (take_image rover1 waypoint39 objective3 camera10 low_res)
3.186: (take_image rover1 waypoint39 objective13 camera5 colour)
3.186: (take_image rover1 waypoint39 objective12 camera10 low_res)
3.187: (take_image rover1 waypoint39 objective12 camera7 colour)
3.187: (take_image rover1 waypoint39 objective7 camera7 colour)
3.187: (take_image rover0 waypoint24 objective7 camera6 high_res)
3.188: (communicate_image_data rover0 general objective13 low_res waypoint24 waypoint11)
3.188: (take_image rover0 waypoint24 objective11 camera4 high_res)
3.188: (calibrate rover0 camera6 objective13 waypoint24)
3.188: (take_image rover0 waypoint24 objective7 camera6 high_res)
3.188: (communicate_image_data rover0 general objective13 high_res waypoint24 waypoint11)
3.188: (calibrate rover1 camera10 objective11 waypoint39)
3.188: (calibrate rover1 camera5 objective7 waypoint39)
3.189: (take_image rover1 waypoint39 objective10 camera5 colour)
3.143: (take_image rover5 waypoint11 objective8 camera11 colour)
3.145: (take_image rover0 waypoint24 objective12 camera4 high_res)
3.147: (drop rover0 rover0store)
3.149: (calibrate rover0 camera6 objective13 waypoint24)
3.152: (calibrate rover5 camera13 objective8 waypoint11)
3.154: (take_image rover1 waypoint39 objective3 camera5 colour)
3.155: (take_image rover0 waypoint24 objective13 camera4 high_res)
3.156: (calibrate rover0 camera6 objective13 waypoint24)
3.156: (calibrate rover4 camera8 objective5 waypoint41)
3.157: (calibrate rover4 camera8 objective5 waypoint41)
3.157: (take_image rover0 waypoint24 objective0 camera4 high_res)
3.159: (take_image rover2 waypoint39 objective11 camera0 colour)
3.160: (take_image rover5 waypoint11 objective5 camera11 colour)
3.161: (take_image rover0 waypoint24 objective5 camera4 high_res)
3.162: (communicate_image_data rover0 general objective7 high_res waypoint24 waypoint11)
3.162: (calibrate rover4 camera8 objective5 waypoint41)
3.163: (take_image rover1 waypoint39 objective7 camera7 low_res)
3.163: (calibrate rover1 camera5 objective7 waypoint39)
3.164: (take_image rover0 waypoint24 objective11 camera4 high_res)
3.164: (take_image rover5 waypoint11 objective5 camera11 low_res)
3.165: (take_image rover5 waypoint11 objective4 camera11 colour)
3.166: (calibrate rover1 camera5 objective7 waypoint39)
3.166: (take_image rover5 waypoint11 objective8 camera11 low_res)
3.166: (take_image rover1 waypoint39 objective13 camera10 low_res)
3.166: (sample_soil rover4 rover4store waypoint41)
3.166: (calibrate rover0 camera6 objective13 waypoint24)
3.166: (take_image rover5 waypoint11 objective5 camera11 colour)
3.168: (calibrate rover0 camera6 objective13 waypoint24)
3.170: (calibrate rover5 camera11 objective10 waypoint11)
3.170: (calibrate rover1 camera7 objective7 waypoint39)
3.171: (calibrate rover5 camera11 objective10 waypoint11)
3.172: (communicate_image_data rover0 general objective2 low_res waypoint24 waypoint11)
3.172: (calibrate rover4 camera8 objective5 waypoint41)
3.172: (calibrate rover1 camera7 objective7 waypoint39)
3.173: (calibrate rover1 camera5 objective7 waypoint39)
3.173: (calibrate rover1 camera7 objective7 waypoint39)
3.173: (drop rover0 rover0store)
3.173: (take_image rover1 waypoint39 objective7 camera5 high_res)
3.173: (take_image rover1 waypoint39 objective12 camera7 low_res)
3.173: (take_image rover1 waypoint39 objective7 camera7 low_res)
3.174: (calibrate rover5 camera11 objective10 waypoint11)
3.174: (take_image rover4 waypoint41 objective11 camera8 high_res)
3.174: (take_image rover1 waypoint39 objective11 camera7 low_res)
3.175: (take_image rover4 waypoint41 objective11 camera8 low_res)
3.175: (take_image rover0 waypoint24 objective2 camera4 low_res)
3.175: (calibrate rover0 camera6 objective13 waypoint24)
3.175: (calibrate rover0 camera4 objective0 waypoint24)
3.176: (calibrate rover5 camera11 objective10 waypoint11)
3.176: (sample_soil rover4 rover4store waypoint41)
3.176: (take_image rover0 waypoint24 objective11 camera6 low_res)
3.176: (sample_soil rover4 rover4store waypoint41)
3.176: (take_image rover1 waypoint39 objective10 camera5 high_res)
3.177: (take_image rover1 waypoint39 objective11 camera10 low_res)
3.177: (take_image rover4 waypoint41 objective4 camera8 high_res)
3.177: (calibrate rover4 camera8 objective5 waypoint41)
3.178: (take_image rover0 waypoint24 objective2 camera6 colour)
3.178: (take_image rover0 waypoint24 objective12 camera4 high_res)
3.178: (take_image rover1 waypoint39 objective11 camera10 low_res)
3.178: (take_image rover0 waypoint24 objective7 camera4 high_res)
3.179: (take_image rover0 waypoint24 objective5 camera4 high_res)
3.179: (take_image rover5 waypoint11 objective10 camera11 low_res)
3.179: (take_image rover2 waypoint39 objective11 camera0 colour)
3.180: (take_image rover1 waypoint39 objective7 camera7 colour)
3.180: (take_image rover1 waypoint39 objective12 camera5 colour)
3.180: (take_image rover0 waypoint24 objective13 camera4 high_res)
3.180: (take_image rover0 waypoint24 objective0 camera4 low_res)
3.180: (take_image rover1 waypoint39 objective7 camera5 colour)
3.180: (take_image rover0 waypoint24 objective11 camera4 high_res)
3.181: (take_image rover0 waypoint24 objective2 camera4 high_res)
3.181: (take_image rover2 waypoint39 objective11 camera0 colour)
3.181: (take_image rover0 waypoint24 objective0 camera4 high_res)
3.181: (take_image rover2 waypoint39 objective7 camera0 colour)
3.181: (calibrate rover1 camera10 objective11 waypoint39)
3.181: (take_image rover0 waypoint24 objective11 camera4 high_res)
3.181: (calibrate rover1 camera7 objective7 waypoint39)
3.181: (take_image rover4 waypoint41 objective7 camera8 high_res)
3.181: (calibrate rover1 camera7 objective7 waypoint39)
3.181: (take_image rover2 waypoint39 objective4 camera0 colour)
3.181: (take_image rover4 waypoint41 objective13 camera8 high_res)
3.182: (calibrate rover0 camera6 objective13 waypoint24)
Traceback (most recent call last):
  File "/u/ibrahim.eisawy/Neural-Guided-Search/beam.py", line 104, in <module>
    _main(_parse_arguments())
  File "/u/ibrahim.eisawy/Neural-Guided-Search/beam.py", line 94, in _main
    solution = _plan(problem, model, args.beam, use_closed_set=not args.disable_closed_set)
  File "/u/ibrahim.eisawy/Neural-Guided-Search/beam.py", line 57, in _plan
    values = model.forward(inputs).readout('value')
  File "/u/ibrahim.eisawy/Neural-Guided-Search/venv/lib/python3.10/site-packages/pymimir_rgnn/model.py", line 316, in forward
    node_embeddings = self._mpnn_module.forward(input)
  File "/u/ibrahim.eisawy/Neural-Guided-Search/venv/lib/python3.10/site-packages/pymimir_rgnn/model.py", line 209, in forward
    relation_messages = self._relation_network(node_embeddings, input.flattened_relations)
  File "/u/ibrahim.eisawy/Neural-Guided-Search/venv/lib/python3.10/site-packages/torch/nn/modules/module.py", line 1778, in _wrapped_call_impl
    return self._call_impl(*args, **kwargs)
  File "/u/ibrahim.eisawy/Neural-Guided-Search/venv/lib/python3.10/site-packages/torch/nn/modules/module.py", line 1789, in _call_impl
    return forward_call(*args, **kwargs)
  File "/u/ibrahim.eisawy/Neural-Guided-Search/venv/lib/python3.10/site-packages/pymimir_rgnn/model.py", line 149, in forward
    output_messages, output_indices = self._compute_messages_and_indices(node_embeddings, relations)
  File "/u/ibrahim.eisawy/Neural-Guided-Search/venv/lib/python3.10/site-packages/pymimir_rgnn/model.py", line 114, in _compute_messages_and_indices
    output_messages = torch.cat(output_messages_list, 0)
torch.OutOfMemoryError: CUDA out of memory. Tried to allocate 2.64 GiB. GPU 0 has a total capacity of 44.39 GiB of which 2.30 GiB is free. Process 122357 has 1.52 GiB memory in use. Process 122616 has 526.00 MiB memory in use. Process 122984 has 534.00 MiB memory in use. Including non-PyTorch memory, this process has 5.95 GiB memory in use. Process 123837 has 12.64 GiB memory in use. Process 124155 has 7.36 GiB memory in use. Process 124253 has 12.95 GiB memory in use. Process 125517 has 610.00 MiB memory in use. Of the allocated memory 2.91 GiB is allocated by PyTorch, and 2.55 GiB is reserved by PyTorch but unallocated. If reserved but unallocated memory is large try setting PYTORCH_CUDA_ALLOC_CONF=expandable_segments:True to avoid fragmentation.  See documentation for Memory Management  (https://docs.pytorch.org/docs/stable/notes/cuda.html#optimizing-memory-usage-with-pytorch-cuda-alloc-conf)
