/u/ibrahim.eisawy/Neural-Guided-Search/venv/lib/python3.10/site-packages/pymimir_rgnn/model.py:151: UserWarning: index_reduce() is in beta and the API may change at any time. (Triggered internally at /pytorch/aten/src/ATen/native/cuda/Indexing.cu:1541.)
  max_msg.index_reduce_(0, output_indices, output_messages, reduce='amax', include_self=True)
Torch: 2.12.0+cu130
Using GPU:  NVIDIA L40S
79.435: (move f3-4f f2-4f)
79.765: (move f3-4f f3-5f)
83.749: (move f3-4f f3-3f)
85.310: (move f3-4f f4-4f)
78.573: (move f2-4f f1-4f)
78.765: (move f3-3f f2-3f)
78.765: (move f2-4f f2-3f)
81.197: (move f3-5f f2-5f)
81.197: (move f2-4f f2-5f)
81.699: (move f4-4f f4-5f)
81.699: (move f3-5f f4-5f)
83.153: (pickup f3-3f key3-3)
86.682: (move f3-3f f3-2f)
88.423: (move f4-4f f4-3f)
76.484: (pickup f1-4f key0-1)
77.749: (pickup f1-4f key0-0)
78.053: (move f1-4f f1-3f)
78.053: (move f2-3f f1-3f)
78.154: (move f3-3f f3-4f)
80.588: (move f1-4f f0-4f)
80.640: (move f3-3f f2-3f)
81.454: (move f4-5f f4-6f)
81.793: (pickup f4-5f key1-0)
82.811: (move f4-5f f5-5f)
73.514: (move f1-4f f1-3f)
75.404: (move f3-4f f2-4f)
75.404: (move f2-3f f2-4f)
75.466: (move f3-4f f3-5f)
76.253: (move f1-4f f0-4f)
76.324: (move f1-4f f2-4f)
77.707: (move f1-4f f2-4f)
77.726: (move f1-4f f1-3f)
77.904: (putdown f3-4f key3-3)
78.224: (move f1-4f f1-5f)
74.912: (move f2-4f f2-3f)
74.912: (move f1-3f f2-3f)
75.482: (putdown f2-4f key3-3)
75.514: (putdown f1-3f key0-1)
75.667: (move f2-4f f2-5f)
75.667: (move f3-5f f2-5f)
75.692: (putdown f3-5f key3-3)
75.991: (move f3-4f f2-4f)
76.866: (move f3-4f f3-5f)
76.871: (move f2-4f f3-4f)
75.033: (move f3-4f f3-5f)
75.529: (putdown f2-5f key3-3)
76.488: (putdown f2-3f key0-1)
77.163: (move f2-4f f1-4f)
77.167: (move f2-4f f1-4f)
77.611: (move f1-3f f2-3f)
77.641: (putdown f3-4f key0-0)
77.975: (move f2-5f f1-5f)
78.354: (move f3-5f f2-5f)
78.621: (move f3-5f f3-4f)
74.780: (move f3-5f f4-5f)
75.163: (pickup f1-4f key0-1)
75.234: (pickup f1-4f key0-1)
75.843: (putdown f3-5f key0-0)
76.320: (move f2-5f f3-5f)
76.341: (pickup f1-4f key0-0)
76.360: (pickup f1-4f key0-0)
76.571: (move f2-5f f2-4f)
76.802: (move f3-4f f3-5f)
77.411: (move f3-4f f2-4f)
72.788: (move f4-5f f4-6f)
72.945: (move f1-4f f2-4f)
73.309: (move f1-4f f2-4f)
74.068: (move f1-4f f2-4f)
74.598: (move f1-4f f2-4f)
74.647: (move f1-4f f1-3f)
75.671: (putdown f4-5f key0-0)
75.699: (pickup-and-loose f4-5f key1-0 key0-0)
76.105: (move f1-4f f1-3f)
76.142: (move f4-5f f5-5f)
73.554: (putdown f4-6f key0-0)
74.017: (pickup-and-loose f2-4f key3-3 key0-1)
74.323: (putdown f2-4f key0-1)
74.413: (move f4-5f f4-6f)
74.505: (move f4-5f f4-6f)
74.781: (pickup-and-loose f2-4f key3-3 key0-0)
74.782: (putdown f2-4f key0-1)
75.053: (putdown f2-4f key0-0)
75.247: (move f4-5f f3-5f)
75.253: (move f4-5f f3-5f)
74.029: (move f2-4f f2-5f)
74.226: (move f2-4f f1-4f)
74.501: (putdown f4-6f key1-0)
74.506: (move f2-4f f2-5f)
74.604: (unlock f4-6f f3-6f key1-0 shape1)
74.895: (move f3-5f f3-4f)
74.988: (move f3-5f f3-4f)
75.118: (move f4-6f f4-5f)
75.226: (putdown f3-5f key1-0)
75.362: (unlock f3-5f f3-6f key1-0 shape1)
72.719: (pickup-and-loose f1-4f key0-1 key3-3)
73.993: (move f2-5f f3-5f)
73.999: (putdown f2-5f key3-3)
74.444: (putdown f4-6f key1-0)
74.472: (putdown f1-4f key3-3)
74.502: (move f3-4f f2-4f)
74.522: (move f2-5f f3-5f)
74.538: (putdown f2-5f key3-3)
74.590: (move f3-4f f2-4f)
74.673: (move f4-5f f3-5f)
73.315: (move f2-4f f2-3f)
73.538: (move f2-4f f2-3f)
73.630: (move f2-4f f1-4f)
73.966: (move f2-4f f1-4f)
74.132: (putdown f3-5f key3-3)
74.218: (move f1-4f f1-5f)
74.384: (move f3-5f f3-4f)
74.661: (putdown f2-4f key1-0)
74.696: (putdown f3-5f key3-3)
75.274: (move f2-5f f2-4f)
71.854: (pickup f1-4f key0-1)
72.024: (pickup-and-loose f1-4f key0-1 key1-0)
73.451: (putdown f2-3f key1-0)
73.475: (move f1-4f f1-3f)
73.475: (move f2-3f f1-3f)
73.491: (move f2-4f f2-3f)
73.691: (move f2-3f f1-3f)
73.691: (move f1-4f f1-3f)
73.797: (putdown f1-4f key1-0)
73.810: (move f2-4f f1-4f)
69.627: (move f1-4f f1-3f)
69.753: (move f1-4f f1-3f)
71.825: (move f1-4f f2-4f)
71.905: (move f1-4f f2-4f)
72.027: (pickup f1-4f key0-1)
73.595: (move f1-4f f1-3f)
73.598: (move f2-3f f1-3f)
73.601: (putdown f1-3f key1-0)
73.624: (move f2-3f f1-3f)
73.624: (move f1-4f f1-3f)
69.777: (move f1-4f f1-3f)
70.716: (move f1-3f f2-3f)
70.716: (move f2-4f f2-3f)
70.772: (move f1-3f f2-3f)
70.772: (move f2-4f f2-3f)
71.504: (putdown f1-3f key0-1)
71.633: (putdown f1-3f key0-1)
71.900: (move f1-4f f2-4f)
72.976: (putdown f2-4f key0-1)
73.065: (putdown f2-4f key0-1)
70.818: (move f2-4f f2-3f)
70.818: (move f1-3f f2-3f)
71.653: (putdown f1-3f key0-1)
72.265: (putdown f2-3f key0-1)
72.312: (move f2-4f f2-3f)
72.322: (putdown f2-3f key0-1)
72.447: (move f2-4f f2-3f)
72.793: (move f1-3f f2-3f)
72.900: (move f1-3f f2-3f)
73.066: (putdown f2-4f key0-1)
72.372: (putdown f2-3f key0-1)
72.486: (move f2-4f f2-3f)
72.916: (move f1-3f f2-3f)
73.146: (pickup f2-4f key1-0)
73.902: (move f2-3f f1-3f)
74.019: (move f2-3f f1-3f)
74.184: (move f2-4f f3-4f)
74.744: (move f2-3f f3-3f)
75.028: (move f2-3f f2-4f)
75.057: (move f1-3f f1-4f)
72.213: (move f2-4f f2-3f)
73.599: (move f3-3f f3-4f)
74.031: (move f2-4f f3-4f)
74.064: (move f2-3f f1-3f)
75.028: (pickup-and-loose f3-3f key3-3 key0-1)
75.105: (move f2-3f f2-4f)
75.280: (move f2-4f f3-4f)
75.400: (move f2-3f f1-3f)
75.405: (move f2-3f f2-4f)
75.406: (move f1-4f f2-4f)
72.091: (move f3-3f f2-3f)
72.291: (unlock f2-3f f2-2f key1-0 shape1)
72.424: (putdown f2-3f key1-0)
72.732: (move f3-3f f3-4f)
73.757: (move f3-4f f3-5f)
74.133: (putdown f3-4f key1-0)
74.543: (putdown f3-4f key0-1)
74.566: (pickup f2-4f key1-0)
74.597: (move f2-4f f3-4f)
75.098: (pickup f2-4f key1-0)
70.044: (move f2-3f f2-4f)
70.044: (move f3-4f f2-4f)
70.863: (move f3-4f f3-5f)
72.092: (putdown f2-3f key3-3)
72.142: (putdown f2-3f key1-0)
72.577: (move f2-4f f2-3f)
72.820: (putdown f3-4f key3-3)
73.002: (move f2-3f f2-4f)
73.051: (move f3-4f f2-4f)
73.085: (move f2-3f f2-4f)
69.506: (pickup-and-loose f2-4f key1-0 key3-3)
70.012: (putdown f2-4f key3-3)
70.739: (pickup-and-loose f2-3f key0-1 key1-0)
71.057: (putdown f3-5f key3-3)
71.199: (move f3-5f f2-5f)
71.199: (move f2-4f f2-5f)
71.864: (pickup f2-4f key0-1)
71.928: (pickup f2-4f key0-1)
71.973: (pickup-and-loose f2-4f key0-1 key1-0)
72.041: (move f3-4f f2-4f)
69.771: (move f2-3f f1-3f)
70.825: (move f2-4f f2-3f)
70.894: (putdown f2-5f key3-3)
71.627: (pickup f2-4f key1-0)
71.644: (move f2-4f f2-3f)
71.759: (move f2-4f f2-3f)
71.918: (move f2-4f f1-4f)
71.954: (move f2-4f f1-4f)
71.986: (move f2-4f f1-4f)
71.999: (move f2-4f f2-3f)
69.767: (move f2-3f f1-3f)
69.768: (move f1-4f f1-3f)
69.915: (move f1-4f f1-3f)
69.916: (move f2-3f f1-3f)
71.112: (move f2-5f f2-4f)
71.564: (move f2-5f f3-5f)
71.649: (putdown f1-3f key0-1)
71.821: (unlock f2-3f f2-2f key1-0 shape1)
71.934: (putdown f2-3f key1-0)
72.379: (putdown f2-3f key0-1)
69.044: (move f2-3f f2-4f)
69.970: (move f2-3f f2-4f)
70.639: (pickup f2-4f key1-0)
71.645: (putdown f1-3f key0-1)
71.661: (putdown f2-3f key1-0)
71.719: (putdown f1-3f key0-1)
72.876: (move f1-3f f2-3f)
73.018: (move f2-4f f2-3f)
74.053: (move f2-3f f1-3f)
74.190: (move f2-4f f3-4f)
68.912: (move f2-3f f2-4f)
68.933: (putdown f2-4f key1-0)
69.033: (pickup-and-loose f2-4f key3-3 key1-0)
70.060: (pickup f2-4f key3-3)
70.760: (move f2-4f f2-5f)
72.483: (move f2-4f f2-3f)
72.586: (move f2-4f f1-4f)
72.920: (move f1-3f f2-3f)
73.078: (move f2-4f f2-5f)
73.123: (move f2-4f f3-4f)
69.055: (pickup f2-4f key3-3)
69.517: (move f2-4f f2-5f)
70.807: (putdown f2-5f key1-0)
71.045: (pickup-and-loose f2-5f key3-3 key1-0)
71.171: (move f2-4f f2-5f)
71.492: (move f2-5f f3-5f)
71.771: (move f2-4f f2-3f)
71.999: (move f2-4f f2-3f)
72.072: (move f2-4f f2-3f)
72.180: (unlock f2-3f f2-2f key1-0 shape1)
69.161: (putdown f2-5f key3-3)
69.500: (move f2-4f f2-5f)
70.044: (move f2-5f f2-4f)
70.164: (move f2-3f f2-4f)
70.795: (move f2-5f f3-5f)
70.868: (move f2-5f f3-5f)
70.873: (putdown f2-5f key3-3)
70.902: (move f2-5f f3-5f)
71.101: (move f2-5f f2-4f)
71.571: (move f2-5f f3-5f)
69.158: (putdown f2-5f key3-3)
69.310: (move f2-4f f2-5f)
69.940: (putdown f2-4f key3-3)
69.966: (putdown f2-4f key1-0)
69.966: (move f2-5f f2-4f)
70.818: (move f2-5f f3-5f)
70.987: (putdown f3-5f key3-3)
71.065: (putdown f3-5f key3-3)
71.096: (putdown f3-5f key3-3)
71.112: (move f2-5f f2-4f)
69.144: (putdown f2-5f key1-0)
69.445: (pickup-and-loose f2-5f key3-3 key1-0)
69.947: (move f2-5f f2-4f)
71.012: (putdown f3-5f key3-3)
71.386: (move f2-5f f3-5f)
71.441: (move f2-5f f3-5f)
72.023: (move f2-4f f2-3f)
72.245: (move f2-4f f2-3f)
72.526: (move f3-5f f3-4f)
72.949: (move f2-4f f2-3f)
69.051: (move f2-5f f2-4f)
69.951: (move f2-5f f2-4f)
70.828: (move f2-5f f3-5f)
71.417: (putdown f3-5f key1-0)
71.462: (move f2-5f f3-5f)
71.483: (unlock f3-5f f3-6f key1-0 shape1)
72.165: (move f2-4f f2-3f)
72.641: (putdown f3-4f key3-3)
73.323: (move f3-5f f3-4f)
73.387: (move f2-5f f1-5f)
68.885: (putdown f2-4f key3-3)
69.153: (move f3-5f f2-5f)
69.414: (move f3-5f f2-5f)
70.896: (move f3-4f f2-4f)
71.016: (putdown f3-5f key3-3)
71.502: (putdown f3-5f key1-0)
72.081: (move f2-4f f2-3f)
72.180: (move f2-4f f2-3f)
72.630: (move f3-5f f3-4f)
72.630: (move f2-4f f3-4f)
69.213: (putdown f2-5f key1-0)
69.234: (move f3-5f f2-5f)
69.510: (pickup f2-5f key3-3)
69.521: (pickup-and-loose f2-5f key3-3 key1-0)
69.934: (move f2-5f f2-4f)
70.202: (move f2-5f f2-4f)
71.778: (move f2-4f f2-3f)
71.979: (putdown f2-3f key3-3)
72.420: (move f2-4f f1-4f)
72.726: (putdown f3-4f key3-3)
69.021: (move f2-5f f2-4f)
69.023: (move f2-5f f2-4f)
69.578: (pickup f2-5f key3-3)
69.941: (move f2-5f f2-4f)
69.947: (move f2-5f f2-4f)
69.961: (putdown f2-4f key1-0)
70.764: (move f2-5f f3-5f)
70.844: (move f3-4f f2-4f)
70.876: (move f2-5f f3-5f)
71.386: (move f2-3f f2-4f)
68.869: (putdown f2-4f key3-3)
68.885: (putdown f2-4f key3-3)
69.007: (move f2-5f f2-4f)
69.224: (move f2-4f f2-5f)
70.739: (move f2-5f f3-5f)
70.832: (pickup-and-loose f3-5f key1-0 key3-3)
70.892: (move f3-5f f3-6f)
71.044: (putdown f3-5f key3-3)
71.044: (putdown f3-5f key3-3)
71.859: (move f2-4f f2-3f)
68.886: (putdown f2-4f key3-3)
69.359: (move f3-6f f4-6f)
69.581: (pickup f2-5f key3-3)
70.582: (putdown f3-6f key3-3)
70.873: (unlock f3-5f f3-6f key1-0 shape1)
70.873: (pickup-and-loose f3-5f key1-0 key3-3)
70.927: (move f3-5f f3-6f)
71.043: (putdown f3-5f key3-3)
71.447: (move f2-4f f2-3f)
71.586: (move f2-5f f3-5f)
69.024: (move f2-5f f2-4f)
69.318: (move f3-6f f4-6f)
69.322: (move f3-6f f4-6f)
69.491: (unlock f4-6f f5-6f key3-3 shape3)
69.695: (putdown f4-6f key3-3)
70.625: (putdown f3-6f key3-3)
70.844: (move f2-5f f3-5f)
71.447: (move f2-4f f2-3f)
71.792: (move f3-6f f3-5f)
72.103: (move f2-4f f1-4f)
68.948: (putdown f2-4f key3-3)
69.141: (pickup-and-loose f2-4f key1-0 key3-3)
69.336: (move f3-6f f4-6f)
69.447: (unlock f4-6f f5-6f key3-3 shape3)
69.651: (putdown f4-6f key3-3)
69.769: (putdown f4-6f key3-3)
70.876: (move f3-5f f3-6f)
71.009: (putdown f3-5f key3-3)
71.156: (move f4-6f f3-6f)
71.765: (move f3-6f f3-5f)
69.282: (move f3-6f f4-6f)
69.725: (putdown f4-6f key3-3)
70.343: (move f3-6f f3-5f)
70.574: (putdown f3-6f key3-3)
70.932: (putdown f3-6f key3-3)
71.189: (move f4-6f f3-6f)
71.446: (move f2-4f f2-3f)
71.623: (move f2-4f f2-3f)
71.751: (pickup f3-5f key1-0)
72.104: (move f2-4f f1-4f)
68.919: (move f3-5f f2-5f)
69.278: (move f3-6f f4-6f)
69.416: (unlock f4-6f f5-6f key3-3 shape3)
69.441: (move f3-6f f4-6f)
69.630: (putdown f4-6f key3-3)
70.204: (move f3-6f f3-5f)
70.534: (putdown f3-5f key3-3)
70.585: (move f3-5f f3-6f)
70.973: (putdown f3-6f key3-3)
71.224: (move f3-6f f3-5f)
68.545: (move f2-5f f2-4f)
68.792: (putdown f2-5f key3-3)
68.983: (move f3-5f f2-5f)
68.984: (pickup-and-loose f2-5f key1-0 key3-3)
69.312: (move f3-6f f4-6f)
69.462: (move f3-6f f4-6f)
69.702: (putdown f4-6f key3-3)
70.331: (pickup-and-loose f3-5f key1-0 key3-3)
70.496: (putdown f3-6f key1-0)
70.503: (putdown f3-5f key3-3)
68.533: (move f2-5f f2-4f)
68.544: (putdown f2-4f key3-3)
68.813: (putdown f2-5f key3-3)
69.265: (putdown f4-6f key1-0)
69.318: (move f3-6f f4-6f)
69.475: (move f2-5f f2-4f)
69.739: (move f2-5f f2-4f)
70.758: (pickup f3-6f key3-3)
70.868: (move f2-5f f3-5f)
71.012: (move f2-5f f3-5f)
68.549: (putdown f2-4f key3-3)
69.289: (move f3-6f f4-6f)
69.484: (move f2-5f f2-4f)
69.497: (putdown f2-4f key1-0)
70.593: (move f2-4f f2-3f)
70.598: (move f4-6f f3-6f)
70.837: (move f3-6f f3-5f)
70.928: (move f2-5f f3-5f)
70.928: (putdown f3-5f key1-0)
71.278: (move f2-4f f2-3f)
68.805: (move f2-4f f2-5f)
69.373: (unlock f4-6f f5-6f key3-3 shape3)
69.548: (move f3-5f f2-5f)
69.577: (putdown f4-6f key3-3)
70.594: (move f2-4f f2-3f)
70.899: (pickup f3-6f key3-3)
71.009: (putdown f3-5f key3-3)
71.288: (putdown f2-3f key3-3)
71.488: (move f2-4f f2-3f)
71.491: (move f2-4f f2-3f)
68.984: (pickup f2-5f key3-3)
69.000: (move f2-5f f2-4f)
69.203: (putdown f2-5f key3-3)
69.218: (move f3-6f f4-6f)
69.650: (putdown f4-6f key3-3)
70.862: (move f3-6f f3-5f)
70.944: (move f2-3f f2-4f)
71.015: (move f2-5f f3-5f)
71.019: (move f4-6f f3-6f)
72.443: (move f4-6f f4-7f)
68.548: (move f2-5f f2-4f)
68.881: (putdown f2-4f key3-3)
69.266: (unlock f4-6f f5-6f key3-3 shape3)
69.346: (pickup-and-loose f4-6f key1-0 key3-3)
69.546: (putdown f4-6f key3-3)
69.581: (move f3-5f f2-5f)
69.875: (move f2-5f f2-4f)
70.309: (move f3-6f f3-5f)
70.311: (move f2-5f f3-5f)
70.844: (putdown f3-6f key3-3)
68.608: (putdown f2-4f key3-3)
68.829: (pickup-and-loose f2-4f key1-0 key3-3)
68.952: (move f3-5f f2-5f)
69.085: (move f2-5f f2-4f)
69.226: (putdown f2-5f key3-3)
69.412: (pickup-and-loose f4-6f key1-0 key3-3)
69.442: (move f3-6f f4-6f)
69.607: (putdown f4-6f key3-3)
70.494: (putdown f3-5f key3-3)
70.506: (putdown f3-5f key3-3)
68.528: (move f2-5f f2-4f)
68.786: (putdown f2-5f key3-3)
68.959: (putdown f2-4f key3-3)
69.999: (move f2-5f f2-4f)
70.593: (move f2-4f f2-3f)
70.765: (move f2-4f f2-3f)
71.576: (move f2-4f f1-4f)
71.582: (move f2-5f f3-5f)
71.873: (move f2-4f f1-4f)
71.901: (move f2-4f f2-3f)
68.546: (putdown f2-4f key3-3)
69.416: (move f2-5f f2-4f)
70.496: (putdown f2-3f key1-0)
70.961: (move f2-5f f3-5f)
71.233: (move f2-4f f2-3f)
71.530: (move f2-4f f2-3f)
71.530: (putdown f1-4f key1-0)
71.849: (putdown f2-3f key3-3)
71.905: (move f2-4f f1-4f)
72.107: (move f2-4f f2-3f)
68.570: (move f1-4f f2-4f)
68.579: (move f2-3f f2-4f)
70.529: (move f2-4f f2-3f)
71.245: (putdown f2-3f key3-3)
71.387: (move f2-4f f2-3f)
71.463: (move f2-3f f2-4f)
71.526: (move f2-4f f1-4f)
71.929: (putdown f1-4f key3-3)
72.432: (move f2-4f f2-5f)
72.666: (move f2-4f f3-4f)
68.552: (pickup f2-4f key3-3)
68.553: (pickup f2-4f key3-3)
70.545: (move f2-4f f2-3f)
70.921: (move f2-3f f2-4f)
71.588: (move f2-4f f1-4f)
72.094: (move f1-4f f2-4f)
72.403: (move f2-4f f2-5f)
72.446: (move f2-4f f2-5f)
72.678: (move f2-4f f3-4f)
72.683: (move f2-4f f3-4f)
68.933: (move f2-4f f2-5f)
68.961: (move f2-4f f2-5f)
71.145: (move f2-4f f2-3f)
71.163: (move f2-4f f2-3f)
71.861: (move f2-4f f1-4f)
71.902: (move f2-4f f1-4f)
72.119: (move f2-4f f2-3f)
72.196: (move f2-4f f3-4f)
72.248: (move f2-4f f3-4f)
73.551: (move f2-4f f1-4f)
68.765: (putdown f2-5f key3-3)
68.797: (putdown f2-5f key3-3)
70.335: (move f3-4f f3-5f)
70.335: (move f2-5f f3-5f)
70.344: (move f3-4f f3-5f)
70.344: (move f2-5f f3-5f)
71.159: (putdown f2-3f key3-3)
71.220: (putdown f2-3f key3-3)
71.403: (pickup-and-loose f2-3f key1-0 key3-3)
71.913: (putdown f1-4f key3-3)
69.474: (move f2-5f f2-4f)
69.478: (move f2-5f f2-4f)
70.513: (putdown f3-5f key3-3)
70.514: (putdown f3-5f key3-3)
70.940: (move f2-3f f2-4f)
70.958: (move f2-3f f2-4f)
70.992: (move f2-5f f3-5f)
71.005: (move f2-5f f3-5f)
71.142: (move f3-5f f3-6f)
71.152: (move f3-5f f3-6f)
69.365: (move f3-6f f4-6f)
69.411: (move f3-6f f4-6f)
70.925: (putdown f3-6f key3-3)
70.934: (putdown f3-6f key3-3)
71.414: (move f2-4f f2-3f)
71.415: (move f2-4f f2-3f)
72.760: (move f3-5f f3-4f)
72.795: (move f3-5f f3-4f)
73.090: (move f3-5f f2-5f)
73.132: (move f3-5f f2-5f)
69.361: (move f3-6f f4-6f)
69.405: (move f3-6f f4-6f)
69.676: (putdown f4-6f key3-3)
69.707: (putdown f4-6f key3-3)
71.243: (move f3-6f f3-5f)
71.254: (move f3-6f f3-5f)
71.664: (pickup f2-3f key1-0)
72.925: (move f3-4f f2-4f)
72.925: (move f2-5f f2-4f)
72.937: (move f2-5f f2-4f)
72.096: (move f4-6f f4-7f)
72.102: (move f4-6f f4-7f)
72.326: (move f4-6f f5-6f)
72.336: (move f4-6f f5-6f)
72.821: (move f4-6f f4-5f)
72.835: (move f4-6f f4-5f)
73.066: (move f2-4f f2-3f)
73.098: (move f2-4f f2-3f)
73.640: (move f3-5f f3-4f)
73.673: (move f3-5f f3-4f)
71.664: (pickup f4-5f key0-0)
71.673: (pickup f4-5f key0-0)
72.342: (move f4-5f f3-5f)
72.353: (move f4-5f f3-5f)
72.367: (move f3-4f f2-4f)
72.381: (move f3-4f f2-4f)
73.337: (pickup f2-3f key1-0)
73.753: (move f5-6f f5-5f)
73.753: (move f4-5f f5-5f)
73.786: (move f5-6f f5-5f)
67.161: (move f4-5f f4-6f)
67.186: (move f4-5f f4-6f)
71.691: (move f2-4f f2-3f)
71.707: (move f2-4f f2-3f)
72.158: (move f4-5f f5-5f)
72.206: (move f4-5f f5-5f)
72.482: (move f3-5f f3-4f)
72.517: (move f3-5f f3-4f)
72.522: (move f4-5f f3-5f)
72.540: (move f4-5f f3-5f)
67.399: (pickup-and-loose f4-6f key3-3 key0-0)
67.429: (pickup-and-loose f4-6f key3-3 key0-0)
68.666: (putdown f4-6f key0-0)
68.696: (putdown f4-6f key0-0)
68.801: (move f5-5f f5-6f)
68.801: (move f4-6f f5-6f)
68.801: (move f5-5f f5-6f)
68.801: (move f4-6f f5-6f)
69.158: (move f4-6f f4-7f)
69.160: (move f4-6f f4-7f)
67.816: (unlock f4-7f f3-7f key0-0 shape0)
67.816: (unlock f4-7f f3-7f key0-0 shape0)
69.270: (move f4-6f f3-6f)
69.278: (move f4-6f f3-6f)
70.107: (putdown f5-6f key0-0)
70.113: (putdown f5-6f key0-0)
70.504: (putdown f4-7f key0-0)
70.509: (putdown f4-7f key0-0)
70.894: (move f4-6f f5-6f)
70.910: (move f4-6f f5-6f)
67.207: (move f4-7f f4-6f)
67.232: (move f4-7f f4-6f)
68.957: (putdown f4-7f key0-0)
68.961: (putdown f4-7f key0-0)
69.023: (putdown f3-6f key3-3)
69.028: (putdown f3-6f key3-3)
69.107: (move f5-6f f4-6f)
69.150: (move f5-6f f4-6f)
69.497: (move f4-7f f5-7f)
69.589: (move f4-7f f5-7f)
67.444: (pickup-and-loose f4-6f key3-3 key0-0)
67.475: (pickup-and-loose f4-6f key3-3 key0-0)
67.806: (move f3-6f f4-6f)
67.854: (move f3-6f f4-6f)
68.656: (move f5-7f f5-6f)
68.657: (move f4-6f f5-6f)
68.659: (move f4-6f f5-6f)
68.659: (move f5-7f f5-6f)
68.709: (putdown f4-6f key0-0)
68.739: (putdown f4-6f key0-0)
67.228: (pickup f4-6f key0-0)
67.252: (pickup f4-6f key0-0)
69.270: (move f4-6f f3-6f)
69.277: (move f4-6f f3-6f)
69.414: (move f4-6f f4-7f)
69.426: (move f4-6f f4-7f)
69.981: (putdown f5-6f key0-0)
69.986: (putdown f5-6f key0-0)
70.742: (move f4-6f f5-6f)
70.757: (move f4-6f f5-6f)
69.013: (move f5-6f f4-6f)
69.026: (putdown f3-6f key3-3)
69.031: (putdown f3-6f key3-3)
69.059: (move f5-6f f4-6f)
69.280: (move f3-6f f3-5f)
69.280: (move f3-6f f3-5f)
70.024: (putdown f4-7f key3-3)
70.035: (putdown f4-7f key3-3)
70.253: (move f4-6f f5-6f)
70.259: (move f4-6f f5-6f)
67.638: (move f3-6f f4-6f)
67.689: (move f3-6f f4-6f)
68.683: (pickup f4-6f key3-3)
68.733: (pickup f4-6f key3-3)
68.924: (putdown f3-5f key3-3)
68.927: (putdown f3-5f key3-3)
69.285: (move f4-6f f4-7f)
69.287: (move f4-6f f4-7f)
69.446: (move f4-7f f4-6f)
69.492: (move f4-7f f4-6f)
67.040: (pickup f4-6f key0-0)
67.083: (pickup f4-6f key0-0)
69.359: (pickup f4-6f key0-0)
69.404: (pickup f4-6f key0-0)
70.025: (move f4-6f f3-6f)
70.029: (move f4-6f f3-6f)
70.583: (move f4-6f f4-7f)
70.585: (move f4-6f f4-7f)
70.971: (move f4-6f f5-6f)
70.976: (move f4-6f f5-6f)
67.841: (move f3-6f f3-5f)
67.841: (move f3-6f f3-5f)
69.941: (move f4-6f f4-7f)
69.949: (move f4-6f f4-7f)
69.981: (putdown f3-6f key3-3)
69.984: (putdown f3-6f key3-3)
70.014: (move f4-6f f5-6f)
70.017: (move f4-6f f5-6f)
70.182: (move f4-6f f4-7f)
70.186: (move f4-6f f4-7f)
67.354: (move f3-5f f2-5f)
67.381: (move f3-5f f2-5f)
67.900: (putdown f3-5f key3-3)
67.903: (putdown f3-5f key3-3)
68.753: (move f3-6f f4-6f)
68.796: (move f3-6f f4-6f)
69.657: (move f3-6f f3-5f)
69.670: (move f3-6f f3-5f)
70.090: (move f3-5f f3-4f)
70.114: (move f3-5f f3-4f)
65.274: (move f3-4f f2-4f)
65.275: (move f2-5f f2-4f)
65.285: (move f3-4f f2-4f)
65.285: (move f2-5f f2-4f)
67.380: (putdown f2-5f key3-3)
67.410: (putdown f2-5f key3-3)
69.551: (move f3-5f f3-4f)
69.587: (move f3-5f f3-4f)
70.219: (move f3-5f f2-5f)
70.252: (move f3-5f f2-5f)
65.775: (putdown f2-4f key3-3)
65.788: (putdown f2-4f key3-3)
66.511: (move f2-5f f2-4f)
66.515: (move f2-5f f2-4f)
68.501: (move f2-4f f2-3f)
68.538: (move f2-4f f2-3f)
68.675: (move f2-4f f1-4f)
68.702: (move f2-4f f1-4f)
69.171: (move f2-5f f3-5f)
69.186: (move f2-5f f3-5f)
68.354: (move f2-4f f2-3f)
68.392: (move f2-4f f2-3f)
68.660: (move f2-4f f1-4f)
68.706: (move f2-4f f1-4f)
69.143: (putdown f2-3f key3-3)
69.214: (putdown f2-3f key3-3)
69.222: (putdown f1-4f key3-3)
69.230: (putdown f1-4f key3-3)
69.261: (move f2-4f f2-3f)
69.262: (move f2-4f f2-3f)
68.388: (move f2-3f f2-4f)
68.402: (move f2-3f f2-4f)
68.624: (pickup f2-3f key1-0)
69.049: (pickup f1-4f key1-0)
69.298: (pickup f2-3f key1-0)
69.505: (pickup f2-3f key1-0)
69.595: (pickup f1-4f key1-0)
69.602: (move f1-4f f2-4f)
69.620: (move f1-4f f2-4f)
70.271: (move f2-3f f1-3f)
66.062: (move f2-3f f2-4f)
66.062: (move f1-4f f2-4f)
66.779: (move f2-3f f2-4f)
68.624: (move f2-3f f2-4f)
69.870: (move f1-4f f2-4f)
70.213: (move f2-4f f2-3f)
70.274: (move f2-4f f2-3f)
70.396: (move f2-3f f1-3f)
70.811: (move f2-4f f1-4f)
70.847: (move f2-4f f1-4f)
65.276: (pickup-and-loose f2-4f key3-3 key1-0)
65.814: (putdown f2-4f key1-0)
66.526: (putdown f2-4f key1-0)
67.609: (move f2-4f f2-5f)
68.358: (putdown f2-4f key1-0)
69.594: (putdown f2-4f key1-0)
69.857: (move f2-4f f3-4f)
70.196: (putdown f1-3f key1-0)
70.295: (move f1-4f f1-3f)
70.482: (move f2-4f f2-3f)
67.349: (pickup-and-loose f2-5f key3-3 key1-0)
67.406: (putdown f2-5f key1-0)
67.414: (move f2-4f f2-5f)
67.421: (move f2-4f f2-5f)
68.440: (move f2-4f f2-3f)
68.555: (move f2-4f f2-3f)
68.682: (move f2-4f f1-4f)
68.726: (move f2-4f f1-4f)
69.157: (move f2-5f f3-5f)
69.166: (move f1-3f f2-3f)
65.261: (move f2-5f f2-4f)
66.512: (move f2-5f f2-4f)
67.835: (move f2-5f f3-5f)
67.903: (move f2-5f f3-5f)
68.423: (move f2-3f f2-4f)
68.523: (pickup f2-3f key3-3)
69.078: (putdown f3-5f key1-0)
69.184: (move f2-5f f3-5f)
69.189: (putdown f2-3f key3-3)
69.195: (move f2-5f f3-5f)
65.250: (move f2-3f f2-4f)
65.744: (putdown f2-4f key3-3)
67.434: (move f3-5f f2-5f)
67.892: (putdown f3-5f key3-3)
67.954: (putdown f3-5f key3-3)
68.621: (move f2-4f f2-3f)
68.783: (move f2-4f f1-4f)
69.281: (move f2-4f f2-3f)
69.721: (move f2-3f f1-3f)
70.035: (move f3-5f f3-6f)
65.758: (putdown f2-4f key3-3)
66.533: (move f2-5f f2-4f)
67.382: (move f2-4f f2-5f)
67.444: (pickup f2-5f key3-3)
68.439: (move f2-4f f2-3f)
68.678: (move f2-4f f1-4f)
68.678: (move f1-3f f1-4f)
68.706: (move f2-4f f1-4f)
68.732: (move f3-6f f4-6f)
69.213: (putdown f2-3f key3-3)
65.247: (move f2-5f f2-4f)
67.400: (putdown f2-5f key3-3)
67.758: (move f2-5f f3-5f)
67.783: (move f2-5f f3-5f)
68.347: (move f2-3f f2-4f)
68.379: (move f2-4f f2-3f)
68.637: (move f2-4f f1-4f)
69.056: (putdown f4-6f key3-3)
69.187: (putdown f1-4f key3-3)
69.312: (move f2-4f f2-3f)
65.741: (putdown f2-4f key3-3)
66.493: (move f2-5f f2-4f)
67.848: (putdown f3-5f key3-3)
67.879: (putdown f3-5f key3-3)
68.069: (pickup-and-loose f3-5f key1-0 key3-3)
68.574: (move f2-4f f2-3f)
68.692: (move f2-4f f1-4f)
69.153: (move f2-5f f3-5f)
69.321: (move f4-6f f4-7f)
69.612: (move f1-4f f2-4f)
68.400: (move f2-4f f2-3f)
68.638: (move f2-4f f1-4f)
69.204: (putdown f2-3f key3-3)
69.212: (putdown f1-4f key3-3)
69.276: (move f2-4f f2-3f)
69.596: (move f3-5f f3-4f)
69.633: (move f3-5f f3-4f)
69.684: (move f3-5f f3-4f)
69.730: (move f2-4f f3-4f)
69.816: (move f1-4f f1-3f)
68.382: (move f2-3f f2-4f)
69.539: (putdown f3-4f key1-0)
69.610: (move f1-4f f2-4f)
70.303: (move f2-3f f1-3f)
70.374: (putdown f1-3f key3-3)
70.398: (move f3-4f f2-4f)
70.428: (move f3-4f f2-4f)
70.696: (move f3-4f f2-4f)
70.952: (move f1-4f f1-3f)
72.481: (move f1-4f f1-3f)
67.931: (move f3-4f f3-5f)
70.117: (move f1-3f f2-3f)
70.133: (move f1-3f f1-4f)
70.260: (move f2-4f f2-5f)
70.276: (move f2-4f f2-3f)
70.277: (move f1-3f f2-3f)
70.278: (move f2-4f f2-5f)
70.393: (putdown f2-4f key1-0)
70.437: (move f3-4f f2-4f)
70.468: (move f2-4f f2-5f)
67.861: (pickup f3-5f key3-3)
69.588: (move f2-4f f3-4f)
70.249: (putdown f2-5f key1-0)
70.259: (move f2-4f f2-5f)
70.259: (move f3-5f f2-5f)
70.277: (move f2-4f f2-5f)
70.720: (move f2-4f f2-3f)
70.729: (move f2-4f f2-3f)
70.913: (move f2-3f f2-4f)
70.913: (move f1-4f f2-4f)
67.334: (move f3-5f f2-5f)
70.004: (move f3-5f f3-6f)
70.111: (move f3-5f f3-4f)
70.493: (move f2-5f f2-4f)
72.379: (move f2-4f f3-4f)
72.782: (move f2-3f f3-3f)
72.786: (move f3-4f f3-3f)
72.786: (move f2-3f f3-3f)
73.543: (move f2-3f f1-3f)
73.606: (move f2-3f f1-3f)
65.241: (move f3-4f f2-4f)
65.241: (move f2-5f f2-4f)
67.368: (putdown f2-5f key3-3)
68.809: (move f3-6f f4-6f)
69.632: (move f2-4f f3-4f)
69.967: (putdown f3-6f key3-3)
70.518: (putdown f3-4f key3-3)
70.561: (pickup-and-loose f3-4f key1-0 key3-3)
70.774: (move f2-4f f2-3f)
71.279: (move f2-5f f1-5f)
65.757: (putdown f2-4f key3-3)
66.478: (move f2-5f f2-4f)
67.451: (move f3-4f f2-4f)
67.733: (move f3-4f f2-4f)
68.491: (move f2-4f f2-3f)
68.664: (move f2-4f f1-4f)
68.664: (move f1-5f f1-4f)
68.877: (move f3-6f f4-6f)
69.139: (putdown f4-6f key3-3)
69.157: (move f2-5f f3-5f)
67.455: (putdown f2-4f key1-0)
68.371: (move f2-4f f2-3f)
68.656: (move f2-4f f1-4f)
69.135: (putdown f2-3f key3-3)
69.195: (putdown f1-4f key3-3)
69.281: (move f2-4f f2-3f)
69.350: (move f4-6f f4-7f)
69.689: (move f2-4f f3-4f)
69.783: (move f1-4f f1-3f)
69.783: (move f2-3f f1-3f)
68.396: (move f2-3f f2-4f)
69.588: (move f1-4f f2-4f)
69.929: (move f2-4f f2-3f)
70.307: (move f2-3f f1-3f)
70.360: (putdown f1-3f key3-3)
70.509: (move f2-4f f3-4f)
70.575: (move f2-4f f1-4f)
70.964: (move f1-4f f1-3f)
71.132: (move f4-7f f5-7f)
71.770: (move f2-4f f2-5f)
70.012: (move f5-7f f5-6f)
70.079: (move f1-3f f2-3f)
70.120: (move f1-3f f1-4f)
70.143: (pickup f3-4f key3-3)
70.227: (move f2-4f f2-3f)
70.227: (move f1-3f f2-3f)
70.247: (move f2-5f f3-5f)
70.247: (move f3-4f f3-5f)
70.855: (move f2-4f f1-4f)
70.856: (move f1-3f f1-4f)
68.680: (pickup f5-6f key0-0)
70.926: (move f2-3f f2-4f)
70.926: (move f1-4f f2-4f)
72.373: (move f2-3f f3-3f)
72.680: (move f3-4f f3-3f)
72.940: (move f5-6f f6-6f)
73.059: (move f2-3f f3-3f)
73.209: (move f5-6f f5-5f)
74.740: (move f1-4f f0-4f)
75.261: (move f2-3f f2-2f)
67.284: (move f5-6f f4-6f)
69.436: (move f5-6f f5-7f)
71.698: (pickup f3-3f key0-1)
71.740: (move f5-5f f4-5f)
71.959: (move f5-6f f5-5f)
72.152: (move f3-3f f3-4f)
72.227: (move f5-6f f6-6f)
72.240: (pickup f3-3f key0-1)
72.354: (move f2-4f f3-4f)
72.354: (move f3-3f f3-4f)
67.521: (pickup-and-loose f4-6f key3-3 key0-0)
67.859: (move f5-7f f4-7f)
67.859: (move f4-6f f4-7f)
68.785: (putdown f4-6f key0-0)
69.217: (putdown f5-7f key0-0)
70.702: (move f4-5f f3-5f)
71.113: (move f3-3f f2-3f)
71.195: (move f3-3f f3-4f)
71.210: (move f3-3f f2-3f)
71.231: (move f3-3f f3-4f)
66.984: (move f5-7f f4-7f)
67.589: (move f5-7f f5-6f)
68.747: (move f2-3f f1-3f)
68.944: (move f3-4f f2-4f)
68.944: (move f2-3f f2-4f)
69.008: (putdown f4-7f key0-0)
69.249: (move f4-6f f3-6f)
69.398: (move f2-3f f1-3f)
69.466: (move f4-6f f4-7f)
69.853: (move f3-4f f2-4f)
66.245: (move f5-6f f4-6f)
66.245: (move f4-7f f4-6f)
66.554: (move f2-4f f1-4f)
66.554: (move f1-3f f1-4f)
67.887: (move f2-4f f1-4f)
67.887: (move f1-3f f1-4f)
69.006: (putdown f3-6f key3-3)
69.297: (move f3-6f f3-5f)
69.841: (move f4-7f f3-7f)
69.876: (move f4-7f f4-6f)
66.077: (pickup f4-6f key3-3)
67.750: (move f3-6f f4-6f)
67.787: (pickup-and-loose f1-4f key3-3 key0-1)
68.565: (putdown f1-4f key0-1)
68.707: (move f4-6f f4-5f)
68.953: (putdown f3-5f key3-3)
69.366: (putdown f1-4f key0-1)
69.535: (move f1-4f f1-5f)
69.584: (move f3-6f f3-5f)
69.794: (pickup f4-6f key3-3)
66.727: (move f1-4f f2-4f)
67.141: (pickup f4-6f key0-0)
67.236: (move f4-6f f3-6f)
67.319: (move f4-5f f3-5f)
68.684: (move f4-6f f4-7f)
68.972: (move f4-6f f5-6f)
69.919: (move f1-4f f1-5f)
70.416: (move f4-5f f5-5f)
70.547: (move f4-6f f4-5f)
70.634: (move f4-6f f4-7f)
64.905: (move f4-5f f3-5f)
64.905: (move f3-6f f3-5f)
66.963: (putdown f3-6f key3-3)
67.053: (putdown f2-4f key3-3)
68.280: (move f2-4f f2-5f)
68.280: (move f1-5f f2-5f)
68.460: (move f3-5f f3-4f)
68.558: (unlock f1-5f f1-6f key3-3 shape3)
68.627: (move f3-6f f3-7f)
68.627: (move f4-7f f3-7f)
64.883: (putdown f3-5f key3-3)
65.653: (move f3-5f f2-5f)
65.904: (move f3-6f f4-6f)
66.617: (move f3-6f f3-5f)
66.725: (move f3-4f f2-4f)
67.543: (move f1-5f f1-4f)
68.234: (move f2-4f f1-4f)
68.388: (move f3-7f f2-7f)
68.462: (putdown f2-5f key3-3)
68.527: (pickup f3-4f key1-0)
65.040: (move f2-5f f2-4f)
65.432: (putdown f2-5f key3-3)
65.686: (move f2-4f f2-3f)
66.066: (move f1-4f f2-4f)
66.254: (pickup f1-4f key0-1)
66.317: (pickup-and-loose f2-7f key0-3 key3-3)
66.749: (pickup-and-loose f1-4f key0-1 key3-3)
67.041: (move f3-4f f2-4f)
67.350: (move f3-4f f3-5f)
67.529: (putdown f2-7f key3-3)
64.670: (putdown f2-4f key3-3)
64.913: (move f1-4f f2-4f)
65.766: (move f2-5f f2-4f)
65.800: (move f2-5f f3-5f)
65.906: (move f2-4f f2-3f)
66.744: (putdown f2-4f key1-0)
66.859: (putdown f2-4f key3-3)
67.239: (putdown f3-5f key1-0)
67.826: (move f2-3f f1-3f)
67.891: (move f2-7f f1-7f)
65.662: (pickup-and-loose f2-4f key3-3 key0-1)
65.670: (putdown f2-3f key1-0)
65.701: (move f2-4f f2-3f)
66.311: (putdown f2-4f key0-1)
67.324: (move f2-4f f1-4f)
67.512: (move f2-4f f2-3f)
67.792: (move f2-4f f1-4f)
68.043: (move f2-3f f1-3f)
68.149: (move f2-4f f3-4f)
68.185: (move f2-4f f2-3f)
65.591: (pickup f1-4f key0-1)
66.756: (move f2-4f f2-5f)
66.773: (move f2-3f f2-4f)
67.659: (move f2-4f f1-4f)
67.795: (putdown f1-3f key1-0)
67.797: (move f2-3f f1-3f)
67.835: (move f2-3f f1-3f)
68.181: (pickup f3-4f key1-0)
69.098: (move f1-3f f1-4f)
69.610: (move f2-4f f2-3f)
64.649: (move f1-4f f2-4f)
64.860: (move f3-4f f2-4f)
65.698: (move f1-3f f2-3f)
67.035: (putdown f2-5f key3-3)
67.449: (move f1-4f f1-3f)
67.612: (move f1-4f f1-5f)
67.744: (move f2-5f f1-5f)
67.744: (move f1-4f f1-5f)
68.113: (move f2-5f f3-5f)
68.318: (putdown f1-4f key3-3)
64.700: (putdown f2-4f key1-0)
64.787: (pickup-and-loose f2-4f key3-3 key0-1)
65.079: (pickup-and-loose f2-4f key3-3 key1-0)
65.813: (putdown f2-4f key0-1)
66.736: (move f2-3f f2-4f)
66.831: (move f2-5f f2-4f)
66.833: (unlock f1-5f f1-6f key3-3 shape3)
67.662: (move f2-4f f2-3f)
68.114: (move f2-4f f1-4f)
68.181: (putdown f3-5f key3-3)
65.513: (pickup f2-4f key0-1)
65.736: (move f2-4f f2-5f)
66.537: (move f1-5f f2-5f)
66.538: (move f2-4f f2-5f)
67.214: (move f1-5f f1-4f)
67.214: (move f2-4f f1-4f)
67.482: (putdown f2-3f key1-0)
67.589: (move f2-4f f2-3f)
67.750: (putdown f1-5f key3-3)
67.781: (putdown f1-4f key1-0)
64.698: (move f1-4f f2-4f)
64.712: (move f2-3f f2-4f)
64.911: (move f2-5f f3-5f)
65.485: (putdown f2-5f key3-3)
65.814: (move f2-4f f2-5f)
67.394: (move f2-4f f1-4f)
67.471: (putdown f2-5f key3-3)
68.097: (putdown f1-4f key3-3)
68.236: (move f2-5f f3-5f)
68.431: (move f1-5f f1-4f)
64.859: (putdown f3-5f key3-3)
65.085: (pickup f2-4f key3-3)
65.097: (pickup f2-4f key3-3)
65.827: (move f2-5f f2-4f)
65.839: (move f2-5f f3-5f)
65.950: (move f2-5f f2-4f)
66.011: (move f1-4f f1-5f)
66.011: (move f2-5f f1-5f)
66.445: (pickup-and-loose f2-5f key3-3 key0-1)
66.625: (putdown f2-5f key0-1)
64.898: (pickup f2-4f key0-1)
65.036: (move f2-5f f2-4f)
65.683: (move f2-4f f2-5f)
65.708: (move f2-4f f2-5f)
65.986: (pickup f2-4f key1-0)
66.819: (move f2-5f f1-5f)
67.251: (move f2-5f f3-5f)
67.375: (move f2-5f f2-4f)
67.431: (putdown f1-5f key0-1)
68.028: (move f3-5f f3-4f)
64.939: (move f2-5f f3-5f)
64.942: (move f2-5f f3-5f)
65.170: (putdown f2-4f key3-3)
65.447: (putdown f2-5f key3-3)
65.478: (putdown f2-5f key3-3)
65.662: (move f2-4f f2-5f)
66.321: (move f2-4f f1-4f)
66.440: (move f2-4f f2-5f)
66.914: (unlock f1-5f f1-6f key3-3 shape3)
67.102: (putdown f3-5f key3-3)
64.863: (putdown f3-5f key3-3)
64.866: (putdown f3-5f key3-3)
65.472: (putdown f2-5f key1-0)
65.681: (pickup-and-loose f2-5f key3-3 key1-0)
65.734: (move f2-5f f3-5f)
65.806: (move f2-5f f3-5f)
65.809: (move f2-5f f3-5f)
65.815: (move f2-5f f2-4f)
65.820: (move f2-5f f2-4f)
65.992: (move f2-5f f1-5f)
64.964: (move f2-5f f3-5f)
65.062: (move f2-5f f2-4f)
65.704: (putdown f3-5f key1-0)
65.805: (move f2-5f f2-4f)
65.842: (move f2-5f f3-5f)
67.384: (putdown f1-5f key0-1)
68.045: (move f3-5f f3-4f)
68.085: (move f3-5f f3-4f)
68.178: (move f2-4f f2-3f)
68.210: (move f2-4f f2-3f)
64.702: (putdown f2-4f key3-3)
64.918: (putdown f3-5f key3-3)
65.429: (move f3-5f f2-5f)
67.288: (move f3-5f f3-6f)
68.210: (move f2-4f f2-3f)
68.423: (pickup f2-3f key1-0)
68.736: (move f2-4f f1-4f)
68.837: (move f2-4f f2-3f)
69.029: (move f3-5f f3-4f)
69.038: (move f2-4f f3-4f)
65.699: (pickup f2-5f key3-3)
65.846: (move f2-5f f2-4f)
65.847: (move f3-4f f2-4f)
66.093: (move f3-6f f4-6f)
67.006: (putdown f3-6f key3-3)
67.619: (move f2-4f f2-3f)
67.793: (move f2-4f f1-4f)
68.148: (move f3-5f f3-4f)
68.444: (move f2-4f f3-4f)
68.460: (putdown f2-3f key3-3)
64.743: (move f2-5f f3-5f)
65.073: (move f2-5f f2-4f)
65.863: (move f3-6f f4-6f)
66.251: (putdown f4-6f key3-3)
66.606: (move f3-6f f3-5f)
67.500: (move f2-3f f2-4f)
68.255: (move f2-4f f2-3f)
68.777: (move f4-6f f4-7f)
68.777: (move f3-6f f3-7f)
68.794: (move f3-6f f2-6f)
64.705: (pickup-and-loose f3-5f key1-0 key3-3)
64.722: (putdown f2-4f key3-3)
64.771: (putdown f3-5f key3-3)
67.062: (move f4-6f f4-7f)
67.265: (move f3-5f f3-6f)
67.684: (move f4-6f f5-6f)
68.658: (move f4-7f f3-7f)
68.712: (move f2-4f f1-4f)
68.752: (move f4-6f f4-5f)
68.812: (move f2-4f f2-3f)
66.017: (move f3-6f f4-6f)
66.984: (putdown f3-6f key3-3)
67.392: (move f4-5f f3-5f)
67.580: (move f2-4f f2-3f)
67.808: (move f2-4f f1-4f)
67.891: (move f3-5f f3-4f)
68.057: (move f3-5f f3-4f)
68.272: (move f2-4f f3-4f)
68.405: (move f3-7f f2-7f)
68.436: (putdown f2-3f key3-3)
65.841: (move f3-6f f4-6f)
66.191: (putdown f4-6f key3-3)
66.323: (pickup-and-loose f2-7f key0-3 key3-3)
66.533: (move f3-6f f3-5f)
67.545: (putdown f2-7f key3-3)
67.559: (move f2-3f f2-4f)
67.885: (putdown f3-4f key1-0)
68.242: (move f2-7f f1-7f)
68.569: (move f3-5f f3-4f)
68.720: (move f4-6f f4-7f)
66.429: (unlock f1-7f f1-6f key3-3 shape3)
66.555: (pickup f3-5f key1-0)
66.760: (move f3-4f f2-4f)
67.039: (move f4-6f f4-7f)
67.656: (move f4-6f f5-6f)
67.891: (move f2-7f f1-7f)
68.584: (move f2-7f f2-6f)
68.612: (move f4-7f f3-7f)
68.742: (move f4-6f f4-5f)
68.757: (move f2-7f f3-7f)
65.770: (move f2-4f f2-3f)
66.925: (pickup-and-loose f1-7f key2-0 key3-3)
66.998: (move f3-5f f3-6f)
67.689: (putdown f1-7f key3-3)
67.701: (move f1-7f f2-7f)
68.042: (move f1-7f f1-6f)
68.364: (move f3-7f f2-7f)
68.485: (move f3-7f f4-7f)
68.712: (move f2-4f f1-4f)
68.760: (putdown f3-7f key3-3)
65.876: (move f3-6f f4-6f)
66.294: (pickup-and-loose f2-7f key0-3 key3-3)
66.910: (putdown f3-6f key1-0)
67.067: (move f4-7f f4-6f)
67.143: (pickup-and-loose f3-6f key3-3 key1-0)
67.508: (putdown f2-7f key3-3)
67.559: (pickup-and-loose f2-7f key0-3 key3-3)
67.850: (move f1-4f f1-3f)
67.851: (move f2-3f f1-3f)
68.202: (move f2-7f f1-7f)
64.981: (move f3-6f f3-5f)
65.775: (putdown f4-6f key1-0)
65.859: (move f3-6f f4-6f)
66.007: (move f3-6f f4-6f)
66.390: (unlock f1-7f f1-6f key3-3 shape3)
66.487: (move f2-7f f1-7f)
66.626: (move f3-6f f3-5f)
67.921: (move f2-7f f1-7f)
68.467: (move f4-6f f5-6f)
68.550: (move f2-7f f2-6f)
64.928: (putdown f3-5f key3-3)
65.674: (move f3-5f f2-5f)
66.158: (putdown f4-6f key3-3)
66.891: (pickup-and-loose f1-7f key2-0 key3-3)
67.054: (move f4-6f f3-6f)
67.097: (pickup-and-loose f1-7f key2-0 key0-3)
67.635: (move f1-7f f2-7f)
67.661: (putdown f1-7f key3-3)
67.981: (move f1-7f f1-6f)
68.035: (putdown f1-7f key0-3)
65.076: (move f2-5f f2-4f)
65.433: (putdown f2-5f key3-3)
66.614: (move f3-6f f3-5f)
67.003: (move f4-6f f4-7f)
67.134: (move f1-7f f2-7f)
67.338: (pickup f3-6f key3-3)
67.473: (pickup-and-loose f2-7f key0-3 key3-3)
67.600: (move f4-6f f5-6f)
68.138: (move f3-5f f3-4f)
68.324: (move f2-7f f3-7f)
64.681: (putdown f2-4f key3-3)
64.908: (move f3-6f f3-5f)
65.787: (move f2-5f f2-4f)
65.859: (move f2-5f f3-5f)
65.948: (move f3-6f f4-6f)
66.445: (move f2-7f f1-7f)
66.664: (pickup-and-loose f2-7f key3-3 key2-0)
67.465: (putdown f2-7f key2-0)
67.470: (move f3-7f f4-7f)
67.871: (move f3-7f f3-6f)
64.865: (putdown f3-5f key3-3)
65.663: (move f3-6f f3-5f)
65.798: (move f3-5f f2-5f)
65.882: (move f2-7f f1-7f)
65.964: (pickup-and-loose f4-6f key1-0 key3-3)
66.180: (putdown f4-6f key3-3)
66.897: (move f4-7f f4-6f)
66.897: (move f3-6f f4-6f)
67.052: (pickup-and-loose f1-7f key2-0 key0-3)
67.505: (move f2-4f f2-3f)
65.026: (move f3-5f f2-5f)
65.141: (move f2-5f f2-4f)
65.422: (pickup-and-loose f1-7f key0-3 key3-3)
65.555: (putdown f2-5f key3-3)
66.498: (putdown f3-5f key3-3)
66.528: (pickup-and-loose f3-5f key1-0 key3-3)
67.050: (move f1-7f f2-7f)
67.057: (move f4-6f f4-7f)
67.113: (move f1-7f f1-6f)
67.155: (putdown f1-7f key3-3)
64.577: (move f2-5f f2-4f)
64.700: (putdown f2-4f key3-3)
65.865: (move f2-5f f3-5f)
65.904: (move f2-5f f2-4f)
65.987: (putdown f2-5f key3-3)
66.600: (pickup-and-loose f2-7f key3-3 key2-0)
66.957: (pickup-and-loose f1-6f key1-1 key3-3)
67.381: (putdown f2-7f key2-0)
67.542: (move f3-5f f2-5f)
67.753: (move f1-7f f0-7f)
65.329: (putdown f2-4f key3-3)
65.420: (move f2-5f f2-4f)
65.855: (move f2-7f f1-7f)
66.629: (move f2-5f f3-5f)
67.436: (move f2-4f f1-4f)
67.612: (move f2-4f f2-3f)
67.650: (move f2-7f f1-7f)
67.884: (move f2-4f f1-4f)
67.909: (move f2-5f f2-4f)
67.979: (move f1-6f f1-7f)
65.404: (pickup-and-loose f1-7f key0-3 key3-3)
66.161: (pickup f1-7f key0-3)
66.746: (pickup f3-5f key1-0)
67.056: (move f1-7f f1-6f)
67.130: (putdown f1-7f key3-3)
67.180: (move f2-4f f1-4f)
67.770: (pickup-and-loose f1-7f key0-3 key1-1)
67.824: (move f2-4f f2-5f)
67.849: (move f1-4f f1-3f)
67.876: (move f1-7f f2-7f)
65.841: (move f1-7f f2-7f)
66.330: (move f3-5f f2-5f)
66.873: (pickup-and-loose f1-6f key1-1 key3-3)
66.976: (move f1-7f f1-6f)
67.476: (move f1-7f f1-6f)
67.800: (move f1-7f f0-7f)
67.829: (move f1-6f f1-5f)
68.094: (putdown f1-6f key3-3)
68.233: (move f1-7f f0-7f)
68.329: (putdown f1-3f key3-3)
64.987: (pickup-and-loose f2-5f key3-3 key1-0)
65.605: (move f2-5f f2-4f)
65.878: (move f1-5f f2-5f)
65.987: (putdown f2-5f key1-0)
66.109: (pickup-and-loose f2-7f key3-3 key0-3)
66.573: (pickup-and-loose f2-7f key2-0 key0-3)
66.828: (move f0-7f f0-6f)
66.829: (move f1-6f f0-6f)
66.901: (putdown f2-7f key0-3)
66.902: (move f1-5f f1-4f)
64.526: (move f2-5f f2-4f)
65.217: (move f2-5f f2-4f)
65.218: (move f1-4f f2-4f)
65.283: (putdown f2-4f key1-0)
65.391: (move f2-5f f2-4f)
65.798: (move f2-7f f1-7f)
65.827: (move f2-5f f3-5f)
66.059: (move f2-5f f3-5f)
66.278: (move f1-4f f1-3f)
66.547: (putdown f2-5f key3-3)
65.258: (putdown f2-4f key3-3)
65.848: (putdown f2-4f key3-3)
66.028: (move f2-4f f2-5f)
66.359: (move f2-5f f2-4f)
66.605: (putdown f3-5f key3-3)
66.686: (putdown f1-3f key3-3)
66.798: (putdown f3-5f key3-3)
66.845: (pickup-and-loose f3-5f key1-0 key3-3)
66.953: (putdown f1-7f key3-3)
67.123: (move f2-5f f1-5f)
65.057: (pickup f2-5f key3-3)
66.376: (move f2-4f f2-3f)
66.666: (move f2-4f f1-4f)
66.850: (move f3-5f f3-4f)
66.855: (move f2-5f f3-5f)
67.115: (move f3-5f f3-4f)
67.140: (move f2-4f f2-3f)
67.193: (move f2-4f f1-4f)
67.498: (move f3-5f f2-5f)
67.807: (move f2-4f f2-5f)
64.467: (move f2-5f f2-4f)
65.815: (move f2-5f f3-5f)
66.965: (putdown f3-4f key1-0)
67.819: (pickup f2-5f key1-0)
67.945: (move f2-5f f2-4f)
68.180: (pickup f2-5f key1-0)
68.414: (move f2-3f f1-3f)
68.414: (move f1-4f f1-3f)
68.738: (move f1-4f f1-3f)
68.811: (move f2-5f f1-5f)
65.246: (putdown f2-4f key3-3)
65.527: (pickup-and-loose f2-4f key1-0 key3-3)
65.528: (move f2-5f f2-4f)
66.600: (putdown f3-5f key3-3)
66.893: (move f3-4f f3-5f)
67.454: (move f1-5f f1-4f)
67.454: (move f2-4f f1-4f)
67.861: (move f3-5f f3-6f)
68.029: (move f1-5f f1-6f)
68.154: (move f2-5f f2-4f)
66.198: (pickup f3-5f key3-3)
66.374: (move f1-6f f1-7f)
66.804: (move f3-6f f4-6f)
67.198: (move f2-4f f1-4f)
67.557: (move f3-5f f2-5f)
67.630: (move f2-4f f1-4f)
67.837: (putdown f2-4f key1-0)
67.875: (move f2-4f f2-5f)
67.974: (move f1-4f f1-3f)
68.080: (putdown f1-4f key3-3)
65.829: (move f3-5f f2-5f)
66.881: (pickup-and-loose f1-7f key2-0 key3-3)
67.145: (putdown f1-4f key1-0)
67.450: (move f4-6f f4-7f)
67.550: (putdown f4-6f key3-3)
67.648: (putdown f1-7f key3-3)
67.711: (move f1-7f f2-7f)
68.013: (move f1-4f f2-4f)
68.188: (move f1-4f f1-3f)
68.313: (move f3-5f f3-6f)
65.150: (move f2-5f f2-4f)
65.328: (move f1-4f f2-4f)
66.549: (putdown f2-5f key3-3)
66.592: (move f3-6f f4-6f)
67.559: (pickup-and-loose f2-7f key0-3 key3-3)
67.833: (move f2-5f f1-5f)
67.852: (move f4-6f f4-7f)
68.252: (putdown f4-7f key3-3)
68.300: (move f4-7f f3-7f)
68.300: (move f2-7f f3-7f)
64.577: (pickup f2-4f key3-3)
65.790: (putdown f2-4f key3-3)
66.255: (move f2-5f f2-4f)
66.422: (move f2-7f f1-7f)
66.693: (move f4-6f f4-7f)
66.844: (move f2-4f f1-4f)
66.844: (move f1-5f f1-4f)
67.095: (move f1-5f f1-6f)
67.095: (move f2-5f f1-5f)
67.163: (move f2-4f f2-3f)
65.061: (move f2-4f f2-5f)
65.786: (move f1-6f f1-7f)
66.282: (move f2-4f f2-3f)
66.378: (move f1-4f f1-3f)
66.378: (move f2-3f f1-3f)
66.667: (move f2-4f f1-4f)
66.929: (pickup-and-loose f1-6f key1-1 key3-3)
67.029: (pickup-and-loose f1-7f key2-0 key0-3)
67.048: (move f2-4f f2-3f)
67.382: (move f2-4f f1-4f)
65.343: (pickup-and-loose f1-7f key0-3 key3-3)
65.809: (move f2-5f f3-5f)
66.051: (putdown f2-5f key3-3)
66.638: (move f1-7f f2-7f)
66.761: (putdown f1-3f key3-3)
67.062: (putdown f1-7f key3-3)
67.136: (move f1-7f f2-7f)
67.840: (move f1-6f f1-7f)
67.968: (putdown f1-7f key2-0)
67.989: (move f1-4f f1-3f)
65.388: (move f2-5f f2-4f)
66.587: (putdown f3-5f key3-3)
66.674: (pickup-and-loose f2-7f key3-3 key2-0)
66.817: (move f2-5f f3-5f)
67.091: (pickup-and-loose f2-7f key2-0 key3-3)
67.427: (putdown f2-7f key3-3)
67.467: (putdown f2-7f key2-0)
67.630: (pickup-and-loose f1-7f key0-3 key1-1)
67.737: (move f1-7f f0-7f)
67.843: (move f1-7f f2-7f)
65.834: (move f2-7f f1-7f)
66.928: (move f1-7f f1-6f)
66.987: (move f2-7f f1-7f)
67.572: (move f2-7f f1-7f)
67.583: (move f3-5f f2-5f)
67.626: (move f2-7f f1-7f)
68.213: (move f0-7f f0-6f)
68.628: (pickup-and-loose f2-7f key2-0 key1-1)
68.631: (move f1-7f f2-7f)
68.695: (move f2-7f f3-7f)
65.386: (pickup-and-loose f1-7f key0-3 key3-3)
66.087: (pickup f1-7f key0-3)
66.135: (pickup f1-7f key0-3)
66.398: (pickup-and-loose f1-7f key0-3 key2-0)
66.705: (move f3-7f f4-7f)
66.842: (move f2-7f f1-7f)
67.113: (putdown f1-7f key3-3)
67.148: (move f1-7f f1-6f)
67.274: (pickup-and-loose f1-6f key3-3 key0-3)
67.941: (putdown f1-7f key2-0)
65.903: (move f1-7f f2-7f)
65.927: (move f1-7f f2-7f)
66.259: (pickup-and-loose f1-7f key0-3 key2-0)
66.502: (move f4-7f f4-6f)
66.978: (pickup-and-loose f1-6f key1-1 key3-3)
67.487: (putdown f4-7f key3-3)
67.501: (move f1-7f f1-6f)
67.512: (move f1-7f f2-7f)
67.530: (move f1-7f f1-6f)
67.572: (move f1-6f f1-7f)
66.156: (pickup-and-loose f2-7f key3-3 key0-3)
66.186: (pickup-and-loose f2-7f key3-3 key0-3)
66.591: (move f1-7f f2-7f)
66.623: (pickup-and-loose f2-7f key2-0 key0-3)
66.662: (pickup-and-loose f2-7f key2-0 key0-3)
66.770: (move f1-6f f0-6f)
66.822: (move f1-6f f0-6f)
66.945: (move f1-6f f1-5f)
66.954: (move f1-6f f1-5f)
66.955: (putdown f2-7f key0-3)
65.734: (move f2-7f f1-7f)
65.779: (move f2-7f f1-7f)
66.711: (move f1-5f f1-4f)
66.757: (move f1-5f f1-4f)
66.990: (putdown f2-7f key3-3)
66.990: (putdown f2-7f key2-0)
67.030: (move f2-7f f1-7f)
67.072: (move f2-7f f1-7f)
67.585: (move f2-7f f1-7f)
67.751: (pickup-and-loose f2-7f key2-0 key3-3)
66.891: (putdown f1-7f key3-3)
66.937: (putdown f1-7f key3-3)
67.361: (putdown f1-4f key0-3)
67.405: (putdown f1-4f key0-3)
67.412: (move f1-4f f1-3f)
67.481: (move f1-4f f1-3f)
67.558: (move f1-7f f1-6f)
67.611: (move f1-7f f1-6f)
67.635: (move f2-7f f1-7f)
67.865: (putdown f1-7f key2-0)
67.334: (pickup-and-loose f1-6f key1-1 key3-3)
67.383: (pickup-and-loose f1-6f key1-1 key3-3)
68.105: (putdown f1-3f key0-3)
68.164: (putdown f1-3f key0-3)
68.320: (move f1-6f f1-5f)
68.322: (move f1-6f f1-5f)
68.327: (move f1-4f f1-3f)
68.384: (move f1-4f f1-3f)
68.556: (putdown f1-6f key3-3)
68.608: (putdown f1-6f key3-3)
65.543: (move f1-5f f2-5f)
65.623: (move f1-5f f2-5f)
66.861: (move f1-5f f1-4f)
66.917: (move f1-5f f1-4f)
67.574: (move f1-6f f1-7f)
67.624: (move f1-6f f1-7f)
67.814: (move f1-3f f1-4f)
67.835: (move f1-6f f1-7f)
67.851: (move f1-3f f1-4f)
67.918: (move f1-6f f1-7f)
64.728: (move f1-4f f2-4f)
64.729: (move f2-5f f2-4f)
64.778: (move f1-4f f2-4f)
64.778: (move f2-5f f2-4f)
65.935: (move f2-5f f3-5f)
65.938: (move f2-5f f3-5f)
66.186: (move f1-4f f1-3f)
66.217: (putdown f2-5f key3-3)
66.242: (move f1-4f f1-3f)
66.255: (putdown f2-5f key3-3)
65.423: (putdown f2-4f key3-3)
65.438: (putdown f2-4f key3-3)
65.691: (pickup-and-loose f2-4f key1-0 key3-3)
65.890: (move f2-5f f2-4f)
65.926: (move f2-5f f2-4f)
66.587: (putdown f1-3f key3-3)
66.621: (putdown f3-5f key3-3)
66.628: (putdown f3-5f key3-3)
66.648: (putdown f1-3f key3-3)
66.964: (move f1-3f f2-3f)
66.111: (move f2-4f f2-3f)
66.121: (move f2-4f f2-3f)
66.164: (move f2-4f f2-3f)
66.211: (pickup f2-4f key1-0)
66.662: (move f2-4f f1-4f)
66.675: (move f2-4f f1-4f)
66.731: (move f3-5f f3-4f)
66.873: (move f2-4f f2-3f)
66.889: (move f3-5f f3-4f)
66.895: (move f2-4f f2-3f)
66.003: (putdown f2-3f key1-0)
66.559: (move f2-4f f2-5f)
66.606: (pickup f3-4f key1-0)
66.884: (move f2-4f f2-3f)
68.051: (move f2-4f f3-4f)
68.349: (move f1-4f f1-3f)
68.349: (move f2-3f f1-3f)
68.380: (move f2-3f f1-3f)
68.380: (move f1-4f f1-3f)
68.513: (move f2-3f f1-3f)
65.484: (move f2-3f f2-4f)
65.544: (pickup-and-loose f2-5f key3-3 key1-0)
66.225: (putdown f2-5f key1-0)
66.600: (move f3-4f f3-5f)
66.770: (putdown f2-3f key1-0)
67.096: (move f1-3f f1-4f)
67.343: (move f3-4f f3-5f)
67.343: (move f2-5f f3-5f)
67.496: (move f2-5f f1-5f)
68.142: (putdown f3-4f key1-0)
64.768: (move f2-5f f2-4f)
64.831: (pickup f2-4f key3-3)
65.803: (pickup-and-loose f3-5f key3-3 key1-0)
65.957: (move f2-5f f3-5f)
65.986: (move f2-3f f2-4f)
66.004: (move f2-5f f2-4f)
66.538: (putdown f3-5f key1-0)
66.616: (putdown f1-4f key1-0)
66.710: (move f2-4f f1-4f)
67.219: (putdown f3-5f key1-0)
65.407: (putdown f2-4f key3-3)
65.496: (move f1-4f f2-4f)
65.594: (move f3-5f f2-5f)
65.603: (move f2-4f f2-5f)
66.217: (move f3-5f f2-5f)
66.261: (move f2-4f f2-5f)
66.625: (putdown f3-5f key3-3)
66.882: (move f3-5f f3-4f)
66.903: (move f2-4f f1-4f)
66.930: (move f2-4f f2-3f)
64.841: (pickup f2-4f key3-3)
64.849: (move f2-5f f2-4f)
65.929: (move f2-5f f3-5f)
66.030: (move f2-5f f2-4f)
66.158: (move f2-4f f2-3f)
66.166: (move f1-4f f1-3f)
66.166: (move f2-3f f1-3f)
66.207: (move f2-4f f2-3f)
66.679: (move f2-4f f1-4f)
66.925: (move f3-5f f3-4f)
65.496: (putdown f2-4f key3-3)
65.632: (move f2-4f f2-5f)
66.587: (putdown f1-3f key3-3)
66.608: (putdown f3-5f key3-3)
66.822: (move f2-4f f1-4f)
66.921: (move f2-4f f1-4f)
66.963: (move f2-4f f2-3f)
67.113: (move f2-4f f2-3f)
67.138: (move f2-4f f2-3f)
68.223: (move f3-5f f3-6f)
65.938: (move f2-5f f3-5f)
66.089: (move f2-3f f1-3f)
66.090: (move f1-4f f1-3f)
66.206: (move f2-4f f2-3f)
66.248: (move f1-4f f1-3f)
66.249: (move f2-3f f1-3f)
66.279: (putdown f2-5f key3-3)
66.451: (move f3-6f f4-6f)
66.664: (move f2-4f f1-4f)
66.901: (move f3-5f f3-4f)
66.007: (move f2-5f f2-4f)
66.511: (putdown f1-3f key3-3)
66.615: (putdown f3-5f key3-3)
66.656: (putdown f1-3f key3-3)
66.681: (move f4-6f f4-7f)
67.031: (move f4-6f f5-6f)
67.394: (move f2-5f f3-5f)
67.553: (move f2-5f f1-5f)
67.669: (putdown f4-6f key3-3)
68.286: (move f3-5f f3-6f)
66.440: (move f3-6f f4-6f)
66.897: (move f3-5f f3-4f)
66.936: (move f4-6f f4-7f)
66.945: (move f2-4f f2-3f)
67.449: (putdown f4-7f key3-3)
67.696: (putdown f5-6f key3-3)
68.172: (move f1-3f f1-4f)
68.230: (move f1-3f f1-4f)
68.335: (move f3-5f f3-4f)
68.335: (move f2-4f f3-4f)
66.693: (move f4-6f f4-7f)
67.012: (move f4-6f f5-6f)
67.666: (putdown f4-6f key3-3)
68.583: (pickup f1-4f key1-0)
69.064: (move f2-3f f1-3f)
69.115: (move f3-4f f2-4f)
69.240: (move f5-6f f5-7f)
69.470: (move f4-7f f5-7f)
69.491: (move f4-6f f4-5f)
69.865: (move f4-7f f5-7f)
66.745: (move f1-4f f1-3f)
66.951: (move f4-6f f4-7f)
67.460: (putdown f4-7f key3-3)
67.669: (putdown f5-6f key3-3)
68.305: (move f4-7f f5-7f)
68.305: (move f5-6f f5-7f)
68.360: (move f4-6f f5-6f)
68.381: (move f5-7f f5-6f)
68.483: (move f4-7f f3-7f)
68.626: (move f1-3f f1-4f)
66.083: (pickup-and-loose f1-3f key3-3 key1-0)
66.192: (move f3-7f f2-7f)
66.522: (putdown f1-3f key1-0)
68.349: (pickup-and-loose f5-7f key0-0 key3-3)
68.667: (unlock f5-7f f6-7f key3-3 shape3)
69.130: (pickup f1-4f key1-0)
69.267: (move f5-6f f5-7f)
69.421: (move f1-3f f2-3f)
69.458: (putdown f5-7f key3-3)
69.495: (move f4-7f f5-7f)
65.802: (move f2-7f f1-7f)
65.944: (pickup-and-loose f2-7f key0-3 key3-3)
66.676: (pickup-and-loose f2-7f key2-0 key3-3)
66.905: (move f1-3f f1-4f)
66.909: (move f5-7f f4-7f)
66.999: (putdown f2-7f key3-3)
67.021: (move f5-7f f5-6f)
67.052: (move f1-3f f2-3f)
67.513: (move f5-7f f4-7f)
68.216: (move f5-7f f5-6f)
64.838: (move f2-3f f2-4f)
64.838: (move f1-4f f2-4f)
66.170: (move f2-7f f1-7f)
66.482: (move f4-7f f4-6f)
66.483: (move f5-6f f4-6f)
66.961: (putdown f1-7f key3-3)
67.085: (move f2-7f f1-7f)
67.516: (putdown f1-4f key3-3)
67.599: (putdown f2-3f key3-3)
67.624: (move f1-7f f1-6f)
65.498: (putdown f2-4f key3-3)
65.603: (move f2-4f f2-5f)
66.769: (move f2-3f f1-3f)
66.789: (move f1-4f f1-3f)
67.397: (pickup-and-loose f1-6f key1-1 key3-3)
67.592: (move f1-7f f1-6f)
67.645: (putdown f1-7f key0-3)
67.690: (putdown f4-6f key3-3)
67.906: (putdown f1-7f key2-0)
68.019: (move f2-3f f2-4f)
65.890: (move f2-5f f3-5f)
66.138: (move f2-4f f2-3f)
66.249: (putdown f2-5f key3-3)
66.652: (move f2-4f f1-4f)
66.854: (move f1-6f f0-6f)
66.887: (move f1-6f f1-5f)
67.026: (pickup f1-3f key1-0)
67.028: (pickup f1-3f key1-0)
67.154: (move f4-6f f4-7f)
67.298: (move f2-4f f1-4f)
66.011: (move f2-5f f2-4f)
66.569: (putdown f3-5f key3-3)
66.687: (move f1-5f f1-4f)
67.345: (move f2-5f f3-5f)
67.603: (move f1-3f f2-3f)
67.696: (move f2-5f f1-5f)
67.763: (move f1-3f f1-4f)
67.871: (move f1-5f f2-5f)
67.919: (move f1-3f f1-4f)
68.174: (move f3-5f f3-6f)
66.437: (move f3-6f f4-6f)
66.890: (move f2-4f f2-3f)
66.908: (move f3-5f f3-4f)
67.252: (putdown f1-4f key1-0)
67.390: (putdown f1-4f key0-3)
67.468: (putdown f1-4f key1-0)
67.481: (move f1-4f f1-3f)
67.537: (putdown f2-3f key1-0)
67.856: (pickup-and-loose f1-4f key1-0 key0-3)
67.906: (move f1-4f f0-4f)
66.878: (move f4-6f f4-7f)
66.914: (move f2-3f f1-3f)
66.937: (move f1-4f f1-3f)
66.955: (move f1-4f f1-3f)
67.170: (move f4-6f f5-6f)
67.655: (putdown f4-6f key3-3)
67.974: (move f2-3f f2-4f)
67.992: (move f1-4f f2-4f)
68.171: (putdown f1-3f key0-3)
68.364: (move f1-4f f1-3f)
67.130: (move f4-6f f4-7f)
67.274: (move f1-3f f1-4f)
67.274: (move f2-4f f1-4f)
67.644: (putdown f4-7f key3-3)
67.664: (move f1-3f f2-3f)
67.664: (move f2-4f f2-3f)
67.795: (move f1-3f f1-4f)
67.827: (putdown f5-6f key3-3)
68.516: (move f4-6f f5-6f)
68.555: (move f4-7f f3-7f)
66.103: (move f3-7f f2-7f)
68.281: (pickup f1-4f key1-0)
69.254: (move f1-4f f2-4f)
69.468: (move f5-6f f5-7f)
69.700: (move f4-7f f5-7f)
69.705: (putdown f3-7f key3-3)
70.084: (move f5-6f f4-6f)
70.099: (move f5-6f f5-7f)
70.099: (move f4-7f f5-7f)
70.256: (move f1-4f f1-5f)
65.836: (move f2-7f f1-7f)
65.857: (pickup-and-loose f2-7f key0-3 key3-3)
66.581: (pickup-and-loose f2-7f key2-0 key3-3)
66.905: (putdown f2-7f key3-3)
67.961: (move f3-7f f4-7f)
68.172: (move f1-4f f1-3f)
69.061: (move f2-4f f2-3f)
69.108: (move f2-7f f2-6f)
69.147: (move f5-7f f4-7f)
69.147: (move f4-6f f4-7f)
66.184: (move f2-7f f1-7f)
66.992: (putdown f1-7f key3-3)
67.108: (move f2-7f f1-7f)
67.254: (pickup-and-loose f1-3f key0-3 key1-0)
67.606: (move f1-7f f1-6f)
67.606: (move f2-6f f1-6f)
67.677: (move f2-7f f1-7f)
68.019: (putdown f1-3f key1-0)
68.848: (move f2-7f f3-7f)
68.922: (move f1-3f f2-3f)
66.737: (move f1-3f f1-4f)
67.380: (pickup-and-loose f1-6f key1-1 key3-3)
67.584: (move f1-7f f1-6f)
67.669: (putdown f1-7f key0-3)
67.884: (move f1-3f f1-4f)
67.901: (move f3-7f f4-7f)
67.931: (putdown f1-7f key2-0)
68.267: (move f1-7f f0-7f)
68.339: (move f1-6f f1-5f)
68.608: (putdown f1-6f key3-3)
66.844: (move f0-7f f0-6f)
66.844: (move f1-6f f0-6f)
66.975: (move f1-6f f1-5f)
66.975: (move f1-4f f1-5f)
67.387: (putdown f1-4f key0-3)
67.390: (move f1-7f f2-7f)
67.440: (move f4-7f f5-7f)
67.665: (move f1-6f f1-7f)
67.899: (move f1-4f f0-4f)
67.942: (move f1-6f f1-7f)
65.416: (move f5-7f f5-6f)
66.600: (pickup f2-7f key3-3)
67.066: (pickup f2-7f key2-0)
67.317: (move f1-7f f2-7f)
67.432: (pickup-and-loose f5-7f key0-0 key2-0)
67.850: (move f1-5f f2-5f)
68.195: (move f1-4f f1-3f)
68.252: (putdown f5-7f key2-0)
68.695: (move f1-7f f2-7f)
68.761: (putdown f1-5f key0-3)
65.888: (move f2-7f f1-7f)
65.916: (move f5-6f f5-5f)
65.917: (putdown f5-6f key2-0)
67.063: (move f2-7f f1-7f)
67.418: (move f5-7f f5-6f)
67.523: (move f1-5f f1-4f)
67.668: (pickup f2-7f key0-3)
67.737: (pickup-and-loose f2-7f key0-3 key1-1)
67.914: (move f5-6f f6-6f)
68.101: (pickup-and-loose f2-7f key2-0 key1-1)
61.192: (unlock f5-5f f5-4f key2-0 shape2)
65.447: (pickup-and-loose f1-7f key0-3 key3-3)
66.167: (move f2-7f f1-7f)
66.469: (pickup-and-loose f1-7f key0-3 key2-0)
66.488: (move f2-7f f1-7f)
66.692: (putdown f5-5f key2-0)
67.006: (move f2-7f f1-7f)
67.016: (move f6-6f f6-5f)
67.017: (move f5-5f f6-5f)
67.155: (move f1-7f f1-6f)
61.215: (move f5-5f f6-5f)
61.442: (move f5-5f f5-6f)
61.810: (putdown f5-5f key2-0)
62.630: (move f5-5f f5-4f)
63.732: (move f5-5f f4-5f)
65.806: (move f1-7f f1-6f)
66.197: (move f1-7f f1-6f)
66.889: (move f5-5f f5-6f)
66.982: (pickup-and-loose f1-6f key1-1 key3-3)
67.166: (putdown f1-7f key0-3)
61.015: (move f5-5f f5-6f)
61.400: (putdown f5-6f key2-0)
61.702: (move f5-5f f6-5f)
61.718: (move f6-5f f6-4f)
61.718: (move f5-4f f6-4f)
62.002: (putdown f6-5f key2-0)
62.225: (move f5-5f f5-4f)
62.275: (pickup-and-loose f5-4f key0-2 key2-0)
62.857: (move f6-5f f6-6f)
62.858: (move f5-6f f6-6f)
58.296: (move f5-4f f5-5f)
60.053: (move f5-6f f5-5f)
60.908: (pickup f5-4f key0-2)
61.086: (move f5-4f f6-4f)
61.703: (move f6-5f f5-5f)
61.850: (move f6-5f f6-6f)
61.850: (move f5-6f f6-6f)
62.059: (unlock f5-4f f5-3f key0-2 shape0)
62.083: (move f5-6f f5-7f)
62.484: (move f5-6f f4-6f)
55.463: (move f5-5f f5-6f)
57.065: (move f6-4f f6-5f)
57.065: (move f5-5f f6-5f)
58.492: (move f5-4f f5-5f)
59.715: (putdown f5-5f key0-2)
60.212: (move f5-5f f4-5f)
60.356: (unlock f5-4f f5-3f key0-2 shape0)
60.616: (move f5-4f f6-4f)
60.654: (move f5-4f f5-5f)
60.714: (move f5-5f f5-6f)
56.132: (move f5-5f f5-6f)
56.377: (move f5-6f f4-6f)
56.377: (move f4-5f f4-6f)
56.441: (move f5-6f f6-6f)
56.441: (move f6-5f f6-6f)
56.540: (move f5-5f f5-6f)
56.564: (putdown f5-6f key0-2)
56.928: (move f5-5f f6-5f)
56.928: (move f6-4f f6-5f)
56.938: (move f5-6f f5-7f)
55.378: (move f5-6f f4-6f)
55.894: (move f5-6f f6-6f)
56.054: (move f5-6f f4-6f)
56.099: (move f5-6f f5-7f)
56.597: (move f6-5f f6-6f)
56.597: (move f5-6f f6-6f)
56.630: (putdown f6-6f key0-2)
57.035: (move f5-6f f5-7f)
57.147: (move f4-6f f4-7f)
57.147: (move f5-7f f4-7f)
53.773: (move f6-6f f5-6f)
55.241: (move f5-7f f4-7f)
55.241: (move f4-6f f4-7f)
56.095: (putdown f6-6f key0-2)
56.325: (move f4-6f f3-6f)
56.585: (move f6-6f f6-5f)
56.590: (putdown f4-6f key0-2)
56.786: (putdown f6-6f key0-2)
57.250: (move f6-6f f6-5f)
57.254: (putdown f4-6f key0-2)
54.555: (move f6-6f f5-6f)
54.808: (move f5-6f f5-7f)
54.900: (move f5-6f f4-6f)
55.175: (move f6-6f f5-6f)
55.382: (move f4-6f f4-7f)
55.832: (move f4-6f f3-6f)
55.907: (move f6-6f f6-5f)
56.288: (putdown f4-7f key0-2)
56.375: (move f6-6f f6-5f)
56.623: (move f4-6f f3-6f)
54.095: (move f4-6f f4-7f)
54.095: (move f5-7f f4-7f)
54.476: (move f4-6f f3-6f)
54.521: (move f5-6f f5-7f)
54.548: (move f3-6f f2-6f)
54.591: (move f5-6f f4-6f)
54.602: (move f5-6f f5-7f)
54.645: (move f3-6f f2-6f)
55.441: (pickup f5-7f key0-0)
55.609: (move f3-6f f3-7f)
53.356: (move f3-6f f3-5f)
53.733: (move f5-7f f4-7f)
54.647: (move f5-7f f4-7f)
54.647: (move f4-6f f4-7f)
54.706: (move f4-6f f3-6f)
54.884: (pickup f5-7f key0-0)
54.914: (move f2-6f f2-7f)
54.915: (move f3-7f f2-7f)
55.141: (move f5-7f f5-6f)
55.326: (pickup f5-7f key0-0)
52.815: (move f3-6f f3-5f)
53.530: (pickup f2-7f key0-3)
53.928: (move f5-7f f4-7f)
54.398: (pickup f2-7f key3-3)
55.033: (move f3-5f f3-4f)
55.141: (move f3-5f f2-5f)
55.241: (move f5-6f f4-6f)
55.396: (move f3-6f f2-6f)
55.398: (move f3-6f f3-7f)
55.398: (move f4-7f f3-7f)
52.356: (move f2-7f f2-6f)
53.180: (move f2-7f f2-6f)
53.722: (move f2-7f f3-7f)
53.756: (move f2-5f f2-4f)
53.756: (move f3-4f f2-4f)
53.846: (move f3-7f f2-7f)
53.846: (move f2-6f f2-7f)
54.416: (move f3-5f f3-4f)
54.632: (move f2-7f f3-7f)
54.759: (move f4-7f f4-6f)
49.173: (move f2-6f f3-6f)
49.173: (move f3-7f f3-6f)
52.140: (move f3-7f f4-7f)
52.802: (pickup f2-7f key0-3)
52.906: (pickup f2-7f key3-3)
53.105: (move f2-4f f2-3f)
53.234: (move f3-4f f2-4f)
53.488: (putdown f2-6f key3-3)
53.936: (move f2-6f f2-5f)
54.201: (move f2-6f f1-6f)
49.781: (putdown f3-6f key3-3)
50.601: (move f3-6f f4-6f)
50.601: (move f4-7f f4-6f)
50.602: (move f2-6f f3-6f)
50.960: (move f2-5f f2-4f)
52.271: (move f2-5f f3-5f)
52.271: (move f3-6f f3-5f)
52.753: (move f2-4f f2-3f)
52.941: (move f2-3f f1-3f)
53.141: (putdown f4-7f key3-3)
50.314: (pickup-and-loose f4-6f key0-2 key3-3)
50.481: (move f3-6f f4-6f)
51.775: (move f3-6f f4-6f)
51.842: (putdown f2-4f key3-3)
52.045: (putdown f4-6f key3-3)
52.170: (move f2-3f f1-3f)
52.314: (move f3-6f f3-5f)
52.434: (move f2-4f f2-3f)
53.044: (putdown f3-5f key3-3)
53.154: (pickup f1-3f key1-0)
49.223: (pickup f4-6f key0-2)
50.847: (pickup f4-6f key0-2)
52.056: (move f4-6f f3-6f)
52.103: (move f2-4f f2-3f)
52.359: (pickup f1-3f key1-0)
52.590: (move f4-6f f4-7f)
52.738: (move f1-3f f2-3f)
52.928: (move f3-5f f3-4f)
53.189: (putdown f2-3f key3-3)
53.241: (move f3-5f f3-6f)
50.525: (move f3-4f f2-4f)
51.059: (move f4-6f f3-6f)
51.429: (move f4-6f f3-6f)
52.253: (move f4-6f f5-6f)
52.396: (move f1-3f f2-3f)
52.893: (putdown f2-3f key1-0)
53.082: (move f4-6f f4-7f)
53.139: (putdown f3-6f key0-2)
53.595: (move f2-3f f2-4f)
53.744: (putdown f4-7f key0-2)
51.688: (move f2-4f f2-3f)
51.968: (pickup-and-loose f3-6f key3-3 key0-2)
52.237: (move f5-6f f6-6f)
52.517: (putdown f3-6f key0-2)
52.547: (putdown f2-3f key1-0)
52.719: (putdown f3-6f key0-2)
53.001: (move f3-6f f2-6f)
53.033: (move f2-3f f1-3f)
53.061: (move f3-6f f3-5f)
53.067: (move f2-3f f2-4f)
52.249: (move f2-3f f1-3f)
52.467: (putdown f6-6f key0-2)
52.801: (move f3-6f f4-6f)
52.968: (putdown f2-4f key1-0)
53.001: (move f6-6f f6-5f)
53.070: (move f3-6f f2-6f)
53.129: (move f3-6f f2-6f)
53.142: (move f2-3f f2-4f)
53.183: (move f2-3f f1-3f)
53.805: (putdown f3-5f key0-2)
51.188: (move f6-6f f5-6f)
52.364: (move f6-6f f6-5f)
52.785: (move f2-4f f2-3f)
52.966: (move f3-5f f3-4f)
53.147: (putdown f4-6f key3-3)
53.473: (pickup f1-3f key1-0)
53.659: (move f3-5f f3-6f)
54.099: (move f2-6f f2-5f)
54.136: (putdown f6-5f key0-2)
54.347: (move f2-4f f3-4f)
49.470: (move f5-6f f4-6f)
51.636: (move f1-3f f2-3f)
52.320: (move f2-3f f1-3f)
52.670: (move f5-6f f5-7f)
52.739: (move f3-4f f2-4f)
52.838: (move f3-4f f3-5f)
52.898: (move f2-5f f2-4f)
54.002: (move f2-5f f3-5f)
54.079: (move f5-6f f5-5f)
54.079: (move f6-5f f5-5f)
49.585: (move f4-6f f3-6f)
50.371: (move f2-3f f2-4f)
51.638: (putdown f2-3f key1-0)
51.772: (move f4-6f f4-7f)
51.772: (move f5-7f f4-7f)
53.121: (pickup f5-7f key0-0)
53.570: (putdown f2-4f key3-3)
53.779: (move f4-6f f4-5f)
53.780: (move f5-5f f4-5f)
53.948: (pickup f5-5f key2-0)
48.178: (move f3-6f f3-5f)
48.178: (move f4-5f f3-5f)
50.374: (putdown f2-4f key1-0)
50.475: (move f2-3f f2-4f)
51.592: (move f4-5f f4-4f)
51.907: (move f3-6f f2-6f)
51.989: (move f5-7f f4-7f)
52.229: (move f5-7f f5-6f)
52.480: (move f2-4f f3-4f)
52.733: (move f3-6f f3-7f)
48.022: (move f3-5f f3-4f)
48.022: (move f4-4f f3-4f)
49.070: (move f5-6f f4-6f)
49.070: (move f4-7f f4-6f)
49.603: (move f4-4f f4-3f)
50.739: (move f3-5f f2-5f)
50.739: (move f2-6f f2-5f)
51.770: (move f2-4f f2-3f)
51.893: (move f3-4f f3-5f)
52.471: (pickup f2-6f key3-3)
46.944: (move f3-4f f2-4f)
46.944: (move f2-5f f2-4f)
49.592: (move f2-6f f3-6f)
49.635: (move f2-6f f2-5f)
49.740: (move f4-3f f3-3f)
49.740: (move f3-4f f3-3f)
50.623: (putdown f4-6f key0-0)
50.724: (move f3-5f f3-6f)
50.915: (move f4-6f f3-6f)
51.722: (move f2-6f f2-7f)
46.849: (move f2-5f f2-4f)
47.700: (move f2-4f f2-3f)
47.700: (move f3-3f f2-3f)
48.614: (move f3-6f f3-5f)
48.614: (move f2-5f f3-5f)
49.598: (pickup f3-3f key0-1)
49.947: (move f3-6f f4-6f)
50.153: (putdown f3-6f key3-3)
50.354: (move f3-6f f4-6f)
50.514: (putdown f2-5f key3-3)
47.587: (move f2-5f f2-4f)
47.609: (putdown f2-4f key3-3)
48.233: (move f2-3f f1-3f)
48.929: (move f2-4f f2-3f)
49.038: (move f3-3f f3-4f)
49.163: (pickup-and-loose f4-6f key0-2 key1-0)
49.229: (move f3-3f f4-3f)
49.333: (putdown f3-5f key3-3)
49.497: (move f3-5f f3-4f)
49.497: (move f2-4f f3-4f)
46.633: (move f3-4f f2-4f)
47.597: (move f3-4f f3-5f)
48.032: (pickup f1-3f key1-0)
48.253: (move f3-5f f3-4f)
48.392: (move f2-4f f2-3f)
49.133: (putdown f4-3f key0-1)
49.265: (move f2-4f f2-3f)
49.367: (move f2-4f f3-4f)
49.416: (move f3-4f f4-4f)
49.417: (move f4-3f f4-4f)
47.108: (putdown f2-4f key0-1)
47.248: (move f2-4f f1-4f)
47.265: (move f1-3f f2-3f)
47.268: (move f3-5f f2-5f)
47.269: (move f2-4f f2-5f)
48.153: (move f3-5f f3-6f)
48.360: (putdown f3-5f key0-1)
48.537: (move f4-3f f4-4f)
48.790: (move f4-3f f3-3f)
49.548: (move f2-4f f2-3f)
46.487: (move f2-3f f2-4f)
46.775: (move f2-3f f1-3f)
46.776: (move f1-4f f1-3f)
46.860: (move f2-4f f1-4f)
47.236: (move f3-5f f2-5f)
47.426: (move f1-4f f1-5f)
47.426: (move f2-5f f1-5f)
47.509: (putdown f2-3f key1-0)
47.560: (move f3-3f f2-3f)
47.761: (move f2-4f f2-5f)
46.182: (move f2-5f f2-4f)
46.671: (putdown f2-4f key1-0)
46.851: (move f2-3f f2-4f)
47.307: (move f2-3f f2-4f)
47.466: (pickup-and-loose f1-3f key1-0 key0-1)
47.468: (move f2-4f f3-4f)
47.610: (move f1-4f f1-3f)
47.741: (putdown f1-3f key0-1)
47.830: (move f2-5f f2-6f)
48.396: (move f1-5f f1-6f)
47.371: (pickup f1-3f key1-0)
47.707: (putdown f3-4f key1-0)
47.748: (move f2-4f f2-3f)
47.789: (move f3-4f f3-5f)
47.791: (move f2-4f f3-4f)
47.849: (move f2-4f f3-4f)
47.931: (move f2-4f f3-4f)
47.972: (move f2-4f f3-4f)
48.066: (move f2-6f f3-6f)
48.134: (pickup-and-loose f1-6f key1-1 key0-1)
46.017: (move f1-6f f2-6f)
46.756: (move f1-3f f1-4f)
46.887: (move f3-4f f2-4f)
47.004: (move f3-4f f3-5f)
47.920: (putdown f3-5f key1-0)
48.148: (move f3-4f f3-5f)
48.179: (move f3-4f f3-5f)
48.206: (move f3-4f f3-5f)
48.509: (move f2-3f f1-3f)
48.666: (move f1-6f f1-5f)
44.843: (move f2-6f f3-6f)
46.615: (move f1-4f f2-4f)
46.736: (move f2-6f f2-5f)
46.736: (move f1-5f f2-5f)
46.744: (putdown f1-4f key1-0)
47.798: (move f2-4f f2-3f)
47.892: (putdown f2-6f key1-1)
47.920: (move f3-5f f3-4f)
48.041: (move f3-5f f3-6f)
48.086: (pickup-and-loose f2-6f key3-3 key1-1)
44.444: (move f3-6f f4-6f)
45.257: (move f2-5f f3-5f)
45.257: (move f3-6f f3-5f)
46.041: (putdown f3-6f key1-1)
46.407: (pickup-and-loose f2-4f key0-1 key1-0)
46.856: (putdown f2-4f key1-0)
46.967: (move f3-4f f2-4f)
47.095: (move f1-4f f2-4f)
47.096: (move f2-6f f3-6f)
47.640: (move f3-6f f4-6f)
45.242: (putdown f4-6f key1-1)
45.775: (move f3-6f f2-6f)
46.212: (move f4-6f f5-6f)
46.503: (move f4-6f f4-7f)
46.542: (putdown f3-5f key1-1)
46.613: (pickup f2-4f key0-1)
46.902: (move f2-4f f1-4f)
47.122: (move f3-6f f4-6f)
47.172: (move f2-4f f1-4f)
47.195: (move f2-4f f2-5f)
44.657: (move f4-6f f3-6f)
46.035: (pickup f2-6f key3-3)
46.909: (move f4-6f f5-6f)
46.978: (move f1-4f f1-3f)
47.069: (move f2-4f f1-4f)
47.166: (move f3-5f f2-5f)
47.289: (move f2-4f f2-5f)
47.333: (move f2-6f f1-6f)
47.401: (putdown f4-7f key1-1)
47.418: (move f2-5f f1-5f)
43.941: (move f3-6f f2-6f)
45.147: (move f2-6f f3-6f)
45.461: (move f3-6f f3-5f)
46.193: (move f2-5f f2-4f)
46.342: (pickup f1-6f key0-1)
47.036: (move f1-4f f1-3f)
47.441: (move f1-4f f1-5f)
47.441: (move f2-5f f1-5f)
47.606: (move f4-7f f4-6f)
47.640: (move f2-6f f2-5f)
43.929: (pickup f2-6f key3-3)
44.257: (move f3-5f f2-5f)
44.257: (move f2-6f f2-5f)
44.480: (pickup-and-loose f3-6f key1-1 key3-3)
45.145: (move f2-6f f1-6f)
45.277: (move f1-6f f2-6f)
45.640: (putdown f3-6f key3-3)
46.452: (move f3-6f f4-6f)
46.568: (move f1-6f f1-5f)
47.414: (move f2-5f f3-5f)
42.589: (move f2-6f f3-6f)
43.656: (move f2-6f f2-5f)
44.012: (pickup f1-6f key0-1)
44.402: (move f1-5f f2-5f)
44.402: (move f2-6f f2-5f)
44.456: (move f2-6f f3-6f)
45.132: (move f2-6f f1-6f)
45.139: (move f1-6f f1-5f)
45.139: (move f2-5f f1-5f)
45.644: (move f3-6f f4-6f)
40.206: (move f1-6f f1-5f)
42.948: (putdown f3-6f key3-3)
43.188: (move f1-6f f2-6f)
43.608: (move f3-6f f4-6f)
43.774: (pickup-and-loose f3-6f key1-1 key0-1)
44.192: (move f2-5f f3-5f)
44.192: (move f3-6f f3-5f)
44.237: (move f2-5f f2-4f)
44.269: (putdown f2-5f key3-3)
44.328: (move f2-5f f3-5f)
38.411: (move f1-5f f2-5f)
38.411: (move f2-6f f2-5f)
40.420: (move f1-5f f1-4f)
41.336: (putdown f1-5f key0-1)
42.136: (move f2-6f f3-6f)
42.764: (move f3-6f f4-6f)
42.820: (move f3-6f f3-5f)
43.799: (pickup-and-loose f2-6f key3-3 key0-1)
43.855: (move f3-6f f2-6f)
44.113: (putdown f2-6f key0-1)
38.256: (move f2-5f f2-4f)
38.256: (move f1-4f f2-4f)
39.168: (putdown f2-5f key0-1)
39.257: (move f3-6f f3-5f)
39.257: (move f2-5f f3-5f)
39.636: (move f1-4f f1-3f)
39.656: (move f1-5f f2-5f)
40.132: (move f2-6f f2-5f)
40.872: (move f2-6f f2-5f)
41.123: (move f3-6f f4-6f)
38.905: (putdown f2-4f key0-1)
39.505: (move f2-5f f2-4f)
39.688: (move f2-5f f3-5f)
40.133: (putdown f3-5f key0-1)
40.730: (move f4-6f f5-6f)
40.782: (putdown f1-3f key0-1)
40.819: (pickup-and-loose f1-3f key1-0 key0-1)
40.909: (move f3-5f f3-4f)
40.909: (move f2-4f f3-4f)
41.043: (putdown f2-5f key3-3)
38.992: (move f2-4f f2-5f)
39.230: (move f3-5f f2-5f)
40.099: (move f2-4f f1-4f)
40.428: (move f2-4f f3-4f)
40.739: (move f3-5f f3-6f)
41.423: (putdown f3-4f key0-1)
41.589: (move f1-3f f1-4f)
41.694: (move f1-3f f1-4f)
41.761: (putdown f5-6f key0-1)
41.771: (move f3-5f f3-4f)
36.325: (move f3-4f f2-4f)
38.840: (move f3-4f f3-5f)
39.126: (move f2-5f f2-4f)
39.127: (move f3-4f f2-4f)
40.202: (move f1-4f f2-4f)
40.271: (move f1-4f f2-4f)
40.634: (move f3-4f f3-5f)
40.634: (move f2-5f f3-5f)
41.539: (putdown f1-4f key1-0)
41.878: (move f3-6f f4-6f)
40.146: (putdown f2-4f key1-0)
40.154: (move f1-4f f2-4f)
40.843: (move f3-5f f3-6f)
40.858: (move f2-4f f2-5f)
40.858: (move f3-5f f2-5f)
40.875: (move f1-4f f1-3f)
41.351: (move f3-5f f4-5f)
41.839: (move f2-4f f2-3f)
41.944: (move f2-4f f1-4f)
42.594: (pickup f4-6f key1-1)
39.719: (pickup f1-3f key0-1)
41.242: (move f4-5f f4-6f)
41.243: (move f3-6f f4-6f)
41.657: (move f2-4f f1-4f)
42.203: (move f4-6f f3-6f)
42.436: (move f4-5f f4-4f)
42.488: (move f2-3f f3-3f)
42.729: (move f2-4f f2-5f)
42.803: (move f2-4f f2-5f)
42.996: (move f2-4f f2-3f)
40.257: (move f1-3f f1-4f)
40.833: (move f2-3f f1-3f)
40.834: (move f1-4f f1-3f)
41.696: (move f1-3f f2-3f)
41.986: (pickup f4-6f key1-1)
42.046: (move f1-3f f1-2f)
42.838: (move f4-4f f5-4f)
43.045: (move f3-6f f3-5f)
43.197: (move f2-3f f3-3f)
43.361: (move f2-5f f3-5f)
38.216: (move f1-4f f2-4f)
38.216: (move f2-3f f2-4f)
39.712: (pickup f1-3f key0-1)
40.189: (move f1-4f f1-5f)
41.678: (putdown f1-4f key0-1)
41.695: (move f2-3f f2-2f)
41.695: (move f1-2f f2-2f)
41.699: (pickup-and-loose f1-4f key1-0 key0-1)
42.361: (putdown f2-3f key0-1)
42.438: (move f4-6f f3-6f)
37.393: (move f2-3f f2-4f)
38.390: (move f1-5f f2-5f)
38.390: (move f2-4f f2-5f)
38.881: (putdown f2-4f key0-1)
39.279: (move f2-3f f1-3f)
39.396: (move f1-4f f2-4f)
39.439: (move f1-4f f2-4f)
40.317: (move f1-3f f1-4f)
40.841: (move f2-4f f3-4f)
41.286: (move f2-3f f3-3f)
38.232: (move f1-4f f2-4f)
38.948: (move f2-4f f2-5f)
39.145: (putdown f2-5f key0-1)
39.303: (putdown f2-4f key1-0)
39.352: (move f2-5f f3-5f)
39.352: (move f3-4f f3-5f)
39.859: (move f2-4f f2-5f)
39.908: (move f3-3f f3-4f)
39.909: (move f2-4f f3-4f)
39.973: (move f2-4f f1-4f)
38.339: (move f2-4f f2-5f)
38.824: (putdown f2-4f key0-1)
38.913: (pickup-and-loose f2-4f key1-0 key0-1)
39.474: (move f2-5f f2-4f)
39.716: (move f2-5f f3-5f)
40.076: (pickup f1-4f key1-0)
40.192: (putdown f3-5f key0-1)
40.653: (move f2-5f f3-5f)
40.764: (move f2-4f f3-4f)
40.982: (move f2-5f f3-5f)
38.997: (move f2-4f f2-5f)
39.021: (move f2-4f f2-5f)
39.087: (putdown f2-5f key0-1)
39.186: (move f3-5f f2-5f)
39.354: (move f2-5f f3-5f)
39.355: (move f3-4f f3-5f)
40.140: (move f2-4f f1-4f)
40.145: (move f2-5f f1-5f)
40.367: (move f3-5f f3-4f)
40.413: (move f2-4f f3-4f)
38.860: (putdown f2-5f key1-0)
39.059: (move f2-5f f2-4f)
39.493: (move f2-5f f2-4f)
39.710: (move f2-5f f3-5f)
40.222: (putdown f3-5f key0-1)
40.305: (putdown f3-4f key1-0)
40.448: (move f2-5f f3-5f)
40.449: (move f3-4f f3-5f)
40.664: (move f2-5f f3-5f)
41.264: (putdown f1-5f key0-1)
38.891: (move f3-4f f2-4f)
38.926: (move f2-5f f2-4f)
39.200: (move f3-5f f2-5f)
39.498: (move f1-5f f2-5f)
39.625: (pickup f2-4f key1-0)
40.446: (move f3-5f f3-4f)
40.484: (putdown f3-5f key1-0)
40.658: (move f2-5f f3-5f)
40.680: (move f3-4f f3-5f)
40.826: (move f3-5f f3-6f)
38.302: (pickup f2-4f key0-1)
38.305: (pickup f2-4f key0-1)
39.022: (move f2-4f f2-5f)
39.023: (move f3-5f f2-5f)
39.027: (move f3-5f f2-5f)
39.139: (move f2-5f f2-4f)
39.155: (move f2-4f f2-5f)
40.133: (move f2-4f f1-4f)
40.158: (move f2-4f f1-4f)
40.388: (move f3-5f f3-4f)
38.339: (move f2-4f f2-5f)
38.339: (pickup-and-loose f2-5f key0-1 key1-0)
38.532: (move f2-4f f2-5f)
38.904: (move f2-5f f2-4f)
38.905: (move f3-4f f2-4f)
39.057: (putdown f2-5f key1-0)
39.273: (pickup f2-4f key1-0)
39.638: (move f2-5f f3-5f)
40.259: (move f2-4f f1-4f)
40.352: (move f2-4f f1-4f)
38.268: (pickup f2-4f key0-1)
39.265: (putdown f2-5f key0-1)
39.271: (move f2-4f f2-5f)
39.318: (move f2-5f f3-5f)
39.370: (move f2-5f f3-5f)
39.605: (move f2-5f f2-4f)
39.626: (putdown f3-5f key1-0)
39.711: (move f1-4f f1-3f)
39.772: (move f2-5f f3-5f)
39.828: (move f1-4f f1-3f)
38.505: (move f2-4f f2-5f)
39.144: (putdown f2-5f key1-0)
39.256: (move f3-5f f2-5f)
39.508: (move f2-5f f2-4f)
39.763: (move f2-5f f3-5f)
40.178: (move f2-5f f3-5f)
40.203: (putdown f3-5f key0-1)
40.215: (putdown f3-5f key0-1)
40.339: (move f2-4f f1-4f)
40.801: (move f3-5f f3-4f)
39.226: (pickup-and-loose f3-5f key0-1 key1-0)
39.226: (move f2-5f f3-5f)
39.250: (move f2-5f f2-4f)
39.334: (move f3-5f f2-5f)
39.551: (move f2-5f f2-4f)
39.816: (move f1-4f f1-3f)
40.087: (putdown f3-5f key1-0)
40.333: (move f2-5f f1-5f)
40.333: (move f1-4f f1-5f)
40.740: (move f3-5f f3-6f)
39.244: (move f2-5f f2-4f)
39.290: (move f3-5f f2-5f)
40.688: (putdown f3-6f key1-0)
40.827: (move f3-5f f3-6f)
40.890: (move f3-5f f3-4f)
40.946: (putdown f1-3f key0-1)
41.454: (putdown f1-5f key0-1)
41.731: (move f1-3f f2-3f)
41.742: (move f2-4f f3-4f)
41.771: (move f3-5f f3-4f)
39.220: (move f2-5f f2-4f)
39.220: (move f3-4f f2-4f)
39.685: (move f1-5f f2-5f)
40.156: (move f3-6f f3-5f)
41.397: (putdown f3-4f key0-1)
41.661: (move f2-4f f3-4f)
41.663: (move f1-3f f1-4f)
41.748: (move f2-3f f2-2f)
42.036: (move f3-6f f4-6f)
42.059: (move f3-6f f4-6f)
36.395: (move f3-4f f2-4f)
38.797: (move f3-4f f3-5f)
39.276: (move f3-5f f2-5f)
39.317: (pickup f3-5f key0-1)
40.171: (move f1-4f f2-4f)
41.290: (move f2-5f f3-5f)
41.447: (unlock f2-2f f2-1f key0-1 shape0)
41.657: (move f2-5f f2-4f)
41.735: (move f2-2f f3-2f)
41.737: (pickup f3-4f key1-0)
38.436: (move f3-5f f2-5f)
38.769: (pickup f3-5f key1-0)
39.142: (move f2-5f f2-4f)
40.651: (move f2-2f f3-2f)
40.687: (move f2-2f f2-3f)
40.860: (move f2-4f f2-5f)
40.860: (move f3-5f f2-5f)
40.913: (move f3-5f f3-4f)
40.941: (move f3-5f f3-6f)
41.259: (pickup f3-5f key1-0)
36.922: (move f2-3f f2-4f)
38.350: (move f3-4f f2-4f)
38.351: (move f2-5f f2-4f)
38.858: (move f2-3f f1-3f)
39.180: (putdown f2-5f key0-1)
39.621: (move f3-5f f2-5f)
40.336: (move f2-5f f1-5f)
40.775: (move f3-5f f2-5f)
40.776: (move f3-5f f3-6f)
41.106: (move f3-2f f3-3f)
36.412: (move f2-5f f2-4f)
37.443: (putdown f2-4f key0-1)
37.594: (move f2-4f f2-5f)
38.968: (putdown f2-4f key0-1)
39.013: (move f2-4f f1-4f)
39.013: (move f1-3f f1-4f)
39.524: (putdown f2-5f key1-0)
39.601: (move f2-5f f2-4f)
39.710: (move f2-5f f3-5f)
39.719: (move f2-4f f3-4f)
36.365: (putdown f2-4f key1-0)
36.884: (move f2-4f f2-5f)
37.510: (move f2-5f f3-5f)
37.510: (move f3-4f f3-5f)
37.918: (move f2-4f f1-4f)
38.147: (move f2-4f f3-4f)
38.453: (putdown f2-5f key0-1)
38.985: (move f2-4f f2-5f)
39.990: (putdown f1-4f key0-1)
40.079: (move f2-5f f1-5f)
35.989: (move f2-5f f3-5f)
35.989: (move f3-4f f3-5f)
36.959: (move f2-5f f3-5f)
37.423: (move f1-4f f2-4f)
37.725: (move f2-5f f2-4f)
38.404: (pickup-and-loose f3-5f key1-0 key0-1)
38.462: (putdown f3-5f key0-1)
39.388: (move f3-4f f4-4f)
39.560: (move f1-4f f1-5f)
39.560: (move f2-5f f1-5f)
36.085: (pickup f3-5f key1-0)
37.100: (pickup f3-5f key1-0)
37.208: (move f3-5f f2-5f)
37.247: (move f3-5f f2-5f)
38.115: (move f2-4f f2-5f)
38.833: (move f2-4f f3-4f)
38.895: (move f3-5f f3-6f)
38.914: (move f3-5f f3-6f)
39.233: (move f3-5f f3-6f)
39.269: (move f3-5f f3-4f)
36.439: (move f2-5f f2-4f)
36.439: (move f3-4f f2-4f)
36.613: (move f2-5f f2-4f)
36.816: (move f3-5f f2-5f)
37.101: (putdown f2-5f key1-0)
37.109: (move f3-4f f3-5f)
37.109: (move f2-5f f3-5f)
38.190: (move f3-5f f3-4f)
38.324: (move f3-5f f2-5f)
38.774: (putdown f3-6f key1-0)
36.344: (putdown f2-4f key1-0)
36.484: (move f2-5f f2-4f)
36.715: (putdown f2-5f key1-0)
37.127: (pickup f3-5f key1-0)
37.472: (pickup-and-loose f2-5f key0-1 key1-0)
37.489: (move f3-4f f2-4f)
37.489: (move f2-5f f2-4f)
37.905: (move f2-5f f2-4f)
38.049: (putdown f3-4f key1-0)
38.309: (putdown f2-5f key1-0)
36.192: (move f3-4f f3-5f)
36.208: (move f2-5f f3-5f)
36.897: (pickup-and-loose f2-4f key0-1 key1-0)
36.948: (move f2-5f f2-4f)
37.172: (move f2-4f f2-5f)
37.190: (move f2-5f f3-5f)
37.401: (putdown f2-4f key1-0)
37.430: (move f3-4f f2-4f)
37.462: (move f2-5f f2-4f)
37.622: (move f2-5f f3-5f)
36.887: (move f2-4f f2-5f)
36.891: (move f2-4f f2-5f)
36.892: (move f3-5f f2-5f)
36.951: (pickup f2-4f key0-1)
37.444: (move f2-4f f2-5f)
37.898: (move f2-4f f1-4f)
37.919: (move f2-4f f1-4f)
37.924: (move f2-4f f1-4f)
38.191: (move f2-4f f3-4f)
38.191: (move f3-5f f3-4f)
36.191: (move f2-5f f3-5f)
37.618: (move f2-4f f2-5f)
37.680: (move f2-5f f3-5f)
38.301: (putdown f2-5f key0-1)
38.948: (move f2-4f f1-4f)
39.301: (move f3-4f f4-4f)
39.441: (move f1-4f f1-5f)
39.441: (move f2-5f f1-5f)
39.536: (move f1-4f f1-5f)
39.561: (move f1-4f f1-5f)
37.157: (move f2-5f f3-5f)
37.662: (move f2-5f f2-4f)
37.667: (move f2-5f f3-5f)
38.202: (move f3-5f f3-4f)
38.456: (putdown f2-5f key0-1)
38.653: (putdown f3-5f key0-1)
38.743: (move f1-4f f1-3f)
39.339: (move f4-4f f4-5f)
39.345: (move f3-5f f4-5f)
39.594: (move f3-5f f3-4f)
37.167: (move f2-5f f3-5f)
37.681: (move f2-5f f2-4f)
38.618: (putdown f3-5f key0-1)
38.712: (move f4-5f f4-6f)
38.810: (move f4-5f f4-6f)
38.951: (move f3-5f f3-6f)
39.170: (move f3-5f f3-4f)
39.184: (move f3-5f f3-6f)
39.295: (move f4-5f f4-4f)
39.295: (move f3-4f f4-4f)
37.286: (move f3-5f f2-5f)
38.840: (move f3-6f f4-6f)
38.954: (move f3-5f f3-6f)
38.970: (move f3-6f f4-6f)
39.137: (move f3-5f f3-4f)
39.188: (move f3-5f f3-6f)
39.212: (pickup f4-6f key1-1)
39.305: (pickup f4-6f key1-1)
39.621: (move f3-5f f3-4f)
39.621: (move f2-4f f3-4f)
36.457: (move f2-5f f2-4f)
36.457: (move f3-4f f2-4f)
38.845: (move f3-6f f4-6f)
38.968: (move f3-6f f4-6f)
39.178: (pickup f4-6f key1-1)
39.278: (pickup f3-4f key1-0)
39.795: (move f4-6f f5-6f)
39.826: (pickup f3-4f key1-0)
39.886: (pickup f4-6f key1-1)
40.440: (move f4-6f f4-5f)
39.161: (pickup f4-6f key1-1)
39.859: (pickup f4-6f key1-1)
39.926: (move f2-4f f1-4f)
39.935: (move f4-6f f5-6f)
39.988: (move f5-6f f5-5f)
40.392: (move f4-6f f3-6f)
40.463: (move f4-6f f4-5f)
40.522: (move f4-6f f4-5f)
40.580: (move f4-6f f5-6f)
40.862: (move f3-4f f4-4f)
39.500: (pickup f5-5f key2-0)
40.013: (move f4-5f f5-5f)
40.014: (move f5-6f f5-5f)
40.327: (move f5-5f f5-4f)
40.353: (move f4-4f f5-4f)
40.391: (move f4-4f f4-5f)
40.401: (move f4-6f f3-6f)
40.562: (move f5-5f f4-5f)
40.652: (move f4-6f f5-6f)
40.787: (move f5-5f f6-5f)
38.397: (move f5-5f f5-4f)
38.902: (move f4-5f f4-6f)
39.531: (pickup f5-5f key2-0)
39.775: (move f5-5f f4-5f)
39.863: (move f5-4f f5-5f)
39.863: (move f4-5f f5-5f)
40.171: (putdown f5-4f key1-0)
40.276: (putdown f4-5f key1-0)
40.364: (move f5-5f f5-4f)
40.432: (move f5-5f f6-5f)
38.434: (move f5-5f f5-4f)
38.639: (move f4-5f f3-5f)
38.689: (move f5-4f f4-4f)
38.689: (move f4-5f f4-4f)
38.824: (putdown f4-6f key1-0)
38.988: (move f4-5f f4-6f)
39.123: (putdown f5-4f key2-0)
39.124: (move f5-4f f6-4f)
39.125: (move f6-5f f6-4f)
39.354: (pickup-and-loose f5-5f key2-0 key1-0)
37.243: (move f3-5f f2-5f)
37.686: (pickup f3-5f key0-1)
38.372: (move f5-5f f5-4f)
38.611: (putdown f4-4f key2-0)
38.711: (move f4-4f f4-3f)
38.753: (move f5-4f f4-4f)
38.915: (move f4-6f f3-6f)
38.964: (move f3-5f f3-6f)
38.964: (move f4-6f f3-6f)
39.091: (move f5-4f f6-4f)
36.495: (move f2-5f f2-4f)
37.601: (move f4-4f f4-5f)
37.615: (move f3-5f f2-5f)
37.746: (move f4-4f f3-4f)
38.368: (move f4-4f f5-4f)
38.636: (move f3-6f f3-5f)
38.684: (putdown f4-4f key2-0)
38.753: (move f5-4f f4-4f)
38.803: (move f4-4f f4-3f)
39.086: (putdown f5-4f key2-0)
37.032: (move f2-5f f2-4f)
37.057: (move f3-4f f2-4f)
37.218: (move f3-5f f2-5f)
37.556: (move f4-5f f3-5f)
37.556: (move f3-4f f3-5f)
37.611: (move f4-4f f4-5f)
37.672: (pickup f3-5f key0-1)
37.710: (move f4-4f f3-4f)
38.089: (move f4-5f f4-6f)
38.420: (move f4-4f f5-4f)
36.390: (move f2-5f f2-4f)
36.536: (pickup f3-5f key0-1)
37.168: (move f3-4f f2-4f)
37.313: (pickup f2-4f key1-0)
37.530: (putdown f2-4f key0-1)
37.559: (move f3-5f f2-5f)
37.562: (move f4-5f f3-5f)
37.563: (move f3-4f f3-5f)
37.830: (move f3-5f f2-5f)
37.831: (move f2-4f f2-5f)
36.542: (pickup f3-5f key0-1)
36.906: (move f2-4f f2-5f)
36.970: (move f2-5f f2-4f)
37.811: (move f3-5f f3-4f)
37.866: (move f2-4f f2-5f)
37.871: (move f2-4f f3-4f)
37.874: (move f3-5f f2-5f)
37.875: (move f2-4f f2-5f)
37.935: (move f2-4f f1-4f)
38.241: (move f2-4f f3-4f)
35.003: (move f3-4f f2-4f)
36.191: (move f3-4f f3-5f)
36.192: (move f2-5f f3-5f)
37.384: (move f3-4f f3-5f)
37.384: (move f2-5f f3-5f)
37.466: (putdown f2-4f key0-1)
37.733: (putdown f2-5f key1-0)
37.877: (move f3-5f f3-4f)
38.230: (move f3-5f f2-5f)
38.289: (move f3-5f f4-5f)
35.071: (move f2-5f f2-4f)
35.071: (move f3-4f f2-4f)
35.913: (putdown f2-4f key0-1)
36.060: (pickup-and-loose f2-4f key1-0 key0-1)
36.419: (pickup-and-loose f3-5f key0-1 key1-0)
36.722: (move f2-4f f1-4f)
36.861: (move f2-4f f2-5f)
37.219: (move f2-5f f2-4f)
37.367: (move f2-4f f2-3f)
37.422: (putdown f3-5f key1-0)
35.346: (move f2-3f f1-3f)
35.346: (move f1-4f f1-3f)
35.990: (putdown f2-4f key0-1)
36.175: (move f2-5f f3-5f)
36.656: (move f2-4f f1-4f)
36.795: (move f2-4f f3-4f)
36.797: (move f2-4f f3-4f)
37.169: (move f2-4f f2-5f)
37.198: (move f2-4f f2-5f)
37.362: (move f2-4f f2-3f)
35.312: (move f3-4f f3-5f)
35.313: (move f2-5f f3-5f)
35.421: (move f3-4f f3-5f)
35.421: (move f2-5f f3-5f)
35.429: (move f1-4f f1-3f)
35.429: (move f2-3f f1-3f)
36.568: (putdown f1-3f key0-1)
36.639: (move f2-4f f3-4f)
36.639: (putdown f3-4f key1-0)
37.040: (putdown f2-5f key1-0)
35.237: (putdown f3-5f key1-0)
35.426: (move f3-4f f3-5f)
35.451: (move f2-5f f3-5f)
35.976: (move f2-5f f2-4f)
36.609: (putdown f1-3f key0-1)
37.090: (move f3-5f f4-5f)
37.136: (move f3-5f f4-5f)
37.271: (move f3-4f f4-4f)
37.738: (move f1-3f f2-3f)
37.927: (move f1-3f f1-4f)
35.066: (pickup f2-4f key0-1)
35.983: (move f1-4f f2-4f)
35.983: (move f2-3f f2-4f)
36.710: (move f3-5f f3-4f)
36.789: (move f3-5f f3-4f)
36.789: (move f2-4f f3-4f)
36.954: (putdown f4-5f key1-0)
37.113: (move f3-5f f4-5f)
37.141: (move f3-5f f4-5f)
37.159: (move f4-4f f4-5f)
35.421: (move f4-5f f3-5f)
35.990: (move f3-4f f2-4f)
36.233: (pickup f2-4f key1-0)
36.738: (move f2-4f f1-4f)
37.006: (move f2-4f f3-4f)
37.228: (move f3-4f f4-4f)
37.228: (move f4-5f f4-4f)
37.234: (move f4-5f f4-4f)
37.312: (move f3-4f f4-4f)
37.312: (move f4-5f f4-4f)
35.078: (pickup f2-4f key0-1)
35.483: (move f1-4f f1-3f)
36.281: (move f3-4f f3-5f)
36.783: (move f3-5f f3-4f)
36.784: (move f4-4f f3-4f)
37.129: (move f2-4f f3-4f)
37.147: (move f3-5f f2-5f)
37.161: (move f2-4f f2-5f)
37.201: (pickup f4-4f key2-0)
37.204: (pickup f4-4f key2-0)
36.000: (move f3-4f f2-4f)
36.000: (move f2-5f f2-4f)
36.217: (move f3-4f f3-5f)
36.588: (move f4-4f f4-3f)
36.622: (move f4-4f f4-3f)
36.664: (putdown f1-3f key0-1)
36.748: (move f2-4f f1-4f)
36.903: (putdown f3-4f key1-0)
37.327: (move f3-5f f4-5f)
37.416: (move f1-3f f2-3f)
35.097: (pickup f2-4f key0-1)
35.440: (move f1-4f f1-3f)
36.062: (move f3-4f f2-4f)
36.105: (putdown f3-5f key1-0)
36.270: (move f3-4f f3-5f)
36.445: (putdown f4-3f key2-0)
36.482: (putdown f4-3f key2-0)
37.335: (move f3-5f f4-5f)
37.791: (putdown f1-4f key0-1)
37.799: (move f1-3f f2-3f)
36.067: (move f2-3f f2-4f)
36.084: (move f1-4f f2-4f)
36.542: (move f4-3f f4-4f)
36.551: (move f4-3f f4-4f)
36.611: (putdown f1-3f key0-1)
36.708: (move f2-4f f1-4f)
36.928: (move f3-5f f3-4f)
37.194: (putdown f4-5f key1-0)
37.299: (move f3-5f f4-5f)
37.353: (move f2-4f f2-3f)
35.368: (move f2-3f f1-3f)
35.368: (move f1-4f f1-3f)
35.913: (move f4-4f f3-4f)
35.927: (move f4-4f f3-4f)
36.066: (move f3-4f f2-4f)
36.268: (move f4-5f f3-5f)
36.974: (move f4-4f f4-5f)
37.025: (move f2-4f f3-4f)
37.180: (move f4-4f f4-5f)
37.259: (move f2-4f f3-4f)
35.142: (move f4-5f f3-5f)
35.143: (move f3-4f f3-5f)
35.207: (move f3-4f f3-5f)
35.207: (move f4-5f f3-5f)
35.624: (move f3-4f f2-4f)
35.643: (move f3-4f f2-4f)
36.234: (move f3-4f f3-5f)
36.484: (move f3-4f f3-5f)
36.546: (putdown f1-3f key0-1)
37.012: (move f3-5f f3-4f)
34.667: (pickup f2-4f key0-1)
34.691: (pickup f2-4f key0-1)
35.859: (move f2-4f f2-5f)
35.859: (move f3-5f f2-5f)
36.015: (move f3-5f f2-5f)
36.015: (move f2-4f f2-5f)
36.082: (move f3-4f f2-4f)
36.454: (pickup f3-5f key1-0)
37.384: (move f2-4f f2-3f)
37.416: (move f3-5f f4-5f)
34.563: (move f2-4f f1-4f)
34.590: (move f2-4f f1-4f)
34.955: (move f2-4f f2-3f)
35.060: (move f2-4f f2-3f)
35.977: (pickup f2-5f key1-0)
36.183: (move f2-4f f2-5f)
36.283: (move f2-4f f2-5f)
36.835: (move f2-5f f1-5f)
36.865: (move f2-5f f1-5f)
36.963: (move f2-4f f3-4f)
33.198: (move f1-4f f1-3f)
33.198: (move f2-3f f1-3f)
33.325: (move f2-3f f1-3f)
33.325: (move f1-4f f1-3f)
35.058: (move f2-5f f3-5f)
35.604: (move f2-5f f2-4f)
35.773: (putdown f1-4f key0-1)
35.808: (putdown f1-4f key0-1)
35.963: (putdown f2-3f key0-1)
36.063: (putdown f2-3f key0-1)
34.524: (move f2-3f f2-4f)
34.544: (move f2-3f f2-4f)
34.613: (pickup-and-loose f2-4f key0-1 key1-0)
34.635: (putdown f1-3f key0-1)
34.761: (putdown f1-3f key0-1)
34.989: (putdown f3-5f key1-0)
35.478: (move f2-3f f1-3f)
35.553: (move f1-3f f1-2f)
35.557: (move f2-3f f1-3f)
35.570: (putdown f2-4f key1-0)
34.463: (move f2-4f f1-4f)
34.897: (move f2-4f f3-4f)
34.943: (move f2-4f f3-4f)
34.952: (move f2-4f f2-3f)
35.202: (move f2-4f f2-5f)
35.340: (move f2-4f f2-5f)
35.456: (move f1-2f f0-2f)
35.511: (move f1-3f f2-3f)
35.611: (move f1-3f f2-3f)
35.848: (move f3-5f f3-4f)
33.178: (move f2-3f f1-3f)
33.178: (move f1-4f f1-3f)
35.328: (pickup f2-5f key1-0)
35.345: (move f2-3f f2-4f)
35.356: (move f2-3f f2-4f)
35.372: (move f3-4f f4-4f)
35.476: (move f3-4f f4-4f)
35.528: (move f2-5f f3-5f)
35.528: (move f3-4f f3-5f)
35.531: (unlock f0-2f f0-1f key0-1 shape0)
34.076: (move f4-4f f4-3f)
34.128: (move f4-4f f4-3f)
34.586: (move f2-5f f2-4f)
34.631: (putdown f1-3f key0-1)
35.596: (move f1-3f f1-2f)
35.630: (move f2-5f f3-5f)
35.660: (move f0-2f f1-2f)
36.113: (move f2-4f f1-4f)
36.127: (move f2-4f f1-4f)
36.293: (move f2-4f f3-4f)
33.252: (move f1-2f f1-3f)
34.460: (pickup f4-3f key2-0)
34.467: (putdown f2-4f key1-0)
34.523: (pickup f4-3f key2-0)
34.900: (move f1-4f f1-5f)
34.990: (move f3-5f f3-4f)
34.991: (move f2-4f f3-4f)
35.093: (move f1-4f f0-4f)
35.101: (move f1-4f f1-5f)
35.110: (move f1-4f f0-4f)
34.568: (move f1-3f f1-4f)
34.704: (putdown f1-3f key0-1)
34.791: (putdown f3-4f key1-0)
34.897: (move f2-4f f3-4f)
35.007: (move f1-3f f2-3f)
35.288: (move f2-4f f2-5f)
35.416: (move f4-3f f4-2f)
35.460: (move f4-3f f4-2f)
35.493: (move f3-4f f4-4f)
35.873: (move f3-4f f3-3f)
34.073: (move f3-3f f4-3f)
34.074: (move f4-4f f4-3f)
34.524: (move f3-4f f2-4f)
34.688: (move f2-3f f2-4f)
34.689: (move f1-4f f2-4f)
35.338: (putdown f4-4f key1-0)
35.368: (move f1-3f f2-3f)
35.404: (move f3-4f f4-4f)
35.464: (move f3-4f f4-4f)
35.482: (move f4-2f f3-2f)
34.039: (putdown f4-3f key1-0)
34.066: (move f4-4f f4-3f)
34.116: (move f4-4f f4-3f)
34.156: (move f4-4f f4-3f)
34.410: (pickup-and-loose f4-3f key2-0 key1-0)
34.858: (move f4-4f f3-4f)
35.198: (move f2-3f f2-4f)
35.306: (move f2-4f f2-5f)
35.635: (putdown f2-4f key0-1)
35.713: (move f2-3f f3-3f)
34.464: (pickup f4-3f key2-0)
34.498: (pickup f4-3f key2-0)
34.513: (pickup f4-3f key2-0)
34.580: (move f3-4f f2-4f)
35.390: (move f4-3f f4-4f)
35.488: (move f3-3f f4-3f)
35.544: (move f4-3f f4-2f)
35.623: (move f2-5f f3-5f)
35.693: (move f3-4f f3-5f)
35.745: (move f2-4f f3-4f)
34.776: (move f4-4f f3-4f)
34.865: (move f3-4f f3-5f)
35.280: (move f2-4f f2-5f)
35.280: (move f3-5f f2-5f)
35.437: (move f4-3f f4-2f)
35.444: (move f4-3f f4-2f)
35.451: (move f4-3f f4-2f)
35.492: (move f4-2f f3-2f)
35.889: (pickup f4-3f key2-0)
35.943: (move f4-3f f3-3f)
34.457: (move f3-4f f2-4f)
35.464: (move f3-4f f3-5f)
35.486: (move f4-2f f3-2f)
35.517: (move f4-2f f3-2f)
35.517: (move f3-3f f3-2f)
35.529: (move f4-2f f3-2f)
35.754: (move f3-4f f3-3f)
35.856: (move f3-5f f2-5f)
36.014: (move f4-3f f3-3f)
36.036: (move f3-2f f3-3f)
35.268: (move f3-5f f2-5f)
35.268: (move f2-4f f2-5f)
35.785: (move f3-3f f2-3f)
35.785: (move f2-4f f2-3f)
35.963: (move f3-2f f3-3f)
36.031: (move f3-2f f3-3f)
36.213: (move f3-3f f3-4f)
36.262: (move f2-4f f1-4f)
36.267: (putdown f3-3f key2-0)
36.295: (putdown f3-2f key2-0)
34.748: (pickup f2-3f key0-1)
35.396: (move f2-3f f1-3f)
35.397: (move f1-4f f1-3f)
35.990: (move f3-2f f4-2f)
36.105: (move f3-3f f4-3f)
36.162: (move f3-4f f4-4f)
36.224: (move f3-3f f3-4f)
36.244: (move f3-3f f3-4f)
36.390: (putdown f3-3f key2-0)
36.458: (putdown f3-3f key2-0)
32.981: (move f2-3f f1-3f)
34.499: (move f2-3f f2-4f)
35.332: (move f4-2f f4-3f)
35.445: (move f3-3f f4-3f)
35.484: (move f3-3f f4-3f)
35.991: (putdown f4-4f key2-0)
35.991: (move f3-4f f4-4f)
36.052: (move f3-4f f4-4f)
36.360: (move f3-3f f3-4f)
36.422: (move f3-3f f3-4f)
34.419: (move f2-4f f1-4f)
34.419: (move f1-3f f1-4f)
34.444: (putdown f1-3f key0-1)
35.026: (move f3-4f f3-5f)
35.142: (move f3-4f f3-5f)
35.203: (move f4-4f f4-3f)
35.406: (move f1-3f f1-2f)
35.476: (putdown f2-4f key0-1)
35.520: (move f4-4f f3-4f)
35.829: (putdown f4-4f key2-0)
34.830: (move f3-4f f3-5f)
35.231: (move f1-2f f0-2f)
35.337: (move f4-4f f4-3f)
35.341: (pickup f4-3f key1-0)
35.357: (move f1-3f f2-3f)
35.560: (move f4-4f f3-4f)
35.645: (putdown f1-4f key0-1)
35.693: (move f3-4f f2-4f)
35.732: (move f2-4f f3-4f)
35.883: (pickup f4-4f key1-0)
34.843: (move f3-4f f3-5f)
35.046: (move f3-4f f3-5f)
35.216: (move f2-3f f2-4f)
35.309: (unlock f0-2f f0-1f key0-1 shape0)
35.630: (move f4-4f f3-4f)
35.705: (move f3-4f f2-4f)
35.727: (move f1-4f f2-4f)
35.818: (move f2-3f f3-3f)
36.509: (move f3-5f f4-5f)
36.513: (move f4-4f f4-5f)
34.843: (move f3-4f f3-5f)
34.843: (move f4-5f f3-5f)
35.404: (putdown f3-4f key1-0)
35.514: (move f0-2f f1-2f)
35.564: (move f3-3f f4-3f)
35.767: (move f3-4f f2-4f)
35.923: (move f3-5f f2-5f)
35.997: (move f2-4f f1-4f)
36.099: (move f3-3f f3-4f)
36.100: (move f2-4f f3-4f)
33.036: (move f1-2f f1-3f)
34.692: (putdown f3-5f key1-0)
34.814: (move f3-4f f3-5f)
34.917: (move f1-4f f1-5f)
34.926: (move f1-4f f0-4f)
35.628: (putdown f2-4f key1-0)
35.653: (pickup f4-3f key1-0)
35.710: (move f3-4f f2-4f)
35.932: (move f3-4f f4-4f)
35.959: (pickup f4-3f key2-0)
34.423: (move f1-3f f1-4f)
34.514: (putdown f1-3f key0-1)
34.801: (move f1-3f f2-3f)
35.355: (move f4-4f f4-3f)
35.448: (move f3-5f f3-4f)
35.530: (move f2-4f f3-4f)
35.990: (move f4-3f f3-3f)
36.097: (pickup f4-4f key2-0)
36.282: (move f4-3f f3-3f)
36.437: (move f3-5f f4-5f)
34.498: (move f2-3f f2-4f)
34.498: (move f1-4f f2-4f)
34.803: (move f3-4f f3-5f)
35.214: (move f1-3f f2-3f)
35.535: (move f3-3f f2-3f)
35.700: (putdown f1-4f key0-1)
35.707: (move f3-4f f2-4f)
35.798: (putdown f3-3f key1-0)
35.831: (putdown f2-3f key0-1)
35.880: (move f1-4f f1-5f)
34.397: (move f2-3f f2-4f)
34.531: (move f2-3f f1-3f)
35.059: (move f2-3f f2-4f)
35.399: (move f2-3f f1-3f)
35.464: (putdown f2-3f key1-0)
35.470: (putdown f2-4f key0-1)
35.487: (move f2-3f f2-4f)
35.493: (move f3-3f f2-3f)
35.599: (move f3-3f f4-3f)
35.609: (move f1-4f f2-4f)
33.077: (pickup-and-loose f1-3f key0-1 key1-0)
34.533: (putdown f1-3f key1-0)
34.600: (move f2-3f f1-3f)
34.691: (move f2-4f f3-4f)
34.730: (move f2-3f f1-3f)
35.161: (move f2-4f f2-5f)
35.276: (putdown f2-4f key1-0)
35.384: (move f2-3f f2-4f)
35.390: (move f2-3f f2-4f)
35.550: (move f2-4f f3-4f)
33.151: (pickup f1-3f key0-1)
33.292: (pickup f1-3f key0-1)
34.507: (move f1-3f f1-4f)
34.771: (move f3-4f f3-5f)
34.899: (move f1-3f f2-3f)
35.207: (move f3-4f f4-4f)
35.247: (move f2-5f f3-5f)
35.247: (move f3-4f f3-5f)
35.402: (move f1-3f f1-2f)
35.519: (move f2-4f f2-3f)
33.962: (move f4-4f f4-3f)
34.528: (move f1-3f f1-4f)
34.541: (move f1-3f f1-4f)
34.592: (move f2-3f f2-4f)
34.592: (move f1-4f f2-4f)
34.923: (move f1-3f f2-3f)
34.939: (move f1-3f f2-3f)
35.271: (move f1-2f f0-2f)
35.539: (move f1-3f f1-2f)
35.564: (move f1-3f f1-2f)
34.006: (pickup f4-3f key1-0)
34.351: (pickup f4-3f key2-0)
34.641: (move f1-4f f2-4f)
34.641: (move f2-3f f2-4f)
34.700: (move f1-4f f2-4f)
34.700: (move f2-3f f2-4f)
35.331: (move f1-2f f0-2f)
35.348: (unlock f0-2f f0-1f key0-1 shape0)
35.432: (move f1-2f f0-2f)
35.571: (putdown f2-4f key0-1)
35.348: (move f4-3f f4-4f)
35.407: (unlock f0-2f f0-1f key0-1 shape0)
35.463: (move f4-3f f4-2f)
35.508: (unlock f0-2f f0-1f key0-1 shape0)
35.509: (move f0-2f f1-2f)
35.602: (putdown f2-4f key0-1)
35.646: (putdown f2-4f key0-1)
35.805: (move f4-3f f3-3f)
35.890: (move f2-4f f3-4f)
35.959: (move f4-3f f4-4f)
33.134: (move f1-2f f1-3f)
34.917: (move f3-3f f3-4f)
34.917: (move f4-4f f3-4f)
35.129: (move f3-4f f3-5f)
35.180: (putdown f4-4f key1-0)
35.437: (move f4-2f f3-2f)
35.645: (move f0-2f f1-2f)
35.652: (putdown f3-3f key1-0)
35.670: (move f0-2f f1-2f)
35.789: (putdown f4-4f key2-0)
33.207: (move f1-2f f1-3f)
33.346: (move f1-2f f1-3f)
33.988: (move f4-4f f4-3f)
34.029: (move f3-3f f4-3f)
34.508: (move f1-3f f1-4f)
34.523: (move f3-4f f2-4f)
34.594: (pickup-and-loose f1-3f key1-0 key0-1)
34.605: (putdown f1-3f key0-1)
34.710: (putdown f3-4f key1-0)
34.760: (move f3-3f f3-4f)
34.405: (pickup f4-3f key2-0)
34.408: (putdown f2-4f key1-0)
34.457: (pickup f4-3f key2-0)
34.465: (move f3-4f f2-4f)
34.499: (move f3-4f f2-4f)
34.535: (move f1-3f f1-4f)
34.549: (move f1-3f f1-4f)
34.590: (move f1-4f f2-4f)
34.669: (putdown f1-3f key0-1)
34.797: (putdown f1-3f key0-1)
34.634: (move f1-4f f2-4f)
34.701: (move f1-4f f2-4f)
34.812: (move f2-4f f3-4f)
34.948: (move f2-4f f2-3f)
35.162: (move f2-4f f2-5f)
35.181: (move f2-4f f2-5f)
35.198: (move f2-4f f2-5f)
35.322: (move f1-3f f2-3f)
35.351: (move f1-3f f2-3f)
35.368: (move f4-3f f4-2f)
34.979: (move f2-4f f2-3f)
34.992: (move f2-4f f2-3f)
35.222: (move f3-4f f4-4f)
35.225: (move f2-3f f2-4f)
35.234: (move f2-3f f2-4f)
35.289: (move f2-5f f3-5f)
35.290: (move f3-4f f3-5f)
35.401: (pickup f2-3f key1-0)
35.403: (move f2-5f f3-5f)
35.429: (move f4-2f f3-2f)
34.036: (move f4-4f f4-3f)
35.292: (move f2-3f f2-4f)
35.814: (move f2-3f f3-3f)
35.933: (move f3-2f f3-3f)
35.968: (move f2-4f f1-4f)
35.980: (putdown f2-3f key0-1)
35.997: (putdown f2-3f key0-1)
36.015: (move f2-4f f1-4f)
36.056: (pickup-and-loose f2-3f key1-0 key0-1)
36.074: (move f2-4f f3-4f)
34.436: (pickup f4-3f key2-0)
34.499: (move f2-3f f2-4f)
34.910: (move f1-4f f0-4f)
34.927: (move f1-4f f0-4f)
34.954: (move f1-4f f1-5f)
34.965: (move f1-4f f1-5f)
35.123: (putdown f2-4f key1-0)
35.469: (move f2-3f f1-3f)
35.503: (move f2-3f f1-3f)
35.515: (move f3-3f f4-3f)
34.775: (move f2-4f f3-4f)
35.164: (move f2-4f f2-5f)
35.354: (move f4-3f f4-2f)
35.376: (move f2-4f f2-3f)
35.420: (putdown f4-3f key1-0)
35.806: (pickup-and-loose f4-3f key2-0 key1-0)
35.847: (move f4-3f f4-4f)
35.940: (move f2-4f f1-4f)
36.000: (move f4-3f f3-3f)
36.141: (move f2-4f f3-4f)
34.700: (move f1-4f f1-3f)
34.701: (move f2-3f f1-3f)
34.872: (move f1-4f f0-4f)
34.906: (move f1-4f f1-5f)
35.266: (move f3-4f f4-4f)
35.399: (move f2-5f f3-5f)
35.399: (move f3-4f f3-5f)
35.473: (move f3-3f f3-2f)
35.473: (move f4-2f f3-2f)
35.678: (move f4-3f f3-3f)
33.233: (pickup f1-3f key0-1)
33.974: (move f4-4f f4-3f)
35.965: (move f3-3f f3-4f)
36.288: (putdown f3-2f key2-0)
36.415: (move f4-4f f4-5f)
36.415: (move f3-5f f4-5f)
36.586: (move f1-5f f2-5f)
37.551: (move f3-3f f3-2f)
37.869: (move f1-3f f1-2f)
38.152: (move f1-5f f0-5f)
34.394: (pickup f4-3f key2-0)
34.468: (move f1-3f f1-4f)
35.003: (move f1-3f f2-3f)
35.702: (move f1-3f f1-2f)
35.777: (move f4-3f f3-3f)
35.879: (move f3-2f f4-2f)
36.155: (move f4-3f f4-2f)
36.417: (move f1-2f f0-2f)
36.858: (move f3-4f f3-5f)
36.877: (move f3-2f f3-3f)
34.606: (move f2-3f f2-4f)
34.606: (move f1-4f f2-4f)
35.315: (move f4-2f f4-3f)
35.315: (move f3-3f f4-3f)
35.404: (move f4-3f f4-2f)
35.436: (move f1-2f f0-2f)
35.719: (putdown f1-4f key0-1)
35.911: (move f4-3f f4-4f)
35.973: (move f4-3f f3-3f)
35.995: (move f1-4f f1-5f)
35.467: (move f4-2f f3-2f)
35.467: (move f3-3f f3-2f)
35.561: (putdown f2-4f key0-1)
35.585: (pickup-and-loose f2-4f key1-0 key0-1)
35.730: (move f1-4f f2-4f)
35.750: (putdown f4-4f key2-0)
35.989: (move f1-5f f2-5f)
35.989: (move f2-4f f2-5f)
36.081: (putdown f4-2f key2-0)
36.157: (move f4-4f f3-4f)
34.358: (move f4-2f f4-3f)
35.210: (move f4-4f f4-3f)
35.467: (move f4-4f f3-4f)
35.748: (move f2-4f f3-4f)
35.794: (move f2-4f f3-4f)
35.844: (move f2-4f f2-5f)
35.858: (move f2-4f f2-5f)
35.879: (pickup f2-4f key1-0)
35.930: (move f2-5f f3-5f)
36.086: (move f4-2f f3-2f)
34.678: (move f3-4f f3-5f)
34.836: (move f2-5f f3-5f)
34.836: (move f3-4f f3-5f)
34.860: (move f3-4f f3-5f)
34.860: (move f2-5f f3-5f)
35.622: (putdown f3-4f key1-0)
35.683: (move f3-4f f2-4f)
35.712: (putdown f2-5f key1-0)
35.817: (move f2-4f f1-4f)
35.852: (move f4-3f f4-4f)
34.452: (pickup-and-loose f1-4f key0-1 key1-0)
34.744: (putdown f3-5f key1-0)
34.896: (move f3-4f f3-5f)
34.931: (move f2-5f f3-5f)
35.595: (move f3-4f f2-4f)
35.612: (move f2-5f f2-4f)
35.709: (putdown f1-4f key1-0)
35.976: (move f4-4f f3-4f)
36.286: (move f3-5f f4-5f)
36.416: (move f3-4f f4-4f)
33.194: (move f1-4f f1-3f)
34.608: (move f1-4f f2-4f)
34.638: (pickup f2-4f key0-1)
34.661: (pickup f2-4f key0-1)
34.971: (move f3-4f f2-4f)
35.668: (move f3-5f f3-4f)
35.731: (move f2-4f f3-4f)
35.731: (move f3-5f f3-4f)
35.770: (move f3-5f f2-5f)
35.813: (move f2-4f f2-5f)
34.540: (move f2-4f f1-4f)
34.595: (move f2-4f f1-4f)
34.678: (putdown f1-3f key0-1)
34.998: (move f2-4f f2-3f)
34.998: (move f1-3f f2-3f)
35.054: (move f2-4f f2-3f)
35.113: (move f2-4f f2-3f)
35.581: (putdown f2-4f key0-1)
35.627: (move f2-5f f2-4f)
35.627: (move f3-4f f2-4f)
33.265: (move f2-3f f1-3f)
33.265: (move f1-4f f1-3f)
33.378: (move f2-3f f1-3f)
33.378: (move f1-4f f1-3f)
34.674: (pickup f2-4f key0-1)
35.435: (move f1-3f f2-3f)
35.682: (move f2-4f f3-4f)
35.797: (move f2-4f f2-5f)
35.810: (putdown f1-4f key0-1)
35.860: (move f1-3f f1-4f)
34.635: (move f2-4f f1-4f)
34.716: (putdown f1-3f key0-1)
34.830: (putdown f1-3f key0-1)
34.865: (move f2-5f f3-5f)
34.865: (move f3-4f f3-5f)
34.885: (move f1-4f f0-4f)
34.933: (move f1-4f f1-5f)
35.122: (move f2-4f f2-3f)
35.164: (move f2-3f f2-4f)
35.164: (move f1-4f f2-4f)
33.346: (move f1-4f f1-3f)
33.347: (move f2-3f f1-3f)
35.423: (move f1-3f f2-3f)
35.466: (move f1-3f f2-3f)
35.903: (putdown f1-4f key0-1)
36.004: (move f1-3f f1-4f)
36.035: (move f1-4f f1-5f)
36.041: (move f2-4f f3-4f)
36.068: (move f1-3f f1-4f)
36.126: (putdown f2-3f key0-1)
34.495: (move f2-3f f2-4f)
34.796: (putdown f1-3f key0-1)
34.862: (move f1-4f f1-5f)
34.907: (move f1-4f f0-4f)
34.953: (move f1-4f f1-5f)
35.024: (move f1-4f f0-4f)
35.182: (move f1-4f f2-4f)
35.182: (move f2-3f f2-4f)
35.191: (move f2-3f f2-4f)
35.192: (move f1-4f f2-4f)
34.733: (move f2-4f f3-4f)
35.148: (move f2-4f f2-5f)
35.485: (move f1-3f f2-3f)
36.062: (move f2-4f f3-4f)
36.095: (move f1-3f f1-4f)
36.161: (move f2-4f f3-4f)
36.394: (move f2-4f f1-4f)
36.466: (move f2-4f f2-5f)
36.466: (move f1-5f f2-5f)
36.570: (move f1-5f f2-5f)
34.959: (move f1-4f f1-5f)
35.062: (move f1-4f f0-4f)
35.212: (move f1-4f f2-4f)
35.212: (move f2-3f f2-4f)
35.269: (move f3-4f f3-5f)
35.269: (move f2-5f f3-5f)
35.275: (move f3-4f f4-4f)
35.555: (move f1-4f f1-3f)
35.690: (move f3-4f f3-3f)
35.769: (move f3-4f f3-3f)
34.101: (move f4-4f f4-3f)
35.418: (pickup f3-5f key1-0)
35.455: (move f3-3f f4-3f)
35.517: (move f3-3f f4-3f)
36.063: (move f2-4f f3-4f)
36.352: (move f3-5f f4-5f)
36.352: (move f4-4f f4-5f)
36.480: (move f2-4f f2-5f)
36.480: (move f1-5f f2-5f)
37.050: (move f1-3f f1-2f)
34.486: (pickup f4-3f key2-0)
35.251: (move f3-5f f2-5f)
35.599: (move f1-2f f0-2f)
35.805: (move f3-4f f3-3f)
35.830: (move f4-3f f3-3f)
35.840: (pickup f4-3f key2-0)
35.900: (pickup f4-3f key2-0)
36.106: (move f4-3f f4-2f)
36.482: (move f3-5f f4-5f)
36.925: (move f2-5f f3-5f)
35.098: (putdown f2-5f key1-0)
35.329: (move f4-3f f4-2f)
35.575: (move f3-3f f4-3f)
35.891: (move f4-3f f4-4f)
35.963: (move f4-3f f3-3f)
36.019: (move f4-3f f3-3f)
36.034: (move f4-3f f3-3f)
36.262: (putdown f4-5f key1-0)
36.456: (move f2-5f f1-5f)
36.778: (move f4-2f f3-2f)
34.465: (move f2-5f f2-4f)
35.190: (move f4-5f f4-4f)
35.309: (move f2-5f f3-5f)
35.341: (move f4-5f f3-5f)
35.492: (move f4-2f f3-2f)
35.492: (move f3-3f f3-2f)
35.725: (putdown f4-4f key2-0)
35.950: (pickup f4-3f key2-0)
36.003: (putdown f4-2f key2-0)
36.072: (move f3-3f f3-4f)
34.049: (move f4-4f f4-3f)
34.458: (move f4-2f f4-3f)
34.811: (move f4-4f f3-4f)
34.811: (move f3-5f f3-4f)
34.857: (move f2-4f f3-4f)
34.857: (move f3-5f f3-4f)
35.233: (move f3-5f f2-5f)
35.291: (move f4-4f f4-3f)
35.374: (move f4-4f f3-4f)
36.080: (move f4-3f f3-3f)
34.462: (pickup f4-3f key2-0)
34.484: (move f2-5f f2-4f)
34.484: (move f3-4f f2-4f)
34.521: (move f3-4f f3-5f)
35.295: (move f3-4f f4-4f)
35.653: (move f3-4f f2-4f)
35.737: (move f3-4f f3-3f)
35.737: (move f4-3f f3-3f)
35.782: (move f3-4f f3-3f)
35.856: (move f4-3f f4-4f)
33.997: (move f4-4f f4-3f)
33.997: (move f3-3f f4-3f)
34.654: (pickup f3-5f key1-0)
35.376: (move f4-3f f4-2f)
35.825: (move f4-3f f4-4f)
35.922: (move f4-4f f3-4f)
35.961: (move f4-3f f3-3f)
36.007: (move f3-3f f2-3f)
36.008: (move f2-4f f2-3f)
36.109: (move f3-3f f2-3f)
34.398: (pickup f4-3f key2-0)
34.994: (move f3-4f f2-4f)
35.434: (move f3-3f f3-2f)
35.434: (move f4-2f f3-2f)
35.482: (move f2-3f f1-3f)
35.560: (move f2-3f f1-3f)
35.565: (move f3-5f f3-4f)
35.677: (putdown f4-4f key2-0)
36.050: (putdown f4-2f key2-0)
36.095: (move f4-3f f4-2f)
34.429: (move f4-2f f4-3f)
35.265: (move f4-4f f4-3f)
35.330: (move f4-3f f4-2f)
35.332: (putdown f3-4f key1-0)
35.455: (move f4-4f f3-4f)
35.710: (move f3-4f f2-4f)
35.724: (move f3-4f f4-4f)
35.923: (move f4-3f f4-4f)
35.974: (move f4-3f f3-3f)
36.038: (move f4-2f f3-2f)
34.620: (move f3-4f f3-5f)
34.626: (move f3-4f f3-5f)
35.293: (move f4-4f f4-3f)
35.426: (move f4-2f f3-2f)
35.426: (move f3-3f f3-2f)
35.574: (putdown f2-4f key1-0)
35.650: (putdown f4-4f key1-0)
35.657: (move f3-4f f2-4f)
35.670: (move f3-4f f2-4f)
35.730: (move f3-4f f4-4f)
35.140: (putdown f4-3f key1-0)
35.271: (move f4-4f f4-3f)
35.288: (move f4-4f f4-3f)
35.456: (move f2-4f f3-4f)
35.485: (move f4-4f f3-4f)
35.810: (pickup f4-4f key2-0)
35.893: (pickup f4-4f key2-0)
36.156: (move f3-5f f4-5f)
36.243: (putdown f3-2f key2-0)
36.332: (move f4-4f f4-5f)
34.452: (move f4-4f f4-3f)
34.608: (move f3-4f f3-5f)
34.647: (move f4-5f f3-5f)
34.648: (move f3-4f f3-5f)
35.651: (move f3-4f f2-4f)
35.695: (move f3-4f f4-4f)
35.859: (move f3-2f f4-2f)
36.028: (move f4-4f f3-4f)
36.179: (move f4-4f f3-4f)
36.314: (pickup f4-5f key1-0)
34.076: (putdown f4-3f key2-0)
35.253: (move f4-4f f4-3f)
35.279: (move f4-2f f4-3f)
35.353: (move f4-3f f4-2f)
35.912: (move f4-3f f3-3f)
35.913: (move f3-4f f3-3f)
36.286: (move f4-4f f4-5f)
36.286: (move f3-5f f4-5f)
36.567: (putdown f3-4f key2-0)
36.691: (move f3-5f f2-5f)
34.122: (move f3-4f f3-5f)
35.281: (move f4-3f f4-4f)
35.462: (move f4-2f f3-2f)
35.462: (move f3-3f f3-2f)
35.722: (move f4-3f f3-3f)
36.024: (putdown f4-2f key2-0)
36.128: (move f4-2f f4-1f)
36.128: (move f4-3f f4-2f)
36.196: (move f3-4f f4-4f)
36.330: (putdown f3-3f key2-0)
34.425: (move f4-2f f4-3f)
35.437: (move f3-3f f4-3f)
36.053: (move f3-3f f2-3f)
36.063: (unlock f4-1f f4-0f key2-0 shape2)
36.072: (move f4-2f f3-2f)
36.205: (move f3-3f f3-4f)
36.276: (putdown f3-2f key2-0)
36.314: (move f4-4f f4-3f)
36.420: (move f4-4f f4-5f)
36.754: (move f4-2f f3-2f)
34.892: (move f3-4f f3-5f)
35.413: (move f4-1f f4-2f)
35.501: (move f2-3f f1-3f)
35.851: (move f4-3f f4-4f)
35.860: (move f3-2f f4-2f)
36.305: (move f4-3f f3-3f)
36.305: (move f3-2f f3-3f)
36.374: (move f3-4f f2-4f)
36.396: (pickup f3-4f key1-0)
36.763: (move f4-3f f4-4f)
34.471: (move f4-2f f4-3f)
34.860: (move f3-4f f3-5f)
35.339: (move f4-2f f4-3f)
35.414: (move f4-2f f3-2f)
35.894: (move f4-4f f3-4f)
35.895: (move f3-3f f3-4f)
36.052: (putdown f4-2f key2-0)
36.303: (move f1-3f f1-4f)
36.401: (move f3-4f f2-4f)
36.414: (move f3-4f f3-3f)
34.063: (putdown f4-3f key2-0)
34.400: (move f4-2f f4-3f)
34.772: (putdown f3-5f key1-0)
34.941: (move f3-4f f2-4f)
35.456: (move f3-3f f4-3f)
35.781: (move f4-3f f4-4f)
35.843: (move f3-2f f3-3f)
35.844: (move f4-3f f3-3f)
35.852: (pickup-and-loose f3-3f key2-0 key1-0)
36.006: (move f4-2f f3-2f)
35.189: (move f4-3f f4-4f)
35.313: (putdown f4-3f key1-0)
35.514: (move f3-3f f3-2f)
35.593: (putdown f4-4f key2-0)
35.654: (move f4-3f f3-3f)
35.658: (move f4-3f f4-4f)
35.848: (move f4-4f f3-4f)
35.848: (move f3-3f f3-4f)
36.129: (move f3-2f f3-3f)
36.130: (move f4-3f f3-3f)
34.479: (move f3-3f f3-4f)
34.480: (move f4-4f f3-4f)
35.119: (move f4-4f f3-4f)
35.313: (move f4-4f f4-3f)
35.501: (move f3-2f f4-2f)
35.586: (move f3-3f f3-4f)
35.586: (move f4-4f f3-4f)
35.823: (move f3-3f f2-3f)
36.082: (move f4-4f f4-5f)
36.156: (move f4-4f f4-5f)
34.321: (move f2-3f f2-4f)
34.321: (move f3-4f f2-4f)
34.456: (move f4-5f f3-5f)
34.456: (move f3-4f f3-5f)
34.662: (move f3-4f f2-4f)
34.695: (pickup f3-4f key1-0)
34.834: (pickup f2-3f key0-1)
35.209: (move f4-5f f3-5f)
35.210: (move f3-4f f3-5f)
35.360: (pickup f3-4f key1-0)
33.093: (move f2-3f f1-3f)
34.360: (move f3-4f f2-4f)
34.443: (move f2-3f f2-4f)
34.506: (move f3-4f f3-5f)
35.149: (move f2-4f f2-5f)
35.150: (move f3-5f f2-5f)
35.235: (move f3-4f f3-5f)
35.268: (move f3-4f f4-4f)
35.554: (move f3-4f f2-4f)
35.591: (move f3-4f f4-4f)
33.973: (move f4-4f f4-3f)
34.261: (putdown f2-4f key1-0)
34.363: (putdown f3-5f key1-0)
34.489: (move f1-3f f1-4f)
34.489: (move f2-4f f1-4f)
34.547: (putdown f1-3f key0-1)
35.078: (putdown f3-5f key1-0)
35.087: (putdown f4-4f key1-0)
35.169: (move f2-4f f2-5f)
35.169: (move f3-5f f2-5f)
33.947: (putdown f4-3f key1-0)
33.974: (move f4-4f f4-3f)
34.364: (pickup-and-loose f4-3f key2-0 key1-0)
34.503: (move f3-5f f3-4f)
34.543: (move f4-4f f3-4f)
34.582: (move f2-4f f3-4f)
35.044: (putdown f2-5f key1-0)
35.098: (move f3-5f f2-5f)
35.132: (move f2-4f f2-5f)
35.159: (move f3-5f f3-4f)
34.321: (move f2-5f f2-4f)
34.351: (move f2-5f f2-4f)
34.351: (move f3-4f f2-4f)
34.378: (move f3-4f f2-4f)
34.423: (pickup f4-3f key2-0)
35.096: (move f3-4f f3-5f)
35.096: (move f2-5f f3-5f)
35.114: (move f4-3f f4-4f)
35.116: (move f2-5f f3-5f)
35.129: (move f3-4f f4-4f)
34.023: (move f4-4f f4-3f)
34.461: (move f4-4f f3-4f)
34.627: (move f3-5f f3-4f)
34.627: (move f2-4f f3-4f)
35.123: (move f2-4f f2-5f)
35.429: (move f4-3f f4-2f)
35.693: (move f4-3f f4-4f)
35.777: (move f2-4f f2-3f)
35.865: (move f4-3f f3-3f)
35.878: (move f2-4f f2-3f)
34.253: (move f3-4f f2-4f)
34.455: (pickup f4-3f key2-0)
34.779: (pickup f2-3f key0-1)
34.893: (pickup f2-3f key0-1)
35.053: (move f3-4f f3-5f)
35.202: (move f3-4f f4-4f)
35.279: (move f2-5f f3-5f)
35.304: (move f2-3f f1-3f)
35.381: (move f4-2f f3-2f)
35.381: (move f3-3f f3-2f)
33.001: (move f2-3f f1-3f)
33.206: (move f2-3f f1-3f)
33.984: (move f4-4f f4-3f)
34.466: (move f2-3f f2-4f)
34.511: (move f2-3f f2-4f)
35.111: (move f3-5f f2-5f)
35.111: (move f2-4f f2-5f)
35.415: (move f4-3f f4-2f)
35.599: (move f2-4f f2-3f)
35.735: (move f4-3f f4-4f)
34.417: (pickup f4-3f key2-0)
34.455: (move f2-4f f1-4f)
34.455: (move f1-3f f1-4f)
34.457: (putdown f1-3f key0-1)
34.544: (move f2-4f f1-4f)
34.544: (move f1-3f f1-4f)
34.579: (pickup f2-3f key0-1)
34.660: (putdown f1-3f key0-1)
35.259: (move f2-3f f1-3f)
35.423: (putdown f2-4f key0-1)
32.864: (move f2-3f f1-3f)
34.305: (move f2-3f f2-4f)
35.137: (move f1-3f f2-3f)
35.243: (move f1-3f f2-3f)
35.391: (move f4-3f f4-2f)
35.489: (move f2-4f f3-4f)
35.654: (move f2-4f f2-5f)
35.717: (putdown f1-4f key0-1)
35.810: (move f4-3f f4-4f)
35.813: (putdown f1-4f key0-1)
34.344: (putdown f1-3f key0-1)
34.372: (move f2-4f f1-4f)
34.372: (move f1-3f f1-4f)
34.742: (move f3-4f f3-5f)
34.742: (move f2-5f f3-5f)
35.033: (move f2-3f f2-4f)
35.070: (move f2-3f f2-4f)
35.281: (putdown f2-4f key0-1)
35.342: (move f1-3f f1-2f)
35.379: (move f4-2f f3-2f)
34.991: (move f1-3f f2-3f)
35.127: (move f1-2f f0-2f)
35.307: (move f2-4f f3-4f)
35.650: (putdown f1-4f key0-1)
35.712: (move f2-4f f2-5f)
35.799: (move f1-4f f1-5f)
35.875: (move f2-4f f3-4f)
35.889: (move f1-3f f1-4f)
35.901: (move f1-4f f0-4f)
35.906: (move f3-2f f3-3f)
34.582: (move f3-4f f3-5f)
34.582: (move f2-5f f3-5f)
34.783: (move f1-4f f0-4f)
34.810: (move f1-4f f1-5f)
34.900: (move f2-3f f2-4f)
34.901: (move f1-4f f2-4f)
35.420: (move f1-4f f2-4f)
35.614: (move f2-3f f3-3f)
35.644: (move f3-4f f3-3f)
35.879: (move f1-5f f2-5f)
35.400: (move f3-3f f4-3f)
35.426: (move f3-3f f4-3f)
35.571: (move f2-5f f3-5f)
35.721: (move f2-4f f3-4f)
35.736: (move f3-3f f3-4f)
35.736: (move f2-4f f3-4f)
36.383: (move f3-5f f4-5f)
36.435: (move f1-5f f2-5f)
36.435: (move f2-4f f2-5f)
36.823: (move f2-4f f2-3f)
35.476: (pickup f4-3f key1-0)
35.815: (pickup f4-3f key2-0)
35.856: (pickup f4-3f key2-0)
36.268: (move f4-5f f4-4f)
36.337: (move f3-5f f3-4f)
36.522: (move f3-4f f3-5f)
36.625: (move f2-3f f1-3f)
36.647: (putdown f3-5f key0-1)
36.655: (move f3-4f f3-5f)
36.655: (move f2-5f f3-5f)
35.750: (move f4-3f f3-3f)
35.927: (move f4-3f f3-3f)
36.008: (move f4-3f f3-3f)
36.256: (move f4-4f f4-3f)
36.337: (move f3-5f f4-5f)
36.554: (move f3-5f f3-4f)
36.646: (move f3-5f f4-5f)
36.691: (move f3-5f f2-5f)
36.836: (move f3-5f f2-5f)
37.180: (putdown f3-4f key0-1)
34.891: (move f3-4f f3-5f)
35.023: (move f3-4f f2-4f)
35.202: (move f3-3f f2-3f)
35.588: (putdown f3-3f key1-0)
36.062: (move f3-3f f3-4f)
36.156: (putdown f3-3f key2-0)
36.219: (putdown f3-3f key2-0)
36.315: (pickup f4-3f key1-0)
36.406: (move f3-3f f3-2f)
36.432: (move f3-3f f3-2f)
34.421: (move f2-3f f1-3f)
35.099: (putdown f2-3f key1-0)
35.117: (move f3-4f f2-4f)
35.117: (move f2-3f f2-4f)
35.129: (move f3-3f f2-3f)
35.436: (move f3-3f f4-3f)
35.830: (putdown f3-4f key1-0)
35.844: (move f3-3f f3-4f)
36.014: (move f3-3f f4-3f)
36.068: (move f3-3f f4-3f)
32.961: (pickup-and-loose f1-3f key0-1 key1-0)
34.435: (putdown f1-3f key1-0)
34.499: (move f2-3f f1-3f)
34.625: (move f2-3f f1-3f)
34.960: (putdown f2-4f key1-0)
35.023: (move f3-4f f2-4f)
35.065: (move f2-3f f2-4f)
35.065: (move f3-4f f2-4f)
35.076: (move f2-3f f2-4f)
35.628: (move f3-4f f3-3f)
33.033: (pickup f1-3f key0-1)
33.170: (pickup f1-3f key0-1)
34.456: (move f1-3f f1-4f)
34.728: (move f1-3f f2-3f)
35.153: (move f2-4f f2-3f)
35.193: (move f1-3f f2-3f)
35.200: (move f2-4f f2-3f)
35.200: (move f3-3f f2-3f)
35.337: (move f1-3f f1-2f)
35.500: (move f3-3f f4-3f)
34.397: (move f2-3f f2-4f)
34.397: (move f1-4f f2-4f)
34.484: (move f1-3f f1-4f)
34.498: (move f1-3f f1-4f)
34.532: (move f2-3f f1-3f)
34.756: (move f1-3f f2-3f)
34.767: (move f1-3f f2-3f)
34.986: (move f2-3f f2-4f)
35.168: (move f1-2f f0-2f)
35.470: (move f1-3f f1-2f)
33.061: (pickup f1-3f key0-1)
34.440: (move f2-3f f2-4f)
34.440: (move f1-4f f2-4f)
34.505: (move f1-4f f2-4f)
34.505: (move f2-3f f2-4f)
35.225: (move f1-2f f0-2f)
35.370: (putdown f2-4f key0-1)
35.743: (putdown f1-4f key0-1)
35.750: (putdown f2-3f key0-1)
35.764: (putdown f1-4f key0-1)
34.356: (move f2-3f f2-4f)
34.416: (move f1-3f f1-4f)
34.784: (move f1-3f f2-3f)
35.329: (move f2-3f f1-3f)
35.399: (putdown f2-4f key0-1)
35.449: (putdown f2-4f key0-1)
35.472: (move f2-4f f3-4f)
35.529: (move f1-3f f1-2f)
35.587: (move f1-4f f2-4f)
35.666: (move f1-4f f2-4f)
34.411: (move f1-4f f2-4f)
34.411: (move f2-3f f2-4f)
34.546: (move f2-4f f3-4f)
34.669: (move f3-4f f3-5f)
35.115: (move f2-4f f2-5f)
35.254: (move f1-2f f0-2f)
35.417: (move f2-4f f3-4f)
35.465: (move f2-4f f3-4f)
35.668: (putdown f1-4f key0-1)
35.698: (move f2-4f f2-5f)
34.727: (move f3-4f f3-5f)
34.727: (move f2-5f f3-5f)
34.739: (move f3-4f f3-5f)
35.173: (move f3-4f f4-4f)
35.205: (move f3-4f f3-5f)
35.205: (move f2-5f f3-5f)
35.371: (putdown f2-4f key0-1)
35.392: (pickup-and-loose f2-4f key1-0 key0-1)
35.540: (move f1-4f f2-4f)
35.710: (move f3-4f f3-3f)
33.960: (move f4-4f f4-3f)
33.960: (move f3-3f f4-3f)
35.505: (move f2-4f f3-4f)
35.561: (move f2-4f f3-4f)
35.681: (pickup f2-4f key1-0)
35.722: (move f3-5f f2-5f)
35.773: (move f2-4f f2-5f)
35.790: (move f2-4f f2-5f)
35.917: (move f2-4f f3-4f)
36.150: (move f3-5f f4-5f)
34.412: (pickup f4-3f key2-0)
34.660: (move f3-4f f3-5f)
34.660: (move f2-5f f3-5f)
34.670: (move f3-4f f3-5f)
34.671: (move f2-5f f3-5f)
35.378: (putdown f3-4f key1-0)
35.723: (move f2-4f f1-4f)
36.040: (move f2-4f f3-4f)
36.178: (move f4-3f f4-2f)
36.292: (move f3-4f f4-4f)
34.397: (pickup-and-loose f1-4f key0-1 key1-0)
34.557: (putdown f3-5f key1-0)
34.706: (move f3-4f f3-5f)
35.406: (move f3-4f f2-4f)
35.464: (move f4-3f f4-2f)
35.656: (putdown f1-4f key1-0)
35.798: (move f4-3f f4-4f)
35.815: (putdown f3-4f key1-0)
35.904: (move f4-3f f3-3f)
36.327: (move f3-4f f4-4f)
33.020: (move f1-4f f1-3f)
34.413: (move f1-4f f2-4f)
35.419: (move f4-2f f3-2f)
35.419: (move f3-3f f3-2f)
35.425: (move f3-5f f3-4f)
35.588: (move f3-4f f2-4f)
35.612: (putdown f4-4f key2-0)
35.638: (move f1-4f f2-4f)
35.716: (move f3-5f f2-5f)
35.760: (move f2-4f f2-5f)
34.508: (putdown f1-3f key0-1)
34.780: (move f2-4f f2-3f)
34.780: (move f1-3f f2-3f)
35.235: (move f4-4f f4-3f)
35.253: (move f4-4f f3-4f)
35.392: (putdown f2-4f key0-1)
35.439: (move f3-4f f2-4f)
35.439: (move f2-5f f2-4f)
35.512: (move f1-3f f1-2f)
35.761: (move f2-4f f1-4f)
34.481: (pickup f2-4f key0-1)
34.514: (move f3-4f f3-5f)
35.212: (move f1-3f f2-3f)
35.241: (move f1-2f f0-2f)
35.440: (move f2-4f f3-4f)
35.551: (move f3-4f f2-4f)
35.744: (move f2-4f f2-5f)
35.808: (move f1-3f f1-4f)
35.843: (putdown f2-3f key0-1)
36.590: (putdown f1-2f key0-1)
34.249: (move f2-3f f2-4f)
34.415: (move f1-2f f1-3f)
34.585: (move f2-4f f1-4f)
34.620: (move f1-2f f0-2f)
34.676: (move f2-5f f3-5f)
34.677: (move f3-4f f3-5f)
34.826: (move f1-4f f0-4f)
34.866: (move f1-4f f1-5f)
34.903: (move f2-4f f2-3f)
35.005: (move f2-3f f2-4f)
33.173: (move f1-4f f1-3f)
33.173: (move f2-3f f1-3f)
34.428: (move f1-3f f2-3f)
34.529: (move f2-4f f3-4f)
34.978: (move f1-3f f1-4f)
35.090: (move f2-4f f2-5f)
35.813: (move f2-4f f3-4f)
35.853: (putdown f1-4f key0-1)
35.896: (putdown f2-3f key0-1)
35.953: (move f1-4f f1-5f)
34.123: (move f2-3f f2-4f)
34.123: (move f1-4f f2-4f)
34.626: (putdown f1-3f key0-1)
34.916: (pickup f1-4f key1-0)
34.990: (move f3-4f f4-4f)
35.001: (move f3-4f f3-5f)
35.001: (move f2-5f f3-5f)
35.415: (move f2-3f f1-3f)
35.459: (move f1-3f f1-2f)
35.639: (move f1-4f f2-4f)
33.940: (move f4-4f f4-3f)
34.178: (move f1-4f f2-4f)
34.416: (move f1-4f f1-3f)
34.968: (move f2-4f f3-4f)
35.234: (move f1-2f f0-2f)
35.262: (move f1-3f f2-3f)
35.614: (move f1-4f f1-5f)
35.738: (move f1-4f f0-4f)
35.857: (move f2-4f f3-4f)
36.046: (move f1-3f f1-4f)
34.136: (putdown f2-4f key1-0)
34.352: (putdown f1-3f key1-0)
34.368: (pickup f4-3f key2-0)
34.380: (move f2-4f f2-3f)
34.380: (move f1-3f f2-3f)
34.891: (move f1-4f f1-5f)
35.002: (move f1-4f f0-4f)
35.052: (move f1-4f f2-4f)
35.053: (move f2-3f f2-4f)
35.122: (move f2-4f f3-4f)
34.286: (putdown f2-3f key1-0)
34.313: (move f1-3f f2-3f)
34.350: (move f2-4f f2-3f)
34.875: (putdown f3-4f key1-0)
34.903: (move f2-4f f3-4f)
35.057: (move f1-3f f1-4f)
35.060: (move f2-4f f1-4f)
35.286: (move f4-3f f4-2f)
35.594: (move f4-3f f4-4f)
35.684: (move f2-3f f3-3f)
34.190: (move f2-3f f2-4f)
34.190: (move f1-4f f2-4f)
34.233: (move f3-4f f2-4f)
34.261: (move f2-3f f2-4f)
34.438: (move f2-3f f1-3f)
34.494: (move f1-4f f1-3f)
34.495: (move f2-3f f1-3f)
35.335: (move f4-2f f3-2f)
35.421: (putdown f4-4f key2-0)
35.445: (move f3-3f f3-2f)
34.406: (move f2-4f f2-3f)
34.989: (move f2-4f f3-4f)
35.008: (move f2-4f f3-4f)
35.131: (move f2-4f f1-4f)
35.140: (move f2-4f f1-4f)
35.140: (move f1-3f f1-4f)
35.200: (move f4-4f f4-3f)
35.206: (move f4-4f f3-4f)
35.362: (putdown f3-2f key1-0)
35.561: (unlock f3-2f f3-1f key1-0 shape1)
34.356: (move f3-4f f3-5f)
34.510: (move f2-3f f1-3f)
34.510: (move f1-4f f1-3f)
35.429: (putdown f3-2f key1-0)
35.444: (move f3-4f f2-4f)
35.521: (move f3-4f f3-3f)
35.603: (move f2-3f f3-3f)
35.620: (move f3-2f f3-3f)
35.654: (move f3-4f f3-3f)
35.794: (move f3-2f f3-3f)
34.399: (move f3-3f f2-3f)
34.406: (move f3-3f f2-3f)
34.996: (move f3-3f f3-4f)
35.236: (move f3-3f f3-4f)
35.506: (move f3-3f f3-2f)
35.551: (move f3-3f f3-2f)
35.577: (move f3-3f f3-2f)
35.746: (putdown f3-3f key1-0)
35.750: (move f3-3f f4-3f)
35.775: (move f3-3f f4-3f)
34.280: (move f3-4f f2-4f)
34.281: (move f2-3f f2-4f)
34.315: (putdown f2-3f key1-0)
34.355: (move f3-3f f2-3f)
34.460: (move f2-3f f1-3f)
34.656: (move f2-3f f2-4f)
34.656: (move f3-4f f2-4f)
34.744: (move f2-3f f1-3f)
35.058: (putdown f3-4f key1-0)
35.125: (move f3-3f f3-4f)
34.535: (putdown f2-4f key1-0)
34.579: (putdown f1-3f key1-0)
34.618: (move f3-4f f2-4f)
34.629: (move f2-4f f1-4f)
34.630: (move f1-3f f1-4f)
34.657: (move f2-3f f2-4f)
34.660: (move f2-3f f1-3f)
34.683: (move f3-4f f2-4f)
34.683: (move f2-3f f2-4f)
34.754: (move f2-3f f1-3f)
34.340: (move f1-3f f2-3f)
34.377: (move f2-4f f2-3f)
34.433: (move f2-4f f2-3f)
34.627: (putdown f1-4f key1-0)
34.727: (move f1-3f f1-4f)
34.730: (move f2-4f f1-4f)
34.797: (move f1-3f f1-4f)
34.797: (move f2-4f f1-4f)
34.801: (move f2-4f f1-4f)
34.812: (move f1-3f f1-4f)
34.509: (move f1-4f f2-4f)
34.579: (move f1-4f f2-4f)
34.579: (move f2-3f f2-4f)
34.636: (move f1-4f f1-3f)
34.718: (move f2-3f f1-3f)
34.718: (move f1-4f f1-3f)
34.731: (move f2-3f f1-3f)
34.731: (move f1-4f f1-3f)
35.710: (move f2-3f f3-3f)
35.793: (move f2-3f f3-3f)
34.455: (move f2-4f f2-3f)
34.455: (move f1-3f f2-3f)
35.159: (move f2-4f f3-4f)
35.179: (move f3-3f f3-4f)
35.179: (move f2-4f f3-4f)
35.624: (move f3-3f f3-2f)
35.650: (move f3-3f f3-2f)
35.743: (move f3-3f f4-3f)
35.789: (move f3-3f f4-3f)
35.990: (move f1-3f f1-2f)
34.845: (pickup f1-2f key0-1)
34.895: (move f1-2f f0-2f)
35.830: (move f3-4f f3-3f)
35.830: (move f2-3f f3-3f)
36.298: (pickup f4-3f key2-0)
36.311: (move f3-4f f3-5f)
36.348: (pickup f4-3f key2-0)
36.374: (move f3-4f f3-5f)
36.787: (move f4-3f f4-2f)
36.787: (move f3-2f f4-2f)
33.177: (move f1-2f f1-3f)
35.342: (move f1-2f f0-2f)
35.347: (move f1-2f f1-1f)
35.477: (move f3-3f f3-2f)
35.751: (move f3-3f f4-3f)
36.193: (move f4-3f f3-3f)
36.240: (move f3-5f f2-5f)
36.247: (move f4-3f f3-3f)
36.282: (move f3-5f f2-5f)
36.553: (move f4-3f f4-2f)
34.266: (move f1-3f f1-4f)
34.657: (putdown f1-3f key0-1)
34.744: (move f1-3f f2-3f)
34.819: (move f4-2f f3-2f)
34.820: (move f3-3f f3-2f)
34.880: (move f3-3f f3-2f)
35.769: (move f4-2f f4-1f)
35.812: (move f2-5f f1-5f)
35.849: (move f2-5f f1-5f)
36.010: (move f0-2f f0-1f)
34.671: (move f1-4f f2-4f)
34.672: (move f2-3f f2-4f)
35.218: (move f1-3f f2-3f)
35.522: (move f4-1f f5-1f)
35.538: (putdown f1-4f key0-1)
35.567: (putdown f3-2f key2-0)
35.634: (putdown f3-2f key2-0)
35.734: (move f1-3f f1-4f)
35.785: (move f1-4f f1-5f)
35.789: (putdown f2-3f key0-1)
34.664: (move f1-4f f0-4f)
34.705: (move f1-4f f1-5f)
34.853: (move f2-3f f2-4f)
35.554: (move f1-4f f2-4f)
35.555: (move f2-3f f2-4f)
35.701: (putdown f2-4f key0-1)
35.713: (move f1-5f f2-5f)
35.713: (move f2-4f f2-5f)
35.841: (move f2-3f f3-3f)
35.854: (move f2-3f f3-3f)
34.183: (move f3-3f f4-3f)
34.733: (move f2-4f f3-4f)
34.733: (move f3-3f f3-4f)
34.874: (move f2-4f f2-5f)
35.554: (move f2-4f f2-5f)
35.653: (move f2-4f f3-4f)
35.681: (move f3-3f f4-3f)
35.968: (move f2-4f f1-4f)
36.137: (move f2-4f f3-4f)
36.138: (move f3-3f f3-4f)
34.566: (pickup f4-3f key2-0)
34.875: (pickup f3-4f key1-0)
35.330: (move f3-4f f4-4f)
35.330: (move f4-3f f4-4f)
35.405: (move f3-4f f3-5f)
35.405: (move f2-5f f3-5f)
35.768: (pickup f3-4f key1-0)
35.812: (move f2-5f f3-5f)
35.812: (move f3-4f f3-5f)
35.925: (move f1-4f f1-3f)
34.919: (move f3-4f f2-4f)
35.201: (move f3-4f f3-5f)
35.320: (move f3-4f f4-4f)
35.609: (move f4-3f f4-2f)
35.687: (move f3-4f f3-5f)
35.797: (move f3-4f f2-4f)
35.842: (move f3-4f f3-3f)
35.843: (move f4-3f f4-4f)
36.052: (move f4-3f f3-3f)
36.349: (move f3-5f f4-5f)
34.043: (move f4-4f f4-3f)
34.043: (move f3-3f f4-3f)
34.667: (pickup-and-loose f2-4f key0-1 key1-0)
34.802: (putdown f2-4f key1-0)
34.882: (move f2-4f f2-5f)
34.882: (move f3-5f f2-5f)
35.234: (putdown f4-4f key1-0)
35.241: (putdown f3-5f key1-0)
35.476: (move f3-3f f3-2f)
35.476: (move f4-2f f3-2f)
34.067: (putdown f4-3f key1-0)
34.094: (move f4-4f f4-3f)
34.184: (move f2-4f f1-4f)
34.464: (pickup-and-loose f4-3f key2-0 key1-0)
34.692: (move f2-4f f2-3f)
34.749: (putdown f2-5f key1-0)
34.814: (move f4-4f f3-4f)
34.848: (move f2-4f f3-4f)
34.856: (move f2-4f f2-5f)
35.514: (move f3-5f f2-5f)
33.149: (move f2-3f f1-3f)
33.149: (move f1-4f f1-3f)
34.521: (pickup f4-3f key2-0)
34.853: (move f2-5f f2-4f)
34.908: (move f3-4f f2-4f)
35.257: (move f4-3f f4-4f)
35.263: (move f3-4f f4-4f)
35.440: (putdown f1-4f key0-1)
35.654: (move f1-4f f1-5f)
35.691: (move f3-4f f3-5f)
34.139: (move f4-4f f4-3f)
34.645: (putdown f1-3f key0-1)
34.728: (move f4-4f f3-4f)
34.837: (move f2-4f f2-5f)
34.892: (move f2-4f f3-4f)
34.908: (move f1-3f f1-2f)
35.621: (move f4-3f f4-2f)
35.670: (move f1-5f f2-5f)
35.739: (move f2-4f f2-3f)
35.753: (move f4-3f f4-4f)
34.550: (pickup f4-3f key2-0)
34.689: (pickup f2-3f key0-1)
34.788: (move f3-4f f2-4f)
35.169: (move f1-3f f2-3f)
35.334: (move f3-4f f4-4f)
35.374: (move f1-2f f1-1f)
35.391: (move f1-2f f0-2f)
35.441: (move f4-2f f3-2f)
35.589: (move f4-2f f4-1f)
35.590: (putdown f4-4f key2-0)
33.080: (move f2-3f f1-3f)
34.100: (move f4-4f f4-3f)
34.729: (move f2-3f f2-4f)
34.823: (move f2-4f f2-5f)
35.420: (move f4-4f f4-3f)
35.506: (move f2-3f f2-4f)
35.571: (move f2-4f f2-3f)
35.587: (move f4-4f f3-4f)
35.613: (move f4-3f f4-2f)
35.628: (pickup f4-4f key1-0)
34.227: (move f2-4f f1-4f)
34.227: (move f1-3f f1-4f)
34.498: (pickup f2-3f key0-1)
34.512: (pickup f4-3f key2-0)
34.562: (putdown f1-3f key0-1)
34.817: (move f1-3f f1-2f)
35.063: (move f3-4f f3-5f)
35.362: (move f4-4f f4-3f)
35.487: (move f4-2f f3-2f)
35.557: (move f4-2f f4-1f)
32.947: (move f2-3f f1-3f)
34.534: (move f2-3f f2-4f)
35.152: (move f1-3f f2-3f)
35.281: (putdown f4-3f key1-0)
35.400: (move f1-2f f0-2f)
35.412: (move f1-2f f1-1f)
35.491: (putdown f1-4f key0-1)
35.590: (move f4-3f f4-2f)
35.709: (move f1-3f f1-4f)
35.781: (move f1-4f f1-5f)
34.141: (move f1-3f f1-4f)
34.141: (move f2-4f f1-4f)
34.447: (putdown f1-3f key0-1)
34.722: (move f1-3f f1-2f)
34.726: (move f1-4f f0-4f)
34.760: (move f1-4f f1-5f)
35.441: (move f4-2f f3-2f)
35.576: (putdown f2-4f key0-1)
35.580: (move f4-2f f4-1f)
35.601: (move f1-4f f2-4f)
35.011: (move f1-3f f2-3f)
35.259: (move f1-2f f0-2f)
35.357: (move f1-2f f1-1f)
35.418: (putdown f1-4f key0-1)
35.501: (move f2-4f f2-5f)
35.533: (move f1-4f f1-5f)
35.586: (move f2-4f f3-4f)
35.652: (move f1-4f f0-4f)
35.666: (move f1-3f f1-4f)
35.897: (putdown f1-2f key0-1)
34.499: (move f1-2f f1-3f)
34.593: (move f1-4f f0-4f)
34.620: (move f1-4f f1-5f)
34.893: (move f1-2f f0-2f)
35.272: (move f3-4f f3-5f)
35.272: (move f2-5f f3-5f)
35.435: (move f2-3f f2-4f)
35.435: (move f1-4f f2-4f)
35.608: (move f1-5f f2-5f)
35.842: (move f2-3f f3-3f)
34.215: (move f1-3f f2-3f)
34.734: (move f1-3f f1-4f)
35.585: (move f3-3f f4-3f)
36.046: (move f3-3f f3-4f)
36.046: (move f2-4f f3-4f)
36.114: (move f2-5f f3-5f)
36.187: (move f2-4f f2-5f)
36.187: (move f1-5f f2-5f)
36.578: (move f3-5f f4-5f)
36.719: (putdown f2-5f key0-1)
34.461: (move f2-3f f2-4f)
34.461: (move f1-4f f2-4f)
35.607: (pickup f4-3f key1-0)
35.779: (move f1-4f f1-5f)
35.781: (move f2-3f f3-3f)
35.907: (move f1-4f f0-4f)
35.997: (pickup f4-3f key2-0)
36.110: (move f2-5f f3-5f)
36.350: (move f4-5f f4-4f)
36.518: (move f3-5f f3-4f)
34.987: (move f2-4f f3-4f)
34.987: (move f3-3f f3-4f)
35.563: (move f3-3f f3-2f)
35.747: (move f3-3f f4-3f)
35.910: (move f4-3f f3-3f)
36.202: (move f1-5f f2-5f)
36.202: (move f2-4f f2-5f)
36.262: (move f4-3f f3-3f)
36.326: (move f3-5f f4-5f)
36.447: (move f4-4f f4-3f)
35.237: (move f3-3f f2-3f)
35.813: (putdown f3-3f key1-0)
35.885: (pickup f4-3f key1-0)
36.106: (move f2-5f f3-5f)
36.106: (move f3-4f f3-5f)
36.292: (move f3-3f f3-4f)
36.298: (pickup f4-3f key2-0)
36.447: (pickup f4-3f key1-0)
36.460: (putdown f3-3f key2-0)
36.508: (move f3-3f f3-2f)
34.743: (move f2-3f f1-3f)
35.121: (putdown f2-3f key1-0)
35.147: (move f3-3f f2-3f)
35.620: (move f3-3f f4-3f)
35.665: (move f2-3f f2-4f)
35.665: (move f3-4f f2-4f)
36.161: (move f3-3f f3-4f)
36.222: (move f3-3f f4-3f)
36.364: (move f4-3f f3-3f)
36.450: (move f4-3f f4-4f)
33.090: (pickup-and-loose f1-3f key0-1 key1-0)
34.581: (putdown f1-3f key1-0)
34.605: (move f2-3f f1-3f)
34.707: (move f2-3f f1-3f)
34.754: (move f3-3f f3-2f)
35.587: (move f2-3f f2-4f)
35.588: (move f3-4f f2-4f)
35.600: (move f1-3f f1-4f)
35.600: (move f2-4f f1-4f)
35.613: (move f2-3f f2-4f)
33.116: (pickup f1-3f key0-1)
33.235: (pickup f1-3f key0-1)
34.225: (move f1-3f f1-4f)
34.637: (move f1-3f f2-3f)
34.657: (move f1-4f f0-4f)
34.689: (move f1-4f f1-5f)
34.718: (move f1-3f f1-2f)
35.211: (move f1-3f f2-3f)
35.511: (putdown f3-2f key2-0)
35.559: (putdown f1-4f key1-0)
34.265: (move f1-3f f1-4f)
34.271: (move f1-3f f1-4f)
34.580: (putdown f0-4f key1-0)
34.608: (putdown f1-5f key1-0)
34.615: (move f1-4f f1-3f)
34.622: (move f1-4f f2-4f)
34.622: (move f2-3f f2-4f)
34.664: (move f1-3f f2-3f)
34.669: (move f1-4f f0-4f)
34.672: (move f1-3f f2-3f)
33.103: (pickup f1-3f key0-1)
34.675: (move f1-4f f2-4f)
34.675: (move f2-3f f2-4f)
34.726: (move f1-4f f2-4f)
34.726: (move f2-3f f2-4f)
35.230: (move f1-3f f2-3f)
35.525: (putdown f1-4f key0-1)
35.541: (putdown f1-4f key0-1)
35.663: (putdown f2-4f key0-1)
35.669: (move f1-4f f1-5f)
34.151: (move f1-3f f1-4f)
34.690: (move f1-3f f2-3f)
34.890: (move f1-3f f1-2f)
35.537: (move f2-3f f2-4f)
35.551: (move f2-4f f2-5f)
35.700: (putdown f2-4f key0-1)
35.701: (move f2-4f f2-5f)
35.701: (move f1-5f f2-5f)
35.738: (putdown f2-4f key0-1)
35.748: (move f2-4f f3-4f)
34.639: (move f1-4f f2-4f)
34.639: (move f2-3f f2-4f)
35.362: (move f3-4f f3-5f)
35.362: (move f2-5f f3-5f)
35.379: (move f1-2f f0-2f)
35.412: (putdown f1-4f key0-1)
35.483: (move f2-4f f2-5f)
35.504: (move f1-2f f1-1f)
35.506: (pickup-and-loose f1-4f key1-0 key0-1)
35.519: (move f2-4f f2-5f)
35.412: (move f2-5f f3-5f)
35.431: (move f2-5f f3-5f)
35.682: (move f2-4f f2-5f)
35.685: (putdown f2-4f key0-1)
36.086: (move f1-1f f0-1f)
36.086: (move f0-2f f0-1f)
36.111: (move f1-4f f2-4f)
36.176: (move f1-4f f2-4f)
36.179: (putdown f1-1f key0-1)
36.474: (move f1-4f f1-5f)
35.302: (move f1-1f f1-2f)
35.541: (move f2-4f f2-5f)
35.663: (move f2-5f f1-5f)
35.700: (move f3-5f f3-4f)
35.719: (move f2-4f f3-4f)
35.745: (move f3-5f f3-4f)
36.025: (putdown f2-4f key1-0)
36.082: (move f2-4f f3-4f)
36.236: (move f2-4f f3-4f)
36.328: (move f2-5f f3-5f)
31.414: (move f1-2f f1-3f)
35.293: (move f1-2f f0-2f)
35.369: (move f3-4f f3-5f)
35.369: (move f2-5f f3-5f)
36.077: (putdown f3-4f key1-0)
36.181: (move f2-4f f3-4f)
36.365: (move f3-4f f4-4f)
36.403: (move f3-4f f4-4f)
36.406: (move f3-4f f4-4f)
36.601: (move f2-5f f1-5f)
30.794: (move f1-3f f1-4f)
33.064: (move f1-3f f2-3f)
36.056: (move f3-4f f2-4f)
36.482: (move f4-4f f4-3f)
36.499: (move f4-4f f4-3f)
36.569: (move f4-4f f4-3f)
36.742: (move f4-4f f4-5f)
36.802: (move f4-4f f4-5f)
36.856: (move f4-4f f4-5f)
36.856: (move f3-5f f4-5f)
30.720: (pickup f1-4f key1-0)
31.327: (move f2-3f f2-4f)
31.327: (move f1-4f f2-4f)
31.545: (move f1-4f f1-5f)
31.759: (move f1-4f f0-4f)
35.753: (move f2-3f f3-3f)
36.677: (move f2-4f f2-5f)
36.677: (pickup f4-3f key2-0)
36.712: (pickup f4-3f key2-0)
36.756: (pickup f4-3f key2-0)
30.685: (move f1-5f f2-5f)
30.685: (move f2-4f f2-5f)
31.176: (move f1-4f f2-4f)
31.208: (move f1-4f f1-3f)
31.404: (move f1-4f f1-5f)
31.528: (move f1-4f f0-4f)
32.533: (move f3-3f f3-4f)
32.533: (move f2-4f f3-4f)
32.731: (move f1-5f f0-5f)
32.731: (move f0-4f f0-5f)
29.731: (move f2-5f f3-5f)
29.731: (move f3-4f f3-5f)
30.374: (move f1-5f f2-5f)
30.374: (move f2-4f f2-5f)
31.192: (putdown f2-4f key1-0)
31.260: (putdown f1-3f key1-0)
31.472: (putdown f1-5f key1-0)
31.627: (putdown f0-4f key1-0)
32.104: (pickup f0-5f key2-3)
32.120: (move f2-4f f3-4f)
28.955: (move f3-4f f3-5f)
28.955: (move f2-5f f3-5f)
29.436: (move f0-5f f1-5f)
29.794: (move f0-5f f0-4f)
30.491: (putdown f2-5f key1-0)
30.526: (move f2-4f f2-5f)
30.661: (move f1-5f f2-5f)
30.814: (move f2-4f f1-4f)
30.837: (move f1-3f f1-4f)
30.952: (move f0-4f f1-4f)
25.797: (move f1-5f f2-5f)
25.993: (move f1-5f f1-4f)
25.993: (move f0-4f f1-4f)
29.239: (putdown f3-5f key1-0)
29.381: (move f2-5f f3-5f)
29.547: (move f2-5f f3-5f)
29.595: (move f2-5f f3-5f)
29.664: (unlock f0-4f f0-3f key2-3 shape2)
29.825: (putdown f1-5f key2-3)
30.125: (putdown f0-4f key2-3)
23.241: (move f1-4f f1-3f)
23.277: (move f2-5f f2-4f)
23.277: (move f1-4f f2-4f)
25.115: (move f2-5f f3-5f)
25.948: (move f0-4f f1-4f)
26.099: (move f0-4f f0-3f)
26.374: (putdown f2-5f key2-3)
26.564: (pickup-and-loose f1-4f key1-0 key2-3)
26.621: (putdown f1-4f key2-3)
28.804: (move f2-5f f2-6f)
21.743: (move f1-3f f2-3f)
21.743: (move f2-4f f2-3f)
23.021: (move f1-3f f1-2f)
23.199: (unlock f1-3f f0-3f key2-3 shape2)
23.199: (move f0-3f f1-3f)
23.199: (move f1-4f f1-3f)
23.232: (move f2-4f f3-4f)
23.233: (move f3-5f f3-4f)
23.241: (move f1-4f f2-4f)
23.919: (move f0-3f f0-2f)
21.666: (move f2-4f f2-3f)
21.666: (move f1-3f f2-3f)
21.688: (move f1-2f f1-1f)
22.422: (putdown f2-3f key2-3)
22.958: (move f0-2f f1-2f)
22.958: (move f1-3f f1-2f)
23.232: (move f2-4f f3-4f)
23.365: (move f2-3f f2-2f)
23.365: (move f1-2f f2-2f)
23.639: (move f3-4f f3-3f)
21.697: (move f1-2f f1-1f)
22.360: (putdown f2-3f key2-3)
22.405: (putdown f1-1f key2-3)
22.921: (pickup-and-loose f1-1f key0-1 key2-3)
22.968: (move f2-2f f3-2f)
22.969: (move f3-3f f3-2f)
23.021: (move f2-2f f2-1f)
23.021: (move f1-1f f2-1f)
23.342: (move f2-3f f2-2f)
23.342: (move f1-2f f2-2f)
22.352: (pickup-and-loose f2-1f key1-3 key2-3)
22.420: (putdown f1-1f key2-3)
22.436: (move f2-1f f3-1f)
22.436: (move f3-2f f3-1f)
22.809: (unlock f2-1f f2-0f key2-3 shape2)
22.934: (move f2-2f f3-2f)
22.944: (pickup-and-loose f1-1f key0-1 key2-3)
23.019: (move f2-2f f2-1f)
23.019: (move f1-1f f2-1f)
23.183: (pickup-and-loose f2-1f key3-2 key2-3)
21.444: (move f2-1f f3-1f)
21.626: (move f2-1f f1-1f)
21.629: (move f2-1f f1-1f)
21.671: (move f3-1f f4-1f)
21.679: (move f2-1f f2-0f)
21.949: (move f2-1f f2-2f)
22.090: (pickup-and-loose f2-1f key1-3 key2-3)
22.109: (move f2-1f f3-1f)
22.355: (pickup-and-loose f2-1f key1-3 key2-3)
22.363: (move f2-1f f3-1f)
18.513: (move f3-1f f4-1f)
19.792: (move f3-1f f3-2f)
19.792: (move f2-2f f3-2f)
20.205: (move f2-2f f2-3f)
21.218: (move f2-1f f3-1f)
21.412: (move f2-1f f3-1f)
21.655: (putdown f1-1f key3-2)
21.750: (move f2-1f f2-2f)
21.798: (move f3-1f f4-1f)
21.931: (move f2-1f f2-2f)
15.733: (move f4-1f f5-1f)
16.729: (move f3-2f f4-2f)
16.729: (move f4-1f f4-2f)
18.358: (move f3-1f f4-1f)
18.397: (move f3-1f f4-1f)
19.345: (putdown f4-1f key1-3)
19.648: (move f3-1f f3-2f)
19.648: (move f2-2f f3-2f)
19.762: (move f3-1f f3-2f)
19.762: (move f2-2f f3-2f)
14.244: (move f5-1f f6-1f)
14.963: (move f5-1f f5-2f)
14.963: (move f4-2f f5-2f)
15.544: (move f4-1f f5-1f)
15.588: (move f4-1f f5-1f)
16.604: (move f3-2f f4-2f)
16.604: (move f4-1f f4-2f)
16.660: (move f3-2f f4-2f)
16.660: (move f4-1f f4-2f)
16.898: (putdown f5-1f key1-3)
13.939: (move f5-2f f6-2f)
13.939: (move f6-1f f6-2f)
14.117: (move f5-1f f6-1f)
14.149: (move f5-1f f6-1f)
14.821: (move f4-2f f5-2f)
14.822: (move f5-1f f5-2f)
14.839: (move f4-2f f5-2f)
14.839: (move f5-1f f5-2f)
14.870: (pickup-and-loose f5-2f key3-0 key1-3)
14.966: (putdown f6-1f key1-3)
12.204: (putdown f6-2f key1-3)
13.781: (move f5-2f f6-2f)
13.781: (move f6-1f f6-2f)
13.789: (move f6-1f f6-2f)
13.789: (move f5-2f f6-2f)
13.891: (move f6-1f f6-2f)
14.002: (move f6-1f f5-1f)
14.054: (move f5-2f f4-2f)
14.735: (pickup-and-loose f5-2f key3-0 key1-3)
14.745: (pickup-and-loose f5-2f key3-0 key1-3)
11.222: (move f6-2f f5-2f)
12.086: (putdown f6-2f key1-3)
12.093: (putdown f6-2f key1-3)
13.137: (move f6-2f f5-2f)
13.137: (move f5-1f f5-2f)
13.219: (move f6-2f f6-1f)
13.237: (move f6-2f f6-3f)
13.429: (move f6-2f f7-2f)
13.673: (move f4-2f f4-3f)
13.904: (move f5-2f f4-2f)
10.335: (pickup f5-2f key3-0)
11.117: (move f6-2f f5-2f)
11.134: (move f6-2f f5-2f)
11.274: (pickup f5-2f key2-1)
12.170: (move f6-1f f5-1f)
12.170: (move f5-2f f5-1f)
12.245: (pickup f5-2f key3-0)
12.518: (pickup-and-loose f4-3f key2-0 key3-0)
13.106: (move f6-2f f6-1f)
13.113: (move f6-2f f6-3f)
9.620: (move f5-2f f4-2f)
10.259: (pickup f5-2f key3-0)
10.264: (pickup f5-2f key3-0)
11.190: (pickup f5-2f key2-1)
11.195: (pickup f5-2f key2-1)
11.635: (move f5-2f f4-2f)
11.643: (move f4-3f f4-2f)
11.760: (move f5-2f f5-1f)
11.870: (move f5-2f f6-2f)
12.077: (move f5-2f f5-1f)
8.398: (move f4-2f f4-3f)
9.510: (move f5-2f f4-2f)
9.585: (move f5-2f f4-2f)
9.938: (move f4-2f f4-1f)
10.208: (move f5-1f f4-1f)
10.208: (move f4-2f f4-1f)
10.497: (move f4-2f f5-2f)
10.780: (putdown f4-2f key3-0)
10.829: (move f4-2f f3-2f)
11.006: (move f4-2f f4-3f)
7.281: (pickup-and-loose f4-3f key2-0 key3-0)
7.972: (putdown f4-3f key3-0)
8.339: (move f4-2f f4-3f)
8.389: (move f4-2f f4-3f)
8.876: (move f4-1f f5-1f)
8.876: (move f5-2f f5-1f)
9.034: (move f5-2f f6-2f)
9.638: (move f3-2f f3-3f)
9.639: (move f4-3f f3-3f)
9.655: (pickup-and-loose f5-2f key1-3 key2-0)
6.509: (move f4-3f f4-2f)
7.198: (pickup-and-loose f4-3f key2-0 key3-0)
7.254: (pickup-and-loose f4-3f key2-0 key3-0)
7.843: (move f5-1f f6-1f)
7.843: (move f6-2f f6-1f)
7.892: (putdown f4-3f key3-0)
7.952: (putdown f4-3f key3-0)
8.131: (move f5-2f f6-2f)
8.166: (putdown f6-2f key2-0)
8.522: (move f4-3f f4-4f)
4.630: (move f4-2f f4-1f)
4.983: (move f4-2f f5-2f)
6.433: (move f4-3f f4-2f)
6.468: (move f4-3f f4-2f)
6.502: (putdown f6-2f key1-3)
6.544: (putdown f6-1f key2-0)
7.114: (move f4-2f f3-2f)
7.466: (putdown f4-2f key2-0)
7.602: (move f6-2f f5-2f)
8.343: (move f4-3f f4-4f)
3.526: (move f5-2f f6-2f)
3.625: (move f4-1f f5-1f)
3.625: (move f5-2f f5-1f)
4.526: (move f4-2f f4-1f)
4.529: (move f4-2f f4-1f)
4.858: (move f4-2f f5-2f)
4.916: (move f4-2f f5-2f)
5.461: (move f6-1f f6-2f)
5.803: (move f6-1f f5-1f)
5.857: (putdown f4-1f key2-0)
2.417: (move f5-1f f6-1f)
2.417: (move f6-2f f6-1f)
3.450: (move f5-2f f6-2f)
3.474: (move f5-2f f6-2f)
3.543: (move f4-1f f5-1f)
3.543: (move f5-2f f5-1f)
3.599: (move f4-1f f5-1f)
3.599: (move f5-2f f5-1f)
4.510: (move f6-2f f6-3f)
4.781: (putdown f6-2f key2-0)
0.609: (putdown f6-1f key2-0)
[Final] Expanded: 4226, Generated: 19239
Found a solution of length 464!
   1: (move f3-4f f2-4f)
   2: (move f2-4f f1-4f)
   3: (pickup f1-4f key0-0)
   4: (move f1-4f f2-4f)
   5: (move f2-4f f3-4f)
   6: (move f3-4f f3-5f)
   7: (move f3-5f f4-5f)
   8: (pickup-and-loose f4-5f key1-0 key0-0)
   9: (move f4-5f f3-5f)
  10: (move f3-5f f3-4f)
  11: (move f3-4f f2-4f)
  12: (putdown f2-4f key1-0)
  13: (move f2-4f f1-4f)
  14: (pickup f1-4f key0-1)
  15: (move f1-4f f2-4f)
  16: (move f2-4f f2-3f)
  17: (move f2-3f f3-3f)
  18: (pickup-and-loose f3-3f key3-3 key0-1)
  19: (move f3-3f f3-4f)
  20: (move f3-4f f3-5f)
  21: (move f3-5f f2-5f)
  22: (putdown f2-5f key3-3)
  23: (move f2-5f f2-4f)
  24: (pickup f2-4f key1-0)
  25: (move f2-4f f2-3f)
  26: (unlock f2-3f f2-2f key1-0 shape1)
  27: (move f2-3f f2-4f)
  28: (move f2-4f f2-5f)
  29: (move f2-5f f3-5f)
  30: (unlock f3-5f f3-6f key1-0 shape1)
  31: (move f3-5f f2-5f)
  32: (pickup-and-loose f2-5f key3-3 key1-0)
  33: (move f2-5f f3-5f)
  34: (move f3-5f f3-6f)
  35: (move f3-6f f4-6f)
  36: (unlock f4-6f f5-6f key3-3 shape3)
  37: (move f4-6f f3-6f)
  38: (move f3-6f f3-5f)
  39: (move f3-5f f2-5f)
  40: (pickup-and-loose f2-5f key1-0 key3-3)
  41: (move f2-5f f2-4f)
  42: (putdown f2-4f key1-0)
  43: (move f2-4f f2-5f)
  44: (pickup f2-5f key3-3)
  45: (move f2-5f f2-4f)
  46: (pickup-and-loose f2-4f key1-0 key3-3)
  47: (move f2-4f f2-3f)
  48: (putdown f2-3f key1-0)
  49: (move f2-3f f2-4f)
  50: (pickup f2-4f key3-3)
  51: (move f2-4f f3-4f)
  52: (move f3-4f f3-5f)
  53: (move f3-5f f3-6f)
  54: (move f3-6f f4-6f)
  55: (putdown f4-6f key3-3)
  56: (move f4-6f f4-5f)
  57: (pickup f4-5f key0-0)
  58: (move f4-5f f4-6f)
  59: (move f4-6f f4-7f)
  60: (unlock f4-7f f3-7f key0-0 shape0)
  61: (move f4-7f f5-7f)
  62: (move f5-7f f5-6f)
  63: (putdown f5-6f key0-0)
  64: (move f5-6f f4-6f)
  65: (pickup f4-6f key3-3)
  66: (move f4-6f f3-6f)
  67: (move f3-6f f3-5f)
  68: (move f3-5f f2-5f)
  69: (putdown f2-5f key3-3)
  70: (move f2-5f f2-4f)
  71: (move f2-4f f2-3f)
  72: (pickup f2-3f key1-0)
  73: (move f2-3f f2-4f)
  74: (move f2-4f f2-5f)
  75: (move f2-5f f3-5f)
  76: (putdown f3-5f key1-0)
  77: (move f3-5f f2-5f)
  78: (pickup f2-5f key3-3)
  79: (move f2-5f f3-5f)
  80: (pickup-and-loose f3-5f key1-0 key3-3)
  81: (move f3-5f f3-4f)
  82: (putdown f3-4f key1-0)
  83: (move f3-4f f3-5f)
  84: (pickup f3-5f key3-3)
  85: (move f3-5f f3-6f)
  86: (move f3-6f f4-6f)
  87: (putdown f4-6f key3-3)
  88: (move f4-6f f4-7f)
  89: (move f4-7f f5-7f)
  90: (move f5-7f f5-6f)
  91: (pickup f5-6f key0-0)
  92: (move f5-6f f5-7f)
  93: (putdown f5-7f key0-0)
  94: (move f5-7f f5-6f)
  95: (move f5-6f f4-6f)
  96: (pickup f4-6f key3-3)
  97: (move f4-6f f4-5f)
  98: (move f4-5f f3-5f)
  99: (move f3-5f f2-5f)
 100: (move f2-5f f2-4f)
 101: (putdown f2-4f key3-3)
 102: (move f2-4f f3-4f)
 103: (pickup f3-4f key1-0)
 104: (move f3-4f f2-4f)
 105: (pickup-and-loose f2-4f key3-3 key1-0)
 106: (move f2-4f f2-5f)
 107: (putdown f2-5f key3-3)
 108: (move f2-5f f2-4f)
 109: (pickup f2-4f key1-0)
 110: (move f2-4f f2-5f)
 111: (move f2-5f f3-5f)
 112: (putdown f3-5f key1-0)
 113: (move f3-5f f2-5f)
 114: (pickup f2-5f key3-3)
 115: (move f2-5f f3-5f)
 116: (move f3-5f f3-6f)
 117: (move f3-6f f4-6f)
 118: (move f4-6f f4-7f)
 119: (move f4-7f f3-7f)
 120: (move f3-7f f2-7f)
 121: (move f2-7f f1-7f)
 122: (unlock f1-7f f1-6f key3-3 shape3)
 123: (move f1-7f f2-7f)
 124: (move f2-7f f3-7f)
 125: (move f3-7f f3-6f)
 126: (move f3-6f f3-5f)
 127: (move f3-5f f2-5f)
 128: (putdown f2-5f key3-3)
 129: (move f2-5f f3-5f)
 130: (pickup f3-5f key1-0)
 131: (move f3-5f f2-5f)
 132: (move f2-5f f2-4f)
 133: (putdown f2-4f key1-0)
 134: (move f2-4f f2-5f)
 135: (pickup f2-5f key3-3)
 136: (move f2-5f f1-5f)
 137: (move f1-5f f1-6f)
 138: (move f1-6f f1-7f)
 139: (move f1-7f f2-7f)
 140: (pickup-and-loose f2-7f key0-3 key3-3)
 141: (move f2-7f f1-7f)
 142: (pickup-and-loose f1-7f key2-0 key0-3)
 143: (move f1-7f f2-7f)
 144: (putdown f2-7f key2-0)
 145: (move f2-7f f1-7f)
 146: (pickup f1-7f key0-3)
 147: (move f1-7f f2-7f)
 148: (pickup-and-loose f2-7f key3-3 key0-3)
 149: (move f2-7f f1-7f)
 150: (move f1-7f f1-6f)
 151: (move f1-6f f1-5f)
 152: (move f1-5f f1-4f)
 153: (move f1-4f f2-4f)
 154: (pickup-and-loose f2-4f key1-0 key3-3)
 155: (move f2-4f f2-3f)
 156: (move f2-3f f1-3f)
 157: (move f1-3f f1-4f)
 158: (putdown f1-4f key1-0)
 159: (move f1-4f f2-4f)
 160: (pickup f2-4f key3-3)
 161: (move f2-4f f1-4f)
 162: (move f1-4f f1-3f)
 163: (putdown f1-3f key3-3)
 164: (move f1-3f f1-4f)
 165: (pickup f1-4f key1-0)
 166: (move f1-4f f1-3f)
 167: (pickup-and-loose f1-3f key3-3 key1-0)
 168: (move f1-3f f2-3f)
 169: (move f2-3f f2-4f)
 170: (move f2-4f f2-5f)
 171: (move f2-5f f3-5f)
 172: (move f3-5f f3-6f)
 173: (move f3-6f f4-6f)
 174: (move f4-6f f4-7f)
 175: (move f4-7f f3-7f)
 176: (move f3-7f f2-7f)
 177: (pickup-and-loose f2-7f key2-0 key3-3)
 178: (move f2-7f f3-7f)
 179: (move f3-7f f4-7f)
 180: (move f4-7f f5-7f)
 181: (move f5-7f f5-6f)
 182: (move f5-6f f5-5f)
 183: (unlock f5-5f f5-4f key2-0 shape2)
 184: (putdown f5-5f key2-0)
 185: (move f5-5f f5-4f)
 186: (pickup f5-4f key0-2)
 187: (move f5-4f f5-5f)
 188: (move f5-5f f5-6f)
 189: (move f5-6f f4-6f)
 190: (putdown f4-6f key0-2)
 191: (move f4-6f f3-6f)
 192: (move f3-6f f2-6f)
 193: (move f2-6f f2-7f)
 194: (pickup f2-7f key3-3)
 195: (move f2-7f f2-6f)
 196: (putdown f2-6f key3-3)
 197: (move f2-6f f3-6f)
 198: (move f3-6f f4-6f)
 199: (pickup f4-6f key0-2)
 200: (move f4-6f f5-6f)
 201: (move f5-6f f6-6f)
 202: (putdown f6-6f key0-2)
 203: (move f6-6f f5-6f)
 204: (move f5-6f f4-6f)
 205: (move f4-6f f4-5f)
 206: (move f4-5f f4-4f)
 207: (move f4-4f f4-3f)
 208: (move f4-3f f3-3f)
 209: (pickup f3-3f key0-1)
 210: (move f3-3f f3-4f)
 211: (move f3-4f f2-4f)
 212: (move f2-4f f1-4f)
 213: (move f1-4f f1-5f)
 214: (move f1-5f f1-6f)
 215: (pickup-and-loose f1-6f key1-1 key0-1)
 216: (move f1-6f f2-6f)
 217: (move f2-6f f3-6f)
 218: (move f3-6f f4-6f)
 219: (putdown f4-6f key1-1)
 220: (move f4-6f f3-6f)
 221: (move f3-6f f2-6f)
 222: (move f2-6f f1-6f)
 223: (pickup f1-6f key0-1)
 224: (move f1-6f f1-5f)
 225: (move f1-5f f1-4f)
 226: (move f1-4f f1-3f)
 227: (pickup-and-loose f1-3f key1-0 key0-1)
 228: (move f1-3f f1-4f)
 229: (move f1-4f f2-4f)
 230: (putdown f2-4f key1-0)
 231: (move f2-4f f2-3f)
 232: (move f2-3f f1-3f)
 233: (pickup f1-3f key0-1)
 234: (move f1-3f f1-4f)
 235: (move f1-4f f2-4f)
 236: (pickup-and-loose f2-4f key1-0 key0-1)
 237: (move f2-4f f2-5f)
 238: (move f2-5f f3-5f)
 239: (putdown f3-5f key1-0)
 240: (move f3-5f f2-5f)
 241: (move f2-5f f2-4f)
 242: (pickup f2-4f key0-1)
 243: (move f2-4f f1-4f)
 244: (move f1-4f f1-3f)
 245: (move f1-3f f2-3f)
 246: (move f2-3f f2-2f)
 247: (unlock f2-2f f2-1f key0-1 shape0)
 248: (move f2-2f f2-3f)
 249: (move f2-3f f2-4f)
 250: (putdown f2-4f key0-1)
 251: (move f2-4f f2-5f)
 252: (move f2-5f f3-5f)
 253: (pickup f3-5f key1-0)
 254: (move f3-5f f3-4f)
 255: (move f3-4f f2-4f)
 256: (pickup-and-loose f2-4f key0-1 key1-0)
 257: (move f2-4f f2-5f)
 258: (move f2-5f f3-5f)
 259: (putdown f3-5f key0-1)
 260: (move f3-5f f3-6f)
 261: (move f3-6f f4-6f)
 262: (move f4-6f f5-6f)
 263: (move f5-6f f5-5f)
 264: (pickup f5-5f key2-0)
 265: (move f5-5f f5-4f)
 266: (move f5-4f f4-4f)
 267: (putdown f4-4f key2-0)
 268: (move f4-4f f4-5f)
 269: (move f4-5f f3-5f)
 270: (pickup f3-5f key0-1)
 271: (move f3-5f f3-4f)
 272: (move f3-4f f2-4f)
 273: (pickup-and-loose f2-4f key1-0 key0-1)
 274: (move f2-4f f2-5f)
 275: (putdown f2-5f key1-0)
 276: (move f2-5f f3-5f)
 277: (move f3-5f f3-4f)
 278: (move f3-4f f4-4f)
 279: (pickup f4-4f key2-0)
 280: (move f4-4f f4-3f)
 281: (putdown f4-3f key2-0)
 282: (move f4-3f f4-4f)
 283: (move f4-4f f3-4f)
 284: (move f3-4f f2-4f)
 285: (pickup f2-4f key0-1)
 286: (move f2-4f f2-3f)
 287: (putdown f2-3f key0-1)
 288: (move f2-3f f2-4f)
 289: (move f2-4f f2-5f)
 290: (pickup f2-5f key1-0)
 291: (move f2-5f f3-5f)
 292: (move f3-5f f3-4f)
 293: (move f3-4f f3-3f)
 294: (move f3-3f f4-3f)
 295: (putdown f4-3f key1-0)
 296: (move f4-3f f4-4f)
 297: (move f4-4f f3-4f)
 298: (move f3-4f f3-3f)
 299: (move f3-3f f2-3f)
 300: (pickup f2-3f key0-1)
 301: (move f2-3f f1-3f)
 302: (putdown f1-3f key0-1)
 303: (move f1-3f f2-3f)
 304: (move f2-3f f3-3f)
 305: (move f3-3f f4-3f)
 306: (pickup f4-3f key1-0)
 307: (move f4-3f f3-3f)
 308: (move f3-3f f2-3f)
 309: (putdown f2-3f key1-0)
 310: (move f2-3f f1-3f)
 311: (pickup f1-3f key0-1)
 312: (move f1-3f f1-2f)
 313: (move f1-2f f0-2f)
 314: (unlock f0-2f f0-1f key0-1 shape0)
 315: (move f0-2f f1-2f)
 316: (move f1-2f f1-3f)
 317: (putdown f1-3f key0-1)
 318: (move f1-3f f2-3f)
 319: (pickup f2-3f key1-0)
 320: (move f2-3f f2-4f)
 321: (putdown f2-4f key1-0)
 322: (move f2-4f f1-4f)
 323: (move f1-4f f1-3f)
 324: (pickup f1-3f key0-1)
 325: (move f1-3f f2-3f)
 326: (move f2-3f f2-4f)
 327: (pickup-and-loose f2-4f key1-0 key0-1)
 328: (move f2-4f f2-5f)
 329: (move f2-5f f3-5f)
 330: (putdown f3-5f key1-0)
 331: (move f3-5f f2-5f)
 332: (move f2-5f f2-4f)
 333: (pickup f2-4f key0-1)
 334: (move f2-4f f2-3f)
 335: (putdown f2-3f key0-1)
 336: (move f2-3f f2-4f)
 337: (move f2-4f f3-4f)
 338: (move f3-4f f4-4f)
 339: (move f4-4f f4-3f)
 340: (pickup f4-3f key2-0)
 341: (move f4-3f f4-4f)
 342: (putdown f4-4f key2-0)
 343: (move f4-4f f3-4f)
 344: (move f3-4f f3-5f)
 345: (pickup f3-5f key1-0)
 346: (move f3-5f f3-4f)
 347: (putdown f3-4f key1-0)
 348: (move f3-4f f4-4f)
 349: (pickup f4-4f key2-0)
 350: (move f4-4f f4-3f)
 351: (move f4-3f f4-2f)
 352: (move f4-2f f4-1f)
 353: (unlock f4-1f f4-0f key2-0 shape2)
 354: (move f4-1f f4-2f)
 355: (move f4-2f f4-3f)
 356: (putdown f4-3f key2-0)
 357: (move f4-3f f3-3f)
 358: (move f3-3f f3-4f)
 359: (pickup f3-4f key1-0)
 360: (move f3-4f f4-4f)
 361: (move f4-4f f4-3f)
 362: (putdown f4-3f key1-0)
 363: (move f4-3f f4-4f)
 364: (move f4-4f f3-4f)
 365: (move f3-4f f2-4f)
 366: (move f2-4f f2-3f)
 367: (pickup f2-3f key0-1)
 368: (move f2-3f f1-3f)
 369: (putdown f1-3f key0-1)
 370: (move f1-3f f2-3f)
 371: (move f2-3f f3-3f)
 372: (move f3-3f f4-3f)
 373: (pickup f4-3f key1-0)
 374: (move f4-3f f3-3f)
 375: (move f3-3f f3-4f)
 376: (move f3-4f f2-4f)
 377: (putdown f2-4f key1-0)
 378: (move f2-4f f2-3f)
 379: (move f2-3f f1-3f)
 380: (pickup f1-3f key0-1)
 381: (move f1-3f f1-4f)
 382: (putdown f1-4f key0-1)
 383: (move f1-4f f2-4f)
 384: (pickup f2-4f key1-0)
 385: (move f2-4f f1-4f)
 386: (pickup-and-loose f1-4f key0-1 key1-0)
 387: (move f1-4f f1-3f)
 388: (move f1-3f f1-2f)
 389: (putdown f1-2f key0-1)
 390: (move f1-2f f1-3f)
 391: (move f1-3f f1-4f)
 392: (pickup f1-4f key1-0)
 393: (move f1-4f f2-4f)
 394: (move f2-4f f2-3f)
 395: (move f2-3f f3-3f)
 396: (move f3-3f f3-2f)
 397: (unlock f3-2f f3-1f key1-0 shape1)
 398: (move f3-2f f3-3f)
 399: (move f3-3f f3-4f)
 400: (putdown f3-4f key1-0)
 401: (move f3-4f f2-4f)
 402: (move f2-4f f2-3f)
 403: (move f2-3f f1-3f)
 404: (move f1-3f f1-2f)
 405: (pickup f1-2f key0-1)
 406: (move f1-2f f1-3f)
 407: (move f1-3f f2-3f)
 408: (putdown f2-3f key0-1)
 409: (move f2-3f f2-4f)
 410: (move f2-4f f3-4f)
 411: (pickup f3-4f key1-0)
 412: (move f3-4f f4-4f)
 413: (move f4-4f f4-3f)
 414: (putdown f4-3f key1-0)
 415: (move f4-3f f4-4f)
 416: (move f4-4f f3-4f)
 417: (move f3-4f f2-4f)
 418: (move f2-4f f2-3f)
 419: (pickup f2-3f key0-1)
 420: (move f2-3f f1-3f)
 421: (putdown f1-3f key0-1)
 422: (move f1-3f f2-3f)
 423: (move f2-3f f3-3f)
 424: (move f3-3f f4-3f)
 425: (pickup f4-3f key1-0)
 426: (move f4-3f f3-3f)
 427: (move f3-3f f2-3f)
 428: (move f2-3f f1-3f)
 429: (move f1-3f f1-4f)
 430: (putdown f1-4f key1-0)
 431: (move f1-4f f1-3f)
 432: (pickup f1-3f key0-1)
 433: (move f1-3f f1-2f)
 434: (move f1-2f f1-1f)
 435: (putdown f1-1f key0-1)
 436: (move f1-1f f1-2f)
 437: (move f1-2f f1-3f)
 438: (move f1-3f f1-4f)
 439: (move f1-4f f1-5f)
 440: (move f1-5f f0-5f)
 441: (pickup f0-5f key2-3)
 442: (move f0-5f f1-5f)
 443: (move f1-5f f1-4f)
 444: (move f1-4f f1-3f)
 445: (move f1-3f f2-3f)
 446: (move f2-3f f2-2f)
 447: (move f2-2f f2-1f)
 448: (pickup-and-loose f2-1f key1-3 key2-3)
 449: (move f2-1f f3-1f)
 450: (move f3-1f f4-1f)
 451: (move f4-1f f5-1f)
 452: (move f5-1f f5-2f)
 453: (move f5-2f f6-2f)
 454: (putdown f6-2f key1-3)
 455: (move f6-2f f5-2f)
 456: (pickup f5-2f key3-0)
 457: (move f5-2f f4-2f)
 458: (move f4-2f f4-3f)
 459: (pickup-and-loose f4-3f key2-0 key3-0)
 460: (move f4-3f f4-2f)
 461: (move f4-2f f4-1f)
 462: (move f4-1f f5-1f)
 463: (move f5-1f f6-1f)
 464: (putdown f6-1f key2-0)
