/u/ibrahim.eisawy/Neural-Guided-Search/venv/lib/python3.10/site-packages/pymimir_rgnn/model.py:151: UserWarning: index_reduce() is in beta and the API may change at any time. (Triggered internally at /pytorch/aten/src/ATen/native/cuda/Indexing.cu:1541.)
  max_msg.index_reduce_(0, output_indices, output_messages, reduce='amax', include_self=True)
Torch: 2.12.0+cu130
Using GPU:  NVIDIA L40S
9.971: (load-truck p4 t2 l2-0)
9.975: (drive-truck t1 l1-1 l1-0 c1)
9.977: (load-truck p2 t0 l0-1)
10.983: (fly-airplane a0 l0-0 l2-0)
10.990: (drive-truck t2 l2-0 l2-1 c2)
10.992: (fly-airplane a0 l0-0 l1-0)
11.991: (load-airplane p0 a0 l0-0)
12.000: (drive-truck t0 l0-1 l0-0 c0)
inf: (drive-truck t0 l0-1 l0-1 c0)
inf: (drive-truck t1 l1-1 l1-1 c1)
inf: (drive-truck t2 l2-0 l2-0 c2)
inf: (fly-airplane a0 l0-0 l0-0)
8.967: (load-truck p2 t0 l0-1)
8.967: (load-truck p4 t2 l2-0)
8.968: (drive-truck t1 l1-1 l1-0 c1)
8.968: (load-truck p2 t0 l0-1)
8.982: (load-truck p4 t2 l2-0)
8.982: (drive-truck t1 l1-1 l1-0 c1)
8.987: (drive-truck t0 l0-1 l0-0 c0)
9.689: (load-truck p1 t1 l1-0)
9.689: (load-truck p3 t1 l1-0)
9.966: (fly-airplane a0 l0-0 l1-0)
9.967: (drive-truck t1 l1-1 l1-0 c1)
9.969: (fly-airplane a0 l0-0 l2-0)
9.969: (drive-truck t1 l1-1 l1-0 c1)
9.970: (fly-airplane a0 l0-0 l2-0)
9.970: (load-truck p4 t2 l2-0)
9.971: (load-truck p2 t0 l0-1)
9.971: (fly-airplane a0 l0-0 l2-0)
9.977: (fly-airplane a0 l0-0 l1-0)
9.977: (load-truck p4 t2 l2-0)
9.977: (drive-truck t2 l2-0 l2-1 c2)
9.977: (load-truck p2 t0 l0-1)
9.978: (drive-truck t1 l1-1 l1-0 c1)
9.978: (drive-truck t2 l2-0 l2-1 c2)
9.981: (load-truck p2 t0 l0-1)
9.981: (fly-airplane a0 l0-0 l1-0)
10.076: (load-airplane p1 a0 l1-0)
10.076: (load-airplane p3 a0 l1-0)
10.149: (drive-truck t2 l2-0 l2-1 c2)
10.973: (load-airplane p0 a0 l0-0)
10.973: (load-truck p4 t2 l2-0)
10.977: (load-airplane p0 a0 l0-0)
10.977: (drive-truck t1 l1-1 l1-0 c1)
10.982: (drive-truck t0 l0-1 l0-0 c0)
10.982: (load-truck p4 t2 l2-0)
10.985: (drive-truck t2 l2-0 l2-1 c2)
10.985: (fly-airplane a0 l0-0 l2-0)
10.986: (drive-truck t0 l0-1 l0-0 c0)
10.986: (drive-truck t1 l1-1 l1-0 c1)
10.993: (drive-truck t2 l2-0 l2-1 c2)
10.993: (fly-airplane a0 l0-0 l1-0)
10.994: (load-truck p2 t0 l0-1)
10.994: (load-airplane p0 a0 l0-0)
11.949: (fly-airplane a0 l0-0 l2-0)
11.989: (load-airplane p4 a0 l2-0)
11.991: (drive-truck t2 l2-0 l2-1 c2)
11.991: (load-airplane p0 a0 l0-0)
11.994: (fly-airplane a0 l0-0 l2-0)
11.994: (drive-truck t0 l0-1 l0-0 c0)
12.001: (drive-truck t2 l2-0 l2-1 c2)
12.001: (drive-truck t0 l0-1 l0-0 c0)
12.002: (drive-truck t0 l0-1 l0-0 c0)
12.002: (fly-airplane a0 l0-0 l1-0)
12.009: (fly-airplane a0 l0-0 l1-0)
13.003: (drive-truck t0 l0-1 l0-0 c0)
13.003: (load-airplane p0 a0 l0-0)
13.004: (load-truck p0 t0 l0-0)
inf: (drive-truck t0 l0-0 l0-1 c0)
inf: (fly-airplane a0 l0-0 l0-0)
inf: (fly-airplane a0 l1-0 l0-0)
inf: (drive-truck t0 l0-0 l0-0 c0)
inf: (fly-airplane a0 l1-0 l1-0)
inf: (fly-airplane a0 l1-0 l2-0)
inf: (drive-truck t2 l2-0 l2-0 c2)
inf: (drive-truck t1 l1-1 l1-1 c1)
inf: (drive-truck t0 l0-1 l0-1 c0)
inf: (drive-truck t1 l1-1 l1-1 c1)
inf: (unload-airplane p0 a0 l0-0)
inf: (drive-truck t2 l2-0 l2-0 c2)
inf: (fly-airplane a0 l0-0 l0-0)
inf: (unload-truck p2 t0 l0-1)
inf: (drive-truck t0 l0-1 l0-1 c0)
inf: (drive-truck t1 l1-1 l1-1 c1)
inf: (drive-truck t2 l2-0 l2-0 c2)
inf: (fly-airplane a0 l0-0 l0-0)
inf: (unload-truck p4 t2 l2-0)
inf: (drive-truck t0 l0-1 l0-1 c0)
inf: (drive-truck t2 l2-0 l2-0 c2)
inf: (fly-airplane a0 l0-0 l0-0)
inf: (drive-truck t1 l1-0 l1-0 c1)
inf: (drive-truck t1 l1-0 l1-1 c1)
inf: (drive-truck t0 l0-1 l0-1 c0)
inf: (drive-truck t1 l1-1 l1-1 c1)
inf: (drive-truck t2 l2-0 l2-0 c2)
inf: (fly-airplane a0 l0-0 l0-0)
inf: (drive-truck t2 l2-0 l2-0 c2)
inf: (drive-truck t0 l0-1 l0-1 c0)
inf: (drive-truck t1 l1-1 l1-1 c1)
inf: (drive-truck t2 l2-0 l2-0 c2)
inf: (fly-airplane a0 l2-0 l0-0)
inf: (fly-airplane a0 l2-0 l1-0)
inf: (fly-airplane a0 l2-0 l2-0)
inf: (drive-truck t0 l0-1 l0-1 c0)
inf: (drive-truck t1 l1-1 l1-1 c1)
inf: (fly-airplane a0 l0-0 l0-0)
inf: (drive-truck t2 l2-1 l2-0 c2)
inf: (drive-truck t2 l2-1 l2-1 c2)
inf: (drive-truck t0 l0-1 l0-1 c0)
inf: (drive-truck t1 l1-1 l1-1 c1)
7.974: (drive-truck t0 l0-1 l0-0 c0)
7.974: (load-truck p4 t2 l2-0)
7.975: (drive-truck t1 l1-1 l1-0 c1)
7.975: (drive-truck t0 l0-1 l0-0 c0)
7.985: (unload-truck p2 t0 l0-0)
7.986: (load-truck p2 t0 l0-1)
7.986: (load-truck p4 t2 l2-0)
7.986: (drive-truck t1 l1-1 l1-0 c1)
8.692: (load-truck p2 t0 l0-1)
8.692: (load-truck p2 t0 l0-1)
8.692: (load-truck p3 t1 l1-0)
8.692: (load-truck p1 t1 l1-0)
8.849: (load-truck p1 t1 l1-0)
8.849: (load-truck p3 t1 l1-0)
8.869: (load-truck p4 t2 l2-0)
8.869: (load-truck p4 t2 l2-0)
8.869: (load-truck p3 t1 l1-0)
8.869: (load-truck p1 t1 l1-0)
8.963: (drive-truck t1 l1-1 l1-0 c1)
8.963: (load-truck p2 t0 l0-1)
8.963: (fly-airplane a0 l0-0 l2-0)
8.965: (drive-truck t1 l1-1 l1-0 c1)
8.965: (fly-airplane a0 l0-0 l1-0)
8.966: (load-truck p2 t0 l0-1)
8.966: (load-truck p4 t2 l2-0)
8.967: (load-truck p2 t0 l0-1)
8.967: (fly-airplane a0 l0-0 l2-0)
8.968: (load-truck p2 t0 l0-1)
8.968: (drive-truck t1 l1-1 l1-0 c1)
8.968: (drive-truck t2 l2-0 l2-1 c2)
8.975: (load-truck p4 t2 l2-0)
8.975: (drive-truck t1 l1-1 l1-0 c1)
8.975: (fly-airplane a0 l0-0 l1-0)
8.979: (load-truck p2 t0 l0-1)
8.979: (load-truck p4 t2 l2-0)
8.979: (fly-airplane a0 l0-0 l1-0)
8.980: (drive-truck t0 l0-1 l0-0 c0)
8.980: (fly-airplane a0 l0-0 l2-0)
8.981: (load-truck p4 t2 l2-0)
8.981: (drive-truck t1 l1-1 l1-0 c1)
8.981: (fly-airplane a0 l0-0 l2-0)
8.988: (drive-truck t2 l2-0 l2-1 c2)
8.988: (drive-truck t0 l0-1 l0-0 c0)
8.988: (fly-airplane a0 l0-0 l1-0)
8.988: (drive-truck t0 l0-1 l0-0 c0)
9.016: (drive-truck t1 l1-1 l1-0 c1)
9.016: (drive-truck t1 l1-1 l1-0 c1)
9.016: (load-airplane p1 a0 l1-0)
9.016: (load-airplane p3 a0 l1-0)
9.043: (load-truck p4 t2 l2-0)
9.043: (load-truck p4 t2 l2-0)
9.043: (load-airplane p3 a0 l1-0)
9.043: (load-airplane p1 a0 l1-0)
9.071: (load-airplane p1 a0 l1-0)
9.071: (load-airplane p3 a0 l1-0)
9.081: (load-truck p2 t0 l0-1)
9.081: (load-truck p2 t0 l0-1)
9.081: (load-airplane p1 a0 l1-0)
9.081: (load-airplane p3 a0 l1-0)
9.142: (load-truck p2 t0 l0-1)
9.142: (drive-truck t2 l2-0 l2-1 c2)
9.161: (drive-truck t1 l1-1 l1-0 c1)
9.161: (drive-truck t2 l2-0 l2-1 c2)
9.654: (fly-airplane a0 l0-0 l1-0)
9.654: (load-truck p3 t1 l1-0)
9.654: (load-truck p1 t1 l1-0)
9.654: (fly-airplane a0 l0-0 l1-0)
9.682: (load-truck p1 t1 l1-0)
9.682: (load-truck p3 t1 l1-0)
9.682: (fly-airplane a0 l0-0 l2-0)
9.682: (fly-airplane a0 l0-0 l2-0)
9.691: (drive-truck t2 l2-0 l2-1 c2)
9.691: (drive-truck t2 l2-0 l2-1 c2)
9.691: (load-truck p1 t1 l1-0)
9.691: (load-truck p3 t1 l1-0)
9.969: (drive-truck t2 l2-0 l2-1 c2)
9.969: (fly-airplane a0 l0-0 l1-0)
9.970: (drive-truck t1 l1-1 l1-0 c1)
9.973: (drive-truck t2 l2-0 l2-1 c2)
9.973: (fly-airplane a0 l0-0 l2-0)
9.973: (load-truck p2 t0 l0-1)
9.973: (drive-truck t2 l2-0 l2-1 c2)
9.973: (fly-airplane a0 l0-0 l2-0)
9.973: (drive-truck t1 l1-1 l1-0 c1)
9.976: (load-airplane p0 a0 l0-0)
9.976: (load-truck p2 t0 l0-1)
9.976: (load-truck p4 t2 l2-0)
9.980: (drive-truck t1 l1-1 l1-0 c1)
9.980: (load-airplane p0 a0 l0-0)
9.980: (load-truck p2 t0 l0-1)
9.981: (fly-airplane a0 l0-0 l1-0)
9.981: (drive-truck t2 l2-0 l2-1 c2)
9.981: (load-truck p2 t0 l0-1)
9.983: (drive-truck t1 l1-1 l1-0 c1)
9.983: (load-truck p4 t2 l2-0)
9.983: (load-airplane p0 a0 l0-0)
9.988: (fly-airplane a0 l1-0 l2-0)
9.988: (fly-airplane a0 l1-0 l2-0)
9.994: (load-truck p0 t0 l0-0)
9.996: (load-truck p4 t2 l2-0)
9.996: (drive-truck t0 l0-1 l0-0 c0)
9.996: (drive-truck t1 l1-1 l1-0 c1)
10.003: (drive-truck t0 l0-1 l0-0 c0)
10.003: (load-airplane p0 a0 l0-0)
10.007: (fly-airplane a0 l1-0 l0-0)
10.007: (fly-airplane a0 l1-0 l0-0)
10.072: (drive-truck t2 l2-0 l2-1 c2)
10.072: (drive-truck t2 l2-0 l2-1 c2)
10.073: (load-airplane p1 a0 l1-0)
10.073: (load-airplane p3 a0 l1-0)
10.145: (drive-truck t2 l2-0 l2-1 c2)
10.145: (fly-airplane a0 l0-0 l1-0)
10.149: (drive-truck t2 l2-0 l2-1 c2)
10.149: (fly-airplane a0 l0-0 l2-0)
10.672: (drive-truck t1 l1-0 l1-1 c1)
10.672: (drive-truck t1 l1-0 l1-1 c1)
10.691: (load-truck p3 t1 l1-0)
10.691: (load-truck p1 t1 l1-0)
10.691: (load-airplane p0 a0 l0-0)
10.691: (load-airplane p0 a0 l0-0)
6.967: (unload-truck p2 t0 l0-0)
6.967: (load-truck p4 t2 l2-0)
6.971: (drive-truck t1 l1-1 l1-0 c1)
6.971: (unload-truck p2 t0 l0-0)
6.993: (load-truck p4 t2 l2-0)
6.993: (drive-truck t1 l1-1 l1-0 c1)
6.993: (drive-truck t0 l0-1 l0-0 c0)
7.705: (drive-truck t0 l0-1 l0-0 c0)
7.705: (load-truck p3 t1 l1-0)
7.705: (load-truck p1 t1 l1-0)
7.705: (drive-truck t0 l0-1 l0-0 c0)
7.851: (load-truck p1 t1 l1-0)
7.851: (load-truck p3 t1 l1-0)
7.851: (load-truck p2 t0 l0-1)
7.874: (load-truck p2 t0 l0-1)
7.874: (load-truck p2 t0 l0-1)
7.874: (load-truck p4 t2 l2-0)
7.874: (load-truck p4 t2 l2-0)
7.874: (load-truck p1 t1 l1-0)
7.874: (load-truck p3 t1 l1-0)
7.946: (load-truck p4 t2 l2-0)
7.946: (load-airplane p1 a0 l1-0)
7.946: (load-airplane p3 a0 l1-0)
7.968: (drive-truck t0 l0-1 l0-0 c0)
7.968: (drive-truck t1 l1-1 l1-0 c1)
7.968: (fly-airplane a0 l0-0 l2-0)
7.970: (drive-truck t1 l1-1 l1-0 c1)
7.970: (fly-airplane a0 l0-0 l1-0)
7.970: (drive-truck t0 l0-1 l0-0 c0)
7.971: (load-truck p4 t2 l2-0)
7.971: (drive-truck t0 l0-1 l0-0 c0)
7.971: (fly-airplane a0 l0-0 l2-0)
7.976: (drive-truck t0 l0-1 l0-0 c0)
7.976: (drive-truck t1 l1-1 l1-0 c1)
7.976: (drive-truck t2 l2-0 l2-1 c2)
7.979: (load-truck p4 t2 l2-0)
7.979: (drive-truck t1 l1-1 l1-0 c1)
7.979: (load-truck p2 t0 l0-1)
7.979: (fly-airplane a0 l0-0 l1-0)
7.981: (fly-airplane a0 l0-0 l2-0)
7.981: (unload-truck p2 t0 l0-0)
7.984: (load-truck p4 t2 l2-0)
7.984: (drive-truck t0 l0-1 l0-0 c0)
7.984: (fly-airplane a0 l0-0 l1-0)
7.985: (drive-truck t1 l1-1 l1-0 c1)
7.985: (load-truck p4 t2 l2-0)
7.985: (fly-airplane a0 l0-0 l2-0)
7.985: (load-truck p2 t0 l0-1)
7.986: (drive-truck t2 l2-0 l2-1 c2)
7.986: (unload-truck p2 t0 l0-0)
7.989: (fly-airplane a0 l0-0 l1-0)
7.989: (unload-truck p2 t0 l0-0)
7.990: (drive-truck t0 l0-0 l0-1 c0)
7.995: (drive-truck t1 l1-1 l1-0 c1)
7.995: (load-truck p4 t2 l2-0)
7.995: (drive-truck t1 l1-1 l1-0 c1)
7.995: (load-truck p4 t2 l2-0)
7.995: (load-airplane p1 a0 l1-0)
7.995: (load-airplane p3 a0 l1-0)
8.020: (load-truck p2 t0 l0-1)
8.020: (load-truck p2 t0 l0-1)
8.020: (load-airplane p1 a0 l1-0)
8.020: (load-airplane p3 a0 l1-0)
8.020: (drive-truck t1 l1-1 l1-0 c1)
8.020: (drive-truck t1 l1-1 l1-0 c1)
8.047: (load-truck p4 t2 l2-0)
8.047: (load-truck p2 t0 l0-1)
8.047: (load-truck p2 t0 l0-1)
8.047: (load-truck p4 t2 l2-0)
8.047: (load-airplane p1 a0 l1-0)
8.048: (load-airplane p3 a0 l1-0)
8.053: (load-airplane p1 a0 l1-0)
8.053: (drive-truck t1 l1-1 l1-0 c1)
8.053: (load-airplane p3 a0 l1-0)
8.062: (load-airplane p1 a0 l1-0)
8.062: (load-airplane p3 a0 l1-0)
8.062: (load-truck p2 t0 l0-1)
8.085: (drive-truck t0 l0-1 l0-0 c0)
8.085: (drive-truck t0 l0-1 l0-0 c0)
8.085: (load-airplane p1 a0 l1-0)
8.085: (load-airplane p3 a0 l1-0)
8.151: (drive-truck t1 l1-1 l1-0 c1)
8.151: (load-truck p2 t0 l0-1)
8.151: (drive-truck t2 l2-0 l2-1 c2)
8.158: (drive-truck t0 l0-1 l0-0 c0)
8.158: (drive-truck t2 l2-0 l2-1 c2)
8.205: (load-truck p3 t1 l1-0)
8.205: (load-truck p1 t1 l1-0)
8.205: (load-truck p4 t2 l2-0)
8.656: (load-truck p3 t1 l1-0)
8.656: (load-truck p1 t1 l1-0)
8.656: (load-truck p2 t0 l0-1)
8.656: (load-truck p2 t0 l0-1)
8.656: (fly-airplane a0 l0-0 l1-0)
8.657: (fly-airplane a0 l0-0 l1-0)
8.685: (load-truck p2 t0 l0-1)
8.685: (load-truck p2 t0 l0-1)
8.685: (fly-airplane a0 l0-0 l2-0)
8.685: (fly-airplane a0 l0-0 l2-0)
8.685: (load-truck p3 t1 l1-0)
8.685: (load-truck p1 t1 l1-0)
8.693: (load-truck p2 t0 l0-1)
8.693: (load-truck p2 t0 l0-1)
8.693: (drive-truck t2 l2-0 l2-1 c2)
8.693: (drive-truck t2 l2-0 l2-1 c2)
8.693: (load-truck p3 t1 l1-0)
8.693: (load-truck p1 t1 l1-0)
8.759: (load-airplane p1 a0 l1-0)
8.759: (load-airplane p3 a0 l1-0)
8.759: (load-truck p1 t1 l1-0)
8.759: (load-truck p3 t1 l1-0)
8.835: (fly-airplane a0 l0-0 l1-0)
8.835: (fly-airplane a0 l0-0 l1-0)
8.835: (load-truck p3 t1 l1-0)
8.835: (load-truck p1 t1 l1-0)
8.835: (load-truck p4 t2 l2-0)
8.835: (load-truck p4 t2 l2-0)
8.841: (load-truck p3 t1 l1-0)
8.841: (load-truck p1 t1 l1-0)
8.841: (fly-airplane a0 l0-0 l2-0)
5.983: (load-truck p4 t2 l2-0)
5.983: (drive-truck t1 l1-1 l1-0 c1)
5.983: (unload-truck p2 t0 l0-0)
6.695: (load-truck p3 t1 l1-0)
6.695: (load-truck p1 t1 l1-0)
6.695: (unload-truck p2 t0 l0-0)
6.695: (unload-truck p2 t0 l0-0)
6.865: (drive-truck t0 l0-1 l0-0 c0)
6.865: (load-truck p3 t1 l1-0)
6.865: (load-truck p1 t1 l1-0)
6.880: (drive-truck t0 l0-1 l0-0 c0)
6.880: (drive-truck t0 l0-1 l0-0 c0)
6.880: (load-truck p1 t1 l1-0)
6.880: (load-truck p4 t2 l2-0)
6.880: (load-truck p3 t1 l1-0)
6.880: (load-truck p4 t2 l2-0)
6.939: (load-truck p4 t2 l2-0)
6.939: (load-airplane p3 a0 l1-0)
6.939: (load-airplane p1 a0 l1-0)
6.939: (load-truck p2 t0 l0-1)
6.951: (drive-truck t1 l1-1 l1-0 c1)
6.951: (load-truck p4 t2 l2-0)
6.951: (load-airplane p3 a0 l1-0)
6.951: (load-airplane p1 a0 l1-0)
6.965: (drive-truck t1 l1-1 l1-0 c1)
6.965: (fly-airplane a0 l0-0 l1-0)
6.965: (unload-truck p2 t0 l0-0)
6.966: (drive-truck t1 l1-1 l1-0 c1)
6.966: (unload-truck p2 t0 l0-0)
6.966: (fly-airplane a0 l0-0 l2-0)
6.968: (load-truck p4 t2 l2-0)
6.968: (unload-truck p2 t0 l0-0)
6.968: (fly-airplane a0 l0-0 l2-0)
6.972: (load-truck p4 t2 l2-0)
6.972: (drive-truck t0 l0-0 l0-1 c0)
6.974: (drive-truck t1 l1-1 l1-0 c1)
6.974: (unload-truck p2 t0 l0-0)
6.974: (drive-truck t2 l2-0 l2-1 c2)
6.975: (drive-truck t0 l0-0 l0-1 c0)
6.976: (drive-truck t1 l1-1 l1-0 c1)
6.977: (fly-airplane a0 l0-0 l1-0)
6.977: (unload-truck p2 t0 l0-0)
6.977: (load-truck p4 t2 l2-0)
6.984: (drive-truck t1 l1-1 l1-0 c1)
6.984: (drive-truck t0 l0-1 l0-0 c0)
6.984: (load-truck p4 t2 l2-0)
6.984: (fly-airplane a0 l0-0 l1-0)
6.990: (fly-airplane a0 l0-0 l2-0)
6.990: (load-truck p4 t2 l2-0)
6.990: (drive-truck t1 l1-1 l1-0 c1)
6.990: (drive-truck t0 l0-1 l0-0 c0)
6.999: (drive-truck t1 l1-1 l1-0 c1)
6.999: (drive-truck t1 l1-1 l1-0 c1)
6.999: (load-truck p4 t2 l2-0)
6.999: (load-truck p2 t0 l0-1)
6.999: (load-truck p2 t0 l0-1)
6.999: (load-truck p4 t2 l2-0)
6.999: (load-airplane p1 a0 l1-0)
6.999: (load-airplane p3 a0 l1-0)
7.024: (drive-truck t0 l0-1 l0-0 c0)
7.024: (drive-truck t0 l0-1 l0-0 c0)
7.024: (load-airplane p3 a0 l1-0)
7.024: (load-airplane p1 a0 l1-0)
7.025: (drive-truck t1 l1-1 l1-0 c1)
7.025: (drive-truck t1 l1-1 l1-0 c1)
7.053: (load-airplane p1 a0 l1-0)
7.053: (load-airplane p3 a0 l1-0)
7.053: (load-truck p4 t2 l2-0)
7.053: (drive-truck t0 l0-1 l0-0 c0)
7.053: (drive-truck t0 l0-1 l0-0 c0)
7.053: (load-truck p4 t2 l2-0)
7.055: (load-airplane p1 a0 l1-0)
7.055: (load-truck p2 t0 l0-1)
7.055: (load-airplane p3 a0 l1-0)
7.055: (drive-truck t1 l1-1 l1-0 c1)
7.068: (load-airplane p1 a0 l1-0)
7.068: (load-airplane p3 a0 l1-0)
7.068: (drive-truck t0 l0-1 l0-0 c0)
7.077: (unload-truck p2 t0 l0-0)
7.077: (unload-truck p2 t0 l0-0)
7.078: (load-airplane p1 a0 l1-0)
7.078: (load-airplane p3 a0 l1-0)
7.155: (unload-truck p2 t0 l0-0)
7.155: (drive-truck t2 l2-0 l2-1 c2)
7.159: (drive-truck t2 l2-0 l2-1 c2)
7.159: (drive-truck t1 l1-1 l1-0 c1)
7.159: (drive-truck t0 l0-1 l0-0 c0)
7.202: (load-truck p1 t1 l1-0)
7.202: (load-truck p4 t2 l2-0)
7.202: (load-truck p3 t1 l1-0)
7.202: (load-truck p2 t0 l0-1)
7.666: (load-truck p3 t1 l1-0)
7.666: (load-truck p1 t1 l1-0)
7.666: (fly-airplane a0 l0-0 l1-0)
7.666: (fly-airplane a0 l0-0 l1-0)
7.666: (drive-truck t0 l0-1 l0-0 c0)
7.666: (drive-truck t0 l0-1 l0-0 c0)
7.696: (drive-truck t0 l0-1 l0-0 c0)
7.696: (drive-truck t0 l0-1 l0-0 c0)
7.696: (fly-airplane a0 l0-0 l2-0)
7.696: (fly-airplane a0 l0-0 l2-0)
7.696: (load-truck p1 t1 l1-0)
7.696: (load-truck p3 t1 l1-0)
7.705: (drive-truck t0 l0-1 l0-0 c0)
7.705: (drive-truck t0 l0-1 l0-0 c0)
7.706: (drive-truck t2 l2-0 l2-1 c2)
7.706: (drive-truck t2 l2-0 l2-1 c2)
7.706: (load-truck p1 t1 l1-0)
7.706: (load-truck p3 t1 l1-0)
7.762: (load-truck p1 t1 l1-0)
7.762: (load-truck p3 t1 l1-0)
7.762: (load-airplane p1 a0 l1-0)
7.762: (load-airplane p3 a0 l1-0)
7.762: (load-truck p2 t0 l0-1)
7.762: (load-truck p2 t0 l0-1)
7.839: (load-truck p3 t1 l1-0)
7.839: (load-truck p1 t1 l1-0)
7.839: (load-truck p4 t2 l2-0)
7.839: (fly-airplane a0 l0-0 l1-0)
7.840: (fly-airplane a0 l0-0 l1-0)
5.857: (load-truck p3 t1 l1-0)
5.857: (load-truck p1 t1 l1-0)
5.857: (unload-truck p2 t0 l0-0)
5.870: (load-truck p4 t2 l2-0)
5.870: (load-truck p4 t2 l2-0)
5.870: (load-truck p1 t1 l1-0)
5.870: (load-truck p3 t1 l1-0)
5.870: (unload-truck p2 t0 l0-0)
5.870: (unload-truck p2 t0 l0-0)
5.944: (load-truck p4 t2 l2-0)
5.944: (load-airplane p1 a0 l1-0)
5.944: (load-airplane p3 a0 l1-0)
5.944: (drive-truck t0 l0-1 l0-0 c0)
5.953: (load-airplane p3 a0 l1-0)
5.953: (load-truck p4 t2 l2-0)
5.953: (load-airplane p1 a0 l1-0)
5.953: (drive-truck t1 l1-1 l1-0 c1)
5.953: (load-truck p2 t0 l0-1)
5.977: (load-truck p4 t2 l2-0)
5.977: (fly-airplane a0 l0-0 l1-0)
5.977: (drive-truck t1 l1-1 l1-0 c1)
5.977: (unload-truck p2 t0 l0-0)
5.982: (load-truck p4 t2 l2-0)
5.982: (fly-airplane a0 l0-0 l2-0)
5.982: (drive-truck t1 l1-1 l1-0 c1)
5.982: (unload-truck p2 t0 l0-0)
5.985: (drive-truck t0 l0-0 l0-1 c0)
5.985: (load-truck p4 t2 l2-0)
5.985: (drive-truck t1 l1-1 l1-0 c1)
6.004: (load-truck p4 t2 l2-0)
6.004: (drive-truck t1 l1-1 l1-0 c1)
6.004: (drive-truck t1 l1-1 l1-0 c1)
6.004: (load-truck p4 t2 l2-0)
6.004: (load-airplane p3 a0 l1-0)
6.004: (drive-truck t0 l0-1 l0-0 c0)
6.004: (load-airplane p1 a0 l1-0)
6.004: (drive-truck t0 l0-1 l0-0 c0)
6.017: (drive-truck t1 l1-1 l1-0 c1)
6.017: (unload-truck p2 t0 l0-0)
6.017: (unload-truck p2 t0 l0-0)
6.017: (drive-truck t1 l1-1 l1-0 c1)
6.017: (load-airplane p1 a0 l1-0)
6.017: (load-airplane p3 a0 l1-0)
6.045: (load-truck p4 t2 l2-0)
6.045: (load-truck p4 t2 l2-0)
6.045: (unload-truck p2 t0 l0-0)
6.045: (unload-truck p2 t0 l0-0)
6.045: (load-airplane p3 a0 l1-0)
6.045: (load-airplane p1 a0 l1-0)
6.060: (drive-truck t0 l0-1 l0-0 c0)
6.060: (load-airplane p3 a0 l1-0)
6.060: (drive-truck t1 l1-1 l1-0 c1)
6.060: (load-airplane p1 a0 l1-0)
6.067: (unload-truck p2 t0 l0-0)
6.067: (load-airplane p3 a0 l1-0)
6.067: (load-airplane p1 a0 l1-0)
6.156: (unload-truck p2 t0 l0-0)
6.156: (drive-truck t1 l1-1 l1-0 c1)
6.156: (drive-truck t2 l2-0 l2-1 c2)
6.227: (load-truck p3 t1 l1-0)
6.227: (load-truck p4 t2 l2-0)
6.227: (load-truck p1 t1 l1-0)
6.227: (drive-truck t0 l0-1 l0-0 c0)
6.659: (load-truck p3 t1 l1-0)
6.659: (load-truck p1 t1 l1-0)
6.659: (fly-airplane a0 l0-0 l1-0)
6.659: (fly-airplane a0 l0-0 l1-0)
6.659: (unload-truck p2 t0 l0-0)
6.659: (unload-truck p2 t0 l0-0)
6.689: (unload-truck p2 t0 l0-0)
6.689: (unload-truck p2 t0 l0-0)
6.689: (load-truck p3 t1 l1-0)
6.689: (load-truck p1 t1 l1-0)
6.689: (fly-airplane a0 l0-0 l2-0)
6.689: (fly-airplane a0 l0-0 l2-0)
6.696: (unload-truck p2 t0 l0-0)
6.696: (unload-truck p2 t0 l0-0)
6.696: (drive-truck t2 l2-0 l2-1 c2)
6.696: (drive-truck t2 l2-0 l2-1 c2)
6.696: (load-truck p1 t1 l1-0)
6.696: (load-truck p3 t1 l1-0)
6.698: (drive-truck t0 l0-0 l0-1 c0)
6.698: (drive-truck t0 l0-0 l0-1 c0)
6.698: (load-truck p3 t1 l1-0)
6.698: (load-truck p1 t1 l1-0)
6.768: (load-airplane p1 a0 l1-0)
6.768: (load-airplane p3 a0 l1-0)
6.768: (drive-truck t0 l0-1 l0-0 c0)
6.768: (drive-truck t0 l0-1 l0-0 c0)
6.768: (load-truck p3 t1 l1-0)
6.768: (load-truck p1 t1 l1-0)
6.844: (load-truck p4 t2 l2-0)
6.844: (load-truck p4 t2 l2-0)
6.844: (fly-airplane a0 l0-0 l1-0)
6.844: (load-truck p3 t1 l1-0)
6.844: (load-truck p1 t1 l1-0)
6.844: (fly-airplane a0 l0-0 l1-0)
6.844: (drive-truck t0 l0-1 l0-0 c0)
6.844: (drive-truck t0 l0-1 l0-0 c0)
6.856: (load-truck p3 t1 l1-0)
6.856: (load-truck p1 t1 l1-0)
6.856: (fly-airplane a0 l0-0 l2-0)
6.860: (load-truck p1 t1 l1-0)
6.860: (load-truck p3 t1 l1-0)
6.860: (drive-truck t2 l2-0 l2-1 c2)
6.868: (load-truck p3 t1 l1-0)
6.868: (load-truck p1 t1 l1-0)
6.868: (fly-airplane a0 l0-0 l1-0)
6.876: (load-truck p4 t2 l2-0)
6.876: (load-truck p4 t2 l2-0)
6.876: (fly-airplane a0 l0-0 l2-0)
6.876: (load-truck p3 t1 l1-0)
6.876: (load-truck p1 t1 l1-0)
6.876: (fly-airplane a0 l0-0 l2-0)
6.893: (load-truck p3 t1 l1-0)
6.893: (load-truck p1 t1 l1-0)
6.893: (drive-truck t2 l2-0 l2-1 c2)
6.893: (drive-truck t2 l2-0 l2-1 c2)
6.910: (load-truck p4 t2 l2-0)
6.910: (load-truck p4 t2 l2-0)
4.944: (unload-truck p2 t0 l0-0)
4.944: (load-airplane p1 a0 l1-0)
4.944: (load-airplane p3 a0 l1-0)
4.944: (load-truck p4 t2 l2-0)
4.958: (load-truck p4 t2 l2-0)
4.958: (drive-truck t1 l1-1 l1-0 c1)
4.958: (drive-truck t0 l0-1 l0-0 c0)
4.958: (load-airplane p3 a0 l1-0)
4.958: (load-airplane p1 a0 l1-0)
4.997: (unload-truck p2 t0 l0-0)
4.997: (load-truck p4 t2 l2-0)
4.997: (unload-truck p2 t0 l0-0)
4.997: (load-airplane p1 a0 l1-0)
4.997: (load-airplane p3 a0 l1-0)
4.997: (drive-truck t1 l1-1 l1-0 c1)
4.997: (load-truck p4 t2 l2-0)
4.997: (drive-truck t1 l1-1 l1-0 c1)
5.052: (load-airplane p3 a0 l1-0)
5.053: (load-airplane p1 a0 l1-0)
5.053: (drive-truck t1 l1-1 l1-0 c1)
5.053: (unload-truck p2 t0 l0-0)
5.230: (unload-truck p2 t0 l0-0)
5.230: (load-truck p3 t1 l1-0)
5.230: (load-truck p4 t2 l2-0)
5.230: (load-truck p1 t1 l1-0)
5.761: (unload-truck p2 t0 l0-0)
5.761: (unload-truck p2 t0 l0-0)
5.761: (load-truck p3 t1 l1-0)
5.761: (load-airplane p3 a0 l1-0)
5.761: (load-truck p1 t1 l1-0)
5.761: (load-airplane p1 a0 l1-0)
5.837: (unload-truck p2 t0 l0-0)
5.837: (unload-truck p2 t0 l0-0)
5.837: (load-truck p3 t1 l1-0)
5.837: (load-truck p1 t1 l1-0)
5.837: (fly-airplane a0 l0-0 l1-0)
5.837: (fly-airplane a0 l0-0 l1-0)
5.837: (load-truck p4 t2 l2-0)
5.837: (load-truck p4 t2 l2-0)
5.850: (unload-truck p2 t0 l0-0)
5.850: (load-truck p3 t1 l1-0)
5.850: (fly-airplane a0 l0-0 l2-0)
5.850: (load-truck p1 t1 l1-0)
5.851: (unload-truck p2 t0 l0-0)
5.851: (load-truck p3 t1 l1-0)
5.851: (load-truck p1 t1 l1-0)
5.851: (drive-truck t2 l2-0 l2-1 c2)
5.858: (drive-truck t0 l0-0 l0-1 c0)
5.858: (load-truck p1 t1 l1-0)
5.858: (load-truck p3 t1 l1-0)
5.861: (unload-truck p2 t0 l0-0)
5.861: (fly-airplane a0 l0-0 l1-0)
5.861: (load-truck p1 t1 l1-0)
5.861: (load-truck p3 t1 l1-0)
5.868: (fly-airplane a0 l0-0 l2-0)
5.868: (fly-airplane a0 l0-0 l2-0)
5.868: (load-truck p1 t1 l1-0)
5.868: (load-truck p3 t1 l1-0)
5.868: (load-truck p4 t2 l2-0)
5.868: (unload-truck p2 t0 l0-0)
5.868: (unload-truck p2 t0 l0-0)
5.868: (load-truck p4 t2 l2-0)
5.873: (drive-truck t0 l0-0 l0-1 c0)
5.873: (drive-truck t0 l0-0 l0-1 c0)
5.873: (load-truck p4 t2 l2-0)
5.873: (load-truck p4 t2 l2-0)
5.873: (load-truck p1 t1 l1-0)
5.873: (load-truck p3 t1 l1-0)
5.879: (unload-truck p2 t0 l0-0)
5.879: (unload-truck p2 t0 l0-0)
5.879: (drive-truck t2 l2-0 l2-1 c2)
5.879: (drive-truck t2 l2-0 l2-1 c2)
5.879: (load-truck p1 t1 l1-0)
5.879: (load-truck p3 t1 l1-0)
5.915: (drive-truck t0 l0-1 l0-0 c0)
5.915: (drive-truck t0 l0-1 l0-0 c0)
5.915: (load-truck p4 t2 l2-0)
5.915: (load-truck p4 t2 l2-0)
5.915: (load-airplane p3 a0 l1-0)
5.915: (load-airplane p1 a0 l1-0)
5.915: (load-truck p3 t1 l1-0)
5.915: (load-truck p1 t1 l1-0)
5.969: (fly-airplane a0 l1-0 l2-0)
5.969: (fly-airplane a0 l1-0 l2-0)
5.976: (fly-airplane a0 l1-0 l0-0)
5.976: (fly-airplane a0 l1-0 l0-0)
5.977: (drive-truck t0 l0-0 l0-1 c0)
5.978: (fly-airplane a0 l0-0 l1-0)
5.983: (drive-truck t0 l0-0 l0-1 c0)
5.983: (fly-airplane a0 l0-0 l2-0)
5.983: (fly-airplane a0 l1-0 l2-0)
5.983: (fly-airplane a0 l1-0 l2-0)
5.988: (fly-airplane a0 l1-0 l2-0)
5.988: (fly-airplane a0 l1-0 l2-0)
5.996: (drive-truck t2 l2-0 l2-1 c2)
5.996: (load-truck p1 t1 l1-0)
5.996: (load-truck p3 t1 l1-0)
6.014: (drive-truck t2 l2-0 l2-1 c2)
6.014: (drive-truck t2 l2-0 l2-1 c2)
6.018: (drive-truck t0 l0-0 l0-1 c0)
6.018: (drive-truck t0 l0-0 l0-1 c0)
6.044: (drive-truck t2 l2-0 l2-1 c2)
6.044: (fly-airplane a0 l1-0 l0-0)
6.046: (drive-truck t0 l0-0 l0-1 c0)
6.046: (drive-truck t0 l0-0 l0-1 c0)
6.047: (fly-airplane a0 l1-0 l2-0)
6.059: (drive-truck t2 l2-0 l2-1 c2)
6.070: (drive-truck t0 l0-0 l0-1 c0)
6.083: (fly-airplane a0 l1-0 l0-0)
6.104: (fly-airplane a0 l1-0 l2-0)
6.131: (fly-airplane a0 l1-0 l2-0)
6.150: (fly-airplane a0 l0-0 l1-0)
6.150: (drive-truck t2 l2-0 l2-1 c2)
6.160: (fly-airplane a0 l0-0 l2-0)
6.160: (drive-truck t2 l2-0 l2-1 c2)
6.161: (drive-truck t0 l0-0 l0-1 c0)
6.161: (drive-truck t2 l2-0 l2-1 c2)
6.188: (fly-airplane a0 l1-0 l2-0)
6.214: (drive-truck t2 l2-0 l2-1 c2)
6.214: (drive-truck t2 l2-0 l2-1 c2)
3.952: (load-airplane p3 a0 l1-0)
3.952: (unload-truck p2 t0 l0-0)
3.952: (load-truck p4 t2 l2-0)
3.952: (load-airplane p1 a0 l1-0)
3.952: (drive-truck t1 l1-1 l1-0 c1)
4.908: (load-airplane p3 a0 l1-0)
4.908: (load-truck p4 t2 l2-0)
4.908: (load-truck p4 t2 l2-0)
4.908: (load-airplane p1 a0 l1-0)
4.908: (load-truck p3 t1 l1-0)
4.908: (load-truck p1 t1 l1-0)
4.908: (unload-truck p2 t0 l0-0)
4.908: (unload-truck p2 t0 l0-0)
4.947: (load-airplane p3 a0 l1-0)
4.947: (load-airplane p1 a0 l1-0)
4.947: (load-truck p4 t2 l2-0)
4.947: (drive-truck t0 l0-0 l0-1 c0)
4.980: (load-truck p4 t2 l2-0)
4.980: (drive-truck t1 l1-1 l1-0 c1)
4.980: (drive-truck t1 l1-1 l1-0 c1)
4.980: (load-truck p4 t2 l2-0)
4.980: (unload-truck p2 t0 l0-0)
4.980: (unload-truck p2 t0 l0-0)
4.981: (fly-airplane a0 l1-0 l2-0)
4.981: (fly-airplane a0 l1-0 l2-0)
4.986: (unload-truck p2 t0 l0-0)
4.986: (load-truck p1 t1 l1-0)
4.986: (load-truck p3 t1 l1-0)
4.986: (drive-truck t2 l2-0 l2-1 c2)
4.987: (unload-airplane p1 a0 l2-0)
4.987: (unload-airplane p3 a0 l2-0)
4.992: (unload-airplane p3 a0 l2-0)
4.992: (unload-airplane p1 a0 l2-0)
4.998: (load-airplane p1 a0 l1-0)
4.998: (load-airplane p3 a0 l1-0)
4.998: (load-truck p4 t2 l2-0)
4.998: (load-truck p4 t2 l2-0)
4.998: (drive-truck t1 l1-1 l1-0 c1)
4.998: (drive-truck t1 l1-1 l1-0 c1)
4.998: (drive-truck t0 l0-0 l0-1 c0)
4.998: (drive-truck t0 l0-0 l0-1 c0)
5.004: (unload-airplane p3 a0 l2-0)
5.004: (unload-airplane p1 a0 l2-0)
5.023: (unload-truck p2 t0 l0-0)
5.023: (fly-airplane a0 l1-0 l2-0)
5.023: (load-truck p4 t2 l2-0)
5.041: (drive-truck t1 l1-1 l1-0 c1)
5.042: (load-airplane p3 a0 l1-0)
5.042: (load-airplane p1 a0 l1-0)
5.042: (unload-truck p2 t0 l0-0)
5.042: (drive-truck t2 l2-0 l2-1 c2)
5.054: (drive-truck t1 l1-1 l1-0 c1)
5.054: (load-airplane p1 a0 l1-0)
5.054: (load-airplane p3 a0 l1-0)
5.054: (drive-truck t0 l0-0 l0-1 c0)
5.060: (unload-airplane p3 a0 l2-0)
5.060: (unload-airplane p1 a0 l2-0)
5.111: (drive-truck t0 l0-1 l0-0 c0)
5.111: (drive-truck t1 l1-1 l1-0 c1)
5.111: (fly-airplane a0 l1-0 l0-0)
5.113: (load-truck p4 t2 l2-0)
5.114: (drive-truck t0 l0-1 l0-0 c0)
5.114: (fly-airplane a0 l1-0 l2-0)
5.114: (drive-truck t1 l1-1 l1-0 c1)
5.117: (unload-airplane p1 a0 l2-0)
5.117: (unload-airplane p3 a0 l2-0)
5.118: (unload-airplane p3 a0 l2-0)
5.118: (unload-airplane p1 a0 l2-0)
5.164: (unload-truck p2 t0 l0-0)
5.164: (drive-truck t1 l1-1 l1-0 c1)
5.164: (fly-airplane a0 l1-0 l2-0)
5.175: (unload-airplane p3 a0 l2-0)
5.175: (unload-airplane p1 a0 l2-0)
5.208: (drive-truck t2 l2-0 l2-1 c2)
5.208: (drive-truck t2 l2-0 l2-1 c2)
5.208: (unload-truck p2 t0 l0-0)
5.208: (unload-truck p2 t0 l0-0)
5.208: (load-airplane p3 a0 l1-0)
5.208: (load-airplane p1 a0 l1-0)
5.225: (drive-truck t2 l2-0 l2-1 c2)
5.231: (load-truck p4 t2 l2-0)
5.231: (load-truck p3 t1 l1-0)
5.231: (load-truck p1 t1 l1-0)
5.231: (fly-airplane a0 l0-0 l2-0)
5.234: (load-truck p3 t1 l1-0)
5.234: (load-truck p1 t1 l1-0)
5.234: (load-truck p4 t2 l2-0)
5.234: (drive-truck t0 l0-0 l0-1 c0)
5.236: (load-truck p3 t1 l1-0)
5.236: (load-truck p1 t1 l1-0)
5.236: (fly-airplane a0 l0-0 l1-0)
5.236: (load-truck p4 t2 l2-0)
5.241: (load-airplane p3 a0 l1-0)
5.241: (load-airplane p1 a0 l1-0)
5.241: (drive-truck t2 l2-0 l2-1 c2)
5.287: (drive-truck t1 l1-0 l1-1 c1)
5.331: (drive-truck t1 l1-0 l1-1 c1)
5.736: (fly-airplane a0 l1-0 l0-0)
5.736: (fly-airplane a0 l1-0 l0-0)
5.736: (unload-truck p2 t0 l0-0)
5.736: (unload-truck p2 t0 l0-0)
5.746: (load-truck p3 t1 l1-0)
5.746: (load-truck p1 t1 l1-0)
5.746: (drive-truck t2 l2-0 l2-1 c2)
5.746: (drive-truck t2 l2-0 l2-1 c2)
5.762: (load-truck p3 t1 l1-0)
5.762: (load-truck p1 t1 l1-0)
5.762: (drive-truck t0 l0-0 l0-1 c0)
5.762: (drive-truck t0 l0-0 l0-1 c0)
5.815: (unload-truck p2 t0 l0-0)
5.815: (fly-airplane a0 l1-0 l0-0)
5.823: (load-truck p3 t1 l1-0)
5.823: (load-truck p1 t1 l1-0)
5.823: (fly-airplane a0 l1-0 l2-0)
5.823: (fly-airplane a0 l1-0 l2-0)
5.837: (load-truck p3 t1 l1-0)
5.837: (load-truck p1 t1 l1-0)
5.838: (drive-truck t0 l0-0 l0-1 c0)
5.838: (drive-truck t0 l0-0 l0-1 c0)
5.838: (fly-airplane a0 l0-0 l1-0)
3.953: (load-truck p4 t2 l2-0)
3.953: (drive-truck t1 l1-1 l1-0 c1)
3.953: (drive-truck t0 l0-0 l0-1 c0)
3.953: (load-airplane p3 a0 l1-0)
3.953: (load-airplane p1 a0 l1-0)
3.985: (unload-truck p2 t0 l0-0)
3.985: (drive-truck t1 l1-1 l1-0 c1)
3.985: (unload-airplane p1 a0 l2-0)
3.985: (unload-airplane p3 a0 l2-0)
3.985: (drive-truck t1 l1-1 l1-0 c1)
3.985: (unload-truck p2 t0 l0-0)
3.985: (load-truck p4 t2 l2-0)
3.985: (load-truck p4 t2 l2-0)
4.041: (load-truck p4 t2 l2-0)
4.041: (load-truck p4 t2 l2-0)
4.041: (unload-truck p2 t0 l0-0)
4.041: (unload-truck p2 t0 l0-0)
4.041: (unload-airplane p1 a0 l2-0)
4.041: (unload-airplane p3 a0 l2-0)
4.092: (fly-airplane a0 l1-0 l2-0)
4.092: (drive-truck t1 l1-1 l1-0 c1)
4.092: (unload-truck p2 t0 l0-0)
4.092: (load-truck p4 t2 l2-0)
4.127: (load-truck p4 t2 l2-0)
4.127: (load-truck p4 t2 l2-0)
4.127: (drive-truck t0 l0-1 l0-0 c0)
4.127: (drive-truck t0 l0-1 l0-0 c0)
4.127: (drive-truck t1 l1-1 l1-0 c1)
4.127: (drive-truck t1 l1-1 l1-0 c1)
4.127: (unload-airplane p3 a0 l2-0)
4.127: (unload-airplane p1 a0 l2-0)
4.162: (unload-airplane p1 a0 l2-0)
4.162: (unload-airplane p3 a0 l2-0)
4.162: (unload-truck p2 t0 l0-0)
4.162: (unload-truck p2 t0 l0-0)
4.162: (drive-truck t1 l1-1 l1-0 c1)
4.162: (drive-truck t1 l1-1 l1-0 c1)
4.237: (unload-truck p2 t0 l0-0)
4.237: (load-airplane p1 a0 l1-0)
4.237: (load-airplane p3 a0 l1-0)
4.237: (drive-truck t1 l1-1 l1-0 c1)
4.237: (drive-truck t2 l2-0 l2-1 c2)
4.322: (unload-truck p2 t0 l0-0)
4.322: (drive-truck t2 l2-0 l2-1 c2)
4.322: (drive-truck t1 l1-0 l1-1 c1)
4.734: (unload-airplane p1 a0 l2-0)
4.734: (unload-airplane p3 a0 l2-0)
4.734: (load-truck p1 t1 l1-0)
4.734: (load-truck p3 t1 l1-0)
4.880: (drive-truck t1 l1-1 l1-0 c1)
4.880: (load-truck p4 t2 l2-0)
4.880: (load-truck p4 t2 l2-0)
4.880: (unload-truck p2 t0 l0-0)
4.880: (fly-airplane a0 l1-0 l0-0)
4.880: (load-truck p3 t1 l1-0)
4.880: (load-truck p1 t1 l1-0)
4.880: (fly-airplane a0 l1-0 l2-0)
4.880: (fly-airplane a0 l1-0 l2-0)
4.890: (load-truck p1 t1 l1-0)
4.890: (load-truck p3 t1 l1-0)
4.908: (load-airplane p1 a0 l1-0)
4.908: (load-airplane p3 a0 l1-0)
4.908: (load-truck p4 t2 l2-0)
4.908: (load-truck p4 t2 l2-0)
4.909: (load-truck p3 t1 l1-0)
4.909: (load-truck p1 t1 l1-0)
4.909: (drive-truck t0 l0-0 l0-1 c0)
4.909: (drive-truck t0 l0-0 l0-1 c0)
4.918: (drive-truck t2 l2-0 l2-1 c2)
4.918: (load-truck p1 t1 l1-0)
4.918: (load-truck p3 t1 l1-0)
4.918: (drive-truck t2 l2-0 l2-1 c2)
4.953: (fly-airplane a0 l2-0 l1-0)
4.953: (fly-airplane a0 l2-0 l1-0)
4.958: (load-truck p0 t0 l0-0)
4.962: (fly-airplane a0 l2-0 l1-0)
4.962: (fly-airplane a0 l2-0 l1-0)
4.981: (drive-truck t0 l0-0 l0-1 c0)
4.981: (drive-truck t0 l0-0 l0-1 c0)
4.981: (fly-airplane a0 l1-0 l2-0)
4.981: (fly-airplane a0 l1-0 l2-0)
4.986: (drive-truck t2 l2-0 l2-1 c2)
4.986: (fly-airplane a0 l0-0 l1-0)
4.986: (fly-airplane a0 l2-0 l0-0)
4.986: (fly-airplane a0 l2-0 l0-0)
4.986: (drive-truck t2 l2-0 l2-1 c2)
4.986: (fly-airplane a0 l0-0 l2-0)
4.988: (drive-truck t0 l0-0 l0-1 c0)
4.988: (drive-truck t0 l0-0 l0-1 c0)
4.989: (drive-truck t2 l2-0 l2-1 c2)
4.989: (drive-truck t0 l0-0 l0-1 c0)
4.992: (fly-airplane a0 l2-0 l1-0)
4.992: (fly-airplane a0 l2-0 l1-0)
4.993: (fly-airplane a0 l2-0 l0-0)
4.993: (fly-airplane a0 l2-0 l0-0)
5.000: (fly-airplane a0 l2-0 l1-0)
5.000: (fly-airplane a0 l2-0 l1-0)
5.002: (drive-truck t2 l2-0 l2-1 c2)
5.002: (drive-truck t2 l2-0 l2-1 c2)
5.005: (fly-airplane a0 l2-0 l0-0)
5.005: (fly-airplane a0 l2-0 l0-0)
5.005: (drive-truck t0 l0-0 l0-1 c0)
5.005: (drive-truck t0 l0-0 l0-1 c0)
5.010: (fly-airplane a0 l2-0 l1-0)
5.010: (fly-airplane a0 l2-0 l1-0)
5.028: (drive-truck t0 l0-0 l0-1 c0)
5.028: (fly-airplane a0 l1-0 l2-0)
5.044: (drive-truck t0 l0-0 l0-1 c0)
5.044: (drive-truck t2 l2-0 l2-1 c2)
5.054: (fly-airplane a0 l2-0 l0-0)
5.054: (fly-airplane a0 l2-0 l0-0)
5.084: (fly-airplane a0 l2-0 l1-0)
5.084: (fly-airplane a0 l2-0 l1-0)
5.087: (fly-airplane a0 l2-0 l1-0)
5.087: (fly-airplane a0 l2-0 l1-0)
5.098: (fly-airplane a0 l2-0 l0-0)
5.098: (fly-airplane a0 l2-0 l0-0)
5.118: (drive-truck t0 l0-0 l0-1 c0)
5.118: (drive-truck t0 l0-0 l0-1 c0)
5.168: (fly-airplane a0 l1-0 l2-0)
3.113: (unload-airplane p3 a0 l2-0)
3.113: (unload-airplane p1 a0 l2-0)
3.113: (unload-truck p2 t0 l0-0)
3.113: (unload-truck p2 t0 l0-0)
3.113: (drive-truck t1 l1-1 l1-0 c1)
3.113: (drive-truck t1 l1-1 l1-0 c1)
3.113: (load-truck p4 t2 l2-0)
3.113: (load-truck p4 t2 l2-0)
3.882: (load-truck p1 t1 l1-0)
3.882: (load-truck p3 t1 l1-0)
3.882: (load-truck p4 t2 l2-0)
3.882: (load-truck p4 t2 l2-0)
3.882: (unload-truck p2 t0 l0-0)
3.882: (unload-truck p2 t0 l0-0)
3.882: (unload-airplane p1 a0 l2-0)
3.882: (unload-airplane p3 a0 l2-0)
3.946: (load-truck p4 t2 l2-0)
3.946: (load-truck p4 t2 l2-0)
3.946: (unload-truck p2 t0 l0-0)
3.946: (unload-truck p2 t0 l0-0)
3.946: (fly-airplane a0 l2-0 l1-0)
3.946: (fly-airplane a0 l2-0 l1-0)
3.946: (load-airplane p1 a0 l1-0)
3.946: (load-airplane p3 a0 l1-0)
3.967: (drive-truck t0 l0-1 l0-0 c0)
3.967: (drive-truck t0 l0-1 l0-0 c0)
3.967: (load-airplane p3 a0 l1-0)
3.967: (load-airplane p1 a0 l1-0)
3.967: (fly-airplane a0 l2-0 l1-0)
3.967: (fly-airplane a0 l2-0 l1-0)
3.967: (drive-truck t1 l1-1 l1-0 c1)
3.967: (drive-truck t1 l1-1 l1-0 c1)
3.967: (load-truck p4 t2 l2-0)
3.967: (load-truck p4 t2 l2-0)
3.983: (drive-truck t1 l1-1 l1-0 c1)
3.983: (unload-truck p2 t0 l0-0)
3.983: (drive-truck t1 l1-1 l1-0 c1)
3.983: (load-truck p4 t2 l2-0)
3.983: (load-truck p4 t2 l2-0)
3.983: (unload-truck p2 t0 l0-0)
3.983: (fly-airplane a0 l2-0 l0-0)
3.983: (fly-airplane a0 l2-0 l0-0)
3.985: (unload-truck p2 t0 l0-0)
3.985: (unload-truck p2 t0 l0-0)
3.985: (fly-airplane a0 l2-0 l1-0)
3.985: (fly-airplane a0 l2-0 l1-0)
3.985: (drive-truck t1 l1-1 l1-0 c1)
3.985: (drive-truck t1 l1-1 l1-0 c1)
3.985: (load-truck p4 t2 l2-0)
3.985: (load-truck p4 t2 l2-0)
3.985: (drive-truck t1 l1-1 l1-0 c1)
3.985: (drive-truck t1 l1-1 l1-0 c1)
3.985: (unload-airplane p3 a0 l2-0)
3.985: (unload-airplane p1 a0 l2-0)
3.986: (load-truck p4 t2 l2-0)
3.986: (load-truck p4 t2 l2-0)
3.986: (drive-truck t0 l0-0 l0-1 c0)
3.986: (drive-truck t0 l0-0 l0-1 c0)
4.041: (unload-airplane p3 a0 l2-0)
4.041: (unload-airplane p1 a0 l2-0)
4.041: (drive-truck t0 l0-0 l0-1 c0)
4.041: (load-truck p4 t2 l2-0)
4.041: (load-truck p4 t2 l2-0)
4.041: (drive-truck t0 l0-0 l0-1 c0)
4.076: (drive-truck t1 l1-1 l1-0 c1)
4.076: (load-airplane p1 a0 l1-0)
4.076: (load-airplane p3 a0 l1-0)
4.076: (unload-truck p2 t0 l0-0)
4.076: (unload-truck p2 t0 l0-0)
4.076: (drive-truck t1 l1-1 l1-0 c1)
4.076: (fly-airplane a0 l2-0 l1-0)
4.076: (fly-airplane a0 l2-0 l1-0)
4.093: (load-truck p4 t2 l2-0)
4.093: (drive-truck t0 l0-0 l0-1 c0)
4.093: (drive-truck t1 l1-1 l1-0 c1)
4.093: (fly-airplane a0 l1-0 l2-0)
4.120: (drive-truck t1 l1-1 l1-0 c1)
4.120: (drive-truck t1 l1-1 l1-0 c1)
4.120: (drive-truck t0 l0-1 l0-0 c0)
4.120: (drive-truck t0 l0-1 l0-0 c0)
4.121: (fly-airplane a0 l2-0 l0-0)
4.121: (fly-airplane a0 l2-0 l0-0)
4.162: (unload-airplane p1 a0 l2-0)
4.162: (unload-airplane p3 a0 l2-0)
4.162: (drive-truck t1 l1-1 l1-0 c1)
4.162: (drive-truck t1 l1-1 l1-0 c1)
4.162: (drive-truck t0 l0-0 l0-1 c0)
4.162: (drive-truck t0 l0-0 l0-1 c0)
4.218: (drive-truck t2 l2-0 l2-1 c2)
4.218: (drive-truck t2 l2-0 l2-1 c2)
4.239: (drive-truck t0 l0-0 l0-1 c0)
4.239: (drive-truck t2 l2-0 l2-1 c2)
4.317: (fly-airplane a0 l0-0 l1-0)
4.317: (drive-truck t1 l1-0 l1-1 c1)
4.325: (drive-truck t1 l1-0 l1-1 c1)
4.325: (drive-truck t0 l0-0 l0-1 c0)
4.326: (fly-airplane a0 l0-0 l2-0)
4.326: (drive-truck t1 l1-0 l1-1 c1)
4.353: (drive-truck t2 l2-0 l2-1 c2)
4.353: (drive-truck t2 l2-0 l2-1 c2)
4.447: (drive-truck t2 l2-0 l2-1 c2)
4.447: (drive-truck t2 l2-0 l2-1 c2)
4.580: (drive-truck t2 l2-0 l2-1 c2)
4.580: (fly-airplane a0 l1-0 l2-0)
4.733: (drive-truck t2 l2-0 l2-1 c2)
4.733: (drive-truck t2 l2-0 l2-1 c2)
4.733: (load-truck p3 t1 l1-0)
4.733: (load-truck p1 t1 l1-0)
4.733: (load-truck p1 t1 l1-0)
4.733: (load-truck p3 t1 l1-0)
4.733: (fly-airplane a0 l2-0 l1-0)
4.733: (fly-airplane a0 l2-0 l1-0)
4.734: (load-truck p3 t1 l1-0)
4.734: (load-truck p1 t1 l1-0)
4.735: (fly-airplane a0 l2-0 l0-0)
4.735: (fly-airplane a0 l2-0 l0-0)
4.736: (load-truck p3 t1 l1-0)
4.736: (load-truck p1 t1 l1-0)
4.736: (drive-truck t0 l0-0 l0-1 c0)
4.736: (drive-truck t0 l0-0 l0-1 c0)
2.961: (unload-truck p2 t0 l0-0)
2.961: (drive-truck t1 l1-1 l1-0 c1)
2.961: (drive-truck t1 l1-1 l1-0 c1)
2.961: (fly-airplane a0 l2-0 l1-0)
2.961: (unload-truck p2 t0 l0-0)
2.961: (fly-airplane a0 l2-0 l1-0)
2.961: (load-airplane p1 a0 l1-0)
2.961: (load-airplane p3 a0 l1-0)
2.961: (load-truck p4 t2 l2-0)
2.961: (load-truck p4 t2 l2-0)
3.113: (drive-truck t1 l1-1 l1-0 c1)
3.113: (unload-airplane p3 a0 l2-0)
3.113: (unload-airplane p1 a0 l2-0)
3.113: (load-truck p4 t2 l2-0)
3.113: (drive-truck t0 l0-0 l0-1 c0)
3.113: (drive-truck t0 l0-0 l0-1 c0)
3.113: (load-truck p4 t2 l2-0)
3.113: (drive-truck t1 l1-1 l1-0 c1)
3.423: (unload-truck p2 t0 l0-0)
3.423: (unload-truck p2 t0 l0-0)
3.423: (unload-airplane p1 a0 l2-0)
3.423: (drive-truck t1 l1-1 l1-0 c1)
3.423: (unload-airplane p3 a0 l2-0)
3.423: (drive-truck t1 l1-1 l1-0 c1)
3.424: (drive-truck t2 l2-0 l2-1 c2)
3.424: (drive-truck t2 l2-0 l2-1 c2)
3.800: (drive-truck t1 l1-0 l1-1 c1)
3.800: (drive-truck t1 l1-0 l1-1 c1)
3.880: (load-truck p4 t2 l2-0)
3.880: (load-truck p4 t2 l2-0)
3.880: (fly-airplane a0 l2-0 l0-0)
3.880: (load-truck p3 t1 l1-0)
3.880: (load-truck p1 t1 l1-0)
3.880: (fly-airplane a0 l2-0 l0-0)
3.883: (load-truck p1 t1 l1-0)
3.883: (load-truck p3 t1 l1-0)
3.883: (drive-truck t0 l0-0 l0-1 c0)
3.883: (drive-truck t0 l0-0 l0-1 c0)
3.883: (load-truck p4 t2 l2-0)
3.883: (load-truck p4 t2 l2-0)
3.883: (fly-airplane a0 l2-0 l0-0)
3.883: (fly-airplane a0 l2-0 l0-0)
3.884: (unload-truck p2 t0 l0-0)
3.884: (unload-truck p2 t0 l0-0)
3.884: (load-truck p3 t1 l1-0)
3.884: (load-truck p1 t1 l1-0)
3.884: (fly-airplane a0 l2-0 l1-0)
3.884: (fly-airplane a0 l2-0 l1-0)
3.884: (load-truck p4 t2 l2-0)
3.885: (load-truck p4 t2 l2-0)
3.940: (load-truck p1 t1 l1-0)
3.940: (load-truck p3 t1 l1-0)
3.940: (drive-truck t2 l2-0 l2-1 c2)
3.940: (drive-truck t2 l2-0 l2-1 c2)
3.947: (fly-airplane a0 l2-0 l1-0)
3.947: (drive-truck t0 l0-0 l0-1 c0)
3.947: (drive-truck t0 l0-0 l0-1 c0)
3.947: (fly-airplane a0 l2-0 l1-0)
3.986: (drive-truck t0 l0-0 l0-1 c0)
3.986: (drive-truck t0 l0-0 l0-1 c0)
3.986: (fly-airplane a0 l2-0 l1-0)
3.986: (fly-airplane a0 l2-0 l1-0)
3.986: (fly-airplane a0 l2-0 l0-0)
3.986: (fly-airplane a0 l2-0 l0-0)
3.986: (drive-truck t0 l0-0 l0-1 c0)
3.986: (drive-truck t0 l0-0 l0-1 c0)
4.048: (drive-truck t2 l2-0 l2-1 c2)
4.048: (drive-truck t2 l2-0 l2-1 c2)
4.077: (drive-truck t0 l0-0 l0-1 c0)
4.077: (drive-truck t0 l0-0 l0-1 c0)
4.077: (fly-airplane a0 l2-0 l1-0)
4.077: (fly-airplane a0 l2-0 l1-0)
4.102: (load-truck p1 t2 l2-0)
4.102: (load-truck p3 t2 l2-0)
4.127: (load-truck p0 t0 l0-0)
4.127: (load-truck p0 t0 l0-0)
4.217: (fly-airplane a0 l2-0 l0-0)
4.217: (fly-airplane a0 l2-0 l0-0)
4.217: (drive-truck t2 l2-0 l2-1 c2)
4.217: (drive-truck t2 l2-0 l2-1 c2)
4.220: (drive-truck t2 l2-0 l2-1 c2)
4.220: (drive-truck t2 l2-0 l2-1 c2)
4.220: (drive-truck t0 l0-0 l0-1 c0)
4.220: (drive-truck t0 l0-0 l0-1 c0)
4.222: (drive-truck t2 l2-0 l2-1 c2)
4.222: (drive-truck t2 l2-0 l2-1 c2)
4.222: (fly-airplane a0 l2-0 l1-0)
4.222: (fly-airplane a0 l2-0 l1-0)
4.255: (fly-airplane a0 l2-0 l1-0)
4.255: (fly-airplane a0 l2-0 l1-0)
4.255: (drive-truck t2 l2-0 l2-1 c2)
4.255: (drive-truck t2 l2-0 l2-1 c2)
4.278: (fly-airplane a0 l2-0 l1-0)
4.278: (drive-truck t2 l2-0 l2-1 c2)
4.278: (drive-truck t2 l2-0 l2-1 c2)
4.278: (fly-airplane a0 l2-0 l1-0)
4.318: (fly-airplane a0 l0-0 l1-0)
4.318: (drive-truck t0 l0-0 l0-1 c0)
4.327: (fly-airplane a0 l0-0 l2-0)
4.327: (drive-truck t0 l0-0 l0-1 c0)
4.363: (drive-truck t0 l0-0 l0-1 c0)
4.363: (drive-truck t0 l0-0 l0-1 c0)
4.363: (drive-truck t2 l2-0 l2-1 c2)
4.363: (drive-truck t2 l2-0 l2-1 c2)
4.452: (drive-truck t2 l2-0 l2-1 c2)
4.452: (drive-truck t2 l2-0 l2-1 c2)
4.452: (fly-airplane a0 l2-0 l0-0)
4.452: (fly-airplane a0 l2-0 l0-0)
4.605: (drive-truck t2 l2-0 l2-1 c2)
4.605: (drive-truck t0 l0-0 l0-1 c0)
4.605: (fly-airplane a0 l1-0 l2-0)
4.727: (fly-airplane a0 l2-0 l1-0)
4.727: (fly-airplane a0 l2-0 l1-0)
4.727: (drive-truck t2 l2-0 l2-1 c2)
4.727: (drive-truck t2 l2-0 l2-1 c2)
4.732: (fly-airplane a0 l2-0 l0-0)
4.732: (fly-airplane a0 l2-0 l0-0)
4.732: (drive-truck t2 l2-0 l2-1 c2)
4.732: (drive-truck t2 l2-0 l2-1 c2)
4.734: (fly-airplane a0 l2-0 l1-0)
2.962: (drive-truck t0 l0-0 l0-1 c0)
2.962: (drive-truck t0 l0-0 l0-1 c0)
2.962: (fly-airplane a0 l2-0 l1-0)
2.962: (drive-truck t1 l1-1 l1-0 c1)
2.962: (fly-airplane a0 l2-0 l1-0)
2.962: (drive-truck t1 l1-1 l1-0 c1)
2.962: (load-airplane p1 a0 l1-0)
2.962: (load-airplane p3 a0 l1-0)
2.962: (load-truck p4 t2 l2-0)
2.962: (load-truck p4 t2 l2-0)
3.077: (unload-airplane p1 a0 l2-0)
3.077: (unload-airplane p3 a0 l2-0)
3.233: (drive-truck t2 l2-0 l2-1 c2)
3.233: (drive-truck t2 l2-0 l2-1 c2)
3.233: (drive-truck t1 l1-0 l1-1 c1)
3.233: (drive-truck t1 l1-0 l1-1 c1)
3.275: (fly-airplane a0 l2-0 l1-0)
3.275: (fly-airplane a0 l2-0 l1-0)
3.275: (unload-truck p2 t0 l0-0)
3.275: (unload-truck p2 t0 l0-0)
3.275: (drive-truck t2 l2-0 l2-1 c2)
3.275: (drive-truck t2 l2-0 l2-1 c2)
3.275: (load-airplane p3 a0 l1-0)
3.275: (load-airplane p1 a0 l1-0)
3.275: (drive-truck t1 l1-1 l1-0 c1)
3.275: (drive-truck t1 l1-1 l1-0 c1)
3.426: (drive-truck t1 l1-1 l1-0 c1)
3.426: (unload-airplane p1 a0 l2-0)
3.426: (unload-airplane p3 a0 l2-0)
3.426: (drive-truck t1 l1-1 l1-0 c1)
3.426: (drive-truck t2 l2-0 l2-1 c2)
3.426: (drive-truck t0 l0-0 l0-1 c0)
3.426: (drive-truck t0 l0-0 l0-1 c0)
3.426: (drive-truck t2 l2-0 l2-1 c2)
3.786: (fly-airplane a0 l2-0 l1-0)
3.786: (fly-airplane a0 l2-0 l1-0)
3.786: (drive-truck t1 l1-0 l1-1 c1)
3.786: (drive-truck t1 l1-0 l1-1 c1)
3.789: (fly-airplane a0 l2-0 l0-0)
3.789: (fly-airplane a0 l2-0 l0-0)
3.789: (drive-truck t1 l1-0 l1-1 c1)
3.789: (drive-truck t1 l1-0 l1-1 c1)
3.802: (drive-truck t0 l0-0 l0-1 c0)
3.802: (drive-truck t0 l0-0 l0-1 c0)
3.802: (drive-truck t1 l1-0 l1-1 c1)
3.802: (drive-truck t1 l1-0 l1-1 c1)
3.821: (drive-truck t0 l0-0 l0-1 c0)
3.821: (fly-airplane a0 l2-0 l0-0)
3.821: (drive-truck t0 l0-0 l0-1 c0)
3.821: (fly-airplane a0 l2-0 l0-0)
3.883: (fly-airplane a0 l2-0 l0-0)
3.883: (fly-airplane a0 l2-0 l0-0)
3.883: (drive-truck t0 l0-0 l0-1 c0)
3.883: (drive-truck t0 l0-0 l0-1 c0)
3.883: (load-truck p1 t1 l1-0)
3.883: (load-truck p3 t1 l1-0)
3.885: (load-truck p1 t1 l1-0)
3.885: (drive-truck t0 l0-0 l0-1 c0)
3.885: (fly-airplane a0 l2-0 l1-0)
3.885: (fly-airplane a0 l2-0 l1-0)
3.885: (drive-truck t0 l0-0 l0-1 c0)
3.885: (load-truck p3 t1 l1-0)
3.885: (load-truck p4 t2 l2-0)
3.933: (drive-truck t2 l2-0 l2-1 c2)
3.933: (drive-truck t2 l2-0 l2-1 c2)
3.933: (load-truck p3 t1 l1-0)
3.933: (load-truck p1 t1 l1-0)
3.933: (fly-airplane a0 l2-0 l1-0)
3.933: (fly-airplane a0 l2-0 l1-0)
3.939: (fly-airplane a0 l2-0 l0-0)
3.939: (fly-airplane a0 l2-0 l0-0)
3.939: (load-truck p3 t1 l1-0)
3.939: (load-truck p1 t1 l1-0)
3.939: (drive-truck t2 l2-0 l2-1 c2)
3.939: (drive-truck t2 l2-0 l2-1 c2)
3.942: (load-truck p3 t1 l1-0)
3.942: (load-truck p1 t1 l1-0)
3.942: (drive-truck t2 l2-0 l2-1 c2)
3.942: (drive-truck t0 l0-0 l0-1 c0)
3.942: (drive-truck t0 l0-0 l0-1 c0)
3.942: (drive-truck t2 l2-0 l2-1 c2)
3.949: (load-truck p3 t2 l2-0)
3.949: (load-truck p1 t2 l2-0)
3.949: (fly-airplane a0 l2-0 l1-0)
3.949: (fly-airplane a0 l2-0 l1-0)
3.967: (fly-airplane a0 l2-0 l1-0)
3.967: (load-truck p0 t0 l0-0)
3.967: (load-truck p0 t0 l0-0)
3.967: (fly-airplane a0 l2-0 l1-0)
4.049: (drive-truck t0 l0-0 l0-1 c0)
4.049: (drive-truck t2 l2-0 l2-1 c2)
4.049: (drive-truck t0 l0-0 l0-1 c0)
4.049: (drive-truck t2 l2-0 l2-1 c2)
4.104: (load-truck p1 t2 l2-0)
4.104: (load-truck p3 t2 l2-0)
4.104: (drive-truck t0 l0-0 l0-1 c0)
4.104: (drive-truck t0 l0-0 l0-1 c0)
4.108: (load-airplane p2 a0 l0-0)
4.108: (load-airplane p0 a0 l0-0)
4.108: (load-airplane p0 a0 l0-0)
4.108: (load-airplane p2 a0 l0-0)
4.121: (load-truck p0 t0 l0-0)
4.121: (load-truck p0 t0 l0-0)
4.121: (fly-airplane a0 l2-0 l0-0)
4.121: (fly-airplane a0 l2-0 l0-0)
4.209: (fly-airplane a0 l2-0 l0-0)
4.209: (fly-airplane a0 l2-0 l0-0)
4.209: (drive-truck t2 l2-0 l2-1 c2)
4.209: (unload-truck p2 t0 l0-0)
4.209: (drive-truck t2 l2-0 l2-1 c2)
4.209: (unload-truck p2 t0 l0-0)
4.220: (fly-airplane a0 l2-0 l0-0)
4.220: (fly-airplane a0 l2-0 l0-0)
4.220: (drive-truck t0 l0-0 l0-1 c0)
4.220: (drive-truck t0 l0-0 l0-1 c0)
4.220: (drive-truck t2 l2-0 l2-1 c2)
4.220: (drive-truck t2 l2-0 l2-1 c2)
4.222: (drive-truck t0 l0-0 l0-1 c0)
4.222: (drive-truck t0 l0-0 l0-1 c0)
4.222: (fly-airplane a0 l2-0 l1-0)
3.075: (fly-airplane a0 l2-0 l1-0)
3.075: (fly-airplane a0 l2-0 l1-0)
3.075: (fly-airplane a0 l2-0 l0-0)
3.075: (fly-airplane a0 l2-0 l0-0)
3.078: (unload-airplane p3 a0 l2-0)
3.078: (unload-airplane p1 a0 l2-0)
3.078: (drive-truck t0 l0-0 l0-1 c0)
3.078: (drive-truck t0 l0-0 l0-1 c0)
3.228: (drive-truck t2 l2-0 l2-1 c2)
3.228: (drive-truck t2 l2-0 l2-1 c2)
3.228: (drive-truck t1 l1-0 l1-1 c1)
3.228: (drive-truck t1 l1-0 l1-1 c1)
3.228: (fly-airplane a0 l2-0 l1-0)
3.228: (fly-airplane a0 l2-0 l1-0)
3.233: (drive-truck t1 l1-0 l1-1 c1)
3.233: (drive-truck t1 l1-0 l1-1 c1)
3.233: (fly-airplane a0 l2-0 l0-0)
3.233: (fly-airplane a0 l2-0 l0-0)
3.233: (drive-truck t2 l2-0 l2-1 c2)
3.233: (drive-truck t2 l2-0 l2-1 c2)
3.234: (drive-truck t0 l0-0 l0-1 c0)
3.234: (drive-truck t0 l0-0 l0-1 c0)
3.234: (drive-truck t2 l2-0 l2-1 c2)
3.234: (drive-truck t2 l2-0 l2-1 c2)
3.234: (drive-truck t1 l1-0 l1-1 c1)
3.234: (drive-truck t1 l1-0 l1-1 c1)
3.275: (load-airplane p1 a0 l1-0)
3.275: (load-airplane p3 a0 l1-0)
3.276: (fly-airplane a0 l2-0 l1-0)
3.276: (fly-airplane a0 l2-0 l1-0)
3.276: (drive-truck t0 l0-0 l0-1 c0)
3.276: (drive-truck t2 l2-0 l2-1 c2)
3.276: (drive-truck t0 l0-0 l0-1 c0)
3.276: (drive-truck t2 l2-0 l2-1 c2)
3.787: (fly-airplane a0 l2-0 l1-0)
3.787: (drive-truck t0 l0-0 l0-1 c0)
3.787: (drive-truck t0 l0-0 l0-1 c0)
3.787: (fly-airplane a0 l2-0 l1-0)
3.787: (drive-truck t1 l1-0 l1-1 c1)
3.787: (drive-truck t1 l1-0 l1-1 c1)
3.793: (drive-truck t1 l1-0 l1-1 c1)
3.793: (drive-truck t1 l1-0 l1-1 c1)
3.793: (fly-airplane a0 l2-0 l0-0)
3.793: (drive-truck t0 l0-0 l0-1 c0)
3.793: (drive-truck t0 l0-0 l0-1 c0)
3.793: (fly-airplane a0 l2-0 l0-0)
3.933: (drive-truck t0 l0-0 l0-1 c0)
3.933: (drive-truck t0 l0-0 l0-1 c0)
3.933: (drive-truck t2 l2-0 l2-1 c2)
3.933: (drive-truck t2 l2-0 l2-1 c2)
3.933: (fly-airplane a0 l2-0 l1-0)
3.933: (fly-airplane a0 l2-0 l1-0)
3.934: (load-truck p1 t1 l1-0)
3.934: (load-truck p3 t1 l1-0)
3.943: (drive-truck t2 l2-0 l2-1 c2)
3.943: (drive-truck t2 l2-0 l2-1 c2)
3.943: (drive-truck t0 l0-0 l0-1 c0)
3.943: (fly-airplane a0 l2-0 l0-0)
3.943: (fly-airplane a0 l2-0 l0-0)
3.943: (drive-truck t0 l0-0 l0-1 c0)
3.943: (load-truck p3 t1 l1-0)
3.943: (load-truck p1 t1 l1-0)
3.949: (fly-airplane a0 l2-0 l1-0)
3.949: (fly-airplane a0 l2-0 l1-0)
3.950: (drive-truck t0 l0-0 l0-1 c0)
3.950: (drive-truck t0 l0-0 l0-1 c0)
3.950: (load-truck p3 t2 l2-0)
3.950: (load-truck p1 t2 l2-0)
3.962: (drive-truck t2 l2-0 l2-1 c2)
3.962: (drive-truck t2 l2-0 l2-1 c2)
4.007: (drive-truck t1 l1-0 l1-1 c1)
4.007: (drive-truck t1 l1-0 l1-1 c1)
4.080: (unload-truck p4 t2 l2-0)
4.080: (unload-truck p4 t2 l2-0)
4.087: (load-truck p2 t0 l0-0)
4.087: (load-truck p0 t0 l0-0)
4.087: (load-truck p2 t0 l0-0)
4.087: (load-truck p0 t0 l0-0)
4.092: (fly-airplane a0 l0-0 l1-0)
4.092: (fly-airplane a0 l0-0 l1-0)
4.092: (fly-airplane a0 l0-0 l1-0)
4.092: (fly-airplane a0 l0-0 l1-0)
4.095: (load-truck p1 t2 l2-0)
4.095: (load-truck p3 t2 l2-0)
4.122: (load-airplane p0 a0 l0-0)
4.122: (load-airplane p0 a0 l0-0)
4.122: (load-airplane p2 a0 l0-0)
4.122: (load-airplane p2 a0 l0-0)
4.122: (drive-truck t0 l0-0 l0-1 c0)
4.123: (drive-truck t0 l0-0 l0-1 c0)
4.123: (drive-truck t0 l0-0 l0-1 c0)
4.123: (drive-truck t0 l0-0 l0-1 c0)
4.148: (drive-truck t0 l0-0 l0-1 c0)
4.149: (fly-airplane a0 l2-0 l0-0)
4.149: (fly-airplane a0 l2-0 l0-0)
4.149: (drive-truck t2 l2-0 l2-1 c2)
4.149: (drive-truck t2 l2-0 l2-1 c2)
4.149: (drive-truck t0 l0-0 l0-1 c0)
4.236: (load-airplane p1 a0 l2-0)
4.236: (load-airplane p3 a0 l2-0)
4.241: (load-truck p0 t0 l0-0)
4.241: (load-truck p2 t0 l0-0)
4.241: (load-truck p0 t0 l0-0)
4.241: (load-truck p2 t0 l0-0)
4.245: (fly-airplane a0 l0-0 l2-0)
4.245: (fly-airplane a0 l0-0 l2-0)
4.245: (fly-airplane a0 l0-0 l2-0)
4.245: (fly-airplane a0 l0-0 l2-0)
4.278: (load-truck p0 t0 l0-0)
4.278: (load-truck p0 t0 l0-0)
4.278: (drive-truck t2 l2-0 l2-1 c2)
4.278: (drive-truck t2 l2-0 l2-1 c2)
4.440: (load-airplane p0 a0 l0-0)
4.440: (load-airplane p2 a0 l0-0)
4.440: (load-airplane p0 a0 l0-0)
4.440: (drive-truck t2 l2-0 l2-1 c2)
4.440: (drive-truck t2 l2-0 l2-1 c2)
4.440: (drive-truck t2 l2-0 l2-1 c2)
4.440: (drive-truck t2 l2-0 l2-1 c2)
4.440: (load-airplane p2 a0 l0-0)
3.076: (fly-airplane a0 l2-0 l1-0)
3.076: (drive-truck t0 l0-0 l0-1 c0)
3.076: (drive-truck t0 l0-0 l0-1 c0)
3.076: (fly-airplane a0 l2-0 l1-0)
3.078: (drive-truck t0 l0-0 l0-1 c0)
3.078: (fly-airplane a0 l2-0 l0-0)
3.078: (fly-airplane a0 l2-0 l0-0)
3.078: (drive-truck t0 l0-0 l0-1 c0)
3.229: (fly-airplane a0 l2-0 l1-0)
3.229: (drive-truck t2 l2-0 l2-1 c2)
3.229: (drive-truck t2 l2-0 l2-1 c2)
3.229: (fly-airplane a0 l2-0 l1-0)
3.229: (drive-truck t1 l1-0 l1-1 c1)
3.229: (drive-truck t1 l1-0 l1-1 c1)
3.229: (drive-truck t0 l0-0 l0-1 c0)
3.229: (drive-truck t0 l0-0 l0-1 c0)
3.235: (drive-truck t1 l1-0 l1-1 c1)
3.235: (drive-truck t1 l1-0 l1-1 c1)
3.235: (drive-truck t2 l2-0 l2-1 c2)
3.235: (fly-airplane a0 l2-0 l0-0)
3.235: (drive-truck t2 l2-0 l2-1 c2)
3.235: (drive-truck t0 l0-0 l0-1 c0)
3.235: (fly-airplane a0 l2-0 l0-0)
3.235: (drive-truck t0 l0-0 l0-1 c0)
3.960: (drive-truck t2 l2-0 l2-1 c2)
3.960: (drive-truck t2 l2-0 l2-1 c2)
3.960: (fly-airplane a0 l2-0 l1-0)
3.960: (fly-airplane a0 l2-0 l1-0)
3.960: (fly-airplane a0 l2-0 l0-0)
3.960: (fly-airplane a0 l2-0 l0-0)
3.960: (drive-truck t2 l2-0 l2-1 c2)
3.960: (drive-truck t2 l2-0 l2-1 c2)
3.965: (drive-truck t0 l0-0 l0-1 c0)
3.965: (drive-truck t0 l0-0 l0-1 c0)
3.965: (drive-truck t2 l2-0 l2-1 c2)
3.965: (drive-truck t2 l2-0 l2-1 c2)
4.002: (drive-truck t1 l1-0 l1-1 c1)
4.002: (drive-truck t1 l1-0 l1-1 c1)
4.002: (fly-airplane a0 l2-0 l1-0)
4.002: (fly-airplane a0 l2-0 l1-0)
4.006: (fly-airplane a0 l2-0 l0-0)
4.006: (fly-airplane a0 l2-0 l0-0)
4.006: (drive-truck t1 l1-0 l1-1 c1)
4.006: (drive-truck t1 l1-0 l1-1 c1)
4.008: (drive-truck t1 l1-0 l1-1 c1)
4.008: (drive-truck t0 l0-0 l0-1 c0)
4.008: (drive-truck t0 l0-0 l0-1 c0)
4.008: (drive-truck t1 l1-0 l1-1 c1)
4.076: (load-airplane p0 a0 l0-0)
4.076: (load-airplane p0 a0 l0-0)
4.076: (load-airplane p2 a0 l0-0)
4.076: (load-airplane p2 a0 l0-0)
4.081: (fly-airplane a0 l2-0 l1-0)
4.081: (fly-airplane a0 l2-0 l1-0)
4.081: (unload-truck p4 t2 l2-0)
4.081: (unload-truck p4 t2 l2-0)
4.081: (fly-airplane a0 l2-0 l0-0)
4.081: (fly-airplane a0 l2-0 l0-0)
4.081: (unload-truck p4 t2 l2-0)
4.081: (unload-truck p4 t2 l2-0)
4.083: (fly-airplane a0 l2-0 l1-0)
4.083: (fly-airplane a0 l2-0 l1-0)
4.083: (fly-airplane a0 l2-0 l1-0)
4.083: (fly-airplane a0 l2-0 l1-0)
4.083: (load-truck p0 t0 l0-0)
4.083: (load-truck p2 t0 l0-0)
4.084: (load-truck p0 t0 l0-0)
4.084: (load-truck p2 t0 l0-0)
4.084: (unload-truck p4 t2 l2-0)
4.084: (unload-truck p4 t2 l2-0)
4.084: (drive-truck t0 l0-0 l0-1 c0)
4.084: (drive-truck t0 l0-0 l0-1 c0)
4.087: (fly-airplane a0 l2-0 l0-0)
4.087: (load-truck p2 t0 l0-0)
4.087: (load-truck p0 t0 l0-0)
4.087: (load-truck p0 t0 l0-0)
4.087: (load-truck p2 t0 l0-0)
4.087: (drive-truck t0 l0-0 l0-1 c0)
4.087: (fly-airplane a0 l0-0 l1-0)
4.087: (drive-truck t0 l0-0 l0-1 c0)
4.087: (drive-truck t0 l0-0 l0-1 c0)
4.087: (drive-truck t0 l0-0 l0-1 c0)
4.087: (fly-airplane a0 l2-0 l0-0)
4.087: (fly-airplane a0 l2-0 l0-0)
4.087: (fly-airplane a0 l2-0 l0-0)
4.087: (fly-airplane a0 l0-0 l1-0)
4.087: (fly-airplane a0 l0-0 l1-0)
4.087: (fly-airplane a0 l0-0 l1-0)
4.091: (load-truck p1 t2 l2-0)
4.091: (load-truck p3 t2 l2-0)
4.091: (fly-airplane a0 l2-0 l1-0)
4.091: (fly-airplane a0 l2-0 l0-0)
4.091: (load-truck p3 t2 l2-0)
4.091: (load-truck p1 t2 l2-0)
4.097: (drive-truck t0 l0-0 l0-1 c0)
4.097: (load-truck p1 t2 l2-0)
4.097: (load-truck p3 t2 l2-0)
4.228: (load-airplane p0 a0 l0-0)
4.228: (load-airplane p0 a0 l0-0)
4.228: (load-airplane p2 a0 l0-0)
4.228: (load-airplane p2 a0 l0-0)
4.235: (load-truck p2 t0 l0-0)
4.235: (load-truck p2 t0 l0-0)
4.235: (load-truck p0 t0 l0-0)
4.235: (load-truck p0 t0 l0-0)
4.235: (fly-airplane a0 l2-0 l1-0)
4.235: (fly-airplane a0 l2-0 l1-0)
4.235: (fly-airplane a0 l2-0 l1-0)
4.235: (fly-airplane a0 l2-0 l1-0)
4.238: (drive-truck t0 l0-0 l0-1 c0)
4.238: (drive-truck t0 l0-0 l0-1 c0)
4.238: (load-airplane p1 a0 l2-0)
4.238: (load-airplane p3 a0 l2-0)
4.242: (load-truck p2 t0 l0-0)
4.242: (load-truck p0 t0 l0-0)
4.242: (load-truck p2 t0 l0-0)
4.242: (load-truck p0 t0 l0-0)
4.242: (fly-airplane a0 l2-0 l0-0)
4.242: (fly-airplane a0 l2-0 l0-0)
4.242: (fly-airplane a0 l2-0 l0-0)
3.962: (drive-truck t0 l0-0 l0-1 c0)
3.962: (drive-truck t2 l2-0 l2-1 c2)
3.962: (drive-truck t2 l2-0 l2-1 c2)
3.962: (drive-truck t0 l0-0 l0-1 c0)
3.962: (fly-airplane a0 l2-0 l1-0)
3.962: (fly-airplane a0 l2-0 l1-0)
3.965: (drive-truck t2 l2-0 l2-1 c2)
3.965: (drive-truck t2 l2-0 l2-1 c2)
3.965: (fly-airplane a0 l2-0 l0-0)
3.965: (drive-truck t0 l0-0 l0-1 c0)
3.965: (fly-airplane a0 l2-0 l0-0)
3.965: (drive-truck t0 l0-0 l0-1 c0)
4.002: (drive-truck t0 l0-0 l0-1 c0)
4.002: (drive-truck t0 l0-0 l0-1 c0)
4.002: (drive-truck t1 l1-0 l1-1 c1)
4.002: (drive-truck t1 l1-0 l1-1 c1)
4.002: (fly-airplane a0 l2-0 l1-0)
4.002: (fly-airplane a0 l2-0 l1-0)
4.008: (fly-airplane a0 l2-0 l0-0)
4.008: (fly-airplane a0 l2-0 l0-0)
4.008: (drive-truck t0 l0-0 l0-1 c0)
4.008: (drive-truck t0 l0-0 l0-1 c0)
4.008: (drive-truck t1 l1-0 l1-1 c1)
4.008: (drive-truck t1 l1-0 l1-1 c1)
4.058: (fly-airplane a0 l0-0 l1-0)
4.058: (fly-airplane a0 l0-0 l1-0)
4.058: (fly-airplane a0 l0-0 l1-0)
4.058: (fly-airplane a0 l0-0 l1-0)
4.085: (drive-truck t0 l0-0 l0-1 c0)
4.085: (drive-truck t0 l0-0 l0-1 c0)
4.086: (unload-truck p4 t2 l2-0)
4.086: (unload-truck p4 t2 l2-0)
4.086: (fly-airplane a0 l2-0 l1-0)
4.086: (fly-airplane a0 l2-0 l1-0)
4.088: (drive-truck t0 l0-0 l0-1 c0)
4.088: (drive-truck t0 l0-0 l0-1 c0)
4.088: (unload-truck p4 t2 l2-0)
4.089: (unload-truck p4 t2 l2-0)
4.089: (fly-airplane a0 l2-0 l0-0)
4.089: (fly-airplane a0 l2-0 l0-0)
4.092: (fly-airplane a0 l2-0 l1-0)
4.092: (drive-truck t0 l0-0 l0-1 c0)
4.092: (load-truck p1 t2 l2-0)
4.092: (load-truck p3 t2 l2-0)
4.094: (fly-airplane a0 l2-0 l0-0)
4.094: (drive-truck t0 l0-0 l0-1 c0)
4.095: (load-truck p3 t2 l2-0)
4.095: (load-truck p1 t2 l2-0)
4.099: (load-airplane p0 a0 l0-0)
4.099: (load-airplane p2 a0 l0-0)
4.099: (load-airplane p0 a0 l0-0)
4.099: (load-airplane p2 a0 l0-0)
4.099: (drive-truck t0 l0-0 l0-1 c0)
4.099: (drive-truck t0 l0-0 l0-1 c0)
4.099: (drive-truck t0 l0-0 l0-1 c0)
4.099: (drive-truck t0 l0-0 l0-1 c0)
4.205: (fly-airplane a0 l0-0 l2-0)
4.205: (fly-airplane a0 l0-0 l2-0)
4.205: (fly-airplane a0 l0-0 l2-0)
4.205: (fly-airplane a0 l0-0 l2-0)
4.243: (fly-airplane a0 l1-0 l2-0)
4.243: (fly-airplane a0 l1-0 l2-0)
4.243: (fly-airplane a0 l1-0 l2-0)
4.243: (fly-airplane a0 l1-0 l2-0)
4.246: (drive-truck t0 l0-0 l0-1 c0)
4.246: (drive-truck t0 l0-0 l0-1 c0)
4.246: (drive-truck t0 l0-0 l0-1 c0)
4.246: (drive-truck t0 l0-0 l0-1 c0)
4.246: (load-airplane p0 a0 l0-0)
4.246: (load-airplane p2 a0 l0-0)
4.246: (load-airplane p0 a0 l0-0)
4.246: (load-airplane p2 a0 l0-0)
4.346: (fly-airplane a0 l0-0 l2-0)
4.346: (fly-airplane a0 l0-0 l2-0)
4.346: (fly-airplane a0 l0-0 l2-0)
4.346: (fly-airplane a0 l0-0 l2-0)
4.400: (drive-truck t2 l2-0 l2-1 c2)
4.400: (drive-truck t2 l2-0 l2-1 c2)
4.400: (drive-truck t2 l2-0 l2-1 c2)
4.400: (drive-truck t2 l2-0 l2-1 c2)
4.499: (unload-truck p1 t2 l2-1)
4.499: (unload-truck p3 t2 l2-1)
4.500: (unload-truck p1 t2 l2-1)
4.500: (unload-truck p3 t2 l2-1)
4.504: (unload-truck p1 t2 l2-1)
4.504: (unload-truck p3 t2 l2-1)
4.783: (drive-truck t2 l2-1 l2-0 c2)
4.783: (drive-truck t2 l2-1 l2-0 c2)
4.783: (drive-truck t2 l2-1 l2-0 c2)
4.783: (drive-truck t2 l2-1 l2-0 c2)
4.794: (drive-truck t2 l2-1 l2-0 c2)
4.794: (drive-truck t2 l2-1 l2-0 c2)
4.794: (drive-truck t2 l2-1 l2-0 c2)
4.794: (drive-truck t2 l2-1 l2-0 c2)
4.798: (drive-truck t2 l2-1 l2-0 c2)
4.798: (drive-truck t2 l2-1 l2-0 c2)
4.798: (drive-truck t2 l2-1 l2-0 c2)
4.798: (drive-truck t2 l2-1 l2-0 c2)
4.845: (drive-truck t2 l2-1 l2-0 c2)
4.845: (drive-truck t2 l2-1 l2-0 c2)
4.882: (drive-truck t2 l2-0 l2-1 c2)
4.882: (drive-truck t2 l2-0 l2-1 c2)
4.882: (drive-truck t1 l1-0 l1-1 c1)
4.882: (drive-truck t1 l1-0 l1-1 c1)
4.886: (drive-truck t1 l1-0 l1-1 c1)
4.886: (drive-truck t1 l1-0 l1-1 c1)
4.886: (drive-truck t2 l2-0 l2-1 c2)
4.886: (drive-truck t2 l2-0 l2-1 c2)
4.890: (drive-truck t1 l1-0 l1-1 c1)
4.890: (drive-truck t1 l1-0 l1-1 c1)
4.890: (drive-truck t2 l2-0 l2-1 c2)
4.890: (drive-truck t2 l2-0 l2-1 c2)
4.898: (fly-airplane a0 l2-0 l0-0)
4.898: (fly-airplane a0 l2-0 l0-0)
4.933: (drive-truck t1 l1-1 l1-0 c1)
4.933: (drive-truck t1 l1-1 l1-0 c1)
4.933: (drive-truck t1 l1-1 l1-0 c1)
4.933: (drive-truck t1 l1-1 l1-0 c1)
4.940: (drive-truck t1 l1-1 l1-0 c1)
4.940: (drive-truck t1 l1-1 l1-0 c1)
4.054: (drive-truck t0 l0-0 l0-1 c0)
4.054: (drive-truck t0 l0-0 l0-1 c0)
4.054: (drive-truck t0 l0-0 l0-1 c0)
4.054: (drive-truck t0 l0-0 l0-1 c0)
4.054: (fly-airplane a0 l0-0 l1-0)
4.054: (fly-airplane a0 l0-0 l1-0)
4.054: (fly-airplane a0 l0-0 l1-0)
4.054: (fly-airplane a0 l0-0 l1-0)
4.204: (fly-airplane a0 l0-0 l2-0)
4.204: (fly-airplane a0 l0-0 l2-0)
4.204: (fly-airplane a0 l0-0 l2-0)
4.204: (fly-airplane a0 l0-0 l2-0)
4.204: (drive-truck t0 l0-0 l0-1 c0)
4.204: (drive-truck t0 l0-0 l0-1 c0)
4.204: (drive-truck t0 l0-0 l0-1 c0)
4.204: (drive-truck t0 l0-0 l0-1 c0)
4.342: (drive-truck t0 l0-0 l0-1 c0)
4.342: (drive-truck t0 l0-0 l0-1 c0)
4.342: (drive-truck t0 l0-0 l0-1 c0)
4.342: (drive-truck t0 l0-0 l0-1 c0)
4.342: (fly-airplane a0 l0-0 l2-0)
4.342: (fly-airplane a0 l0-0 l2-0)
4.342: (fly-airplane a0 l0-0 l2-0)
4.342: (fly-airplane a0 l0-0 l2-0)
4.405: (drive-truck t0 l0-1 l0-0 c0)
4.405: (drive-truck t0 l0-1 l0-0 c0)
4.405: (drive-truck t0 l0-1 l0-0 c0)
4.405: (drive-truck t0 l0-1 l0-0 c0)
4.461: (fly-airplane a0 l1-0 l0-0)
4.461: (fly-airplane a0 l1-0 l0-0)
4.461: (fly-airplane a0 l1-0 l0-0)
4.461: (fly-airplane a0 l1-0 l0-0)
4.501: (unload-truck p1 t2 l2-1)
4.501: (unload-truck p3 t2 l2-1)
4.501: (fly-airplane a0 l2-0 l1-0)
4.501: (drive-truck t0 l0-0 l0-1 c0)
4.501: (drive-truck t0 l0-0 l0-1 c0)
4.501: (fly-airplane a0 l2-0 l1-0)
4.502: (fly-airplane a0 l1-0 l2-0)
4.502: (fly-airplane a0 l0-0 l2-0)
4.502: (fly-airplane a0 l1-0 l2-0)
4.502: (drive-truck t0 l0-1 l0-0 c0)
4.502: (fly-airplane a0 l0-0 l2-0)
4.502: (drive-truck t0 l0-1 l0-0 c0)
4.504: (unload-truck p1 t2 l2-1)
4.504: (unload-truck p3 t2 l2-1)
4.504: (fly-airplane a0 l2-0 l0-0)
4.504: (fly-airplane a0 l2-0 l0-0)
4.504: (drive-truck t0 l0-0 l0-1 c0)
4.504: (drive-truck t0 l0-0 l0-1 c0)
4.561: (fly-airplane a0 l1-0 l2-0)
4.561: (fly-airplane a0 l1-0 l2-0)
4.561: (fly-airplane a0 l1-0 l2-0)
4.561: (fly-airplane a0 l1-0 l2-0)
4.561: (drive-truck t2 l2-0 l2-1 c2)
4.561: (drive-truck t2 l2-0 l2-1 c2)
4.561: (drive-truck t2 l2-0 l2-1 c2)
4.561: (drive-truck t2 l2-0 l2-1 c2)
4.803: (drive-truck t0 l0-0 l0-1 c0)
4.803: (drive-truck t0 l0-0 l0-1 c0)
4.803: (drive-truck t0 l0-0 l0-1 c0)
4.803: (drive-truck t0 l0-0 l0-1 c0)
4.804: (drive-truck t2 l2-1 l2-0 c2)
4.804: (drive-truck t2 l2-1 l2-0 c2)
4.804: (drive-truck t2 l2-1 l2-0 c2)
4.804: (drive-truck t2 l2-1 l2-0 c2)
4.806: (fly-airplane a0 l1-0 l2-0)
4.806: (fly-airplane a0 l1-0 l2-0)
4.806: (fly-airplane a0 l1-0 l2-0)
4.806: (fly-airplane a0 l1-0 l2-0)
4.806: (fly-airplane a0 l0-0 l2-0)
4.806: (fly-airplane a0 l0-0 l2-0)
4.806: (fly-airplane a0 l0-0 l2-0)
4.806: (fly-airplane a0 l0-0 l2-0)
4.843: (drive-truck t0 l0-1 l0-0 c0)
4.843: (drive-truck t0 l0-1 l0-0 c0)
4.875: (drive-truck t2 l2-1 l2-0 c2)
4.875: (drive-truck t2 l2-1 l2-0 c2)
4.875: (drive-truck t2 l2-1 l2-0 c2)
4.875: (drive-truck t2 l2-1 l2-0 c2)
4.876: (drive-truck t1 l1-1 l1-0 c1)
4.876: (drive-truck t1 l1-1 l1-0 c1)
4.876: (drive-truck t1 l1-1 l1-0 c1)
4.876: (drive-truck t1 l1-1 l1-0 c1)
4.883: (drive-truck t1 l1-1 l1-0 c1)
4.883: (drive-truck t1 l1-1 l1-0 c1)
4.884: (fly-airplane a0 l2-0 l1-0)
4.884: (fly-airplane a0 l2-0 l1-0)
4.884: (drive-truck t2 l2-0 l2-1 c2)
4.884: (drive-truck t1 l1-0 l1-1 c1)
4.884: (drive-truck t1 l1-0 l1-1 c1)
4.884: (drive-truck t2 l2-0 l2-1 c2)
4.885: (drive-truck t0 l0-0 l0-1 c0)
4.885: (drive-truck t0 l0-0 l0-1 c0)
4.888: (fly-airplane a0 l0-0 l2-0)
4.888: (fly-airplane a0 l0-0 l2-0)
4.888: (drive-truck t0 l0-1 l0-0 c0)
4.888: (drive-truck t0 l0-1 l0-0 c0)
4.888: (fly-airplane a0 l1-0 l2-0)
4.888: (fly-airplane a0 l1-0 l2-0)
4.890: (drive-truck t0 l0-0 l0-1 c0)
4.890: (fly-airplane a0 l2-0 l0-0)
4.890: (fly-airplane a0 l2-0 l0-0)
4.890: (drive-truck t0 l0-0 l0-1 c0)
4.890: (drive-truck t1 l1-0 l1-1 c1)
4.890: (drive-truck t1 l1-0 l1-1 c1)
4.890: (drive-truck t2 l2-0 l2-1 c2)
4.890: (drive-truck t2 l2-0 l2-1 c2)
4.890: (drive-truck t1 l1-1 l1-0 c1)
4.890: (drive-truck t1 l1-1 l1-0 c1)
4.890: (drive-truck t1 l1-1 l1-0 c1)
4.890: (drive-truck t1 l1-1 l1-0 c1)
4.892: (drive-truck t2 l2-1 l2-0 c2)
4.892: (drive-truck t2 l2-1 l2-0 c2)
4.892: (drive-truck t1 l1-1 l1-0 c1)
4.892: (drive-truck t1 l1-1 l1-0 c1)
4.892: (drive-truck t1 l1-1 l1-0 c1)
4.892: (drive-truck t1 l1-1 l1-0 c1)
4.920: (fly-airplane a0 l0-0 l2-0)
4.920: (drive-truck t2 l2-1 l2-0 c2)
4.562: (fly-airplane a0 l1-0 l2-0)
4.562: (fly-airplane a0 l1-0 l2-0)
4.562: (drive-truck t0 l0-1 l0-0 c0)
4.562: (drive-truck t0 l0-1 l0-0 c0)
4.562: (drive-truck t0 l0-1 l0-0 c0)
4.562: (drive-truck t0 l0-1 l0-0 c0)
4.563: (fly-airplane a0 l1-0 l2-0)
4.563: (fly-airplane a0 l1-0 l2-0)
4.890: (fly-airplane a0 l1-0 l2-0)
4.890: (fly-airplane a0 l1-0 l2-0)
4.890: (fly-airplane a0 l0-0 l2-0)
4.890: (fly-airplane a0 l0-0 l2-0)
4.890: (drive-truck t1 l1-1 l1-0 c1)
4.890: (drive-truck t1 l1-1 l1-0 c1)
4.894: (drive-truck t0 l0-0 l0-1 c0)
4.894: (drive-truck t0 l0-0 l0-1 c0)
4.894: (drive-truck t0 l0-0 l0-1 c0)
4.894: (drive-truck t0 l0-0 l0-1 c0)
4.894: (drive-truck t1 l1-1 l1-0 c1)
4.894: (drive-truck t1 l1-1 l1-0 c1)
4.894: (drive-truck t1 l1-1 l1-0 c1)
4.894: (drive-truck t1 l1-1 l1-0 c1)
4.915: (drive-truck t0 l0-0 l0-1 c0)
4.915: (drive-truck t0 l0-0 l0-1 c0)
4.916: (fly-airplane a0 l0-0 l2-0)
4.916: (fly-airplane a0 l0-0 l2-0)
4.916: (fly-airplane a0 l0-0 l2-0)
4.916: (fly-airplane a0 l0-0 l2-0)
4.916: (drive-truck t2 l2-1 l2-0 c2)
4.916: (drive-truck t2 l2-1 l2-0 c2)
4.916: (drive-truck t2 l2-1 l2-0 c2)
4.916: (drive-truck t2 l2-1 l2-0 c2)
4.918: (drive-truck t2 l2-0 l2-1 c2)
4.918: (drive-truck t2 l2-0 l2-1 c2)
4.918: (drive-truck t2 l2-0 l2-1 c2)
4.918: (drive-truck t2 l2-0 l2-1 c2)
4.940: (drive-truck t2 l2-0 l2-1 c2)
4.940: (drive-truck t2 l2-0 l2-1 c2)
4.947: (drive-truck t2 l2-0 l2-1 c2)
4.947: (drive-truck t2 l2-0 l2-1 c2)
4.948: (drive-truck t2 l2-0 l2-1 c2)
4.948: (drive-truck t2 l2-0 l2-1 c2)
4.959: (drive-truck t2 l2-0 l2-1 c2)
4.959: (drive-truck t2 l2-0 l2-1 c2)
4.978: (unload-truck p1 t1 l1-0)
4.978: (unload-truck p3 t1 l1-0)
4.978: (unload-truck p3 t1 l1-0)
4.978: (unload-truck p1 t1 l1-0)
4.992: (unload-truck p1 t1 l1-0)
4.992: (unload-truck p3 t1 l1-0)
4.993: (unload-truck p3 t1 l1-0)
4.993: (unload-truck p1 t1 l1-0)
5.014: (drive-truck t1 l1-1 l1-0 c1)
5.014: (drive-truck t1 l1-1 l1-0 c1)
5.014: (fly-airplane a0 l0-0 l2-0)
5.014: (fly-airplane a0 l0-0 l2-0)
5.014: (fly-airplane a0 l0-0 l2-0)
5.014: (fly-airplane a0 l0-0 l2-0)
5.015: (unload-airplane p2 a0 l1-0)
5.015: (unload-airplane p0 a0 l1-0)
5.015: (unload-airplane p2 a0 l1-0)
5.015: (unload-airplane p0 a0 l1-0)
5.044: (drive-truck t1 l1-0 l1-1 c1)
5.044: (drive-truck t1 l1-0 l1-1 c1)
5.044: (drive-truck t1 l1-0 l1-1 c1)
5.044: (drive-truck t1 l1-0 l1-1 c1)
5.050: (fly-airplane a0 l0-0 l1-0)
5.050: (fly-airplane a0 l0-0 l1-0)
5.050: (fly-airplane a0 l0-0 l1-0)
5.050: (fly-airplane a0 l0-0 l1-0)
5.052: (drive-truck t1 l1-1 l1-0 c1)
5.052: (drive-truck t1 l1-1 l1-0 c1)
5.052: (drive-truck t1 l1-1 l1-0 c1)
5.052: (drive-truck t1 l1-1 l1-0 c1)
5.057: (unload-truck p4 t2 l2-0)
5.057: (unload-truck p4 t2 l2-0)
5.057: (unload-truck p4 t2 l2-0)
5.057: (unload-truck p4 t2 l2-0)
5.062: (drive-truck t2 l2-0 l2-1 c2)
5.062: (drive-truck t2 l2-0 l2-1 c2)
5.062: (drive-truck t2 l2-0 l2-1 c2)
5.062: (drive-truck t2 l2-0 l2-1 c2)
5.069: (load-truck p1 t2 l2-0)
5.069: (load-truck p3 t2 l2-0)
5.069: (load-truck p3 t2 l2-0)
5.069: (load-truck p1 t2 l2-0)
5.139: (drive-truck t1 l1-0 l1-1 c1)
5.139: (drive-truck t1 l1-0 l1-1 c1)
5.139: (drive-truck t1 l1-0 l1-1 c1)
5.139: (drive-truck t1 l1-0 l1-1 c1)
5.157: (fly-airplane a0 l2-0 l1-0)
5.157: (fly-airplane a0 l2-0 l1-0)
5.157: (fly-airplane a0 l2-0 l1-0)
5.157: (fly-airplane a0 l2-0 l1-0)
5.218: (load-truck p3 t2 l2-0)
5.218: (load-truck p1 t2 l2-0)
5.218: (load-truck p1 t2 l2-0)
5.218: (load-truck p3 t2 l2-0)
5.219: (load-airplane p1 a0 l2-0)
5.219: (load-airplane p3 a0 l2-0)
5.219: (load-airplane p1 a0 l2-0)
5.219: (load-airplane p3 a0 l2-0)
5.229: (unload-airplane p0 a0 l2-0)
5.229: (unload-airplane p2 a0 l2-0)
5.229: (unload-airplane p0 a0 l2-0)
5.229: (unload-airplane p2 a0 l2-0)
5.248: (unload-truck p4 t2 l2-0)
5.248: (unload-truck p4 t2 l2-0)
5.248: (unload-truck p4 t2 l2-0)
5.248: (unload-truck p4 t2 l2-0)
5.293: (load-truck p0 t0 l0-0)
5.293: (load-truck p2 t0 l0-0)
5.293: (load-truck p0 t0 l0-0)
5.293: (load-truck p2 t0 l0-0)
5.351: (load-airplane p3 a0 l2-0)
5.351: (load-airplane p1 a0 l2-0)
5.351: (load-airplane p1 a0 l2-0)
5.351: (load-airplane p3 a0 l2-0)
5.378: (unload-airplane p1 a0 l1-0)
5.378: (unload-airplane p1 a0 l1-0)
4.370: (load-truck p0 t2 l2-0)
4.370: (load-truck p0 t2 l2-0)
4.370: (load-truck p2 t2 l2-0)
4.370: (load-truck p2 t2 l2-0)
4.723: (load-truck p2 t1 l1-0)
4.723: (load-truck p2 t1 l1-0)
4.723: (load-truck p0 t1 l1-0)
4.723: (load-truck p0 t1 l1-0)
4.919: (drive-truck t0 l0-1 l0-0 c0)
4.919: (drive-truck t0 l0-1 l0-0 c0)
4.920: (drive-truck t1 l1-0 l1-1 c1)
4.920: (drive-truck t1 l1-0 l1-1 c1)
4.920: (fly-airplane a0 l2-0 l1-0)
4.920: (fly-airplane a0 l2-0 l1-0)
4.922: (drive-truck t0 l0-1 l0-0 c0)
4.922: (drive-truck t0 l0-1 l0-0 c0)
4.922: (drive-truck t0 l0-1 l0-0 c0)
4.922: (drive-truck t0 l0-1 l0-0 c0)
4.946: (fly-airplane a0 l0-0 l2-0)
4.946: (fly-airplane a0 l0-0 l2-0)
4.946: (fly-airplane a0 l0-0 l2-0)
4.946: (fly-airplane a0 l0-0 l2-0)
4.946: (fly-airplane a0 l1-0 l2-0)
4.946: (fly-airplane a0 l1-0 l2-0)
4.946: (drive-truck t2 l2-0 l2-1 c2)
4.946: (drive-truck t2 l2-0 l2-1 c2)
4.953: (fly-airplane a0 l2-0 l0-0)
4.953: (fly-airplane a0 l2-0 l0-0)
4.953: (fly-airplane a0 l2-0 l0-0)
4.953: (drive-truck t2 l2-0 l2-1 c2)
4.953: (drive-truck t2 l2-0 l2-1 c2)
4.953: (drive-truck t2 l2-0 l2-1 c2)
4.953: (drive-truck t2 l2-0 l2-1 c2)
4.953: (fly-airplane a0 l2-0 l0-0)
4.957: (drive-truck t0 l0-1 l0-0 c0)
4.957: (drive-truck t0 l0-1 l0-0 c0)
4.975: (fly-airplane a0 l1-0 l0-0)
4.975: (fly-airplane a0 l1-0 l0-0)
4.975: (fly-airplane a0 l1-0 l0-0)
4.975: (fly-airplane a0 l1-0 l0-0)
4.975: (fly-airplane a0 l2-0 l0-0)
4.975: (fly-airplane a0 l2-0 l0-0)
4.975: (fly-airplane a0 l2-0 l0-0)
4.975: (fly-airplane a0 l2-0 l0-0)
4.981: (drive-truck t2 l2-1 l2-0 c2)
4.981: (drive-truck t2 l2-1 l2-0 c2)
4.981: (drive-truck t2 l2-1 l2-0 c2)
4.981: (drive-truck t2 l2-1 l2-0 c2)
4.992: (fly-airplane a0 l0-0 l2-0)
4.992: (fly-airplane a0 l1-0 l2-0)
4.992: (fly-airplane a0 l1-0 l2-0)
4.992: (fly-airplane a0 l0-0 l2-0)
4.992: (unload-truck p3 t1 l1-0)
4.992: (unload-truck p1 t1 l1-0)
4.997: (drive-truck t0 l0-0 l0-1 c0)
4.997: (drive-truck t0 l0-0 l0-1 c0)
4.997: (drive-truck t0 l0-0 l0-1 c0)
4.997: (drive-truck t0 l0-0 l0-1 c0)
4.997: (unload-truck p3 t1 l1-0)
4.997: (unload-truck p3 t1 l1-0)
4.997: (unload-truck p1 t1 l1-0)
4.997: (unload-truck p1 t1 l1-0)
5.010: (drive-truck t2 l2-1 l2-0 c2)
5.010: (drive-truck t2 l2-1 l2-0 c2)
5.010: (drive-truck t2 l2-1 l2-0 c2)
5.010: (drive-truck t2 l2-1 l2-0 c2)
5.010: (fly-airplane a0 l0-0 l2-0)
5.010: (fly-airplane a0 l0-0 l2-0)
5.010: (drive-truck t0 l0-0 l0-1 c0)
5.010: (fly-airplane a0 l0-0 l2-0)
5.010: (drive-truck t0 l0-0 l0-1 c0)
5.010: (drive-truck t0 l0-0 l0-1 c0)
5.010: (drive-truck t0 l0-0 l0-1 c0)
5.010: (drive-truck t1 l1-1 l1-0 c1)
5.010: (drive-truck t1 l1-1 l1-0 c1)
5.010: (drive-truck t1 l1-1 l1-0 c1)
5.010: (fly-airplane a0 l0-0 l2-0)
5.010: (drive-truck t1 l1-1 l1-0 c1)
5.011: (fly-airplane a0 l1-0 l0-0)
5.011: (fly-airplane a0 l1-0 l0-0)
5.011: (fly-airplane a0 l1-0 l0-0)
5.011: (fly-airplane a0 l1-0 l0-0)
5.012: (fly-airplane a0 l1-0 l2-0)
5.012: (fly-airplane a0 l1-0 l2-0)
5.012: (fly-airplane a0 l1-0 l2-0)
5.012: (fly-airplane a0 l1-0 l2-0)
5.017: (drive-truck t0 l0-1 l0-0 c0)
5.017: (drive-truck t0 l0-1 l0-0 c0)
5.017: (drive-truck t0 l0-1 l0-0 c0)
5.017: (drive-truck t0 l0-1 l0-0 c0)
5.033: (fly-airplane a0 l2-0 l0-0)
5.033: (fly-airplane a0 l2-0 l0-0)
5.033: (fly-airplane a0 l2-0 l0-0)
5.033: (fly-airplane a0 l2-0 l0-0)
5.034: (fly-airplane a0 l1-0 l0-0)
5.034: (fly-airplane a0 l1-0 l0-0)
5.034: (fly-airplane a0 l1-0 l0-0)
5.034: (fly-airplane a0 l1-0 l0-0)
5.047: (fly-airplane a0 l0-0 l1-0)
5.047: (drive-truck t0 l0-0 l0-1 c0)
5.047: (drive-truck t0 l0-0 l0-1 c0)
5.047: (drive-truck t0 l0-0 l0-1 c0)
5.047: (drive-truck t0 l0-0 l0-1 c0)
5.047: (fly-airplane a0 l0-0 l1-0)
5.047: (fly-airplane a0 l0-0 l1-0)
5.047: (fly-airplane a0 l0-0 l1-0)
5.048: (drive-truck t0 l0-1 l0-0 c0)
5.048: (drive-truck t0 l0-1 l0-0 c0)
5.048: (drive-truck t0 l0-1 l0-0 c0)
5.048: (drive-truck t0 l0-1 l0-0 c0)
5.053: (drive-truck t0 l0-1 l0-0 c0)
5.053: (drive-truck t0 l0-1 l0-0 c0)
5.053: (drive-truck t0 l0-1 l0-0 c0)
5.054: (drive-truck t2 l2-0 l2-1 c2)
5.054: (drive-truck t2 l2-0 l2-1 c2)
5.054: (drive-truck t2 l2-0 l2-1 c2)
5.054: (drive-truck t2 l2-0 l2-1 c2)
5.054: (drive-truck t0 l0-1 l0-0 c0)
5.061: (drive-truck t0 l0-1 l0-0 c0)
5.061: (drive-truck t0 l0-1 l0-0 c0)
4.352: (drive-truck t0 l0-1 l0-0 c0)
4.352: (drive-truck t0 l0-1 l0-0 c0)
4.352: (drive-truck t0 l0-1 l0-0 c0)
4.352: (drive-truck t0 l0-1 l0-0 c0)
4.369: (fly-airplane a0 l2-0 l0-0)
4.369: (fly-airplane a0 l2-0 l0-0)
4.369: (fly-airplane a0 l2-0 l0-0)
4.369: (fly-airplane a0 l2-0 l0-0)
4.372: (fly-airplane a0 l2-0 l1-0)
4.372: (fly-airplane a0 l2-0 l1-0)
4.372: (fly-airplane a0 l2-0 l1-0)
4.372: (fly-airplane a0 l2-0 l1-0)
4.560: (drive-truck t1 l1-0 l1-1 c1)
4.560: (drive-truck t1 l1-0 l1-1 c1)
4.560: (drive-truck t1 l1-0 l1-1 c1)
4.560: (drive-truck t1 l1-0 l1-1 c1)
4.724: (drive-truck t0 l0-1 l0-0 c0)
4.724: (drive-truck t0 l0-1 l0-0 c0)
4.724: (drive-truck t0 l0-1 l0-0 c0)
4.724: (drive-truck t0 l0-1 l0-0 c0)
4.724: (load-truck p2 t1 l1-0)
4.724: (load-truck p2 t1 l1-0)
4.724: (load-truck p0 t1 l1-0)
4.724: (load-truck p0 t1 l1-0)
4.729: (load-truck p0 t1 l1-0)
4.729: (load-truck p2 t1 l1-0)
4.729: (load-truck p0 t1 l1-0)
4.729: (load-truck p2 t1 l1-0)
4.729: (fly-airplane a0 l1-0 l0-0)
4.729: (fly-airplane a0 l1-0 l0-0)
4.729: (fly-airplane a0 l1-0 l0-0)
4.729: (fly-airplane a0 l1-0 l0-0)
4.731: (load-truck p2 t1 l1-0)
4.731: (load-truck p0 t1 l1-0)
4.731: (load-truck p2 t1 l1-0)
4.731: (load-truck p0 t1 l1-0)
4.731: (fly-airplane a0 l1-0 l2-0)
4.731: (fly-airplane a0 l1-0 l2-0)
4.731: (fly-airplane a0 l1-0 l2-0)
4.731: (fly-airplane a0 l1-0 l2-0)
4.952: (drive-truck t0 l0-1 l0-0 c0)
4.952: (drive-truck t0 l0-1 l0-0 c0)
4.952: (drive-truck t0 l0-1 l0-0 c0)
4.952: (drive-truck t0 l0-1 l0-0 c0)
4.952: (fly-airplane a0 l1-0 l0-0)
4.952: (fly-airplane a0 l1-0 l0-0)
4.952: (fly-airplane a0 l1-0 l0-0)
4.952: (fly-airplane a0 l1-0 l0-0)
4.979: (drive-truck t1 l1-0 l1-1 c1)
4.979: (drive-truck t1 l1-0 l1-1 c1)
5.011: (fly-airplane a0 l1-0 l0-0)
5.011: (fly-airplane a0 l1-0 l0-0)
5.011: (fly-airplane a0 l1-0 l0-0)
5.011: (fly-airplane a0 l1-0 l0-0)
5.011: (drive-truck t0 l0-1 l0-0 c0)
5.011: (drive-truck t0 l0-1 l0-0 c0)
5.011: (drive-truck t0 l0-1 l0-0 c0)
5.011: (drive-truck t0 l0-1 l0-0 c0)
5.013: (drive-truck t0 l0-1 l0-0 c0)
5.013: (drive-truck t0 l0-1 l0-0 c0)
5.013: (drive-truck t0 l0-1 l0-0 c0)
5.013: (drive-truck t0 l0-1 l0-0 c0)
5.014: (fly-airplane a0 l1-0 l0-0)
5.014: (fly-airplane a0 l1-0 l0-0)
5.014: (fly-airplane a0 l1-0 l0-0)
5.014: (fly-airplane a0 l1-0 l0-0)
5.015: (drive-truck t0 l0-1 l0-0 c0)
5.015: (drive-truck t0 l0-1 l0-0 c0)
5.015: (drive-truck t0 l0-1 l0-0 c0)
5.015: (drive-truck t0 l0-1 l0-0 c0)
5.015: (fly-airplane a0 l1-0 l2-0)
5.015: (fly-airplane a0 l1-0 l2-0)
5.015: (fly-airplane a0 l1-0 l2-0)
5.015: (fly-airplane a0 l1-0 l2-0)
5.064: (fly-airplane a0 l1-0 l2-0)
5.064: (fly-airplane a0 l1-0 l2-0)
5.064: (fly-airplane a0 l1-0 l2-0)
5.064: (fly-airplane a0 l1-0 l2-0)
5.092: (drive-truck t2 l2-0 l2-1 c2)
5.092: (drive-truck t2 l2-0 l2-1 c2)
5.092: (drive-truck t2 l2-0 l2-1 c2)
5.092: (drive-truck t2 l2-0 l2-1 c2)
5.093: (fly-airplane a0 l0-0 l1-0)
5.093: (fly-airplane a0 l0-0 l1-0)
5.093: (fly-airplane a0 l0-0 l1-0)
5.093: (fly-airplane a0 l0-0 l1-0)
5.096: (fly-airplane a0 l2-0 l1-0)
5.096: (fly-airplane a0 l2-0 l1-0)
5.096: (fly-airplane a0 l2-0 l1-0)
5.096: (fly-airplane a0 l2-0 l1-0)
5.097: (fly-airplane a0 l1-0 l0-0)
5.097: (fly-airplane a0 l1-0 l0-0)
5.114: (unload-truck p3 t1 l1-0)
5.114: (fly-airplane a0 l0-0 l2-0)
5.114: (unload-truck p1 t1 l1-0)
5.114: (fly-airplane a0 l0-0 l2-0)
5.114: (unload-truck p3 t1 l1-0)
5.114: (unload-truck p1 t1 l1-0)
5.114: (fly-airplane a0 l0-0 l2-0)
5.114: (fly-airplane a0 l0-0 l2-0)
5.130: (fly-airplane a0 l1-0 l0-0)
5.130: (fly-airplane a0 l1-0 l0-0)
5.130: (fly-airplane a0 l1-0 l0-0)
5.130: (fly-airplane a0 l1-0 l0-0)
5.131: (fly-airplane a0 l0-0 l1-0)
5.131: (fly-airplane a0 l0-0 l1-0)
5.131: (fly-airplane a0 l0-0 l1-0)
5.131: (fly-airplane a0 l0-0 l1-0)
5.131: (unload-truck p3 t1 l1-0)
5.131: (unload-truck p3 t1 l1-0)
5.131: (unload-truck p1 t1 l1-0)
5.131: (unload-truck p1 t1 l1-0)
5.137: (fly-airplane a0 l1-0 l2-0)
5.137: (fly-airplane a0 l1-0 l2-0)
5.137: (fly-airplane a0 l1-0 l2-0)
5.137: (fly-airplane a0 l1-0 l2-0)
5.140: (fly-airplane a0 l1-0 l2-0)
5.140: (fly-airplane a0 l1-0 l2-0)
5.140: (fly-airplane a0 l1-0 l2-0)
5.140: (fly-airplane a0 l1-0 l2-0)
4.350: (fly-airplane a0 l2-0 l0-0)
4.350: (drive-truck t0 l0-1 l0-0 c0)
4.350: (drive-truck t0 l0-1 l0-0 c0)
4.350: (fly-airplane a0 l2-0 l0-0)
4.350: (drive-truck t0 l0-1 l0-0 c0)
4.350: (drive-truck t0 l0-1 l0-0 c0)
4.350: (fly-airplane a0 l2-0 l0-0)
4.350: (fly-airplane a0 l2-0 l0-0)
4.354: (drive-truck t0 l0-1 l0-0 c0)
4.354: (drive-truck t0 l0-1 l0-0 c0)
4.354: (fly-airplane a0 l2-0 l1-0)
4.354: (fly-airplane a0 l2-0 l1-0)
4.354: (fly-airplane a0 l2-0 l1-0)
4.354: (fly-airplane a0 l2-0 l1-0)
4.354: (drive-truck t0 l0-1 l0-0 c0)
4.354: (drive-truck t0 l0-1 l0-0 c0)
4.562: (fly-airplane a0 l1-0 l0-0)
4.562: (fly-airplane a0 l1-0 l0-0)
4.562: (fly-airplane a0 l1-0 l0-0)
4.562: (fly-airplane a0 l1-0 l0-0)
4.562: (drive-truck t1 l1-0 l1-1 c1)
4.562: (drive-truck t1 l1-0 l1-1 c1)
4.562: (drive-truck t1 l1-0 l1-1 c1)
4.562: (drive-truck t1 l1-0 l1-1 c1)
4.573: (drive-truck t0 l0-1 l0-0 c0)
4.573: (drive-truck t0 l0-1 l0-0 c0)
4.573: (drive-truck t1 l1-0 l1-1 c1)
4.573: (drive-truck t0 l0-1 l0-0 c0)
4.573: (drive-truck t0 l0-1 l0-0 c0)
4.573: (drive-truck t1 l1-0 l1-1 c1)
4.573: (drive-truck t1 l1-0 l1-1 c1)
4.573: (drive-truck t1 l1-0 l1-1 c1)
4.574: (fly-airplane a0 l1-0 l2-0)
4.574: (fly-airplane a0 l1-0 l2-0)
4.574: (fly-airplane a0 l1-0 l2-0)
4.574: (fly-airplane a0 l1-0 l2-0)
4.574: (drive-truck t1 l1-0 l1-1 c1)
4.574: (drive-truck t1 l1-0 l1-1 c1)
4.574: (drive-truck t1 l1-0 l1-1 c1)
4.574: (drive-truck t1 l1-0 l1-1 c1)
4.729: (load-truck p0 t1 l1-0)
4.729: (load-truck p0 t1 l1-0)
4.729: (load-truck p2 t1 l1-0)
4.729: (load-truck p2 t1 l1-0)
4.730: (fly-airplane a0 l1-0 l0-0)
4.730: (fly-airplane a0 l1-0 l0-0)
4.730: (drive-truck t0 l0-1 l0-0 c0)
4.730: (drive-truck t0 l0-1 l0-0 c0)
4.730: (fly-airplane a0 l1-0 l0-0)
4.730: (drive-truck t0 l0-1 l0-0 c0)
4.730: (drive-truck t0 l0-1 l0-0 c0)
4.730: (fly-airplane a0 l1-0 l0-0)
4.732: (fly-airplane a0 l1-0 l2-0)
4.732: (drive-truck t0 l0-1 l0-0 c0)
4.732: (drive-truck t0 l0-1 l0-0 c0)
4.732: (drive-truck t0 l0-1 l0-0 c0)
4.732: (drive-truck t0 l0-1 l0-0 c0)
4.732: (fly-airplane a0 l1-0 l2-0)
4.732: (load-truck p0 t1 l1-0)
4.732: (load-truck p0 t1 l1-0)
4.732: (load-truck p2 t1 l1-0)
4.732: (load-truck p2 t1 l1-0)
4.732: (fly-airplane a0 l1-0 l2-0)
4.732: (fly-airplane a0 l1-0 l2-0)
4.844: (drive-truck t2 l2-0 l2-1 c2)
4.844: (drive-truck t2 l2-0 l2-1 c2)
4.844: (drive-truck t2 l2-0 l2-1 c2)
4.844: (drive-truck t2 l2-0 l2-1 c2)
4.977: (drive-truck t0 l0-1 l0-0 c0)
4.977: (drive-truck t0 l0-1 l0-0 c0)
5.097: (load-truck p0 t0 l0-0)
5.097: (load-truck p2 t0 l0-0)
5.097: (load-truck p0 t0 l0-0)
5.097: (load-truck p2 t0 l0-0)
5.115: (drive-truck t0 l0-0 l0-1 c0)
5.115: (drive-truck t0 l0-0 l0-1 c0)
5.118: (drive-truck t0 l0-1 l0-0 c0)
5.118: (drive-truck t0 l0-1 l0-0 c0)
5.118: (drive-truck t0 l0-1 l0-0 c0)
5.118: (drive-truck t0 l0-1 l0-0 c0)
5.135: (drive-truck t0 l0-1 l0-0 c0)
5.135: (drive-truck t0 l0-1 l0-0 c0)
5.135: (drive-truck t0 l0-1 l0-0 c0)
5.135: (drive-truck t0 l0-1 l0-0 c0)
5.161: (drive-truck t1 l1-0 l1-1 c1)
5.161: (drive-truck t1 l1-0 l1-1 c1)
5.161: (drive-truck t1 l1-0 l1-1 c1)
5.161: (drive-truck t1 l1-0 l1-1 c1)
5.164: (drive-truck t2 l2-0 l2-1 c2)
5.164: (drive-truck t2 l2-0 l2-1 c2)
5.164: (drive-truck t2 l2-0 l2-1 c2)
5.164: (drive-truck t2 l2-0 l2-1 c2)
5.165: (drive-truck t2 l2-0 l2-1 c2)
5.165: (drive-truck t2 l2-0 l2-1 c2)
5.165: (drive-truck t2 l2-0 l2-1 c2)
5.165: (drive-truck t2 l2-0 l2-1 c2)
5.168: (drive-truck t2 l2-0 l2-1 c2)
5.168: (drive-truck t2 l2-0 l2-1 c2)
5.168: (drive-truck t2 l2-0 l2-1 c2)
5.168: (drive-truck t2 l2-0 l2-1 c2)
5.228: (unload-truck p0 t2 l2-0)
5.228: (unload-truck p0 t2 l2-0)
5.228: (unload-truck p2 t2 l2-0)
5.228: (unload-truck p2 t2 l2-0)
5.229: (unload-truck p0 t2 l2-0)
5.229: (unload-truck p2 t2 l2-0)
5.229: (unload-truck p2 t2 l2-0)
5.229: (unload-truck p0 t2 l2-0)
5.231: (load-airplane p2 a0 l0-0)
5.231: (load-airplane p2 a0 l0-0)
5.231: (load-airplane p0 a0 l0-0)
5.231: (load-airplane p0 a0 l0-0)
5.232: (unload-truck p0 t2 l2-0)
5.232: (unload-truck p0 t2 l2-0)
5.232: (unload-truck p2 t2 l2-0)
5.232: (unload-truck p2 t2 l2-0)
5.249: (fly-airplane a0 l0-0 l2-0)
5.249: (fly-airplane a0 l0-0 l2-0)
5.285: (drive-truck t1 l1-0 l1-1 c1)
5.285: (drive-truck t1 l1-0 l1-1 c1)
4.574: (drive-truck t0 l0-1 l0-0 c0)
4.574: (drive-truck t0 l0-1 l0-0 c0)
4.574: (fly-airplane a0 l1-0 l0-0)
4.574: (fly-airplane a0 l1-0 l0-0)
4.574: (fly-airplane a0 l1-0 l0-0)
4.574: (fly-airplane a0 l1-0 l0-0)
4.574: (drive-truck t0 l0-1 l0-0 c0)
4.574: (drive-truck t0 l0-1 l0-0 c0)
4.574: (drive-truck t1 l1-0 l1-1 c1)
4.574: (drive-truck t1 l1-0 l1-1 c1)
4.574: (drive-truck t1 l1-0 l1-1 c1)
4.574: (drive-truck t1 l1-0 l1-1 c1)
4.586: (fly-airplane a0 l1-0 l2-0)
4.586: (fly-airplane a0 l1-0 l2-0)
4.586: (fly-airplane a0 l1-0 l2-0)
4.586: (fly-airplane a0 l1-0 l2-0)
4.586: (drive-truck t0 l0-1 l0-0 c0)
4.586: (drive-truck t0 l0-1 l0-0 c0)
4.586: (drive-truck t0 l0-1 l0-0 c0)
4.586: (drive-truck t1 l1-0 l1-1 c1)
4.586: (drive-truck t0 l0-1 l0-0 c0)
4.586: (drive-truck t1 l1-0 l1-1 c1)
4.586: (drive-truck t1 l1-0 l1-1 c1)
4.586: (drive-truck t1 l1-0 l1-1 c1)
4.845: (drive-truck t0 l0-1 l0-0 c0)
4.845: (drive-truck t0 l0-1 l0-0 c0)
4.845: (drive-truck t0 l0-1 l0-0 c0)
4.845: (drive-truck t0 l0-1 l0-0 c0)
4.845: (drive-truck t2 l2-0 l2-1 c2)
4.845: (drive-truck t2 l2-0 l2-1 c2)
4.845: (drive-truck t2 l2-0 l2-1 c2)
4.846: (drive-truck t2 l2-0 l2-1 c2)
4.848: (fly-airplane a0 l1-0 l0-0)
4.848: (fly-airplane a0 l1-0 l0-0)
4.848: (fly-airplane a0 l1-0 l0-0)
4.849: (drive-truck t2 l2-0 l2-1 c2)
4.849: (fly-airplane a0 l1-0 l0-0)
4.849: (drive-truck t2 l2-0 l2-1 c2)
4.849: (drive-truck t2 l2-0 l2-1 c2)
4.849: (drive-truck t2 l2-0 l2-1 c2)
4.849: (drive-truck t2 l2-0 l2-1 c2)
4.849: (drive-truck t2 l2-0 l2-1 c2)
4.849: (drive-truck t2 l2-0 l2-1 c2)
4.849: (drive-truck t2 l2-0 l2-1 c2)
4.849: (fly-airplane a0 l1-0 l2-0)
4.849: (fly-airplane a0 l1-0 l2-0)
4.849: (fly-airplane a0 l1-0 l2-0)
4.849: (fly-airplane a0 l1-0 l2-0)
4.948: (fly-airplane a0 l1-0 l0-0)
4.948: (fly-airplane a0 l1-0 l0-0)
5.094: (load-truck p0 t0 l0-0)
5.094: (load-truck p2 t0 l0-0)
5.094: (load-truck p2 t0 l0-0)
5.094: (load-truck p0 t0 l0-0)
5.095: (fly-airplane a0 l2-0 l1-0)
5.095: (fly-airplane a0 l2-0 l1-0)
5.095: (fly-airplane a0 l2-0 l1-0)
5.095: (fly-airplane a0 l2-0 l1-0)
5.099: (fly-airplane a0 l2-0 l0-0)
5.099: (fly-airplane a0 l2-0 l0-0)
5.099: (fly-airplane a0 l2-0 l0-0)
5.100: (fly-airplane a0 l2-0 l0-0)
5.100: (load-truck p2 t0 l0-0)
5.100: (load-truck p2 t0 l0-0)
5.100: (load-truck p0 t0 l0-0)
5.100: (load-truck p0 t0 l0-0)
5.161: (fly-airplane a0 l2-0 l1-0)
5.161: (fly-airplane a0 l2-0 l1-0)
5.161: (fly-airplane a0 l2-0 l1-0)
5.161: (fly-airplane a0 l2-0 l1-0)
5.161: (drive-truck t0 l0-1 l0-0 c0)
5.161: (drive-truck t0 l0-1 l0-0 c0)
5.161: (drive-truck t0 l0-1 l0-0 c0)
5.161: (drive-truck t0 l0-1 l0-0 c0)
5.161: (drive-truck t2 l2-0 l2-1 c2)
5.161: (drive-truck t2 l2-0 l2-1 c2)
5.161: (drive-truck t2 l2-0 l2-1 c2)
5.161: (drive-truck t2 l2-0 l2-1 c2)
5.162: (drive-truck t0 l0-1 l0-0 c0)
5.162: (drive-truck t0 l0-1 l0-0 c0)
5.162: (drive-truck t0 l0-1 l0-0 c0)
5.162: (drive-truck t0 l0-1 l0-0 c0)
5.162: (load-airplane p0 a0 l0-0)
5.162: (load-airplane p0 a0 l0-0)
5.162: (load-airplane p2 a0 l0-0)
5.162: (load-airplane p2 a0 l0-0)
5.163: (drive-truck t0 l0-1 l0-0 c0)
5.163: (drive-truck t0 l0-1 l0-0 c0)
5.163: (fly-airplane a0 l2-0 l0-0)
5.163: (drive-truck t0 l0-1 l0-0 c0)
5.163: (drive-truck t0 l0-1 l0-0 c0)
5.163: (fly-airplane a0 l2-0 l0-0)
5.163: (fly-airplane a0 l2-0 l0-0)
5.164: (drive-truck t2 l2-0 l2-1 c2)
5.164: (drive-truck t2 l2-0 l2-1 c2)
5.164: (drive-truck t2 l2-0 l2-1 c2)
5.164: (drive-truck t2 l2-0 l2-1 c2)
5.164: (fly-airplane a0 l2-0 l0-0)
5.168: (drive-truck t0 l0-0 l0-1 c0)
5.168: (fly-airplane a0 l1-0 l2-0)
5.168: (fly-airplane a0 l1-0 l2-0)
5.168: (fly-airplane a0 l1-0 l2-0)
5.168: (fly-airplane a0 l1-0 l2-0)
5.168: (drive-truck t0 l0-0 l0-1 c0)
5.168: (drive-truck t0 l0-0 l0-1 c0)
5.168: (drive-truck t0 l0-0 l0-1 c0)
5.168: (fly-airplane a0 l0-0 l2-0)
5.168: (fly-airplane a0 l0-0 l2-0)
5.168: (fly-airplane a0 l0-0 l2-0)
5.168: (fly-airplane a0 l0-0 l2-0)
5.192: (fly-airplane a0 l0-0 l1-0)
5.193: (fly-airplane a0 l0-0 l1-0)
5.193: (fly-airplane a0 l0-0 l1-0)
5.193: (fly-airplane a0 l0-0 l1-0)
5.228: (unload-truck p0 t2 l2-0)
5.228: (unload-truck p2 t2 l2-0)
5.228: (unload-truck p0 t2 l2-0)
5.228: (unload-truck p2 t2 l2-0)
5.228: (fly-airplane a0 l2-0 l1-0)
5.228: (fly-airplane a0 l2-0 l1-0)
4.850: (fly-airplane a0 l1-0 l0-0)
4.850: (fly-airplane a0 l1-0 l0-0)
4.850: (fly-airplane a0 l1-0 l0-0)
4.850: (drive-truck t2 l2-0 l2-1 c2)
4.850: (fly-airplane a0 l1-0 l0-0)
4.850: (drive-truck t2 l2-0 l2-1 c2)
4.850: (drive-truck t2 l2-0 l2-1 c2)
4.850: (drive-truck t0 l0-1 l0-0 c0)
4.850: (drive-truck t2 l2-0 l2-1 c2)
4.850: (drive-truck t0 l0-1 l0-0 c0)
4.850: (drive-truck t0 l0-1 l0-0 c0)
4.850: (drive-truck t0 l0-1 l0-0 c0)
4.851: (drive-truck t0 l0-1 l0-0 c0)
4.851: (drive-truck t0 l0-1 l0-0 c0)
4.851: (fly-airplane a0 l1-0 l2-0)
4.851: (drive-truck t0 l0-1 l0-0 c0)
4.851: (drive-truck t0 l0-1 l0-0 c0)
4.851: (fly-airplane a0 l1-0 l2-0)
4.851: (drive-truck t2 l2-0 l2-1 c2)
4.851: (fly-airplane a0 l1-0 l2-0)
4.851: (fly-airplane a0 l1-0 l2-0)
4.851: (drive-truck t2 l2-0 l2-1 c2)
4.851: (drive-truck t2 l2-0 l2-1 c2)
4.851: (drive-truck t2 l2-0 l2-1 c2)
5.173: (load-airplane p2 a0 l0-0)
5.173: (load-airplane p0 a0 l0-0)
5.173: (load-airplane p0 a0 l0-0)
5.173: (load-airplane p2 a0 l0-0)
5.176: (fly-airplane a0 l0-0 l1-0)
5.176: (fly-airplane a0 l0-0 l1-0)
5.176: (fly-airplane a0 l0-0 l1-0)
5.176: (fly-airplane a0 l0-0 l1-0)
5.176: (drive-truck t0 l0-1 l0-0 c0)
5.176: (drive-truck t0 l0-1 l0-0 c0)
5.176: (drive-truck t0 l0-1 l0-0 c0)
5.176: (drive-truck t0 l0-1 l0-0 c0)
5.187: (load-truck p0 t0 l0-0)
5.187: (load-truck p2 t0 l0-0)
5.187: (load-truck p2 t0 l0-0)
5.187: (load-truck p0 t0 l0-0)
5.231: (fly-airplane a0 l1-0 l0-0)
5.231: (fly-airplane a0 l1-0 l0-0)
5.231: (fly-airplane a0 l1-0 l0-0)
5.231: (fly-airplane a0 l1-0 l0-0)
5.313: (fly-airplane a0 l0-0 l2-0)
5.313: (fly-airplane a0 l0-0 l2-0)
5.313: (fly-airplane a0 l0-0 l2-0)
5.313: (fly-airplane a0 l0-0 l2-0)
5.330: (fly-airplane a0 l1-0 l2-0)
5.330: (fly-airplane a0 l1-0 l2-0)
5.330: (fly-airplane a0 l1-0 l2-0)
5.330: (fly-airplane a0 l1-0 l2-0)
5.385: (unload-truck p1 t2 l2-0)
5.385: (unload-truck p3 t2 l2-0)
5.385: (unload-truck p3 t2 l2-0)
5.385: (unload-truck p1 t2 l2-0)
5.404: (unload-truck p1 t2 l2-0)
5.404: (unload-truck p1 t2 l2-0)
5.404: (unload-truck p3 t2 l2-0)
5.404: (unload-truck p3 t2 l2-0)
5.422: (unload-truck p1 t2 l2-1)
5.422: (unload-truck p3 t2 l2-1)
5.422: (unload-truck p1 t2 l2-1)
5.422: (unload-truck p3 t2 l2-1)
5.426: (unload-truck p3 t2 l2-1)
5.426: (unload-truck p3 t2 l2-1)
5.426: (unload-truck p1 t2 l2-1)
5.426: (unload-truck p1 t2 l2-1)
5.427: (unload-truck p3 t2 l2-1)
5.427: (unload-truck p3 t2 l2-1)
5.427: (unload-truck p1 t2 l2-1)
5.427: (unload-truck p1 t2 l2-1)
5.586: (drive-truck t1 l1-1 l1-0 c1)
5.586: (drive-truck t1 l1-1 l1-0 c1)
5.586: (drive-truck t1 l1-1 l1-0 c1)
5.586: (drive-truck t1 l1-1 l1-0 c1)
5.591: (drive-truck t1 l1-1 l1-0 c1)
5.591: (drive-truck t1 l1-1 l1-0 c1)
5.591: (drive-truck t1 l1-1 l1-0 c1)
5.591: (drive-truck t1 l1-1 l1-0 c1)
5.592: (drive-truck t1 l1-1 l1-0 c1)
5.592: (drive-truck t1 l1-1 l1-0 c1)
5.592: (drive-truck t1 l1-1 l1-0 c1)
5.592: (drive-truck t1 l1-1 l1-0 c1)
5.601: (drive-truck t2 l2-1 l2-0 c2)
5.601: (drive-truck t2 l2-1 l2-0 c2)
5.645: (load-airplane p2 a0 l0-0)
5.645: (load-airplane p0 a0 l0-0)
5.645: (load-airplane p0 a0 l0-0)
5.645: (load-airplane p2 a0 l0-0)
5.648: (drive-truck t1 l1-1 l1-0 c1)
5.648: (drive-truck t1 l1-1 l1-0 c1)
5.658: (load-airplane p3 a0 l2-0)
5.658: (load-airplane p1 a0 l2-0)
5.658: (load-airplane p3 a0 l2-0)
5.658: (load-airplane p1 a0 l2-0)
5.662: (load-truck p1 t2 l2-0)
5.662: (load-truck p1 t2 l2-0)
5.662: (load-truck p3 t2 l2-0)
5.662: (load-truck p3 t2 l2-0)
5.673: (load-truck p3 t2 l2-0)
5.673: (load-truck p1 t2 l2-0)
5.673: (load-truck p3 t2 l2-0)
5.673: (load-truck p1 t2 l2-0)
5.750: (load-truck p0 t0 l0-0)
5.750: (load-truck p2 t0 l0-0)
5.750: (load-truck p2 t0 l0-0)
5.750: (load-truck p0 t0 l0-0)
5.759: (load-truck p0 t0 l0-0)
5.759: (load-truck p2 t0 l0-0)
5.759: (load-truck p0 t0 l0-0)
5.759: (load-truck p2 t0 l0-0)
5.774: (load-airplane p0 a0 l0-0)
5.774: (load-airplane p0 a0 l0-0)
5.774: (load-airplane p2 a0 l0-0)
5.774: (load-airplane p2 a0 l0-0)
5.851: (load-airplane p1 a0 l2-0)
5.851: (load-airplane p1 a0 l2-0)
5.851: (load-airplane p3 a0 l2-0)
5.851: (load-airplane p3 a0 l2-0)
4.591: (unload-truck p3 t2 l2-0)
4.591: (unload-truck p1 t2 l2-0)
4.591: (unload-truck p3 t2 l2-0)
4.591: (unload-truck p1 t2 l2-0)
4.591: (load-airplane p3 a0 l2-0)
4.591: (load-airplane p1 a0 l2-0)
4.591: (load-airplane p1 a0 l2-0)
4.591: (load-airplane p3 a0 l2-0)
5.189: (drive-truck t0 l0-0 l0-1 c0)
5.189: (drive-truck t0 l0-0 l0-1 c0)
5.189: (drive-truck t0 l0-0 l0-1 c0)
5.189: (drive-truck t0 l0-0 l0-1 c0)
5.239: (fly-airplane a0 l0-0 l2-0)
5.239: (fly-airplane a0 l0-0 l2-0)
5.239: (fly-airplane a0 l0-0 l2-0)
5.239: (fly-airplane a0 l0-0 l2-0)
5.355: (fly-airplane a0 l0-0 l2-0)
5.355: (fly-airplane a0 l0-0 l2-0)
5.355: (fly-airplane a0 l0-0 l2-0)
5.355: (fly-airplane a0 l0-0 l2-0)
5.384: (drive-truck t0 l0-0 l0-1 c0)
5.384: (drive-truck t0 l0-0 l0-1 c0)
5.396: (fly-airplane a0 l0-0 l1-0)
5.396: (fly-airplane a0 l2-0 l1-0)
5.396: (fly-airplane a0 l2-0 l1-0)
5.396: (fly-airplane a0 l0-0 l1-0)
5.404: (drive-truck t0 l0-0 l0-1 c0)
5.404: (drive-truck t0 l0-0 l0-1 c0)
5.421: (fly-airplane a0 l2-0 l1-0)
5.421: (drive-truck t0 l0-0 l0-1 c0)
5.421: (drive-truck t0 l0-0 l0-1 c0)
5.421: (drive-truck t0 l0-0 l0-1 c0)
5.421: (fly-airplane a0 l2-0 l1-0)
5.421: (fly-airplane a0 l2-0 l1-0)
5.421: (drive-truck t0 l0-0 l0-1 c0)
5.421: (fly-airplane a0 l0-0 l1-0)
5.421: (fly-airplane a0 l0-0 l1-0)
5.421: (fly-airplane a0 l0-0 l1-0)
5.421: (fly-airplane a0 l0-0 l1-0)
5.421: (fly-airplane a0 l2-0 l1-0)
5.427: (unload-truck p1 t2 l2-1)
5.427: (unload-truck p1 t2 l2-1)
5.427: (unload-truck p3 t2 l2-1)
5.427: (unload-truck p3 t2 l2-1)
5.427: (fly-airplane a0 l1-0 l0-0)
5.427: (fly-airplane a0 l1-0 l0-0)
5.427: (fly-airplane a0 l1-0 l0-0)
5.427: (fly-airplane a0 l1-0 l0-0)
5.427: (drive-truck t0 l0-1 l0-0 c0)
5.427: (drive-truck t0 l0-1 l0-0 c0)
5.427: (drive-truck t0 l0-1 l0-0 c0)
5.427: (drive-truck t0 l0-1 l0-0 c0)
5.429: (drive-truck t0 l0-1 l0-0 c0)
5.429: (unload-truck p1 t2 l2-1)
5.429: (unload-truck p3 t2 l2-1)
5.429: (unload-truck p3 t2 l2-1)
5.429: (unload-truck p1 t2 l2-1)
5.429: (fly-airplane a0 l1-0 l2-0)
5.429: (fly-airplane a0 l1-0 l2-0)
5.429: (fly-airplane a0 l1-0 l2-0)
5.429: (drive-truck t0 l0-1 l0-0 c0)
5.429: (drive-truck t0 l0-1 l0-0 c0)
5.429: (fly-airplane a0 l1-0 l2-0)
5.429: (drive-truck t0 l0-1 l0-0 c0)
5.502: (drive-truck t0 l0-0 l0-1 c0)
5.502: (drive-truck t0 l0-0 l0-1 c0)
5.502: (drive-truck t0 l0-0 l0-1 c0)
5.502: (drive-truck t0 l0-0 l0-1 c0)
5.502: (drive-truck t2 l2-1 l2-0 c2)
5.502: (drive-truck t2 l2-1 l2-0 c2)
5.502: (drive-truck t2 l2-1 l2-0 c2)
5.502: (drive-truck t2 l2-1 l2-0 c2)
5.524: (fly-airplane a0 l0-0 l2-0)
5.524: (fly-airplane a0 l0-0 l2-0)
5.524: (fly-airplane a0 l0-0 l2-0)
5.524: (fly-airplane a0 l0-0 l2-0)
5.553: (drive-truck t0 l0-0 l0-1 c0)
5.553: (drive-truck t0 l0-0 l0-1 c0)
5.586: (fly-airplane a0 l2-0 l1-0)
5.586: (drive-truck t0 l0-0 l0-1 c0)
5.586: (drive-truck t0 l0-0 l0-1 c0)
5.586: (fly-airplane a0 l0-0 l1-0)
5.586: (fly-airplane a0 l0-0 l1-0)
5.586: (fly-airplane a0 l0-0 l1-0)
5.586: (fly-airplane a0 l2-0 l1-0)
5.586: (fly-airplane a0 l0-0 l1-0)
5.586: (drive-truck t0 l0-0 l0-1 c0)
5.586: (drive-truck t0 l0-0 l0-1 c0)
5.586: (fly-airplane a0 l2-0 l1-0)
5.586: (fly-airplane a0 l2-0 l1-0)
5.591: (fly-airplane a0 l1-0 l0-0)
5.591: (fly-airplane a0 l1-0 l0-0)
5.591: (fly-airplane a0 l1-0 l0-0)
5.591: (drive-truck t0 l0-1 l0-0 c0)
5.591: (drive-truck t0 l0-1 l0-0 c0)
5.591: (fly-airplane a0 l1-0 l0-0)
5.591: (drive-truck t1 l1-1 l1-0 c1)
5.591: (drive-truck t1 l1-1 l1-0 c1)
5.591: (drive-truck t1 l1-1 l1-0 c1)
5.591: (drive-truck t1 l1-1 l1-0 c1)
5.591: (drive-truck t0 l0-1 l0-0 c0)
5.591: (drive-truck t0 l0-1 l0-0 c0)
5.592: (fly-airplane a0 l1-0 l2-0)
5.592: (fly-airplane a0 l1-0 l2-0)
5.592: (drive-truck t0 l0-1 l0-0 c0)
5.592: (drive-truck t0 l0-1 l0-0 c0)
5.592: (drive-truck t1 l1-1 l1-0 c1)
5.592: (fly-airplane a0 l1-0 l2-0)
5.592: (fly-airplane a0 l1-0 l2-0)
5.592: (drive-truck t1 l1-1 l1-0 c1)
5.592: (drive-truck t1 l1-1 l1-0 c1)
5.592: (drive-truck t1 l1-1 l1-0 c1)
5.592: (drive-truck t0 l0-1 l0-0 c0)
5.592: (drive-truck t0 l0-1 l0-0 c0)
5.604: (drive-truck t0 l0-0 l0-1 c0)
5.604: (drive-truck t0 l0-0 l0-1 c0)
5.637: (drive-truck t1 l1-1 l1-0 c1)
5.637: (drive-truck t1 l1-1 l1-0 c1)
5.637: (drive-truck t2 l2-1 l2-0 c2)
5.637: (drive-truck t2 l2-1 l2-0 c2)
4.352: (drive-truck t2 l2-0 l2-1 c2)
4.352: (drive-truck t2 l2-0 l2-1 c2)
4.352: (drive-truck t2 l2-0 l2-1 c2)
4.352: (drive-truck t2 l2-0 l2-1 c2)
4.578: (load-airplane p3 a0 l2-0)
4.578: (load-airplane p1 a0 l2-0)
4.578: (load-airplane p1 a0 l2-0)
4.578: (load-airplane p3 a0 l2-0)
4.578: (drive-truck t0 l0-0 l0-1 c0)
4.578: (drive-truck t0 l0-0 l0-1 c0)
4.578: (drive-truck t0 l0-0 l0-1 c0)
4.578: (drive-truck t0 l0-0 l0-1 c0)
4.651: (fly-airplane a0 l2-0 l0-0)
4.651: (fly-airplane a0 l2-0 l0-0)
4.651: (fly-airplane a0 l2-0 l0-0)
4.651: (fly-airplane a0 l2-0 l0-0)
4.760: (drive-truck t1 l1-1 l1-0 c1)
4.761: (drive-truck t1 l1-1 l1-0 c1)
4.761: (drive-truck t1 l1-1 l1-0 c1)
4.761: (drive-truck t1 l1-1 l1-0 c1)
5.395: (drive-truck t0 l0-0 l0-1 c0)
5.395: (fly-airplane a0 l2-0 l1-0)
5.395: (drive-truck t0 l0-0 l0-1 c0)
5.395: (fly-airplane a0 l0-0 l1-0)
5.395: (fly-airplane a0 l0-0 l1-0)
5.395: (fly-airplane a0 l2-0 l1-0)
5.446: (fly-airplane a0 l2-0 l1-0)
5.446: (fly-airplane a0 l2-0 l1-0)
5.446: (fly-airplane a0 l2-0 l1-0)
5.446: (fly-airplane a0 l2-0 l1-0)
5.515: (drive-truck t0 l0-0 l0-1 c0)
5.515: (fly-airplane a0 l0-0 l2-0)
5.515: (drive-truck t0 l0-0 l0-1 c0)
5.515: (fly-airplane a0 l0-0 l2-0)
5.515: (drive-truck t0 l0-0 l0-1 c0)
5.515: (drive-truck t0 l0-0 l0-1 c0)
5.515: (fly-airplane a0 l0-0 l2-0)
5.515: (fly-airplane a0 l0-0 l2-0)
5.588: (drive-truck t1 l1-1 l1-0 c1)
5.588: (drive-truck t1 l1-1 l1-0 c1)
5.588: (drive-truck t2 l2-1 l2-0 c2)
5.588: (drive-truck t0 l0-0 l0-1 c0)
5.588: (drive-truck t2 l2-1 l2-0 c2)
5.588: (drive-truck t0 l0-0 l0-1 c0)
5.654: (fly-airplane a0 l0-0 l1-0)
5.654: (fly-airplane a0 l0-0 l1-0)
5.656: (drive-truck t1 l1-1 l1-0 c1)
5.657: (drive-truck t1 l1-1 l1-0 c1)
5.657: (drive-truck t1 l1-1 l1-0 c1)
5.657: (drive-truck t1 l1-1 l1-0 c1)
5.664: (load-airplane p1 a0 l2-0)
5.664: (load-airplane p3 a0 l2-0)
5.664: (load-airplane p3 a0 l2-0)
5.664: (load-airplane p1 a0 l2-0)
5.701: (drive-truck t1 l1-1 l1-0 c1)
5.701: (drive-truck t1 l1-1 l1-0 c1)
5.701: (drive-truck t1 l1-1 l1-0 c1)
5.701: (drive-truck t1 l1-1 l1-0 c1)
5.764: (load-truck p2 t0 l0-0)
5.764: (load-truck p2 t0 l0-0)
5.764: (load-truck p0 t0 l0-0)
5.764: (load-truck p0 t0 l0-0)
5.793: (drive-truck t2 l2-0 l2-1 c2)
5.793: (drive-truck t2 l2-0 l2-1 c2)
5.793: (drive-truck t2 l2-0 l2-1 c2)
5.793: (drive-truck t2 l2-0 l2-1 c2)
5.844: (drive-truck t2 l2-1 l2-0 c2)
5.844: (drive-truck t2 l2-1 l2-0 c2)
5.844: (drive-truck t2 l2-1 l2-0 c2)
5.844: (drive-truck t2 l2-1 l2-0 c2)
5.844: (drive-truck t2 l2-1 l2-0 c2)
5.844: (drive-truck t2 l2-1 l2-0 c2)
5.844: (drive-truck t2 l2-1 l2-0 c2)
5.844: (load-airplane p2 a0 l0-0)
5.844: (drive-truck t2 l2-1 l2-0 c2)
5.845: (load-airplane p2 a0 l0-0)
5.845: (load-airplane p0 a0 l0-0)
5.845: (load-airplane p0 a0 l0-0)
5.858: (load-airplane p2 a0 l0-0)
5.858: (load-airplane p2 a0 l0-0)
5.858: (load-airplane p0 a0 l0-0)
5.858: (load-airplane p0 a0 l0-0)
5.872: (load-truck p0 t0 l0-0)
5.872: (load-truck p0 t0 l0-0)
5.872: (load-truck p2 t0 l0-0)
5.872: (load-truck p2 t0 l0-0)
5.876: (unload-truck p2 t1 l1-0)
5.876: (unload-truck p0 t1 l1-0)
5.876: (unload-truck p2 t1 l1-0)
5.876: (unload-truck p0 t1 l1-0)
5.877: (unload-truck p2 t1 l1-0)
5.877: (unload-truck p0 t1 l1-0)
5.877: (unload-truck p0 t1 l1-0)
5.877: (unload-truck p2 t1 l1-0)
5.878: (unload-truck p0 t1 l1-0)
5.878: (unload-truck p0 t1 l1-0)
5.878: (unload-truck p2 t1 l1-0)
5.878: (unload-truck p2 t1 l1-0)
5.889: (unload-truck p1 t1 l1-0)
5.889: (unload-truck p3 t1 l1-0)
5.902: (drive-truck t1 l1-1 l1-0 c1)
5.902: (drive-truck t1 l1-1 l1-0 c1)
5.902: (drive-truck t1 l1-1 l1-0 c1)
5.902: (drive-truck t1 l1-1 l1-0 c1)
5.902: (load-airplane p2 a0 l0-0)
5.902: (load-airplane p0 a0 l0-0)
5.902: (load-airplane p0 a0 l0-0)
5.902: (load-airplane p2 a0 l0-0)
5.956: (drive-truck t1 l1-1 l1-0 c1)
5.956: (drive-truck t1 l1-1 l1-0 c1)
5.956: (drive-truck t1 l1-1 l1-0 c1)
5.956: (drive-truck t1 l1-1 l1-0 c1)
5.960: (drive-truck t2 l2-1 l2-0 c2)
5.960: (drive-truck t2 l2-1 l2-0 c2)
5.960: (drive-truck t2 l2-1 l2-0 c2)
5.960: (drive-truck t2 l2-1 l2-0 c2)
5.986: (fly-airplane a0 l2-0 l1-0)
5.986: (fly-airplane a0 l2-0 l1-0)
5.986: (fly-airplane a0 l2-0 l1-0)
5.986: (fly-airplane a0 l2-0 l1-0)
4.351: (drive-truck t0 l0-0 l0-1 c0)
4.351: (drive-truck t2 l2-0 l2-1 c2)
4.351: (drive-truck t2 l2-0 l2-1 c2)
4.351: (drive-truck t0 l0-0 l0-1 c0)
4.351: (drive-truck t0 l0-0 l0-1 c0)
4.351: (drive-truck t2 l2-0 l2-1 c2)
4.351: (drive-truck t2 l2-0 l2-1 c2)
4.351: (drive-truck t0 l0-0 l0-1 c0)
4.416: (drive-truck t2 l2-0 l2-1 c2)
4.416: (drive-truck t2 l2-0 l2-1 c2)
4.416: (drive-truck t2 l2-0 l2-1 c2)
4.416: (drive-truck t2 l2-0 l2-1 c2)
4.416: (fly-airplane a0 l2-0 l0-0)
4.416: (fly-airplane a0 l2-0 l0-0)
4.416: (fly-airplane a0 l2-0 l0-0)
4.416: (fly-airplane a0 l2-0 l0-0)
4.544: (drive-truck t0 l0-0 l0-1 c0)
4.544: (drive-truck t0 l0-0 l0-1 c0)
4.544: (drive-truck t0 l0-0 l0-1 c0)
4.544: (drive-truck t0 l0-0 l0-1 c0)
4.544: (fly-airplane a0 l2-0 l0-0)
4.544: (fly-airplane a0 l2-0 l0-0)
4.544: (fly-airplane a0 l2-0 l0-0)
4.544: (fly-airplane a0 l2-0 l0-0)
4.759: (drive-truck t0 l0-0 l0-1 c0)
4.759: (drive-truck t0 l0-0 l0-1 c0)
4.759: (drive-truck t0 l0-0 l0-1 c0)
4.759: (drive-truck t1 l1-1 l1-0 c1)
4.759: (drive-truck t1 l1-1 l1-0 c1)
4.759: (drive-truck t1 l1-1 l1-0 c1)
4.759: (drive-truck t1 l1-1 l1-0 c1)
4.759: (drive-truck t0 l0-0 l0-1 c0)
4.788: (fly-airplane a0 l2-0 l1-0)
4.788: (fly-airplane a0 l2-0 l1-0)
4.788: (fly-airplane a0 l2-0 l1-0)
4.788: (fly-airplane a0 l2-0 l1-0)
4.788: (drive-truck t1 l1-1 l1-0 c1)
4.788: (drive-truck t1 l1-1 l1-0 c1)
4.788: (drive-truck t1 l1-1 l1-0 c1)
4.788: (drive-truck t1 l1-1 l1-0 c1)
4.809: (drive-truck t1 l1-1 l1-0 c1)
4.809: (drive-truck t1 l1-1 l1-0 c1)
4.809: (drive-truck t1 l1-1 l1-0 c1)
4.809: (drive-truck t1 l1-1 l1-0 c1)
4.809: (fly-airplane a0 l2-0 l0-0)
4.809: (fly-airplane a0 l2-0 l0-0)
4.809: (fly-airplane a0 l2-0 l0-0)
4.810: (fly-airplane a0 l2-0 l0-0)
5.043: (unload-truck p2 t1 l1-0)
5.043: (unload-truck p0 t1 l1-0)
5.043: (unload-truck p0 t1 l1-0)
5.043: (unload-truck p2 t1 l1-0)
5.059: (drive-truck t2 l2-0 l2-1 c2)
5.059: (drive-truck t1 l1-1 l1-0 c1)
5.059: (drive-truck t1 l1-1 l1-0 c1)
5.059: (drive-truck t1 l1-1 l1-0 c1)
5.059: (drive-truck t2 l2-0 l2-1 c2)
5.059: (drive-truck t2 l2-0 l2-1 c2)
5.059: (drive-truck t1 l1-1 l1-0 c1)
5.059: (drive-truck t2 l2-0 l2-1 c2)
5.165: (fly-airplane a0 l2-0 l1-0)
5.165: (fly-airplane a0 l2-0 l1-0)
5.165: (fly-airplane a0 l2-0 l1-0)
5.165: (fly-airplane a0 l2-0 l1-0)
5.165: (drive-truck t2 l2-0 l2-1 c2)
5.165: (drive-truck t2 l2-0 l2-1 c2)
5.165: (drive-truck t2 l2-0 l2-1 c2)
5.165: (drive-truck t2 l2-0 l2-1 c2)
5.208: (fly-airplane a0 l0-0 l1-0)
5.208: (fly-airplane a0 l0-0 l1-0)
5.216: (fly-airplane a0 l0-0 l2-0)
5.216: (fly-airplane a0 l0-0 l2-0)
5.345: (load-airplane p3 a0 l2-0)
5.345: (load-airplane p3 a0 l2-0)
5.345: (load-airplane p1 a0 l2-0)
5.345: (load-airplane p1 a0 l2-0)
5.345: (drive-truck t2 l2-0 l2-1 c2)
5.345: (drive-truck t2 l2-0 l2-1 c2)
5.436: (drive-truck t0 l0-0 l0-1 c0)
5.436: (drive-truck t0 l0-0 l0-1 c0)
5.436: (drive-truck t0 l0-0 l0-1 c0)
5.436: (drive-truck t0 l0-0 l0-1 c0)
5.436: (fly-airplane a0 l2-0 l1-0)
5.436: (fly-airplane a0 l2-0 l1-0)
5.436: (fly-airplane a0 l2-0 l1-0)
5.436: (fly-airplane a0 l2-0 l1-0)
5.552: (drive-truck t2 l2-0 l2-1 c2)
5.552: (drive-truck t2 l2-0 l2-1 c2)
5.552: (drive-truck t2 l2-0 l2-1 c2)
5.552: (drive-truck t2 l2-0 l2-1 c2)
5.552: (load-truck p0 t0 l0-0)
5.552: (load-truck p2 t0 l0-0)
5.552: (load-truck p0 t0 l0-0)
5.552: (load-truck p2 t0 l0-0)
5.653: (load-airplane p2 a0 l0-0)
5.653: (load-airplane p0 a0 l0-0)
5.653: (load-airplane p0 a0 l0-0)
5.653: (load-airplane p2 a0 l0-0)
5.653: (load-truck p1 t2 l2-0)
5.653: (load-truck p3 t2 l2-0)
5.653: (load-truck p1 t2 l2-0)
5.653: (load-truck p3 t2 l2-0)
5.653: (drive-truck t0 l0-1 l0-0 c0)
5.653: (drive-truck t0 l0-1 l0-0 c0)
5.659: (load-airplane p1 a0 l2-0)
5.659: (load-airplane p1 a0 l2-0)
5.659: (load-airplane p3 a0 l2-0)
5.659: (load-airplane p3 a0 l2-0)
5.659: (drive-truck t0 l0-0 l0-1 c0)
5.659: (drive-truck t0 l0-0 l0-1 c0)
5.676: (unload-airplane p3 a0 l0-0)
5.676: (unload-airplane p1 a0 l0-0)
5.676: (unload-airplane p3 a0 l0-0)
5.676: (unload-airplane p1 a0 l0-0)
5.681: (drive-truck t2 l2-1 l2-0 c2)
5.681: (drive-truck t2 l2-1 l2-0 c2)
5.681: (unload-truck p3 t1 l1-0)
5.681: (unload-truck p1 t1 l1-0)
5.694: (drive-truck t0 l0-0 l0-1 c0)
5.694: (drive-truck t0 l0-0 l0-1 c0)
4.318: (drive-truck t0 l0-0 l0-1 c0)
4.318: (drive-truck t0 l0-0 l0-1 c0)
4.318: (fly-airplane a0 l2-0 l0-0)
4.318: (drive-truck t2 l2-0 l2-1 c2)
4.318: (drive-truck t2 l2-0 l2-1 c2)
4.318: (drive-truck t2 l2-0 l2-1 c2)
4.318: (fly-airplane a0 l2-0 l0-0)
4.318: (drive-truck t0 l0-0 l0-1 c0)
4.318: (drive-truck t0 l0-0 l0-1 c0)
4.318: (fly-airplane a0 l2-0 l0-0)
4.318: (drive-truck t2 l2-0 l2-1 c2)
4.318: (fly-airplane a0 l2-0 l0-0)
4.712: (fly-airplane a0 l2-0 l0-0)
4.712: (fly-airplane a0 l2-0 l0-0)
4.712: (fly-airplane a0 l2-0 l0-0)
4.712: (drive-truck t0 l0-0 l0-1 c0)
4.712: (drive-truck t1 l1-1 l1-0 c1)
4.712: (drive-truck t1 l1-1 l1-0 c1)
4.712: (drive-truck t1 l1-1 l1-0 c1)
4.712: (drive-truck t1 l1-1 l1-0 c1)
4.712: (drive-truck t0 l0-0 l0-1 c0)
4.712: (fly-airplane a0 l2-0 l0-0)
4.712: (drive-truck t0 l0-0 l0-1 c0)
4.712: (drive-truck t0 l0-0 l0-1 c0)
4.787: (fly-airplane a0 l2-0 l1-0)
4.787: (drive-truck t0 l0-0 l0-1 c0)
4.787: (fly-airplane a0 l2-0 l1-0)
4.787: (drive-truck t0 l0-0 l0-1 c0)
4.787: (fly-airplane a0 l2-0 l1-0)
4.787: (fly-airplane a0 l2-0 l1-0)
4.787: (drive-truck t0 l0-0 l0-1 c0)
4.787: (drive-truck t0 l0-0 l0-1 c0)
4.787: (drive-truck t1 l1-1 l1-0 c1)
4.787: (drive-truck t1 l1-1 l1-0 c1)
4.787: (drive-truck t1 l1-1 l1-0 c1)
4.787: (drive-truck t1 l1-1 l1-0 c1)
4.796: (load-truck p1 t0 l0-0)
4.796: (load-truck p3 t0 l0-0)
4.796: (load-truck p3 t0 l0-0)
4.796: (load-truck p1 t0 l0-0)
5.028: (fly-airplane a0 l2-0 l0-0)
5.028: (fly-airplane a0 l2-0 l0-0)
5.028: (fly-airplane a0 l2-0 l0-0)
5.028: (fly-airplane a0 l2-0 l0-0)
5.028: (unload-truck p0 t1 l1-0)
5.028: (unload-truck p0 t1 l1-0)
5.028: (unload-truck p2 t1 l1-0)
5.028: (unload-truck p2 t1 l1-0)
5.041: (drive-truck t0 l0-0 l0-1 c0)
5.041: (drive-truck t0 l0-0 l0-1 c0)
5.041: (drive-truck t0 l0-0 l0-1 c0)
5.041: (drive-truck t0 l0-0 l0-1 c0)
5.041: (unload-truck p0 t1 l1-0)
5.041: (unload-truck p2 t1 l1-0)
5.041: (unload-truck p0 t1 l1-0)
5.041: (unload-truck p2 t1 l1-0)
5.059: (drive-truck t0 l0-0 l0-1 c0)
5.059: (drive-truck t0 l0-0 l0-1 c0)
5.059: (drive-truck t0 l0-0 l0-1 c0)
5.059: (drive-truck t0 l0-0 l0-1 c0)
5.059: (drive-truck t1 l1-1 l1-0 c1)
5.059: (drive-truck t1 l1-1 l1-0 c1)
5.059: (drive-truck t1 l1-1 l1-0 c1)
5.059: (drive-truck t1 l1-1 l1-0 c1)
5.059: (drive-truck t2 l2-0 l2-1 c2)
5.059: (drive-truck t2 l2-0 l2-1 c2)
5.059: (drive-truck t2 l2-0 l2-1 c2)
5.059: (drive-truck t2 l2-0 l2-1 c2)
5.070: (fly-airplane a0 l2-0 l1-0)
5.070: (fly-airplane a0 l2-0 l1-0)
5.070: (fly-airplane a0 l2-0 l1-0)
5.070: (fly-airplane a0 l2-0 l1-0)
5.070: (unload-truck p2 t1 l1-0)
5.070: (unload-truck p2 t1 l1-0)
5.070: (unload-truck p0 t1 l1-0)
5.070: (unload-truck p0 t1 l1-0)
5.099: (drive-truck t1 l1-1 l1-0 c1)
5.099: (fly-airplane a0 l2-0 l1-0)
5.099: (drive-truck t1 l1-1 l1-0 c1)
5.099: (drive-truck t1 l1-1 l1-0 c1)
5.099: (fly-airplane a0 l2-0 l1-0)
5.099: (fly-airplane a0 l2-0 l1-0)
5.099: (drive-truck t1 l1-1 l1-0 c1)
5.099: (fly-airplane a0 l2-0 l1-0)
5.100: (drive-truck t2 l2-0 l2-1 c2)
5.100: (drive-truck t2 l2-0 l2-1 c2)
5.100: (drive-truck t2 l2-0 l2-1 c2)
5.100: (drive-truck t2 l2-0 l2-1 c2)
5.126: (drive-truck t1 l1-1 l1-0 c1)
5.126: (drive-truck t1 l1-1 l1-0 c1)
5.126: (drive-truck t2 l2-0 l2-1 c2)
5.126: (drive-truck t2 l2-0 l2-1 c2)
5.126: (drive-truck t2 l2-0 l2-1 c2)
5.126: (drive-truck t2 l2-0 l2-1 c2)
5.126: (drive-truck t1 l1-1 l1-0 c1)
5.126: (drive-truck t1 l1-1 l1-0 c1)
5.126: (fly-airplane a0 l2-0 l0-0)
5.126: (fly-airplane a0 l2-0 l0-0)
5.126: (fly-airplane a0 l2-0 l0-0)
5.126: (fly-airplane a0 l2-0 l0-0)
5.163: (fly-airplane a0 l2-0 l1-0)
5.163: (fly-airplane a0 l2-0 l1-0)
5.163: (fly-airplane a0 l2-0 l1-0)
5.163: (fly-airplane a0 l2-0 l1-0)
5.163: (drive-truck t2 l2-0 l2-1 c2)
5.163: (drive-truck t2 l2-0 l2-1 c2)
5.163: (drive-truck t2 l2-0 l2-1 c2)
5.163: (drive-truck t2 l2-0 l2-1 c2)
5.163: (drive-truck t0 l0-0 l0-1 c0)
5.163: (drive-truck t0 l0-0 l0-1 c0)
5.163: (drive-truck t0 l0-0 l0-1 c0)
5.163: (drive-truck t0 l0-0 l0-1 c0)
5.214: (drive-truck t0 l0-1 l0-0 c0)
5.214: (drive-truck t0 l0-1 l0-0 c0)
5.338: (drive-truck t2 l2-0 l2-1 c2)
5.338: (drive-truck t2 l2-0 l2-1 c2)
5.338: (drive-truck t2 l2-0 l2-1 c2)
5.338: (drive-truck t2 l2-0 l2-1 c2)
5.338: (unload-truck p2 t1 l1-0)
5.338: (unload-truck p0 t1 l1-0)
4.716: (drive-truck t2 l2-0 l2-1 c2)
4.716: (drive-truck t2 l2-0 l2-1 c2)
4.716: (drive-truck t2 l2-0 l2-1 c2)
4.716: (drive-truck t2 l2-0 l2-1 c2)
4.791: (fly-airplane a0 l0-0 l1-0)
4.791: (fly-airplane a0 l0-0 l1-0)
4.791: (fly-airplane a0 l0-0 l1-0)
4.791: (fly-airplane a0 l0-0 l1-0)
4.803: (fly-airplane a0 l0-0 l2-0)
4.803: (fly-airplane a0 l0-0 l2-0)
4.803: (fly-airplane a0 l0-0 l2-0)
4.803: (fly-airplane a0 l0-0 l2-0)
4.887: (drive-truck t1 l1-1 l1-0 c1)
4.887: (drive-truck t1 l1-1 l1-0 c1)
4.887: (drive-truck t1 l1-1 l1-0 c1)
4.887: (drive-truck t1 l1-1 l1-0 c1)
5.028: (drive-truck t0 l0-0 l0-1 c0)
5.028: (drive-truck t0 l0-0 l0-1 c0)
5.028: (drive-truck t0 l0-0 l0-1 c0)
5.028: (drive-truck t0 l0-0 l0-1 c0)
5.028: (fly-airplane a0 l2-0 l0-0)
5.028: (drive-truck t2 l2-0 l2-1 c2)
5.028: (drive-truck t1 l1-1 l1-0 c1)
5.028: (drive-truck t2 l2-0 l2-1 c2)
5.028: (drive-truck t2 l2-0 l2-1 c2)
5.028: (drive-truck t2 l2-0 l2-1 c2)
5.028: (drive-truck t1 l1-1 l1-0 c1)
5.028: (drive-truck t1 l1-1 l1-0 c1)
5.028: (drive-truck t1 l1-1 l1-0 c1)
5.028: (fly-airplane a0 l2-0 l0-0)
5.028: (fly-airplane a0 l2-0 l0-0)
5.028: (fly-airplane a0 l2-0 l0-0)
5.029: (drive-truck t0 l0-0 l0-1 c0)
5.029: (drive-truck t0 l0-0 l0-1 c0)
5.029: (fly-airplane a0 l2-0 l0-0)
5.029: (fly-airplane a0 l2-0 l0-0)
5.029: (fly-airplane a0 l2-0 l0-0)
5.029: (fly-airplane a0 l2-0 l0-0)
5.029: (drive-truck t0 l0-0 l0-1 c0)
5.029: (drive-truck t0 l0-0 l0-1 c0)
5.029: (unload-truck p2 t1 l1-0)
5.029: (unload-truck p0 t1 l1-0)
5.029: (unload-truck p0 t1 l1-0)
5.029: (unload-truck p2 t1 l1-0)
5.069: (drive-truck t0 l0-0 l0-1 c0)
5.069: (drive-truck t0 l0-0 l0-1 c0)
5.069: (drive-truck t0 l0-0 l0-1 c0)
5.069: (drive-truck t0 l0-0 l0-1 c0)
5.069: (fly-airplane a0 l2-0 l1-0)
5.069: (fly-airplane a0 l2-0 l1-0)
5.069: (fly-airplane a0 l2-0 l1-0)
5.069: (fly-airplane a0 l2-0 l1-0)
5.069: (unload-truck p2 t1 l1-0)
5.069: (unload-truck p2 t1 l1-0)
5.069: (unload-truck p0 t1 l1-0)
5.069: (unload-truck p0 t1 l1-0)
5.098: (drive-truck t2 l2-0 l2-1 c2)
5.098: (drive-truck t2 l2-0 l2-1 c2)
5.098: (drive-truck t2 l2-0 l2-1 c2)
5.098: (drive-truck t2 l2-0 l2-1 c2)
5.098: (fly-airplane a0 l2-0 l1-0)
5.098: (fly-airplane a0 l2-0 l1-0)
5.098: (fly-airplane a0 l2-0 l1-0)
5.098: (drive-truck t1 l1-1 l1-0 c1)
5.098: (drive-truck t1 l1-1 l1-0 c1)
5.098: (drive-truck t1 l1-1 l1-0 c1)
5.098: (drive-truck t1 l1-1 l1-0 c1)
5.098: (fly-airplane a0 l2-0 l1-0)
5.098: (drive-truck t0 l0-0 l0-1 c0)
5.098: (drive-truck t0 l0-0 l0-1 c0)
5.098: (drive-truck t0 l0-0 l0-1 c0)
5.098: (drive-truck t0 l0-0 l0-1 c0)
5.284: (load-airplane p2 a0 l0-0)
5.284: (load-airplane p0 a0 l0-0)
5.284: (load-airplane p0 a0 l0-0)
5.284: (load-airplane p2 a0 l0-0)
5.337: (drive-truck t0 l0-0 l0-1 c0)
5.337: (unload-truck p2 t1 l1-0)
5.337: (unload-truck p0 t1 l1-0)
5.337: (unload-truck p0 t1 l1-0)
5.337: (unload-truck p2 t1 l1-0)
5.337: (drive-truck t0 l0-0 l0-1 c0)
5.337: (drive-truck t0 l0-0 l0-1 c0)
5.337: (drive-truck t0 l0-0 l0-1 c0)
5.337: (drive-truck t2 l2-0 l2-1 c2)
5.337: (drive-truck t2 l2-0 l2-1 c2)
5.337: (drive-truck t2 l2-0 l2-1 c2)
5.337: (drive-truck t2 l2-0 l2-1 c2)
5.342: (unload-truck p2 t1 l1-0)
5.342: (unload-truck p0 t1 l1-0)
5.342: (unload-truck p0 t1 l1-0)
5.342: (unload-truck p2 t1 l1-0)
5.342: (fly-airplane a0 l2-0 l0-0)
5.342: (fly-airplane a0 l2-0 l0-0)
5.342: (drive-truck t2 l2-0 l2-1 c2)
5.342: (drive-truck t2 l2-0 l2-1 c2)
5.342: (drive-truck t2 l2-0 l2-1 c2)
5.342: (drive-truck t2 l2-0 l2-1 c2)
5.343: (fly-airplane a0 l2-0 l0-0)
5.343: (fly-airplane a0 l2-0 l0-0)
5.383: (fly-airplane a0 l2-0 l1-0)
5.383: (drive-truck t2 l2-0 l2-1 c2)
5.383: (drive-truck t2 l2-0 l2-1 c2)
5.383: (drive-truck t2 l2-0 l2-1 c2)
5.383: (drive-truck t2 l2-0 l2-1 c2)
5.383: (unload-truck p2 t1 l1-0)
5.383: (fly-airplane a0 l2-0 l1-0)
5.383: (fly-airplane a0 l2-0 l1-0)
5.383: (unload-truck p0 t1 l1-0)
5.383: (unload-truck p0 t1 l1-0)
5.383: (unload-truck p2 t1 l1-0)
5.383: (fly-airplane a0 l2-0 l1-0)
5.396: (unload-airplane p1 a0 l0-0)
5.396: (unload-airplane p3 a0 l0-0)
5.396: (unload-airplane p1 a0 l0-0)
5.396: (unload-airplane p3 a0 l0-0)
5.673: (load-airplane p0 a0 l0-0)
5.673: (load-airplane p2 a0 l0-0)
5.673: (load-airplane p2 a0 l0-0)
5.673: (load-airplane p0 a0 l0-0)
4.710: (drive-truck t2 l2-0 l2-1 c2)
4.710: (fly-airplane a0 l0-0 l1-0)
4.710: (drive-truck t2 l2-0 l2-1 c2)
4.710: (drive-truck t2 l2-0 l2-1 c2)
4.710: (drive-truck t2 l2-0 l2-1 c2)
4.710: (fly-airplane a0 l0-0 l1-0)
4.710: (fly-airplane a0 l0-0 l1-0)
4.710: (fly-airplane a0 l0-0 l1-0)
4.716: (drive-truck t2 l2-0 l2-1 c2)
4.716: (drive-truck t2 l2-0 l2-1 c2)
4.716: (drive-truck t2 l2-0 l2-1 c2)
4.716: (drive-truck t2 l2-0 l2-1 c2)
4.716: (fly-airplane a0 l0-0 l2-0)
4.716: (fly-airplane a0 l0-0 l2-0)
4.716: (fly-airplane a0 l0-0 l2-0)
4.716: (fly-airplane a0 l0-0 l2-0)
4.888: (drive-truck t1 l1-1 l1-0 c1)
4.888: (drive-truck t1 l1-1 l1-0 c1)
4.888: (drive-truck t1 l1-1 l1-0 c1)
4.888: (drive-truck t1 l1-1 l1-0 c1)
4.888: (fly-airplane a0 l0-0 l2-0)
4.888: (fly-airplane a0 l0-0 l2-0)
4.888: (fly-airplane a0 l0-0 l2-0)
4.888: (fly-airplane a0 l0-0 l2-0)
4.889: (fly-airplane a0 l0-0 l1-0)
4.889: (fly-airplane a0 l0-0 l1-0)
4.889: (fly-airplane a0 l0-0 l1-0)
4.889: (fly-airplane a0 l0-0 l1-0)
4.889: (drive-truck t1 l1-1 l1-0 c1)
4.889: (drive-truck t1 l1-1 l1-0 c1)
4.889: (drive-truck t1 l1-1 l1-0 c1)
4.889: (drive-truck t1 l1-1 l1-0 c1)
4.992: (unload-truck p2 t1 l1-0)
4.992: (unload-truck p0 t1 l1-0)
4.992: (unload-truck p2 t1 l1-0)
4.992: (unload-truck p0 t1 l1-0)
5.235: (drive-truck t0 l0-0 l0-1 c0)
5.235: (drive-truck t0 l0-0 l0-1 c0)
5.235: (drive-truck t0 l0-0 l0-1 c0)
5.235: (drive-truck t0 l0-0 l0-1 c0)
5.309: (fly-airplane a0 l0-0 l2-0)
5.309: (fly-airplane a0 l0-0 l2-0)
5.309: (fly-airplane a0 l0-0 l2-0)
5.309: (fly-airplane a0 l0-0 l2-0)
5.341: (drive-truck t0 l0-0 l0-1 c0)
5.341: (fly-airplane a0 l2-0 l0-0)
5.341: (drive-truck t0 l0-0 l0-1 c0)
5.341: (drive-truck t0 l0-0 l0-1 c0)
5.341: (drive-truck t0 l0-0 l0-1 c0)
5.341: (fly-airplane a0 l2-0 l0-0)
5.341: (fly-airplane a0 l2-0 l0-0)
5.341: (fly-airplane a0 l2-0 l0-0)
5.342: (drive-truck t2 l2-0 l2-1 c2)
5.342: (drive-truck t2 l2-0 l2-1 c2)
5.342: (drive-truck t2 l2-0 l2-1 c2)
5.342: (unload-truck p2 t1 l1-0)
5.342: (drive-truck t2 l2-0 l2-1 c2)
5.342: (unload-truck p0 t1 l1-0)
5.342: (unload-truck p0 t1 l1-0)
5.342: (unload-truck p2 t1 l1-0)
5.381: (drive-truck t0 l0-0 l0-1 c0)
5.381: (fly-airplane a0 l2-0 l1-0)
5.381: (drive-truck t0 l0-0 l0-1 c0)
5.381: (drive-truck t0 l0-0 l0-1 c0)
5.381: (fly-airplane a0 l2-0 l1-0)
5.381: (fly-airplane a0 l2-0 l1-0)
5.381: (fly-airplane a0 l2-0 l1-0)
5.381: (unload-truck p2 t1 l1-0)
5.381: (unload-truck p2 t1 l1-0)
5.381: (drive-truck t0 l0-0 l0-1 c0)
5.381: (unload-truck p0 t1 l1-0)
5.381: (unload-truck p0 t1 l1-0)
5.381: (drive-truck t2 l2-0 l2-1 c2)
5.381: (drive-truck t2 l2-0 l2-1 c2)
5.381: (drive-truck t2 l2-0 l2-1 c2)
5.381: (drive-truck t2 l2-0 l2-1 c2)
5.392: (fly-airplane a0 l0-0 l1-0)
5.392: (fly-airplane a0 l0-0 l1-0)
5.392: (fly-airplane a0 l0-0 l1-0)
5.392: (fly-airplane a0 l0-0 l1-0)
5.396: (drive-truck t2 l2-0 l2-1 c2)
5.396: (drive-truck t1 l1-1 l1-0 c1)
5.396: (drive-truck t1 l1-1 l1-0 c1)
5.396: (drive-truck t1 l1-1 l1-0 c1)
5.396: (drive-truck t2 l2-0 l2-1 c2)
5.396: (drive-truck t2 l2-0 l2-1 c2)
5.396: (drive-truck t2 l2-0 l2-1 c2)
5.396: (drive-truck t1 l1-1 l1-0 c1)
5.397: (fly-airplane a0 l0-0 l2-0)
5.397: (fly-airplane a0 l0-0 l2-0)
5.397: (fly-airplane a0 l0-0 l2-0)
5.397: (fly-airplane a0 l0-0 l2-0)
5.403: (unload-truck p1 t0 l0-0)
5.403: (unload-truck p1 t0 l0-0)
5.403: (unload-truck p3 t0 l0-0)
5.403: (unload-truck p3 t0 l0-0)
5.404: (drive-truck t0 l0-1 l0-0 c0)
5.404: (drive-truck t0 l0-1 l0-0 c0)
5.404: (drive-truck t0 l0-1 l0-0 c0)
5.404: (drive-truck t0 l0-1 l0-0 c0)
5.417: (drive-truck t0 l0-1 l0-0 c0)
5.417: (drive-truck t0 l0-1 l0-0 c0)
5.417: (drive-truck t0 l0-1 l0-0 c0)
5.417: (drive-truck t0 l0-1 l0-0 c0)
5.502: (drive-truck t1 l1-0 l1-1 c1)
5.502: (drive-truck t1 l1-0 l1-1 c1)
5.502: (drive-truck t1 l1-0 l1-1 c1)
5.502: (drive-truck t1 l1-0 l1-1 c1)
5.502: (drive-truck t2 l2-1 l2-0 c2)
5.502: (drive-truck t2 l2-1 l2-0 c2)
5.502: (drive-truck t2 l2-1 l2-0 c2)
5.502: (drive-truck t2 l2-1 l2-0 c2)
5.675: (unload-truck p3 t0 l0-0)
5.675: (unload-truck p1 t0 l0-0)
5.675: (unload-truck p1 t0 l0-0)
5.675: (unload-truck p3 t0 l0-0)
5.684: (drive-truck t2 l2-1 l2-0 c2)
5.684: (drive-truck t2 l2-1 l2-0 c2)
5.684: (drive-truck t2 l2-1 l2-0 c2)
5.684: (drive-truck t2 l2-1 l2-0 c2)
4.993: (unload-truck p2 t1 l1-0)
4.993: (fly-airplane a0 l0-0 l1-0)
4.993: (fly-airplane a0 l0-0 l1-0)
4.993: (unload-truck p0 t1 l1-0)
4.993: (unload-truck p0 t1 l1-0)
4.993: (unload-truck p2 t1 l1-0)
4.993: (fly-airplane a0 l0-0 l1-0)
4.993: (fly-airplane a0 l0-0 l1-0)
4.993: (fly-airplane a0 l0-0 l2-0)
4.993: (unload-truck p2 t1 l1-0)
4.993: (fly-airplane a0 l0-0 l2-0)
4.993: (unload-truck p0 t1 l1-0)
4.993: (unload-truck p2 t1 l1-0)
4.993: (unload-truck p0 t1 l1-0)
4.993: (fly-airplane a0 l0-0 l2-0)
4.993: (fly-airplane a0 l0-0 l2-0)
5.230: (fly-airplane a0 l0-0 l1-0)
5.230: (fly-airplane a0 l0-0 l1-0)
5.230: (fly-airplane a0 l0-0 l1-0)
5.230: (drive-truck t0 l0-0 l0-1 c0)
5.230: (drive-truck t0 l0-0 l0-1 c0)
5.230: (drive-truck t0 l0-0 l0-1 c0)
5.230: (drive-truck t0 l0-0 l0-1 c0)
5.230: (fly-airplane a0 l0-0 l1-0)
5.236: (drive-truck t0 l0-0 l0-1 c0)
5.236: (drive-truck t0 l0-0 l0-1 c0)
5.236: (drive-truck t0 l0-0 l0-1 c0)
5.236: (drive-truck t0 l0-0 l0-1 c0)
5.236: (fly-airplane a0 l0-0 l2-0)
5.236: (fly-airplane a0 l0-0 l2-0)
5.236: (fly-airplane a0 l0-0 l2-0)
5.236: (fly-airplane a0 l0-0 l2-0)
5.316: (fly-airplane a0 l0-0 l2-0)
5.316: (fly-airplane a0 l0-0 l2-0)
5.316: (fly-airplane a0 l0-0 l2-0)
5.317: (fly-airplane a0 l0-0 l2-0)
5.317: (drive-truck t0 l0-1 l0-0 c0)
5.317: (drive-truck t0 l0-1 l0-0 c0)
5.317: (drive-truck t0 l0-1 l0-0 c0)
5.317: (drive-truck t0 l0-1 l0-0 c0)
5.396: (drive-truck t2 l2-0 l2-1 c2)
5.396: (drive-truck t2 l2-0 l2-1 c2)
5.396: (drive-truck t2 l2-0 l2-1 c2)
5.396: (drive-truck t1 l1-1 l1-0 c1)
5.396: (drive-truck t1 l1-1 l1-0 c1)
5.396: (drive-truck t2 l2-0 l2-1 c2)
5.396: (drive-truck t1 l1-1 l1-0 c1)
5.396: (drive-truck t1 l1-1 l1-0 c1)
5.397: (fly-airplane a0 l0-0 l2-0)
5.397: (fly-airplane a0 l0-0 l2-0)
5.397: (fly-airplane a0 l0-0 l2-0)
5.397: (fly-airplane a0 l0-0 l2-0)
5.398: (drive-truck t2 l2-0 l2-1 c2)
5.398: (drive-truck t2 l2-0 l2-1 c2)
5.398: (drive-truck t2 l2-0 l2-1 c2)
5.398: (drive-truck t2 l2-0 l2-1 c2)
5.398: (fly-airplane a0 l0-0 l1-0)
5.398: (fly-airplane a0 l0-0 l1-0)
5.398: (fly-airplane a0 l0-0 l1-0)
5.398: (fly-airplane a0 l0-0 l1-0)
5.398: (drive-truck t1 l1-1 l1-0 c1)
5.398: (drive-truck t1 l1-1 l1-0 c1)
5.398: (drive-truck t1 l1-1 l1-0 c1)
5.398: (drive-truck t1 l1-1 l1-0 c1)
5.399: (drive-truck t0 l0-1 l0-0 c0)
5.399: (unload-truck p3 t0 l0-0)
5.399: (unload-truck p1 t0 l0-0)
5.399: (unload-truck p1 t0 l0-0)
5.399: (unload-truck p3 t0 l0-0)
5.400: (drive-truck t0 l0-1 l0-0 c0)
5.400: (drive-truck t0 l0-1 l0-0 c0)
5.400: (drive-truck t0 l0-1 l0-0 c0)
5.400: (drive-truck t2 l2-0 l2-1 c2)
5.400: (drive-truck t2 l2-0 l2-1 c2)
5.400: (drive-truck t2 l2-0 l2-1 c2)
5.400: (drive-truck t2 l2-0 l2-1 c2)
5.400: (fly-airplane a0 l0-0 l1-0)
5.400: (fly-airplane a0 l0-0 l1-0)
5.400: (fly-airplane a0 l0-0 l1-0)
5.400: (fly-airplane a0 l0-0 l1-0)
5.405: (unload-truck p3 t0 l0-0)
5.405: (unload-truck p3 t0 l0-0)
5.405: (unload-truck p1 t0 l0-0)
5.405: (unload-truck p1 t0 l0-0)
5.405: (drive-truck t0 l0-1 l0-0 c0)
5.405: (drive-truck t0 l0-1 l0-0 c0)
5.405: (drive-truck t0 l0-1 l0-0 c0)
5.406: (fly-airplane a0 l0-0 l2-0)
5.406: (fly-airplane a0 l0-0 l2-0)
5.406: (fly-airplane a0 l0-0 l2-0)
5.406: (fly-airplane a0 l0-0 l2-0)
5.406: (drive-truck t0 l0-1 l0-0 c0)
5.498: (drive-truck t2 l2-0 l2-1 c2)
5.498: (drive-truck t2 l2-0 l2-1 c2)
5.498: (unload-truck p2 t1 l1-0)
5.498: (unload-truck p0 t1 l1-0)
5.498: (unload-truck p0 t1 l1-0)
5.498: (unload-truck p2 t1 l1-0)
5.499: (drive-truck t2 l2-0 l2-1 c2)
5.499: (drive-truck t2 l2-0 l2-1 c2)
5.542: (drive-truck t2 l2-1 l2-0 c2)
5.542: (drive-truck t2 l2-1 l2-0 c2)
5.542: (drive-truck t2 l2-1 l2-0 c2)
5.542: (drive-truck t2 l2-1 l2-0 c2)
5.543: (fly-airplane a0 l0-0 l2-0)
5.543: (fly-airplane a0 l0-0 l2-0)
5.543: (fly-airplane a0 l0-0 l2-0)
5.543: (fly-airplane a0 l0-0 l2-0)
5.657: (load-airplane p1 a0 l2-0)
5.657: (load-airplane p1 a0 l2-0)
5.657: (load-airplane p3 a0 l2-0)
5.657: (load-airplane p3 a0 l2-0)
5.683: (drive-truck t2 l2-1 l2-0 c2)
5.683: (drive-truck t2 l2-1 l2-0 c2)
5.683: (drive-truck t2 l2-1 l2-0 c2)
5.683: (drive-truck t2 l2-1 l2-0 c2)
5.683: (drive-truck t0 l0-0 l0-1 c0)
5.683: (fly-airplane a0 l0-0 l1-0)
5.683: (fly-airplane a0 l0-0 l1-0)
5.683: (drive-truck t0 l0-0 l0-1 c0)
3.971: (load-airplane p2 a0 l1-0)
3.971: (load-airplane p0 a0 l1-0)
3.971: (load-airplane p2 a0 l1-0)
3.971: (load-airplane p0 a0 l1-0)
5.499: (fly-airplane a0 l0-0 l2-0)
5.499: (unload-truck p0 t1 l1-0)
5.499: (unload-truck p2 t1 l1-0)
5.499: (unload-truck p2 t1 l1-0)
5.499: (unload-truck p0 t1 l1-0)
5.499: (fly-airplane a0 l0-0 l2-0)
5.499: (fly-airplane a0 l0-0 l2-0)
5.499: (fly-airplane a0 l0-0 l2-0)
5.499: (drive-truck t2 l2-0 l2-1 c2)
5.499: (drive-truck t2 l2-0 l2-1 c2)
5.499: (drive-truck t2 l2-0 l2-1 c2)
5.499: (drive-truck t2 l2-0 l2-1 c2)
5.500: (drive-truck t2 l2-0 l2-1 c2)
5.500: (drive-truck t2 l2-0 l2-1 c2)
5.500: (drive-truck t2 l2-0 l2-1 c2)
5.500: (drive-truck t2 l2-0 l2-1 c2)
5.500: (fly-airplane a0 l0-0 l1-0)
5.500: (unload-truck p2 t1 l1-0)
5.500: (unload-truck p2 t1 l1-0)
5.500: (unload-truck p0 t1 l1-0)
5.500: (unload-truck p0 t1 l1-0)
5.500: (fly-airplane a0 l0-0 l1-0)
5.500: (fly-airplane a0 l0-0 l1-0)
5.500: (fly-airplane a0 l0-0 l1-0)
5.551: (drive-truck t0 l0-1 l0-0 c0)
5.551: (drive-truck t0 l0-1 l0-0 c0)
5.551: (drive-truck t0 l0-1 l0-0 c0)
5.552: (drive-truck t2 l2-1 l2-0 c2)
5.552: (drive-truck t2 l2-1 l2-0 c2)
5.552: (drive-truck t0 l0-1 l0-0 c0)
5.552: (drive-truck t2 l2-1 l2-0 c2)
5.552: (drive-truck t2 l2-1 l2-0 c2)
5.662: (fly-airplane a0 l2-0 l0-0)
5.662: (fly-airplane a0 l2-0 l0-0)
5.662: (fly-airplane a0 l2-0 l0-0)
5.662: (fly-airplane a0 l2-0 l0-0)
5.690: (drive-truck t2 l2-1 l2-0 c2)
5.690: (drive-truck t2 l2-1 l2-0 c2)
5.690: (drive-truck t2 l2-1 l2-0 c2)
5.690: (drive-truck t2 l2-1 l2-0 c2)
5.697: (fly-airplane a0 l1-0 l2-0)
5.697: (fly-airplane a0 l1-0 l2-0)
5.697: (fly-airplane a0 l1-0 l2-0)
5.697: (fly-airplane a0 l1-0 l2-0)
5.723: (drive-truck t1 l1-1 l1-0 c1)
5.723: (drive-truck t1 l1-1 l1-0 c1)
5.723: (drive-truck t1 l1-1 l1-0 c1)
5.723: (drive-truck t1 l1-1 l1-0 c1)
5.734: (drive-truck t2 l2-1 l2-0 c2)
5.734: (drive-truck t2 l2-1 l2-0 c2)
5.734: (drive-truck t2 l2-1 l2-0 c2)
5.734: (drive-truck t2 l2-1 l2-0 c2)
5.746: (drive-truck t2 l2-1 l2-0 c2)
5.746: (drive-truck t2 l2-1 l2-0 c2)
5.746: (drive-truck t2 l2-1 l2-0 c2)
5.746: (drive-truck t2 l2-1 l2-0 c2)
5.854: (drive-truck t1 l1-1 l1-0 c1)
5.854: (drive-truck t1 l1-1 l1-0 c1)
5.854: (drive-truck t1 l1-1 l1-0 c1)
5.854: (drive-truck t1 l1-1 l1-0 c1)
5.868: (drive-truck t2 l2-1 l2-0 c2)
5.868: (drive-truck t2 l2-1 l2-0 c2)
5.868: (drive-truck t2 l2-1 l2-0 c2)
5.868: (drive-truck t2 l2-1 l2-0 c2)
5.936: (drive-truck t1 l1-1 l1-0 c1)
5.936: (drive-truck t1 l1-1 l1-0 c1)
5.936: (drive-truck t1 l1-1 l1-0 c1)
5.936: (drive-truck t1 l1-1 l1-0 c1)
5.936: (drive-truck t0 l0-0 l0-1 c0)
5.936: (drive-truck t0 l0-0 l0-1 c0)
5.936: (drive-truck t0 l0-0 l0-1 c0)
5.936: (drive-truck t0 l0-0 l0-1 c0)
5.942: (drive-truck t0 l0-0 l0-1 c0)
5.942: (drive-truck t0 l0-0 l0-1 c0)
5.942: (drive-truck t1 l1-1 l1-0 c1)
5.942: (drive-truck t1 l1-1 l1-0 c1)
5.942: (drive-truck t0 l0-0 l0-1 c0)
5.942: (drive-truck t0 l0-0 l0-1 c0)
5.942: (drive-truck t1 l1-1 l1-0 c1)
5.942: (drive-truck t1 l1-1 l1-0 c1)
5.997: (drive-truck t1 l1-0 l1-1 c1)
5.997: (drive-truck t1 l1-0 l1-1 c1)
5.997: (drive-truck t1 l1-0 l1-1 c1)
5.997: (drive-truck t1 l1-0 l1-1 c1)
6.007: (drive-truck t1 l1-0 l1-1 c1)
6.007: (drive-truck t1 l1-0 l1-1 c1)
6.007: (drive-truck t1 l1-0 l1-1 c1)
6.007: (drive-truck t1 l1-0 l1-1 c1)
6.009: (load-airplane p1 a0 l2-0)
6.009: (load-airplane p1 a0 l2-0)
6.009: (load-airplane p3 a0 l2-0)
6.009: (load-airplane p3 a0 l2-0)
6.009: (load-truck p3 t2 l2-0)
6.009: (load-truck p1 t2 l2-0)
6.009: (load-truck p1 t2 l2-0)
6.009: (load-truck p3 t2 l2-0)
6.012: (load-truck p1 t2 l2-0)
6.012: (load-truck p3 t2 l2-0)
6.012: (load-truck p1 t2 l2-0)
6.012: (load-truck p3 t2 l2-0)
6.012: (load-truck p0 t0 l0-0)
6.012: (load-truck p2 t0 l0-0)
6.012: (load-truck p0 t0 l0-0)
6.012: (load-truck p2 t0 l0-0)
6.013: (load-truck p0 t0 l0-0)
6.013: (load-truck p0 t0 l0-0)
6.013: (load-truck p2 t0 l0-0)
6.013: (load-truck p2 t0 l0-0)
6.025: (drive-truck t1 l1-1 l1-0 c1)
6.025: (drive-truck t1 l1-1 l1-0 c1)
6.025: (drive-truck t1 l1-1 l1-0 c1)
6.025: (drive-truck t1 l1-1 l1-0 c1)
6.107: (drive-truck t1 l1-1 l1-0 c1)
6.107: (drive-truck t1 l1-1 l1-0 c1)
6.107: (drive-truck t1 l1-1 l1-0 c1)
6.107: (drive-truck t1 l1-1 l1-0 c1)
4.125: (fly-airplane a0 l1-0 l2-0)
4.125: (fly-airplane a0 l1-0 l2-0)
4.125: (fly-airplane a0 l1-0 l2-0)
4.125: (fly-airplane a0 l1-0 l2-0)
4.128: (fly-airplane a0 l1-0 l0-0)
4.128: (fly-airplane a0 l1-0 l0-0)
4.128: (fly-airplane a0 l1-0 l0-0)
4.128: (fly-airplane a0 l1-0 l0-0)
4.478: (load-airplane p0 a0 l1-0)
4.478: (load-airplane p0 a0 l1-0)
4.478: (drive-truck t2 l2-0 l2-1 c2)
4.478: (drive-truck t2 l2-0 l2-1 c2)
4.478: (drive-truck t2 l2-0 l2-1 c2)
4.478: (load-airplane p2 a0 l1-0)
4.478: (drive-truck t2 l2-0 l2-1 c2)
4.478: (load-airplane p2 a0 l1-0)
4.947: (load-airplane p2 a0 l1-0)
4.947: (load-airplane p2 a0 l1-0)
4.947: (load-airplane p0 a0 l1-0)
4.947: (load-airplane p0 a0 l1-0)
4.947: (load-truck p2 t0 l0-0)
4.947: (load-truck p0 t0 l0-0)
4.947: (load-truck p0 t0 l0-0)
4.947: (load-truck p2 t0 l0-0)
4.956: (drive-truck t1 l1-0 l1-1 c1)
4.956: (drive-truck t1 l1-0 l1-1 c1)
4.956: (drive-truck t1 l1-0 l1-1 c1)
4.956: (drive-truck t1 l1-0 l1-1 c1)
4.956: (load-airplane p0 a0 l1-0)
4.956: (load-airplane p2 a0 l1-0)
4.956: (load-airplane p2 a0 l1-0)
4.956: (load-airplane p0 a0 l1-0)
4.989: (load-truck p1 t2 l2-0)
4.989: (load-truck p3 t2 l2-0)
4.989: (load-truck p1 t2 l2-0)
4.989: (load-truck p3 t2 l2-0)
4.989: (load-airplane p2 a0 l1-0)
4.989: (load-airplane p0 a0 l1-0)
4.989: (load-airplane p2 a0 l1-0)
4.989: (load-airplane p0 a0 l1-0)
5.172: (unload-truck p4 t2 l2-0)
5.173: (unload-truck p4 t2 l2-0)
5.173: (unload-truck p4 t2 l2-0)
5.173: (unload-truck p4 t2 l2-0)
5.178: (drive-truck t0 l0-0 l0-1 c0)
5.178: (drive-truck t0 l0-0 l0-1 c0)
5.178: (drive-truck t0 l0-0 l0-1 c0)
5.178: (drive-truck t0 l0-0 l0-1 c0)
5.204: (unload-truck p1 t0 l0-0)
5.204: (unload-truck p3 t0 l0-0)
5.204: (unload-truck p3 t0 l0-0)
5.204: (unload-truck p1 t0 l0-0)
5.730: (drive-truck t0 l0-1 l0-0 c0)
5.730: (drive-truck t2 l2-1 l2-0 c2)
5.730: (drive-truck t2 l2-1 l2-0 c2)
5.730: (drive-truck t2 l2-1 l2-0 c2)
5.730: (drive-truck t2 l2-1 l2-0 c2)
5.730: (drive-truck t0 l0-1 l0-0 c0)
5.730: (drive-truck t0 l0-1 l0-0 c0)
5.730: (drive-truck t0 l0-1 l0-0 c0)
5.730: (drive-truck t1 l1-1 l1-0 c1)
5.730: (drive-truck t1 l1-1 l1-0 c1)
5.730: (drive-truck t1 l1-1 l1-0 c1)
5.730: (drive-truck t1 l1-1 l1-0 c1)
5.736: (fly-airplane a0 l2-0 l0-0)
5.736: (fly-airplane a0 l2-0 l0-0)
5.736: (fly-airplane a0 l2-0 l0-0)
5.736: (fly-airplane a0 l2-0 l0-0)
5.736: (fly-airplane a0 l1-0 l0-0)
5.736: (fly-airplane a0 l1-0 l0-0)
5.736: (fly-airplane a0 l1-0 l0-0)
5.736: (fly-airplane a0 l1-0 l0-0)
5.756: (fly-airplane a0 l2-0 l1-0)
5.756: (fly-airplane a0 l2-0 l1-0)
5.756: (fly-airplane a0 l2-0 l1-0)
5.756: (fly-airplane a0 l2-0 l1-0)
5.846: (drive-truck t2 l2-1 l2-0 c2)
5.846: (drive-truck t2 l2-1 l2-0 c2)
5.846: (drive-truck t2 l2-1 l2-0 c2)
5.846: (drive-truck t2 l2-1 l2-0 c2)
5.846: (drive-truck t1 l1-1 l1-0 c1)
5.846: (drive-truck t1 l1-1 l1-0 c1)
5.846: (drive-truck t1 l1-1 l1-0 c1)
5.846: (drive-truck t1 l1-1 l1-0 c1)
5.854: (drive-truck t1 l1-1 l1-0 c1)
5.854: (drive-truck t1 l1-1 l1-0 c1)
5.854: (drive-truck t1 l1-1 l1-0 c1)
5.854: (drive-truck t1 l1-1 l1-0 c1)
5.854: (drive-truck t2 l2-1 l2-0 c2)
5.854: (drive-truck t2 l2-1 l2-0 c2)
5.854: (drive-truck t2 l2-1 l2-0 c2)
5.854: (drive-truck t2 l2-1 l2-0 c2)
5.857: (fly-airplane a0 l1-0 l0-0)
5.857: (fly-airplane a0 l1-0 l0-0)
5.857: (fly-airplane a0 l1-0 l0-0)
5.857: (fly-airplane a0 l1-0 l0-0)
5.859: (fly-airplane a0 l1-0 l2-0)
5.859: (fly-airplane a0 l1-0 l2-0)
5.859: (fly-airplane a0 l1-0 l2-0)
5.859: (fly-airplane a0 l1-0 l2-0)
5.859: (drive-truck t1 l1-1 l1-0 c1)
5.859: (drive-truck t1 l1-1 l1-0 c1)
5.859: (drive-truck t1 l1-1 l1-0 c1)
5.859: (drive-truck t1 l1-1 l1-0 c1)
5.861: (drive-truck t2 l2-1 l2-0 c2)
5.862: (drive-truck t2 l2-1 l2-0 c2)
5.862: (drive-truck t2 l2-1 l2-0 c2)
5.862: (drive-truck t2 l2-1 l2-0 c2)
5.862: (drive-truck t0 l0-1 l0-0 c0)
5.862: (drive-truck t0 l0-1 l0-0 c0)
5.862: (drive-truck t0 l0-1 l0-0 c0)
5.862: (drive-truck t0 l0-1 l0-0 c0)
5.865: (drive-truck t1 l1-1 l1-0 c1)
5.865: (drive-truck t1 l1-1 l1-0 c1)
5.865: (drive-truck t1 l1-1 l1-0 c1)
5.865: (drive-truck t1 l1-1 l1-0 c1)
5.869: (fly-airplane a0 l2-0 l0-0)
5.869: (fly-airplane a0 l2-0 l0-0)
5.869: (fly-airplane a0 l2-0 l0-0)
5.869: (drive-truck t2 l2-1 l2-0 c2)
4.608: (drive-truck t2 l2-0 l2-1 c2)
4.608: (drive-truck t2 l2-0 l2-1 c2)
4.608: (drive-truck t2 l2-0 l2-1 c2)
4.608: (fly-airplane a0 l1-0 l2-0)
4.608: (drive-truck t2 l2-0 l2-1 c2)
4.608: (fly-airplane a0 l1-0 l2-0)
4.608: (fly-airplane a0 l1-0 l2-0)
4.608: (fly-airplane a0 l1-0 l2-0)
4.649: (fly-airplane a0 l1-0 l0-0)
4.649: (drive-truck t2 l2-0 l2-1 c2)
4.649: (fly-airplane a0 l1-0 l0-0)
4.649: (drive-truck t2 l2-0 l2-1 c2)
4.649: (fly-airplane a0 l1-0 l0-0)
4.649: (drive-truck t2 l2-0 l2-1 c2)
4.649: (fly-airplane a0 l1-0 l0-0)
4.649: (drive-truck t2 l2-0 l2-1 c2)
5.058: (fly-airplane a0 l1-0 l2-0)
5.058: (fly-airplane a0 l1-0 l2-0)
5.058: (fly-airplane a0 l1-0 l2-0)
5.058: (fly-airplane a0 l1-0 l2-0)
5.058: (drive-truck t1 l1-0 l1-1 c1)
5.058: (drive-truck t1 l1-0 l1-1 c1)
5.058: (drive-truck t1 l1-0 l1-1 c1)
5.058: (drive-truck t1 l1-0 l1-1 c1)
5.061: (fly-airplane a0 l1-0 l0-0)
5.061: (fly-airplane a0 l1-0 l0-0)
5.061: (fly-airplane a0 l1-0 l0-0)
5.061: (fly-airplane a0 l1-0 l0-0)
5.061: (drive-truck t1 l1-0 l1-1 c1)
5.061: (drive-truck t1 l1-0 l1-1 c1)
5.061: (drive-truck t1 l1-0 l1-1 c1)
5.061: (drive-truck t1 l1-0 l1-1 c1)
5.093: (load-truck p2 t0 l0-0)
5.093: (fly-airplane a0 l1-0 l2-0)
5.093: (load-truck p0 t0 l0-0)
5.093: (load-truck p0 t0 l0-0)
5.093: (load-truck p2 t0 l0-0)
5.093: (fly-airplane a0 l1-0 l2-0)
5.093: (fly-airplane a0 l1-0 l2-0)
5.093: (fly-airplane a0 l1-0 l2-0)
5.097: (fly-airplane a0 l1-0 l0-0)
5.097: (fly-airplane a0 l1-0 l0-0)
5.097: (fly-airplane a0 l1-0 l0-0)
5.097: (load-truck p0 t0 l0-0)
5.097: (fly-airplane a0 l1-0 l0-0)
5.097: (load-truck p2 t0 l0-0)
5.097: (load-truck p0 t0 l0-0)
5.097: (load-truck p2 t0 l0-0)
5.111: (load-airplane p0 a0 l0-0)
5.111: (load-airplane p2 a0 l0-0)
5.111: (load-airplane p2 a0 l0-0)
5.111: (load-airplane p0 a0 l0-0)
5.144: (load-truck p3 t2 l2-0)
5.144: (load-truck p3 t2 l2-0)
5.144: (load-truck p1 t2 l2-0)
5.144: (load-truck p1 t2 l2-0)
5.144: (fly-airplane a0 l1-0 l0-0)
5.144: (fly-airplane a0 l1-0 l0-0)
5.144: (fly-airplane a0 l1-0 l0-0)
5.144: (fly-airplane a0 l1-0 l0-0)
5.147: (load-airplane p1 a0 l2-0)
5.147: (load-airplane p1 a0 l2-0)
5.147: (load-airplane p3 a0 l2-0)
5.147: (load-airplane p3 a0 l2-0)
5.147: (load-truck p1 t2 l2-0)
5.147: (load-truck p1 t2 l2-0)
5.147: (load-truck p3 t2 l2-0)
5.147: (load-truck p3 t2 l2-0)
5.148: (fly-airplane a0 l1-0 l2-0)
5.148: (fly-airplane a0 l1-0 l2-0)
5.148: (fly-airplane a0 l1-0 l2-0)
5.148: (fly-airplane a0 l1-0 l2-0)
5.166: (fly-airplane a0 l1-0 l2-0)
5.166: (fly-airplane a0 l1-0 l2-0)
5.166: (unload-truck p4 t2 l2-0)
5.166: (unload-truck p4 t2 l2-0)
5.166: (unload-truck p4 t2 l2-0)
5.166: (unload-truck p4 t2 l2-0)
5.166: (fly-airplane a0 l1-0 l2-0)
5.166: (fly-airplane a0 l1-0 l2-0)
5.169: (drive-truck t2 l2-0 l2-1 c2)
5.169: (drive-truck t2 l2-0 l2-1 c2)
5.169: (drive-truck t2 l2-0 l2-1 c2)
5.169: (drive-truck t2 l2-0 l2-1 c2)
5.176: (drive-truck t0 l0-0 l0-1 c0)
5.176: (drive-truck t0 l0-0 l0-1 c0)
5.176: (drive-truck t0 l0-0 l0-1 c0)
5.176: (drive-truck t0 l0-0 l0-1 c0)
5.179: (unload-airplane p0 a0 l2-0)
5.179: (unload-airplane p2 a0 l2-0)
5.179: (unload-airplane p2 a0 l2-0)
5.179: (unload-airplane p0 a0 l2-0)
5.268: (unload-truck p1 t0 l0-0)
5.268: (unload-truck p3 t0 l0-0)
5.268: (unload-truck p3 t0 l0-0)
5.268: (unload-truck p1 t0 l0-0)
5.268: (fly-airplane a0 l1-0 l0-0)
5.268: (fly-airplane a0 l1-0 l0-0)
5.268: (fly-airplane a0 l1-0 l0-0)
5.268: (fly-airplane a0 l1-0 l0-0)
5.269: (drive-truck t0 l0-0 l0-1 c0)
5.269: (drive-truck t0 l0-0 l0-1 c0)
5.269: (drive-truck t0 l0-0 l0-1 c0)
5.269: (drive-truck t0 l0-0 l0-1 c0)
5.269: (drive-truck t2 l2-0 l2-1 c2)
5.269: (drive-truck t2 l2-0 l2-1 c2)
5.269: (drive-truck t2 l2-0 l2-1 c2)
5.269: (drive-truck t2 l2-0 l2-1 c2)
5.321: (fly-airplane a0 l1-0 l0-0)
5.321: (fly-airplane a0 l1-0 l0-0)
5.321: (fly-airplane a0 l1-0 l0-0)
5.321: (fly-airplane a0 l1-0 l0-0)
5.321: (drive-truck t0 l0-0 l0-1 c0)
5.321: (drive-truck t0 l0-0 l0-1 c0)
5.321: (drive-truck t0 l0-0 l0-1 c0)
5.321: (drive-truck t0 l0-0 l0-1 c0)
5.341: (fly-airplane a0 l1-0 l0-0)
5.341: (fly-airplane a0 l1-0 l0-0)
5.341: (fly-airplane a0 l1-0 l0-0)
5.341: (fly-airplane a0 l1-0 l0-0)
4.081: (unload-airplane p2 a0 l0-0)
4.081: (unload-airplane p0 a0 l0-0)
4.081: (unload-airplane p0 a0 l0-0)
4.081: (unload-airplane p2 a0 l0-0)
4.087: (load-truck p2 t2 l2-0)
4.087: (load-truck p0 t2 l2-0)
4.087: (load-truck p2 t2 l2-0)
4.087: (load-truck p0 t2 l2-0)
4.956: (fly-airplane a0 l0-0 l1-0)
4.956: (fly-airplane a0 l0-0 l1-0)
4.994: (fly-airplane a0 l2-0 l1-0)
4.994: (fly-airplane a0 l2-0 l1-0)
4.994: (fly-airplane a0 l2-0 l1-0)
4.994: (fly-airplane a0 l2-0 l1-0)
5.109: (fly-airplane a0 l0-0 l2-0)
5.109: (fly-airplane a0 l0-0 l2-0)
5.147: (fly-airplane a0 l2-0 l0-0)
5.147: (fly-airplane a0 l2-0 l0-0)
5.147: (fly-airplane a0 l2-0 l0-0)
5.147: (fly-airplane a0 l2-0 l0-0)
5.178: (fly-airplane a0 l2-0 l1-0)
5.178: (fly-airplane a0 l2-0 l1-0)
5.178: (fly-airplane a0 l2-0 l1-0)
5.178: (fly-airplane a0 l2-0 l1-0)
5.178: (fly-airplane a0 l2-0 l0-0)
5.178: (fly-airplane a0 l2-0 l0-0)
5.178: (fly-airplane a0 l2-0 l0-0)
5.178: (fly-airplane a0 l2-0 l0-0)
5.339: (fly-airplane a0 l1-0 l2-0)
5.339: (fly-airplane a0 l1-0 l2-0)
5.339: (fly-airplane a0 l1-0 l2-0)
5.339: (fly-airplane a0 l1-0 l2-0)
5.341: (drive-truck t2 l2-0 l2-1 c2)
5.341: (drive-truck t2 l2-0 l2-1 c2)
5.341: (drive-truck t2 l2-0 l2-1 c2)
5.341: (drive-truck t2 l2-0 l2-1 c2)
5.342: (fly-airplane a0 l1-0 l0-0)
5.342: (fly-airplane a0 l1-0 l0-0)
5.342: (fly-airplane a0 l1-0 l0-0)
5.342: (fly-airplane a0 l1-0 l0-0)
5.354: (fly-airplane a0 l0-0 l2-0)
5.354: (fly-airplane a0 l0-0 l2-0)
5.354: (fly-airplane a0 l0-0 l2-0)
5.354: (fly-airplane a0 l0-0 l2-0)
5.365: (fly-airplane a0 l0-0 l2-0)
5.365: (fly-airplane a0 l0-0 l2-0)
5.365: (fly-airplane a0 l0-0 l2-0)
5.365: (fly-airplane a0 l0-0 l2-0)
5.419: (drive-truck t0 l0-0 l0-1 c0)
5.419: (drive-truck t0 l0-0 l0-1 c0)
5.419: (drive-truck t0 l0-0 l0-1 c0)
5.419: (drive-truck t0 l0-0 l0-1 c0)
5.420: (drive-truck t2 l2-0 l2-1 c2)
5.420: (fly-airplane a0 l1-0 l0-0)
5.420: (drive-truck t2 l2-0 l2-1 c2)
5.420: (drive-truck t2 l2-0 l2-1 c2)
5.420: (drive-truck t2 l2-0 l2-1 c2)
5.420: (fly-airplane a0 l1-0 l0-0)
5.420: (fly-airplane a0 l1-0 l0-0)
5.420: (fly-airplane a0 l1-0 l0-0)
5.423: (drive-truck t2 l2-0 l2-1 c2)
5.423: (drive-truck t2 l2-0 l2-1 c2)
5.423: (drive-truck t2 l2-0 l2-1 c2)
5.423: (drive-truck t2 l2-0 l2-1 c2)
5.432: (fly-airplane a0 l1-0 l2-0)
5.432: (fly-airplane a0 l1-0 l2-0)
5.432: (fly-airplane a0 l1-0 l2-0)
5.432: (fly-airplane a0 l1-0 l2-0)
5.432: (drive-truck t0 l0-0 l0-1 c0)
5.432: (drive-truck t0 l0-0 l0-1 c0)
5.432: (drive-truck t0 l0-0 l0-1 c0)
5.432: (drive-truck t0 l0-0 l0-1 c0)
5.464: (fly-airplane a0 l1-0 l2-0)
5.464: (drive-truck t2 l2-0 l2-1 c2)
5.464: (drive-truck t2 l2-0 l2-1 c2)
5.464: (drive-truck t2 l2-0 l2-1 c2)
5.464: (drive-truck t2 l2-0 l2-1 c2)
5.464: (fly-airplane a0 l1-0 l2-0)
5.464: (fly-airplane a0 l1-0 l2-0)
5.464: (fly-airplane a0 l1-0 l2-0)
5.532: (drive-truck t1 l1-0 l1-1 c1)
5.532: (drive-truck t1 l1-0 l1-1 c1)
5.532: (drive-truck t1 l1-0 l1-1 c1)
5.532: (drive-truck t1 l1-0 l1-1 c1)
5.532: (drive-truck t2 l2-0 l2-1 c2)
5.532: (drive-truck t2 l2-0 l2-1 c2)
5.532: (drive-truck t2 l2-0 l2-1 c2)
5.532: (drive-truck t2 l2-0 l2-1 c2)
5.547: (drive-truck t2 l2-0 l2-1 c2)
5.547: (drive-truck t2 l2-0 l2-1 c2)
5.547: (drive-truck t2 l2-0 l2-1 c2)
5.547: (unload-truck p3 t0 l0-0)
5.547: (unload-truck p3 t0 l0-0)
5.547: (drive-truck t2 l2-0 l2-1 c2)
5.547: (unload-truck p1 t0 l0-0)
5.547: (unload-truck p1 t0 l0-0)
5.563: (drive-truck t2 l2-0 l2-1 c2)
5.563: (drive-truck t2 l2-0 l2-1 c2)
5.563: (load-truck p2 t0 l0-0)
5.563: (drive-truck t2 l2-0 l2-1 c2)
5.563: (drive-truck t2 l2-0 l2-1 c2)
5.563: (load-truck p0 t0 l0-0)
5.563: (load-truck p0 t0 l0-0)
5.563: (load-truck p2 t0 l0-0)
5.572: (drive-truck t2 l2-0 l2-1 c2)
5.572: (drive-truck t2 l2-0 l2-1 c2)
5.572: (drive-truck t1 l1-0 l1-1 c1)
5.572: (drive-truck t1 l1-0 l1-1 c1)
5.572: (drive-truck t1 l1-0 l1-1 c1)
5.572: (drive-truck t1 l1-0 l1-1 c1)
5.572: (drive-truck t2 l2-0 l2-1 c2)
5.572: (drive-truck t2 l2-0 l2-1 c2)
5.618: (load-airplane p1 a0 l2-0)
5.618: (load-airplane p1 a0 l2-0)
5.618: (load-airplane p3 a0 l2-0)
5.618: (load-airplane p3 a0 l2-0)
5.618: (drive-truck t2 l2-0 l2-1 c2)
5.618: (drive-truck t2 l2-0 l2-1 c2)
5.618: (drive-truck t2 l2-0 l2-1 c2)
5.618: (drive-truck t2 l2-0 l2-1 c2)
4.078: (fly-airplane a0 l0-0 l1-0)
4.078: (fly-airplane a0 l0-0 l1-0)
4.078: (fly-airplane a0 l0-0 l1-0)
4.078: (fly-airplane a0 l0-0 l1-0)
4.081: (fly-airplane a0 l0-0 l2-0)
4.081: (fly-airplane a0 l0-0 l2-0)
4.081: (fly-airplane a0 l0-0 l2-0)
4.081: (fly-airplane a0 l0-0 l2-0)
4.084: (load-truck p2 t2 l2-0)
4.084: (fly-airplane a0 l2-0 l1-0)
4.084: (fly-airplane a0 l2-0 l1-0)
4.084: (load-truck p2 t2 l2-0)
4.084: (load-truck p0 t2 l2-0)
4.084: (load-truck p0 t2 l2-0)
4.084: (fly-airplane a0 l2-0 l1-0)
4.084: (fly-airplane a0 l2-0 l1-0)
4.087: (fly-airplane a0 l2-0 l0-0)
4.087: (fly-airplane a0 l2-0 l0-0)
4.087: (fly-airplane a0 l2-0 l0-0)
4.087: (fly-airplane a0 l2-0 l0-0)
4.087: (load-truck p0 t2 l2-0)
4.087: (load-truck p0 t2 l2-0)
4.087: (load-truck p2 t2 l2-0)
4.087: (load-truck p2 t2 l2-0)
4.607: (drive-truck t2 l2-0 l2-1 c2)
4.607: (drive-truck t2 l2-0 l2-1 c2)
4.607: (drive-truck t2 l2-0 l2-1 c2)
4.607: (drive-truck t2 l2-0 l2-1 c2)
5.014: (drive-truck t1 l1-0 l1-1 c1)
5.014: (drive-truck t1 l1-0 l1-1 c1)
5.014: (drive-truck t1 l1-0 l1-1 c1)
5.014: (drive-truck t1 l1-0 l1-1 c1)
5.022: (drive-truck t1 l1-0 l1-1 c1)
5.022: (drive-truck t1 l1-0 l1-1 c1)
5.022: (drive-truck t1 l1-0 l1-1 c1)
5.022: (drive-truck t1 l1-0 l1-1 c1)
5.088: (load-truck p2 t0 l0-0)
5.088: (load-truck p0 t0 l0-0)
5.088: (load-truck p2 t0 l0-0)
5.088: (load-truck p0 t0 l0-0)
5.095: (load-truck p0 t0 l0-0)
5.095: (load-truck p2 t0 l0-0)
5.095: (load-truck p0 t0 l0-0)
5.095: (load-truck p2 t0 l0-0)
5.097: (load-truck p3 t2 l2-0)
5.097: (load-truck p1 t2 l2-0)
5.097: (load-truck p1 t2 l2-0)
5.097: (load-truck p3 t2 l2-0)
5.098: (load-truck p3 t2 l2-0)
5.098: (load-truck p3 t2 l2-0)
5.098: (load-truck p1 t2 l2-0)
5.098: (load-truck p1 t2 l2-0)
5.107: (unload-truck p4 t2 l2-0)
5.107: (unload-truck p4 t2 l2-0)
5.107: (unload-truck p4 t2 l2-0)
5.107: (unload-truck p4 t2 l2-0)
5.109: (load-airplane p1 a0 l2-0)
5.109: (load-airplane p1 a0 l2-0)
5.109: (load-airplane p3 a0 l2-0)
5.109: (load-airplane p3 a0 l2-0)
5.190: (unload-truck p3 t0 l0-0)
5.190: (unload-truck p3 t0 l0-0)
5.190: (unload-truck p1 t0 l0-0)
5.190: (unload-truck p1 t0 l0-0)
5.300: (unload-truck p4 t2 l2-0)
5.300: (unload-truck p4 t2 l2-0)
5.300: (unload-truck p4 t2 l2-0)
5.300: (unload-truck p4 t2 l2-0)
5.394: (drive-truck t2 l2-0 l2-1 c2)
5.394: (drive-truck t2 l2-0 l2-1 c2)
5.394: (drive-truck t2 l2-0 l2-1 c2)
5.394: (drive-truck t2 l2-0 l2-1 c2)
5.397: (unload-truck p1 t0 l0-0)
5.397: (unload-truck p3 t0 l0-0)
5.397: (unload-truck p3 t0 l0-0)
5.397: (unload-truck p1 t0 l0-0)
5.414: (drive-truck t0 l0-0 l0-1 c0)
5.414: (drive-truck t0 l0-0 l0-1 c0)
5.414: (drive-truck t0 l0-0 l0-1 c0)
5.414: (drive-truck t0 l0-0 l0-1 c0)
5.442: (fly-airplane a0 l2-0 l1-0)
5.442: (fly-airplane a0 l2-0 l1-0)
5.442: (fly-airplane a0 l2-0 l1-0)
5.442: (fly-airplane a0 l2-0 l1-0)
5.442: (drive-truck t2 l2-0 l2-1 c2)
5.442: (drive-truck t2 l2-0 l2-1 c2)
5.442: (drive-truck t2 l2-0 l2-1 c2)
5.442: (drive-truck t2 l2-0 l2-1 c2)
5.450: (fly-airplane a0 l0-0 l1-0)
5.450: (fly-airplane a0 l0-0 l1-0)
5.450: (fly-airplane a0 l0-0 l1-0)
5.450: (fly-airplane a0 l0-0 l1-0)
5.450: (drive-truck t0 l0-1 l0-0 c0)
5.450: (drive-truck t0 l0-1 l0-0 c0)
5.450: (drive-truck t0 l0-1 l0-0 c0)
5.450: (drive-truck t0 l0-1 l0-0 c0)
5.453: (fly-airplane a0 l2-0 l1-0)
5.453: (fly-airplane a0 l2-0 l1-0)
5.453: (fly-airplane a0 l2-0 l1-0)
5.453: (fly-airplane a0 l2-0 l1-0)
5.453: (fly-airplane a0 l0-0 l1-0)
5.453: (fly-airplane a0 l0-0 l1-0)
5.453: (fly-airplane a0 l0-0 l1-0)
5.453: (fly-airplane a0 l0-0 l1-0)
5.461: (fly-airplane a0 l2-0 l1-0)
5.461: (fly-airplane a0 l2-0 l1-0)
5.461: (fly-airplane a0 l2-0 l1-0)
5.461: (fly-airplane a0 l2-0 l1-0)
5.465: (drive-truck t2 l2-0 l2-1 c2)
5.465: (drive-truck t2 l2-0 l2-1 c2)
5.511: (drive-truck t0 l0-0 l0-1 c0)
5.511: (drive-truck t0 l0-0 l0-1 c0)
5.511: (drive-truck t0 l0-0 l0-1 c0)
5.511: (drive-truck t0 l0-0 l0-1 c0)
5.569: (drive-truck t2 l2-0 l2-1 c2)
5.569: (drive-truck t2 l2-0 l2-1 c2)
5.605: (fly-airplane a0 l2-0 l0-0)
5.605: (fly-airplane a0 l2-0 l0-0)
5.605: (fly-airplane a0 l2-0 l0-0)
5.605: (fly-airplane a0 l2-0 l0-0)
4.604: (drive-truck t2 l2-0 l2-1 c2)
4.604: (drive-truck t2 l2-0 l2-1 c2)
4.604: (fly-airplane a0 l0-0 l1-0)
4.604: (drive-truck t2 l2-0 l2-1 c2)
4.604: (drive-truck t2 l2-0 l2-1 c2)
4.604: (fly-airplane a0 l0-0 l1-0)
4.604: (fly-airplane a0 l0-0 l1-0)
4.604: (fly-airplane a0 l0-0 l1-0)
4.607: (fly-airplane a0 l0-0 l2-0)
4.607: (drive-truck t2 l2-0 l2-1 c2)
4.607: (drive-truck t2 l2-0 l2-1 c2)
4.607: (fly-airplane a0 l0-0 l2-0)
4.607: (fly-airplane a0 l0-0 l2-0)
4.607: (drive-truck t2 l2-0 l2-1 c2)
4.607: (drive-truck t2 l2-0 l2-1 c2)
4.607: (fly-airplane a0 l0-0 l2-0)
4.956: (fly-airplane a0 l2-0 l1-0)
4.956: (fly-airplane a0 l2-0 l1-0)
4.956: (fly-airplane a0 l2-0 l1-0)
4.956: (fly-airplane a0 l2-0 l1-0)
5.008: (fly-airplane a0 l0-0 l1-0)
5.008: (fly-airplane a0 l0-0 l1-0)
5.008: (fly-airplane a0 l0-0 l1-0)
5.008: (fly-airplane a0 l0-0 l1-0)
5.008: (drive-truck t1 l1-0 l1-1 c1)
5.008: (drive-truck t1 l1-0 l1-1 c1)
5.008: (drive-truck t1 l1-0 l1-1 c1)
5.008: (drive-truck t1 l1-0 l1-1 c1)
5.014: (drive-truck t1 l1-0 l1-1 c1)
5.014: (drive-truck t1 l1-0 l1-1 c1)
5.015: (drive-truck t1 l1-0 l1-1 c1)
5.015: (fly-airplane a0 l0-0 l2-0)
5.015: (drive-truck t1 l1-0 l1-1 c1)
5.015: (fly-airplane a0 l0-0 l2-0)
5.015: (fly-airplane a0 l0-0 l2-0)
5.015: (fly-airplane a0 l0-0 l2-0)
5.015: (drive-truck t1 l1-0 l1-1 c1)
5.015: (drive-truck t1 l1-0 l1-1 c1)
5.015: (drive-truck t1 l1-0 l1-1 c1)
5.015: (drive-truck t1 l1-0 l1-1 c1)
5.016: (fly-airplane a0 l2-0 l1-0)
5.016: (fly-airplane a0 l2-0 l1-0)
5.016: (fly-airplane a0 l2-0 l1-0)
5.016: (fly-airplane a0 l2-0 l1-0)
5.022: (drive-truck t1 l1-0 l1-1 c1)
5.022: (drive-truck t1 l1-0 l1-1 c1)
5.022: (drive-truck t1 l1-0 l1-1 c1)
5.022: (drive-truck t1 l1-0 l1-1 c1)
5.022: (fly-airplane a0 l2-0 l0-0)
5.022: (fly-airplane a0 l2-0 l0-0)
5.022: (fly-airplane a0 l2-0 l0-0)
5.022: (fly-airplane a0 l2-0 l0-0)
5.085: (load-truck p2 t0 l0-0)
5.085: (load-truck p0 t0 l0-0)
5.085: (load-truck p0 t0 l0-0)
5.085: (load-truck p2 t0 l0-0)
5.085: (fly-airplane a0 l0-0 l1-0)
5.085: (fly-airplane a0 l0-0 l1-0)
5.086: (fly-airplane a0 l0-0 l2-0)
5.086: (fly-airplane a0 l0-0 l2-0)
5.086: (load-truck p2 t0 l0-0)
5.086: (load-truck p0 t0 l0-0)
5.086: (load-truck p0 t0 l0-0)
5.086: (load-truck p2 t0 l0-0)
5.092: (fly-airplane a0 l2-0 l1-0)
5.092: (fly-airplane a0 l2-0 l1-0)
5.092: (load-truck p0 t0 l0-0)
5.092: (load-truck p2 t0 l0-0)
5.092: (load-truck p2 t0 l0-0)
5.092: (load-truck p0 t0 l0-0)
5.092: (fly-airplane a0 l2-0 l1-0)
5.092: (fly-airplane a0 l2-0 l1-0)
5.093: (fly-airplane a0 l2-0 l1-0)
5.093: (fly-airplane a0 l2-0 l1-0)
5.093: (load-truck p1 t2 l2-0)
5.093: (fly-airplane a0 l2-0 l1-0)
5.093: (fly-airplane a0 l2-0 l1-0)
5.093: (load-truck p3 t2 l2-0)
5.093: (load-truck p1 t2 l2-0)
5.093: (load-truck p3 t2 l2-0)
5.095: (fly-airplane a0 l0-0 l1-0)
5.095: (fly-airplane a0 l0-0 l1-0)
5.095: (fly-airplane a0 l0-0 l1-0)
5.095: (fly-airplane a0 l0-0 l1-0)
5.095: (load-truck p1 t2 l2-0)
5.095: (load-truck p3 t2 l2-0)
5.095: (load-truck p3 t2 l2-0)
5.095: (load-truck p1 t2 l2-0)
5.095: (fly-airplane a0 l2-0 l0-0)
5.095: (fly-airplane a0 l2-0 l0-0)
5.095: (fly-airplane a0 l2-0 l0-0)
5.095: (fly-airplane a0 l2-0 l0-0)
5.096: (load-truck p3 t2 l2-0)
5.096: (load-truck p1 t2 l2-0)
5.096: (load-truck p3 t2 l2-0)
5.096: (load-truck p1 t2 l2-0)
5.097: (fly-airplane a0 l2-0 l0-0)
5.097: (fly-airplane a0 l2-0 l0-0)
5.097: (load-truck p0 t0 l0-0)
5.097: (load-truck p2 t0 l0-0)
5.097: (load-truck p0 t0 l0-0)
5.097: (load-truck p2 t0 l0-0)
5.097: (fly-airplane a0 l2-0 l0-0)
5.097: (fly-airplane a0 l2-0 l0-0)
5.100: (load-truck p3 t2 l2-0)
5.100: (load-truck p3 t2 l2-0)
5.100: (load-truck p1 t2 l2-0)
5.100: (load-truck p1 t2 l2-0)
5.100: (fly-airplane a0 l0-0 l2-0)
5.100: (fly-airplane a0 l0-0 l2-0)
5.100: (fly-airplane a0 l0-0 l2-0)
5.100: (fly-airplane a0 l0-0 l2-0)
5.105: (fly-airplane a0 l2-0 l0-0)
5.105: (fly-airplane a0 l2-0 l0-0)
5.105: (fly-airplane a0 l2-0 l0-0)
5.105: (fly-airplane a0 l2-0 l0-0)
5.107: (load-airplane p3 a0 l2-0)
5.107: (load-airplane p3 a0 l2-0)
5.107: (load-airplane p1 a0 l2-0)
5.107: (load-airplane p1 a0 l2-0)
4.954: (fly-airplane a0 l2-0 l1-0)
4.955: (fly-airplane a0 l2-0 l1-0)
4.955: (fly-airplane a0 l2-0 l1-0)
4.955: (fly-airplane a0 l2-0 l1-0)
5.101: (fly-airplane a0 l2-0 l0-0)
5.101: (fly-airplane a0 l2-0 l0-0)
5.101: (fly-airplane a0 l2-0 l0-0)
5.101: (fly-airplane a0 l2-0 l0-0)
5.481: (unload-truck p1 t0 l0-0)
5.481: (unload-truck p1 t0 l0-0)
5.481: (unload-truck p3 t0 l0-0)
5.481: (unload-truck p3 t0 l0-0)
5.484: (unload-truck p3 t0 l0-0)
5.484: (unload-truck p1 t0 l0-0)
5.484: (unload-truck p3 t0 l0-0)
5.484: (unload-truck p1 t0 l0-0)
5.510: (drive-truck t0 l0-0 l0-1 c0)
5.510: (drive-truck t0 l0-0 l0-1 c0)
5.510: (drive-truck t0 l0-0 l0-1 c0)
5.510: (drive-truck t0 l0-0 l0-1 c0)
5.513: (drive-truck t0 l0-0 l0-1 c0)
5.513: (drive-truck t0 l0-0 l0-1 c0)
5.513: (drive-truck t0 l0-0 l0-1 c0)
5.513: (drive-truck t0 l0-0 l0-1 c0)
5.524: (drive-truck t1 l1-0 l1-1 c1)
5.524: (drive-truck t2 l2-0 l2-1 c2)
5.524: (drive-truck t2 l2-0 l2-1 c2)
5.524: (drive-truck t1 l1-0 l1-1 c1)
5.524: (drive-truck t1 l1-0 l1-1 c1)
5.524: (drive-truck t1 l1-0 l1-1 c1)
5.524: (drive-truck t2 l2-0 l2-1 c2)
5.524: (drive-truck t2 l2-0 l2-1 c2)
5.531: (drive-truck t1 l1-0 l1-1 c1)
5.531: (drive-truck t1 l1-0 l1-1 c1)
5.531: (drive-truck t1 l1-0 l1-1 c1)
5.531: (drive-truck t1 l1-0 l1-1 c1)
5.531: (drive-truck t2 l2-0 l2-1 c2)
5.531: (drive-truck t2 l2-0 l2-1 c2)
5.531: (drive-truck t2 l2-0 l2-1 c2)
5.531: (drive-truck t2 l2-0 l2-1 c2)
5.560: (drive-truck t2 l2-0 l2-1 c2)
5.560: (drive-truck t2 l2-0 l2-1 c2)
5.560: (drive-truck t2 l2-0 l2-1 c2)
5.560: (drive-truck t2 l2-0 l2-1 c2)
5.560: (load-airplane p1 a0 l2-0)
5.560: (load-airplane p3 a0 l2-0)
5.560: (load-airplane p1 a0 l2-0)
5.560: (load-airplane p3 a0 l2-0)
5.609: (load-truck p0 t0 l0-0)
5.609: (load-truck p0 t0 l0-0)
5.609: (load-truck p2 t0 l0-0)
5.609: (load-truck p2 t0 l0-0)
5.609: (drive-truck t2 l2-0 l2-1 c2)
5.609: (drive-truck t2 l2-0 l2-1 c2)
5.612: (load-truck p2 t0 l0-0)
5.613: (load-truck p2 t0 l0-0)
5.613: (load-truck p0 t0 l0-0)
5.613: (load-truck p0 t0 l0-0)
5.613: (drive-truck t2 l2-0 l2-1 c2)
5.613: (drive-truck t2 l2-0 l2-1 c2)
5.942: (drive-truck t1 l1-0 l1-1 c1)
5.942: (drive-truck t1 l1-0 l1-1 c1)
5.942: (drive-truck t1 l1-0 l1-1 c1)
5.942: (drive-truck t1 l1-0 l1-1 c1)
5.967: (load-truck p2 t0 l0-0)
5.967: (load-truck p2 t0 l0-0)
5.967: (load-truck p0 t0 l0-0)
5.967: (load-truck p0 t0 l0-0)
5.973: (unload-truck p4 t2 l2-0)
5.973: (unload-truck p4 t2 l2-0)
5.973: (unload-truck p4 t2 l2-0)
5.973: (unload-truck p4 t2 l2-0)
6.012: (load-truck p2 t0 l0-0)
6.012: (load-truck p0 t0 l0-0)
6.012: (drive-truck t1 l1-0 l1-1 c1)
6.012: (load-truck p0 t0 l0-0)
6.012: (drive-truck t1 l1-0 l1-1 c1)
6.012: (load-truck p2 t0 l0-0)
6.016: (unload-airplane p1 a0 l1-0)
6.016: (unload-airplane p3 a0 l1-0)
6.016: (unload-airplane p3 a0 l1-0)
6.016: (unload-airplane p1 a0 l1-0)
6.019: (drive-truck t1 l1-0 l1-1 c1)
6.019: (load-truck p2 t0 l0-0)
6.019: (load-truck p2 t0 l0-0)
6.019: (load-truck p0 t0 l0-0)
6.019: (load-truck p0 t0 l0-0)
6.019: (drive-truck t1 l1-0 l1-1 c1)
6.023: (drive-truck t1 l1-0 l1-1 c1)
6.023: (drive-truck t1 l1-0 l1-1 c1)
6.023: (drive-truck t1 l1-0 l1-1 c1)
6.023: (drive-truck t1 l1-0 l1-1 c1)
6.023: (load-truck p2 t0 l0-0)
6.023: (load-truck p2 t0 l0-0)
6.023: (load-truck p0 t0 l0-0)
6.023: (load-truck p0 t0 l0-0)
6.023: (drive-truck t1 l1-0 l1-1 c1)
6.023: (drive-truck t1 l1-0 l1-1 c1)
6.023: (drive-truck t1 l1-0 l1-1 c1)
6.024: (drive-truck t1 l1-0 l1-1 c1)
6.024: (load-truck p3 t2 l2-0)
6.024: (load-truck p1 t2 l2-0)
6.024: (load-truck p3 t2 l2-0)
6.024: (load-truck p1 t2 l2-0)
6.024: (drive-truck t1 l1-0 l1-1 c1)
6.024: (drive-truck t1 l1-0 l1-1 c1)
6.024: (drive-truck t1 l1-0 l1-1 c1)
6.024: (drive-truck t1 l1-0 l1-1 c1)
6.024: (load-truck p3 t2 l2-0)
6.024: (load-truck p3 t2 l2-0)
6.025: (load-truck p1 t2 l2-0)
6.025: (load-truck p1 t2 l2-0)
6.030: (drive-truck t1 l1-0 l1-1 c1)
6.030: (drive-truck t1 l1-0 l1-1 c1)
6.030: (drive-truck t1 l1-0 l1-1 c1)
6.030: (drive-truck t1 l1-0 l1-1 c1)
6.030: (load-truck p1 t2 l2-0)
6.030: (load-truck p3 t2 l2-0)
6.030: (load-truck p3 t2 l2-0)
6.030: (load-truck p1 t2 l2-0)
5.189: (drive-truck t2 l2-1 l2-0 c2)
5.189: (drive-truck t2 l2-1 l2-0 c2)
5.189: (drive-truck t2 l2-1 l2-0 c2)
5.189: (drive-truck t2 l2-1 l2-0 c2)
5.190: (drive-truck t2 l2-1 l2-0 c2)
5.190: (drive-truck t2 l2-1 l2-0 c2)
5.190: (drive-truck t2 l2-1 l2-0 c2)
5.190: (drive-truck t2 l2-1 l2-0 c2)
5.395: (fly-airplane a0 l2-0 l1-0)
5.395: (fly-airplane a0 l2-0 l1-0)
5.395: (fly-airplane a0 l2-0 l1-0)
5.395: (fly-airplane a0 l2-0 l1-0)
5.395: (drive-truck t2 l2-0 l2-1 c2)
5.395: (drive-truck t2 l2-0 l2-1 c2)
5.395: (drive-truck t2 l2-0 l2-1 c2)
5.395: (drive-truck t2 l2-0 l2-1 c2)
5.411: (drive-truck t2 l2-1 l2-0 c2)
5.411: (drive-truck t2 l2-1 l2-0 c2)
5.411: (drive-truck t2 l2-1 l2-0 c2)
5.411: (drive-truck t2 l2-1 l2-0 c2)
5.415: (drive-truck t2 l2-1 l2-0 c2)
5.415: (drive-truck t2 l2-1 l2-0 c2)
5.415: (drive-truck t2 l2-1 l2-0 c2)
5.415: (drive-truck t2 l2-1 l2-0 c2)
5.479: (fly-airplane a0 l1-0 l0-0)
5.479: (fly-airplane a0 l1-0 l0-0)
5.479: (fly-airplane a0 l1-0 l0-0)
5.479: (fly-airplane a0 l1-0 l0-0)
5.479: (fly-airplane a0 l2-0 l0-0)
5.479: (fly-airplane a0 l2-0 l0-0)
5.479: (fly-airplane a0 l2-0 l0-0)
5.479: (fly-airplane a0 l2-0 l0-0)
5.513: (fly-airplane a0 l1-0 l0-0)
5.513: (fly-airplane a0 l1-0 l0-0)
5.513: (fly-airplane a0 l2-0 l0-0)
5.513: (fly-airplane a0 l2-0 l0-0)
5.513: (fly-airplane a0 l1-0 l0-0)
5.513: (fly-airplane a0 l2-0 l0-0)
5.513: (fly-airplane a0 l2-0 l0-0)
5.513: (fly-airplane a0 l1-0 l0-0)
5.531: (fly-airplane a0 l2-0 l0-0)
5.531: (fly-airplane a0 l2-0 l0-0)
5.531: (fly-airplane a0 l2-0 l0-0)
5.531: (fly-airplane a0 l2-0 l0-0)
5.531: (fly-airplane a0 l1-0 l0-0)
5.531: (fly-airplane a0 l1-0 l0-0)
5.531: (fly-airplane a0 l1-0 l0-0)
5.531: (fly-airplane a0 l1-0 l0-0)
5.555: (drive-truck t2 l2-0 l2-1 c2)
5.555: (drive-truck t2 l2-0 l2-1 c2)
5.555: (drive-truck t2 l2-0 l2-1 c2)
5.555: (drive-truck t2 l2-0 l2-1 c2)
5.555: (fly-airplane a0 l2-0 l0-0)
5.555: (fly-airplane a0 l2-0 l0-0)
5.555: (fly-airplane a0 l2-0 l0-0)
5.555: (fly-airplane a0 l2-0 l0-0)
5.614: (fly-airplane a0 l2-0 l0-0)
5.615: (fly-airplane a0 l2-0 l0-0)
5.615: (fly-airplane a0 l1-0 l0-0)
5.615: (fly-airplane a0 l1-0 l0-0)
5.895: (load-truck p1 t1 l1-0)
5.895: (load-truck p3 t1 l1-0)
5.895: (load-truck p3 t1 l1-0)
5.895: (load-truck p1 t1 l1-0)
5.940: (drive-truck t1 l1-0 l1-1 c1)
5.940: (drive-truck t1 l1-0 l1-1 c1)
5.940: (drive-truck t1 l1-0 l1-1 c1)
5.940: (drive-truck t1 l1-0 l1-1 c1)
5.963: (load-truck p0 t0 l0-0)
5.963: (load-truck p2 t0 l0-0)
5.963: (load-truck p2 t0 l0-0)
5.963: (load-truck p0 t0 l0-0)
6.015: (unload-airplane p1 a0 l1-0)
6.015: (unload-airplane p3 a0 l1-0)
6.015: (unload-airplane p1 a0 l1-0)
6.015: (unload-airplane p3 a0 l1-0)
6.017: (fly-airplane a0 l1-0 l0-0)
6.017: (fly-airplane a0 l1-0 l0-0)
6.017: (fly-airplane a0 l1-0 l0-0)
6.017: (fly-airplane a0 l1-0 l0-0)
6.020: (fly-airplane a0 l1-0 l0-0)
6.020: (fly-airplane a0 l1-0 l0-0)
6.021: (fly-airplane a0 l2-0 l0-0)
6.021: (fly-airplane a0 l2-0 l0-0)
6.021: (fly-airplane a0 l1-0 l2-0)
6.021: (fly-airplane a0 l1-0 l2-0)
6.021: (fly-airplane a0 l1-0 l2-0)
6.021: (fly-airplane a0 l1-0 l2-0)
6.029: (fly-airplane a0 l1-0 l2-0)
6.029: (fly-airplane a0 l1-0 l2-0)
6.029: (fly-airplane a0 l1-0 l2-0)
6.029: (fly-airplane a0 l1-0 l2-0)
6.031: (fly-airplane a0 l1-0 l0-0)
6.031: (fly-airplane a0 l1-0 l0-0)
6.031: (fly-airplane a0 l1-0 l0-0)
6.031: (fly-airplane a0 l1-0 l0-0)
6.032: (fly-airplane a0 l1-0 l0-0)
6.032: (fly-airplane a0 l1-0 l0-0)
6.032: (fly-airplane a0 l1-0 l0-0)
6.032: (fly-airplane a0 l1-0 l0-0)
6.032: (fly-airplane a0 l1-0 l2-0)
6.032: (fly-airplane a0 l1-0 l2-0)
6.032: (fly-airplane a0 l1-0 l2-0)
6.032: (fly-airplane a0 l1-0 l2-0)
6.032: (fly-airplane a0 l0-0 l2-0)
6.032: (fly-airplane a0 l0-0 l2-0)
6.032: (fly-airplane a0 l0-0 l2-0)
6.032: (fly-airplane a0 l0-0 l2-0)
6.034: (fly-airplane a0 l1-0 l2-0)
6.034: (fly-airplane a0 l1-0 l2-0)
6.034: (fly-airplane a0 l1-0 l2-0)
6.034: (fly-airplane a0 l1-0 l2-0)
6.034: (drive-truck t1 l1-0 l1-1 c1)
6.034: (drive-truck t1 l1-0 l1-1 c1)
6.034: (drive-truck t1 l1-0 l1-1 c1)
6.035: (drive-truck t1 l1-0 l1-1 c1)
6.039: (fly-airplane a0 l1-0 l0-0)
6.039: (fly-airplane a0 l1-0 l0-0)
6.039: (fly-airplane a0 l1-0 l0-0)
6.039: (fly-airplane a0 l1-0 l0-0)
4.452: (load-airplane p1 a0 l0-0)
4.452: (load-airplane p3 a0 l0-0)
5.835: (drive-truck t1 l1-0 l1-1 c1)
5.835: (drive-truck t1 l1-0 l1-1 c1)
5.835: (drive-truck t1 l1-0 l1-1 c1)
5.835: (drive-truck t1 l1-0 l1-1 c1)
5.894: (load-truck p1 t1 l1-0)
5.894: (load-truck p1 t1 l1-0)
5.894: (load-truck p3 t1 l1-0)
5.894: (load-truck p3 t1 l1-0)
5.894: (fly-airplane a0 l1-0 l0-0)
5.894: (fly-airplane a0 l1-0 l0-0)
5.894: (fly-airplane a0 l1-0 l0-0)
5.894: (fly-airplane a0 l1-0 l0-0)
5.895: (load-truck p1 t1 l1-0)
5.895: (load-truck p3 t1 l1-0)
5.895: (load-truck p1 t1 l1-0)
5.895: (load-truck p3 t1 l1-0)
5.895: (fly-airplane a0 l1-0 l2-0)
5.895: (fly-airplane a0 l1-0 l2-0)
5.895: (fly-airplane a0 l1-0 l2-0)
5.895: (fly-airplane a0 l1-0 l2-0)
5.895: (load-truck p3 t1 l1-0)
5.895: (load-truck p1 t1 l1-0)
5.895: (load-truck p3 t1 l1-0)
5.895: (load-truck p1 t1 l1-0)
6.015: (fly-airplane a0 l1-0 l0-0)
6.015: (fly-airplane a0 l1-0 l0-0)
6.015: (fly-airplane a0 l1-0 l0-0)
6.015: (fly-airplane a0 l1-0 l0-0)
6.019: (fly-airplane a0 l1-0 l2-0)
6.019: (fly-airplane a0 l1-0 l2-0)
6.020: (fly-airplane a0 l1-0 l2-0)
6.020: (fly-airplane a0 l1-0 l2-0)
6.037: (unload-truck p2 t0 l0-0)
6.037: (unload-truck p0 t0 l0-0)
6.037: (unload-truck p0 t0 l0-0)
6.037: (unload-truck p2 t0 l0-0)
6.040: (fly-airplane a0 l0-0 l2-0)
6.040: (fly-airplane a0 l0-0 l2-0)
6.040: (fly-airplane a0 l0-0 l2-0)
6.040: (fly-airplane a0 l0-0 l2-0)
6.040: (fly-airplane a0 l1-0 l2-0)
6.040: (fly-airplane a0 l1-0 l2-0)
6.040: (fly-airplane a0 l1-0 l2-0)
6.040: (fly-airplane a0 l1-0 l2-0)
6.043: (fly-airplane a0 l0-0 l2-0)
6.043: (fly-airplane a0 l0-0 l2-0)
6.043: (fly-airplane a0 l0-0 l2-0)
6.043: (fly-airplane a0 l0-0 l2-0)
6.108: (fly-airplane a0 l1-0 l2-0)
6.108: (fly-airplane a0 l1-0 l2-0)
6.109: (fly-airplane a0 l1-0 l0-0)
6.109: (fly-airplane a0 l1-0 l0-0)
6.114: (drive-truck t1 l1-0 l1-1 c1)
6.114: (drive-truck t1 l1-0 l1-1 c1)
6.114: (drive-truck t1 l1-0 l1-1 c1)
6.114: (drive-truck t1 l1-0 l1-1 c1)
6.118: (drive-truck t1 l1-0 l1-1 c1)
6.118: (drive-truck t1 l1-0 l1-1 c1)
6.118: (drive-truck t1 l1-0 l1-1 c1)
6.119: (drive-truck t1 l1-0 l1-1 c1)
6.191: (load-truck p0 t0 l0-0)
6.191: (load-truck p2 t0 l0-0)
6.191: (load-truck p2 t0 l0-0)
6.191: (load-truck p0 t0 l0-0)
6.193: (load-truck p2 t0 l0-0)
6.193: (load-truck p2 t0 l0-0)
6.193: (load-truck p0 t0 l0-0)
6.193: (load-truck p0 t0 l0-0)
6.200: (load-airplane p3 a0 l2-0)
6.200: (load-airplane p1 a0 l2-0)
6.200: (load-airplane p3 a0 l2-0)
6.200: (load-airplane p1 a0 l2-0)
6.216: (load-truck p3 t2 l2-0)
6.216: (load-truck p3 t2 l2-0)
6.216: (load-truck p1 t2 l2-0)
6.216: (load-truck p1 t2 l2-0)
6.224: (drive-truck t0 l0-0 l0-1 c0)
6.224: (drive-truck t0 l0-0 l0-1 c0)
6.224: (drive-truck t0 l0-0 l0-1 c0)
6.224: (drive-truck t0 l0-0 l0-1 c0)
6.225: (load-truck p3 t2 l2-0)
6.225: (load-truck p1 t2 l2-0)
6.225: (load-truck p1 t2 l2-0)
6.225: (load-truck p3 t2 l2-0)
6.227: (drive-truck t0 l0-0 l0-1 c0)
6.227: (drive-truck t0 l0-0 l0-1 c0)
6.227: (drive-truck t0 l0-0 l0-1 c0)
6.227: (drive-truck t0 l0-0 l0-1 c0)
6.230: (unload-truck p1 t0 l0-1)
6.230: (unload-truck p3 t0 l0-1)
6.230: (unload-truck p1 t0 l0-1)
6.230: (unload-truck p3 t0 l0-1)
6.230: (unload-truck p3 t0 l0-1)
6.230: (unload-truck p1 t0 l0-1)
6.230: (unload-truck p1 t0 l0-1)
6.230: (unload-truck p3 t0 l0-1)
6.239: (unload-truck p2 t0 l0-0)
6.239: (unload-truck p0 t0 l0-0)
6.239: (unload-truck p2 t0 l0-0)
6.239: (unload-truck p0 t0 l0-0)
6.243: (unload-truck p4 t2 l2-0)
6.243: (unload-truck p4 t2 l2-0)
6.243: (unload-truck p4 t2 l2-0)
6.243: (unload-truck p4 t2 l2-0)
6.243: (unload-truck p4 t2 l2-0)
6.243: (unload-truck p4 t2 l2-0)
6.243: (unload-truck p4 t2 l2-0)
6.243: (unload-truck p4 t2 l2-0)
6.264: (unload-truck p2 t0 l0-0)
6.264: (unload-truck p2 t0 l0-0)
6.264: (unload-truck p0 t0 l0-0)
6.264: (unload-truck p0 t0 l0-0)
6.270: (unload-truck p3 t0 l0-0)
6.270: (unload-truck p1 t0 l0-0)
6.270: (unload-truck p3 t0 l0-0)
6.270: (unload-truck p1 t0 l0-0)
6.308: (drive-truck t0 l0-0 l0-1 c0)
6.308: (drive-truck t0 l0-0 l0-1 c0)
4.447: (fly-airplane a0 l0-0 l2-0)
4.447: (fly-airplane a0 l0-0 l2-0)
5.297: (load-truck p3 t0 l0-0)
5.297: (load-truck p3 t0 l0-0)
5.297: (load-truck p1 t0 l0-0)
5.297: (load-truck p1 t0 l0-0)
5.301: (load-truck p1 t0 l0-0)
5.301: (load-truck p3 t0 l0-0)
5.301: (load-truck p3 t0 l0-0)
5.301: (load-truck p1 t0 l0-0)
5.375: (drive-truck t1 l1-0 l1-1 c1)
5.375: (drive-truck t1 l1-0 l1-1 c1)
5.428: (drive-truck t0 l0-0 l0-1 c0)
5.428: (drive-truck t0 l0-0 l0-1 c0)
5.463: (load-truck p2 t0 l0-0)
5.463: (load-truck p2 t0 l0-0)
5.463: (load-airplane p2 a0 l0-0)
5.463: (load-airplane p2 a0 l0-0)
5.839: (drive-truck t1 l1-0 l1-1 c1)
5.839: (drive-truck t1 l1-0 l1-1 c1)
5.839: (drive-truck t1 l1-0 l1-1 c1)
5.839: (drive-truck t1 l1-0 l1-1 c1)
5.839: (fly-airplane a0 l1-0 l0-0)
5.839: (fly-airplane a0 l1-0 l0-0)
5.839: (fly-airplane a0 l1-0 l0-0)
5.839: (fly-airplane a0 l1-0 l0-0)
5.845: (drive-truck t1 l1-0 l1-1 c1)
5.845: (drive-truck t1 l1-0 l1-1 c1)
5.845: (drive-truck t1 l1-0 l1-1 c1)
5.845: (drive-truck t1 l1-0 l1-1 c1)
5.845: (fly-airplane a0 l1-0 l2-0)
5.845: (fly-airplane a0 l1-0 l2-0)
5.845: (fly-airplane a0 l1-0 l2-0)
5.845: (fly-airplane a0 l1-0 l2-0)
5.857: (drive-truck t1 l1-0 l1-1 c1)
5.857: (drive-truck t1 l1-0 l1-1 c1)
5.857: (drive-truck t1 l1-0 l1-1 c1)
5.857: (drive-truck t1 l1-0 l1-1 c1)
5.893: (fly-airplane a0 l1-0 l0-0)
5.893: (fly-airplane a0 l1-0 l0-0)
5.893: (fly-airplane a0 l1-0 l0-0)
5.893: (fly-airplane a0 l1-0 l0-0)
5.893: (load-truck p3 t1 l1-0)
5.893: (load-truck p1 t1 l1-0)
5.893: (load-truck p1 t1 l1-0)
5.893: (load-truck p3 t1 l1-0)
5.894: (load-truck p1 t1 l1-0)
5.894: (load-truck p3 t1 l1-0)
5.894: (load-truck p3 t1 l1-0)
5.894: (load-truck p1 t1 l1-0)
5.894: (fly-airplane a0 l1-0 l2-0)
5.894: (fly-airplane a0 l1-0 l2-0)
5.894: (fly-airplane a0 l1-0 l2-0)
5.894: (fly-airplane a0 l1-0 l2-0)
6.042: (drive-truck t2 l2-1 l2-0 c2)
6.042: (drive-truck t2 l2-1 l2-0 c2)
6.042: (drive-truck t2 l2-1 l2-0 c2)
6.042: (drive-truck t2 l2-1 l2-0 c2)
6.042: (fly-airplane a0 l2-0 l1-0)
6.042: (fly-airplane a0 l2-0 l1-0)
6.042: (fly-airplane a0 l2-0 l1-0)
6.042: (fly-airplane a0 l2-0 l1-0)
6.053: (unload-truck p4 t2 l2-1)
6.053: (unload-truck p4 t2 l2-1)
6.057: (drive-truck t2 l2-0 l2-1 c2)
6.057: (drive-truck t2 l2-0 l2-1 c2)
6.057: (drive-truck t2 l2-0 l2-1 c2)
6.057: (drive-truck t2 l2-0 l2-1 c2)
6.068: (drive-truck t2 l2-0 l2-1 c2)
6.068: (drive-truck t2 l2-0 l2-1 c2)
6.068: (fly-airplane a0 l0-0 l1-0)
6.068: (fly-airplane a0 l0-0 l1-0)
6.074: (drive-truck t2 l2-0 l2-1 c2)
6.074: (drive-truck t2 l2-0 l2-1 c2)
6.074: (fly-airplane a0 l0-0 l2-0)
6.074: (fly-airplane a0 l0-0 l2-0)
6.103: (drive-truck t2 l2-0 l2-1 c2)
6.103: (drive-truck t2 l2-0 l2-1 c2)
6.103: (drive-truck t2 l2-0 l2-1 c2)
6.103: (drive-truck t2 l2-0 l2-1 c2)
6.113: (drive-truck t0 l0-0 l0-1 c0)
6.113: (drive-truck t0 l0-0 l0-1 c0)
6.118: (fly-airplane a0 l2-0 l0-0)
6.118: (fly-airplane a0 l2-0 l0-0)
6.118: (fly-airplane a0 l1-0 l0-0)
6.118: (fly-airplane a0 l1-0 l0-0)
6.118: (fly-airplane a0 l1-0 l0-0)
6.118: (fly-airplane a0 l2-0 l0-0)
6.118: (fly-airplane a0 l1-0 l0-0)
6.118: (fly-airplane a0 l2-0 l0-0)
6.195: (fly-airplane a0 l2-0 l0-0)
6.195: (fly-airplane a0 l1-0 l0-0)
6.195: (fly-airplane a0 l2-0 l0-0)
6.195: (fly-airplane a0 l1-0 l0-0)
6.209: (drive-truck t2 l2-1 l2-0 c2)
6.209: (fly-airplane a0 l1-0 l0-0)
6.209: (fly-airplane a0 l1-0 l0-0)
6.209: (drive-truck t2 l2-1 l2-0 c2)
6.209: (fly-airplane a0 l2-0 l0-0)
6.209: (fly-airplane a0 l2-0 l0-0)
6.216: (fly-airplane a0 l1-0 l0-0)
6.216: (fly-airplane a0 l1-0 l0-0)
6.216: (fly-airplane a0 l1-0 l0-0)
6.216: (fly-airplane a0 l1-0 l0-0)
6.216: (fly-airplane a0 l2-0 l0-0)
6.216: (fly-airplane a0 l2-0 l0-0)
6.216: (fly-airplane a0 l2-0 l0-0)
6.216: (fly-airplane a0 l2-0 l0-0)
6.219: (fly-airplane a0 l2-0 l0-0)
6.219: (fly-airplane a0 l2-0 l0-0)
6.219: (fly-airplane a0 l2-0 l0-0)
6.219: (fly-airplane a0 l2-0 l0-0)
6.225: (fly-airplane a0 l1-0 l0-0)
6.225: (fly-airplane a0 l1-0 l0-0)
6.225: (fly-airplane a0 l1-0 l0-0)
6.225: (fly-airplane a0 l1-0 l0-0)
6.225: (fly-airplane a0 l2-0 l0-0)
6.225: (fly-airplane a0 l2-0 l0-0)
6.225: (fly-airplane a0 l2-0 l0-0)
6.225: (fly-airplane a0 l2-0 l0-0)
5.054: (load-airplane p1 a0 l0-0)
5.054: (load-airplane p3 a0 l0-0)
5.054: (drive-truck t2 l2-1 l2-0 c2)
5.054: (drive-truck t2 l2-1 l2-0 c2)
5.098: (drive-truck t2 l2-1 l2-0 c2)
5.098: (drive-truck t2 l2-1 l2-0 c2)
5.098: (load-airplane p3 a0 l0-0)
5.098: (load-airplane p1 a0 l0-0)
5.102: (load-airplane p1 a0 l0-0)
5.102: (load-airplane p1 a0 l0-0)
5.102: (load-airplane p3 a0 l0-0)
5.102: (load-airplane p3 a0 l0-0)
5.111: (load-airplane p3 a0 l0-0)
5.111: (load-airplane p1 a0 l0-0)
5.131: (load-airplane p3 a0 l0-0)
5.131: (load-airplane p1 a0 l0-0)
5.132: (unload-truck p0 t0 l0-0)
5.132: (unload-truck p0 t0 l0-0)
5.132: (drive-truck t2 l2-1 l2-0 c2)
5.132: (drive-truck t2 l2-1 l2-0 c2)
5.256: (fly-airplane a0 l0-0 l1-0)
5.256: (fly-airplane a0 l0-0 l1-0)
5.273: (fly-airplane a0 l0-0 l1-0)
5.273: (fly-airplane a0 l0-0 l1-0)
5.288: (fly-airplane a0 l0-0 l1-0)
5.288: (fly-airplane a0 l0-0 l1-0)
5.297: (drive-truck t2 l2-0 l2-1 c2)
5.297: (drive-truck t2 l2-0 l2-1 c2)
5.297: (drive-truck t2 l2-0 l2-1 c2)
5.297: (drive-truck t2 l2-0 l2-1 c2)
5.302: (drive-truck t2 l2-0 l2-1 c2)
5.302: (drive-truck t2 l2-0 l2-1 c2)
5.302: (drive-truck t2 l2-0 l2-1 c2)
5.302: (drive-truck t2 l2-0 l2-1 c2)
5.346: (drive-truck t2 l2-0 l2-1 c2)
5.346: (drive-truck t2 l2-0 l2-1 c2)
5.346: (drive-truck t2 l2-0 l2-1 c2)
5.346: (drive-truck t2 l2-0 l2-1 c2)
5.347: (drive-truck t1 l1-0 l1-1 c1)
5.347: (drive-truck t1 l1-0 l1-1 c1)
5.347: (drive-truck t1 l1-0 l1-1 c1)
5.347: (drive-truck t1 l1-0 l1-1 c1)
5.370: (drive-truck t1 l1-0 l1-1 c1)
5.370: (drive-truck t1 l1-0 l1-1 c1)
5.370: (fly-airplane a0 l0-0 l2-0)
5.370: (fly-airplane a0 l0-0 l2-0)
5.438: (drive-truck t0 l0-0 l0-1 c0)
5.438: (drive-truck t0 l0-0 l0-1 c0)
5.438: (fly-airplane a0 l0-0 l2-0)
5.438: (fly-airplane a0 l0-0 l2-0)
5.446: (load-airplane p1 a0 l2-0)
5.446: (load-airplane p3 a0 l2-0)
5.453: (load-truck p2 t0 l0-0)
5.453: (load-truck p2 t0 l0-0)
5.453: (fly-airplane a0 l0-0 l2-0)
5.453: (fly-airplane a0 l0-0 l2-0)
5.458: (fly-airplane a0 l0-0 l2-0)
5.458: (fly-airplane a0 l0-0 l2-0)
5.809: (unload-truck p0 t0 l0-0)
5.809: (unload-truck p0 t0 l0-0)
5.861: (fly-airplane a0 l1-0 l0-0)
5.861: (fly-airplane a0 l1-0 l0-0)
5.861: (fly-airplane a0 l1-0 l0-0)
5.861: (fly-airplane a0 l1-0 l0-0)
5.861: (drive-truck t1 l1-0 l1-1 c1)
5.861: (drive-truck t1 l1-0 l1-1 c1)
5.861: (drive-truck t1 l1-0 l1-1 c1)
5.861: (drive-truck t1 l1-0 l1-1 c1)
5.865: (drive-truck t1 l1-0 l1-1 c1)
5.865: (drive-truck t1 l1-0 l1-1 c1)
5.865: (drive-truck t1 l1-0 l1-1 c1)
5.865: (fly-airplane a0 l1-0 l2-0)
5.865: (fly-airplane a0 l1-0 l2-0)
5.865: (fly-airplane a0 l1-0 l2-0)
5.865: (drive-truck t1 l1-0 l1-1 c1)
5.865: (fly-airplane a0 l1-0 l2-0)
5.872: (fly-airplane a0 l0-0 l1-0)
5.872: (fly-airplane a0 l0-0 l1-0)
6.017: (fly-airplane a0 l0-0 l2-0)
6.017: (unload-truck p4 t2 l2-1)
6.017: (fly-airplane a0 l0-0 l2-0)
6.017: (unload-truck p4 t2 l2-1)
6.061: (drive-truck t2 l2-0 l2-1 c2)
6.061: (fly-airplane a0 l1-0 l2-0)
6.061: (fly-airplane a0 l1-0 l2-0)
6.061: (fly-airplane a0 l1-0 l2-0)
6.061: (drive-truck t2 l2-0 l2-1 c2)
6.061: (drive-truck t2 l2-0 l2-1 c2)
6.061: (drive-truck t2 l2-0 l2-1 c2)
6.061: (fly-airplane a0 l1-0 l2-0)
6.065: (drive-truck t2 l2-0 l2-1 c2)
6.065: (drive-truck t2 l2-0 l2-1 c2)
6.065: (drive-truck t2 l2-0 l2-1 c2)
6.065: (drive-truck t2 l2-0 l2-1 c2)
6.065: (fly-airplane a0 l1-0 l0-0)
6.065: (fly-airplane a0 l1-0 l0-0)
6.065: (fly-airplane a0 l1-0 l0-0)
6.065: (fly-airplane a0 l1-0 l0-0)
6.096: (load-truck p1 t2 l2-0)
6.096: (load-truck p1 t2 l2-0)
6.096: (load-truck p3 t2 l2-0)
6.096: (load-truck p3 t2 l2-0)
6.098: (load-truck p3 t2 l2-0)
6.098: (load-truck p1 t2 l2-0)
6.098: (load-truck p1 t2 l2-0)
6.098: (load-truck p3 t2 l2-0)
6.103: (drive-truck t2 l2-0 l2-1 c2)
6.103: (drive-truck t2 l2-0 l2-1 c2)
6.103: (drive-truck t2 l2-0 l2-1 c2)
6.103: (drive-truck t2 l2-0 l2-1 c2)
6.103: (fly-airplane a0 l1-0 l2-0)
6.103: (fly-airplane a0 l1-0 l2-0)
6.103: (fly-airplane a0 l1-0 l2-0)
6.103: (fly-airplane a0 l1-0 l2-0)
6.109: (drive-truck t2 l2-0 l2-1 c2)
6.109: (drive-truck t2 l2-0 l2-1 c2)
6.109: (drive-truck t2 l2-0 l2-1 c2)
6.109: (drive-truck t2 l2-0 l2-1 c2)
6.110: (fly-airplane a0 l1-0 l0-0)
6.110: (fly-airplane a0 l1-0 l0-0)
4.817: (drive-truck t2 l2-1 l2-0 c2)
4.817: (drive-truck t2 l2-1 l2-0 c2)
4.817: (unload-truck p0 t0 l0-0)
4.817: (unload-truck p0 t0 l0-0)
4.868: (unload-truck p2 t0 l0-0)
4.868: (unload-truck p0 t0 l0-0)
4.868: (unload-truck p0 t0 l0-0)
4.868: (unload-truck p2 t0 l0-0)
4.870: (unload-truck p0 t0 l0-0)
4.870: (unload-truck p0 t0 l0-0)
4.870: (fly-airplane a0 l0-0 l1-0)
4.870: (fly-airplane a0 l0-0 l1-0)
4.953: (drive-truck t2 l2-1 l2-0 c2)
4.953: (fly-airplane a0 l0-0 l1-0)
4.953: (fly-airplane a0 l0-0 l1-0)
4.953: (drive-truck t2 l2-1 l2-0 c2)
4.953: (fly-airplane a0 l0-0 l1-0)
4.953: (fly-airplane a0 l0-0 l1-0)
4.953: (fly-airplane a0 l0-0 l1-0)
4.953: (fly-airplane a0 l0-0 l1-0)
4.962: (drive-truck t2 l2-1 l2-0 c2)
4.962: (drive-truck t2 l2-1 l2-0 c2)
4.962: (fly-airplane a0 l0-0 l1-0)
4.962: (fly-airplane a0 l0-0 l1-0)
4.977: (fly-airplane a0 l0-0 l1-0)
4.977: (fly-airplane a0 l0-0 l1-0)
4.977: (drive-truck t2 l2-1 l2-0 c2)
4.977: (drive-truck t2 l2-1 l2-0 c2)
5.060: (drive-truck t2 l2-1 l2-0 c2)
5.060: (drive-truck t2 l2-1 l2-0 c2)
5.060: (fly-airplane a0 l0-0 l2-0)
5.060: (fly-airplane a0 l0-0 l2-0)
5.071: (drive-truck t0 l0-0 l0-1 c0)
5.071: (drive-truck t0 l0-0 l0-1 c0)
5.106: (fly-airplane a0 l0-0 l2-0)
5.106: (fly-airplane a0 l0-0 l2-0)
5.106: (fly-airplane a0 l0-0 l2-0)
5.106: (fly-airplane a0 l0-0 l2-0)
5.114: (fly-airplane a0 l0-0 l2-0)
5.114: (drive-truck t2 l2-1 l2-0 c2)
5.117: (drive-truck t2 l2-1 l2-0 c2)
5.117: (drive-truck t2 l2-1 l2-0 c2)
5.117: (fly-airplane a0 l0-0 l2-0)
5.117: (fly-airplane a0 l0-0 l2-0)
5.132: (fly-airplane a0 l0-0 l2-0)
5.132: (fly-airplane a0 l0-0 l2-0)
5.132: (drive-truck t2 l2-1 l2-0 c2)
5.132: (drive-truck t2 l2-1 l2-0 c2)
5.241: (fly-airplane a0 l2-0 l1-0)
5.301: (fly-airplane a0 l1-0 l0-0)
5.301: (fly-airplane a0 l2-0 l0-0)
5.301: (fly-airplane a0 l2-0 l0-0)
5.301: (fly-airplane a0 l2-0 l0-0)
5.301: (fly-airplane a0 l1-0 l0-0)
5.301: (fly-airplane a0 l2-0 l0-0)
5.301: (fly-airplane a0 l1-0 l0-0)
5.301: (fly-airplane a0 l1-0 l0-0)
5.352: (fly-airplane a0 l1-0 l2-0)
5.352: (fly-airplane a0 l1-0 l2-0)
5.352: (fly-airplane a0 l1-0 l2-0)
5.352: (fly-airplane a0 l1-0 l2-0)
5.352: (drive-truck t1 l1-0 l1-1 c1)
5.352: (drive-truck t1 l1-0 l1-1 c1)
5.352: (drive-truck t1 l1-0 l1-1 c1)
5.352: (drive-truck t1 l1-0 l1-1 c1)
5.352: (drive-truck t2 l2-0 l2-1 c2)
5.352: (drive-truck t2 l2-0 l2-1 c2)
5.352: (drive-truck t2 l2-0 l2-1 c2)
5.352: (drive-truck t2 l2-0 l2-1 c2)
5.353: (fly-airplane a0 l1-0 l0-0)
5.353: (fly-airplane a0 l1-0 l0-0)
5.353: (fly-airplane a0 l1-0 l0-0)
5.353: (fly-airplane a0 l1-0 l0-0)
5.353: (drive-truck t2 l2-0 l2-1 c2)
5.353: (drive-truck t2 l2-0 l2-1 c2)
5.353: (drive-truck t2 l2-0 l2-1 c2)
5.353: (drive-truck t2 l2-0 l2-1 c2)
5.353: (drive-truck t1 l1-0 l1-1 c1)
5.353: (drive-truck t1 l1-0 l1-1 c1)
5.353: (drive-truck t1 l1-0 l1-1 c1)
5.353: (drive-truck t1 l1-0 l1-1 c1)
5.364: (load-airplane p0 a0 l0-0)
5.364: (load-airplane p0 a0 l0-0)
5.364: (load-airplane p2 a0 l0-0)
5.364: (load-airplane p2 a0 l0-0)
5.375: (load-truck p2 t0 l0-0)
5.375: (load-truck p2 t0 l0-0)
5.408: (drive-truck t2 l2-0 l2-1 c2)
5.408: (fly-airplane a0 l2-0 l0-0)
5.409: (unload-truck p0 t0 l0-0)
5.409: (unload-truck p0 t0 l0-0)
5.410: (fly-airplane a0 l0-0 l2-0)
5.410: (fly-airplane a0 l0-0 l2-0)
5.749: (drive-truck t0 l0-0 l0-1 c0)
5.749: (drive-truck t0 l0-0 l0-1 c0)
5.922: (drive-truck t2 l2-0 l2-1 c2)
5.922: (drive-truck t2 l2-0 l2-1 c2)
5.922: (drive-truck t2 l2-0 l2-1 c2)
5.922: (drive-truck t2 l2-0 l2-1 c2)
6.032: (drive-truck t1 l1-0 l1-1 c1)
6.032: (drive-truck t0 l0-0 l0-1 c0)
6.032: (drive-truck t1 l1-0 l1-1 c1)
6.032: (drive-truck t0 l0-0 l0-1 c0)
6.036: (load-truck p1 t2 l2-0)
6.036: (load-truck p3 t2 l2-0)
6.036: (drive-truck t1 l1-0 l1-1 c1)
6.036: (drive-truck t1 l1-0 l1-1 c1)
6.036: (drive-truck t1 l1-0 l1-1 c1)
6.036: (drive-truck t1 l1-0 l1-1 c1)
6.041: (load-airplane p2 a0 l0-0)
6.041: (load-airplane p2 a0 l0-0)
6.041: (load-airplane p0 a0 l0-0)
6.041: (load-airplane p0 a0 l0-0)
6.044: (drive-truck t1 l1-0 l1-1 c1)
6.053: (load-truck p2 t0 l0-0)
6.053: (load-truck p2 t0 l0-0)
6.064: (load-airplane p2 a0 l0-0)
6.064: (load-airplane p2 a0 l0-0)
6.065: (load-truck p2 t0 l0-0)
6.065: (load-truck p2 t0 l0-0)
4.258: (fly-airplane a0 l0-0 l1-0)
4.258: (fly-airplane a0 l0-0 l1-0)
4.756: (drive-truck t2 l2-1 l2-0 c2)
4.756: (drive-truck t2 l2-1 l2-0 c2)
4.756: (drive-truck t0 l0-0 l0-1 c0)
4.756: (drive-truck t0 l0-0 l0-1 c0)
4.805: (drive-truck t0 l0-0 l0-1 c0)
4.805: (drive-truck t0 l0-0 l0-1 c0)
4.872: (fly-airplane a0 l0-0 l1-0)
4.872: (fly-airplane a0 l0-0 l1-0)
4.872: (drive-truck t0 l0-0 l0-1 c0)
4.872: (drive-truck t0 l0-0 l0-1 c0)
5.042: (unload-truck p0 t0 l0-0)
5.042: (unload-truck p0 t0 l0-0)
5.042: (load-airplane p2 a0 l0-0)
5.042: (load-airplane p0 a0 l0-0)
5.042: (load-airplane p2 a0 l0-0)
5.042: (load-airplane p0 a0 l0-0)
5.042: (drive-truck t2 l2-1 l2-0 c2)
5.042: (drive-truck t2 l2-1 l2-0 c2)
5.042: (drive-truck t2 l2-1 l2-0 c2)
5.042: (drive-truck t2 l2-1 l2-0 c2)
5.090: (load-airplane p2 a0 l0-0)
5.090: (load-airplane p0 a0 l0-0)
5.090: (load-airplane p2 a0 l0-0)
5.090: (load-airplane p0 a0 l0-0)
5.172: (unload-truck p0 t0 l0-0)
5.255: (fly-airplane a0 l0-0 l1-0)
5.255: (fly-airplane a0 l0-0 l1-0)
5.370: (fly-airplane a0 l0-0 l2-0)
5.370: (fly-airplane a0 l0-0 l2-0)
5.381: (fly-airplane a0 l0-0 l1-0)
5.381: (fly-airplane a0 l0-0 l1-0)
5.381: (fly-airplane a0 l0-0 l1-0)
5.381: (fly-airplane a0 l0-0 l1-0)
5.384: (drive-truck t0 l0-0 l0-1 c0)
5.384: (drive-truck t0 l0-0 l0-1 c0)
5.384: (drive-truck t0 l0-0 l0-1 c0)
5.384: (drive-truck t0 l0-0 l0-1 c0)
5.385: (load-airplane p2 a0 l0-0)
5.385: (load-airplane p0 a0 l0-0)
5.385: (load-airplane p0 a0 l0-0)
5.385: (load-airplane p2 a0 l0-0)
5.432: (fly-airplane a0 l0-0 l2-0)
5.432: (fly-airplane a0 l0-0 l2-0)
5.432: (drive-truck t0 l0-0 l0-1 c0)
5.433: (drive-truck t0 l0-0 l0-1 c0)
5.485: (fly-airplane a0 l0-0 l2-0)
5.485: (fly-airplane a0 l0-0 l2-0)
5.485: (fly-airplane a0 l0-0 l2-0)
5.485: (fly-airplane a0 l0-0 l2-0)
5.680: (unload-truck p2 t0 l0-0)
5.680: (unload-truck p2 t0 l0-0)
5.680: (unload-truck p0 t0 l0-0)
5.680: (unload-truck p0 t0 l0-0)
5.680: (drive-truck t2 l2-0 l2-1 c2)
5.680: (drive-truck t2 l2-0 l2-1 c2)
5.762: (fly-airplane a0 l0-0 l1-0)
5.762: (fly-airplane a0 l0-0 l1-0)
5.762: (fly-airplane a0 l0-0 l1-0)
5.762: (fly-airplane a0 l0-0 l1-0)
5.763: (drive-truck t2 l2-0 l2-1 c2)
5.763: (drive-truck t2 l2-0 l2-1 c2)
5.763: (drive-truck t2 l2-0 l2-1 c2)
5.763: (drive-truck t2 l2-0 l2-1 c2)
5.801: (unload-truck p2 t0 l0-0)
5.801: (unload-truck p0 t0 l0-0)
5.801: (unload-truck p0 t0 l0-0)
5.801: (unload-truck p2 t0 l0-0)
5.801: (drive-truck t1 l1-0 l1-1 c1)
5.801: (drive-truck t1 l1-0 l1-1 c1)
5.801: (load-truck p3 t2 l2-0)
5.801: (load-truck p1 t2 l2-0)
5.828: (unload-airplane p1 a0 l1-0)
5.828: (unload-airplane p3 a0 l1-0)
5.871: (fly-airplane a0 l0-0 l1-0)
5.871: (fly-airplane a0 l0-0 l1-0)
5.872: (load-truck p2 t0 l0-0)
5.872: (load-truck p2 t0 l0-0)
5.877: (drive-truck t1 l1-0 l1-1 c1)
5.877: (drive-truck t1 l1-0 l1-1 c1)
5.887: (drive-truck t2 l2-1 l2-0 c2)
5.887: (drive-truck t2 l2-1 l2-0 c2)
5.907: (unload-truck p4 t2 l2-0)
5.907: (unload-truck p4 t2 l2-0)
5.939: (fly-airplane a0 l0-0 l1-0)
5.939: (fly-airplane a0 l0-0 l1-0)
5.939: (fly-airplane a0 l0-0 l1-0)
5.939: (fly-airplane a0 l0-0 l1-0)
5.939: (drive-truck t1 l1-0 l1-1 c1)
5.939: (drive-truck t1 l1-0 l1-1 c1)
5.939: (load-truck p1 t2 l2-0)
5.939: (load-truck p3 t2 l2-0)
5.939: (drive-truck t1 l1-0 l1-1 c1)
5.939: (drive-truck t1 l1-0 l1-1 c1)
5.944: (fly-airplane a0 l0-0 l1-0)
5.948: (fly-airplane a0 l0-0 l1-0)
5.948: (fly-airplane a0 l0-0 l1-0)
5.948: (drive-truck t1 l1-0 l1-1 c1)
5.948: (drive-truck t0 l0-0 l0-1 c0)
5.948: (drive-truck t0 l0-0 l0-1 c0)
5.948: (load-truck p1 t2 l2-0)
5.948: (drive-truck t1 l1-0 l1-1 c1)
5.948: (load-truck p3 t2 l2-0)
5.948: (drive-truck t0 l0-0 l0-1 c0)
5.948: (drive-truck t0 l0-0 l0-1 c0)
5.948: (drive-truck t0 l0-0 l0-1 c0)
5.948: (drive-truck t0 l0-0 l0-1 c0)
5.958: (unload-truck p0 t0 l0-1)
5.958: (unload-truck p0 t0 l0-1)
5.962: (drive-truck t2 l2-1 l2-0 c2)
5.962: (drive-truck t2 l2-1 l2-0 c2)
5.963: (fly-airplane a0 l0-0 l1-0)
5.963: (fly-airplane a0 l0-0 l1-0)
5.963: (drive-truck t1 l1-0 l1-1 c1)
5.963: (drive-truck t1 l1-0 l1-1 c1)
5.963: (load-truck p2 t0 l0-0)
5.963: (load-truck p2 t0 l0-0)
5.967: (fly-airplane a0 l0-0 l1-0)
5.967: (fly-airplane a0 l0-0 l1-0)
4.756: (fly-airplane a0 l0-0 l1-0)
4.756: (unload-truck p2 t0 l0-0)
4.756: (unload-truck p0 t0 l0-0)
4.756: (unload-truck p2 t0 l0-0)
4.756: (fly-airplane a0 l0-0 l1-0)
4.756: (unload-truck p0 t0 l0-0)
4.933: (fly-airplane a0 l0-0 l1-0)
4.933: (fly-airplane a0 l0-0 l1-0)
4.933: (unload-truck p2 t0 l0-0)
4.933: (unload-truck p0 t0 l0-0)
4.933: (unload-truck p2 t0 l0-0)
4.933: (unload-truck p0 t0 l0-0)
4.967: (fly-airplane a0 l0-0 l1-0)
4.967: (fly-airplane a0 l0-0 l1-0)
4.972: (fly-airplane a0 l0-0 l2-0)
4.972: (fly-airplane a0 l0-0 l2-0)
5.010: (unload-truck p1 t2 l2-0)
5.010: (unload-truck p3 t2 l2-0)
5.032: (fly-airplane a0 l0-0 l2-0)
5.032: (fly-airplane a0 l0-0 l2-0)
5.052: (load-airplane p0 a0 l0-0)
5.052: (drive-truck t0 l0-0 l0-1 c0)
5.052: (drive-truck t0 l0-0 l0-1 c0)
5.052: (drive-truck t0 l0-0 l0-1 c0)
5.052: (drive-truck t0 l0-0 l0-1 c0)
5.052: (load-airplane p2 a0 l0-0)
5.052: (load-airplane p0 a0 l0-0)
5.052: (load-airplane p2 a0 l0-0)
5.053: (drive-truck t2 l2-1 l2-0 c2)
5.053: (drive-truck t2 l2-1 l2-0 c2)
5.053: (drive-truck t2 l2-1 l2-0 c2)
5.053: (drive-truck t2 l2-1 l2-0 c2)
5.077: (fly-airplane a0 l0-0 l1-0)
5.077: (fly-airplane a0 l0-0 l1-0)
5.077: (fly-airplane a0 l0-0 l1-0)
5.077: (fly-airplane a0 l0-0 l1-0)
5.080: (fly-airplane a0 l0-0 l1-0)
5.080: (fly-airplane a0 l0-0 l1-0)
5.080: (fly-airplane a0 l0-0 l1-0)
5.080: (fly-airplane a0 l0-0 l1-0)
5.080: (drive-truck t2 l2-1 l2-0 c2)
5.080: (drive-truck t2 l2-1 l2-0 c2)
5.080: (drive-truck t2 l2-1 l2-0 c2)
5.080: (drive-truck t2 l2-1 l2-0 c2)
5.080: (unload-truck p0 t0 l0-0)
5.080: (unload-truck p0 t0 l0-0)
5.108: (drive-truck t0 l0-0 l0-1 c0)
5.109: (drive-truck t0 l0-0 l0-1 c0)
5.109: (drive-truck t0 l0-0 l0-1 c0)
5.109: (load-airplane p2 a0 l0-0)
5.109: (load-airplane p0 a0 l0-0)
5.109: (load-airplane p2 a0 l0-0)
5.109: (drive-truck t0 l0-0 l0-1 c0)
5.109: (drive-truck t0 l0-0 l0-1 c0)
5.109: (load-airplane p0 a0 l0-0)
5.144: (fly-airplane a0 l0-0 l2-0)
5.144: (fly-airplane a0 l0-0 l2-0)
5.178: (fly-airplane a0 l0-0 l2-0)
5.178: (fly-airplane a0 l0-0 l2-0)
5.178: (fly-airplane a0 l0-0 l2-0)
5.178: (fly-airplane a0 l0-0 l2-0)
5.178: (drive-truck t2 l2-1 l2-0 c2)
5.178: (drive-truck t2 l2-1 l2-0 c2)
5.178: (drive-truck t2 l2-1 l2-0 c2)
5.178: (drive-truck t2 l2-1 l2-0 c2)
5.220: (fly-airplane a0 l0-0 l2-0)
5.220: (fly-airplane a0 l0-0 l2-0)
5.220: (fly-airplane a0 l0-0 l2-0)
5.220: (fly-airplane a0 l0-0 l2-0)
5.240: (unload-airplane p3 a0 l1-0)
5.240: (unload-airplane p1 a0 l1-0)
5.377: (fly-airplane a0 l0-0 l1-0)
5.377: (drive-truck t0 l0-0 l0-1 c0)
5.377: (fly-airplane a0 l0-0 l1-0)
5.377: (drive-truck t0 l0-0 l0-1 c0)
5.377: (drive-truck t0 l0-0 l0-1 c0)
5.377: (drive-truck t0 l0-0 l0-1 c0)
5.378: (fly-airplane a0 l0-0 l1-0)
5.378: (fly-airplane a0 l0-0 l1-0)
5.397: (load-airplane p0 a0 l0-0)
5.397: (load-airplane p2 a0 l0-0)
5.408: (load-truck p2 t0 l0-0)
5.483: (fly-airplane a0 l0-0 l2-0)
5.483: (fly-airplane a0 l0-0 l2-0)
5.483: (fly-airplane a0 l0-0 l2-0)
5.483: (fly-airplane a0 l0-0 l2-0)
5.483: (drive-truck t0 l0-0 l0-1 c0)
5.483: (drive-truck t0 l0-0 l0-1 c0)
5.483: (drive-truck t0 l0-0 l0-1 c0)
5.483: (drive-truck t0 l0-0 l0-1 c0)
5.535: (load-truck p3 t1 l1-0)
5.535: (load-truck p1 t1 l1-0)
5.616: (drive-truck t2 l2-0 l2-1 c2)
5.616: (drive-truck t2 l2-0 l2-1 c2)
5.616: (drive-truck t0 l0-0 l0-1 c0)
5.616: (drive-truck t0 l0-0 l0-1 c0)
5.740: (drive-truck t0 l0-0 l0-1 c0)
5.740: (drive-truck t0 l0-0 l0-1 c0)
5.740: (load-truck p1 t2 l2-0)
5.740: (load-truck p3 t2 l2-0)
5.740: (drive-truck t1 l1-0 l1-1 c1)
5.740: (drive-truck t1 l1-0 l1-1 c1)
5.826: (fly-airplane a0 l1-0 l0-0)
5.826: (fly-airplane a0 l1-0 l0-0)
5.828: (fly-airplane a0 l1-0 l2-0)
5.828: (fly-airplane a0 l1-0 l2-0)
5.830: (drive-truck t0 l0-0 l0-1 c0)
5.830: (drive-truck t0 l0-0 l0-1 c0)
5.830: (unload-airplane p3 a0 l1-0)
5.830: (unload-airplane p1 a0 l1-0)
5.847: (drive-truck t0 l0-0 l0-1 c0)
5.847: (drive-truck t0 l0-0 l0-1 c0)
5.848: (unload-truck p4 t2 l2-0)
5.848: (unload-truck p4 t2 l2-0)
5.879: (drive-truck t1 l1-0 l1-1 c1)
5.879: (drive-truck t1 l1-0 l1-1 c1)
5.879: (unload-truck p4 t2 l2-1)
5.879: (unload-truck p4 t2 l2-1)
5.879: (drive-truck t0 l0-0 l0-1 c0)
5.879: (drive-truck t0 l0-0 l0-1 c0)
4.757: (fly-airplane a0 l0-0 l1-0)
4.757: (fly-airplane a0 l0-0 l1-0)
4.758: (drive-truck t0 l0-0 l0-1 c0)
4.758: (drive-truck t0 l0-0 l0-1 c0)
4.817: (drive-truck t2 l2-1 l2-0 c2)
4.933: (fly-airplane a0 l0-0 l1-0)
4.933: (fly-airplane a0 l0-0 l1-0)
4.933: (drive-truck t0 l0-0 l0-1 c0)
4.933: (drive-truck t0 l0-0 l0-1 c0)
4.948: (unload-truck p3 t2 l2-0)
4.948: (drive-truck t0 l0-0 l0-1 c0)
4.948: (drive-truck t0 l0-0 l0-1 c0)
4.948: (unload-truck p1 t2 l2-0)
4.969: (fly-airplane a0 l0-0 l1-0)
4.969: (fly-airplane a0 l0-0 l1-0)
4.969: (drive-truck t0 l0-0 l0-1 c0)
4.969: (drive-truck t0 l0-0 l0-1 c0)
4.973: (fly-airplane a0 l0-0 l2-0)
4.973: (fly-airplane a0 l0-0 l2-0)
4.973: (drive-truck t0 l0-0 l0-1 c0)
4.973: (drive-truck t0 l0-0 l0-1 c0)
4.986: (drive-truck t2 l2-0 l2-1 c2)
4.986: (drive-truck t2 l2-0 l2-1 c2)
5.000: (drive-truck t2 l2-1 l2-0 c2)
5.000: (drive-truck t2 l2-1 l2-0 c2)
5.033: (fly-airplane a0 l0-0 l2-0)
5.033: (drive-truck t0 l0-0 l0-1 c0)
5.033: (drive-truck t0 l0-0 l0-1 c0)
5.033: (fly-airplane a0 l0-0 l2-0)
5.073: (fly-airplane a0 l0-0 l1-0)
5.073: (fly-airplane a0 l0-0 l1-0)
5.073: (fly-airplane a0 l0-0 l1-0)
5.073: (drive-truck t0 l0-0 l0-1 c0)
5.073: (drive-truck t0 l0-0 l0-1 c0)
5.073: (drive-truck t0 l0-0 l0-1 c0)
5.073: (drive-truck t0 l0-0 l0-1 c0)
5.073: (fly-airplane a0 l0-0 l1-0)
5.075: (fly-airplane a0 l0-0 l1-0)
5.075: (fly-airplane a0 l0-0 l1-0)
5.075: (fly-airplane a0 l0-0 l1-0)
5.075: (drive-truck t0 l0-0 l0-1 c0)
5.075: (drive-truck t0 l0-0 l0-1 c0)
5.075: (drive-truck t0 l0-0 l0-1 c0)
5.075: (drive-truck t0 l0-0 l0-1 c0)
5.075: (fly-airplane a0 l0-0 l1-0)
5.075: (drive-truck t2 l2-1 l2-0 c2)
5.075: (drive-truck t2 l2-1 l2-0 c2)
5.075: (drive-truck t2 l2-1 l2-0 c2)
5.076: (drive-truck t2 l2-1 l2-0 c2)
5.099: (drive-truck t2 l2-1 l2-0 c2)
5.099: (drive-truck t2 l2-1 l2-0 c2)
5.146: (fly-airplane a0 l0-0 l2-0)
5.146: (fly-airplane a0 l0-0 l2-0)
5.146: (drive-truck t0 l0-0 l0-1 c0)
5.146: (drive-truck t0 l0-0 l0-1 c0)
5.176: (drive-truck t2 l2-1 l2-0 c2)
5.176: (drive-truck t2 l2-1 l2-0 c2)
5.176: (drive-truck t2 l2-1 l2-0 c2)
5.176: (drive-truck t2 l2-1 l2-0 c2)
5.176: (drive-truck t0 l0-0 l0-1 c0)
5.176: (drive-truck t0 l0-0 l0-1 c0)
5.176: (drive-truck t0 l0-0 l0-1 c0)
5.176: (fly-airplane a0 l0-0 l2-0)
5.176: (fly-airplane a0 l0-0 l2-0)
5.176: (fly-airplane a0 l0-0 l2-0)
5.176: (fly-airplane a0 l0-0 l2-0)
5.176: (drive-truck t0 l0-0 l0-1 c0)
5.231: (fly-airplane a0 l1-0 l0-0)
5.231: (fly-airplane a0 l1-0 l0-0)
5.232: (fly-airplane a0 l1-0 l2-0)
5.232: (fly-airplane a0 l1-0 l2-0)
5.237: (drive-truck t0 l0-1 l0-0 c0)
5.237: (drive-truck t0 l0-1 l0-0 c0)
5.253: (load-truck p2 t0 l0-0)
5.253: (load-truck p0 t0 l0-0)
5.253: (load-truck p2 t0 l0-0)
5.253: (load-truck p0 t0 l0-0)
5.255: (load-airplane p0 a0 l0-0)
5.255: (load-airplane p2 a0 l0-0)
5.255: (load-airplane p2 a0 l0-0)
5.255: (load-airplane p0 a0 l0-0)
5.291: (unload-truck p1 t2 l2-1)
5.291: (unload-truck p3 t2 l2-1)
5.370: (fly-airplane a0 l0-0 l1-0)
5.370: (fly-airplane a0 l0-0 l1-0)
5.414: (load-airplane p0 a0 l0-0)
5.414: (load-airplane p2 a0 l0-0)
5.414: (drive-truck t0 l0-0 l0-1 c0)
5.414: (drive-truck t0 l0-0 l0-1 c0)
5.446: (fly-airplane a0 l0-0 l2-0)
5.490: (unload-truck p3 t2 l2-1)
5.490: (unload-truck p1 t2 l2-1)
5.536: (load-truck p3 t1 l1-0)
5.536: (load-truck p1 t1 l1-0)
5.536: (drive-truck t0 l0-0 l0-1 c0)
5.536: (drive-truck t0 l0-0 l0-1 c0)
5.545: (load-truck p3 t1 l1-0)
5.545: (load-truck p1 t1 l1-0)
5.545: (fly-airplane a0 l1-0 l0-0)
5.545: (fly-airplane a0 l1-0 l0-0)
5.547: (fly-airplane a0 l1-0 l2-0)
5.547: (fly-airplane a0 l1-0 l2-0)
5.547: (load-truck p1 t1 l1-0)
5.547: (load-truck p3 t1 l1-0)
5.562: (fly-airplane a0 l0-0 l2-0)
5.562: (fly-airplane a0 l0-0 l2-0)
5.702: (unload-airplane p3 a0 l1-0)
5.702: (unload-airplane p1 a0 l1-0)
5.734: (drive-truck t2 l2-0 l2-1 c2)
5.734: (drive-truck t2 l2-0 l2-1 c2)
5.734: (drive-truck t1 l1-0 l1-1 c1)
5.734: (drive-truck t1 l1-0 l1-1 c1)
5.830: (drive-truck t0 l0-0 l0-1 c0)
5.830: (fly-airplane a0 l1-0 l0-0)
5.830: (fly-airplane a0 l1-0 l0-0)
5.830: (drive-truck t0 l0-0 l0-1 c0)
5.830: (drive-truck t0 l0-0 l0-1 c0)
5.830: (drive-truck t0 l0-0 l0-1 c0)
5.830: (fly-airplane a0 l1-0 l2-0)
5.830: (fly-airplane a0 l1-0 l2-0)
4.925: (drive-truck t2 l2-0 l2-1 c2)
4.925: (drive-truck t2 l2-0 l2-1 c2)
4.925: (drive-truck t0 l0-0 l0-1 c0)
4.925: (drive-truck t0 l0-0 l0-1 c0)
4.989: (fly-airplane a0 l1-0 l0-0)
4.989: (fly-airplane a0 l1-0 l0-0)
4.989: (drive-truck t2 l2-1 l2-0 c2)
4.989: (drive-truck t2 l2-1 l2-0 c2)
5.012: (drive-truck t2 l2-1 l2-0 c2)
5.012: (drive-truck t2 l2-1 l2-0 c2)
5.082: (fly-airplane a0 l0-0 l1-0)
5.082: (fly-airplane a0 l0-0 l1-0)
5.082: (drive-truck t2 l2-1 l2-0 c2)
5.082: (drive-truck t2 l2-1 l2-0 c2)
5.084: (fly-airplane a0 l0-0 l1-0)
5.084: (fly-airplane a0 l0-0 l1-0)
5.104: (drive-truck t2 l2-1 l2-0 c2)
5.104: (drive-truck t2 l2-1 l2-0 c2)
5.104: (load-airplane p2 a0 l0-0)
5.104: (load-airplane p0 a0 l0-0)
5.104: (drive-truck t0 l0-0 l0-1 c0)
5.104: (drive-truck t0 l0-0 l0-1 c0)
5.175: (fly-airplane a0 l0-0 l2-0)
5.175: (fly-airplane a0 l0-0 l2-0)
5.226: (fly-airplane a0 l1-0 l0-0)
5.226: (fly-airplane a0 l1-0 l0-0)
5.226: (drive-truck t0 l0-1 l0-0 c0)
5.226: (drive-truck t0 l0-1 l0-0 c0)
5.228: (fly-airplane a0 l0-0 l1-0)
5.228: (fly-airplane a0 l0-0 l1-0)
5.228: (fly-airplane a0 l0-0 l1-0)
5.228: (fly-airplane a0 l0-0 l1-0)
5.228: (load-airplane p2 a0 l0-0)
5.228: (load-airplane p0 a0 l0-0)
5.228: (load-airplane p2 a0 l0-0)
5.228: (load-airplane p0 a0 l0-0)
5.228: (drive-truck t2 l2-0 l2-1 c2)
5.228: (drive-truck t2 l2-0 l2-1 c2)
5.228: (drive-truck t2 l2-0 l2-1 c2)
5.228: (drive-truck t2 l2-0 l2-1 c2)
5.229: (drive-truck t0 l0-1 l0-0 c0)
5.229: (drive-truck t0 l0-1 l0-0 c0)
5.229: (fly-airplane a0 l1-0 l2-0)
5.229: (fly-airplane a0 l1-0 l2-0)
5.229: (fly-airplane a0 l0-0 l2-0)
5.229: (drive-truck t2 l2-1 l2-0 c2)
5.229: (drive-truck t2 l2-1 l2-0 c2)
5.229: (fly-airplane a0 l0-0 l2-0)
5.229: (drive-truck t2 l2-0 l2-1 c2)
5.229: (load-truck p0 t0 l0-0)
5.229: (drive-truck t2 l2-0 l2-1 c2)
5.229: (drive-truck t2 l2-0 l2-1 c2)
5.229: (load-truck p2 t0 l0-0)
5.229: (load-truck p2 t0 l0-0)
5.229: (load-truck p0 t0 l0-0)
5.229: (drive-truck t2 l2-0 l2-1 c2)
5.275: (drive-truck t0 l0-0 l0-1 c0)
5.275: (drive-truck t0 l0-0 l0-1 c0)
5.275: (drive-truck t0 l0-0 l0-1 c0)
5.275: (drive-truck t0 l0-0 l0-1 c0)
5.275: (load-airplane p0 a0 l0-0)
5.275: (load-airplane p2 a0 l0-0)
5.275: (load-airplane p2 a0 l0-0)
5.275: (load-airplane p0 a0 l0-0)
5.291: (drive-truck t0 l0-0 l0-1 c0)
5.291: (drive-truck t0 l0-0 l0-1 c0)
5.292: (unload-truck p1 t2 l2-1)
5.292: (unload-truck p3 t2 l2-1)
5.305: (fly-airplane a0 l0-0 l2-0)
5.305: (fly-airplane a0 l0-0 l2-0)
5.305: (fly-airplane a0 l0-0 l2-0)
5.306: (fly-airplane a0 l0-0 l2-0)
5.365: (drive-truck t0 l0-0 l0-1 c0)
5.365: (fly-airplane a0 l0-0 l1-0)
5.365: (drive-truck t0 l0-0 l0-1 c0)
5.365: (fly-airplane a0 l0-0 l1-0)
5.414: (load-truck p1 t1 l1-0)
5.414: (load-truck p3 t1 l1-0)
5.492: (drive-truck t0 l0-0 l0-1 c0)
5.492: (drive-truck t0 l0-0 l0-1 c0)
5.492: (unload-truck p3 t2 l2-1)
5.492: (unload-truck p1 t2 l2-1)
5.549: (fly-airplane a0 l1-0 l2-0)
5.549: (fly-airplane a0 l1-0 l0-0)
5.550: (fly-airplane a0 l1-0 l2-0)
5.550: (drive-truck t0 l0-0 l0-1 c0)
5.550: (drive-truck t0 l0-0 l0-1 c0)
5.550: (load-truck p3 t1 l1-0)
5.550: (load-truck p1 t1 l1-0)
5.550: (drive-truck t0 l0-0 l0-1 c0)
5.550: (drive-truck t0 l0-0 l0-1 c0)
5.550: (load-truck p3 t1 l1-0)
5.550: (load-truck p1 t1 l1-0)
5.550: (fly-airplane a0 l1-0 l0-0)
5.559: (drive-truck t0 l0-0 l0-1 c0)
5.559: (drive-truck t0 l0-0 l0-1 c0)
5.559: (fly-airplane a0 l0-0 l2-0)
5.559: (fly-airplane a0 l0-0 l2-0)
5.696: (fly-airplane a0 l1-0 l2-0)
5.696: (fly-airplane a0 l1-0 l2-0)
5.697: (fly-airplane a0 l1-0 l0-0)
5.697: (fly-airplane a0 l1-0 l0-0)
5.703: (drive-truck t0 l0-0 l0-1 c0)
5.703: (drive-truck t0 l0-0 l0-1 c0)
5.703: (unload-airplane p3 a0 l1-0)
5.703: (unload-airplane p1 a0 l1-0)
5.734: (drive-truck t0 l0-0 l0-1 c0)
5.734: (drive-truck t0 l0-0 l0-1 c0)
5.735: (drive-truck t2 l2-0 l2-1 c2)
5.735: (drive-truck t1 l1-0 l1-1 c1)
5.735: (drive-truck t1 l1-0 l1-1 c1)
5.735: (drive-truck t2 l2-0 l2-1 c2)
5.753: (drive-truck t1 l1-0 l1-1 c1)
5.887: (drive-truck t2 l2-0 l2-1 c2)
5.887: (drive-truck t2 l2-0 l2-1 c2)
5.887: (drive-truck t2 l2-0 l2-1 c2)
5.887: (drive-truck t2 l2-0 l2-1 c2)
5.893: (fly-airplane a0 l1-0 l2-0)
5.893: (fly-airplane a0 l1-0 l2-0)
5.895: (drive-truck t2 l2-0 l2-1 c2)
4.669: (drive-truck t1 l1-0 l1-1 c1)
4.669: (drive-truck t1 l1-0 l1-1 c1)
4.887: (drive-truck t2 l2-1 l2-0 c2)
4.887: (drive-truck t2 l2-1 l2-0 c2)
4.887: (load-truck p1 t1 l1-0)
4.887: (load-truck p3 t1 l1-0)
5.010: (fly-airplane a0 l1-0 l0-0)
5.010: (fly-airplane a0 l1-0 l0-0)
5.011: (drive-truck t2 l2-1 l2-0 c2)
5.011: (drive-truck t2 l2-1 l2-0 c2)
5.013: (drive-truck t2 l2-1 l2-0 c2)
5.013: (drive-truck t2 l2-1 l2-0 c2)
5.013: (drive-truck t0 l0-0 l0-1 c0)
5.013: (drive-truck t0 l0-0 l0-1 c0)
5.017: (fly-airplane a0 l1-0 l2-0)
5.017: (fly-airplane a0 l1-0 l2-0)
5.017: (drive-truck t2 l2-1 l2-0 c2)
5.017: (drive-truck t2 l2-1 l2-0 c2)
5.056: (fly-airplane a0 l0-0 l1-0)
5.056: (fly-airplane a0 l0-0 l1-0)
5.056: (fly-airplane a0 l0-0 l1-0)
5.056: (fly-airplane a0 l0-0 l1-0)
5.056: (drive-truck t2 l2-0 l2-1 c2)
5.056: (drive-truck t2 l2-0 l2-1 c2)
5.077: (drive-truck t2 l2-1 l2-0 c2)
5.077: (drive-truck t2 l2-1 l2-0 c2)
5.077: (fly-airplane a0 l0-0 l1-0)
5.077: (fly-airplane a0 l0-0 l1-0)
5.077: (drive-truck t0 l0-0 l0-1 c0)
5.077: (drive-truck t0 l0-0 l0-1 c0)
5.197: (drive-truck t2 l2-0 l2-1 c2)
5.197: (drive-truck t2 l2-0 l2-1 c2)
5.197: (drive-truck t2 l2-0 l2-1 c2)
5.197: (drive-truck t2 l2-0 l2-1 c2)
5.197: (fly-airplane a0 l0-0 l1-0)
5.197: (fly-airplane a0 l0-0 l1-0)
5.197: (fly-airplane a0 l0-0 l1-0)
5.197: (fly-airplane a0 l0-0 l1-0)
5.223: (drive-truck t0 l0-0 l0-1 c0)
5.223: (drive-truck t0 l0-0 l0-1 c0)
5.223: (drive-truck t0 l0-0 l0-1 c0)
5.223: (drive-truck t0 l0-0 l0-1 c0)
5.223: (fly-airplane a0 l0-0 l1-0)
5.223: (fly-airplane a0 l0-0 l1-0)
5.223: (fly-airplane a0 l0-0 l1-0)
5.223: (fly-airplane a0 l0-0 l1-0)
5.227: (drive-truck t2 l2-1 l2-0 c2)
5.227: (drive-truck t2 l2-1 l2-0 c2)
5.227: (fly-airplane a0 l0-0 l2-0)
5.227: (fly-airplane a0 l0-0 l2-0)
5.227: (drive-truck t0 l0-0 l0-1 c0)
5.227: (drive-truck t0 l0-0 l0-1 c0)
5.247: (drive-truck t0 l0-0 l0-1 c0)
5.247: (drive-truck t0 l0-0 l0-1 c0)
5.247: (drive-truck t0 l0-0 l0-1 c0)
5.247: (drive-truck t0 l0-0 l0-1 c0)
5.247: (load-airplane p2 a0 l0-0)
5.247: (load-airplane p0 a0 l0-0)
5.247: (load-airplane p0 a0 l0-0)
5.247: (load-airplane p2 a0 l0-0)
5.247: (drive-truck t2 l2-0 l2-1 c2)
5.247: (drive-truck t2 l2-0 l2-1 c2)
5.247: (drive-truck t2 l2-0 l2-1 c2)
5.247: (drive-truck t2 l2-0 l2-1 c2)
5.304: (fly-airplane a0 l0-0 l2-0)
5.304: (fly-airplane a0 l0-0 l2-0)
5.304: (fly-airplane a0 l0-0 l2-0)
5.304: (fly-airplane a0 l0-0 l2-0)
5.304: (drive-truck t0 l0-0 l0-1 c0)
5.304: (drive-truck t0 l0-0 l0-1 c0)
5.304: (drive-truck t0 l0-0 l0-1 c0)
5.304: (drive-truck t0 l0-0 l0-1 c0)
5.328: (unload-airplane p1 a0 l2-0)
5.328: (unload-airplane p1 a0 l2-0)
5.328: (unload-airplane p3 a0 l2-0)
5.328: (unload-airplane p3 a0 l2-0)
5.415: (load-truck p1 t1 l1-0)
5.415: (fly-airplane a0 l1-0 l2-0)
5.415: (fly-airplane a0 l1-0 l2-0)
5.415: (load-truck p3 t1 l1-0)
5.415: (load-truck p1 t1 l1-0)
5.415: (load-truck p3 t1 l1-0)
5.415: (drive-truck t0 l0-0 l0-1 c0)
5.415: (drive-truck t0 l0-0 l0-1 c0)
5.420: (fly-airplane a0 l1-0 l0-0)
5.420: (fly-airplane a0 l1-0 l0-0)
5.421: (load-truck p1 t1 l1-0)
5.421: (load-truck p3 t1 l1-0)
5.697: (fly-airplane a0 l1-0 l2-0)
5.697: (fly-airplane a0 l1-0 l2-0)
5.697: (drive-truck t0 l0-0 l0-1 c0)
5.697: (drive-truck t0 l0-0 l0-1 c0)
5.700: (fly-airplane a0 l1-0 l0-0)
5.700: (fly-airplane a0 l1-0 l0-0)
5.700: (drive-truck t0 l0-0 l0-1 c0)
5.700: (drive-truck t0 l0-0 l0-1 c0)
5.724: (unload-airplane p1 a0 l2-0)
5.724: (unload-airplane p3 a0 l2-0)
5.885: (drive-truck t1 l1-0 l1-1 c1)
5.885: (drive-truck t1 l1-0 l1-1 c1)
5.892: (drive-truck t0 l0-1 l0-0 c0)
5.892: (drive-truck t0 l0-1 l0-0 c0)
5.892: (drive-truck t0 l0-1 l0-0 c0)
5.892: (drive-truck t0 l0-1 l0-0 c0)
5.894: (drive-truck t0 l0-0 l0-1 c0)
5.894: (fly-airplane a0 l1-0 l2-0)
5.931: (fly-airplane a0 l1-0 l0-0)
5.931: (fly-airplane a0 l1-0 l0-0)
5.931: (fly-airplane a0 l1-0 l0-0)
5.931: (fly-airplane a0 l1-0 l0-0)
5.935: (unload-truck p3 t2 l2-1)
5.935: (unload-truck p1 t2 l2-1)
5.970: (load-truck p0 t0 l0-0)
5.970: (load-truck p2 t0 l0-0)
5.974: (load-truck p1 t2 l2-0)
5.974: (load-truck p3 t2 l2-0)
5.983: (unload-truck p4 t2 l2-0)
5.983: (unload-truck p4 t2 l2-0)
6.000: (load-airplane p0 a0 l0-0)
6.000: (load-airplane p2 a0 l0-0)
4.669: (fly-airplane a0 l1-0 l2-0)
4.669: (fly-airplane a0 l1-0 l2-0)
4.669: (drive-truck t1 l1-0 l1-1 c1)
4.669: (drive-truck t1 l1-0 l1-1 c1)
4.670: (drive-truck t0 l0-0 l0-1 c0)
4.670: (drive-truck t0 l0-0 l0-1 c0)
4.670: (drive-truck t1 l1-0 l1-1 c1)
4.670: (drive-truck t1 l1-0 l1-1 c1)
4.674: (drive-truck t1 l1-0 l1-1 c1)
4.674: (drive-truck t1 l1-0 l1-1 c1)
4.674: (fly-airplane a0 l1-0 l0-0)
4.674: (fly-airplane a0 l1-0 l0-0)
4.827: (drive-truck t1 l1-0 l1-1 c1)
4.827: (drive-truck t2 l2-1 l2-0 c2)
4.827: (drive-truck t1 l1-0 l1-1 c1)
4.827: (drive-truck t2 l2-1 l2-0 c2)
4.883: (drive-truck t2 l2-1 l2-0 c2)
4.883: (drive-truck t2 l2-1 l2-0 c2)
4.883: (load-truck p1 t1 l1-0)
4.883: (fly-airplane a0 l1-0 l0-0)
4.883: (fly-airplane a0 l1-0 l0-0)
4.884: (load-truck p3 t1 l1-0)
4.886: (drive-truck t2 l2-1 l2-0 c2)
4.886: (drive-truck t2 l2-1 l2-0 c2)
4.886: (load-truck p1 t1 l1-0)
4.886: (fly-airplane a0 l1-0 l2-0)
4.886: (fly-airplane a0 l1-0 l2-0)
4.886: (load-truck p3 t1 l1-0)
4.888: (drive-truck t2 l2-1 l2-0 c2)
4.888: (drive-truck t2 l2-1 l2-0 c2)
4.888: (drive-truck t0 l0-0 l0-1 c0)
4.888: (drive-truck t0 l0-0 l0-1 c0)
4.888: (load-truck p1 t1 l1-0)
4.888: (load-truck p3 t1 l1-0)
5.013: (drive-truck t0 l0-0 l0-1 c0)
5.013: (drive-truck t0 l0-0 l0-1 c0)
5.013: (fly-airplane a0 l1-0 l0-0)
5.013: (fly-airplane a0 l1-0 l0-0)
5.013: (drive-truck t2 l2-1 l2-0 c2)
5.013: (drive-truck t2 l2-1 l2-0 c2)
5.018: (drive-truck t0 l0-0 l0-1 c0)
5.018: (drive-truck t0 l0-0 l0-1 c0)
5.018: (fly-airplane a0 l1-0 l2-0)
5.018: (fly-airplane a0 l1-0 l2-0)
5.018: (drive-truck t2 l2-1 l2-0 c2)
5.018: (drive-truck t2 l2-1 l2-0 c2)
5.063: (fly-airplane a0 l0-0 l1-0)
5.063: (fly-airplane a0 l0-0 l1-0)
5.103: (load-truck p1 t2 l2-0)
5.103: (load-truck p3 t2 l2-0)
5.187: (fly-airplane a0 l2-0 l1-0)
5.187: (fly-airplane a0 l2-0 l1-0)
5.193: (drive-truck t2 l2-0 l2-1 c2)
5.193: (drive-truck t2 l2-0 l2-1 c2)
5.193: (drive-truck t2 l2-0 l2-1 c2)
5.193: (drive-truck t0 l0-0 l0-1 c0)
5.193: (drive-truck t0 l0-0 l0-1 c0)
5.193: (drive-truck t2 l2-0 l2-1 c2)
5.193: (drive-truck t0 l0-0 l0-1 c0)
5.193: (drive-truck t0 l0-0 l0-1 c0)
5.193: (fly-airplane a0 l0-0 l1-0)
5.193: (fly-airplane a0 l0-0 l1-0)
5.193: (fly-airplane a0 l0-0 l1-0)
5.193: (fly-airplane a0 l0-0 l1-0)
5.226: (drive-truck t1 l1-0 l1-1 c1)
5.226: (drive-truck t1 l1-0 l1-1 c1)
5.226: (unload-truck p3 t2 l2-1)
5.226: (unload-truck p1 t2 l2-1)
5.250: (load-truck p3 t2 l2-0)
5.250: (load-truck p1 t2 l2-0)
5.287: (unload-truck p0 t0 l0-0)
5.332: (unload-airplane p3 a0 l2-0)
5.332: (unload-airplane p1 a0 l2-0)
5.332: (unload-airplane p3 a0 l2-0)
5.332: (unload-airplane p1 a0 l2-0)
5.332: (drive-truck t0 l0-0 l0-1 c0)
5.332: (drive-truck t0 l0-0 l0-1 c0)
5.415: (drive-truck t0 l0-0 l0-1 c0)
5.415: (drive-truck t0 l0-0 l0-1 c0)
5.415: (fly-airplane a0 l1-0 l2-0)
5.415: (fly-airplane a0 l1-0 l2-0)
5.415: (load-truck p1 t1 l1-0)
5.415: (load-truck p3 t1 l1-0)
5.423: (drive-truck t0 l0-0 l0-1 c0)
5.423: (load-truck p3 t1 l1-0)
5.423: (load-truck p1 t1 l1-0)
5.423: (drive-truck t0 l0-0 l0-1 c0)
5.423: (fly-airplane a0 l1-0 l0-0)
5.423: (fly-airplane a0 l1-0 l0-0)
5.676: (load-truck p2 t0 l0-0)
5.676: (load-truck p0 t0 l0-0)
5.676: (load-truck p2 t0 l0-0)
5.676: (load-truck p0 t0 l0-0)
5.746: (fly-airplane a0 l2-0 l0-0)
5.746: (fly-airplane a0 l2-0 l0-0)
5.757: (fly-airplane a0 l2-0 l1-0)
5.771: (fly-airplane a0 l2-0 l0-0)
5.783: (load-airplane p4 a0 l2-0)
5.827: (drive-truck t2 l2-0 l2-1 c2)
5.875: (load-truck p3 t1 l1-0)
5.876: (load-truck p1 t1 l1-0)
5.876: (unload-truck p4 t2 l2-0)
5.876: (unload-truck p4 t2 l2-0)
5.894: (load-truck p0 t0 l0-0)
5.894: (load-truck p0 t0 l0-0)
5.894: (load-truck p2 t0 l0-0)
5.894: (load-truck p2 t0 l0-0)
5.908: (drive-truck t2 l2-1 l2-0 c2)
5.909: (drive-truck t2 l2-1 l2-0 c2)
5.911: (fly-airplane a0 l1-0 l0-0)
5.911: (fly-airplane a0 l1-0 l0-0)
5.911: (fly-airplane a0 l1-0 l0-0)
5.911: (fly-airplane a0 l1-0 l0-0)
5.911: (drive-truck t0 l0-1 l0-0 c0)
5.911: (drive-truck t0 l0-1 l0-0 c0)
5.911: (drive-truck t0 l0-1 l0-0 c0)
5.911: (drive-truck t0 l0-1 l0-0 c0)
5.936: (drive-truck t0 l0-0 l0-1 c0)
5.936: (drive-truck t0 l0-0 l0-1 c0)
5.936: (unload-truck p3 t2 l2-1)
4.670: (drive-truck t1 l1-0 l1-1 c1)
4.670: (drive-truck t1 l1-0 l1-1 c1)
4.670: (drive-truck t0 l0-0 l0-1 c0)
4.670: (drive-truck t0 l0-0 l0-1 c0)
4.670: (fly-airplane a0 l1-0 l2-0)
4.670: (fly-airplane a0 l1-0 l2-0)
4.677: (drive-truck t1 l1-0 l1-1 c1)
4.677: (drive-truck t1 l1-0 l1-1 c1)
4.677: (fly-airplane a0 l1-0 l0-0)
4.677: (fly-airplane a0 l1-0 l0-0)
4.677: (drive-truck t0 l0-0 l0-1 c0)
4.677: (drive-truck t0 l0-0 l0-1 c0)
4.783: (load-airplane p4 a0 l2-0)
4.783: (unload-truck p0 t0 l0-0)
4.828: (drive-truck t2 l2-1 l2-0 c2)
4.828: (drive-truck t2 l2-1 l2-0 c2)
4.828: (drive-truck t0 l0-0 l0-1 c0)
4.828: (drive-truck t0 l0-0 l0-1 c0)
4.828: (drive-truck t1 l1-0 l1-1 c1)
4.828: (drive-truck t1 l1-0 l1-1 c1)
4.829: (drive-truck t1 l1-0 l1-1 c1)
4.829: (drive-truck t2 l2-1 l2-0 c2)
4.830: (drive-truck t1 l1-0 l1-1 c1)
4.830: (drive-truck t2 l2-1 l2-0 c2)
4.830: (fly-airplane a0 l1-0 l0-0)
4.830: (fly-airplane a0 l1-0 l0-0)
4.837: (drive-truck t1 l1-0 l1-1 c1)
4.837: (drive-truck t1 l1-0 l1-1 c1)
4.837: (fly-airplane a0 l1-0 l2-0)
4.837: (fly-airplane a0 l1-0 l2-0)
4.837: (drive-truck t2 l2-1 l2-0 c2)
4.837: (drive-truck t2 l2-1 l2-0 c2)
4.869: (fly-airplane a0 l2-0 l1-0)
4.886: (drive-truck t2 l2-1 l2-0 c2)
4.886: (drive-truck t2 l2-1 l2-0 c2)
4.886: (drive-truck t0 l0-0 l0-1 c0)
4.886: (load-truck p3 t1 l1-0)
4.886: (drive-truck t0 l0-0 l0-1 c0)
4.886: (load-truck p1 t1 l1-0)
4.886: (fly-airplane a0 l1-0 l0-0)
4.886: (fly-airplane a0 l1-0 l0-0)
4.886: (drive-truck t2 l2-1 l2-0 c2)
4.886: (drive-truck t2 l2-1 l2-0 c2)
4.887: (drive-truck t0 l0-0 l0-1 c0)
4.887: (drive-truck t0 l0-0 l0-1 c0)
4.887: (load-truck p3 t1 l1-0)
4.887: (load-truck p1 t1 l1-0)
4.887: (fly-airplane a0 l1-0 l2-0)
4.887: (fly-airplane a0 l1-0 l2-0)
5.061: (load-truck p1 t2 l2-0)
5.061: (load-truck p3 t2 l2-0)
5.061: (drive-truck t0 l0-1 l0-0 c0)
5.061: (drive-truck t0 l0-1 l0-0 c0)
5.061: (fly-airplane a0 l2-0 l1-0)
5.061: (fly-airplane a0 l2-0 l1-0)
5.079: (fly-airplane a0 l2-0 l0-0)
5.088: (fly-airplane a0 l0-0 l1-0)
5.089: (fly-airplane a0 l0-0 l1-0)
5.089: (drive-truck t2 l2-1 l2-0 c2)
5.089: (drive-truck t2 l2-1 l2-0 c2)
5.097: (fly-airplane a0 l2-0 l0-0)
5.097: (fly-airplane a0 l2-0 l0-0)
5.097: (load-truck p3 t2 l2-0)
5.097: (load-truck p1 t2 l2-0)
5.104: (load-truck p3 t2 l2-0)
5.104: (load-truck p1 t2 l2-0)
5.104: (fly-airplane a0 l2-0 l1-0)
5.104: (fly-airplane a0 l2-0 l1-0)
5.107: (fly-airplane a0 l2-0 l0-0)
5.107: (fly-airplane a0 l2-0 l0-0)
5.108: (load-truck p3 t2 l2-0)
5.108: (load-truck p1 t2 l2-0)
5.155: (drive-truck t2 l2-0 l2-1 c2)
5.155: (drive-truck t2 l2-0 l2-1 c2)
5.186: (drive-truck t0 l0-0 l0-1 c0)
5.186: (drive-truck t0 l0-0 l0-1 c0)
5.186: (fly-airplane a0 l2-0 l1-0)
5.186: (fly-airplane a0 l2-0 l1-0)
5.227: (drive-truck t1 l1-0 l1-1 c1)
5.227: (drive-truck t1 l1-0 l1-1 c1)
5.227: (drive-truck t0 l0-0 l0-1 c0)
5.227: (drive-truck t0 l0-0 l0-1 c0)
5.227: (unload-truck p3 t2 l2-1)
5.227: (unload-truck p1 t2 l2-1)
5.231: (fly-airplane a0 l1-0 l0-0)
5.231: (fly-airplane a0 l1-0 l0-0)
5.231: (unload-truck p1 t2 l2-1)
5.231: (unload-truck p3 t2 l2-1)
5.235: (unload-truck p3 t2 l2-1)
5.235: (unload-truck p1 t2 l2-1)
5.235: (fly-airplane a0 l1-0 l2-0)
5.235: (fly-airplane a0 l1-0 l2-0)
5.310: (drive-truck t0 l0-0 l0-1 c0)
5.318: (fly-airplane a0 l2-0 l0-0)
5.318: (unload-airplane p0 a0 l0-0)
5.318: (unload-airplane p2 a0 l0-0)
5.318: (unload-truck p0 t0 l0-0)
5.321: (fly-airplane a0 l2-0 l1-0)
5.321: (unload-truck p0 t0 l0-0)
5.388: (drive-truck t2 l2-0 l2-1 c2)
5.388: (unload-truck p0 t0 l0-0)
5.442: (load-truck p4 t2 l2-0)
5.442: (load-truck p4 t2 l2-0)
5.669: (load-airplane p0 a0 l0-0)
5.669: (load-airplane p0 a0 l0-0)
5.669: (load-airplane p2 a0 l0-0)
5.669: (load-airplane p2 a0 l0-0)
5.677: (fly-airplane a0 l1-0 l2-0)
5.677: (fly-airplane a0 l1-0 l2-0)
5.677: (fly-airplane a0 l1-0 l2-0)
5.677: (fly-airplane a0 l1-0 l2-0)
5.677: (load-truck p2 t0 l0-0)
5.677: (load-truck p0 t0 l0-0)
5.677: (load-truck p2 t0 l0-0)
5.677: (load-truck p0 t0 l0-0)
5.683: (fly-airplane a0 l1-0 l0-0)
5.683: (fly-airplane a0 l1-0 l0-0)
5.683: (fly-airplane a0 l1-0 l0-0)
5.683: (fly-airplane a0 l1-0 l0-0)
5.683: (load-truck p2 t0 l0-0)
3.862: (unload-truck p0 t0 l0-0)
3.862: (fly-airplane a0 l2-0 l1-0)
3.875: (unload-airplane p4 a0 l1-0)
4.080: (unload-airplane p4 a0 l0-0)
4.708: (load-airplane p4 a0 l2-0)
4.708: (drive-truck t2 l2-0 l2-1 c2)
4.783: (fly-airplane a0 l2-0 l0-0)
4.783: (unload-truck p0 t0 l0-0)
4.786: (drive-truck t0 l0-0 l0-1 c0)
4.786: (load-airplane p4 a0 l2-0)
4.833: (drive-truck t2 l2-1 l2-0 c2)
4.833: (drive-truck t2 l2-1 l2-0 c2)
4.833: (fly-airplane a0 l1-0 l0-0)
4.833: (drive-truck t1 l1-0 l1-1 c1)
4.833: (drive-truck t0 l0-0 l0-1 c0)
4.833: (drive-truck t0 l0-0 l0-1 c0)
4.833: (drive-truck t1 l1-0 l1-1 c1)
4.833: (fly-airplane a0 l1-0 l0-0)
4.839: (drive-truck t0 l0-0 l0-1 c0)
4.839: (fly-airplane a0 l1-0 l2-0)
4.839: (drive-truck t0 l0-0 l0-1 c0)
4.839: (fly-airplane a0 l1-0 l2-0)
4.839: (drive-truck t2 l2-1 l2-0 c2)
4.839: (drive-truck t2 l2-1 l2-0 c2)
4.839: (drive-truck t1 l1-0 l1-1 c1)
4.839: (drive-truck t1 l1-0 l1-1 c1)
4.870: (drive-truck t2 l2-0 l2-1 c2)
5.079: (load-truck p3 t2 l2-0)
5.079: (load-truck p1 t2 l2-0)
5.082: (drive-truck t2 l2-0 l2-1 c2)
5.083: (load-airplane p3 a0 l2-0)
5.083: (load-airplane p1 a0 l2-0)
5.115: (drive-truck t0 l0-0 l0-1 c0)
5.115: (drive-truck t0 l0-0 l0-1 c0)
5.153: (drive-truck t2 l2-0 l2-1 c2)
5.153: (drive-truck t2 l2-0 l2-1 c2)
5.153: (drive-truck t0 l0-0 l0-1 c0)
5.153: (drive-truck t0 l0-0 l0-1 c0)
5.234: (unload-truck p1 t2 l2-1)
5.234: (unload-truck p3 t2 l2-1)
5.234: (fly-airplane a0 l1-0 l0-0)
5.234: (drive-truck t0 l0-0 l0-1 c0)
5.234: (drive-truck t0 l0-0 l0-1 c0)
5.234: (fly-airplane a0 l1-0 l0-0)
5.236: (drive-truck t0 l0-0 l0-1 c0)
5.236: (drive-truck t0 l0-0 l0-1 c0)
5.236: (fly-airplane a0 l1-0 l2-0)
5.236: (fly-airplane a0 l1-0 l2-0)
5.236: (unload-truck p1 t2 l2-1)
5.236: (unload-truck p3 t2 l2-1)
5.344: (fly-airplane a0 l2-0 l1-0)
5.344: (drive-truck t0 l0-0 l0-1 c0)
5.348: (fly-airplane a0 l2-0 l0-0)
5.348: (drive-truck t0 l0-0 l0-1 c0)
5.396: (fly-airplane a0 l2-0 l0-0)
5.396: (drive-truck t2 l2-0 l2-1 c2)
5.399: (fly-airplane a0 l2-0 l1-0)
5.399: (drive-truck t2 l2-0 l2-1 c2)
5.412: (drive-truck t2 l2-0 l2-1 c2)
5.412: (drive-truck t0 l0-0 l0-1 c0)
5.439: (drive-truck t0 l0-0 l0-1 c0)
5.439: (drive-truck t0 l0-0 l0-1 c0)
5.439: (load-truck p4 t2 l2-0)
5.439: (load-truck p4 t2 l2-0)
5.688: (drive-truck t0 l0-0 l0-1 c0)
5.688: (drive-truck t0 l0-0 l0-1 c0)
5.688: (drive-truck t0 l0-0 l0-1 c0)
5.688: (drive-truck t0 l0-0 l0-1 c0)
5.688: (load-airplane p2 a0 l0-0)
5.688: (load-airplane p0 a0 l0-0)
5.688: (load-airplane p0 a0 l0-0)
5.688: (load-airplane p2 a0 l0-0)
5.758: (load-truck p2 t0 l0-0)
5.771: (load-truck p2 t0 l0-0)
5.783: (load-truck p2 t0 l0-0)
5.796: (drive-truck t1 l1-0 l1-1 c1)
5.823: (drive-truck t2 l2-1 l2-0 c2)
5.823: (drive-truck t2 l2-1 l2-0 c2)
5.823: (drive-truck t2 l2-1 l2-0 c2)
5.823: (drive-truck t2 l2-1 l2-0 c2)
5.823: (load-airplane p2 a0 l0-0)
5.823: (load-airplane p2 a0 l0-0)
5.823: (load-airplane p0 a0 l0-0)
5.823: (load-airplane p0 a0 l0-0)
5.827: (fly-airplane a0 l1-0 l0-0)
5.827: (fly-airplane a0 l1-0 l0-0)
5.827: (load-truck p2 t0 l0-0)
5.838: (load-truck p0 t0 l0-0)
5.838: (load-truck p0 t0 l0-0)
5.838: (load-truck p2 t0 l0-0)
5.838: (load-truck p2 t0 l0-0)
5.838: (drive-truck t2 l2-1 l2-0 c2)
5.838: (drive-truck t2 l2-1 l2-0 c2)
5.838: (drive-truck t2 l2-1 l2-0 c2)
5.838: (drive-truck t2 l2-1 l2-0 c2)
5.843: (drive-truck t2 l2-1 l2-0 c2)
5.843: (drive-truck t2 l2-1 l2-0 c2)
5.843: (drive-truck t2 l2-1 l2-0 c2)
5.843: (drive-truck t2 l2-1 l2-0 c2)
5.843: (load-truck p0 t0 l0-0)
5.843: (load-truck p2 t0 l0-0)
5.843: (load-truck p2 t0 l0-0)
5.843: (load-truck p0 t0 l0-0)
5.845: (fly-airplane a0 l0-0 l2-0)
5.845: (fly-airplane a0 l0-0 l2-0)
5.845: (fly-airplane a0 l0-0 l2-0)
5.845: (fly-airplane a0 l0-0 l2-0)
5.864: (drive-truck t0 l0-0 l0-1 c0)
5.877: (load-truck p3 t2 l2-0)
5.877: (load-truck p1 t2 l2-0)
5.879: (load-truck p2 t0 l0-0)
5.885: (unload-truck p4 t2 l2-0)
5.885: (unload-truck p4 t2 l2-0)
5.886: (unload-truck p4 t2 l2-0)
5.886: (unload-truck p4 t2 l2-0)
5.897: (load-airplane p0 a0 l0-0)
5.897: (load-airplane p2 a0 l0-0)
5.897: (load-airplane p2 a0 l0-0)
5.897: (load-airplane p0 a0 l0-0)
5.913: (drive-truck t1 l1-0 l1-1 c1)
2.867: (unload-airplane p4 a0 l1-0)
2.867: (unload-truck p0 t0 l0-0)
2.872: (load-truck p4 t1 l1-0)
3.077: (load-truck p4 t0 l0-0)
3.863: (fly-airplane a0 l2-0 l1-0)
3.863: (unload-truck p0 t0 l0-0)
3.863: (drive-truck t0 l0-0 l0-1 c0)
3.863: (drive-truck t2 l2-0 l2-1 c2)
3.863: (fly-airplane a0 l2-0 l1-0)
3.868: (fly-airplane a0 l1-0 l2-0)
3.870: (fly-airplane a0 l1-0 l0-0)
3.876: (unload-airplane p4 a0 l1-0)
3.876: (drive-truck t2 l2-0 l2-1 c2)
4.081: (fly-airplane a0 l0-0 l1-0)
4.081: (fly-airplane a0 l0-0 l2-0)
4.083: (unload-airplane p4 a0 l0-0)
4.084: (drive-truck t2 l2-0 l2-1 c2)
4.708: (fly-airplane a0 l2-0 l0-0)
4.708: (drive-truck t0 l0-0 l0-1 c0)
4.710: (drive-truck t2 l2-0 l2-1 c2)
4.710: (drive-truck t0 l0-0 l0-1 c0)
4.710: (load-airplane p4 a0 l2-0)
4.738: (unload-truck p3 t2 l2-0)
4.738: (unload-truck p1 t2 l2-0)
4.786: (unload-truck p0 t0 l0-0)
4.786: (drive-truck t2 l2-0 l2-1 c2)
4.786: (fly-airplane a0 l2-0 l0-0)
4.869: (unload-truck p0 t0 l0-0)
4.869: (unload-truck p0 t0 l0-0)
4.869: (unload-truck p0 t0 l0-0)
4.869: (fly-airplane a0 l2-0 l1-0)
4.869: (load-truck p3 t2 l2-0)
4.869: (load-truck p2 t0 l0-0)
4.869: (load-truck p1 t2 l2-0)
4.869: (fly-airplane a0 l2-0 l1-0)
4.869: (fly-airplane a0 l2-0 l1-0)
4.870: (unload-airplane p4 a0 l1-0)
4.870: (drive-truck t0 l0-0 l0-1 c0)
4.882: (unload-airplane p4 a0 l1-0)
4.882: (unload-airplane p4 a0 l1-0)
4.883: (load-truck p3 t2 l2-0)
4.883: (load-truck p1 t2 l2-0)
4.885: (unload-airplane p4 a0 l1-0)
4.885: (load-truck p2 t0 l0-0)
4.905: (fly-airplane a0 l2-0 l1-0)
4.905: (drive-truck t1 l1-0 l1-1 c1)
4.906: (unload-truck p0 t0 l0-0)
4.937: (unload-airplane p4 a0 l1-0)
4.938: (drive-truck t1 l1-0 l1-1 c1)
5.031: (fly-airplane a0 l2-0 l1-0)
5.031: (fly-airplane a0 l2-0 l1-0)
5.045: (drive-truck t1 l1-0 l1-1 c1)
5.079: (fly-airplane a0 l2-0 l0-0)
5.079: (load-truck p2 t0 l0-0)
5.081: (load-truck p2 t0 l0-0)
5.082: (load-truck p3 t2 l2-0)
5.082: (load-truck p1 t2 l2-0)
5.082: (drive-truck t0 l0-0 l0-1 c0)
5.082: (drive-truck t0 l0-0 l0-1 c0)
5.083: (load-airplane p0 a0 l0-0)
5.083: (load-airplane p2 a0 l0-0)
5.086: (load-airplane p1 a0 l2-0)
5.086: (load-airplane p3 a0 l2-0)
5.086: (drive-truck t0 l0-0 l0-1 c0)
5.086: (drive-truck t0 l0-0 l0-1 c0)
5.103: (load-truck p1 t2 l2-0)
5.103: (load-truck p3 t2 l2-0)
5.104: (load-truck p1 t2 l2-0)
5.104: (load-truck p3 t2 l2-0)
5.108: (load-truck p3 t2 l2-0)
5.108: (load-truck p1 t2 l2-0)
5.118: (drive-truck t0 l0-0 l0-1 c0)
5.144: (load-airplane p2 a0 l0-0)
5.147: (load-airplane p3 a0 l2-0)
5.147: (load-airplane p1 a0 l2-0)
5.147: (drive-truck t2 l2-0 l2-1 c2)
5.147: (drive-truck t2 l2-0 l2-1 c2)
5.287: (unload-airplane p4 a0 l0-0)
5.287: (unload-truck p0 t0 l0-0)
5.423: (fly-airplane a0 l2-0 l1-0)
5.423: (drive-truck t0 l0-0 l0-1 c0)
5.423: (drive-truck t2 l2-0 l2-1 c2)
5.427: (drive-truck t2 l2-0 l2-1 c2)
5.427: (drive-truck t0 l0-0 l0-1 c0)
5.427: (fly-airplane a0 l2-0 l0-0)
5.714: (load-airplane p4 a0 l2-0)
5.714: (load-truck p2 t0 l0-0)
5.714: (fly-airplane a0 l0-0 l2-0)
5.714: (fly-airplane a0 l1-0 l2-0)
5.714: (load-truck p0 t0 l0-0)
5.714: (drive-truck t2 l2-0 l2-1 c2)
5.719: (drive-truck t1 l1-0 l1-1 c1)
5.719: (drive-truck t2 l2-0 l2-1 c2)
5.724: (fly-airplane a0 l0-0 l2-0)
5.724: (fly-airplane a0 l1-0 l2-0)
5.724: (drive-truck t2 l2-1 l2-0 c2)
5.724: (unload-airplane p4 a0 l2-0)
5.783: (load-truck p3 t2 l2-0)
5.783: (load-truck p1 t2 l2-0)
5.783: (fly-airplane a0 l2-0 l0-0)
5.783: (fly-airplane a0 l2-0 l0-0)
5.795: (fly-airplane a0 l2-0 l0-0)
5.796: (drive-truck t1 l1-0 l1-1 c1)
5.798: (drive-truck t0 l0-0 l0-1 c0)
5.798: (drive-truck t1 l1-0 l1-1 c1)
5.833: (fly-airplane a0 l2-0 l1-0)
5.833: (fly-airplane a0 l2-0 l1-0)
5.833: (fly-airplane a0 l2-0 l1-0)
5.833: (fly-airplane a0 l2-0 l1-0)
5.833: (fly-airplane a0 l0-0 l1-0)
5.833: (fly-airplane a0 l0-0 l1-0)
5.833: (fly-airplane a0 l0-0 l1-0)
5.833: (fly-airplane a0 l0-0 l1-0)
5.838: (fly-airplane a0 l2-0 l1-0)
5.838: (drive-truck t2 l2-0 l2-1 c2)
5.839: (load-truck p2 t0 l0-0)
5.839: (load-truck p0 t0 l0-0)
5.841: (fly-airplane a0 l0-0 l2-0)
5.841: (fly-airplane a0 l0-0 l2-0)
5.841: (fly-airplane a0 l0-0 l2-0)
1.867: (unload-truck p0 t0 l0-0)
1.867: (load-truck p4 t1 l1-0)
1.880: (drive-truck t1 l1-0 l1-1 c1)
2.862: (unload-truck p0 t0 l0-0)
2.862: (unload-truck p0 t0 l0-0)
2.862: (fly-airplane a0 l1-0 l0-0)
2.862: (fly-airplane a0 l1-0 l2-0)
2.869: (load-truck p4 t1 l1-0)
2.869: (fly-airplane a0 l1-0 l2-0)
2.869: (unload-truck p0 t0 l0-0)
2.869: (drive-truck t2 l2-0 l2-1 c2)
2.869: (drive-truck t0 l0-0 l0-1 c0)
2.869: (unload-airplane p4 a0 l1-0)
2.869: (unload-airplane p4 a0 l1-0)
2.871: (load-truck p4 t1 l1-0)
2.871: (fly-airplane a0 l1-0 l0-0)
2.873: (drive-truck t2 l2-0 l2-1 c2)
2.873: (load-truck p4 t1 l1-0)
3.075: (fly-airplane a0 l0-0 l1-0)
3.075: (load-truck p4 t0 l0-0)
3.075: (fly-airplane a0 l0-0 l2-0)
3.075: (load-truck p4 t0 l0-0)
3.078: (load-truck p4 t0 l0-0)
3.078: (drive-truck t2 l2-0 l2-1 c2)
3.864: (fly-airplane a0 l2-0 l1-0)
3.864: (drive-truck t0 l0-0 l0-1 c0)
3.864: (drive-truck t2 l2-0 l2-1 c2)
3.867: (drive-truck t0 l0-0 l0-1 c0)
3.867: (load-truck p4 t1 l1-0)
3.871: (drive-truck t2 l2-0 l2-1 c2)
3.871: (fly-airplane a0 l1-0 l2-0)
3.871: (fly-airplane a0 l1-0 l0-0)
3.871: (drive-truck t2 l2-0 l2-1 c2)
3.875: (unload-truck p0 t0 l0-0)
3.875: (load-truck p1 t2 l2-0)
3.875: (load-truck p2 t0 l0-0)
3.875: (load-truck p3 t2 l2-0)
3.875: (unload-truck p0 t0 l0-0)
3.875: (unload-truck p0 t0 l0-0)
3.875: (unload-airplane p4 a0 l1-0)
3.875: (unload-airplane p4 a0 l1-0)
3.875: (unload-airplane p4 a0 l1-0)
3.879: (load-truck p1 t2 l2-0)
3.879: (load-truck p3 t2 l2-0)
3.879: (load-truck p4 t1 l1-0)
3.879: (load-truck p4 t1 l1-0)
3.882: (load-truck p2 t0 l0-0)
3.882: (load-truck p4 t1 l1-0)
3.938: (drive-truck t1 l1-0 l1-1 c1)
3.938: (unload-truck p0 t0 l0-0)
3.938: (unload-airplane p4 a0 l1-0)
3.962: (drive-truck t0 l0-0 l0-1 c0)
4.007: (drive-truck t1 l1-0 l1-1 c1)
4.007: (load-truck p4 t0 l0-0)
4.032: (unload-airplane p4 a0 l1-0)
4.032: (unload-airplane p4 a0 l1-0)
4.079: (unload-truck p0 t0 l0-0)
4.079: (unload-airplane p4 a0 l0-0)
4.080: (load-truck p2 t0 l0-0)
4.086: (drive-truck t2 l2-0 l2-1 c2)
4.086: (fly-airplane a0 l0-0 l1-0)
4.087: (load-truck p4 t0 l0-0)
4.087: (load-truck p4 t0 l0-0)
4.087: (load-truck p1 t2 l2-0)
4.087: (load-truck p3 t2 l2-0)
4.089: (fly-airplane a0 l0-0 l2-0)
4.089: (drive-truck t2 l2-0 l2-1 c2)
4.095: (load-truck p4 t0 l0-0)
4.095: (load-truck p2 t0 l0-0)
4.102: (load-truck p4 t0 l0-0)
4.102: (load-airplane p2 a0 l0-0)
4.162: (unload-airplane p4 a0 l0-0)
4.162: (unload-airplane p4 a0 l0-0)
4.162: (unload-truck p0 t0 l0-0)
4.162: (load-airplane p0 a0 l0-0)
4.162: (load-airplane p2 a0 l0-0)
4.710: (fly-airplane a0 l2-0 l0-0)
4.710: (drive-truck t2 l2-0 l2-1 c2)
4.710: (drive-truck t0 l0-0 l0-1 c0)
4.734: (fly-airplane a0 l0-0 l1-0)
4.737: (drive-truck t2 l2-0 l2-1 c2)
4.737: (drive-truck t2 l2-0 l2-1 c2)
4.863: (fly-airplane a0 l1-0 l2-0)
4.863: (drive-truck t0 l0-0 l0-1 c0)
4.863: (load-airplane p3 a0 l2-0)
4.863: (load-airplane p1 a0 l2-0)
4.864: (drive-truck t0 l0-0 l0-1 c0)
4.864: (fly-airplane a0 l1-0 l0-0)
4.870: (fly-airplane a0 l2-0 l1-0)
4.870: (fly-airplane a0 l2-0 l1-0)
4.870: (fly-airplane a0 l2-0 l1-0)
4.870: (drive-truck t0 l0-0 l0-1 c0)
4.870: (drive-truck t2 l2-0 l2-1 c2)
4.870: (drive-truck t0 l0-0 l0-1 c0)
4.870: (load-truck p2 t0 l0-0)
4.870: (load-truck p1 t2 l2-0)
4.870: (load-truck p3 t2 l2-0)
4.871: (drive-truck t2 l2-0 l2-1 c2)
4.871: (drive-truck t0 l0-0 l0-1 c0)
4.878: (load-truck p1 t2 l2-0)
4.878: (load-truck p1 t2 l2-0)
4.878: (fly-airplane a0 l1-0 l0-0)
4.878: (load-truck p3 t2 l2-0)
4.878: (load-truck p3 t2 l2-0)
4.878: (fly-airplane a0 l1-0 l2-0)
4.878: (fly-airplane a0 l1-0 l2-0)
4.878: (fly-airplane a0 l1-0 l0-0)
4.878: (load-truck p2 t0 l0-0)
4.878: (fly-airplane a0 l1-0 l2-0)
4.878: (load-airplane p2 a0 l0-0)
4.882: (load-truck p2 t0 l0-0)
4.882: (fly-airplane a0 l1-0 l0-0)
4.886: (load-truck p2 t0 l0-0)
4.886: (drive-truck t2 l2-0 l2-1 c2)
4.906: (drive-truck t1 l1-0 l1-1 c1)
4.906: (drive-truck t1 l1-0 l1-1 c1)
4.906: (fly-airplane a0 l2-0 l1-0)
4.906: (fly-airplane a0 l2-0 l1-0)
4.906: (drive-truck t0 l0-0 l0-1 c0)
4.906: (drive-truck t2 l2-0 l2-1 c2)
0.874: (unload-truck p0 t0 l0-0)
0.874: (drive-truck t1 l1-0 l1-1 c1)
0.886: (unload-truck p4 t1 l1-1)
1.869: (unload-truck p0 t0 l0-0)
1.869: (load-truck p4 t1 l1-0)
1.869: (unload-truck p0 t0 l0-0)
1.869: (load-truck p4 t1 l1-0)
1.869: (fly-airplane a0 l1-0 l2-0)
1.869: (fly-airplane a0 l1-0 l0-0)
1.870: (load-truck p4 t1 l1-0)
1.870: (load-truck p4 t1 l1-0)
1.870: (unload-truck p0 t0 l0-0)
1.870: (drive-truck t2 l2-0 l2-1 c2)
1.870: (drive-truck t0 l0-0 l0-1 c0)
1.881: (drive-truck t2 l2-0 l2-1 c2)
1.881: (drive-truck t1 l1-0 l1-1 c1)
1.883: (fly-airplane a0 l1-0 l2-0)
1.883: (drive-truck t1 l1-0 l1-1 c1)
1.885: (fly-airplane a0 l1-0 l0-0)
1.885: (drive-truck t1 l1-0 l1-1 c1)
2.864: (fly-airplane a0 l1-0 l2-0)
2.864: (fly-airplane a0 l1-0 l0-0)
2.864: (drive-truck t0 l0-0 l0-1 c0)
2.864: (drive-truck t2 l2-0 l2-1 c2)
2.864: (unload-truck p0 t0 l0-0)
2.866: (fly-airplane a0 l1-0 l2-0)
2.866: (fly-airplane a0 l1-0 l0-0)
2.866: (drive-truck t2 l2-0 l2-1 c2)
2.866: (drive-truck t0 l0-0 l0-1 c0)
2.866: (unload-truck p0 t0 l0-0)
2.870: (unload-airplane p4 a0 l1-0)
2.870: (drive-truck t2 l2-0 l2-1 c2)
2.870: (drive-truck t0 l0-0 l0-1 c0)
2.872: (load-truck p1 t2 l2-0)
2.872: (load-truck p3 t2 l2-0)
2.872: (load-truck p2 t0 l0-0)
2.872: (unload-truck p0 t0 l0-0)
2.872: (unload-truck p0 t0 l0-0)
2.872: (load-truck p4 t1 l1-0)
2.872: (load-truck p4 t1 l1-0)
2.872: (unload-truck p0 t0 l0-0)
2.872: (load-truck p4 t1 l1-0)
2.873: (drive-truck t2 l2-0 l2-1 c2)
2.873: (fly-airplane a0 l1-0 l2-0)
2.873: (load-truck p4 t1 l1-0)
2.874: (fly-airplane a0 l1-0 l0-0)
2.874: (load-truck p4 t1 l1-0)
2.874: (drive-truck t2 l2-0 l2-1 c2)
2.875: (drive-truck t0 l0-0 l0-1 c0)
2.875: (drive-truck t1 l1-0 l1-1 c1)
2.887: (drive-truck t1 l1-0 l1-1 c1)
2.887: (drive-truck t1 l1-0 l1-1 c1)
2.887: (load-truck p3 t2 l2-0)
2.887: (load-truck p1 t2 l2-0)
2.889: (load-truck p2 t0 l0-0)
2.889: (drive-truck t1 l1-0 l1-1 c1)
3.006: (load-truck p4 t1 l1-0)
3.006: (load-truck p4 t1 l1-0)
3.076: (load-truck p4 t0 l0-0)
3.076: (drive-truck t2 l2-0 l2-1 c2)
3.076: (fly-airplane a0 l0-0 l1-0)
3.077: (unload-truck p0 t0 l0-0)
3.077: (load-truck p4 t0 l0-0)
3.078: (load-truck p4 t0 l0-0)
3.078: (fly-airplane a0 l0-0 l2-0)
3.078: (drive-truck t2 l2-0 l2-1 c2)
3.113: (unload-truck p0 t0 l0-0)
3.113: (load-truck p4 t0 l0-0)
3.113: (load-truck p4 t0 l0-0)
3.855: (unload-truck p0 t0 l0-0)
3.856: (unload-truck p0 t0 l0-0)
3.856: (load-airplane p3 a0 l2-0)
3.856: (load-airplane p1 a0 l2-0)
3.856: (load-airplane p2 a0 l0-0)
3.856: (load-airplane p0 a0 l0-0)
3.856: (fly-airplane a0 l1-0 l2-0)
3.856: (fly-airplane a0 l1-0 l2-0)
3.856: (unload-truck p0 t0 l0-0)
3.860: (load-truck p4 t1 l1-0)
3.860: (drive-truck t0 l0-0 l0-1 c0)
3.860: (fly-airplane a0 l1-0 l2-0)
3.860: (load-truck p4 t1 l1-0)
3.861: (load-truck p4 t1 l1-0)
3.861: (load-airplane p3 a0 l2-0)
3.861: (load-airplane p1 a0 l2-0)
3.861: (load-truck p4 t1 l1-0)
3.861: (drive-truck t0 l0-0 l0-1 c0)
3.861: (fly-airplane a0 l1-0 l0-0)
3.867: (load-truck p4 t1 l1-0)
3.868: (drive-truck t0 l0-0 l0-1 c0)
3.868: (drive-truck t2 l2-0 l2-1 c2)
3.868: (unload-truck p0 t0 l0-0)
3.868: (unload-truck p0 t0 l0-0)
3.868: (unload-truck p0 t0 l0-0)
3.868: (fly-airplane a0 l1-0 l0-0)
3.868: (fly-airplane a0 l1-0 l0-0)
3.868: (load-truck p2 t0 l0-0)
3.868: (load-truck p3 t2 l2-0)
3.868: (load-truck p1 t2 l2-0)
3.868: (fly-airplane a0 l1-0 l2-0)
3.870: (unload-truck p0 t0 l0-0)
3.870: (unload-truck p0 t0 l0-0)
3.870: (fly-airplane a0 l1-0 l0-0)
3.870: (load-truck p3 t2 l2-0)
3.870: (load-truck p1 t2 l2-0)
3.870: (load-truck p2 t0 l0-0)
3.870: (unload-truck p0 t0 l0-0)
3.870: (fly-airplane a0 l1-0 l2-0)
3.870: (fly-airplane a0 l1-0 l2-0)
3.874: (fly-airplane a0 l1-0 l0-0)
3.874: (fly-airplane a0 l1-0 l2-0)
3.874: (load-truck p4 t1 l1-0)
3.874: (load-truck p4 t1 l1-0)
3.874: (load-truck p1 t2 l2-0)
3.874: (fly-airplane a0 l1-0 l0-0)
3.874: (load-truck p3 t2 l2-0)
3.874: (fly-airplane a0 l1-0 l2-0)
3.874: (load-truck p4 t1 l1-0)
3.874: (load-truck p3 t2 l2-0)
3.874: (load-truck p1 t2 l2-0)
-0.119: (unload-truck p4 t1 l1-1)
[Final] Expanded: 3406, Generated: 47433
Found a solution of length 53!
   1: (fly-airplane a0 l0-0 l1-0)
   2: (load-airplane p1 a0 l1-0)
   3: (drive-truck t1 l1-1 l1-0 c1)
   4: (load-truck p2 t0 l0-1)
   5: (drive-truck t0 l0-1 l0-0 c0)
   6: (load-truck p4 t2 l2-0)
   7: (unload-truck p2 t0 l0-0)
   8: (load-airplane p3 a0 l1-0)
   9: (fly-airplane a0 l1-0 l2-0)
  10: (unload-airplane p3 a0 l2-0)
  11: (load-truck p3 t2 l2-0)
  12: (unload-airplane p1 a0 l2-0)
  13: (fly-airplane a0 l2-0 l0-0)
  14: (load-airplane p2 a0 l0-0)
  15: (fly-airplane a0 l0-0 l1-0)
  16: (drive-truck t0 l0-0 l0-1 c0)
  17: (unload-airplane p2 a0 l1-0)
  18: (load-truck p2 t1 l1-0)
  19: (drive-truck t1 l1-0 l1-1 c1)
  20: (drive-truck t0 l0-1 l0-0 c0)
  21: (fly-airplane a0 l1-0 l2-0)
  22: (load-airplane p1 a0 l2-0)
  23: (unload-truck p3 t2 l2-0)
  24: (fly-airplane a0 l2-0 l0-0)
  25: (unload-airplane p1 a0 l0-0)
  26: (load-truck p1 t0 l0-0)
  27: (drive-truck t1 l1-1 l1-0 c1)
  28: (unload-truck p2 t1 l1-0)
  29: (fly-airplane a0 l0-0 l1-0)
  30: (load-truck p0 t0 l0-0)
  31: (load-airplane p2 a0 l1-0)
  32: (fly-airplane a0 l1-0 l0-0)
  33: (unload-airplane p2 a0 l0-0)
  34: (fly-airplane a0 l0-0 l1-0)
  35: (drive-truck t2 l2-0 l2-1 c2)
  36: (unload-truck p1 t0 l0-0)
  37: (drive-truck t2 l2-1 l2-0 c2)
  38: (load-truck p3 t2 l2-0)
  39: (fly-airplane a0 l1-0 l0-0)
  40: (load-airplane p1 a0 l0-0)
  41: (unload-truck p0 t0 l0-0)
  42: (unload-truck p4 t2 l2-0)
  43: (unload-truck p3 t2 l2-0)
  44: (load-truck p0 t0 l0-0)
  45: (fly-airplane a0 l0-0 l2-0)
  46: (unload-airplane p1 a0 l2-0)
  47: (load-airplane p4 a0 l2-0)
  48: (fly-airplane a0 l2-0 l1-0)
  49: (unload-airplane p4 a0 l1-0)
  50: (load-truck p4 t1 l1-0)
  51: (drive-truck t1 l1-0 l1-1 c1)
  52: (unload-truck p0 t0 l0-0)
  53: (unload-truck p4 t1 l1-1)
